# 261001_12:07:25.354436
t	CH1	CH2
0.000000e+00	-3.703856e-03	5.872884e-01
1.000000e-08	-3.986208e-03	3.445356e-01
2.000000e-08	-5.128125e-03	-1.115401e-02
3.000000e-08	3.227525e-03	-2.333142e-01
4.000000e-08	7.322508e-04	-4.759709e-01
5.000000e-08	-2.536063e-03	-8.116303e-01
6.000000e-08	-5.384179e-03	-1.031862e+00
7.000000e-08	-3.590271e-03	-1.358654e+00
8.000000e-08	-3.806875e-03	-1.621287e+00
9.000000e-08	4.162054e-03	-1.861367e+00
1.000000e-07	3.162524e-02	-2.053843e+00
1.100000e-07	9.021446e-02	-2.378180e+00
1.200000e-07	-7.383011e-02	-2.716624e+00
1.300000e-07	-3.834825e-02	-3.135549e+00
1.400000e-07	-5.054220e-02	-3.388679e+00
1.500000e-07	-5.929317e-03	-3.601232e+00
1.600000e-07	-7.988288e-02	-3.915499e+00
1.700000e-07	8.770482e-02	-4.073344e+00
1.800000e-07	1.110740e-02	-4.284997e+00
1.900000e-07	-7.282973e-02	-4.648788e+00
2.000000e-07	1.757083e-01	-4.791265e+00
2.100000e-07	-1.777241e-01	-5.167179e+00
2.200000e-07	7.273104e-02	-5.493892e+00
2.300000e-07	-6.746808e-02	-5.744000e+00
2.400000e-07	-2.678253e-02	-6.008734e+00
2.500000e-07	9.273040e-02	-6.229281e+00
2.600000e-07	-1.233643e-01	-6.545600e+00
2.700000e-07	1.162935e-01	-6.798158e+00
2.800000e-07	-6.717832e-02	-7.090499e+00
2.900000e-07	-1.258713e-02	-7.376154e+00
3.000000e-07	-7.286923e-05	-7.586779e+00
3.100000e-07	-6.827100e-02	-7.902101e+00
3.200000e-07	9.243696e-02	-8.143651e+00
3.300000e-07	-1.023134e-01	-8.386779e+00
3.400000e-07	6.220879e-02	-8.614862e+00
3.500000e-07	-4.963392e-02	-8.880918e+00
3.600000e-07	-9.454302e-03	-9.101473e+00
3.700000e-07	7.500753e-03	-9.313554e+00
3.800000e-07	-6.158145e-02	-9.566208e+00
3.900000e-07	5.077987e-02	-9.804184e+00
4.000000e-07	-6.623905e-02	-9.995789e+00
4.100000e-07	4.544588e-02	-1.020689e+01
4.200000e-07	-7.386139e-02	-1.044787e+01
4.300000e-07	1.943644e-02	-1.067842e+01
4.400000e-07	-3.788582e-02	-1.082782e+01
4.500000e-07	-3.500485e-03	-1.107699e+01
4.600000e-07	-1.731622e-02	-1.122939e+01
4.700000e-07	-2.373667e-02	-1.146947e+01
4.800000e-07	2.483759e-03	-1.169997e+01
4.900000e-07	-3.619155e-02	-1.187045e+01
5.000000e-07	-3.318005e-03	-1.205897e+01
5.100000e-07	-4.619611e-02	-1.225889e+01
5.200000e-07	5.837014e-03	-1.244884e+01
5.300000e-07	-3.857049e-02	-1.260579e+01
5.400000e-07	-6.561029e-03	-1.276516e+01
5.500000e-07	-4.065513e-02	-1.291355e+01
5.600000e-07	-7.472562e-03	-1.307947e+01
5.700000e-07	-2.637554e-02	-1.323624e+01
5.800000e-07	-2.261740e-02	-1.336261e+01
5.900000e-07	-2.744046e-02	-1.350953e+01
6.000000e-07	-2.876532e-02	-1.362834e+01
6.100000e-07	-2.062972e-02	-1.379424e+01
6.200000e-07	-3.595032e-02	-1.393111e+01
6.300000e-07	-2.511138e-02	-1.405694e+01
6.400000e-07	-3.233971e-02	-1.418421e+01
6.500000e-07	-1.880573e-02	-1.433742e+01
6.600000e-07	-3.429177e-02	-1.442436e+01
6.700000e-07	-2.840789e-02	-1.454154e+01
6.800000e-07	-3.699323e-02	-1.458571e+01
6.900000e-07	-2.939090e-02	-1.470935e+01
7.000000e-07	-3.736082e-02	-1.480206e+01
7.100000e-07	-3.429548e-02	-1.484847e+01
7.200000e-07	-3.646712e-02	-1.493203e+01
7.300000e-07	-3.202673e-02	-1.501229e+01
7.400000e-07	-3.788349e-02	-1.505692e+01
7.500000e-07	-3.939445e-02	-1.512847e+01
7.600000e-07	-4.111494e-02	-1.520320e+01
7.700000e-07	-3.966853e-02	-1.524429e+01
7.800000e-07	-4.067930e-02	-1.524739e+01
7.900000e-07	-4.598483e-02	-1.531993e+01
8.000000e-07	-4.235287e-02	-1.534102e+01
8.100000e-07	-4.556061e-02	-1.533361e+01
8.200000e-07	-4.450542e-02	-1.537314e+01
8.300000e-07	-5.103821e-02	-1.537271e+01
8.400000e-07	-5.065657e-02	-1.541471e+01
8.500000e-07	-5.259600e-02	-1.538369e+01
8.600000e-07	-5.493471e-02	-1.539424e+01
8.700000e-07	-5.929156e-02	-1.540606e+01
8.800000e-07	-6.303220e-02	-1.538271e+01
8.900000e-07	-6.498760e-02	-1.540155e+01
9.000000e-07	-7.174750e-02	-1.532153e+01
9.100000e-07	-7.894123e-02	-1.530942e+01
9.200000e-07	-8.795362e-02	-1.526639e+01
9.300000e-07	-9.712764e-02	-1.525421e+01
9.400000e-07	-1.105087e-01	-1.518308e+01
9.500000e-07	-1.292929e-01	-1.513250e+01
9.600000e-07	-1.507407e-01	-1.508734e+01
9.700000e-07	-1.736054e-01	-1.502329e+01
9.800000e-07	-1.954906e-01	-1.494052e+01
9.900000e-07	-2.143992e-01	-1.487734e+01
1.000000e-06	-2.219171e-01	-1.479364e+01
1.010000e-06	-2.152504e-01	-1.473039e+01
1.020000e-06	-1.987175e-01	-1.462614e+01
1.030000e-06	-1.773368e-01	-1.454045e+01
1.040000e-06	-1.557451e-01	-1.444526e+01
1.050000e-06	-1.341811e-01	-1.434897e+01
1.060000e-06	-1.147833e-01	-1.418271e+01
1.070000e-06	-1.015361e-01	-1.412585e+01
1.080000e-06	-8.725646e-02	-1.395250e+01
1.090000e-06	-7.601578e-02	-1.383458e+01
1.100000e-06	-6.652870e-02	-1.369982e+01
1.110000e-06	-6.024199e-02	-1.356057e+01
1.120000e-06	-5.427374e-02	-1.340503e+01
1.130000e-06	-4.710699e-02	-1.327832e+01
1.140000e-06	-4.290757e-02	-1.309035e+01
1.150000e-06	-3.860217e-02	-1.296503e+01
1.160000e-06	-3.716848e-02	-1.281613e+01
1.170000e-06	-3.318949e-02	-1.268877e+01
1.180000e-06	-3.089206e-02	-1.255082e+01
1.190000e-06	-2.936092e-02	-1.234092e+01
1.200000e-06	-2.791337e-02	-1.215285e+01
1.210000e-06	-2.680402e-02	-1.196044e+01
1.220000e-06	-2.404631e-02	-1.178290e+01
1.230000e-06	-2.389870e-02	-1.155150e+01
1.240000e-06	-2.203509e-02	-1.130137e+01
1.250000e-06	-2.177963e-02	-1.111045e+01
1.260000e-06	-2.059919e-02	-1.093124e+01
1.270000e-06	-1.978648e-02	-1.072390e+01
1.280000e-06	-1.948957e-02	-1.053182e+01
1.290000e-06	-1.772534e-02	-1.032134e+01
1.300000e-06	-1.870792e-02	-1.008972e+01
1.310000e-06	-1.756370e-02	-9.889637e+00
1.320000e-06	-1.726391e-02	-9.659636e+00
1.330000e-06	-1.638242e-02	-9.477111e+00
1.340000e-06	-1.575437e-02	-9.246005e+00
1.350000e-06	-1.519279e-02	-9.005448e+00
1.360000e-06	-1.513217e-02	-8.793772e+00
1.370000e-06	-1.448197e-02	-8.501243e+00
1.380000e-06	-1.347713e-02	-8.268662e+00
1.390000e-06	-1.359644e-02	-8.048603e+00
1.400000e-06	-1.329010e-02	-7.774275e+00
1.410000e-06	-1.251308e-02	-7.501136e+00
1.420000e-06	-1.197314e-02	-7.219427e+00
1.430000e-06	-1.225971e-02	-6.995971e+00
1.440000e-06	-1.256413e-02	-6.742738e+00
1.450000e-06	-1.110916e-02	-6.481737e+00
1.460000e-06	-1.022228e-02	-6.257498e+00
1.470000e-06	-9.779994e-03	-5.964766e+00
1.480000e-06	-1.159961e-02	-5.712032e+00
1.490000e-06	-8.981679e-03	-5.444894e+00
1.500000e-06	-9.783768e-03	-5.133186e+00
1.510000e-06	-8.620402e-03	-4.745272e+00
1.520000e-06	-9.849939e-03	-4.483662e+00
1.530000e-06	-7.966491e-03	-4.311533e+00
1.540000e-06	-7.764199e-03	-4.038449e+00
1.550000e-06	-7.758227e-03	-3.734691e+00
1.560000e-06	-8.906458e-03	-3.458554e+00
1.570000e-06	-7.978224e-03	-3.207399e+00
1.580000e-06	-6.422612e-03	-2.874033e+00
1.590000e-06	-6.104281e-03	-2.618927e+00
1.600000e-06	-7.238634e-03	-2.355715e+00
1.610000e-06	-5.284766e-03	-2.030449e+00
1.620000e-06	-4.681955e-03	-1.735815e+00
1.630000e-06	-5.149542e-03	-1.522627e+00
1.640000e-06	-7.002979e-03	-1.105765e+00
1.650000e-06	-6.417008e-03	-8.635555e-01
1.660000e-06	-3.970779e-03	-5.546924e-01
1.670000e-06	-3.542929e-03	-3.241082e-01
1.680000e-06	6.286384e-04	-3.099507e-02
1.690000e-06	9.161966e-03	2.648144e-01
1.700000e-06	-3.230412e-06	5.074197e-01
1.710000e-06	3.735739e-03	7.611762e-01
1.720000e-06	-3.406972e-03	1.104840e+00
1.730000e-06	1.299847e-03	1.346475e+00
1.740000e-06	-2.245272e-03	1.683337e+00
1.750000e-06	9.731547e-03	1.926366e+00
1.760000e-06	2.187838e-02	2.146072e+00
1.770000e-06	8.346201e-02	2.419684e+00
1.780000e-06	-1.617872e-02	2.790176e+00
1.790000e-06	-5.253234e-02	3.094364e+00
1.800000e-06	-4.114176e-02	3.335625e+00
1.810000e-06	2.088719e-03	3.591658e+00
1.820000e-06	-1.824119e-02	3.871333e+00
1.830000e-06	-5.401761e-02	4.001813e+00
1.840000e-06	6.400875e-02	4.324420e+00
1.850000e-06	3.398186e-02	4.620830e+00
1.860000e-06	-4.504323e-03	4.860840e+00
1.870000e-06	8.351311e-02	5.188154e+00
1.880000e-06	-1.060367e-01	5.473414e+00
1.890000e-06	4.769748e-02	5.744021e+00
1.900000e-06	1.019849e-02	6.029732e+00
1.910000e-06	-5.954796e-03	6.251363e+00
1.920000e-06	1.228425e-02	6.536625e+00
1.930000e-06	-4.053968e-02	6.850209e+00
1.940000e-06	9.113203e-02	7.070469e+00
1.950000e-06	-3.349636e-02	7.325128e+00
1.960000e-06	-4.406933e-03	7.609338e+00
1.970000e-06	-2.217730e-02	7.872949e+00
1.980000e-06	5.170061e-02	8.186156e+00
1.990000e-06	3.413144e-02	8.396632e+00
2.000000e-06	-4.765377e-02	8.605307e+00
2.010000e-06	2.610079e-02	8.858309e+00
2.020000e-06	2.145078e-03	9.088915e+00
2.030000e-06	3.072235e-02	9.322470e+00
2.040000e-06	-1.457043e-02	9.510951e+00
2.050000e-06	4.772880e-03	9.773199e+00
2.060000e-06	2.755486e-02	9.997208e+00
2.070000e-06	2.394990e-02	1.018568e+01
2.080000e-06	7.962314e-03	1.041679e+01
2.090000e-06	-2.135293e-02	1.065781e+01
2.100000e-06	2.751326e-02	1.082736e+01
2.110000e-06	1.857809e-02	1.103676e+01
2.120000e-06	1.683258e-02	1.120826e+01
2.130000e-06	-5.904165e-03	1.147629e+01
2.140000e-06	2.534920e-02	1.167941e+01
2.150000e-06	2.439859e-02	1.186837e+01
2.160000e-06	1.550930e-02	1.202734e+01
2.170000e-06	-1.137683e-03	1.224434e+01
2.180000e-06	1.430063e-02	1.239416e+01
2.190000e-06	3.116893e-02	1.257315e+01
2.200000e-06	1.715262e-02	1.271195e+01
2.210000e-06	9.811135e-03	1.288847e+01
2.220000e-06	1.229841e-02	1.302636e+01
2.230000e-06	3.574757e-02	1.319121e+01
2.240000e-06	1.966863e-02	1.336107e+01
2.250000e-06	1.347982e-02	1.344682e+01
2.260000e-06	1.362876e-02	1.361579e+01
2.270000e-06	3.210292e-02	1.375167e+01
2.280000e-06	2.524770e-02	1.391747e+01
2.290000e-06	1.463697e-02	1.404233e+01
2.300000e-06	1.939394e-02	1.419163e+01
2.310000e-06	3.103251e-02	1.428892e+01
2.320000e-06	3.167210e-02	1.442175e+01
2.330000e-06	1.974207e-02	1.454589e+01
2.340000e-06	2.362798e-02	1.459416e+01
2.350000e-06	2.992005e-02	1.466736e+01
2.360000e-06	3.480899e-02	1.474203e+01
2.370000e-06	2.373872e-02	1.477421e+01
2.380000e-06	2.491665e-02	1.486844e+01
2.390000e-06	3.408261e-02	1.496098e+01
2.400000e-06	3.658403e-02	1.499516e+01
2.410000e-06	3.026804e-02	1.507732e+01
2.420000e-06	2.760891e-02	1.512849e+01
2.430000e-06	3.705130e-02	1.516303e+01
2.440000e-06	3.904387e-02	1.521371e+01
2.450000e-06	3.736280e-02	1.526779e+01
2.460000e-06	3.199658e-02	1.528689e+01
2.470000e-06	4.226455e-02	1.529844e+01
2.480000e-06	4.548954e-02	1.531847e+01
2.490000e-06	4.243629e-02	1.535945e+01
2.500000e-06	4.030963e-02	1.532052e+01
2.510000e-06	4.625534e-02	1.535052e+01
2.520000e-06	5.454523e-02	1.537095e+01
2.530000e-06	5.253195e-02	1.535900e+01
2.540000e-06	5.472865e-02	1.531945e+01
2.550000e-06	6.060016e-02	1.525644e+01
2.560000e-06	7.244306e-02	1.525539e+01
2.570000e-06	7.422087e-02	1.525418e+01
2.580000e-06	8.110800e-02	1.520363e+01
2.590000e-06	9.500699e-02	1.515200e+01
2.600000e-06	1.135526e-01	1.513797e+01
2.610000e-06	1.314370e-01	1.504676e+01
2.620000e-06	1.488129e-01	1.499208e+01
2.630000e-06	1.753958e-01	1.492982e+01
2.640000e-06	1.994747e-01	1.488571e+01
2.650000e-06	2.141957e-01	1.476208e+01
2.660000e-06	2.135923e-01	1.470885e+01
2.670000e-06	2.026740e-01	1.464466e+01
2.680000e-06	1.859199e-01	1.453097e+01
2.690000e-06	1.619976e-01	1.446329e+01
2.700000e-06	1.388863e-01	1.432095e+01
2.710000e-06	1.168405e-01	1.421621e+01
2.720000e-06	1.036566e-01	1.411834e+01
2.730000e-06	8.808994e-02	1.397498e+01
2.740000e-06	7.582701e-02	1.388768e+01
2.750000e-06	6.251081e-02	1.369984e+01
2.760000e-06	5.714548e-02	1.359403e+01
2.770000e-06	4.994770e-02	1.343561e+01
2.780000e-06	4.235669e-02	1.330734e+01
2.790000e-06	3.658002e-02	1.319189e+01
2.800000e-06	3.456437e-02	1.303355e+01
2.810000e-06	3.145615e-02	1.283668e+01
2.820000e-06	2.688687e-02	1.270977e+01
2.830000e-06	2.355618e-02	1.255237e+01
2.840000e-06	2.328610e-02	1.237241e+01
2.850000e-06	2.146248e-02	1.221255e+01
2.860000e-06	1.855692e-02	1.206667e+01
2.870000e-06	1.690629e-02	1.181506e+01
2.880000e-06	1.661545e-02	1.164505e+01
2.890000e-06	1.595516e-02	1.144703e+01
2.900000e-06	1.305535e-02	1.119349e+01
2.910000e-06	1.277483e-02	1.103600e+01
2.920000e-06	1.202091e-02	1.088510e+01
2.930000e-06	1.290191e-02	1.064558e+01
2.940000e-06	1.085694e-02	1.044700e+01
2.950000e-06	8.866880e-03	1.020653e+01
2.960000e-06	7.784478e-03	9.995396e+00
2.970000e-06	9.727503e-03	9.781319e+00
2.980000e-06	8.243042e-03	9.519716e+00
2.990000e-06	7.281310e-03	9.311187e+00
3.000000e-06	5.760911e-03	9.069757e+00
3.010000e-06	6.615299e-03	8.838077e+00
3.020000e-06	6.630648e-03	8.614999e+00
3.030000e-06	4.749582e-03	8.384872e+00
3.040000e-06	3.538820e-03	8.164714e+00
3.050000e-06	4.620650e-03	7.939160e+00
3.060000e-06	4.125171e-03	7.628083e+00
3.070000e-06	3.355019e-03	7.365818e+00
3.080000e-06	1.918006e-03	7.111681e+00
3.090000e-06	3.316227e-03	6.880560e+00
3.100000e-06	1.905949e-03	6.615300e+00
3.110000e-06	1.135645e-03	6.302188e+00
3.120000e-06	1.188694e-03	6.081633e+00
3.130000e-06	1.874371e-03	5.876475e+00
3.140000e-06	2.660147e-04	5.564245e+00
3.150000e-06	-1.002527e-03	5.269529e+00
3.160000e-06	-6.308188e-04	4.933616e+00
3.170000e-06	1.211503e-03	4.658527e+00
3.180000e-06	-4.169299e-04	4.407819e+00
3.190000e-06	-1.555100e-03	4.132586e+00
3.200000e-06	-1.009373e-03	3.837946e+00
3.210000e-06	-8.730956e-04	3.587364e+00
3.220000e-06	-1.892332e-03	3.269484e+00
3.230000e-06	-4.044160e-03	2.998796e+00
3.240000e-06	-3.924551e-03	2.775186e+00
3.250000e-06	-2.465664e-03	2.420449e+00
3.260000e-06	-2.603157e-03	2.166710e+00
3.270000e-06	-4.841255e-03	1.873105e+00
3.280000e-06	-4.324097e-03	1.618341e+00
3.290000e-06	-3.293424e-03	1.303109e+00
3.300000e-06	-3.603563e-03	9.862133e-01
3.310000e-06	-5.964817e-03	6.721042e-01
3.320000e-06	-4.982534e-03	4.093961e-01
3.330000e-06	-2.023274e-03	1.136306e-01
3.340000e-06	-5.957485e-04	-1.586737e-01
3.350000e-06	5.362085e-03	-4.221576e-01
3.360000e-06	-7.119101e-03	-7.259446e-01
3.370000e-06	7.402595e-04	-9.694984e-01
3.380000e-06	-6.428348e-03	-1.200286e+00
3.390000e-06	-2.388588e-03	-1.529049e+00
3.400000e-06	-5.442095e-03	-1.747576e+00
3.410000e-06	1.712670e-02	-1.978629e+00
3.420000e-06	8.497679e-02	-2.282889e+00
3.430000e-06	-7.649393e-03	-2.579736e+00
3.440000e-06	-6.849424e-02	-2.988256e+00
3.450000e-06	-3.935519e-02	-3.324998e+00
3.460000e-06	-2.006362e-02	-3.565450e+00
3.470000e-06	-4.370901e-02	-3.807253e+00
3.480000e-06	-2.398762e-02	-4.021161e+00
3.490000e-06	1.286735e-01	-4.206630e+00
3.500000e-06	-1.488486e-01	-4.472438e+00
3.510000e-06	1.623821e-01	-4.787598e+00
3.520000e-06	-5.467190e-02	-4.966738e+00
3.530000e-06	-6.920108e-02	-5.386681e+00
3.540000e-06	6.888963e-02	-5.558263e+00
3.550000e-06	-1.443266e-01	-5.903546e+00
3.560000e-06	1.364345e-01	-6.155101e+00
3.570000e-06	-9.238256e-02	-6.429783e+00
3.580000e-06	2.476976e-02	-6.693475e+00
3.590000e-06	4.994037e-02	-6.955679e+00
3.600000e-06	-1.022101e-01	-7.270966e+00
3.610000e-06	6.111614e-02	-7.494448e+00
3.620000e-06	-1.053780e-01	-7.786811e+00
3.630000e-06	7.565864e-02	-8.072391e+00
3.640000e-06	-3.537774e-02	-8.259944e+00
3.650000e-06	-2.531919e-02	-8.554751e+00
3.660000e-06	4.479026e-02	-8.777210e+00
3.670000e-06	-8.804040e-02	-9.049789e+00
3.680000e-06	6.237659e-02	-9.208790e+00
3.690000e-06	-9.384647e-02	-9.478391e+00
3.700000e-06	5.104578e-02	-9.720922e+00
3.710000e-06	-4.523601e-02	-9.872523e+00
3.720000e-06	1.154382e-02	-1.016255e+01
3.730000e-06	-2.362348e-02	-1.033258e+01
3.740000e-06	-3.565227e-02	-1.059573e+01
3.750000e-06	1.435408e-02	-1.077566e+01
3.760000e-06	-4.816016e-02	-1.095516e+01
3.770000e-06	1.875762e-02	-1.117421e+01
3.780000e-06	-5.335557e-02	-1.140526e+01
3.790000e-06	2.048493e-02	-1.159731e+01
3.800000e-06	-4.745852e-02	-1.180479e+01
3.810000e-06	1.726450e-03	-1.200679e+01
3.820000e-06	-4.417940e-02	-1.219715e+01
3.830000e-06	-2.166891e-03	-1.237466e+01
3.840000e-06	-2.068989e-02	-1.252165e+01
3.850000e-06	-2.190561e-02	-1.270855e+01
3.860000e-06	-2.365299e-02	-1.285692e+01
3.870000e-06	-3.027762e-02	-1.303731e+01
3.880000e-06	-8.157714e-03	-1.314563e+01
3.890000e-06	-3.955375e-02	-1.335107e+01
3.900000e-06	-1.296355e-02	-1.345787e+01
3.910000e-06	-3.558383e-02	-1.359426e+01
3.920000e-06	-9.681909e-03	-1.375311e+01
3.930000e-06	-3.971415e-02	-1.389892e+01
3.940000e-06	-2.645805e-02	-1.399531e+01
3.950000e-06	-3.213922e-02	-1.412955e+01
3.960000e-06	-2.299032e-02	-1.429597e+01
3.970000e-06	-3.116724e-02	-1.439163e+01
3.980000e-06	-3.241686e-02	-1.448944e+01
3.990000e-06	-2.883833e-02	-1.454213e+01
4.000000e-06	-3.063095e-02	-1.467739e+01
4.010000e-06	-3.366727e-02	-1.475265e+01
4.020000e-06	-3.932317e-02	-1.483539e+01
4.030000e-06	-3.431788e-02	-1.491957e+01
4.040000e-06	-3.377040e-02	-1.498266e+01
4.050000e-06	-3.531923e-02	-1.502587e+01
4.060000e-06	-4.098335e-02	-1.515793e+01
4.070000e-06	-3.793479e-02	-1.519252e+01
4.080000e-06	-4.044979e-02	-1.521218e+01
4.090000e-06	-3.925449e-02	-1.526571e+01
4.100000e-06	-4.581760e-02	-1.527742e+01
4.110000e-06	-4.191609e-02	-1.534253e+01
4.120000e-06	-4.330562e-02	-1.532158e+01
4.130000e-06	-4.501571e-02	-1.538416e+01
4.140000e-06	-4.943061e-02	-1.538116e+01
4.150000e-06	-5.228629e-02	-1.540374e+01
4.160000e-06	-4.936020e-02	-1.539471e+01
4.170000e-06	-5.416484e-02	-1.539521e+01
4.180000e-06	-5.803724e-02	-1.542369e+01
4.190000e-06	-6.224714e-02	-1.536318e+01
4.200000e-06	-6.156169e-02	-1.536258e+01
4.210000e-06	-6.732683e-02	-1.533253e+01
4.220000e-06	-7.711188e-02	-1.529902e+01
4.230000e-06	-8.476701e-02	-1.533834e+01
4.240000e-06	-9.140616e-02	-1.526768e+01
4.250000e-06	-1.027555e-01	-1.521461e+01
4.260000e-06	-1.217930e-01	-1.515303e+01
4.270000e-06	-1.418880e-01	-1.515935e+01
4.280000e-06	-1.619037e-01	-1.505526e+01
4.290000e-06	-1.862957e-01	-1.496308e+01
4.300000e-06	-2.088276e-01	-1.491995e+01
4.310000e-06	-2.212017e-01	-1.481774e+01
4.320000e-06	-2.185591e-01	-1.477198e+01
4.330000e-06	-2.048520e-01	-1.470729e+01
4.340000e-06	-1.877435e-01	-1.457258e+01
4.350000e-06	-1.657295e-01	-1.443872e+01
4.360000e-06	-1.432634e-01	-1.437145e+01
4.370000e-06	-1.219820e-01	-1.423724e+01
4.380000e-06	-1.068721e-01	-1.415953e+01
4.390000e-06	-9.324714e-02	-1.404358e+01
4.400000e-06	-8.011739e-02	-1.393779e+01
4.410000e-06	-6.952119e-02	-1.378095e+01
4.420000e-06	-6.244946e-02	-1.362361e+01
4.430000e-06	-5.791974e-02	-1.348714e+01
4.440000e-06	-4.967829e-02	-1.332095e+01
4.450000e-06	-4.521278e-02	-1.320310e+01
4.460000e-06	-4.011225e-02	-1.306611e+01
4.470000e-06	-3.871631e-02	-1.289134e+01
4.480000e-06	-3.509747e-02	-1.278040e+01
4.490000e-06	-3.154111e-02	-1.260196e+01
4.500000e-06	-2.896487e-02	-1.240553e+01
4.510000e-06	-2.910077e-02	-1.223661e+01
4.520000e-06	-2.831644e-02	-1.206871e+01
4.530000e-06	-2.535037e-02	-1.192669e+01
4.540000e-06	-2.400109e-02	-1.164766e+01
4.550000e-06	-2.314215e-02	-1.142461e+01
4.560000e-06	-2.279367e-02	-1.121456e+01
4.570000e-06	-2.117709e-02	-1.092590e+01
4.580000e-06	-1.924016e-02	-1.078653e+01
4.590000e-06	-1.924645e-02	-1.061756e+01
4.600000e-06	-1.966977e-02	-1.038458e+01
4.610000e-06	-1.845379e-02	-1.013390e+01
4.620000e-06	-1.608627e-02	-9.923847e+00
4.630000e-06	-1.702591e-02	-9.735395e+00
4.640000e-06	-1.745590e-02	-9.532320e+00
4.650000e-06	-1.563151e-02	-9.332242e+00
4.660000e-06	-1.484858e-02	-9.048134e+00
4.670000e-06	-1.469272e-02	-8.850182e+00
4.680000e-06	-1.518563e-02	-8.625582e+00
4.690000e-06	-1.517480e-02	-8.364849e+00
4.700000e-06	-1.288386e-02	-8.133794e+00
4.710000e-06	-1.304445e-02	-7.878696e+00
4.720000e-06	-1.340738e-02	-7.584905e+00
4.730000e-06	-1.404411e-02	-7.364824e+00
4.740000e-06	-1.092616e-02	-7.121234e+00
4.750000e-06	-1.034606e-02	-6.837554e+00
4.760000e-06	-1.117167e-02	-6.566424e+00
4.770000e-06	-1.214687e-02	-6.322770e+00
4.780000e-06	-1.039074e-02	-6.060084e+00
4.790000e-06	-9.902637e-03	-5.794925e+00
4.800000e-06	-9.666016e-03	-5.551665e+00
4.810000e-06	-1.095719e-02	-5.208982e+00
4.820000e-06	-8.870311e-03	-4.922138e+00
4.830000e-06	-7.334625e-03	-4.598478e+00
4.840000e-06	-7.025113e-03	-4.376348e+00
4.850000e-06	-9.507236e-03	-4.143163e+00
4.860000e-06	-9.023935e-03	-3.839054e+00
4.870000e-06	-7.150813e-03	-3.585794e+00
4.880000e-06	-9.438236e-03	-3.324113e+00
4.890000e-06	-7.344434e-03	-3.037220e+00
4.900000e-06	-8.260966e-03	-2.723038e+00
4.910000e-06	-4.622295e-03	-2.470530e+00
4.920000e-06	-5.545935e-03	-2.166141e+00
4.930000e-06	-5.153524e-03	-1.892657e+00
4.940000e-06	-5.571619e-03	-1.589925e+00
4.950000e-06	-5.240933e-03	-1.262533e+00
4.960000e-06	-6.585046e-03	-9.763197e-01
4.970000e-06	-5.573230e-03	-6.949820e-01
4.980000e-06	-4.472652e-03	-4.172989e-01
4.990000e-06	-2.194661e-03	-1.462157e-01
5.000000e-06	7.139380e-03	1.665471e-01
5.010000e-06	3.248588e-03	4.218051e-01
5.020000e-06	1.796882e-03	6.758117e-01
5.030000e-06	1.199630e-04	9.260495e-01
5.040000e-06	7.447524e-04	1.262737e+00
5.050000e-06	3.896955e-04	1.627622e+00
5.060000e-06	1.054447e-03	1.832204e+00
5.070000e-06	1.395533e-02	2.020258e+00
5.080000e-06	6.052803e-02	2.274466e+00
5.090000e-06	4.703611e-02	2.711289e+00
5.100000e-06	-6.517829e-02	3.006626e+00
5.110000e-06	-4.237308e-02	3.231256e+00
5.120000e-06	-1.915661e-02	3.534470e+00
5.130000e-06	7.970340e-03	3.767030e+00
5.140000e-06	-5.574816e-02	3.937497e+00
5.150000e-06	-7.034001e-04	4.176233e+00
5.160000e-06	1.001731e-01	4.513942e+00
5.170000e-06	-5.303279e-02	4.747048e+00
5.180000e-06	1.113008e-01	5.038389e+00
5.190000e-06	-6.918675e-02	5.426604e+00
5.200000e-06	-2.186111e-02	5.588235e+00
5.210000e-06	5.474470e-02	5.902520e+00
5.220000e-06	-3.275665e-02	6.155630e+00
5.230000e-06	3.971567e-02	6.397786e+00
5.240000e-06	-5.376019e-02	6.732522e+00
5.250000e-06	6.446416e-02	6.925654e+00
5.260000e-06	1.965138e-02	7.247886e+00
5.270000e-06	-3.015298e-02	7.542017e+00
5.280000e-06	-1.216528e-02	7.776305e+00
5.290000e-06	6.339580e-03	8.027864e+00
5.300000e-06	6.452556e-02	8.312490e+00
5.310000e-06	-3.060463e-02	8.493523e+00
5.320000e-06	-1.780767e-03	8.743554e+00
5.330000e-06	2.730369e-02	8.984306e+00
5.340000e-06	1.290197e-02	9.209234e+00
5.350000e-06	1.408830e-02	9.427261e+00
5.360000e-06	-2.508324e-02	9.668392e+00
5.370000e-06	2.754469e-02	9.922441e+00
5.380000e-06	1.980995e-02	1.011255e+01
5.390000e-06	1.842670e-02	1.032097e+01
5.400000e-06	-1.176200e-02	1.054111e+01
5.410000e-06	6.563232e-03	1.076360e+01
5.420000e-06	3.807571e-02	1.096350e+01
5.430000e-06	9.509930e-03	1.111200e+01
5.440000e-06	5.654327e-03	1.135228e+01
5.450000e-06	1.531878e-03	1.157373e+01
5.460000e-06	3.327182e-02	1.182523e+01
5.470000e-06	1.332976e-02	1.203158e+01
5.480000e-06	6.631212e-03	1.216075e+01
5.490000e-06	7.434916e-03	1.232003e+01
5.500000e-06	2.889603e-02	1.252042e+01
5.510000e-06	2.798174e-02	1.267929e+01
5.520000e-06	6.443789e-03	1.281524e+01
5.530000e-06	1.226110e-02	1.297273e+01
5.540000e-06	2.327860e-02	1.315005e+01
5.550000e-06	2.832896e-02	1.325742e+01
5.560000e-06	1.070565e-02	1.345679e+01
5.570000e-06	1.380883e-02	1.355113e+01
5.580000e-06	2.840532e-02	1.373649e+01
5.590000e-06	3.060667e-02	1.387486e+01
5.600000e-06	1.971618e-02	1.397060e+01
5.610000e-06	1.435274e-02	1.405695e+01
5.620000e-06	3.007818e-02	1.424574e+01
5.630000e-06	3.052820e-02	1.437010e+01
5.640000e-06	2.308424e-02	1.445487e+01
5.650000e-06	1.913971e-02	1.453105e+01
5.660000e-06	2.912273e-02	1.462481e+01
5.670000e-06	3.622399e-02	1.470095e+01
5.680000e-06	2.606552e-02	1.481461e+01
5.690000e-06	2.416059e-02	1.487732e+01
5.700000e-06	2.978841e-02	1.492054e+01
5.710000e-06	3.929372e-02	1.498308e+01
5.720000e-06	3.017560e-02	1.505534e+01
5.730000e-06	2.722716e-02	1.506742e+01
5.740000e-06	3.260137e-02	1.515055e+01
5.750000e-06	4.146107e-02	1.523166e+01
5.760000e-06	3.820240e-02	1.524431e+01
5.770000e-06	3.230897e-02	1.527591e+01
5.780000e-06	3.862137e-02	1.530742e+01
5.790000e-06	4.553296e-02	1.529697e+01
5.800000e-06	4.482573e-02	1.531857e+01
5.810000e-06	3.760345e-02	1.532905e+01
5.820000e-06	4.375063e-02	1.535055e+01
5.830000e-06	5.214979e-02	1.537057e+01
5.840000e-06	5.397730e-02	1.532902e+01
5.850000e-06	5.137853e-02	1.530895e+01
5.860000e-06	5.691902e-02	1.531692e+01
5.870000e-06	6.957731e-02	1.525634e+01
5.880000e-06	7.398421e-02	1.528534e+01
5.890000e-06	7.738546e-02	1.520368e+01
5.900000e-06	8.699937e-02	1.516155e+01
5.910000e-06	1.080344e-01	1.515002e+01
5.920000e-06	1.243373e-01	1.510784e+01
5.930000e-06	1.407545e-01	1.499361e+01
5.940000e-06	1.629802e-01	1.492305e+01
5.950000e-06	1.914242e-01	1.489776e+01
5.960000e-06	2.111439e-01	1.483465e+01
5.970000e-06	2.122429e-01	1.474997e+01
5.980000e-06	2.043880e-01	1.470719e+01
5.990000e-06	1.940513e-01	1.459958e+01
6.000000e-06	1.744971e-01	1.448774e+01
6.010000e-06	1.480947e-01	1.434206e+01
6.020000e-06	1.224847e-01	1.427671e+01
6.030000e-06	1.091309e-01	1.415155e+01
6.040000e-06	9.587264e-02	1.405730e+01
6.050000e-06	8.009260e-02	1.390789e+01
6.060000e-06	6.543113e-02	1.377095e+01
6.070000e-06	5.996892e-02	1.364666e+01
6.080000e-06	5.488227e-02	1.349917e+01
6.090000e-06	4.567347e-02	1.337147e+01
6.100000e-06	3.651778e-02	1.322508e+01
6.110000e-06	3.456335e-02	1.305624e+01
6.120000e-06	3.471207e-02	1.291929e+01
6.130000e-06	2.999055e-02	1.271287e+01
6.140000e-06	2.402590e-02	1.260550e+01
6.150000e-06	2.241623e-02	1.244708e+01
6.160000e-06	2.287321e-02	1.226966e+01
6.170000e-06	2.084196e-02	1.209027e+01
6.180000e-06	1.618072e-02	1.192071e+01
6.190000e-06	1.495816e-02	1.172134e+01
6.200000e-06	1.801706e-02	1.151879e+01
6.210000e-06	1.664333e-02	1.126974e+01
6.220000e-06	1.234876e-02	1.108924e+01
6.230000e-06	1.105415e-02	1.092979e+01
6.240000e-06	1.247462e-02	1.072924e+01
6.250000e-06	1.289497e-02	1.050879e+01
6.260000e-06	8.673484e-03	1.030061e+01
6.270000e-06	8.088347e-03	1.009015e+01
6.280000e-06	8.754261e-03	9.839102e+00
6.290000e-06	1.000285e-02	9.616902e+00
6.300000e-06	7.173696e-03	9.376473e+00
6.310000e-06	5.277906e-03	9.194396e+00
6.320000e-06	6.711311e-03	8.951844e+00
6.330000e-06	7.302933e-03	8.689135e+00
6.340000e-06	5.165396e-03	8.491137e+00
6.350000e-06	3.340291e-03	8.258552e+00
6.360000e-06	4.360977e-03	7.985845e+00
6.370000e-06	4.821506e-03	7.754337e+00
6.380000e-06	3.613920e-03	7.479683e+00
6.390000e-06	1.234516e-03	7.216374e+00
6.400000e-06	2.625965e-03	6.965822e+00
6.410000e-06	3.250322e-03	6.722136e+00
6.420000e-06	3.321075e-03	6.419428e+00
6.430000e-06	-7.773900e-04	6.186920e+00
6.440000e-06	1.010386e-03	5.953264e+00
6.450000e-06	1.327165e-03	5.650488e+00
6.460000e-06	8.124370e-04	5.416922e+00
6.470000e-06	-1.525110e-03	5.069533e+00
6.480000e-06	-1.252674e-03	4.754791e+00
6.490000e-06	5.222698e-06	4.492058e+00
6.500000e-06	3.135050e-04	4.238373e+00
6.510000e-06	-1.839143e-03	3.944715e+00
6.520000e-06	-2.821120e-03	3.661027e+00
6.530000e-06	-1.288654e-03	3.399318e+00
6.540000e-06	-1.325679e-03	3.092133e+00
6.550000e-06	-4.157404e-03	2.851002e+00
6.560000e-06	-4.240187e-03	2.574192e+00
6.570000e-06	-3.266083e-03	2.252555e+00
6.580000e-06	-2.460089e-03	2.007849e+00
6.590000e-06	-3.929505e-03	1.735133e+00
6.600000e-06	-5.351633e-03	1.398925e+00
6.610000e-06	-4.011029e-03	1.133437e+00
6.620000e-06	-3.218860e-03	7.888199e-01
6.630000e-06	-4.356325e-03	5.160343e-01
6.640000e-06	-5.194932e-03	2.708566e-01
6.650000e-06	-2.753195e-03	-5.178791e-02
6.660000e-06	7.560911e-03	-3.059159e-01
6.670000e-06	-3.741235e-03	-5.486989e-01
6.680000e-06	-2.119793e-03	-8.543130e-01
6.690000e-06	-6.675272e-03	-1.104992e+00
6.700000e-06	-4.255734e-04	-1.399712e+00
6.710000e-06	-5.811817e-03	-1.652863e+00
6.720000e-06	6.398768e-03	-1.904818e+00
6.730000e-06	4.530154e-02	-2.084546e+00
6.740000e-06	7.309783e-02	-2.422389e+00
6.750000e-06	-8.413186e-02	-2.799288e+00
6.760000e-06	-3.201646e-02	-3.180757e+00
6.770000e-06	-4.563520e-02	-3.442835e+00
6.780000e-06	-9.911893e-03	-3.662448e+00
6.790000e-06	-8.212591e-02	-3.967025e+00
6.800000e-06	1.256165e-01	-4.114924e+00
6.810000e-06	-5.891916e-02	-4.334553e+00
6.820000e-06	5.013381e-03	-4.670847e+00
6.830000e-06	1.267023e-01	-4.861968e+00
6.840000e-06	-1.787001e-01	-5.258461e+00
6.850000e-06	1.062272e-01	-5.524447e+00
6.860000e-06	-1.222641e-01	-5.796632e+00
6.870000e-06	4.311570e-02	-6.051397e+00
6.880000e-06	3.603999e-02	-6.280995e+00
6.890000e-06	-9.513301e-02	-6.567810e+00
6.900000e-06	1.237944e-01	-6.841738e+00
6.910000e-06	-1.031599e-01	-7.122628e+00
6.920000e-06	2.779053e-02	-7.397785e+00
6.930000e-06	-4.411682e-02	-7.678919e+00
6.940000e-06	-2.284920e-02	-7.976609e+00
6.950000e-06	6.731057e-02	-8.204634e+00
6.960000e-06	-9.978980e-02	-8.427840e+00
6.970000e-06	7.882316e-02	-8.670920e+00
6.980000e-06	-8.248266e-02	-8.914574e+00
6.990000e-06	2.982619e-02	-9.155079e+00
7.000000e-06	-3.348110e-02	-9.374230e+00
7.010000e-06	-2.450562e-02	-9.617763e+00
7.020000e-06	2.552716e-02	-9.827738e+00
7.030000e-06	-4.967555e-02	-1.010989e+01
7.040000e-06	3.469003e-02	-1.025790e+01
7.050000e-06	-7.656939e-02	-1.049252e+01
7.060000e-06	3.096249e-02	-1.071137e+01
7.070000e-06	-5.226395e-02	-1.087839e+01
7.080000e-06	1.349321e-02	-1.110105e+01
7.090000e-06	-3.778637e-02	-1.131205e+01
7.100000e-06	-4.005127e-03	-1.152258e+01
7.110000e-06	-1.751661e-02	-1.171963e+01
7.120000e-06	-2.388430e-02	-1.193063e+01
7.130000e-06	-1.656493e-02	-1.212215e+01
7.140000e-06	-3.550174e-02	-1.231992e+01
7.150000e-06	2.418340e-03	-1.245992e+01
7.160000e-06	-3.689133e-02	-1.264586e+01
7.170000e-06	-6.033962e-03	-1.282519e+01
7.180000e-06	-4.352580e-02	-1.296166e+01
7.190000e-06	-4.495182e-03	-1.310140e+01
7.200000e-06	-3.694391e-02	-1.321742e+01
7.210000e-06	-1.678487e-02	-1.340277e+01
7.220000e-06	-3.187984e-02	-1.354208e+01
7.230000e-06	-1.891896e-02	-1.371800e+01
7.240000e-06	-2.555255e-02	-1.381574e+01
7.250000e-06	-3.230536e-02	-1.397326e+01
7.260000e-06	-2.844038e-02	-1.408850e+01
7.270000e-06	-3.060643e-02	-1.422421e+01
7.280000e-06	-2.353005e-02	-1.434950e+01
7.290000e-06	-3.529843e-02	-1.445441e+01
7.300000e-06	-2.857313e-02	-1.451308e+01
7.310000e-06	-3.408969e-02	-1.462584e+01
7.320000e-06	-2.805845e-02	-1.469993e+01
7.330000e-06	-3.821097e-02	-1.478466e+01
7.340000e-06	-3.400195e-02	-1.486695e+01
7.350000e-06	-3.769446e-02	-1.494055e+01
7.360000e-06	-3.190725e-02	-1.500274e+01
7.370000e-06	-4.035157e-02	-1.507742e+01
7.380000e-06	-3.841762e-02	-1.513995e+01
7.390000e-06	-4.076845e-02	-1.520411e+01
7.400000e-06	-3.785131e-02	-1.523579e+01
7.410000e-06	-4.148110e-02	-1.527834e+01
7.420000e-06	-4.438718e-02	-1.530942e+01
7.430000e-06	-4.235700e-02	-1.534160e+01
7.440000e-06	-4.551200e-02	-1.537251e+01
7.450000e-06	-4.514514e-02	-1.539504e+01
7.460000e-06	-5.265252e-02	-1.541466e+01
7.470000e-06	-5.088157e-02	-1.539419e+01
7.480000e-06	-5.291915e-02	-1.538569e+01
7.490000e-06	-5.452911e-02	-1.540261e+01
7.500000e-06	-5.928662e-02	-1.537166e+01
7.510000e-06	-6.351879e-02	-1.539511e+01
7.520000e-06	-6.521352e-02	-1.534211e+01
7.530000e-06	-7.193518e-02	-1.532153e+01
7.540000e-06	-8.020558e-02	-1.530885e+01
7.550000e-06	-8.964230e-02	-1.525827e+01
7.560000e-06	-9.802543e-02	-1.521419e+01
7.570000e-06	-1.129794e-01	-1.516308e+01
7.580000e-06	-1.322080e-01	-1.511980e+01
7.590000e-06	-1.546328e-01	-1.510579e+01
7.600000e-06	-1.776284e-01	-1.498359e+01
7.610000e-06	-1.998488e-01	-1.494142e+01
7.620000e-06	-2.168794e-01	-1.483729e+01
7.630000e-06	-2.213075e-01	-1.479308e+01
7.640000e-06	-2.121680e-01	-1.470932e+01
7.650000e-06	-1.943236e-01	-1.460516e+01
7.660000e-06	-1.737359e-01	-1.450090e+01
7.670000e-06	-1.526428e-01	-1.443466e+01
7.680000e-06	-1.310959e-01	-1.431634e+01
7.690000e-06	-1.118735e-01	-1.421361e+01
7.700000e-06	-9.760868e-02	-1.404524e+01
7.710000e-06	-8.548628e-02	-1.397045e+01
7.720000e-06	-7.496201e-02	-1.378511e+01
7.730000e-06	-6.459706e-02	-1.370624e+01
7.740000e-06	-5.841191e-02	-1.353887e+01
7.750000e-06	-5.252250e-02	-1.339303e+01
7.760000e-06	-4.751548e-02	-1.324626e+01
7.770000e-06	-4.151795e-02	-1.308985e+01
7.780000e-06	-3.846802e-02	-1.298145e+01
7.790000e-06	-3.647777e-02	-1.279498e+01
7.800000e-06	-3.356776e-02	-1.265664e+01
7.810000e-06	-3.135832e-02	-1.247876e+01
7.820000e-06	-2.922531e-02	-1.229032e+01
7.830000e-06	-2.831894e-02	-1.214032e+01
7.840000e-06	-2.663130e-02	-1.195090e+01
7.850000e-06	-2.517119e-02	-1.172885e+01
7.860000e-06	-2.341502e-02	-1.152072e+01
7.870000e-06	-2.220771e-02	-1.130034e+01
7.880000e-06	-2.263872e-02	-1.107766e+01
7.890000e-06	-2.087258e-02	-1.088074e+01
7.900000e-06	-2.003440e-02	-1.071072e+01
7.910000e-06	-1.901685e-02	-1.054124e+01
7.920000e-06	-1.800457e-02	-1.025871e+01
7.930000e-06	-1.866381e-02	-1.008814e+01
7.940000e-06	-1.690951e-02	-9.827583e+00
7.950000e-06	-1.660161e-02	-9.636503e+00
7.960000e-06	-1.654222e-02	-9.394004e+00
7.970000e-06	-1.612593e-02	-9.146323e+00
7.980000e-06	-1.478579e-02	-8.945826e+00
7.990000e-06	-1.422473e-02	-8.721321e+00
8.000000e-06	-1.303028e-02	-8.499137e+00
8.010000e-06	-1.460861e-02	-8.238627e+00
8.020000e-06	-1.309729e-02	-7.996977e+00
8.030000e-06	-1.262757e-02	-7.730241e+00
8.040000e-06	-1.201907e-02	-7.458108e+00
8.050000e-06	-1.225366e-02	-7.206952e+00
8.060000e-06	-1.190288e-02	-6.943722e+00
8.070000e-06	-1.109548e-02	-6.670137e+00
8.080000e-06	-1.075336e-02	-6.448978e+00
8.090000e-06	-1.069185e-02	-6.174866e+00
8.100000e-06	-1.009768e-02	-5.901686e+00
8.110000e-06	-1.099606e-02	-5.638027e+00
8.120000e-06	-8.594082e-03	-5.353693e+00
8.130000e-06	-1.025930e-02	-5.021007e+00
8.140000e-06	-7.699697e-03	-4.692638e+00
8.150000e-06	-8.960389e-03	-4.462085e+00
8.160000e-06	-6.019976e-03	-4.239078e+00
8.170000e-06	-8.776907e-03	-3.997317e+00
8.180000e-06	-7.746096e-03	-3.681059e+00
8.190000e-06	-9.679484e-03	-3.417452e+00
8.200000e-06	-6.312864e-03	-3.146191e+00
8.210000e-06	-7.743851e-03	-2.839505e+00
8.220000e-06	-5.318309e-03	-2.595846e+00
8.230000e-06	-6.272142e-03	-2.301007e+00
8.240000e-06	-4.409374e-03	-1.977341e+00
8.250000e-06	-5.643272e-03	-1.755687e+00
8.260000e-06	-5.589084e-03	-1.428845e+00
8.270000e-06	-6.856864e-03	-1.084157e+00
8.280000e-06	-5.506840e-03	-8.324703e-01
8.290000e-06	-3.483825e-03	-5.256093e-01
8.300000e-06	-3.705087e-03	-2.505528e-01
8.310000e-06	1.866688e-03	2.105132e-03
8.320000e-06	8.333225e-03	3.064421e-01
8.330000e-06	-6.772802e-04	5.801523e-01
8.340000e-06	1.887533e-03	8.221077e-01
8.350000e-06	-2.924076e-03	1.127517e+00
8.360000e-06	3.309654e-03	1.380154e+00
8.370000e-06	-1.541353e-03	1.755445e+00
8.380000e-06	1.100028e-02	1.916473e+00
8.390000e-06	2.940327e-02	2.158631e+00
8.400000e-06	8.266255e-02	2.492569e+00
8.410000e-06	-4.222566e-02	2.842887e+00
8.420000e-06	-4.815581e-02	3.104947e+00
8.430000e-06	-3.825435e-02	3.418660e+00
8.440000e-06	1.021215e-02	3.651814e+00
8.450000e-06	-3.354360e-02	3.872885e+00
8.460000e-06	-4.403971e-02	4.101387e+00
8.470000e-06	8.564083e-02	4.387100e+00
8.480000e-06	-2.826937e-03	4.673366e+00
8.490000e-06	3.647646e-02	4.901039e+00
8.500000e-06	3.944304e-02	5.260813e+00
8.510000e-06	-9.439955e-02	5.523953e+00
8.520000e-06	6.169237e-02	5.806730e+00
8.530000e-06	-1.338840e-02	6.082868e+00
8.540000e-06	1.474510e-02	6.333495e+00
8.550000e-06	-1.012125e-02	6.597284e+00
8.560000e-06	-1.020250e-02	6.851887e+00
8.570000e-06	8.005964e-02	7.133527e+00
8.580000e-06	-4.199691e-02	7.436756e+00
8.590000e-06	-3.436497e-03	7.621413e+00
8.600000e-06	-2.361616e-02	7.962606e+00
8.610000e-06	6.228810e-02	8.218733e+00
8.620000e-06	1.479551e-02	8.418264e+00
8.630000e-06	-3.928172e-02	8.638762e+00
8.640000e-06	3.390910e-02	8.901994e+00
8.650000e-06	2.259990e-04	9.114446e+00
8.660000e-06	3.411868e-02	9.334124e+00
8.670000e-06	-2.605471e-02	9.535630e+00
8.680000e-06	1.585340e-02	9.835263e+00
8.690000e-06	2.264952e-02	1.003982e+01
8.700000e-06	2.504867e-02	1.026833e+01
8.710000e-06	1.368200e-03	1.043896e+01
8.720000e-06	-1.664797e-02	1.069049e+01
8.730000e-06	3.597727e-02	1.089202e+01
8.740000e-06	1.255518e-02	1.107831e+01
8.750000e-06	1.881685e-02	1.128740e+01
8.760000e-06	-8.043595e-03	1.148842e+01
8.770000e-06	3.254702e-02	1.168007e+01
8.780000e-06	1.736244e-02	1.188949e+01
8.790000e-06	1.345226e-02	1.209739e+01
8.800000e-06	-1.996056e-04	1.225687e+01
8.810000e-06	1.910339e-02	1.245628e+01
8.820000e-06	3.149253e-02	1.262526e+01
8.830000e-06	1.382481e-02	1.273305e+01
8.840000e-06	1.298847e-02	1.292059e+01
8.850000e-06	1.358330e-02	1.307687e+01
8.860000e-06	3.472694e-02	1.319571e+01
8.870000e-06	1.413305e-02	1.335305e+01
8.880000e-06	1.463184e-02	1.350087e+01
8.890000e-06	1.731530e-02	1.363786e+01
8.900000e-06	3.272625e-02	1.376270e+01
8.910000e-06	2.293300e-02	1.391797e+01
8.920000e-06	1.519743e-02	1.402378e+01
8.930000e-06	2.307575e-02	1.420228e+01
8.940000e-06	3.103578e-02	1.431740e+01
8.950000e-06	2.909169e-02	1.444323e+01
8.960000e-06	1.742228e-02	1.452845e+01
8.970000e-06	2.597448e-02	1.460471e+01
8.980000e-06	3.149809e-02	1.466789e+01
8.990000e-06	3.252235e-02	1.477205e+01
9.000000e-06	2.316998e-02	1.484666e+01
9.010000e-06	2.662980e-02	1.495042e+01
9.020000e-06	3.622679e-02	1.497250e+01
9.030000e-06	3.448670e-02	1.499519e+01
9.040000e-06	2.964142e-02	1.503736e+01
9.050000e-06	2.757258e-02	1.511850e+01
9.060000e-06	3.832250e-02	1.519263e+01
9.070000e-06	3.780013e-02	1.525576e+01
9.080000e-06	3.507544e-02	1.526386e+01
9.090000e-06	3.397650e-02	1.527539e+01
9.100000e-06	4.325854e-02	1.527745e+01
9.110000e-06	4.647286e-02	1.533892e+01
9.120000e-06	4.032769e-02	1.531899e+01
9.130000e-06	4.072142e-02	1.533845e+01
9.140000e-06	4.634237e-02	1.533963e+01
9.150000e-06	5.331458e-02	1.532892e+01
9.160000e-06	5.129690e-02	1.532797e+01
9.170000e-06	5.474993e-02	1.531744e+01
9.180000e-06	6.281509e-02	1.530681e+01
9.190000e-06	7.322871e-02	1.528537e+01
9.200000e-06	7.654036e-02	1.524386e+01
9.210000e-06	8.206024e-02	1.519260e+01
9.220000e-06	9.726427e-02	1.516947e+01
9.230000e-06	1.147856e-01	1.509934e+01
9.240000e-06	1.338408e-01	1.506471e+01
9.250000e-06	1.531112e-01	1.495198e+01
9.260000e-06	1.812901e-01	1.491982e+01
9.270000e-06	2.049687e-01	1.487464e+01
9.280000e-06	2.160817e-01	1.479208e+01
9.290000e-06	2.112254e-01	1.472682e+01
9.300000e-06	1.978534e-01	1.462418e+01
9.310000e-06	1.816564e-01	1.454045e+01
9.320000e-06	1.570081e-01	1.442613e+01
9.330000e-06	1.337992e-01	1.433787e+01
9.340000e-06	1.136894e-01	1.422258e+01
9.350000e-06	1.029917e-01	1.408579e+01
9.360000e-06	8.820135e-02	1.399040e+01
9.370000e-06	7.439772e-02	1.385518e+01
9.380000e-06	6.026845e-02	1.371837e+01
9.390000e-06	5.481533e-02	1.357147e+01
9.400000e-06	4.742159e-02	1.343651e+01
9.410000e-06	4.114852e-02	1.330819e+01
9.420000e-06	3.539683e-02	1.314037e+01
9.430000e-06	3.395945e-02	1.299348e+01
9.440000e-06	3.245434e-02	1.284610e+01
9.450000e-06	2.864909e-02	1.265823e+01
9.460000e-06	2.326291e-02	1.254034e+01
9.470000e-06	2.212837e-02	1.237190e+01
9.480000e-06	2.087666e-02	1.217248e+01
9.490000e-06	1.789677e-02	1.197507e+01
9.500000e-06	1.659720e-02	1.178398e+01
9.510000e-06	1.562420e-02	1.159495e+01
9.520000e-06	1.657864e-02	1.138343e+01
9.530000e-06	1.432147e-02	1.121195e+01
9.540000e-06	1.351014e-02	1.098495e+01
9.550000e-06	1.197177e-02	1.080260e+01
9.560000e-06	1.168947e-02	1.059345e+01
9.570000e-06	9.881054e-03	1.036335e+01
9.580000e-06	9.416795e-03	1.019342e+01
9.590000e-06	7.565013e-03	9.952272e+00
9.600000e-06	8.695886e-03	9.679192e+00
9.610000e-06	7.839437e-03	9.458156e+00
9.620000e-06	7.867257e-03	9.258533e+00
9.630000e-06	6.152949e-03	9.046530e+00
9.640000e-06	6.818259e-03	8.785878e+00
9.650000e-06	6.284648e-03	8.584793e+00
9.660000e-06	4.602288e-03	8.352817e+00
9.670000e-06	4.276274e-03	8.102109e+00
9.680000e-06	3.047351e-03	7.858030e+00
9.690000e-06	4.220247e-03	7.624374e+00
9.700000e-06	3.653525e-03	7.321192e+00
9.710000e-06	2.319027e-03	7.068626e+00
9.720000e-06	2.467757e-03	6.837978e+00
9.730000e-06	2.855516e-03	6.574118e+00
9.740000e-06	2.160879e-03	6.269609e+00
9.750000e-06	9.533608e-04	6.046978e+00
9.760000e-06	-1.052034e-03	5.775266e+00
9.770000e-06	9.412158e-04	5.521232e+00
9.780000e-06	4.140001e-04	5.235395e+00
9.790000e-06	-2.200469e-04	4.871010e+00
9.800000e-06	-6.635067e-04	4.596292e+00
9.810000e-06	-3.790740e-04	4.355766e+00
9.820000e-06	-5.853828e-04	4.049903e+00
9.830000e-06	-1.368753e-03	3.776796e+00
9.840000e-06	-3.026163e-03	3.533186e+00
9.850000e-06	-2.239203e-03	3.259951e+00
9.860000e-06	-2.335087e-03	2.963738e+00
9.870000e-06	-2.662354e-03	2.712052e+00
9.880000e-06	-3.652591e-03	2.385713e+00
9.890000e-06	-3.075853e-03	2.122632e+00
9.900000e-06	-3.299740e-03	1.830998e+00
9.910000e-06	-3.663917e-03	1.535613e+00
9.920000e-06	-4.505535e-03	1.261924e+00
9.930000e-06	-4.628464e-03	8.866094e-01
9.940000e-06	-4.112378e-03	6.613976e-01
9.950000e-06	-4.475122e-03	3.856686e-01
9.960000e-06	-3.283215e-03	5.252514e-02
9.970000e-06	1.270386e-04	-2.107540e-01
9.980000e-06	4.392463e-03	-4.537629e-01
9.990000e-06	-5.388366e-03	-7.800238e-01
1.000000e-05	-2.844301e-03	-9.991851e-01
1.001000e-05	-5.479952e-03	-1.254294e+00
1.002000e-05	-2.917456e-03	-1.579577e+00
1.003000e-05	-9.063473e-04	-1.809659e+00
1.004000e-05	2.279246e-02	-2.021763e+00
1.005000e-05	9.466405e-02	-2.325421e+00
1.006000e-05	-4.319210e-02	-2.640963e+00
1.007000e-05	-5.122976e-02	-3.061290e+00
1.008000e-05	-4.678108e-02	-3.366604e+00
1.009000e-05	-1.099644e-02	-3.558609e+00
1.010000e-05	-6.339567e-02	-3.860842e+00
1.011000e-05	2.607530e-02	-4.040763e+00
1.012000e-05	8.810564e-02	-4.239814e+00
1.013000e-05	-1.369293e-01	-4.536527e+00
1.014000e-05	1.901784e-01	-4.776155e+00
1.015000e-05	-1.260878e-01	-5.052967e+00
1.016000e-05	2.032102e-03	-5.467788e+00
1.017000e-05	1.157866e-02	-5.673366e+00
1.018000e-05	-1.059501e-01	-5.937627e+00
1.019000e-05	1.360927e-01	-6.195232e+00
1.020000e-05	-1.226913e-01	-6.442922e+00
1.021000e-05	7.765906e-02	-6.744073e+00
1.022000e-05	-5.302098e-03	-7.017335e+00
1.023000e-05	-6.648112e-02	-7.272550e+00
1.024000e-05	4.439904e-02	-7.535153e+00
1.025000e-05	-1.033604e-01	-7.860371e+00
1.026000e-05	9.757822e-02	-8.102493e+00
1.027000e-05	-7.708211e-02	-8.303576e+00
1.028000e-05	2.022564e-02	-8.604736e+00
1.029000e-05	2.429887e-03	-8.828840e+00
1.030000e-05	-5.980749e-02	-9.059867e+00
1.031000e-05	4.680966e-02	-9.238919e+00
1.032000e-05	-9.147817e-02	-9.502581e+00
1.033000e-05	6.278184e-02	-9.744028e+00
1.034000e-05	-6.536154e-02	-9.934604e+00
1.035000e-05	3.486979e-02	-1.017626e+01
1.036000e-05	-5.025204e-02	-1.039471e+01
1.037000e-05	-8.527338e-03	-1.062681e+01
1.038000e-05	-1.051478e-02	-1.078518e+01
1.039000e-05	-3.119258e-02	-1.100689e+01
1.040000e-05	6.550987e-03	-1.118834e+01
1.041000e-05	-4.391622e-02	-1.142589e+01
1.042000e-05	1.631601e-02	-1.164686e+01
1.043000e-05	-4.860317e-02	-1.183734e+01
1.044000e-05	4.509645e-03	-1.203777e+01
1.045000e-05	-5.036067e-02	-1.220729e+01
1.046000e-05	4.262892e-03	-1.236681e+01
1.047000e-05	-3.190611e-02	-1.256326e+01
1.048000e-05	-1.258636e-02	-1.276103e+01
1.049000e-05	-3.075974e-02	-1.287255e+01
1.050000e-05	-2.095764e-02	-1.304740e+01
1.051000e-05	-1.756540e-02	-1.319424e+01
1.052000e-05	-3.495878e-02	-1.337111e+01
1.053000e-05	-1.789123e-02	-1.349797e+01
1.054000e-05	-3.328813e-02	-1.365484e+01
1.055000e-05	-1.189675e-02	-1.372521e+01
1.056000e-05	-3.953518e-02	-1.386955e+01
1.057000e-05	-2.433551e-02	-1.405586e+01
1.058000e-05	-3.404433e-02	-1.415010e+01
1.059000e-05	-2.190414e-02	-1.427745e+01
1.060000e-05	-3.339125e-02	-1.439261e+01
1.061000e-05	-3.100349e-02	-1.450942e+01
1.062000e-05	-3.141303e-02	-1.459473e+01
1.063000e-05	-2.972103e-02	-1.468992e+01
1.064000e-05	-3.450574e-02	-1.478310e+01
1.065000e-05	-3.759613e-02	-1.480624e+01
1.066000e-05	-3.567017e-02	-1.492953e+01
1.067000e-05	-3.262464e-02	-1.499416e+01
1.068000e-05	-3.660843e-02	-1.509692e+01
1.069000e-05	-4.053429e-02	-1.514842e+01
1.070000e-05	-3.846944e-02	-1.519001e+01
1.071000e-05	-3.911113e-02	-1.519369e+01
1.072000e-05	-3.946183e-02	-1.525782e+01
1.073000e-05	-4.629554e-02	-1.529990e+01
1.074000e-05	-4.185570e-02	-1.531905e+01
1.075000e-05	-4.380057e-02	-1.538201e+01
1.076000e-05	-4.349452e-02	-1.537363e+01
1.077000e-05	-5.012519e-02	-1.538369e+01
1.078000e-05	-5.076929e-02	-1.540418e+01
1.079000e-05	-5.038770e-02	-1.541418e+01
1.080000e-05	-5.380281e-02	-1.541429e+01
1.081000e-05	-5.870330e-02	-1.540464e+01
1.082000e-05	-6.254962e-02	-1.537411e+01
1.083000e-05	-6.331392e-02	-1.537416e+01
1.084000e-05	-6.852038e-02	-1.532405e+01
1.085000e-05	-7.767585e-02	-1.533903e+01
1.086000e-05	-8.630932e-02	-1.526837e+01
1.087000e-05	-9.364821e-02	-1.524422e+01
1.088000e-05	-1.052076e-01	-1.521460e+01
1.089000e-05	-1.246341e-01	-1.516947e+01
1.090000e-05	-1.467342e-01	-1.509737e+01
1.091000e-05	-1.668606e-01	-1.510424e+01
1.092000e-05	-1.907701e-01	-1.498206e+01
1.093000e-05	-2.111006e-01	-1.491782e+01
1.094000e-05	-2.229797e-01	-1.486466e+01
1.095000e-05	-2.165809e-01	-1.473298e+01
1.096000e-05	-2.024803e-01	-1.464519e+01
1.097000e-05	-1.824411e-01	-1.457250e+01
1.098000e-05	-1.611998e-01	-1.446719e+01
1.099000e-05	-1.393680e-01	-1.432100e+01
1.100000e-05	-1.177054e-01	-1.425479e+01
1.101000e-05	-1.046902e-01	-1.408933e+01
1.102000e-05	-9.128357e-02	-1.401261e+01
1.103000e-05	-7.977531e-02	-1.387674e+01
1.104000e-05	-6.902021e-02	-1.371985e+01
1.105000e-05	-6.112598e-02	-1.359358e+01
1.106000e-05	-5.620014e-02	-1.350626e+01
1.107000e-05	-4.938784e-02	-1.333930e+01
1.108000e-05	-4.371536e-02	-1.317248e+01
1.109000e-05	-3.887197e-02	-1.302756e+01
1.110000e-05	-3.840074e-02	-1.286921e+01
1.111000e-05	-3.506330e-02	-1.270084e+01
1.112000e-05	-3.212587e-02	-1.255135e+01
1.113000e-05	-3.070166e-02	-1.234343e+01
1.114000e-05	-2.929794e-02	-1.220398e+01
1.115000e-05	-2.784563e-02	-1.203558e+01
1.116000e-05	-2.455357e-02	-1.185306e+01
1.117000e-05	-2.254622e-02	-1.165511e+01
1.118000e-05	-2.253339e-02	-1.142203e+01
1.119000e-05	-2.280567e-02	-1.119240e+01
1.120000e-05	-2.152202e-02	-1.096485e+01
1.121000e-05	-2.113543e-02	-1.079593e+01
1.122000e-05	-2.090178e-02	-1.058343e+01
1.123000e-05	-1.998441e-02	-1.039242e+01
1.124000e-05	-1.752776e-02	-1.015992e+01
1.125000e-05	-1.625333e-02	-9.932718e+00
1.126000e-05	-1.555146e-02	-9.750794e+00
1.127000e-05	-1.612348e-02	-9.510139e+00
1.128000e-05	-1.533599e-02	-9.288109e+00
1.129000e-05	-1.562204e-02	-9.060058e+00
1.130000e-05	-1.590135e-02	-8.829978e+00
1.131000e-05	-1.488259e-02	-8.544422e+00
1.132000e-05	-1.317037e-02	-8.343243e+00
1.133000e-05	-1.171688e-02	-8.122192e+00
1.134000e-05	-1.241985e-02	-7.847558e+00
1.135000e-05	-1.263060e-02	-7.575299e+00
1.136000e-05	-1.237707e-02	-7.352163e+00
1.137000e-05	-1.067148e-02	-7.048129e+00
1.138000e-05	-1.180793e-02	-6.754854e+00
1.139000e-05	-1.062105e-02	-6.534268e+00
1.140000e-05	-1.126247e-02	-6.310106e+00
1.141000e-05	-8.773635e-03	-5.986879e+00
1.142000e-05	-1.019408e-02	-5.762772e+00
1.143000e-05	-9.080069e-03	-5.450132e+00
1.144000e-05	-9.774021e-03	-5.175849e+00
1.145000e-05	-8.055921e-03	-4.878473e+00
1.146000e-05	-7.978453e-03	-4.534743e+00
1.147000e-05	-6.907905e-03	-4.374265e+00
1.148000e-05	-7.779517e-03	-4.100056e+00
1.149000e-05	-7.287175e-03	-3.778348e+00
1.150000e-05	-8.129940e-03	-3.534762e+00
1.151000e-05	-8.493536e-03	-3.273532e+00
1.152000e-05	-6.883558e-03	-2.976721e+00
1.153000e-05	-6.970652e-03	-2.693533e+00
1.154000e-05	-6.234822e-03	-2.406873e+00
1.155000e-05	-4.988460e-03	-2.083534e+00
1.156000e-05	-4.607992e-03	-1.851855e+00
1.157000e-05	-4.836406e-03	-1.554816e+00
1.158000e-05	-5.481744e-03	-1.208301e+00
1.159000e-05	-6.720368e-03	-9.436609e-01
1.160000e-05	-4.326075e-03	-6.623744e-01
1.161000e-05	-3.936455e-03	-3.677884e-01
1.162000e-05	-1.627189e-03	-4.306052e-02
1.163000e-05	7.568133e-03	2.501790e-01
1.164000e-05	2.774983e-04	4.837878e-01
1.165000e-05	3.392615e-03	7.460158e-01
1.166000e-05	-1.932229e-03	9.607573e-01
1.167000e-05	1.629718e-03	1.293814e+00
1.168000e-05	-4.637325e-04	1.630729e+00
1.169000e-05	6.179092e-03	1.873764e+00
1.170000e-05	1.523824e-02	2.051836e+00
1.171000e-05	7.240262e-02	2.356579e+00
1.172000e-05	1.758503e-02	2.696451e+00
1.173000e-05	-6.148898e-02	3.021810e+00
1.174000e-05	-4.195979e-02	3.262966e+00
1.175000e-05	-8.990242e-03	3.587554e+00
1.176000e-05	-1.481302e-03	3.778628e+00
1.177000e-05	-5.709321e-02	3.997755e+00
1.178000e-05	2.719343e-02	4.251315e+00
1.179000e-05	7.885321e-02	4.526047e+00
1.180000e-05	-4.549096e-02	4.749790e+00
1.181000e-05	1.145396e-01	5.131993e+00
1.182000e-05	-9.947192e-02	5.439235e+00
1.183000e-05	1.419143e-02	5.682366e+00
1.184000e-05	3.582761e-02	5.966074e+00
1.185000e-05	-2.664350e-02	6.227234e+00
1.186000e-05	3.557218e-02	6.432914e+00
1.187000e-05	-5.631888e-02	6.747100e+00
1.188000e-05	8.672486e-02	7.017234e+00
1.189000e-05	-9.038564e-03	7.292466e+00
1.190000e-05	-1.675195e-02	7.553674e+00
1.191000e-05	-2.120832e-02	7.868413e+00
1.192000e-05	2.759465e-02	8.110499e+00
1.193000e-05	5.273021e-02	8.333498e+00
1.194000e-05	-4.129769e-02	8.565171e+00
1.195000e-05	1.214609e-02	8.766130e+00
1.196000e-05	1.765523e-02	9.017835e+00
1.197000e-05	2.046306e-02	9.239916e+00
1.198000e-05	1.615882e-03	9.470448e+00
1.199000e-05	-1.423545e-02	9.740572e+00
1.200000e-05	2.970213e-02	9.973601e+00
1.201000e-05	2.251639e-02	1.018510e+01
1.202000e-05	1.558918e-02	1.036528e+01
1.203000e-05	-1.781792e-02	1.057573e+01
1.204000e-05	1.501202e-02	1.078818e+01
1.205000e-05	2.995823e-02	1.100608e+01
1.206000e-05	1.306232e-02	1.118471e+01
1.207000e-05	1.658183e-03	1.142481e+01
1.208000e-05	1.340703e-02	1.162329e+01
1.209000e-05	3.178922e-02	1.182679e+01
1.210000e-05	1.408349e-02	1.201626e+01
1.211000e-05	2.973218e-03	1.216268e+01
1.212000e-05	8.616832e-03	1.236115e+01
1.213000e-05	2.992356e-02	1.252262e+01
1.214000e-05	2.323584e-02	1.271037e+01
1.215000e-05	8.696545e-03	1.281886e+01
1.216000e-05	1.183657e-02	1.297423e+01
1.217000e-05	3.071306e-02	1.321218e+01
1.218000e-05	2.538531e-02	1.328900e+01
1.219000e-05	1.238038e-02	1.346731e+01
1.220000e-05	1.241898e-02	1.359319e+01
1.221000e-05	3.031982e-02	1.368850e+01
1.222000e-05	2.691148e-02	1.382542e+01
1.223000e-05	1.659199e-02	1.399308e+01
1.224000e-05	1.589938e-02	1.412000e+01
1.225000e-05	3.029497e-02	1.425437e+01
1.226000e-05	3.175890e-02	1.437163e+01
1.227000e-05	2.171470e-02	1.450644e+01
1.228000e-05	2.084346e-02	1.457150e+01
1.229000e-05	2.926424e-02	1.463797e+01
1.230000e-05	3.553884e-02	1.471897e+01
1.231000e-05	2.436497e-02	1.482569e+01
1.232000e-05	2.444542e-02	1.486786e+01
1.233000e-05	3.032474e-02	1.494960e+01
1.234000e-05	3.734270e-02	1.498468e+01
1.235000e-05	3.060614e-02	1.503624e+01
1.236000e-05	2.703990e-02	1.512842e+01
1.237000e-05	3.452690e-02	1.514112e+01
1.238000e-05	3.935644e-02	1.519271e+01
1.239000e-05	3.750029e-02	1.526524e+01
1.240000e-05	3.108750e-02	1.525741e+01
1.241000e-05	3.789245e-02	1.530645e+01
1.242000e-05	4.652590e-02	1.532047e+01
1.243000e-05	4.093385e-02	1.534697e+01
1.244000e-05	4.012358e-02	1.533800e+01
1.245000e-05	4.285982e-02	1.536055e+01
1.246000e-05	5.437718e-02	1.533852e+01
1.247000e-05	5.400267e-02	1.535900e+01
1.248000e-05	5.473024e-02	1.531845e+01
1.249000e-05	5.750102e-02	1.529744e+01
1.250000e-05	6.949298e-02	1.529384e+01
1.251000e-05	7.302362e-02	1.523583e+01
1.252000e-05	7.665953e-02	1.522410e+01
1.253000e-05	8.947918e-02	1.519108e+01
1.254000e-05	1.094227e-01	1.511834e+01
1.255000e-05	1.307335e-01	1.505819e+01
1.256000e-05	1.467360e-01	1.499456e+01
1.257000e-05	1.702813e-01	1.495194e+01
1.258000e-05	1.925687e-01	1.487826e+01
1.259000e-05	2.124982e-01	1.483356e+01
1.260000e-05	2.107964e-01	1.473887e+01
1.261000e-05	2.045137e-01	1.466729e+01
1.262000e-05	1.894024e-01	1.457100e+01
1.263000e-05	1.704119e-01	1.448568e+01
1.264000e-05	1.468474e-01	1.435047e+01
1.265000e-05	1.217502e-01	1.427564e+01
1.266000e-05	1.071001e-01	1.413942e+01
1.267000e-05	9.010749e-02	1.402306e+01
1.268000e-05	7.911632e-02	1.388721e+01
1.269000e-05	6.301469e-02	1.374095e+01
1.270000e-05	5.991434e-02	1.363500e+01
1.271000e-05	5.093756e-02	1.346731e+01
1.272000e-05	4.652475e-02	1.333144e+01
1.273000e-05	3.697683e-02	1.319108e+01
1.274000e-05	3.491683e-02	1.306713e+01
1.275000e-05	3.274628e-02	1.292784e+01
1.276000e-05	2.895500e-02	1.269034e+01
1.277000e-05	2.481804e-02	1.257198e+01
1.278000e-05	2.126909e-02	1.241353e+01
1.279000e-05	2.187398e-02	1.223263e+01
1.280000e-05	1.895108e-02	1.208676e+01
1.281000e-05	1.884858e-02	1.186969e+01
1.282000e-05	1.487473e-02	1.168821e+01
1.283000e-05	1.672209e-02	1.148766e+01
1.284000e-05	1.563365e-02	1.128821e+01
1.285000e-05	1.321836e-02	1.107909e+01
1.286000e-05	1.039519e-02	1.088966e+01
1.287000e-05	1.037341e-02	1.065761e+01
1.288000e-05	1.196005e-02	1.046766e+01
1.289000e-05	9.109605e-03	1.022501e+01
1.290000e-05	9.034607e-03	1.006551e+01
1.291000e-05	8.136064e-03	9.804499e+00
1.292000e-05	9.000768e-03	9.553397e+00
1.293000e-05	6.694747e-03	9.384319e+00
1.294000e-05	5.608478e-03	9.152841e+00
1.295000e-05	5.261562e-03	8.918617e+00
1.296000e-05	5.608986e-03	8.689554e+00
1.297000e-05	5.404398e-03	8.437503e+00
1.298000e-05	4.099523e-03	8.195873e+00
1.299000e-05	3.968548e-03	7.983738e+00
1.300000e-05	3.897161e-03	7.711138e+00
1.301000e-05	3.279174e-03	7.416446e+00
1.302000e-05	2.806029e-03	7.155342e+00
1.303000e-05	1.652107e-03	6.912639e+00
1.304000e-05	1.462779e-03	6.699033e+00
1.305000e-05	6.352654e-04	6.345824e+00
1.306000e-05	7.567857e-04	6.144716e+00
1.307000e-05	7.861885e-04	5.890108e+00
1.308000e-05	1.150141e-03	5.607002e+00
1.309000e-05	1.898636e-04	5.333616e+00
1.310000e-05	4.476876e-04	5.015349e+00
1.311000e-05	-7.728800e-04	4.703657e+00
1.312000e-05	-1.053122e-03	4.460551e+00
1.313000e-05	-2.263073e-03	4.135742e+00
1.314000e-05	-2.066758e-03	3.861104e+00
1.315000e-05	-2.525744e-03	3.618950e+00
1.316000e-05	-2.480033e-03	3.284260e+00
1.317000e-05	-2.154772e-03	3.041054e+00
1.318000e-05	-2.488177e-03	2.797869e+00
1.319000e-05	-2.915895e-03	2.494134e+00
1.320000e-05	-2.580050e-03	2.207398e+00
1.321000e-05	-4.088158e-03	1.966290e+00
1.322000e-05	-4.275522e-03	1.645028e+00
1.323000e-05	-4.365043e-03	1.346310e+00
1.324000e-05	-4.318772e-03	1.062503e+00
1.325000e-05	-4.030030e-03	7.161885e-01
1.326000e-05	-4.112820e-03	4.825553e-01
1.327000e-05	-4.019984e-03	1.806963e-01
1.328000e-05	-1.680248e-03	-8.537073e-02
1.329000e-05	7.702673e-03	-3.469710e-01
1.330000e-05	-5.049986e-03	-6.403143e-01
1.331000e-05	-1.044928e-03	-9.038681e-01
1.332000e-05	-5.483009e-03	-1.147451e+00
1.333000e-05	-3.189345e-03	-1.512867e+00
1.334000e-05	-4.212998e-03	-1.686920e+00
1.335000e-05	9.548157e-03	-1.925895e+00
1.336000e-05	6.512409e-02	-2.178206e+00
1.337000e-05	4.178021e-02	-2.485971e+00
1.338000e-05	-7.962583e-02	-2.874551e+00
1.339000e-05	-3.172834e-02	-3.243914e+00
1.340000e-05	-3.614516e-02	-3.504390e+00
1.341000e-05	-2.269907e-02	-3.716602e+00
1.342000e-05	-7.007213e-02	-3.950106e+00
1.343000e-05	1.430591e-01	-4.135977e+00
1.344000e-05	-1.158702e-01	-4.419156e+00
1.345000e-05	9.081300e-02	-4.684471e+00
1.346000e-05	5.187481e-02	-4.944146e+00
1.347000e-05	-1.448263e-01	-5.313019e+00
1.348000e-05	1.066131e-01	-5.556531e+00
1.349000e-05	-1.533215e-01	-5.861864e+00
1.350000e-05	9.758787e-02	-6.104122e+00
1.351000e-05	-2.759113e-02	-6.315578e+00
1.352000e-05	-4.620760e-02	-6.681343e+00
1.353000e-05	1.065186e-01	-6.902914e+00
1.354000e-05	-1.166497e-01	-7.177212e+00
1.355000e-05	5.618427e-02	-7.460844e+00
1.356000e-05	-8.223126e-02	-7.721605e+00
1.357000e-05	2.473047e-02	-8.028807e+00
1.358000e-05	2.255135e-02	-8.238741e+00
1.359000e-05	-7.698028e-02	-8.479971e+00
1.360000e-05	7.603857e-02	-8.741448e+00
1.361000e-05	-9.884891e-02	-8.996681e+00
1.362000e-05	5.900063e-02	-9.157679e+00
1.363000e-05	-6.929191e-02	-9.407811e+00
1.364000e-05	1.556223e-02	-9.648868e+00
1.365000e-05	-9.426476e-03	-9.848916e+00
1.366000e-05	-2.457399e-02	-1.012105e+01
1.367000e-05	1.089331e-02	-1.030047e+01
1.368000e-05	-6.594778e-02	-1.052255e+01
1.369000e-05	3.072967e-02	-1.070250e+01
1.370000e-05	-5.690286e-02	-1.092308e+01
1.371000e-05	2.476796e-02	-1.114115e+01
1.372000e-05	-4.974235e-02	-1.130568e+01
1.373000e-05	1.171779e-02	-1.152413e+01
1.374000e-05	-3.667615e-02	-1.176318e+01
1.375000e-05	-1.193291e-02	-1.193266e+01
1.376000e-05	-3.174762e-02	-1.212313e+01
1.377000e-05	-2.135488e-02	-1.234248e+01
1.378000e-05	-6.790030e-03	-1.249055e+01
1.379000e-05	-3.074841e-02	-1.267840e+01
1.380000e-05	-1.123440e-02	-1.285591e+01
1.381000e-05	-4.005988e-02	-1.299424e+01
1.382000e-05	-3.744701e-03	-1.314303e+01
1.383000e-05	-4.247849e-02	-1.331007e+01
1.384000e-05	-1.347092e-02	-1.344687e+01
1.385000e-05	-3.643284e-02	-1.358366e+01
1.386000e-05	-1.228607e-02	-1.372260e+01
1.387000e-05	-3.186834e-02	-1.382732e+01
1.388000e-05	-2.912105e-02	-1.400319e+01
1.389000e-05	-3.070592e-02	-1.411850e+01
1.390000e-05	-2.593591e-02	-1.426437e+01
1.391000e-05	-2.785981e-02	-1.433053e+01
1.392000e-05	-3.555326e-02	-1.442787e+01
1.393000e-05	-3.044177e-02	-1.452113e+01
1.394000e-05	-3.078891e-02	-1.463731e+01
1.395000e-05	-2.883810e-02	-1.470155e+01
1.396000e-05	-3.724005e-02	-1.481534e+01
1.397000e-05	-3.568706e-02	-1.490750e+01
1.398000e-05	-3.509288e-02	-1.496363e+01
1.399000e-05	-3.380404e-02	-1.506383e+01
1.400000e-05	-4.208503e-02	-1.510740e+01
1.401000e-05	-3.855167e-02	-1.516058e+01
1.402000e-05	-3.832469e-02	-1.519318e+01
1.403000e-05	-3.504399e-02	-1.523531e+01
1.404000e-05	-4.279782e-02	-1.528785e+01
1.405000e-05	-4.377856e-02	-1.530045e+01
1.406000e-05	-4.446793e-02	-1.532058e+01
1.407000e-05	-4.368485e-02	-1.534216e+01
1.408000e-05	-4.865050e-02	-1.538264e+01
1.409000e-05	-5.211053e-02	-1.539319e+01
1.410000e-05	-4.973087e-02	-1.539411e+01
1.411000e-05	-4.971790e-02	-1.541464e+01
1.412000e-05	-5.595086e-02	-1.545269e+01
1.413000e-05	-6.029676e-02	-1.539316e+01
1.414000e-05	-6.355446e-02	-1.538213e+01
1.415000e-05	-6.594635e-02	-1.533195e+01
1.416000e-05	-7.518215e-02	-1.531950e+01
1.417000e-05	-8.256014e-02	-1.529942e+01
1.418000e-05	-9.030472e-02	-1.528627e+01
1.419000e-05	-9.974763e-02	-1.522618e+01
1.420000e-05	-1.149622e-01	-1.517160e+01
1.421000e-05	-1.373188e-01	-1.515940e+01
1.422000e-05	-1.575607e-01	-1.507775e+01
1.423000e-05	-1.826438e-01	-1.499411e+01
1.424000e-05	-2.028306e-01	-1.491095e+01
1.425000e-05	-2.204354e-01	-1.485577e+01
1.426000e-05	-2.217012e-01	-1.476305e+01
1.427000e-05	-2.098418e-01	-1.469832e+01
1.428000e-05	-1.905140e-01	-1.461306e+01
1.429000e-05	-1.697606e-01	-1.449987e+01
1.430000e-05	-1.483918e-01	-1.440351e+01
1.431000e-05	-1.261163e-01	-1.430677e+01
1.432000e-05	-1.105678e-01	-1.416253e+01
1.433000e-05	-9.674486e-02	-1.404568e+01
1.434000e-05	-8.460471e-02	-1.391937e+01
1.435000e-05	-7.316074e-02	-1.381356e+01
1.436000e-05	-6.342480e-02	-1.365679e+01
1.437000e-05	-5.746767e-02	-1.349932e+01
1.438000e-05	-5.200419e-02	-1.333400e+01
1.439000e-05	-4.591859e-02	-1.321508e+01
1.440000e-05	-4.137473e-02	-1.311971e+01
1.441000e-05	-3.829126e-02	-1.294190e+01
1.442000e-05	-3.698293e-02	-1.278345e+01
1.443000e-05	-3.316007e-02	-1.260611e+01
1.444000e-05	-3.038589e-02	-1.244661e+01
1.445000e-05	-2.868958e-02	-1.227864e+01
1.446000e-05	-2.891573e-02	-1.210077e+01
1.447000e-05	-2.617310e-02	-1.192787e+01
1.448000e-05	-2.322793e-02	-1.169829e+01
1.449000e-05	-2.247018e-02	-1.149469e+01
1.450000e-05	-2.350097e-02	-1.127756e+01
1.451000e-05	-2.251837e-02	-1.103669e+01
1.452000e-05	-2.015914e-02	-1.083756e+01
1.453000e-05	-1.920809e-02	-1.068916e+01
1.454000e-05	-2.030132e-02	-1.047561e+01
1.455000e-05	-1.934244e-02	-1.024653e+01
1.456000e-05	-1.782871e-02	-1.002653e+01
1.457000e-05	-1.557505e-02	-9.826502e+00
1.458000e-05	-1.766011e-02	-9.612481e+00
1.459000e-05	-1.662456e-02	-9.381823e+00
1.460000e-05	-1.524206e-02	-9.140772e+00
1.461000e-05	-1.361842e-02	-8.932341e+00
1.462000e-05	-1.418980e-02	-8.690162e+00
1.463000e-05	-1.413289e-02	-8.416483e+00
1.464000e-05	-1.283992e-02	-8.215926e+00
1.465000e-05	-1.281091e-02	-7.964796e+00
1.466000e-05	-1.260467e-02	-7.668059e+00
1.467000e-05	-1.301562e-02	-7.406451e+00
1.468000e-05	-1.169340e-02	-7.153896e+00
1.469000e-05	-1.050754e-02	-6.911141e+00
1.470000e-05	-1.047946e-02	-6.646529e+00
1.471000e-05	-1.111102e-02	-6.406924e+00
1.472000e-05	-1.026207e-02	-6.143116e+00
1.473000e-05	-9.084447e-03	-5.860058e+00
1.474000e-05	-1.051748e-02	-5.575248e+00
1.475000e-05	-1.075145e-02	-5.312637e+00
1.476000e-05	-9.065475e-03	-4.976427e+00
1.477000e-05	-9.726763e-03	-4.682509e+00
1.478000e-05	-7.087281e-03	-4.427980e+00
1.479000e-05	-9.733138e-03	-4.186895e+00
1.480000e-05	-7.050807e-03	-3.963716e+00
1.481000e-05	-6.694687e-03	-3.588957e+00
1.482000e-05	-7.060750e-03	-3.346819e+00
1.483000e-05	-8.088908e-03	-3.111629e+00
1.484000e-05	-8.044225e-03	-2.796343e+00
1.485000e-05	-7.989755e-03	-2.513537e+00
1.486000e-05	-6.953737e-03	-2.218872e+00
1.487000e-05	-6.373182e-03	-1.936188e+00
1.488000e-05	-4.202428e-03	-1.664034e+00
1.489000e-05	-3.990713e-03	-1.335120e+00
1.490000e-05	-4.960292e-03	-1.030457e+00
1.491000e-05	-4.169299e-03	-7.783450e-01
1.492000e-05	-5.605826e-03	-4.640529e-01
1.493000e-05	-4.396773e-03	-2.188261e-01
1.494000e-05	1.314874e-03	4.341646e-02
1.495000e-05	6.841175e-03	3.885498e-01
1.496000e-05	-1.637194e-03	6.012288e-01
1.497000e-05	1.894346e-03	8.849166e-01
1.498000e-05	-4.011420e-04	1.190578e+00
1.499000e-05	3.177352e-03	1.444312e+00
1.500000e-05	-4.011815e-04	1.749096e+00
1.501000e-05	1.035757e-02	1.979601e+00
1.502000e-05	4.189766e-02	2.240807e+00
1.503000e-05	7.182675e-02	2.546705e+00
1.504000e-05	-5.827116e-02	2.935493e+00
1.505000e-05	-4.532204e-02	3.168076e+00
1.506000e-05	-3.190564e-02	3.480389e+00
1.507000e-05	1.129581e-02	3.694415e+00
1.508000e-05	-4.578686e-02	3.873921e+00
1.509000e-05	-2.903208e-02	4.123522e+00
1.510000e-05	1.030812e-01	4.407807e+00
1.511000e-05	-3.587206e-02	4.702918e+00
1.512000e-05	7.939345e-02	5.005177e+00
1.513000e-05	-1.371641e-02	5.323975e+00
1.514000e-05	-6.706425e-02	5.587526e+00
1.515000e-05	6.544739e-02	5.850288e+00
1.516000e-05	-2.804529e-02	6.123944e+00
1.517000e-05	3.108126e-02	6.325101e+00
1.518000e-05	-3.573885e-02	6.652289e+00
1.519000e-05	2.519727e-02	6.924095e+00
1.520000e-05	5.609978e-02	7.176277e+00
1.521000e-05	-3.988906e-02	7.468363e+00
1.522000e-05	-6.292375e-03	7.744521e+00
1.523000e-05	-1.204101e-02	8.045806e+00
1.524000e-05	6.883656e-02	8.251837e+00
1.525000e-05	-7.077617e-03	8.460841e+00
1.526000e-05	-2.628524e-02	8.690417e+00
1.527000e-05	3.428734e-02	8.963047e+00
1.528000e-05	1.836397e-03	9.185581e+00
1.529000e-05	3.001505e-02	9.385628e+00
1.530000e-05	-2.987760e-02	9.629312e+00
1.531000e-05	2.654958e-02	9.848791e+00
1.532000e-05	2.156283e-02	1.007087e+01
1.533000e-05	2.480868e-02	1.025739e+01
1.534000e-05	-6.332379e-03	1.050105e+01
1.535000e-05	-1.047320e-02	1.074102e+01
1.536000e-05	3.930548e-02	1.094399e+01
1.537000e-05	9.076789e-03	1.111090e+01
1.538000e-05	1.554089e-02	1.131108e+01
1.539000e-05	-5.820522e-03	1.154060e+01
1.540000e-05	3.826193e-02	1.173362e+01
1.541000e-05	1.468122e-02	1.192095e+01
1.542000e-05	1.029538e-02	1.209950e+01
1.543000e-05	1.218229e-03	1.229936e+01
1.544000e-05	2.429490e-02	1.243937e+01
1.545000e-05	3.078192e-02	1.261623e+01
1.546000e-05	9.322823e-03	1.278366e+01
1.547000e-05	1.195016e-02	1.293208e+01
1.548000e-05	1.817874e-02	1.313892e+01
1.549000e-05	3.544842e-02	1.326636e+01
1.550000e-05	1.124546e-02	1.340573e+01
1.551000e-05	1.390476e-02	1.350197e+01
1.552000e-05	2.201982e-02	1.367834e+01
1.553000e-05	3.220932e-02	1.378571e+01
1.554000e-05	2.027018e-02	1.391213e+01
1.555000e-05	1.248302e-02	1.404384e+01
1.556000e-05	2.634693e-02	1.420280e+01
1.557000e-05	3.121719e-02	1.434805e+01
1.558000e-05	2.773146e-02	1.443424e+01
1.559000e-05	1.684634e-02	1.453954e+01
1.560000e-05	2.821896e-02	1.460416e+01
1.561000e-05	3.300883e-02	1.470795e+01
1.562000e-05	2.964494e-02	1.479263e+01
1.563000e-05	2.150279e-02	1.485829e+01
1.564000e-05	2.701891e-02	1.490049e+01
1.565000e-05	3.725096e-02	1.496213e+01
1.566000e-05	3.230020e-02	1.500626e+01
1.567000e-05	2.767141e-02	1.510745e+01
1.568000e-05	2.898526e-02	1.514952e+01
1.569000e-05	3.961343e-02	1.518264e+01
1.570000e-05	3.819503e-02	1.525424e+01
1.571000e-05	3.323277e-02	1.527531e+01
1.572000e-05	3.504606e-02	1.528689e+01
1.573000e-05	4.372312e-02	1.532799e+01
1.574000e-05	4.553062e-02	1.528795e+01
1.575000e-05	3.888039e-02	1.531950e+01
1.576000e-05	4.161806e-02	1.535045e+01
1.577000e-05	4.901196e-02	1.533997e+01
1.578000e-05	5.559605e-02	1.535902e+01
1.579000e-05	5.070398e-02	1.533947e+01
1.580000e-05	5.531976e-02	1.532747e+01
1.581000e-05	6.533492e-02	1.526692e+01
1.582000e-05	7.451333e-02	1.523479e+01
1.583000e-05	7.625404e-02	1.525468e+01
1.584000e-05	8.352892e-02	1.520200e+01
1.585000e-05	1.028785e-01	1.515948e+01
1.586000e-05	1.205021e-01	1.507885e+01
1.587000e-05	1.382978e-01	1.505563e+01
1.588000e-05	1.573821e-01	1.494103e+01
1.589000e-05	1.864895e-01	1.487877e+01
1.590000e-05	2.080699e-01	1.482768e+01
1.591000e-05	2.140533e-01	1.476295e+01
1.592000e-05	2.076023e-01	1.472834e+01
1.593000e-05	1.975626e-01	1.462106e+01
1.594000e-05	1.795791e-01	1.451877e+01
1.595000e-05	1.542794e-01	1.441310e+01
1.596000e-05	1.281886e-01	1.430736e+01
1.597000e-05	1.112361e-01	1.419350e+01
1.598000e-05	9.836367e-02	1.409676e+01
1.599000e-05	8.475287e-02	1.393034e+01
1.600000e-05	7.045373e-02	1.380460e+01
1.601000e-05	6.218383e-02	1.367722e+01
1.602000e-05	5.571510e-02	1.356087e+01
1.603000e-05	4.723100e-02	1.339400e+01
1.604000e-05	3.858162e-02	1.320821e+01
1.605000e-05	3.486259e-02	1.313919e+01
1.606000e-05	3.322651e-02	1.294190e+01
1.607000e-05	3.117556e-02	1.279448e+01
1.608000e-05	2.622469e-02	1.265658e+01
1.609000e-05	2.348285e-02	1.249816e+01
1.610000e-05	2.259010e-02	1.230827e+01
1.611000e-05	2.100147e-02	1.216039e+01
1.612000e-05	1.803345e-02	1.196295e+01
1.613000e-05	1.503664e-02	1.177040e+01
1.614000e-05	1.598051e-02	1.155345e+01
1.615000e-05	1.645425e-02	1.134986e+01
1.616000e-05	1.350685e-02	1.116180e+01
1.617000e-05	1.112123e-02	1.097284e+01
1.618000e-05	1.176878e-02	1.076234e+01
1.619000e-05	1.208981e-02	1.055084e+01
1.620000e-05	8.871468e-03	1.031269e+01
1.621000e-05	8.619245e-03	1.012281e+01
1.622000e-05	8.162512e-03	9.919184e+00
1.623000e-05	1.030038e-02	9.626532e+00
1.624000e-05	6.447676e-03	9.456979e+00
1.625000e-05	5.251700e-03	9.215550e+00
1.626000e-05	5.278766e-03	8.966921e+00
1.627000e-05	6.422028e-03	8.732344e+00
1.628000e-05	5.311482e-03	8.553215e+00
1.629000e-05	3.689926e-03	8.290187e+00
1.630000e-05	4.320967e-03	8.038453e+00
1.631000e-05	4.617839e-03	7.805948e+00
1.632000e-05	4.114574e-03	7.562615e+00
1.633000e-05	1.493995e-03	7.278084e+00
1.634000e-05	2.071806e-03	7.006950e+00
1.635000e-05	2.402341e-03	6.752795e+00
1.636000e-05	2.341165e-03	6.480559e+00
1.637000e-05	-1.813995e-05	6.217978e+00
1.638000e-05	3.559693e-05	6.015320e+00
1.639000e-05	6.571725e-04	5.722686e+00
1.640000e-05	7.579665e-04	5.429628e+00
1.641000e-05	-1.090283e-03	5.153836e+00
1.642000e-05	-1.181848e-03	4.838448e+00
1.643000e-05	1.706774e-04	4.535713e+00
1.644000e-05	3.369847e-04	4.290632e+00
1.645000e-05	-1.658154e-03	3.976394e+00
1.646000e-05	-3.332801e-03	3.744186e+00
1.647000e-05	-2.990351e-03	3.499575e+00
1.648000e-05	-2.037507e-04	3.164814e+00
1.649000e-05	-4.206809e-03	2.894109e+00
1.650000e-05	-3.978683e-03	2.639896e+00
1.651000e-05	-2.382879e-03	2.354136e+00
1.652000e-05	-1.539619e-03	2.061504e+00
1.653000e-05	-3.347917e-03	1.778266e+00
1.654000e-05	-5.518106e-03	1.473534e+00
1.655000e-05	-4.542318e-03	1.218714e+00
1.656000e-05	-2.645479e-03	8.414240e-01
1.657000e-05	-4.478267e-03	5.673397e-01
1.658000e-05	-4.799390e-03	3.350557e-01
1.659000e-05	-4.037980e-03	2.989855e-02
1.660000e-05	4.908788e-03	-2.628118e-01
1.661000e-05	2.147650e-03	-4.963681e-01
1.662000e-05	-3.295351e-03	-8.106826e-01
1.663000e-05	-5.255245e-03	-1.031214e+00
1.664000e-05	-1.430324e-03	-1.307649e+00
1.665000e-05	-2.428091e-03	-1.612285e+00
1.666000e-05	1.981152e-03	-1.861239e+00
1.667000e-05	2.933830e-02	-2.051364e+00
1.668000e-05	9.431477e-02	-2.338156e+00
1.669000e-05	-6.980737e-02	-2.735601e+00
1.670000e-05	-3.936176e-02	-3.124023e+00
1.671000e-05	-5.060173e-02	-3.408654e+00
1.672000e-05	-4.631734e-03	-3.600313e+00
1.673000e-05	-7.855674e-02	-3.873973e+00
1.674000e-05	7.776728e-02	-4.091388e+00
1.675000e-05	2.473474e-02	-4.293374e+00
1.676000e-05	-8.922438e-02	-4.577210e+00
1.677000e-05	1.850861e-01	-4.809684e+00
1.678000e-05	-1.745028e-01	-5.144202e+00
1.679000e-05	6.372516e-02	-5.480946e+00
1.680000e-05	-5.480126e-02	-5.724023e+00
1.681000e-05	-4.187080e-02	-5.959234e+00
1.682000e-05	1.030340e-01	-6.238291e+00
1.683000e-05	-1.280618e-01	-6.534576e+00
1.684000e-05	1.124761e-01	-6.746108e+00
1.685000e-05	-5.821796e-02	-7.049517e+00
1.686000e-05	-2.113019e-02	-7.387129e+00
1.687000e-05	8.557352e-03	-7.556183e+00
1.688000e-05	-7.743243e-02	-7.924045e+00
1.689000e-05	9.639280e-02	-8.145101e+00
1.690000e-05	-1.012500e-01	-8.366284e+00
1.691000e-05	5.714755e-02	-8.647364e+00
1.692000e-05	-4.188693e-02	-8.877942e+00
1.693000e-05	-1.808165e-02	-9.101896e+00
1.694000e-05	1.527345e-02	-9.241048e+00
1.695000e-05	-6.948088e-02	-9.594157e+00
1.696000e-05	5.362351e-02	-9.786655e+00
1.697000e-05	-6.955142e-02	-9.987310e+00
1.698000e-05	4.527473e-02	-1.022478e+01
1.699000e-05	-7.023177e-02	-1.043739e+01
1.700000e-05	1.467966e-02	-1.065879e+01
1.701000e-05	-3.345598e-02	-1.082834e+01
1.702000e-05	-8.859825e-03	-1.110889e+01
1.703000e-05	-1.364069e-02	-1.125644e+01
1.704000e-05	-2.885378e-02	-1.142842e+01
1.705000e-05	2.692797e-03	-1.164797e+01
1.706000e-05	-4.070116e-02	-1.187645e+01
1.707000e-05	-4.993730e-04	-1.207985e+01
1.708000e-05	-4.851552e-02	-1.224724e+01
1.709000e-05	7.045814e-03	-1.240784e+01
1.710000e-05	-3.845964e-02	-1.259471e+01
1.711000e-05	-5.191004e-03	-1.278218e+01
1.712000e-05	-3.968011e-02	-1.293148e+01
1.713000e-05	-1.093339e-02	-1.307887e+01
1.714000e-05	-2.895600e-02	-1.321626e+01
1.715000e-05	-2.484293e-02	-1.336371e+01
1.716000e-05	-2.437650e-02	-1.349748e+01
1.717000e-05	-2.816164e-02	-1.362885e+01
1.718000e-05	-1.858597e-02	-1.379568e+01
1.719000e-05	-3.648726e-02	-1.393960e+01
1.720000e-05	-2.362943e-02	-1.405632e+01
1.721000e-05	-3.419963e-02	-1.416224e+01
1.722000e-05	-2.173851e-02	-1.430950e+01
1.723000e-05	-3.505239e-02	-1.441421e+01
1.724000e-05	-2.778732e-02	-1.454100e+01
1.725000e-05	-3.385919e-02	-1.458421e+01
1.726000e-05	-2.846135e-02	-1.464840e+01
1.727000e-05	-3.610590e-02	-1.480313e+01
1.728000e-05	-3.446755e-02	-1.486637e+01
1.729000e-05	-3.696741e-02	-1.494102e+01
1.730000e-05	-3.276229e-02	-1.501321e+01
1.731000e-05	-3.799167e-02	-1.509490e+01
1.732000e-05	-3.852778e-02	-1.510998e+01
1.733000e-05	-3.939465e-02	-1.518216e+01
1.734000e-05	-3.913135e-02	-1.521525e+01
1.735000e-05	-3.999455e-02	-1.525487e+01
1.736000e-05	-4.488456e-02	-1.529892e+01
1.737000e-05	-4.195860e-02	-1.533043e+01
1.738000e-05	-4.587193e-02	-1.533261e+01
1.739000e-05	-4.391866e-02	-1.537361e+01
1.740000e-05	-5.153837e-02	-1.538268e+01
1.741000e-05	-4.958822e-02	-1.539424e+01
1.742000e-05	-5.266158e-02	-1.542364e+01
1.743000e-05	-5.415519e-02	-1.540616e+01
1.744000e-05	-5.789313e-02	-1.538413e+01
1.745000e-05	-6.286434e-02	-1.539160e+01
1.746000e-05	-6.495544e-02	-1.538108e+01
1.747000e-05	-7.156388e-02	-1.534103e+01
1.748000e-05	-7.886147e-02	-1.530887e+01
1.749000e-05	-8.679694e-02	-1.523732e+01
1.750000e-05	-9.696736e-02	-1.524323e+01
1.751000e-05	-1.092866e-01	-1.520306e+01
1.752000e-05	-1.276831e-01	-1.516097e+01
1.753000e-05	-1.486448e-01	-1.508732e+01
1.754000e-05	-1.725630e-01	-1.503564e+01
1.755000e-05	-1.956501e-01	-1.493198e+01
1.756000e-05	-2.140113e-01	-1.491482e+01
1.757000e-05	-2.213309e-01	-1.482376e+01
1.758000e-05	-2.156539e-01	-1.474037e+01
1.759000e-05	-2.011000e-01	-1.464664e+01
1.760000e-05	-1.790738e-01	-1.454098e+01
1.761000e-05	-1.553775e-01	-1.447621e+01
1.762000e-05	-1.359386e-01	-1.434895e+01
1.763000e-05	-1.162708e-01	-1.425411e+01
1.764000e-05	-1.014198e-01	-1.408935e+01
1.765000e-05	-8.755721e-02	-1.399193e+01
1.766000e-05	-7.707985e-02	-1.383571e+01
1.767000e-05	-6.840759e-02	-1.376082e+01
1.768000e-05	-6.050320e-02	-1.355995e+01
1.769000e-05	-5.419013e-02	-1.347663e+01
1.770000e-05	-4.849627e-02	-1.329817e+01
1.771000e-05	-4.367113e-02	-1.314083e+01
1.772000e-05	-3.902267e-02	-1.302353e+01
1.773000e-05	-3.675308e-02	-1.285571e+01
1.774000e-05	-3.363539e-02	-1.271827e+01
1.775000e-05	-3.185180e-02	-1.254087e+01
1.776000e-05	-2.931808e-02	-1.233090e+01
1.777000e-05	-2.869933e-02	-1.218298e+01
1.778000e-05	-2.751488e-02	-1.200393e+01
1.779000e-05	-2.491554e-02	-1.179148e+01
1.780000e-05	-2.347454e-02	-1.156335e+01
1.781000e-05	-2.328659e-02	-1.134187e+01
1.782000e-05	-2.149298e-02	-1.113990e+01
1.783000e-05	-2.043101e-02	-1.096122e+01
1.784000e-05	-1.983250e-02	-1.074337e+01
1.785000e-05	-1.912281e-02	-1.059333e+01
1.786000e-05	-1.897836e-02	-1.034132e+01
1.787000e-05	-1.725350e-02	-1.012962e+01
1.788000e-05	-1.745722e-02	-9.910166e+00
1.789000e-05	-1.679199e-02	-9.678641e+00
1.790000e-05	-1.568969e-02	-9.507136e+00
1.791000e-05	-1.454581e-02	-9.237482e+00
1.792000e-05	-1.479585e-02	-8.986954e+00
1.793000e-05	-1.420140e-02	-8.764473e+00
1.794000e-05	-1.339799e-02	-8.532815e+00
1.795000e-05	-1.251135e-02	-8.289633e+00
1.796000e-05	-1.315707e-02	-8.029554e+00
1.797000e-05	-1.307086e-02	-7.793419e+00
1.798000e-05	-1.181582e-02	-7.481237e+00
1.799000e-05	-1.188239e-02	-7.269612e+00
1.800000e-05	-1.130273e-02	-7.026377e+00
1.801000e-05	-1.117542e-02	-6.732293e+00
1.802000e-05	-9.935935e-03	-6.480661e+00
1.803000e-05	-1.004978e-02	-6.198877e+00
1.804000e-05	-8.885487e-03	-5.973821e+00
1.805000e-05	-1.096851e-02	-5.712664e+00
1.806000e-05	-8.276293e-03	-5.406403e+00
1.807000e-05	-1.049049e-02	-5.133713e+00
1.808000e-05	-7.888826e-03	-4.805899e+00
1.809000e-05	-9.529378e-03	-4.494237e+00
1.810000e-05	-8.266745e-03	-4.281633e+00
1.811000e-05	-7.918459e-03	-4.049032e+00
1.812000e-05	-7.327679e-03	-3.756163e+00
1.813000e-05	-8.160177e-03	-3.491607e+00
1.814000e-05	-8.116782e-03	-3.216975e+00
1.815000e-05	-7.149650e-03	-2.905037e+00
1.816000e-05	-5.720640e-03	-2.639452e+00
1.817000e-05	-6.511957e-03	-2.345215e+00
1.818000e-05	-5.553878e-03	-2.069929e+00
1.819000e-05	-5.556452e-03	-1.776741e+00
1.820000e-05	-5.761117e-03	-1.542028e+00
1.821000e-05	-5.930014e-03	-1.166291e+00
1.822000e-05	-6.900331e-03	-8.734355e-01
1.823000e-05	-4.011829e-03	-5.692461e-01
1.824000e-05	-4.267601e-03	-3.246581e-01
1.825000e-05	3.818055e-04	-4.050144e-02
1.826000e-05	8.184829e-03	2.518064e-01
1.827000e-05	-2.124850e-03	5.154645e-01
1.828000e-05	3.214017e-03	7.589985e-01
1.829000e-05	-3.099871e-03	1.091408e+00
1.830000e-05	1.660378e-03	1.315524e+00
1.831000e-05	-1.705676e-03	1.694413e+00
1.832000e-05	9.048281e-03	1.905392e+00
1.833000e-05	2.062837e-02	2.104496e+00
1.834000e-05	8.192099e-02	2.391284e+00
1.835000e-05	-1.299374e-02	2.779226e+00
1.836000e-05	-5.644848e-02	3.093959e+00
1.837000e-05	-4.199121e-02	3.345022e+00
1.838000e-05	1.254720e-03	3.609753e+00
1.839000e-05	-1.554051e-02	3.860232e+00
1.840000e-05	-5.513974e-02	4.010708e+00
1.841000e-05	5.660258e-02	4.291497e+00
1.842000e-05	4.587759e-02	4.588781e+00
1.843000e-05	-1.622282e-02	4.819365e+00
1.844000e-05	9.123581e-02	5.166655e+00
1.845000e-05	-1.091941e-01	5.473540e+00
1.846000e-05	4.391945e-02	5.713522e+00
1.847000e-05	1.274052e-02	6.008759e+00
1.848000e-05	-1.080516e-02	6.219810e+00
1.849000e-05	1.898223e-02	6.493171e+00
1.850000e-05	-4.171244e-02	6.808259e+00
1.851000e-05	9.381700e-02	7.049967e+00
1.852000e-05	-3.082194e-02	7.364626e+00
1.853000e-05	-7.749113e-03	7.590159e+00
1.854000e-05	-2.431299e-02	7.881544e+00
1.855000e-05	4.617993e-02	8.156147e+00
1.856000e-05	3.731947e-02	8.356554e+00
1.857000e-05	-4.553011e-02	8.646305e+00
1.858000e-05	2.733943e-02	8.819287e+00
1.859000e-05	8.854946e-03	9.087366e+00
1.860000e-05	2.896436e-02	9.303468e+00
1.861000e-05	-1.344278e-02	9.532050e+00
1.862000e-05	9.946384e-04	9.783179e+00
1.863000e-05	2.723373e-02	9.987654e+00
1.864000e-05	2.306693e-02	1.017668e+01
1.865000e-05	9.154485e-03	1.042631e+01
1.866000e-05	-1.906051e-02	1.060923e+01
1.867000e-05	2.755561e-02	1.083934e+01
1.868000e-05	2.061278e-02	1.101683e+01
1.869000e-05	1.534829e-02	1.122588e+01
1.870000e-05	-4.675555e-03	1.144788e+01
1.871000e-05	2.422900e-02	1.167984e+01
1.872000e-05	2.459407e-02	1.188796e+01
1.873000e-05	1.371960e-02	1.203681e+01
1.874000e-05	6.955355e-04	1.224576e+01
1.875000e-05	1.427542e-02	1.236308e+01
1.876000e-05	3.186608e-02	1.259452e+01
1.877000e-05	1.727337e-02	1.269892e+01
1.878000e-05	1.176462e-02	1.287889e+01
1.879000e-05	1.169923e-02	1.307679e+01
1.880000e-05	3.344494e-02	1.324364e+01
1.881000e-05	1.746017e-02	1.331110e+01
1.882000e-05	1.338800e-02	1.345894e+01
1.883000e-05	1.450886e-02	1.363471e+01
1.884000e-05	3.210412e-02	1.375160e+01
1.885000e-05	2.420271e-02	1.388652e+01
1.886000e-05	1.547930e-02	1.400328e+01
1.887000e-05	1.942879e-02	1.416965e+01
1.888000e-05	2.949215e-02	1.426739e+01
1.889000e-05	2.964756e-02	1.440076e+01
1.890000e-05	1.846915e-02	1.450892e+01
1.891000e-05	2.437699e-02	1.456263e+01
1.892000e-05	3.019806e-02	1.465884e+01
1.893000e-05	3.355250e-02	1.479205e+01
1.894000e-05	2.301729e-02	1.483619e+01
1.895000e-05	2.602253e-02	1.488842e+01
1.896000e-05	3.216380e-02	1.497263e+01
1.897000e-05	3.533506e-02	1.499463e+01
1.898000e-05	2.872707e-02	1.507686e+01
1.899000e-05	2.774730e-02	1.514895e+01
1.900000e-05	3.627853e-02	1.516000e+01
1.901000e-05	3.700793e-02	1.525216e+01
1.902000e-05	3.594716e-02	1.523529e+01
1.903000e-05	3.321899e-02	1.526644e+01
1.904000e-05	4.182653e-02	1.531797e+01
1.905000e-05	4.381188e-02	1.529697e+01
1.906000e-05	4.059001e-02	1.533952e+01
1.907000e-05	4.100556e-02	1.533995e+01
1.908000e-05	4.671716e-02	1.538202e+01
1.909000e-05	5.304310e-02	1.534105e+01
1.910000e-05	5.155145e-02	1.534802e+01
1.911000e-05	5.468253e-02	1.529944e+01
1.912000e-05	6.042324e-02	1.528742e+01
1.913000e-05	7.144580e-02	1.527641e+01
1.914000e-05	7.326689e-02	1.526471e+01
1.915000e-05	8.115185e-02	1.523358e+01
1.916000e-05	9.532992e-02	1.513005e+01
1.917000e-05	1.133999e-01	1.511882e+01
1.918000e-05	1.304307e-01	1.504463e+01
1.919000e-05	1.474446e-01	1.499260e+01
1.920000e-05	1.754001e-01	1.490895e+01
1.921000e-05	2.000649e-01	1.488823e+01
1.922000e-05	2.132223e-01	1.476405e+01
1.923000e-05	2.132395e-01	1.470830e+01
1.924000e-05	2.035191e-01	1.462566e+01
1.925000e-05	1.878862e-01	1.456942e+01
1.926000e-05	1.631364e-01	1.446476e+01
1.927000e-05	1.394724e-01	1.430050e+01
1.928000e-05	1.190305e-01	1.423306e+01
1.929000e-05	1.061600e-01	1.409777e+01
1.930000e-05	8.876362e-02	1.400347e+01
1.931000e-05	7.599592e-02	1.388766e+01
1.932000e-05	6.332479e-02	1.375940e+01
1.933000e-05	5.869707e-02	1.359201e+01
1.934000e-05	5.034044e-02	1.344666e+01
1.935000e-05	4.346415e-02	1.332887e+01
1.936000e-05	3.714973e-02	1.314134e+01
1.937000e-05	3.479876e-02	1.303303e+01
1.938000e-05	3.167192e-02	1.285728e+01
1.939000e-05	2.746016e-02	1.271982e+01
1.940000e-05	2.452811e-02	1.257242e+01
1.941000e-05	2.218842e-02	1.239247e+01
1.942000e-05	2.239113e-02	1.222403e+01
1.943000e-05	1.840619e-02	1.201668e+01
1.944000e-05	1.662993e-02	1.182608e+01
1.945000e-05	1.583247e-02	1.168656e+01
1.946000e-05	1.652194e-02	1.144513e+01
1.947000e-05	1.407216e-02	1.123596e+01
1.948000e-05	1.287426e-02	1.099658e+01
1.949000e-05	1.171718e-02	1.081801e+01
1.950000e-05	1.149980e-02	1.065513e+01
1.951000e-05	1.011117e-02	1.040653e+01
1.952000e-05	8.226637e-03	1.022750e+01
1.953000e-05	7.861381e-03	1.000547e+01
1.954000e-05	9.288493e-03	9.752345e+00
1.955000e-05	7.656121e-03	9.520271e+00
1.956000e-05	6.370591e-03	9.322688e+00
1.957000e-05	4.912899e-03	9.119191e+00
1.958000e-05	6.047936e-03	8.876532e+00
1.959000e-05	4.357430e-03	8.626498e+00
1.960000e-05	3.410024e-03	8.394877e+00
1.961000e-05	4.126563e-03	8.164241e+00
1.962000e-05	4.530346e-03	7.900163e+00
1.963000e-05	3.298734e-03	7.665530e+00
1.964000e-05	2.014090e-03	7.385344e+00
1.965000e-05	2.824664e-03	7.090713e+00
1.966000e-05	2.858317e-03	6.899529e+00
1.967000e-05	2.001490e-03	6.624927e+00
1.968000e-05	6.507062e-04	6.374187e+00
1.969000e-05	9.191303e-04	6.119633e+00
1.970000e-05	1.253665e-03	5.847875e+00
1.971000e-05	7.259474e-04	5.555818e+00
1.972000e-05	-2.982116e-04	5.309006e+00
1.973000e-05	-7.149888e-04	4.932190e+00
1.974000e-05	5.570213e-04	4.640551e+00
1.975000e-05	-2.346986e-04	4.396400e+00
1.976000e-05	-9.091614e-04	4.132561e+00
1.977000e-05	-1.838795e-03	3.829969e+00
1.978000e-05	-1.150704e-03	3.586399e+00
1.979000e-05	-2.095211e-03	3.312512e+00
1.980000e-05	-2.869384e-03	2.997448e+00
1.981000e-05	-3.057565e-03	2.765790e+00
1.982000e-05	-2.406160e-03	2.410473e+00
1.983000e-05	-2.541342e-03	2.205743e+00
1.984000e-05	-2.480503e-03	1.933612e+00
1.985000e-05	-3.823790e-03	1.648295e+00
1.986000e-05	-2.998361e-03	1.344106e+00
1.987000e-05	-4.108698e-03	9.767922e-01
1.988000e-05	-3.635271e-03	7.145315e-01
1.989000e-05	-4.316397e-03	4.109751e-01
1.990000e-05	-3.741680e-03	1.661305e-01
1.991000e-05	-9.643481e-04	-1.375962e-01
1.992000e-05	6.968294e-03	-3.807301e-01
1.993000e-05	-5.873788e-03	-7.054208e-01
1.994000e-05	5.594443e-04	-9.575500e-01
1.995000e-05	-6.314332e-03	-1.221234e+00
1.996000e-05	-1.401862e-03	-1.486897e+00
1.997000e-05	-4.107754e-03	-1.769025e+00
1.998000e-05	1.619690e-02	-1.959180e+00
1.999000e-05	8.162195e-02	-2.271867e+00
2.000000e-05	7.882431e-04	-2.556781e+00
2.001000e-05	-7.012407e-02	-2.956654e+00
2.002000e-05	-3.773881e-02	-3.304497e+00
2.003000e-05	-2.273419e-02	-3.534999e+00
2.004000e-05	-3.866629e-02	-3.848108e+00
2.005000e-05	-3.284042e-02	-4.008181e+00
2.006000e-05	1.361213e-01	-4.176629e+00
2.007000e-05	-1.491207e-01	-4.451515e+00
2.008000e-05	1.552267e-01	-4.737129e+00
2.009000e-05	-3.664722e-02	-5.027163e+00
2.010000e-05	-8.468478e-02	-5.364706e+00
2.011000e-05	7.937825e-02	-5.588211e+00
2.012000e-05	-1.519077e-01	-5.872421e+00
2.013000e-05	1.351482e-01	-6.183602e+00
2.014000e-05	-8.312992e-02	-6.406237e+00
2.015000e-05	1.264187e-02	-6.711943e+00
2.016000e-05	6.132563e-02	-6.895158e+00
2.017000e-05	-1.073375e-01	-7.281918e+00
2.018000e-05	6.342022e-02	-7.472446e+00
2.019000e-05	-1.051212e-01	-7.777283e+00
2.020000e-05	6.841568e-02	-8.051792e+00
2.021000e-05	-2.535482e-02	-8.251347e+00
2.022000e-05	-3.632258e-02	-8.543124e+00
2.023000e-05	5.045458e-02	-8.733630e+00
2.024000e-05	-9.302922e-02	-9.018312e+00
2.025000e-05	6.436019e-02	-9.198735e+00
2.026000e-05	-9.198240e-02	-9.469395e+00
2.027000e-05	4.636318e-02	-9.683476e+00
2.028000e-05	-4.007529e-02	-9.909900e+00
2.029000e-05	6.908351e-03	-1.016416e+01
2.030000e-05	-1.733666e-02	-1.031106e+01
2.031000e-05	-4.175993e-02	-1.054478e+01
2.032000e-05	1.545476e-02	-1.072511e+01
2.033000e-05	-5.149502e-02	-1.097418e+01
2.034000e-05	2.038363e-02	-1.116363e+01
2.035000e-05	-5.430935e-02	-1.137268e+01
2.036000e-05	1.974768e-02	-1.159426e+01
2.037000e-05	-4.583576e-02	-1.182324e+01
2.038000e-05	1.910228e-03	-1.199374e+01
2.039000e-05	-4.220510e-02	-1.218516e+01
2.040000e-05	-5.842418e-03	-1.235266e+01
2.041000e-05	-2.068315e-02	-1.253111e+01
2.042000e-05	-2.354262e-02	-1.272895e+01
2.043000e-05	-2.037095e-02	-1.286844e+01
2.044000e-05	-3.364537e-02	-1.300729e+01
2.045000e-05	-7.069638e-03	-1.317411e+01
2.046000e-05	-3.910070e-02	-1.333060e+01
2.047000e-05	-1.081421e-02	-1.349735e+01
2.048000e-05	-3.536304e-02	-1.361273e+01
2.049000e-05	-1.049884e-02	-1.373211e+01
2.050000e-05	-3.749193e-02	-1.385792e+01
2.051000e-05	-2.657666e-02	-1.402379e+01
2.052000e-05	-3.381941e-02	-1.411960e+01
2.053000e-05	-2.348668e-02	-1.428542e+01
2.054000e-05	-3.044530e-02	-1.436168e+01
2.055000e-05	-3.134877e-02	-1.447745e+01
2.056000e-05	-2.951914e-02	-1.458318e+01
2.057000e-05	-3.034027e-02	-1.467677e+01
2.058000e-05	-3.094819e-02	-1.472213e+01
2.059000e-05	-3.795954e-02	-1.484529e+01
2.060000e-05	-3.460855e-02	-1.489000e+01
2.061000e-05	-3.521650e-02	-1.499116e+01
2.062000e-05	-3.434840e-02	-1.506526e+01
2.063000e-05	-4.137678e-02	-1.511897e+01
2.064000e-05	-3.786895e-02	-1.514958e+01
2.065000e-05	-4.028454e-02	-1.521323e+01
2.066000e-05	-3.687588e-02	-1.525637e+01
2.067000e-05	-4.517566e-02	-1.532840e+01
2.068000e-05	-4.265474e-02	-1.534053e+01
2.069000e-05	-4.384553e-02	-1.536311e+01
2.070000e-05	-4.404776e-02	-1.535256e+01
2.071000e-05	-4.834149e-02	-1.539313e+01
2.072000e-05	-5.247040e-02	-1.541366e+01
2.073000e-05	-5.028156e-02	-1.539469e+01
2.074000e-05	-5.359016e-02	-1.539516e+01
2.075000e-05	-5.651514e-02	-1.543361e+01
2.076000e-05	-6.157302e-02	-1.536311e+01
2.077000e-05	-6.265448e-02	-1.537266e+01
2.078000e-05	-6.749176e-02	-1.537155e+01
2.079000e-05	-7.565398e-02	-1.533945e+01
2.080000e-05	-8.441324e-02	-1.529942e+01
2.081000e-05	-9.284263e-02	-1.523471e+01
2.082000e-05	-1.034052e-01	-1.518458e+01
2.083000e-05	-1.212218e-01	-1.515153e+01
2.084000e-05	-1.412714e-01	-1.509839e+01
2.085000e-05	-1.622366e-01	-1.505517e+01
2.086000e-05	-1.854523e-01	-1.498301e+01
2.087000e-05	-2.070506e-01	-1.492792e+01
2.088000e-05	-2.211041e-01	-1.484374e+01
2.089000e-05	-2.202741e-01	-1.476003e+01
2.090000e-05	-2.070439e-01	-1.469779e+01
2.091000e-05	-1.882765e-01	-1.459408e+01
2.092000e-05	-1.663058e-01	-1.446834e+01
2.093000e-05	-1.450564e-01	-1.439302e+01
2.094000e-05	-1.220299e-01	-1.430614e+01
2.095000e-05	-1.071379e-01	-1.415945e+01
2.096000e-05	-9.386776e-02	-1.402473e+01
2.097000e-05	-8.179989e-02	-1.388932e+01
2.098000e-05	-6.960555e-02	-1.375046e+01
2.099000e-05	-6.241909e-02	-1.363564e+01
2.100000e-05	-5.801209e-02	-1.348682e+01
2.101000e-05	-5.038539e-02	-1.333045e+01
2.102000e-05	-4.518643e-02	-1.318449e+01
2.103000e-05	-4.010224e-02	-1.307569e+01
2.104000e-05	-3.902910e-02	-1.293774e+01
2.105000e-05	-3.520062e-02	-1.276037e+01
2.106000e-05	-3.212904e-02	-1.258293e+01
2.107000e-05	-2.903172e-02	-1.241606e+01
2.108000e-05	-2.907504e-02	-1.224766e+01
2.109000e-05	-2.780556e-02	-1.206714e+01
2.110000e-05	-2.507259e-02	-1.187774e+01
2.111000e-05	-2.338635e-02	-1.167814e+01
2.112000e-05	-2.305085e-02	-1.141554e+01
2.113000e-05	-2.330772e-02	-1.122351e+01
2.114000e-05	-2.145858e-02	-1.101553e+01
2.115000e-05	-1.991322e-02	-1.082506e+01
2.116000e-05	-1.928534e-02	-1.064611e+01
2.117000e-05	-1.939262e-02	-1.039505e+01
2.118000e-05	-1.812740e-02	-1.017493e+01
2.119000e-05	-1.618980e-02	-1.000395e+01
2.120000e-05	-1.644426e-02	-9.813449e+00
2.121000e-05	-1.725690e-02	-9.591849e+00
2.122000e-05	-1.545303e-02	-9.351242e+00
2.123000e-05	-1.443025e-02	-9.080164e+00
2.124000e-05	-1.472342e-02	-8.887088e+00
2.125000e-05	-1.396125e-02	-8.656981e+00
2.126000e-05	-1.348585e-02	-8.402373e+00
2.127000e-05	-1.289987e-02	-8.184398e+00
2.128000e-05	-1.222731e-02	-7.891215e+00
2.129000e-05	-1.285986e-02	-7.586431e+00
2.130000e-05	-1.261399e-02	-7.373299e+00
2.131000e-05	-1.127138e-02	-7.122716e+00
2.132000e-05	-1.164181e-02	-6.828958e+00
2.133000e-05	-1.121555e-02	-6.586928e+00
2.134000e-05	-1.056714e-02	-6.363696e+00
2.135000e-05	-9.689979e-03	-6.070112e+00
2.136000e-05	-9.997764e-03	-5.817303e+00
2.137000e-05	-9.919407e-03	-5.524770e+00
2.138000e-05	-8.431427e-03	-5.228436e+00
2.139000e-05	-8.573376e-03	-4.933317e+00
2.140000e-05	-8.509114e-03	-4.607455e+00
2.141000e-05	-8.707215e-03	-4.377395e+00
2.142000e-05	-7.290778e-03	-4.124768e+00
2.143000e-05	-7.995988e-03	-3.881303e+00
2.144000e-05	-7.204118e-03	-3.606898e+00
2.145000e-05	-9.428500e-03	-3.315013e+00
2.146000e-05	-6.969911e-03	-3.029849e+00
2.147000e-05	-6.668082e-03	-2.735688e+00
2.148000e-05	-5.771952e-03	-2.441458e+00
2.149000e-05	-5.685784e-03	-2.157167e+00
2.150000e-05	-6.073552e-03	-1.882557e+00
2.151000e-05	-6.106152e-03	-1.619400e+00
2.152000e-05	-6.204659e-03	-1.282563e+00
2.153000e-05	-6.588438e-03	-1.007796e+00
2.154000e-05	-5.487377e-03	-7.241370e-01
2.155000e-05	-4.407938e-03	-4.393726e-01
2.156000e-05	-3.220584e-03	-1.366684e-01
2.157000e-05	6.035389e-03	1.064931e-01
2.158000e-05	2.934336e-03	4.022825e-01
2.159000e-05	1.401602e-03	6.343395e-01
2.160000e-05	-5.043479e-04	9.174994e-01
2.161000e-05	-1.085954e-04	1.242305e+00
2.162000e-05	3.776872e-04	1.504598e+00
2.163000e-05	1.604072e-03	1.818755e+00
2.164000e-05	1.267336e-02	2.031758e+00
2.165000e-05	5.685713e-02	2.315393e+00
2.166000e-05	5.148133e-02	2.640864e+00
2.167000e-05	-6.439152e-02	2.976596e+00
2.168000e-05	-4.135160e-02	3.201785e+00
2.169000e-05	-2.177845e-02	3.504498e+00
2.170000e-05	9.792066e-03	3.747523e+00
2.171000e-05	-5.505249e-02	3.946498e+00
2.172000e-05	-6.247800e-03	4.176128e+00
2.173000e-05	1.030104e-01	4.493366e+00
2.174000e-05	-5.360003e-02	4.736597e+00
2.175000e-05	1.098028e-01	5.056762e+00
2.176000e-05	-6.055388e-02	5.366279e+00
2.177000e-05	-2.915871e-02	5.619229e+00
2.178000e-05	5.828639e-02	5.901944e+00
2.179000e-05	-3.352437e-02	6.155050e+00
2.180000e-05	4.117390e-02	6.387806e+00
2.181000e-05	-5.256177e-02	6.711917e+00
2.182000e-05	5.917131e-02	6.955129e+00
2.183000e-05	2.625166e-02	7.246886e+00
2.184000e-05	-3.002405e-02	7.541022e+00
2.185000e-05	-1.121071e-02	7.776151e+00
2.186000e-05	4.565718e-03	8.049813e+00
2.187000e-05	6.576194e-02	8.271945e+00
2.188000e-05	-2.606450e-02	8.554070e+00
2.189000e-05	-8.226668e-03	8.725076e+00
2.190000e-05	2.978909e-02	9.004676e+00
2.191000e-05	8.865503e-03	9.217261e+00
2.192000e-05	1.935580e-02	9.437361e+00
2.193000e-05	-2.660542e-02	9.659938e+00
2.194000e-05	2.993795e-02	9.909493e+00
2.195000e-05	2.093275e-02	1.011350e+01
2.196000e-05	2.085674e-02	1.034252e+01
2.197000e-05	-1.209268e-02	1.051262e+01
2.198000e-05	1.777671e-03	1.073168e+01
2.199000e-05	3.775460e-02	1.095305e+01
2.200000e-05	8.875043e-03	1.112305e+01
2.201000e-05	9.396761e-03	1.138225e+01
2.202000e-05	8.750580e-04	1.157323e+01
2.203000e-05	3.675414e-02	1.177566e+01
2.204000e-05	1.307499e-02	1.197405e+01
2.205000e-05	7.399530e-03	1.216067e+01
2.206000e-05	3.370419e-03	1.235257e+01
2.207000e-05	2.804416e-02	1.250000e+01
2.208000e-05	2.725199e-02	1.264821e+01
2.209000e-05	1.058812e-02	1.282474e+01
2.210000e-05	1.262584e-02	1.296225e+01
2.211000e-05	2.517946e-02	1.314907e+01
2.212000e-05	2.930579e-02	1.327897e+01
2.213000e-05	9.557493e-03	1.343426e+01
2.214000e-05	9.770966e-03	1.359158e+01
2.215000e-05	2.470529e-02	1.368940e+01
2.216000e-05	2.939010e-02	1.382631e+01
2.217000e-05	2.081334e-02	1.397062e+01
2.218000e-05	1.599941e-02	1.409704e+01
2.219000e-05	2.988779e-02	1.427479e+01
2.220000e-05	3.150509e-02	1.433895e+01
2.221000e-05	2.179901e-02	1.448539e+01
2.222000e-05	1.731155e-02	1.453955e+01
2.223000e-05	2.596188e-02	1.462573e+01
2.224000e-05	3.476990e-02	1.472905e+01
2.225000e-05	2.579279e-02	1.479411e+01
2.226000e-05	2.504721e-02	1.485579e+01
2.227000e-05	2.953520e-02	1.492952e+01
2.228000e-05	3.956074e-02	1.497213e+01
2.229000e-05	3.100982e-02	1.502727e+01
2.230000e-05	2.684470e-02	1.509739e+01
2.231000e-05	3.104745e-02	1.519005e+01
2.232000e-05	3.841165e-02	1.523208e+01
2.233000e-05	3.670110e-02	1.525524e+01
2.234000e-05	3.119467e-02	1.528591e+01
2.235000e-05	3.950592e-02	1.532647e+01
2.236000e-05	4.500508e-02	1.530849e+01
2.237000e-05	4.570346e-02	1.530797e+01
2.238000e-05	3.879945e-02	1.530748e+01
2.239000e-05	4.383118e-02	1.535863e+01
2.240000e-05	5.086019e-02	1.535050e+01
2.241000e-05	5.293532e-02	1.530845e+01
2.242000e-05	5.108108e-02	1.531997e+01
2.243000e-05	5.685217e-02	1.528642e+01
2.244000e-05	6.935944e-02	1.531682e+01
2.245000e-05	7.389513e-02	1.525436e+01
2.246000e-05	7.826619e-02	1.519363e+01
2.247000e-05	8.744529e-02	1.519463e+01
2.248000e-05	1.072944e-01	1.515999e+01
2.249000e-05	1.240039e-01	1.506774e+01
2.250000e-05	1.403753e-01	1.503516e+01
2.251000e-05	1.622272e-01	1.495245e+01
2.252000e-05	1.914770e-01	1.488734e+01
2.253000e-05	2.114463e-01	1.487566e+01
2.254000e-05	2.136960e-01	1.477042e+01
2.255000e-05	2.056692e-01	1.465679e+01
2.256000e-05	1.940643e-01	1.459205e+01
2.257000e-05	1.759133e-01	1.446734e+01
2.258000e-05	1.499948e-01	1.440303e+01
2.259000e-05	1.244005e-01	1.428677e+01
2.260000e-05	1.097430e-01	1.416105e+01
2.261000e-05	9.658807e-02	1.401466e+01
2.262000e-05	8.148469e-02	1.394789e+01
2.263000e-05	6.563862e-02	1.378198e+01
2.264000e-05	6.031385e-02	1.363416e+01
2.265000e-05	5.480856e-02	1.349931e+01
2.266000e-05	4.673740e-02	1.339395e+01
2.267000e-05	3.710477e-02	1.323708e+01
2.268000e-05	3.550787e-02	1.306764e+01
2.269000e-05	3.384525e-02	1.294037e+01
2.270000e-05	3.101986e-02	1.275190e+01
2.271000e-05	2.457181e-02	1.260658e+01
2.272000e-05	2.213456e-02	1.243918e+01
2.273000e-05	2.368727e-02	1.228971e+01
2.274000e-05	2.070800e-02	1.208874e+01
2.275000e-05	1.593345e-02	1.191934e+01
2.276000e-05	1.380068e-02	1.174024e+01
2.277000e-05	1.695469e-02	1.151932e+01
2.278000e-05	1.620367e-02	1.132179e+01
2.279000e-05	1.250225e-02	1.111014e+01
2.280000e-05	1.047543e-02	1.090124e+01
2.281000e-05	1.243979e-02	1.074021e+01
2.282000e-05	1.262172e-02	1.051027e+01
2.283000e-05	7.321187e-03	1.027969e+01
2.284000e-05	6.961548e-03	1.008913e+01
2.285000e-05	8.561433e-03	9.868084e+00
2.286000e-05	9.793941e-03	9.616447e+00
2.287000e-05	5.357682e-03	9.395448e+00
2.288000e-05	4.273450e-03	9.215470e+00
2.289000e-05	6.574012e-03	8.983315e+00
2.290000e-05	6.910089e-03	8.680712e+00
2.291000e-05	4.826126e-03	8.499134e+00
2.292000e-05	3.166721e-03	8.259153e+00
2.293000e-05	3.118925e-03	8.025949e+00
2.294000e-05	4.337386e-03	7.753242e+00
2.295000e-05	3.018007e-03	7.490608e+00
2.296000e-05	1.001946e-03	7.205976e+00
2.297000e-05	2.026970e-03	6.974770e+00
2.298000e-05	3.425705e-03	6.711140e+00
2.299000e-05	2.173245e-03	6.439602e+00
2.300000e-05	-7.698961e-05	6.196825e+00
2.301000e-05	9.508581e-06	5.933865e+00
2.302000e-05	1.694433e-03	5.699455e+00
2.303000e-05	6.256545e-04	5.375475e+00
2.304000e-05	-1.096101e-03	5.100707e+00
2.305000e-05	-1.181112e-03	4.785267e+00
2.306000e-05	1.299099e-03	4.524036e+00
2.307000e-05	-1.116963e-03	4.197472e+00
2.308000e-05	-2.505462e-03	3.944158e+00
2.309000e-05	-2.919133e-03	3.632559e+00
2.310000e-05	-8.040226e-04	3.389294e+00
2.311000e-05	-5.905057e-04	3.122634e+00
2.312000e-05	-3.370141e-03	2.840079e+00
2.313000e-05	-3.942880e-03	2.595688e+00
2.314000e-05	-1.997410e-03	2.272455e+00
2.315000e-05	-2.138761e-03	2.001348e+00
2.316000e-05	-4.311195e-03	1.725111e+00
2.317000e-05	-5.813026e-03	1.428878e+00
2.318000e-05	-3.083093e-03	1.134508e+00
2.319000e-05	-2.303266e-03	8.282951e-01
2.320000e-05	-4.122260e-03	5.361870e-01
2.321000e-05	-3.549050e-03	2.614303e-01
2.322000e-05	-1.825823e-03	-3.226295e-02
2.323000e-05	7.216000e-03	-3.164145e-01
2.324000e-05	-3.093137e-03	-5.361034e-01
2.325000e-05	-2.284176e-03	-8.437629e-01
2.326000e-05	-7.307878e-03	-1.095843e+00
2.327000e-05	-3.564459e-04	-1.431307e+00
2.328000e-05	-5.129476e-03	-1.662309e+00
2.329000e-05	6.073403e-03	-1.923891e+00
2.330000e-05	4.350617e-02	-2.096047e+00
2.331000e-05	8.049601e-02	-2.422338e+00
2.332000e-05	-8.345423e-02	-2.799786e+00
2.333000e-05	-3.282847e-02	-3.169209e+00
2.334000e-05	-4.838133e-02	-3.422786e+00
2.335000e-05	-8.276844e-03	-3.692416e+00
2.336000e-05	-8.458454e-02	-3.924999e+00
2.337000e-05	1.196998e-01	-4.113400e+00
2.338000e-05	-4.452235e-02	-4.315527e+00
2.339000e-05	-1.028276e-02	-4.640767e+00
2.340000e-05	1.418742e-01	-4.902341e+00
2.341000e-05	-1.844432e-01	-5.208838e+00
2.342000e-05	1.024103e-01	-5.513498e+00
2.343000e-05	-1.128421e-01	-5.757679e+00
2.344000e-05	2.975014e-02	-6.070839e+00
2.345000e-05	4.815816e-02	-6.290999e+00
2.346000e-05	-1.056845e-01	-6.626784e+00
2.347000e-05	1.253874e-01	-6.759814e+00
2.348000e-05	-9.819076e-02	-7.164079e+00
2.349000e-05	1.974783e-02	-7.416711e+00
2.350000e-05	-3.486712e-02	-7.638413e+00
2.351000e-05	-3.301733e-02	-7.984631e+00
2.352000e-05	7.479957e-02	-8.185185e+00
2.353000e-05	-1.033225e-01	-8.418766e+00
2.354000e-05	7.565444e-02	-8.667469e+00
2.355000e-05	-7.856146e-02	-8.904526e+00
2.356000e-05	2.215552e-02	-9.145152e+00
2.357000e-05	-2.404425e-02	-9.413129e+00
2.358000e-05	-3.228383e-02	-9.617737e+00
2.359000e-05	3.108206e-02	-9.865259e+00
2.360000e-05	-5.518862e-02	-1.001844e+01
2.361000e-05	3.855114e-02	-1.026789e+01
2.362000e-05	-7.786292e-02	-1.043997e+01
2.363000e-05	2.833546e-02	-1.071985e+01
2.364000e-05	-5.087586e-02	-1.088849e+01
2.365000e-05	1.127753e-02	-1.111900e+01
2.366000e-05	-3.336934e-02	-1.130050e+01
2.367000e-05	-8.060653e-03	-1.152065e+01
2.368000e-05	-1.422052e-02	-1.171110e+01
2.369000e-05	-2.576128e-02	-1.195910e+01
2.370000e-05	-1.353151e-02	-1.212058e+01
2.371000e-05	-3.925503e-02	-1.229945e+01
2.372000e-05	3.951543e-03	-1.249842e+01
2.373000e-05	-3.785873e-02	-1.264784e+01
2.374000e-05	-4.788565e-03	-1.281426e+01
2.375000e-05	-4.365060e-02	-1.300363e+01
2.376000e-05	-2.865687e-03	-1.306998e+01
2.377000e-05	-3.518176e-02	-1.326844e+01
2.378000e-05	-1.770987e-02	-1.340378e+01
2.379000e-05	-3.171735e-02	-1.357265e+01
2.380000e-05	-1.937379e-02	-1.370098e+01
2.381000e-05	-2.355316e-02	-1.382686e+01
2.382000e-05	-3.338286e-02	-1.399203e+01
2.383000e-05	-2.680261e-02	-1.412694e+01
2.384000e-05	-3.110020e-02	-1.425171e+01
2.385000e-05	-2.165033e-02	-1.433008e+01
2.386000e-05	-3.509119e-02	-1.443629e+01
2.387000e-05	-2.793557e-02	-1.452107e+01
2.388000e-05	-3.446806e-02	-1.461469e+01
2.389000e-05	-2.816117e-02	-1.467998e+01
2.390000e-05	-3.688777e-02	-1.481424e+01
2.391000e-05	-3.476532e-02	-1.486740e+01
2.392000e-05	-3.613961e-02	-1.496063e+01
2.393000e-05	-3.179253e-02	-1.500429e+01
2.394000e-05	-3.938646e-02	-1.509740e+01
2.395000e-05	-3.599318e-02	-1.516048e+01
2.396000e-05	-4.005195e-02	-1.519119e+01
2.397000e-05	-3.686431e-02	-1.522421e+01
2.398000e-05	-4.237462e-02	-1.530644e+01
2.399000e-05	-4.537296e-02	-1.530000e+01
2.400000e-05	-4.400268e-02	-1.534005e+01
2.401000e-05	-4.627675e-02	-1.536258e+01
2.402000e-05	-4.373682e-02	-1.538366e+01
2.403000e-05	-5.128967e-02	-1.537216e+01
2.404000e-05	-4.849566e-02	-1.539418e+01
2.405000e-05	-5.299636e-02	-1.539516e+01
2.406000e-05	-5.428993e-02	-1.545516e+01
2.407000e-05	-6.155205e-02	-1.540469e+01
2.408000e-05	-6.444179e-02	-1.538108e+01
2.409000e-05	-6.749950e-02	-1.535108e+01
2.410000e-05	-7.148757e-02	-1.534203e+01
2.411000e-05	-7.920363e-02	-1.530837e+01
2.412000e-05	-8.742776e-02	-1.527779e+01
2.413000e-05	-9.818488e-02	-1.524564e+01
2.414000e-05	-1.128952e-01	-1.518355e+01
2.415000e-05	-1.336772e-01	-1.513045e+01
2.416000e-05	-1.541103e-01	-1.510637e+01
2.417000e-05	-1.785183e-01	-1.501364e+01
2.418000e-05	-1.994866e-01	-1.492148e+01
2.419000e-05	-2.170506e-01	-1.491732e+01
2.420000e-05	-2.203943e-01	-1.480311e+01
2.421000e-05	-2.124454e-01	-1.471887e+01
2.422000e-05	-1.962382e-01	-1.466418e+01
2.423000e-05	-1.744265e-01	-1.452035e+01
2.424000e-05	-1.541161e-01	-1.442268e+01
2.425000e-05	-1.317954e-01	-1.429985e+01
2.426000e-05	-1.150381e-01	-1.421311e+01
2.427000e-05	-9.880217e-02	-1.408679e+01
2.428000e-05	-8.499995e-02	-1.398198e+01
2.429000e-05	-7.447210e-02	-1.378556e+01
2.430000e-05	-6.591222e-02	-1.368784e+01
2.431000e-05	-5.880097e-02	-1.353095e+01
2.432000e-05	-5.183935e-02	-1.343408e+01
2.433000e-05	-4.752808e-02	-1.325614e+01
2.434000e-05	-4.495880e-02	-1.310037e+01
2.435000e-05	-3.920669e-02	-1.299393e+01
2.436000e-05	-3.500507e-02	-1.281351e+01
2.437000e-05	-3.267801e-02	-1.265669e+01
2.438000e-05	-3.135592e-02	-1.248721e+01
2.439000e-05	-2.923725e-02	-1.231027e+01
2.440000e-05	-2.605382e-02	-1.214882e+01
2.441000e-05	-2.666922e-02	-1.197047e+01
2.442000e-05	-2.531923e-02	-1.179285e+01
2.443000e-05	-2.450826e-02	-1.152124e+01
2.444000e-05	-2.145892e-02	-1.131024e+01
2.445000e-05	-2.130452e-02	-1.106819e+01
2.446000e-05	-2.092140e-02	-1.086074e+01
2.447000e-05	-2.020953e-02	-1.067084e+01
2.448000e-05	-1.840882e-02	-1.054929e+01
2.449000e-05	-1.737091e-02	-1.032019e+01
2.450000e-05	-1.831201e-02	-1.007866e+01
2.451000e-05	-1.711715e-02	-9.857609e+00
2.452000e-05	-1.618481e-02	-9.649557e+00
2.453000e-05	-1.442372e-02	-9.434980e+00
2.454000e-05	-1.599810e-02	-9.145371e+00
2.455000e-05	-1.588805e-02	-9.003347e+00
2.456000e-05	-1.442248e-02	-8.743750e+00
2.457000e-05	-1.411464e-02	-8.519010e+00
2.458000e-05	-1.278204e-02	-8.269558e+00
2.459000e-05	-1.412300e-02	-8.025450e+00
2.460000e-05	-1.172047e-02	-7.732292e+00
2.461000e-05	-1.115980e-02	-7.468604e+00
2.462000e-05	-1.111646e-02	-7.217527e+00
2.463000e-05	-1.273376e-02	-6.944248e+00
2.464000e-05	-1.192467e-02	-6.691659e+00
2.465000e-05	-1.057310e-02	-6.461034e+00
2.466000e-05	-1.004648e-02	-6.175849e+00
2.467000e-05	-1.048984e-02	-5.932741e+00
2.468000e-05	-1.107175e-02	-5.651954e+00
2.469000e-05	-7.396097e-03	-5.343766e+00
2.470000e-05	-9.723139e-03	-5.061407e+00
2.471000e-05	-7.923862e-03	-4.691141e+00
2.472000e-05	-9.742383e-03	-4.462533e+00
2.473000e-05	-6.687038e-03	-4.270906e+00
2.474000e-05	-9.194286e-03	-3.975868e+00
2.475000e-05	-8.848082e-03	-3.682982e+00
2.476000e-05	-1.193970e-02	-3.428875e+00
2.477000e-05	-7.495205e-03	-3.124768e+00
2.478000e-05	-7.634142e-03	-2.820402e+00
2.479000e-05	-5.573900e-03	-2.586317e+00
2.480000e-05	-6.186383e-03	-2.333555e+00
2.481000e-05	-4.991293e-03	-1.987845e+00
2.482000e-05	-5.570500e-03	-1.715587e+00
2.483000e-05	-7.579684e-03	-1.399299e+00
2.484000e-05	-8.166214e-03	-1.105059e+00
2.485000e-05	-6.479433e-03	-8.609253e-01
2.486000e-05	-4.104236e-03	-5.456617e-01
2.487000e-05	-4.343096e-03	-2.640854e-01
2.488000e-05	1.019279e-03	1.180770e-02
2.489000e-05	9.319858e-03	3.370194e-01
2.490000e-05	-7.212013e-04	5.574749e-01
2.491000e-05	2.283560e-03	8.007324e-01
2.492000e-05	-3.451919e-03	1.155468e+00
2.493000e-05	2.336334e-03	1.348705e+00
2.494000e-05	-1.814926e-03	1.703468e+00
2.495000e-05	1.006270e-02	1.926470e+00
2.496000e-05	2.692157e-02	2.159601e+00
2.497000e-05	8.415836e-02	2.431489e+00
2.498000e-05	-3.729926e-02	2.831737e+00
2.499000e-05	-4.874702e-02	3.135998e+00
2.500000e-05	-3.948585e-02	3.387207e+00
2.501000e-05	7.560536e-03	3.692860e+00
2.502000e-05	-2.887823e-02	3.862859e+00
2.503000e-05	-4.835128e-02	4.052312e+00
2.504000e-05	8.314730e-02	4.335594e+00
2.505000e-05	3.612008e-03	4.660265e+00
2.506000e-05	2.865672e-02	4.842563e+00
2.507000e-05	5.181675e-02	5.260912e+00
2.508000e-05	-9.988196e-02	5.524496e+00
2.509000e-05	6.229278e-02	5.776721e+00
2.510000e-05	-8.913591e-03	6.071388e+00
2.511000e-05	1.095390e-02	6.303472e+00
2.512000e-05	-7.310039e-03	6.626729e+00
2.513000e-05	-1.591688e-02	6.871814e+00
2.514000e-05	8.579413e-02	7.082473e+00
2.515000e-05	-4.082137e-02	7.408231e+00
2.516000e-05	-1.787036e-03	7.640342e+00
2.517000e-05	-2.335952e-02	7.953051e+00
2.518000e-05	6.153734e-02	8.217684e+00
2.519000e-05	1.764892e-02	8.398738e+00
2.520000e-05	-4.262027e-02	8.647837e+00
2.521000e-05	3.441621e-02	8.869518e+00
2.522000e-05	2.113904e-03	9.112018e+00
2.523000e-05	3.390784e-02	9.363525e+00
2.524000e-05	-2.477400e-02	9.565681e+00
2.525000e-05	1.514627e-02	9.796754e+00
2.526000e-05	2.484695e-02	1.000739e+01
2.527000e-05	2.322060e-02	1.024731e+01
2.528000e-05	2.343635e-03	1.042797e+01
2.529000e-05	-1.800403e-02	1.067034e+01
2.530000e-05	3.702887e-02	1.085989e+01
2.531000e-05	1.331197e-02	1.103839e+01
2.532000e-05	1.741260e-02	1.127747e+01
2.533000e-05	-8.473598e-03	1.150790e+01
2.534000e-05	3.298733e-02	1.171999e+01
2.535000e-05	1.928341e-02	1.186944e+01
2.536000e-05	1.316810e-02	1.202942e+01
2.537000e-05	-6.329494e-04	1.226586e+01
2.538000e-05	1.826312e-02	1.239624e+01
2.539000e-05	3.140525e-02	1.259320e+01
2.540000e-05	1.291602e-02	1.273303e+01
2.541000e-05	1.205071e-02	1.289899e+01
2.542000e-05	1.291216e-02	1.301534e+01
2.543000e-05	3.592022e-02	1.321731e+01
2.544000e-05	1.345704e-02	1.337261e+01
2.545000e-05	1.484216e-02	1.344892e+01
2.546000e-05	1.654270e-02	1.364729e+01
2.547000e-05	3.320876e-02	1.374013e+01
2.548000e-05	2.151154e-02	1.392805e+01
2.549000e-05	1.382964e-02	1.400534e+01
2.550000e-05	2.144650e-02	1.420058e+01
2.551000e-05	3.093202e-02	1.427902e+01
2.552000e-05	2.928838e-02	1.440266e+01
2.553000e-05	1.695427e-02	1.449845e+01
2.554000e-05	2.598249e-02	1.458461e+01
2.555000e-05	3.165861e-02	1.467794e+01
2.556000e-05	3.220730e-02	1.475211e+01
2.557000e-05	2.151800e-02	1.483624e+01
2.558000e-05	2.571883e-02	1.489194e+01
2.559000e-05	3.510752e-02	1.495161e+01
2.560000e-05	3.480440e-02	1.500524e+01
2.561000e-05	2.841711e-02	1.507729e+01
2.562000e-05	2.808471e-02	1.514100e+01
2.563000e-05	3.951993e-02	1.520268e+01
2.564000e-05	3.873924e-02	1.525381e+01
2.565000e-05	3.452922e-02	1.524481e+01
2.566000e-05	3.295993e-02	1.527737e+01
2.567000e-05	4.286750e-02	1.530847e+01
2.568000e-05	4.483684e-02	1.531747e+01
2.569000e-05	3.987872e-02	1.531950e+01
2.570000e-05	4.089795e-02	1.536055e+01
2.571000e-05	4.801852e-02	1.533950e+01
2.572000e-05	5.549963e-02	1.536850e+01
2.573000e-05	5.216417e-02	1.532797e+01
2.574000e-05	5.586157e-02	1.531842e+01
2.575000e-05	6.330503e-02	1.527739e+01
2.576000e-05	7.401680e-02	1.526684e+01
2.577000e-05	7.460832e-02	1.523419e+01
2.578000e-05	8.162894e-02	1.519211e+01
2.579000e-05	9.802057e-02	1.517857e+01
2.580000e-05	1.168197e-01	1.511889e+01
2.581000e-05	1.350231e-01	1.503516e+01
2.582000e-05	1.525588e-01	1.500197e+01
2.583000e-05	1.810665e-01	1.492982e+01
2.584000e-05	2.046477e-01	1.488671e+01
2.585000e-05	2.141967e-01	1.479408e+01
2.586000e-05	2.098252e-01	1.471829e+01
2.587000e-05	1.996044e-01	1.461311e+01
2.588000e-05	1.839595e-01	1.453090e+01
2.589000e-05	1.586358e-01	1.444563e+01
2.590000e-05	1.338736e-01	1.434837e+01
2.591000e-05	1.137931e-01	1.422505e+01
2.592000e-05	1.037484e-01	1.407831e+01
2.593000e-05	8.714815e-02	1.392005e+01
2.594000e-05	7.313518e-02	1.382314e+01
2.595000e-05	6.162758e-02	1.369872e+01
2.596000e-05	5.694396e-02	1.357042e+01
2.597000e-05	4.927616e-02	1.346756e+01
2.598000e-05	4.017196e-02	1.326781e+01
2.599000e-05	3.587779e-02	1.310979e+01
2.600000e-05	3.467286e-02	1.302045e+01
2.601000e-05	3.252563e-02	1.283445e+01
2.602000e-05	2.685753e-02	1.268722e+01
2.603000e-05	2.293761e-02	1.253029e+01
2.604000e-05	2.296457e-02	1.232187e+01
2.605000e-05	2.200684e-02	1.220400e+01
2.606000e-05	1.795006e-02	1.198395e+01
2.607000e-05	1.458771e-02	1.179350e+01
2.608000e-05	1.633341e-02	1.161405e+01
2.609000e-05	1.536020e-02	1.140295e+01
2.610000e-05	1.320369e-02	1.117390e+01
2.611000e-05	1.146850e-02	1.100500e+01
2.612000e-05	1.173897e-02	1.079642e+01
2.613000e-05	1.252864e-02	1.063555e+01
2.614000e-05	1.020611e-02	1.037437e+01
2.615000e-05	7.024574e-03	1.020395e+01
2.616000e-05	7.410617e-03	9.944270e+00
2.617000e-05	8.486207e-03	9.720217e+00
2.618000e-05	6.792404e-03	9.470136e+00
2.619000e-05	6.089606e-03	9.268158e+00
2.620000e-05	5.355268e-03	9.039054e+00
2.621000e-05	7.236061e-03	8.786499e+00
2.622000e-05	5.500577e-03	8.635346e+00
2.623000e-05	4.205879e-03	8.384320e+00
2.624000e-05	3.854056e-03	8.111135e+00
2.625000e-05	3.413170e-03	7.849030e+00
2.626000e-05	3.839979e-03	7.585446e+00
2.627000e-05	1.724833e-03	7.322688e+00
2.628000e-05	2.995403e-03	7.058582e+00
2.629000e-05	1.122071e-03	6.846450e+00
2.630000e-05	3.290762e-03	6.574742e+00
2.631000e-05	8.638406e-04	6.330086e+00
2.632000e-05	1.222324e-03	6.058505e+00
2.633000e-05	8.433083e-04	5.805269e+00
2.634000e-05	1.031682e-03	5.532183e+00
2.635000e-05	-5.771030e-04	5.166421e+00
2.636000e-05	-4.524459e-04	4.910482e+00
2.637000e-05	-5.166155e-04	4.597276e+00
2.638000e-05	-1.288666e-03	4.354816e+00
2.639000e-05	-1.103934e-03	4.049904e+00
2.640000e-05	-1.229454e-03	3.806792e+00
2.641000e-05	-6.084993e-04	3.563760e+00
2.642000e-05	-1.068573e-03	3.239398e+00
2.643000e-05	-1.731415e-03	2.966265e+00
2.644000e-05	-2.773654e-03	2.724158e+00
2.645000e-05	-2.808169e-03	2.378817e+00
2.646000e-05	-2.995726e-03	2.085132e+00
2.647000e-05	-4.037759e-03	1.913949e+00
2.648000e-05	-3.911933e-03	1.575188e+00
2.649000e-05	-3.638919e-03	1.252000e+00
2.650000e-05	-4.184418e-03	9.335120e-01
2.651000e-05	-4.181787e-03	6.424013e-01
2.652000e-05	-3.323993e-03	3.892937e-01
2.653000e-05	-2.504921e-03	6.540275e-02
2.654000e-05	1.494295e-03	-2.196337e-01
2.655000e-05	4.904702e-03	-4.528390e-01
2.656000e-05	-5.427143e-03	-7.185221e-01
2.657000e-05	-2.151473e-03	-9.700788e-01
2.658000e-05	-6.050758e-03	-1.243488e+00
2.659000e-05	-2.677717e-03	-1.557051e+00
2.660000e-05	-1.680713e-03	-1.819704e+00
2.661000e-05	2.149116e-02	-2.020230e+00
2.662000e-05	9.473874e-02	-2.284919e+00
2.663000e-05	-3.580227e-02	-2.632892e+00
2.664000e-05	-5.490666e-02	-3.011892e+00
2.665000e-05	-4.684124e-02	-3.366022e+00
2.666000e-05	-1.256134e-02	-3.558227e+00
2.667000e-05	-5.861984e-02	-3.861266e+00
2.668000e-05	1.457531e-02	-4.042212e+00
2.669000e-05	9.850078e-02	-4.230688e+00
2.670000e-05	-1.461790e-01	-4.514993e+00
2.671000e-05	1.882408e-01	-4.758234e+00
2.672000e-05	-1.146259e-01	-5.010392e+00
2.673000e-05	-1.285269e-02	-5.449763e+00
2.674000e-05	2.437139e-02	-5.632364e+00
2.675000e-05	-1.162443e-01	-5.955632e+00
2.676000e-05	1.393151e-01	-6.196178e+00
2.677000e-05	-1.203089e-01	-6.441419e+00
2.678000e-05	6.619443e-02	-6.744577e+00
2.679000e-05	6.407947e-03	-6.976733e+00
2.680000e-05	-7.503860e-02	-7.343547e+00
2.681000e-05	4.925122e-02	-7.515177e+00
2.682000e-05	-1.067611e-01	-7.847837e+00
2.683000e-05	9.402017e-02	-8.111919e+00
2.684000e-05	-6.874394e-02	-8.314547e+00
2.685000e-05	1.003634e-02	-8.624733e+00
2.686000e-05	1.234783e-02	-8.807734e+00
2.687000e-05	-6.845901e-02	-9.049842e+00
2.688000e-05	5.188620e-02	-9.248943e+00
2.689000e-05	-9.388070e-02	-9.521100e+00
2.690000e-05	6.135239e-02	-9.733451e+00
2.691000e-05	-6.226271e-02	-9.903551e+00
2.692000e-05	3.141214e-02	-1.023518e+01
2.693000e-05	-4.529773e-02	-1.039519e+01
2.694000e-05	-1.471720e-02	-1.063523e+01
2.695000e-05	-5.686084e-03	-1.080578e+01
2.696000e-05	-3.522589e-02	-1.102639e+01
2.697000e-05	9.940654e-03	-1.120681e+01
2.698000e-05	-4.641582e-02	-1.143734e+01
2.699000e-05	1.783473e-02	-1.164586e+01
2.700000e-05	-4.967717e-02	-1.184737e+01
2.701000e-05	5.229639e-03	-1.203734e+01
2.702000e-05	-4.997064e-02	-1.218626e+01
2.703000e-05	4.270541e-03	-1.237321e+01
2.704000e-05	-3.148977e-02	-1.257316e+01
2.705000e-05	-1.177513e-02	-1.275050e+01
2.706000e-05	-2.883479e-02	-1.288787e+01
2.707000e-05	-2.231102e-02	-1.305835e+01
2.708000e-05	-1.710319e-02	-1.320521e+01
2.709000e-05	-3.510733e-02	-1.337158e+01
2.710000e-05	-1.536111e-02	-1.350792e+01
2.711000e-05	-3.377530e-02	-1.361434e+01
2.712000e-05	-1.064938e-02	-1.376171e+01
2.713000e-05	-3.863471e-02	-1.392845e+01
2.714000e-05	-2.237652e-02	-1.405541e+01
2.715000e-05	-3.490471e-02	-1.415013e+01
2.716000e-05	-2.206615e-02	-1.424689e+01
2.717000e-05	-3.343908e-02	-1.439261e+01
2.718000e-05	-2.939664e-02	-1.448887e+01
2.719000e-05	-3.126221e-02	-1.459568e+01
2.720000e-05	-2.981541e-02	-1.468789e+01
2.721000e-05	-3.395820e-02	-1.476118e+01
2.722000e-05	-3.634143e-02	-1.485689e+01
2.723000e-05	-3.388967e-02	-1.489953e+01
2.724000e-05	-3.427923e-02	-1.495268e+01
2.725000e-05	-3.525898e-02	-1.509439e+01
2.726000e-05	-4.036881e-02	-1.511847e+01
2.727000e-05	-3.838302e-02	-1.519061e+01
2.728000e-05	-4.111979e-02	-1.521369e+01
2.729000e-05	-3.946123e-02	-1.528576e+01
2.730000e-05	-4.571468e-02	-1.527740e+01
2.731000e-05	-4.149271e-02	-1.530798e+01
2.732000e-05	-4.491728e-02	-1.535908e+01
2.733000e-05	-4.383638e-02	-1.536361e+01
2.734000e-05	-5.003475e-02	-1.537273e+01
2.735000e-05	-5.150539e-02	-1.540314e+01
2.736000e-05	-5.176792e-02	-1.543379e+01
2.737000e-05	-5.523601e-02	-1.537413e+01
2.738000e-05	-5.832711e-02	-1.539413e+01
2.739000e-05	-6.260676e-02	-1.542311e+01
2.740000e-05	-6.429607e-02	-1.535251e+01
2.741000e-05	-7.035698e-02	-1.535050e+01
2.742000e-05	-7.733322e-02	-1.534045e+01
2.743000e-05	-8.570365e-02	-1.528734e+01
2.744000e-05	-9.275026e-02	-1.526627e+01
2.745000e-05	-1.063102e-01	-1.523411e+01
2.746000e-05	-1.251934e-01	-1.513045e+01
2.747000e-05	-1.460397e-01	-1.512640e+01
2.748000e-05	-1.665253e-01	-1.506571e+01
2.749000e-05	-1.912479e-01	-1.498106e+01
2.750000e-05	-2.116284e-01	-1.492846e+01
2.751000e-05	-2.223362e-01	-1.485464e+01
2.752000e-05	-2.168077e-01	-1.474140e+01
2.753000e-05	-2.037141e-01	-1.466619e+01
2.754000e-05	-1.846535e-01	-1.458301e+01
2.755000e-05	-1.616069e-01	-1.448716e+01
2.756000e-05	-1.397111e-01	-1.436150e+01
2.757000e-05	-1.199164e-01	-1.425471e+01
2.758000e-05	-1.052439e-01	-1.411893e+01
2.759000e-05	-9.093886e-02	-1.400213e+01
2.760000e-05	-7.866410e-02	-1.389721e+01
2.761000e-05	-6.957801e-02	-1.373045e+01
2.762000e-05	-6.186341e-02	-1.360358e+01
2.763000e-05	-5.516731e-02	-1.347771e+01
2.764000e-05	-4.771084e-02	-1.333035e+01
2.765000e-05	-4.345421e-02	-1.315490e+01
2.766000e-05	-4.075480e-02	-1.305564e+01
2.767000e-05	-3.773191e-02	-1.290871e+01
2.768000e-05	-3.413766e-02	-1.270924e+01
2.769000e-05	-3.116803e-02	-1.259190e+01
2.770000e-05	-3.111440e-02	-1.237290e+01
2.771000e-05	-2.827182e-02	-1.219553e+01
2.772000e-05	-2.665950e-02	-1.201311e+01
2.773000e-05	-2.365790e-02	-1.184656e+01
2.774000e-05	-2.313092e-02	-1.160568e+01
2.775000e-05	-2.308123e-02	-1.138300e+01
2.776000e-05	-2.199761e-02	-1.122136e+01
2.777000e-05	-2.002513e-02	-1.094295e+01
2.778000e-05	-2.071261e-02	-1.080548e+01
2.779000e-05	-2.021874e-02	-1.061603e+01
2.780000e-05	-1.938100e-02	-1.037243e+01
2.781000e-05	-1.698643e-02	-1.014032e+01
2.782000e-05	-1.717224e-02	-9.951696e+00
2.783000e-05	-1.660878e-02	-9.753816e+00
2.784000e-05	-1.562554e-02	-9.520215e+00
2.785000e-05	-1.526555e-02	-9.269641e+00
2.786000e-05	-1.442728e-02	-9.059080e+00
2.787000e-05	-1.499734e-02	-8.807529e+00
2.788000e-05	-1.448316e-02	-8.574373e+00
2.789000e-05	-1.296386e-02	-8.344298e+00
2.790000e-05	-1.303946e-02	-8.112263e+00
2.791000e-05	-1.276445e-02	-7.857107e+00
2.792000e-05	-1.301629e-02	-7.575823e+00
2.793000e-05	-1.200351e-02	-7.311119e+00
2.794000e-05	-1.005853e-02	-7.048474e+00
2.795000e-05	-1.081991e-02	-6.796425e+00
2.796000e-05	-1.136201e-02	-6.572166e+00
2.797000e-05	-1.195016e-02	-6.321686e+00
2.798000e-05	-9.583099e-03	-6.037458e+00
2.799000e-05	-1.055222e-02	-5.784795e+00
2.800000e-05	-9.873293e-03	-5.502033e+00
2.801000e-05	-1.007903e-02	-5.185796e+00
2.802000e-05	-8.536444e-03	-4.880599e+00
2.803000e-05	-8.661407e-03	-4.565876e+00
2.804000e-05	-7.972432e-03	-4.354766e+00
2.805000e-05	-9.112790e-03	-4.101609e+00
2.806000e-05	-7.400237e-03	-3.778924e+00
2.807000e-05	-7.954691e-03	-3.536711e+00
2.808000e-05	-8.992538e-03	-3.251981e+00
2.809000e-05	-8.437759e-03	-2.964720e+00
2.810000e-05	-7.048520e-03	-2.683111e+00
2.811000e-05	-6.615126e-03	-2.429879e+00
2.812000e-05	-6.705879e-03	-2.112587e+00
2.813000e-05	-5.115571e-03	-1.850478e+00
2.814000e-05	-5.334016e-03	-1.606796e+00
2.815000e-05	-4.731544e-03	-1.258401e+00
2.816000e-05	-6.700678e-03	-9.751634e-01
2.817000e-05	-4.873190e-03	-6.619068e-01
2.818000e-05	-5.020555e-03	-3.482897e-01
2.819000e-05	-1.721065e-03	-9.556047e-02
2.820000e-05	7.098787e-03	1.886049e-01
2.821000e-05	9.297476e-05	4.917604e-01
2.822000e-05	2.842192e-03	7.059883e-01
2.823000e-05	-8.533899e-04	9.897587e-01
2.824000e-05	1.845673e-03	1.273893e+00
2.825000e-05	-1.529649e-04	1.606207e+00
2.826000e-05	5.474484e-03	1.862807e+00
2.827000e-05	1.507067e-02	2.062839e+00
2.828000e-05	7.027900e-02	2.296528e+00
2.829000e-05	2.331341e-02	2.704468e+00
2.830000e-05	-6.293491e-02	3.019281e+00
2.831000e-05	-4.185646e-02	3.252493e+00
2.832000e-05	-1.110200e-02	3.578521e+00
2.833000e-05	9.653713e-04	3.807129e+00
2.834000e-05	-5.678585e-02	4.038651e+00
2.835000e-05	2.313813e-02	4.217861e+00
2.836000e-05	8.646597e-02	4.554050e+00
2.837000e-05	-4.954058e-02	4.797681e+00
2.838000e-05	1.165033e-01	5.110969e+00
2.839000e-05	-9.564820e-02	5.437764e+00
2.840000e-05	6.371898e-03	5.652889e+00
2.841000e-05	4.056807e-02	5.934025e+00
2.842000e-05	-2.828509e-02	6.207161e+00
2.843000e-05	3.926336e-02	6.470487e+00
2.844000e-05	-5.559159e-02	6.743578e+00
2.845000e-05	8.385731e-02	7.027185e+00
2.846000e-05	-2.961009e-03	7.248543e+00
2.847000e-05	-1.881188e-02	7.542152e+00
2.848000e-05	-1.963216e-02	7.828860e+00
2.849000e-05	2.373995e-02	8.120898e+00
2.850000e-05	5.564699e-02	8.323171e+00
2.851000e-05	-3.807537e-02	8.585126e+00
2.852000e-05	9.880111e-03	8.765679e+00
2.853000e-05	2.065338e-02	9.007809e+00
2.854000e-05	1.881757e-02	9.239813e+00
2.855000e-05	4.534814e-03	9.489342e+00
2.856000e-05	-1.655198e-02	9.729546e+00
2.857000e-05	3.013544e-02	9.953101e+00
2.858000e-05	2.221551e-02	1.015302e+01
2.859000e-05	1.598796e-02	1.036460e+01
2.860000e-05	-1.758683e-02	1.058475e+01
2.861000e-05	1.251371e-02	1.077616e+01
2.862000e-05	3.148384e-02	1.099520e+01
2.863000e-05	1.094726e-02	1.120416e+01
2.864000e-05	2.297005e-03	1.138328e+01
2.865000e-05	1.104020e-02	1.159616e+01
2.866000e-05	3.243953e-02	1.182573e+01
2.867000e-05	1.349568e-02	1.194371e+01
2.868000e-05	3.189613e-03	1.221268e+01
2.869000e-05	7.953088e-03	1.233955e+01
2.870000e-05	2.885632e-02	1.248202e+01
2.871000e-05	2.310731e-02	1.266842e+01
2.872000e-05	7.883372e-03	1.281729e+01
2.873000e-05	1.232992e-02	1.299423e+01
2.874000e-05	2.833063e-02	1.317060e+01
2.875000e-05	2.593821e-02	1.328047e+01
2.876000e-05	1.148639e-02	1.338677e+01
2.877000e-05	1.257369e-02	1.358361e+01
2.878000e-05	2.899136e-02	1.374900e+01
2.879000e-05	2.729458e-02	1.385531e+01
2.880000e-05	1.625646e-02	1.397965e+01
2.881000e-05	1.461035e-02	1.414860e+01
2.882000e-05	2.979606e-02	1.424544e+01
2.883000e-05	3.194706e-02	1.435063e+01
2.884000e-05	2.221435e-02	1.446629e+01
2.885000e-05	2.028242e-02	1.454955e+01
2.886000e-05	2.942117e-02	1.464569e+01
2.887000e-05	3.426518e-02	1.472247e+01
2.888000e-05	2.399485e-02	1.483563e+01
2.889000e-05	2.330812e-02	1.488584e+01
2.890000e-05	3.184743e-02	1.492105e+01
2.891000e-05	3.800135e-02	1.496271e+01
2.892000e-05	3.071925e-02	1.506639e+01
2.893000e-05	2.656219e-02	1.510797e+01
2.894000e-05	3.504706e-02	1.517250e+01
2.895000e-05	3.942477e-02	1.521368e+01
2.896000e-05	3.695180e-02	1.524526e+01
2.897000e-05	3.131669e-02	1.525736e+01
2.898000e-05	4.081779e-02	1.526596e+01
2.899000e-05	4.580202e-02	1.529692e+01
2.900000e-05	4.271964e-02	1.534760e+01
2.901000e-05	3.707098e-02	1.537900e+01
2.902000e-05	4.503404e-02	1.534958e+01
2.903000e-05	5.333632e-02	1.533950e+01
2.904000e-05	5.408051e-02	1.534697e+01
2.905000e-05	5.274949e-02	1.531789e+01
2.906000e-05	5.857272e-02	1.528597e+01
2.907000e-05	7.119609e-02	1.530729e+01
2.908000e-05	7.392568e-02	1.524484e+01
2.909000e-05	7.848529e-02	1.522266e+01
2.910000e-05	9.006509e-02	1.519048e+01
2.911000e-05	1.105613e-01	1.511935e+01
2.912000e-05	1.271638e-01	1.507524e+01
2.913000e-05	1.436338e-01	1.502356e+01
2.914000e-05	1.687106e-01	1.490995e+01
2.915000e-05	1.957763e-01	1.487724e+01
2.916000e-05	2.136974e-01	1.479665e+01
2.917000e-05	2.133875e-01	1.472892e+01
2.918000e-05	2.039796e-01	1.464674e+01
2.919000e-05	1.927339e-01	1.457155e+01
2.920000e-05	1.681795e-01	1.447721e+01
2.921000e-05	1.454235e-01	1.436093e+01
2.922000e-05	1.204386e-01	1.424476e+01
2.923000e-05	1.105310e-01	1.416940e+01
2.924000e-05	9.381439e-02	1.403203e+01
2.925000e-05	8.119582e-02	1.391726e+01
2.926000e-05	6.303629e-02	1.377937e+01
2.927000e-05	5.915350e-02	1.362511e+01
2.928000e-05	5.017916e-02	1.345662e+01
2.929000e-05	4.375445e-02	1.335044e+01
2.930000e-05	3.422207e-02	1.317403e+01
2.931000e-05	3.705425e-02	1.305566e+01
2.932000e-05	3.474953e-02	1.287786e+01
2.933000e-05	2.940240e-02	1.274179e+01
2.934000e-05	2.466062e-02	1.259543e+01
2.935000e-05	2.090688e-02	1.236456e+01
2.936000e-05	2.274327e-02	1.226564e+01
2.937000e-05	1.681769e-02	1.209866e+01
2.938000e-05	1.624540e-02	1.190672e+01
2.939000e-05	1.481676e-02	1.168776e+01
2.940000e-05	1.839927e-02	1.149876e+01
2.941000e-05	1.476660e-02	1.127766e+01
2.942000e-05	1.174061e-02	1.107816e+01
2.943000e-05	1.015193e-02	1.089119e+01
2.944000e-05	1.100279e-02	1.068964e+01
2.945000e-05	1.072419e-02	1.049708e+01
2.946000e-05	7.234363e-03	1.023866e+01
2.947000e-05	8.245347e-03	1.004608e+01
2.948000e-05	9.565174e-03	9.794074e+00
2.949000e-05	9.994980e-03	9.545926e+00
2.950000e-05	5.656687e-03	9.362870e+00
2.951000e-05	4.916113e-03	9.131795e+00
2.952000e-05	5.641676e-03	8.920237e+00
2.953000e-05	5.744154e-03	8.658507e+00
2.954000e-05	3.739873e-03	8.479106e+00
2.955000e-05	3.692547e-03	8.195924e+00
2.956000e-05	4.789598e-03	7.954742e+00
2.957000e-05	5.541066e-03	7.700663e+00
2.958000e-05	3.680737e-03	7.456505e+00
2.959000e-05	1.477346e-03	7.194822e+00
2.960000e-05	2.582126e-03	6.924215e+00
2.961000e-05	2.135234e-03	6.698006e+00
2.962000e-05	9.536895e-04	6.396901e+00
2.963000e-05	-5.508500e-04	6.144740e+00
2.964000e-05	2.172178e-03	5.929709e+00
2.965000e-05	2.634433e-03	5.627425e+00
2.966000e-05	1.425507e-03	5.383212e+00
2.967000e-05	1.074851e-03	4.998376e+00
2.968000e-05	-7.925433e-04	4.743685e+00
2.969000e-05	1.125478e-04	4.501530e+00
2.970000e-05	-1.456751e-03	4.166321e+00
2.971000e-05	-2.902163e-03	3.893102e+00
2.972000e-05	-1.610766e-04	3.619504e+00
2.973000e-05	-1.555046e-03	3.357114e+00
2.974000e-05	3.849798e-04	3.082480e+00
2.975000e-05	-3.886271e-03	2.808476e+00
2.976000e-05	-2.734223e-03	2.515110e+00
2.977000e-05	-3.653203e-03	2.189874e+00
2.978000e-05	-2.932594e-03	1.968263e+00
2.979000e-05	-4.511112e-03	1.692130e+00
2.980000e-05	-2.468131e-03	1.368265e+00
2.981000e-05	-2.958100e-03	1.041402e+00
2.982000e-05	-1.787734e-03	7.567084e-01
2.983000e-05	-5.858427e-03	4.820328e-01
2.984000e-05	-5.061275e-03	2.007939e-01
2.985000e-05	-3.739738e-03	-1.043907e-01
2.986000e-05	7.920258e-03	-3.479748e-01
2.987000e-05	-4.750728e-03	-6.102117e-01
2.988000e-05	6.679804e-04	-9.053157e-01
2.989000e-05	-5.609432e-03	-1.147072e+00
2.990000e-05	-3.213209e-04	-1.462809e+00
2.991000e-05	-5.598927e-03	-1.723946e+00
2.992000e-05	7.759158e-03	-1.915496e+00
2.993000e-05	6.038001e-02	-2.168211e+00
2.994000e-05	4.678884e-02	-2.493443e+00
2.995000e-05	-8.277010e-02	-2.843092e+00
2.996000e-05	-3.352432e-02	-3.260860e+00
2.997000e-05	-3.781646e-02	-3.483416e+00
2.998000e-05	-1.832773e-02	-3.775543e+00
2.999000e-05	-7.197156e-02	-3.948154e+00
3.000000e-05	1.429340e-01	-4.115500e+00
3.001000e-05	-1.066014e-01	-4.388756e+00
3.002000e-05	7.128576e-02	-4.692369e+00
3.003000e-05	6.602737e-02	-4.924573e+00
3.004000e-05	-1.591338e-01	-5.292966e+00
3.005000e-05	1.106415e-01	-5.566076e+00
3.006000e-05	-1.495669e-01	-5.818263e+00
3.007000e-05	9.255754e-02	-6.123496e+00
3.008000e-05	-1.386468e-02	-6.324030e+00
3.009000e-05	-5.796864e-02	-6.668366e+00
3.010000e-05	1.092708e-01	-6.851426e+00
3.011000e-05	-1.179635e-01	-7.175785e+00
3.012000e-05	4.983266e-02	-7.460338e+00
3.013000e-05	-7.544769e-02	-7.732072e+00
3.014000e-05	1.673339e-02	-8.027186e+00
3.015000e-05	3.549147e-02	-8.227237e+00
3.016000e-05	-8.277132e-02	-8.461398e+00
3.017000e-05	7.728237e-02	-8.710926e+00
3.018000e-05	-9.757000e-02	-8.975200e+00
3.019000e-05	5.259397e-02	-9.165557e+00
3.020000e-05	-6.248956e-02	-9.415782e+00
3.021000e-05	7.290778e-03	-9.659339e+00
3.022000e-05	-1.417642e-03	-9.878388e+00
3.023000e-05	-3.044939e-02	-1.009002e+01
3.024000e-05	1.743812e-02	-1.033905e+01
3.025000e-05	-6.821581e-02	-1.053262e+01
3.026000e-05	3.119898e-02	-1.071293e+01
3.027000e-05	-5.785996e-02	-1.092113e+01
3.028000e-05	2.294832e-02	-1.114253e+01
3.029000e-05	-4.751375e-02	-1.133055e+01
3.030000e-05	9.710192e-03	-1.154263e+01
3.031000e-05	-3.234032e-02	-1.174171e+01
3.032000e-05	-1.321045e-02	-1.199016e+01
3.033000e-05	-2.889504e-02	-1.216205e+01
3.034000e-05	-2.393645e-02	-1.234300e+01
3.035000e-05	-4.645577e-03	-1.249052e+01
3.036000e-05	-3.183313e-02	-1.268694e+01
3.037000e-05	-8.569662e-03	-1.282686e+01
3.038000e-05	-4.065121e-02	-1.297466e+01
3.039000e-05	-2.182148e-03	-1.316156e+01
3.040000e-05	-4.121696e-02	-1.327704e+01
3.041000e-05	-1.357230e-02	-1.343481e+01
3.042000e-05	-3.628282e-02	-1.357216e+01
3.043000e-05	-1.350899e-02	-1.371105e+01
3.044000e-05	-3.056419e-02	-1.380779e+01
3.045000e-05	-2.890396e-02	-1.400221e+01
3.046000e-05	-2.987432e-02	-1.408915e+01
3.047000e-05	-2.723061e-02	-1.421531e+01
3.048000e-05	-2.488844e-02	-1.432105e+01
3.049000e-05	-3.471091e-02	-1.442734e+01
3.050000e-05	-2.785464e-02	-1.455165e+01
3.051000e-05	-3.345817e-02	-1.463481e+01
3.052000e-05	-2.875272e-02	-1.475108e+01
3.053000e-05	-3.912664e-02	-1.483531e+01
3.054000e-05	-3.383834e-02	-1.488752e+01
3.055000e-05	-3.637645e-02	-1.495063e+01
3.056000e-05	-3.250136e-02	-1.501472e+01
3.057000e-05	-4.134755e-02	-1.508539e+01
3.058000e-05	-3.700739e-02	-1.517953e+01
3.059000e-05	-4.080430e-02	-1.520326e+01
3.060000e-05	-3.754328e-02	-1.524472e+01
3.061000e-05	-4.436511e-02	-1.524587e+01
3.062000e-05	-4.509547e-02	-1.532910e+01
3.063000e-05	-4.264575e-02	-1.536261e+01
3.064000e-05	-4.590002e-02	-1.535308e+01
3.065000e-05	-4.636356e-02	-1.539418e+01
3.066000e-05	-5.327906e-02	-1.542263e+01
3.067000e-05	-4.876434e-02	-1.539571e+01
3.068000e-05	-5.296410e-02	-1.540369e+01
3.069000e-05	-5.632601e-02	-1.543406e+01
3.070000e-05	-6.232901e-02	-1.535363e+01
3.071000e-05	-6.324622e-02	-1.535226e+01
3.072000e-05	-6.653583e-02	-1.535103e+01
3.073000e-05	-7.509345e-02	-1.533047e+01
3.074000e-05	-8.231883e-02	-1.530795e+01
3.075000e-05	-9.014145e-02	-1.529766e+01
3.076000e-05	-9.945854e-02	-1.520466e+01
3.077000e-05	-1.168712e-01	-1.521100e+01
3.078000e-05	-1.361210e-01	-1.512947e+01
3.079000e-05	-1.572081e-01	-1.508579e+01
3.080000e-05	-1.810636e-01	-1.499411e+01
3.081000e-05	-2.029814e-01	-1.494847e+01
3.082000e-05	-2.198457e-01	-1.485577e+01
3.083000e-05	-2.215715e-01	-1.477408e+01
3.084000e-05	-2.103006e-01	-1.471832e+01
3.085000e-05	-1.926411e-01	-1.464561e+01
3.086000e-05	-1.707200e-01	-1.450892e+01
3.087000e-05	-1.482278e-01	-1.441558e+01
3.088000e-05	-1.270126e-01	-1.430727e+01
3.089000e-05	-1.112164e-01	-1.420205e+01
3.090000e-05	-9.622223e-02	-1.404581e+01
3.091000e-05	-8.430322e-02	-1.391935e+01
3.092000e-05	-7.347367e-02	-1.375505e+01
3.093000e-05	-6.492076e-02	-1.367659e+01
3.094000e-05	-5.838639e-02	-1.353037e+01
3.095000e-05	-5.127766e-02	-1.342300e+01
3.096000e-05	-4.529853e-02	-1.321561e+01
3.097000e-05	-4.087250e-02	-1.309876e+01
3.098000e-05	-3.821709e-02	-1.293134e+01
3.099000e-05	-3.571954e-02	-1.279243e+01
3.100000e-05	-3.208598e-02	-1.261506e+01
3.101000e-05	-3.050776e-02	-1.241764e+01
3.102000e-05	-2.975500e-02	-1.222768e+01
3.103000e-05	-2.781298e-02	-1.212874e+01
3.104000e-05	-2.555237e-02	-1.189932e+01
3.105000e-05	-2.416232e-02	-1.171877e+01
3.106000e-05	-2.333672e-02	-1.148974e+01
3.107000e-05	-2.204776e-02	-1.125764e+01
3.108000e-05	-2.061118e-02	-1.107759e+01
3.109000e-05	-1.918933e-02	-1.086816e+01
3.110000e-05	-2.005465e-02	-1.065921e+01
3.111000e-05	-1.958661e-02	-1.050868e+01
3.112000e-05	-1.813544e-02	-1.024759e+01
3.113000e-05	-1.721182e-02	-1.004606e+01
3.114000e-05	-1.709312e-02	-9.825954e+00
3.115000e-05	-1.664586e-02	-9.624877e+00
3.116000e-05	-1.564109e-02	-9.393440e+00
3.117000e-05	-1.380690e-02	-9.133343e+00
3.118000e-05	-1.511526e-02	-8.930320e+00
3.119000e-05	-1.441718e-02	-8.689666e+00
3.120000e-05	-1.383571e-02	-8.437479e+00
3.121000e-05	-1.327780e-02	-8.175921e+00
3.122000e-05	-1.299068e-02	-7.972822e+00
3.123000e-05	-1.381943e-02	-7.709537e+00
3.124000e-05	-1.273881e-02	-7.416551e+00
3.125000e-05	-1.162194e-02	-7.125270e+00
3.126000e-05	-1.175523e-02	-6.902186e+00
3.127000e-05	-1.133646e-02	-6.638483e+00
3.128000e-05	-1.110157e-02	-6.437325e+00
3.129000e-05	-9.661149e-03	-6.083667e+00
3.130000e-05	-1.068665e-02	-5.869004e+00
3.131000e-05	-1.237692e-02	-5.617424e+00
3.132000e-05	-7.951861e-03	-5.303038e+00
3.133000e-05	-1.302615e-02	-5.035953e+00
3.134000e-05	-6.685936e-03	-4.691537e+00
3.135000e-05	-1.079968e-02	-4.461480e+00
3.136000e-05	-5.981958e-03	-4.227350e+00
3.137000e-05	-9.300632e-03	-3.954616e+00
3.138000e-05	-5.176615e-03	-3.659948e+00
3.139000e-05	-1.161405e-02	-3.387720e+00
3.140000e-05	-8.059914e-03	-3.103584e+00
3.141000e-05	-1.003766e-02	-2.806373e+00
3.142000e-05	-6.172197e-03	-2.525116e+00
3.143000e-05	-7.445706e-03	-2.271422e+00
3.144000e-05	-2.945808e-03	-1.975740e+00
3.145000e-05	-4.032930e-03	-1.684060e+00
3.146000e-05	-3.966219e-03	-1.386217e+00
3.147000e-05	-5.582340e-03	-1.023055e+00
3.148000e-05	-8.934577e-03	-7.977937e-01
3.149000e-05	-5.761279e-03	-4.725525e-01
3.150000e-05	-5.834670e-03	-2.392726e-01
3.151000e-05	4.829581e-03	7.381508e-02
3.152000e-05	6.353253e-03	3.785510e-01
3.153000e-05	9.140748e-04	6.012800e-01
3.154000e-05	3.447543e-03	8.437653e-01
3.155000e-05	-7.006676e-05	1.177624e+00
3.156000e-05	3.093706e-04	1.441413e+00
3.157000e-05	-2.725729e-03	1.777946e+00
3.158000e-05	1.191083e-02	1.979604e+00
3.159000e-05	3.916412e-02	2.202808e+00
3.160000e-05	7.652262e-02	2.526225e+00
3.161000e-05	-5.644041e-02	2.884443e+00
3.162000e-05	-4.223903e-02	3.158597e+00
3.163000e-05	-3.161882e-02	3.470889e+00
3.164000e-05	1.207396e-02	3.712919e+00
3.165000e-05	-4.543816e-02	3.894540e+00
3.166000e-05	-3.367001e-02	4.134620e+00
3.167000e-05	1.014407e-01	4.421331e+00
3.168000e-05	-3.086374e-02	4.683991e+00
3.169000e-05	7.292730e-02	4.966621e+00
3.170000e-05	-1.804862e-03	5.284542e+00
3.171000e-05	-7.098592e-02	5.558151e+00
3.172000e-05	6.751604e-02	5.869763e+00
3.173000e-05	-2.645658e-02	6.114047e+00
3.174000e-05	2.764850e-02	6.364097e+00
3.175000e-05	-3.123144e-02	6.638390e+00
3.176000e-05	1.811262e-02	6.923543e+00
3.177000e-05	6.264765e-02	7.164655e+00
3.178000e-05	-4.040916e-02	7.417334e+00
3.179000e-05	-2.041836e-03	7.713568e+00
3.180000e-05	-1.309138e-02	8.004283e+00
3.181000e-05	6.760967e-02	8.228863e+00
3.182000e-05	-4.010495e-03	8.511843e+00
3.183000e-05	-3.048987e-02	8.669392e+00
3.184000e-05	3.548265e-02	8.943071e+00
3.185000e-05	1.558985e-03	9.173650e+00
3.186000e-05	3.216193e-02	9.405205e+00
3.187000e-05	-2.905595e-02	9.616261e+00
3.188000e-05	2.596785e-02	9.848841e+00
3.189000e-05	2.262686e-02	1.005929e+01
3.190000e-05	2.229838e-02	1.027987e+01
3.191000e-05	-5.685292e-03	1.050907e+01
3.192000e-05	-1.187946e-02	1.073844e+01
3.193000e-05	3.985942e-02	1.086255e+01
3.194000e-05	7.982611e-03	1.109250e+01
3.195000e-05	1.593865e-02	1.133957e+01
3.196000e-05	-6.555628e-03	1.153013e+01
3.197000e-05	3.775967e-02	1.172208e+01
3.198000e-05	1.493232e-02	1.190955e+01
3.199000e-05	1.071498e-02	1.205897e+01
3.200000e-05	-4.219188e-04	1.225994e+01
3.201000e-05	2.316213e-02	1.243989e+01
3.202000e-05	2.992067e-02	1.261670e+01
3.203000e-05	9.257626e-03	1.279410e+01
3.204000e-05	1.171243e-02	1.296907e+01
3.205000e-05	1.773976e-02	1.309747e+01
3.206000e-05	3.529376e-02	1.322531e+01
3.207000e-05	1.078534e-02	1.342470e+01
3.208000e-05	1.370332e-02	1.354052e+01
3.209000e-05	2.038937e-02	1.367731e+01
3.210000e-05	3.308453e-02	1.378223e+01
3.211000e-05	2.008851e-02	1.390947e+01
3.212000e-05	1.244524e-02	1.403632e+01
3.213000e-05	2.607371e-02	1.419370e+01
3.214000e-05	3.105987e-02	1.431799e+01
3.215000e-05	2.713590e-02	1.439521e+01
3.216000e-05	1.707924e-02	1.453892e+01
3.217000e-05	2.744217e-02	1.458426e+01
3.218000e-05	3.440848e-02	1.470994e+01
3.219000e-05	2.946797e-02	1.477313e+01
3.220000e-05	2.190888e-02	1.484828e+01
3.221000e-05	2.745467e-02	1.492099e+01
3.222000e-05	3.870926e-02	1.495308e+01
3.223000e-05	3.229377e-02	1.502626e+01
3.224000e-05	2.821557e-02	1.508834e+01
3.225000e-05	2.928995e-02	1.514947e+01
3.226000e-05	3.989792e-02	1.522266e+01
3.227000e-05	3.794097e-02	1.522371e+01
3.228000e-05	3.414487e-02	1.528536e+01
3.229000e-05	3.647002e-02	1.528647e+01
3.230000e-05	4.529588e-02	1.527845e+01
3.231000e-05	4.622425e-02	1.533742e+01
3.232000e-05	3.885068e-02	1.530747e+01
3.233000e-05	4.181889e-02	1.535850e+01
3.234000e-05	5.028455e-02	1.534910e+01
3.235000e-05	5.538657e-02	1.535002e+01
3.236000e-05	5.125225e-02	1.532955e+01
3.237000e-05	5.524282e-02	1.531644e+01
3.238000e-05	6.580459e-02	1.531637e+01
3.239000e-05	7.501801e-02	1.526634e+01
3.240000e-05	7.659504e-02	1.522328e+01
3.241000e-05	8.413698e-02	1.519153e+01
3.242000e-05	1.017907e-01	1.515892e+01
3.243000e-05	1.205609e-01	1.508786e+01
3.244000e-05	1.367089e-01	1.503373e+01
3.245000e-05	1.558914e-01	1.492202e+01
3.246000e-05	1.843387e-01	1.490884e+01
3.247000e-05	2.079562e-01	1.485619e+01
3.248000e-05	2.143118e-01	1.477040e+01
3.249000e-05	2.082910e-01	1.469774e+01
3.250000e-05	1.971710e-01	1.458250e+01
3.251000e-05	1.813915e-01	1.451794e+01
3.252000e-05	1.543561e-01	1.440310e+01
3.253000e-05	1.280197e-01	1.431679e+01
3.254000e-05	1.099935e-01	1.417348e+01
3.255000e-05	9.907073e-02	1.409826e+01
3.256000e-05	8.474793e-02	1.393892e+01
3.257000e-05	6.926854e-02	1.382303e+01
3.258000e-05	6.078115e-02	1.368619e+01
3.259000e-05	5.668057e-02	1.351137e+01
3.260000e-05	4.888012e-02	1.343455e+01
3.261000e-05	3.804464e-02	1.329573e+01
3.262000e-05	3.398919e-02	1.311924e+01
3.263000e-05	3.394222e-02	1.296195e+01
3.264000e-05	3.066227e-02	1.283403e+01
3.265000e-05	2.465994e-02	1.265656e+01
3.266000e-05	2.123137e-02	1.249819e+01
3.267000e-05	2.281619e-02	1.230977e+01
3.268000e-05	2.182863e-02	1.217190e+01
3.269000e-05	1.784441e-02	1.199142e+01
3.270000e-05	1.399820e-02	1.179287e+01
3.271000e-05	1.644126e-02	1.159192e+01
3.272000e-05	1.685320e-02	1.136939e+01
3.273000e-05	1.288134e-02	1.114284e+01
3.274000e-05	1.054516e-02	1.098340e+01
3.275000e-05	1.124310e-02	1.075240e+01
3.276000e-05	1.254327e-02	1.059093e+01
3.277000e-05	9.641620e-03	1.037027e+01
3.278000e-05	6.852074e-03	1.016124e+01
3.279000e-05	7.990619e-03	9.913186e+00
3.280000e-05	1.088652e-02	9.730030e+00
3.281000e-05	7.936549e-03	9.447054e+00
3.282000e-05	4.649442e-03	9.238079e+00
3.283000e-05	5.132537e-03	9.014972e+00
3.284000e-05	7.352980e-03	8.802346e+00
3.285000e-05	5.489931e-03	8.563743e+00
3.286000e-05	3.455022e-03	8.312735e+00
3.287000e-05	3.631268e-03	8.099529e+00
3.288000e-05	5.108920e-03	7.797299e+00
3.289000e-05	5.055455e-03	7.543818e+00
3.290000e-05	1.456765e-03	7.280061e+00
3.291000e-05	2.590651e-03	7.047470e+00
3.292000e-05	3.445725e-03	6.805347e+00
3.293000e-05	3.474802e-03	6.500634e+00
3.294000e-05	1.776736e-04	6.248000e+00
3.295000e-05	2.560721e-04	6.018874e+00
3.296000e-05	1.260835e-03	5.734215e+00
3.297000e-05	1.470794e-03	5.460078e+00
3.298000e-05	-1.029207e-03	5.144739e+00
3.299000e-05	-9.297780e-04	4.869925e+00
3.300000e-05	6.246163e-04	4.575767e+00
3.301000e-05	8.181279e-04	4.332177e+00
3.302000e-05	-1.053858e-03	3.997394e+00
3.303000e-05	-2.510165e-03	3.724666e+00
3.304000e-05	-2.684782e-03	3.474509e+00
3.305000e-05	-1.559515e-03	3.176793e+00
3.306000e-05	-2.851523e-03	2.904136e+00
3.307000e-05	-3.711779e-03	2.659402e+00
3.308000e-05	-3.570848e-03	2.314136e+00
3.309000e-05	-2.023193e-03	2.084032e+00
3.310000e-05	-2.275162e-03	1.828279e+00
3.311000e-05	-3.930032e-03	1.514056e+00
3.312000e-05	-4.206062e-03	1.210298e+00
3.313000e-05	-3.656033e-03	8.419779e-01
3.314000e-05	-4.624446e-03	5.777436e-01
3.315000e-05	-5.258730e-03	3.761059e-01
3.316000e-05	-4.070081e-03	-2.067875e-02
3.317000e-05	3.089616e-03	-2.417867e-01
3.318000e-05	3.007425e-03	-4.649681e-01
3.319000e-05	-3.317053e-03	-8.086563e-01
3.320000e-05	-4.290640e-03	-1.052787e+00
3.321000e-05	-3.694064e-03	-1.345176e+00
3.322000e-05	-4.292776e-03	-1.609230e+00
3.323000e-05	5.492544e-04	-1.843862e+00
3.324000e-05	2.746750e-02	-2.073887e+00
3.325000e-05	9.559161e-02	-2.338176e+00
3.326000e-05	-6.583925e-02	-2.714620e+00
3.327000e-05	-4.123692e-02	-3.123101e+00
3.328000e-05	-5.136586e-02	-3.387730e+00
3.329000e-05	-5.788932e-03	-3.590659e+00
3.330000e-05	-7.711852e-02	-3.882963e+00
3.331000e-05	6.780019e-02	-4.073792e+00
3.332000e-05	3.875345e-02	-4.303942e+00
3.333000e-05	-1.025429e-01	-4.558707e+00
3.334000e-05	1.896785e-01	-4.828135e+00
3.335000e-05	-1.677211e-01	-5.125174e+00
3.336000e-05	5.209415e-02	-5.470267e+00
3.337000e-05	-4.212033e-02	-5.713594e+00
3.338000e-05	-5.558964e-02	-5.977708e+00
3.339000e-05	1.129754e-01	-6.247842e+00
3.340000e-05	-1.290052e-01	-6.563573e+00
3.341000e-05	1.069760e-01	-6.765186e+00
3.342000e-05	-4.858867e-02	-7.059465e+00
3.343000e-05	-3.144779e-02	-7.405601e+00
3.344000e-05	1.719954e-02	-7.595283e+00
3.345000e-05	-8.476209e-02	-7.880472e+00
3.346000e-05	9.864209e-02	-8.114023e+00
3.347000e-05	-9.751487e-02	-8.345205e+00
3.348000e-05	4.941070e-02	-8.634837e+00
3.349000e-05	-3.225286e-02	-8.829439e+00
3.350000e-05	-2.769400e-02	-9.120969e+00
3.351000e-05	2.294170e-02	-9.313047e+00
3.352000e-05	-7.454789e-02	-9.553176e+00
3.353000e-05	5.675870e-02	-9.813630e+00
3.354000e-05	-6.840873e-02	-9.924234e+00
3.355000e-05	4.339171e-02	-1.022481e+01
3.356000e-05	-6.759167e-02	-1.040637e+01
3.357000e-05	1.034166e-02	-1.066784e+01
3.358000e-05	-2.789528e-02	-1.084789e+01
3.359000e-05	-1.244924e-02	-1.105747e+01
3.360000e-05	-8.375158e-03	-1.123784e+01
3.361000e-05	-3.082901e-02	-1.144850e+01
3.362000e-05	6.369369e-03	-1.167839e+01
3.363000e-05	-4.187236e-02	-1.190850e+01
3.364000e-05	1.487851e-04	-1.204734e+01
3.365000e-05	-4.887346e-02	-1.222831e+01
3.366000e-05	7.520610e-03	-1.245669e+01
3.367000e-05	-3.668590e-02	-1.261479e+01
3.368000e-05	-6.337374e-03	-1.279063e+01
3.369000e-05	-3.830332e-02	-1.292148e+01
3.370000e-05	-1.178153e-02	-1.307782e+01
3.371000e-05	-2.477853e-02	-1.318481e+01
3.372000e-05	-2.713634e-02	-1.340313e+01
3.373000e-05	-2.327854e-02	-1.351953e+01
3.374000e-05	-2.866689e-02	-1.365589e+01
3.375000e-05	-1.671474e-02	-1.382466e+01
3.376000e-05	-3.719392e-02	-1.392047e+01
3.377000e-05	-2.423021e-02	-1.406789e+01
3.378000e-05	-3.342783e-02	-1.416168e+01
3.379000e-05	-2.085397e-02	-1.429700e+01
3.380000e-05	-3.428941e-02	-1.441419e+01
3.381000e-05	-2.785917e-02	-1.450049e+01
3.382000e-05	-3.292875e-02	-1.463429e+01
3.383000e-05	-2.876884e-02	-1.471900e+01
3.384000e-05	-3.605185e-02	-1.477171e+01
3.385000e-05	-3.678014e-02	-1.486747e+01
3.386000e-05	-3.684549e-02	-1.488962e+01
3.387000e-05	-3.207316e-02	-1.501471e+01
3.388000e-05	-3.783154e-02	-1.504542e+01
3.389000e-05	-3.976018e-02	-1.515800e+01
3.390000e-05	-3.978943e-02	-1.519153e+01
3.391000e-05	-3.901301e-02	-1.521332e+01
3.392000e-05	-3.973094e-02	-1.524737e+01
3.393000e-05	-4.623687e-02	-1.527945e+01
3.394000e-05	-4.213990e-02	-1.533157e+01
3.395000e-05	-4.536163e-02	-1.535158e+01
3.396000e-05	-4.423768e-02	-1.539358e+01
3.397000e-05	-5.239033e-02	-1.542419e+01
3.398000e-05	-5.183234e-02	-1.543421e+01
3.399000e-05	-5.117988e-02	-1.542519e+01
3.400000e-05	-5.366872e-02	-1.537416e+01
3.401000e-05	-5.852145e-02	-1.539313e+01
3.402000e-05	-6.310730e-02	-1.539368e+01
3.403000e-05	-6.448318e-02	-1.537058e+01
3.404000e-05	-7.026175e-02	-1.535001e+01
3.405000e-05	-7.999241e-02	-1.530989e+01
3.406000e-05	-8.755413e-02	-1.525632e+01
3.407000e-05	-9.670551e-02	-1.522661e+01
3.408000e-05	-1.089835e-01	-1.521356e+01
3.409000e-05	-1.276294e-01	-1.515045e+01
3.410000e-05	-1.483200e-01	-1.510639e+01
3.411000e-05	-1.708717e-01	-1.504426e+01
3.412000e-05	-1.943520e-01	-1.497145e+01
3.413000e-05	-2.135246e-01	-1.491934e+01
3.414000e-05	-2.223020e-01	-1.481718e+01
3.415000e-05	-2.161605e-01	-1.473040e+01
3.416000e-05	-2.009472e-01	-1.466813e+01
3.417000e-05	-1.801354e-01	-1.457155e+01
3.418000e-05	-1.575702e-01	-1.447676e+01
3.419000e-05	-1.363658e-01	-1.435100e+01
3.420000e-05	-1.157437e-01	-1.426473e+01
3.421000e-05	-1.020969e-01	-1.415785e+01
3.422000e-05	-8.810009e-02	-1.397203e+01
3.423000e-05	-7.729188e-02	-1.384464e+01
3.424000e-05	-6.686721e-02	-1.373130e+01
3.425000e-05	-6.065402e-02	-1.357247e+01
3.426000e-05	-5.444326e-02	-1.347361e+01
3.427000e-05	-4.794019e-02	-1.328977e+01
3.428000e-05	-4.373538e-02	-1.312192e+01
3.429000e-05	-3.859637e-02	-1.299301e+01
3.430000e-05	-3.618588e-02	-1.284611e+01
3.431000e-05	-3.343531e-02	-1.271829e+01
3.432000e-05	-3.119168e-02	-1.252082e+01
3.433000e-05	-2.889873e-02	-1.235082e+01
3.434000e-05	-2.749149e-02	-1.220358e+01
3.435000e-05	-2.732136e-02	-1.199393e+01
3.436000e-05	-2.538004e-02	-1.180193e+01
3.437000e-05	-2.360893e-02	-1.157292e+01
3.438000e-05	-2.151532e-02	-1.139083e+01
3.439000e-05	-2.169330e-02	-1.114035e+01
3.440000e-05	-2.049428e-02	-1.094330e+01
3.441000e-05	-1.933472e-02	-1.077285e+01
3.442000e-05	-1.896544e-02	-1.055297e+01
3.443000e-05	-1.901768e-02	-1.037037e+01
3.444000e-05	-1.794395e-02	-1.009966e+01
3.445000e-05	-1.749658e-02	-9.871188e+00
3.446000e-05	-1.668613e-02	-9.711214e+00
3.447000e-05	-1.661704e-02	-9.510085e+00
3.448000e-05	-1.650510e-02	-9.225978e+00
3.449000e-05	-1.483920e-02	-9.016453e+00
3.450000e-05	-1.389904e-02	-8.785345e+00
3.451000e-05	-1.441423e-02	-8.533289e+00
3.452000e-05	-1.357820e-02	-8.271686e+00
3.453000e-05	-1.348666e-02	-8.059586e+00
3.454000e-05	-1.252732e-02	-7.815270e+00
3.455000e-05	-1.268136e-02	-7.511662e+00
3.456000e-05	-1.272078e-02	-7.309483e+00
3.457000e-05	-1.159711e-02	-6.957303e+00
3.458000e-05	-1.215731e-02	-6.763297e+00
3.459000e-05	-1.040985e-02	-6.503137e+00
3.460000e-05	-1.144664e-02	-6.267402e+00
3.461000e-05	-9.127954e-03	-5.963821e+00
3.462000e-05	-1.175535e-02	-5.713139e+00
3.463000e-05	-8.976696e-03	-5.448953e+00
3.464000e-05	-1.091179e-02	-5.143710e+00
3.465000e-05	-9.442256e-03	-4.816249e+00
3.466000e-05	-9.977799e-03	-4.523617e+00
3.467000e-05	-7.137466e-03	-4.304187e+00
3.468000e-05	-9.133114e-03	-4.029033e+00
3.469000e-05	-8.217248e-03	-3.745715e+00
3.470000e-05	-9.533563e-03	-3.493157e+00
3.471000e-05	-7.646987e-03	-3.248528e+00
3.472000e-05	-7.067040e-03	-2.892539e+00
3.473000e-05	-6.716227e-03	-2.640428e+00
3.474000e-05	-6.137240e-03	-2.377294e+00
3.475000e-05	-4.953859e-03	-2.032532e+00
3.476000e-05	-5.276660e-03	-1.767796e+00
3.477000e-05	-6.722972e-03	-1.523557e+00
3.478000e-05	-6.504965e-03	-1.206215e+00
3.479000e-05	-6.395639e-03	-8.735092e-01
3.480000e-05	-4.490843e-03	-5.882452e-01
3.481000e-05	-3.812073e-03	-2.851383e-01
3.482000e-05	1.679844e-06	-4.148039e-02
3.483000e-05	9.379641e-03	2.323115e-01
3.484000e-05	-8.059730e-04	4.954944e-01
3.485000e-05	3.336727e-03	7.780197e-01
3.486000e-05	-2.979775e-03	1.064288e+00
3.487000e-05	2.060430e-03	1.326993e+00
3.488000e-05	-1.519138e-03	1.650312e+00
3.489000e-05	8.087951e-03	1.904417e+00
3.490000e-05	1.951183e-02	2.114447e+00
3.491000e-05	8.135273e-02	2.379205e+00
3.492000e-05	-5.167681e-03	2.778125e+00
3.493000e-05	-5.679284e-02	3.041884e+00
3.494000e-05	-4.255515e-02	3.304544e+00
3.495000e-05	-2.399463e-04	3.590203e+00
3.496000e-05	-1.170467e-02	3.849185e+00
3.497000e-05	-5.593433e-02	4.028808e+00
3.498000e-05	5.108231e-02	4.311892e+00
3.499000e-05	5.279467e-02	4.608256e+00
3.500000e-05	-2.232234e-02	4.871838e+00
3.501000e-05	9.883770e-02	5.165625e+00
3.502000e-05	-1.093405e-01	5.460891e+00
3.503000e-05	3.787126e-02	5.723568e+00
3.504000e-05	1.821477e-02	5.998631e+00
3.505000e-05	-1.244151e-02	6.260860e+00
3.506000e-05	2.407186e-02	6.513071e+00
3.507000e-05	-4.628319e-02	6.768655e+00
3.508000e-05	9.171646e-02	7.078787e+00
3.509000e-05	-2.670968e-02	7.313175e+00
3.510000e-05	-8.739304e-03	7.597234e+00
3.511000e-05	-2.447398e-02	7.879015e+00
3.512000e-05	4.273131e-02	8.173528e+00
3.513000e-05	4.093449e-02	8.376183e+00
3.514000e-05	-4.356357e-02	8.635805e+00
3.515000e-05	2.371849e-02	8.807814e+00
3.516000e-05	9.418603e-03	9.038439e+00
3.517000e-05	2.654381e-02	9.282016e+00
3.518000e-05	-1.131183e-02	9.501596e+00
3.519000e-05	-3.189531e-03	9.753174e+00
3.520000e-05	2.721351e-02	9.983181e+00
3.521000e-05	2.255841e-02	1.020513e+01
3.522000e-05	1.080035e-02	1.043724e+01
3.523000e-05	-1.908142e-02	1.063578e+01
3.524000e-05	2.501390e-02	1.080728e+01
3.525000e-05	2.350152e-02	1.101633e+01
3.526000e-05	1.399181e-02	1.126582e+01
3.527000e-05	-4.833478e-03	1.142634e+01
3.528000e-05	2.052683e-02	1.162586e+01
3.529000e-05	2.546838e-02	1.183726e+01
3.530000e-05	1.403341e-02	1.202581e+01
3.531000e-05	7.873928e-04	1.219481e+01
3.532000e-05	1.440108e-02	1.238271e+01
3.533000e-05	3.131513e-02	1.258160e+01
3.534000e-05	1.938935e-02	1.269990e+01
3.535000e-05	1.002749e-02	1.286844e+01
3.536000e-05	1.150510e-02	1.304584e+01
3.537000e-05	3.176948e-02	1.321371e+01
3.538000e-05	1.974452e-02	1.335205e+01
3.539000e-05	1.260980e-02	1.347739e+01
3.540000e-05	1.394516e-02	1.365576e+01
3.541000e-05	3.199896e-02	1.374050e+01
3.542000e-05	2.468595e-02	1.388696e+01
3.543000e-05	1.598223e-02	1.396331e+01
3.544000e-05	1.893752e-02	1.415063e+01
3.545000e-05	3.013386e-02	1.423594e+01
3.546000e-05	3.052684e-02	1.437221e+01
3.547000e-05	1.921263e-02	1.447734e+01
3.548000e-05	2.294998e-02	1.457108e+01
3.549000e-05	3.058016e-02	1.464729e+01
3.550000e-05	3.465629e-02	1.475108e+01
3.551000e-05	2.389539e-02	1.483419e+01
3.552000e-05	2.531085e-02	1.485844e+01
3.553000e-05	3.433427e-02	1.502105e+01
3.554000e-05	3.720010e-02	1.498418e+01
3.555000e-05	3.029944e-02	1.507584e+01
3.556000e-05	2.676916e-02	1.512142e+01
3.557000e-05	3.691476e-02	1.514108e+01
3.558000e-05	3.908192e-02	1.521366e+01
3.559000e-05	3.642957e-02	1.528539e+01
3.560000e-05	3.262931e-02	1.529539e+01
3.561000e-05	4.203976e-02	1.528642e+01
3.562000e-05	4.647250e-02	1.536752e+01
3.563000e-05	4.198013e-02	1.533852e+01
3.564000e-05	4.006153e-02	1.534860e+01
3.565000e-05	4.609220e-02	1.534900e+01
3.566000e-05	5.461405e-02	1.529992e+01
3.567000e-05	5.194163e-02	1.534749e+01
3.568000e-05	5.367060e-02	1.532950e+01
3.569000e-05	6.025433e-02	1.529642e+01
3.570000e-05	7.163985e-02	1.526534e+01
3.571000e-05	7.429138e-02	1.523521e+01
3.572000e-05	8.097940e-02	1.520308e+01
3.573000e-05	9.437425e-02	1.515108e+01
3.574000e-05	1.150940e-01	1.510837e+01
3.575000e-05	1.301792e-01	1.505569e+01
3.576000e-05	1.476409e-01	1.500255e+01
3.577000e-05	1.734678e-01	1.493887e+01
3.578000e-05	1.985841e-01	1.488776e+01
3.579000e-05	2.126326e-01	1.479308e+01
3.580000e-05	2.126611e-01	1.473889e+01
3.581000e-05	2.040780e-01	1.462563e+01
3.582000e-05	1.887724e-01	1.452987e+01
3.583000e-05	1.654394e-01	1.445624e+01
3.584000e-05	1.407750e-01	1.434992e+01
3.585000e-05	1.177238e-01	1.425556e+01
3.586000e-05	1.056098e-01	1.415984e+01
3.587000e-05	8.918473e-02	1.400195e+01
3.588000e-05	7.611374e-02	1.390479e+01
3.589000e-05	6.212479e-02	1.373797e+01
3.590000e-05	5.879424e-02	1.358303e+01
3.591000e-05	5.130895e-02	1.347666e+01
3.592000e-05	4.291058e-02	1.334079e+01
3.593000e-05	3.533770e-02	1.316190e+01
3.594000e-05	3.459416e-02	1.306398e+01
3.595000e-05	3.257995e-02	1.287669e+01
3.596000e-05	2.782732e-02	1.272029e+01
3.597000e-05	2.280611e-02	1.256237e+01
3.598000e-05	2.254290e-02	1.238348e+01
3.599000e-05	2.244902e-02	1.222303e+01
3.600000e-05	1.817636e-02	1.206608e+01
3.601000e-05	1.621950e-02	1.187705e+01
3.602000e-05	1.521304e-02	1.165511e+01
3.603000e-05	1.764667e-02	1.145568e+01
3.604000e-05	1.465084e-02	1.123701e+01
3.605000e-05	1.234858e-02	1.105705e+01
3.606000e-05	1.155922e-02	1.083963e+01
3.607000e-05	1.269756e-02	1.065658e+01
3.608000e-05	1.063596e-02	1.040653e+01
3.609000e-05	8.149550e-03	1.023643e+01
3.610000e-05	7.319543e-03	1.000533e+01
3.611000e-05	9.929797e-03	9.772297e+00
3.612000e-05	8.307507e-03	9.532316e+00
3.613000e-05	6.810915e-03	9.343190e+00
3.614000e-05	6.070350e-03	9.109712e+00
3.615000e-05	7.149949e-03	8.868507e+00
3.616000e-05	6.597891e-03	8.607025e+00
3.617000e-05	4.206426e-03	8.384474e+00
3.618000e-05	3.533659e-03	8.182767e+00
3.619000e-05	5.016360e-03	7.892558e+00
3.620000e-05	4.407718e-03	7.668000e+00
3.621000e-05	3.380658e-03	7.384366e+00
3.622000e-05	2.722926e-03	7.132184e+00
3.623000e-05	2.933258e-03	6.909008e+00
3.624000e-05	3.510101e-03	6.614974e+00
3.625000e-05	1.294126e-03	6.313692e+00
3.626000e-05	1.061485e-03	6.123681e+00
3.627000e-05	1.452604e-03	5.847447e+00
3.628000e-05	1.435769e-03	5.624846e+00
3.629000e-05	-6.275290e-05	5.301558e+00
3.630000e-05	-4.021645e-04	4.995214e+00
3.631000e-05	-3.985248e-04	4.668975e+00
3.632000e-05	3.450632e-04	4.400423e+00
3.633000e-05	-5.077997e-04	4.134160e+00
3.634000e-05	-1.736123e-03	3.880474e+00
3.635000e-05	-1.699461e-03	3.576821e+00
3.636000e-05	-1.349153e-03	3.294959e+00
3.637000e-05	-2.588824e-03	3.000395e+00
3.638000e-05	-3.229456e-03	2.774262e+00
3.639000e-05	-2.755790e-03	2.441878e+00
3.640000e-05	-3.064905e-03	2.177764e+00
3.641000e-05	-2.977376e-03	1.894637e+00
3.642000e-05	-4.158858e-03	1.639900e+00
3.643000e-05	-3.590251e-03	1.324112e+00
3.644000e-05	-3.657415e-03	1.030291e+00
3.645000e-05	-4.111499e-03	6.950819e-01
3.646000e-05	-5.367448e-03	4.309238e-01
3.647000e-05	-4.190664e-03	2.061080e-01
3.648000e-05	-9.650560e-04	-1.570485e-01
3.649000e-05	6.290753e-03	-3.792052e-01
3.650000e-05	-7.204670e-03	-7.043607e-01
3.651000e-05	-7.589717e-04	-9.059461e-01
3.652000e-05	-6.241519e-03	-1.199709e+00
3.653000e-05	-6.754275e-04	-1.515996e+00
3.654000e-05	-5.163603e-03	-1.746524e+00
3.655000e-05	1.453802e-02	-1.978530e+00
3.656000e-05	7.749905e-02	-2.180288e+00
3.657000e-05	8.909745e-03	-2.567150e+00
3.658000e-05	-7.393651e-02	-2.937655e+00
3.659000e-05	-3.830184e-02	-3.302421e+00
3.660000e-05	-2.531479e-02	-3.534920e+00
3.661000e-05	-3.483221e-02	-3.755682e+00
3.662000e-05	-4.055372e-02	-4.000132e+00
3.663000e-05	1.388476e-01	-4.176608e+00
3.664000e-05	-1.448698e-01	-4.440437e+00
3.665000e-05	1.442075e-01	-4.685970e+00
3.666000e-05	-1.889749e-02	-4.965705e+00
3.667000e-05	-9.895957e-02	-5.375629e+00
3.668000e-05	8.552738e-02	-5.610758e+00
3.669000e-05	-1.546108e-01	-5.891473e+00
3.670000e-05	1.294787e-01	-6.123529e+00
3.671000e-05	-7.381292e-02	-6.357785e+00
3.672000e-05	1.123213e-03	-6.713495e+00
3.673000e-05	7.121202e-02	-6.912626e+00
3.674000e-05	-1.091163e-01	-7.248437e+00
3.675000e-05	6.204027e-02	-7.491393e+00
3.676000e-05	-1.020459e-01	-7.714677e+00
3.677000e-05	6.008356e-02	-8.070390e+00
3.678000e-05	-1.496214e-02	-8.270892e+00
3.679000e-05	-4.447362e-02	-8.532201e+00
3.680000e-05	5.645929e-02	-8.755055e+00
3.681000e-05	-9.466844e-02	-9.016289e+00
3.682000e-05	6.451195e-02	-9.205209e+00
3.683000e-05	-8.755667e-02	-9.457918e+00
3.684000e-05	4.097960e-02	-9.691396e+00
3.685000e-05	-3.328992e-02	-9.869971e+00
3.686000e-05	5.456187e-05	-1.012218e+01
3.687000e-05	-1.046923e-02	-1.037303e+01
3.688000e-05	-4.713633e-02	-1.059415e+01
3.689000e-05	1.996116e-02	-1.076353e+01
3.690000e-05	-5.316211e-02	-1.098273e+01
3.691000e-05	2.223931e-02	-1.117171e+01
3.692000e-05	-5.302079e-02	-1.136423e+01
3.693000e-05	1.882522e-02	-1.157526e+01
3.694000e-05	-4.435423e-02	-1.178371e+01
3.695000e-05	-5.576497e-04	-1.201629e+01
3.696000e-05	-4.079946e-02	-1.220368e+01
3.697000e-05	-8.512650e-03	-1.233263e+01
3.698000e-05	-1.632356e-02	-1.250150e+01
3.699000e-05	-2.425722e-02	-1.273947e+01
3.700000e-05	-1.814488e-02	-1.283684e+01
3.701000e-05	-3.508161e-02	-1.301638e+01
3.702000e-05	-6.311811e-03	-1.314165e+01
3.703000e-05	-4.096480e-02	-1.330855e+01
3.704000e-05	-1.161966e-02	-1.347794e+01
3.705000e-05	-3.647341e-02	-1.362224e+01
3.706000e-05	-9.889737e-03	-1.375310e+01
3.707000e-05	-3.665058e-02	-1.385840e+01
3.708000e-05	-2.685911e-02	-1.404278e+01
3.709000e-05	-3.308560e-02	-1.413952e+01
3.710000e-05	-2.452551e-02	-1.427337e+01
3.711000e-05	-2.947488e-02	-1.438308e+01
3.712000e-05	-3.321151e-02	-1.447742e+01
3.713000e-05	-2.936532e-02	-1.457208e+01
3.714000e-05	-3.229110e-02	-1.464787e+01
3.715000e-05	-3.089967e-02	-1.475096e+01
3.716000e-05	-3.951421e-02	-1.483679e+01
3.717000e-05	-3.348239e-02	-1.487955e+01
3.718000e-05	-3.532135e-02	-1.500211e+01
3.719000e-05	-3.427068e-02	-1.506542e+01
3.720000e-05	-4.303212e-02	-1.511052e+01
3.721000e-05	-3.810794e-02	-1.517958e+01
3.722000e-05	-4.137521e-02	-1.520410e+01
3.723000e-05	-3.785676e-02	-1.524486e+01
3.724000e-05	-4.530508e-02	-1.528997e+01
3.725000e-05	-4.258012e-02	-1.533000e+01
3.726000e-05	-4.350031e-02	-1.531158e+01
3.727000e-05	-4.510501e-02	-1.537416e+01
3.728000e-05	-4.890640e-02	-1.534261e+01
3.729000e-05	-5.302602e-02	-1.541323e+01
3.730000e-05	-5.033996e-02	-1.537476e+01
3.731000e-05	-5.374534e-02	-1.541319e+01
3.732000e-05	-5.725776e-02	-1.543476e+01
3.733000e-05	-6.227295e-02	-1.539416e+01
3.734000e-05	-6.299439e-02	-1.535256e+01
3.735000e-05	-6.786265e-02	-1.536003e+01
3.736000e-05	-7.546975e-02	-1.531145e+01
3.737000e-05	-8.398168e-02	-1.531794e+01
3.738000e-05	-9.257654e-02	-1.527626e+01
3.739000e-05	-1.022929e-01	-1.522268e+01
3.740000e-05	-1.193807e-01	-1.513105e+01
3.741000e-05	-1.409856e-01	-1.511737e+01
3.742000e-05	-1.616950e-01	-1.504569e+01
3.743000e-05	-1.843661e-01	-1.500306e+01
3.744000e-05	-2.058757e-01	-1.490895e+01
3.745000e-05	-2.202695e-01	-1.486519e+01
3.746000e-05	-2.195771e-01	-1.476255e+01
3.747000e-05	-2.058363e-01	-1.467727e+01
3.748000e-05	-1.879000e-01	-1.458103e+01
3.749000e-05	-1.669496e-01	-1.448884e+01
3.750000e-05	-1.454897e-01	-1.437357e+01
3.751000e-05	-1.238308e-01	-1.429622e+01
3.752000e-05	-1.068700e-01	-1.413955e+01
3.753000e-05	-9.331858e-02	-1.397356e+01
3.754000e-05	-8.140873e-02	-1.389782e+01
3.755000e-05	-7.079104e-02	-1.377295e+01
3.756000e-05	-6.240695e-02	-1.364509e+01
3.757000e-05	-5.643509e-02	-1.349984e+01
3.758000e-05	-5.118452e-02	-1.338240e+01
3.759000e-05	-4.595505e-02	-1.320453e+01
3.760000e-05	-3.975502e-02	-1.308668e+01
3.761000e-05	-3.754322e-02	-1.294874e+01
3.762000e-05	-3.553240e-02	-1.274089e+01
3.763000e-05	-3.259355e-02	-1.261398e+01
3.764000e-05	-2.988529e-02	-1.243403e+01
3.765000e-05	-2.755089e-02	-1.222663e+01
3.766000e-05	-2.771319e-02	-1.208768e+01
3.767000e-05	-2.563746e-02	-1.187781e+01
3.768000e-05	-2.368528e-02	-1.166601e+01
3.769000e-05	-2.206960e-02	-1.141563e+01
3.770000e-05	-2.297037e-02	-1.124506e+01
3.771000e-05	-2.164609e-02	-1.102750e+01
3.772000e-05	-2.093369e-02	-1.082603e+01
3.773000e-05	-1.798389e-02	-1.065758e+01
3.774000e-05	-1.926879e-02	-1.042603e+01
3.775000e-05	-1.870534e-02	-1.021598e+01
3.776000e-05	-1.712757e-02	-9.965924e+00
3.777000e-05	-1.513391e-02	-9.774898e+00
3.778000e-05	-1.632747e-02	-9.582348e+00
3.779000e-05	-1.859840e-02	-9.340740e+00
3.780000e-05	-1.628312e-02	-9.088636e+00
3.781000e-05	-1.423932e-02	-8.891106e+00
3.782000e-05	-1.335373e-02	-8.667482e+00
3.783000e-05	-1.490873e-02	-8.366328e+00
3.784000e-05	-1.354189e-02	-8.153894e+00
3.785000e-05	-1.180067e-02	-7.951713e+00
3.786000e-05	-1.159072e-02	-7.676405e+00
3.787000e-05	-1.380046e-02	-7.374848e+00
3.788000e-05	-1.266471e-02	-7.140635e+00
3.789000e-05	-1.060697e-02	-6.868983e+00
3.790000e-05	-9.860836e-03	-6.586853e+00
3.791000e-05	-1.268457e-02	-6.363417e+00
3.792000e-05	-1.169031e-02	-6.072059e+00
3.793000e-05	-1.013959e-02	-5.784924e+00
3.794000e-05	-8.900196e-03	-5.564166e+00
3.795000e-05	-8.654986e-03	-5.208457e+00
3.796000e-05	-9.334443e-03	-4.972738e+00
3.797000e-05	-7.909140e-03	-4.628429e+00
3.798000e-05	-8.017593e-03	-4.388470e+00
3.799000e-05	-8.497955e-03	-4.174191e+00
3.800000e-05	-9.152125e-03	-3.862057e+00
3.801000e-05	-7.595765e-03	-3.596778e+00
3.802000e-05	-8.529666e-03	-3.343637e+00
3.803000e-05	-6.922111e-03	-3.040376e+00
3.804000e-05	-7.866399e-03	-2.766637e+00
3.805000e-05	-4.974789e-03	-2.441457e+00
3.806000e-05	-5.608556e-03	-2.187767e+00
3.807000e-05	-4.563999e-03	-1.924586e+00
3.808000e-05	-5.795147e-03	-1.631928e+00
3.809000e-05	-5.701069e-03	-1.283538e+00
3.810000e-05	-6.008527e-03	-1.018272e+00
3.811000e-05	-5.036215e-03	-7.540622e-01
3.812000e-05	-4.638795e-03	-4.509476e-01
3.813000e-05	-3.087675e-03	-1.376635e-01
3.814000e-05	6.284794e-03	8.744329e-02
3.815000e-05	4.399897e-03	4.102064e-01
3.816000e-05	4.782801e-04	6.743127e-01
3.817000e-05	1.327890e-04	9.050407e-01
3.818000e-05	3.741616e-04	1.251680e+00
3.819000e-05	1.756903e-03	1.504501e+00
3.820000e-05	1.385089e-03	1.800729e+00
3.821000e-05	1.234395e-02	2.018156e+00
3.822000e-05	5.364256e-02	2.264417e+00
3.823000e-05	5.722120e-02	2.640261e+00
3.824000e-05	-6.378080e-02	2.956577e+00
3.825000e-05	-4.217867e-02	3.229207e+00
3.826000e-05	-2.344487e-02	3.473417e+00
3.827000e-05	1.145150e-02	3.735973e+00
3.828000e-05	-5.270537e-02	3.946921e+00
3.829000e-05	-1.096943e-02	4.175725e+00
3.830000e-05	1.041379e-01	4.422964e+00
3.831000e-05	-5.130009e-02	4.755523e+00
3.832000e-05	1.052849e-01	4.988758e+00
3.833000e-05	-5.193522e-02	5.344651e+00
3.834000e-05	-3.691048e-02	5.609706e+00
3.835000e-05	6.017675e-02	5.852869e+00
3.836000e-05	-3.257064e-02	6.135049e+00
3.837000e-05	3.899013e-02	6.407205e+00
3.838000e-05	-4.949754e-02	6.711971e+00
3.839000e-05	5.219740e-02	6.944672e+00
3.840000e-05	3.326469e-02	7.205789e+00
3.841000e-05	-3.360211e-02	7.519488e+00
3.842000e-05	-1.134614e-02	7.754227e+00
3.843000e-05	6.423432e-04	8.057312e+00
3.844000e-05	6.701191e-02	8.294816e+00
3.845000e-05	-2.213861e-02	8.504543e+00
3.846000e-05	-1.297787e-02	8.712375e+00
3.847000e-05	3.085898e-02	8.974705e+00
3.848000e-05	8.133907e-03	9.206254e+00
3.849000e-05	2.147560e-02	9.407283e+00
3.850000e-05	-2.906542e-02	9.670442e+00
3.851000e-05	2.854795e-02	9.909944e+00
3.852000e-05	2.143272e-02	1.008097e+01
3.853000e-05	2.080574e-02	1.029140e+01
3.854000e-05	-1.187976e-02	1.056108e+01
3.855000e-05	-1.521239e-03	1.074362e+01
3.856000e-05	3.935113e-02	1.097305e+01
3.857000e-05	9.271794e-03	1.112155e+01
3.858000e-05	1.050238e-02	1.138217e+01
3.859000e-05	-1.932637e-03	1.158268e+01
3.860000e-05	3.730847e-02	1.181425e+01
3.861000e-05	1.350219e-02	1.192360e+01
3.862000e-05	6.881388e-03	1.214310e+01
3.863000e-05	2.371995e-03	1.235697e+01
3.864000e-05	2.706507e-02	1.247042e+01
3.865000e-05	2.970094e-02	1.264729e+01
3.866000e-05	8.333909e-03	1.279613e+01
3.867000e-05	1.165920e-02	1.296113e+01
3.868000e-05	2.200430e-02	1.311905e+01
3.869000e-05	3.269634e-02	1.325844e+01
3.870000e-05	1.076965e-02	1.340421e+01
3.871000e-05	1.241666e-02	1.353963e+01
3.872000e-05	2.462848e-02	1.370889e+01
3.873000e-05	3.198393e-02	1.387324e+01
3.874000e-05	1.906497e-02	1.396050e+01
3.875000e-05	1.325048e-02	1.408754e+01
3.876000e-05	2.741432e-02	1.422229e+01
3.877000e-05	3.440037e-02	1.436950e+01
3.878000e-05	2.436725e-02	1.447526e+01
3.879000e-05	1.855301e-02	1.454002e+01
3.880000e-05	2.730899e-02	1.464576e+01
3.881000e-05	3.545032e-02	1.475044e+01
3.882000e-05	2.955978e-02	1.481468e+01
3.883000e-05	2.256364e-02	1.487836e+01
3.884000e-05	2.887706e-02	1.495002e+01
3.885000e-05	3.847591e-02	1.499413e+01
3.886000e-05	3.207184e-02	1.505479e+01
3.887000e-05	2.605797e-02	1.507842e+01
3.888000e-05	3.052397e-02	1.516158e+01
3.889000e-05	4.169481e-02	1.521261e+01
3.890000e-05	4.085673e-02	1.523436e+01
3.891000e-05	3.276674e-02	1.525484e+01
3.892000e-05	3.776807e-02	1.529587e+01
3.893000e-05	4.333570e-02	1.533597e+01
3.894000e-05	4.583608e-02	1.531852e+01
3.895000e-05	3.689940e-02	1.533954e+01
3.896000e-05	4.291407e-02	1.534047e+01
3.897000e-05	5.209049e-02	1.539000e+01
3.898000e-05	5.751259e-02	1.534797e+01
3.899000e-05	5.313062e-02	1.532752e+01
3.900000e-05	5.525848e-02	1.534597e+01
3.901000e-05	6.773632e-02	1.526492e+01
3.902000e-05	7.326159e-02	1.526528e+01
3.903000e-05	7.726090e-02	1.519416e+01
3.904000e-05	8.495732e-02	1.515113e+01
3.905000e-05	1.051454e-01	1.513894e+01
3.906000e-05	1.241994e-01	1.509777e+01
3.907000e-05	1.412085e-01	1.499416e+01
3.908000e-05	1.608251e-01	1.493092e+01
3.909000e-05	1.887729e-01	1.489727e+01
3.910000e-05	2.102866e-01	1.481511e+01
3.911000e-05	2.139159e-01	1.474092e+01
3.912000e-05	2.053893e-01	1.469718e+01
3.913000e-05	1.929227e-01	1.457160e+01
3.914000e-05	1.764588e-01	1.450884e+01
3.915000e-05	1.510745e-01	1.442203e+01
3.916000e-05	1.249679e-01	1.425679e+01
3.917000e-05	1.078806e-01	1.416147e+01
3.918000e-05	9.672813e-02	1.405403e+01
3.919000e-05	8.355478e-02	1.391932e+01
3.920000e-05	6.730054e-02	1.382207e+01
3.921000e-05	5.882896e-02	1.366568e+01
3.922000e-05	5.336156e-02	1.346929e+01
3.923000e-05	4.733525e-02	1.335242e+01
3.924000e-05	3.647235e-02	1.323503e+01
3.925000e-05	3.407972e-02	1.310671e+01
3.926000e-05	3.338669e-02	1.291939e+01
3.927000e-05	3.180055e-02	1.278140e+01
3.928000e-05	2.628073e-02	1.261606e+01
3.929000e-05	2.110411e-02	1.246661e+01
3.930000e-05	2.122919e-02	1.226823e+01
3.931000e-05	1.994413e-02	1.213029e+01
3.932000e-05	1.857629e-02	1.191977e+01
3.933000e-05	1.412810e-02	1.172079e+01
3.934000e-05	1.615641e-02	1.152129e+01
3.935000e-05	1.590902e-02	1.131928e+01
3.936000e-05	1.425239e-02	1.112074e+01
3.937000e-05	1.058844e-02	1.096227e+01
3.938000e-05	1.151094e-02	1.074179e+01
3.939000e-05	1.290824e-02	1.050966e+01
3.940000e-05	1.049196e-02	1.027911e+01
3.941000e-05	7.902680e-03	1.007809e+01
3.942000e-05	7.371915e-03	9.858604e+00
3.943000e-05	9.046004e-03	9.606454e+00
3.944000e-05	7.697216e-03	9.396900e+00
3.945000e-05	5.839437e-03	9.213444e+00
3.946000e-05	5.840566e-03	8.992865e+00
3.947000e-05	6.347463e-03	8.711767e+00
3.948000e-05	6.823743e-03	8.521163e+00
3.949000e-05	4.142465e-03	8.268578e+00
3.950000e-05	3.493855e-03	8.026925e+00
3.951000e-05	3.764198e-03	7.793822e+00
3.952000e-05	4.846110e-03	7.510166e+00
3.953000e-05	2.713316e-03	7.225956e+00
3.954000e-05	1.469106e-03	6.955769e+00
3.955000e-05	2.388601e-03	6.731666e+00
3.956000e-05	3.607299e-03	6.458455e+00
3.957000e-05	2.004386e-03	6.197348e+00
3.958000e-05	5.310976e-05	5.934787e+00
3.959000e-05	1.056442e-03	5.690507e+00
3.960000e-05	1.468423e-03	5.397899e+00
3.961000e-05	-5.292647e-04	5.082057e+00
3.962000e-05	-9.145496e-04	4.776715e+00
3.963000e-05	-1.433654e-04	4.473611e+00
3.964000e-05	8.054822e-04	4.239003e+00
3.965000e-05	-4.948369e-04	3.924188e+00
3.966000e-05	-2.803070e-03	3.710107e+00
3.967000e-05	-1.854836e-03	3.467871e+00
3.968000e-05	-1.406164e-03	3.134109e+00
3.969000e-05	-2.503929e-03	2.862006e+00
3.970000e-05	-3.959942e-03	2.577741e+00
3.971000e-05	-3.432086e-03	2.303557e+00
3.972000e-05	-2.853630e-03	2.009420e+00
3.973000e-05	-4.036282e-03	1.726691e+00
3.974000e-05	-4.827127e-03	1.420875e+00
3.975000e-05	-4.675615e-03	1.156059e+00
3.976000e-05	-3.584563e-03	8.093448e-01
3.977000e-05	-3.740387e-03	5.051120e-01
3.978000e-05	-3.803560e-03	2.719267e-01
3.979000e-05	-3.807568e-03	-4.223396e-02
3.980000e-05	4.262887e-03	-2.744194e-01
3.981000e-05	-1.254886e-03	-5.676249e-01
3.982000e-05	-1.718954e-03	-8.138367e-01
3.983000e-05	-6.460617e-03	-1.083990e+00
3.984000e-05	-2.843131e-03	-1.387784e+00
3.985000e-05	-5.105857e-03	-1.671838e+00
3.986000e-05	5.647749e-03	-1.894867e+00
3.987000e-05	4.036412e-02	-2.114571e+00
3.988000e-05	8.140281e-02	-2.430312e+00
3.989000e-05	-8.180024e-02	-2.767205e+00
3.990000e-05	-3.257543e-02	-3.167654e+00
3.991000e-05	-4.901652e-02	-3.440340e+00
3.992000e-05	-8.039964e-03	-3.632939e+00
3.993000e-05	-8.588618e-02	-3.936974e+00
3.994000e-05	1.135782e-01	-4.072921e+00
3.995000e-05	-3.063373e-02	-4.324100e+00
3.996000e-05	-2.899037e-02	-4.640914e+00
3.997000e-05	1.540525e-01	-4.862338e+00
3.998000e-05	-1.834813e-01	-5.200886e+00
3.999000e-05	9.734218e-02	-5.513946e+00
4.000000e-05	-1.024817e-01	-5.775731e+00
4.001000e-05	1.515718e-02	-6.041388e+00
4.002000e-05	6.163825e-02	-6.269442e+00
4.003000e-05	-1.094632e-01	-6.556306e+00
4.004000e-05	1.231259e-01	-6.829338e+00
4.005000e-05	-9.205757e-02	-7.129580e+00
4.006000e-05	1.269291e-02	-7.396808e+00
4.007000e-05	-2.400464e-02	-7.619917e+00
4.008000e-05	-4.212378e-02	-7.952605e+00
4.009000e-05	7.933410e-02	-8.155653e+00
4.010000e-05	-1.032317e-01	-8.398908e+00
4.011000e-05	7.498695e-02	-8.648866e+00
4.012000e-05	-6.963637e-02	-8.913071e+00
4.013000e-05	1.183139e-02	-9.153580e+00
4.014000e-05	-1.742072e-02	-9.354229e+00
4.015000e-05	-3.890107e-02	-9.606284e+00
4.016000e-05	3.747975e-02	-9.825307e+00
4.017000e-05	-5.917808e-02	-1.003741e+01
4.018000e-05	3.976202e-02	-1.026839e+01
4.019000e-05	-7.395864e-02	-1.044899e+01
4.020000e-05	2.829983e-02	-1.069894e+01
4.021000e-05	-4.743891e-02	-1.086945e+01
4.022000e-05	6.129907e-03	-1.106797e+01
4.023000e-05	-2.829452e-02	-1.127955e+01
4.024000e-05	-1.137446e-02	-1.150098e+01
4.025000e-05	-1.161321e-02	-1.171013e+01
4.026000e-05	-3.080084e-02	-1.196998e+01
4.027000e-05	-1.014601e-02	-1.210247e+01
4.028000e-05	-3.864127e-02	-1.226902e+01
4.029000e-05	5.552496e-03	-1.246897e+01
4.030000e-05	-3.876719e-02	-1.263683e+01
4.031000e-05	-5.242322e-03	-1.280471e+01
4.032000e-05	-4.102312e-02	-1.296255e+01
4.033000e-05	-6.337971e-03	-1.310148e+01
4.034000e-05	-3.508881e-02	-1.326739e+01
4.035000e-05	-2.045063e-02	-1.338374e+01
4.036000e-05	-2.803143e-02	-1.357011e+01
4.037000e-05	-2.093909e-02	-1.368852e+01
4.038000e-05	-2.310362e-02	-1.385574e+01
4.039000e-05	-3.499238e-02	-1.397063e+01
4.040000e-05	-2.595054e-02	-1.407892e+01
4.041000e-05	-3.188121e-02	-1.422228e+01
4.042000e-05	-2.309691e-02	-1.432755e+01
4.043000e-05	-3.669183e-02	-1.443531e+01
4.044000e-05	-2.762490e-02	-1.454995e+01
4.045000e-05	-3.291794e-02	-1.461526e+01
4.046000e-05	-2.953892e-02	-1.470000e+01
4.047000e-05	-3.858254e-02	-1.482431e+01
4.048000e-05	-3.415482e-02	-1.489842e+01
4.049000e-05	-3.502827e-02	-1.493058e+01
4.050000e-05	-3.240643e-02	-1.503427e+01
4.051000e-05	-4.096485e-02	-1.508639e+01
4.052000e-05	-3.853795e-02	-1.516053e+01
4.053000e-05	-3.983531e-02	-1.521116e+01
4.054000e-05	-3.871225e-02	-1.525524e+01
4.055000e-05	-4.322944e-02	-1.527687e+01
4.056000e-05	-4.467041e-02	-1.534952e+01
4.057000e-05	-4.101895e-02	-1.533105e+01
4.058000e-05	-4.456157e-02	-1.535215e+01
4.059000e-05	-4.569968e-02	-1.538361e+01
4.060000e-05	-5.278768e-02	-1.537376e+01
4.061000e-05	-4.941538e-02	-1.536261e+01
4.062000e-05	-5.242407e-02	-1.546471e+01
4.063000e-05	-5.602566e-02	-1.538471e+01
4.064000e-05	-6.052545e-02	-1.539213e+01
4.065000e-05	-6.236460e-02	-1.540161e+01
4.066000e-05	-6.427916e-02	-1.535065e+01
4.067000e-05	-7.350301e-02	-1.532043e+01
4.068000e-05	-8.067566e-02	-1.529992e+01
4.069000e-05	-8.793672e-02	-1.527936e+01
4.070000e-05	-9.638685e-02	-1.523526e+01
4.071000e-05	-1.115001e-01	-1.518258e+01
4.072000e-05	-1.322935e-01	-1.512847e+01
4.073000e-05	-1.521377e-01	-1.507479e+01
4.074000e-05	-1.753567e-01	-1.503368e+01
4.075000e-05	-1.983341e-01	-1.497058e+01
4.076000e-05	-2.172816e-01	-1.489734e+01
4.077000e-05	-2.215241e-01	-1.478510e+01
4.078000e-05	-2.117602e-01	-1.469842e+01
4.079000e-05	-1.963599e-01	-1.465516e+01
4.080000e-05	-1.759604e-01	-1.454992e+01
4.081000e-05	-1.538057e-01	-1.445166e+01
4.082000e-05	-1.316893e-01	-1.432890e+01
4.083000e-05	-1.132143e-01	-1.423358e+01
4.084000e-05	-1.005069e-01	-1.411727e+01
4.085000e-05	-8.677952e-02	-1.394100e+01
4.086000e-05	-7.416926e-02	-1.385371e+01
4.087000e-05	-6.528364e-02	-1.366867e+01
4.088000e-05	-5.912473e-02	-1.355082e+01
4.089000e-05	-5.348444e-02	-1.339311e+01
4.090000e-05	-4.606812e-02	-1.328662e+01
4.091000e-05	-4.219344e-02	-1.311034e+01
4.092000e-05	-3.911906e-02	-1.300045e+01
4.093000e-05	-3.756189e-02	-1.284451e+01
4.094000e-05	-3.292409e-02	-1.264716e+01
4.095000e-05	-3.059750e-02	-1.246977e+01
4.096000e-05	-2.990741e-02	-1.227880e+01
4.097000e-05	-2.908933e-02	-1.217990e+01
4.098000e-05	-2.581882e-02	-1.194095e+01
4.099000e-05	-2.412249e-02	-1.179092e+01
4.100000e-05	-2.376569e-02	-1.153980e+01
4.101000e-05	-2.284724e-02	-1.129882e+01
4.102000e-05	-2.161727e-02	-1.111174e+01
4.103000e-05	-2.038424e-02	-1.090077e+01
4.104000e-05	-2.079516e-02	-1.074229e+01
4.105000e-05	-2.063386e-02	-1.051227e+01
4.106000e-05	-1.872386e-02	-1.030962e+01
4.107000e-05	-1.739510e-02	-1.006764e+01
4.108000e-05	-1.745154e-02	-9.848561e+00
4.109000e-05	-1.761920e-02	-9.648055e+00
4.110000e-05	-1.677487e-02	-9.424428e+00
4.111000e-05	-1.449082e-02	-9.186350e+00
4.112000e-05	-1.444273e-02	-8.983900e+00
4.113000e-05	-1.532135e-02	-8.741695e+00
4.114000e-05	-1.512547e-02	-8.460661e+00
4.115000e-05	-1.308144e-02	-8.259008e+00
4.116000e-05	-1.295610e-02	-8.045576e+00
4.117000e-05	-1.350738e-02	-7.782291e+00
4.118000e-05	-1.280663e-02	-7.470632e+00
4.119000e-05	-1.165162e-02	-7.218005e+00
4.120000e-05	-1.069278e-02	-6.923720e+00
4.121000e-05	-1.175923e-02	-6.751632e+00
4.122000e-05	-1.162894e-02	-6.429082e+00
4.123000e-05	-1.119856e-02	-6.186823e+00
4.124000e-05	-9.308074e-03	-5.953662e+00
4.125000e-05	-1.202638e-02	-5.661032e+00
4.126000e-05	-9.327013e-03	-5.374273e+00
4.127000e-05	-1.052210e-02	-5.092057e+00
4.128000e-05	-6.888178e-03	-4.735192e+00
4.129000e-05	-8.975402e-03	-4.502633e+00
4.130000e-05	-8.031774e-03	-4.290054e+00
4.131000e-05	-9.345375e-03	-3.988401e+00
4.132000e-05	-6.309961e-03	-3.693087e+00
4.133000e-05	-8.449023e-03	-3.459425e+00
4.134000e-05	-7.936576e-03	-3.176791e+00
4.135000e-05	-8.689315e-03	-2.830030e+00
4.136000e-05	-4.620607e-03	-2.587869e+00
4.137000e-05	-5.639373e-03	-2.354654e+00
4.138000e-05	-4.862898e-03	-2.018943e+00
4.139000e-05	-6.369718e-03	-1.734715e+00
4.140000e-05	-4.624741e-03	-1.470352e+00
4.141000e-05	-4.932785e-03	-1.105161e+00
4.142000e-05	-6.750665e-03	-8.115042e-01
4.143000e-05	-4.289543e-03	-5.571370e-01
4.144000e-05	-4.416982e-03	-2.245330e-01
4.145000e-05	2.598834e-03	-8.464342e-04
4.146000e-05	8.164441e-03	3.044657e-01
4.147000e-05	-2.361387e-03	5.475485e-01
4.148000e-05	3.385392e-03	7.896548e-01
4.149000e-05	-1.551232e-03	1.096942e+00
4.150000e-05	2.703070e-03	1.370122e+00
4.151000e-05	-1.731930e-03	1.744870e+00
4.152000e-05	9.990779e-03	1.916472e+00
4.153000e-05	2.725774e-02	2.156199e+00
4.154000e-05	8.353958e-02	2.450915e+00
4.155000e-05	-3.456020e-02	2.811733e+00
4.156000e-05	-5.072558e-02	3.125945e+00
4.157000e-05	-3.901164e-02	3.386205e+00
4.158000e-05	8.225245e-03	3.612834e+00
4.159000e-05	-2.755495e-02	3.871809e+00
4.160000e-05	-4.911205e-02	4.052410e+00
4.161000e-05	7.914718e-02	4.333576e+00
4.162000e-05	1.436281e-02	4.640762e+00
4.163000e-05	1.832647e-02	4.873014e+00
4.164000e-05	5.754549e-02	5.219388e+00
4.165000e-05	-1.027824e-01	5.533418e+00
4.166000e-05	5.828867e-02	5.804680e+00
4.167000e-05	-3.795058e-03	6.039415e+00
4.168000e-05	4.537320e-03	6.282393e+00
4.169000e-05	-4.028294e-04	6.595680e+00
4.170000e-05	-1.995255e-02	6.869287e+00
4.171000e-05	8.833033e-02	7.081471e+00
4.172000e-05	-4.113922e-02	7.354729e+00
4.173000e-05	-4.916431e-03	7.662367e+00
4.174000e-05	-2.439107e-02	7.961576e+00
4.175000e-05	5.968920e-02	8.185705e+00
4.176000e-05	2.091004e-02	8.428709e+00
4.177000e-05	-4.262779e-02	8.638309e+00
4.178000e-05	3.309994e-02	8.829493e+00
4.179000e-05	3.519086e-03	9.098942e+00
4.180000e-05	3.309487e-02	9.293650e+00
4.181000e-05	-2.427409e-02	9.524604e+00
4.182000e-05	1.204692e-02	9.776181e+00
4.183000e-05	2.520046e-02	1.000733e+01
4.184000e-05	2.328163e-02	1.022874e+01
4.185000e-05	2.991953e-03	1.047541e+01
4.186000e-05	-1.845638e-02	1.067689e+01
4.187000e-05	3.552638e-02	1.088042e+01
4.188000e-05	1.511946e-02	1.104882e+01
4.189000e-05	1.633426e-02	1.127797e+01
4.190000e-05	-7.486834e-03	1.146804e+01
4.191000e-05	3.190450e-02	1.167889e+01
4.192000e-05	2.060016e-02	1.190932e+01
4.193000e-05	1.251177e-02	1.209644e+01
4.194000e-05	-1.215292e-03	1.225529e+01
4.195000e-05	1.962664e-02	1.241674e+01
4.196000e-05	3.179421e-02	1.256418e+01
4.197000e-05	1.325101e-02	1.275163e+01
4.198000e-05	1.105439e-02	1.286907e+01
4.199000e-05	1.404742e-02	1.304677e+01
4.200000e-05	3.548907e-02	1.321525e+01
4.201000e-05	1.499968e-02	1.334207e+01
4.202000e-05	1.348322e-02	1.351037e+01
4.203000e-05	1.801676e-02	1.363731e+01
4.204000e-05	3.514257e-02	1.379015e+01
4.205000e-05	2.308409e-02	1.392892e+01
4.206000e-05	1.385021e-02	1.404379e+01
4.207000e-05	2.182800e-02	1.416070e+01
4.208000e-05	3.143162e-02	1.429900e+01
4.209000e-05	2.951418e-02	1.441218e+01
4.210000e-05	1.664246e-02	1.451839e+01
4.211000e-05	2.598546e-02	1.457308e+01
4.212000e-05	3.342242e-02	1.463781e+01
4.213000e-05	3.368117e-02	1.476103e+01
4.214000e-05	2.262058e-02	1.484719e+01
4.215000e-05	2.621924e-02	1.489842e+01
4.216000e-05	3.571003e-02	1.496203e+01
4.217000e-05	3.456403e-02	1.500421e+01
4.218000e-05	2.768357e-02	1.511539e+01
4.219000e-05	2.651138e-02	1.518097e+01
4.220000e-05	4.028250e-02	1.519206e+01
4.221000e-05	4.143232e-02	1.523314e+01
4.222000e-05	3.562101e-02	1.527576e+01
4.223000e-05	3.285056e-02	1.526347e+01
4.224000e-05	4.352027e-02	1.535804e+01
4.225000e-05	4.582617e-02	1.529797e+01
4.226000e-05	3.899550e-02	1.532750e+01
4.227000e-05	3.851677e-02	1.534052e+01
4.228000e-05	4.784766e-02	1.532849e+01
4.229000e-05	5.721731e-02	1.535753e+01
4.230000e-05	5.142141e-02	1.534797e+01
4.231000e-05	5.381541e-02	1.534787e+01
4.232000e-05	6.255582e-02	1.528587e+01
4.233000e-05	7.505347e-02	1.527581e+01
4.234000e-05	7.391432e-02	1.524323e+01
4.235000e-05	8.031635e-02	1.519061e+01
4.236000e-05	9.675678e-02	1.516100e+01
4.237000e-05	1.174424e-01	1.508777e+01
4.238000e-05	1.324177e-01	1.504466e+01
4.239000e-05	1.509151e-01	1.499255e+01
4.240000e-05	1.803872e-01	1.491935e+01
4.241000e-05	2.049694e-01	1.485771e+01
4.242000e-05	2.135684e-01	1.478203e+01
4.243000e-05	2.082535e-01	1.476782e+01
4.244000e-05	1.993958e-01	1.464321e+01
4.245000e-05	1.851864e-01	1.452940e+01
4.246000e-05	1.583857e-01	1.442508e+01
4.247000e-05	1.331966e-01	1.433080e+01
4.248000e-05	1.160813e-01	1.417255e+01
4.249000e-05	1.048715e-01	1.411779e+01
4.250000e-05	8.753711e-02	1.397246e+01
4.251000e-05	7.145275e-02	1.387366e+01
4.252000e-05	6.114838e-02	1.375877e+01
4.253000e-05	5.818735e-02	1.356985e+01
4.254000e-05	5.061056e-02	1.344606e+01
4.255000e-05	4.007143e-02	1.329779e+01
4.256000e-05	3.551456e-02	1.316939e+01
4.257000e-05	3.495066e-02	1.300050e+01
4.258000e-05	3.300522e-02	1.285708e+01
4.259000e-05	2.579842e-02	1.270811e+01
4.260000e-05	2.361437e-02	1.252284e+01
4.261000e-05	2.372286e-02	1.233087e+01
4.262000e-05	2.277918e-02	1.219300e+01
4.263000e-05	1.763139e-02	1.201345e+01
4.264000e-05	1.411199e-02	1.180705e+01
4.265000e-05	1.700780e-02	1.163453e+01
4.266000e-05	1.721344e-02	1.140448e+01
4.267000e-05	1.331606e-02	1.120440e+01
4.268000e-05	1.173117e-02	1.102648e+01
4.269000e-05	1.219530e-02	1.082358e+01
4.270000e-05	1.431978e-02	1.062505e+01
4.271000e-05	9.711852e-03	1.038480e+01
4.272000e-05	7.746030e-03	1.016577e+01
4.273000e-05	8.561964e-03	9.933318e+00
4.274000e-05	1.033346e-02	9.709740e+00
4.275000e-05	7.875099e-03	9.460110e+00
4.276000e-05	4.934297e-03	9.290134e+00
4.277000e-05	4.892457e-03	9.047533e+00
4.278000e-05	7.636320e-03	8.796454e+00
4.279000e-05	5.898133e-03	8.616321e+00
4.280000e-05	3.139709e-03	8.341823e+00
4.281000e-05	3.997023e-03	8.081138e+00
4.282000e-05	4.699568e-03	7.898009e+00
4.283000e-05	4.382280e-03	7.605950e+00
4.284000e-05	1.891567e-03	7.352140e+00
4.285000e-05	1.516452e-03	7.060579e+00
4.286000e-05	3.442843e-03	6.847454e+00
4.287000e-05	3.605071e-03	6.545187e+00
4.288000e-05	3.611403e-04	6.302161e+00
4.289000e-05	2.337617e-04	6.070079e+00
4.290000e-05	1.828795e-03	5.766793e+00
4.291000e-05	2.050194e-03	5.542686e+00
4.292000e-05	-4.511478e-04	5.256928e+00
4.293000e-05	-1.847865e-03	4.863060e+00
4.294000e-05	2.645511e-04	4.616850e+00
4.295000e-05	-9.672618e-05	4.374720e+00
4.296000e-05	-1.659940e-03	4.070459e+00
4.297000e-05	-3.036253e-03	3.796245e+00
4.298000e-05	-1.997676e-03	3.553839e+00
4.299000e-05	-1.389850e-03	3.229423e+00
4.300000e-05	-2.828065e-03	2.967188e+00
4.301000e-05	-4.152798e-03	2.731556e+00
4.302000e-05	-3.050815e-03	2.375795e+00
4.303000e-05	-3.192754e-03	2.125136e+00
4.304000e-05	-4.610679e-03	1.922349e+00
4.305000e-05	-4.880501e-03	1.586715e+00
4.306000e-05	-4.645479e-03	1.250954e+00
4.307000e-05	-3.929894e-03	9.365355e-01
4.308000e-05	-3.708540e-03	6.624990e-01
4.309000e-05	-4.797941e-03	4.088150e-01
4.310000e-05	-3.392356e-03	7.350151e-02
4.311000e-05	9.458641e-04	-2.101062e-01
4.312000e-05	5.740570e-03	-4.322890e-01
4.313000e-05	-7.551776e-03	-7.570485e-01
4.314000e-05	-2.717856e-03	-9.781287e-01
4.315000e-05	-6.132729e-03	-1.232389e+00
4.316000e-05	-1.044262e-03	-1.579127e+00
4.317000e-05	-1.847240e-03	-1.818704e+00
4.318000e-05	1.913944e-02	-2.009258e+00
4.319000e-05	9.163876e-02	-2.273418e+00
4.320000e-05	-2.852228e-02	-2.631388e+00
4.321000e-05	-5.944620e-02	-3.049814e+00
4.322000e-05	-4.655543e-02	-3.334526e+00
4.323000e-05	-1.479790e-02	-3.546105e+00
4.324000e-05	-5.357009e-02	-3.880784e+00
4.325000e-05	6.943467e-03	-4.051834e+00
4.326000e-05	1.078291e-01	-4.169784e+00
4.327000e-05	-1.474774e-01	-4.513472e+00
4.328000e-05	1.836407e-01	-4.739184e+00
4.329000e-05	-1.002744e-01	-5.060965e+00
4.330000e-05	-2.825541e-02	-5.418785e+00
4.331000e-05	3.496881e-02	-5.650265e+00
4.332000e-05	-1.225027e-01	-5.925652e+00
4.333000e-05	1.415649e-01	-6.185261e+00
4.334000e-05	-1.127165e-01	-6.461919e+00
4.335000e-05	5.723122e-02	-6.745052e+00
4.336000e-05	1.968590e-02	-6.976262e+00
4.337000e-05	-8.149924e-02	-7.303023e+00
4.338000e-05	5.101487e-02	-7.543503e+00
4.339000e-05	-1.083266e-01	-7.847363e+00
4.340000e-05	8.952738e-02	-8.072467e+00
4.341000e-05	-5.840354e-02	-8.313502e+00
4.342000e-05	1.700640e-03	-8.615729e+00
4.343000e-05	2.119537e-02	-8.805312e+00
4.344000e-05	-7.337693e-02	-9.059914e+00
4.345000e-05	5.578484e-02	-9.249396e+00
4.346000e-05	-9.554351e-02	-9.511995e+00
4.347000e-05	5.819757e-02	-9.743503e+00
4.348000e-05	-5.689179e-02	-9.953075e+00
4.349000e-05	2.864146e-02	-1.017426e+01
4.350000e-05	-3.963457e-02	-1.037271e+01
4.351000e-05	-2.042281e-02	-1.060624e+01
4.352000e-05	-1.737011e-03	-1.077526e+01
4.353000e-05	-3.891159e-02	-1.097523e+01
4.354000e-05	1.163128e-02	-1.120619e+01
4.355000e-05	-4.849203e-02	-1.144639e+01
4.356000e-05	1.959652e-02	-1.161637e+01
4.357000e-05	-4.691609e-02	-1.178484e+01
4.358000e-05	6.321840e-03	-1.204629e+01
4.359000e-05	-5.174370e-02	-1.216578e+01
4.360000e-05	6.833232e-04	-1.240476e+01
4.361000e-05	-2.913695e-02	-1.258216e+01
4.362000e-05	-1.397023e-02	-1.277105e+01
4.363000e-05	-2.909943e-02	-1.286939e+01
4.364000e-05	-2.435242e-02	-1.302734e+01
4.365000e-05	-1.188765e-02	-1.318213e+01
4.366000e-05	-3.531715e-02	-1.332060e+01
4.367000e-05	-1.574055e-02	-1.347647e+01
4.368000e-05	-3.659605e-02	-1.360529e+01
4.369000e-05	-1.125371e-02	-1.378303e+01
4.370000e-05	-3.891393e-02	-1.391948e+01
4.371000e-05	-2.524294e-02	-1.401579e+01
4.372000e-05	-3.639584e-02	-1.417056e+01
4.373000e-05	-2.178727e-02	-1.429640e+01
4.374000e-05	-3.002005e-02	-1.439213e+01
4.375000e-05	-3.014802e-02	-1.449940e+01
4.376000e-05	-3.248611e-02	-1.459416e+01
4.377000e-05	-3.038331e-02	-1.469694e+01
4.378000e-05	-3.281728e-02	-1.476211e+01
4.379000e-05	-4.002873e-02	-1.488544e+01
4.380000e-05	-3.760921e-02	-1.491848e+01
4.381000e-05	-3.426470e-02	-1.499066e+01
4.382000e-05	-3.276607e-02	-1.508484e+01
4.383000e-05	-4.043525e-02	-1.508590e+01
4.384000e-05	-3.839489e-02	-1.517061e+01
4.385000e-05	-4.058147e-02	-1.521129e+01
4.386000e-05	-3.789976e-02	-1.525589e+01
4.387000e-05	-4.705336e-02	-1.534886e+01
4.388000e-05	-4.584890e-02	-1.528947e+01
4.389000e-05	-4.270337e-02	-1.535213e+01
4.390000e-05	-4.276154e-02	-1.536308e+01
4.391000e-05	-4.666403e-02	-1.539218e+01
4.392000e-05	-5.247657e-02	-1.537366e+01
4.393000e-05	-5.074242e-02	-1.541363e+01
4.394000e-05	-5.513558e-02	-1.539474e+01
4.395000e-05	-5.798142e-02	-1.541421e+01
4.396000e-05	-6.382175e-02	-1.535268e+01
4.397000e-05	-6.322583e-02	-1.536313e+01
4.398000e-05	-6.596972e-02	-1.535063e+01
4.399000e-05	-7.524189e-02	-1.534095e+01
4.400000e-05	-8.605848e-02	-1.528737e+01
4.401000e-05	-9.490559e-02	-1.527429e+01
4.402000e-05	-1.045144e-01	-1.521561e+01
4.403000e-05	-1.226929e-01	-1.515153e+01
4.404000e-05	-1.443530e-01	-1.512785e+01
4.405000e-05	-1.670403e-01	-1.507529e+01
4.406000e-05	-1.871324e-01	-1.503155e+01
4.407000e-05	-2.079748e-01	-1.492745e+01
4.408000e-05	-2.216415e-01	-1.479516e+01
4.409000e-05	-2.206231e-01	-1.478145e+01
4.410000e-05	-2.034365e-01	-1.465566e+01
4.411000e-05	-1.834901e-01	-1.458253e+01
4.412000e-05	-1.619968e-01	-1.448574e+01
4.413000e-05	-1.427663e-01	-1.437103e+01
4.414000e-05	-1.194004e-01	-1.427516e+01
4.415000e-05	-1.034002e-01	-1.416847e+01
4.416000e-05	-9.154993e-02	-1.401408e+01
4.417000e-05	-8.237659e-02	-1.386734e+01
4.418000e-05	-6.935912e-02	-1.373295e+01
4.419000e-05	-6.096175e-02	-1.360406e+01
4.420000e-05	-5.522298e-02	-1.349671e+01
4.421000e-05	-5.028383e-02	-1.329982e+01
4.422000e-05	-4.406338e-02	-1.317247e+01
4.423000e-05	-3.876042e-02	-1.304708e+01
4.424000e-05	-3.764728e-02	-1.289771e+01
4.425000e-05	-3.554356e-02	-1.268987e+01
4.426000e-05	-3.185398e-02	-1.257335e+01
4.427000e-05	-2.985893e-02	-1.240343e+01
4.428000e-05	-2.852963e-02	-1.222758e+01
4.429000e-05	-2.902486e-02	-1.204456e+01
4.430000e-05	-2.594619e-02	-1.185561e+01
4.431000e-05	-2.343625e-02	-1.159503e+01
4.432000e-05	-2.126985e-02	-1.136351e+01
4.433000e-05	-2.350273e-02	-1.122308e+01
4.434000e-05	-2.165606e-02	-1.098387e+01
4.435000e-05	-2.036154e-02	-1.076445e+01
4.436000e-05	-1.928731e-02	-1.060545e+01
4.437000e-05	-2.044802e-02	-1.040395e+01
4.438000e-05	-1.815299e-02	-1.022134e+01
4.439000e-05	-1.768495e-02	-9.941746e+00
4.440000e-05	-1.615760e-02	-9.760845e+00
4.441000e-05	-1.649408e-02	-9.550764e+00
4.442000e-05	-1.618288e-02	-9.259116e+00
4.443000e-05	-1.477096e-02	-9.069558e+00
4.444000e-05	-1.458689e-02	-8.837005e+00
4.445000e-05	-1.531046e-02	-8.593423e+00
4.446000e-05	-1.497341e-02	-8.332794e+00
4.447000e-05	-1.385798e-02	-8.162263e+00
4.448000e-05	-1.326411e-02	-7.859632e+00
4.449000e-05	-1.210448e-02	-7.594271e+00
4.450000e-05	-1.299020e-02	-7.352269e+00
4.451000e-05	-1.068170e-02	-7.069532e+00
4.452000e-05	-1.119153e-02	-6.806973e+00
4.453000e-05	-1.031110e-02	-6.574767e+00
4.454000e-05	-1.217812e-02	-6.322061e+00
4.455000e-05	-1.019505e-02	-6.017455e+00
4.456000e-05	-1.068493e-02	-5.796746e+00
4.457000e-05	-9.270369e-03	-5.531693e+00
4.458000e-05	-1.010646e-02	-5.206951e+00
4.459000e-05	-8.915131e-03	-4.880384e+00
4.460000e-05	-8.993527e-03	-4.575746e+00
4.461000e-05	-6.611422e-03	-4.365221e+00
4.462000e-05	-7.180763e-03	-4.072636e+00
4.463000e-05	-8.108574e-03	-3.829802e+00
4.464000e-05	-8.268479e-03	-3.525191e+00
4.465000e-05	-8.965055e-03	-3.252537e+00
4.466000e-05	-7.089528e-03	-2.966121e+00
4.467000e-05	-7.655053e-03	-2.703136e+00
4.468000e-05	-6.712265e-03	-2.418979e+00
4.469000e-05	-4.690660e-03	-2.075638e+00
4.470000e-05	-4.127122e-03	-1.861929e+00
4.471000e-05	-5.868584e-03	-1.607221e+00
4.472000e-05	-5.783070e-03	-1.229908e+00
4.473000e-05	-6.749916e-03	-9.366674e-01
4.474000e-05	-4.549708e-03	-7.023981e-01
4.475000e-05	-4.846125e-03	-3.772186e-01
4.476000e-05	-1.585122e-03	-1.050844e-01
4.477000e-05	7.397646e-03	1.802286e-01
4.478000e-05	1.980303e-03	4.222627e-01
4.479000e-05	1.573426e-03	7.058957e-01
4.480000e-05	-1.615958e-03	9.586326e-01
4.481000e-05	7.967913e-04	1.263288e+00
4.482000e-05	-3.693874e-04	1.595622e+00
4.483000e-05	4.717702e-03	1.852760e+00
4.484000e-05	1.516850e-02	2.043786e+00
4.485000e-05	6.921249e-02	2.306650e+00
4.486000e-05	3.033786e-02	2.694943e+00
4.487000e-05	-6.439706e-02	2.998781e+00
4.488000e-05	-4.298577e-02	3.272963e+00
4.489000e-05	-1.432190e-02	3.546650e+00
4.490000e-05	2.940619e-03	3.779102e+00
4.491000e-05	-5.665837e-02	3.967101e+00
4.492000e-05	1.431484e-02	4.217809e+00
4.493000e-05	9.086964e-02	4.534573e+00
4.494000e-05	-5.266933e-02	4.768605e+00
4.495000e-05	1.165489e-01	5.019413e+00
4.496000e-05	-9.116953e-02	5.419781e+00
4.497000e-05	-4.067549e-04	5.681913e+00
4.498000e-05	4.492247e-02	5.955571e+00
4.499000e-05	-2.789612e-02	6.206705e+00
4.500000e-05	3.845202e-02	6.450943e+00
4.501000e-05	-5.762882e-02	6.754146e+00
4.502000e-05	7.685946e-02	6.986181e+00
4.503000e-05	1.094992e-03	7.239992e+00
4.504000e-05	-2.246739e-02	7.572174e+00
4.505000e-05	-1.706821e-02	7.826356e+00
4.506000e-05	2.102326e-02	8.109013e+00
4.507000e-05	5.988719e-02	8.365519e+00
4.508000e-05	-3.472515e-02	8.544600e+00
4.509000e-05	3.645997e-03	8.744654e+00
4.510000e-05	2.048875e-02	8.985733e+00
4.511000e-05	1.402976e-02	9.198338e+00
4.512000e-05	7.224012e-03	9.448888e+00
4.513000e-05	-1.964471e-02	9.719997e+00
4.514000e-05	3.105059e-02	9.932074e+00
4.515000e-05	2.489638e-02	1.015415e+01
4.516000e-05	1.793948e-02	1.035365e+01
4.517000e-05	-1.634645e-02	1.060320e+01
4.518000e-05	8.500805e-03	1.078266e+01
4.519000e-05	3.271110e-02	1.096520e+01
4.520000e-05	1.096799e-02	1.114276e+01
4.521000e-05	3.540806e-03	1.139323e+01
4.522000e-05	7.219095e-03	1.164378e+01
4.523000e-05	3.495266e-02	1.182524e+01
4.524000e-05	1.483001e-02	1.199321e+01
4.525000e-05	4.963059e-03	1.215213e+01
4.526000e-05	6.837833e-03	1.233050e+01
4.527000e-05	2.957969e-02	1.253050e+01
4.528000e-05	2.563317e-02	1.268884e+01
4.529000e-05	8.206037e-03	1.282439e+01
4.530000e-05	1.098233e-02	1.301468e+01
4.531000e-05	2.730084e-02	1.316060e+01
4.532000e-05	2.870501e-02	1.330897e+01
4.533000e-05	1.173281e-02	1.342578e+01
4.534000e-05	1.346311e-02	1.358266e+01
4.535000e-05	2.840793e-02	1.372800e+01
4.536000e-05	2.917186e-02	1.383384e+01
4.537000e-05	1.797187e-02	1.396065e+01
4.538000e-05	1.385494e-02	1.408910e+01
4.539000e-05	2.948163e-02	1.423429e+01
4.540000e-05	3.241031e-02	1.437015e+01
4.541000e-05	2.342213e-02	1.450637e+01
4.542000e-05	1.911181e-02	1.457060e+01
4.543000e-05	2.922667e-02	1.463729e+01
4.544000e-05	3.610920e-02	1.475147e+01
4.545000e-05	2.608145e-02	1.480368e+01
4.546000e-05	2.339882e-02	1.488786e+01
4.547000e-05	3.006391e-02	1.491050e+01
4.548000e-05	3.966308e-02	1.502208e+01
4.549000e-05	3.121161e-02	1.506584e+01
4.550000e-05	2.592913e-02	1.513749e+01
4.551000e-05	3.312460e-02	1.516003e+01
4.552000e-05	4.048340e-02	1.520219e+01
4.553000e-05	3.779512e-02	1.524479e+01
4.554000e-05	3.133544e-02	1.525437e+01
4.555000e-05	3.905404e-02	1.533789e+01
4.556000e-05	4.637182e-02	1.534652e+01
4.557000e-05	4.414339e-02	1.534900e+01
4.558000e-05	3.724442e-02	1.534902e+01
4.559000e-05	4.247682e-02	1.533802e+01
4.560000e-05	5.233203e-02	1.535097e+01
4.561000e-05	5.412527e-02	1.534744e+01
4.562000e-05	5.226176e-02	1.533847e+01
4.563000e-05	5.726715e-02	1.530794e+01
4.564000e-05	7.022564e-02	1.528479e+01
4.565000e-05	7.473625e-02	1.526371e+01
4.566000e-05	7.911515e-02	1.520118e+01
4.567000e-05	8.847671e-02	1.516140e+01
4.568000e-05	1.076915e-01	1.512895e+01
4.569000e-05	1.262420e-01	1.505581e+01
4.570000e-05	1.431160e-01	1.501463e+01
4.571000e-05	1.663288e-01	1.492045e+01
4.572000e-05	1.934013e-01	1.488471e+01
4.573000e-05	2.137374e-01	1.481561e+01
4.574000e-05	2.135234e-01	1.476987e+01
4.575000e-05	2.053665e-01	1.466811e+01
4.576000e-05	1.915422e-01	1.458097e+01
4.577000e-05	1.704120e-01	1.448579e+01
4.578000e-05	1.465248e-01	1.436240e+01
4.579000e-05	1.203588e-01	1.426672e+01
4.580000e-05	1.080763e-01	1.412944e+01
4.581000e-05	9.248222e-02	1.402455e+01
4.582000e-05	8.079433e-02	1.388732e+01
4.583000e-05	6.590314e-02	1.377080e+01
4.584000e-05	5.982477e-02	1.364356e+01
4.585000e-05	5.241700e-02	1.345724e+01
4.586000e-05	4.570803e-02	1.333992e+01
4.587000e-05	3.680216e-02	1.322450e+01
4.588000e-05	3.458102e-02	1.304666e+01
4.589000e-05	3.200256e-02	1.290879e+01
4.590000e-05	2.956407e-02	1.274029e+01
4.591000e-05	2.518450e-02	1.258243e+01
4.592000e-05	2.263651e-02	1.244456e+01
4.593000e-05	2.267057e-02	1.226666e+01
4.594000e-05	2.019643e-02	1.209726e+01
4.595000e-05	1.792555e-02	1.188871e+01
4.596000e-05	1.500312e-02	1.167774e+01
4.597000e-05	1.645609e-02	1.148718e+01
4.598000e-05	1.544013e-02	1.129766e+01
4.599000e-05	1.267979e-02	1.108816e+01
4.600000e-05	1.086890e-02	1.092866e+01
4.601000e-05	1.116309e-02	1.071906e+01
4.602000e-05	1.210781e-02	1.049854e+01
4.603000e-05	1.001529e-02	1.026761e+01
4.604000e-05	9.529670e-03	1.004855e+01
4.605000e-05	9.376618e-03	9.832926e+00
4.606000e-05	8.083599e-03	9.593824e+00
4.607000e-05	6.975579e-03	9.383791e+00
4.608000e-05	5.577672e-03	9.143345e+00
4.609000e-05	6.281499e-03	8.900162e+00
4.610000e-05	6.129740e-03	8.669108e+00
4.611000e-05	5.619319e-03	8.458529e+00
4.612000e-05	4.208645e-03	8.206475e+00
4.613000e-05	4.159265e-03	7.954718e+00
4.614000e-05	3.994402e-03	7.671188e+00
4.615000e-05	3.915925e-03	7.456975e+00
4.616000e-05	2.591291e-03	7.175320e+00
4.617000e-05	1.361288e-03	6.912263e+00
4.618000e-05	2.006670e-03	6.678981e+00
4.619000e-05	2.452827e-03	6.425770e+00
4.620000e-05	1.259582e-03	6.135716e+00
4.621000e-05	-4.840778e-05	5.893134e+00
4.622000e-05	4.851832e-04	5.637425e+00
4.623000e-05	-5.237854e-04	5.364771e+00
4.624000e-05	5.659670e-05	4.999350e+00
4.625000e-05	-1.630114e-03	4.734633e+00
4.626000e-05	-4.667755e-04	4.440003e+00
4.627000e-05	-9.813007e-04	4.217767e+00
4.628000e-05	-1.302211e-03	3.903507e+00
4.629000e-05	-2.460049e-03	3.621047e+00
4.630000e-05	-2.555215e-03	3.356741e+00
4.631000e-05	-3.025349e-03	3.073508e+00
4.632000e-05	-3.296156e-03	2.820996e+00
4.633000e-05	-3.189923e-03	2.504560e+00
4.634000e-05	-3.640331e-03	2.220424e+00
4.635000e-05	-3.296630e-03	1.988265e+00
4.636000e-05	-3.119718e-03	1.653532e+00
4.637000e-05	-3.973977e-03	1.398769e+00
4.638000e-05	-5.349066e-03	1.072375e+00
4.639000e-05	-5.372988e-03	7.877646e-01
4.640000e-05	-4.380530e-03	5.041042e-01
4.641000e-05	-4.026066e-03	2.402686e-01
4.642000e-05	-3.476557e-03	-7.391928e-02
4.643000e-05	6.274411e-03	-3.379221e-01
4.644000e-05	-3.814468e-03	-5.807302e-01
4.645000e-05	5.853051e-04	-8.543669e-01
4.646000e-05	-7.571430e-03	-1.127051e+00
4.647000e-05	-1.671444e-03	-1.471859e+00
4.648000e-05	-5.188189e-03	-1.704901e+00
4.649000e-05	1.007550e-02	-1.955996e+00
4.650000e-05	5.554119e-02	-2.166655e+00
4.651000e-05	5.332405e-02	-2.493975e+00
4.652000e-05	-8.357611e-02	-2.842468e+00
4.653000e-05	-3.073259e-02	-3.230839e+00
4.654000e-05	-3.967420e-02	-3.502818e+00
4.655000e-05	-1.638558e-02	-3.706550e+00
4.656000e-05	-7.433181e-02	-3.969079e+00
4.657000e-05	1.399771e-01	-4.125048e+00
4.658000e-05	-9.510839e-02	-4.337679e+00
4.659000e-05	5.450929e-02	-4.693893e+00
4.660000e-05	8.152467e-02	-4.923045e+00
4.661000e-05	-1.640991e-01	-5.331974e+00
4.662000e-05	1.106588e-01	-5.545030e+00
4.663000e-05	-1.421039e-01	-5.818809e+00
4.664000e-05	8.012869e-02	-6.071992e+00
4.665000e-05	-1.476105e-03	-6.331601e+00
4.666000e-05	-6.725462e-02	-6.630339e+00
4.667000e-05	1.142537e-01	-6.858446e+00
4.668000e-05	-1.143382e-01	-7.176784e+00
4.669000e-05	4.412140e-02	-7.418363e+00
4.670000e-05	-6.830998e-02	-7.711576e+00
4.671000e-05	7.156559e-03	-8.007255e+00
4.672000e-05	4.262456e-02	-8.227285e+00
4.673000e-05	-8.581958e-02	-8.479569e+00
4.674000e-05	7.808243e-02	-8.719449e+00
4.675000e-05	-9.351991e-02	-8.972653e+00
4.676000e-05	4.594211e-02	-9.146131e+00
4.677000e-05	-5.527024e-02	-9.396309e+00
4.678000e-05	-1.338220e-03	-9.639294e+00
4.679000e-05	5.103640e-03	-9.859364e+00
4.680000e-05	-3.522581e-02	-1.006900e+01
4.681000e-05	2.306729e-02	-1.027849e+01
4.682000e-05	-6.943814e-02	-1.050107e+01
4.683000e-05	3.042241e-02	-1.075297e+01
4.684000e-05	-5.603252e-02	-1.088060e+01
4.685000e-05	1.939308e-02	-1.115118e+01
4.686000e-05	-4.558020e-02	-1.132075e+01
4.687000e-05	5.312584e-03	-1.156218e+01
4.688000e-05	-2.844588e-02	-1.176068e+01
4.689000e-05	-1.584044e-02	-1.199370e+01
4.690000e-05	-2.616762e-02	-1.217253e+01
4.691000e-05	-2.765462e-02	-1.230010e+01
4.692000e-05	-2.846051e-03	-1.251005e+01
4.693000e-05	-3.438073e-02	-1.266642e+01
4.694000e-05	-9.621906e-03	-1.281379e+01
4.695000e-05	-4.164644e-02	-1.299368e+01
4.696000e-05	-2.125524e-03	-1.312055e+01
4.697000e-05	-3.937245e-02	-1.328842e+01
4.698000e-05	-1.472325e-02	-1.344591e+01
4.699000e-05	-3.586816e-02	-1.357416e+01
4.700000e-05	-1.555734e-02	-1.371997e+01
4.701000e-05	-3.045437e-02	-1.382737e+01
4.702000e-05	-3.061346e-02	-1.396166e+01
4.703000e-05	-2.916321e-02	-1.411949e+01
4.704000e-05	-2.870923e-02	-1.421334e+01
4.705000e-05	-2.435404e-02	-1.434055e+01
4.706000e-05	-3.524282e-02	-1.445489e+01
4.707000e-05	-2.868337e-02	-1.455058e+01
4.708000e-05	-3.305600e-02	-1.464629e+01
4.709000e-05	-2.968564e-02	-1.471952e+01
4.710000e-05	-3.933461e-02	-1.479431e+01
4.711000e-05	-3.479943e-02	-1.487699e+01
4.712000e-05	-3.518941e-02	-1.496058e+01
4.713000e-05	-3.216835e-02	-1.505424e+01
4.714000e-05	-4.085387e-02	-1.510634e+01
4.715000e-05	-3.793559e-02	-1.518003e+01
4.716000e-05	-4.002420e-02	-1.520221e+01
4.717000e-05	-3.749209e-02	-1.523621e+01
4.718000e-05	-4.315140e-02	-1.528640e+01
4.719000e-05	-4.418152e-02	-1.531885e+01
4.720000e-05	-4.282917e-02	-1.535965e+01
4.721000e-05	-4.516217e-02	-1.535005e+01
4.722000e-05	-4.664541e-02	-1.540365e+01
4.723000e-05	-5.205027e-02	-1.539263e+01
4.724000e-05	-4.923583e-02	-1.538418e+01
4.725000e-05	-5.222649e-02	-1.541519e+01
4.726000e-05	-5.586686e-02	-1.542269e+01
4.727000e-05	-6.052479e-02	-1.540269e+01
4.728000e-05	-6.361069e-02	-1.538211e+01
4.729000e-05	-6.583305e-02	-1.537953e+01
4.730000e-05	-7.440365e-02	-1.531950e+01
4.731000e-05	-8.124052e-02	-1.526842e+01
4.732000e-05	-9.062544e-02	-1.529677e+01
4.733000e-05	-9.945853e-02	-1.527363e+01
4.734000e-05	-1.149956e-01	-1.516153e+01
4.735000e-05	-1.348888e-01	-1.512595e+01
4.736000e-05	-1.565274e-01	-1.512624e+01
4.737000e-05	-1.797337e-01	-1.501158e+01
4.738000e-05	-2.010455e-01	-1.495050e+01
4.739000e-05	-2.186512e-01	-1.486534e+01
4.740000e-05	-2.218175e-01	-1.479348e+01
4.741000e-05	-2.114954e-01	-1.468734e+01
4.742000e-05	-1.928863e-01	-1.461456e+01
4.743000e-05	-1.707940e-01	-1.451734e+01
4.744000e-05	-1.499553e-01	-1.439366e+01
4.745000e-05	-1.273553e-01	-1.430922e+01
4.746000e-05	-1.103319e-01	-1.420158e+01
4.747000e-05	-9.707289e-02	-1.401624e+01
4.748000e-05	-8.518865e-02	-1.396895e+01
4.749000e-05	-7.315674e-02	-1.381453e+01
4.750000e-05	-6.402878e-02	-1.364512e+01
4.751000e-05	-5.848293e-02	-1.352939e+01
4.752000e-05	-5.291002e-02	-1.342345e+01
4.753000e-05	-4.654724e-02	-1.326611e+01
4.754000e-05	-4.057573e-02	-1.309927e+01
4.755000e-05	-3.877906e-02	-1.295034e+01
4.756000e-05	-3.668392e-02	-1.278195e+01
4.757000e-05	-3.305498e-02	-1.265458e+01
4.758000e-05	-3.009529e-02	-1.245714e+01
4.759000e-05	-2.897125e-02	-1.227976e+01
4.760000e-05	-2.894974e-02	-1.213181e+01
4.761000e-05	-2.709851e-02	-1.194131e+01
4.762000e-05	-2.437863e-02	-1.174774e+01
4.763000e-05	-2.265634e-02	-1.147719e+01
4.764000e-05	-2.354559e-02	-1.128868e+01
4.765000e-05	-2.160882e-02	-1.103911e+01
4.766000e-05	-1.966383e-02	-1.089866e+01
4.767000e-05	-1.859557e-02	-1.069016e+01
4.768000e-05	-2.065030e-02	-1.048629e+01
4.769000e-05	-1.999633e-02	-1.030603e+01
4.770000e-05	-1.734207e-02	-1.007649e+01
4.771000e-05	-1.638169e-02	-9.836453e+00
4.772000e-05	-1.726716e-02	-9.635952e+00
4.773000e-05	-1.642003e-02	-9.412399e+00
4.774000e-05	-1.447845e-02	-9.162816e+00
4.775000e-05	-1.357633e-02	-8.943289e+00
4.776000e-05	-1.484627e-02	-8.681640e+00
4.777000e-05	-1.407470e-02	-8.468483e+00
4.778000e-05	-1.306763e-02	-8.197001e+00
4.779000e-05	-1.208264e-02	-8.013395e+00
4.780000e-05	-1.323206e-02	-7.718059e+00
4.781000e-05	-1.307106e-02	-7.438001e+00
4.782000e-05	-1.159375e-02	-7.175821e+00
4.783000e-05	-1.037954e-02	-6.892162e+00
4.784000e-05	-1.184681e-02	-6.699505e+00
4.785000e-05	-1.158896e-02	-6.428351e+00
4.786000e-05	-1.026105e-02	-6.124715e+00
4.787000e-05	-8.295138e-03	-5.900562e+00
4.788000e-05	-1.044002e-02	-5.608504e+00
4.789000e-05	-9.509315e-03	-5.324088e+00
4.790000e-05	-1.122896e-02	-4.988453e+00
4.791000e-05	-7.126369e-03	-4.661508e+00
4.792000e-05	-8.292172e-03	-4.441504e+00
4.793000e-05	-7.176221e-03	-4.188897e+00
4.794000e-05	-9.156485e-03	-3.904244e+00
4.795000e-05	-6.943150e-03	-3.609962e+00
4.796000e-05	-8.954270e-03	-3.416219e+00
4.797000e-05	-7.492982e-03	-3.121983e+00
4.798000e-05	-8.142575e-03	-2.787321e+00
4.799000e-05	-4.743503e-03	-2.554562e+00
4.800000e-05	-5.775303e-03	-2.241500e+00
4.801000e-05	-5.573869e-03	-1.976217e+00
4.802000e-05	-5.723933e-03	-1.675060e+00
4.803000e-05	-5.659475e-03	-1.388119e+00
4.804000e-05	-5.271194e-03	-1.103982e+00
4.805000e-05	-5.805138e-03	-8.193189e-01
4.806000e-05	-4.466923e-03	-4.530092e-01
4.807000e-05	-3.345060e-03	-2.194200e-01
4.808000e-05	3.905433e-03	3.428252e-02
4.809000e-05	7.501470e-03	3.490721e-01
4.810000e-05	-2.207345e-03	5.986774e-01
4.811000e-05	4.943393e-04	8.623113e-01
4.812000e-05	-1.229998e-03	1.198502e+00
4.813000e-05	2.340855e-03	1.411806e+00
4.814000e-05	-1.357785e-03	1.758096e+00
4.815000e-05	1.038937e-02	1.978652e+00
4.816000e-05	3.748913e-02	2.260306e+00
4.817000e-05	7.760839e-02	2.535597e+00
4.818000e-05	-5.264142e-02	2.893469e+00
4.819000e-05	-4.661496e-02	3.167025e+00
4.820000e-05	-3.427779e-02	3.440214e+00
4.821000e-05	1.090834e-02	3.693864e+00
4.822000e-05	-4.226278e-02	3.903368e+00
4.823000e-05	-3.654593e-02	4.163471e+00
4.824000e-05	9.756238e-02	4.347284e+00
4.825000e-05	-2.266685e-02	4.674467e+00
4.826000e-05	6.312540e-02	4.944678e+00
4.827000e-05	8.203498e-03	5.253418e+00
4.828000e-05	-7.934919e-02	5.575577e+00
4.829000e-05	6.520995e-02	5.837311e+00
4.830000e-05	-2.298157e-02	6.092923e+00
4.831000e-05	2.464427e-02	6.324604e+00
4.832000e-05	-2.686516e-02	6.607287e+00
4.833000e-05	1.184201e-02	6.902441e+00
4.834000e-05	6.700170e-02	7.133699e+00
4.835000e-05	-4.195355e-02	7.426358e+00
4.836000e-05	-5.205208e-03	7.712973e+00
4.837000e-05	-1.637871e-02	7.995727e+00
4.838000e-05	6.682073e-02	8.256287e+00
4.839000e-05	8.845836e-04	8.469491e+00
4.840000e-05	-3.186857e-02	8.650391e+00
4.841000e-05	3.533160e-02	8.920624e+00
4.842000e-05	2.309269e-03	9.151575e+00
4.843000e-05	3.058318e-02	9.373656e+00
4.844000e-05	-2.974803e-02	9.635784e+00
4.845000e-05	2.230068e-02	9.826814e+00
4.846000e-05	2.300513e-02	1.004889e+01
4.847000e-05	2.276137e-02	1.024832e+01
4.848000e-05	-2.713652e-03	1.049845e+01
4.849000e-05	-1.451781e-02	1.069995e+01
4.850000e-05	4.029520e-02	1.092297e+01
4.851000e-05	8.781537e-03	1.107990e+01
4.852000e-05	1.697961e-02	1.129960e+01
4.853000e-05	-6.751691e-03	1.152002e+01
4.854000e-05	3.867372e-02	1.173152e+01
4.855000e-05	1.625392e-02	1.189945e+01
4.856000e-05	1.090777e-02	1.209810e+01
4.857000e-05	-1.157160e-03	1.229697e+01
4.858000e-05	2.168287e-02	1.243687e+01
4.859000e-05	3.027083e-02	1.261431e+01
4.860000e-05	1.167882e-02	1.274415e+01
4.861000e-05	1.368115e-02	1.292007e+01
4.862000e-05	1.743932e-02	1.308692e+01
4.863000e-05	3.726844e-02	1.323476e+01
4.864000e-05	1.028443e-02	1.337368e+01
4.865000e-05	1.378788e-02	1.350100e+01
4.866000e-05	1.707942e-02	1.364587e+01
4.867000e-05	3.370682e-02	1.377123e+01
4.868000e-05	2.048633e-02	1.392105e+01
4.869000e-05	1.521585e-02	1.404386e+01
4.870000e-05	2.507870e-02	1.419216e+01
4.871000e-05	3.241694e-02	1.432850e+01
4.872000e-05	2.745607e-02	1.441376e+01
4.873000e-05	1.659635e-02	1.452900e+01
4.874000e-05	2.657365e-02	1.463168e+01
4.875000e-05	3.179018e-02	1.473992e+01
4.876000e-05	3.103793e-02	1.473255e+01
4.877000e-05	2.141571e-02	1.485637e+01
4.878000e-05	2.843778e-02	1.492945e+01
4.879000e-05	3.698439e-02	1.498245e+01
4.880000e-05	3.382036e-02	1.501527e+01
4.881000e-05	2.808496e-02	1.509739e+01
4.882000e-05	2.887062e-02	1.515058e+01
4.883000e-05	3.891947e-02	1.516215e+01
4.884000e-05	3.663705e-02	1.520376e+01
4.885000e-05	3.466955e-02	1.528481e+01
4.886000e-05	3.461558e-02	1.528637e+01
4.887000e-05	4.457775e-02	1.531747e+01
4.888000e-05	4.572920e-02	1.535799e+01
4.889000e-05	4.029711e-02	1.532858e+01
4.890000e-05	4.174414e-02	1.534948e+01
4.891000e-05	4.787019e-02	1.537855e+01
4.892000e-05	5.377488e-02	1.531962e+01
4.893000e-05	5.151917e-02	1.535845e+01
4.894000e-05	5.431719e-02	1.534787e+01
4.895000e-05	6.412152e-02	1.531589e+01
4.896000e-05	7.364967e-02	1.522479e+01
4.897000e-05	7.681046e-02	1.525371e+01
4.898000e-05	8.426439e-02	1.518208e+01
4.899000e-05	9.967875e-02	1.517150e+01
4.900000e-05	1.184254e-01	1.507829e+01
4.901000e-05	1.362363e-01	1.504464e+01
4.902000e-05	1.567096e-01	1.497303e+01
4.903000e-05	1.835757e-01	1.490984e+01
4.904000e-05	2.056853e-01	1.480471e+01
4.905000e-05	2.149614e-01	1.476150e+01
4.906000e-05	2.103939e-01	1.467729e+01
4.907000e-05	1.979294e-01	1.463360e+01
4.908000e-05	1.805605e-01	1.456039e+01
4.909000e-05	1.554949e-01	1.440158e+01
4.910000e-05	1.310236e-01	1.429777e+01
4.911000e-05	1.121695e-01	1.416210e+01
4.912000e-05	9.875804e-02	1.408619e+01
4.913000e-05	8.524761e-02	1.395992e+01
4.914000e-05	7.167634e-02	1.384353e+01
4.915000e-05	6.107243e-02	1.368779e+01
4.916000e-05	5.596427e-02	1.353189e+01
4.917000e-05	4.863442e-02	1.339357e+01
4.918000e-05	4.134313e-02	1.324608e+01
4.919000e-05	3.615037e-02	1.312927e+01
4.920000e-05	3.356900e-02	1.298090e+01
4.921000e-05	3.084021e-02	1.279410e+01
4.922000e-05	2.680787e-02	1.266758e+01
4.923000e-05	2.290732e-02	1.252984e+01
4.924000e-05	2.173286e-02	1.232939e+01
4.925000e-05	2.177333e-02	1.217984e+01
4.926000e-05	1.855967e-02	1.197337e+01
4.927000e-05	1.712354e-02	1.178297e+01
4.928000e-05	1.613266e-02	1.157340e+01
4.929000e-05	1.611649e-02	1.140190e+01
4.930000e-05	1.372255e-02	1.115377e+01
4.931000e-05	1.232588e-02	1.098392e+01
4.932000e-05	1.040832e-02	1.077245e+01
4.933000e-05	1.170338e-02	1.057280e+01
4.934000e-05	8.681424e-03	1.032180e+01
4.935000e-05	9.355625e-03	1.012321e+01
4.936000e-05	8.281076e-03	9.910788e+00
4.937000e-05	8.671446e-03	9.708612e+00
4.938000e-05	7.590087e-03	9.478132e+00
4.939000e-05	7.369664e-03	9.226931e+00
4.940000e-05	6.396997e-03	9.003950e+00
4.941000e-05	5.644706e-03	8.784248e+00
4.942000e-05	5.254925e-03	8.542791e+00
4.943000e-05	4.434364e-03	8.342212e+00
4.944000e-05	4.320767e-03	8.059082e+00
4.945000e-05	4.145823e-03	7.795378e+00
4.946000e-05	3.691488e-03	7.535741e+00
4.947000e-05	2.780211e-03	7.291608e+00
4.948000e-05	3.211717e-03	7.028975e+00
4.949000e-05	1.742667e-03	6.766873e+00
4.950000e-05	1.278645e-03	6.511112e+00
4.951000e-05	4.435955e-04	6.258953e+00
4.952000e-05	1.048655e-03	6.007951e+00
4.953000e-05	-2.266554e-04	5.734160e+00
4.954000e-05	-1.285319e-04	5.492633e+00
4.955000e-05	-2.163678e-04	5.175171e+00
4.956000e-05	-7.665936e-04	4.839474e+00
4.957000e-05	-4.687113e-04	4.566269e+00
4.958000e-05	-1.228623e-03	4.322658e+00
4.959000e-05	-1.093674e-03	4.037320e+00
4.960000e-05	-2.252039e-03	3.715166e+00
4.961000e-05	-2.901864e-03	3.531456e+00
4.962000e-05	-3.245460e-03	3.176820e+00
4.963000e-05	-2.774406e-03	2.914637e+00
4.964000e-05	-3.463673e-03	2.673024e+00
4.965000e-05	-3.411419e-03	2.356163e+00
4.966000e-05	-4.098084e-03	2.093053e+00
4.967000e-05	-2.817713e-03	1.799769e+00
4.968000e-05	-3.956266e-03	1.514131e+00
4.969000e-05	-4.013290e-03	1.220769e+00
4.970000e-05	-4.581048e-03	8.535053e-01
4.971000e-05	-4.527765e-03	6.082201e-01
4.972000e-05	-4.724392e-03	3.461297e-01
4.973000e-05	-3.382918e-03	2.034624e-02
4.974000e-05	2.576401e-03	-2.218081e-01
4.975000e-05	2.522838e-03	-4.638432e-01
4.976000e-05	-4.405145e-03	-7.896038e-01
4.977000e-05	-3.082360e-03	-1.030810e+00
4.978000e-05	-3.515051e-03	-1.334048e+00
4.979000e-05	-2.853985e-03	-1.580184e+00
4.980000e-05	9.886184e-04	-1.830358e+00
4.981000e-05	2.724019e-02	-2.051388e+00
4.982000e-05	9.459747e-02	-2.296577e+00
4.983000e-05	-5.954136e-02	-2.674973e+00
4.984000e-05	-4.508684e-02	-3.103944e+00
4.985000e-05	-4.932361e-02	-3.358226e+00
4.986000e-05	-7.152452e-03	-3.588814e+00
4.987000e-05	-7.400682e-02	-3.892391e+00
4.988000e-05	5.762909e-02	-4.083791e+00
4.989000e-05	5.295892e-02	-4.272939e+00
4.990000e-05	-1.104801e-01	-4.557679e+00
4.991000e-05	1.900646e-01	-4.769710e+00
4.992000e-05	-1.568294e-01	-5.114125e+00
4.993000e-05	3.945596e-02	-5.471865e+00
4.994000e-05	-2.905660e-02	-5.682971e+00
4.995000e-05	-6.895122e-02	-5.998206e+00
4.996000e-05	1.174298e-01	-6.218258e+00
4.997000e-05	-1.265056e-01	-6.504150e+00
4.998000e-05	1.001505e-01	-6.755660e+00
4.999000e-05	-3.616378e-02	-7.028942e+00
