# 261001_12:21:06.813603
t	CH1	CH2
0.000000e+00	-3.481498e-03	-3.040132e-02
1.000000e-08	4.062176e-03	-2.619589e-01
2.000000e-08	-1.274159e-03	-4.319040e-01
3.000000e-08	-2.338253e-03	-7.531393e-01
4.000000e-08	-4.897274e-03	-8.951918e-01
5.000000e-08	-2.865039e-03	-1.155671e+00
6.000000e-08	-3.729401e-03	-1.386750e+00
7.000000e-08	1.731037e-04	-1.599329e+00
8.000000e-08	3.973420e-02	-1.767774e+00
9.000000e-08	6.748914e-02	-1.968372e+00
1.000000e-07	-4.894605e-02	-2.315538e+00
1.100000e-07	-4.691102e-02	-2.642531e+00
1.200000e-07	-5.110788e-02	-2.873083e+00
1.300000e-07	-5.643837e-02	-3.106214e+00
1.400000e-07	3.405578e-02	-3.283084e+00
1.500000e-07	7.845209e-02	-3.400375e+00
1.600000e-07	-1.366443e-01	-3.620908e+00
1.700000e-07	1.263646e-01	-3.841589e+00
1.800000e-07	-3.862854e-03	-4.033013e+00
1.900000e-07	-6.037874e-02	-4.326243e+00
2.000000e-07	5.098601e-02	-4.476164e+00
2.100000e-07	-1.419695e-01	-4.796747e+00
2.200000e-07	7.140282e-02	-4.978956e+00
2.300000e-07	2.751021e-02	-5.167871e+00
2.400000e-07	-5.458263e-02	-5.483617e+00
2.500000e-07	5.857475e-02	-5.685113e+00
2.600000e-07	-8.211855e-02	-5.924591e+00
2.700000e-07	3.598394e-02	-6.125720e+00
2.800000e-07	-1.654023e-02	-6.335743e+00
2.900000e-07	-6.543972e-02	-6.557317e+00
3.000000e-07	6.310866e-02	-6.747217e+00
3.100000e-07	-5.704207e-02	-6.998224e+00
3.200000e-07	6.733863e-02	-7.201431e+00
3.300000e-07	-8.421453e-02	-7.377371e+00
3.400000e-07	-1.246397e-02	-7.569404e+00
3.500000e-07	2.741251e-02	-7.851876e+00
3.600000e-07	-5.094838e-02	-8.033035e+00
3.700000e-07	3.380590e-02	-8.160450e+00
3.800000e-07	-6.639388e-02	-8.357819e+00
3.900000e-07	4.359624e-02	-8.525724e+00
4.000000e-07	-3.494213e-02	-8.756167e+00
4.100000e-07	-2.130155e-02	-8.956195e+00
4.200000e-07	-1.860522e-02	-9.073584e+00
4.300000e-07	-2.362861e-02	-9.240962e+00
4.400000e-07	2.096433e-02	-9.428979e+00
4.500000e-07	-4.783012e-02	-9.609901e+00
4.600000e-07	3.021241e-03	-9.687319e+00
4.700000e-07	-2.918352e-02	-9.833135e+00
4.800000e-07	1.280852e-03	-1.003396e+01
4.900000e-07	-3.234295e-02	-1.017902e+01
5.000000e-07	-2.455218e-02	-1.036817e+01
5.100000e-07	-1.168560e-02	-1.047411e+01
5.200000e-07	-1.500004e-02	-1.064101e+01
5.300000e-07	-1.369383e-02	-1.074679e+01
5.400000e-07	-3.534845e-02	-1.087101e+01
5.500000e-07	-9.126895e-03	-1.099036e+01
5.600000e-07	-2.327105e-02	-1.104574e+01
5.700000e-07	-1.630082e-02	-1.123353e+01
5.800000e-07	-3.703812e-02	-1.136834e+01
5.900000e-07	-1.529717e-02	-1.144509e+01
6.000000e-07	-1.957017e-02	-1.157947e+01
6.100000e-07	-2.079217e-02	-1.167524e+01
6.200000e-07	-3.123247e-02	-1.178048e+01
6.300000e-07	-2.704942e-02	-1.189519e+01
6.400000e-07	-1.771388e-02	-1.198303e+01
6.500000e-07	-2.950577e-02	-1.206516e+01
6.600000e-07	-2.860088e-02	-1.216737e+01
6.700000e-07	-3.104226e-02	-1.220306e+01
6.800000e-07	-1.849316e-02	-1.228579e+01
6.900000e-07	-2.938611e-02	-1.231939e+01
7.000000e-07	-3.262993e-02	-1.241258e+01
7.100000e-07	-3.429014e-02	-1.244669e+01
7.200000e-07	-2.727111e-02	-1.252590e+01
7.300000e-07	-2.918549e-02	-1.259145e+01
7.400000e-07	-3.673016e-02	-1.260265e+01
7.500000e-07	-3.416218e-02	-1.265664e+01
7.600000e-07	-3.179177e-02	-1.269724e+01
7.700000e-07	-3.221200e-02	-1.272889e+01
7.800000e-07	-4.014954e-02	-1.273997e+01
7.900000e-07	-4.002537e-02	-1.279253e+01
8.000000e-07	-3.480856e-02	-1.281208e+01
8.100000e-07	-3.563103e-02	-1.282316e+01
8.200000e-07	-4.430761e-02	-1.287418e+01
8.300000e-07	-4.472410e-02	-1.285366e+01
8.400000e-07	-4.340041e-02	-1.283368e+01
8.500000e-07	-4.369070e-02	-1.281358e+01
8.600000e-07	-5.284263e-02	-1.282163e+01
8.700000e-07	-5.401632e-02	-1.279158e+01
8.800000e-07	-5.394585e-02	-1.274997e+01
8.900000e-07	-5.547822e-02	-1.271857e+01
9.000000e-07	-6.534196e-02	-1.274732e+01
9.100000e-07	-7.093971e-02	-1.266581e+01
9.200000e-07	-7.273205e-02	-1.263473e+01
9.300000e-07	-7.765415e-02	-1.258205e+01
9.400000e-07	-8.872790e-02	-1.249900e+01
9.500000e-07	-1.011525e-01	-1.249631e+01
9.600000e-07	-1.081115e-01	-1.240161e+01
9.700000e-07	-1.176432e-01	-1.235145e+01
9.800000e-07	-1.325129e-01	-1.229534e+01
9.900000e-07	-1.449233e-01	-1.221263e+01
1.000000e-06	-1.487723e-01	-1.217002e+01
1.010000e-06	-1.491907e-01	-1.210839e+01
1.020000e-06	-1.504540e-01	-1.203306e+01
1.030000e-06	-1.481674e-01	-1.193794e+01
1.040000e-06	-1.379870e-01	-1.180418e+01
1.050000e-06	-1.250829e-01	-1.171641e+01
1.060000e-06	-1.152106e-01	-1.157065e+01
1.070000e-06	-1.083850e-01	-1.149736e+01
1.080000e-06	-9.683011e-02	-1.136952e+01
1.090000e-06	-8.577636e-02	-1.124571e+01
1.100000e-06	-7.713067e-02	-1.108541e+01
1.110000e-06	-7.313225e-02	-1.097050e+01
1.120000e-06	-6.642079e-02	-1.085471e+01
1.130000e-06	-5.676053e-02	-1.075902e+01
1.140000e-06	-5.260369e-02	-1.064423e+01
1.150000e-06	-4.947612e-02	-1.052694e+01
1.160000e-06	-4.541046e-02	-1.032155e+01
1.170000e-06	-3.963363e-02	-1.023407e+01
1.180000e-06	-3.711954e-02	-1.001374e+01
1.190000e-06	-3.636170e-02	-9.907892e+00
1.200000e-06	-3.369089e-02	-9.770550e+00
1.210000e-06	-2.906896e-02	-9.643181e+00
1.220000e-06	-2.632548e-02	-9.444313e+00
1.230000e-06	-2.700433e-02	-9.258236e+00
1.240000e-06	-2.594198e-02	-9.127923e+00
1.250000e-06	-2.297022e-02	-8.960499e+00
1.260000e-06	-2.158038e-02	-8.782573e+00
1.270000e-06	-2.146616e-02	-8.562652e+00
1.280000e-06	-2.115513e-02	-8.392182e+00
1.290000e-06	-1.909987e-02	-8.244211e+00
1.300000e-06	-1.616508e-02	-8.096312e+00
1.310000e-06	-1.685824e-02	-7.906839e+00
1.320000e-06	-1.772834e-02	-7.616759e+00
1.330000e-06	-1.672827e-02	-7.445361e+00
1.340000e-06	-1.359725e-02	-7.245711e+00
1.350000e-06	-1.385568e-02	-7.066341e+00
1.360000e-06	-1.457366e-02	-6.835782e+00
1.370000e-06	-1.476746e-02	-6.665334e+00
1.380000e-06	-1.104427e-02	-6.454809e+00
1.390000e-06	-1.159828e-02	-6.225361e+00
1.400000e-06	-1.192061e-02	-6.044154e+00
1.410000e-06	-1.340746e-02	-5.802682e+00
1.420000e-06	-9.848413e-03	-5.620732e+00
1.430000e-06	-9.621940e-03	-5.423757e+00
1.440000e-06	-1.040227e-02	-5.169971e+00
1.450000e-06	-1.237858e-02	-4.867945e+00
1.460000e-06	-8.515853e-03	-4.653754e+00
1.470000e-06	-9.102781e-03	-4.425754e+00
1.480000e-06	-7.793910e-03	-4.245263e+00
1.490000e-06	-9.425347e-03	-4.035162e+00
1.500000e-06	-5.648343e-03	-3.832776e+00
1.510000e-06	-7.910333e-03	-3.590526e+00
1.520000e-06	-7.443150e-03	-3.359574e+00
1.530000e-06	-1.083964e-02	-3.157472e+00
1.540000e-06	-6.692592e-03	-2.876858e+00
1.550000e-06	-7.010583e-03	-2.673304e+00
1.560000e-06	-5.522830e-03	-2.411207e+00
1.570000e-06	-6.903677e-03	-2.181173e+00
1.580000e-06	-4.640737e-03	-1.948045e+00
1.590000e-06	-4.185428e-03	-1.757968e+00
1.600000e-06	-5.682665e-03	-1.536916e+00
1.610000e-06	-6.275417e-03	-1.213678e+00
1.620000e-06	-5.982943e-03	-9.590436e-01
1.630000e-06	-4.308398e-03	-7.195200e-01
1.640000e-06	-4.164305e-03	-5.064369e-01
1.650000e-06	-2.432680e-03	-2.742830e-01
1.660000e-06	1.772983e-04	-6.367927e-02
1.670000e-06	7.345412e-03	1.788458e-01
1.680000e-06	-1.035772e-03	4.400038e-01
1.690000e-06	1.604923e-03	6.205065e-01
1.700000e-06	-2.783065e-03	8.604550e-01
1.710000e-06	2.270728e-03	1.090608e+00
1.720000e-06	1.651968e-03	1.325719e+00
1.730000e-06	3.907315e-03	1.555822e+00
1.740000e-06	2.150398e-02	1.768922e+00
1.750000e-06	6.613464e-02	2.001952e+00
1.760000e-06	8.247231e-03	2.273634e+00
1.770000e-06	-5.001021e-02	2.575322e+00
1.780000e-06	-4.229332e-02	2.779450e+00
1.790000e-06	-1.565702e-02	2.988474e+00
1.800000e-06	-3.925413e-02	3.147820e+00
1.810000e-06	1.675537e-02	3.315214e+00
1.820000e-06	6.978125e-02	3.538353e+00
1.830000e-06	-6.905904e-02	3.748420e+00
1.840000e-06	1.095127e-01	3.958320e+00
1.850000e-06	-2.936760e-03	4.249984e+00
1.860000e-06	-4.396590e-02	4.462607e+00
1.870000e-06	3.250593e-02	4.683038e+00
1.880000e-06	-4.856342e-02	4.895793e+00
1.890000e-06	4.037536e-02	5.199381e+00
1.900000e-06	1.042903e-02	5.430510e+00
1.910000e-06	-5.089007e-03	5.621557e+00
1.920000e-06	2.756129e-02	5.863638e+00
1.930000e-06	-1.136988e-02	6.063086e+00
1.940000e-06	-5.122501e-05	6.295609e+00
1.950000e-06	-2.317424e-03	6.485642e+00
1.960000e-06	1.471602e-02	6.706642e+00
1.970000e-06	1.930215e-02	6.925243e+00
1.980000e-06	-7.860034e-03	7.135742e+00
1.990000e-06	3.772909e-02	7.294713e+00
2.000000e-06	-2.086358e-02	7.498221e+00
2.010000e-06	1.236292e-02	7.748797e+00
2.020000e-06	1.136951e-02	7.957349e+00
2.030000e-06	4.867885e-03	8.157877e+00
2.040000e-06	2.253076e-02	8.337270e+00
2.050000e-06	2.270194e-03	8.484636e+00
2.060000e-06	2.108365e-02	8.631587e+00
2.070000e-06	-4.683619e-03	8.811004e+00
2.080000e-06	1.838859e-02	8.943427e+00
2.090000e-06	4.541675e-03	9.146821e+00
2.100000e-06	1.199756e-02	9.295266e+00
2.110000e-06	1.717668e-02	9.514686e+00
2.120000e-06	1.279146e-02	9.634561e+00
2.130000e-06	1.657567e-02	9.789004e+00
2.140000e-06	7.703891e-03	9.988371e+00
2.150000e-06	1.458582e-02	1.012677e+01
2.160000e-06	1.116763e-02	1.025161e+01
2.170000e-06	1.741736e-02	1.037843e+01
2.180000e-06	1.368688e-02	1.052782e+01
2.190000e-06	1.776383e-02	1.065306e+01
2.200000e-06	1.911871e-02	1.078403e+01
2.210000e-06	1.736651e-02	1.089832e+01
2.220000e-06	1.565644e-02	1.100358e+01
2.230000e-06	1.452174e-02	1.116787e+01
2.240000e-06	1.887364e-02	1.123511e+01
2.250000e-06	1.724406e-02	1.139045e+01
2.260000e-06	1.938891e-02	1.150477e+01
2.270000e-06	1.821708e-02	1.159106e+01
2.280000e-06	2.333637e-02	1.171779e+01
2.290000e-06	2.105079e-02	1.183358e+01
2.300000e-06	2.024395e-02	1.187621e+01
2.310000e-06	1.993530e-02	1.197895e+01
2.320000e-06	2.227499e-02	1.205411e+01
2.330000e-06	2.269545e-02	1.214885e+01
2.340000e-06	2.299882e-02	1.220160e+01
2.350000e-06	2.467286e-02	1.226531e+01
2.360000e-06	2.466168e-02	1.235845e+01
2.370000e-06	2.540939e-02	1.241210e+01
2.380000e-06	2.510507e-02	1.243361e+01
2.390000e-06	2.556010e-02	1.247574e+01
2.400000e-06	2.719106e-02	1.248844e+01
2.410000e-06	2.795003e-02	1.258048e+01
2.420000e-06	2.977917e-02	1.260160e+01
2.430000e-06	2.910065e-02	1.264361e+01
2.440000e-06	3.086055e-02	1.266373e+01
2.450000e-06	3.248960e-02	1.264319e+01
2.460000e-06	3.335386e-02	1.269671e+01
2.470000e-06	3.341593e-02	1.269574e+01
2.480000e-06	3.548293e-02	1.269724e+01
2.490000e-06	3.727709e-02	1.267787e+01
2.500000e-06	3.958931e-02	1.268776e+01
2.510000e-06	4.085451e-02	1.268679e+01
2.520000e-06	4.447473e-02	1.267529e+01
2.530000e-06	4.849943e-02	1.267568e+01
2.540000e-06	5.035282e-02	1.263371e+01
2.550000e-06	5.388404e-02	1.259265e+01
2.560000e-06	5.722559e-02	1.260960e+01
2.570000e-06	6.347818e-02	1.256002e+01
2.580000e-06	6.926460e-02	1.252842e+01
2.590000e-06	7.695594e-02	1.248732e+01
2.600000e-06	8.559019e-02	1.244321e+01
2.610000e-06	9.541574e-02	1.240055e+01
2.620000e-06	1.065437e-01	1.230050e+01
2.630000e-06	1.169045e-01	1.228571e+01
2.640000e-06	1.283470e-01	1.221360e+01
2.650000e-06	1.375408e-01	1.212899e+01
2.660000e-06	1.440312e-01	1.204426e+01
2.670000e-06	1.462121e-01	1.197007e+01
2.680000e-06	1.433133e-01	1.187586e+01
2.690000e-06	1.378489e-01	1.177310e+01
2.700000e-06	1.281731e-01	1.169791e+01
2.710000e-06	1.174281e-01	1.161208e+01
2.720000e-06	1.054249e-01	1.151786e+01
2.730000e-06	9.667754e-02	1.139250e+01
2.740000e-06	8.832223e-02	1.124275e+01
2.750000e-06	7.925297e-02	1.114752e+01
2.760000e-06	6.871494e-02	1.104271e+01
2.770000e-06	6.243571e-02	1.093899e+01
2.780000e-06	5.558425e-02	1.083260e+01
2.790000e-06	5.035839e-02	1.068631e+01
2.800000e-06	4.424051e-02	1.054004e+01
2.810000e-06	4.032778e-02	1.036208e+01
2.820000e-06	3.746411e-02	1.026576e+01
2.830000e-06	3.372660e-02	1.011789e+01
2.840000e-06	2.896077e-02	1.000008e+01
2.850000e-06	2.648486e-02	9.843647e+00
2.860000e-06	2.491220e-02	9.606833e+00
2.870000e-06	2.167650e-02	9.485862e+00
2.880000e-06	2.058319e-02	9.329518e+00
2.890000e-06	1.835610e-02	9.192124e+00
2.900000e-06	1.792107e-02	9.033253e+00
2.910000e-06	1.491604e-02	8.803783e+00
2.920000e-06	1.452613e-02	8.664760e+00
2.930000e-06	1.295916e-02	8.487440e+00
2.940000e-06	1.312417e-02	8.357493e+00
2.950000e-06	1.055314e-02	8.129565e+00
2.960000e-06	9.220311e-03	7.977921e+00
2.970000e-06	7.941685e-03	7.758621e+00
2.980000e-06	9.428349e-03	7.560150e+00
2.990000e-06	8.296718e-03	7.329090e+00
3.000000e-06	6.169235e-03	7.149542e+00
3.010000e-06	5.894569e-03	6.950569e+00
3.020000e-06	5.815845e-03	6.791146e+00
3.030000e-06	6.254831e-03	6.529495e+00
3.040000e-06	4.148831e-03	6.349494e+00
3.050000e-06	3.887504e-03	6.138570e+00
3.060000e-06	3.456967e-03	5.938996e+00
3.070000e-06	3.538593e-03	5.698987e+00
3.080000e-06	2.311765e-03	5.498387e+00
3.090000e-06	2.126813e-03	5.307412e+00
3.100000e-06	1.671569e-03	5.053856e+00
3.110000e-06	2.188067e-03	4.771100e+00
3.120000e-06	1.278118e-03	4.550072e+00
3.130000e-06	8.347681e-04	4.366625e+00
3.140000e-06	-2.849470e-04	4.120890e+00
3.150000e-06	-1.910099e-05	3.872835e+00
3.160000e-06	-1.035661e-03	3.684209e+00
3.170000e-06	-1.338732e-03	3.513304e+00
3.180000e-06	-6.218879e-04	3.182175e+00
3.190000e-06	-4.949381e-05	2.970070e+00
3.200000e-06	-1.520470e-03	2.800021e+00
3.210000e-06	-3.000932e-03	2.547613e+00
3.220000e-06	-3.056096e-03	2.284912e+00
3.230000e-06	-2.489747e-03	2.054828e+00
3.240000e-06	-3.297735e-03	1.874811e+00
3.250000e-06	-3.140882e-03	1.592097e+00
3.260000e-06	-3.655651e-03	1.359569e+00
3.270000e-06	-2.968347e-03	1.096361e+00
3.280000e-06	-4.023120e-03	7.921741e-01
3.290000e-06	-3.694203e-03	5.600740e-01
3.300000e-06	-4.908188e-03	3.990937e-01
3.310000e-06	-2.455721e-03	1.068869e-01
3.320000e-06	-2.132005e-03	-1.246158e-01
3.330000e-06	3.845564e-03	-3.342654e-01
3.340000e-06	-4.171747e-03	-5.455642e-01
3.350000e-06	-1.425225e-03	-7.773724e-01
3.360000e-06	-5.779738e-03	-9.672985e-01
3.370000e-06	-2.770836e-03	-1.218326e+00
3.380000e-06	-3.669931e-03	-1.460508e+00
3.390000e-06	7.446834e-03	-1.663061e+00
3.400000e-06	6.083688e-02	-1.860530e+00
3.410000e-06	3.162357e-02	-2.061608e+00
3.420000e-06	-5.956249e-02	-2.430434e+00
3.430000e-06	-4.344118e-02	-2.755196e+00
3.440000e-06	-5.012527e-02	-2.945693e+00
3.450000e-06	-5.704386e-02	-3.166900e+00
3.460000e-06	9.213703e-02	-3.294137e+00
3.470000e-06	-5.307200e-03	-3.483084e+00
3.480000e-06	-8.531692e-02	-3.715617e+00
3.490000e-06	1.552032e-01	-3.947266e+00
3.500000e-06	-8.974653e-02	-4.147746e+00
3.510000e-06	1.470462e-02	-4.388949e+00
3.520000e-06	-1.721853e-02	-4.547721e+00
3.530000e-06	-1.131362e-01	-4.860458e+00
3.540000e-06	1.176580e-01	-5.032029e+00
3.550000e-06	-4.324087e-02	-5.273987e+00
3.560000e-06	3.224716e-03	-5.575424e+00
3.570000e-06	2.044249e-02	-5.748773e+00
3.580000e-06	-7.987180e-02	-5.948375e+00
3.590000e-06	6.820518e-02	-6.161451e+00
3.600000e-06	-7.831955e-02	-6.432954e+00
3.610000e-06	1.993442e-03	-6.609456e+00
3.620000e-06	2.103519e-02	-6.790896e+00
3.630000e-06	-2.760067e-02	-7.071035e+00
3.640000e-06	5.441449e-02	-7.243537e+00
3.650000e-06	-1.153145e-01	-7.443161e+00
3.660000e-06	4.647070e-02	-7.632560e+00
3.670000e-06	-2.951785e-02	-7.934538e+00
3.680000e-06	-6.931570e-03	-8.095237e+00
3.690000e-06	1.895396e-03	-8.232508e+00
3.700000e-06	-4.395240e-02	-8.431429e+00
3.710000e-06	4.396688e-02	-8.610002e+00
3.720000e-06	-5.955490e-02	-8.801933e+00
3.730000e-06	2.304362e-03	-8.980299e+00
3.740000e-06	-4.090811e-02	-9.115789e+00
3.750000e-06	6.420329e-03	-9.285572e+00
3.760000e-06	-4.304242e-03	-9.441584e+00
3.770000e-06	-3.521708e-02	-9.652033e+00
3.780000e-06	-1.351741e-03	-9.758869e+00
3.790000e-06	-3.023468e-02	-9.946695e+00
3.800000e-06	2.535677e-03	-1.003361e+01
3.810000e-06	-4.181032e-02	-1.018893e+01
3.820000e-06	-1.055509e-02	-1.036095e+01
3.830000e-06	-1.999248e-02	-1.052582e+01
3.840000e-06	-7.719437e-03	-1.064454e+01
3.850000e-06	-2.569681e-02	-1.078787e+01
3.860000e-06	-2.643434e-02	-1.086514e+01
3.870000e-06	-1.353534e-02	-1.102095e+01
3.880000e-06	-2.180375e-02	-1.112870e+01
3.890000e-06	-2.111674e-02	-1.129414e+01
3.900000e-06	-3.566348e-02	-1.133940e+01
3.910000e-06	-1.245629e-02	-1.148574e+01
3.920000e-06	-2.379544e-02	-1.160093e+01
3.930000e-06	-2.002204e-02	-1.168777e+01
3.940000e-06	-3.444777e-02	-1.186358e+01
3.950000e-06	-1.964720e-02	-1.189792e+01
3.960000e-06	-2.161681e-02	-1.201456e+01
3.970000e-06	-2.908137e-02	-1.211574e+01
3.980000e-06	-3.149481e-02	-1.221995e+01
3.990000e-06	-2.788651e-02	-1.226264e+01
4.000000e-06	-2.130687e-02	-1.232680e+01
4.010000e-06	-3.268869e-02	-1.238093e+01
4.020000e-06	-3.261763e-02	-1.245454e+01
4.030000e-06	-3.157334e-02	-1.251774e+01
4.040000e-06	-2.561374e-02	-1.253935e+01
4.050000e-06	-3.277409e-02	-1.261103e+01
4.060000e-06	-3.564347e-02	-1.264458e+01
4.070000e-06	-3.339955e-02	-1.264531e+01
4.080000e-06	-3.091343e-02	-1.269979e+01
4.090000e-06	-3.615306e-02	-1.276000e+01
4.100000e-06	-3.994299e-02	-1.277148e+01
4.110000e-06	-3.787321e-02	-1.280065e+01
4.120000e-06	-3.500438e-02	-1.283256e+01
4.130000e-06	-4.028417e-02	-1.283358e+01
4.140000e-06	-4.362669e-02	-1.282321e+01
4.150000e-06	-4.435944e-02	-1.280316e+01
4.160000e-06	-4.368463e-02	-1.285410e+01
4.170000e-06	-4.644289e-02	-1.281211e+01
4.180000e-06	-5.307201e-02	-1.280256e+01
4.190000e-06	-5.313589e-02	-1.279105e+01
4.200000e-06	-5.462980e-02	-1.273893e+01
4.210000e-06	-5.939449e-02	-1.270894e+01
4.220000e-06	-6.701849e-02	-1.271834e+01
4.230000e-06	-7.129241e-02	-1.267626e+01
4.240000e-06	-7.445413e-02	-1.261405e+01
4.250000e-06	-8.308950e-02	-1.256045e+01
4.260000e-06	-9.205023e-02	-1.249840e+01
4.270000e-06	-1.039439e-01	-1.248376e+01
4.280000e-06	-1.108955e-01	-1.238066e+01
4.290000e-06	-1.236908e-01	-1.235040e+01
4.300000e-06	-1.351496e-01	-1.227576e+01
4.310000e-06	-1.464725e-01	-1.221410e+01
4.320000e-06	-1.485510e-01	-1.217945e+01
4.330000e-06	-1.519519e-01	-1.202574e+01
4.340000e-06	-1.503023e-01	-1.198055e+01
4.350000e-06	-1.459599e-01	-1.190632e+01
4.360000e-06	-1.340368e-01	-1.178145e+01
4.370000e-06	-1.231850e-01	-1.166528e+01
4.380000e-06	-1.122058e-01	-1.156092e+01
4.390000e-06	-1.025447e-01	-1.144416e+01
4.400000e-06	-9.268729e-02	-1.133939e+01
4.410000e-06	-8.188295e-02	-1.122013e+01
4.420000e-06	-7.964737e-02	-1.102671e+01
4.430000e-06	-6.974318e-02	-1.093844e+01
4.440000e-06	-6.487780e-02	-1.082158e+01
4.450000e-06	-5.354866e-02	-1.070739e+01
4.460000e-06	-5.084449e-02	-1.060260e+01
4.470000e-06	-4.554947e-02	-1.042469e+01
4.480000e-06	-4.384494e-02	-1.027597e+01
4.490000e-06	-3.792297e-02	-1.009987e+01
4.500000e-06	-3.881643e-02	-9.959103e+00
4.510000e-06	-3.606543e-02	-9.863782e+00
4.520000e-06	-3.403013e-02	-9.727417e+00
4.530000e-06	-2.784792e-02	-9.600028e+00
4.540000e-06	-2.606254e-02	-9.423654e+00
4.550000e-06	-2.587542e-02	-9.235204e+00
4.560000e-06	-2.348405e-02	-9.085758e+00
4.570000e-06	-2.384974e-02	-8.929466e+00
4.580000e-06	-2.042492e-02	-8.747521e+00
4.590000e-06	-2.325042e-02	-8.539949e+00
4.600000e-06	-2.014457e-02	-8.401022e+00
4.610000e-06	-1.935115e-02	-8.203101e+00
4.620000e-06	-1.591019e-02	-8.013729e+00
4.630000e-06	-1.735205e-02	-7.823206e+00
4.640000e-06	-1.667580e-02	-7.593129e+00
4.650000e-06	-1.531463e-02	-7.382125e+00
4.660000e-06	-1.436958e-02	-7.182082e+00
4.670000e-06	-1.397624e-02	-7.012228e+00
4.680000e-06	-1.525301e-02	-6.771626e+00
4.690000e-06	-1.252566e-02	-6.603129e+00
4.700000e-06	-1.282242e-02	-6.403707e+00
4.710000e-06	-1.040919e-02	-6.211128e+00
4.720000e-06	-1.269697e-02	-5.959550e+00
4.730000e-06	-1.079885e-02	-5.770073e+00
4.740000e-06	-1.049957e-02	-5.541026e+00
4.750000e-06	-9.285627e-03	-5.349520e+00
4.760000e-06	-1.042946e-02	-5.085364e+00
4.770000e-06	-9.986017e-03	-4.814104e+00
4.780000e-06	-9.409958e-03	-4.589571e+00
4.790000e-06	-8.966348e-03	-4.390579e+00
4.800000e-06	-9.152149e-03	-4.172102e+00
4.810000e-06	-8.826277e-03	-3.990071e+00
4.820000e-06	-6.820872e-03	-3.709541e+00
4.830000e-06	-7.218315e-03	-3.524917e+00
4.840000e-06	-6.654559e-03	-3.284911e+00
4.850000e-06	-9.049059e-03	-3.045360e+00
4.860000e-06	-7.327152e-03	-2.820599e+00
4.870000e-06	-7.034346e-03	-2.591581e+00
4.880000e-06	-5.860304e-03	-2.399620e+00
4.890000e-06	-6.120137e-03	-2.097911e+00
4.900000e-06	-4.540424e-03	-1.874813e+00
4.910000e-06	-4.911375e-03	-1.644786e+00
4.920000e-06	-6.032649e-03	-1.352303e+00
4.930000e-06	-6.471485e-03	-1.147542e+00
4.940000e-06	-5.952413e-03	-8.858394e-01
4.950000e-06	-4.312058e-03	-6.933607e-01
4.960000e-06	-2.845745e-03	-4.325516e-01
4.970000e-06	-2.672404e-03	-1.910764e-01
4.980000e-06	4.002652e-03	1.945106e-02
4.990000e-06	5.441439e-03	2.705842e-01
5.000000e-06	-6.534764e-04	4.825868e-01
5.010000e-06	-9.791926e-04	7.332642e-01
5.020000e-06	-2.884264e-03	8.731630e-01
5.030000e-06	2.071367e-03	1.168271e+00
5.040000e-06	1.917120e-03	1.378850e+00
5.050000e-06	8.224614e-03	1.721558e+00
5.060000e-06	3.483782e-02	1.914084e+00
5.070000e-06	6.805933e-02	2.105712e+00
5.080000e-06	-2.733913e-02	2.369821e+00
5.090000e-06	-4.814239e-02	2.650408e+00
5.100000e-06	-3.897139e-02	2.852133e+00
5.110000e-06	-1.403778e-02	3.063029e+00
5.120000e-06	-4.106123e-02	3.219925e+00
5.130000e-06	5.829535e-02	3.407900e+00
5.140000e-06	1.364786e-02	3.611584e+00
5.150000e-06	-3.344633e-02	3.809980e+00
5.160000e-06	1.229677e-01	3.992955e+00
5.170000e-06	-5.695474e-02	4.325767e+00
5.180000e-06	-6.096483e-04	4.527818e+00
5.190000e-06	1.533009e-03	4.766371e+00
5.200000e-06	-3.174032e-02	5.048879e+00
5.210000e-06	4.892184e-02	5.253534e+00
5.220000e-06	-8.919175e-03	5.566267e+00
5.230000e-06	1.371821e-02	5.737766e+00
5.240000e-06	2.192276e-02	5.955867e+00
5.250000e-06	-1.388827e-02	6.147371e+00
5.260000e-06	7.012956e-03	6.356821e+00
5.270000e-06	-5.696980e-03	6.576894e+00
5.280000e-06	2.546590e-02	6.769896e+00
5.290000e-06	9.969829e-04	7.039450e+00
5.300000e-06	8.542752e-03	7.179403e+00
5.310000e-06	2.641935e-02	7.377823e+00
5.320000e-06	-2.415739e-02	7.620950e+00
5.330000e-06	2.606534e-02	7.844557e+00
5.340000e-06	-2.135963e-03	8.081055e+00
5.350000e-06	1.786977e-02	8.233107e+00
5.360000e-06	1.425548e-02	8.368904e+00
5.370000e-06	1.029718e-02	8.556318e+00
5.380000e-06	1.299473e-02	8.724215e+00
5.390000e-06	-1.571484e-03	8.833084e+00
5.400000e-06	1.821128e-02	9.042104e+00
5.410000e-06	2.113904e-03	9.242057e+00
5.420000e-06	1.829015e-02	9.411023e+00
5.430000e-06	1.415018e-02	9.545768e+00
5.440000e-06	1.538900e-02	9.715769e+00
5.450000e-06	1.551583e-02	9.833611e+00
5.460000e-06	9.355454e-03	1.004251e+01
5.470000e-06	1.255188e-02	1.017790e+01
5.480000e-06	1.105493e-02	1.029476e+01
5.490000e-06	1.679378e-02	1.043305e+01
5.500000e-06	1.386889e-02	1.056840e+01
5.510000e-06	1.751126e-02	1.069482e+01
5.520000e-06	1.923050e-02	1.082306e+01
5.530000e-06	1.735053e-02	1.098042e+01
5.540000e-06	1.649364e-02	1.107378e+01
5.550000e-06	1.351947e-02	1.117095e+01
5.560000e-06	1.852572e-02	1.130576e+01
5.570000e-06	1.713283e-02	1.143145e+01
5.580000e-06	1.949382e-02	1.155889e+01
5.590000e-06	1.921386e-02	1.167306e+01
5.600000e-06	2.178912e-02	1.175994e+01
5.610000e-06	2.144699e-02	1.182308e+01
5.620000e-06	2.076122e-02	1.193679e+01
5.630000e-06	2.039321e-02	1.199160e+01
5.640000e-06	2.139973e-02	1.206617e+01
5.650000e-06	2.489405e-02	1.218994e+01
5.660000e-06	2.430155e-02	1.222256e+01
5.670000e-06	2.399223e-02	1.231484e+01
5.680000e-06	2.287729e-02	1.236940e+01
5.690000e-06	2.517363e-02	1.240311e+01
5.700000e-06	2.519709e-02	1.246669e+01
5.710000e-06	2.623331e-02	1.250684e+01
5.720000e-06	2.743392e-02	1.254892e+01
5.730000e-06	2.913027e-02	1.257897e+01
5.740000e-06	3.110043e-02	1.261408e+01
5.750000e-06	2.964671e-02	1.262356e+01
5.760000e-06	3.042711e-02	1.270368e+01
5.770000e-06	3.106607e-02	1.266466e+01
5.780000e-06	3.462334e-02	1.272674e+01
5.790000e-06	3.499178e-02	1.270479e+01
5.800000e-06	3.526625e-02	1.270576e+01
5.810000e-06	3.753693e-02	1.270629e+01
5.820000e-06	4.041401e-02	1.269484e+01
5.830000e-06	4.227318e-02	1.265576e+01
5.840000e-06	4.389725e-02	1.267576e+01
5.850000e-06	4.676672e-02	1.265566e+01
5.860000e-06	5.243173e-02	1.266421e+01
5.870000e-06	5.556031e-02	1.260260e+01
5.880000e-06	6.141977e-02	1.256110e+01
5.890000e-06	6.468728e-02	1.253944e+01
5.900000e-06	7.324766e-02	1.249787e+01
5.910000e-06	7.955371e-02	1.246631e+01
5.920000e-06	8.756703e-02	1.242266e+01
5.930000e-06	9.504665e-02	1.239160e+01
5.940000e-06	1.086407e-01	1.229744e+01
5.950000e-06	1.224994e-01	1.225483e+01
5.960000e-06	1.336391e-01	1.215157e+01
5.970000e-06	1.429404e-01	1.211639e+01
5.980000e-06	1.463991e-01	1.201463e+01
5.990000e-06	1.476356e-01	1.192897e+01
6.000000e-06	1.405509e-01	1.186466e+01
6.010000e-06	1.327554e-01	1.176155e+01
6.020000e-06	1.232836e-01	1.167628e+01
6.030000e-06	1.147422e-01	1.156055e+01
6.040000e-06	1.039514e-01	1.144428e+01
6.050000e-06	9.420294e-02	1.132039e+01
6.060000e-06	8.558447e-02	1.116313e+01
6.070000e-06	7.639134e-02	1.108784e+01
6.080000e-06	6.750008e-02	1.101205e+01
6.090000e-06	5.922896e-02	1.086679e+01
6.100000e-06	5.269833e-02	1.077905e+01
6.110000e-06	4.733765e-02	1.060468e+01
6.120000e-06	4.326175e-02	1.048786e+01
6.130000e-06	3.850297e-02	1.032800e+01
6.140000e-06	3.619033e-02	1.023416e+01
6.150000e-06	3.240067e-02	1.006476e+01
6.160000e-06	2.922142e-02	9.929516e+00
6.170000e-06	2.480620e-02	9.780523e+00
6.180000e-06	2.236884e-02	9.561599e+00
6.190000e-06	1.995966e-02	9.443684e+00
6.200000e-06	2.038794e-02	9.276886e+00
6.210000e-06	1.843782e-02	9.161073e+00
6.220000e-06	1.696198e-02	8.940094e+00
6.230000e-06	1.496634e-02	8.781549e+00
6.240000e-06	1.503024e-02	8.592127e+00
6.250000e-06	1.233943e-02	8.466256e+00
6.260000e-06	1.121865e-02	8.307839e+00
6.270000e-06	9.178191e-03	8.087339e+00
6.280000e-06	9.973428e-03	7.868392e+00
6.290000e-06	9.756172e-03	7.707865e+00
6.300000e-06	7.733617e-03	7.538393e+00
6.310000e-06	7.350830e-03	7.236357e+00
6.320000e-06	7.628906e-03	7.075307e+00
6.330000e-06	7.128427e-03	6.865887e+00
6.340000e-06	4.511675e-03	6.726465e+00
6.350000e-06	4.130517e-03	6.436332e+00
6.360000e-06	4.013702e-03	6.286363e+00
6.370000e-06	4.650452e-03	6.086858e+00
6.380000e-06	2.956976e-03	5.874891e+00
6.390000e-06	1.919569e-03	5.634681e+00
6.400000e-06	3.430485e-03	5.427804e+00
6.410000e-06	3.081653e-03	5.222725e+00
6.420000e-06	2.527075e-03	4.978916e+00
6.430000e-06	-3.175592e-05	4.738913e+00
6.440000e-06	1.060123e-03	4.476359e+00
6.450000e-06	1.405649e-03	4.285313e+00
6.460000e-06	4.140812e-04	4.013274e+00
6.470000e-06	-1.659395e-03	3.802750e+00
6.480000e-06	-5.370566e-04	3.602199e+00
6.490000e-06	-3.069547e-04	3.378596e+00
6.500000e-06	-8.271528e-04	3.117469e+00
6.510000e-06	-2.635095e-03	2.926389e+00
6.520000e-06	-2.221614e-03	2.686914e+00
6.530000e-06	-2.018729e-03	2.443303e+00
6.540000e-06	-1.127038e-03	2.203195e+00
6.550000e-06	-3.448867e-03	2.012177e+00
6.560000e-06	-3.309247e-03	1.789148e+00
6.570000e-06	-2.598706e-03	1.496437e+00
6.580000e-06	-2.553395e-03	1.264336e+00
6.590000e-06	-4.374700e-03	9.622952e-01
6.600000e-06	-4.897827e-03	7.174934e-01
6.610000e-06	-4.177111e-03	5.069672e-01
6.620000e-06	-2.044808e-03	3.459197e-01
6.630000e-06	-3.504470e-03	2.377653e-02
6.640000e-06	4.747820e-04	-1.693496e-01
6.650000e-06	2.332071e-03	-3.593210e-01
6.660000e-06	-2.454855e-03	-5.703772e-01
6.670000e-06	-3.068279e-03	-8.889791e-01
6.680000e-06	-6.640984e-03	-1.042481e+00
6.690000e-06	-2.932451e-03	-1.293508e+00
6.700000e-06	-2.021597e-03	-1.556142e+00
6.710000e-06	2.009023e-02	-1.737262e+00
6.720000e-06	7.394689e-02	-1.955612e+00
6.730000e-06	-1.313628e-02	-2.229349e+00
6.740000e-06	-5.340330e-02	-2.546171e+00
6.750000e-06	-4.577340e-02	-2.807926e+00
6.760000e-06	-5.020939e-02	-3.071927e+00
6.770000e-06	-2.935664e-02	-3.219456e+00
6.780000e-06	1.171481e-01	-3.356768e+00
6.790000e-06	-9.648118e-02	-3.576241e+00
6.800000e-06	2.242973e-02	-3.817803e+00
6.810000e-06	1.041236e-01	-3.989447e+00
6.820000e-06	-1.108409e-01	-4.282934e+00
6.830000e-06	6.476082e-02	-4.422554e+00
6.840000e-06	-9.922527e-02	-4.642938e+00
6.850000e-06	-2.613910e-02	-4.917193e+00
6.860000e-06	1.003785e-01	-5.114062e+00
6.870000e-06	-7.724846e-02	-5.379250e+00
6.880000e-06	5.074579e-02	-5.621554e+00
6.890000e-06	-3.920933e-02	-5.819933e+00
6.900000e-06	-3.078272e-02	-6.060481e+00
6.910000e-06	4.904570e-02	-6.272513e+00
6.920000e-06	-1.027862e-01	-6.462638e+00
6.930000e-06	5.464639e-02	-6.704162e+00
6.940000e-06	-3.403492e-02	-6.883035e+00
6.950000e-06	3.046022e-02	-7.136765e+00
6.960000e-06	-8.424880e-03	-7.306192e+00
6.970000e-06	-8.577903e-02	-7.496643e+00
6.980000e-06	6.221949e-02	-7.717316e+00
6.990000e-06	-6.122515e-02	-7.927272e+00
7.000000e-06	3.023858e-02	-8.148322e+00
7.010000e-06	-4.468148e-02	-8.294161e+00
7.020000e-06	1.065457e-03	-8.516672e+00
7.030000e-06	1.427758e-02	-8.694987e+00
7.040000e-06	-5.122315e-02	-8.885166e+00
7.050000e-06	1.701270e-03	-9.000878e+00
7.060000e-06	-4.695581e-02	-9.209374e+00
7.070000e-06	2.823905e-02	-9.368344e+00
7.080000e-06	-3.326797e-02	-9.477216e+00
7.090000e-06	-1.501617e-02	-9.684716e+00
7.100000e-06	-1.718639e-02	-9.791479e+00
7.110000e-06	-1.402698e-02	-9.958379e+00
7.120000e-06	-8.819882e-03	-1.013661e+01
7.130000e-06	-4.008914e-02	-1.027369e+01
7.140000e-06	-6.842046e-03	-1.042393e+01
7.150000e-06	-2.025180e-02	-1.056788e+01
7.160000e-06	-4.482205e-03	-1.067421e+01
7.170000e-06	-3.678449e-02	-1.076003e+01
7.180000e-06	-1.746289e-02	-1.095637e+01
7.190000e-06	-2.017643e-02	-1.102516e+01
7.200000e-06	-1.507262e-02	-1.122003e+01
7.210000e-06	-3.019486e-02	-1.129584e+01
7.220000e-06	-2.645482e-02	-1.144193e+01
7.230000e-06	-1.438056e-02	-1.152722e+01
7.240000e-06	-2.291055e-02	-1.164464e+01
7.250000e-06	-2.484521e-02	-1.176942e+01
7.260000e-06	-3.567068e-02	-1.182656e+01
7.270000e-06	-1.745440e-02	-1.196997e+01
7.280000e-06	-2.690170e-02	-1.206416e+01
7.290000e-06	-2.662059e-02	-1.215727e+01
7.300000e-06	-3.148121e-02	-1.218045e+01
7.310000e-06	-2.236314e-02	-1.222364e+01
7.320000e-06	-2.470155e-02	-1.234785e+01
7.330000e-06	-3.249476e-02	-1.239205e+01
7.340000e-06	-3.418495e-02	-1.242316e+01
7.350000e-06	-3.132278e-02	-1.250579e+01
7.360000e-06	-2.693432e-02	-1.254052e+01
7.370000e-06	-3.371439e-02	-1.261060e+01
7.380000e-06	-3.400717e-02	-1.262513e+01
7.390000e-06	-3.297915e-02	-1.269773e+01
7.400000e-06	-3.150810e-02	-1.269784e+01
7.410000e-06	-3.721040e-02	-1.272892e+01
7.420000e-06	-4.122916e-02	-1.276053e+01
7.430000e-06	-3.841117e-02	-1.280256e+01
7.440000e-06	-3.525695e-02	-1.279298e+01
7.450000e-06	-3.959379e-02	-1.287411e+01
7.460000e-06	-4.471713e-02	-1.281414e+01
7.470000e-06	-4.528351e-02	-1.285173e+01
7.480000e-06	-4.342132e-02	-1.282373e+01
7.490000e-06	-4.775638e-02	-1.277118e+01
7.500000e-06	-5.461194e-02	-1.277256e+01
7.510000e-06	-5.507741e-02	-1.278910e+01
7.520000e-06	-5.661598e-02	-1.276893e+01
7.530000e-06	-5.970486e-02	-1.274752e+01
7.540000e-06	-6.941021e-02	-1.267739e+01
7.550000e-06	-7.243599e-02	-1.264511e+01
7.560000e-06	-7.674795e-02	-1.258463e+01
7.570000e-06	-8.411843e-02	-1.255050e+01
7.580000e-06	-9.637880e-02	-1.249732e+01
7.590000e-06	-1.069527e-01	-1.246424e+01
7.600000e-06	-1.155330e-01	-1.238153e+01
7.610000e-06	-1.273340e-01	-1.232989e+01
7.620000e-06	-1.393685e-01	-1.221574e+01
7.630000e-06	-1.480348e-01	-1.216157e+01
7.640000e-06	-1.506654e-01	-1.210831e+01
7.650000e-06	-1.504045e-01	-1.203468e+01
7.660000e-06	-1.481250e-01	-1.192955e+01
7.670000e-06	-1.417054e-01	-1.183576e+01
7.680000e-06	-1.307365e-01	-1.174147e+01
7.690000e-06	-1.193380e-01	-1.161476e+01
7.700000e-06	-1.094168e-01	-1.151887e+01
7.710000e-06	-1.010494e-01	-1.139065e+01
7.720000e-06	-9.032849e-02	-1.127784e+01
7.730000e-06	-8.096432e-02	-1.110905e+01
7.740000e-06	-7.318773e-02	-1.098168e+01
7.750000e-06	-6.748934e-02	-1.089631e+01
7.760000e-06	-6.118799e-02	-1.075108e+01
7.770000e-06	-5.452692e-02	-1.066531e+01
7.780000e-06	-5.018661e-02	-1.054047e+01
7.790000e-06	-4.592578e-02	-1.043315e+01
7.800000e-06	-4.248838e-02	-1.024536e+01
7.810000e-06	-3.899714e-02	-1.010589e+01
7.820000e-06	-3.575056e-02	-9.929949e+00
7.830000e-06	-3.350657e-02	-9.832629e+00
7.840000e-06	-3.062769e-02	-9.674815e+00
7.850000e-06	-2.787933e-02	-9.518442e+00
7.860000e-06	-2.680130e-02	-9.329967e+00
7.870000e-06	-2.553207e-02	-9.172577e+00
7.880000e-06	-2.425528e-02	-9.033732e+00
7.890000e-06	-2.267605e-02	-8.834808e+00
7.900000e-06	-2.191808e-02	-8.645361e+00
7.910000e-06	-2.068976e-02	-8.458335e+00
7.920000e-06	-1.897685e-02	-8.306465e+00
7.930000e-06	-1.829892e-02	-8.159996e+00
7.940000e-06	-1.755559e-02	-7.980101e+00
7.950000e-06	-1.642723e-02	-7.728394e+00
7.960000e-06	-1.587976e-02	-7.548497e+00
7.970000e-06	-1.518707e-02	-7.297449e+00
7.980000e-06	-1.494660e-02	-7.158020e+00
7.990000e-06	-1.338829e-02	-6.909437e+00
8.000000e-06	-1.251110e-02	-6.738467e+00
8.010000e-06	-1.266136e-02	-6.508946e+00
8.020000e-06	-1.261626e-02	-6.359044e+00
8.030000e-06	-1.277967e-02	-6.078466e+00
8.040000e-06	-1.107501e-02	-5.906392e+00
8.050000e-06	-1.149522e-02	-5.684337e+00
8.060000e-06	-1.138568e-02	-5.476362e+00
8.070000e-06	-1.001827e-02	-5.232729e+00
8.080000e-06	-9.413306e-03	-5.011150e+00
8.090000e-06	-8.592439e-03	-4.698990e+00
8.100000e-06	-1.051078e-02	-4.515411e+00
8.110000e-06	-8.922580e-03	-4.347441e+00
8.120000e-06	-8.577982e-03	-4.107912e+00
8.130000e-06	-6.742358e-03	-3.937390e+00
8.140000e-06	-9.395643e-03	-3.646752e+00
8.150000e-06	-8.077799e-03	-3.462686e+00
8.160000e-06	-7.403859e-03	-3.214153e+00
8.170000e-06	-6.776102e-03	-2.970546e+00
8.180000e-06	-8.251686e-03	-2.738969e+00
8.190000e-06	-6.803540e-03	-2.528912e+00
8.200000e-06	-5.647594e-03	-2.266385e+00
8.210000e-06	-4.529568e-03	-2.032754e+00
8.220000e-06	-5.666847e-03	-1.841155e+00
8.230000e-06	-5.742033e-03	-1.591655e+00
8.240000e-06	-5.495349e-03	-1.289020e+00
8.250000e-06	-4.682145e-03	-1.074783e+00
8.260000e-06	-6.004126e-03	-8.436492e-01
8.270000e-06	-6.155915e-03	-6.001212e-01
8.280000e-06	-2.869683e-03	-3.474186e-01
8.290000e-06	4.532087e-05	-1.079660e-01
8.300000e-06	4.665790e-03	1.041354e-01
8.310000e-06	2.214395e-04	3.267710e-01
8.320000e-06	1.289007e-03	5.773196e-01
8.330000e-06	1.033427e-03	7.862447e-01
8.340000e-06	1.242639e-04	9.903484e-01
8.350000e-06	8.667742e-04	1.232028e+00
8.360000e-06	1.142237e-03	1.483030e+00
8.370000e-06	1.582339e-02	1.768722e+00
8.380000e-06	5.106368e-02	1.947692e+00
8.390000e-06	4.694413e-02	2.197297e+00
8.400000e-06	-4.797368e-02	2.441504e+00
8.410000e-06	-4.415031e-02	2.716768e+00
8.420000e-06	-2.651598e-02	2.955268e+00
8.430000e-06	-2.697538e-02	3.134664e+00
8.440000e-06	-2.289615e-02	3.231607e+00
8.450000e-06	8.489027e-02	3.535613e+00
8.460000e-06	-4.504710e-02	3.725266e+00
8.470000e-06	3.856719e-02	3.922663e+00
8.480000e-06	7.155824e-02	4.186691e+00
8.490000e-06	-7.108638e-02	4.419404e+00
8.500000e-06	3.414417e-02	4.617870e+00
8.510000e-06	-3.151299e-02	4.851580e+00
8.520000e-06	3.980940e-03	5.135188e+00
8.530000e-06	3.782864e-02	5.356820e+00
8.540000e-06	-1.374996e-02	5.616926e+00
8.550000e-06	2.633411e-02	5.778427e+00
8.560000e-06	2.252167e-03	6.032079e+00
8.570000e-06	-1.147626e-02	6.220930e+00
8.580000e-06	7.555636e-03	6.470901e+00
8.590000e-06	1.913087e-03	6.641079e+00
8.600000e-06	2.722837e-02	6.844607e+00
8.610000e-06	-1.269687e-02	7.052158e+00
8.620000e-06	3.034227e-02	7.262605e+00
8.630000e-06	2.660586e-03	7.430108e+00
8.640000e-06	-1.126090e-02	7.682787e+00
8.650000e-06	2.407696e-02	7.913168e+00
8.660000e-06	-2.441251e-03	8.056213e+00
8.670000e-06	2.731479e-02	8.264736e+00
8.680000e-06	3.602328e-03	8.442136e+00
8.690000e-06	1.762010e-02	8.592929e+00
8.700000e-06	3.052648e-03	8.767846e+00
8.710000e-06	8.358826e-03	8.917246e+00
8.720000e-06	1.091932e-02	9.135238e+00
8.730000e-06	3.059986e-03	9.275711e+00
8.740000e-06	2.099506e-02	9.433033e+00
8.750000e-06	1.413199e-02	9.590402e+00
8.760000e-06	1.875347e-02	9.729947e+00
8.770000e-06	9.990330e-03	9.915716e+00
8.780000e-06	1.138810e-02	1.007564e+01
8.790000e-06	1.288737e-02	1.017942e+01
8.800000e-06	1.262614e-02	1.033732e+01
8.810000e-06	1.315985e-02	1.046519e+01
8.820000e-06	1.508365e-02	1.062103e+01
8.830000e-06	2.008925e-02	1.071934e+01
8.840000e-06	1.908590e-02	1.087419e+01
8.850000e-06	1.578303e-02	1.098950e+01
8.860000e-06	1.288191e-02	1.110579e+01
8.870000e-06	1.742206e-02	1.121261e+01
8.880000e-06	1.954130e-02	1.136632e+01
8.890000e-06	1.831326e-02	1.144423e+01
8.900000e-06	1.702217e-02	1.160053e+01
8.910000e-06	2.148155e-02	1.166631e+01
8.920000e-06	2.260650e-02	1.177048e+01
8.930000e-06	1.942537e-02	1.187466e+01
8.940000e-06	1.824223e-02	1.192692e+01
8.950000e-06	2.157424e-02	1.199211e+01
8.960000e-06	2.501089e-02	1.210787e+01
8.970000e-06	2.410185e-02	1.220005e+01
8.980000e-06	2.163492e-02	1.222266e+01
8.990000e-06	2.407036e-02	1.232642e+01
9.000000e-06	2.550172e-02	1.238952e+01
9.010000e-06	2.534957e-02	1.242265e+01
9.020000e-06	2.312485e-02	1.247531e+01
9.030000e-06	2.570937e-02	1.249787e+01
9.040000e-06	3.042256e-02	1.254845e+01
9.050000e-06	2.950499e-02	1.261955e+01
9.060000e-06	2.778818e-02	1.261261e+01
9.070000e-06	2.884901e-02	1.263319e+01
9.080000e-06	3.313588e-02	1.265366e+01
9.090000e-06	3.310402e-02	1.266526e+01
9.100000e-06	3.174170e-02	1.266581e+01
9.110000e-06	3.335770e-02	1.269679e+01
9.120000e-06	3.814022e-02	1.269629e+01
9.130000e-06	4.015230e-02	1.268584e+01
9.140000e-06	3.856150e-02	1.267581e+01
9.150000e-06	4.112155e-02	1.267676e+01
9.160000e-06	4.757089e-02	1.266671e+01
9.170000e-06	5.082802e-02	1.268226e+01
9.180000e-06	5.178345e-02	1.263318e+01
9.190000e-06	5.455120e-02	1.259107e+01
9.200000e-06	6.268965e-02	1.257153e+01
9.210000e-06	6.824488e-02	1.252902e+01
9.220000e-06	7.269750e-02	1.248682e+01
9.230000e-06	8.058421e-02	1.248616e+01
9.240000e-06	9.300880e-02	1.238361e+01
9.250000e-06	1.042417e-01	1.240005e+01
9.260000e-06	1.130701e-01	1.229687e+01
9.270000e-06	1.228524e-01	1.220410e+01
9.280000e-06	1.344489e-01	1.216100e+01
9.290000e-06	1.455535e-01	1.205631e+01
9.300000e-06	1.477898e-01	1.196171e+01
9.310000e-06	1.444209e-01	1.192679e+01
9.320000e-06	1.402783e-01	1.183513e+01
9.330000e-06	1.331070e-01	1.170850e+01
9.340000e-06	1.236343e-01	1.167473e+01
9.350000e-06	1.094404e-01	1.152899e+01
9.360000e-06	9.934637e-02	1.140468e+01
9.370000e-06	9.094849e-02	1.129831e+01
9.380000e-06	8.309485e-02	1.116100e+01
9.390000e-06	7.041225e-02	1.106576e+01
9.400000e-06	6.348913e-02	1.097947e+01
9.410000e-06	5.877208e-02	1.083431e+01
9.420000e-06	5.440139e-02	1.073599e+01
9.430000e-06	4.441418e-02	1.059225e+01
9.440000e-06	4.080102e-02	1.045624e+01
9.450000e-06	3.833013e-02	1.029784e+01
9.460000e-06	3.658594e-02	1.013954e+01
9.470000e-06	2.911352e-02	1.003363e+01
9.480000e-06	2.579676e-02	9.854387e+00
9.490000e-06	2.514037e-02	9.698388e+00
9.500000e-06	2.389851e-02	9.529019e+00
9.510000e-06	1.974212e-02	9.402049e+00
9.520000e-06	1.723549e-02	9.244254e+00
9.530000e-06	1.770621e-02	9.105884e+00
9.540000e-06	1.865233e-02	8.868937e+00
9.550000e-06	1.533110e-02	8.706940e+00
9.560000e-06	1.130003e-02	8.559545e+00
9.570000e-06	1.221977e-02	8.392573e+00
9.580000e-06	1.345709e-02	8.213802e+00
9.590000e-06	1.040861e-02	8.012628e+00
9.600000e-06	7.630778e-03	7.835229e+00
9.610000e-06	7.217753e-03	7.634304e+00
9.620000e-06	9.192877e-03	7.471786e+00
9.630000e-06	7.910717e-03	7.193150e+00
9.640000e-06	4.537417e-03	7.014202e+00
9.650000e-06	5.702725e-03	6.812778e+00
9.660000e-06	7.884106e-03	6.643206e+00
9.670000e-06	6.642588e-03	6.411076e+00
9.680000e-06	3.134852e-03	6.193175e+00
9.690000e-06	2.457455e-03	6.023203e+00
9.700000e-06	4.338547e-03	5.803777e+00
9.710000e-06	3.859204e-03	5.600100e+00
9.720000e-06	2.124055e-03	5.339073e+00
9.730000e-06	1.071978e-03	5.138565e+00
9.740000e-06	2.175131e-03	4.854754e+00
9.750000e-06	2.583901e-03	4.642680e+00
9.760000e-06	-2.075981e-04	4.412707e+00
9.770000e-06	-1.204528e-03	4.171300e+00
9.780000e-06	4.981882e-04	3.929022e+00
9.790000e-06	1.338199e-03	3.729491e+00
9.800000e-06	-3.426325e-05	3.538596e+00
9.810000e-06	-2.168938e-03	3.265461e+00
9.820000e-06	-1.890921e-03	3.053857e+00
9.830000e-06	-5.405922e-05	2.865780e+00
9.840000e-06	-2.085427e-03	2.611752e+00
9.850000e-06	-3.613123e-03	2.349643e+00
9.860000e-06	-2.597916e-03	2.119489e+00
9.870000e-06	-9.298721e-04	1.957942e+00
9.880000e-06	-2.175298e-03	1.695437e+00
9.890000e-06	-4.306132e-03	1.425307e+00
9.900000e-06	-3.766533e-03	1.222598e+00
9.910000e-06	-3.120770e-03	8.668883e-01
9.920000e-06	-3.306160e-03	6.647806e-01
9.930000e-06	-5.471246e-03	4.336555e-01
9.940000e-06	-4.965289e-03	2.132578e-01
9.950000e-06	-2.436195e-03	-2.103014e-02
9.960000e-06	4.783786e-03	-2.314841e-01
9.970000e-06	-8.560052e-04	-4.515077e-01
9.980000e-06	-3.044666e-03	-7.340956e-01
9.990000e-06	-4.086583e-03	-9.131392e-01
1.000000e-05	-2.034134e-03	-1.134638e+00
1.001000e-05	-4.035317e-03	-1.356197e+00
1.002000e-05	-1.327874e-03	-1.597399e+00
1.003000e-05	3.800038e-02	-1.788821e+00
1.004000e-05	7.065411e-02	-1.998372e+00
1.005000e-05	-4.682152e-02	-2.316164e+00
1.006000e-05	-4.812581e-02	-2.630983e+00
1.007000e-05	-5.060102e-02	-2.871558e+00
1.008000e-05	-5.570868e-02	-3.094043e+00
1.009000e-05	2.847562e-02	-3.243107e+00
1.010000e-05	8.271773e-02	-3.418822e+00
1.011000e-05	-1.373061e-01	-3.640406e+00
1.012000e-05	1.224108e-01	-3.844514e+00
1.013000e-05	3.701336e-03	-4.032035e+00
1.014000e-05	-6.604431e-02	-4.356220e+00
1.015000e-05	5.283432e-02	-4.484661e+00
1.016000e-05	-1.413198e-01	-4.737226e+00
1.017000e-05	6.592438e-02	-4.997897e+00
1.018000e-05	3.186027e-02	-5.188377e+00
1.019000e-05	-5.799324e-02	-5.474109e+00
1.020000e-05	5.954665e-02	-5.664110e+00
1.021000e-05	-7.941278e-02	-5.904516e+00
1.022000e-05	3.037963e-02	-6.087746e+00
1.023000e-05	-1.178097e-02	-6.347241e+00
1.024000e-05	-6.934199e-02	-6.557798e+00
1.025000e-05	6.423553e-02	-6.757268e+00
1.026000e-05	-5.687651e-02	-6.957699e+00
1.027000e-05	6.561719e-02	-7.200479e+00
1.028000e-05	-8.026429e-02	-7.397822e+00
1.029000e-05	-1.666277e-02	-7.590855e+00
1.030000e-05	3.023787e-02	-7.738423e+00
1.031000e-05	-5.282826e-02	-8.032430e+00
1.032000e-05	3.384272e-02	-8.169973e+00
1.033000e-05	-6.543286e-02	-8.358819e+00
1.034000e-05	4.125615e-02	-8.557770e+00
1.035000e-05	-3.196534e-02	-8.747820e+00
1.036000e-05	-2.300757e-02	-8.936245e+00
1.037000e-05	-1.668956e-02	-9.063485e+00
1.038000e-05	-2.550357e-02	-9.223031e+00
1.039000e-05	2.185766e-02	-9.398474e+00
1.040000e-05	-4.874598e-02	-9.551376e+00
1.041000e-05	2.130520e-03	-9.705842e+00
1.042000e-05	-2.912381e-02	-9.854108e+00
1.043000e-05	1.393551e-03	-1.000203e+01
1.044000e-05	-3.145782e-02	-1.016835e+01
1.045000e-05	-2.571201e-02	-1.030730e+01
1.046000e-05	-1.057527e-02	-1.048456e+01
1.047000e-05	-1.514016e-02	-1.060193e+01
1.048000e-05	-1.375750e-02	-1.072576e+01
1.049000e-05	-3.648010e-02	-1.084355e+01
1.050000e-05	-9.657809e-03	-1.092732e+01
1.051000e-05	-2.349341e-02	-1.106369e+01
1.052000e-05	-1.803188e-02	-1.121298e+01
1.053000e-05	-3.718930e-02	-1.132935e+01
1.054000e-05	-1.581634e-02	-1.148361e+01
1.055000e-05	-1.804469e-02	-1.155780e+01
1.056000e-05	-2.251645e-02	-1.166621e+01
1.057000e-05	-3.048714e-02	-1.181103e+01
1.058000e-05	-2.732797e-02	-1.191679e+01
1.059000e-05	-1.648474e-02	-1.201190e+01
1.060000e-05	-2.877621e-02	-1.205521e+01
1.061000e-05	-2.815720e-02	-1.215740e+01
1.062000e-05	-3.089309e-02	-1.224358e+01
1.063000e-05	-1.973956e-02	-1.230469e+01
1.064000e-05	-3.036963e-02	-1.234800e+01
1.065000e-05	-3.471704e-02	-1.243151e+01
1.066000e-05	-3.444532e-02	-1.247622e+01
1.067000e-05	-2.585668e-02	-1.252672e+01
1.068000e-05	-2.742026e-02	-1.256995e+01
1.069000e-05	-3.482188e-02	-1.263255e+01
1.070000e-05	-3.411081e-02	-1.265473e+01
1.071000e-05	-3.216416e-02	-1.269626e+01
1.072000e-05	-3.434996e-02	-1.276789e+01
1.073000e-05	-4.210697e-02	-1.278007e+01
1.074000e-05	-4.055572e-02	-1.277998e+01
1.075000e-05	-3.577066e-02	-1.279402e+01
1.076000e-05	-3.502204e-02	-1.282306e+01
1.077000e-05	-4.219491e-02	-1.282366e+01
1.078000e-05	-4.456191e-02	-1.280214e+01
1.079000e-05	-4.378144e-02	-1.280216e+01
1.080000e-05	-4.470362e-02	-1.281361e+01
1.081000e-05	-5.194835e-02	-1.281006e+01
1.082000e-05	-5.531122e-02	-1.279005e+01
1.083000e-05	-5.508768e-02	-1.274950e+01
1.084000e-05	-5.702348e-02	-1.272795e+01
1.085000e-05	-6.374831e-02	-1.271934e+01
1.086000e-05	-7.100237e-02	-1.267669e+01
1.087000e-05	-7.191697e-02	-1.262518e+01
1.088000e-05	-7.718666e-02	-1.259310e+01
1.089000e-05	-8.874403e-02	-1.254045e+01
1.090000e-05	-1.005006e-01	-1.249734e+01
1.091000e-05	-1.095651e-01	-1.240361e+01
1.092000e-05	-1.184766e-01	-1.238000e+01
1.093000e-05	-1.318374e-01	-1.229679e+01
1.094000e-05	-1.440451e-01	-1.224214e+01
1.095000e-05	-1.490473e-01	-1.220153e+01
1.096000e-05	-1.496965e-01	-1.208576e+01
1.097000e-05	-1.502868e-01	-1.200205e+01
1.098000e-05	-1.475860e-01	-1.192844e+01
1.099000e-05	-1.384484e-01	-1.180263e+01
1.100000e-05	-1.265361e-01	-1.170844e+01
1.101000e-05	-1.158521e-01	-1.159956e+01
1.102000e-05	-1.078958e-01	-1.148529e+01
1.103000e-05	-9.721349e-02	-1.133110e+01
1.104000e-05	-8.560036e-02	-1.124326e+01
1.105000e-05	-7.809796e-02	-1.106744e+01
1.106000e-05	-7.274773e-02	-1.097052e+01
1.107000e-05	-6.693586e-02	-1.086471e+01
1.108000e-05	-5.755130e-02	-1.076995e+01
1.109000e-05	-5.155143e-02	-1.063366e+01
1.110000e-05	-4.826496e-02	-1.052734e+01
1.111000e-05	-4.547766e-02	-1.036148e+01
1.112000e-05	-4.027012e-02	-1.021268e+01
1.113000e-05	-3.591230e-02	-1.003526e+01
1.114000e-05	-3.525156e-02	-9.896862e+00
1.115000e-05	-3.409679e-02	-9.741000e+00
1.116000e-05	-3.030083e-02	-9.614706e+00
1.117000e-05	-2.652120e-02	-9.484316e+00
1.118000e-05	-2.639430e-02	-9.257288e+00
1.119000e-05	-2.626218e-02	-9.126921e+00
1.120000e-05	-2.424852e-02	-8.991547e+00
1.121000e-05	-2.050851e-02	-8.812048e+00
1.122000e-05	-2.063837e-02	-8.610632e+00
1.123000e-05	-2.090665e-02	-8.414755e+00
1.124000e-05	-1.989624e-02	-8.284310e+00
1.125000e-05	-1.626803e-02	-8.096358e+00
1.126000e-05	-1.594930e-02	-7.905433e+00
1.127000e-05	-1.782908e-02	-7.625857e+00
1.128000e-05	-1.726539e-02	-7.486237e+00
1.129000e-05	-1.452570e-02	-7.265361e+00
1.130000e-05	-1.408843e-02	-7.076292e+00
1.131000e-05	-1.460174e-02	-6.855232e+00
1.132000e-05	-1.375645e-02	-6.645232e+00
1.133000e-05	-1.193979e-02	-6.474361e+00
1.134000e-05	-1.100345e-02	-6.254840e+00
1.135000e-05	-1.251152e-02	-6.014753e+00
1.136000e-05	-1.246896e-02	-5.824179e+00
1.137000e-05	-1.075658e-02	-5.634674e+00
1.138000e-05	-9.632983e-03	-5.393655e+00
1.139000e-05	-1.011919e-02	-5.160044e+00
1.140000e-05	-1.152417e-02	-4.905895e+00
1.141000e-05	-8.839133e-03	-4.633759e+00
1.142000e-05	-8.936508e-03	-4.453236e+00
1.143000e-05	-8.686664e-03	-4.274337e+00
1.144000e-05	-9.347649e-03	-4.064653e+00
1.145000e-05	-6.531285e-03	-3.812732e+00
1.146000e-05	-7.261312e-03	-3.563103e+00
1.147000e-05	-7.087313e-03	-3.371521e+00
1.148000e-05	-9.938397e-03	-3.129047e+00
1.149000e-05	-7.559303e-03	-2.886338e+00
1.150000e-05	-7.419819e-03	-2.673757e+00
1.151000e-05	-4.412348e-03	-2.443652e+00
1.152000e-05	-7.098208e-03	-2.232108e+00
1.153000e-05	-5.555339e-03	-1.968970e+00
1.154000e-05	-5.053464e-03	-1.759444e+00
1.155000e-05	-5.478174e-03	-1.525938e+00
1.156000e-05	-6.712230e-03	-1.183128e+00
1.157000e-05	-6.069459e-03	-9.694726e-01
1.158000e-05	-4.189066e-03	-7.190238e-01
1.159000e-05	-3.147499e-03	-4.658831e-01
1.160000e-05	-2.656508e-03	-2.832580e-01
1.161000e-05	-7.947767e-04	-7.428058e-02
1.162000e-05	6.027150e-03	1.758935e-01
1.163000e-05	2.542411e-04	4.295026e-01
1.164000e-05	8.663375e-04	6.100263e-01
1.165000e-05	-2.732907e-03	8.605275e-01
1.166000e-05	1.467701e-03	1.101133e+00
1.167000e-05	2.213635e-03	1.305716e+00
1.168000e-05	1.874302e-03	1.545921e+00
1.169000e-05	2.215680e-02	1.810448e+00
1.170000e-05	6.525422e-02	2.009405e+00
1.171000e-05	1.145130e-02	2.332113e+00
1.172000e-05	-4.972614e-02	2.516776e+00
1.173000e-05	-4.303284e-02	2.799076e+00
1.174000e-05	-1.655962e-02	2.989896e+00
1.175000e-05	-3.836025e-02	3.217846e+00
1.176000e-05	1.438173e-02	3.305694e+00
1.177000e-05	7.141659e-02	3.567346e+00
1.178000e-05	-6.905854e-02	3.789398e+00
1.179000e-05	1.059059e-01	3.969238e+00
1.180000e-05	2.088838e-03	4.231483e+00
1.181000e-05	-4.719268e-02	4.453608e+00
1.182000e-05	3.424443e-02	4.703132e+00
1.183000e-05	-4.795669e-02	4.906671e+00
1.184000e-05	3.948834e-02	5.218926e+00
1.185000e-05	1.233280e-02	5.442954e+00
1.186000e-05	-6.262061e-03	5.671106e+00
1.187000e-05	2.784882e-02	5.863111e+00
1.188000e-05	-1.077470e-02	6.103713e+00
1.189000e-05	-3.854052e-04	6.304685e+00
1.190000e-05	-1.239996e-03	6.473636e+00
1.191000e-05	1.451637e-02	6.715641e+00
1.192000e-05	2.046363e-02	6.915667e+00
1.193000e-05	-8.957089e-03	7.127293e+00
1.194000e-05	3.721778e-02	7.264737e+00
1.195000e-05	-2.056517e-02	7.546741e+00
1.196000e-05	9.556726e-03	7.756793e+00
1.197000e-05	1.239552e-02	7.986772e+00
1.198000e-05	5.024782e-03	8.170400e+00
1.199000e-05	2.392343e-02	8.366243e+00
1.200000e-05	2.870917e-03	8.494218e+00
1.201000e-05	2.085085e-02	8.671660e+00
1.202000e-05	-5.309069e-03	8.830503e+00
1.203000e-05	1.743028e-02	8.960476e+00
1.204000e-05	4.639188e-03	9.169925e+00
1.205000e-05	1.108826e-02	9.314766e+00
1.206000e-05	1.712210e-02	9.476188e+00
1.207000e-05	1.237092e-02	9.644588e+00
1.208000e-05	1.759752e-02	9.809524e+00
1.209000e-05	7.695584e-03	9.939945e+00
1.210000e-05	1.410322e-02	1.010526e+01
1.211000e-05	1.000002e-02	1.024308e+01
1.212000e-05	1.635797e-02	1.035795e+01
1.213000e-05	1.408343e-02	1.050682e+01
1.214000e-05	1.697185e-02	1.065356e+01
1.215000e-05	1.819450e-02	1.079838e+01
1.216000e-05	1.768253e-02	1.090674e+01
1.217000e-05	1.606745e-02	1.103258e+01
1.218000e-05	1.363574e-02	1.116734e+01
1.219000e-05	1.776846e-02	1.126426e+01
1.220000e-05	1.825847e-02	1.133890e+01
1.221000e-05	1.941473e-02	1.143526e+01
1.222000e-05	1.840700e-02	1.160301e+01
1.223000e-05	2.257900e-02	1.171632e+01
1.224000e-05	2.114735e-02	1.182308e+01
1.225000e-05	1.951253e-02	1.189521e+01
1.226000e-05	1.979166e-02	1.197095e+01
1.227000e-05	2.257291e-02	1.202221e+01
1.228000e-05	2.429422e-02	1.214739e+01
1.229000e-05	2.324442e-02	1.218913e+01
1.230000e-05	2.387661e-02	1.226466e+01
1.231000e-05	2.395617e-02	1.234644e+01
1.232000e-05	2.574455e-02	1.237850e+01
1.233000e-05	2.458633e-02	1.244468e+01
1.234000e-05	2.563323e-02	1.249476e+01
1.235000e-05	2.741049e-02	1.250744e+01
1.236000e-05	2.918397e-02	1.259052e+01
1.237000e-05	2.971667e-02	1.259205e+01
1.238000e-05	2.886975e-02	1.263258e+01
1.239000e-05	3.100477e-02	1.264416e+01
1.240000e-05	3.128709e-02	1.266518e+01
1.241000e-05	3.335021e-02	1.269676e+01
1.242000e-05	3.380638e-02	1.270679e+01
1.243000e-05	3.609073e-02	1.269634e+01
1.244000e-05	3.831938e-02	1.267677e+01
1.245000e-05	3.888912e-02	1.270484e+01
1.246000e-05	4.085198e-02	1.270781e+01
1.247000e-05	4.415313e-02	1.269526e+01
1.248000e-05	4.819828e-02	1.265473e+01
1.249000e-05	5.144766e-02	1.263421e+01
1.250000e-05	5.443953e-02	1.263116e+01
1.251000e-05	5.814030e-02	1.259163e+01
1.252000e-05	6.429788e-02	1.251805e+01
1.253000e-05	6.880700e-02	1.253799e+01
1.254000e-05	7.640757e-02	1.248682e+01
1.255000e-05	8.478015e-02	1.242518e+01
1.256000e-05	9.620103e-02	1.242061e+01
1.257000e-05	1.065085e-01	1.235997e+01
1.258000e-05	1.175896e-01	1.228591e+01
1.259000e-05	1.289841e-01	1.220263e+01
1.260000e-05	1.378596e-01	1.209850e+01
1.261000e-05	1.450132e-01	1.200326e+01
1.262000e-05	1.457741e-01	1.196102e+01
1.263000e-05	1.433876e-01	1.186684e+01
1.264000e-05	1.379152e-01	1.181162e+01
1.265000e-05	1.281404e-01	1.171684e+01
1.266000e-05	1.176126e-01	1.157170e+01
1.267000e-05	1.064675e-01	1.147734e+01
1.268000e-05	9.790247e-02	1.139200e+01
1.269000e-05	8.723555e-02	1.122526e+01
1.270000e-05	7.928705e-02	1.112947e+01
1.271000e-05	6.847403e-02	1.104321e+01
1.272000e-05	6.296367e-02	1.090842e+01
1.273000e-05	5.530608e-02	1.083313e+01
1.274000e-05	4.980013e-02	1.069536e+01
1.275000e-05	4.382543e-02	1.051055e+01
1.276000e-05	4.028882e-02	1.036310e+01
1.277000e-05	3.713117e-02	1.026528e+01
1.278000e-05	3.328920e-02	1.011689e+01
1.279000e-05	2.981203e-02	9.950549e+00
1.280000e-05	2.680511e-02	9.833254e+00
1.281000e-05	2.493234e-02	9.655283e+00
1.282000e-05	2.101570e-02	9.515811e+00
1.283000e-05	2.057540e-02	9.328995e+00
1.284000e-05	1.871130e-02	9.211625e+00
1.285000e-05	1.742798e-02	9.034284e+00
1.286000e-05	1.446035e-02	8.824756e+00
1.287000e-05	1.404514e-02	8.644307e+00
1.288000e-05	1.242888e-02	8.486887e+00
1.289000e-05	1.286169e-02	8.349020e+00
1.290000e-05	1.033577e-02	8.182100e+00
1.291000e-05	1.027984e-02	7.950520e+00
1.292000e-05	9.449414e-03	7.769747e+00
1.293000e-05	8.937261e-03	7.581147e+00
1.294000e-05	6.943775e-03	7.361470e+00
1.295000e-05	6.466675e-03	7.118596e+00
1.296000e-05	5.927009e-03	6.951048e+00
1.297000e-05	6.284694e-03	6.751620e+00
1.298000e-05	4.817080e-03	6.531044e+00
1.299000e-05	4.148111e-03	6.329495e+00
1.300000e-05	4.297482e-03	6.148995e+00
1.301000e-05	4.246597e-03	5.939572e+00
1.302000e-05	2.821499e-03	5.707968e+00
1.303000e-05	2.279573e-03	5.505818e+00
1.304000e-05	2.411637e-03	5.297985e+00
1.305000e-05	2.698761e-03	5.032729e+00
1.306000e-05	1.438344e-03	4.779997e+00
1.307000e-05	8.607899e-04	4.560046e+00
1.308000e-05	5.811298e-04	4.379146e+00
1.309000e-05	-2.607726e-04	4.078496e+00
1.310000e-05	9.591007e-05	3.905884e+00
1.311000e-05	-4.515015e-04	3.675758e+00
1.312000e-05	-7.259415e-04	3.455337e+00
1.313000e-05	-6.684921e-04	3.233195e+00
1.314000e-05	-8.854730e-04	2.981623e+00
1.315000e-05	-1.163694e-03	2.801120e+00
1.316000e-05	-2.694698e-03	2.517540e+00
1.317000e-05	-2.014660e-03	2.283332e+00
1.318000e-05	-2.540125e-03	2.065282e+00
1.319000e-05	-2.246869e-03	1.823283e+00
1.320000e-05	-3.734608e-03	1.592152e+00
1.321000e-05	-3.544892e-03	1.368070e+00
1.322000e-05	-2.803975e-03	1.086963e+00
1.323000e-05	-3.838127e-03	8.016990e-01
1.324000e-05	-3.609851e-03	6.112028e-01
1.325000e-05	-3.961485e-03	3.810737e-01
1.326000e-05	-3.415423e-03	1.080647e-01
1.327000e-05	-2.427421e-03	-1.246944e-01
1.328000e-05	4.053517e-03	-3.357417e-01
1.329000e-05	-3.888821e-03	-5.341130e-01
1.330000e-05	-4.225105e-04	-7.882760e-01
1.331000e-05	-5.477315e-03	-9.667961e-01
1.332000e-05	-2.767580e-03	-1.178330e+00
1.333000e-05	-4.916516e-03	-1.470578e+00
1.334000e-05	6.160065e-03	-1.643560e+00
1.335000e-05	5.932221e-02	-1.860981e+00
1.336000e-05	3.532089e-02	-2.105035e+00
1.337000e-05	-5.980114e-02	-2.469404e+00
1.338000e-05	-4.333664e-02	-2.734219e+00
1.339000e-05	-4.989251e-02	-2.976238e+00
1.340000e-05	-5.815473e-02	-3.169370e+00
1.341000e-05	8.804768e-02	-3.285109e+00
1.342000e-05	7.061620e-04	-3.472558e+00
1.343000e-05	-9.151073e-02	-3.714693e+00
1.344000e-05	1.543759e-01	-3.927817e+00
1.345000e-05	-8.489221e-02	-4.146195e+00
1.346000e-05	9.438333e-03	-4.367451e+00
1.347000e-05	-1.167113e-02	-4.566770e+00
1.348000e-05	-1.151309e-01	-4.822433e+00
1.349000e-05	1.157386e-01	-5.020956e+00
1.350000e-05	-3.852727e-02	-5.293982e+00
1.351000e-05	-1.550454e-03	-5.598425e+00
1.352000e-05	2.329111e-02	-5.747742e+00
1.353000e-05	-8.074807e-02	-6.017349e+00
1.354000e-05	6.587900e-02	-6.198901e+00
1.355000e-05	-7.544760e-02	-6.380855e+00
1.356000e-05	-2.407252e-03	-6.620931e+00
1.357000e-05	2.489964e-02	-6.790856e+00
1.358000e-05	-3.093224e-02	-7.042508e+00
1.359000e-05	5.536085e-02	-7.273087e+00
1.360000e-05	-1.139514e-01	-7.463031e+00
1.361000e-05	4.336292e-02	-7.624192e+00
1.362000e-05	-2.549547e-02	-7.872586e+00
1.363000e-05	-1.013385e-02	-8.125189e+00
1.364000e-05	4.419535e-03	-8.253058e+00
1.365000e-05	-4.653093e-02	-8.431959e+00
1.366000e-05	4.424172e-02	-8.618930e+00
1.367000e-05	-5.959088e-02	-8.771353e+00
1.368000e-05	8.917799e-04	-8.959325e+00
1.369000e-05	-3.885764e-02	-9.107192e+00
1.370000e-05	4.876256e-03	-9.304609e+00
1.371000e-05	-2.939354e-03	-9.440512e+00
1.372000e-05	-3.574426e-02	-9.651009e+00
1.373000e-05	2.873586e-04	-9.759846e+00
1.374000e-05	-3.034319e-02	-9.907192e+00
1.375000e-05	1.920925e-03	-1.010659e+01
1.376000e-05	-4.167149e-02	-1.022146e+01
1.377000e-05	-1.122798e-02	-1.039235e+01
1.378000e-05	-1.980070e-02	-1.049779e+01
1.379000e-05	-8.652623e-03	-1.065261e+01
1.380000e-05	-2.482469e-02	-1.074985e+01
1.381000e-05	-2.606737e-02	-1.093519e+01
1.382000e-05	-1.306187e-02	-1.098243e+01
1.383000e-05	-2.174638e-02	-1.114689e+01
1.384000e-05	-1.994223e-02	-1.124524e+01
1.385000e-05	-3.369571e-02	-1.138095e+01
1.386000e-05	-1.216486e-02	-1.146579e+01
1.387000e-05	-2.473130e-02	-1.159148e+01
1.388000e-05	-2.127787e-02	-1.171824e+01
1.389000e-05	-3.509777e-02	-1.186208e+01
1.390000e-05	-2.038852e-02	-1.190784e+01
1.391000e-05	-2.225578e-02	-1.204248e+01
1.392000e-05	-2.653033e-02	-1.209674e+01
1.393000e-05	-2.899498e-02	-1.218995e+01
1.394000e-05	-2.734046e-02	-1.224358e+01
1.395000e-05	-2.165029e-02	-1.232474e+01
1.396000e-05	-3.380065e-02	-1.235942e+01
1.397000e-05	-3.368500e-02	-1.244506e+01
1.398000e-05	-3.367466e-02	-1.249679e+01
1.399000e-05	-2.633627e-02	-1.251935e+01
1.400000e-05	-3.170856e-02	-1.258057e+01
1.401000e-05	-3.414038e-02	-1.260313e+01
1.402000e-05	-3.237564e-02	-1.268581e+01
1.403000e-05	-3.103967e-02	-1.269886e+01
1.404000e-05	-3.595938e-02	-1.272842e+01
1.405000e-05	-4.100060e-02	-1.274998e+01
1.406000e-05	-3.982841e-02	-1.280155e+01
1.407000e-05	-3.434113e-02	-1.280258e+01
1.408000e-05	-3.956506e-02	-1.281156e+01
1.409000e-05	-4.349328e-02	-1.283064e+01
1.410000e-05	-4.443222e-02	-1.283366e+01
1.411000e-05	-4.318729e-02	-1.282313e+01
1.412000e-05	-4.651485e-02	-1.282216e+01
1.413000e-05	-5.415797e-02	-1.282258e+01
1.414000e-05	-5.468457e-02	-1.277000e+01
1.415000e-05	-5.547011e-02	-1.276948e+01
1.416000e-05	-5.750088e-02	-1.269894e+01
1.417000e-05	-6.641339e-02	-1.268579e+01
1.418000e-05	-7.086356e-02	-1.267581e+01
1.419000e-05	-7.352024e-02	-1.260371e+01
1.420000e-05	-8.205367e-02	-1.258160e+01
1.421000e-05	-9.381145e-02	-1.250942e+01
1.422000e-05	-1.040303e-01	-1.250774e+01
1.423000e-05	-1.108797e-01	-1.239111e+01
1.424000e-05	-1.222517e-01	-1.235042e+01
1.425000e-05	-1.353931e-01	-1.227729e+01
1.426000e-05	-1.460408e-01	-1.221118e+01
1.427000e-05	-1.484077e-01	-1.213940e+01
1.428000e-05	-1.502192e-01	-1.205729e+01
1.429000e-05	-1.506110e-01	-1.198213e+01
1.430000e-05	-1.454137e-01	-1.187574e+01
1.431000e-05	-1.348060e-01	-1.174113e+01
1.432000e-05	-1.228737e-01	-1.167736e+01
1.433000e-05	-1.136212e-01	-1.153850e+01
1.434000e-05	-1.039497e-01	-1.142476e+01
1.435000e-05	-9.237942e-02	-1.131849e+01
1.436000e-05	-8.286119e-02	-1.121160e+01
1.437000e-05	-7.684927e-02	-1.103268e+01
1.438000e-05	-7.063665e-02	-1.090844e+01
1.439000e-05	-6.361169e-02	-1.084368e+01
1.440000e-05	-5.533460e-02	-1.072847e+01
1.441000e-05	-5.228160e-02	-1.060007e+01
1.442000e-05	-4.726322e-02	-1.042479e+01
1.443000e-05	-4.321444e-02	-1.029702e+01
1.444000e-05	-3.812085e-02	-1.013147e+01
1.445000e-05	-3.769352e-02	-9.963076e+00
1.446000e-05	-3.620991e-02	-9.843237e+00
1.447000e-05	-3.245486e-02	-9.687893e+00
1.448000e-05	-2.838795e-02	-9.569074e+00
1.449000e-05	-2.611797e-02	-9.402627e+00
1.450000e-05	-2.619146e-02	-9.236254e+00
1.451000e-05	-2.333204e-02	-9.064317e+00
1.452000e-05	-2.166398e-02	-8.877442e+00
1.453000e-05	-2.135781e-02	-8.736899e+00
1.454000e-05	-2.257718e-02	-8.540497e+00
1.455000e-05	-2.063179e-02	-8.370550e+00
1.456000e-05	-1.834200e-02	-8.193153e+00
1.457000e-05	-1.655661e-02	-8.012707e+00
1.458000e-05	-1.744935e-02	-7.852252e+00
1.459000e-05	-1.665306e-02	-7.553079e+00
1.460000e-05	-1.397637e-02	-7.392082e+00
1.461000e-05	-1.359081e-02	-7.192707e+00
1.462000e-05	-1.551429e-02	-7.003128e+00
1.463000e-05	-1.481924e-02	-6.801174e+00
1.464000e-05	-1.255865e-02	-6.592124e+00
1.465000e-05	-1.207927e-02	-6.413179e+00
1.466000e-05	-1.284674e-02	-6.221675e+00
1.467000e-05	-1.313298e-02	-5.959551e+00
1.468000e-05	-1.066806e-02	-5.761600e+00
1.469000e-05	-9.991892e-03	-5.611000e+00
1.470000e-05	-1.018106e-02	-5.320016e+00
1.471000e-05	-1.112465e-02	-5.085333e+00
1.472000e-05	-8.412468e-03	-4.812576e+00
1.473000e-05	-7.509731e-03	-4.581572e+00
1.474000e-05	-9.748837e-03	-4.401624e+00
1.475000e-05	-1.140393e-02	-4.182100e+00
1.476000e-05	-7.675698e-03	-4.010149e+00
1.477000e-05	-5.179650e-03	-3.719444e+00
1.478000e-05	-6.957213e-03	-3.529918e+00
1.479000e-05	-9.708690e-03	-3.297341e+00
1.480000e-05	-8.386276e-03	-3.104363e+00
1.481000e-05	-5.133592e-03	-2.793150e+00
1.482000e-05	-5.925324e-03	-2.602125e+00
1.483000e-05	-7.590765e-03	-2.370997e+00
1.484000e-05	-5.789825e-03	-2.098915e+00
1.485000e-05	-3.160513e-03	-1.865338e+00
1.486000e-05	-4.129187e-03	-1.655307e+00
1.487000e-05	-7.513666e-03	-1.392755e+00
1.488000e-05	-6.930290e-03	-1.117966e+00
1.489000e-05	-3.677496e-03	-9.162668e-01
1.490000e-05	-3.810464e-03	-6.757570e-01
1.491000e-05	-4.044620e-03	-4.141001e-01
1.492000e-05	-3.193794e-03	-2.006039e-01
1.493000e-05	4.510825e-03	1.092732e-02
1.494000e-05	5.702972e-03	2.710142e-01
1.495000e-05	-1.809982e-03	4.840832e-01
1.496000e-05	-3.475182e-06	7.041391e-01
1.497000e-05	-3.946502e-04	9.046842e-01
1.498000e-05	3.304942e-03	1.167747e+00
1.499000e-05	8.864099e-05	1.369349e+00
1.500000e-05	6.038926e-03	1.641580e+00
1.501000e-05	3.365123e-02	1.904085e+00
1.502000e-05	6.868320e-02	2.116088e+00
1.503000e-05	-2.567570e-02	2.377871e+00
1.504000e-05	-4.837544e-02	2.660979e+00
1.505000e-05	-3.611757e-02	2.891613e+00
1.506000e-05	-1.285144e-02	3.040581e+00
1.507000e-05	-4.100641e-02	3.190476e+00
1.508000e-05	5.345735e-02	3.408475e+00
1.509000e-05	1.910818e-02	3.661608e+00
1.510000e-05	-3.669190e-02	3.810451e+00
1.511000e-05	1.213990e-01	4.040504e+00
1.512000e-05	-5.451478e-02	4.345718e+00
1.513000e-05	-4.252750e-03	4.514766e+00
1.514000e-05	6.983690e-03	4.747818e+00
1.515000e-05	-3.261453e-02	5.010979e+00
1.516000e-05	4.974040e-02	5.274087e+00
1.517000e-05	-6.915593e-03	5.493692e+00
1.518000e-05	1.298587e-02	5.704695e+00
1.519000e-05	2.074276e-02	5.955796e+00
1.520000e-05	-1.620721e-02	6.166800e+00
1.521000e-05	7.069805e-03	6.326796e+00
1.522000e-05	-3.419740e-03	6.549322e+00
1.523000e-05	2.483367e-02	6.787900e+00
1.524000e-05	2.506859e-03	6.947476e+00
1.525000e-05	6.955175e-03	7.188895e+00
1.526000e-05	2.751557e-02	7.387849e+00
1.527000e-05	-2.515532e-02	7.598480e+00
1.528000e-05	2.371820e-02	7.800980e+00
1.529000e-05	-9.046791e-04	8.050430e+00
1.530000e-05	1.825207e-02	8.243581e+00
1.531000e-05	1.561423e-02	8.420930e+00
1.532000e-05	8.409324e-03	8.547744e+00
1.533000e-05	1.230747e-02	8.715766e+00
1.534000e-05	-2.799761e-03	8.863142e+00
1.535000e-05	1.898022e-02	9.030053e+00
1.536000e-05	2.671175e-03	9.233553e+00
1.537000e-05	1.749606e-02	9.387999e+00
1.538000e-05	1.531187e-02	9.516363e+00
1.539000e-05	1.688761e-02	9.706740e+00
1.540000e-05	1.512956e-02	9.833129e+00
1.541000e-05	7.038019e-03	1.001160e+01
1.542000e-05	1.278141e-02	1.014997e+01
1.543000e-05	1.088558e-02	1.030366e+01
1.544000e-05	1.795575e-02	1.038455e+01
1.545000e-05	1.278684e-02	1.057935e+01
1.546000e-05	1.857036e-02	1.065581e+01
1.547000e-05	1.959296e-02	1.082358e+01
1.548000e-05	1.937071e-02	1.095884e+01
1.549000e-05	1.426991e-02	1.106364e+01
1.550000e-05	1.274945e-02	1.117000e+01
1.551000e-05	1.855963e-02	1.132784e+01
1.552000e-05	1.944336e-02	1.143148e+01
1.553000e-05	1.997621e-02	1.152677e+01
1.554000e-05	1.882840e-02	1.161416e+01
1.555000e-05	2.365162e-02	1.174880e+01
1.556000e-05	2.189424e-02	1.184469e+01
1.557000e-05	1.901355e-02	1.192619e+01
1.558000e-05	1.877359e-02	1.198998e+01
1.559000e-05	2.067975e-02	1.205474e+01
1.560000e-05	2.548332e-02	1.216890e+01
1.561000e-05	2.372554e-02	1.222161e+01
1.562000e-05	2.479711e-02	1.228631e+01
1.563000e-05	2.412047e-02	1.234987e+01
1.564000e-05	2.628292e-02	1.239158e+01
1.565000e-05	2.414844e-02	1.247416e+01
1.566000e-05	2.388564e-02	1.251839e+01
1.567000e-05	2.700642e-02	1.257840e+01
1.568000e-05	2.924457e-02	1.256000e+01
1.569000e-05	3.042613e-02	1.261153e+01
1.570000e-05	2.869056e-02	1.263468e+01
1.571000e-05	3.165326e-02	1.264416e+01
1.572000e-05	3.292150e-02	1.264516e+01
1.573000e-05	3.456569e-02	1.269637e+01
1.574000e-05	3.427022e-02	1.268626e+01
1.575000e-05	3.565478e-02	1.271629e+01
1.576000e-05	3.837201e-02	1.267479e+01
1.577000e-05	4.045475e-02	1.267634e+01
1.578000e-05	4.042441e-02	1.270579e+01
1.579000e-05	4.356530e-02	1.266324e+01
1.580000e-05	4.940958e-02	1.262473e+01
1.581000e-05	5.310886e-02	1.264271e+01
1.582000e-05	5.637918e-02	1.262215e+01
1.583000e-05	5.888024e-02	1.256010e+01
1.584000e-05	6.509912e-02	1.253895e+01
1.585000e-05	7.190955e-02	1.252984e+01
1.586000e-05	7.839592e-02	1.247574e+01
1.587000e-05	8.714653e-02	1.243366e+01
1.588000e-05	9.761999e-02	1.237903e+01
1.589000e-05	1.102967e-01	1.230795e+01
1.590000e-05	1.209338e-01	1.228531e+01
1.591000e-05	1.319476e-01	1.217413e+01
1.592000e-05	1.398327e-01	1.210637e+01
1.593000e-05	1.455018e-01	1.202316e+01
1.594000e-05	1.449017e-01	1.191842e+01
1.595000e-05	1.421697e-01	1.186421e+01
1.596000e-05	1.342721e-01	1.180163e+01
1.597000e-05	1.264740e-01	1.166486e+01
1.598000e-05	1.147493e-01	1.161103e+01
1.599000e-05	1.035488e-01	1.144433e+01
1.600000e-05	9.230957e-02	1.127949e+01
1.601000e-05	8.487363e-02	1.121218e+01
1.602000e-05	7.503085e-02	1.109634e+01
1.603000e-05	6.812004e-02	1.099965e+01
1.604000e-05	5.985582e-02	1.087634e+01
1.605000e-05	5.451369e-02	1.081902e+01
1.606000e-05	4.899144e-02	1.062521e+01
1.607000e-05	4.275292e-02	1.045684e+01
1.608000e-05	3.906324e-02	1.032899e+01
1.609000e-05	3.516432e-02	1.020368e+01
1.610000e-05	3.157561e-02	1.004631e+01
1.611000e-05	2.838531e-02	9.970417e+00
1.612000e-05	2.555107e-02	9.759549e+00
1.613000e-05	2.308356e-02	9.562605e+00
1.614000e-05	2.165550e-02	9.433685e+00
1.615000e-05	1.991835e-02	9.316785e+00
1.616000e-05	1.855505e-02	9.126442e+00
1.617000e-05	1.657661e-02	8.950069e+00
1.618000e-05	1.583285e-02	8.751549e+00
1.619000e-05	1.496851e-02	8.602227e+00
1.620000e-05	1.212604e-02	8.433287e+00
1.621000e-05	1.068422e-02	8.295912e+00
1.622000e-05	1.020432e-02	8.075383e+00
1.623000e-05	1.029775e-02	7.927436e+00
1.624000e-05	8.977464e-03	7.697391e+00
1.625000e-05	7.006298e-03	7.526912e+00
1.626000e-05	7.112170e-03	7.256260e+00
1.627000e-05	7.192570e-03	7.096812e+00
1.628000e-05	6.397247e-03	6.876811e+00
1.629000e-05	4.765780e-03	6.706966e+00
1.630000e-05	4.859646e-03	6.498861e+00
1.631000e-05	5.429005e-03	6.274282e+00
1.632000e-05	4.253038e-03	6.086860e+00
1.633000e-05	3.021953e-03	5.906013e+00
1.634000e-05	2.395438e-03	5.694309e+00
1.635000e-05	2.296783e-03	5.453329e+00
1.636000e-05	2.928743e-03	5.212731e+00
1.637000e-05	1.240334e-03	4.930444e+00
1.638000e-05	1.834301e-03	4.685938e+00
1.639000e-05	1.829171e-03	4.495890e+00
1.640000e-05	1.972442e-03	4.284916e+00
1.641000e-05	1.025010e-04	4.023278e+00
1.642000e-05	8.169317e-05	3.802180e+00
1.643000e-05	-3.857893e-05	3.623152e+00
1.644000e-05	-6.314540e-04	3.361121e+00
1.645000e-05	-1.859595e-03	3.138440e+00
1.646000e-05	-1.677351e-03	2.906941e+00
1.647000e-05	-1.427746e-03	2.675865e+00
1.648000e-05	-1.505569e-03	2.414754e+00
1.649000e-05	-2.140480e-03	2.222176e+00
1.650000e-05	-2.754645e-03	2.011075e+00
1.651000e-05	-2.900620e-03	1.810225e+00
1.652000e-05	-2.440755e-03	1.527916e+00
1.653000e-05	-2.815150e-03	1.264811e+00
1.654000e-05	-3.967576e-03	1.020228e+00
1.655000e-05	-4.813457e-03	7.464685e-01
1.656000e-05	-3.733981e-03	4.969636e-01
1.657000e-05	-3.672622e-03	2.854635e-01
1.658000e-05	-4.108831e-03	3.538304e-02
1.659000e-05	3.057728e-04	-1.877972e-01
1.660000e-05	3.650375e-03	-3.893710e-01
1.661000e-05	-2.990629e-03	-6.093246e-01
1.662000e-05	-3.161931e-03	-8.424813e-01
1.663000e-05	-5.465323e-03	-1.051955e+00
1.664000e-05	-2.245911e-03	-1.243508e+00
1.665000e-05	-2.764009e-03	-1.534671e+00
1.666000e-05	1.871202e-02	-1.724666e+00
1.667000e-05	7.384597e-02	-1.904664e+00
1.668000e-05	-9.297742e-03	-2.207277e+00
1.669000e-05	-5.485158e-02	-2.536221e+00
1.670000e-05	-4.650025e-02	-2.788450e+00
1.671000e-05	-5.029792e-02	-2.989376e+00
1.672000e-05	-3.046585e-02	-3.229006e+00
1.673000e-05	1.172437e-01	-3.335690e+00
1.674000e-05	-9.079491e-02	-3.556216e+00
1.675000e-05	1.559230e-02	-3.818902e+00
1.676000e-05	1.094291e-01	-3.978900e+00
1.677000e-05	-1.117111e-01	-4.249955e+00
1.678000e-05	6.217611e-02	-4.431555e+00
1.679000e-05	-9.325011e-02	-4.682431e+00
1.680000e-05	-3.235023e-02	-4.923691e+00
1.681000e-05	1.018921e-01	-5.123687e+00
1.682000e-05	-7.450116e-02	-5.370304e+00
1.683000e-05	4.713383e-02	-5.641505e+00
1.684000e-05	-3.456150e-02	-5.820485e+00
1.685000e-05	-3.527803e-02	-6.054507e+00
1.686000e-05	5.177389e-02	-6.262532e+00
1.687000e-05	-1.019252e-01	-6.473639e+00
1.688000e-05	5.142043e-02	-6.703685e+00
1.689000e-05	-3.049774e-02	-6.844113e+00
1.690000e-05	2.503715e-02	-7.135751e+00
1.691000e-05	-3.560764e-03	-7.314663e+00
1.692000e-05	-8.907463e-02	-7.546219e+00
1.693000e-05	6.313846e-02	-7.696218e+00
1.694000e-05	-6.058595e-02	-7.965226e+00
1.695000e-05	2.843874e-02	-8.137270e+00
1.696000e-05	-4.118791e-02	-8.274161e+00
1.697000e-05	-9.768184e-04	-8.544664e+00
1.698000e-05	1.594594e-02	-8.685607e+00
1.699000e-05	-5.328591e-02	-8.874165e+00
1.700000e-05	2.594451e-03	-9.001524e+00
1.701000e-05	-4.707102e-02	-9.178348e+00
1.702000e-05	2.707356e-02	-9.337648e+00
1.703000e-05	-3.128076e-02	-9.517691e+00
1.704000e-05	-1.500510e-02	-9.704190e+00
1.705000e-05	-1.509717e-02	-9.822004e+00
1.706000e-05	-1.560468e-02	-9.969896e+00
1.707000e-05	-8.975057e-03	-1.006771e+01
1.708000e-05	-4.073467e-02	-1.025263e+01
1.709000e-05	-6.269129e-03	-1.044259e+01
1.710000e-05	-2.026604e-02	-1.054733e+01
1.711000e-05	-4.213361e-03	-1.068476e+01
1.712000e-05	-3.612727e-02	-1.078000e+01
1.713000e-05	-1.648737e-02	-1.096782e+01
1.714000e-05	-1.817825e-02	-1.107153e+01
1.715000e-05	-1.699291e-02	-1.121245e+01
1.716000e-05	-3.093844e-02	-1.135579e+01
1.717000e-05	-2.670993e-02	-1.141103e+01
1.718000e-05	-1.338313e-02	-1.150732e+01
1.719000e-05	-2.279434e-02	-1.165664e+01
1.720000e-05	-2.424071e-02	-1.177938e+01
1.721000e-05	-3.535263e-02	-1.187524e+01
1.722000e-05	-1.660326e-02	-1.200090e+01
1.723000e-05	-2.613159e-02	-1.208611e+01
1.724000e-05	-2.773503e-02	-1.216782e+01
1.725000e-05	-3.360542e-02	-1.221305e+01
1.726000e-05	-2.285053e-02	-1.227464e+01
1.727000e-05	-2.431738e-02	-1.235684e+01
1.728000e-05	-3.195027e-02	-1.239050e+01
1.729000e-05	-3.509594e-02	-1.246416e+01
1.730000e-05	-3.031090e-02	-1.252632e+01
1.731000e-05	-2.546241e-02	-1.254992e+01
1.732000e-05	-3.424338e-02	-1.261253e+01
1.733000e-05	-3.594775e-02	-1.261566e+01
1.734000e-05	-3.427781e-02	-1.268774e+01
1.735000e-05	-3.109205e-02	-1.268629e+01
1.736000e-05	-3.718396e-02	-1.273790e+01
1.737000e-05	-4.136211e-02	-1.278905e+01
1.738000e-05	-3.799060e-02	-1.281156e+01
1.739000e-05	-3.340444e-02	-1.279313e+01
1.740000e-05	-4.036755e-02	-1.285408e+01
1.741000e-05	-4.503145e-02	-1.285263e+01
1.742000e-05	-4.532367e-02	-1.284214e+01
1.743000e-05	-4.280164e-02	-1.283314e+01
1.744000e-05	-4.728083e-02	-1.281258e+01
1.745000e-05	-5.352264e-02	-1.283158e+01
1.746000e-05	-5.534910e-02	-1.279197e+01
1.747000e-05	-5.558849e-02	-1.276955e+01
1.748000e-05	-6.011440e-02	-1.272839e+01
1.749000e-05	-6.968796e-02	-1.267931e+01
1.750000e-05	-7.306961e-02	-1.263561e+01
1.751000e-05	-7.575717e-02	-1.259260e+01
1.752000e-05	-8.386148e-02	-1.256953e+01
1.753000e-05	-9.529292e-02	-1.250687e+01
1.754000e-05	-1.065000e-01	-1.243521e+01
1.755000e-05	-1.147800e-01	-1.236195e+01
1.756000e-05	-1.268156e-01	-1.230784e+01
1.757000e-05	-1.401273e-01	-1.227719e+01
1.758000e-05	-1.490617e-01	-1.218105e+01
1.759000e-05	-1.504432e-01	-1.211842e+01
1.760000e-05	-1.504201e-01	-1.206421e+01
1.761000e-05	-1.479326e-01	-1.195150e+01
1.762000e-05	-1.419796e-01	-1.188476e+01
1.763000e-05	-1.309756e-01	-1.174155e+01
1.764000e-05	-1.197980e-01	-1.162421e+01
1.765000e-05	-1.100270e-01	-1.150889e+01
1.766000e-05	-1.009992e-01	-1.138360e+01
1.767000e-05	-9.027952e-02	-1.130523e+01
1.768000e-05	-8.131047e-02	-1.112904e+01
1.769000e-05	-7.412549e-02	-1.098153e+01
1.770000e-05	-6.815447e-02	-1.088734e+01
1.771000e-05	-6.106855e-02	-1.079210e+01
1.772000e-05	-5.392234e-02	-1.066486e+01
1.773000e-05	-4.962232e-02	-1.058005e+01
1.774000e-05	-4.529908e-02	-1.040216e+01
1.775000e-05	-4.229624e-02	-1.027481e+01
1.776000e-05	-3.850242e-02	-1.006996e+01
1.777000e-05	-3.579288e-02	-9.969423e+00
1.778000e-05	-3.405196e-02	-9.812631e+00
1.779000e-05	-3.118879e-02	-9.656811e+00
1.780000e-05	-2.796476e-02	-9.517995e+00
1.781000e-05	-2.635869e-02	-9.329990e+00
1.782000e-05	-2.518711e-02	-9.182079e+00
1.783000e-05	-2.413618e-02	-9.003680e+00
1.784000e-05	-2.264179e-02	-8.844736e+00
1.785000e-05	-2.137238e-02	-8.715863e+00
1.786000e-05	-2.082877e-02	-8.457834e+00
1.787000e-05	-1.870935e-02	-8.335890e+00
1.788000e-05	-2.056260e-02	-8.148993e+00
1.789000e-05	-1.630154e-02	-7.959997e+00
1.790000e-05	-1.817228e-02	-7.759543e+00
1.791000e-05	-1.508164e-02	-7.548470e+00
1.792000e-05	-1.593704e-02	-7.357523e+00
1.793000e-05	-1.236028e-02	-7.160519e+00
1.794000e-05	-1.512226e-02	-6.878965e+00
1.795000e-05	-1.336749e-02	-6.696919e+00
1.796000e-05	-1.517399e-02	-6.528993e+00
1.797000e-05	-1.289353e-02	-6.349998e+00
1.798000e-05	-1.264389e-02	-6.129967e+00
1.799000e-05	-1.028089e-02	-5.925890e+00
1.800000e-05	-1.003841e-02	-5.696338e+00
1.801000e-05	-1.015394e-02	-5.525911e+00
1.802000e-05	-8.052456e-03	-5.234779e+00
1.803000e-05	-1.366633e-02	-4.980074e+00
1.804000e-05	-1.018401e-02	-4.698911e+00
1.805000e-05	-1.322471e-02	-4.517912e+00
1.806000e-05	-7.925419e-03	-4.327942e+00
1.807000e-05	-9.361245e-03	-4.117940e+00
1.808000e-05	-5.820459e-03	-3.935418e+00
1.809000e-05	-7.179625e-03	-3.655859e+00
1.810000e-05	-5.635209e-03	-3.413235e+00
1.811000e-05	-8.174959e-03	-3.214677e+00
1.812000e-05	-8.571166e-03	-2.991598e+00
1.813000e-05	-7.731615e-03	-2.728894e+00
1.814000e-05	-7.536666e-03	-2.525891e+00
1.815000e-05	-4.767631e-03	-2.305940e+00
1.816000e-05	-5.108598e-03	-2.022679e+00
1.817000e-05	-4.352861e-03	-1.822207e+00
1.818000e-05	-5.178780e-03	-1.612149e+00
1.819000e-05	-4.809054e-03	-1.308888e+00
1.820000e-05	-5.419480e-03	-1.074257e+00
1.821000e-05	-6.157555e-03	-8.746290e-01
1.822000e-05	-5.336693e-03	-5.816238e-01
1.823000e-05	-2.926357e-03	-3.280211e-01
1.824000e-05	-6.601185e-04	-1.473435e-01
1.825000e-05	3.529309e-03	1.135353e-01
1.826000e-05	1.936366e-03	3.553222e-01
1.827000e-05	4.850918e-04	5.472434e-01
1.828000e-05	4.126710e-04	7.473445e-01
1.829000e-05	-5.536076e-04	1.028718e+00
1.830000e-05	1.599439e-03	1.261005e+00
1.831000e-05	1.668026e-03	1.471486e+00
1.832000e-05	1.559898e-02	1.724218e+00
1.833000e-05	4.930793e-02	1.947747e+00
1.834000e-05	4.895595e-02	2.197849e+00
1.835000e-05	-4.620268e-02	2.461057e+00
1.836000e-05	-4.511232e-02	2.745243e+00
1.837000e-05	-2.745292e-02	2.937291e+00
1.838000e-05	-2.635500e-02	3.115213e+00
1.839000e-05	-2.358722e-02	3.201108e+00
1.840000e-05	8.406156e-02	3.532987e+00
1.841000e-05	-4.075294e-02	3.715143e+00
1.842000e-05	3.221793e-02	3.875588e+00
1.843000e-05	7.666559e-02	4.125243e+00
1.844000e-05	-7.046083e-02	4.428903e+00
1.845000e-05	3.164105e-02	4.580324e+00
1.846000e-05	-2.917607e-02	4.850583e+00
1.847000e-05	1.387062e-03	5.084667e+00
1.848000e-05	4.023440e-02	5.347218e+00
1.849000e-05	-1.397949e-02	5.607846e+00
1.850000e-05	2.480981e-02	5.840424e+00
1.851000e-05	3.437394e-03	6.022581e+00
1.852000e-05	-1.181453e-02	6.239981e+00
1.853000e-05	6.795305e-03	6.398401e+00
1.854000e-05	1.065074e-03	6.613028e+00
1.855000e-05	2.725055e-02	6.852529e+00
1.856000e-05	-1.008931e-02	7.033158e+00
1.857000e-05	2.920677e-02	7.241584e+00
1.858000e-05	4.349930e-03	7.452512e+00
1.859000e-05	-1.322799e-02	7.672637e+00
1.860000e-05	2.345321e-02	7.843663e+00
1.861000e-05	-2.695502e-03	8.105319e+00
1.862000e-05	2.459714e-02	8.274763e+00
1.863000e-05	3.269134e-03	8.462561e+00
1.864000e-05	1.671056e-02	8.601379e+00
1.865000e-05	4.904574e-03	8.738422e+00
1.866000e-05	9.106467e-03	8.936762e+00
1.867000e-05	1.228529e-02	9.064713e+00
1.868000e-05	3.688134e-03	9.275211e+00
1.869000e-05	1.982998e-02	9.401558e+00
1.870000e-05	1.253425e-02	9.556930e+00
1.871000e-05	1.656836e-02	9.727343e+00
1.872000e-05	9.381869e-03	9.893241e+00
1.873000e-05	1.161793e-02	1.007264e+01
1.874000e-05	1.377826e-02	1.021095e+01
1.875000e-05	1.427578e-02	1.032579e+01
1.876000e-05	1.535757e-02	1.044419e+01
1.877000e-05	1.488189e-02	1.061048e+01
1.878000e-05	1.937267e-02	1.074937e+01
1.879000e-05	1.826470e-02	1.086414e+01
1.880000e-05	1.538162e-02	1.100995e+01
1.881000e-05	1.403106e-02	1.107469e+01
1.882000e-05	1.731033e-02	1.124151e+01
1.883000e-05	1.961608e-02	1.134877e+01
1.884000e-05	1.813050e-02	1.145266e+01
1.885000e-05	1.821494e-02	1.156042e+01
1.886000e-05	2.152286e-02	1.166524e+01
1.887000e-05	2.232626e-02	1.177890e+01
1.888000e-05	1.959452e-02	1.186566e+01
1.889000e-05	1.907889e-02	1.191889e+01
1.890000e-05	2.284018e-02	1.202258e+01
1.891000e-05	2.313662e-02	1.209729e+01
1.892000e-05	2.370611e-02	1.216142e+01
1.893000e-05	2.264220e-02	1.223371e+01
1.894000e-05	2.558670e-02	1.229634e+01
1.895000e-05	2.516125e-02	1.236000e+01
1.896000e-05	2.501119e-02	1.240218e+01
1.897000e-05	2.415418e-02	1.249476e+01
1.898000e-05	2.779538e-02	1.252737e+01
1.899000e-05	2.918364e-02	1.255847e+01
1.900000e-05	2.894633e-02	1.256005e+01
1.901000e-05	2.839494e-02	1.259215e+01
1.902000e-05	2.890174e-02	1.266418e+01
1.903000e-05	3.276561e-02	1.262516e+01
1.904000e-05	3.293074e-02	1.265424e+01
1.905000e-05	3.340869e-02	1.268481e+01
1.906000e-05	3.423931e-02	1.268534e+01
1.907000e-05	3.768675e-02	1.270681e+01
1.908000e-05	3.969996e-02	1.271677e+01
1.909000e-05	3.949496e-02	1.269436e+01
1.910000e-05	4.194184e-02	1.265582e+01
1.911000e-05	4.627716e-02	1.265574e+01
1.912000e-05	5.077064e-02	1.263368e+01
1.913000e-05	5.244935e-02	1.264268e+01
1.914000e-05	5.579320e-02	1.261213e+01
1.915000e-05	6.249424e-02	1.256948e+01
1.916000e-05	6.688361e-02	1.254004e+01
1.917000e-05	7.338855e-02	1.247789e+01
1.918000e-05	8.070634e-02	1.243374e+01
1.919000e-05	9.165930e-02	1.242118e+01
1.920000e-05	1.033392e-01	1.237808e+01
1.921000e-05	1.130945e-01	1.227636e+01
1.922000e-05	1.239456e-01	1.223423e+01
1.923000e-05	1.345271e-01	1.218157e+01
1.924000e-05	1.448744e-01	1.205686e+01
1.925000e-05	1.471302e-01	1.200013e+01
1.926000e-05	1.454104e-01	1.189794e+01
1.927000e-05	1.403957e-01	1.184263e+01
1.928000e-05	1.319662e-01	1.173150e+01
1.929000e-05	1.228440e-01	1.165411e+01
1.930000e-05	1.100036e-01	1.150799e+01
1.931000e-05	1.013530e-01	1.140313e+01
1.932000e-05	9.058599e-02	1.126644e+01
1.933000e-05	8.275310e-02	1.117010e+01
1.934000e-05	7.216433e-02	1.106574e+01
1.935000e-05	6.467689e-02	1.096905e+01
1.936000e-05	5.816510e-02	1.085330e+01
1.937000e-05	5.263442e-02	1.075892e+01
1.938000e-05	4.554614e-02	1.059157e+01
1.939000e-05	4.189008e-02	1.043478e+01
1.940000e-05	3.730494e-02	1.027799e+01
1.941000e-05	3.440352e-02	1.015997e+01
1.942000e-05	3.082969e-02	1.003318e+01
1.943000e-05	2.768913e-02	9.894357e+00
1.944000e-05	2.556129e-02	9.679939e+00
1.945000e-05	2.341170e-02	9.518493e+00
1.946000e-05	2.081867e-02	9.422124e+00
1.947000e-05	1.839713e-02	9.242755e+00
1.948000e-05	1.758328e-02	9.073813e+00
1.949000e-05	1.567242e-02	8.878512e+00
1.950000e-05	1.474629e-02	8.715916e+00
1.951000e-05	1.241674e-02	8.551073e+00
1.952000e-05	1.193949e-02	8.399604e+00
1.953000e-05	1.187971e-02	8.192752e+00
1.954000e-05	1.145500e-02	8.042726e+00
1.955000e-05	9.072911e-03	7.795232e+00
1.956000e-05	8.458346e-03	7.644784e+00
1.957000e-05	7.916628e-03	7.453751e+00
1.958000e-05	7.200483e-03	7.190130e+00
1.959000e-05	5.944482e-03	7.003756e+00
1.960000e-05	4.875484e-03	6.842228e+00
1.961000e-05	5.114906e-03	6.613233e+00
1.962000e-05	5.572341e-03	6.401704e+00
1.963000e-05	4.150806e-03	6.212182e+00
1.964000e-05	3.949566e-03	6.073154e+00
1.965000e-05	2.993500e-03	5.832758e+00
1.966000e-05	3.942757e-03	5.590121e+00
1.967000e-05	2.255740e-03	5.381675e+00
1.968000e-05	2.419900e-03	5.118518e+00
1.969000e-05	1.839519e-03	4.856711e+00
1.970000e-05	2.094025e-03	4.603754e+00
1.971000e-05	1.020927e-03	4.463708e+00
1.972000e-05	-7.644679e-04	4.223679e+00
1.973000e-05	-3.853644e-04	3.958545e+00
1.974000e-05	1.080268e-03	3.758469e+00
1.975000e-05	5.582874e-04	3.527020e+00
1.976000e-05	-1.043579e-03	3.285832e+00
1.977000e-05	-1.188722e-03	3.065778e+00
1.978000e-05	-2.425001e-04	2.843731e+00
1.979000e-05	-1.106551e-03	2.621210e+00
1.980000e-05	-3.446483e-03	2.359490e+00
1.981000e-05	-3.100515e-03	2.118442e+00
1.982000e-05	-2.681231e-03	1.948045e+00
1.983000e-05	-2.057307e-03	1.656511e+00
1.984000e-05	-4.438380e-03	1.442277e+00
1.985000e-05	-4.032957e-03	1.189678e+00
1.986000e-05	-2.937688e-03	8.959382e-01
1.987000e-05	-2.971077e-03	6.537806e-01
1.988000e-05	-4.311401e-03	4.437842e-01
1.989000e-05	-4.584556e-03	2.521802e-01
1.990000e-05	-3.018525e-03	-3.147624e-02
1.991000e-05	3.953442e-03	-2.595024e-01
1.992000e-05	3.191264e-04	-4.325050e-01
1.993000e-05	-3.110616e-03	-7.046641e-01
1.994000e-05	-4.891839e-03	-9.352143e-01
1.995000e-05	-2.464916e-03	-1.145089e+00
1.996000e-05	-3.260965e-03	-1.337222e+00
1.997000e-05	-6.026744e-04	-1.589899e+00
1.998000e-05	3.711549e-02	-1.778297e+00
1.999000e-05	7.146439e-02	-1.969795e+00
2.000000e-05	-4.422743e-02	-2.334591e+00
2.001000e-05	-4.833861e-02	-2.629456e+00
2.002000e-05	-5.118048e-02	-2.832484e+00
2.003000e-05	-5.558098e-02	-3.134666e+00
2.004000e-05	2.487063e-02	-3.222105e+00
2.005000e-05	8.617021e-02	-3.378846e+00
2.006000e-05	-1.363020e-01	-3.610978e+00
2.007000e-05	1.162533e-01	-3.850562e+00
2.008000e-05	1.135523e-02	-4.042507e+00
2.009000e-05	-7.029687e-02	-4.325190e+00
2.010000e-05	5.459092e-02	-4.443636e+00
2.011000e-05	-1.391728e-01	-4.746746e+00
2.012000e-05	6.135940e-02	-4.998301e+00
2.013000e-05	3.918500e-02	-5.177822e+00
2.014000e-05	-6.106364e-02	-5.463567e+00
2.015000e-05	5.923963e-02	-5.654612e+00
2.016000e-05	-7.793017e-02	-5.895063e+00
2.017000e-05	2.639693e-02	-6.107742e+00
2.018000e-05	-7.745131e-03	-6.316820e+00
2.019000e-05	-7.342551e-02	-6.547744e+00
2.020000e-05	6.559104e-02	-6.705766e+00
2.021000e-05	-5.542441e-02	-6.938273e+00
2.022000e-05	6.428828e-02	-7.189377e+00
2.023000e-05	-7.611347e-02	-7.398746e+00
2.024000e-05	-2.143723e-02	-7.590931e+00
2.025000e-05	3.366486e-02	-7.748801e+00
2.026000e-05	-5.412544e-02	-8.021036e+00
2.027000e-05	3.322712e-02	-8.169897e+00
2.028000e-05	-6.422479e-02	-8.336772e+00
2.029000e-05	3.911900e-02	-8.568400e+00
2.030000e-05	-2.863849e-02	-8.736241e+00
2.031000e-05	-2.719936e-02	-8.905788e+00
2.032000e-05	-1.456780e-02	-9.054156e+00
2.033000e-05	-2.746220e-02	-9.222959e+00
2.034000e-05	2.350055e-02	-9.410399e+00
2.035000e-05	-4.702406e-02	-9.569301e+00
2.036000e-05	2.057039e-03	-9.726268e+00
2.037000e-05	-2.812953e-02	-9.863059e+00
2.038000e-05	-9.467040e-04	-1.000048e+01
2.039000e-05	-2.970317e-02	-1.013842e+01
2.040000e-05	-2.685483e-02	-1.031772e+01
2.041000e-05	-1.011353e-02	-1.047466e+01
2.042000e-05	-1.643908e-02	-1.059198e+01
2.043000e-05	-1.255313e-02	-1.073684e+01
2.044000e-05	-3.582420e-02	-1.081301e+01
2.045000e-05	-8.958162e-03	-1.095934e+01
2.046000e-05	-2.289158e-02	-1.105516e+01
2.047000e-05	-1.715362e-02	-1.118103e+01
2.048000e-05	-3.706079e-02	-1.133729e+01
2.049000e-05	-1.630074e-02	-1.149411e+01
2.050000e-05	-1.883577e-02	-1.154688e+01
2.051000e-05	-2.194511e-02	-1.166572e+01
2.052000e-05	-3.139964e-02	-1.181057e+01
2.053000e-05	-2.774430e-02	-1.190774e+01
2.054000e-05	-1.597374e-02	-1.199148e+01
2.055000e-05	-2.966706e-02	-1.206664e+01
2.056000e-05	-2.988220e-02	-1.215845e+01
2.057000e-05	-3.165244e-02	-1.221200e+01
2.058000e-05	-1.769909e-02	-1.226619e+01
2.059000e-05	-3.015665e-02	-1.232830e+01
2.060000e-05	-3.462862e-02	-1.242213e+01
2.061000e-05	-3.434009e-02	-1.248466e+01
2.062000e-05	-2.629153e-02	-1.253837e+01
2.063000e-05	-2.936877e-02	-1.258948e+01
2.064000e-05	-3.768527e-02	-1.264308e+01
2.065000e-05	-3.361127e-02	-1.264576e+01
2.066000e-05	-3.059001e-02	-1.270582e+01
2.067000e-05	-3.185193e-02	-1.271986e+01
2.068000e-05	-4.103519e-02	-1.275800e+01
2.069000e-05	-3.996083e-02	-1.278105e+01
2.070000e-05	-3.474925e-02	-1.275363e+01
2.071000e-05	-3.681571e-02	-1.282263e+01
2.072000e-05	-4.447544e-02	-1.284416e+01
2.073000e-05	-4.576842e-02	-1.284359e+01
2.074000e-05	-4.278139e-02	-1.279210e+01
2.075000e-05	-4.343091e-02	-1.282311e+01
2.076000e-05	-5.191866e-02	-1.281213e+01
2.077000e-05	-5.452908e-02	-1.283205e+01
2.078000e-05	-5.324854e-02	-1.274808e+01
2.079000e-05	-5.617613e-02	-1.277992e+01
2.080000e-05	-6.482497e-02	-1.269784e+01
2.081000e-05	-7.159740e-02	-1.265482e+01
2.082000e-05	-7.181289e-02	-1.263573e+01
2.083000e-05	-7.810411e-02	-1.257263e+01
2.084000e-05	-8.876322e-02	-1.254040e+01
2.085000e-05	-1.014631e-01	-1.250631e+01
2.086000e-05	-1.073130e-01	-1.241173e+01
2.087000e-05	-1.172748e-01	-1.240053e+01
2.088000e-05	-1.321137e-01	-1.226787e+01
2.089000e-05	-1.445280e-01	-1.226411e+01
2.090000e-05	-1.487040e-01	-1.217005e+01
2.091000e-05	-1.493182e-01	-1.209637e+01
2.092000e-05	-1.505766e-01	-1.198113e+01
2.093000e-05	-1.489028e-01	-1.193744e+01
2.094000e-05	-1.380968e-01	-1.182268e+01
2.095000e-05	-1.254854e-01	-1.171792e+01
2.096000e-05	-1.164246e-01	-1.159305e+01
2.097000e-05	-1.086972e-01	-1.145732e+01
2.098000e-05	-9.688971e-02	-1.137955e+01
2.099000e-05	-8.608141e-02	-1.123680e+01
2.100000e-05	-7.794774e-02	-1.109784e+01
2.101000e-05	-7.318514e-02	-1.097152e+01
2.102000e-05	-6.573439e-02	-1.085534e+01
2.103000e-05	-5.665717e-02	-1.078097e+01
2.104000e-05	-5.192791e-02	-1.067371e+01
2.105000e-05	-4.991439e-02	-1.051891e+01
2.106000e-05	-4.658245e-02	-1.034997e+01
2.107000e-05	-3.916167e-02	-1.021520e+01
2.108000e-05	-3.636692e-02	-1.006528e+01
2.109000e-05	-3.675619e-02	-9.916935e+00
2.110000e-05	-3.381951e-02	-9.781025e+00
2.111000e-05	-2.885607e-02	-9.613209e+00
2.112000e-05	-2.646163e-02	-9.474783e+00
2.113000e-05	-2.711205e-02	-9.256839e+00
2.114000e-05	-2.710791e-02	-9.158598e+00
2.115000e-05	-2.296957e-02	-8.950099e+00
2.116000e-05	-2.110834e-02	-8.792102e+00
2.117000e-05	-2.186917e-02	-8.622678e+00
2.118000e-05	-2.191956e-02	-8.422231e+00
2.119000e-05	-1.848157e-02	-8.233763e+00
2.120000e-05	-1.646582e-02	-8.076838e+00
2.121000e-05	-1.711212e-02	-7.905840e+00
2.122000e-05	-1.865840e-02	-7.648387e+00
2.123000e-05	-1.592084e-02	-7.494884e+00
2.124000e-05	-1.235134e-02	-7.275835e+00
2.125000e-05	-1.410076e-02	-7.094340e+00
2.126000e-05	-1.580757e-02	-6.854333e+00
2.127000e-05	-1.396397e-02	-6.664307e+00
2.128000e-05	-1.181830e-02	-6.425888e+00
2.129000e-05	-1.155550e-02	-6.305362e+00
2.130000e-05	-1.336056e-02	-6.034807e+00
2.131000e-05	-1.259054e-02	-5.843279e+00
2.132000e-05	-9.255368e-03	-5.624555e+00
2.133000e-05	-1.011704e-02	-5.383659e+00
2.134000e-05	-1.100927e-02	-5.170596e+00
2.135000e-05	-1.181424e-02	-4.876495e+00
2.136000e-05	-7.973381e-03	-4.634208e+00
2.137000e-05	-8.034514e-03	-4.423706e+00
2.138000e-05	-9.215774e-03	-4.255263e+00
2.139000e-05	-1.034706e-02	-4.025283e+00
2.140000e-05	-6.059405e-03	-3.842757e+00
2.141000e-05	-7.238237e-03	-3.601574e+00
2.142000e-05	-7.951334e-03	-3.300496e+00
2.143000e-05	-9.843759e-03	-3.130069e+00
2.144000e-05	-6.196130e-03	-2.877333e+00
2.145000e-05	-6.613775e-03	-2.674333e+00
2.146000e-05	-5.033930e-03	-2.444258e+00
2.147000e-05	-7.888120e-03	-2.192228e+00
2.148000e-05	-5.294607e-03	-1.959450e+00
2.149000e-05	-4.685894e-03	-1.778518e+00
2.150000e-05	-5.966085e-03	-1.516462e+00
2.151000e-05	-4.930870e-03	-1.223203e+00
2.152000e-05	-5.538036e-03	-9.616300e-01
2.153000e-05	-1.627667e-03	-7.685475e-01
2.154000e-05	-5.426756e-03	-4.878070e-01
2.155000e-05	-2.570488e-03	-2.738343e-01
2.156000e-05	-2.855830e-03	-5.320808e-02
2.157000e-05	6.878960e-03	1.872970e-01
2.158000e-05	2.889479e-04	4.204789e-01
2.159000e-05	1.175334e-03	6.084274e-01
2.160000e-05	-1.851659e-05	8.194801e-01
2.161000e-05	2.166210e-03	1.043990e+00
2.162000e-05	4.904069e-03	1.315213e+00
2.163000e-05	1.375537e-04	1.546169e+00
2.164000e-05	2.243522e-02	1.788454e+00
2.165000e-05	6.110607e-02	2.009422e+00
2.166000e-05	1.519869e-02	2.293037e+00
2.167000e-05	-5.151758e-02	2.526243e+00
2.168000e-05	-4.172063e-02	2.820504e+00
2.169000e-05	-1.703514e-02	2.978372e+00
2.170000e-05	-3.423120e-02	3.157295e+00
2.171000e-05	1.266088e-02	3.296162e+00
2.172000e-05	7.411338e-02	3.566849e+00
2.173000e-05	-6.945607e-02	3.777873e+00
2.174000e-05	9.919538e-02	3.967822e+00
2.175000e-05	6.278802e-03	4.271459e+00
2.176000e-05	-5.124680e-02	4.460582e+00
2.177000e-05	3.571133e-02	4.691661e+00
2.178000e-05	-4.678778e-02	4.895248e+00
2.179000e-05	4.030296e-02	5.157477e+00
2.180000e-05	1.534745e-02	5.460979e+00
2.181000e-05	-7.795128e-03	5.632505e+00
2.182000e-05	2.530720e-02	5.863083e+00
2.183000e-05	-1.068052e-02	6.096661e+00
2.184000e-05	-2.544361e-03	6.293210e+00
2.185000e-05	-1.104516e-03	6.443637e+00
2.186000e-05	1.398518e-02	6.674663e+00
2.187000e-05	2.382131e-02	6.904792e+00
2.188000e-05	-8.739099e-03	7.096268e+00
2.189000e-05	3.664181e-02	7.306691e+00
2.190000e-05	-2.066842e-02	7.526740e+00
2.191000e-05	8.369696e-03	7.727295e+00
2.192000e-05	1.309234e-02	7.917847e+00
2.193000e-05	2.881953e-03	8.177901e+00
2.194000e-05	2.450369e-02	8.307817e+00
2.195000e-05	4.323425e-03	8.515190e+00
2.196000e-05	2.206012e-02	8.612654e+00
2.197000e-05	-4.577004e-03	8.781453e+00
2.198000e-05	1.572224e-02	8.988975e+00
2.199000e-05	4.752892e-03	9.158896e+00
2.200000e-05	1.093018e-02	9.346841e+00
2.201000e-05	1.644071e-02	9.485212e+00
2.202000e-05	1.360613e-02	9.634134e+00
2.203000e-05	1.935088e-02	9.829456e+00
2.204000e-05	1.037655e-02	9.938399e+00
2.205000e-05	1.419810e-02	1.011732e+01
2.206000e-05	7.764073e-03	1.021358e+01
2.207000e-05	1.507134e-02	1.038997e+01
2.208000e-05	1.166054e-02	1.052727e+01
2.209000e-05	1.704852e-02	1.065368e+01
2.210000e-05	1.873848e-02	1.076045e+01
2.211000e-05	1.999630e-02	1.092579e+01
2.212000e-05	1.853789e-02	1.102208e+01
2.213000e-05	1.485912e-02	1.115485e+01
2.214000e-05	1.697694e-02	1.121459e+01
2.215000e-05	1.627870e-02	1.137940e+01
2.216000e-05	1.835154e-02	1.149781e+01
2.217000e-05	1.770691e-02	1.159100e+01
2.218000e-05	2.196144e-02	1.166736e+01
2.219000e-05	2.210207e-02	1.179158e+01
2.220000e-05	2.145993e-02	1.189521e+01
2.221000e-05	2.078152e-02	1.192642e+01
2.222000e-05	2.112784e-02	1.202216e+01
2.223000e-05	2.291350e-02	1.213732e+01
2.224000e-05	2.249433e-02	1.219103e+01
2.225000e-05	2.421229e-02	1.226366e+01
2.226000e-05	2.397340e-02	1.228847e+01
2.227000e-05	2.527099e-02	1.238203e+01
2.228000e-05	2.546667e-02	1.243421e+01
2.229000e-05	2.714504e-02	1.250669e+01
2.230000e-05	2.698594e-02	1.254787e+01
2.231000e-05	2.750912e-02	1.254049e+01
2.232000e-05	2.891782e-02	1.260258e+01
2.233000e-05	2.878363e-02	1.260163e+01
2.234000e-05	3.086771e-02	1.264374e+01
2.235000e-05	3.160924e-02	1.265323e+01
2.236000e-05	3.505776e-02	1.268571e+01
2.237000e-05	3.533117e-02	1.269419e+01
2.238000e-05	3.626361e-02	1.265586e+01
2.239000e-05	3.592576e-02	1.268476e+01
2.240000e-05	3.807203e-02	1.268729e+01
2.241000e-05	3.991478e-02	1.270779e+01
2.242000e-05	4.394118e-02	1.267529e+01
2.243000e-05	4.714492e-02	1.264514e+01
2.244000e-05	5.037096e-02	1.263413e+01
2.245000e-05	5.488593e-02	1.261316e+01
2.246000e-05	5.896134e-02	1.258203e+01
2.247000e-05	6.317779e-02	1.253892e+01
2.248000e-05	6.803716e-02	1.251847e+01
2.249000e-05	7.562783e-02	1.249729e+01
2.250000e-05	8.507925e-02	1.245471e+01
2.251000e-05	9.435190e-02	1.238158e+01
2.252000e-05	1.054909e-01	1.232940e+01
2.253000e-05	1.173309e-01	1.227786e+01
2.254000e-05	1.298575e-01	1.216410e+01
2.255000e-05	1.370012e-01	1.214142e+01
2.256000e-05	1.432144e-01	1.200381e+01
2.257000e-05	1.459483e-01	1.195107e+01
2.258000e-05	1.444988e-01	1.186676e+01
2.259000e-05	1.377889e-01	1.179263e+01
2.260000e-05	1.270935e-01	1.172794e+01
2.261000e-05	1.169395e-01	1.159213e+01
2.262000e-05	1.076526e-01	1.145691e+01
2.263000e-05	9.766848e-02	1.132305e+01
2.264000e-05	8.698621e-02	1.121428e+01
2.265000e-05	7.839311e-02	1.117852e+01
2.266000e-05	7.003610e-02	1.104315e+01
2.267000e-05	6.379203e-02	1.089794e+01
2.268000e-05	5.583808e-02	1.081515e+01
2.269000e-05	5.052325e-02	1.067586e+01
2.270000e-05	4.549327e-02	1.051957e+01
2.271000e-05	4.203761e-02	1.035315e+01
2.272000e-05	3.571822e-02	1.027519e+01
2.273000e-05	3.236633e-02	1.007746e+01
2.274000e-05	2.905194e-02	1.000010e+01
2.275000e-05	2.714736e-02	9.813232e+00
2.276000e-05	2.451660e-02	9.624307e+00
2.277000e-05	2.118054e-02	9.474790e+00
2.278000e-05	2.041093e-02	9.327493e+00
2.279000e-05	1.902708e-02	9.181628e+00
2.280000e-05	1.802006e-02	9.052357e+00
2.281000e-05	1.465027e-02	8.836828e+00
2.282000e-05	1.386295e-02	8.636332e+00
2.283000e-05	1.355212e-02	8.457438e+00
2.284000e-05	1.250263e-02	8.328044e+00
2.285000e-05	1.010589e-02	8.150019e+00
2.286000e-05	8.995814e-03	7.910022e+00
2.287000e-05	9.309267e-03	7.772600e+00
2.288000e-05	9.491939e-03	7.601099e+00
2.289000e-05	7.043123e-03	7.340540e+00
2.290000e-05	6.781477e-03	7.141019e+00
2.291000e-05	5.515136e-03	6.971072e+00
2.292000e-05	7.069151e-03	6.750525e+00
2.293000e-05	4.616376e-03	6.531041e+00
2.294000e-05	3.794932e-03	6.338069e+00
2.295000e-05	3.854796e-03	6.169548e+00
2.296000e-05	4.746735e-03	5.979545e+00
2.297000e-05	3.198293e-03	5.720014e+00
2.298000e-05	2.282179e-03	5.496341e+00
2.299000e-05	2.015585e-03	5.276962e+00
2.300000e-05	2.802188e-03	5.033860e+00
2.301000e-05	1.920818e-03	4.777572e+00
2.302000e-05	6.778704e-04	4.560543e+00
2.303000e-05	-5.496294e-04	4.358574e+00
2.304000e-05	1.600677e-03	4.128440e+00
2.305000e-05	6.668198e-04	3.885787e+00
2.306000e-05	-1.137889e-03	3.673308e+00
2.307000e-05	-1.836429e-03	3.443283e+00
2.308000e-05	-4.023597e-05	3.213072e+00
2.309000e-05	-9.597948e-04	3.000145e+00
2.310000e-05	-9.554173e-04	2.799073e+00
2.311000e-05	-4.857015e-03	2.560965e+00
2.312000e-05	-1.119117e-03	2.296312e+00
2.313000e-05	-3.201360e-03	2.034833e+00
2.314000e-05	-2.659362e-03	1.864382e+00
2.315000e-05	-4.466021e-03	1.602198e+00
2.316000e-05	-2.025350e-03	1.369519e+00
2.317000e-05	-1.982111e-03	1.106465e+00
2.318000e-05	-3.854010e-03	8.332240e-01
2.319000e-05	-5.694264e-03	6.106489e-01
2.320000e-05	-4.151651e-03	4.100751e-01
2.321000e-05	-3.258538e-03	1.589384e-01
2.322000e-05	-2.218551e-03	-1.251606e-01
2.323000e-05	2.636116e-03	-3.351645e-01
2.324000e-05	-2.036343e-03	-5.166179e-01
2.325000e-05	8.645316e-04	-7.387485e-01
2.326000e-05	-6.273145e-03	-9.688261e-01
2.327000e-05	-2.691038e-03	-1.217325e+00
2.328000e-05	-3.846891e-03	-1.420408e+00
2.329000e-05	7.412869e-03	-1.631558e+00
2.330000e-05	5.774425e-02	-1.842004e+00
2.331000e-05	3.649601e-02	-2.065010e+00
2.332000e-05	-5.931046e-02	-2.390379e+00
2.333000e-05	-4.347751e-02	-2.745719e+00
2.334000e-05	-5.029672e-02	-2.946142e+00
2.335000e-05	-5.964761e-02	-3.176396e+00
2.336000e-05	8.477752e-02	-3.263663e+00
2.337000e-05	9.766897e-03	-3.452611e+00
2.338000e-05	-9.644901e-02	-3.766215e+00
2.339000e-05	1.513196e-01	-3.956270e+00
2.340000e-05	-7.920414e-02	-4.157219e+00
2.341000e-05	3.355327e-03	-4.379925e+00
2.342000e-05	-6.561538e-03	-4.537175e+00
2.343000e-05	-1.208726e-01	-4.851463e+00
2.344000e-05	1.134174e-01	-5.049105e+00
2.345000e-05	-3.078622e-02	-5.251559e+00
2.346000e-05	-4.194086e-03	-5.568804e+00
2.347000e-05	2.836507e-02	-5.757269e+00
2.348000e-05	-8.272492e-02	-5.987801e+00
2.349000e-05	6.560006e-02	-6.200378e+00
2.350000e-05	-7.149149e-02	-6.380797e+00
2.351000e-05	-9.246854e-03	-6.600006e+00
2.352000e-05	2.832842e-02	-6.801826e+00
2.353000e-05	-3.168118e-02	-7.043089e+00
2.354000e-05	5.818346e-02	-7.255058e+00
2.355000e-05	-1.123294e-01	-7.461010e+00
2.356000e-05	3.914337e-02	-7.643584e+00
2.357000e-05	-2.036130e-02	-7.844109e+00
2.358000e-05	-1.430834e-02	-8.094688e+00
2.359000e-05	5.693594e-03	-8.223506e+00
2.360000e-05	-4.903060e-02	-8.400883e+00
2.361000e-05	4.571442e-02	-8.571477e+00
2.362000e-05	-5.589427e-02	-8.792481e+00
2.363000e-05	-4.372359e-04	-8.978947e+00
2.364000e-05	-3.719431e-02	-9.126661e+00
2.365000e-05	3.155544e-03	-9.294666e+00
2.366000e-05	-2.893357e-04	-9.452054e+00
2.367000e-05	-3.823520e-02	-9.622554e+00
2.368000e-05	-1.809555e-04	-9.769424e+00
2.369000e-05	-2.965158e-02	-9.925238e+00
2.370000e-05	2.300503e-03	-1.005519e+01
2.371000e-05	-4.096727e-02	-1.023053e+01
2.372000e-05	-1.211191e-02	-1.038085e+01
2.373000e-05	-1.754785e-02	-1.051625e+01
2.374000e-05	-8.818725e-03	-1.066364e+01
2.375000e-05	-2.460359e-02	-1.078690e+01
2.376000e-05	-2.860467e-02	-1.086569e+01
2.377000e-05	-1.363130e-02	-1.098145e+01
2.378000e-05	-2.295877e-02	-1.118040e+01
2.379000e-05	-2.055827e-02	-1.124416e+01
2.380000e-05	-3.416639e-02	-1.138148e+01
2.381000e-05	-1.206711e-02	-1.148482e+01
2.382000e-05	-2.278773e-02	-1.159155e+01
2.383000e-05	-2.078775e-02	-1.173770e+01
2.384000e-05	-3.441885e-02	-1.180260e+01
2.385000e-05	-2.214463e-02	-1.192837e+01
2.386000e-05	-2.282183e-02	-1.200258e+01
2.387000e-05	-2.909878e-02	-1.210572e+01
2.388000e-05	-2.843623e-02	-1.216948e+01
2.389000e-05	-2.832930e-02	-1.224318e+01
2.390000e-05	-2.066242e-02	-1.229637e+01
2.391000e-05	-3.242403e-02	-1.236995e+01
2.392000e-05	-3.137175e-02	-1.240313e+01
2.393000e-05	-3.312537e-02	-1.248572e+01
2.394000e-05	-2.597138e-02	-1.254837e+01
2.395000e-05	-3.300888e-02	-1.257100e+01
2.396000e-05	-3.480672e-02	-1.262316e+01
2.397000e-05	-3.335035e-02	-1.268672e+01
2.398000e-05	-3.152561e-02	-1.269792e+01
2.399000e-05	-3.523119e-02	-1.269992e+01
2.400000e-05	-3.973638e-02	-1.274950e+01
2.401000e-05	-3.887837e-02	-1.277098e+01
2.402000e-05	-3.553277e-02	-1.280308e+01
2.403000e-05	-3.924134e-02	-1.281463e+01
2.404000e-05	-4.455428e-02	-1.280158e+01
2.405000e-05	-4.463467e-02	-1.280416e+01
2.406000e-05	-4.417411e-02	-1.282206e+01
2.407000e-05	-4.569473e-02	-1.280361e+01
2.408000e-05	-5.260400e-02	-1.283305e+01
2.409000e-05	-5.347662e-02	-1.280058e+01
2.410000e-05	-5.530366e-02	-1.279097e+01
2.411000e-05	-5.951077e-02	-1.272849e+01
2.412000e-05	-6.743509e-02	-1.266731e+01
2.413000e-05	-7.194091e-02	-1.264623e+01
2.414000e-05	-7.378761e-02	-1.263420e+01
2.415000e-05	-8.062868e-02	-1.257100e+01
2.416000e-05	-9.146948e-02	-1.252992e+01
2.417000e-05	-1.021936e-01	-1.246479e+01
2.418000e-05	-1.099042e-01	-1.241356e+01
2.419000e-05	-1.227792e-01	-1.235802e+01
2.420000e-05	-1.367211e-01	-1.226421e+01
2.421000e-05	-1.467604e-01	-1.224161e+01
2.422000e-05	-1.488798e-01	-1.215045e+01
2.423000e-05	-1.502997e-01	-1.207534e+01
2.424000e-05	-1.497428e-01	-1.198207e+01
2.425000e-05	-1.446847e-01	-1.189591e+01
2.426000e-05	-1.337712e-01	-1.177155e+01
2.427000e-05	-1.225959e-01	-1.167683e+01
2.428000e-05	-1.142364e-01	-1.154945e+01
2.429000e-05	-1.049112e-01	-1.145429e+01
2.430000e-05	-9.308311e-02	-1.127742e+01
2.431000e-05	-8.388220e-02	-1.116363e+01
2.432000e-05	-7.715207e-02	-1.104373e+01
2.433000e-05	-7.112436e-02	-1.093044e+01
2.434000e-05	-6.277818e-02	-1.086361e+01
2.435000e-05	-5.515520e-02	-1.071692e+01
2.436000e-05	-5.205841e-02	-1.059108e+01
2.437000e-05	-4.819979e-02	-1.045531e+01
2.438000e-05	-4.300623e-02	-1.031994e+01
2.439000e-05	-3.904888e-02	-1.017105e+01
2.440000e-05	-3.772385e-02	-9.993605e+00
2.441000e-05	-3.555422e-02	-9.865289e+00
2.442000e-05	-3.222488e-02	-9.748437e+00
2.443000e-05	-2.900833e-02	-9.561528e+00
2.444000e-05	-2.802755e-02	-9.451626e+00
2.445000e-05	-2.711391e-02	-9.255303e+00
2.446000e-05	-2.406082e-02	-9.124915e+00
2.447000e-05	-2.243489e-02	-8.908416e+00
2.448000e-05	-2.186263e-02	-8.767521e+00
2.449000e-05	-2.188730e-02	-8.569941e+00
2.450000e-05	-2.004383e-02	-8.390550e+00
2.451000e-05	-1.764277e-02	-8.221630e+00
2.452000e-05	-1.800958e-02	-8.023681e+00
2.453000e-05	-1.766018e-02	-7.863727e+00
2.454000e-05	-1.725482e-02	-7.604230e+00
2.455000e-05	-1.458077e-02	-7.402126e+00
2.456000e-05	-1.489090e-02	-7.253155e+00
2.457000e-05	-1.541510e-02	-7.032729e+00
2.458000e-05	-1.462827e-02	-6.782103e+00
2.459000e-05	-1.163531e-02	-6.612601e+00
2.460000e-05	-1.258254e-02	-6.423705e+00
2.461000e-05	-1.242533e-02	-6.211673e+00
2.462000e-05	-1.233761e-02	-6.032074e+00
2.463000e-05	-1.096740e-02	-5.761524e+00
2.464000e-05	-1.040683e-02	-5.582120e+00
2.465000e-05	-1.131834e-02	-5.349924e+00
2.466000e-05	-1.066989e-02	-5.086361e+00
2.467000e-05	-9.399325e-03	-4.822548e+00
2.468000e-05	-8.599100e-03	-4.580571e+00
2.469000e-05	-9.887523e-03	-4.412025e+00
2.470000e-05	-9.875953e-03	-4.212147e+00
2.471000e-05	-7.605773e-03	-3.980101e+00
2.472000e-05	-6.099670e-03	-3.728641e+00
2.473000e-05	-7.916776e-03	-3.516920e+00
2.474000e-05	-8.508833e-03	-3.315913e+00
2.475000e-05	-8.315747e-03	-3.095337e+00
2.476000e-05	-6.577200e-03	-2.812675e+00
2.477000e-05	-7.456468e-03	-2.592078e+00
2.478000e-05	-6.432821e-03	-2.388596e+00
2.479000e-05	-4.867038e-03	-2.088340e+00
2.480000e-05	-3.905254e-03	-1.883816e+00
2.481000e-05	-5.176101e-03	-1.675737e+00
2.482000e-05	-6.692703e-03	-1.373698e+00
2.483000e-05	-5.852269e-03	-1.187913e+00
2.484000e-05	-4.493477e-03	-8.958885e-01
2.485000e-05	-5.099699e-03	-6.857857e-01
2.486000e-05	-3.510294e-03	-4.216265e-01
2.487000e-05	-2.030996e-03	-2.641555e-01
2.488000e-05	3.469547e-03	3.205376e-02
2.489000e-05	5.810025e-03	2.420054e-01
2.490000e-05	-1.728713e-03	4.540854e-01
2.491000e-05	6.544927e-04	6.820618e-01
2.492000e-05	-1.188682e-03	9.170866e-01
2.493000e-05	2.051849e-03	1.175741e+00
2.494000e-05	1.555087e-03	1.378874e+00
2.495000e-05	6.383482e-03	1.613479e+00
2.496000e-05	3.307285e-02	1.893585e+00
2.497000e-05	6.822436e-02	2.113638e+00
2.498000e-05	-2.370502e-02	2.358275e+00
2.499000e-05	-4.848014e-02	2.631034e+00
2.500000e-05	-3.658748e-02	2.841558e+00
2.501000e-05	-1.352959e-02	3.030535e+00
2.502000e-05	-4.116546e-02	3.188499e+00
2.503000e-05	5.165811e-02	3.397329e+00
2.504000e-05	2.432606e-02	3.631481e+00
2.505000e-05	-4.128734e-02	3.810454e+00
2.506000e-05	1.212623e-01	4.020955e+00
2.507000e-05	-5.211724e-02	4.317215e+00
2.508000e-05	-7.019020e-03	4.485767e+00
2.509000e-05	9.353191e-03	4.765796e+00
2.510000e-05	-3.461221e-02	5.000350e+00
2.511000e-05	4.998686e-02	5.253037e+00
2.512000e-05	-5.536135e-03	5.504138e+00
2.513000e-05	1.081908e-02	5.707317e+00
2.514000e-05	1.999369e-02	5.956322e+00
2.515000e-05	-1.637069e-02	6.167371e+00
2.516000e-05	7.411774e-03	6.358872e+00
2.517000e-05	-3.413062e-03	6.547801e+00
2.518000e-05	2.463851e-02	6.779402e+00
2.519000e-05	3.807868e-03	6.979001e+00
2.520000e-05	5.893140e-03	7.187375e+00
2.521000e-05	2.882782e-02	7.386421e+00
2.522000e-05	-2.600690e-02	7.600954e+00
2.523000e-05	2.211285e-02	7.831429e+00
2.524000e-05	2.445379e-06	8.011505e+00
2.525000e-05	1.650092e-02	8.201582e+00
2.526000e-05	1.675694e-02	8.379903e+00
2.527000e-05	9.403855e-03	8.537872e+00
2.528000e-05	1.402005e-02	8.675240e+00
2.529000e-05	-2.441203e-03	8.874113e+00
2.530000e-05	1.887677e-02	9.041103e+00
2.531000e-05	1.808712e-03	9.211975e+00
2.532000e-05	1.750693e-02	9.398399e+00
2.533000e-05	1.394521e-02	9.547365e+00
2.534000e-05	1.521880e-02	9.667195e+00
2.535000e-05	1.553033e-02	9.862530e+00
2.536000e-05	7.749364e-03	1.002250e+01
2.537000e-05	1.362277e-02	1.012792e+01
2.538000e-05	1.058317e-02	1.027421e+01
2.539000e-05	1.789577e-02	1.038106e+01
2.540000e-05	1.324416e-02	1.055992e+01
2.541000e-05	1.787890e-02	1.068627e+01
2.542000e-05	1.827773e-02	1.083205e+01
2.543000e-05	1.830300e-02	1.093887e+01
2.544000e-05	1.565957e-02	1.106356e+01
2.545000e-05	1.301744e-02	1.116942e+01
2.546000e-05	1.882872e-02	1.127719e+01
2.547000e-05	1.911070e-02	1.142105e+01
2.548000e-05	1.918476e-02	1.154537e+01
2.549000e-05	1.858807e-02	1.163313e+01
2.550000e-05	2.208970e-02	1.176880e+01
2.551000e-05	2.153182e-02	1.183361e+01
2.552000e-05	1.929615e-02	1.189727e+01
2.553000e-05	2.040913e-02	1.199148e+01
2.554000e-05	2.232209e-02	1.205719e+01
2.555000e-05	2.511483e-02	1.217990e+01
2.556000e-05	2.277256e-02	1.222211e+01
2.557000e-05	2.447878e-02	1.229576e+01
2.558000e-05	2.322709e-02	1.237898e+01
2.559000e-05	2.618155e-02	1.240308e+01
2.560000e-05	2.543670e-02	1.245574e+01
2.561000e-05	2.580070e-02	1.251529e+01
2.562000e-05	2.687281e-02	1.253845e+01
2.563000e-05	2.975320e-02	1.255007e+01
2.564000e-05	2.987269e-02	1.260258e+01
2.565000e-05	2.780346e-02	1.264318e+01
2.566000e-05	2.985610e-02	1.267571e+01
2.567000e-05	3.374434e-02	1.265576e+01
2.568000e-05	3.426295e-02	1.267474e+01
2.569000e-05	3.401864e-02	1.271469e+01
2.570000e-05	3.547452e-02	1.269631e+01
2.571000e-05	3.861365e-02	1.267584e+01
2.572000e-05	4.013246e-02	1.267577e+01
2.573000e-05	4.030560e-02	1.267679e+01
2.574000e-05	4.384493e-02	1.267678e+01
2.575000e-05	4.994999e-02	1.264421e+01
2.576000e-05	5.338262e-02	1.263171e+01
2.577000e-05	5.532069e-02	1.260063e+01
2.578000e-05	5.865114e-02	1.254210e+01
2.579000e-05	6.463434e-02	1.255047e+01
2.580000e-05	7.185407e-02	1.250797e+01
2.581000e-05	7.815157e-02	1.246474e+01
2.582000e-05	8.745725e-02	1.243373e+01
2.583000e-05	9.791398e-02	1.240150e+01
2.584000e-05	1.103493e-01	1.229647e+01
2.585000e-05	1.204830e-01	1.223518e+01
2.586000e-05	1.305206e-01	1.216265e+01
2.587000e-05	1.406826e-01	1.210634e+01
2.588000e-05	1.451040e-01	1.204413e+01
2.589000e-05	1.442076e-01	1.193797e+01
2.590000e-05	1.410555e-01	1.188523e+01
2.591000e-05	1.353956e-01	1.176160e+01
2.592000e-05	1.264523e-01	1.168684e+01
2.593000e-05	1.148201e-01	1.154005e+01
2.594000e-05	1.028206e-01	1.142378e+01
2.595000e-05	9.395305e-02	1.129894e+01
2.596000e-05	8.427088e-02	1.118310e+01
2.597000e-05	7.645699e-02	1.110636e+01
2.598000e-05	6.695870e-02	1.096218e+01
2.599000e-05	6.058003e-02	1.089581e+01
2.600000e-05	5.450623e-02	1.078057e+01
2.601000e-05	4.803644e-02	1.061428e+01
2.602000e-05	4.220914e-02	1.047886e+01
2.603000e-05	3.790494e-02	1.034995e+01
2.604000e-05	3.522493e-02	1.021263e+01
2.605000e-05	3.247913e-02	1.005578e+01
2.606000e-05	2.887929e-02	9.909941e+00
2.607000e-05	2.597722e-02	9.762643e+00
2.608000e-05	2.358949e-02	9.600555e+00
2.609000e-05	2.176710e-02	9.432731e+00
2.610000e-05	1.923190e-02	9.285862e+00
2.611000e-05	1.751958e-02	9.138023e+00
2.612000e-05	1.625067e-02	8.952021e+00
2.613000e-05	1.533559e-02	8.781651e+00
2.614000e-05	1.410688e-02	8.603603e+00
2.615000e-05	1.160790e-02	8.462807e+00
2.616000e-05	1.231040e-02	8.306333e+00
2.617000e-05	1.124084e-02	8.108911e+00
2.618000e-05	9.922393e-03	7.895335e+00
2.619000e-05	8.415590e-03	7.747440e+00
2.620000e-05	7.815712e-03	7.537464e+00
2.621000e-05	7.429247e-03	7.295435e+00
2.622000e-05	6.871900e-03	7.096862e+00
2.623000e-05	4.866261e-03	6.876387e+00
2.624000e-05	6.120763e-03	6.695965e+00
2.625000e-05	5.166553e-03	6.445861e+00
2.626000e-05	4.286598e-03	6.294809e+00
2.627000e-05	3.198272e-03	6.085915e+00
2.628000e-05	3.913322e-03	5.916337e+00
2.629000e-05	3.513586e-03	5.687303e+00
2.630000e-05	2.566681e-03	5.433783e+00
2.631000e-05	1.772640e-03	5.254227e+00
2.632000e-05	1.649180e-03	4.920614e+00
2.633000e-05	2.021504e-03	4.726510e+00
2.634000e-05	8.154069e-04	4.486366e+00
2.635000e-05	4.085439e-04	4.315886e+00
2.636000e-05	1.319367e-04	4.013203e+00
2.637000e-05	3.270694e-04	3.842178e+00
2.638000e-05	-6.515149e-04	3.632604e+00
2.639000e-05	-4.860052e-04	3.361222e+00
2.640000e-05	-2.038245e-03	3.148992e+00
2.641000e-05	-1.034084e-03	2.917938e+00
2.642000e-05	-2.380245e-03	2.715366e+00
2.643000e-05	-1.115125e-03	2.454202e+00
2.644000e-05	-2.595959e-03	2.191650e+00
2.645000e-05	-2.841684e-03	2.022172e+00
2.646000e-05	-3.741544e-03	1.790546e+00
2.647000e-05	-3.391716e-03	1.507013e+00
2.648000e-05	-4.061460e-03	1.274337e+00
2.649000e-05	-3.881618e-03	1.021725e+00
2.650000e-05	-3.970788e-03	7.890198e-01
2.651000e-05	-4.049153e-03	5.274396e-01
2.652000e-05	-3.688058e-03	2.638921e-01
2.653000e-05	-3.269083e-03	5.337915e-02
2.654000e-05	-1.566632e-04	-1.773235e-01
2.655000e-05	2.913926e-03	-3.778234e-01
2.656000e-05	-4.124373e-03	-6.103247e-01
2.657000e-05	-2.948384e-03	-8.410028e-01
2.658000e-05	-4.629802e-03	-1.051009e+00
2.659000e-05	-2.866208e-03	-1.242505e+00
2.660000e-05	-2.570911e-03	-1.534192e+00
2.661000e-05	1.745203e-02	-1.724714e+00
2.662000e-05	7.319213e-02	-1.934613e+00
2.663000e-05	-6.731496e-03	-2.198379e+00
2.664000e-05	-5.528210e-02	-2.543092e+00
2.665000e-05	-4.617359e-02	-2.757897e+00
2.666000e-05	-4.920144e-02	-3.020352e+00
2.667000e-05	-3.355776e-02	-3.199454e+00
2.668000e-05	1.147989e-01	-3.324317e+00
2.669000e-05	-8.463242e-02	-3.527816e+00
2.670000e-05	6.183607e-03	-3.819904e+00
2.671000e-05	1.156756e-01	-3.999449e+00
2.672000e-05	-1.111164e-01	-4.240985e+00
2.673000e-05	5.877452e-02	-4.410553e+00
2.674000e-05	-8.669191e-02	-4.611909e+00
2.675000e-05	-3.923772e-02	-4.904716e+00
2.676000e-05	1.051918e-01	-5.124635e+00
2.677000e-05	-7.425875e-02	-5.367774e+00
2.678000e-05	4.582943e-02	-5.621503e+00
2.679000e-05	-2.990538e-02	-5.840355e+00
2.680000e-05	-3.904564e-02	-6.021607e+00
2.681000e-05	5.226348e-02	-6.251112e+00
2.682000e-05	-1.007128e-01	-6.473139e+00
2.683000e-05	4.854675e-02	-6.695163e+00
2.684000e-05	-2.598829e-02	-6.854507e+00
2.685000e-05	2.011157e-02	-7.106790e+00
2.686000e-05	1.643964e-03	-7.306666e+00
2.687000e-05	-9.135433e-02	-7.515143e+00
2.688000e-05	6.390456e-02	-7.714268e+00
2.689000e-05	-5.840458e-02	-7.937143e+00
2.690000e-05	2.480514e-02	-8.157168e+00
2.691000e-05	-3.704580e-02	-8.284661e+00
2.692000e-05	-4.389172e-03	-8.503520e+00
2.693000e-05	1.812834e-02	-8.684132e+00
2.694000e-05	-5.508225e-02	-8.853162e+00
2.695000e-05	3.566874e-03	-8.991453e+00
2.696000e-05	-4.581705e-02	-9.169376e+00
2.697000e-05	2.588457e-02	-9.317340e+00
2.698000e-05	-2.991619e-02	-9.496691e+00
2.699000e-05	-1.684002e-02	-9.664663e+00
2.700000e-05	-1.407665e-02	-9.811479e+00
2.701000e-05	-1.777177e-02	-9.959472e+00
2.702000e-05	-8.996898e-03	-1.013534e+01
2.703000e-05	-4.076878e-02	-1.026408e+01
2.704000e-05	-6.216687e-03	-1.044409e+01
2.705000e-05	-2.031453e-02	-1.056785e+01
2.706000e-05	-5.548997e-03	-1.068477e+01
2.707000e-05	-3.462006e-02	-1.078148e+01
2.708000e-05	-1.694507e-02	-1.090530e+01
2.709000e-05	-1.835973e-02	-1.105268e+01
2.710000e-05	-1.748252e-02	-1.122048e+01
2.711000e-05	-3.027801e-02	-1.128629e+01
2.712000e-05	-2.685715e-02	-1.141356e+01
2.713000e-05	-1.297773e-02	-1.153827e+01
2.714000e-05	-2.347225e-02	-1.164561e+01
2.715000e-05	-2.379167e-02	-1.175045e+01
2.716000e-05	-3.509679e-02	-1.186226e+01
2.717000e-05	-1.508663e-02	-1.197133e+01
2.718000e-05	-2.687426e-02	-1.204518e+01
2.719000e-05	-2.745150e-02	-1.214732e+01
2.720000e-05	-3.261816e-02	-1.221202e+01
2.721000e-05	-2.253861e-02	-1.228571e+01
2.722000e-05	-2.388167e-02	-1.232676e+01
2.723000e-05	-3.372015e-02	-1.239201e+01
2.724000e-05	-3.372670e-02	-1.241426e+01
2.725000e-05	-3.078809e-02	-1.248719e+01
2.726000e-05	-2.690553e-02	-1.257902e+01
2.727000e-05	-3.535036e-02	-1.261158e+01
2.728000e-05	-3.437549e-02	-1.264373e+01
2.729000e-05	-3.195719e-02	-1.269674e+01
2.730000e-05	-3.136688e-02	-1.273791e+01
2.731000e-05	-3.884607e-02	-1.274892e+01
2.732000e-05	-4.077598e-02	-1.276205e+01
2.733000e-05	-3.671151e-02	-1.278008e+01
2.734000e-05	-3.411732e-02	-1.281413e+01
2.735000e-05	-4.301106e-02	-1.282261e+01
2.736000e-05	-4.576022e-02	-1.278263e+01
2.737000e-05	-4.451343e-02	-1.283366e+01
2.738000e-05	-4.223577e-02	-1.283316e+01
2.739000e-05	-4.810761e-02	-1.280168e+01
2.740000e-05	-5.475146e-02	-1.281150e+01
2.741000e-05	-5.357748e-02	-1.279900e+01
2.742000e-05	-5.550499e-02	-1.273989e+01
2.743000e-05	-6.060260e-02	-1.275687e+01
2.744000e-05	-7.021386e-02	-1.272681e+01
2.745000e-05	-7.101827e-02	-1.262428e+01
2.746000e-05	-7.510875e-02	-1.264303e+01
2.747000e-05	-8.356389e-02	-1.257000e+01
2.748000e-05	-9.651193e-02	-1.251846e+01
2.749000e-05	-1.054373e-01	-1.246376e+01
2.750000e-05	-1.140488e-01	-1.238055e+01
2.751000e-05	-1.274272e-01	-1.227737e+01
2.752000e-05	-1.400138e-01	-1.221529e+01
2.753000e-05	-1.475310e-01	-1.218153e+01
2.754000e-05	-1.495915e-01	-1.209739e+01
2.755000e-05	-1.508944e-01	-1.206326e+01
2.756000e-05	-1.499546e-01	-1.196847e+01
2.757000e-05	-1.417112e-01	-1.184624e+01
2.758000e-05	-1.297477e-01	-1.178099e+01
2.759000e-05	-1.195440e-01	-1.163421e+01
2.760000e-05	-1.111367e-01	-1.149694e+01
2.761000e-05	-1.009348e-01	-1.145106e+01
2.762000e-05	-9.003531e-02	-1.127828e+01
2.763000e-05	-8.115591e-02	-1.113897e+01
2.764000e-05	-7.525517e-02	-1.098458e+01
2.765000e-05	-6.866132e-02	-1.093686e+01
2.766000e-05	-6.029414e-02	-1.078308e+01
2.767000e-05	-5.406080e-02	-1.070529e+01
2.768000e-05	-5.089923e-02	-1.055902e+01
2.769000e-05	-4.665338e-02	-1.042311e+01
2.770000e-05	-4.170843e-02	-1.031529e+01
2.771000e-05	-3.820430e-02	-1.008886e+01
2.772000e-05	-3.731274e-02	-9.951520e+00
2.773000e-05	-3.555336e-02	-9.823154e+00
2.774000e-05	-3.052325e-02	-9.665788e+00
2.775000e-05	-2.768723e-02	-9.547895e+00
2.776000e-05	-2.709570e-02	-9.328947e+00
2.777000e-05	-2.692659e-02	-9.211552e+00
2.778000e-05	-2.321118e-02	-9.023708e+00
2.779000e-05	-2.181070e-02	-8.864258e+00
2.780000e-05	-2.222860e-02	-8.675794e+00
2.781000e-05	-2.189359e-02	-8.476365e+00
2.782000e-05	-1.957672e-02	-8.348865e+00
2.783000e-05	-1.728315e-02	-8.159495e+00
2.784000e-05	-1.813670e-02	-7.952125e+00
2.785000e-05	-1.826265e-02	-7.770096e+00
2.786000e-05	-1.631822e-02	-7.527470e+00
2.787000e-05	-1.423510e-02	-7.337996e+00
2.788000e-05	-1.404445e-02	-7.148548e+00
2.789000e-05	-1.453493e-02	-6.939966e+00
2.790000e-05	-1.361059e-02	-6.719367e+00
2.791000e-05	-1.204052e-02	-6.527540e+00
2.792000e-05	-1.270790e-02	-6.359497e+00
2.793000e-05	-1.341566e-02	-6.129966e+00
2.794000e-05	-1.215254e-02	-5.927420e+00
2.795000e-05	-1.044056e-02	-5.679343e+00
2.796000e-05	-1.064070e-02	-5.506441e+00
2.797000e-05	-1.081037e-02	-5.245231e+00
2.798000e-05	-1.168232e-02	-5.022703e+00
2.799000e-05	-8.455054e-03	-4.747888e+00
2.800000e-05	-9.581747e-03	-4.507914e+00
2.801000e-05	-8.936772e-03	-4.338471e+00
2.802000e-05	-1.030434e-02	-4.138390e+00
2.803000e-05	-6.348558e-03	-3.915945e+00
2.804000e-05	-7.059987e-03	-3.638206e+00
2.805000e-05	-7.898173e-03	-3.484288e+00
2.806000e-05	-8.279867e-03	-3.242178e+00
2.807000e-05	-7.714389e-03	-2.972671e+00
2.808000e-05	-6.463623e-03	-2.757467e+00
2.809000e-05	-6.851929e-03	-2.536491e+00
2.810000e-05	-6.278619e-03	-2.346895e+00
2.811000e-05	-4.269656e-03	-2.073753e+00
2.812000e-05	-4.651567e-03	-1.810655e+00
2.813000e-05	-5.892673e-03	-1.630104e+00
2.814000e-05	-6.839152e-03	-1.318941e+00
2.815000e-05	-5.594514e-03	-1.025809e+00
2.816000e-05	-4.344784e-03	-8.402328e-01
2.817000e-05	-5.010491e-03	-5.921778e-01
2.818000e-05	-3.263374e-03	-3.794398e-01
2.819000e-05	-1.171852e-03	-1.594160e-01
2.820000e-05	6.538031e-03	7.355684e-02
2.821000e-05	1.653203e-03	3.157921e-01
2.822000e-05	4.803863e-04	5.657683e-01
2.823000e-05	-1.023415e-03	7.272682e-01
2.824000e-05	9.016102e-04	1.008321e+00
2.825000e-05	1.221989e-03	1.210526e+00
2.826000e-05	1.208342e-03	1.473055e+00
2.827000e-05	1.366145e-02	1.736746e+00
2.828000e-05	4.882346e-02	1.935742e+00
2.829000e-05	5.091732e-02	2.197296e+00
2.830000e-05	-4.572513e-02	2.423030e+00
2.831000e-05	-4.581787e-02	2.724120e+00
2.832000e-05	-2.803018e-02	2.917246e+00
2.833000e-05	-2.407750e-02	3.075265e+00
2.834000e-05	-2.545771e-02	3.231584e+00
2.835000e-05	8.056223e-02	3.502590e+00
2.836000e-05	-3.682642e-02	3.725641e+00
2.837000e-05	2.640972e-02	3.872635e+00
2.838000e-05	8.158101e-02	4.145668e+00
2.839000e-05	-7.031815e-02	4.348950e+00
2.840000e-05	2.929578e-02	4.600298e+00
2.841000e-05	-2.572501e-02	4.800056e+00
2.842000e-05	-1.266136e-03	5.072113e+00
2.843000e-05	4.064852e-02	5.327296e+00
2.844000e-05	-1.474748e-02	5.618400e+00
2.845000e-05	2.502855e-02	5.810250e+00
2.846000e-05	5.399666e-03	6.001529e+00
2.847000e-05	-1.219309e-02	6.231054e+00
2.848000e-05	6.808763e-03	6.429401e+00
2.849000e-05	8.732798e-04	6.591483e+00
2.850000e-05	2.785602e-02	6.853510e+00
2.851000e-05	-9.753595e-03	7.042655e+00
2.852000e-05	2.643327e-02	7.282110e+00
2.853000e-05	6.978523e-03	7.432054e+00
2.854000e-05	-1.338353e-02	7.662609e+00
2.855000e-05	2.435565e-02	7.894139e+00
2.856000e-05	-3.333943e-03	8.147741e+00
2.857000e-05	2.436089e-02	8.294263e+00
2.858000e-05	5.500939e-03	8.462108e+00
2.859000e-05	1.669549e-02	8.601027e+00
2.860000e-05	4.435106e-03	8.767892e+00
2.861000e-05	7.251807e-03	8.906292e+00
2.862000e-05	1.322955e-02	9.086816e+00
2.863000e-05	3.519832e-03	9.304610e+00
2.864000e-05	1.860819e-02	9.422550e+00
2.865000e-05	1.320863e-02	9.578950e+00
2.866000e-05	1.709732e-02	9.687925e+00
2.867000e-05	1.167401e-02	9.897187e+00
2.868000e-05	1.144254e-02	1.006569e+01
2.869000e-05	1.254719e-02	1.019106e+01
2.870000e-05	1.402846e-02	1.033627e+01
2.871000e-05	1.554092e-02	1.045464e+01
2.872000e-05	1.456560e-02	1.062003e+01
2.873000e-05	1.933697e-02	1.071897e+01
2.874000e-05	1.881490e-02	1.089319e+01
2.875000e-05	1.630040e-02	1.097050e+01
2.876000e-05	1.426832e-02	1.107517e+01
2.877000e-05	1.632676e-02	1.120211e+01
2.878000e-05	1.900779e-02	1.130737e+01
2.879000e-05	1.894393e-02	1.144311e+01
2.880000e-05	1.922369e-02	1.158043e+01
2.881000e-05	2.059485e-02	1.167468e+01
2.882000e-05	2.279417e-02	1.176900e+01
2.883000e-05	2.041248e-02	1.184529e+01
2.884000e-05	2.009563e-02	1.193850e+01
2.885000e-05	2.074198e-02	1.201208e+01
2.886000e-05	2.363242e-02	1.209781e+01
2.887000e-05	2.478628e-02	1.215997e+01
2.888000e-05	2.371667e-02	1.224371e+01
2.889000e-05	2.322119e-02	1.230779e+01
2.890000e-05	2.541258e-02	1.240106e+01
2.891000e-05	2.578551e-02	1.243415e+01
2.892000e-05	2.525291e-02	1.248526e+01
2.893000e-05	2.523147e-02	1.251837e+01
2.894000e-05	2.744904e-02	1.255895e+01
2.895000e-05	2.946783e-02	1.259258e+01
2.896000e-05	2.966179e-02	1.263358e+01
2.897000e-05	2.928853e-02	1.262416e+01
2.898000e-05	3.137694e-02	1.267376e+01
2.899000e-05	3.417024e-02	1.268376e+01
2.900000e-05	3.471162e-02	1.266631e+01
2.901000e-05	3.402441e-02	1.269739e+01
2.902000e-05	3.572489e-02	1.268675e+01
2.903000e-05	3.788992e-02	1.269724e+01
2.904000e-05	3.977978e-02	1.266429e+01
2.905000e-05	4.221723e-02	1.269681e+01
2.906000e-05	4.516602e-02	1.265519e+01
2.907000e-05	5.069303e-02	1.266416e+01
2.908000e-05	5.427659e-02	1.260313e+01
2.909000e-05	5.621696e-02	1.259213e+01
2.910000e-05	6.043824e-02	1.258010e+01
2.911000e-05	6.629761e-02	1.254894e+01
2.912000e-05	7.412478e-02	1.252792e+01
2.913000e-05	8.104728e-02	1.248574e+01
2.914000e-05	9.136130e-02	1.242058e+01
2.915000e-05	1.020467e-01	1.232948e+01
2.916000e-05	1.131411e-01	1.227487e+01
2.917000e-05	1.243927e-01	1.222423e+01
2.918000e-05	1.336190e-01	1.215007e+01
2.919000e-05	1.427773e-01	1.204489e+01
2.920000e-05	1.475202e-01	1.199065e+01
2.921000e-05	1.461177e-01	1.189546e+01
2.922000e-05	1.408694e-01	1.184471e+01
2.923000e-05	1.321739e-01	1.173755e+01
2.924000e-05	1.237295e-01	1.165474e+01
2.925000e-05	1.102011e-01	1.151799e+01
2.926000e-05	1.002808e-01	1.143423e+01
2.927000e-05	8.980119e-02	1.125639e+01
2.928000e-05	8.195249e-02	1.117015e+01
2.929000e-05	7.280867e-02	1.108429e+01
2.930000e-05	6.661221e-02	1.093149e+01
2.931000e-05	5.847349e-02	1.084526e+01
2.932000e-05	5.269652e-02	1.071747e+01
2.933000e-05	4.416609e-02	1.057265e+01
2.934000e-05	4.183741e-02	1.041578e+01
2.935000e-05	3.772797e-02	1.032586e+01
2.936000e-05	3.549093e-02	1.015060e+01
2.937000e-05	3.077825e-02	1.003261e+01
2.938000e-05	2.948725e-02	9.934337e+00
2.939000e-05	2.491756e-02	9.736940e+00
2.940000e-05	2.213246e-02	9.527973e+00
2.941000e-05	1.824058e-02	9.391027e+00
2.942000e-05	1.818611e-02	9.243253e+00
2.943000e-05	1.741187e-02	9.095288e+00
2.944000e-05	1.831890e-02	8.897916e+00
2.945000e-05	1.654733e-02	8.739919e+00
2.946000e-05	1.445744e-02	8.559523e+00
2.947000e-05	1.253392e-02	8.372651e+00
2.948000e-05	9.891476e-03	8.212707e+00
2.949000e-05	1.019377e-02	8.035698e+00
2.950000e-05	8.151974e-03	7.812708e+00
2.951000e-05	8.521212e-03	7.634807e+00
2.952000e-05	8.151199e-03	7.436335e+00
2.953000e-05	7.835746e-03	7.211753e+00
2.954000e-05	6.706915e-03	7.032679e+00
2.955000e-05	5.270840e-03	6.853229e+00
2.956000e-05	5.112424e-03	6.661757e+00
2.957000e-05	5.228574e-03	6.402627e+00
2.958000e-05	4.906169e-03	6.212704e+00
2.959000e-05	3.624824e-03	6.043752e+00
2.960000e-05	2.104608e-03	5.832207e+00
2.961000e-05	2.034626e-03	5.600648e+00
2.962000e-05	2.621515e-03	5.401649e+00
2.963000e-05	1.796591e-03	5.148544e+00
2.964000e-05	1.987225e-03	4.834857e+00
2.965000e-05	1.939439e-03	4.623230e+00
2.966000e-05	3.065014e-03	4.413204e+00
2.967000e-05	3.237983e-04	4.203904e+00
2.968000e-05	-4.917384e-04	3.970620e+00
2.969000e-05	-1.274710e-03	3.728545e+00
2.970000e-05	-1.020654e-03	3.608071e+00
2.971000e-05	-1.255407e-03	3.307435e+00
2.972000e-05	-1.652218e-03	3.043808e+00
2.973000e-05	-1.939758e-03	2.852307e+00
2.974000e-05	-1.326135e-03	2.632257e+00
2.975000e-05	-1.843307e-03	2.400621e+00
2.976000e-05	-3.031111e-03	2.157466e+00
2.977000e-05	-3.030668e-03	1.939994e+00
2.978000e-05	-3.440494e-03	1.686964e+00
2.979000e-05	-3.697171e-03	1.433779e+00
2.980000e-05	-3.747751e-03	1.191224e+00
2.981000e-05	-4.149260e-03	9.374672e-01
2.982000e-05	-4.125498e-03	6.453594e-01
2.983000e-05	-3.916229e-03	4.733579e-01
2.984000e-05	-3.873817e-03	2.212603e-01
2.985000e-05	-4.044851e-03	-3.092869e-02
2.986000e-05	3.049703e-03	-2.304541e-01
2.987000e-05	6.962270e-04	-4.309538e-01
2.988000e-05	-2.238621e-03	-7.130881e-01
2.989000e-05	-5.146117e-03	-9.251143e-01
2.990000e-05	-4.190634e-03	-1.096164e+00
2.991000e-05	-4.045608e-03	-1.368693e+00
2.992000e-05	-1.237871e-03	-1.578397e+00
2.993000e-05	3.568445e-02	-1.787870e+00
2.994000e-05	7.182978e-02	-1.987772e+00
2.995000e-05	-4.219762e-02	-2.325588e+00
2.996000e-05	-4.788069e-02	-2.642008e+00
2.997000e-05	-5.069060e-02	-2.853559e+00
2.998000e-05	-5.472568e-02	-3.122612e+00
2.999000e-05	1.898302e-02	-3.221053e+00
3.000000e-05	8.996970e-02	-3.380297e+00
3.001000e-05	-1.338910e-01	-3.600449e+00
3.002000e-05	1.090303e-01	-3.873035e+00
3.003000e-05	1.977967e-02	-4.013030e+00
3.004000e-05	-7.492802e-02	-4.324163e+00
3.005000e-05	5.775860e-02	-4.514633e+00
3.006000e-05	-1.379780e-01	-4.767215e+00
3.007000e-05	5.355573e-02	-4.969375e+00
3.008000e-05	4.388464e-02	-5.139296e+00
3.009000e-05	-6.235629e-02	-5.483084e+00
3.010000e-05	5.891135e-02	-5.694584e+00
3.011000e-05	-7.492122e-02	-5.905141e+00
3.012000e-05	2.193957e-02	-6.127194e+00
3.013000e-05	-2.028333e-03	-6.296266e+00
3.014000e-05	-7.571337e-02	-6.576797e+00
3.015000e-05	6.523158e-02	-6.735791e+00
3.016000e-05	-5.483435e-02	-6.969221e+00
3.017000e-05	6.122065e-02	-7.181480e+00
3.018000e-05	-7.080071e-02	-7.358846e+00
3.019000e-05	-2.740282e-02	-7.591401e+00
3.020000e-05	3.747560e-02	-7.782426e+00
3.021000e-05	-5.489893e-02	-8.020449e+00
3.022000e-05	3.415455e-02	-8.200374e+00
3.023000e-05	-6.337074e-02	-8.378269e+00
3.024000e-05	3.657774e-02	-8.528345e+00
3.025000e-05	-2.515733e-02	-8.735363e+00
3.026000e-05	-2.821612e-02	-8.925768e+00
3.027000e-05	-1.346732e-02	-9.074079e+00
3.028000e-05	-2.913371e-02	-9.250531e+00
3.029000e-05	2.437641e-02	-9.379428e+00
3.030000e-05	-4.698094e-02	-9.559825e+00
3.031000e-05	7.539704e-04	-9.715743e+00
3.032000e-05	-2.805264e-02	-9.853584e+00
3.033000e-05	-7.558797e-04	-1.001298e+01
3.034000e-05	-2.864918e-02	-1.014827e+01
3.035000e-05	-2.667547e-02	-1.032779e+01
3.036000e-05	-9.733344e-03	-1.048619e+01
3.037000e-05	-1.651207e-02	-1.061205e+01
3.038000e-05	-1.181550e-02	-1.073577e+01
3.039000e-05	-3.725743e-02	-1.081451e+01
3.040000e-05	-9.646751e-03	-1.093844e+01
3.041000e-05	-2.275053e-02	-1.109566e+01
3.042000e-05	-1.726779e-02	-1.123308e+01
3.043000e-05	-3.576062e-02	-1.132034e+01
3.044000e-05	-1.656804e-02	-1.147318e+01
3.045000e-05	-1.671444e-02	-1.153988e+01
3.046000e-05	-2.133848e-02	-1.165671e+01
3.047000e-05	-3.019793e-02	-1.174998e+01
3.048000e-05	-3.067660e-02	-1.188631e+01
3.049000e-05	-1.671209e-02	-1.197045e+01
3.050000e-05	-3.135897e-02	-1.209719e+01
3.051000e-05	-2.840530e-02	-1.215794e+01
3.052000e-05	-3.163601e-02	-1.223301e+01
3.053000e-05	-1.580115e-02	-1.229469e+01
3.054000e-05	-2.707013e-02	-1.236892e+01
3.055000e-05	-3.263561e-02	-1.242403e+01
3.056000e-05	-3.504367e-02	-1.246827e+01
3.057000e-05	-2.969723e-02	-1.250790e+01
3.058000e-05	-3.043512e-02	-1.260055e+01
3.059000e-05	-3.793411e-02	-1.264210e+01
3.060000e-05	-3.299595e-02	-1.265619e+01
3.061000e-05	-2.997108e-02	-1.272681e+01
3.062000e-05	-3.025378e-02	-1.270892e+01
3.063000e-05	-3.975837e-02	-1.275900e+01
3.064000e-05	-4.025692e-02	-1.278043e+01
3.065000e-05	-3.715496e-02	-1.282208e+01
3.066000e-05	-3.658595e-02	-1.279213e+01
3.067000e-05	-4.430956e-02	-1.283261e+01
3.068000e-05	-4.445287e-02	-1.285273e+01
3.069000e-05	-4.458204e-02	-1.286363e+01
3.070000e-05	-4.242512e-02	-1.283361e+01
3.071000e-05	-4.922949e-02	-1.281161e+01
3.072000e-05	-5.412483e-02	-1.280206e+01
3.073000e-05	-5.505513e-02	-1.281155e+01
3.074000e-05	-5.682663e-02	-1.273952e+01
3.075000e-05	-6.414644e-02	-1.271592e+01
3.076000e-05	-7.174172e-02	-1.272569e+01
3.077000e-05	-7.424878e-02	-1.263466e+01
3.078000e-05	-7.636193e-02	-1.260200e+01
3.079000e-05	-8.646148e-02	-1.257249e+01
3.080000e-05	-9.913769e-02	-1.246682e+01
3.081000e-05	-1.085807e-01	-1.240416e+01
3.082000e-05	-1.181440e-01	-1.235095e+01
3.083000e-05	-1.311365e-01	-1.231782e+01
3.084000e-05	-1.443490e-01	-1.223419e+01
3.085000e-05	-1.498664e-01	-1.216155e+01
3.086000e-05	-1.497220e-01	-1.206687e+01
3.087000e-05	-1.486561e-01	-1.202213e+01
3.088000e-05	-1.479840e-01	-1.192797e+01
3.089000e-05	-1.391781e-01	-1.180468e+01
3.090000e-05	-1.265628e-01	-1.168684e+01
3.091000e-05	-1.152404e-01	-1.158155e+01
3.092000e-05	-1.092109e-01	-1.146676e+01
3.093000e-05	-9.857536e-02	-1.137902e+01
3.094000e-05	-8.675645e-02	-1.120431e+01
3.095000e-05	-7.772026e-02	-1.107836e+01
3.096000e-05	-7.325167e-02	-1.095952e+01
3.097000e-05	-6.694051e-02	-1.082574e+01
3.098000e-05	-5.772771e-02	-1.076900e+01
3.099000e-05	-5.171253e-02	-1.064376e+01
3.100000e-05	-4.869151e-02	-1.048786e+01
3.101000e-05	-4.656054e-02	-1.037105e+01
3.102000e-05	-4.071760e-02	-1.022463e+01
3.103000e-05	-3.593305e-02	-1.003369e+01
3.104000e-05	-3.603735e-02	-9.917992e+00
3.105000e-05	-3.438192e-02	-9.771549e+00
3.106000e-05	-3.018832e-02	-9.604230e+00
3.107000e-05	-2.694408e-02	-9.525635e+00
3.108000e-05	-2.701729e-02	-9.238936e+00
3.109000e-05	-2.740148e-02	-9.148945e+00
3.110000e-05	-2.332274e-02	-8.982547e+00
3.111000e-05	-2.096414e-02	-8.792152e+00
3.112000e-05	-2.083060e-02	-8.623203e+00
3.113000e-05	-2.191281e-02	-8.403662e+00
3.114000e-05	-1.936325e-02	-8.275738e+00
3.115000e-05	-1.764766e-02	-8.096388e+00
3.116000e-05	-1.683540e-02	-7.905412e+00
3.117000e-05	-1.831386e-02	-7.667862e+00
3.118000e-05	-1.682091e-02	-7.455786e+00
3.119000e-05	-1.399549e-02	-7.265861e+00
3.120000e-05	-1.435994e-02	-7.045916e+00
3.121000e-05	-1.447413e-02	-6.874753e+00
3.122000e-05	-1.458799e-02	-6.685262e+00
3.123000e-05	-1.208572e-02	-6.495313e+00
3.124000e-05	-1.138322e-02	-6.285862e+00
3.125000e-05	-1.207289e-02	-6.045729e+00
3.126000e-05	-1.242365e-02	-5.843804e+00
3.127000e-05	-1.111613e-02	-5.633307e+00
3.128000e-05	-1.001202e-02	-5.444255e+00
3.129000e-05	-1.074061e-02	-5.161996e+00
3.130000e-05	-1.076217e-02	-4.918461e+00
3.131000e-05	-8.912581e-03	-4.663708e+00
3.132000e-05	-9.039410e-03	-4.466259e+00
3.133000e-05	-8.776221e-03	-4.273858e+00
3.134000e-05	-1.054906e-02	-4.055232e+00
3.135000e-05	-7.264890e-03	-3.812282e+00
3.136000e-05	-6.131965e-03	-3.581100e+00
3.137000e-05	-6.781070e-03	-3.390620e+00
3.138000e-05	-1.008653e-02	-3.169470e+00
3.139000e-05	-7.874149e-03	-2.888811e+00
3.140000e-05	-7.431184e-03	-2.703838e+00
3.141000e-05	-5.177584e-03	-2.423733e+00
3.142000e-05	-6.784832e-03	-2.212728e+00
3.143000e-05	-3.740889e-03	-1.980519e+00
3.144000e-05	-4.607529e-03	-1.788492e+00
3.145000e-05	-5.159358e-03	-1.537414e+00
3.146000e-05	-6.988004e-03	-1.200729e+00
3.147000e-05	-5.618753e-03	-9.700739e-01
3.148000e-05	-4.312617e-03	-7.605251e-01
3.149000e-05	-3.767709e-03	-4.768095e-01
3.150000e-05	-3.001197e-03	-2.657895e-01
3.151000e-05	4.227696e-04	-3.628183e-02
3.152000e-05	6.510699e-03	2.077408e-01
3.153000e-05	-6.931041e-04	4.004788e-01
3.154000e-05	9.398663e-04	5.989249e-01
3.155000e-05	-2.313967e-03	8.219801e-01
3.156000e-05	1.067679e-03	1.062556e+00
3.157000e-05	2.118947e-03	1.316093e+00
3.158000e-05	3.253660e-03	1.527172e+00
3.159000e-05	2.062247e-02	1.758376e+00
3.160000e-05	6.262557e-02	2.018504e+00
3.161000e-05	1.759186e-02	2.272059e+00
3.162000e-05	-5.014755e-02	2.536272e+00
3.163000e-05	-4.274533e-02	2.789826e+00
3.164000e-05	-1.904815e-02	2.949401e+00
3.165000e-05	-3.714178e-02	3.147298e+00
3.166000e-05	8.091975e-03	3.296262e+00
3.167000e-05	7.540868e-02	3.558323e+00
3.168000e-05	-6.744581e-02	3.747270e+00
3.169000e-05	9.605325e-02	3.975820e+00
3.170000e-05	1.386010e-02	4.279935e+00
3.171000e-05	-5.189538e-02	4.460584e+00
3.172000e-05	3.451341e-02	4.634585e+00
3.173000e-05	-4.710121e-02	4.944144e+00
3.174000e-05	3.446408e-02	5.178829e+00
3.175000e-05	1.648906e-02	5.420983e+00
3.176000e-05	-8.360227e-03	5.640580e+00
3.177000e-05	2.801452e-02	5.882612e+00
3.178000e-05	-8.257020e-03	6.083613e+00
3.179000e-05	-2.307589e-03	6.274187e+00
3.180000e-05	1.543024e-04	6.455638e+00
3.181000e-05	1.221612e-02	6.714613e+00
3.182000e-05	2.202001e-02	6.936290e+00
3.183000e-05	-9.547282e-03	7.127240e+00
3.184000e-05	3.672202e-02	7.273162e+00
3.185000e-05	-1.656503e-02	7.505690e+00
3.186000e-05	7.138179e-03	7.716297e+00
3.187000e-05	1.414058e-02	7.947869e+00
3.188000e-05	2.106692e-03	8.200330e+00
3.189000e-05	2.404282e-02	8.324746e+00
3.190000e-05	2.174324e-03	8.485218e+00
3.191000e-05	2.066167e-02	8.633559e+00
3.192000e-05	-3.732916e-03	8.819531e+00
3.193000e-05	1.707668e-02	9.000401e+00
3.194000e-05	6.038269e-03	9.121424e+00
3.195000e-05	1.000157e-02	9.286893e+00
3.196000e-05	1.755945e-02	9.494211e+00
3.197000e-05	1.270166e-02	9.653562e+00
3.198000e-05	1.819649e-02	9.788002e+00
3.199000e-05	8.132776e-03	9.939375e+00
3.200000e-05	1.505957e-02	1.008574e+01
3.201000e-05	9.690126e-03	1.025208e+01
3.202000e-05	1.677968e-02	1.035847e+01
3.203000e-05	1.407401e-02	1.051622e+01
3.204000e-05	1.682640e-02	1.064266e+01
3.205000e-05	1.838529e-02	1.080051e+01
3.206000e-05	1.825333e-02	1.091632e+01
3.207000e-05	1.616131e-02	1.104311e+01
3.208000e-05	1.355236e-02	1.114724e+01
3.209000e-05	1.724388e-02	1.129366e+01
3.210000e-05	1.781170e-02	1.136887e+01
3.211000e-05	2.056162e-02	1.147427e+01
3.212000e-05	1.880753e-02	1.164256e+01
3.213000e-05	2.133220e-02	1.173637e+01
3.214000e-05	2.134550e-02	1.177303e+01
3.215000e-05	2.067924e-02	1.186529e+01
3.216000e-05	2.018279e-02	1.195892e+01
3.217000e-05	2.098894e-02	1.204359e+01
3.218000e-05	2.384410e-02	1.210837e+01
3.219000e-05	2.344893e-02	1.217108e+01
3.220000e-05	2.395708e-02	1.226424e+01
3.221000e-05	2.292930e-02	1.228882e+01
3.222000e-05	2.542299e-02	1.235152e+01
3.223000e-05	2.502822e-02	1.244464e+01
3.224000e-05	2.578741e-02	1.248631e+01
3.225000e-05	2.686557e-02	1.254897e+01
3.226000e-05	2.853521e-02	1.257845e+01
3.227000e-05	2.946815e-02	1.260313e+01
3.228000e-05	2.874646e-02	1.262415e+01
3.229000e-05	2.982852e-02	1.263571e+01
3.230000e-05	3.217049e-02	1.267466e+01
3.231000e-05	3.335215e-02	1.268424e+01
3.232000e-05	3.406440e-02	1.267677e+01
3.233000e-05	3.495280e-02	1.268829e+01
3.234000e-05	3.688573e-02	1.272681e+01
3.235000e-05	3.909314e-02	1.270679e+01
3.236000e-05	4.012303e-02	1.268479e+01
3.237000e-05	4.384596e-02	1.267524e+01
3.238000e-05	4.766746e-02	1.264569e+01
3.239000e-05	5.093702e-02	1.263466e+01
3.240000e-05	5.380777e-02	1.262166e+01
3.241000e-05	5.724122e-02	1.260158e+01
3.242000e-05	6.315501e-02	1.255997e+01
3.243000e-05	6.838319e-02	1.252899e+01
3.244000e-05	7.610023e-02	1.247781e+01
3.245000e-05	8.430352e-02	1.245374e+01
3.246000e-05	9.572469e-02	1.239207e+01
3.247000e-05	1.052030e-01	1.231907e+01
3.248000e-05	1.164590e-01	1.224631e+01
3.249000e-05	1.276424e-01	1.221363e+01
3.250000e-05	1.375368e-01	1.215052e+01
3.251000e-05	1.439546e-01	1.203431e+01
3.252000e-05	1.459151e-01	1.195960e+01
3.253000e-05	1.440519e-01	1.188631e+01
3.254000e-05	1.383037e-01	1.182323e+01
3.255000e-05	1.270372e-01	1.173794e+01
3.256000e-05	1.188181e-01	1.164318e+01
3.257000e-05	1.060702e-01	1.146736e+01
3.258000e-05	9.920305e-02	1.138055e+01
3.259000e-05	8.647057e-02	1.124478e+01
3.260000e-05	7.948066e-02	1.114897e+01
3.261000e-05	7.112310e-02	1.102471e+01
3.262000e-05	6.509876e-02	1.092797e+01
3.263000e-05	5.669708e-02	1.079215e+01
3.264000e-05	4.970060e-02	1.070434e+01
3.265000e-05	4.332624e-02	1.052864e+01
3.266000e-05	4.024803e-02	1.039015e+01
3.267000e-05	3.591579e-02	1.023376e+01
3.268000e-05	3.370094e-02	1.011794e+01
3.269000e-05	3.041164e-02	9.961575e+00
3.270000e-05	2.947726e-02	9.804226e+00
3.271000e-05	2.552698e-02	9.643706e+00
3.272000e-05	2.141958e-02	9.515887e+00
3.273000e-05	1.938676e-02	9.348491e+00
3.274000e-05	1.585656e-02	9.212578e+00
3.275000e-05	1.736870e-02	9.034758e+00
3.276000e-05	1.650995e-02	8.834808e+00
3.277000e-05	1.577802e-02	8.665332e+00
3.278000e-05	1.372106e-02	8.505888e+00
3.279000e-05	1.173445e-02	8.369599e+00
3.280000e-05	1.174669e-02	8.160096e+00
3.281000e-05	8.932163e-03	7.990099e+00
3.282000e-05	8.586372e-03	7.760500e+00
3.283000e-05	7.560433e-03	7.591624e+00
3.284000e-05	7.143876e-03	7.332570e+00
3.285000e-05	7.351947e-03	7.179545e+00
3.286000e-05	6.190283e-03	6.980646e+00
3.287000e-05	6.392864e-03	6.770600e+00
3.288000e-05	4.987130e-03	6.490616e+00
3.289000e-05	4.012138e-03	6.358974e+00
3.290000e-05	3.960662e-03	6.140072e+00
3.291000e-05	3.892874e-03	5.988071e+00
3.292000e-05	2.538507e-03	5.729492e+00
3.293000e-05	2.376264e-03	5.508995e+00
3.294000e-05	2.281018e-03	5.268437e+00
3.295000e-05	3.394328e-03	5.074306e+00
3.296000e-05	1.896314e-03	4.770572e+00
3.297000e-05	7.488337e-04	4.539547e+00
3.298000e-05	-1.421713e-04	4.378074e+00
3.299000e-05	1.029201e-03	4.088516e+00
3.300000e-05	1.120221e-05	3.895411e+00
3.301000e-05	-1.811058e-03	3.704286e+00
3.302000e-05	-2.716695e-05	3.484910e+00
3.303000e-05	-2.590124e-04	3.233198e+00
3.304000e-05	-5.106639e-05	2.961123e+00
3.305000e-05	-2.558334e-03	2.799599e+00
3.306000e-05	-3.384990e-03	2.517044e+00
3.307000e-05	-2.663151e-03	2.316437e+00
3.308000e-05	-1.012056e-03	2.073286e+00
3.309000e-05	-3.771386e-03	1.853883e+00
3.310000e-05	-3.312090e-03	1.620577e+00
3.311000e-05	-2.767835e-03	1.330021e+00
3.312000e-05	-2.377371e-03	1.136966e+00
3.313000e-05	-5.339090e-03	8.412779e-01
3.314000e-05	-5.089465e-03	6.126727e-01
3.315000e-05	-3.389872e-03	3.806226e-01
3.316000e-05	-2.879534e-03	1.685158e-01
3.317000e-05	-2.848545e-03	-1.356118e-01
3.318000e-05	3.741724e-03	-3.241418e-01
3.319000e-05	-2.689321e-03	-5.155629e-01
3.320000e-05	-1.043598e-03	-7.768209e-01
3.321000e-05	-6.043955e-03	-9.477711e-01
3.322000e-05	-3.470106e-03	-1.177321e+00
3.323000e-05	-3.727199e-03	-1.411983e+00
3.324000e-05	6.259396e-03	-1.673555e+00
3.325000e-05	5.482090e-02	-1.822505e+00
3.326000e-05	4.068301e-02	-2.062530e+00
3.327000e-05	-5.801938e-02	-2.389858e+00
3.328000e-05	-4.240415e-02	-2.715763e+00
3.329000e-05	-5.128721e-02	-2.925144e+00
3.330000e-05	-5.948409e-02	-3.166892e+00
3.331000e-05	7.958225e-02	-3.315162e+00
3.332000e-05	1.547135e-02	-3.442560e+00
3.333000e-05	-1.012584e-01	-3.695067e+00
3.334000e-05	1.498480e-01	-3.946239e+00
3.335000e-05	-7.158828e-02	-4.127192e+00
3.336000e-05	-9.077504e-04	-4.368924e+00
3.337000e-05	-9.280286e-04	-4.577771e+00
3.338000e-05	-1.232643e-01	-4.801060e+00
3.339000e-05	1.098186e-01	-5.051984e+00
3.340000e-05	-2.692959e-02	-5.264428e+00
3.341000e-05	-9.739404e-03	-5.537351e+00
3.342000e-05	3.013998e-02	-5.706767e+00
3.343000e-05	-8.044179e-02	-5.947895e+00
3.344000e-05	6.294410e-02	-6.150825e+00
3.345000e-05	-6.508961e-02	-6.389878e+00
3.346000e-05	-1.563867e-02	-6.631003e+00
3.347000e-05	3.224760e-02	-6.789897e+00
3.348000e-05	-3.488392e-02	-7.011512e+00
3.349000e-05	5.989387e-02	-7.252607e+00
3.350000e-05	-1.112853e-01	-7.422459e+00
3.351000e-05	3.483104e-02	-7.653609e+00
3.352000e-05	-1.563874e-02	-7.864482e+00
3.353000e-05	-1.694563e-02	-8.084209e+00
3.354000e-05	8.305447e-03	-8.262608e+00
3.355000e-05	-5.047670e-02	-8.402002e+00
3.356000e-05	4.577206e-02	-8.569473e+00
3.357000e-05	-5.430626e-02	-8.788955e+00
3.358000e-05	-2.590662e-03	-8.987850e+00
3.359000e-05	-3.638681e-02	-9.106214e+00
3.360000e-05	1.832250e-03	-9.267241e+00
3.361000e-05	1.248290e-03	-9.442658e+00
3.362000e-05	-3.855297e-02	-9.623533e+00
3.363000e-05	-5.079899e-04	-9.788820e+00
3.364000e-05	-2.939432e-02	-9.915717e+00
3.365000e-05	2.605119e-03	-1.004314e+01
3.366000e-05	-4.027862e-02	-1.020948e+01
3.367000e-05	-1.364130e-02	-1.035197e+01
3.368000e-05	-1.784008e-02	-1.052624e+01
3.369000e-05	-8.834489e-03	-1.061271e+01
3.370000e-05	-2.382420e-02	-1.075735e+01
3.371000e-05	-2.813292e-02	-1.087767e+01
3.372000e-05	-1.247640e-02	-1.099850e+01
3.373000e-05	-2.162833e-02	-1.114947e+01
3.374000e-05	-2.081141e-02	-1.129366e+01
3.375000e-05	-3.571393e-02	-1.136092e+01
3.376000e-05	-1.230938e-02	-1.146421e+01
3.377000e-05	-2.277246e-02	-1.159100e+01
3.378000e-05	-2.026033e-02	-1.171632e+01
3.379000e-05	-3.480182e-02	-1.184258e+01
3.380000e-05	-2.180436e-02	-1.193886e+01
3.381000e-05	-2.094182e-02	-1.198405e+01
3.382000e-05	-2.780847e-02	-1.212730e+01
3.383000e-05	-3.147871e-02	-1.216093e+01
3.384000e-05	-2.864379e-02	-1.221418e+01
3.385000e-05	-2.051309e-02	-1.232627e+01
3.386000e-05	-3.115169e-02	-1.237095e+01
3.387000e-05	-3.283399e-02	-1.241413e+01
3.388000e-05	-3.338704e-02	-1.250729e+01
3.389000e-05	-2.612040e-02	-1.253890e+01
3.390000e-05	-3.194880e-02	-1.261955e+01
3.391000e-05	-3.529056e-02	-1.262266e+01
3.392000e-05	-3.413591e-02	-1.264519e+01
3.393000e-05	-3.068285e-02	-1.265836e+01
3.394000e-05	-3.427987e-02	-1.273792e+01
3.395000e-05	-4.013418e-02	-1.274948e+01
3.396000e-05	-3.932982e-02	-1.279205e+01
3.397000e-05	-3.480083e-02	-1.280213e+01
3.398000e-05	-3.828042e-02	-1.283311e+01
3.399000e-05	-4.410525e-02	-1.285416e+01
3.400000e-05	-4.621069e-02	-1.284356e+01
3.401000e-05	-4.249402e-02	-1.278266e+01
3.402000e-05	-4.673620e-02	-1.284356e+01
3.403000e-05	-5.243870e-02	-1.285250e+01
3.404000e-05	-5.511651e-02	-1.277203e+01
3.405000e-05	-5.400411e-02	-1.273950e+01
3.406000e-05	-5.624681e-02	-1.271740e+01
3.407000e-05	-6.574596e-02	-1.270887e+01
3.408000e-05	-7.143112e-02	-1.265626e+01
3.409000e-05	-7.438861e-02	-1.260521e+01
3.410000e-05	-8.060322e-02	-1.260048e+01
3.411000e-05	-9.375453e-02	-1.252892e+01
3.412000e-05	-1.043309e-01	-1.246521e+01
3.413000e-05	-1.103402e-01	-1.236416e+01
3.414000e-05	-1.204671e-01	-1.232840e+01
3.415000e-05	-1.337436e-01	-1.226426e+01
3.416000e-05	-1.454783e-01	-1.223365e+01
3.417000e-05	-1.501212e-01	-1.215995e+01
3.418000e-05	-1.513978e-01	-1.207521e+01
3.419000e-05	-1.519194e-01	-1.199050e+01
3.420000e-05	-1.465589e-01	-1.185736e+01
3.421000e-05	-1.355060e-01	-1.178105e+01
3.422000e-05	-1.226495e-01	-1.167582e+01
3.423000e-05	-1.119783e-01	-1.155155e+01
3.424000e-05	-1.045566e-01	-1.144421e+01
3.425000e-05	-9.373403e-02	-1.129692e+01
3.426000e-05	-8.465892e-02	-1.118265e+01
3.427000e-05	-7.662782e-02	-1.107571e+01
3.428000e-05	-7.155338e-02	-1.092942e+01
3.429000e-05	-6.502331e-02	-1.078366e+01
3.430000e-05	-5.577991e-02	-1.072739e+01
3.431000e-05	-5.115499e-02	-1.060316e+01
3.432000e-05	-4.795048e-02	-1.044328e+01
3.433000e-05	-4.380638e-02	-1.031849e+01
3.434000e-05	-3.905974e-02	-1.014049e+01
3.435000e-05	-3.659585e-02	-9.983504e+00
3.436000e-05	-3.504312e-02	-9.885261e+00
3.437000e-05	-3.350066e-02	-9.747393e+00
3.438000e-05	-2.904380e-02	-9.582079e+00
3.439000e-05	-2.649589e-02	-9.412102e+00
3.440000e-05	-2.577564e-02	-9.204304e+00
3.441000e-05	-2.603444e-02	-9.106386e+00
3.442000e-05	-2.178807e-02	-8.919442e+00
3.443000e-05	-2.159703e-02	-8.718896e+00
3.444000e-05	-2.118591e-02	-8.538969e+00
3.445000e-05	-2.076129e-02	-8.370053e+00
3.446000e-05	-1.824819e-02	-8.243678e+00
3.447000e-05	-1.764703e-02	-8.054206e+00
3.448000e-05	-1.741867e-02	-7.852681e+00
3.449000e-05	-1.727462e-02	-7.583104e+00
3.450000e-05	-1.550789e-02	-7.391103e+00
3.451000e-05	-1.403469e-02	-7.212654e+00
3.452000e-05	-1.479528e-02	-7.043253e+00
3.453000e-05	-1.392392e-02	-6.803076e+00
3.454000e-05	-1.382876e-02	-6.601150e+00
3.455000e-05	-1.119930e-02	-6.422629e+00
3.456000e-05	-1.242180e-02	-6.181075e+00
3.457000e-05	-1.205181e-02	-5.961000e+00
3.458000e-05	-1.081651e-02	-5.781476e+00
3.459000e-05	-1.069253e-02	-5.571675e+00
3.460000e-05	-1.123078e-02	-5.340495e+00
3.461000e-05	-1.184753e-02	-5.086758e+00
3.462000e-05	-9.724623e-03	-4.802677e+00
3.463000e-05	-7.159393e-03	-4.571175e+00
3.464000e-05	-8.213848e-03	-4.412075e+00
3.465000e-05	-9.573763e-03	-4.171099e+00
3.466000e-05	-8.304096e-03	-3.961127e+00
3.467000e-05	-7.412252e-03	-3.759495e+00
3.468000e-05	-7.441941e-03	-3.536915e+00
3.469000e-05	-8.014476e-03	-3.287362e+00
3.470000e-05	-8.309306e-03	-3.054886e+00
3.471000e-05	-6.687442e-03	-2.853654e+00
3.472000e-05	-6.783366e-03	-2.601100e+00
3.473000e-05	-6.587420e-03	-2.382598e+00
3.474000e-05	-5.014114e-03	-2.139464e+00
3.475000e-05	-4.086743e-03	-1.874858e+00
3.476000e-05	-5.236878e-03	-1.705336e+00
3.477000e-05	-5.989260e-03	-1.411278e+00
3.478000e-05	-6.265911e-03	-1.158418e+00
3.479000e-05	-6.064482e-03	-8.958871e-01
3.480000e-05	-4.851555e-03	-6.943593e-01
3.481000e-05	-2.580139e-03	-4.430751e-01
3.482000e-05	-2.111897e-03	-2.111038e-01
3.483000e-05	3.162787e-03	-6.011278e-04
3.484000e-05	5.280309e-03	2.920128e-01
3.485000e-05	-3.627997e-04	4.736579e-01
3.486000e-05	-1.745612e-04	6.931342e-01
3.487000e-05	-2.316891e-03	8.635928e-01
3.488000e-05	2.233228e-03	1.176196e+00
3.489000e-05	1.921229e-03	1.357827e+00
3.490000e-05	7.042070e-03	1.651983e+00
3.491000e-05	3.127506e-02	1.882559e+00
3.492000e-05	6.782310e-02	2.065139e+00
3.493000e-05	-2.038334e-02	2.349348e+00
3.494000e-05	-4.838311e-02	2.629458e+00
3.495000e-05	-3.819490e-02	2.843133e+00
3.496000e-05	-1.423713e-02	3.062557e+00
3.497000e-05	-4.113288e-02	3.207946e+00
3.498000e-05	4.872796e-02	3.447407e+00
3.499000e-05	2.854133e-02	3.631510e+00
3.500000e-05	-4.458490e-02	3.813056e+00
3.501000e-05	1.216924e-01	4.020905e+00
3.502000e-05	-4.568822e-02	4.315243e+00
3.503000e-05	-1.092035e-02	4.496719e+00
3.504000e-05	1.039842e-02	4.737319e+00
3.505000e-05	-3.671050e-02	5.010456e+00
3.506000e-05	4.979548e-02	5.273587e+00
3.507000e-05	-4.253453e-03	5.495239e+00
3.508000e-05	9.418650e-03	5.686264e+00
3.509000e-05	2.239805e-02	5.947295e+00
3.510000e-05	-1.426275e-02	6.138771e+00
3.511000e-05	5.572461e-03	6.347297e+00
3.512000e-05	-4.015116e-03	6.557344e+00
3.513000e-05	2.214056e-02	6.737350e+00
3.514000e-05	5.729658e-03	6.939423e+00
3.515000e-05	4.731686e-03	7.189474e+00
3.516000e-05	2.969129e-02	7.351449e+00
3.517000e-05	-2.481553e-02	7.599453e+00
3.518000e-05	2.335762e-02	7.819477e+00
3.519000e-05	1.862618e-03	8.001005e+00
3.520000e-05	1.465595e-02	8.253083e+00
3.521000e-05	1.615879e-02	8.370449e+00
3.522000e-05	8.091533e-03	8.536868e+00
3.523000e-05	1.504413e-02	8.695267e+00
3.524000e-05	-3.244573e-03	8.834559e+00
3.525000e-05	1.943417e-02	9.023080e+00
3.526000e-05	3.045717e-03	9.202031e+00
3.527000e-05	1.749722e-02	9.398395e+00
3.528000e-05	1.542157e-02	9.515369e+00
3.529000e-05	1.548731e-02	9.685742e+00
3.530000e-05	1.543863e-02	9.832657e+00
3.531000e-05	7.824562e-03	1.001303e+01
3.532000e-05	1.431842e-02	1.013789e+01
3.533000e-05	1.184282e-02	1.028424e+01
3.534000e-05	1.879016e-02	1.039359e+01
3.535000e-05	1.358478e-02	1.055937e+01
3.536000e-05	1.886489e-02	1.067426e+01
3.537000e-05	1.858433e-02	1.083256e+01
3.538000e-05	1.806171e-02	1.096744e+01
3.539000e-05	1.463965e-02	1.103361e+01
3.540000e-05	1.509937e-02	1.116838e+01
3.541000e-05	1.882178e-02	1.124676e+01
3.542000e-05	1.850410e-02	1.142008e+01
3.543000e-05	1.875195e-02	1.148742e+01
3.544000e-05	1.881540e-02	1.160408e+01
3.545000e-05	2.205038e-02	1.176992e+01
3.546000e-05	2.130605e-02	1.182516e+01
3.547000e-05	1.989519e-02	1.193579e+01
3.548000e-05	2.159953e-02	1.198150e+01
3.549000e-05	2.154916e-02	1.206519e+01
3.550000e-05	2.398396e-02	1.217835e+01
3.551000e-05	2.358026e-02	1.221210e+01
3.552000e-05	2.502778e-02	1.225431e+01
3.553000e-05	2.405369e-02	1.237895e+01
3.554000e-05	2.539953e-02	1.241216e+01
3.555000e-05	2.462505e-02	1.245566e+01
3.556000e-05	2.568025e-02	1.251729e+01
3.557000e-05	2.709706e-02	1.255895e+01
3.558000e-05	2.965059e-02	1.255052e+01
3.559000e-05	2.955287e-02	1.259161e+01
3.560000e-05	3.013571e-02	1.262166e+01
3.561000e-05	3.097767e-02	1.264421e+01
3.562000e-05	3.147411e-02	1.266568e+01
3.563000e-05	3.327267e-02	1.267481e+01
3.564000e-05	3.451014e-02	1.268629e+01
3.565000e-05	3.629085e-02	1.267629e+01
3.566000e-05	3.763289e-02	1.268682e+01
3.567000e-05	3.996229e-02	1.271829e+01
3.568000e-05	4.103577e-02	1.267479e+01
3.569000e-05	4.494608e-02	1.265577e+01
3.570000e-05	4.863572e-02	1.264629e+01
3.571000e-05	5.177055e-02	1.263318e+01
3.572000e-05	5.539391e-02	1.257218e+01
3.573000e-05	5.963117e-02	1.258007e+01
3.574000e-05	6.472244e-02	1.255007e+01
3.575000e-05	7.163370e-02	1.249741e+01
3.576000e-05	7.839139e-02	1.244784e+01
3.577000e-05	8.809545e-02	1.245518e+01
3.578000e-05	9.750093e-02	1.240100e+01
3.579000e-05	1.087021e-01	1.229745e+01
3.580000e-05	1.204697e-01	1.227381e+01
3.581000e-05	1.314172e-01	1.217308e+01
3.582000e-05	1.397237e-01	1.210884e+01
3.583000e-05	1.452714e-01	1.201373e+01
3.584000e-05	1.453701e-01	1.190845e+01
3.585000e-05	1.419820e-01	1.185476e+01
3.586000e-05	1.348742e-01	1.179112e+01
3.587000e-05	1.258400e-01	1.168781e+01
3.588000e-05	1.136347e-01	1.158155e+01
3.589000e-05	1.036411e-01	1.143636e+01
3.590000e-05	9.378745e-02	1.132852e+01
3.591000e-05	8.477591e-02	1.123255e+01
3.592000e-05	7.640248e-02	1.106737e+01
3.593000e-05	6.862168e-02	1.099258e+01
3.594000e-05	6.042369e-02	1.090779e+01
3.595000e-05	5.421915e-02	1.074955e+01
3.596000e-05	4.775756e-02	1.064373e+01
3.597000e-05	4.395020e-02	1.047681e+01
3.598000e-05	3.935701e-02	1.033942e+01
3.599000e-05	3.515115e-02	1.022263e+01
3.600000e-05	3.259516e-02	1.007678e+01
3.601000e-05	2.922246e-02	9.917450e+00
3.602000e-05	2.617742e-02	9.769572e+00
3.603000e-05	2.305211e-02	9.569632e+00
3.604000e-05	2.109153e-02	9.434159e+00
3.605000e-05	2.010962e-02	9.306841e+00
3.606000e-05	1.832968e-02	9.158073e+00
3.607000e-05	1.692968e-02	8.960048e+00
3.608000e-05	1.502067e-02	8.803078e+00
3.609000e-05	1.429715e-02	8.640623e+00
3.610000e-05	1.312432e-02	8.414336e+00
3.611000e-05	1.086146e-02	8.315839e+00
3.612000e-05	1.033778e-02	8.076446e+00
3.613000e-05	9.241984e-03	7.906888e+00
3.614000e-05	9.210785e-03	7.677891e+00
3.615000e-05	8.094620e-03	7.537568e+00
3.616000e-05	6.640918e-03	7.265423e+00
3.617000e-05	6.365131e-03	7.094865e+00
3.618000e-05	6.365521e-03	6.877942e+00
3.619000e-05	5.888172e-03	6.707417e+00
3.620000e-05	4.730394e-03	6.456385e+00
3.621000e-05	4.137192e-03	6.304412e+00
3.622000e-05	4.517708e-03	6.065861e+00
3.623000e-05	3.175217e-03	5.917942e+00
3.624000e-05	3.163153e-03	5.645315e+00
3.625000e-05	1.741495e-03	5.443834e+00
3.626000e-05	3.245815e-03	5.223827e+00
3.627000e-05	2.698527e-03	4.919092e+00
3.628000e-05	1.074734e-03	4.688437e+00
3.629000e-05	-2.102657e-04	4.495912e+00
3.630000e-05	1.319819e-03	4.315389e+00
3.631000e-05	8.019231e-04	4.022753e+00
3.632000e-05	-2.679498e-04	3.801750e+00
3.633000e-05	-1.171448e-03	3.633127e+00
3.634000e-05	-8.326227e-04	3.380094e+00
3.635000e-05	-4.446439e-04	3.129439e+00
3.636000e-05	-1.485054e-03	2.917391e+00
3.637000e-05	-2.174433e-03	2.676920e+00
3.638000e-05	-2.231140e-03	2.442884e+00
3.639000e-05	-9.553173e-04	2.221625e+00
3.640000e-05	-3.049794e-03	1.982624e+00
3.641000e-05	-3.513409e-03	1.790220e+00
3.642000e-05	-3.375853e-03	1.557991e+00
3.643000e-05	-3.627100e-03	1.305814e+00
3.644000e-05	-3.655429e-03	1.023729e+00
3.645000e-05	-3.958533e-03	7.499448e-01
3.646000e-05	-3.687160e-03	4.974411e-01
3.647000e-05	-3.519013e-03	2.954958e-01
3.648000e-05	-3.354975e-03	1.433047e-02
3.649000e-05	1.216719e-03	-1.768196e-01
3.650000e-05	3.418260e-03	-3.579210e-01
3.651000e-05	-3.580158e-03	-6.292747e-01
3.652000e-05	-2.394644e-03	-8.515539e-01
3.653000e-05	-4.866971e-03	-1.010979e+00
3.654000e-05	-2.461316e-03	-1.243502e+00
3.655000e-05	-3.598125e-03	-1.505591e+00
3.656000e-05	1.734555e-02	-1.694738e+00
3.657000e-05	7.242618e-02	-1.864635e+00
3.658000e-05	-2.272090e-03	-2.199330e+00
3.659000e-05	-5.640301e-02	-2.524695e+00
3.660000e-05	-4.568894e-02	-2.769873e+00
3.661000e-05	-4.949485e-02	-2.992058e+00
3.662000e-05	-3.639187e-02	-3.188504e+00
3.663000e-05	1.137944e-01	-3.317718e+00
3.664000e-05	-7.658422e-02	-3.546713e+00
3.665000e-05	-1.191742e-03	-3.797750e+00
3.666000e-05	1.197344e-01	-3.969972e+00
3.667000e-05	-1.110531e-01	-4.210910e+00
3.668000e-05	5.593422e-02	-4.431030e+00
3.669000e-05	-8.167220e-02	-4.620934e+00
3.670000e-05	-4.605162e-02	-4.884815e+00
3.671000e-05	1.069176e-01	-5.095209e+00
3.672000e-05	-6.961927e-02	-5.387352e+00
3.673000e-05	4.173538e-02	-5.621583e+00
3.674000e-05	-2.543946e-02	-5.810929e+00
3.675000e-05	-4.372809e-02	-6.042999e+00
3.676000e-05	5.515634e-02	-6.242083e+00
3.677000e-05	-1.000788e-01	-6.444484e+00
3.678000e-05	4.463957e-02	-6.674161e+00
3.679000e-05	-2.088754e-02	-6.853112e+00
3.680000e-05	1.585759e-02	-7.085747e+00
3.681000e-05	6.677729e-03	-7.305741e+00
3.682000e-05	-9.393493e-02	-7.495740e+00
3.683000e-05	6.193863e-02	-7.728145e+00
3.684000e-05	-5.539598e-02	-7.926766e+00
3.685000e-05	2.239284e-02	-8.144296e+00
3.686000e-05	-3.353465e-02	-8.274687e+00
3.687000e-05	-7.408183e-03	-8.484142e+00
3.688000e-05	2.122377e-02	-8.604657e+00
3.689000e-05	-5.501458e-02	-8.845662e+00
3.690000e-05	2.489934e-03	-9.002477e+00
3.691000e-05	-4.557490e-02	-9.169896e+00
3.692000e-05	2.373552e-02	-9.317367e+00
3.693000e-05	-2.705776e-02	-9.507658e+00
3.694000e-05	-1.884085e-02	-9.665112e+00
3.695000e-05	-1.206571e-02	-9.831449e+00
3.696000e-05	-1.778662e-02	-9.919877e+00
3.697000e-05	-7.710491e-03	-1.007722e+01
3.698000e-05	-4.160179e-02	-1.027316e+01
3.699000e-05	-7.171715e-03	-1.045361e+01
3.700000e-05	-2.001760e-02	-1.054835e+01
3.701000e-05	-5.075817e-03	-1.067574e+01
3.702000e-05	-3.311846e-02	-1.078195e+01
3.703000e-05	-1.835439e-02	-1.091677e+01
3.704000e-05	-1.750201e-02	-1.101253e+01
3.705000e-05	-1.805970e-02	-1.112048e+01
3.706000e-05	-2.968896e-02	-1.129624e+01
3.707000e-05	-2.837656e-02	-1.139401e+01
3.708000e-05	-1.297184e-02	-1.154837e+01
3.709000e-05	-2.242099e-02	-1.161456e+01
3.710000e-05	-2.357869e-02	-1.173942e+01
3.711000e-05	-3.503207e-02	-1.188458e+01
3.712000e-05	-1.715511e-02	-1.196089e+01
3.713000e-05	-2.622926e-02	-1.207459e+01
3.714000e-05	-2.803387e-02	-1.213837e+01
3.715000e-05	-3.301682e-02	-1.220108e+01
3.716000e-05	-2.265018e-02	-1.220369e+01
3.717000e-05	-2.271340e-02	-1.234687e+01
3.718000e-05	-3.320456e-02	-1.236995e+01
3.719000e-05	-3.451481e-02	-1.243611e+01
3.720000e-05	-3.068113e-02	-1.248834e+01
3.721000e-05	-2.541649e-02	-1.255995e+01
3.722000e-05	-3.434088e-02	-1.259153e+01
3.723000e-05	-3.553839e-02	-1.264673e+01
3.724000e-05	-3.241707e-02	-1.267579e+01
3.725000e-05	-3.051426e-02	-1.271682e+01
3.726000e-05	-3.728396e-02	-1.270840e+01
3.727000e-05	-4.169050e-02	-1.274105e+01
3.728000e-05	-3.760189e-02	-1.276353e+01
3.729000e-05	-3.373489e-02	-1.281508e+01
3.730000e-05	-4.021256e-02	-1.285313e+01
3.731000e-05	-4.419927e-02	-1.282414e+01
3.732000e-05	-4.588845e-02	-1.284416e+01
3.733000e-05	-4.269605e-02	-1.283358e+01
3.734000e-05	-4.844178e-02	-1.283308e+01
3.735000e-05	-5.427835e-02	-1.279155e+01
3.736000e-05	-5.414699e-02	-1.275998e+01
3.737000e-05	-5.495453e-02	-1.271944e+01
3.738000e-05	-5.954823e-02	-1.274739e+01
3.739000e-05	-7.043042e-02	-1.269587e+01
3.740000e-05	-7.208360e-02	-1.268528e+01
3.741000e-05	-7.515823e-02	-1.260413e+01
3.742000e-05	-8.380605e-02	-1.258250e+01
3.743000e-05	-9.610940e-02	-1.247637e+01
3.744000e-05	-1.052028e-01	-1.243381e+01
3.745000e-05	-1.137302e-01	-1.237103e+01
3.746000e-05	-1.266084e-01	-1.228897e+01
3.747000e-05	-1.407686e-01	-1.228531e+01
3.748000e-05	-1.486701e-01	-1.222007e+01
3.749000e-05	-1.496348e-01	-1.212592e+01
3.750000e-05	-1.500405e-01	-1.201526e+01
3.751000e-05	-1.500977e-01	-1.196900e+01
3.752000e-05	-1.431560e-01	-1.187476e+01
3.753000e-05	-1.305662e-01	-1.175202e+01
3.754000e-05	-1.199137e-01	-1.162313e+01
3.755000e-05	-1.113893e-01	-1.148852e+01
3.756000e-05	-1.019545e-01	-1.143363e+01
3.757000e-05	-8.972677e-02	-1.126678e+01
3.758000e-05	-8.156695e-02	-1.114795e+01
3.759000e-05	-7.493646e-02	-1.100258e+01
3.760000e-05	-6.828326e-02	-1.090789e+01
3.761000e-05	-6.082928e-02	-1.080110e+01
3.762000e-05	-5.410783e-02	-1.070534e+01
3.763000e-05	-5.066967e-02	-1.053100e+01
3.764000e-05	-4.637571e-02	-1.041263e+01
3.765000e-05	-4.257477e-02	-1.028487e+01
3.766000e-05	-3.767995e-02	-1.007039e+01
3.767000e-05	-3.683152e-02	-9.941449e+00
3.768000e-05	-3.426524e-02	-9.823627e+00
3.769000e-05	-3.154255e-02	-9.685837e+00
3.770000e-05	-2.746954e-02	-9.518444e+00
3.771000e-05	-2.669216e-02	-9.351517e+00
3.772000e-05	-2.654373e-02	-9.152577e+00
3.773000e-05	-2.459100e-02	-9.053152e+00
3.774000e-05	-2.200350e-02	-8.866258e+00
3.775000e-05	-2.170944e-02	-8.664315e+00
3.776000e-05	-2.112030e-02	-8.497861e+00
3.777000e-05	-1.966900e-02	-8.327391e+00
3.778000e-05	-1.765530e-02	-8.149546e+00
3.779000e-05	-1.688416e-02	-8.000525e+00
3.780000e-05	-1.779989e-02	-7.729568e+00
3.781000e-05	-1.716789e-02	-7.518440e+00
3.782000e-05	-1.492521e-02	-7.350018e+00
3.783000e-05	-1.414997e-02	-7.160497e+00
3.784000e-05	-1.465275e-02	-6.898965e+00
3.785000e-05	-1.430825e-02	-6.729446e+00
3.786000e-05	-1.209757e-02	-6.549474e+00
3.787000e-05	-1.139413e-02	-6.369025e+00
3.788000e-05	-1.202253e-02	-6.097619e+00
3.789000e-05	-1.328599e-02	-5.936945e+00
3.790000e-05	-1.110035e-02	-5.696811e+00
3.791000e-05	-1.071014e-02	-5.516838e+00
3.792000e-05	-1.048741e-02	-5.235280e+00
3.793000e-05	-1.177433e-02	-4.991678e+00
3.794000e-05	-8.944077e-03	-4.756992e+00
3.795000e-05	-9.337962e-03	-4.538441e+00
3.796000e-05	-7.464332e-03	-4.328445e+00
3.797000e-05	-9.753527e-03	-4.129312e+00
3.798000e-05	-7.323245e-03	-3.915365e+00
3.799000e-05	-8.165175e-03	-3.665734e+00
3.800000e-05	-7.269316e-03	-3.444209e+00
3.801000e-05	-8.973679e-03	-3.233230e+00
3.802000e-05	-7.565430e-03	-2.971125e+00
3.803000e-05	-7.691663e-03	-2.759467e+00
3.804000e-05	-6.063181e-03	-2.539486e+00
3.805000e-05	-6.750583e-03	-2.334866e+00
3.806000e-05	-5.886259e-03	-2.033277e+00
3.807000e-05	-4.618836e-03	-1.822202e+00
3.808000e-05	-5.022513e-03	-1.601103e+00
3.809000e-05	-5.822897e-03	-1.337437e+00
3.810000e-05	-6.084538e-03	-1.054808e+00
3.811000e-05	-4.291163e-03	-8.137804e-01
3.812000e-05	-4.180292e-03	-6.122464e-01
3.813000e-05	-3.459872e-03	-3.574698e-01
3.814000e-05	-1.969947e-03	-1.264171e-01
3.815000e-05	5.050419e-03	4.316046e-02
3.816000e-05	2.873860e-03	3.552697e-01
3.817000e-05	-4.747723e-04	5.378220e-01
3.818000e-05	-1.543550e-03	7.758434e-01
3.819000e-05	4.989847e-04	9.287947e-01
3.820000e-05	1.785441e-03	1.220930e+00
3.821000e-05	2.019868e-03	1.470608e+00
3.822000e-05	1.234141e-02	1.727289e+00
3.823000e-05	4.700327e-02	1.945716e+00
3.824000e-05	5.263554e-02	2.168320e+00
3.825000e-05	-4.411014e-02	2.420006e+00
3.826000e-05	-4.637212e-02	2.745293e+00
3.827000e-05	-2.848635e-02	2.946290e+00
3.828000e-05	-2.272025e-02	3.104187e+00
3.829000e-05	-2.675993e-02	3.223056e+00
3.830000e-05	7.792695e-02	3.473638e+00
3.831000e-05	-3.207668e-02	3.665640e+00
3.832000e-05	2.099074e-02	3.913734e+00
3.833000e-05	8.555730e-02	4.116245e+00
3.834000e-05	-6.957562e-02	4.399349e+00
3.835000e-05	2.646506e-02	4.551400e+00
3.836000e-05	-2.341295e-02	4.842008e+00
3.837000e-05	-3.912477e-03	5.083586e+00
3.838000e-05	4.085122e-02	5.327892e+00
3.839000e-05	-1.411667e-02	5.598921e+00
3.840000e-05	2.395211e-02	5.750396e+00
3.841000e-05	6.729628e-03	5.972053e+00
3.842000e-05	-1.333221e-02	6.200450e+00
3.843000e-05	7.291161e-03	6.380505e+00
3.844000e-05	3.359142e-04	6.571978e+00
3.845000e-05	2.793854e-02	6.843053e+00
3.846000e-05	-8.028984e-03	7.083131e+00
3.847000e-05	2.546128e-02	7.263582e+00
3.848000e-05	7.862005e-03	7.441505e+00
3.849000e-05	-1.433374e-02	7.646134e+00
3.850000e-05	2.413254e-02	7.864710e+00
3.851000e-05	-3.660478e-03	8.105637e+00
3.852000e-05	2.503919e-02	8.285711e+00
3.853000e-05	6.282321e-03	8.422558e+00
3.854000e-05	1.626344e-02	8.561428e+00
3.855000e-05	6.283317e-03	8.757399e+00
3.856000e-05	6.535086e-03	8.875768e+00
3.857000e-05	1.307854e-02	9.094637e+00
3.858000e-05	3.374530e-03	9.283639e+00
3.859000e-05	1.996796e-02	9.431008e+00
3.860000e-05	1.383775e-02	9.589400e+00
3.861000e-05	1.644253e-02	9.747824e+00
3.862000e-05	1.191909e-02	9.853788e+00
3.863000e-05	1.146690e-02	1.004571e+01
3.864000e-05	1.326904e-02	1.019053e+01
3.865000e-05	1.345643e-02	1.032677e+01
3.866000e-05	1.616673e-02	1.040319e+01
3.867000e-05	1.478840e-02	1.061043e+01
3.868000e-05	1.928592e-02	1.072684e+01
3.869000e-05	1.867824e-02	1.087516e+01
3.870000e-05	1.649970e-02	1.100190e+01
3.871000e-05	1.457670e-02	1.108566e+01
3.872000e-05	1.619592e-02	1.122308e+01
3.873000e-05	1.943028e-02	1.130934e+01
3.874000e-05	1.850594e-02	1.142424e+01
3.875000e-05	1.925983e-02	1.154790e+01
3.876000e-05	2.065166e-02	1.164626e+01
3.877000e-05	2.202821e-02	1.176048e+01
3.878000e-05	2.034378e-02	1.185316e+01
3.879000e-05	1.989321e-02	1.190690e+01
3.880000e-05	2.151660e-02	1.200316e+01
3.881000e-05	2.266133e-02	1.209680e+01
3.882000e-05	2.362828e-02	1.219055e+01
3.883000e-05	2.319905e-02	1.225458e+01
3.884000e-05	2.415589e-02	1.226581e+01
3.885000e-05	2.515563e-02	1.236990e+01
3.886000e-05	2.541910e-02	1.241258e+01
3.887000e-05	2.576417e-02	1.243531e+01
3.888000e-05	2.620132e-02	1.252684e+01
3.889000e-05	2.886989e-02	1.256092e+01
3.890000e-05	2.862942e-02	1.260152e+01
3.891000e-05	2.969441e-02	1.258310e+01
3.892000e-05	2.823846e-02	1.263316e+01
3.893000e-05	3.196479e-02	1.265471e+01
3.894000e-05	3.229078e-02	1.266424e+01
3.895000e-05	3.414658e-02	1.266727e+01
3.896000e-05	3.450213e-02	1.270571e+01
3.897000e-05	3.677118e-02	1.269729e+01
3.898000e-05	3.871783e-02	1.267631e+01
3.899000e-05	4.023186e-02	1.267684e+01
3.900000e-05	4.238269e-02	1.269481e+01
3.901000e-05	4.552735e-02	1.267526e+01
3.902000e-05	4.990899e-02	1.265418e+01
3.903000e-05	5.397679e-02	1.266268e+01
3.904000e-05	5.637719e-02	1.261212e+01
3.905000e-05	6.125486e-02	1.254110e+01
3.906000e-05	6.602821e-02	1.255847e+01
3.907000e-05	7.346273e-02	1.251686e+01
3.908000e-05	8.124863e-02	1.243576e+01
3.909000e-05	9.133722e-02	1.237313e+01
3.910000e-05	1.019964e-01	1.238000e+01
3.911000e-05	1.124304e-01	1.229637e+01
3.912000e-05	1.239519e-01	1.224526e+01
3.913000e-05	1.339151e-01	1.215107e+01
3.914000e-05	1.423272e-01	1.208681e+01
3.915000e-05	1.470275e-01	1.199113e+01
3.916000e-05	1.459250e-01	1.189691e+01
3.917000e-05	1.417480e-01	1.184218e+01
3.918000e-05	1.322381e-01	1.177057e+01
3.919000e-05	1.227877e-01	1.159269e+01
3.920000e-05	1.114572e-01	1.152695e+01
3.921000e-05	1.013592e-01	1.138320e+01
3.922000e-05	9.070489e-02	1.126684e+01
3.923000e-05	8.226343e-02	1.115005e+01
3.924000e-05	7.156086e-02	1.105476e+01
3.925000e-05	6.528257e-02	1.096007e+01
3.926000e-05	5.823516e-02	1.083326e+01
3.927000e-05	5.453476e-02	1.074744e+01
3.928000e-05	4.644626e-02	1.061263e+01
3.929000e-05	4.318127e-02	1.043533e+01
3.930000e-05	3.629409e-02	1.031584e+01
3.931000e-05	3.443219e-02	1.017162e+01
3.932000e-05	2.896240e-02	1.001373e+01
3.933000e-05	2.820299e-02	9.905213e+00
3.934000e-05	2.493548e-02	9.647987e+00
3.935000e-05	2.430496e-02	9.558494e+00
3.936000e-05	2.272222e-02	9.381124e+00
3.937000e-05	1.996248e-02	9.222832e+00
3.938000e-05	1.772285e-02	9.086388e+00
3.939000e-05	1.482883e-02	8.880462e+00
3.940000e-05	1.379786e-02	8.708917e+00
3.941000e-05	1.286628e-02	8.571049e+00
3.942000e-05	1.191457e-02	8.392129e+00
3.943000e-05	1.160546e-02	8.253681e+00
3.944000e-05	1.234605e-02	7.984658e+00
3.945000e-05	1.005845e-02	7.833231e+00
3.946000e-05	9.874356e-03	7.673258e+00
3.947000e-05	5.953586e-03	7.433806e+00
3.948000e-05	6.386647e-03	7.234178e+00
3.949000e-05	4.914630e-03	7.002758e+00
3.950000e-05	5.403460e-03	6.812728e+00
3.951000e-05	5.741690e-03	6.634257e+00
3.952000e-05	5.823371e-03	6.394153e+00
3.953000e-05	6.137481e-03	6.232205e+00
3.954000e-05	4.387450e-03	6.042203e+00
3.955000e-05	2.556155e-03	5.832728e+00
3.956000e-05	1.691541e-03	5.562647e+00
3.957000e-05	2.729101e-03	5.381673e+00
3.958000e-05	7.507887e-04	5.139045e+00
3.959000e-05	1.207973e-03	4.844858e+00
3.960000e-05	1.979912e-03	4.633805e+00
3.961000e-05	2.085043e-03	4.454206e+00
3.962000e-05	9.224789e-04	4.201255e+00
3.963000e-05	2.474291e-04	3.951470e+00
3.964000e-05	-1.070915e-03	3.739091e+00
3.965000e-05	-6.190568e-04	3.579095e+00
3.966000e-05	-1.530845e-03	3.296907e+00
3.967000e-05	-2.146600e-03	3.073834e+00
3.968000e-05	-1.887612e-03	2.895311e+00
3.969000e-05	-1.637003e-03	2.653878e+00
3.970000e-05	-1.674118e-03	2.379995e+00
3.971000e-05	-2.687361e-03	2.138994e+00
3.972000e-05	-3.287019e-03	1.948017e+00
3.973000e-05	-3.273942e-03	1.674991e+00
3.974000e-05	-2.402288e-03	1.453229e+00
3.975000e-05	-3.840975e-03	1.252101e+00
3.976000e-05	-3.685015e-03	9.084909e-01
3.977000e-05	-4.196791e-03	6.743581e-01
3.978000e-05	-3.057829e-03	4.827307e-01
3.979000e-05	-3.225868e-03	2.612766e-01
3.980000e-05	-2.720100e-03	-1.095625e-02
3.981000e-05	1.740453e-03	-2.499601e-01
3.982000e-05	-9.516221e-04	-4.305263e-01
3.983000e-05	-2.059867e-03	-6.950382e-01
3.984000e-05	-4.189927e-03	-8.950868e-01
3.985000e-05	-4.342956e-03	-1.105136e+00
3.986000e-05	-2.304457e-03	-1.336742e+00
3.987000e-05	-4.443943e-04	-1.628399e+00
3.988000e-05	3.423756e-02	-1.758872e+00
3.989000e-05	7.068026e-02	-1.977846e+00
3.990000e-05	-3.909316e-02	-2.303609e+00
3.991000e-05	-4.904013e-02	-2.589910e+00
3.992000e-05	-4.963470e-02	-2.832985e+00
3.993000e-05	-5.489279e-02	-3.104161e+00
3.994000e-05	1.635476e-02	-3.232584e+00
3.995000e-05	9.305110e-02	-3.379374e+00
3.996000e-05	-1.315626e-01	-3.600927e+00
3.997000e-05	1.007153e-01	-3.843663e+00
3.998000e-05	2.705304e-02	-4.044480e+00
3.999000e-05	-7.780342e-02	-4.323738e+00
4.000000e-05	5.820691e-02	-4.473612e+00
4.001000e-05	-1.343710e-01	-4.757194e+00
4.002000e-05	4.678984e-02	-4.958370e+00
4.003000e-05	5.020696e-02	-5.178267e+00
4.004000e-05	-6.378984e-02	-5.494563e+00
4.005000e-05	5.747227e-02	-5.705137e+00
4.006000e-05	-7.158216e-02	-5.894186e+00
4.007000e-05	1.741934e-02	-6.146697e+00
4.008000e-05	2.918659e-03	-6.307215e+00
4.009000e-05	-7.904398e-02	-6.539270e+00
4.010000e-05	6.504210e-02	-6.717239e+00
4.011000e-05	-5.208876e-02	-6.978800e+00
4.012000e-05	5.832996e-02	-7.219480e+00
4.013000e-05	-6.526107e-02	-7.399774e+00
4.014000e-05	-3.283038e-02	-7.590882e+00
4.015000e-05	4.032862e-02	-7.789923e+00
4.016000e-05	-5.615314e-02	-8.011508e+00
4.017000e-05	3.279887e-02	-8.209401e+00
4.018000e-05	-6.235651e-02	-8.358722e+00
4.019000e-05	3.303705e-02	-8.568821e+00
4.020000e-05	-2.144129e-02	-8.715671e+00
4.021000e-05	-3.025830e-02	-8.896267e+00
4.022000e-05	-1.192047e-02	-9.082584e+00
4.023000e-05	-3.073169e-02	-9.242978e+00
4.024000e-05	2.458080e-02	-9.389499e+00
4.025000e-05	-4.575328e-02	-9.549827e+00
4.026000e-05	-1.245964e-03	-9.716372e+00
4.027000e-05	-2.618413e-02	-9.844558e+00
4.028000e-05	-2.317840e-03	-1.002190e+01
4.029000e-05	-2.686477e-02	-1.014937e+01
4.030000e-05	-2.956099e-02	-1.028782e+01
4.031000e-05	-9.555463e-03	-1.047511e+01
4.032000e-05	-1.658025e-02	-1.061151e+01
4.033000e-05	-1.193051e-02	-1.071577e+01
4.034000e-05	-3.550718e-02	-1.082151e+01
4.035000e-05	-1.018606e-02	-1.096892e+01
4.036000e-05	-2.352810e-02	-1.110469e+01
4.037000e-05	-1.716851e-02	-1.121260e+01
4.038000e-05	-3.631282e-02	-1.133687e+01
4.039000e-05	-1.787236e-02	-1.145361e+01
4.040000e-05	-1.836345e-02	-1.155993e+01
4.041000e-05	-2.182228e-02	-1.165476e+01
4.042000e-05	-2.864337e-02	-1.177005e+01
4.043000e-05	-2.851250e-02	-1.186720e+01
4.044000e-05	-1.712626e-02	-1.198105e+01
4.045000e-05	-2.901788e-02	-1.207574e+01
4.046000e-05	-2.781451e-02	-1.216892e+01
4.047000e-05	-3.091947e-02	-1.221208e+01
4.048000e-05	-2.035692e-02	-1.228524e+01
4.049000e-05	-2.894703e-02	-1.234787e+01
4.050000e-05	-3.276608e-02	-1.238148e+01
4.051000e-05	-3.333217e-02	-1.246569e+01
4.052000e-05	-2.756087e-02	-1.251787e+01
4.053000e-05	-2.858864e-02	-1.260095e+01
4.054000e-05	-3.585106e-02	-1.263213e+01
4.055000e-05	-3.346892e-02	-1.267514e+01
4.056000e-05	-3.133881e-02	-1.267832e+01
4.057000e-05	-3.237298e-02	-1.273889e+01
4.058000e-05	-4.055167e-02	-1.274048e+01
4.059000e-05	-3.918850e-02	-1.279155e+01
4.060000e-05	-3.699882e-02	-1.280061e+01
4.061000e-05	-3.598934e-02	-1.283261e+01
4.062000e-05	-4.401879e-02	-1.282309e+01
4.063000e-05	-4.450838e-02	-1.283311e+01
4.064000e-05	-4.221340e-02	-1.284166e+01
4.065000e-05	-4.336367e-02	-1.280260e+01
4.066000e-05	-4.996763e-02	-1.280153e+01
4.067000e-05	-5.502632e-02	-1.279206e+01
4.068000e-05	-5.443342e-02	-1.277050e+01
4.069000e-05	-5.829994e-02	-1.269952e+01
4.070000e-05	-6.448019e-02	-1.274837e+01
4.071000e-05	-7.063114e-02	-1.268571e+01
4.072000e-05	-7.076437e-02	-1.266576e+01
4.073000e-05	-7.622969e-02	-1.258168e+01
4.074000e-05	-8.789967e-02	-1.255990e+01
4.075000e-05	-9.921293e-02	-1.251892e+01
4.076000e-05	-1.086498e-01	-1.241268e+01
4.077000e-05	-1.181152e-01	-1.235898e+01
4.078000e-05	-1.326335e-01	-1.228732e+01
4.079000e-05	-1.420136e-01	-1.224366e+01
4.080000e-05	-1.482352e-01	-1.216999e+01
4.081000e-05	-1.478805e-01	-1.208776e+01
4.082000e-05	-1.518027e-01	-1.199268e+01
4.083000e-05	-1.476779e-01	-1.192790e+01
4.084000e-05	-1.399882e-01	-1.181468e+01
4.085000e-05	-1.272098e-01	-1.170637e+01
4.086000e-05	-1.178866e-01	-1.158358e+01
4.087000e-05	-1.083270e-01	-1.147626e+01
4.088000e-05	-9.688772e-02	-1.133047e+01
4.089000e-05	-8.579229e-02	-1.119481e+01
4.090000e-05	-7.849585e-02	-1.109639e+01
4.091000e-05	-7.444631e-02	-1.099010e+01
4.092000e-05	-6.577630e-02	-1.085521e+01
4.093000e-05	-5.771505e-02	-1.077052e+01
4.094000e-05	-5.269876e-02	-1.065578e+01
4.095000e-05	-5.155031e-02	-1.050637e+01
4.096000e-05	-4.519564e-02	-1.032252e+01
4.097000e-05	-3.987086e-02	-1.021268e+01
4.098000e-05	-3.705059e-02	-1.006466e+01
4.099000e-05	-3.783332e-02	-9.935818e+00
4.100000e-05	-3.260090e-02	-9.759600e+00
4.101000e-05	-2.933281e-02	-9.634253e+00
4.102000e-05	-2.723438e-02	-9.496288e+00
4.103000e-05	-2.943175e-02	-9.257416e+00
4.104000e-05	-2.601136e-02	-9.128473e+00
4.105000e-05	-2.271024e-02	-8.981578e+00
4.106000e-05	-2.117968e-02	-8.782632e+00
4.107000e-05	-2.267116e-02	-8.631732e+00
4.108000e-05	-2.146653e-02	-8.423181e+00
4.109000e-05	-1.772418e-02	-8.274734e+00
4.110000e-05	-1.650130e-02	-8.117890e+00
4.111000e-05	-1.883295e-02	-7.906392e+00
4.112000e-05	-1.796363e-02	-7.677882e+00
4.113000e-05	-1.536413e-02	-7.436286e+00
4.114000e-05	-1.366349e-02	-7.305337e+00
4.115000e-05	-1.476857e-02	-7.094841e+00
4.116000e-05	-1.601862e-02	-6.884785e+00
4.117000e-05	-1.289772e-02	-6.734807e+00
4.118000e-05	-1.118509e-02	-6.465860e+00
4.119000e-05	-1.286388e-02	-6.285464e+00
4.120000e-05	-1.349821e-02	-6.025306e+00
4.121000e-05	-1.211201e-02	-5.842228e+00
4.122000e-05	-9.914663e-03	-5.643680e+00
4.123000e-05	-9.860435e-03	-5.483134e+00
4.124000e-05	-1.120078e-02	-5.162073e+00
4.125000e-05	-1.056479e-02	-4.938941e+00
4.126000e-05	-7.219607e-03	-4.654362e+00
4.127000e-05	-9.108197e-03	-4.474233e+00
4.128000e-05	-1.009291e-02	-4.284361e+00
4.129000e-05	-1.013424e-02	-4.085208e+00
4.130000e-05	-5.704703e-03	-3.872607e+00
4.131000e-05	-7.112930e-03	-3.619528e+00
4.132000e-05	-7.926254e-03	-3.379968e+00
4.133000e-05	-9.430055e-03	-3.167496e+00
4.134000e-05	-6.143357e-03	-2.906336e+00
4.135000e-05	-6.923617e-03	-2.693313e+00
4.136000e-05	-6.774000e-03	-2.463684e+00
4.137000e-05	-7.161583e-03	-2.240755e+00
4.138000e-05	-4.367588e-03	-1.978071e+00
4.139000e-05	-5.159036e-03	-1.758444e+00
4.140000e-05	-6.095134e-03	-1.518392e+00
4.141000e-05	-7.535278e-03	-1.225209e+00
4.142000e-05	-4.871160e-03	-1.021120e+00
4.143000e-05	-4.262327e-03	-7.785965e-01
4.144000e-05	-3.964497e-03	-5.378371e-01
4.145000e-05	-3.821414e-03	-3.258055e-01
4.146000e-05	6.489018e-04	-7.478053e-02
4.147000e-05	6.531717e-03	1.372232e-01
4.148000e-05	-1.161866e-03	3.894751e-01
4.149000e-05	-3.395391e-04	5.794737e-01
4.150000e-05	-1.732557e-03	8.000238e-01
4.151000e-05	1.661180e-03	1.062488e+00
4.152000e-05	1.586128e-03	1.323741e+00
4.153000e-05	2.206893e-03	1.487747e+00
4.154000e-05	2.059749e-02	1.790401e+00
4.155000e-05	6.245724e-02	2.009878e+00
4.156000e-05	1.996509e-02	2.283512e+00
4.157000e-05	-5.088086e-02	2.496687e+00
4.158000e-05	-4.290349e-02	2.759879e+00
4.159000e-05	-1.864771e-02	2.968397e+00
4.160000e-05	-3.631534e-02	3.146270e+00
4.161000e-05	4.026332e-03	3.294763e+00
4.162000e-05	7.564744e-02	3.547346e+00
4.163000e-05	-6.435357e-02	3.759272e+00
4.164000e-05	9.147388e-02	3.957222e+00
4.165000e-05	1.795393e-02	4.180934e+00
4.166000e-05	-5.409984e-02	4.451609e+00
4.167000e-05	3.585214e-02	4.632057e+00
4.168000e-05	-4.530386e-02	4.906216e+00
4.169000e-05	3.175924e-02	5.166869e+00
4.170000e-05	1.741143e-02	5.440904e+00
4.171000e-05	-7.958544e-03	5.611955e+00
4.172000e-05	2.747596e-02	5.884183e+00
4.173000e-05	-8.385938e-03	6.065661e+00
4.174000e-05	-4.058941e-03	6.294611e+00
4.175000e-05	9.382700e-04	6.504115e+00
4.176000e-05	1.217528e-02	6.705709e+00
4.177000e-05	2.231561e-02	6.916691e+00
4.178000e-05	-1.024937e-02	7.115315e+00
4.179000e-05	3.652825e-02	7.285190e+00
4.180000e-05	-1.440172e-02	7.506242e+00
4.181000e-05	5.247707e-03	7.736888e+00
4.182000e-05	1.413209e-02	7.947872e+00
4.183000e-05	2.363565e-03	8.140400e+00
4.184000e-05	2.619040e-02	8.335247e+00
4.185000e-05	2.340655e-03	8.495712e+00
4.186000e-05	1.975895e-02	8.633157e+00
4.187000e-05	-3.887362e-03	8.819053e+00
4.188000e-05	1.677433e-02	8.978973e+00
4.189000e-05	6.432438e-03	9.157848e+00
4.190000e-05	9.632198e-03	9.335294e+00
4.191000e-05	1.776718e-02	9.485186e+00
4.192000e-05	1.396909e-02	9.633036e+00
4.193000e-05	1.784431e-02	9.778528e+00
4.194000e-05	7.745084e-03	9.908347e+00
4.195000e-05	1.347534e-02	1.009722e+01
4.196000e-05	1.128192e-02	1.023158e+01
4.197000e-05	1.643093e-02	1.038088e+01
4.198000e-05	1.365085e-02	1.049774e+01
4.199000e-05	1.596718e-02	1.063466e+01
4.200000e-05	1.874491e-02	1.074045e+01
4.201000e-05	1.868391e-02	1.090672e+01
4.202000e-05	1.553940e-02	1.104213e+01
4.203000e-05	1.304000e-02	1.114685e+01
4.204000e-05	1.797711e-02	1.122481e+01
4.205000e-05	1.857859e-02	1.135997e+01
4.206000e-05	1.858926e-02	1.150624e+01
4.207000e-05	1.685501e-02	1.160155e+01
4.208000e-05	2.122910e-02	1.168844e+01
4.209000e-05	2.218628e-02	1.181151e+01
4.210000e-05	2.052528e-02	1.190471e+01
4.211000e-05	1.962675e-02	1.194050e+01
4.212000e-05	2.144131e-02	1.205421e+01
4.213000e-05	2.444405e-02	1.213792e+01
4.214000e-05	2.437114e-02	1.219153e+01
4.215000e-05	2.341649e-02	1.223383e+01
4.216000e-05	2.354187e-02	1.229894e+01
4.217000e-05	2.599255e-02	1.237158e+01
4.218000e-05	2.514023e-02	1.244469e+01
4.219000e-05	2.417152e-02	1.247734e+01
4.220000e-05	2.628802e-02	1.251742e+01
4.221000e-05	2.939450e-02	1.256850e+01
4.222000e-05	3.120468e-02	1.259105e+01
4.223000e-05	2.895761e-02	1.264411e+01
4.224000e-05	2.997162e-02	1.263421e+01
4.225000e-05	3.233651e-02	1.263616e+01
4.226000e-05	3.345112e-02	1.269576e+01
4.227000e-05	3.290031e-02	1.267734e+01
4.228000e-05	3.402404e-02	1.269724e+01
4.229000e-05	3.682244e-02	1.269482e+01
4.230000e-05	4.082960e-02	1.274634e+01
4.231000e-05	4.019873e-02	1.271627e+01
4.232000e-05	4.361274e-02	1.267569e+01
4.233000e-05	4.762523e-02	1.265424e+01
4.234000e-05	5.185365e-02	1.266620e+01
4.235000e-05	5.456353e-02	1.262320e+01
4.236000e-05	5.663738e-02	1.259210e+01
4.237000e-05	6.205071e-02	1.255902e+01
4.238000e-05	6.828738e-02	1.253047e+01
4.239000e-05	7.600707e-02	1.250384e+01
4.240000e-05	8.340707e-02	1.242676e+01
4.241000e-05	9.540693e-02	1.244118e+01
4.242000e-05	1.062659e-01	1.230799e+01
4.243000e-05	1.170766e-01	1.227681e+01
4.244000e-05	1.272331e-01	1.220370e+01
4.245000e-05	1.367109e-01	1.214837e+01
4.246000e-05	1.434668e-01	1.204478e+01
4.247000e-05	1.465866e-01	1.197105e+01
4.248000e-05	1.452676e-01	1.188734e+01
4.249000e-05	1.385735e-01	1.178313e+01
4.250000e-05	1.300064e-01	1.171897e+01
4.251000e-05	1.193444e-01	1.160158e+01
4.252000e-05	1.077170e-01	1.150631e+01
4.253000e-05	9.704900e-02	1.134155e+01
4.254000e-05	8.760897e-02	1.125323e+01
4.255000e-05	7.964662e-02	1.113947e+01
4.256000e-05	7.078112e-02	1.105373e+01
4.257000e-05	6.283018e-02	1.093042e+01
4.258000e-05	5.718098e-02	1.083318e+01
4.259000e-05	5.094137e-02	1.066687e+01
4.260000e-05	4.553123e-02	1.052009e+01
4.261000e-05	3.952003e-02	1.038468e+01
4.262000e-05	3.633990e-02	1.024581e+01
4.263000e-05	3.226395e-02	1.013747e+01
4.264000e-05	2.926852e-02	9.959575e+00
4.265000e-05	2.583458e-02	9.854228e+00
4.266000e-05	2.459192e-02	9.603211e+00
4.267000e-05	2.276908e-02	9.495787e+00
4.268000e-05	2.097989e-02	9.358468e+00
4.269000e-05	1.871120e-02	9.191552e+00
4.270000e-05	1.710322e-02	8.973707e+00
4.271000e-05	1.583678e-02	8.854782e+00
4.272000e-05	1.359959e-02	8.705761e+00
4.273000e-05	1.286318e-02	8.527890e+00
4.274000e-05	1.105617e-02	8.349047e+00
4.275000e-05	1.126194e-02	8.171571e+00
4.276000e-05	1.101300e-02	7.969071e+00
4.277000e-05	9.367634e-03	7.801045e+00
4.278000e-05	8.678741e-03	7.580074e+00
4.279000e-05	7.376426e-03	7.350599e+00
4.280000e-05	6.490050e-03	7.169544e+00
4.281000e-05	6.193747e-03	6.981020e+00
4.282000e-05	4.542542e-03	6.800575e+00
4.283000e-05	5.086138e-03	6.551044e+00
4.284000e-05	5.219289e-03	6.348469e+00
4.285000e-05	4.593711e-03	6.168595e+00
4.286000e-05	3.224609e-03	5.949022e+00
4.287000e-05	3.015833e-03	5.749463e+00
4.288000e-05	2.968894e-03	5.537966e+00
4.289000e-05	2.598577e-03	5.316915e+00
4.290000e-05	1.569643e-03	5.024933e+00
4.291000e-05	1.393163e-03	4.780698e+00
4.292000e-05	9.989455e-04	4.569573e+00
4.293000e-05	1.304629e-03	4.380123e+00
4.294000e-05	-7.945548e-05	4.098040e+00
4.295000e-05	-6.253735e-05	3.864838e+00
4.296000e-05	-5.295668e-04	3.665287e+00
4.297000e-05	-7.009671e-04	3.513337e+00
4.298000e-05	-1.497529e-03	3.202199e+00
4.299000e-05	-2.110467e-03	2.980073e+00
4.300000e-05	-1.110651e-03	2.812623e+00
4.301000e-05	-2.627780e-03	2.529546e+00
4.302000e-05	-1.531503e-03	2.275834e+00
4.303000e-05	-2.218364e-03	2.064782e+00
4.304000e-05	-3.540744e-03	1.893356e+00
4.305000e-05	-2.915710e-03	1.621199e+00
4.306000e-05	-3.275534e-03	1.378071e+00
4.307000e-05	-3.382618e-03	1.114415e+00
4.308000e-05	-3.686788e-03	8.141266e-01
4.309000e-05	-3.925254e-03	6.012264e-01
4.310000e-05	-4.189430e-03	3.815252e-01
4.311000e-05	-2.882122e-03	1.369684e-01
4.312000e-05	-2.601084e-03	-7.361178e-02
4.313000e-05	3.994001e-03	-3.156630e-01
4.314000e-05	-2.451708e-03	-5.235393e-01
4.315000e-05	-6.137356e-04	-7.672748e-01
4.316000e-05	-6.005733e-03	-9.767684e-01
4.317000e-05	-3.292872e-03	-1.166298e+00
4.318000e-05	-3.968210e-03	-1.431836e+00
4.319000e-05	5.164107e-03	-1.631559e+00
4.320000e-05	5.405367e-02	-1.821978e+00
4.321000e-05	4.340114e-02	-2.072586e+00
4.322000e-05	-5.704858e-02	-2.420430e+00
4.323000e-05	-4.406023e-02	-2.734692e+00
4.324000e-05	-5.035564e-02	-2.935143e+00
4.325000e-05	-5.855841e-02	-3.177348e+00
4.326000e-05	7.517788e-02	-3.284687e+00
4.327000e-05	2.083823e-02	-3.482031e+00
4.328000e-05	-1.049245e-01	-3.702593e+00
4.329000e-05	1.481248e-01	-3.935643e+00
4.330000e-05	-6.426071e-02	-4.127218e+00
4.331000e-05	-7.765891e-03	-4.387400e+00
4.332000e-05	4.103079e-03	-4.557222e+00
4.333000e-05	-1.252074e-01	-4.832459e+00
4.334000e-05	1.061094e-01	-5.032058e+00
4.335000e-05	-2.255249e-02	-5.253011e+00
4.336000e-05	-1.381899e-02	-5.557826e+00
4.337000e-05	3.202316e-02	-5.737170e+00
4.338000e-05	-7.960688e-02	-5.988750e+00
4.339000e-05	5.970253e-02	-6.168875e+00
4.340000e-05	-6.088732e-02	-6.389902e+00
4.341000e-05	-2.031838e-02	-6.590456e+00
4.342000e-05	3.438281e-02	-6.819874e+00
4.343000e-05	-3.700962e-02	-7.030959e+00
4.344000e-05	5.921788e-02	-7.234529e+00
4.345000e-05	-1.073587e-01	-7.431383e+00
4.346000e-05	3.002502e-02	-7.664562e+00
4.347000e-05	-1.072129e-02	-7.842613e+00
4.348000e-05	-1.971985e-02	-8.053637e+00
4.349000e-05	1.119348e-02	-8.241976e+00
4.350000e-05	-5.214658e-02	-8.389430e+00
4.351000e-05	4.460279e-02	-8.570474e+00
4.352000e-05	-5.385906e-02	-8.759356e+00
4.353000e-05	-4.341428e-03	-8.947796e+00
4.354000e-05	-3.411522e-02	-9.095214e+00
4.355000e-05	-1.266858e-03	-9.306643e+00
4.356000e-05	3.228172e-03	-9.461530e+00
4.357000e-05	-3.914303e-02	-9.622458e+00
4.358000e-05	1.011819e-03	-9.759324e+00
4.359000e-05	-3.035451e-02	-9.947316e+00
4.360000e-05	2.383784e-03	-1.005456e+01
4.361000e-05	-4.018553e-02	-1.018200e+01
4.362000e-05	-1.403078e-02	-1.038998e+01
4.363000e-05	-1.719266e-02	-1.050579e+01
4.364000e-05	-8.619762e-03	-1.065358e+01
4.365000e-05	-2.299378e-02	-1.078842e+01
4.366000e-05	-2.916946e-02	-1.084664e+01
4.367000e-05	-1.239126e-02	-1.099050e+01
4.368000e-05	-2.139576e-02	-1.112875e+01
4.369000e-05	-2.008240e-02	-1.124261e+01
4.370000e-05	-3.593124e-02	-1.140038e+01
4.371000e-05	-1.266351e-02	-1.144471e+01
4.372000e-05	-2.151743e-02	-1.157308e+01
4.373000e-05	-1.970572e-02	-1.171839e+01
4.374000e-05	-3.511027e-02	-1.181255e+01
4.375000e-05	-2.224028e-02	-1.192834e+01
4.376000e-05	-2.105961e-02	-1.200306e+01
4.377000e-05	-2.826219e-02	-1.212779e+01
4.378000e-05	-3.014896e-02	-1.217200e+01
4.379000e-05	-2.788359e-02	-1.225363e+01
4.380000e-05	-1.912247e-02	-1.231677e+01
4.381000e-05	-3.185113e-02	-1.238987e+01
4.382000e-05	-3.290699e-02	-1.241261e+01
4.383000e-05	-3.332024e-02	-1.247624e+01
4.384000e-05	-2.580741e-02	-1.256995e+01
4.385000e-05	-3.159440e-02	-1.257050e+01
4.386000e-05	-3.667618e-02	-1.260563e+01
4.387000e-05	-3.390793e-02	-1.266674e+01
4.388000e-05	-3.138642e-02	-1.268787e+01
4.389000e-05	-3.376238e-02	-1.272947e+01
4.390000e-05	-4.161570e-02	-1.275998e+01
4.391000e-05	-4.048675e-02	-1.273203e+01
4.392000e-05	-3.444057e-02	-1.279158e+01
4.393000e-05	-3.823499e-02	-1.281105e+01
4.394000e-05	-4.150479e-02	-1.284516e+01
4.395000e-05	-4.611236e-02	-1.285354e+01
4.396000e-05	-4.252629e-02	-1.283321e+01
4.397000e-05	-4.640362e-02	-1.279410e+01
4.398000e-05	-5.271653e-02	-1.279255e+01
4.399000e-05	-5.701846e-02	-1.274963e+01
4.400000e-05	-5.493413e-02	-1.277150e+01
4.401000e-05	-5.763585e-02	-1.276092e+01
4.402000e-05	-6.440882e-02	-1.267736e+01
4.403000e-05	-7.006229e-02	-1.266574e+01
4.404000e-05	-7.253322e-02	-1.265361e+01
4.405000e-05	-8.038893e-02	-1.257207e+01
4.406000e-05	-9.213568e-02	-1.254895e+01
4.407000e-05	-1.044312e-01	-1.248421e+01
4.408000e-05	-1.127024e-01	-1.244166e+01
4.409000e-05	-1.215023e-01	-1.233797e+01
4.410000e-05	-1.352570e-01	-1.231521e+01
4.411000e-05	-1.445542e-01	-1.221261e+01
4.412000e-05	-1.500366e-01	-1.213905e+01
4.413000e-05	-1.493616e-01	-1.205524e+01
4.414000e-05	-1.509466e-01	-1.197210e+01
4.415000e-05	-1.452781e-01	-1.190637e+01
4.416000e-05	-1.359108e-01	-1.179157e+01
4.417000e-05	-1.230978e-01	-1.166773e+01
4.418000e-05	-1.140546e-01	-1.156055e+01
4.419000e-05	-1.044797e-01	-1.146323e+01
4.420000e-05	-9.329376e-02	-1.131749e+01
4.421000e-05	-8.347834e-02	-1.120203e+01
4.422000e-05	-7.705182e-02	-1.106631e+01
4.423000e-05	-7.166856e-02	-1.093799e+01
4.424000e-05	-6.411332e-02	-1.082466e+01
4.425000e-05	-5.644581e-02	-1.074849e+01
4.426000e-05	-5.171542e-02	-1.060110e+01
4.427000e-05	-4.833200e-02	-1.046579e+01
4.428000e-05	-4.315021e-02	-1.032892e+01
4.429000e-05	-3.865100e-02	-1.017204e+01
4.430000e-05	-3.628846e-02	-1.001158e+01
4.431000e-05	-3.578787e-02	-9.894735e+00
4.432000e-05	-3.311706e-02	-9.719019e+00
4.433000e-05	-2.970770e-02	-9.571545e+00
4.434000e-05	-2.858192e-02	-9.402149e+00
4.435000e-05	-2.680733e-02	-9.234808e+00
4.436000e-05	-2.406181e-02	-9.094888e+00
4.437000e-05	-2.233187e-02	-8.897891e+00
4.438000e-05	-2.159500e-02	-8.738475e+00
4.439000e-05	-2.057495e-02	-8.581991e+00
4.440000e-05	-2.027714e-02	-8.381024e+00
4.441000e-05	-1.847679e-02	-8.242655e+00
4.442000e-05	-1.908856e-02	-8.022683e+00
4.443000e-05	-1.812421e-02	-7.853203e+00
4.444000e-05	-1.629364e-02	-7.612158e+00
4.445000e-05	-1.509931e-02	-7.382179e+00
4.446000e-05	-1.497484e-02	-7.233629e+00
4.447000e-05	-1.420282e-02	-7.013123e+00
4.448000e-05	-1.367022e-02	-6.782128e+00
4.449000e-05	-1.234309e-02	-6.614075e+00
4.450000e-05	-1.366903e-02	-6.451678e+00
4.451000e-05	-1.273589e-02	-6.193679e+00
4.452000e-05	-1.238181e-02	-5.961123e+00
4.453000e-05	-1.137024e-02	-5.801601e+00
4.454000e-05	-1.155074e-02	-5.581075e+00
4.455000e-05	-1.041206e-02	-5.340114e+00
4.456000e-05	-1.023038e-02	-5.096858e+00
4.457000e-05	-9.219686e-03	-4.832199e+00
4.458000e-05	-9.281323e-03	-4.571524e+00
4.459000e-05	-9.110805e-03	-4.422626e+00
4.460000e-05	-1.008286e-02	-4.171600e+00
4.461000e-05	-8.028266e-03	-3.990553e+00
4.462000e-05	-7.170000e-03	-3.729495e+00
4.463000e-05	-8.659735e-03	-3.517996e+00
4.464000e-05	-8.168750e-03	-3.287839e+00
4.465000e-05	-8.159196e-03	-3.064840e+00
4.466000e-05	-6.770459e-03	-2.832254e+00
4.467000e-05	-7.868222e-03	-2.591678e+00
4.468000e-05	-6.265326e-03	-2.390597e+00
4.469000e-05	-5.655378e-03	-2.098911e+00
4.470000e-05	-3.571038e-03	-1.905812e+00
4.471000e-05	-5.403231e-03	-1.694311e+00
4.472000e-05	-6.057051e-03	-1.422778e+00
4.473000e-05	-5.429979e-03	-1.138390e+00
4.474000e-05	-4.844071e-03	-9.078146e-01
4.475000e-05	-4.559828e-03	-6.858657e-01
4.476000e-05	-4.476336e-03	-4.416290e-01
4.477000e-05	-2.616987e-03	-2.191278e-01
4.478000e-05	2.565477e-03	-1.148753e-03
4.479000e-05	5.237830e-03	2.401052e-01
4.480000e-05	-2.075153e-03	4.531342e-01
4.481000e-05	1.203957e-03	6.846092e-01
4.482000e-05	-1.555631e-03	8.520843e-01
4.483000e-05	1.437343e-03	1.137947e+00
4.484000e-05	1.558179e-03	1.399321e+00
4.485000e-05	5.832780e-03	1.650957e+00
4.486000e-05	3.054576e-02	1.882530e+00
4.487000e-05	6.674928e-02	2.094162e+00
4.488000e-05	-1.915640e-02	2.357245e+00
4.489000e-05	-4.842653e-02	2.660908e+00
4.490000e-05	-3.751188e-02	2.863608e+00
4.491000e-05	-1.422683e-02	3.030558e+00
4.492000e-05	-4.086713e-02	3.218900e+00
4.493000e-05	4.621534e-02	3.409427e+00
4.494000e-05	3.237989e-02	3.612033e+00
4.495000e-05	-4.630201e-02	3.811533e+00
4.496000e-05	1.186564e-01	4.001499e+00
4.497000e-05	-4.252635e-02	4.316196e+00
4.498000e-05	-1.358319e-02	4.496214e+00
4.499000e-05	1.268837e-02	4.756196e+00
4.500000e-05	-3.791399e-02	5.002078e+00
4.501000e-05	4.871300e-02	5.262538e+00
4.502000e-05	-1.774856e-03	5.494187e+00
4.503000e-05	8.777364e-03	5.705714e+00
4.504000e-05	2.092838e-02	5.915325e+00
4.505000e-05	-1.539541e-02	6.148294e+00
4.506000e-05	5.916645e-03	6.347271e+00
4.507000e-05	-2.754452e-03	6.579271e+00
4.508000e-05	2.216906e-02	6.767323e+00
4.509000e-05	6.742096e-03	6.977929e+00
4.510000e-05	4.634873e-03	7.169926e+00
4.511000e-05	3.075932e-02	7.337374e+00
4.512000e-05	-2.575098e-02	7.589479e+00
4.513000e-05	1.988198e-02	7.780454e+00
4.514000e-05	2.551085e-03	7.991429e+00
4.515000e-05	1.481186e-02	8.192954e+00
4.516000e-05	1.805848e-02	8.398949e+00
4.517000e-05	6.759880e-03	8.517294e+00
4.518000e-05	1.654632e-02	8.685715e+00
4.519000e-05	-2.373403e-03	8.863586e+00
4.520000e-05	1.841582e-02	9.041553e+00
4.521000e-05	1.151672e-03	9.202978e+00
4.522000e-05	1.649183e-02	9.400970e+00
4.523000e-05	1.580695e-02	9.506292e+00
4.524000e-05	1.544466e-02	9.665268e+00
4.525000e-05	1.552678e-02	9.843633e+00
4.526000e-05	7.705855e-03	9.963050e+00
4.527000e-05	1.535099e-02	1.013937e+01
4.528000e-05	1.124988e-02	1.023523e+01
4.529000e-05	1.675317e-02	1.041108e+01
4.530000e-05	1.311198e-02	1.052989e+01
4.531000e-05	1.837831e-02	1.068574e+01
4.532000e-05	1.877728e-02	1.084213e+01
4.533000e-05	1.615111e-02	1.093990e+01
4.534000e-05	1.509938e-02	1.104414e+01
4.535000e-05	1.488818e-02	1.114840e+01
4.536000e-05	1.891203e-02	1.128574e+01
4.537000e-05	1.851632e-02	1.141251e+01
4.538000e-05	1.927488e-02	1.155732e+01
4.539000e-05	1.928332e-02	1.164258e+01
4.540000e-05	2.187045e-02	1.176940e+01
4.541000e-05	2.065876e-02	1.179258e+01
4.542000e-05	1.979780e-02	1.188579e+01
4.543000e-05	2.086384e-02	1.198101e+01
4.544000e-05	2.235419e-02	1.207674e+01
4.545000e-05	2.415382e-02	1.213985e+01
4.546000e-05	2.278337e-02	1.220313e+01
4.547000e-05	2.378596e-02	1.226531e+01
4.548000e-05	2.403672e-02	1.232997e+01
4.549000e-05	2.616138e-02	1.246251e+01
4.550000e-05	2.544154e-02	1.246319e+01
4.551000e-05	2.614095e-02	1.249881e+01
4.552000e-05	2.713196e-02	1.252943e+01
4.553000e-05	2.875198e-02	1.256103e+01
4.554000e-05	2.965013e-02	1.258056e+01
4.555000e-05	2.825891e-02	1.264316e+01
4.556000e-05	3.124661e-02	1.263326e+01
4.557000e-05	3.276379e-02	1.267416e+01
4.558000e-05	3.384721e-02	1.267676e+01
4.559000e-05	3.448878e-02	1.268681e+01
4.560000e-05	3.581430e-02	1.269634e+01
4.561000e-05	3.878175e-02	1.273522e+01
4.562000e-05	3.910467e-02	1.268737e+01
4.563000e-05	4.129611e-02	1.268669e+01
4.564000e-05	4.464642e-02	1.266619e+01
4.565000e-05	4.964768e-02	1.264526e+01
4.566000e-05	5.159280e-02	1.263321e+01
4.567000e-05	5.492753e-02	1.259063e+01
4.568000e-05	5.964785e-02	1.256210e+01
4.569000e-05	6.591766e-02	1.254987e+01
4.570000e-05	7.042766e-02	1.252886e+01
4.571000e-05	7.788138e-02	1.245426e+01
4.572000e-05	8.788528e-02	1.242113e+01
4.573000e-05	9.846790e-02	1.238058e+01
4.574000e-05	1.095606e-01	1.232834e+01
4.575000e-05	1.191899e-01	1.226483e+01
4.576000e-05	1.308397e-01	1.217263e+01
4.577000e-05	1.407980e-01	1.207779e+01
4.578000e-05	1.444985e-01	1.199365e+01
4.579000e-05	1.444415e-01	1.193962e+01
4.580000e-05	1.423750e-01	1.187422e+01
4.581000e-05	1.358124e-01	1.179960e+01
4.582000e-05	1.271795e-01	1.166536e+01
4.583000e-05	1.143487e-01	1.155110e+01
4.584000e-05	1.037691e-01	1.148526e+01
4.585000e-05	9.442819e-02	1.131907e+01
4.586000e-05	8.521734e-02	1.119413e+01
4.587000e-05	7.605143e-02	1.108796e+01
4.588000e-05	6.705698e-02	1.100210e+01
4.589000e-05	6.127266e-02	1.088789e+01
4.590000e-05	5.345402e-02	1.080105e+01
4.591000e-05	4.747438e-02	1.068379e+01
4.592000e-05	4.293571e-02	1.047739e+01
4.593000e-05	4.059078e-02	1.037792e+01
4.594000e-05	3.699089e-02	1.024368e+01
4.595000e-05	3.262641e-02	1.009633e+01
4.596000e-05	2.828220e-02	9.927968e+00
4.597000e-05	2.649781e-02	9.771071e+00
4.598000e-05	2.350104e-02	9.591676e+00
4.599000e-05	2.039717e-02	9.453310e+00
4.600000e-05	1.845733e-02	9.286437e+00
4.601000e-05	1.963550e-02	9.168569e+00
4.602000e-05	1.846207e-02	8.970671e+00
4.603000e-05	1.610787e-02	8.771129e+00
4.604000e-05	1.339594e-02	8.603207e+00
4.605000e-05	1.171334e-02	8.475208e+00
4.606000e-05	1.147423e-02	8.317414e+00
4.607000e-05	9.726796e-03	8.077963e+00
4.608000e-05	8.101116e-03	7.967866e+00
4.609000e-05	9.438464e-03	7.735916e+00
4.610000e-05	9.351499e-03	7.545891e+00
4.611000e-05	8.972284e-03	7.287913e+00
4.612000e-05	6.162054e-03	7.115889e+00
4.613000e-05	5.494408e-03	6.927890e+00
4.614000e-05	5.454691e-03	6.736915e+00
4.615000e-05	4.232707e-03	6.456886e+00
4.616000e-05	3.136631e-03	6.293412e+00
4.617000e-05	3.690263e-03	6.097865e+00
4.618000e-05	3.825596e-03	5.915390e+00
4.619000e-05	4.617347e-03	5.667384e+00
4.620000e-05	2.821005e-03	5.423284e+00
4.621000e-05	1.600698e-03	5.222284e+00
4.622000e-05	1.286618e-03	4.938595e+00
4.623000e-05	2.158661e-03	4.686439e+00
4.624000e-05	-4.384018e-04	4.495362e+00
4.625000e-05	-4.650963e-04	4.306942e+00
4.626000e-05	-1.078256e-04	4.003807e+00
4.627000e-05	1.209987e-03	3.844150e+00
4.628000e-05	3.731240e-04	3.633178e+00
4.629000e-05	-9.109075e-04	3.401674e+00
4.630000e-05	-1.499022e-03	3.128016e+00
4.631000e-05	-6.900855e-04	2.926945e+00
4.632000e-05	-2.110737e-03	2.736914e+00
4.633000e-05	-3.350549e-03	2.453831e+00
4.634000e-05	-2.950395e-03	2.231178e+00
4.635000e-05	-2.127256e-03	2.010623e+00
4.636000e-05	-2.954887e-03	1.799623e+00
4.637000e-05	-3.954295e-03	1.518441e+00
4.638000e-05	-3.185714e-03	1.274335e+00
4.639000e-05	-2.877893e-03	1.011283e+00
4.640000e-05	-3.818209e-03	7.585187e-01
4.641000e-05	-5.026830e-03	5.558886e-01
4.642000e-05	-4.808790e-03	3.249409e-01
4.643000e-05	-2.609684e-03	5.420415e-02
4.644000e-05	2.999378e-06	-1.787935e-01
4.645000e-05	2.399974e-03	-3.782497e-01
4.646000e-05	-4.613581e-03	-5.979036e-01
4.647000e-05	-1.120393e-03	-8.305064e-01
4.648000e-05	-5.701942e-03	-1.041504e+00
4.649000e-05	-2.647006e-03	-1.240006e+00
4.650000e-05	-4.170869e-03	-1.525142e+00
4.651000e-05	1.718505e-02	-1.705714e+00
4.652000e-05	7.160417e-02	-1.902087e+00
4.653000e-05	-7.634040e-04	-2.169300e+00
4.654000e-05	-5.703815e-02	-2.516667e+00
4.655000e-05	-4.532400e-02	-2.807800e+00
4.656000e-05	-4.924542e-02	-2.971401e+00
4.657000e-05	-3.840908e-02	-3.201503e+00
4.658000e-05	1.094369e-01	-3.317737e+00
4.659000e-05	-6.999294e-02	-3.516190e+00
4.660000e-05	-8.452898e-03	-3.759901e+00
4.661000e-05	1.224263e-01	-3.999897e+00
4.662000e-05	-1.072953e-01	-4.210432e+00
4.663000e-05	5.012437e-02	-4.442005e+00
4.664000e-05	-7.401125e-02	-4.631434e+00
4.665000e-05	-5.290855e-02	-4.913722e+00
4.666000e-05	1.061298e-01	-5.084757e+00
4.667000e-05	-6.849403e-02	-5.368297e+00
4.668000e-05	3.811137e-02	-5.611484e+00
4.669000e-05	-2.082500e-02	-5.799878e+00
4.670000e-05	-4.654482e-02	-6.041609e+00
4.671000e-05	5.529164e-02	-6.221930e+00
4.672000e-05	-9.723341e-02	-6.454084e+00
4.673000e-05	3.959419e-02	-6.673037e+00
4.674000e-05	-1.777554e-02	-6.812588e+00
4.675000e-05	1.209289e-02	-7.126246e+00
4.676000e-05	1.128585e-02	-7.295766e+00
4.677000e-05	-9.478851e-02	-7.495168e+00
4.678000e-05	5.934020e-02	-7.716269e+00
4.679000e-05	-5.285781e-02	-7.946721e+00
4.680000e-05	1.951160e-02	-8.126266e+00
4.681000e-05	-3.063026e-02	-8.284609e+00
4.682000e-05	-1.209465e-02	-8.486592e+00
4.683000e-05	2.248301e-02	-8.643060e+00
4.684000e-05	-5.478674e-02	-8.863707e+00
4.685000e-05	2.834422e-03	-9.021554e+00
4.686000e-05	-4.500142e-02	-9.147347e+00
4.687000e-05	2.205315e-02	-9.327924e+00
4.688000e-05	-2.531493e-02	-9.504690e+00
4.689000e-05	-1.962424e-02	-9.675712e+00
4.690000e-05	-1.179065e-02	-9.821551e+00
4.691000e-05	-1.966736e-02	-9.967350e+00
4.692000e-05	-7.400211e-03	-1.013669e+01
4.693000e-05	-4.115639e-02	-1.025364e+01
4.694000e-05	-7.348345e-03	-1.039306e+01
4.695000e-05	-2.007239e-02	-1.053887e+01
4.696000e-05	-5.580340e-03	-1.069516e+01
4.697000e-05	-3.306262e-02	-1.076945e+01
4.698000e-05	-1.822165e-02	-1.092637e+01
4.699000e-05	-1.790620e-02	-1.102405e+01
4.700000e-05	-1.780871e-02	-1.117990e+01
4.701000e-05	-2.883797e-02	-1.131627e+01
4.702000e-05	-2.794767e-02	-1.140310e+01
4.703000e-05	-1.321736e-02	-1.150782e+01
4.704000e-05	-2.322709e-02	-1.163304e+01
4.705000e-05	-2.329639e-02	-1.177943e+01
4.706000e-05	-3.387653e-02	-1.185566e+01
4.707000e-05	-1.671285e-02	-1.194997e+01
4.708000e-05	-2.524246e-02	-1.205369e+01
4.709000e-05	-2.779063e-02	-1.213792e+01
4.710000e-05	-3.259829e-02	-1.219103e+01
4.711000e-05	-2.346520e-02	-1.227516e+01
4.712000e-05	-2.394596e-02	-1.231882e+01
4.713000e-05	-3.307505e-02	-1.240293e+01
4.714000e-05	-3.377774e-02	-1.242466e+01
4.715000e-05	-3.017890e-02	-1.251579e+01
4.716000e-05	-2.628196e-02	-1.253890e+01
4.717000e-05	-3.481399e-02	-1.264155e+01
4.718000e-05	-3.476609e-02	-1.263366e+01
4.719000e-05	-3.267094e-02	-1.270687e+01
4.720000e-05	-3.081674e-02	-1.272784e+01
4.721000e-05	-3.720880e-02	-1.275090e+01
4.722000e-05	-4.029169e-02	-1.274903e+01
4.723000e-05	-3.755174e-02	-1.282203e+01
4.724000e-05	-3.517269e-02	-1.278315e+01
4.725000e-05	-4.084416e-02	-1.284158e+01
4.726000e-05	-4.479323e-02	-1.282321e+01
4.727000e-05	-4.450812e-02	-1.281363e+01
4.728000e-05	-4.285576e-02	-1.282211e+01
4.729000e-05	-4.751522e-02	-1.281258e+01
4.730000e-05	-5.388343e-02	-1.278211e+01
4.731000e-05	-5.374774e-02	-1.279998e+01
4.732000e-05	-5.615886e-02	-1.274947e+01
4.733000e-05	-5.922612e-02	-1.269686e+01
4.734000e-05	-7.146865e-02	-1.266679e+01
4.735000e-05	-7.050861e-02	-1.263416e+01
4.736000e-05	-7.688051e-02	-1.261218e+01
4.737000e-05	-8.236430e-02	-1.257200e+01
4.738000e-05	-9.429165e-02	-1.250895e+01
4.739000e-05	-1.028755e-01	-1.246366e+01
4.740000e-05	-1.133344e-01	-1.237010e+01
4.741000e-05	-1.271354e-01	-1.232839e+01
4.742000e-05	-1.415547e-01	-1.227619e+01
4.743000e-05	-1.486766e-01	-1.220013e+01
4.744000e-05	-1.512101e-01	-1.209837e+01
4.745000e-05	-1.489408e-01	-1.201508e+01
4.746000e-05	-1.467485e-01	-1.196900e+01
4.747000e-05	-1.405491e-01	-1.185626e+01
4.748000e-05	-1.296963e-01	-1.175997e+01
4.749000e-05	-1.217133e-01	-1.165376e+01
4.750000e-05	-1.129711e-01	-1.152835e+01
4.751000e-05	-1.040368e-01	-1.139305e+01
4.752000e-05	-9.066106e-02	-1.129584e+01
4.753000e-05	-8.116012e-02	-1.113142e+01
4.754000e-05	-7.280405e-02	-1.097216e+01
4.755000e-05	-6.685651e-02	-1.091676e+01
4.756000e-05	-5.945157e-02	-1.079210e+01
4.757000e-05	-5.507154e-02	-1.071529e+01
4.758000e-05	-5.250663e-02	-1.060002e+01
4.759000e-05	-4.825083e-02	-1.042311e+01
4.760000e-05	-4.382866e-02	-1.027589e+01
4.761000e-05	-3.732499e-02	-1.008739e+01
4.762000e-05	-3.531408e-02	-9.980470e+00
4.763000e-05	-3.283472e-02	-9.833734e+00
4.764000e-05	-2.967783e-02	-9.686761e+00
4.765000e-05	-2.722670e-02	-9.486896e+00
4.766000e-05	-2.769163e-02	-9.353019e+00
4.767000e-05	-2.784343e-02	-9.200604e+00
4.768000e-05	-2.498077e-02	-9.031707e+00
4.769000e-05	-2.303191e-02	-8.845787e+00
4.770000e-05	-2.074214e-02	-8.695341e+00
4.771000e-05	-2.115903e-02	-8.487340e+00
4.772000e-05	-1.851390e-02	-8.348838e+00
4.773000e-05	-1.654487e-02	-8.160076e+00
4.774000e-05	-1.726668e-02	-7.991048e+00
4.775000e-05	-1.858606e-02	-7.751016e+00
4.776000e-05	-1.757176e-02	-7.510994e+00
4.777000e-05	-1.518876e-02	-7.358420e+00
4.778000e-05	-1.484050e-02	-7.169521e+00
4.779000e-05	-1.450292e-02	-6.899970e+00
4.780000e-05	-1.337399e-02	-6.737471e+00
4.781000e-05	-1.112562e-02	-6.540470e+00
4.782000e-05	-1.217933e-02	-6.399998e+00
4.783000e-05	-1.300545e-02	-6.099489e+00
4.784000e-05	-1.281444e-02	-5.946442e+00
4.785000e-05	-1.045309e-02	-5.756841e+00
4.786000e-05	-1.172034e-02	-5.515895e+00
4.787000e-05	-1.009692e-02	-5.244881e+00
4.788000e-05	-1.122154e-02	-5.021156e+00
4.789000e-05	-7.666965e-03	-4.729618e+00
4.790000e-05	-1.013158e-02	-4.536918e+00
4.791000e-05	-9.537967e-03	-4.378870e+00
4.792000e-05	-1.062734e-02	-4.117947e+00
4.793000e-05	-6.588877e-03	-3.955967e+00
4.794000e-05	-7.242384e-03	-3.695833e+00
4.795000e-05	-8.790291e-03	-3.463256e+00
4.796000e-05	-8.507993e-03	-3.233706e+00
4.797000e-05	-7.690743e-03	-2.980673e+00
4.798000e-05	-6.643812e-03	-2.780072e+00
4.799000e-05	-6.813176e-03	-2.535365e+00
4.800000e-05	-5.899152e-03	-2.334863e+00
4.801000e-05	-5.258155e-03	-2.053752e+00
4.802000e-05	-5.347180e-03	-1.832282e+00
4.803000e-05	-5.842686e-03	-1.660628e+00
4.804000e-05	-6.382634e-03	-1.348941e+00
4.805000e-05	-5.564348e-03	-1.093337e+00
4.806000e-05	-4.055997e-03	-8.432293e-01
4.807000e-05	-4.622328e-03	-6.307015e-01
4.808000e-05	-3.253003e-03	-3.579436e-01
4.809000e-05	-1.798359e-03	-1.889412e-01
4.810000e-05	4.687766e-03	8.460658e-02
4.811000e-05	1.717540e-03	3.277934e-01
4.812000e-05	-2.013344e-04	5.452921e-01
4.813000e-05	-1.294403e-03	7.262684e-01
4.814000e-05	1.604752e-04	9.993432e-01
4.815000e-05	1.790998e-03	1.250581e+00
4.816000e-05	1.695518e-03	1.432085e+00
4.817000e-05	1.241011e-02	1.716236e+00
4.818000e-05	4.576998e-02	1.937217e+00
4.819000e-05	5.330113e-02	2.158366e+00
4.820000e-05	-4.226737e-02	2.471004e+00
4.821000e-05	-4.658736e-02	2.695242e+00
4.822000e-05	-2.893531e-02	2.905638e+00
4.823000e-05	-2.252638e-02	3.125241e+00
4.824000e-05	-2.779955e-02	3.223108e+00
4.825000e-05	7.635480e-02	3.443084e+00
4.826000e-05	-2.809761e-02	3.706665e+00
4.827000e-05	1.585544e-02	3.892659e+00
4.828000e-05	8.763868e-02	4.114663e+00
4.829000e-05	-6.880799e-02	4.388974e+00
4.830000e-05	2.370559e-02	4.558398e+00
4.831000e-05	-1.977817e-02	4.840459e+00
4.832000e-05	-5.766020e-03	5.073614e+00
4.833000e-05	4.172549e-02	5.336790e+00
4.834000e-05	-1.222657e-02	5.597901e+00
4.835000e-05	2.325807e-02	5.778897e+00
4.836000e-05	6.794595e-03	5.980480e+00
4.837000e-05	-1.428778e-02	6.200582e+00
4.838000e-05	6.858987e-03	6.381980e+00
4.839000e-05	1.500563e-03	6.581481e+00
4.840000e-05	2.809251e-02	6.802083e+00
4.841000e-05	-7.762467e-03	7.042609e+00
4.842000e-05	2.411095e-02	7.243009e+00
4.843000e-05	1.024638e-02	7.441083e+00
4.844000e-05	-1.602710e-02	7.662578e+00
4.845000e-05	2.312502e-02	7.854264e+00
4.846000e-05	-3.461144e-03	8.074192e+00
4.847000e-05	2.387797e-02	8.275134e+00
4.848000e-05	7.772216e-03	8.401608e+00
4.849000e-05	1.517905e-02	8.590424e+00
4.850000e-05	6.179661e-03	8.737345e+00
4.851000e-05	5.943564e-03	8.937242e+00
4.852000e-05	1.411402e-02	9.106161e+00
4.853000e-05	3.633592e-03	9.273636e+00
4.854000e-05	1.831768e-02	9.441530e+00
4.855000e-05	1.339470e-02	9.569424e+00
4.856000e-05	1.739135e-02	9.738369e+00
4.857000e-05	1.162112e-02	9.875259e+00
4.858000e-05	9.323954e-03	1.004416e+01
4.859000e-05	1.325955e-02	1.015045e+01
4.860000e-05	1.367100e-02	1.030677e+01
4.861000e-05	1.642743e-02	1.047471e+01
4.862000e-05	1.402651e-02	1.060093e+01
4.863000e-05	1.915785e-02	1.073829e+01
4.864000e-05	1.786676e-02	1.090471e+01
4.865000e-05	1.715805e-02	1.098903e+01
4.866000e-05	1.298174e-02	1.106519e+01
4.867000e-05	1.493495e-02	1.121250e+01
4.868000e-05	1.834030e-02	1.129687e+01
4.869000e-05	2.023349e-02	1.143263e+01
4.870000e-05	2.125140e-02	1.155952e+01
4.871000e-05	2.134050e-02	1.164723e+01
4.872000e-05	2.222665e-02	1.176102e+01
4.873000e-05	1.939035e-02	1.188313e+01
4.874000e-05	1.709549e-02	1.191792e+01
4.875000e-05	1.904182e-02	1.201303e+01
4.876000e-05	2.254507e-02	1.208579e+01
4.877000e-05	2.713414e-02	1.217997e+01
4.878000e-05	2.626073e-02	1.222361e+01
4.879000e-05	2.576319e-02	1.231636e+01
4.880000e-05	2.506237e-02	1.239155e+01
4.881000e-05	2.415144e-02	1.245308e+01
4.882000e-05	2.353279e-02	1.247471e+01
4.883000e-05	2.324080e-02	1.252687e+01
4.884000e-05	2.748532e-02	1.256902e+01
4.885000e-05	3.000999e-02	1.259047e+01
4.886000e-05	3.231235e-02	1.261261e+01
4.887000e-05	3.054369e-02	1.266413e+01
4.888000e-05	3.219177e-02	1.263469e+01
4.889000e-05	3.312660e-02	1.269471e+01
4.890000e-05	3.316138e-02	1.269621e+01
4.891000e-05	3.319573e-02	1.268534e+01
4.892000e-05	3.445388e-02	1.266734e+01
4.893000e-05	3.851667e-02	1.271686e+01
4.894000e-05	4.085918e-02	1.268529e+01
4.895000e-05	4.440700e-02	1.269639e+01
4.896000e-05	4.548882e-02	1.267466e+01
4.897000e-05	5.109957e-02	1.265411e+01
4.898000e-05	5.312778e-02	1.264420e+01
4.899000e-05	5.557668e-02	1.260266e+01
4.900000e-05	5.960734e-02	1.258103e+01
4.901000e-05	6.579719e-02	1.254897e+01
4.902000e-05	7.461578e-02	1.249784e+01
4.903000e-05	8.172646e-02	1.247524e+01
4.904000e-05	9.083576e-02	1.242311e+01
4.905000e-05	1.019971e-01	1.237003e+01
4.906000e-05	1.131009e-01	1.231739e+01
4.907000e-05	1.238400e-01	1.225423e+01
4.908000e-05	1.325461e-01	1.218347e+01
4.909000e-05	1.424048e-01	1.207689e+01
4.910000e-05	1.469202e-01	1.197208e+01
4.911000e-05	1.460001e-01	1.192736e+01
4.912000e-05	1.407507e-01	1.183323e+01
4.913000e-05	1.330946e-01	1.174955e+01
4.914000e-05	1.239548e-01	1.163629e+01
4.915000e-05	1.118026e-01	1.151605e+01
4.916000e-05	1.010849e-01	1.141168e+01
4.917000e-05	9.044197e-02	1.128681e+01
4.918000e-05	8.220255e-02	1.119060e+01
4.919000e-05	7.280941e-02	1.108434e+01
4.920000e-05	6.557177e-02	1.094007e+01
4.921000e-05	5.806806e-02	1.086681e+01
4.922000e-05	5.427059e-02	1.070752e+01
4.923000e-05	4.769519e-02	1.058270e+01
4.924000e-05	4.206231e-02	1.042473e+01
4.925000e-05	3.794425e-02	1.026636e+01
4.926000e-05	3.404556e-02	1.016057e+01
4.927000e-05	3.115069e-02	1.000228e+01
4.928000e-05	2.734963e-02	9.854338e+00
4.929000e-05	2.469076e-02	9.706864e+00
4.930000e-05	2.330685e-02	9.549018e+00
4.931000e-05	2.170489e-02	9.381177e+00
4.932000e-05	1.984378e-02	9.243284e+00
4.933000e-05	1.777960e-02	9.106361e+00
4.934000e-05	1.639157e-02	8.917988e+00
4.935000e-05	1.555425e-02	8.737411e+00
4.936000e-05	1.312505e-02	8.558522e+00
4.937000e-05	1.162831e-02	8.382152e+00
4.938000e-05	1.157089e-02	8.224334e+00
4.939000e-05	1.095357e-02	8.043203e+00
4.940000e-05	1.041562e-02	7.823281e+00
4.941000e-05	8.825807e-03	7.683859e+00
4.942000e-05	7.225452e-03	7.433854e+00
4.943000e-05	6.460612e-03	7.264305e+00
4.944000e-05	5.734460e-03	7.052204e+00
4.945000e-05	5.031942e-03	6.823803e+00
4.946000e-05	4.587924e-03	6.672281e+00
4.947000e-05	5.244059e-03	6.401625e+00
4.948000e-05	4.361012e-03	6.212301e+00
4.949000e-05	4.271903e-03	6.023157e+00
4.950000e-05	2.110632e-03	5.822227e+00
4.951000e-05	3.477952e-03	5.570148e+00
4.952000e-05	2.238297e-03	5.381151e+00
4.953000e-05	2.860215e-03	5.148567e+00
4.954000e-05	5.091970e-04	4.853908e+00
4.955000e-05	2.315741e-03	4.663331e+00
4.956000e-05	9.439693e-04	4.412753e+00
4.957000e-05	1.644275e-03	4.182749e+00
4.958000e-05	-1.096075e-03	3.940493e+00
4.959000e-05	-9.350584e-05	3.749515e+00
4.960000e-05	-8.040181e-04	3.567096e+00
4.961000e-05	-6.981065e-04	3.287358e+00
4.962000e-05	-1.963707e-03	3.054755e+00
4.963000e-05	-1.403428e-03	2.864358e+00
4.964000e-05	-1.799298e-03	2.662287e+00
4.965000e-05	-1.661698e-03	2.382096e+00
4.966000e-05	-2.263852e-03	2.179017e+00
4.967000e-05	-3.192132e-03	1.948020e+00
4.968000e-05	-2.756866e-03	1.726386e+00
4.969000e-05	-2.509549e-03	1.483734e+00
4.970000e-05	-3.363451e-03	1.222198e+00
4.971000e-05	-4.950726e-03	9.479959e-01
4.972000e-05	-4.588749e-03	6.733108e-01
4.973000e-05	-3.435859e-03	4.737317e-01
4.974000e-05	-2.999776e-03	2.218030e-01
4.975000e-05	-4.035493e-03	-2.100512e-02
4.976000e-05	2.524497e-03	-2.220551e-01
4.977000e-05	9.667755e-04	-4.394763e-01
4.978000e-05	-2.159734e-03	-6.921064e-01
4.979000e-05	-5.358037e-03	-9.241605e-01
4.980000e-05	-4.566354e-03	-1.123038e+00
4.981000e-05	-2.865133e-03	-1.335668e+00
4.982000e-05	-7.646138e-04	-1.547372e+00
4.983000e-05	3.269601e-02	-1.758771e+00
4.984000e-05	7.127513e-02	-1.988822e+00
4.985000e-05	-3.642211e-02	-2.333565e+00
4.986000e-05	-4.974901e-02	-2.628931e+00
4.987000e-05	-5.039119e-02	-2.841530e+00
4.988000e-05	-5.434674e-02	-3.112612e+00
4.989000e-05	1.190934e-02	-3.242079e+00
4.990000e-05	9.537221e-02	-3.379371e+00
4.991000e-05	-1.274964e-01	-3.560425e+00
4.992000e-05	9.389905e-02	-3.862535e+00
4.993000e-05	3.417997e-02	-4.032980e+00
4.994000e-05	-8.048691e-02	-4.305592e+00
4.995000e-05	5.799461e-02	-4.464659e+00
4.996000e-05	-1.301877e-01	-4.755692e+00
4.997000e-05	3.988635e-02	-4.987377e+00
4.998000e-05	5.397691e-02	-5.188297e+00
4.999000e-05	-6.373508e-02	-5.493517e+00
