# 261001_16:09:32.436250
t	CH1	CH2
0.000000e+00	-5.434373e-03	-4.538103e-01
1.000000e-08	-4.503983e-03	-6.557367e-01
2.000000e-08	-2.823186e-03	-8.031778e-01
3.000000e-08	-2.140083e-03	-1.001128e+00
4.000000e-08	-3.762680e-03	-1.178969e+00
5.000000e-08	1.301657e-02	-1.410022e+00
6.000000e-08	8.849373e-02	-1.588497e+00
7.000000e-08	-3.335891e-02	-1.789072e+00
8.000000e-08	-4.611959e-02	-2.014234e+00
9.000000e-08	-7.406649e-02	-2.277442e+00
1.000000e-07	-8.609789e-02	-2.504309e+00
1.100000e-07	1.497925e-01	-2.556441e+00
1.200000e-07	-1.137713e-02	-2.664285e+00
1.300000e-07	-1.576315e-01	-2.916967e+00
1.400000e-07	1.964096e-01	-3.106261e+00
1.500000e-07	-4.239365e-02	-3.213205e+00
1.600000e-07	-5.831589e-02	-3.473837e+00
1.700000e-07	6.791884e-02	-3.589048e+00
1.800000e-07	-1.619222e-01	-3.767627e+00
1.900000e-07	5.145945e-02	-3.990550e+00
2.000000e-07	1.027225e-01	-4.117917e+00
2.100000e-07	-1.235765e-01	-4.346967e+00
2.200000e-07	6.556760e-02	-4.483230e+00
2.300000e-07	-5.553711e-02	-4.633282e+00
2.400000e-07	5.042673e-03	-4.827335e+00
2.500000e-07	4.714085e-02	-5.010049e+00
2.600000e-07	-1.590264e-01	-5.169050e+00
2.700000e-07	1.051990e-01	-5.391050e+00
2.800000e-07	3.770981e-03	-5.598075e+00
2.900000e-07	-2.976595e-02	-5.748971e+00
3.000000e-07	-1.714297e-02	-5.884259e+00
3.100000e-07	-7.163453e-02	-6.022630e+00
3.200000e-07	1.015719e-01	-6.212655e+00
3.300000e-07	-8.438992e-02	-6.360601e+00
3.400000e-07	-1.356325e-02	-6.546864e+00
3.500000e-07	3.164749e-02	-6.644633e+00
3.600000e-07	-4.002483e-02	-6.789703e+00
3.700000e-07	4.366017e-02	-6.969520e+00
3.800000e-07	-1.021955e-01	-7.134866e+00
3.900000e-07	3.318059e-02	-7.274734e+00
4.000000e-07	-1.304062e-03	-7.399101e+00
4.100000e-07	-2.764065e-02	-7.528470e+00
4.200000e-07	1.747130e-03	-7.664209e+00
4.300000e-07	-4.664710e-02	-7.854304e+00
4.400000e-07	4.459954e-02	-7.969103e+00
4.500000e-07	-5.100769e-02	-8.085789e+00
4.600000e-07	-1.294608e-02	-8.242178e+00
4.700000e-07	-1.479099e-02	-8.296890e+00
4.800000e-07	-7.598726e-03	-8.451603e+00
4.900000e-07	4.002008e-03	-8.516465e+00
5.000000e-07	-4.961245e-02	-8.664312e+00
5.100000e-07	6.591946e-03	-8.770445e+00
5.200000e-07	-1.557337e-02	-8.864308e+00
5.300000e-07	-7.026441e-03	-8.969001e+00
5.400000e-07	-3.137334e-02	-9.074784e+00
5.500000e-07	-1.856811e-02	-9.138970e+00
5.600000e-07	4.611425e-03	-9.180576e+00
5.700000e-07	-2.150166e-02	-9.325867e+00
5.800000e-07	-2.063125e-02	-9.392054e+00
5.900000e-07	-2.260813e-02	-9.494365e+00
6.000000e-07	-2.039795e-03	-9.600550e+00
6.100000e-07	-1.708395e-02	-9.661706e+00
6.200000e-07	-2.569647e-02	-9.724812e+00
6.300000e-07	-1.674845e-02	-9.748421e+00
6.400000e-07	-5.796548e-03	-9.823258e+00
6.500000e-07	-1.504377e-02	-9.894209e+00
6.600000e-07	-2.799218e-02	-9.926366e+00
6.700000e-07	-2.002882e-02	-9.969521e+00
6.800000e-07	-1.213687e-02	-9.981553e+00
6.900000e-07	-1.505615e-02	-1.004171e+01
7.000000e-07	-2.542046e-02	-1.011573e+01
7.100000e-07	-1.603337e-02	-1.013596e+01
7.200000e-07	-1.067220e-02	-1.015992e+01
7.300000e-07	-1.732142e-02	-1.020012e+01
7.400000e-07	-2.696345e-02	-1.023914e+01
7.500000e-07	-2.338665e-02	-1.028324e+01
7.600000e-07	-1.271420e-02	-1.024582e+01
7.700000e-07	-1.867549e-02	-1.030592e+01
7.800000e-07	-2.181474e-02	-1.032582e+01
7.900000e-07	-2.111797e-02	-1.036977e+01
8.000000e-07	-1.530838e-02	-1.031745e+01
8.100000e-07	-1.957763e-02	-1.033844e+01
8.200000e-07	-2.662297e-02	-1.029642e+01
8.300000e-07	-2.303543e-02	-1.032539e+01
8.400000e-07	-1.922042e-02	-1.033884e+01
8.500000e-07	-1.847398e-02	-1.025527e+01
8.600000e-07	-2.649875e-02	-1.024318e+01
8.700000e-07	-2.338496e-02	-1.019973e+01
8.800000e-07	-2.048412e-02	-1.020113e+01
8.900000e-07	-2.283712e-02	-1.018799e+01
9.000000e-07	-2.757404e-02	-1.015582e+01
9.100000e-07	-2.739620e-02	-1.004374e+01
9.200000e-07	-2.159697e-02	-1.005318e+01
9.300000e-07	-2.378579e-02	-9.980505e+00
9.400000e-07	-2.786459e-02	-9.978418e+00
9.500000e-07	-2.532846e-02	-9.934767e+00
9.600000e-07	-2.211806e-02	-9.853184e+00
9.700000e-07	-2.275315e-02	-9.821630e+00
9.800000e-07	-2.840648e-02	-9.778896e+00
9.900000e-07	-2.838446e-02	-9.693686e+00
1.000000e-06	-2.664383e-02	-9.633082e+00
1.010000e-06	-2.690697e-02	-9.599973e+00
1.020000e-06	-2.990058e-02	-9.517339e+00
1.030000e-06	-2.911861e-02	-9.399551e+00
1.040000e-06	-2.648840e-02	-9.306865e+00
1.050000e-06	-2.863811e-02	-9.232580e+00
1.060000e-06	-3.345818e-02	-9.108871e+00
1.070000e-06	-3.401021e-02	-9.064155e+00
1.080000e-06	-3.176566e-02	-8.958864e+00
1.090000e-06	-3.373425e-02	-8.843681e+00
1.100000e-06	-3.822795e-02	-8.810074e+00
1.110000e-06	-3.759374e-02	-8.694261e+00
1.120000e-06	-3.426892e-02	-8.528769e+00
1.130000e-06	-3.756439e-02	-8.421554e+00
1.140000e-06	-4.223458e-02	-8.315869e+00
1.150000e-06	-4.414256e-02	-8.201575e+00
1.160000e-06	-4.055824e-02	-8.067186e+00
1.170000e-06	-4.342840e-02	-8.032576e+00
1.180000e-06	-4.752750e-02	-7.864233e+00
1.190000e-06	-4.811285e-02	-7.664309e+00
1.200000e-06	-4.567922e-02	-7.568392e+00
1.210000e-06	-4.740502e-02	-7.422000e+00
1.220000e-06	-5.093386e-02	-7.275162e+00
1.230000e-06	-5.155563e-02	-7.199526e+00
1.240000e-06	-4.805674e-02	-7.019575e+00
1.250000e-06	-4.708470e-02	-6.822579e+00
1.260000e-06	-5.102191e-02	-6.706268e+00
1.270000e-06	-5.019345e-02	-6.578402e+00
1.280000e-06	-4.563177e-02	-6.432533e+00
1.290000e-06	-4.515139e-02	-6.333788e+00
1.300000e-06	-4.620060e-02	-6.055165e+00
1.310000e-06	-4.538970e-02	-5.967344e+00
1.320000e-06	-4.116494e-02	-5.810981e+00
1.330000e-06	-3.887708e-02	-5.673659e+00
1.340000e-06	-3.980379e-02	-5.545859e+00
1.350000e-06	-3.789431e-02	-5.274661e+00
1.360000e-06	-3.375871e-02	-5.115665e+00
1.370000e-06	-3.118716e-02	-4.953846e+00
1.380000e-06	-3.060205e-02	-4.676216e+00
1.390000e-06	-3.096850e-02	-4.557345e+00
1.400000e-06	-2.643088e-02	-4.428501e+00
1.410000e-06	-2.487369e-02	-4.232581e+00
1.420000e-06	-2.416580e-02	-4.105162e+00
1.430000e-06	-2.472255e-02	-3.946790e+00
1.440000e-06	-2.093538e-02	-3.717343e+00
1.450000e-06	-1.779039e-02	-3.546792e+00
1.460000e-06	-1.601947e-02	-3.377895e+00
1.470000e-06	-1.853650e-02	-3.200500e+00
1.480000e-06	-1.465805e-02	-2.962427e+00
1.490000e-06	-1.518351e-02	-2.799500e+00
1.500000e-06	-1.273246e-02	-2.632550e+00
1.510000e-06	-1.591225e-02	-2.453125e+00
1.520000e-06	-1.240211e-02	-2.293108e+00
1.530000e-06	-1.015698e-02	-2.020554e+00
1.540000e-06	-7.512768e-03	-1.906136e+00
1.550000e-06	-9.385857e-03	-1.725237e+00
1.560000e-06	-8.801959e-03	-1.516767e+00
1.570000e-06	-7.681333e-03	-1.241062e+00
1.580000e-06	-7.327779e-03	-1.064185e+00
1.590000e-06	-8.873906e-03	-8.852318e-01
1.600000e-06	-8.437180e-03	-7.262621e-01
1.610000e-06	-4.550083e-03	-4.531355e-01
1.620000e-06	-3.660384e-03	-3.552394e-01
1.630000e-06	-3.319131e-03	-1.377474e-01
1.640000e-06	1.455837e-03	1.155389e-03
1.650000e-06	2.719538e-03	2.431342e-01
1.660000e-06	-8.558035e-04	4.516303e-01
1.670000e-06	-7.942114e-04	5.894711e-01
1.680000e-06	-2.650282e-03	7.379486e-01
1.690000e-06	1.760409e-03	9.047630e-01
1.700000e-06	8.973663e-04	1.157944e+00
1.710000e-06	8.309464e-03	1.316368e+00
1.720000e-06	4.311024e-02	1.556066e+00
1.730000e-06	5.751722e-02	1.840655e+00
1.740000e-06	-4.391825e-02	2.041604e+00
1.750000e-06	-4.457665e-02	2.210574e+00
1.760000e-06	-4.519564e-02	2.389021e+00
1.770000e-06	-5.218228e-02	2.432533e+00
1.780000e-06	9.725427e-02	2.578576e+00
1.790000e-06	1.775254e-02	2.802205e+00
1.800000e-06	-1.116108e-01	2.978020e+00
1.810000e-06	1.536134e-01	3.086339e+00
1.820000e-06	-6.723947e-03	3.405144e+00
1.830000e-06	-3.938320e-02	3.545896e+00
1.840000e-06	3.620149e-02	3.682238e+00
1.850000e-06	-8.545492e-02	3.884288e+00
1.860000e-06	4.739392e-02	4.011053e+00
1.870000e-06	6.899203e-02	4.219684e+00
1.880000e-06	-5.022517e-02	4.433230e+00
1.890000e-06	1.979032e-02	4.608547e+00
1.900000e-06	-9.338624e-03	4.778069e+00
1.910000e-06	1.410658e-02	4.937495e+00
1.920000e-06	1.827276e-02	5.178544e+00
1.930000e-06	-4.242845e-02	5.368047e+00
1.940000e-06	3.136594e-02	5.545940e+00
1.950000e-06	3.319177e-02	5.633367e+00
1.960000e-06	1.539085e-02	5.873683e+00
1.970000e-06	-3.447627e-02	6.011229e+00
1.980000e-06	-4.636518e-03	6.177546e+00
1.990000e-06	5.234060e-02	6.304814e+00
2.000000e-06	-1.679002e-02	6.422107e+00
2.010000e-06	8.252567e-03	6.622651e+00
2.020000e-06	1.035623e-02	6.790528e+00
2.030000e-06	1.304135e-02	6.917342e+00
2.040000e-06	1.829745e-02	7.062707e+00
2.050000e-06	-1.903656e-02	7.190051e+00
2.060000e-06	1.078119e-02	7.286440e+00
2.070000e-06	1.259408e-02	7.512862e+00
2.080000e-06	2.276750e-02	7.641707e+00
2.090000e-06	-1.953007e-03	7.757601e+00
2.100000e-06	3.748499e-03	7.924837e+00
2.110000e-06	2.049812e-02	8.041188e+00
2.120000e-06	4.846266e-03	8.180501e+00
2.130000e-06	5.163063e-03	8.275337e+00
2.140000e-06	3.629344e-03	8.399054e+00
2.150000e-06	1.917434e-02	8.493209e+00
2.160000e-06	1.388215e-02	8.589450e+00
2.170000e-06	5.617627e-03	8.692211e+00
2.180000e-06	8.572003e-03	8.739454e+00
2.190000e-06	1.361496e-02	8.832210e+00
2.200000e-06	1.098234e-02	8.966497e+00
2.210000e-06	4.973810e-03	9.065242e+00
2.220000e-06	7.754815e-03	9.209502e+00
2.230000e-06	1.688357e-02	9.292729e+00
2.240000e-06	1.272200e-02	9.305813e+00
2.250000e-06	8.186065e-03	9.381077e+00
2.260000e-06	9.124475e-03	9.474314e+00
2.270000e-06	1.361313e-02	9.556871e+00
2.280000e-06	1.294024e-02	9.611000e+00
2.290000e-06	6.382652e-03	9.664237e+00
2.300000e-06	1.146601e-02	9.748891e+00
2.310000e-06	1.455487e-02	9.830178e+00
2.320000e-06	1.430555e-02	9.865712e+00
2.330000e-06	7.805668e-03	9.927446e+00
2.340000e-06	9.844316e-03	9.998974e+00
2.350000e-06	1.521479e-02	1.002160e+01
2.360000e-06	1.311058e-02	1.006261e+01
2.370000e-06	1.118389e-02	1.008382e+01
2.380000e-06	1.086720e-02	1.013634e+01
2.390000e-06	1.623496e-02	1.015837e+01
2.400000e-06	1.285954e-02	1.017792e+01
2.410000e-06	1.147689e-02	1.018903e+01
2.420000e-06	1.208537e-02	1.021208e+01
2.430000e-06	1.593105e-02	1.023111e+01
2.440000e-06	1.543859e-02	1.025158e+01
2.450000e-06	1.108909e-02	1.024323e+01
2.460000e-06	1.330560e-02	1.030206e+01
2.470000e-06	1.529194e-02	1.028321e+01
2.480000e-06	1.660858e-02	1.022018e+01
2.490000e-06	1.155302e-02	1.022071e+01
2.500000e-06	1.540735e-02	1.026110e+01
2.510000e-06	1.829108e-02	1.023105e+01
2.520000e-06	1.858208e-02	1.021003e+01
2.530000e-06	1.563636e-02	1.016690e+01
2.540000e-06	1.572503e-02	1.013687e+01
2.550000e-06	1.942624e-02	1.012479e+01
2.560000e-06	1.792999e-02	1.007423e+01
2.570000e-06	1.833661e-02	1.004214e+01
2.580000e-06	1.749805e-02	1.003056e+01
2.590000e-06	1.939954e-02	1.002000e+01
2.600000e-06	1.779634e-02	9.975743e+00
2.610000e-06	1.800525e-02	9.905263e+00
2.620000e-06	1.807181e-02	9.810104e+00
2.630000e-06	1.856180e-02	9.746370e+00
2.640000e-06	1.950560e-02	9.675163e+00
2.650000e-06	1.940303e-02	9.580023e+00
2.660000e-06	2.108120e-02	9.525821e+00
2.670000e-06	2.064154e-02	9.453708e+00
2.680000e-06	2.103120e-02	9.409055e+00
2.690000e-06	2.101460e-02	9.285738e+00
2.700000e-06	2.336528e-02	9.232653e+00
2.710000e-06	2.400167e-02	9.170524e+00
2.720000e-06	2.337951e-02	9.075261e+00
2.730000e-06	2.538970e-02	8.977921e+00
2.740000e-06	2.646848e-02	8.865134e+00
2.750000e-06	2.758825e-02	8.779945e+00
2.760000e-06	2.772475e-02	8.703112e+00
2.770000e-06	2.969974e-02	8.579972e+00
2.780000e-06	3.059099e-02	8.505185e+00
2.790000e-06	3.240282e-02	8.390906e+00
2.800000e-06	3.347318e-02	8.271660e+00
2.810000e-06	3.516579e-02	8.127970e+00
2.820000e-06	3.632868e-02	8.062534e+00
2.830000e-06	3.667709e-02	7.905316e+00
2.840000e-06	3.750920e-02	7.789377e+00
2.850000e-06	3.882214e-02	7.684634e+00
2.860000e-06	4.137975e-02	7.556817e+00
2.870000e-06	4.142077e-02	7.359469e+00
2.880000e-06	4.222490e-02	7.189974e+00
2.890000e-06	4.114921e-02	7.083162e+00
2.900000e-06	4.413341e-02	6.946792e+00
2.910000e-06	4.305053e-02	6.812004e+00
2.920000e-06	4.030134e-02	6.694233e+00
2.930000e-06	4.035694e-02	6.485091e+00
2.940000e-06	4.129965e-02	6.345825e+00
2.950000e-06	3.932975e-02	6.219904e+00
2.960000e-06	3.672528e-02	6.073185e+00
2.970000e-06	3.493609e-02	5.977346e+00
2.980000e-06	3.520678e-02	5.778414e+00
2.990000e-06	3.377748e-02	5.569372e+00
3.000000e-06	2.973478e-02	5.412082e+00
3.010000e-06	2.692468e-02	5.260107e+00
3.020000e-06	2.685627e-02	5.014008e+00
3.030000e-06	2.461007e-02	4.832556e+00
3.040000e-06	2.110332e-02	4.704679e+00
3.050000e-06	1.941857e-02	4.526688e+00
3.060000e-06	1.934955e-02	4.378346e+00
3.070000e-06	1.801909e-02	4.168345e+00
3.080000e-06	1.565834e-02	3.967870e+00
3.090000e-06	1.417458e-02	3.822004e+00
3.100000e-06	1.227078e-02	3.662578e+00
3.110000e-06	1.099082e-02	3.534111e+00
3.120000e-06	8.692536e-03	3.273083e+00
3.130000e-06	7.969289e-03	3.124663e+00
3.140000e-06	6.887246e-03	2.917267e+00
3.150000e-06	6.266301e-03	2.756822e+00
3.160000e-06	5.629129e-03	2.524247e+00
3.170000e-06	3.791744e-03	2.346391e+00
3.180000e-06	2.974719e-03	2.178845e+00
3.190000e-06	2.657359e-03	1.999453e+00
3.200000e-06	2.169194e-03	1.852020e+00
3.210000e-06	6.757070e-05	1.600451e+00
3.220000e-06	3.782471e-04	1.430928e+00
3.230000e-06	-1.456780e-04	1.231452e+00
3.240000e-06	-5.736204e-04	1.021425e+00
3.250000e-06	-1.877066e-03	7.904474e-01
3.260000e-06	-2.885833e-03	6.404249e-01
3.270000e-06	-1.558238e-03	4.510803e-01
3.280000e-06	-1.871072e-03	2.730302e-01
3.290000e-06	-2.286162e-03	1.945507e-02
3.300000e-06	2.047034e-03	-1.084434e-01
3.310000e-06	1.114166e-03	-3.058105e-01
3.320000e-06	-2.873381e-03	-4.221804e-01
3.330000e-06	-3.739834e-03	-6.732327e-01
3.340000e-06	-5.375167e-03	-8.426042e-01
3.350000e-06	-4.125892e-03	-1.000050e+00
3.360000e-06	-3.527113e-03	-1.169895e+00
3.370000e-06	1.119039e-02	-1.328943e+00
3.380000e-06	8.560397e-02	-1.557095e+00
3.390000e-06	-2.509296e-02	-1.789097e+00
3.400000e-06	-4.709065e-02	-2.032679e+00
3.410000e-06	-6.907729e-02	-2.305889e+00
3.420000e-06	-9.118768e-02	-2.492683e+00
3.430000e-06	1.373062e-01	-2.559846e+00
3.440000e-06	1.038498e-02	-2.671808e+00
3.450000e-06	-1.703089e-01	-2.907464e+00
3.460000e-06	1.903166e-01	-3.084807e+00
3.470000e-06	-2.504776e-02	-3.211609e+00
3.480000e-06	-7.100612e-02	-3.474258e+00
3.490000e-06	7.524154e-02	-3.579022e+00
3.500000e-06	-1.561677e-01	-3.768498e+00
3.510000e-06	2.984325e-02	-3.959625e+00
3.520000e-06	1.203720e-01	-4.116840e+00
3.530000e-06	-1.227291e-01	-4.307417e+00
3.540000e-06	5.635731e-02	-4.423609e+00
3.550000e-06	-4.643568e-02	-4.610781e+00
3.560000e-06	-1.058198e-02	-4.824232e+00
3.570000e-06	6.097486e-02	-5.009002e+00
3.580000e-06	-1.625471e-01	-5.158625e+00
3.590000e-06	9.298299e-02	-5.417021e+00
3.600000e-06	1.855134e-02	-5.568071e+00
3.610000e-06	-3.561077e-02	-5.768499e+00
3.620000e-06	-1.010999e-02	-5.853212e+00
3.630000e-06	-8.068336e-02	-6.042282e+00
3.640000e-06	1.002417e-01	-6.200700e+00
3.650000e-06	-7.190762e-02	-6.357546e+00
3.660000e-06	-2.606318e-02	-6.487417e+00
3.670000e-06	3.955958e-02	-6.633256e+00
3.680000e-06	-4.541271e-02	-6.831101e+00
3.690000e-06	4.768660e-02	-6.928022e+00
3.700000e-06	-9.876701e-02	-7.125916e+00
3.710000e-06	2.269644e-02	-7.252710e+00
3.720000e-06	8.520697e-03	-7.389076e+00
3.730000e-06	-3.267579e-02	-7.537946e+00
3.740000e-06	7.016623e-03	-7.643286e+00
3.750000e-06	-5.245548e-02	-7.873682e+00
3.760000e-06	4.321989e-02	-7.980603e+00
3.770000e-06	-4.516667e-02	-8.093889e+00
3.780000e-06	-1.875087e-02	-8.201179e+00
3.790000e-06	-1.138726e-02	-8.316419e+00
3.800000e-06	-1.060353e-02	-8.411204e+00
3.810000e-06	9.211645e-03	-8.505545e+00
3.820000e-06	-5.088881e-02	-8.700260e+00
3.830000e-06	3.724992e-03	-8.770578e+00
3.840000e-06	-1.473979e-02	-8.883788e+00
3.850000e-06	-7.678089e-03	-8.979446e+00
3.860000e-06	-2.810892e-02	-9.041831e+00
3.870000e-06	-2.172501e-02	-9.146923e+00
3.880000e-06	6.536824e-03	-9.192602e+00
3.890000e-06	-2.291007e-02	-9.244915e+00
3.900000e-06	-1.982127e-02	-9.380101e+00
3.910000e-06	-2.426895e-02	-9.494340e+00
3.920000e-06	-2.149708e-03	-9.581050e+00
3.930000e-06	-1.639738e-02	-9.621178e+00
3.940000e-06	-2.697467e-02	-9.704290e+00
3.950000e-06	-1.743643e-02	-9.758450e+00
3.960000e-06	-6.797283e-03	-9.830679e+00
3.970000e-06	-1.380173e-02	-9.883233e+00
3.980000e-06	-2.825251e-02	-9.906367e+00
3.990000e-06	-1.880298e-02	-9.948018e+00
4.000000e-06	-1.101311e-02	-1.000210e+01
4.010000e-06	-1.505198e-02	-1.003166e+01
4.020000e-06	-2.777037e-02	-1.007518e+01
4.030000e-06	-1.837529e-02	-1.010683e+01
4.040000e-06	-1.295559e-02	-1.014804e+01
4.050000e-06	-1.474237e-02	-1.021015e+01
4.060000e-06	-2.545150e-02	-1.019253e+01
4.070000e-06	-2.162327e-02	-1.019324e+01
4.080000e-06	-1.212972e-02	-1.027531e+01
4.090000e-06	-1.758938e-02	-1.029481e+01
4.100000e-06	-2.225659e-02	-1.034584e+01
4.110000e-06	-2.386844e-02	-1.031832e+01
4.120000e-06	-1.578975e-02	-1.034739e+01
4.130000e-06	-1.980311e-02	-1.034682e+01
4.140000e-06	-2.544561e-02	-1.035645e+01
4.150000e-06	-2.281193e-02	-1.029681e+01
4.160000e-06	-1.876661e-02	-1.037634e+01
4.170000e-06	-1.855247e-02	-1.028529e+01
4.180000e-06	-2.668548e-02	-1.026423e+01
4.190000e-06	-2.541528e-02	-1.026163e+01
4.200000e-06	-2.162640e-02	-1.018917e+01
4.210000e-06	-2.272182e-02	-1.016944e+01
4.220000e-06	-2.547725e-02	-1.008586e+01
4.230000e-06	-2.681759e-02	-1.009424e+01
4.240000e-06	-2.243041e-02	-1.003361e+01
4.250000e-06	-2.435152e-02	-1.001198e+01
4.260000e-06	-2.671508e-02	-9.989471e+00
4.270000e-06	-2.608536e-02	-9.936338e+00
4.280000e-06	-2.380578e-02	-9.853734e+00
4.290000e-06	-2.375727e-02	-9.791053e+00
4.300000e-06	-2.739761e-02	-9.748470e+00
4.310000e-06	-2.768729e-02	-9.723738e+00
4.320000e-06	-2.608588e-02	-9.653656e+00
4.330000e-06	-2.607493e-02	-9.591501e+00
4.340000e-06	-3.004195e-02	-9.526265e+00
4.350000e-06	-2.964531e-02	-9.400526e+00
4.360000e-06	-2.870150e-02	-9.326287e+00
4.370000e-06	-2.913249e-02	-9.212131e+00
4.380000e-06	-3.223658e-02	-9.166843e+00
4.390000e-06	-3.339616e-02	-9.052755e+00
4.400000e-06	-3.117978e-02	-8.928342e+00
4.410000e-06	-3.317493e-02	-8.866134e+00
4.420000e-06	-3.655271e-02	-8.769528e+00
4.430000e-06	-3.791125e-02	-8.716285e+00
4.440000e-06	-3.657395e-02	-8.497367e+00
4.450000e-06	-3.835084e-02	-8.423631e+00
4.460000e-06	-4.125265e-02	-8.358318e+00
4.470000e-06	-4.264942e-02	-8.231028e+00
4.480000e-06	-4.231855e-02	-8.114786e+00
4.490000e-06	-4.298999e-02	-8.021478e+00
4.500000e-06	-4.635864e-02	-7.905159e+00
4.510000e-06	-4.835075e-02	-7.685266e+00
4.520000e-06	-4.729067e-02	-7.557496e+00
4.530000e-06	-4.713434e-02	-7.430602e+00
4.540000e-06	-4.915337e-02	-7.285211e+00
4.550000e-06	-5.097113e-02	-7.159468e+00
4.560000e-06	-5.099720e-02	-7.050052e+00
4.570000e-06	-4.819381e-02	-6.843084e+00
4.580000e-06	-4.876827e-02	-6.747863e+00
4.590000e-06	-4.926774e-02	-6.608900e+00
4.600000e-06	-4.790275e-02	-6.451660e+00
4.610000e-06	-4.548303e-02	-6.294257e+00
4.620000e-06	-4.531682e-02	-6.095766e+00
4.630000e-06	-4.459969e-02	-5.958926e+00
4.640000e-06	-4.213422e-02	-5.821975e+00
4.650000e-06	-4.040250e-02	-5.673109e+00
4.660000e-06	-3.788817e-02	-5.513743e+00
4.670000e-06	-3.648936e-02	-5.264686e+00
4.680000e-06	-3.510053e-02	-5.086241e+00
4.690000e-06	-3.230783e-02	-4.936287e+00
4.700000e-06	-3.067247e-02	-4.696764e+00
4.710000e-06	-2.953715e-02	-4.568366e+00
4.720000e-06	-2.676987e-02	-4.399976e+00
4.730000e-06	-2.545469e-02	-4.232132e+00
4.740000e-06	-2.316071e-02	-4.085688e+00
4.750000e-06	-2.423273e-02	-3.937193e+00
4.760000e-06	-2.148830e-02	-3.736266e+00
4.770000e-06	-1.894253e-02	-3.557842e+00
4.780000e-06	-1.581297e-02	-3.388474e+00
4.790000e-06	-1.861237e-02	-3.198449e+00
4.800000e-06	-1.598925e-02	-3.009952e+00
4.810000e-06	-1.587977e-02	-2.820001e+00
4.820000e-06	-1.214347e-02	-2.642109e+00
4.830000e-06	-1.397963e-02	-2.453131e+00
4.840000e-06	-1.175593e-02	-2.333705e+00
4.850000e-06	-1.089985e-02	-2.042083e+00
4.860000e-06	-8.338350e-03	-1.924185e+00
4.870000e-06	-9.144474e-03	-1.696766e+00
4.880000e-06	-9.168048e-03	-1.546265e+00
4.890000e-06	-9.752817e-03	-1.254058e+00
4.900000e-06	-8.998942e-03	-1.084684e+00
4.910000e-06	-6.245801e-03	-8.846868e-01
4.920000e-06	-6.146586e-03	-7.277672e-01
4.930000e-06	-4.712047e-03	-5.036870e-01
4.940000e-06	-4.381218e-03	-3.183371e-01
4.950000e-06	-3.260961e-03	-1.368485e-01
4.960000e-06	1.331816e-03	-7.949553e-03
4.970000e-06	1.018306e-03	2.132814e-01
4.980000e-06	-2.373400e-03	4.115513e-01
4.990000e-06	2.570626e-04	5.880711e-01
5.000000e-06	-5.154865e-04	7.674434e-01
5.010000e-06	8.446301e-04	9.222617e-01
5.020000e-06	8.074621e-04	1.166489e+00
5.030000e-06	7.868880e-03	1.305341e+00
5.040000e-06	3.935752e-02	1.507518e+00
5.050000e-06	6.027515e-02	1.820703e+00
5.060000e-06	-4.103243e-02	2.019526e+00
5.070000e-06	-4.352966e-02	2.158022e+00
5.080000e-06	-4.409691e-02	2.346952e+00
5.090000e-06	-5.488233e-02	2.411532e+00
5.100000e-06	8.552284e-02	2.578104e+00
5.110000e-06	3.534851e-02	2.800175e+00
5.120000e-06	-1.202889e-01	2.987995e+00
5.130000e-06	1.473395e-01	3.064789e+00
5.140000e-06	4.203453e-03	3.356495e+00
5.150000e-06	-4.373021e-02	3.557971e+00
5.160000e-06	3.869253e-02	3.674180e+00
5.170000e-06	-8.511865e-02	3.860734e+00
5.180000e-06	3.514098e-02	4.000030e+00
5.190000e-06	7.607353e-02	4.221256e+00
5.200000e-06	-4.692447e-02	4.421101e+00
5.210000e-06	1.524661e-02	4.571524e+00
5.220000e-06	-4.178496e-03	4.767468e+00
5.230000e-06	7.569910e-03	4.946475e+00
5.240000e-06	2.427206e-02	5.208976e+00
5.250000e-06	-4.519593e-02	5.366445e+00
5.260000e-06	2.804769e-02	5.526917e+00
5.270000e-06	3.331677e-02	5.660315e+00
5.280000e-06	1.796535e-02	5.832253e+00
5.290000e-06	-3.189625e-02	6.022154e+00
5.300000e-06	-9.447965e-03	6.176470e+00
5.310000e-06	5.342649e-02	6.295264e+00
5.320000e-06	-1.472767e-02	6.460630e+00
5.330000e-06	5.915590e-03	6.588550e+00
5.340000e-06	1.238523e-02	6.800099e+00
5.350000e-06	1.210689e-02	6.945867e+00
5.360000e-06	1.884536e-02	7.041260e+00
5.370000e-06	-1.861069e-02	7.170521e+00
5.380000e-06	8.651914e-03	7.324363e+00
5.390000e-06	1.447566e-02	7.473683e+00
5.400000e-06	2.096973e-02	7.663704e+00
5.410000e-06	9.329778e-04	7.758501e+00
5.420000e-06	2.102978e-03	7.924896e+00
5.430000e-06	2.097414e-02	8.093628e+00
5.440000e-06	4.720592e-03	8.169947e+00
5.450000e-06	3.988424e-03	8.315262e+00
5.460000e-06	4.275448e-03	8.412073e+00
5.470000e-06	1.663267e-02	8.503636e+00
5.480000e-06	1.319349e-02	8.549474e+00
5.490000e-06	6.295104e-03	8.683762e+00
5.500000e-06	1.016347e-02	8.727996e+00
5.510000e-06	1.438721e-02	8.831632e+00
5.520000e-06	9.711944e-03	8.945972e+00
5.530000e-06	4.602255e-03	9.054283e+00
5.540000e-06	6.598688e-03	9.156971e+00
5.550000e-06	1.714018e-02	9.232632e+00
5.560000e-06	1.183316e-02	9.314870e+00
5.570000e-06	7.788348e-03	9.379503e+00
5.580000e-06	1.112196e-02	9.474282e+00
5.590000e-06	1.460364e-02	9.576892e+00
5.600000e-06	1.265084e-02	9.590475e+00
5.610000e-06	4.670136e-03	9.684210e+00
5.620000e-06	1.124535e-02	9.737866e+00
5.630000e-06	1.461461e-02	9.820601e+00
5.640000e-06	1.389526e-02	9.875211e+00
5.650000e-06	7.443014e-03	9.986920e+00
5.660000e-06	1.165095e-02	9.999451e+00
5.670000e-06	1.606215e-02	1.004108e+01
5.680000e-06	1.231444e-02	1.007421e+01
5.690000e-06	9.601726e-03	1.010381e+01
5.700000e-06	1.037104e-02	1.012589e+01
5.710000e-06	1.615775e-02	1.013695e+01
5.720000e-06	1.183821e-02	1.018797e+01
5.730000e-06	1.042398e-02	1.019950e+01
5.740000e-06	1.343638e-02	1.024115e+01
5.750000e-06	1.674451e-02	1.024105e+01
5.760000e-06	1.490932e-02	1.024063e+01
5.770000e-06	1.193503e-02	1.023168e+01
5.780000e-06	1.191129e-02	1.024363e+01
5.790000e-06	1.410378e-02	1.026321e+01
5.800000e-06	1.509426e-02	1.024171e+01
5.810000e-06	1.308209e-02	1.025211e+01
5.820000e-06	1.625232e-02	1.024198e+01
5.830000e-06	1.760094e-02	1.017960e+01
5.840000e-06	1.890485e-02	1.021948e+01
5.850000e-06	1.548420e-02	1.018850e+01
5.860000e-06	1.589689e-02	1.013840e+01
5.870000e-06	1.740770e-02	1.010526e+01
5.880000e-06	1.835984e-02	1.005374e+01
5.890000e-06	1.839466e-02	1.004363e+01
5.900000e-06	1.737931e-02	1.004260e+01
5.910000e-06	1.975423e-02	9.978529e+00
5.920000e-06	1.912593e-02	9.948321e+00
5.930000e-06	1.774918e-02	9.893259e+00
5.940000e-06	1.618944e-02	9.809653e+00
5.950000e-06	1.896738e-02	9.737342e+00
5.960000e-06	2.042051e-02	9.652111e+00
5.970000e-06	1.910936e-02	9.580477e+00
5.980000e-06	1.944891e-02	9.555345e+00
5.990000e-06	2.079105e-02	9.484736e+00
6.000000e-06	2.306823e-02	9.379127e+00
6.010000e-06	2.163308e-02	9.317264e+00
6.020000e-06	2.162863e-02	9.242159e+00
6.030000e-06	2.366721e-02	9.199950e+00
6.040000e-06	2.523376e-02	9.155816e+00
6.050000e-06	2.475211e-02	8.997448e+00
6.060000e-06	2.492594e-02	8.874666e+00
6.070000e-06	2.857002e-02	8.807954e+00
6.080000e-06	2.888480e-02	8.694660e+00
6.090000e-06	3.045550e-02	8.588955e+00
6.100000e-06	2.988696e-02	8.514160e+00
6.110000e-06	3.298559e-02	8.391527e+00
6.120000e-06	3.359964e-02	8.294233e+00
6.130000e-06	3.430713e-02	8.218849e+00
6.140000e-06	3.501638e-02	8.044083e+00
6.150000e-06	3.726893e-02	7.924318e+00
6.160000e-06	3.901781e-02	7.810004e+00
6.170000e-06	3.922030e-02	7.664709e+00
6.180000e-06	4.000333e-02	7.586818e+00
6.190000e-06	4.071362e-02	7.428471e+00
6.200000e-06	4.254017e-02	7.210454e+00
6.210000e-06	4.254261e-02	7.094238e+00
6.220000e-06	4.229936e-02	6.967816e+00
6.230000e-06	4.209415e-02	6.802005e+00
6.240000e-06	4.330985e-02	6.704709e+00
6.250000e-06	4.157864e-02	6.496736e+00
6.260000e-06	3.947176e-02	6.367346e+00
6.270000e-06	3.776613e-02	6.250481e+00
6.280000e-06	3.766643e-02	6.073609e+00
6.290000e-06	3.595335e-02	5.977343e+00
6.300000e-06	3.353656e-02	5.749391e+00
6.310000e-06	3.250892e-02	5.578400e+00
6.320000e-06	3.147220e-02	5.432004e+00
6.330000e-06	2.907980e-02	5.272657e+00
6.340000e-06	2.603769e-02	5.113088e+00
6.350000e-06	2.349885e-02	4.800580e+00
6.360000e-06	2.269074e-02	4.723737e+00
6.370000e-06	2.075402e-02	4.495242e+00
6.380000e-06	1.818760e-02	4.397950e+00
6.390000e-06	1.750439e-02	4.251420e+00
6.400000e-06	1.649303e-02	3.987852e+00
6.410000e-06	1.433856e-02	3.808504e+00
6.420000e-06	1.157712e-02	3.683606e+00
6.430000e-06	1.133277e-02	3.532740e+00
6.440000e-06	9.765001e-03	3.252081e+00
6.450000e-06	8.553081e-03	3.145136e+00
6.460000e-06	6.573369e-03	2.906792e+00
6.470000e-06	6.463263e-03	2.799450e+00
6.480000e-06	4.584818e-03	2.637793e+00
6.490000e-06	3.777782e-03	2.357796e+00
6.500000e-06	3.582017e-03	2.177875e+00
6.510000e-06	2.013379e-03	1.999925e+00
6.520000e-06	1.236276e-03	1.881930e+00
6.530000e-06	1.355947e-03	1.640029e+00
6.540000e-06	2.051707e-03	1.441501e+00
6.550000e-06	-7.419362e-04	1.262003e+00
6.560000e-06	-2.880487e-03	1.041475e+00
6.570000e-06	-2.400142e-03	7.904501e-01
6.580000e-06	-5.769347e-04	6.290251e-01
6.590000e-06	-2.144114e-03	4.320805e-01
6.600000e-06	-2.778990e-03	2.929595e-01
6.610000e-06	-3.231228e-03	4.050394e-02
6.620000e-06	3.238889e-03	-1.163432e-01
6.630000e-06	1.698808e-03	-2.946882e-01
6.640000e-06	-4.347212e-03	-4.421028e-01
6.650000e-06	-3.097786e-03	-6.448103e-01
6.660000e-06	-4.000332e-03	-8.516514e-01
6.670000e-06	-3.716345e-03	-9.610463e-01
6.680000e-06	-4.173159e-03	-1.168999e+00
6.690000e-06	8.891345e-03	-1.377567e+00
6.700000e-06	8.356085e-02	-1.528522e+00
6.710000e-06	-1.619447e-02	-1.748025e+00
6.720000e-06	-5.078781e-02	-2.019076e+00
6.730000e-06	-6.539046e-02	-2.307334e+00
6.740000e-06	-9.271961e-02	-2.472229e+00
6.750000e-06	1.249434e-01	-2.538441e+00
6.760000e-06	2.969453e-02	-2.663659e+00
6.770000e-06	-1.802905e-01	-2.883339e+00
6.780000e-06	1.816170e-01	-3.104734e+00
6.790000e-06	-6.012236e-03	-3.180029e+00
6.800000e-06	-8.480891e-02	-3.442758e+00
6.810000e-06	7.823788e-02	-3.598949e+00
6.820000e-06	-1.461468e-01	-3.748068e+00
6.830000e-06	8.908301e-03	-3.986022e+00
6.840000e-06	1.322908e-01	-4.084864e+00
6.850000e-06	-1.211663e-01	-4.336390e+00
6.860000e-06	4.885589e-02	-4.413207e+00
6.870000e-06	-3.345483e-02	-4.610596e+00
6.880000e-06	-2.705918e-02	-4.881730e+00
6.890000e-06	7.311581e-02	-5.000004e+00
6.900000e-06	-1.606285e-01	-5.149568e+00
6.910000e-06	7.918625e-02	-5.397543e+00
6.920000e-06	3.196687e-02	-5.547993e+00
6.930000e-06	-4.213731e-02	-5.757393e+00
6.940000e-06	-2.899775e-03	-5.875312e+00
6.950000e-06	-8.623878e-02	-6.031156e+00
6.960000e-06	9.635024e-02	-6.191622e+00
6.970000e-06	-5.947507e-02	-6.376997e+00
6.980000e-06	-4.075825e-02	-6.526367e+00
6.990000e-06	4.700618e-02	-6.632710e+00
7.000000e-06	-4.949057e-02	-6.810649e+00
7.010000e-06	4.925575e-02	-6.937466e+00
7.020000e-06	-9.269357e-02	-7.106843e+00
7.030000e-06	1.152208e-02	-7.263733e+00
7.040000e-06	1.777942e-02	-7.379942e+00
7.050000e-06	-3.993408e-02	-7.508365e+00
7.060000e-06	1.171374e-02	-7.664254e+00
7.070000e-06	-5.627749e-02	-7.793750e+00
7.080000e-06	4.276907e-02	-7.979550e+00
7.090000e-06	-3.982715e-02	-8.084813e+00
7.100000e-06	-2.425455e-02	-8.211575e+00
7.110000e-06	-7.166469e-03	-8.286290e+00
7.120000e-06	-1.562173e-02	-8.432604e+00
7.130000e-06	1.377786e-02	-8.484910e+00
7.140000e-06	-5.171197e-02	-8.612708e+00
7.150000e-06	1.979189e-03	-8.770475e+00
7.160000e-06	-1.364806e-02	-8.862787e+00
7.170000e-06	-8.560112e-03	-8.967946e+00
7.180000e-06	-2.752523e-02	-9.021707e+00
7.190000e-06	-2.581438e-02	-9.136942e+00
7.200000e-06	7.922680e-03	-9.190072e+00
7.210000e-06	-2.054498e-02	-9.254335e+00
7.220000e-06	-1.911259e-02	-9.378544e+00
7.230000e-06	-2.434602e-02	-9.484287e+00
7.240000e-06	-2.366793e-03	-9.570522e+00
7.250000e-06	-1.483248e-02	-9.632227e+00
7.260000e-06	-2.774864e-02	-9.683738e+00
7.270000e-06	-1.947067e-02	-9.738921e+00
7.280000e-06	-7.615219e-03	-9.842178e+00
7.290000e-06	-1.205445e-02	-9.884283e+00
7.300000e-06	-2.764735e-02	-9.915316e+00
7.310000e-06	-1.954262e-02	-9.989895e+00
7.320000e-06	-1.109376e-02	-1.000061e+01
7.330000e-06	-1.246771e-02	-1.004263e+01
7.340000e-06	-2.757446e-02	-1.006474e+01
7.350000e-06	-1.967266e-02	-1.006634e+01
7.360000e-06	-1.155097e-02	-1.017855e+01
7.370000e-06	-1.470736e-02	-1.017958e+01
7.380000e-06	-2.542095e-02	-1.024018e+01
7.390000e-06	-2.403079e-02	-1.028321e+01
7.400000e-06	-1.171479e-02	-1.031531e+01
7.410000e-06	-1.621972e-02	-1.033582e+01
7.420000e-06	-2.327856e-02	-1.032589e+01
7.430000e-06	-2.409260e-02	-1.034042e+01
7.440000e-06	-1.405006e-02	-1.033752e+01
7.450000e-06	-1.703723e-02	-1.034937e+01
7.460000e-06	-2.610479e-02	-1.031539e+01
7.470000e-06	-2.452505e-02	-1.034477e+01
7.480000e-06	-1.887882e-02	-1.030486e+01
7.490000e-06	-1.729199e-02	-1.027628e+01
7.500000e-06	-2.707063e-02	-1.026321e+01
7.510000e-06	-2.695026e-02	-1.019956e+01
7.520000e-06	-2.099951e-02	-1.018908e+01
7.530000e-06	-2.091829e-02	-1.016947e+01
7.540000e-06	-2.605059e-02	-1.010784e+01
7.550000e-06	-2.847844e-02	-1.008384e+01
7.560000e-06	-2.113970e-02	-1.004313e+01
7.570000e-06	-2.200394e-02	-1.001205e+01
7.580000e-06	-2.715576e-02	-9.958921e+00
7.590000e-06	-2.836992e-02	-9.895790e+00
7.600000e-06	-2.365934e-02	-9.862687e+00
7.610000e-06	-2.269914e-02	-9.830128e+00
7.620000e-06	-2.831144e-02	-9.729390e+00
7.630000e-06	-2.905059e-02	-9.655236e+00
7.640000e-06	-2.547797e-02	-9.612184e+00
7.650000e-06	-2.472442e-02	-9.590003e+00
7.660000e-06	-2.926115e-02	-9.546345e+00
7.670000e-06	-3.013391e-02	-9.380121e+00
7.680000e-06	-2.845313e-02	-9.286287e+00
7.690000e-06	-2.803635e-02	-9.212604e+00
7.700000e-06	-3.285500e-02	-9.118341e+00
7.710000e-06	-3.553871e-02	-9.033730e+00
7.720000e-06	-3.249451e-02	-8.978348e+00
7.730000e-06	-3.200136e-02	-8.863708e+00
7.740000e-06	-3.551906e-02	-8.801480e+00
7.750000e-06	-3.770945e-02	-8.744310e+00
7.760000e-06	-3.651758e-02	-8.538268e+00
7.770000e-06	-3.677135e-02	-8.423083e+00
7.780000e-06	-4.161104e-02	-8.315815e+00
7.790000e-06	-4.470507e-02	-8.243155e+00
7.800000e-06	-4.327353e-02	-8.115788e+00
7.810000e-06	-4.305465e-02	-7.991956e+00
7.820000e-06	-4.544124e-02	-7.854633e+00
7.830000e-06	-4.788689e-02	-7.716138e+00
7.840000e-06	-4.677275e-02	-7.548922e+00
7.850000e-06	-4.594075e-02	-7.431109e+00
7.860000e-06	-4.965148e-02	-7.265213e+00
7.870000e-06	-5.209706e-02	-7.180526e+00
7.880000e-06	-4.993127e-02	-7.051128e+00
7.890000e-06	-4.829071e-02	-6.813610e+00
7.900000e-06	-4.905304e-02	-6.756316e+00
7.910000e-06	-4.977813e-02	-6.559521e+00
7.920000e-06	-4.784559e-02	-6.453630e+00
7.930000e-06	-4.500607e-02	-6.356819e+00
7.940000e-06	-4.525798e-02	-6.146791e+00
7.950000e-06	-4.529399e-02	-5.958421e+00
7.960000e-06	-4.199977e-02	-5.831058e+00
7.970000e-06	-3.972402e-02	-5.671691e+00
7.980000e-06	-3.938774e-02	-5.515760e+00
7.990000e-06	-3.732788e-02	-5.275193e+00
8.000000e-06	-3.338468e-02	-5.125290e+00
8.010000e-06	-3.147738e-02	-4.959371e+00
8.020000e-06	-3.125397e-02	-4.724837e+00
8.030000e-06	-3.000605e-02	-4.567372e+00
8.040000e-06	-2.609443e-02	-4.431525e+00
8.050000e-06	-2.567774e-02	-4.253579e+00
8.060000e-06	-2.350657e-02	-4.116215e+00
8.070000e-06	-2.413053e-02	-3.947796e+00
8.080000e-06	-2.013630e-02	-3.736265e+00
8.090000e-06	-2.026156e-02	-3.568871e+00
8.100000e-06	-1.704296e-02	-3.389451e+00
8.110000e-06	-1.777458e-02	-3.209603e+00
8.120000e-06	-1.661710e-02	-3.002504e+00
8.130000e-06	-1.580438e-02	-2.801451e+00
8.140000e-06	-1.140050e-02	-2.643136e+00
8.150000e-06	-1.321841e-02	-2.484581e+00
8.160000e-06	-1.222716e-02	-2.334211e+00
8.170000e-06	-1.270245e-02	-2.083585e+00
8.180000e-06	-7.283938e-03	-1.906189e+00
8.190000e-06	-8.419807e-03	-1.726787e+00
8.200000e-06	-9.541849e-03	-1.549271e+00
8.210000e-06	-1.056773e-02	-1.256156e+00
8.220000e-06	-7.150498e-03	-1.115636e+00
8.230000e-06	-6.369056e-03	-9.157383e-01
8.240000e-06	-7.541863e-03	-7.353458e-01
8.250000e-06	-5.951944e-03	-5.362384e-01
8.260000e-06	-3.236354e-03	-3.372135e-01
8.270000e-06	-2.247051e-03	-1.882647e-01
8.280000e-06	6.149382e-04	3.107626e-02
8.290000e-06	1.731191e-03	2.016063e-01
8.300000e-06	-2.216124e-03	4.205263e-01
8.310000e-06	-6.067354e-04	5.604673e-01
8.320000e-06	-1.271116e-03	7.483684e-01
8.330000e-06	1.113110e-03	8.538595e-01
8.340000e-06	1.589036e-03	1.104967e+00
8.350000e-06	7.105744e-03	1.334362e+00
8.360000e-06	3.662476e-02	1.534318e+00
8.370000e-06	6.302958e-02	1.779976e+00
8.380000e-06	-3.761649e-02	1.990028e+00
8.390000e-06	-4.447857e-02	2.208922e+00
8.400000e-06	-4.372038e-02	2.356366e+00
8.410000e-06	-5.624095e-02	2.420556e+00
8.420000e-06	7.540611e-02	2.558576e+00
8.430000e-06	5.089638e-02	2.831078e+00
8.440000e-06	-1.265206e-01	2.997870e+00
8.450000e-06	1.384813e-01	3.114284e+00
8.460000e-06	1.703595e-02	3.326473e+00
8.470000e-06	-4.877041e-02	3.547392e+00
8.480000e-06	4.071324e-02	3.663205e+00
8.490000e-06	-8.130679e-02	3.853313e+00
8.500000e-06	2.476071e-02	3.970504e+00
8.510000e-06	8.046736e-02	4.180107e+00
8.520000e-06	-4.475522e-02	4.430554e+00
8.530000e-06	8.887278e-03	4.588471e+00
8.540000e-06	2.401669e-03	4.757520e+00
8.550000e-06	1.237053e-03	4.965345e+00
8.560000e-06	3.068641e-02	5.155874e+00
8.570000e-06	-4.643526e-02	5.347469e+00
8.580000e-06	2.440398e-02	5.514814e+00
8.590000e-06	3.365364e-02	5.672207e+00
8.600000e-06	1.868977e-02	5.843633e+00
8.610000e-06	-2.859492e-02	5.999629e+00
8.620000e-06	-1.449288e-02	6.156871e+00
8.630000e-06	5.543854e-02	6.283263e+00
8.640000e-06	-1.237758e-02	6.431652e+00
8.650000e-06	4.643125e-03	6.627076e+00
8.660000e-06	1.365923e-02	6.769573e+00
8.670000e-06	1.151905e-02	6.956392e+00
8.680000e-06	1.849241e-02	7.043661e+00
8.690000e-06	-1.676618e-02	7.149023e+00
8.700000e-06	7.557949e-03	7.273791e+00
8.710000e-06	1.559454e-02	7.413310e+00
8.720000e-06	1.982566e-02	7.622105e+00
8.730000e-06	3.061048e-03	7.755922e+00
8.740000e-06	1.232727e-03	7.936287e+00
8.750000e-06	2.044216e-02	8.012180e+00
8.760000e-06	6.457028e-03	8.185526e+00
8.770000e-06	3.282556e-03	8.315314e+00
8.780000e-06	5.248838e-03	8.370054e+00
8.790000e-06	1.617851e-02	8.463285e+00
8.800000e-06	1.516682e-02	8.538421e+00
8.810000e-06	3.322550e-03	8.672815e+00
8.820000e-06	8.744167e-03	8.758896e+00
8.830000e-06	1.342490e-02	8.832707e+00
8.840000e-06	1.138081e-02	8.938845e+00
8.850000e-06	5.891666e-03	9.083134e+00
8.860000e-06	6.051352e-03	9.158446e+00
8.870000e-06	1.848108e-02	9.261180e+00
8.880000e-06	1.169143e-02	9.294292e+00
8.890000e-06	7.438205e-03	9.390002e+00
8.900000e-06	7.872280e-03	9.473239e+00
8.910000e-06	1.454685e-02	9.535894e+00
8.920000e-06	1.358083e-02	9.579600e+00
8.930000e-06	5.459772e-03	9.663236e+00
8.940000e-06	1.111948e-02	9.758396e+00
8.950000e-06	1.536097e-02	9.821100e+00
8.960000e-06	1.578646e-02	9.864309e+00
8.970000e-06	6.896470e-03	9.957322e+00
8.980000e-06	9.274806e-03	1.002105e+01
8.990000e-06	1.465920e-02	1.004008e+01
9.000000e-06	1.419833e-02	1.005363e+01
9.010000e-06	9.966664e-03	1.009326e+01
9.020000e-06	9.658656e-03	1.009527e+01
9.030000e-06	1.694322e-02	1.013692e+01
9.040000e-06	1.294029e-02	1.017842e+01
9.050000e-06	1.102872e-02	1.020865e+01
9.060000e-06	1.051882e-02	1.021998e+01
9.070000e-06	1.656502e-02	1.022111e+01
9.080000e-06	1.603279e-02	1.023363e+01
9.090000e-06	1.127232e-02	1.023253e+01
9.100000e-06	1.085672e-02	1.026171e+01
9.110000e-06	1.605178e-02	1.027264e+01
9.120000e-06	1.669244e-02	1.024266e+01
9.130000e-06	1.224443e-02	1.023156e+01
9.140000e-06	1.422663e-02	1.024116e+01
9.150000e-06	1.757086e-02	1.019145e+01
9.160000e-06	2.049272e-02	1.019950e+01
9.170000e-06	1.433860e-02	1.017897e+01
9.180000e-06	1.507273e-02	1.014874e+01
9.190000e-06	1.844990e-02	1.009679e+01
9.200000e-06	1.991797e-02	1.009466e+01
9.210000e-06	1.768334e-02	1.005376e+01
9.220000e-06	1.585256e-02	1.002111e+01
9.230000e-06	1.956038e-02	9.991479e+00
9.240000e-06	2.005317e-02	9.968867e+00
9.250000e-06	1.812378e-02	9.903738e+00
9.260000e-06	1.627157e-02	9.828126e+00
9.270000e-06	1.912740e-02	9.797315e+00
9.280000e-06	2.143009e-02	9.665233e+00
9.290000e-06	1.935863e-02	9.629930e+00
9.300000e-06	1.911017e-02	9.516392e+00
9.310000e-06	2.042593e-02	9.463160e+00
9.320000e-06	2.263643e-02	9.409926e+00
9.330000e-06	2.187572e-02	9.345792e+00
9.340000e-06	2.289907e-02	9.233180e+00
9.350000e-06	2.240670e-02	9.208600e+00
9.360000e-06	2.576690e-02	9.145222e+00
9.370000e-06	2.683221e-02	9.028898e+00
9.380000e-06	2.495729e-02	8.873287e+00
9.390000e-06	2.529230e-02	8.788379e+00
9.400000e-06	2.793636e-02	8.694735e+00
9.410000e-06	3.161007e-02	8.599002e+00
9.420000e-06	2.973980e-02	8.485186e+00
9.430000e-06	3.072831e-02	8.400028e+00
9.440000e-06	3.385908e-02	8.324862e+00
9.450000e-06	3.621462e-02	8.187372e+00
9.460000e-06	3.484648e-02	8.093759e+00
9.470000e-06	3.523271e-02	7.955365e+00
9.480000e-06	3.876550e-02	7.819051e+00
9.490000e-06	4.160111e-02	7.673737e+00
9.500000e-06	3.971629e-02	7.557822e+00
9.510000e-06	3.876802e-02	7.430945e+00
9.520000e-06	4.239400e-02	7.201604e+00
9.530000e-06	4.279130e-02	7.113661e+00
9.540000e-06	4.249308e-02	6.956821e+00
9.550000e-06	4.042045e-02	6.851579e+00
9.560000e-06	4.316289e-02	6.685263e+00
9.570000e-06	4.236459e-02	6.524637e+00
9.580000e-06	4.032842e-02	6.389849e+00
9.590000e-06	3.691505e-02	6.242502e+00
9.600000e-06	3.781340e-02	6.073137e+00
9.610000e-06	3.721558e-02	5.998295e+00
9.620000e-06	3.385882e-02	5.797399e+00
9.630000e-06	3.127640e-02	5.588372e+00
9.640000e-06	3.094515e-02	5.463132e+00
9.650000e-06	2.907563e-02	5.263611e+00
9.660000e-06	2.570559e-02	5.071607e+00
9.670000e-06	2.399541e-02	4.861511e+00
9.680000e-06	2.263378e-02	4.713183e+00
9.690000e-06	2.196783e-02	4.525761e+00
9.700000e-06	1.824780e-02	4.368397e+00
9.710000e-06	1.636217e-02	4.221320e+00
9.720000e-06	1.587488e-02	3.990475e+00
9.730000e-06	1.427649e-02	3.832003e+00
9.740000e-06	1.160219e-02	3.673157e+00
9.750000e-06	1.063644e-02	3.535737e+00
9.760000e-06	9.553681e-03	3.273536e+00
9.770000e-06	8.566825e-03	3.096240e+00
9.780000e-06	7.808035e-03	2.937288e+00
9.790000e-06	6.335854e-03	2.789374e+00
9.800000e-06	4.642138e-03	2.610299e+00
9.810000e-06	4.352623e-03	2.377372e+00
9.820000e-06	3.264704e-03	2.208821e+00
9.830000e-06	2.297653e-03	2.051001e+00
9.840000e-06	1.949789e-03	1.891229e+00
9.850000e-06	1.588152e-03	1.641007e+00
9.860000e-06	5.569779e-04	1.441603e+00
9.870000e-06	2.135257e-04	1.272607e+00
9.880000e-06	-7.672841e-04	1.061878e+00
9.890000e-06	-2.359273e-03	7.894038e-01
9.900000e-06	-3.679685e-03	6.409516e-01
9.910000e-06	-1.405772e-03	4.616065e-01
9.920000e-06	-5.758514e-04	2.946056e-01
9.930000e-06	-2.431675e-03	3.050639e-02
9.940000e-06	-1.285359e-03	-1.163895e-01
9.950000e-06	1.391175e-03	-2.737668e-01
9.960000e-06	-1.807803e-03	-4.521013e-01
9.970000e-06	-9.990418e-04	-6.537050e-01
9.980000e-06	-5.704341e-03	-8.121251e-01
9.990000e-06	-4.290110e-03	-9.594973e-01
1.000000e-05	-3.117477e-03	-1.127868e+00
1.001000e-05	7.808913e-03	-1.338043e+00
1.002000e-05	7.898638e-02	-1.558921e+00
1.003000e-05	-6.802349e-03	-1.757417e+00
1.004000e-05	-5.142678e-02	-1.952649e+00
1.005000e-05	-6.117343e-02	-2.214838e+00
1.006000e-05	-9.650327e-02	-2.452708e+00
1.007000e-05	1.089857e-01	-2.508392e+00
1.008000e-05	5.146310e-02	-2.652782e+00
1.009000e-05	-1.868365e-01	-2.863384e+00
1.010000e-05	1.685039e-01	-3.085265e+00
1.011000e-05	1.261515e-02	-3.221078e+00
1.012000e-05	-9.450931e-02	-3.441630e+00
1.013000e-05	8.109004e-02	-3.589499e+00
1.014000e-05	-1.366737e-01	-3.694521e+00
1.015000e-05	-1.407454e-02	-3.969046e+00
1.016000e-05	1.454793e-01	-4.064788e+00
1.017000e-05	-1.140172e-01	-4.334891e+00
1.018000e-05	3.790133e-02	-4.422634e+00
1.019000e-05	-2.321199e-02	-4.611201e+00
1.020000e-05	-4.164646e-02	-4.843133e+00
1.021000e-05	8.511628e-02	-4.981572e+00
1.022000e-05	-1.588981e-01	-5.128471e+00
1.023000e-05	6.247423e-02	-5.357943e+00
1.024000e-05	4.515579e-02	-5.578997e+00
1.025000e-05	-4.676499e-02	-5.715943e+00
1.026000e-05	3.497689e-03	-5.853733e+00
1.027000e-05	-9.173108e-02	-6.019704e+00
1.028000e-05	9.196162e-02	-6.171616e+00
1.029000e-05	-4.447564e-02	-6.396972e+00
1.030000e-05	-5.204835e-02	-6.484915e+00
1.031000e-05	5.260326e-02	-6.643758e+00
1.032000e-05	-5.320649e-02	-6.799547e+00
1.033000e-05	4.956720e-02	-6.967412e+00
1.034000e-05	-8.735659e-02	-7.104836e+00
1.035000e-05	-7.930981e-04	-7.262707e+00
1.036000e-05	2.613360e-02	-7.380471e+00
1.037000e-05	-4.402508e-02	-7.505944e+00
1.038000e-05	1.537815e-02	-7.642729e+00
1.039000e-05	-5.629814e-02	-7.840705e+00
1.040000e-05	4.019514e-02	-7.971049e+00
1.041000e-05	-3.314823e-02	-8.063810e+00
1.042000e-05	-3.070472e-02	-8.221625e+00
1.043000e-05	-4.880569e-03	-8.304791e+00
1.044000e-05	-2.063711e-02	-8.401578e+00
1.045000e-05	1.769584e-02	-8.545685e+00
1.046000e-05	-5.246177e-02	-8.623738e+00
1.047000e-05	6.575654e-04	-8.778926e+00
1.048000e-05	-1.042025e-02	-8.883255e+00
1.049000e-05	-8.295897e-03	-8.969522e+00
1.050000e-05	-2.505047e-02	-9.032682e+00
1.051000e-05	-2.871884e-02	-9.137396e+00
1.052000e-05	7.979377e-03	-9.190050e+00
1.053000e-05	-2.167065e-02	-9.274413e+00
1.054000e-05	-1.950164e-02	-9.380099e+00
1.055000e-05	-2.513635e-02	-9.484334e+00
1.056000e-05	-2.963292e-03	-9.551025e+00
1.057000e-05	-1.302947e-02	-9.611653e+00
1.058000e-05	-2.629610e-02	-9.705862e+00
1.059000e-05	-1.869276e-02	-9.729971e+00
1.060000e-05	-7.840313e-03	-9.790129e+00
1.061000e-05	-1.145475e-02	-9.883807e+00
1.062000e-05	-2.892477e-02	-9.905845e+00
1.063000e-05	-2.130585e-02	-9.938896e+00
1.064000e-05	-1.077673e-02	-1.001158e+01
1.065000e-05	-1.088239e-02	-1.002416e+01
1.066000e-05	-2.723064e-02	-1.006628e+01
1.067000e-05	-2.074126e-02	-1.009526e+01
1.068000e-05	-1.069109e-02	-1.012804e+01
1.069000e-05	-1.291866e-02	-1.017050e+01
1.070000e-05	-2.567788e-02	-1.026266e+01
1.071000e-05	-2.476717e-02	-1.027226e+01
1.072000e-05	-1.141256e-02	-1.026423e+01
1.073000e-05	-1.573927e-02	-1.028479e+01
1.074000e-05	-2.424737e-02	-1.032642e+01
1.075000e-05	-2.575358e-02	-1.037892e+01
1.076000e-05	-1.497695e-02	-1.034694e+01
1.077000e-05	-1.643613e-02	-1.035697e+01
1.078000e-05	-2.466378e-02	-1.033894e+01
1.079000e-05	-2.376594e-02	-1.030682e+01
1.080000e-05	-1.821354e-02	-1.036819e+01
1.081000e-05	-1.723642e-02	-1.028529e+01
1.082000e-05	-2.670891e-02	-1.033318e+01
1.083000e-05	-2.784622e-02	-1.022318e+01
1.084000e-05	-2.181645e-02	-1.023053e+01
1.085000e-05	-2.063780e-02	-1.013864e+01
1.086000e-05	-2.618779e-02	-1.010586e+01
1.087000e-05	-2.848859e-02	-1.006434e+01
1.088000e-05	-2.123132e-02	-1.002465e+01
1.089000e-05	-2.163833e-02	-9.982628e+00
1.090000e-05	-2.731560e-02	-9.957420e+00
1.091000e-05	-2.880509e-02	-9.895891e+00
1.092000e-05	-2.431181e-02	-9.854207e+00
1.093000e-05	-2.167808e-02	-9.811055e+00
1.094000e-05	-2.732958e-02	-9.799447e+00
1.095000e-05	-2.954250e-02	-9.695792e+00
1.096000e-05	-2.623444e-02	-9.652157e+00
1.097000e-05	-2.475932e-02	-9.601498e+00
1.098000e-05	-2.893409e-02	-9.517891e+00
1.099000e-05	-3.053841e-02	-9.432578e+00
1.100000e-05	-2.807004e-02	-9.316367e+00
1.101000e-05	-2.783141e-02	-9.233080e+00
1.102000e-05	-3.233724e-02	-9.137920e+00
1.103000e-05	-3.545098e-02	-9.044237e+00
1.104000e-05	-3.339467e-02	-8.976971e+00
1.105000e-05	-3.198085e-02	-8.843658e+00
1.106000e-05	-3.509607e-02	-8.801953e+00
1.107000e-05	-3.810995e-02	-8.744785e+00
1.108000e-05	-3.672551e-02	-8.576965e+00
1.109000e-05	-3.723781e-02	-8.412683e+00
1.110000e-05	-4.127495e-02	-8.335891e+00
1.111000e-05	-4.496395e-02	-8.251055e+00
1.112000e-05	-4.285447e-02	-8.105339e+00
1.113000e-05	-4.249683e-02	-8.022602e+00
1.114000e-05	-4.530922e-02	-7.854661e+00
1.115000e-05	-4.811462e-02	-7.707843e+00
1.116000e-05	-4.938518e-02	-7.589427e+00
1.117000e-05	-4.603884e-02	-7.443680e+00
1.118000e-05	-4.975473e-02	-7.295815e+00
1.119000e-05	-5.025820e-02	-7.181450e+00
1.120000e-05	-4.996667e-02	-7.071599e+00
1.121000e-05	-4.605625e-02	-6.833084e+00
1.122000e-05	-5.008358e-02	-6.746817e+00
1.123000e-05	-5.078084e-02	-6.611575e+00
1.124000e-05	-5.023513e-02	-6.473058e+00
1.125000e-05	-4.568870e-02	-6.346843e+00
1.126000e-05	-4.486001e-02	-6.096791e+00
1.127000e-05	-4.342872e-02	-5.959424e+00
1.128000e-05	-4.092874e-02	-5.822552e+00
1.129000e-05	-3.857580e-02	-5.664183e+00
1.130000e-05	-3.767215e-02	-5.568312e+00
1.131000e-05	-4.046783e-02	-5.286265e+00
1.132000e-05	-3.560114e-02	-5.136762e+00
1.133000e-05	-3.390247e-02	-4.978819e+00
1.134000e-05	-2.950142e-02	-4.736890e+00
1.135000e-05	-2.994303e-02	-4.570845e+00
1.136000e-05	-2.550721e-02	-4.431974e+00
1.137000e-05	-2.461573e-02	-4.233658e+00
1.138000e-05	-2.237623e-02	-4.096292e+00
1.139000e-05	-2.444936e-02	-3.968895e+00
1.140000e-05	-2.252320e-02	-3.739266e+00
1.141000e-05	-2.030014e-02	-3.578870e+00
1.142000e-05	-1.743090e-02	-3.402374e+00
1.143000e-05	-1.800369e-02	-3.230528e+00
1.144000e-05	-1.562414e-02	-2.992124e+00
1.145000e-05	-1.533609e-02	-2.812554e+00
1.146000e-05	-1.298591e-02	-2.644185e+00
1.147000e-05	-1.391828e-02	-2.495136e+00
1.148000e-05	-1.239876e-02	-2.306790e+00
1.149000e-05	-1.113217e-02	-2.045105e+00
1.150000e-05	-8.803666e-03	-1.905212e+00
1.151000e-05	-9.084070e-03	-1.727342e+00
1.152000e-05	-9.902148e-03	-1.590247e+00
1.153000e-05	-1.026186e-02	-1.277107e+00
1.154000e-05	-8.005038e-03	-1.106712e+00
1.155000e-05	-6.878206e-03	-9.458145e-01
1.156000e-05	-6.732545e-03	-7.378912e-01
1.157000e-05	-5.332211e-03	-5.271869e-01
1.158000e-05	-4.047310e-03	-3.379185e-01
1.159000e-05	-2.907871e-03	-1.788485e-01
1.160000e-05	6.327053e-04	-2.907868e-02
1.161000e-05	1.469030e-03	1.895015e-01
1.162000e-05	-2.912421e-03	4.205499e-01
1.163000e-05	7.754162e-04	5.354410e-01
1.164000e-05	-2.301169e-03	7.274154e-01
1.165000e-05	3.678683e-04	8.634080e-01
1.166000e-05	3.771171e-04	1.137345e+00
1.167000e-05	8.290480e-03	1.293291e+00
1.168000e-05	3.367383e-02	1.452789e+00
1.169000e-05	6.620612e-02	1.769975e+00
1.170000e-05	-3.241852e-02	1.989576e+00
1.171000e-05	-4.497880e-02	2.198971e+00
1.172000e-05	-4.425460e-02	2.368516e+00
1.173000e-05	-5.697677e-02	2.400050e+00
1.174000e-05	6.348604e-02	2.545016e+00
1.175000e-05	6.690196e-02	2.800051e+00
1.176000e-05	-1.313975e-01	2.987417e+00
1.177000e-05	1.269535e-01	3.091688e+00
1.178000e-05	2.883489e-02	3.324392e+00
1.179000e-05	-5.166017e-02	3.515868e+00
1.180000e-05	4.141947e-02	3.651128e+00
1.181000e-05	-7.554687e-02	3.843185e+00
1.182000e-05	1.380686e-02	3.990025e+00
1.183000e-05	8.674526e-02	4.158025e+00
1.184000e-05	-4.071748e-02	4.410981e+00
1.185000e-05	2.132851e-03	4.576047e+00
1.186000e-05	7.005784e-03	4.777491e+00
1.187000e-05	-3.556444e-03	4.873888e+00
1.188000e-05	3.638529e-02	5.136896e+00
1.189000e-05	-4.626998e-02	5.387342e+00
1.190000e-05	2.161829e-02	5.494337e+00
1.191000e-05	3.449266e-02	5.622209e+00
1.192000e-05	2.140785e-02	5.830583e+00
1.193000e-05	-2.710247e-02	5.970501e+00
1.194000e-05	-2.046162e-02	6.166894e+00
1.195000e-05	5.494467e-02	6.294286e+00
1.196000e-05	-8.685929e-03	6.391106e+00
1.197000e-05	2.266113e-03	6.560001e+00
1.198000e-05	1.473132e-02	6.787525e+00
1.199000e-05	1.084885e-02	6.923839e+00
1.200000e-05	1.989985e-02	7.072104e+00
1.201000e-05	-1.428770e-02	7.146897e+00
1.202000e-05	3.687260e-03	7.295212e+00
1.203000e-05	1.511209e-02	7.440758e+00
1.204000e-05	1.926443e-02	7.630134e+00
1.205000e-05	5.533773e-03	7.767447e+00
1.206000e-05	-1.196566e-03	7.865369e+00
1.207000e-05	2.086453e-02	8.051658e+00
1.208000e-05	7.788445e-03	8.159001e+00
1.209000e-05	3.257280e-03	8.314364e+00
1.210000e-05	5.203123e-03	8.398003e+00
1.211000e-05	1.414934e-02	8.484212e+00
1.212000e-05	1.614851e-02	8.568920e+00
1.213000e-05	5.083194e-03	8.642783e+00
1.214000e-05	9.260626e-03	8.745920e+00
1.215000e-05	1.034891e-02	8.842155e+00
1.216000e-05	1.167812e-02	8.937495e+00
1.217000e-05	5.871583e-03	9.041283e+00
1.218000e-05	6.975860e-03	9.189448e+00
1.219000e-05	1.580362e-02	9.243105e+00
1.220000e-05	1.228079e-02	9.274391e+00
1.221000e-05	1.017845e-02	9.410500e+00
1.222000e-05	8.803288e-03	9.483736e+00
1.223000e-05	1.378337e-02	9.516821e+00
1.224000e-05	1.253752e-02	9.591025e+00
1.225000e-05	5.201011e-03	9.682660e+00
1.226000e-05	1.036095e-02	9.737870e+00
1.227000e-05	1.387666e-02	9.809525e+00
1.228000e-05	1.609908e-02	9.922712e+00
1.229000e-05	9.172119e-03	9.937869e+00
1.230000e-05	1.211808e-02	9.979501e+00
1.231000e-05	1.408662e-02	1.002161e+01
1.232000e-05	1.140948e-02	1.005268e+01
1.233000e-05	9.852698e-03	1.005256e+01
1.234000e-05	7.513671e-03	1.011537e+01
1.235000e-05	1.639845e-02	1.015637e+01
1.236000e-05	1.237125e-02	1.016795e+01
1.237000e-05	1.328159e-02	1.018998e+01
1.238000e-05	1.262852e-02	1.018906e+01
1.239000e-05	1.617834e-02	1.022895e+01
1.240000e-05	1.490537e-02	1.023365e+01
1.241000e-05	1.162435e-02	1.024373e+01
1.242000e-05	1.111533e-02	1.024123e+01
1.243000e-05	1.415335e-02	1.030221e+01
1.244000e-05	1.513621e-02	1.025163e+01
1.245000e-05	1.208479e-02	1.021969e+01
1.246000e-05	1.725938e-02	1.025205e+01
1.247000e-05	1.816567e-02	1.021953e+01
1.248000e-05	1.818927e-02	1.021055e+01
1.249000e-05	1.420115e-02	1.015845e+01
1.250000e-05	1.719075e-02	1.011639e+01
1.251000e-05	1.956946e-02	1.009634e+01
1.252000e-05	1.780930e-02	1.008522e+01
1.253000e-05	1.678445e-02	1.004319e+01
1.254000e-05	1.779678e-02	1.005256e+01
1.255000e-05	2.006568e-02	1.001995e+01
1.256000e-05	1.888032e-02	9.998846e+00
1.257000e-05	1.664248e-02	9.952238e+00
1.258000e-05	1.714309e-02	9.809531e+00
1.259000e-05	2.163925e-02	9.776319e+00
1.260000e-05	2.036619e-02	9.684235e+00
1.261000e-05	1.742139e-02	9.618973e+00
1.262000e-05	2.084956e-02	9.547844e+00
1.263000e-05	2.363276e-02	9.482735e+00
1.264000e-05	2.291235e-02	9.428003e+00
1.265000e-05	1.924771e-02	9.326794e+00
1.266000e-05	2.126142e-02	9.272632e+00
1.267000e-05	2.557897e-02	9.202004e+00
1.268000e-05	2.508086e-02	9.135773e+00
1.269000e-05	2.325395e-02	9.016925e+00
1.270000e-05	2.596852e-02	8.855738e+00
1.271000e-05	2.930928e-02	8.809398e+00
1.272000e-05	2.926885e-02	8.714235e+00
1.273000e-05	2.851589e-02	8.579923e+00
1.274000e-05	2.945816e-02	8.465761e+00
1.275000e-05	3.383775e-02	8.401001e+00
1.276000e-05	3.394799e-02	8.313816e+00
1.277000e-05	3.221287e-02	8.199949e+00
1.278000e-05	3.472321e-02	8.053058e+00
1.279000e-05	3.942026e-02	7.934815e+00
1.280000e-05	3.966547e-02	7.818476e+00
1.281000e-05	3.844035e-02	7.672691e+00
1.282000e-05	4.000142e-02	7.549371e+00
1.283000e-05	4.192911e-02	7.398405e+00
1.284000e-05	4.263749e-02	7.233055e+00
1.285000e-05	3.992131e-02	7.083188e+00
1.286000e-05	4.194489e-02	6.958375e+00
1.287000e-05	4.274861e-02	6.832054e+00
1.288000e-05	4.335864e-02	6.744217e+00
1.289000e-05	4.029909e-02	6.475738e+00
1.290000e-05	4.000527e-02	6.368371e+00
1.291000e-05	4.036927e-02	6.261555e+00
1.292000e-05	3.811152e-02	6.115209e+00
1.293000e-05	3.487085e-02	5.999897e+00
1.294000e-05	3.269985e-02	5.768901e+00
1.295000e-05	3.228547e-02	5.589449e+00
1.296000e-05	3.148530e-02	5.473605e+00
1.297000e-05	2.789756e-02	5.272112e+00
1.298000e-05	2.590601e-02	5.103116e+00
1.299000e-05	2.515935e-02	4.894111e+00
1.300000e-05	2.387418e-02	4.725136e+00
1.301000e-05	2.087699e-02	4.576818e+00
1.302000e-05	1.808323e-02	4.399378e+00
1.303000e-05	1.669909e-02	4.229023e+00
1.304000e-05	1.612107e-02	3.980975e+00
1.305000e-05	1.429602e-02	3.852055e+00
1.306000e-05	1.148817e-02	3.673633e+00
1.307000e-05	1.136406e-02	3.516270e+00
1.308000e-05	1.113219e-02	3.264115e+00
1.309000e-05	8.674792e-03	3.134190e+00
1.310000e-05	7.051593e-03	2.927846e+00
1.311000e-05	5.766222e-03	2.798451e+00
1.312000e-05	5.418057e-03	2.588271e+00
1.313000e-05	4.143122e-03	2.377820e+00
1.314000e-05	2.049692e-03	2.189900e+00
1.315000e-05	2.290235e-03	2.020005e+00
1.316000e-05	2.729540e-03	1.841086e+00
1.317000e-05	1.571433e-03	1.640079e+00
1.318000e-05	7.940583e-04	1.473607e+00
1.319000e-05	-6.917196e-05	1.283629e+00
1.320000e-05	-8.147429e-04	1.070429e+00
1.321000e-05	-2.374812e-04	8.094239e-01
1.322000e-05	-3.295761e-03	6.504555e-01
1.323000e-05	-2.226704e-03	4.931318e-01
1.324000e-05	-1.956994e-03	3.037895e-01
1.325000e-05	-2.537130e-03	6.150914e-02
1.326000e-05	-1.674881e-05	-9.534191e-02
1.327000e-05	1.908166e-03	-2.958143e-01
1.328000e-05	-3.984136e-03	-4.120515e-01
1.329000e-05	-2.483613e-04	-6.232298e-01
1.330000e-05	-6.128347e-03	-8.126289e-01
1.331000e-05	-2.878424e-03	-9.474686e-01
1.332000e-05	-4.473030e-03	-1.107393e+00
1.333000e-05	5.928215e-03	-1.286863e+00
1.334000e-05	7.503185e-02	-1.507918e+00
1.335000e-05	3.316411e-03	-1.716468e+00
1.336000e-05	-5.500709e-02	-1.990999e+00
1.337000e-05	-5.765886e-02	-2.262789e+00
1.338000e-05	-9.629340e-02	-2.452708e+00
1.339000e-05	9.349933e-02	-2.529393e+00
1.340000e-05	7.035038e-02	-2.651628e+00
1.341000e-05	-1.908195e-01	-2.840787e+00
1.342000e-05	1.532862e-01	-3.012782e+00
1.343000e-05	3.387850e-02	-3.180076e+00
1.344000e-05	-1.044890e-01	-3.400705e+00
1.345000e-05	7.985416e-02	-3.569446e+00
1.346000e-05	-1.228265e-01	-3.716490e+00
1.347000e-05	-3.546572e-02	-3.958023e+00
1.348000e-05	1.539699e-01	-4.075314e+00
1.349000e-05	-1.071478e-01	-4.276361e+00
1.350000e-05	2.778440e-02	-4.483208e+00
1.351000e-05	-9.051156e-03	-4.571999e+00
1.352000e-05	-5.514569e-02	-4.792703e+00
1.353000e-05	9.086328e-02	-4.961577e+00
1.354000e-05	-1.545378e-01	-5.157966e+00
1.355000e-05	4.596127e-02	-5.367422e+00
1.356000e-05	5.893266e-02	-5.537997e+00
1.357000e-05	-5.101793e-02	-5.747420e+00
1.358000e-05	8.704010e-03	-5.874228e+00
1.359000e-05	-9.391652e-02	-5.991677e+00
1.360000e-05	8.250737e-02	-6.199118e+00
1.361000e-05	-3.165689e-02	-6.348421e+00
1.362000e-05	-6.446720e-02	-6.494365e+00
1.363000e-05	5.865322e-02	-6.642679e+00
1.364000e-05	-5.332302e-02	-6.758025e+00
1.365000e-05	4.741252e-02	-6.965840e+00
1.366000e-05	-7.741076e-02	-7.085815e+00
1.367000e-05	-1.244887e-02	-7.234208e+00
1.368000e-05	3.406312e-02	-7.337570e+00
1.369000e-05	-4.994984e-02	-7.515316e+00
1.370000e-05	1.856019e-02	-7.653180e+00
1.371000e-05	-5.608668e-02	-7.820704e+00
1.372000e-05	3.775266e-02	-7.980996e+00
1.373000e-05	-2.737323e-02	-8.054311e+00
1.374000e-05	-3.565319e-02	-8.181573e+00
1.375000e-05	-1.060811e-03	-8.315767e+00
1.376000e-05	-2.276209e-02	-8.381077e+00
1.377000e-05	1.880685e-02	-8.516390e+00
1.378000e-05	-5.082116e-02	-8.624658e+00
1.379000e-05	-1.440895e-03	-8.750024e+00
1.380000e-05	-8.638025e-03	-8.862282e+00
1.381000e-05	-1.048936e-02	-8.937993e+00
1.382000e-05	-2.270181e-02	-9.062155e+00
1.383000e-05	-3.007269e-02	-9.116889e+00
1.384000e-05	9.256296e-03	-9.180525e+00
1.385000e-05	-1.961742e-02	-9.264812e+00
1.386000e-05	-1.933417e-02	-9.369469e+00
1.387000e-05	-2.583393e-02	-9.494262e+00
1.388000e-05	-3.445357e-03	-9.579522e+00
1.389000e-05	-1.200146e-02	-9.622078e+00
1.390000e-05	-2.745523e-02	-9.684310e+00
1.391000e-05	-1.967223e-02	-9.748369e+00
1.392000e-05	-7.441694e-03	-9.781677e+00
1.393000e-05	-9.319540e-03	-9.863213e+00
1.394000e-05	-2.817296e-02	-9.895365e+00
1.395000e-05	-2.195465e-02	-9.949421e+00
1.396000e-05	-1.162412e-02	-1.000208e+01
1.397000e-05	-1.040080e-02	-1.005216e+01
1.398000e-05	-2.719966e-02	-1.003471e+01
1.399000e-05	-2.142750e-02	-1.009479e+01
1.400000e-05	-1.222087e-02	-1.012846e+01
1.401000e-05	-1.284973e-02	-1.022763e+01
1.402000e-05	-2.437764e-02	-1.025911e+01
1.403000e-05	-2.564635e-02	-1.026518e+01
1.404000e-05	-1.120638e-02	-1.029627e+01
1.405000e-05	-1.472642e-02	-1.023732e+01
1.406000e-05	-2.218229e-02	-1.030632e+01
1.407000e-05	-2.698541e-02	-1.032432e+01
1.408000e-05	-1.554437e-02	-1.033841e+01
1.409000e-05	-1.697282e-02	-1.035932e+01
1.410000e-05	-2.510478e-02	-1.034796e+01
1.411000e-05	-2.418352e-02	-1.030777e+01
1.412000e-05	-1.832656e-02	-1.031586e+01
1.413000e-05	-1.525036e-02	-1.024579e+01
1.414000e-05	-2.675404e-02	-1.026329e+01
1.415000e-05	-2.843776e-02	-1.024170e+01
1.416000e-05	-2.329381e-02	-1.018970e+01
1.417000e-05	-1.993837e-02	-1.014744e+01
1.418000e-05	-2.567863e-02	-1.014589e+01
1.419000e-05	-2.838550e-02	-1.006679e+01
1.420000e-05	-2.233070e-02	-1.003361e+01
1.421000e-05	-2.097514e-02	-1.003053e+01
1.422000e-05	-2.713004e-02	-9.929474e+00
1.423000e-05	-2.913087e-02	-9.935841e+00
1.424000e-05	-2.408987e-02	-9.883732e+00
1.425000e-05	-2.194562e-02	-9.812107e+00
1.426000e-05	-2.720103e-02	-9.749441e+00
1.427000e-05	-2.981309e-02	-9.694812e+00
1.428000e-05	-2.626225e-02	-9.604207e+00
1.429000e-05	-2.529207e-02	-9.601077e+00
1.430000e-05	-2.917306e-02	-9.537945e+00
1.431000e-05	-3.087334e-02	-9.419609e+00
1.432000e-05	-2.898457e-02	-9.326916e+00
1.433000e-05	-2.776293e-02	-9.224135e+00
1.434000e-05	-3.155418e-02	-9.118968e+00
1.435000e-05	-3.548779e-02	-9.044186e+00
1.436000e-05	-3.321254e-02	-8.950444e+00
1.437000e-05	-3.273272e-02	-8.844257e+00
1.438000e-05	-3.548416e-02	-8.800603e+00
1.439000e-05	-3.749378e-02	-8.733812e+00
1.440000e-05	-3.763397e-02	-8.557445e+00
1.441000e-05	-3.682335e-02	-8.423085e+00
1.442000e-05	-4.000251e-02	-8.348816e+00
1.443000e-05	-4.356885e-02	-8.233083e+00
1.444000e-05	-4.267916e-02	-8.156289e+00
1.445000e-05	-4.340374e-02	-7.991553e+00
1.446000e-05	-4.432266e-02	-7.914679e+00
1.447000e-05	-4.826589e-02	-7.726341e+00
1.448000e-05	-4.674636e-02	-7.599945e+00
1.449000e-05	-4.721953e-02	-7.484153e+00
1.450000e-05	-4.873873e-02	-7.276263e+00
1.451000e-05	-4.975887e-02	-7.231572e+00
1.452000e-05	-4.994821e-02	-7.074132e+00
1.453000e-05	-4.805648e-02	-6.856211e+00
1.454000e-05	-4.916345e-02	-6.767367e+00
1.455000e-05	-4.968245e-02	-6.603005e+00
1.456000e-05	-4.838255e-02	-6.453659e+00
1.457000e-05	-4.685760e-02	-6.377847e+00
1.458000e-05	-4.511614e-02	-6.159365e+00
1.459000e-05	-4.428126e-02	-5.958949e+00
1.460000e-05	-4.160710e-02	-5.831054e+00
1.461000e-05	-4.031920e-02	-5.694235e+00
1.462000e-05	-3.879261e-02	-5.548321e+00
1.463000e-05	-3.689811e-02	-5.345763e+00
1.464000e-05	-3.465323e-02	-5.157320e+00
1.465000e-05	-3.309981e-02	-4.967844e+00
1.466000e-05	-3.142588e-02	-4.727366e+00
1.467000e-05	-3.040717e-02	-4.570424e+00
1.468000e-05	-2.664416e-02	-4.432054e+00
1.469000e-05	-2.681204e-02	-4.305782e+00
1.470000e-05	-2.388832e-02	-4.126310e+00
1.471000e-05	-2.365385e-02	-3.977396e+00
1.472000e-05	-2.003011e-02	-3.757844e+00
1.473000e-05	-1.934145e-02	-3.559450e+00
1.474000e-05	-1.765090e-02	-3.389999e+00
1.475000e-05	-1.859323e-02	-3.249555e+00
1.476000e-05	-1.558929e-02	-3.013053e+00
1.477000e-05	-1.722799e-02	-2.832554e+00
1.478000e-05	-1.428018e-02	-2.694634e+00
1.479000e-05	-1.513222e-02	-2.464182e+00
1.480000e-05	-1.140067e-02	-2.296291e+00
1.481000e-05	-9.816017e-03	-2.073208e+00
1.482000e-05	-8.234615e-03	-1.915240e+00
1.483000e-05	-9.065818e-03	-1.737794e+00
1.484000e-05	-8.925888e-03	-1.569825e+00
1.485000e-05	-9.136607e-03	-1.316143e+00
1.486000e-05	-8.709097e-03	-1.096242e+00
1.487000e-05	-8.402480e-03	-8.971873e-01
1.488000e-05	-7.460559e-03	-7.193474e-01
1.489000e-05	-5.415505e-03	-5.557596e-01
1.490000e-05	-4.221033e-03	-3.382436e-01
1.491000e-05	-2.674326e-03	-1.694487e-01
1.492000e-05	1.222166e-03	-1.100118e-02
1.493000e-05	3.477697e-03	1.886064e-01
1.494000e-05	-2.466300e-03	4.110999e-01
1.495000e-05	-3.042778e-04	5.384458e-01
1.496000e-05	-3.165299e-03	6.934185e-01
1.497000e-05	-4.269537e-04	8.931317e-01
1.498000e-05	-1.856027e-03	1.117364e+00
1.499000e-05	5.953806e-03	1.294213e+00
1.500000e-05	3.200993e-02	1.504813e+00
1.501000e-05	7.079176e-02	1.779072e+00
1.502000e-05	-2.574751e-02	1.999572e+00
1.503000e-05	-4.619648e-02	2.148447e+00
1.504000e-05	-4.479890e-02	2.296345e+00
1.505000e-05	-5.785746e-02	2.421080e+00
1.506000e-05	5.017582e-02	2.535974e+00
1.507000e-05	7.928145e-02	2.801026e+00
1.508000e-05	-1.325087e-01	2.938946e+00
1.509000e-05	1.168029e-01	3.063164e+00
1.510000e-05	4.372772e-02	3.263737e+00
1.511000e-05	-5.435666e-02	3.515838e+00
1.512000e-05	3.924573e-02	3.641178e+00
1.513000e-05	-7.181899e-02	3.801181e+00
1.514000e-05	1.412659e-03	3.999996e+00
1.515000e-05	9.117535e-02	4.169004e+00
1.516000e-05	-3.481249e-02	4.399997e+00
1.517000e-05	-2.152583e-03	4.547844e+00
1.518000e-05	1.410762e-02	4.756920e+00
1.519000e-05	-9.698285e-03	4.866363e+00
1.520000e-05	4.064499e-02	5.127392e+00
1.521000e-05	-4.895653e-02	5.316468e+00
1.522000e-05	1.700477e-02	5.514341e+00
1.523000e-05	3.473243e-02	5.621605e+00
1.524000e-05	2.459930e-02	5.820705e+00
1.525000e-05	-2.315867e-02	6.011028e+00
1.526000e-05	-2.299153e-02	6.147390e+00
1.527000e-05	5.597982e-02	6.294236e+00
1.528000e-05	-6.806181e-03	6.392028e+00
1.529000e-05	-1.482128e-03	6.569071e+00
1.530000e-05	1.468069e-02	6.779449e+00
1.531000e-05	9.363430e-03	6.925913e+00
1.532000e-05	2.071007e-02	7.001026e+00
1.533000e-05	-1.361793e-02	7.158492e+00
1.534000e-05	3.418798e-03	7.253308e+00
1.535000e-05	1.682191e-02	7.460629e+00
1.536000e-05	1.806966e-02	7.611129e+00
1.537000e-05	6.970021e-03	7.758417e+00
1.538000e-05	-1.786410e-03	7.894812e+00
1.539000e-05	2.046308e-02	8.080156e+00
1.540000e-05	6.586759e-03	8.169470e+00
1.541000e-05	1.016350e-03	8.303809e+00
1.542000e-05	7.461278e-03	8.399475e+00
1.543000e-05	1.327244e-02	8.483637e+00
1.544000e-05	1.882491e-02	8.545347e+00
1.545000e-05	4.728657e-03	8.643209e+00
1.546000e-05	1.052251e-02	8.746894e+00
1.547000e-05	1.162164e-02	8.842129e+00
1.548000e-05	8.779571e-03	8.917412e+00
1.549000e-05	7.006769e-03	9.082756e+00
1.550000e-05	3.229808e-03	9.178894e+00
1.551000e-05	1.748120e-02	9.242108e+00
1.552000e-05	1.159703e-02	9.285813e+00
1.553000e-05	1.113457e-02	9.380000e+00
1.554000e-05	9.782724e-03	9.452187e+00
1.555000e-05	1.344193e-02	9.526766e+00
1.556000e-05	1.252539e-02	9.592554e+00
1.557000e-05	4.225436e-03	9.654710e+00
1.558000e-05	9.012836e-03	9.724418e+00
1.559000e-05	1.293263e-02	9.780549e+00
1.560000e-05	1.648770e-02	9.873734e+00
1.561000e-05	8.592275e-03	9.967390e+00
1.562000e-05	1.209876e-02	9.986925e+00
1.563000e-05	1.496302e-02	1.002153e+01
1.564000e-05	1.204318e-02	1.005173e+01
1.565000e-05	7.844585e-03	1.006424e+01
1.566000e-05	9.723616e-03	1.011726e+01
1.567000e-05	1.679549e-02	1.015839e+01
1.568000e-05	1.259744e-02	1.018700e+01
1.569000e-05	1.114856e-02	1.017900e+01
1.570000e-05	1.108876e-02	1.023950e+01
1.571000e-05	1.697533e-02	1.025113e+01
1.572000e-05	1.478546e-02	1.025013e+01
1.573000e-05	1.155131e-02	1.024068e+01
1.574000e-05	1.220133e-02	1.026273e+01
1.575000e-05	1.595981e-02	1.023168e+01
1.576000e-05	1.630977e-02	1.022256e+01
1.577000e-05	1.208126e-02	1.025073e+01
1.578000e-05	1.475944e-02	1.023113e+01
1.579000e-05	1.746393e-02	1.023906e+01
1.580000e-05	1.865223e-02	1.018910e+01
1.581000e-05	1.577035e-02	1.019852e+01
1.582000e-05	1.644366e-02	1.015837e+01
1.583000e-05	1.811315e-02	1.013629e+01
1.584000e-05	1.846194e-02	1.010576e+01
1.585000e-05	1.760400e-02	1.007266e+01
1.586000e-05	1.760192e-02	1.004106e+01
1.587000e-05	1.982717e-02	1.001005e+01
1.588000e-05	1.920939e-02	9.960467e+00
1.589000e-05	1.652448e-02	9.903664e+00
1.590000e-05	1.665652e-02	9.831107e+00
1.591000e-05	2.001267e-02	9.736919e+00
1.592000e-05	2.032129e-02	9.675813e+00
1.593000e-05	1.961942e-02	9.593053e+00
1.594000e-05	2.008332e-02	9.545901e+00
1.595000e-05	2.218146e-02	9.484264e+00
1.596000e-05	2.247822e-02	9.410032e+00
1.597000e-05	2.094312e-02	9.317370e+00
1.598000e-05	2.160665e-02	9.283184e+00
1.599000e-05	2.304880e-02	9.210528e+00
1.600000e-05	2.427386e-02	9.136316e+00
1.601000e-05	2.554539e-02	9.020954e+00
1.602000e-05	2.572182e-02	8.865661e+00
1.603000e-05	2.829765e-02	8.790024e+00
1.604000e-05	2.840084e-02	8.715762e+00
1.605000e-05	3.102518e-02	8.621130e+00
1.606000e-05	3.030874e-02	8.505240e+00
1.607000e-05	3.153255e-02	8.410530e+00
1.608000e-05	3.294703e-02	8.366314e+00
1.609000e-05	3.401442e-02	8.168972e+00
1.610000e-05	3.383380e-02	8.052109e+00
1.611000e-05	3.748461e-02	7.936865e+00
1.612000e-05	3.988905e-02	7.851078e+00
1.613000e-05	4.077779e-02	7.694216e+00
1.614000e-05	3.902376e-02	7.579875e+00
1.615000e-05	4.026285e-02	7.448503e+00
1.616000e-05	4.250502e-02	7.263081e+00
1.617000e-05	4.133204e-02	7.126293e+00
1.618000e-05	4.174209e-02	6.979950e+00
1.619000e-05	4.132113e-02	6.842082e+00
1.620000e-05	4.350974e-02	6.755241e+00
1.621000e-05	4.189532e-02	6.555792e+00
1.622000e-05	3.899764e-02	6.398471e+00
1.623000e-05	3.829484e-02	6.242706e+00
1.624000e-05	3.833833e-02	6.105236e+00
1.625000e-05	3.665417e-02	5.978450e+00
1.626000e-05	3.271913e-02	5.838973e+00
1.627000e-05	3.107895e-02	5.599950e+00
1.628000e-05	3.166574e-02	5.453109e+00
1.629000e-05	2.914925e-02	5.304708e+00
1.630000e-05	2.641287e-02	5.125218e+00
1.631000e-05	2.411341e-02	4.865158e+00
1.632000e-05	2.319661e-02	4.735714e+00
1.633000e-05	2.200257e-02	4.568291e+00
1.634000e-05	1.905490e-02	4.410477e+00
1.635000e-05	1.659840e-02	4.250478e+00
1.636000e-05	1.666327e-02	4.021375e+00
1.637000e-05	1.364802e-02	3.822057e+00
1.638000e-05	1.167939e-02	3.705684e+00
1.639000e-05	1.048521e-02	3.575792e+00
1.640000e-05	9.086177e-03	3.296657e+00
1.641000e-05	9.887529e-03	3.145768e+00
1.642000e-05	6.079319e-03	2.927852e+00
1.643000e-05	6.854428e-03	2.799477e+00
1.644000e-05	4.919692e-03	2.592001e+00
1.645000e-05	6.385273e-03	2.409921e+00
1.646000e-05	3.835715e-03	2.220901e+00
1.647000e-05	2.051336e-03	2.032053e+00
1.648000e-05	2.936869e-03	1.922136e+00
1.649000e-05	1.206635e-03	1.633559e+00
1.650000e-05	-8.658994e-04	1.483579e+00
1.651000e-05	-2.183685e-03	1.274632e+00
1.652000e-05	-4.061770e-04	1.112107e+00
1.653000e-05	4.271337e-04	8.119502e-01
1.654000e-05	-6.856669e-04	6.630028e-01
1.655000e-05	-1.097466e-03	4.721093e-01
1.656000e-05	-1.639994e-03	3.551434e-01
1.657000e-05	-3.774410e-03	8.308271e-02
1.658000e-05	-1.067404e-04	-8.378797e-02
1.659000e-05	1.118745e-04	-2.247604e-01
1.660000e-05	-3.338895e-03	-4.201251e-01
1.661000e-05	-8.762024e-04	-6.197236e-01
1.662000e-05	-4.457091e-03	-8.191002e-01
1.663000e-05	-1.836676e-03	-9.594749e-01
1.664000e-05	-3.874146e-03	-1.116888e+00
1.665000e-05	5.329935e-03	-1.276866e+00
1.666000e-05	6.953238e-02	-1.525918e+00
1.667000e-05	1.234900e-02	-1.696415e+00
1.668000e-05	-5.891181e-02	-1.958472e+00
1.669000e-05	-5.527921e-02	-2.213810e+00
1.670000e-05	-9.781895e-02	-2.421183e+00
1.671000e-05	7.645629e-02	-2.546442e+00
1.672000e-05	8.803628e-02	-2.620677e+00
1.673000e-05	-1.906009e-01	-2.852283e+00
1.674000e-05	1.355005e-01	-3.024755e+00
1.675000e-05	5.407446e-02	-3.161022e+00
1.676000e-05	-1.116921e-01	-3.420203e+00
1.677000e-05	7.800365e-02	-3.556895e+00
1.678000e-05	-1.093118e-01	-3.725287e+00
1.679000e-05	-5.788526e-02	-3.958418e+00
1.680000e-05	1.608450e-01	-4.084239e+00
1.681000e-05	-9.834206e-02	-4.223811e+00
1.682000e-05	1.507891e-02	-4.432155e+00
1.683000e-05	3.750516e-03	-4.500575e+00
1.684000e-05	-6.710760e-02	-4.771106e+00
1.685000e-05	9.915628e-02	-4.937475e+00
1.686000e-05	-1.455965e-01	-5.105894e+00
1.687000e-05	2.729047e-02	-5.335895e+00
1.688000e-05	7.102090e-02	-5.527418e+00
1.689000e-05	-5.566550e-02	-5.725392e+00
1.690000e-05	1.170964e-02	-5.851681e+00
1.691000e-05	-9.581142e-02	-5.980551e+00
1.692000e-05	7.443345e-02	-6.159995e+00
1.693000e-05	-1.461476e-02	-6.336387e+00
1.694000e-05	-7.634950e-02	-6.505312e+00
1.695000e-05	6.347494e-02	-6.601155e+00
1.696000e-05	-5.348062e-02	-6.769524e+00
1.697000e-05	4.379750e-02	-6.944761e+00
1.698000e-05	-6.914041e-02	-7.064361e+00
1.699000e-05	-2.413428e-02	-7.222705e+00
1.700000e-05	4.237961e-02	-7.328970e+00
1.701000e-05	-5.381767e-02	-7.486391e+00
1.702000e-05	2.055118e-02	-7.632079e+00
1.703000e-05	-5.531658e-02	-7.789547e+00
1.704000e-05	3.277161e-02	-7.979046e+00
1.705000e-05	-2.037018e-02	-8.053784e+00
1.706000e-05	-4.163126e-02	-8.180050e+00
1.707000e-05	2.857848e-03	-8.275284e+00
1.708000e-05	-2.630134e-02	-8.390502e+00
1.709000e-05	2.104610e-02	-8.484362e+00
1.710000e-05	-4.974640e-02	-8.613331e+00
1.711000e-05	-4.416993e-03	-8.739577e+00
1.712000e-05	-6.130384e-03	-8.833184e+00
1.713000e-05	-1.152562e-02	-8.959895e+00
1.714000e-05	-2.008197e-02	-9.042084e+00
1.715000e-05	-3.221747e-02	-9.146369e+00
1.716000e-05	9.040721e-03	-9.190552e+00
1.717000e-05	-1.931185e-02	-9.222805e+00
1.718000e-05	-2.003816e-02	-9.359594e+00
1.719000e-05	-2.512434e-02	-9.464731e+00
1.720000e-05	-4.538043e-03	-9.559974e+00
1.721000e-05	-1.052213e-02	-9.650628e+00
1.722000e-05	-2.766398e-02	-9.674212e+00
1.723000e-05	-1.896640e-02	-9.738922e+00
1.724000e-05	-7.925477e-03	-9.851554e+00
1.725000e-05	-9.869867e-03	-9.843233e+00
1.726000e-05	-2.769065e-02	-9.894863e+00
1.727000e-05	-1.978189e-02	-9.968425e+00
1.728000e-05	-1.217608e-02	-9.992027e+00
1.729000e-05	-1.266829e-02	-9.993604e+00
1.730000e-05	-2.679090e-02	-1.007366e+01
1.731000e-05	-2.032127e-02	-1.009686e+01
1.732000e-05	-1.215812e-02	-1.014751e+01
1.733000e-05	-1.492374e-02	-1.014812e+01
1.734000e-05	-2.388476e-02	-1.021175e+01
1.735000e-05	-2.404672e-02	-1.026413e+01
1.736000e-05	-1.153682e-02	-1.025478e+01
1.737000e-05	-1.655626e-02	-1.028527e+01
1.738000e-05	-2.244774e-02	-1.035792e+01
1.739000e-05	-2.516088e-02	-1.032586e+01
1.740000e-05	-1.605108e-02	-1.033637e+01
1.741000e-05	-1.695176e-02	-1.032634e+01
1.742000e-05	-2.464115e-02	-1.033742e+01
1.743000e-05	-2.352409e-02	-1.030789e+01
1.744000e-05	-1.781761e-02	-1.030681e+01
1.745000e-05	-1.704447e-02	-1.029534e+01
1.746000e-05	-2.639643e-02	-1.026426e+01
1.747000e-05	-2.683535e-02	-1.030071e+01
1.748000e-05	-2.274057e-02	-1.018955e+01
1.749000e-05	-2.131528e-02	-1.015950e+01
1.750000e-05	-2.625762e-02	-1.013541e+01
1.751000e-05	-2.834617e-02	-1.006619e+01
1.752000e-05	-2.173279e-02	-1.004371e+01
1.753000e-05	-2.090452e-02	-1.001303e+01
1.754000e-05	-2.729425e-02	-9.979901e+00
1.755000e-05	-2.858493e-02	-9.907345e+00
1.756000e-05	-2.526876e-02	-9.895287e+00
1.757000e-05	-2.171638e-02	-9.812602e+00
1.758000e-05	-2.727921e-02	-9.747922e+00
1.759000e-05	-2.988816e-02	-9.737862e+00
1.760000e-05	-2.664961e-02	-9.612707e+00
1.761000e-05	-2.570117e-02	-9.621502e+00
1.762000e-05	-2.914695e-02	-9.548445e+00
1.763000e-05	-3.155995e-02	-9.453177e+00
1.764000e-05	-2.807033e-02	-9.327939e+00
1.765000e-05	-2.606264e-02	-9.221681e+00
1.766000e-05	-3.150517e-02	-9.159867e+00
1.767000e-05	-3.504856e-02	-9.076188e+00
1.768000e-05	-3.395187e-02	-8.958398e+00
1.769000e-05	-3.217955e-02	-8.873683e+00
1.770000e-05	-3.544756e-02	-8.821156e+00
1.771000e-05	-3.883795e-02	-8.726786e+00
1.772000e-05	-3.748230e-02	-8.548895e+00
1.773000e-05	-3.674340e-02	-8.444659e+00
1.774000e-05	-3.963641e-02	-8.366845e+00
1.775000e-05	-4.382834e-02	-8.221608e+00
1.776000e-05	-4.301307e-02	-8.115845e+00
1.777000e-05	-4.169166e-02	-8.023104e+00
1.778000e-05	-4.402925e-02	-7.926283e+00
1.779000e-05	-4.766799e-02	-7.727945e+00
1.780000e-05	-4.850602e-02	-7.619949e+00
1.781000e-05	-4.585446e-02	-7.452584e+00
1.782000e-05	-4.846102e-02	-7.306366e+00
1.783000e-05	-5.126246e-02	-7.211003e+00
1.784000e-05	-5.067878e-02	-7.054711e+00
1.785000e-05	-4.749587e-02	-6.875262e+00
1.786000e-05	-4.750231e-02	-6.778792e+00
1.787000e-05	-4.997845e-02	-6.622476e+00
1.788000e-05	-4.898269e-02	-6.473133e+00
1.789000e-05	-4.636187e-02	-6.387345e+00
1.790000e-05	-4.482347e-02	-6.148365e+00
1.791000e-05	-4.484608e-02	-5.989004e+00
1.792000e-05	-4.344372e-02	-5.845079e+00
1.793000e-05	-4.043814e-02	-5.705262e+00
1.794000e-05	-3.753241e-02	-5.569371e+00
1.795000e-05	-3.755993e-02	-5.326187e+00
1.796000e-05	-3.537638e-02	-5.146321e+00
1.797000e-05	-3.171027e-02	-4.989474e+00
1.798000e-05	-3.002834e-02	-4.749491e+00
1.799000e-05	-3.081229e-02	-4.587921e+00
1.800000e-05	-2.786094e-02	-4.432556e+00
1.801000e-05	-2.678749e-02	-4.273709e+00
1.802000e-05	-2.207954e-02	-4.107867e+00
1.803000e-05	-2.443622e-02	-3.978471e+00
1.804000e-05	-2.148117e-02	-3.749424e+00
1.805000e-05	-1.990070e-02	-3.558950e+00
1.806000e-05	-1.542915e-02	-3.420975e+00
1.807000e-05	-1.893082e-02	-3.232579e+00
1.808000e-05	-1.710782e-02	-3.025155e+00
1.809000e-05	-1.606441e-02	-2.822055e+00
1.810000e-05	-1.340408e-02	-2.715636e+00
1.811000e-05	-1.545954e-02	-2.505238e+00
1.812000e-05	-1.239268e-02	-2.319266e+00
1.813000e-05	-1.134295e-02	-2.066709e+00
1.814000e-05	-8.370062e-03	-1.926819e+00
1.815000e-05	-9.168244e-03	-1.767369e+00
1.816000e-05	-9.962062e-03	-1.579478e+00
1.817000e-05	-9.413271e-03	-1.336741e+00
1.818000e-05	-8.205463e-03	-1.106767e+00
1.819000e-05	-6.830457e-03	-9.562948e-01
1.820000e-05	-8.323232e-03	-7.779698e-01
1.821000e-05	-6.148478e-03	-5.053423e-01
1.822000e-05	-4.585062e-03	-3.383674e-01
1.823000e-05	-3.658953e-03	-1.889500e-01
1.824000e-05	-5.675481e-04	3.849876e-02
1.825000e-05	2.826100e-03	1.786749e-01
1.826000e-05	-2.574346e-03	4.089723e-01
1.827000e-05	2.304844e-03	5.348432e-01
1.828000e-05	-2.344199e-03	6.828168e-01
1.829000e-05	-3.864848e-04	8.631291e-01
1.830000e-05	-8.332316e-04	1.124839e+00
1.831000e-05	6.063002e-03	1.263283e+00
1.832000e-05	2.753927e-02	1.442810e+00
1.833000e-05	6.985535e-02	1.748470e+00
1.834000e-05	-2.219575e-02	1.959520e+00
1.835000e-05	-4.624687e-02	2.156393e+00
1.836000e-05	-4.302857e-02	2.324787e+00
1.837000e-05	-5.635896e-02	2.420050e+00
1.838000e-05	3.959487e-02	2.556342e+00
1.839000e-05	9.327412e-02	2.750525e+00
1.840000e-05	-1.337080e-01	2.987892e+00
1.841000e-05	9.993962e-02	3.051657e+00
1.842000e-05	5.599388e-02	3.292389e+00
1.843000e-05	-5.812479e-02	3.515340e+00
1.844000e-05	3.825823e-02	3.632179e+00
1.845000e-05	-6.177006e-02	3.831656e+00
1.846000e-05	-7.965414e-03	4.008474e+00
1.847000e-05	9.386877e-02	4.155118e+00
1.848000e-05	-2.855088e-02	4.358025e+00
1.849000e-05	-1.007641e-02	4.524896e+00
1.850000e-05	1.804093e-02	4.724366e+00
1.851000e-05	-1.613156e-02	4.936336e+00
1.852000e-05	4.474120e-02	5.114963e+00
1.853000e-05	-4.504918e-02	5.336887e+00
1.854000e-05	1.304165e-02	5.494714e+00
1.855000e-05	3.464323e-02	5.632729e+00
1.856000e-05	2.549420e-02	5.789601e+00
1.857000e-05	-1.995435e-02	5.989550e+00
1.858000e-05	-2.710533e-02	6.145341e+00
1.859000e-05	5.267449e-02	6.263779e+00
1.860000e-05	-1.686937e-03	6.421154e+00
1.861000e-05	-1.463492e-03	6.567498e+00
1.862000e-05	1.576212e-02	6.749020e+00
1.863000e-05	7.001472e-03	6.904313e+00
1.864000e-05	1.902306e-02	7.030578e+00
1.865000e-05	-8.275022e-03	7.177419e+00
1.866000e-05	6.471292e-04	7.272163e+00
1.867000e-05	1.780477e-02	7.469182e+00
1.868000e-05	1.606236e-02	7.620102e+00
1.869000e-05	1.048518e-02	7.736446e+00
1.870000e-05	-3.613000e-03	7.923359e+00
1.871000e-05	1.917408e-02	8.042181e+00
1.872000e-05	7.694668e-03	8.147499e+00
1.873000e-05	2.759897e-03	8.273812e+00
1.874000e-05	7.072369e-03	8.389024e+00
1.875000e-05	1.010351e-02	8.483281e+00
1.876000e-05	1.828367e-02	8.607395e+00
1.877000e-05	5.187364e-03	8.661680e+00
1.878000e-05	1.046958e-02	8.778374e+00
1.879000e-05	1.072738e-02	8.842200e+00
1.880000e-05	1.050045e-02	8.916441e+00
1.881000e-05	6.690814e-03	9.092556e+00
1.882000e-05	4.696842e-03	9.146438e+00
1.883000e-05	1.654363e-02	9.212680e+00
1.884000e-05	1.015993e-02	9.284786e+00
1.885000e-05	1.153989e-02	9.380023e+00
1.886000e-05	8.901054e-03	9.472729e+00
1.887000e-05	1.407633e-02	9.516843e+00
1.888000e-05	1.218857e-02	9.580050e+00
1.889000e-05	6.123124e-03	9.661579e+00
1.890000e-05	9.913780e-03	9.725866e+00
1.891000e-05	1.293401e-02	9.859025e+00
1.892000e-05	1.555954e-02	9.942658e+00
1.893000e-05	7.414589e-03	9.956365e+00
1.894000e-05	1.140286e-02	9.998972e+00
1.895000e-05	1.369651e-02	1.000208e+01
1.896000e-05	1.330229e-02	1.006316e+01
1.897000e-05	8.581848e-03	1.008476e+01
1.898000e-05	1.002338e-02	1.006486e+01
1.899000e-05	1.594443e-02	1.017702e+01
1.900000e-05	1.367412e-02	1.016792e+01
1.901000e-05	1.052664e-02	1.022047e+01
1.902000e-05	1.093622e-02	1.022005e+01
1.903000e-05	1.600336e-02	1.023113e+01
1.904000e-05	1.484160e-02	1.024106e+01
1.905000e-05	1.305688e-02	1.024081e+01
1.906000e-05	1.139925e-02	1.026268e+01
1.907000e-05	1.574187e-02	1.026366e+01
1.908000e-05	1.663945e-02	1.028216e+01
1.909000e-05	1.277124e-02	1.025263e+01
1.910000e-05	1.455670e-02	1.024115e+01
1.911000e-05	1.734726e-02	1.027205e+01
1.912000e-05	1.888764e-02	1.020057e+01
1.913000e-05	1.420901e-02	1.018902e+01
1.914000e-05	1.621471e-02	1.014885e+01
1.915000e-05	1.883664e-02	1.012482e+01
1.916000e-05	1.982180e-02	1.012524e+01
1.917000e-05	1.775213e-02	1.010426e+01
1.918000e-05	1.770352e-02	1.002263e+01
1.919000e-05	2.007922e-02	1.002095e+01
1.920000e-05	1.874700e-02	9.987447e+00
1.921000e-05	1.659941e-02	9.913765e+00
1.922000e-05	1.638641e-02	9.871551e+00
1.923000e-05	1.963162e-02	9.777894e+00
1.924000e-05	2.075182e-02	9.694213e+00
1.925000e-05	1.973343e-02	9.581006e+00
1.926000e-05	2.045555e-02	9.575894e+00
1.927000e-05	2.252308e-02	9.504186e+00
1.928000e-05	2.326308e-02	9.440028e+00
1.929000e-05	2.114043e-02	9.325343e+00
1.930000e-05	2.032380e-02	9.283684e+00
1.931000e-05	2.364951e-02	9.222076e+00
1.932000e-05	2.466126e-02	9.146263e+00
1.933000e-05	2.472759e-02	9.058530e+00
1.934000e-05	2.415789e-02	8.905318e+00
1.935000e-05	2.915254e-02	8.772503e+00
1.936000e-05	2.854802e-02	8.745761e+00
1.937000e-05	3.036512e-02	8.621026e+00
1.938000e-05	2.878583e-02	8.524312e+00
1.939000e-05	3.200239e-02	8.411553e+00
1.940000e-05	3.298800e-02	8.355817e+00
1.941000e-05	3.455886e-02	8.200451e+00
1.942000e-05	3.358689e-02	8.065688e+00
1.943000e-05	3.700568e-02	7.955345e+00
1.944000e-05	3.947710e-02	7.831028e+00
1.945000e-05	3.991396e-02	7.665213e+00
1.946000e-05	3.907858e-02	7.569897e+00
1.947000e-05	4.110288e-02	7.480928e+00
1.948000e-05	4.357043e-02	7.273182e+00
1.949000e-05	4.184947e-02	7.135290e+00
1.950000e-05	4.182436e-02	6.987425e+00
1.951000e-05	4.144629e-02	6.843608e+00
1.952000e-05	4.347761e-02	6.766243e+00
1.953000e-05	4.027090e-02	6.507822e+00
1.954000e-05	3.999855e-02	6.388570e+00
1.955000e-05	3.845349e-02	6.273629e+00
1.956000e-05	3.921003e-02	6.136283e+00
1.957000e-05	3.639825e-02	5.989446e+00
1.958000e-05	3.412194e-02	5.850528e+00
1.959000e-05	3.132555e-02	5.599983e+00
1.960000e-05	3.180171e-02	5.483133e+00
1.961000e-05	2.882094e-02	5.294236e+00
1.962000e-05	2.523540e-02	5.145786e+00
1.963000e-05	2.441927e-02	4.885611e+00
1.964000e-05	2.324153e-02	4.716741e+00
1.965000e-05	2.224185e-02	4.587268e+00
1.966000e-05	1.869928e-02	4.401024e+00
1.967000e-05	1.748227e-02	4.249159e+00
1.968000e-05	1.642026e-02	4.013556e+00
1.969000e-05	1.515144e-02	3.882582e+00
1.970000e-05	1.170995e-02	3.715665e+00
1.971000e-05	1.058133e-02	3.576294e+00
1.972000e-05	9.526784e-03	3.325866e+00
1.973000e-05	9.822863e-03	3.157290e+00
1.974000e-05	7.096796e-03	2.976945e+00
1.975000e-05	6.669421e-03	2.841001e+00
1.976000e-05	5.394244e-03	2.651002e+00
1.977000e-05	6.115282e-03	2.397900e+00
1.978000e-05	3.706916e-03	2.208999e+00
1.979000e-05	1.419559e-03	2.042005e+00
1.980000e-05	2.150506e-03	1.895159e+00
1.981000e-05	3.170405e-03	1.673136e+00
1.982000e-05	9.312037e-04	1.542158e+00
1.983000e-05	-2.066425e-03	1.294636e+00
1.984000e-05	-1.829027e-03	1.114107e+00
1.985000e-05	-3.644442e-04	8.310778e-01
1.986000e-05	-1.140894e-03	6.515303e-01
1.987000e-05	-2.486122e-03	4.635595e-01
1.988000e-05	-3.176379e-03	3.262598e-01
1.989000e-05	-1.066206e-03	9.263415e-02
1.990000e-05	2.298281e-03	-5.418935e-02
1.991000e-05	2.693951e-03	-2.331340e-01
1.992000e-05	-5.234928e-03	-4.005238e-01
1.993000e-05	-2.191237e-03	-5.801024e-01
1.994000e-05	-4.601361e-03	-7.910988e-01
1.995000e-05	-2.758449e-03	-9.479209e-01
1.996000e-05	-6.696440e-03	-1.105318e+00
1.997000e-05	3.313564e-03	-1.285783e+00
1.998000e-05	6.662157e-02	-1.514867e+00
1.999000e-05	2.562705e-02	-1.686342e+00
2.000000e-05	-6.083788e-02	-1.938416e+00
2.001000e-05	-5.288025e-02	-2.212255e+00
2.002000e-05	-9.716796e-02	-2.431752e+00
2.003000e-05	5.789718e-02	-2.496391e+00
2.004000e-05	1.026883e-01	-2.600600e+00
2.005000e-05	-1.882865e-01	-2.831731e+00
2.006000e-05	1.149893e-01	-3.083708e+00
2.007000e-05	7.606437e-02	-3.158996e+00
2.008000e-05	-1.176152e-01	-3.361102e+00
2.009000e-05	7.424603e-02	-3.538445e+00
2.010000e-05	-9.388061e-02	-3.674384e+00
2.011000e-05	-7.643692e-02	-3.949971e+00
2.012000e-05	1.632633e-01	-4.044283e+00
2.013000e-05	-8.873162e-02	-4.262263e+00
2.014000e-05	-7.875983e-04	-4.421579e+00
2.015000e-05	1.709898e-02	-4.547499e+00
2.016000e-05	-7.785070e-02	-4.812155e+00
2.017000e-05	1.039151e-01	-4.980025e+00
2.018000e-05	-1.348547e-01	-5.096390e+00
2.019000e-05	9.074181e-03	-5.287966e+00
2.020000e-05	8.240858e-02	-5.537339e+00
2.021000e-05	-6.093466e-02	-5.696368e+00
2.022000e-05	1.286236e-02	-5.831655e+00
2.023000e-05	-9.466758e-02	-5.989449e+00
2.024000e-05	6.592476e-02	-6.158116e+00
2.025000e-05	1.207010e-03	-6.327867e+00
2.026000e-05	-8.610757e-02	-6.485804e+00
2.027000e-05	6.610006e-02	-6.590579e+00
2.028000e-05	-5.308734e-02	-6.769500e+00
2.029000e-05	4.015487e-02	-6.885312e+00
2.030000e-05	-6.044748e-02	-7.066787e+00
2.031000e-05	-3.700667e-02	-7.211678e+00
2.032000e-05	5.046598e-02	-7.349497e+00
2.033000e-05	-5.489432e-02	-7.494839e+00
2.034000e-05	2.151332e-02	-7.620649e+00
2.035000e-05	-5.465113e-02	-7.809150e+00
2.036000e-05	2.809453e-02	-7.968422e+00
2.037000e-05	-1.324368e-02	-8.053782e+00
2.038000e-05	-4.678458e-02	-8.170579e+00
2.039000e-05	4.743105e-03	-8.294837e+00
2.040000e-05	-2.761410e-02	-8.398526e+00
2.041000e-05	2.349475e-02	-8.484660e+00
2.042000e-05	-4.720247e-02	-8.582179e+00
2.043000e-05	-9.416190e-03	-8.749475e+00
2.044000e-05	-5.084230e-03	-8.842680e+00
2.045000e-05	-1.360883e-02	-8.957491e+00
2.046000e-05	-1.748010e-02	-8.992700e+00
2.047000e-05	-3.502391e-02	-9.114892e+00
2.048000e-05	9.930300e-03	-9.179077e+00
2.049000e-05	-1.613068e-02	-9.244808e+00
2.050000e-05	-1.954666e-02	-9.318520e+00
2.051000e-05	-2.583556e-02	-9.443260e+00
2.052000e-05	-6.530918e-03	-9.549497e+00
2.053000e-05	-8.353468e-03	-9.621553e+00
2.054000e-05	-2.796135e-02	-9.663785e+00
2.055000e-05	-2.174582e-02	-9.698020e+00
2.056000e-05	-8.981286e-03	-9.801600e+00
2.057000e-05	-7.143926e-03	-9.863232e+00
2.058000e-05	-2.640496e-02	-9.894840e+00
2.059000e-05	-2.138639e-02	-9.947897e+00
2.060000e-05	-1.309729e-02	-9.990526e+00
2.061000e-05	-1.015904e-02	-1.000263e+01
2.062000e-05	-2.717881e-02	-1.005523e+01
2.063000e-05	-2.318409e-02	-1.007639e+01
2.064000e-05	-1.299132e-02	-1.010655e+01
2.065000e-05	-1.245058e-02	-1.015050e+01
2.066000e-05	-2.314717e-02	-1.024023e+01
2.067000e-05	-2.584836e-02	-1.028321e+01
2.068000e-05	-1.208096e-02	-1.025471e+01
2.069000e-05	-1.445335e-02	-1.033832e+01
2.070000e-05	-2.165668e-02	-1.033589e+01
2.071000e-05	-2.659268e-02	-1.029742e+01
2.072000e-05	-1.837745e-02	-1.035840e+01
2.073000e-05	-1.567859e-02	-1.034890e+01
2.074000e-05	-2.509901e-02	-1.034539e+01
2.075000e-05	-2.496653e-02	-1.031672e+01
2.076000e-05	-2.023944e-02	-1.028592e+01
2.077000e-05	-1.558031e-02	-1.030679e+01
2.078000e-05	-2.360006e-02	-1.028576e+01
2.079000e-05	-2.817758e-02	-1.021370e+01
2.080000e-05	-2.281039e-02	-1.020011e+01
2.081000e-05	-2.075453e-02	-1.013755e+01
2.082000e-05	-2.530262e-02	-1.011744e+01
2.083000e-05	-2.909069e-02	-1.007676e+01
2.084000e-05	-2.449054e-02	-1.005371e+01
2.085000e-05	-2.098383e-02	-1.000211e+01
2.086000e-05	-2.547155e-02	-9.989949e+00
2.087000e-05	-2.850412e-02	-9.915371e+00
2.088000e-05	-2.497212e-02	-9.865212e+00
2.089000e-05	-2.098322e-02	-9.831555e+00
2.090000e-05	-2.494012e-02	-9.790445e+00
2.091000e-05	-3.002299e-02	-9.696341e+00
2.092000e-05	-2.707042e-02	-9.643657e+00
2.093000e-05	-2.596560e-02	-9.621053e+00
2.094000e-05	-2.805727e-02	-9.568969e+00
2.095000e-05	-3.125413e-02	-9.463106e+00
2.096000e-05	-2.922751e-02	-9.315917e+00
2.097000e-05	-2.666882e-02	-9.232105e+00
2.098000e-05	-2.937276e-02	-9.160446e+00
2.099000e-05	-3.428720e-02	-9.113737e+00
2.100000e-05	-3.372815e-02	-8.967974e+00
2.101000e-05	-3.276716e-02	-8.863810e+00
2.102000e-05	-3.446236e-02	-8.791979e+00
2.103000e-05	-3.760415e-02	-8.737841e+00
2.104000e-05	-3.806786e-02	-8.627998e+00
2.105000e-05	-3.683743e-02	-8.484112e+00
2.106000e-05	-3.874658e-02	-8.369921e+00
2.107000e-05	-4.299376e-02	-8.252607e+00
2.108000e-05	-4.332138e-02	-8.167367e+00
2.109000e-05	-4.304160e-02	-8.001704e+00
2.110000e-05	-4.409197e-02	-7.908788e+00
2.111000e-05	-4.619863e-02	-7.727342e+00
2.112000e-05	-4.815285e-02	-7.588501e+00
2.113000e-05	-4.785601e-02	-7.474133e+00
2.114000e-05	-4.815019e-02	-7.348368e+00
2.115000e-05	-4.969830e-02	-7.211027e+00
2.116000e-05	-5.105878e-02	-7.003683e+00
2.117000e-05	-5.037056e-02	-6.875211e+00
2.118000e-05	-4.772167e-02	-6.727392e+00
2.119000e-05	-4.865910e-02	-6.604029e+00
2.120000e-05	-4.871367e-02	-6.504186e+00
2.121000e-05	-4.759789e-02	-6.358869e+00
2.122000e-05	-4.462683e-02	-6.147871e+00
2.123000e-05	-4.376458e-02	-5.991974e+00
2.124000e-05	-4.300453e-02	-5.843205e+00
2.125000e-05	-4.188094e-02	-5.687691e+00
2.126000e-05	-3.833200e-02	-5.575822e+00
2.127000e-05	-3.621434e-02	-5.299417e+00
2.128000e-05	-3.490536e-02	-5.158370e+00
2.129000e-05	-3.394187e-02	-4.990423e+00
2.130000e-05	-2.996583e-02	-4.788395e+00
2.131000e-05	-2.940468e-02	-4.599954e+00
2.132000e-05	-2.723141e-02	-4.423081e+00
2.133000e-05	-2.854928e-02	-4.343691e+00
2.134000e-05	-2.434819e-02	-4.157369e+00
2.135000e-05	-2.312961e-02	-3.990898e+00
2.136000e-05	-2.010623e-02	-3.758448e+00
2.137000e-05	-2.097892e-02	-3.580351e+00
2.138000e-05	-1.676093e-02	-3.422529e+00
2.139000e-05	-1.683616e-02	-3.242608e+00
2.140000e-05	-1.474826e-02	-3.104606e+00
2.141000e-05	-1.728804e-02	-2.852529e+00
2.142000e-05	-1.555043e-02	-2.716160e+00
2.143000e-05	-1.519720e-02	-2.495739e+00
2.144000e-05	-1.169873e-02	-2.357319e+00
2.145000e-05	-1.200681e-02	-2.067686e+00
2.146000e-05	-9.721337e-03	-1.946843e+00
2.147000e-05	-8.693029e-03	-1.768371e+00
2.148000e-05	-8.280217e-03	-1.600449e+00
2.149000e-05	-9.047064e-03	-1.356818e+00
2.150000e-05	-9.849447e-03	-1.148813e+00
2.151000e-05	-6.882252e-03	-9.778684e-01
2.152000e-05	-7.238778e-03	-7.489263e-01
2.153000e-05	-5.476375e-03	-5.588423e-01
2.154000e-05	-5.570825e-03	-3.994212e-01
2.155000e-05	-3.933862e-03	-1.794764e-01
2.156000e-05	8.447387e-04	-3.995025e-02
2.157000e-05	4.049731e-03	1.474496e-01
2.158000e-05	-3.350980e-03	3.799735e-01
2.159000e-05	-1.962475e-04	5.463895e-01
2.160000e-05	-1.327981e-03	6.928381e-01
2.161000e-05	2.844572e-03	8.412029e-01
2.162000e-05	-2.580586e-04	1.112835e+00
2.163000e-05	3.276715e-03	1.282735e+00
2.164000e-05	2.417705e-02	1.402855e+00
2.165000e-05	7.106807e-02	1.738471e+00
2.166000e-05	-1.590909e-02	1.977997e+00
2.167000e-05	-4.852869e-02	2.107918e+00
2.168000e-05	-4.365075e-02	2.322318e+00
2.169000e-05	-5.445695e-02	2.420074e+00
2.170000e-05	2.982445e-02	2.544945e+00
2.171000e-05	1.034656e-01	2.780946e+00
2.172000e-05	-1.309655e-01	2.958366e+00
2.173000e-05	8.328446e-02	3.032132e+00
2.174000e-05	7.100371e-02	3.262262e+00
2.175000e-05	-5.896067e-02	3.506289e+00
2.176000e-05	3.309353e-02	3.631155e+00
2.177000e-05	-5.327777e-02	3.790105e+00
2.178000e-05	-1.839592e-02	3.989974e+00
2.179000e-05	9.712874e-02	4.126892e+00
2.180000e-05	-2.279860e-02	4.369449e+00
2.181000e-05	-1.547273e-02	4.515340e+00
2.182000e-05	2.397212e-02	4.776316e+00
2.183000e-05	-1.965750e-02	4.881842e+00
2.184000e-05	4.663449e-02	5.105291e+00
2.185000e-05	-4.380421e-02	5.315938e+00
2.186000e-05	9.351531e-03	5.483765e+00
2.187000e-05	3.727450e-02	5.620553e+00
2.188000e-05	2.481262e-02	5.789651e+00
2.189000e-05	-1.755075e-02	5.978972e+00
2.190000e-05	-3.051353e-02	6.106316e+00
2.191000e-05	5.265559e-02	6.253208e+00
2.192000e-05	1.897974e-03	6.408530e+00
2.193000e-05	-5.942899e-03	6.567465e+00
2.194000e-05	1.738414e-02	6.766896e+00
2.195000e-05	8.652579e-03	6.894313e+00
2.196000e-05	1.825953e-02	6.992084e+00
2.197000e-05	-8.054041e-03	7.145419e+00
2.198000e-05	-1.964899e-03	7.232707e+00
2.199000e-05	2.055835e-02	7.430101e+00
2.200000e-05	1.452552e-02	7.630551e+00
2.201000e-05	1.153698e-02	7.746938e+00
2.202000e-05	-4.435083e-03	7.893359e+00
2.203000e-05	2.029213e-02	8.030175e+00
2.204000e-05	9.056710e-03	8.127893e+00
2.205000e-05	8.500264e-04	8.272761e+00
2.206000e-05	7.751607e-03	8.378524e+00
2.207000e-05	1.075101e-02	8.453185e+00
2.208000e-05	1.868915e-02	8.545466e+00
2.209000e-05	3.238259e-03	8.652659e+00
2.210000e-05	1.001053e-02	8.736370e+00
2.211000e-05	1.237084e-02	8.812180e+00
2.212000e-05	1.126991e-02	8.916312e+00
2.213000e-05	7.072379e-03	9.060705e+00
2.214000e-05	3.289653e-03	9.164948e+00
2.215000e-05	1.688356e-02	9.241103e+00
2.216000e-05	1.139355e-02	9.304312e+00
2.217000e-05	9.742705e-03	9.401024e+00
2.218000e-05	7.444269e-03	9.451158e+00
2.219000e-05	1.479886e-02	9.547864e+00
2.220000e-05	1.480891e-02	9.588499e+00
2.221000e-05	6.203124e-03	9.642632e+00
2.222000e-05	8.504235e-03	9.677390e+00
2.223000e-05	1.367765e-02	9.758005e+00
2.224000e-05	1.638737e-02	9.904161e+00
2.225000e-05	6.371515e-03	9.906865e+00
2.226000e-05	9.089650e-03	9.968001e+00
2.227000e-05	1.431210e-02	1.002010e+01
2.228000e-05	1.597435e-02	1.006368e+01
2.229000e-05	9.617747e-03	1.007173e+01
2.230000e-05	9.760289e-03	1.012581e+01
2.231000e-05	1.647886e-02	1.012542e+01
2.232000e-05	1.507391e-02	1.013937e+01
2.233000e-05	1.116160e-02	1.021895e+01
2.234000e-05	9.718314e-03	1.021950e+01
2.235000e-05	1.518036e-02	1.020155e+01
2.236000e-05	1.566509e-02	1.026261e+01
2.237000e-05	1.298129e-02	1.027163e+01
2.238000e-05	1.034043e-02	1.025318e+01
2.239000e-05	1.551365e-02	1.026314e+01
2.240000e-05	1.824406e-02	1.024163e+01
2.241000e-05	1.403819e-02	1.023223e+01
2.242000e-05	1.135546e-02	1.024961e+01
2.243000e-05	1.705510e-02	1.025055e+01
2.244000e-05	2.084743e-02	1.019003e+01
2.245000e-05	1.627592e-02	1.016950e+01
2.246000e-05	1.300245e-02	1.017742e+01
2.247000e-05	1.746390e-02	1.010834e+01
2.248000e-05	2.143426e-02	1.010481e+01
2.249000e-05	1.929303e-02	1.004266e+01
2.250000e-05	1.546225e-02	1.003211e+01
2.251000e-05	1.898717e-02	1.000101e+01
2.252000e-05	2.096713e-02	9.997949e+00
2.253000e-05	1.918635e-02	9.923837e+00
2.254000e-05	1.416347e-02	9.841126e+00
2.255000e-05	1.802468e-02	9.777348e+00
2.256000e-05	2.131166e-02	9.704636e+00
2.257000e-05	2.087371e-02	9.632001e+00
2.258000e-05	1.816731e-02	9.557921e+00
2.259000e-05	2.118439e-02	9.543785e+00
2.260000e-05	2.317936e-02	9.422054e+00
2.261000e-05	2.329964e-02	9.337871e+00
2.262000e-05	2.036373e-02	9.304186e+00
2.263000e-05	2.145698e-02	9.212054e+00
2.264000e-05	2.462087e-02	9.135869e+00
2.265000e-05	2.611414e-02	8.998975e+00
2.266000e-05	2.453548e-02	8.865215e+00
2.267000e-05	2.629403e-02	8.801053e+00
2.268000e-05	2.818454e-02	8.695212e+00
2.269000e-05	3.176915e-02	8.640552e+00
2.270000e-05	3.013483e-02	8.486264e+00
2.271000e-05	3.154657e-02	8.441107e+00
2.272000e-05	3.297732e-02	8.356290e+00
2.273000e-05	3.554699e-02	8.240498e+00
2.274000e-05	3.422503e-02	8.084116e+00
2.275000e-05	3.536258e-02	7.986872e+00
2.276000e-05	3.781435e-02	7.860576e+00
2.277000e-05	3.998083e-02	7.703741e+00
2.278000e-05	3.978553e-02	7.589949e+00
2.279000e-05	3.920489e-02	7.440528e+00
2.280000e-05	4.293443e-02	7.243212e+00
2.281000e-05	4.296746e-02	7.144887e+00
2.282000e-05	4.316499e-02	6.989924e+00
2.283000e-05	4.030205e-02	6.833607e+00
2.284000e-05	4.116863e-02	6.755213e+00
2.285000e-05	4.130610e-02	6.547892e+00
2.286000e-05	4.095918e-02	6.391925e+00
2.287000e-05	3.799644e-02	6.273059e+00
2.288000e-05	3.748784e-02	6.105316e+00
2.289000e-05	3.709903e-02	5.999979e+00
2.290000e-05	3.529130e-02	5.862574e+00
2.291000e-05	3.249818e-02	5.651981e+00
2.292000e-05	3.091555e-02	5.503712e+00
2.293000e-05	2.914729e-02	5.335692e+00
2.294000e-05	2.713173e-02	5.146690e+00
2.295000e-05	2.428568e-02	4.914760e+00
2.296000e-05	2.224984e-02	4.737316e+00
2.297000e-05	2.128777e-02	4.577347e+00
2.298000e-05	1.930247e-02	4.411029e+00
2.299000e-05	1.732842e-02	4.231486e+00
2.300000e-05	1.591852e-02	4.033029e+00
2.301000e-05	1.618424e-02	3.862682e+00
2.302000e-05	1.400235e-02	3.704236e+00
2.303000e-05	1.050001e-02	3.555816e+00
2.304000e-05	9.009610e-03	3.364712e+00
2.305000e-05	8.644906e-03	3.177269e+00
2.306000e-05	8.119983e-03	2.998379e+00
2.307000e-05	6.258366e-03	2.820529e+00
2.308000e-05	4.334398e-03	2.652404e+00
2.309000e-05	4.652611e-03	2.389379e+00
2.310000e-05	3.993087e-03	2.241453e+00
2.311000e-05	3.122588e-03	2.052135e+00
2.312000e-05	1.902918e-03	1.935188e+00
2.313000e-05	1.532948e-03	1.692184e+00
2.314000e-05	8.579380e-04	1.521632e+00
2.315000e-05	1.218545e-04	1.284664e+00
2.316000e-05	-1.393566e-03	1.104011e+00
2.317000e-05	-1.696000e-03	8.319829e-01
2.318000e-05	-2.267551e-03	6.536594e-01
2.319000e-05	-2.557812e-03	4.921106e-01
2.320000e-05	-1.647457e-03	3.257671e-01
2.321000e-05	-2.699564e-03	1.221631e-01
2.322000e-05	3.782956e-04	-7.381415e-02
2.323000e-05	1.957465e-03	-2.527303e-01
2.324000e-05	-3.783180e-03	-3.910473e-01
2.325000e-05	-1.746553e-03	-5.876983e-01
2.326000e-05	-6.061155e-03	-7.906250e-01
2.327000e-05	-3.262904e-03	-9.274435e-01
2.328000e-05	-4.672665e-03	-1.096889e+00
2.329000e-05	2.963604e-03	-1.264758e+00
2.330000e-05	5.962734e-02	-1.494885e+00
2.331000e-05	3.463693e-02	-1.654290e+00
2.332000e-05	-6.195390e-02	-1.917970e+00
2.333000e-05	-4.994574e-02	-2.166646e+00
2.334000e-05	-9.811104e-02	-2.442180e+00
2.335000e-05	3.978893e-02	-2.487367e+00
2.336000e-05	1.213652e-01	-2.630625e+00
2.337000e-05	-1.823487e-01	-2.801228e+00
2.338000e-05	9.021495e-02	-3.062653e+00
2.339000e-05	9.477272e-02	-3.170045e+00
2.340000e-05	-1.210463e-01	-3.379672e+00
2.341000e-05	6.719809e-02	-3.568921e+00
2.342000e-05	-7.824298e-02	-3.662812e+00
2.343000e-05	-9.649938e-02	-3.936946e+00
2.344000e-05	1.680391e-01	-4.064211e+00
2.345000e-05	-7.373874e-02	-4.272209e+00
2.346000e-05	-1.443215e-02	-4.422554e+00
2.347000e-05	2.726853e-02	-4.526570e+00
2.348000e-05	-8.591410e-02	-4.780576e+00
2.349000e-05	1.052907e-01	-4.949922e+00
2.350000e-05	-1.249732e-01	-5.135313e+00
2.351000e-05	-1.186939e-02	-5.326442e+00
2.352000e-05	9.579469e-02	-5.515313e+00
2.353000e-05	-5.972434e-02	-5.695862e+00
2.354000e-05	1.397458e-02	-5.842229e+00
2.355000e-05	-9.322667e-02	-5.978573e+00
2.356000e-05	5.361345e-02	-6.136991e+00
2.357000e-05	1.528886e-02	-6.314367e+00
2.358000e-05	-9.812731e-02	-6.494284e+00
2.359000e-05	6.574425e-02	-6.591630e+00
2.360000e-05	-4.891119e-02	-6.797441e+00
2.361000e-05	3.776202e-02	-6.875358e+00
2.362000e-05	-4.814986e-02	-7.073213e+00
2.363000e-05	-4.884411e-02	-7.220530e+00
2.364000e-05	5.613894e-02	-7.327515e+00
2.365000e-05	-5.729067e-02	-7.484365e+00
2.366000e-05	2.099209e-02	-7.612104e+00
2.367000e-05	-5.526949e-02	-7.732147e+00
2.368000e-05	2.100078e-02	-7.888926e+00
2.369000e-05	-5.564730e-03	-8.032258e+00
2.370000e-05	-4.951917e-02	-8.140997e+00
2.371000e-05	7.841494e-03	-8.284311e+00
2.372000e-05	-2.820705e-02	-8.389527e+00
2.373000e-05	2.401212e-02	-8.483738e+00
2.374000e-05	-4.516795e-02	-8.652679e+00
2.375000e-05	-1.566697e-02	-8.730018e+00
2.376000e-05	-4.130117e-03	-8.812204e+00
2.377000e-05	-1.526863e-02	-8.937471e+00
2.378000e-05	-1.431923e-02	-9.002628e+00
2.379000e-05	-3.583071e-02	-9.096323e+00
2.380000e-05	9.613291e-03	-9.180472e+00
2.381000e-05	-1.299836e-02	-9.244309e+00
2.382000e-05	-2.099269e-02	-9.336994e+00
2.383000e-05	-2.590855e-02	-9.473236e+00
2.384000e-05	-9.672486e-03	-9.547449e+00
2.385000e-05	-7.180425e-03	-9.582156e+00
2.386000e-05	-2.693284e-02	-9.664262e+00
2.387000e-05	-2.086225e-02	-9.716942e+00
2.388000e-05	-1.074467e-02	-9.761075e+00
2.389000e-05	-6.906539e-03	-9.894209e+00
2.390000e-05	-2.572974e-02	-9.875312e+00
2.391000e-05	-2.189969e-02	-9.966445e+00
2.392000e-05	-1.494717e-02	-1.000102e+01
2.393000e-05	-1.187094e-02	-1.001356e+01
2.394000e-05	-2.477537e-02	-1.001323e+01
2.395000e-05	-2.118758e-02	-1.006584e+01
2.396000e-05	-1.258533e-02	-1.009697e+01
2.397000e-05	-1.315485e-02	-1.019110e+01
2.398000e-05	-2.190541e-02	-1.023157e+01
2.399000e-05	-2.543568e-02	-1.023366e+01
2.400000e-05	-1.446164e-02	-1.025479e+01
2.401000e-05	-1.567443e-02	-1.031376e+01
2.402000e-05	-2.107028e-02	-1.029732e+01
2.403000e-05	-2.478196e-02	-1.034637e+01
2.404000e-05	-1.775580e-02	-1.032690e+01
2.405000e-05	-1.564402e-02	-1.036744e+01
2.406000e-05	-2.374728e-02	-1.035787e+01
2.407000e-05	-2.498426e-02	-1.033684e+01
2.408000e-05	-2.108887e-02	-1.028786e+01
2.409000e-05	-1.711592e-02	-1.031578e+01
2.410000e-05	-2.428561e-02	-1.030421e+01
2.411000e-05	-2.711242e-02	-1.025173e+01
2.412000e-05	-2.290678e-02	-1.023055e+01
2.413000e-05	-2.088506e-02	-1.014854e+01
2.414000e-05	-2.423226e-02	-1.015844e+01
2.415000e-05	-2.775878e-02	-1.005461e+01
2.416000e-05	-2.394555e-02	-1.003471e+01
2.417000e-05	-2.242509e-02	-9.992630e+00
2.418000e-05	-2.493177e-02	-9.989421e+00
2.419000e-05	-2.808990e-02	-9.917243e+00
2.420000e-05	-2.561671e-02	-9.883762e+00
2.421000e-05	-2.195755e-02	-9.842708e+00
2.422000e-05	-2.576764e-02	-9.769948e+00
2.423000e-05	-2.745027e-02	-9.737788e+00
2.424000e-05	-2.759187e-02	-9.652737e+00
2.425000e-05	-2.576790e-02	-9.602052e+00
2.426000e-05	-2.824229e-02	-9.588373e+00
2.427000e-05	-3.047375e-02	-9.473558e+00
2.428000e-05	-2.996242e-02	-9.305794e+00
2.429000e-05	-2.799314e-02	-9.232733e+00
2.430000e-05	-3.030831e-02	-9.150474e+00
2.431000e-05	-3.271540e-02	-9.072763e+00
2.432000e-05	-3.241824e-02	-8.968475e+00
2.433000e-05	-3.252249e-02	-8.873688e+00
2.434000e-05	-3.424936e-02	-8.832053e+00
2.435000e-05	-3.722894e-02	-8.758413e+00
2.436000e-05	-3.838205e-02	-8.580099e+00
2.437000e-05	-3.711870e-02	-8.474737e+00
2.438000e-05	-3.966936e-02	-8.389423e+00
2.439000e-05	-4.260622e-02	-8.271659e+00
2.440000e-05	-4.265312e-02	-8.148418e+00
2.441000e-05	-4.230422e-02	-8.022633e+00
2.442000e-05	-4.459871e-02	-7.957393e+00
2.443000e-05	-4.626680e-02	-7.758869e+00
2.444000e-05	-4.738505e-02	-7.582078e+00
2.445000e-05	-4.708922e-02	-7.503633e+00
2.446000e-05	-4.899553e-02	-7.366391e+00
2.447000e-05	-5.085868e-02	-7.191052e+00
2.448000e-05	-5.052494e-02	-7.055186e+00
2.449000e-05	-4.888162e-02	-6.875265e+00
2.450000e-05	-4.817043e-02	-6.758869e+00
2.451000e-05	-4.890135e-02	-6.631603e+00
2.452000e-05	-4.736011e-02	-6.495183e+00
2.453000e-05	-4.568658e-02	-6.359322e+00
2.454000e-05	-4.506567e-02	-6.169391e+00
2.455000e-05	-4.526893e-02	-6.003003e+00
2.456000e-05	-4.341936e-02	-5.863136e+00
2.457000e-05	-4.165324e-02	-5.726786e+00
2.458000e-05	-3.802580e-02	-5.568468e+00
2.459000e-05	-3.803972e-02	-5.358891e+00
2.460000e-05	-3.584677e-02	-5.157945e+00
2.461000e-05	-3.300348e-02	-4.981001e+00
2.462000e-05	-2.997157e-02	-4.820323e+00
2.463000e-05	-3.053753e-02	-4.589970e+00
2.464000e-05	-2.738043e-02	-4.443107e+00
2.465000e-05	-2.731537e-02	-4.315711e+00
2.466000e-05	-2.316625e-02	-4.147845e+00
2.467000e-05	-2.545468e-02	-4.010472e+00
2.468000e-05	-2.040861e-02	-3.829348e+00
2.469000e-05	-2.109494e-02	-3.601503e+00
2.470000e-05	-1.661208e-02	-3.453132e+00
2.471000e-05	-1.889187e-02	-3.263658e+00
2.472000e-05	-1.631154e-02	-3.114687e+00
2.473000e-05	-1.573898e-02	-2.852609e+00
2.474000e-05	-1.363486e-02	-2.735689e+00
2.475000e-05	-1.539204e-02	-2.547766e+00
2.476000e-05	-1.273014e-02	-2.337366e+00
2.477000e-05	-1.118609e-02	-2.165737e+00
2.478000e-05	-8.704883e-03	-1.957393e+00
2.479000e-05	-1.010650e-02	-1.758821e+00
2.480000e-05	-9.206077e-03	-1.579880e+00
2.481000e-05	-9.070288e-03	-1.349821e+00
2.482000e-05	-7.358661e-03	-1.157740e+00
2.483000e-05	-7.693858e-03	-9.788224e-01
2.484000e-05	-8.100695e-03	-7.599714e-01
2.485000e-05	-5.420506e-03	-6.008209e-01
2.486000e-05	-4.562065e-03	-3.704263e-01
2.487000e-05	-4.004437e-03	-2.420291e-01
2.488000e-05	-1.493393e-03	7.513782e-05
2.489000e-05	2.727514e-03	1.578947e-01
2.490000e-05	-2.692964e-03	3.964961e-01
2.491000e-05	1.408508e-03	5.263446e-01
2.492000e-05	-2.555209e-03	6.637617e-01
2.493000e-05	1.000167e-03	8.516803e-01
2.494000e-05	8.833079e-04	1.042739e+00
2.495000e-05	6.039570e-03	1.262208e+00
2.496000e-05	2.120425e-02	1.422233e+00
2.497000e-05	6.871559e-02	1.734442e+00
2.498000e-05	-8.707930e-03	1.948421e+00
2.499000e-05	-4.718369e-02	2.117441e+00
2.500000e-05	-4.461450e-02	2.274713e+00
2.501000e-05	-5.598451e-02	2.399000e+00
2.502000e-05	1.884443e-02	2.483922e+00
2.503000e-05	1.150019e-01	2.766995e+00
2.504000e-05	-1.255153e-01	2.926416e+00
2.505000e-05	6.334763e-02	3.001708e+00
2.506000e-05	8.497247e-02	3.232784e+00
2.507000e-05	-5.710410e-02	3.496336e+00
2.508000e-05	2.883460e-02	3.620529e+00
2.509000e-05	-4.751095e-02	3.781101e+00
2.510000e-05	-2.961161e-02	3.958996e+00
2.511000e-05	9.969065e-02	4.095440e+00
2.512000e-05	-1.413386e-02	4.378498e+00
2.513000e-05	-2.347559e-02	4.515412e+00
2.514000e-05	2.737385e-02	4.716817e+00
2.515000e-05	-2.205803e-02	4.885167e+00
2.516000e-05	4.901263e-02	5.073838e+00
2.517000e-05	-4.440772e-02	5.315892e+00
2.518000e-05	3.881110e-03	5.473760e+00
2.519000e-05	3.810263e-02	5.600602e+00
2.520000e-05	2.762514e-02	5.779123e+00
2.521000e-05	-1.703800e-02	5.948499e+00
2.522000e-05	-3.359017e-02	6.126865e+00
2.523000e-05	5.081124e-02	6.264204e+00
2.524000e-05	6.075686e-03	6.382074e+00
2.525000e-05	-9.511751e-03	6.566812e+00
2.526000e-05	1.773166e-02	6.756867e+00
2.527000e-05	8.889479e-03	6.874211e+00
2.528000e-05	1.869222e-02	6.981174e+00
2.529000e-05	-5.212006e-03	7.086367e+00
2.530000e-05	-6.326106e-03	7.244203e+00
2.531000e-05	2.060000e-02	7.410151e+00
2.532000e-05	1.299439e-02	7.588051e+00
2.533000e-05	1.354686e-02	7.724416e+00
2.534000e-05	-6.567868e-03	7.894287e+00
2.535000e-05	2.045781e-02	8.009080e+00
2.536000e-05	1.056067e-02	8.117366e+00
2.537000e-05	1.072683e-04	8.253635e+00
2.538000e-05	6.172354e-03	8.357424e+00
2.539000e-05	8.579355e-03	8.463256e+00
2.540000e-05	2.089837e-02	8.555865e+00
2.541000e-05	3.663557e-03	8.643709e+00
2.542000e-05	9.402858e-03	8.754971e+00
2.543000e-05	1.179019e-02	8.821505e+00
2.544000e-05	1.270274e-02	8.905465e+00
2.545000e-05	8.303208e-03	9.061180e+00
2.546000e-05	2.061623e-03	9.148395e+00
2.547000e-05	1.657941e-02	9.211604e+00
2.548000e-05	1.224036e-02	9.294287e+00
2.549000e-05	1.031464e-02	9.397948e+00
2.550000e-05	5.782956e-03	9.444183e+00
2.551000e-05	1.386912e-02	9.563864e+00
2.552000e-05	1.478682e-02	9.548478e+00
2.553000e-05	7.796432e-03	9.633632e+00
2.554000e-05	8.669672e-03	9.707338e+00
2.555000e-05	1.403616e-02	9.798473e+00
2.556000e-05	1.662006e-02	9.880688e+00
2.557000e-05	7.373096e-03	9.954817e+00
2.558000e-05	8.792631e-03	9.976946e+00
2.559000e-05	1.243297e-02	1.003915e+01
2.560000e-05	1.504613e-02	1.000213e+01
2.561000e-05	9.939812e-03	1.006476e+01
2.562000e-05	9.973031e-03	1.012529e+01
2.563000e-05	1.617531e-02	1.009842e+01
2.564000e-05	1.576031e-02	1.017592e+01
2.565000e-05	1.163653e-02	1.021950e+01
2.566000e-05	9.581070e-03	1.018053e+01
2.567000e-05	1.509316e-02	1.024263e+01
2.568000e-05	1.509227e-02	1.025211e+01
2.569000e-05	1.297362e-02	1.026268e+01
2.570000e-05	1.107331e-02	1.027363e+01
2.571000e-05	1.524490e-02	1.027271e+01
2.572000e-05	1.683754e-02	1.028359e+01
2.573000e-05	1.384087e-02	1.023158e+01
2.574000e-05	1.484470e-02	1.022155e+01
2.575000e-05	1.637007e-02	1.023118e+01
2.576000e-05	1.968384e-02	1.022003e+01
2.577000e-05	1.513470e-02	1.019045e+01
2.578000e-05	1.475301e-02	1.016739e+01
2.579000e-05	1.679830e-02	1.008632e+01
2.580000e-05	2.059100e-02	1.013522e+01
2.581000e-05	1.928175e-02	1.007421e+01
2.582000e-05	1.690913e-02	1.004308e+01
2.583000e-05	1.754376e-02	1.000855e+01
2.584000e-05	1.990687e-02	9.967417e+00
2.585000e-05	1.888351e-02	9.954790e+00
2.586000e-05	1.602942e-02	9.845079e+00
2.587000e-05	1.818860e-02	9.747394e+00
2.588000e-05	2.125108e-02	9.685239e+00
2.589000e-05	2.011405e-02	9.622553e+00
2.590000e-05	1.912072e-02	9.569844e+00
2.591000e-05	2.041413e-02	9.485236e+00
2.592000e-05	2.316790e-02	9.471581e+00
2.593000e-05	2.332330e-02	9.355869e+00
2.594000e-05	2.067004e-02	9.284159e+00
2.595000e-05	2.331567e-02	9.232056e+00
2.596000e-05	2.446247e-02	9.154841e+00
2.597000e-05	2.586035e-02	9.011551e+00
2.598000e-05	2.379169e-02	8.926316e+00
2.599000e-05	2.635161e-02	8.800456e+00
2.600000e-05	2.727427e-02	8.705809e+00
2.601000e-05	3.091272e-02	8.623455e+00
2.602000e-05	2.937082e-02	8.504762e+00
2.603000e-05	3.251639e-02	8.422580e+00
2.604000e-05	3.215798e-02	8.335841e+00
2.605000e-05	3.545887e-02	8.241526e+00
2.606000e-05	3.312905e-02	8.075185e+00
2.607000e-05	3.705487e-02	8.006418e+00
2.608000e-05	3.789847e-02	7.912557e+00
2.609000e-05	3.976089e-02	7.735215e+00
2.610000e-05	4.075088e-02	7.588473e+00
2.611000e-05	3.841944e-02	7.469580e+00
2.612000e-05	4.256319e-02	7.271682e+00
2.613000e-05	4.167435e-02	7.145767e+00
2.614000e-05	4.316551e-02	7.019949e+00
2.615000e-05	4.128743e-02	6.833208e+00
2.616000e-05	4.380624e-02	6.756916e+00
2.617000e-05	4.251362e-02	6.577849e+00
2.618000e-05	4.015230e-02	6.389976e+00
2.619000e-05	3.598512e-02	6.283634e+00
2.620000e-05	3.814131e-02	6.125740e+00
2.621000e-05	3.431449e-02	6.000954e+00
2.622000e-05	3.485455e-02	5.882978e+00
2.623000e-05	3.327442e-02	5.641655e+00
2.624000e-05	3.375841e-02	5.514214e+00
2.625000e-05	3.196765e-02	5.367291e+00
2.626000e-05	2.656497e-02	5.167721e+00
2.627000e-05	2.409100e-02	4.906240e+00
2.628000e-05	2.110337e-02	4.756293e+00
2.629000e-05	1.919154e-02	4.570371e+00
2.630000e-05	1.705215e-02	4.432028e+00
2.631000e-05	1.852723e-02	4.292003e+00
2.632000e-05	1.932854e-02	4.032104e+00
2.633000e-05	1.737815e-02	3.894186e+00
2.634000e-05	1.394446e-02	3.726266e+00
2.635000e-05	1.172291e-02	3.568344e+00
2.636000e-05	8.533880e-03	3.317293e+00
2.637000e-05	7.448017e-03	3.167744e+00
2.638000e-05	5.352265e-03	2.999325e+00
2.639000e-05	5.139995e-03	2.821601e+00
2.640000e-05	7.287146e-03	2.683531e+00
2.641000e-05	7.493786e-03	2.401379e+00
2.642000e-05	4.129864e-03	2.231131e+00
2.643000e-05	1.336097e-03	2.083087e+00
2.644000e-05	2.757238e-03	1.915242e+00
2.645000e-05	2.667213e-03	1.723159e+00
2.646000e-05	-1.524680e-03	1.526136e+00
2.647000e-05	-3.208231e-03	1.325115e+00
2.648000e-05	-1.184895e-03	1.126188e+00
2.649000e-05	3.964734e-04	8.426102e-01
2.650000e-05	-2.544321e-03	6.636080e-01
2.651000e-05	-3.518658e-03	5.131857e-01
2.652000e-05	-4.426097e-04	3.967399e-01
2.653000e-05	-2.257518e-04	7.716084e-02
2.654000e-05	-1.146488e-03	-4.323564e-02
2.655000e-05	2.195749e-04	-2.317066e-01
2.656000e-05	-3.696456e-03	-4.015249e-01
2.657000e-05	9.279081e-04	-5.689724e-01
2.658000e-05	-6.058358e-03	-7.984988e-01
2.659000e-05	-4.325638e-03	-9.468934e-01
2.660000e-05	-5.197098e-03	-1.074837e+00
2.661000e-05	3.313224e-03	-1.274816e+00
2.662000e-05	5.369756e-02	-1.464308e+00
2.663000e-05	4.353216e-02	-1.653315e+00
2.664000e-05	-6.407607e-02	-1.925917e+00
2.665000e-05	-4.631144e-02	-2.171179e+00
2.666000e-05	-9.712376e-02	-2.412576e+00
2.667000e-05	2.078469e-02	-2.505367e+00
2.668000e-05	1.339970e-01	-2.609574e+00
2.669000e-05	-1.718446e-01	-2.779525e+00
2.670000e-05	6.393402e-02	-3.040083e+00
2.671000e-05	1.124859e-01	-3.130493e+00
2.672000e-05	-1.244883e-01	-3.358919e+00
2.673000e-05	6.080585e-02	-3.558394e+00
2.674000e-05	-6.166850e-02	-3.662759e+00
2.675000e-05	-1.131525e-01	-3.915818e+00
2.676000e-05	1.684711e-01	-4.053082e+00
2.677000e-05	-5.717912e-02	-4.222205e+00
2.678000e-05	-2.945542e-02	-4.440028e+00
2.679000e-05	3.637987e-02	-4.576971e+00
2.680000e-05	-9.387963e-02	-4.777648e+00
2.681000e-05	1.053119e-01	-4.967967e+00
2.682000e-05	-1.106574e-01	-5.095287e+00
2.683000e-05	-3.218708e-02	-5.325018e+00
2.684000e-05	1.049757e-01	-5.485860e+00
2.685000e-05	-5.930423e-02	-5.663334e+00
2.686000e-05	1.486280e-02	-5.823655e+00
2.687000e-05	-9.000977e-02	-5.968972e+00
2.688000e-05	4.150819e-02	-6.128465e+00
2.689000e-05	3.085532e-02	-6.295391e+00
2.690000e-05	-1.057326e-01	-6.442758e+00
2.691000e-05	6.459137e-02	-6.580600e+00
2.692000e-05	-4.596120e-02	-6.749943e+00
2.693000e-05	3.185857e-02	-6.874357e+00
2.694000e-05	-3.688767e-02	-7.013704e+00
2.695000e-05	-6.086247e-02	-7.212134e+00
2.696000e-05	6.150219e-02	-7.308444e+00
2.697000e-05	-5.536793e-02	-7.484789e+00
2.698000e-05	1.955418e-02	-7.618580e+00
2.699000e-05	-5.234404e-02	-7.739572e+00
2.700000e-05	1.452717e-02	-7.918942e+00
2.701000e-05	2.879346e-03	-8.043209e+00
2.702000e-05	-5.508032e-02	-8.179547e+00
2.703000e-05	8.381328e-03	-8.234235e+00
2.704000e-05	-3.030479e-02	-8.380049e+00
2.705000e-05	2.388109e-02	-8.484787e+00
2.706000e-05	-4.056370e-02	-8.561751e+00
2.707000e-05	-1.828815e-02	-8.738921e+00
2.708000e-05	-8.275622e-04	-8.811683e+00
2.709000e-05	-1.595883e-02	-8.946915e+00
2.710000e-05	-1.313063e-02	-9.011551e+00
2.711000e-05	-3.926429e-02	-9.136388e+00
2.712000e-05	7.353199e-03	-9.199428e+00
2.713000e-05	-1.233254e-02	-9.224183e+00
2.714000e-05	-1.896183e-02	-9.336970e+00
2.715000e-05	-2.683776e-02	-9.453654e+00
2.716000e-05	-9.468007e-03	-9.559996e+00
2.717000e-05	-5.038875e-03	-9.612554e+00
2.718000e-05	-2.632761e-02	-9.662612e+00
2.719000e-05	-2.312958e-02	-9.737344e+00
2.720000e-05	-1.105241e-02	-9.810549e+00
2.721000e-05	-6.051642e-03	-9.872708e+00
2.722000e-05	-2.546912e-02	-9.896362e+00
2.723000e-05	-2.360146e-02	-9.918371e+00
2.724000e-05	-1.392027e-02	-1.000197e+01
2.725000e-05	-9.253877e-03	-1.003363e+01
2.726000e-05	-2.280025e-02	-1.003471e+01
2.727000e-05	-2.391472e-02	-1.010586e+01
2.728000e-05	-1.374901e-02	-1.013891e+01
2.729000e-05	-1.340616e-02	-1.013602e+01
2.730000e-05	-2.190038e-02	-1.019315e+01
2.731000e-05	-2.764301e-02	-1.027320e+01
2.732000e-05	-1.365645e-02	-1.031273e+01
2.733000e-05	-1.422106e-02	-1.026677e+01
2.734000e-05	-2.050980e-02	-1.031842e+01
2.735000e-05	-2.595689e-02	-1.031629e+01
2.736000e-05	-1.785437e-02	-1.035544e+01
2.737000e-05	-1.493358e-02	-1.031884e+01
2.738000e-05	-2.469320e-02	-1.033839e+01
2.739000e-05	-2.653371e-02	-1.031790e+01
2.740000e-05	-1.986166e-02	-1.031784e+01
2.741000e-05	-1.626972e-02	-1.029629e+01
2.742000e-05	-2.399588e-02	-1.029276e+01
2.743000e-05	-2.871164e-02	-1.026266e+01
2.744000e-05	-2.301928e-02	-1.021245e+01
2.745000e-05	-2.023744e-02	-1.019957e+01
2.746000e-05	-2.477450e-02	-1.013484e+01
2.747000e-05	-2.804414e-02	-1.007532e+01
2.748000e-05	-2.423649e-02	-1.003263e+01
2.749000e-05	-2.055090e-02	-1.001255e+01
2.750000e-05	-2.648771e-02	-9.980423e+00
2.751000e-05	-2.908502e-02	-9.936871e+00
2.752000e-05	-2.560047e-02	-9.874285e+00
2.753000e-05	-2.148492e-02	-9.842153e+00
2.754000e-05	-2.496964e-02	-9.760894e+00
2.755000e-05	-2.769513e-02	-9.715812e+00
2.756000e-05	-2.643262e-02	-9.663684e+00
2.757000e-05	-2.587319e-02	-9.600503e+00
2.758000e-05	-2.893801e-02	-9.539924e+00
2.759000e-05	-3.141815e-02	-9.493108e+00
2.760000e-05	-2.908699e-02	-9.357417e+00
2.761000e-05	-2.792783e-02	-9.223185e+00
2.762000e-05	-3.086598e-02	-9.160445e+00
2.763000e-05	-3.211859e-02	-9.074736e+00
2.764000e-05	-3.234157e-02	-8.978997e+00
2.765000e-05	-3.181437e-02	-8.886260e+00
2.766000e-05	-3.444927e-02	-8.821054e+00
2.767000e-05	-3.685057e-02	-8.758916e+00
2.768000e-05	-3.745807e-02	-8.600578e+00
2.769000e-05	-3.722403e-02	-8.454736e+00
2.770000e-05	-3.977824e-02	-8.370949e+00
2.771000e-05	-4.337528e-02	-8.263682e+00
2.772000e-05	-4.316295e-02	-8.148873e+00
2.773000e-05	-4.329370e-02	-8.042582e+00
2.774000e-05	-4.397206e-02	-7.948886e+00
2.775000e-05	-4.650088e-02	-7.758895e+00
2.776000e-05	-4.737605e-02	-7.623075e+00
2.777000e-05	-4.734881e-02	-7.483186e+00
2.778000e-05	-4.866813e-02	-7.378365e+00
2.779000e-05	-5.034764e-02	-7.213078e+00
2.780000e-05	-5.086510e-02	-7.105785e+00
2.781000e-05	-4.885659e-02	-6.924814e+00
2.782000e-05	-4.925763e-02	-6.769849e+00
2.783000e-05	-4.885105e-02	-6.653104e+00
2.784000e-05	-4.853919e-02	-6.445283e+00
2.785000e-05	-4.589914e-02	-6.398844e+00
2.786000e-05	-4.504616e-02	-6.200472e+00
2.787000e-05	-4.460876e-02	-5.990553e+00
2.788000e-05	-4.272040e-02	-5.873111e+00
2.789000e-05	-4.166760e-02	-5.737240e+00
2.790000e-05	-3.882399e-02	-5.527474e+00
2.791000e-05	-3.864521e-02	-5.399828e+00
2.792000e-05	-3.490512e-02	-5.199970e+00
2.793000e-05	-3.309282e-02	-5.021001e+00
2.794000e-05	-3.193022e-02	-4.799850e+00
2.795000e-05	-3.095147e-02	-4.610450e+00
2.796000e-05	-2.645176e-02	-4.452608e+00
2.797000e-05	-2.565338e-02	-4.316686e+00
2.798000e-05	-2.330825e-02	-4.176896e+00
2.799000e-05	-2.614432e-02	-4.010474e+00
2.800000e-05	-2.097548e-02	-3.860972e+00
2.801000e-05	-2.119767e-02	-3.610475e+00
2.802000e-05	-1.856908e-02	-3.462557e+00
2.803000e-05	-1.890837e-02	-3.235132e+00
2.804000e-05	-1.590318e-02	-3.145212e+00
2.805000e-05	-1.560962e-02	-2.873608e+00
2.806000e-05	-1.417423e-02	-2.716266e+00
2.807000e-05	-1.484785e-02	-2.527616e+00
2.808000e-05	-1.139964e-02	-2.359397e+00
2.809000e-05	-1.092924e-02	-2.128287e+00
2.810000e-05	-1.064385e-02	-1.928396e+00
2.811000e-05	-9.720786e-03	-1.791497e+00
2.812000e-05	-8.945446e-03	-1.600550e+00
2.813000e-05	-9.051677e-03	-1.340870e+00
2.814000e-05	-9.097271e-03	-1.148870e+00
2.815000e-05	-7.706166e-03	-9.793999e-01
2.816000e-05	-7.485659e-03	-7.595001e-01
2.817000e-05	-3.409693e-03	-5.995001e-01
2.818000e-05	-5.430264e-03	-3.894726e-01
2.819000e-05	-4.594509e-03	-2.205014e-01
2.820000e-05	-1.287072e-03	-3.300632e-02
2.821000e-05	4.540511e-03	1.463919e-01
2.822000e-05	-5.255558e-03	3.674246e-01
2.823000e-05	3.087985e-04	4.957929e-01
2.824000e-05	-2.671801e-04	6.857842e-01
2.825000e-05	2.632879e-03	8.401039e-01
2.826000e-05	-1.984074e-03	1.051780e+00
2.827000e-05	4.581834e-03	1.252232e+00
2.828000e-05	2.149467e-02	1.421630e+00
2.829000e-05	6.945974e-02	1.695313e+00
2.830000e-05	-4.437781e-03	1.967946e+00
2.831000e-05	-4.950520e-02	2.075364e+00
2.832000e-05	-4.273887e-02	2.281815e+00
2.833000e-05	-5.385952e-02	2.400049e+00
2.834000e-05	5.657474e-03	2.445812e+00
2.835000e-05	1.216073e-01	2.748393e+00
2.836000e-05	-1.167036e-01	2.934918e+00
2.837000e-05	4.560004e-02	3.031132e+00
2.838000e-05	9.725237e-02	3.252707e+00
2.839000e-05	-5.802076e-02	3.463712e+00
2.840000e-05	2.487012e-02	3.599979e+00
2.841000e-05	-3.639249e-02	3.787576e+00
2.842000e-05	-4.228580e-02	3.978946e+00
2.843000e-05	9.747916e-02	4.123865e+00
2.844000e-05	-6.920291e-03	4.399970e+00
2.845000e-05	-2.699832e-02	4.506316e+00
2.846000e-05	3.110272e-02	4.704738e+00
2.847000e-05	-2.556918e-02	4.913759e+00
2.848000e-05	5.177858e-02	5.124739e+00
2.849000e-05	-3.740342e-02	5.283892e+00
2.850000e-05	-3.599071e-03	5.473689e+00
2.851000e-05	3.726078e-02	5.580051e+00
2.852000e-05	2.857999e-02	5.778102e+00
2.853000e-05	-1.155399e-02	5.999397e+00
2.854000e-05	-3.786947e-02	6.124813e+00
2.855000e-05	4.503361e-02	6.232654e+00
2.856000e-05	1.226103e-02	6.388476e+00
2.857000e-05	-1.036337e-02	6.498393e+00
2.858000e-05	1.816056e-02	6.735942e+00
2.859000e-05	6.859058e-03	6.884261e+00
2.860000e-05	2.138250e-02	7.022550e+00
2.861000e-05	-3.012404e-03	7.136341e+00
2.862000e-05	-9.727113e-03	7.243657e+00
2.863000e-05	1.695113e-02	7.409555e+00
2.864000e-05	1.269985e-02	7.570975e+00
2.865000e-05	1.529186e-02	7.725863e+00
2.866000e-05	-6.127224e-03	7.852660e+00
2.867000e-05	1.900111e-02	8.007548e+00
2.868000e-05	1.584375e-02	8.126319e+00
2.869000e-05	9.688281e-04	8.261678e+00
2.870000e-05	5.681065e-03	8.387922e+00
2.871000e-05	5.489025e-03	8.441680e+00
2.872000e-05	2.073481e-02	8.545994e+00
2.873000e-05	5.041040e-03	8.652632e+00
2.874000e-05	7.796917e-03	8.737394e+00
2.875000e-05	1.121346e-02	8.830025e+00
2.876000e-05	1.213448e-02	8.905911e+00
2.877000e-05	1.008824e-02	9.010655e+00
2.878000e-05	2.173020e-03	9.145820e+00
2.879000e-05	1.698839e-02	9.220153e+00
2.880000e-05	1.385327e-02	9.283787e+00
2.881000e-05	1.053396e-02	9.368497e+00
2.882000e-05	4.502683e-03	9.433106e+00
2.883000e-05	1.190112e-02	9.495767e+00
2.884000e-05	1.344966e-02	9.580047e+00
2.885000e-05	8.180554e-03	9.641083e+00
2.886000e-05	9.072925e-03	9.705886e+00
2.887000e-05	1.599450e-02	9.759471e+00
2.888000e-05	1.919835e-02	9.822284e+00
2.889000e-05	7.871027e-03	9.955843e+00
2.890000e-05	7.773903e-03	9.999900e+00
2.891000e-05	1.039938e-02	1.001003e+01
2.892000e-05	1.611499e-02	1.003266e+01
2.893000e-05	8.865459e-03	1.009429e+01
2.894000e-05	9.960817e-03	1.008574e+01
2.895000e-05	1.592914e-02	1.015687e+01
2.896000e-05	1.801455e-02	1.016894e+01
2.897000e-05	1.216591e-02	1.020995e+01
2.898000e-05	8.555289e-03	1.021015e+01
2.899000e-05	1.470050e-02	1.020156e+01
2.900000e-05	1.602091e-02	1.025205e+01
2.901000e-05	1.416171e-02	1.024218e+01
2.902000e-05	9.790781e-03	1.027365e+01
2.903000e-05	1.503462e-02	1.027220e+01
2.904000e-05	1.661108e-02	1.021211e+01
2.905000e-05	1.428569e-02	1.025268e+01
2.906000e-05	1.406285e-02	1.025165e+01
2.907000e-05	1.693487e-02	1.022105e+01
2.908000e-05	2.002007e-02	1.020943e+01
2.909000e-05	1.599448e-02	1.018907e+01
2.910000e-05	1.427726e-02	1.015792e+01
2.911000e-05	1.734560e-02	1.014732e+01
2.912000e-05	1.993904e-02	1.011526e+01
2.913000e-05	1.894570e-02	1.005329e+01
2.914000e-05	1.651388e-02	1.004213e+01
2.915000e-05	1.839866e-02	1.002208e+01
2.916000e-05	2.073842e-02	9.978896e+00
2.917000e-05	1.865545e-02	9.894713e+00
2.918000e-05	1.561548e-02	9.821581e+00
2.919000e-05	1.740261e-02	9.778472e+00
2.920000e-05	2.008499e-02	9.685837e+00
2.921000e-05	2.184649e-02	9.632607e+00
2.922000e-05	1.913114e-02	9.548443e+00
2.923000e-05	1.911170e-02	9.475212e+00
2.924000e-05	2.173300e-02	9.421113e+00
2.925000e-05	2.311890e-02	9.387848e+00
2.926000e-05	2.140466e-02	9.273734e+00
2.927000e-05	2.271089e-02	9.212080e+00
2.928000e-05	2.409964e-02	9.126368e+00
2.929000e-05	2.608169e-02	9.010078e+00
2.930000e-05	2.384716e-02	8.927316e+00
2.931000e-05	2.527493e-02	8.841604e+00
2.932000e-05	2.766189e-02	8.724792e+00
2.933000e-05	3.196933e-02	8.643054e+00
2.934000e-05	2.965921e-02	8.515342e+00
2.935000e-05	3.165621e-02	8.442631e+00
2.936000e-05	3.329490e-02	8.337820e+00
2.937000e-05	3.601728e-02	8.251477e+00
2.938000e-05	3.374928e-02	8.075238e+00
2.939000e-05	3.558925e-02	7.997872e+00
2.940000e-05	3.879456e-02	7.873158e+00
2.941000e-05	4.067433e-02	7.745816e+00
2.942000e-05	3.966142e-02	7.580402e+00
2.943000e-05	3.909792e-02	7.430554e+00
2.944000e-05	4.234509e-02	7.255134e+00
2.945000e-05	4.315000e-02	7.146791e+00
2.946000e-05	4.268628e-02	7.031082e+00
2.947000e-05	4.209149e-02	6.863207e+00
2.948000e-05	4.274294e-02	6.788325e+00
2.949000e-05	4.175103e-02	6.547921e+00
2.950000e-05	3.999403e-02	6.409853e+00
2.951000e-05	3.828762e-02	6.294108e+00
2.952000e-05	3.836933e-02	6.105738e+00
2.953000e-05	3.673755e-02	5.989027e+00
2.954000e-05	3.407267e-02	5.882085e+00
2.955000e-05	3.330947e-02	5.664160e+00
2.956000e-05	3.255210e-02	5.514213e+00
2.957000e-05	3.004070e-02	5.345366e+00
2.958000e-05	2.633392e-02	5.166319e+00
2.959000e-05	2.514144e-02	4.897342e+00
2.960000e-05	2.339196e-02	4.767814e+00
2.961000e-05	2.053801e-02	4.587901e+00
2.962000e-05	1.937669e-02	4.422605e+00
2.963000e-05	1.695392e-02	4.354082e+00
2.964000e-05	1.655053e-02	4.013559e+00
2.965000e-05	1.479006e-02	3.915258e+00
2.966000e-05	1.352532e-02	3.745238e+00
2.967000e-05	1.243737e-02	3.569398e+00
2.968000e-05	1.053117e-02	3.377269e+00
2.969000e-05	9.062404e-03	3.166844e+00
2.970000e-05	7.417790e-03	3.030454e+00
2.971000e-05	6.340357e-03	2.862001e+00
2.972000e-05	5.846423e-03	2.695584e+00
2.973000e-05	3.805641e-03	2.430002e+00
2.974000e-05	3.176676e-03	2.250653e+00
2.975000e-05	3.476255e-03	2.064635e+00
2.976000e-05	2.632294e-03	1.896215e+00
2.977000e-05	2.318891e-03	1.694168e+00
2.978000e-05	8.564428e-04	1.555208e+00
2.979000e-05	6.420740e-04	1.336716e+00
2.980000e-05	-1.140997e-04	1.124187e+00
2.981000e-05	-1.456155e-03	8.721079e-01
2.982000e-05	-3.442929e-03	7.151119e-01
2.983000e-05	-1.727689e-03	5.156644e-01
2.984000e-05	-2.063920e-03	3.882711e-01
2.985000e-05	-3.132276e-03	1.757150e-01
2.986000e-05	-5.277686e-04	-7.325764e-02
2.987000e-05	3.015714e-03	-2.017076e-01
2.988000e-05	-2.267855e-03	-4.100024e-01
2.989000e-05	-1.643302e-03	-5.075682e-01
2.990000e-05	-6.451671e-03	-7.285483e-01
2.991000e-05	-2.866479e-03	-9.348659e-01
2.992000e-05	-5.350835e-03	-1.084837e+00
2.993000e-05	1.996390e-05	-1.253708e+00
2.994000e-05	4.747989e-02	-1.442709e+00
2.995000e-05	5.384179e-02	-1.633759e+00
2.996000e-05	-6.358392e-02	-1.936412e+00
2.997000e-05	-4.505503e-02	-2.218547e+00
2.998000e-05	-9.601411e-02	-2.400076e+00
2.999000e-05	5.524515e-03	-2.516438e+00
3.000000e-05	1.469178e-01	-2.600599e+00
3.001000e-05	-1.602162e-01	-2.789625e+00
3.002000e-05	3.635913e-02	-2.970655e+00
3.003000e-05	1.313598e-01	-3.168440e+00
3.004000e-05	-1.228051e-01	-3.326496e+00
3.005000e-05	5.004585e-02	-3.537916e+00
3.006000e-05	-4.494114e-02	-3.692278e+00
3.007000e-05	-1.288416e-01	-3.897917e+00
3.008000e-05	1.653312e-01	-4.043684e+00
3.009000e-05	-4.088902e-02	-4.231251e+00
3.010000e-05	-4.481753e-02	-4.421052e+00
3.011000e-05	4.725361e-02	-4.516922e+00
3.012000e-05	-9.646021e-02	-4.791069e+00
3.013000e-05	1.023823e-01	-4.938521e+00
3.014000e-05	-9.590092e-02	-5.044784e+00
3.015000e-05	-5.282771e-02	-5.285390e+00
3.016000e-05	1.142035e-01	-5.485233e+00
3.017000e-05	-5.750084e-02	-5.662842e+00
3.018000e-05	1.349829e-02	-5.791629e+00
3.019000e-05	-8.559255e-02	-5.938544e+00
3.020000e-05	2.928270e-02	-6.126864e+00
3.021000e-05	4.544799e-02	-6.276309e+00
3.022000e-05	-1.117387e-01	-6.453763e+00
3.023000e-05	6.020946e-02	-6.611075e+00
3.024000e-05	-4.002544e-02	-6.755866e+00
3.025000e-05	2.459872e-02	-6.874714e+00
3.026000e-05	-2.610012e-02	-7.033182e+00
3.027000e-05	-7.202530e-02	-7.221128e+00
3.028000e-05	6.493977e-02	-7.337895e+00
3.029000e-05	-5.338584e-02	-7.484259e+00
3.030000e-05	1.776222e-02	-7.592027e+00
3.031000e-05	-4.878924e-02	-7.778521e+00
3.032000e-05	7.437605e-03	-7.946395e+00
3.033000e-05	1.005769e-02	-8.063656e+00
3.034000e-05	-5.773173e-02	-8.141424e+00
3.035000e-05	8.082902e-03	-8.252709e+00
3.036000e-05	-3.216152e-02	-8.340524e+00
3.037000e-05	2.404653e-02	-8.464257e+00
3.038000e-05	-3.617635e-02	-8.610646e+00
3.039000e-05	-2.282169e-02	-8.739947e+00
3.040000e-05	2.152618e-04	-8.822179e+00
3.041000e-05	-1.575029e-02	-8.944918e+00
3.042000e-05	-1.162866e-02	-9.022125e+00
3.043000e-05	-4.004974e-02	-9.125816e+00
3.044000e-05	3.990391e-03	-9.189525e+00
3.045000e-05	-1.073264e-02	-9.234179e+00
3.046000e-05	-1.953012e-02	-9.348965e+00
3.047000e-05	-2.546121e-02	-9.423125e+00
3.048000e-05	-1.158202e-02	-9.567899e+00
3.049000e-05	-4.472953e-03	-9.592475e+00
3.050000e-05	-2.516232e-02	-9.654708e+00
3.051000e-05	-2.413421e-02	-9.706365e+00
3.052000e-05	-1.291503e-02	-9.780624e+00
3.053000e-05	-5.549236e-03	-9.853130e+00
3.054000e-05	-2.412338e-02	-9.905266e+00
3.055000e-05	-2.449278e-02	-9.917846e+00
3.056000e-05	-1.564121e-02	-1.000105e+01
3.057000e-05	-7.341393e-03	-9.992078e+00
3.058000e-05	-2.206081e-02	-1.008421e+01
3.059000e-05	-2.436595e-02	-1.008524e+01
3.060000e-05	-1.526258e-02	-1.013539e+01
3.061000e-05	-1.157384e-02	-1.020710e+01
3.062000e-05	-2.167017e-02	-1.021265e+01
3.063000e-05	-2.783261e-02	-1.027120e+01
3.064000e-05	-1.588716e-02	-1.029481e+01
3.065000e-05	-1.381214e-02	-1.031631e+01
3.066000e-05	-1.907080e-02	-1.029587e+01
3.067000e-05	-2.473852e-02	-1.033684e+01
3.068000e-05	-1.926715e-02	-1.030892e+01
3.069000e-05	-1.563786e-02	-1.031739e+01
3.070000e-05	-2.388679e-02	-1.030689e+01
3.071000e-05	-2.589200e-02	-1.035587e+01
3.072000e-05	-2.121180e-02	-1.028591e+01
3.073000e-05	-1.754615e-02	-1.031776e+01
3.074000e-05	-2.323380e-02	-1.025367e+01
3.075000e-05	-2.637843e-02	-1.027518e+01
3.076000e-05	-2.266886e-02	-1.023162e+01
3.077000e-05	-2.104156e-02	-1.019949e+01
3.078000e-05	-2.456782e-02	-1.011739e+01
3.079000e-05	-2.786830e-02	-1.011576e+01
3.080000e-05	-2.480742e-02	-1.006314e+01
3.081000e-05	-2.153465e-02	-1.004213e+01
3.082000e-05	-2.499564e-02	-9.990945e+00
3.083000e-05	-2.726334e-02	-9.965891e+00
3.084000e-05	-2.594100e-02	-9.877783e+00
3.085000e-05	-2.204409e-02	-9.853079e+00
3.086000e-05	-2.423134e-02	-9.798970e+00
3.087000e-05	-2.896282e-02	-9.696342e+00
3.088000e-05	-2.782402e-02	-9.673185e+00
3.089000e-05	-2.584288e-02	-9.612557e+00
3.090000e-05	-2.608499e-02	-9.559371e+00
3.091000e-05	-2.957769e-02	-9.442687e+00
3.092000e-05	-3.000378e-02	-9.367916e+00
3.093000e-05	-2.900238e-02	-9.264707e+00
3.094000e-05	-3.011606e-02	-9.201473e+00
3.095000e-05	-3.432036e-02	-9.075234e+00
3.096000e-05	-3.474976e-02	-8.981100e+00
3.097000e-05	-3.260413e-02	-8.915738e+00
3.098000e-05	-3.320125e-02	-8.792605e+00
3.099000e-05	-3.565912e-02	-8.746848e+00
3.100000e-05	-3.700504e-02	-8.632023e+00
3.101000e-05	-3.709051e-02	-8.485235e+00
3.102000e-05	-3.969040e-02	-8.369900e+00
3.103000e-05	-4.355679e-02	-8.284658e+00
3.104000e-05	-4.367868e-02	-8.158323e+00
3.105000e-05	-4.340136e-02	-8.063183e+00
3.106000e-05	-4.402915e-02	-7.949343e+00
3.107000e-05	-4.631774e-02	-7.678948e+00
3.108000e-05	-4.721507e-02	-7.591078e+00
3.109000e-05	-4.622584e-02	-7.495237e+00
3.110000e-05	-4.822792e-02	-7.348370e+00
3.111000e-05	-4.986501e-02	-7.192532e+00
3.112000e-05	-5.144077e-02	-7.096236e+00
3.113000e-05	-4.959993e-02	-6.885813e+00
3.114000e-05	-4.918851e-02	-6.758399e+00
3.115000e-05	-4.961688e-02	-6.684133e+00
3.116000e-05	-4.916318e-02	-6.505261e+00
3.117000e-05	-4.637857e-02	-6.378948e+00
3.118000e-05	-4.498532e-02	-6.247549e+00
3.119000e-05	-4.386433e-02	-5.991028e+00
3.120000e-05	-4.339543e-02	-5.874686e+00
3.121000e-05	-4.161800e-02	-5.756816e+00
3.122000e-05	-3.960856e-02	-5.589970e+00
3.123000e-05	-3.902752e-02	-5.400498e+00
3.124000e-05	-3.625424e-02	-5.181424e+00
3.125000e-05	-3.404506e-02	-5.012526e+00
3.126000e-05	-3.016657e-02	-4.811025e+00
3.127000e-05	-3.055706e-02	-4.590055e+00
3.128000e-05	-2.710998e-02	-4.473080e+00
3.129000e-05	-2.710152e-02	-4.335788e+00
3.130000e-05	-2.456825e-02	-4.158945e+00
3.131000e-05	-2.367392e-02	-3.981475e+00
3.132000e-05	-2.032070e-02	-3.841574e+00
3.133000e-05	-2.144282e-02	-3.612452e+00
3.134000e-05	-1.983090e-02	-3.464108e+00
3.135000e-05	-1.717052e-02	-3.284212e+00
3.136000e-05	-1.522183e-02	-3.125663e+00
3.137000e-05	-1.551364e-02	-2.863632e+00
3.138000e-05	-1.684722e-02	-2.736817e+00
3.139000e-05	-1.310468e-02	-2.567291e+00
3.140000e-05	-1.135717e-02	-2.377320e+00
3.141000e-05	-1.210738e-02	-2.129322e+00
3.142000e-05	-1.117246e-02	-1.958921e+00
3.143000e-05	-8.697234e-03	-1.809475e+00
3.144000e-05	-8.771939e-03	-1.620479e+00
3.145000e-05	-1.108328e-02	-1.370918e+00
3.146000e-05	-9.627001e-03	-1.149395e+00
3.147000e-05	-5.335950e-03	-9.699225e-01
3.148000e-05	-5.964958e-03	-8.194789e-01
3.149000e-05	-5.318635e-03	-6.115501e-01
3.150000e-05	-6.631822e-03	-3.799737e-01
3.151000e-05	-2.707801e-03	-2.621278e-01
3.152000e-05	-1.223051e-03	-8.357921e-02
3.153000e-05	2.053142e-03	1.154682e-01
3.154000e-05	-3.891998e-03	3.269434e-01
3.155000e-05	1.853481e-03	5.042617e-01
3.156000e-05	-4.166864e-04	6.642592e-01
3.157000e-05	1.590020e-03	8.405777e-01
3.158000e-05	-6.406083e-04	1.008678e+00
3.159000e-05	4.904608e-03	1.243183e+00
3.160000e-05	1.756766e-02	1.430556e+00
3.161000e-05	6.723152e-02	1.684791e+00
3.162000e-05	4.240420e-03	1.926418e+00
3.163000e-05	-5.011470e-02	2.102814e+00
3.164000e-05	-4.328143e-02	2.305808e+00
3.165000e-05	-5.275972e-02	2.399999e+00
3.166000e-05	-2.194508e-03	2.486291e+00
3.167000e-05	1.269689e-01	2.708368e+00
3.168000e-05	-1.084045e-01	2.924916e+00
3.169000e-05	2.364965e-02	3.011079e+00
3.170000e-05	1.110679e-01	3.223080e+00
3.171000e-05	-5.607609e-02	3.502262e+00
3.172000e-05	1.823266e-02	3.600550e+00
3.173000e-05	-2.834693e-02	3.757599e+00
3.174000e-05	-5.036760e-02	3.989922e+00
3.175000e-05	9.757838e-02	4.106913e+00
3.176000e-05	9.363686e-04	4.348419e+00
3.177000e-05	-3.472732e-02	4.484289e+00
3.178000e-05	3.313487e-02	4.685263e+00
3.179000e-05	-2.571429e-02	4.893854e+00
3.180000e-05	5.146718e-02	5.085859e+00
3.181000e-05	-3.412415e-02	5.254334e+00
3.182000e-05	-7.657426e-03	5.433212e+00
3.183000e-05	3.963185e-02	5.572027e+00
3.184000e-05	2.928231e-02	5.807552e+00
3.185000e-05	-9.711893e-03	5.958498e+00
3.186000e-05	-4.000096e-02	6.062865e+00
3.187000e-05	4.184852e-02	6.243159e+00
3.188000e-05	1.723767e-02	6.368521e+00
3.189000e-05	-1.195503e-02	6.485889e+00
3.190000e-05	1.715876e-02	6.715395e+00
3.191000e-05	7.255346e-03	6.854210e+00
3.192000e-05	1.841341e-02	6.959525e+00
3.193000e-05	9.108259e-04	7.126420e+00
3.194000e-05	-1.201697e-02	7.192156e+00
3.195000e-05	1.941599e-02	7.298629e+00
3.196000e-05	1.111783e-02	7.539546e+00
3.197000e-05	1.775037e-02	7.654816e+00
3.198000e-05	-8.009130e-03	7.862733e+00
3.199000e-05	1.783692e-02	7.978951e+00
3.200000e-05	1.394378e-02	8.104895e+00
3.201000e-05	1.515433e-03	8.231728e+00
3.202000e-05	7.423851e-03	8.387946e+00
3.203000e-05	6.483276e-03	8.442158e+00
3.204000e-05	2.110825e-02	8.526817e+00
3.205000e-05	5.137068e-03	8.611629e+00
3.206000e-05	6.998544e-03	8.705892e+00
3.207000e-05	1.008701e-02	8.791528e+00
3.208000e-05	1.332838e-02	8.926166e+00
3.209000e-05	1.057311e-02	9.010136e+00
3.210000e-05	3.763591e-03	9.187971e+00
3.211000e-05	1.547389e-02	9.221178e+00
3.212000e-05	1.469840e-02	9.263233e+00
3.213000e-05	1.163392e-02	9.367476e+00
3.214000e-05	4.048527e-03	9.421529e+00
3.215000e-05	1.130146e-02	9.512862e+00
3.216000e-05	1.343363e-02	9.559923e+00
3.217000e-05	9.836590e-03	9.651633e+00
3.218000e-05	8.768155e-03	9.685156e+00
3.219000e-05	1.370321e-02	9.737594e+00
3.220000e-05	1.822367e-02	9.842134e+00
3.221000e-05	1.028039e-02	9.944394e+00
3.222000e-05	8.019010e-03	9.967949e+00
3.223000e-05	9.549961e-03	1.000055e+01
3.224000e-05	1.564414e-02	1.004166e+01
3.225000e-05	1.029615e-02	1.006421e+01
3.226000e-05	1.010675e-02	1.008527e+01
3.227000e-05	1.396842e-02	1.014892e+01
3.228000e-05	1.836825e-02	1.013942e+01
3.229000e-05	1.403123e-02	1.021850e+01
3.230000e-05	8.623371e-03	1.019150e+01
3.231000e-05	1.315959e-02	1.020203e+01
3.232000e-05	1.462775e-02	1.023111e+01
3.233000e-05	1.510874e-02	1.022313e+01
3.234000e-05	9.380823e-03	1.023268e+01
3.235000e-05	1.336820e-02	1.025268e+01
3.236000e-05	1.707712e-02	1.026113e+01
3.237000e-05	1.676764e-02	1.025309e+01
3.238000e-05	1.438147e-02	1.021160e+01
3.239000e-05	1.570744e-02	1.023110e+01
3.240000e-05	1.920043e-02	1.023005e+01
3.241000e-05	1.668111e-02	1.019942e+01
3.242000e-05	1.500387e-02	1.014850e+01
3.243000e-05	1.603946e-02	1.011589e+01
3.244000e-05	1.934241e-02	1.012474e+01
3.245000e-05	1.876177e-02	1.007476e+01
3.246000e-05	1.712878e-02	1.003416e+01
3.247000e-05	1.793272e-02	1.002955e+01
3.248000e-05	1.909403e-02	1.000892e+01
3.249000e-05	1.874470e-02	9.965786e+00
3.250000e-05	1.640478e-02	9.851682e+00
3.251000e-05	1.899155e-02	9.767448e+00
3.252000e-05	2.018393e-02	9.736315e+00
3.253000e-05	2.019221e-02	9.613506e+00
3.254000e-05	1.881081e-02	9.587470e+00
3.255000e-05	2.003978e-02	9.506261e+00
3.256000e-05	2.197403e-02	9.423081e+00
3.257000e-05	2.276962e-02	9.367871e+00
3.258000e-05	2.115267e-02	9.313761e+00
3.259000e-05	2.416753e-02	9.222554e+00
3.260000e-05	2.438725e-02	9.187846e+00
3.261000e-05	2.573591e-02	9.070607e+00
3.262000e-05	2.424797e-02	8.876316e+00
3.263000e-05	2.672519e-02	8.831584e+00
3.264000e-05	2.789356e-02	8.735814e+00
3.265000e-05	3.021294e-02	8.652603e+00
3.266000e-05	2.859359e-02	8.554791e+00
3.267000e-05	3.097807e-02	8.432657e+00
3.268000e-05	3.265196e-02	8.337768e+00
3.269000e-05	3.627280e-02	8.251626e+00
3.270000e-05	3.588353e-02	8.067268e+00
3.271000e-05	3.577174e-02	8.012447e+00
3.272000e-05	3.850133e-02	7.863108e+00
3.273000e-05	3.959817e-02	7.746791e+00
3.274000e-05	3.979622e-02	7.649528e+00
3.275000e-05	3.963993e-02	7.463561e+00
3.276000e-05	4.184855e-02	7.284141e+00
3.277000e-05	4.250791e-02	7.187820e+00
3.278000e-05	4.310585e-02	7.012003e+00
3.279000e-05	4.170177e-02	6.864232e+00
3.280000e-05	4.371671e-02	6.756846e+00
3.281000e-05	4.133665e-02	6.608874e+00
3.282000e-05	4.157652e-02	6.399505e+00
3.283000e-05	3.770043e-02	6.314734e+00
3.284000e-05	3.758774e-02	6.125867e+00
3.285000e-05	3.621290e-02	6.031505e+00
3.286000e-05	3.572858e-02	5.883079e+00
3.287000e-05	3.272071e-02	5.674035e+00
3.288000e-05	3.165945e-02	5.495709e+00
3.289000e-05	2.957092e-02	5.367771e+00
3.290000e-05	2.806907e-02	5.167303e+00
3.291000e-05	2.564895e-02	5.017242e+00
3.292000e-05	2.244342e-02	4.787847e+00
3.293000e-05	2.155124e-02	4.590977e+00
3.294000e-05	2.020199e-02	4.412083e+00
3.295000e-05	1.779486e-02	4.314164e+00
3.296000e-05	1.632504e-02	4.043607e+00
3.297000e-05	1.524042e-02	3.935185e+00
3.298000e-05	1.384496e-02	3.754792e+00
3.299000e-05	1.160486e-02	3.567949e+00
3.300000e-05	1.060479e-02	3.409824e+00
3.301000e-05	9.569497e-03	3.180345e+00
3.302000e-05	7.804220e-03	3.010475e+00
3.303000e-05	5.901406e-03	2.871582e+00
3.304000e-05	5.124759e-03	2.725185e+00
3.305000e-05	4.684021e-03	2.463106e+00
3.306000e-05	4.448803e-03	2.243079e+00
3.307000e-05	2.613996e-03	2.062663e+00
3.308000e-05	2.113809e-03	1.976243e+00
3.309000e-05	1.403676e-03	1.737668e+00
3.310000e-05	1.861980e-03	1.525691e+00
3.311000e-05	-2.265437e-05	1.336242e+00
3.312000e-05	-9.708596e-04	1.136796e+00
3.313000e-05	-1.154639e-03	8.731367e-01
3.314000e-05	-1.612178e-03	7.166883e-01
3.315000e-05	-2.507294e-03	5.161910e-01
3.316000e-05	-2.888145e-03	3.782937e-01
3.317000e-05	-3.029192e-03	1.231647e-01
3.318000e-05	-8.356005e-04	-6.270540e-02
3.319000e-05	3.315049e-03	-2.006514e-01
3.320000e-05	-3.996881e-03	-3.889724e-01
3.321000e-05	-6.399098e-04	-5.083684e-01
3.322000e-05	-5.863858e-03	-7.700460e-01
3.323000e-05	-2.507164e-03	-9.448657e-01
3.324000e-05	-5.666833e-03	-1.072333e+00
3.325000e-05	1.778635e-04	-1.212833e+00
3.326000e-05	4.276855e-02	-1.463885e+00
3.327000e-05	6.319004e-02	-1.643307e+00
3.328000e-05	-6.465765e-02	-1.875339e+00
3.329000e-05	-4.320632e-02	-2.167475e+00
3.330000e-05	-9.426615e-02	-2.380599e+00
3.331000e-05	-1.024451e-02	-2.535847e+00
3.332000e-05	1.560193e-01	-2.570026e+00
3.333000e-05	-1.455186e-01	-2.778520e+00
3.334000e-05	1.119987e-02	-2.979126e+00
3.335000e-05	1.483188e-01	-3.117970e+00
3.336000e-05	-1.216474e-01	-3.316942e+00
3.337000e-05	3.783852e-02	-3.548416e+00
3.338000e-05	-2.695270e-02	-3.612684e+00
3.339000e-05	-1.394162e-01	-3.905861e+00
3.340000e-05	1.589351e-01	-4.072203e+00
3.341000e-05	-2.190948e-02	-4.221731e+00
3.342000e-05	-5.984607e-02	-4.400101e+00
3.343000e-05	5.610271e-02	-4.476912e+00
3.344000e-05	-1.006686e-01	-4.780020e+00
3.345000e-05	9.478273e-02	-4.928970e+00
3.346000e-05	-7.775999e-02	-5.072309e+00
3.347000e-05	-6.875418e-02	-5.254388e+00
3.348000e-05	1.214712e-01	-5.415809e+00
3.349000e-05	-5.542809e-02	-5.694334e+00
3.350000e-05	1.114358e-02	-5.811632e+00
3.351000e-05	-7.955155e-02	-5.937420e+00
3.352000e-05	1.377849e-02	-6.104665e+00
3.353000e-05	5.666532e-02	-6.285337e+00
3.354000e-05	-1.145716e-01	-6.462185e+00
3.355000e-05	5.794885e-02	-6.620628e+00
3.356000e-05	-3.278226e-02	-6.746362e+00
3.357000e-05	1.579428e-02	-6.844311e+00
3.358000e-05	-1.533823e-02	-7.030203e+00
3.359000e-05	-8.123669e-02	-7.200601e+00
3.360000e-05	6.651760e-02	-7.326391e+00
3.361000e-05	-5.186440e-02	-7.474335e+00
3.362000e-05	1.514301e-02	-7.609972e+00
3.363000e-05	-4.154141e-02	-7.738019e+00
3.364000e-05	-3.577436e-04	-7.897945e+00
3.365000e-05	1.562043e-02	-8.052705e+00
3.366000e-05	-6.146615e-02	-8.127470e+00
3.367000e-05	8.473474e-03	-8.234283e+00
3.368000e-05	-3.230865e-02	-8.349950e+00
3.369000e-05	2.199864e-02	-8.434683e+00
3.370000e-05	-3.225603e-02	-8.609077e+00
3.371000e-05	-2.602308e-02	-8.678920e+00
3.372000e-05	2.670977e-03	-8.801678e+00
3.373000e-05	-1.722521e-02	-8.946896e+00
3.374000e-05	-1.042622e-02	-9.000051e+00
3.375000e-05	-3.998453e-02	-9.115815e+00
3.376000e-05	2.157751e-03	-9.179999e+00
3.377000e-05	-9.178985e-03	-9.232704e+00
3.378000e-05	-2.105494e-02	-9.377914e+00
3.379000e-05	-2.524907e-02	-9.420603e+00
3.380000e-05	-1.293187e-02	-9.550446e+00
3.381000e-05	-4.345070e-03	-9.611653e+00
3.382000e-05	-2.501918e-02	-9.682707e+00
3.383000e-05	-2.424282e-02	-9.706866e+00
3.384000e-05	-1.184572e-02	-9.781502e+00
3.385000e-05	-6.893314e-03	-9.874207e+00
3.386000e-05	-2.418179e-02	-9.906714e+00
3.387000e-05	-2.519840e-02	-9.937470e+00
3.388000e-05	-1.479365e-02	-9.998975e+00
3.389000e-05	-8.678263e-03	-1.002318e+01
3.390000e-05	-2.283913e-02	-1.004273e+01
3.391000e-05	-2.464530e-02	-1.005573e+01
3.392000e-05	-1.341599e-02	-1.012749e+01
3.393000e-05	-1.236157e-02	-1.017002e+01
3.394000e-05	-2.138171e-02	-1.025863e+01
3.395000e-05	-2.785844e-02	-1.027463e+01
3.396000e-05	-1.423465e-02	-1.028574e+01
3.397000e-05	-1.427402e-02	-1.026577e+01
3.398000e-05	-2.001297e-02	-1.029639e+01
3.399000e-05	-2.642065e-02	-1.033484e+01
3.400000e-05	-1.835721e-02	-1.038902e+01
3.401000e-05	-1.420048e-02	-1.032794e+01
3.402000e-05	-2.226078e-02	-1.035642e+01
3.403000e-05	-2.550714e-02	-1.031736e+01
3.404000e-05	-1.989209e-02	-1.031779e+01
3.405000e-05	-1.636008e-02	-1.031631e+01
3.406000e-05	-2.344459e-02	-1.031323e+01
3.407000e-05	-2.839741e-02	-1.023368e+01
3.408000e-05	-2.356102e-02	-1.022163e+01
3.409000e-05	-2.026274e-02	-1.016907e+01
3.410000e-05	-2.370812e-02	-1.012894e+01
3.411000e-05	-2.809768e-02	-1.006679e+01
3.412000e-05	-2.347264e-02	-1.005416e+01
3.413000e-05	-1.999516e-02	-1.000261e+01
3.414000e-05	-2.696877e-02	-9.971474e+00
3.415000e-05	-2.868434e-02	-9.938366e+00
3.416000e-05	-2.471433e-02	-9.895136e+00
3.417000e-05	-2.157456e-02	-9.852104e+00
3.418000e-05	-2.629829e-02	-9.790021e+00
3.419000e-05	-2.986593e-02	-9.696941e+00
3.420000e-05	-2.592658e-02	-9.643656e+00
3.421000e-05	-2.358837e-02	-9.632079e+00
3.422000e-05	-2.758530e-02	-9.576450e+00
3.423000e-05	-3.197480e-02	-9.503678e+00
3.424000e-05	-2.923274e-02	-9.367967e+00
3.425000e-05	-2.738177e-02	-9.234235e+00
3.426000e-05	-3.109136e-02	-9.189997e+00
3.427000e-05	-3.455048e-02	-9.075217e+00
3.428000e-05	-3.312011e-02	-9.022419e+00
3.429000e-05	-3.091445e-02	-8.915788e+00
3.430000e-05	-3.466603e-02	-8.812130e+00
3.431000e-05	-3.828067e-02	-8.778821e+00
3.432000e-05	-3.715751e-02	-8.670447e+00
3.433000e-05	-3.613471e-02	-8.506285e+00
3.434000e-05	-3.836095e-02	-8.389995e+00
3.435000e-05	-4.321387e-02	-8.265162e+00
3.436000e-05	-4.335656e-02	-8.190492e+00
3.437000e-05	-4.363532e-02	-8.023155e+00
3.438000e-05	-4.410999e-02	-7.967837e+00
3.439000e-05	-4.723255e-02	-7.838478e+00
3.440000e-05	-4.768636e-02	-7.620979e+00
3.441000e-05	-4.659940e-02	-7.514812e+00
3.442000e-05	-4.826502e-02	-7.379420e+00
3.443000e-05	-5.018077e-02	-7.203132e+00
3.444000e-05	-5.070867e-02	-7.177286e+00
3.445000e-05	-4.934917e-02	-6.917317e+00
3.446000e-05	-4.873038e-02	-6.799850e+00
3.447000e-05	-5.008601e-02	-6.653154e+00
3.448000e-05	-4.887373e-02	-6.535717e+00
3.449000e-05	-4.720771e-02	-6.380424e+00
3.450000e-05	-4.543216e-02	-6.211995e+00
3.451000e-05	-4.478505e-02	-6.023026e+00
3.452000e-05	-4.338823e-02	-5.895662e+00
3.453000e-05	-4.055840e-02	-5.747440e+00
3.454000e-05	-3.885717e-02	-5.640421e+00
3.455000e-05	-3.897856e-02	-5.422525e+00
3.456000e-05	-3.667431e-02	-5.229500e+00
3.457000e-05	-3.364668e-02	-5.022478e+00
3.458000e-05	-3.045299e-02	-4.860426e+00
3.459000e-05	-3.219692e-02	-4.643080e+00
3.460000e-05	-2.820483e-02	-4.463660e+00
3.461000e-05	-2.671445e-02	-4.335291e+00
3.462000e-05	-2.226185e-02	-4.179345e+00
3.463000e-05	-2.367153e-02	-4.000503e+00
3.464000e-05	-2.107735e-02	-3.892580e+00
3.465000e-05	-2.130687e-02	-3.612509e+00
3.466000e-05	-1.784150e-02	-3.474106e+00
3.467000e-05	-1.832636e-02	-3.276240e+00
3.468000e-05	-1.617919e-02	-3.176845e+00
3.469000e-05	-1.647087e-02	-2.845108e+00
3.470000e-05	-1.553014e-02	-2.746267e+00
3.471000e-05	-1.380909e-02	-2.558445e+00
3.472000e-05	-1.214282e-02	-2.399273e+00
3.473000e-05	-1.038767e-02	-2.139247e+00
3.474000e-05	-9.280223e-03	-1.988870e+00
3.475000e-05	-8.522249e-03	-1.809925e+00
3.476000e-05	-8.748290e-03	-1.633553e+00
3.477000e-05	-1.031153e-02	-1.412854e+00
3.478000e-05	-1.048826e-02	-1.180446e+00
3.479000e-05	-7.791364e-03	-1.001500e+00
3.480000e-05	-7.828167e-03	-8.224702e-01
3.481000e-05	-4.817593e-03	-5.840777e-01
3.482000e-05	-3.421621e-03	-3.899752e-01
3.483000e-05	-2.268979e-03	-2.215576e-01
3.484000e-05	-4.508146e-04	-7.407533e-02
3.485000e-05	2.408162e-03	9.381561e-02
3.486000e-05	-4.806305e-03	3.189444e-01
3.487000e-05	1.430375e-06	5.032616e-01
3.488000e-05	-2.716544e-03	6.542329e-01
3.489000e-05	6.217746e-04	8.215512e-01
3.490000e-05	1.000568e-03	9.986063e-01
3.491000e-05	5.462487e-03	1.230654e+00
3.492000e-05	1.735010e-02	1.401100e+00
3.493000e-05	6.583415e-02	1.632260e+00
3.494000e-05	1.102748e-02	1.946343e+00
3.495000e-05	-5.253153e-02	2.094263e+00
3.496000e-05	-4.460708e-02	2.253363e+00
3.497000e-05	-5.106268e-02	2.381051e+00
3.498000e-05	-1.169356e-02	2.494285e+00
3.499000e-05	1.293135e-01	2.714862e+00
3.500000e-05	-9.644541e-02	2.905341e+00
3.501000e-05	5.902671e-03	3.002053e+00
3.502000e-05	1.237501e-01	3.191629e+00
3.503000e-05	-5.470307e-02	3.443283e+00
3.504000e-05	9.814161e-03	3.610075e+00
3.505000e-05	-1.873125e-02	3.708474e+00
3.506000e-05	-5.937072e-02	3.938421e+00
3.507000e-05	9.460094e-02	4.052283e+00
3.508000e-05	1.007652e-02	4.357916e+00
3.509000e-05	-3.897124e-02	4.473311e+00
3.510000e-05	3.584017e-02	4.683788e+00
3.511000e-05	-2.678296e-02	4.863131e+00
3.512000e-05	4.764647e-02	5.072683e+00
3.513000e-05	-3.080905e-02	5.264307e+00
3.514000e-05	-1.220396e-02	5.441283e+00
3.515000e-05	4.010724e-02	5.569501e+00
3.516000e-05	2.995434e-02	5.727570e+00
3.517000e-05	-7.175813e-03	5.945943e+00
3.518000e-05	-4.099345e-02	6.115337e+00
3.519000e-05	3.630323e-02	6.250632e+00
3.520000e-05	2.281451e-02	6.379397e+00
3.521000e-05	-1.510104e-02	6.503462e+00
3.522000e-05	1.641189e-02	6.696366e+00
3.523000e-05	8.185170e-03	6.863234e+00
3.524000e-05	1.884089e-02	6.990549e+00
3.525000e-05	3.083322e-03	7.075342e+00
3.526000e-05	-1.530955e-02	7.241679e+00
3.527000e-05	1.946062e-02	7.370022e+00
3.528000e-05	1.048143e-02	7.557421e+00
3.529000e-05	1.826640e-02	7.694365e+00
3.530000e-05	-7.601836e-03	7.821683e+00
3.531000e-05	1.727928e-02	7.999422e+00
3.532000e-05	1.570568e-02	8.116414e+00
3.533000e-05	2.472717e-04	8.260633e+00
3.534000e-05	7.431999e-03	8.356945e+00
3.535000e-05	5.720444e-03	8.454153e+00
3.536000e-05	2.178536e-02	8.536368e+00
3.537000e-05	4.311438e-03	8.630608e+00
3.538000e-05	7.524137e-03	8.737865e+00
3.539000e-05	1.048693e-02	8.789999e+00
3.540000e-05	1.470821e-02	8.894916e+00
3.541000e-05	9.419519e-03	9.000555e+00
3.542000e-05	1.571557e-03	9.137367e+00
3.543000e-05	1.530562e-02	9.221076e+00
3.544000e-05	1.429491e-02	9.272785e+00
3.545000e-05	1.124245e-02	9.376999e+00
3.546000e-05	5.097379e-03	9.422556e+00
3.547000e-05	1.201587e-02	9.494819e+00
3.548000e-05	1.553978e-02	9.569419e+00
3.549000e-05	9.027194e-03	9.620631e+00
3.550000e-05	6.373799e-03	9.716310e+00
3.551000e-05	1.225667e-02	9.818625e+00
3.552000e-05	1.907740e-02	9.883204e+00
3.553000e-05	1.029814e-02	9.925944e+00
3.554000e-05	6.958136e-03	9.988921e+00
3.555000e-05	9.512763e-03	1.002948e+01
3.556000e-05	1.828405e-02	1.006215e+01
3.557000e-05	1.205139e-02	1.005324e+01
3.558000e-05	9.224351e-03	1.010631e+01
3.559000e-05	1.032355e-02	1.014791e+01
3.560000e-05	1.774383e-02	1.016950e+01
3.561000e-05	1.359865e-02	1.018900e+01
3.562000e-05	9.951634e-03	1.017055e+01
3.563000e-05	1.300864e-02	1.022960e+01
3.564000e-05	1.730697e-02	1.023118e+01
3.565000e-05	1.648142e-02	1.025171e+01
3.566000e-05	1.000752e-02	1.028168e+01
3.567000e-05	1.194668e-02	1.026158e+01
3.568000e-05	1.656607e-02	1.025068e+01
3.569000e-05	1.677315e-02	1.025210e+01
3.570000e-05	1.324889e-02	1.025160e+01
3.571000e-05	1.457215e-02	1.023068e+01
3.572000e-05	1.962412e-02	1.019115e+01
3.573000e-05	1.831133e-02	1.017845e+01
3.574000e-05	1.534040e-02	1.014692e+01
3.575000e-05	1.507509e-02	1.017582e+01
3.576000e-05	2.015476e-02	1.010628e+01
3.577000e-05	1.955987e-02	1.009361e+01
3.578000e-05	1.613281e-02	1.004271e+01
3.579000e-05	1.572867e-02	1.003103e+01
3.580000e-05	1.945923e-02	1.000992e+01
3.581000e-05	2.005686e-02	9.926775e+00
3.582000e-05	1.679147e-02	9.872707e+00
3.583000e-05	1.689624e-02	9.746521e+00
3.584000e-05	2.026568e-02	9.726317e+00
3.585000e-05	2.217539e-02	9.621530e+00
3.586000e-05	1.918900e-02	9.561399e+00
3.587000e-05	1.903995e-02	9.515312e+00
3.588000e-05	2.030584e-02	9.442104e+00
3.589000e-05	2.238515e-02	9.368346e+00
3.590000e-05	2.159300e-02	9.283214e+00
3.591000e-05	2.196768e-02	9.232056e+00
3.592000e-05	2.392070e-02	9.176476e+00
3.593000e-05	2.604743e-02	9.022109e+00
3.594000e-05	2.561397e-02	8.926290e+00
3.595000e-05	2.659787e-02	8.811055e+00
3.596000e-05	2.698075e-02	8.734741e+00
3.597000e-05	3.005522e-02	8.661655e+00
3.598000e-05	2.939306e-02	8.515766e+00
3.599000e-05	2.993700e-02	8.443582e+00
3.600000e-05	3.184543e-02	8.377845e+00
3.601000e-05	3.517558e-02	8.261029e+00
3.602000e-05	3.654466e-02	8.113189e+00
3.603000e-05	3.698474e-02	7.969502e+00
3.604000e-05	3.840557e-02	7.863110e+00
3.605000e-05	3.979904e-02	7.756345e+00
3.606000e-05	3.948914e-02	7.622026e+00
3.607000e-05	3.935519e-02	7.501133e+00
3.608000e-05	4.030258e-02	7.294164e+00
3.609000e-05	4.269603e-02	7.156346e+00
3.610000e-05	4.346417e-02	7.031605e+00
3.611000e-05	4.252639e-02	6.883658e+00
3.612000e-05	4.212822e-02	6.777898e+00
3.613000e-05	4.242256e-02	6.628900e+00
3.614000e-05	4.011926e-02	6.411059e+00
3.615000e-05	3.923397e-02	6.323211e+00
3.616000e-05	3.625520e-02	6.158345e+00
3.617000e-05	3.793269e-02	6.001551e+00
3.618000e-05	3.643423e-02	5.881634e+00
3.619000e-05	3.462072e-02	5.665136e+00
3.620000e-05	3.018369e-02	5.517216e+00
3.621000e-05	2.948341e-02	5.357870e+00
3.622000e-05	2.615080e-02	5.187920e+00
3.623000e-05	2.484567e-02	4.957349e+00
3.624000e-05	2.226252e-02	4.776892e+00
3.625000e-05	2.278993e-02	4.599977e+00
3.626000e-05	2.154820e-02	4.473134e+00
3.627000e-05	1.971989e-02	4.345237e+00
3.628000e-05	1.610196e-02	4.065160e+00
3.629000e-05	1.306824e-02	3.915237e+00
3.630000e-05	1.200652e-02	3.766722e+00
3.631000e-05	1.064124e-02	3.590901e+00
3.632000e-05	9.841686e-03	3.458372e+00
3.633000e-05	1.005291e-02	3.169476e+00
3.634000e-05	9.767906e-03	3.051529e+00
3.635000e-05	7.785929e-03	2.844557e+00
3.636000e-05	5.929719e-03	2.704713e+00
3.637000e-05	3.481980e-03	2.502108e+00
3.638000e-05	2.158378e-03	2.272583e+00
3.639000e-05	2.349104e-03	2.104636e+00
3.640000e-05	1.710973e-03	1.947745e+00
3.641000e-05	2.281895e-03	1.708265e+00
3.642000e-05	1.162043e-03	1.516265e+00
3.643000e-05	2.008776e-03	1.355820e+00
3.644000e-05	-8.418092e-04	1.158319e+00
3.645000e-05	-1.817234e-03	9.141596e-01
3.646000e-05	-3.210436e-03	7.262858e-01
3.647000e-05	-2.574425e-03	5.551897e-01
3.648000e-05	-2.344463e-03	3.779447e-01
3.649000e-05	-3.427597e-03	1.682698e-01
3.650000e-05	-1.740831e-03	-6.160277e-02
3.651000e-05	2.783682e-03	-2.001013e-01
3.652000e-05	-8.850541e-04	-3.699949e-01
3.653000e-05	-1.562017e-03	-5.254907e-01
3.654000e-05	-5.567978e-03	-7.589908e-01
3.655000e-05	-2.824902e-03	-9.058144e-01
3.656000e-05	-4.471504e-03	-1.022607e+00
3.657000e-05	-1.508470e-03	-1.242225e+00
3.658000e-05	3.713249e-02	-1.411706e+00
3.659000e-05	6.921935e-02	-1.643252e+00
3.660000e-05	-6.201008e-02	-1.852862e+00
3.661000e-05	-4.159573e-02	-2.087994e+00
3.662000e-05	-9.212279e-02	-2.389996e+00
3.663000e-05	-2.522667e-02	-2.495435e+00
3.664000e-05	1.630949e-01	-2.549870e+00
3.665000e-05	-1.303411e-01	-2.748993e+00
3.666000e-05	-1.775872e-02	-2.971125e+00
3.667000e-05	1.625929e-01	-3.137816e+00
3.668000e-05	-1.158939e-01	-3.327842e+00
3.669000e-05	2.702758e-02	-3.498416e+00
3.670000e-05	-1.045934e-02	-3.611551e+00
3.671000e-05	-1.527812e-01	-3.876831e+00
3.672000e-05	1.519909e-01	-4.053057e+00
3.673000e-05	-4.284120e-03	-4.221125e+00
3.674000e-05	-7.320201e-02	-4.400551e+00
3.675000e-05	6.102665e-02	-4.495366e+00
3.676000e-05	-9.844549e-02	-4.736016e+00
3.677000e-05	8.802307e-02	-4.927916e+00
3.678000e-05	-6.137617e-02	-5.033784e+00
3.679000e-05	-8.992681e-02	-5.233808e+00
3.680000e-05	1.245585e-01	-5.423259e+00
3.681000e-05	-5.023627e-02	-5.643736e+00
3.682000e-05	6.145037e-03	-5.832103e+00
3.683000e-05	-7.241101e-02	-5.905893e+00
3.684000e-05	1.217278e-03	-6.104786e+00
3.685000e-05	7.012677e-02	-6.255734e+00
3.686000e-05	-1.164935e-01	-6.442132e+00
3.687000e-05	4.996150e-02	-6.588600e+00
3.688000e-05	-2.495345e-02	-6.674866e+00
3.689000e-05	8.651415e-03	-6.873209e+00
3.690000e-05	-4.562933e-03	-7.008698e+00
3.691000e-05	-8.898919e-02	-7.159574e+00
3.692000e-05	6.566524e-02	-7.295865e+00
3.693000e-05	-4.623093e-02	-7.443733e+00
3.694000e-05	1.115492e-02	-7.560551e+00
3.695000e-05	-3.725084e-02	-7.720467e+00
3.696000e-05	-8.358852e-03	-7.897471e+00
3.697000e-05	2.379119e-02	-8.043105e+00
3.698000e-05	-6.125815e-02	-8.168492e+00
3.699000e-05	5.027752e-03	-8.242733e+00
3.700000e-05	-3.098746e-02	-8.368450e+00
3.701000e-05	1.813929e-02	-8.453730e+00
3.702000e-05	-2.622457e-02	-8.569597e+00
3.703000e-05	-3.121857e-02	-8.718467e+00
3.704000e-05	3.600840e-03	-8.811701e+00
3.705000e-05	-1.811703e-02	-8.939418e+00
3.706000e-05	-7.018145e-03	-9.011620e+00
3.707000e-05	-3.939355e-02	-9.094308e+00
3.708000e-05	-1.527329e-03	-9.179496e+00
3.709000e-05	-7.984599e-03	-9.212754e+00
3.710000e-05	-2.165380e-02	-9.338990e+00
3.711000e-05	-2.311897e-02	-9.411183e+00
3.712000e-05	-1.506621e-02	-9.546447e+00
3.713000e-05	-3.710606e-03	-9.592050e+00
3.714000e-05	-2.318562e-02	-9.673134e+00
3.715000e-05	-2.340540e-02	-9.726396e+00
3.716000e-05	-1.315460e-02	-9.790024e+00
3.717000e-05	-7.142732e-03	-9.842732e+00
3.718000e-05	-2.259906e-02	-9.883338e+00
3.719000e-05	-2.457796e-02	-9.926372e+00
3.720000e-05	-1.651093e-02	-9.970500e+00
3.721000e-05	-9.784357e-03	-1.002171e+01
3.722000e-05	-2.174995e-02	-1.004371e+01
3.723000e-05	-2.436447e-02	-1.009626e+01
3.724000e-05	-1.445883e-02	-1.011737e+01
3.725000e-05	-1.277175e-02	-1.017857e+01
3.726000e-05	-2.059202e-02	-1.016072e+01
3.727000e-05	-2.687316e-02	-1.023271e+01
3.728000e-05	-1.671416e-02	-1.026276e+01
3.729000e-05	-1.484168e-02	-1.024674e+01
3.730000e-05	-2.042333e-02	-1.028687e+01
3.731000e-05	-2.487625e-02	-1.034837e+01
3.732000e-05	-1.962185e-02	-1.033837e+01
3.733000e-05	-1.494230e-02	-1.034752e+01
3.734000e-05	-2.273101e-02	-1.035686e+01
3.735000e-05	-2.471768e-02	-1.031594e+01
3.736000e-05	-2.079993e-02	-1.029581e+01
3.737000e-05	-1.753883e-02	-1.031389e+01
3.738000e-05	-2.263877e-02	-1.026468e+01
3.739000e-05	-2.778064e-02	-1.026265e+01
3.740000e-05	-2.393977e-02	-1.023101e+01
3.741000e-05	-2.136608e-02	-1.017000e+01
3.742000e-05	-2.332627e-02	-1.013697e+01
3.743000e-05	-2.741111e-02	-1.009636e+01
3.744000e-05	-2.579933e-02	-1.008466e+01
3.745000e-05	-2.002344e-02	-1.002263e+01
3.746000e-05	-2.502817e-02	-9.980999e+00
3.747000e-05	-2.798777e-02	-9.957392e+00
3.748000e-05	-2.579526e-02	-9.915764e+00
3.749000e-05	-2.235058e-02	-9.890180e+00
3.750000e-05	-2.476564e-02	-9.809521e+00
3.751000e-05	-2.962671e-02	-9.747366e+00
3.752000e-05	-2.693406e-02	-9.704734e+00
3.753000e-05	-2.522516e-02	-9.612125e+00
3.754000e-05	-2.717202e-02	-9.568469e+00
3.755000e-05	-3.119219e-02	-9.494185e+00
3.756000e-05	-2.921292e-02	-9.357966e+00
3.757000e-05	-2.727270e-02	-9.274684e+00
3.758000e-05	-3.051788e-02	-9.181005e+00
3.759000e-05	-3.432539e-02	-9.105711e+00
3.760000e-05	-3.405892e-02	-8.990529e+00
3.761000e-05	-3.151960e-02	-8.886291e+00
3.762000e-05	-3.427859e-02	-8.783130e+00
3.763000e-05	-3.675224e-02	-8.800446e+00
3.764000e-05	-3.753137e-02	-8.711599e+00
3.765000e-05	-3.683596e-02	-8.476240e+00
3.766000e-05	-3.965828e-02	-8.399422e+00
3.767000e-05	-4.234633e-02	-8.293111e+00
3.768000e-05	-4.238859e-02	-8.179470e+00
3.769000e-05	-4.302028e-02	-8.073734e+00
3.770000e-05	-4.453857e-02	-7.955947e+00
3.771000e-05	-4.782733e-02	-7.858024e+00
3.772000e-05	-4.721452e-02	-7.624052e+00
3.773000e-05	-4.604071e-02	-7.536236e+00
3.774000e-05	-4.846297e-02	-7.399849e+00
3.775000e-05	-5.044763e-02	-7.223054e+00
3.776000e-05	-5.041930e-02	-7.156760e+00
3.777000e-05	-4.877207e-02	-6.947342e+00
3.778000e-05	-4.911178e-02	-6.770448e+00
3.779000e-05	-5.032955e-02	-6.673633e+00
3.780000e-05	-4.916754e-02	-6.545813e+00
3.781000e-05	-4.589699e-02	-6.400974e+00
3.782000e-05	-4.528053e-02	-6.231203e+00
3.783000e-05	-4.524498e-02	-6.041604e+00
3.784000e-05	-4.393544e-02	-5.926262e+00
3.785000e-05	-4.042289e-02	-5.747816e+00
3.786000e-05	-3.797538e-02	-5.611552e+00
3.787000e-05	-3.889233e-02	-5.452073e+00
3.788000e-05	-3.710438e-02	-5.211903e+00
3.789000e-05	-3.373498e-02	-5.032604e+00
3.790000e-05	-3.165621e-02	-4.883175e+00
3.791000e-05	-3.192329e-02	-4.603606e+00
3.792000e-05	-2.803233e-02	-4.455234e+00
3.793000e-05	-2.590508e-02	-4.336295e+00
3.794000e-05	-2.261759e-02	-4.189498e+00
3.795000e-05	-2.359759e-02	-4.012551e+00
3.796000e-05	-2.238559e-02	-3.883029e+00
3.797000e-05	-2.044268e-02	-3.644603e+00
3.798000e-05	-1.758095e-02	-3.485737e+00
3.799000e-05	-1.797547e-02	-3.316739e+00
3.800000e-05	-1.838038e-02	-3.156845e+00
3.801000e-05	-1.512937e-02	-2.905234e+00
3.802000e-05	-1.393714e-02	-2.736838e+00
3.803000e-05	-1.343375e-02	-2.548314e+00
3.804000e-05	-1.467836e-02	-2.409903e+00
3.805000e-05	-1.111307e-02	-2.180417e+00
3.806000e-05	-7.250827e-03	-1.978921e+00
3.807000e-05	-9.163918e-03	-1.809500e+00
3.808000e-05	-1.146134e-02	-1.641579e+00
3.809000e-05	-9.657858e-03	-1.492529e+00
3.810000e-05	-8.067281e-03	-1.188344e+00
3.811000e-05	-7.348872e-03	-1.001549e+00
3.812000e-05	-8.989382e-03	-8.225801e-01
3.813000e-05	-6.016088e-03	-6.215252e-01
3.814000e-05	-3.717679e-03	-3.924513e-01
3.815000e-05	-2.940499e-03	-2.715279e-01
3.816000e-05	-2.842951e-03	-6.415796e-02
3.817000e-05	2.451205e-03	8.486417e-02
3.818000e-05	-2.165523e-03	3.469219e-01
3.819000e-05	1.799863e-03	4.537055e-01
3.820000e-05	-2.971810e-03	6.322303e-01
3.821000e-05	-3.360993e-04	8.006011e-01
3.822000e-05	7.987274e-04	1.029624e+00
3.823000e-05	4.501258e-03	1.220957e+00
3.824000e-05	1.453932e-02	1.409125e+00
3.825000e-05	6.330260e-02	1.662258e+00
3.826000e-05	2.003255e-02	1.904840e+00
3.827000e-05	-5.175673e-02	2.075314e+00
3.828000e-05	-4.415504e-02	2.263832e+00
3.829000e-05	-5.176404e-02	2.411497e+00
3.830000e-05	-1.783254e-02	2.503237e+00
3.831000e-05	1.275981e-01	2.706265e+00
3.832000e-05	-8.371234e-02	2.923314e+00
3.833000e-05	-1.424965e-02	3.030079e+00
3.834000e-05	1.371962e-01	3.188025e+00
3.835000e-05	-5.078767e-02	3.411309e+00
3.836000e-05	1.605668e-03	3.599001e+00
3.837000e-05	-1.095454e-02	3.759043e+00
3.838000e-05	-6.840938e-02	3.956919e+00
3.839000e-05	9.074623e-02	4.062212e+00
3.840000e-05	1.851087e-02	4.317367e+00
3.841000e-05	-4.250595e-02	4.454785e+00
3.842000e-05	3.757033e-02	4.683159e+00
3.843000e-05	-2.602188e-02	4.810703e+00
3.844000e-05	4.382712e-02	5.021653e+00
3.845000e-05	-2.470696e-02	5.273257e+00
3.846000e-05	-1.873457e-02	5.431137e+00
3.847000e-05	4.100225e-02	5.558549e+00
3.848000e-05	2.965864e-02	5.766467e+00
3.849000e-05	-3.437895e-03	5.948896e+00
3.850000e-05	-4.153489e-02	6.073783e+00
3.851000e-05	3.309203e-02	6.199097e+00
3.852000e-05	2.729670e-02	6.358469e+00
3.853000e-05	-1.712736e-02	6.533390e+00
3.854000e-05	1.657345e-02	6.686266e+00
3.855000e-05	7.218727e-03	6.853657e+00
3.856000e-05	1.753933e-02	7.008954e+00
3.857000e-05	4.635401e-03	7.084364e+00
3.858000e-05	-1.585001e-02	7.221581e+00
3.859000e-05	2.084340e-02	7.366522e+00
3.860000e-05	1.168368e-02	7.556496e+00
3.861000e-05	2.033984e-02	7.684261e+00
3.862000e-05	-7.521045e-03	7.822132e+00
3.863000e-05	1.394886e-02	7.947994e+00
3.864000e-05	1.475497e-02	8.115367e+00
3.865000e-05	8.879489e-04	8.231680e+00
3.866000e-05	8.174350e-03	8.356895e+00
3.867000e-05	5.097321e-03	8.430131e+00
3.868000e-05	2.301587e-02	8.535920e+00
3.869000e-05	6.553530e-03	8.610106e+00
3.870000e-05	7.608071e-03	8.704316e+00
3.871000e-05	8.354857e-03	8.798999e+00
3.872000e-05	1.316215e-02	8.865885e+00
3.873000e-05	9.871603e-03	8.991152e+00
3.874000e-05	2.462714e-03	9.124843e+00
3.875000e-05	1.401893e-02	9.219576e+00
3.876000e-05	1.435840e-02	9.263737e+00
3.877000e-05	1.197854e-02	9.318397e+00
3.878000e-05	5.796935e-03	9.431253e+00
3.879000e-05	1.214282e-02	9.495742e+00
3.880000e-05	1.419527e-02	9.576425e+00
3.881000e-05	1.004747e-02	9.632627e+00
3.882000e-05	7.123579e-03	9.704266e+00
3.883000e-05	1.203646e-02	9.767469e+00
3.884000e-05	1.671890e-02	9.838585e+00
3.885000e-05	1.031467e-02	9.893811e+00
3.886000e-05	9.309730e-03	9.957946e+00
3.887000e-05	1.138853e-02	1.001858e+01
3.888000e-05	1.513298e-02	1.003268e+01
3.889000e-05	1.115677e-02	1.007331e+01
3.890000e-05	1.032646e-02	1.008628e+01
3.891000e-05	1.194060e-02	1.012434e+01
3.892000e-05	1.663503e-02	1.012847e+01
3.893000e-05	1.234238e-02	1.018794e+01
3.894000e-05	1.105264e-02	1.019108e+01
3.895000e-05	1.325486e-02	1.022058e+01
3.896000e-05	1.641894e-02	1.022110e+01
3.897000e-05	1.440432e-02	1.025216e+01
3.898000e-05	1.072385e-02	1.026166e+01
3.899000e-05	1.362577e-02	1.027218e+01
3.900000e-05	1.564805e-02	1.027161e+01
3.901000e-05	1.507447e-02	1.027158e+01
3.902000e-05	1.301816e-02	1.023316e+01
3.903000e-05	1.598303e-02	1.023156e+01
3.904000e-05	1.942095e-02	1.022105e+01
3.905000e-05	1.673057e-02	1.017895e+01
3.906000e-05	1.670996e-02	1.017845e+01
3.907000e-05	1.586257e-02	1.015587e+01
3.908000e-05	1.962127e-02	1.013479e+01
3.909000e-05	1.905082e-02	1.007368e+01
3.910000e-05	1.716751e-02	1.003259e+01
3.911000e-05	1.746845e-02	1.001103e+01
3.912000e-05	1.915699e-02	9.977900e+00
3.913000e-05	1.977056e-02	9.894313e+00
3.914000e-05	1.741659e-02	9.811076e+00
3.915000e-05	1.826602e-02	9.788079e+00
3.916000e-05	2.041856e-02	9.734186e+00
3.917000e-05	2.015377e-02	9.643058e+00
3.918000e-05	1.956175e-02	9.579448e+00
3.919000e-05	1.893943e-02	9.524290e+00
3.920000e-05	1.989263e-02	9.441633e+00
3.921000e-05	2.285578e-02	9.358871e+00
3.922000e-05	2.116479e-02	9.274236e+00
3.923000e-05	2.476169e-02	9.222080e+00
3.924000e-05	2.327419e-02	9.196872e+00
3.925000e-05	2.544763e-02	9.080659e+00
3.926000e-05	2.405678e-02	8.946841e+00
3.927000e-05	2.764795e-02	8.841059e+00
3.928000e-05	2.875870e-02	8.737339e+00
3.929000e-05	2.930872e-02	8.652133e+00
3.930000e-05	2.957298e-02	8.538840e+00
3.931000e-05	3.096406e-02	8.443658e+00
3.932000e-05	3.267875e-02	8.398873e+00
3.933000e-05	3.374323e-02	8.269002e+00
3.934000e-05	3.476089e-02	8.114297e+00
3.935000e-05	3.704119e-02	8.009179e+00
3.936000e-05	3.837272e-02	7.874084e+00
3.937000e-05	3.967129e-02	7.747370e+00
3.938000e-05	4.019824e-02	7.620955e+00
3.939000e-05	4.136529e-02	7.513634e+00
3.940000e-05	4.228025e-02	7.326208e+00
3.941000e-05	4.046180e-02	7.178443e+00
3.942000e-05	4.264681e-02	7.040954e+00
3.943000e-05	4.191472e-02	6.873712e+00
3.944000e-05	4.358951e-02	6.788395e+00
3.945000e-05	4.166348e-02	6.638496e+00
3.946000e-05	4.065425e-02	6.431083e+00
3.947000e-05	3.923653e-02	6.294237e+00
3.948000e-05	3.871414e-02	6.166845e+00
3.949000e-05	3.664398e-02	6.011029e+00
3.950000e-05	3.378067e-02	5.894787e+00
3.951000e-05	3.302410e-02	5.694634e+00
3.952000e-05	3.204264e-02	5.555289e+00
3.953000e-05	3.071495e-02	5.377445e+00
3.954000e-05	2.633096e-02	5.189800e+00
3.955000e-05	2.527858e-02	4.966825e+00
3.956000e-05	2.387744e-02	4.778924e+00
3.957000e-05	2.300819e-02	4.590501e+00
3.958000e-05	1.986320e-02	4.472585e+00
3.959000e-05	1.713047e-02	4.335712e+00
3.960000e-05	1.785523e-02	4.075239e+00
3.961000e-05	1.439857e-02	3.945740e+00
3.962000e-05	1.228337e-02	3.757894e+00
3.963000e-05	1.087847e-02	3.568500e+00
3.964000e-05	1.123092e-02	3.379503e+00
3.965000e-05	1.018747e-02	3.189354e+00
3.966000e-05	8.146984e-03	3.032053e+00
3.967000e-05	5.625617e-03	2.853058e+00
3.968000e-05	5.970167e-03	2.724641e+00
3.969000e-05	4.496019e-03	2.463084e+00
3.970000e-05	3.080599e-03	2.324082e+00
3.971000e-05	2.678136e-03	2.095237e+00
3.972000e-05	1.992107e-03	1.956842e+00
3.973000e-05	2.280739e-03	1.807143e+00
3.974000e-05	9.244378e-04	1.535767e+00
3.975000e-05	-1.422098e-04	1.338368e+00
3.976000e-05	-1.371805e-03	1.196819e+00
3.977000e-05	-2.110495e-03	8.846118e-01
3.978000e-05	-1.264462e-03	7.262634e-01
3.979000e-05	-1.599506e-03	5.467660e-01
3.980000e-05	-2.569971e-03	4.073986e-01
3.981000e-05	-2.654614e-03	1.572922e-01
3.982000e-05	-1.555223e-03	-1.220021e-02
3.983000e-05	2.853875e-03	-2.005988e-01
3.984000e-05	-1.984810e-03	-3.688936e-01
3.985000e-05	-2.340432e-03	-5.184109e-01
3.986000e-05	-5.066169e-03	-7.679421e-01
3.987000e-05	-2.025310e-03	-9.052382e-01
3.988000e-05	-5.121883e-03	-1.050759e+00
3.989000e-05	-1.841398e-03	-1.243152e+00
3.990000e-05	3.305709e-02	-1.413101e+00
3.991000e-05	7.619590e-02	-1.601633e+00
3.992000e-05	-6.131061e-02	-1.843286e+00
3.993000e-05	-4.198602e-02	-2.127922e+00
3.994000e-05	-8.874366e-02	-2.389496e+00
3.995000e-05	-3.780195e-02	-2.514762e+00
3.996000e-05	1.669477e-01	-2.581446e+00
3.997000e-05	-1.150637e-01	-2.707520e+00
3.998000e-05	-4.312991e-02	-2.999976e+00
3.999000e-05	1.761857e-01	-3.126941e+00
4.000000e-05	-1.097276e-01	-3.297463e+00
4.001000e-05	1.271422e-02	-3.536366e+00
4.002000e-05	5.079286e-03	-3.611529e+00
4.003000e-05	-1.593604e-01	-3.885310e+00
4.004000e-05	1.405771e-01	-4.023153e+00
4.005000e-05	1.308054e-02	-4.169600e+00
4.006000e-05	-8.535889e-02	-4.391075e+00
4.007000e-05	6.624811e-02	-4.494813e+00
4.008000e-05	-9.539135e-02	-4.737969e+00
4.009000e-05	7.669383e-02	-4.947439e+00
4.010000e-05	-4.240522e-02	-5.073232e+00
4.011000e-05	-1.049424e-01	-5.263732e+00
4.012000e-05	1.276933e-01	-5.441733e+00
4.013000e-05	-4.467170e-02	-5.682157e+00
4.014000e-05	1.151164e-03	-5.782124e+00
4.015000e-05	-6.354995e-02	-5.936343e+00
4.016000e-05	-1.227368e-02	-6.084837e+00
4.017000e-05	7.841239e-02	-6.274284e+00
4.018000e-05	-1.157232e-01	-6.412679e+00
4.019000e-05	4.351195e-02	-6.600021e+00
4.020000e-05	-1.738541e-02	-6.686890e+00
4.021000e-05	-6.915467e-04	-6.873784e+00
4.022000e-05	4.743386e-03	-7.023625e+00
4.023000e-05	-9.453924e-02	-7.209974e+00
4.024000e-05	6.448399e-02	-7.305837e+00
4.025000e-05	-4.142580e-02	-7.433184e+00
4.026000e-05	5.087046e-03	-7.580522e+00
4.027000e-05	-2.985870e-02	-7.707442e+00
4.028000e-05	-1.561201e-02	-7.935335e+00
4.029000e-05	2.805506e-02	-8.021131e+00
4.030000e-05	-6.227538e-02	-8.147868e+00
4.031000e-05	5.544911e-03	-8.262203e+00
4.032000e-05	-2.974052e-02	-8.356924e+00
4.033000e-05	1.419505e-02	-8.473279e+00
4.034000e-05	-2.164354e-02	-8.579074e+00
4.035000e-05	-3.486894e-02	-8.735915e+00
4.036000e-05	5.358077e-03	-8.810124e+00
4.037000e-05	-1.772575e-02	-8.906865e+00
4.038000e-05	-7.476979e-03	-8.979548e+00
4.039000e-05	-3.919930e-02	-9.084787e+00
4.040000e-05	-2.681669e-03	-9.168519e+00
4.041000e-05	-4.756700e-03	-9.233079e+00
4.042000e-05	-2.238986e-02	-9.337388e+00
4.043000e-05	-2.326050e-02	-9.442703e+00
4.044000e-05	-1.565994e-02	-9.518021e+00
4.045000e-05	-2.587387e-03	-9.581025e+00
4.046000e-05	-2.351689e-02	-9.654231e+00
4.047000e-05	-2.582500e-02	-9.696341e+00
4.048000e-05	-1.287172e-02	-9.749975e+00
4.049000e-05	-5.436422e-03	-9.832682e+00
4.050000e-05	-2.175898e-02	-9.874238e+00
4.051000e-05	-2.542715e-02	-9.927417e+00
4.052000e-05	-1.613614e-02	-9.980450e+00
4.053000e-05	-8.929806e-03	-1.004213e+01
4.054000e-05	-2.098573e-02	-1.004370e+01
4.055000e-05	-2.609793e-02	-1.005574e+01
4.056000e-05	-1.443495e-02	-1.009829e+01
4.057000e-05	-1.070344e-02	-1.020812e+01
4.058000e-05	-2.034081e-02	-1.022065e+01
4.059000e-05	-2.770752e-02	-1.025566e+01
4.060000e-05	-1.685966e-02	-1.027331e+01
4.061000e-05	-1.247966e-02	-1.026334e+01
4.062000e-05	-1.939178e-02	-1.032734e+01
4.063000e-05	-2.678128e-02	-1.031795e+01
4.064000e-05	-2.003468e-02	-1.034784e+01
4.065000e-05	-1.348707e-02	-1.034847e+01
4.066000e-05	-2.176739e-02	-1.035894e+01
4.067000e-05	-2.742607e-02	-1.031729e+01
4.068000e-05	-2.181516e-02	-1.029526e+01
4.069000e-05	-1.540751e-02	-1.032634e+01
4.070000e-05	-2.153936e-02	-1.027276e+01
4.071000e-05	-2.829886e-02	-1.025123e+01
4.072000e-05	-2.461065e-02	-1.023065e+01
4.073000e-05	-2.015966e-02	-1.018007e+01
4.074000e-05	-2.250520e-02	-1.014792e+01
4.075000e-05	-2.812806e-02	-1.008676e+01
4.076000e-05	-2.600290e-02	-1.004413e+01
4.077000e-05	-1.969861e-02	-1.000153e+01
4.078000e-05	-2.421359e-02	-9.981951e+00
4.079000e-05	-2.822514e-02	-9.967896e+00
4.080000e-05	-2.732096e-02	-9.915737e+00
4.081000e-05	-2.183339e-02	-9.852704e+00
4.082000e-05	-2.343600e-02	-9.810001e+00
4.083000e-05	-2.868416e-02	-9.756417e+00
4.084000e-05	-2.827477e-02	-9.693234e+00
4.085000e-05	-2.529295e-02	-9.612128e+00
4.086000e-05	-2.641252e-02	-9.579374e+00
4.087000e-05	-3.036163e-02	-9.533711e+00
4.088000e-05	-3.042259e-02	-9.379049e+00
4.089000e-05	-2.740271e-02	-9.264813e+00
4.090000e-05	-3.057170e-02	-9.200554e+00
4.091000e-05	-3.314753e-02	-9.135885e+00
4.092000e-05	-3.643955e-02	-9.002530e+00
4.093000e-05	-3.168792e-02	-8.906812e+00
4.094000e-05	-3.265313e-02	-8.832605e+00
4.095000e-05	-3.496000e-02	-8.779974e+00
4.096000e-05	-3.940751e-02	-8.661653e+00
4.097000e-05	-3.711085e-02	-8.476215e+00
4.098000e-05	-3.928882e-02	-8.390450e+00
4.099000e-05	-4.278539e-02	-8.334733e+00
4.100000e-05	-4.689706e-02	-8.189925e+00
4.101000e-05	-4.311787e-02	-8.055707e+00
4.102000e-05	-4.135640e-02	-7.979843e+00
4.103000e-05	-4.441966e-02	-7.829994e+00
4.104000e-05	-4.876004e-02	-7.635609e+00
4.105000e-05	-4.866519e-02	-7.505288e+00
4.106000e-05	-4.710286e-02	-7.389475e+00
4.107000e-05	-5.063283e-02	-7.242133e+00
4.108000e-05	-5.229789e-02	-7.156887e+00
4.109000e-05	-5.074387e-02	-6.958818e+00
4.110000e-05	-4.679698e-02	-6.799978e+00
4.111000e-05	-4.781466e-02	-6.704659e+00
4.112000e-05	-4.956990e-02	-6.537265e+00
4.113000e-05	-4.782074e-02	-6.379477e+00
4.114000e-05	-4.595917e-02	-6.263080e+00
4.115000e-05	-4.484843e-02	-6.062604e+00
4.116000e-05	-4.481227e-02	-5.915261e+00
4.117000e-05	-4.241692e-02	-5.779424e+00
4.118000e-05	-3.765280e-02	-5.611526e+00
4.119000e-05	-3.674323e-02	-5.461549e+00
4.120000e-05	-3.631861e-02	-5.213005e+00
4.121000e-05	-3.446732e-02	-5.043078e+00
4.122000e-05	-2.992770e-02	-4.893651e+00
4.123000e-05	-3.056277e-02	-4.653057e+00
4.124000e-05	-2.852513e-02	-4.525686e+00
4.125000e-05	-2.836220e-02	-4.368371e+00
4.126000e-05	-2.298849e-02	-4.200027e+00
4.127000e-05	-2.304557e-02	-4.032628e+00
4.128000e-05	-2.174504e-02	-3.883137e+00
4.129000e-05	-2.180739e-02	-3.663507e+00
4.130000e-05	-1.704420e-02	-3.494711e+00
4.131000e-05	-1.739217e-02	-3.347292e+00
4.132000e-05	-1.766843e-02	-3.159362e+00
4.133000e-05	-1.627480e-02	-2.946239e+00
4.134000e-05	-1.588176e-02	-2.746890e+00
4.135000e-05	-1.234927e-02	-2.599347e+00
4.136000e-05	-1.341338e-02	-2.400024e+00
4.137000e-05	-1.080409e-02	-2.159976e+00
4.138000e-05	-8.479327e-03	-2.009921e+00
4.139000e-05	-8.849982e-03	-1.812030e+00
4.140000e-05	-9.919855e-03	-1.654055e+00
4.141000e-05	-9.537801e-03	-1.443074e+00
4.142000e-05	-8.370258e-03	-1.170423e+00
4.143000e-05	-7.345759e-03	-1.030396e+00
4.144000e-05	-8.104673e-03	-8.435527e-01
4.145000e-05	-5.917186e-03	-6.824741e-01
4.146000e-05	-3.920536e-03	-4.420251e-01
4.147000e-05	-3.905833e-03	-2.940341e-01
4.148000e-05	-2.108946e-03	-8.568416e-02
4.149000e-05	2.416570e-03	5.265803e-02
4.150000e-05	-1.600367e-03	3.154182e-01
4.151000e-05	6.104087e-04	4.427090e-01
4.152000e-05	-1.441072e-03	6.510528e-01
4.153000e-05	6.125434e-04	7.780224e-01
4.154000e-05	1.000055e-05	9.580486e-01
4.155000e-05	3.065683e-03	1.200604e+00
4.156000e-05	1.251003e-02	1.369477e+00
4.157000e-05	6.061426e-02	1.639660e+00
4.158000e-05	2.654311e-02	1.902890e+00
4.159000e-05	-5.026535e-02	2.063734e+00
4.160000e-05	-4.554239e-02	2.262155e+00
4.161000e-05	-5.039023e-02	2.388951e+00
4.162000e-05	-2.579345e-02	2.463238e+00
4.163000e-05	1.290685e-01	2.704837e+00
4.164000e-05	-7.079276e-02	2.893813e+00
4.165000e-05	-3.488404e-02	3.011575e+00
4.166000e-05	1.454114e-01	3.210000e+00
4.167000e-05	-4.482551e-02	3.432731e+00
4.168000e-05	-7.179840e-03	3.589976e+00
4.169000e-05	-1.424279e-03	3.706368e+00
4.170000e-05	-7.098885e-02	3.968367e+00
4.171000e-05	8.859974e-02	4.043307e+00
4.172000e-05	2.565775e-02	4.305392e+00
4.173000e-05	-4.768269e-02	4.463289e+00
4.174000e-05	3.742083e-02	4.662258e+00
4.175000e-05	-2.465741e-02	4.820633e+00
4.176000e-05	3.922284e-02	5.021231e+00
4.177000e-05	-1.943262e-02	5.232709e+00
4.178000e-05	-2.049563e-02	5.389554e+00
4.179000e-05	4.134471e-02	5.566972e+00
4.180000e-05	2.960481e-02	5.723791e+00
4.181000e-05	-1.405842e-03	5.924843e+00
4.182000e-05	-4.063528e-02	6.052858e+00
4.183000e-05	2.732957e-02	6.219603e+00
4.184000e-05	3.078058e-02	6.347420e+00
4.185000e-05	-1.982268e-02	6.474362e+00
4.186000e-05	1.727999e-02	6.694238e+00
4.187000e-05	1.010141e-02	6.832757e+00
4.188000e-05	1.658081e-02	6.948425e+00
4.189000e-05	7.507622e-03	7.085336e+00
4.190000e-05	-1.624012e-02	7.191629e+00
4.191000e-05	1.917290e-02	7.345347e+00
4.192000e-05	1.013191e-02	7.557469e+00
4.193000e-05	1.938492e-02	7.693837e+00
4.194000e-05	-6.541164e-03	7.800130e+00
4.195000e-05	1.468331e-02	7.947575e+00
4.196000e-05	1.682831e-02	8.093214e+00
4.197000e-05	3.961021e-04	8.193181e+00
4.198000e-05	8.178230e-03	8.327443e+00
4.199000e-05	4.771521e-03	8.442579e+00
4.200000e-05	2.214632e-02	8.505867e+00
4.201000e-05	5.789017e-03	8.620079e+00
4.202000e-05	8.123498e-03	8.706890e+00
4.203000e-05	9.596858e-03	8.759478e+00
4.204000e-05	1.343391e-02	8.874839e+00
4.205000e-05	9.236725e-03	8.980500e+00
4.206000e-05	3.317548e-03	9.145368e+00
4.207000e-05	1.381998e-02	9.200526e+00
4.208000e-05	1.490137e-02	9.282759e+00
4.209000e-05	1.148718e-02	9.326421e+00
4.210000e-05	6.114836e-03	9.421181e+00
4.211000e-05	1.239505e-02	9.505291e+00
4.212000e-05	1.467475e-02	9.526397e+00
4.213000e-05	9.365117e-03	9.622655e+00
4.214000e-05	6.205345e-03	9.694793e+00
4.215000e-05	1.277848e-02	9.727496e+00
4.216000e-05	1.691723e-02	9.819109e+00
4.217000e-05	1.153627e-02	9.924892e+00
4.218000e-05	7.962743e-03	9.977472e+00
4.219000e-05	1.176994e-02	1.000158e+01
4.220000e-05	1.602369e-02	1.004166e+01
4.221000e-05	1.109175e-02	1.009521e+01
4.222000e-05	8.949205e-03	1.009532e+01
4.223000e-05	1.292633e-02	1.013731e+01
4.224000e-05	1.787996e-02	1.016790e+01
4.225000e-05	1.137177e-02	1.017845e+01
4.226000e-05	8.791202e-03	1.015200e+01
4.227000e-05	1.400579e-02	1.024053e+01
4.228000e-05	1.664599e-02	1.024168e+01
4.229000e-05	1.390583e-02	1.026161e+01
4.230000e-05	9.293968e-03	1.024266e+01
4.231000e-05	1.443733e-02	1.026271e+01
4.232000e-05	1.661476e-02	1.025211e+01
4.233000e-05	1.538010e-02	1.025211e+01
4.234000e-05	1.144910e-02	1.025121e+01
4.235000e-05	1.568283e-02	1.021115e+01
4.236000e-05	2.000906e-02	1.020953e+01
4.237000e-05	1.637652e-02	1.020797e+01
4.238000e-05	1.548438e-02	1.016940e+01
4.239000e-05	1.622719e-02	1.011636e+01
4.240000e-05	2.088018e-02	1.010429e+01
4.241000e-05	1.850672e-02	1.009319e+01
4.242000e-05	1.648380e-02	1.004163e+01
4.243000e-05	1.711143e-02	1.004113e+01
4.244000e-05	2.007340e-02	9.990900e+00
4.245000e-05	1.858250e-02	9.915867e+00
4.246000e-05	1.563594e-02	9.880156e+00
4.247000e-05	1.800172e-02	9.818946e+00
4.248000e-05	2.119085e-02	9.716286e+00
4.249000e-05	2.042965e-02	9.651612e+00
4.250000e-05	1.896008e-02	9.609448e+00
4.251000e-05	1.943483e-02	9.516291e+00
4.252000e-05	2.149875e-02	9.444205e+00
4.253000e-05	2.289321e-02	9.368370e+00
4.254000e-05	2.001677e-02	9.315714e+00
4.255000e-05	2.329172e-02	9.232079e+00
4.256000e-05	2.493505e-02	9.207471e+00
4.257000e-05	2.518637e-02	9.080632e+00
4.258000e-05	2.406649e-02	8.927291e+00
4.259000e-05	2.646358e-02	8.862055e+00
4.260000e-05	2.847914e-02	8.735894e+00
4.261000e-05	2.985384e-02	8.652131e+00
4.262000e-05	2.906755e-02	8.547351e+00
4.263000e-05	3.131108e-02	8.453082e+00
4.264000e-05	3.258563e-02	8.377948e+00
4.265000e-05	3.444307e-02	8.262579e+00
4.266000e-05	3.403980e-02	8.104267e+00
4.267000e-05	3.704078e-02	7.999026e+00
4.268000e-05	3.856759e-02	7.874806e+00
4.269000e-05	4.012685e-02	7.717348e+00
4.270000e-05	3.890783e-02	7.642530e+00
4.271000e-05	4.045808e-02	7.503688e+00
4.272000e-05	4.154469e-02	7.305293e+00
4.273000e-05	4.226898e-02	7.188944e+00
4.274000e-05	4.185243e-02	7.062053e+00
4.275000e-05	4.238523e-02	6.893689e+00
4.276000e-05	4.335580e-02	6.809449e+00
4.277000e-05	4.202797e-02	6.669973e+00
4.278000e-05	4.041326e-02	6.422107e+00
4.279000e-05	3.887334e-02	6.315763e+00
4.280000e-05	3.864352e-02	6.186897e+00
4.281000e-05	3.655664e-02	6.021527e+00
4.282000e-05	3.465468e-02	5.924234e+00
4.283000e-05	3.296645e-02	5.695261e+00
4.284000e-05	3.215020e-02	5.556313e+00
4.285000e-05	3.041336e-02	5.368871e+00
4.286000e-05	2.673428e-02	5.238428e+00
4.287000e-05	2.546143e-02	4.958895e+00
4.288000e-05	2.389988e-02	4.788444e+00
4.289000e-05	2.232592e-02	4.622504e+00
4.290000e-05	1.948405e-02	4.463157e+00
4.291000e-05	1.799104e-02	4.324792e+00
4.292000e-05	1.640264e-02	4.115663e+00
4.293000e-05	1.470285e-02	3.955770e+00
4.294000e-05	1.224305e-02	3.748269e+00
4.295000e-05	1.048527e-02	3.590503e+00
4.296000e-05	1.173946e-02	3.402477e+00
4.297000e-05	9.267394e-03	3.220898e+00
4.298000e-05	8.261861e-03	3.041505e+00
4.299000e-05	7.059974e-03	2.844684e+00
4.300000e-05	5.901338e-03	2.744212e+00
4.301000e-05	4.148555e-03	2.453559e+00
4.302000e-05	3.365357e-03	2.314062e+00
4.303000e-05	1.738571e-03	2.135265e+00
4.304000e-05	2.111374e-03	1.966796e+00
4.305000e-05	2.241995e-03	1.757293e+00
4.306000e-05	1.222638e-03	1.568292e+00
4.307000e-05	7.548009e-04	1.367297e+00
4.308000e-05	2.077197e-05	1.168796e+00
4.309000e-05	-8.971862e-04	9.346108e-01
4.310000e-05	-3.185993e-03	7.137422e-01
4.311000e-05	-3.400379e-03	5.687961e-01
4.312000e-05	-3.326039e-03	3.889239e-01
4.313000e-05	-1.578040e-03	1.792675e-01
4.314000e-05	-2.578633e-03	-1.120126e-02
4.315000e-05	3.044196e-03	-1.995501e-01
4.316000e-05	-8.467054e-05	-3.693947e-01
4.317000e-05	-8.239121e-04	-4.849191e-01
4.318000e-05	-5.468792e-03	-7.384171e-01
4.319000e-05	-4.164670e-03	-9.148317e-01
4.320000e-05	-5.216332e-03	-1.032656e+00
4.321000e-05	-3.962851e-04	-1.201754e+00
4.322000e-05	2.896278e-02	-1.393732e+00
4.323000e-05	7.994623e-02	-1.591651e+00
4.324000e-05	-5.753670e-02	-1.843834e+00
4.325000e-05	-3.987355e-02	-2.075043e+00
4.326000e-05	-8.673900e-02	-2.370995e+00
4.327000e-05	-5.109639e-02	-2.496314e+00
4.328000e-05	1.671926e-01	-2.558992e+00
4.329000e-05	-9.585952e-02	-2.735918e+00
4.330000e-05	-6.863546e-02	-2.959100e+00
4.331000e-05	1.856753e-01	-3.116842e+00
4.332000e-05	-9.976013e-02	-3.254812e+00
4.333000e-05	-2.926509e-04	-3.526290e+00
4.334000e-05	2.096982e-02	-3.622074e+00
4.335000e-05	-1.661316e-01	-3.854287e+00
4.336000e-05	1.252589e-01	-4.021604e+00
4.337000e-05	3.093777e-02	-4.150500e+00
4.338000e-05	-9.656335e-02	-4.380520e+00
4.339000e-05	7.072472e-02	-4.474265e+00
4.340000e-05	-9.087199e-02	-4.707915e+00
4.341000e-05	6.441128e-02	-4.928844e+00
4.342000e-05	-2.325762e-02	-5.061632e+00
4.343000e-05	-1.188381e-01	-5.201707e+00
4.344000e-05	1.263908e-01	-5.452747e+00
4.345000e-05	-3.768511e-02	-5.632234e+00
4.346000e-05	-3.190176e-03	-5.771075e+00
4.347000e-05	-5.458432e-02	-5.878367e+00
4.348000e-05	-2.561895e-02	-6.114316e+00
4.349000e-05	8.555436e-02	-6.262809e+00
4.350000e-05	-1.128614e-01	-6.362153e+00
4.351000e-05	3.406321e-02	-6.539495e+00
4.352000e-05	-8.315432e-03	-6.704763e+00
4.353000e-05	-1.004331e-02	-6.833183e+00
4.354000e-05	1.503099e-02	-6.995182e+00
4.355000e-05	-9.856233e-02	-7.150050e+00
4.356000e-05	6.001793e-02	-7.306363e+00
4.357000e-05	-3.647675e-02	-7.452778e+00
4.358000e-05	-4.081890e-04	-7.599950e+00
4.359000e-05	-2.383790e-02	-7.697493e+00
4.360000e-05	-2.327806e-02	-7.886313e+00
4.361000e-05	3.175287e-02	-8.021603e+00
4.362000e-05	-6.179839e-02	-8.156442e+00
4.363000e-05	3.134144e-03	-8.213155e+00
4.364000e-05	-2.736020e-02	-8.368395e+00
4.365000e-05	1.105460e-02	-8.463185e+00
4.366000e-05	-1.681653e-02	-8.558496e+00
4.367000e-05	-3.766705e-02	-8.726843e+00
4.368000e-05	6.250358e-03	-8.800575e+00
4.369000e-05	-1.865702e-02	-8.906342e+00
4.370000e-05	-6.633841e-03	-8.951174e+00
4.371000e-05	-3.790234e-02	-9.065762e+00
4.372000e-05	-5.744762e-03	-9.188573e+00
4.373000e-05	-3.560435e-03	-9.173104e+00
4.374000e-05	-2.289466e-02	-9.357465e+00
4.375000e-05	-2.206207e-02	-9.411100e+00
4.376000e-05	-1.635831e-02	-9.498367e+00
4.377000e-05	-2.668712e-03	-9.610102e+00
4.378000e-05	-2.355506e-02	-9.663705e+00
4.379000e-05	-2.446906e-02	-9.716316e+00
4.380000e-05	-1.209381e-02	-9.779946e+00
4.381000e-05	-6.650660e-03	-9.861730e+00
4.382000e-05	-2.178488e-02	-9.834711e+00
4.383000e-05	-2.540643e-02	-9.948345e+00
4.384000e-05	-1.519670e-02	-9.981001e+00
4.385000e-05	-9.514345e-03	-9.992054e+00
4.386000e-05	-2.104167e-02	-1.005266e+01
4.387000e-05	-2.590486e-02	-1.012579e+01
4.388000e-05	-1.358229e-02	-1.010691e+01
4.389000e-05	-1.081361e-02	-1.019994e+01
4.390000e-05	-1.977147e-02	-1.020060e+01
4.391000e-05	-2.726603e-02	-1.025218e+01
4.392000e-05	-1.674162e-02	-1.026631e+01
4.393000e-05	-1.268404e-02	-1.031624e+01
4.394000e-05	-2.097982e-02	-1.033829e+01
4.395000e-05	-2.625463e-02	-1.034789e+01
4.396000e-05	-1.978814e-02	-1.033790e+01
4.397000e-05	-1.409830e-02	-1.033645e+01
4.398000e-05	-2.229596e-02	-1.032784e+01
4.399000e-05	-2.592207e-02	-1.034681e+01
4.400000e-05	-2.011571e-02	-1.033539e+01
4.401000e-05	-1.621688e-02	-1.030631e+01
4.402000e-05	-2.202040e-02	-1.028628e+01
4.403000e-05	-2.820393e-02	-1.026530e+01
4.404000e-05	-2.505455e-02	-1.024305e+01
4.405000e-05	-1.991557e-02	-1.023047e+01
4.406000e-05	-2.495006e-02	-1.012987e+01
4.407000e-05	-2.870520e-02	-1.007876e+01
4.408000e-05	-2.336145e-02	-1.005378e+01
4.409000e-05	-1.870348e-02	-1.004405e+01
4.410000e-05	-2.498493e-02	-9.980975e+00
4.411000e-05	-3.025051e-02	-9.969391e+00
4.412000e-05	-2.702911e-02	-9.905763e+00
4.413000e-05	-2.158847e-02	-9.862130e+00
4.414000e-05	-2.620537e-02	-9.811074e+00
4.415000e-05	-2.971155e-02	-9.727367e+00
4.416000e-05	-2.684717e-02	-9.663737e+00
4.417000e-05	-2.185999e-02	-9.632606e+00
4.418000e-05	-2.643922e-02	-9.579974e+00
4.419000e-05	-3.322674e-02	-9.504785e+00
4.420000e-05	-3.033264e-02	-9.378971e+00
4.421000e-05	-2.664384e-02	-9.276313e+00
4.422000e-05	-2.900909e-02	-9.181025e+00
4.423000e-05	-3.654997e-02	-9.146287e+00
4.424000e-05	-3.500804e-02	-9.031604e+00
4.425000e-05	-2.866666e-02	-8.906287e+00
4.426000e-05	-3.202396e-02	-8.853682e+00
4.427000e-05	-3.771752e-02	-8.789473e+00
4.428000e-05	-3.992314e-02	-8.692581e+00
4.429000e-05	-3.557474e-02	-8.494289e+00
4.430000e-05	-3.821191e-02	-8.391977e+00
4.431000e-05	-4.342694e-02	-8.294265e+00
4.432000e-05	-4.447753e-02	-8.180973e+00
4.433000e-05	-4.138903e-02	-8.094183e+00
4.434000e-05	-4.167844e-02	-7.988946e+00
4.435000e-05	-4.794183e-02	-7.852979e+00
4.436000e-05	-5.001311e-02	-7.655188e+00
4.437000e-05	-4.584066e-02	-7.517808e+00
4.438000e-05	-4.709351e-02	-7.390499e+00
4.439000e-05	-5.033560e-02	-7.254683e+00
4.440000e-05	-5.205430e-02	-7.158344e+00
4.441000e-05	-4.847468e-02	-6.968871e+00
4.442000e-05	-4.676592e-02	-6.812078e+00
4.443000e-05	-5.065230e-02	-6.624159e+00
4.444000e-05	-5.077301e-02	-6.547863e+00
4.445000e-05	-4.719933e-02	-6.421526e+00
4.446000e-05	-4.387700e-02	-6.252078e+00
4.447000e-05	-4.538029e-02	-6.035083e+00
4.448000e-05	-4.447989e-02	-5.886336e+00
4.449000e-05	-4.097326e-02	-5.788370e+00
4.450000e-05	-3.802144e-02	-5.602554e+00
4.451000e-05	-3.813924e-02	-5.494600e+00
4.452000e-05	-3.730626e-02	-5.201027e+00
4.453000e-05	-3.486890e-02	-5.052632e+00
4.454000e-05	-3.063105e-02	-4.882631e+00
4.455000e-05	-3.083258e-02	-4.673132e+00
4.456000e-05	-2.898812e-02	-4.515187e+00
4.457000e-05	-2.672785e-02	-4.378916e+00
4.458000e-05	-2.358843e-02	-4.171025e+00
4.459000e-05	-2.292625e-02	-4.063632e+00
4.460000e-05	-2.280234e-02	-3.915639e+00
4.461000e-05	-2.130869e-02	-3.654111e+00
4.462000e-05	-1.854510e-02	-3.505212e+00
4.463000e-05	-1.647464e-02	-3.356313e+00
4.464000e-05	-1.771681e-02	-3.198345e+00
4.465000e-05	-1.521332e-02	-2.987786e+00
4.466000e-05	-1.580563e-02	-2.738323e+00
4.467000e-05	-1.232517e-02	-2.610420e+00
4.468000e-05	-1.338821e-02	-2.380951e+00
4.469000e-05	-1.171855e-02	-2.220372e+00
4.470000e-05	-1.021811e-02	-2.028950e+00
4.471000e-05	-8.293344e-03	-1.841527e+00
4.472000e-05	-8.943379e-03	-1.643158e+00
4.473000e-05	-9.555961e-03	-1.483560e+00
4.474000e-05	-9.811929e-03	-1.218423e+00
4.475000e-05	-7.259712e-03	-1.012479e+00
4.476000e-05	-6.529200e-03	-8.330293e-01
4.477000e-05	-5.913366e-03	-7.025819e-01
4.478000e-05	-5.320328e-03	-4.115813e-01
4.479000e-05	-3.416472e-03	-2.945593e-01
4.480000e-05	-1.507582e-03	-5.513284e-02
4.481000e-05	2.601846e-03	1.137867e-01
4.482000e-05	-1.795256e-03	3.243407e-01
4.483000e-05	-2.873192e-04	4.431829e-01
4.484000e-05	-1.181257e-03	6.295777e-01
4.485000e-05	-2.540592e-04	7.895223e-01
4.486000e-05	-3.450875e-04	9.990762e-01
4.487000e-05	1.994942e-03	1.229626e+00
4.488000e-05	1.240777e-02	1.368470e+00
4.489000e-05	5.861507e-02	1.589606e+00
4.490000e-05	3.207964e-02	1.862283e+00
4.491000e-05	-5.146853e-02	2.062680e+00
4.492000e-05	-4.428738e-02	2.221755e+00
4.493000e-05	-4.716562e-02	2.399422e+00
4.494000e-05	-3.317705e-02	2.453233e+00
4.495000e-05	1.230061e-01	2.672287e+00
4.496000e-05	-5.326482e-02	2.852788e+00
4.497000e-05	-4.967734e-02	2.979550e+00
4.498000e-05	1.494413e-01	3.166999e+00
4.499000e-05	-4.087547e-02	3.461252e+00
4.500000e-05	-1.154514e-02	3.568998e+00
4.501000e-05	1.023036e-02	3.724442e+00
4.502000e-05	-7.762407e-02	3.936419e+00
4.503000e-05	7.860760e-02	4.052134e+00
4.504000e-05	3.486834e-02	4.302792e+00
4.505000e-05	-4.753948e-02	4.492739e+00
4.506000e-05	3.495916e-02	4.600279e+00
4.507000e-05	-2.415917e-02	4.790058e+00
4.508000e-05	3.704253e-02	5.040701e+00
4.509000e-05	-9.990593e-03	5.222156e+00
4.510000e-05	-2.622091e-02	5.440678e+00
4.511000e-05	3.845034e-02	5.577921e+00
4.512000e-05	3.011754e-02	5.693894e+00
4.513000e-05	3.289358e-03	5.922868e+00
4.514000e-05	-3.969364e-02	6.073709e+00
4.515000e-05	2.087815e-02	6.170575e+00
4.516000e-05	3.552777e-02	6.346941e+00
4.517000e-05	-1.682413e-02	6.453733e+00
4.518000e-05	1.611157e-02	6.654213e+00
4.519000e-05	7.770064e-03	6.832157e+00
4.520000e-05	1.514765e-02	6.948920e+00
4.521000e-05	1.168734e-02	7.064765e+00
4.522000e-05	-1.728920e-02	7.202057e+00
4.523000e-05	1.777004e-02	7.346442e+00
4.524000e-05	9.217114e-03	7.536896e+00
4.525000e-05	2.252255e-02	7.674259e+00
4.526000e-05	-5.465467e-03	7.822150e+00
4.527000e-05	1.131089e-02	7.967953e+00
4.528000e-05	1.629873e-02	8.113812e+00
4.529000e-05	1.614335e-03	8.220652e+00
4.530000e-05	8.315199e-03	8.335842e+00
4.531000e-05	4.622757e-03	8.441156e+00
4.532000e-05	2.163565e-02	8.514793e+00
4.533000e-05	6.739351e-03	8.610599e+00
4.534000e-05	8.421060e-03	8.744768e+00
4.535000e-05	1.029550e-02	8.778003e+00
4.536000e-05	1.291037e-02	8.863889e+00
4.537000e-05	7.246835e-03	8.988624e+00
4.538000e-05	4.397492e-03	9.086317e+00
4.539000e-05	1.388652e-02	9.190024e+00
4.540000e-05	1.449007e-02	9.243807e+00
4.541000e-05	1.019174e-02	9.336867e+00
4.542000e-05	6.518864e-03	9.391130e+00
4.543000e-05	1.387241e-02	9.493240e+00
4.544000e-05	1.316605e-02	9.566921e+00
4.545000e-05	1.042151e-02	9.621656e+00
4.546000e-05	5.446967e-03	9.714313e+00
4.547000e-05	1.475018e-02	9.776549e+00
4.548000e-05	1.440458e-02	9.841655e+00
4.549000e-05	1.077163e-02	9.907816e+00
4.550000e-05	9.124256e-03	9.957997e+00
4.551000e-05	1.401962e-02	1.002200e+01
4.552000e-05	1.519011e-02	1.006261e+01
4.553000e-05	8.332967e-03	1.006474e+01
4.554000e-05	9.016328e-03	1.009529e+01
4.555000e-05	1.233123e-02	1.012684e+01
4.556000e-05	1.659685e-02	1.015590e+01
4.557000e-05	1.159397e-02	1.020060e+01
4.558000e-05	1.146943e-02	1.022957e+01
4.559000e-05	1.649121e-02	1.020158e+01
4.560000e-05	1.666171e-02	1.026163e+01
4.561000e-05	1.124726e-02	1.025056e+01
4.562000e-05	9.030067e-03	1.026216e+01
4.563000e-05	1.338630e-02	1.028161e+01
4.564000e-05	1.633959e-02	1.025279e+01
4.565000e-05	1.505561e-02	1.022313e+01
4.566000e-05	1.434374e-02	1.026208e+01
4.567000e-05	1.900066e-02	1.023053e+01
4.568000e-05	1.960863e-02	1.021905e+01
4.569000e-05	1.536233e-02	1.019947e+01
4.570000e-05	1.282453e-02	1.020807e+01
4.571000e-05	1.603029e-02	1.012682e+01
4.572000e-05	1.936776e-02	1.008536e+01
4.573000e-05	1.945267e-02	1.007418e+01
4.574000e-05	1.738998e-02	1.002271e+01
4.575000e-05	2.010467e-02	1.002258e+01
4.576000e-05	2.039861e-02	9.990000e+00
4.577000e-05	1.744916e-02	9.907315e+00
4.578000e-05	1.488226e-02	9.902634e+00
4.579000e-05	1.752139e-02	9.789019e+00
4.580000e-05	2.073968e-02	9.713792e+00
4.581000e-05	2.009581e-02	9.642085e+00
4.582000e-05	1.964745e-02	9.580426e+00
4.583000e-05	2.077613e-02	9.505793e+00
4.584000e-05	2.220085e-02	9.432707e+00
4.585000e-05	2.142556e-02	9.379998e+00
4.586000e-05	1.930250e-02	9.305291e+00
4.587000e-05	2.288708e-02	9.262083e+00
4.588000e-05	2.418699e-02	9.198376e+00
4.589000e-05	2.584865e-02	9.123653e+00
4.590000e-05	2.417729e-02	8.957293e+00
4.591000e-05	2.718934e-02	8.853554e+00
4.592000e-05	2.979746e-02	8.747841e+00
4.593000e-05	3.008296e-02	8.672532e+00
4.594000e-05	2.832858e-02	8.556794e+00
4.595000e-05	2.853205e-02	8.494133e+00
4.596000e-05	3.267085e-02	8.407427e+00
4.597000e-05	3.510056e-02	8.304159e+00
4.598000e-05	3.409054e-02	8.096320e+00
4.599000e-05	3.693595e-02	8.008395e+00
4.600000e-05	3.926344e-02	7.874609e+00
4.601000e-05	4.110253e-02	7.759416e+00
4.602000e-05	3.863833e-02	7.631630e+00
4.603000e-05	3.812840e-02	7.513665e+00
4.604000e-05	4.184241e-02	7.266741e+00
4.605000e-05	4.293381e-02	7.169423e+00
4.606000e-05	4.142064e-02	7.031633e+00
4.607000e-05	4.069737e-02	6.885712e+00
4.608000e-05	4.368639e-02	6.798876e+00
4.609000e-05	4.310412e-02	6.660529e+00
4.610000e-05	4.126702e-02	6.421107e+00
4.611000e-05	3.804829e-02	6.364718e+00
4.612000e-05	3.855430e-02	6.177427e+00
4.613000e-05	3.785053e-02	6.012055e+00
4.614000e-05	3.519219e-02	5.933287e+00
4.615000e-05	3.135635e-02	5.726163e+00
4.616000e-05	3.226855e-02	5.536744e+00
4.617000e-05	3.155600e-02	5.367825e+00
4.618000e-05	2.766718e-02	5.229421e+00
4.619000e-05	2.373516e-02	4.979375e+00
4.620000e-05	2.379820e-02	4.778951e+00
4.621000e-05	2.155902e-02	4.643056e+00
4.622000e-05	1.984870e-02	4.484110e+00
4.623000e-05	1.651359e-02	4.345715e+00
4.624000e-05	1.622162e-02	4.093612e+00
4.625000e-05	1.590960e-02	3.956787e+00
4.626000e-05	1.427432e-02	3.769396e+00
4.627000e-05	1.110276e-02	3.609527e+00
4.628000e-05	9.856833e-03	3.460952e+00
4.629000e-05	1.003017e-02	3.221431e+00
4.630000e-05	8.063326e-03	3.064057e+00
4.631000e-05	5.543488e-03	2.904684e+00
4.632000e-05	5.369314e-03	2.734190e+00
4.633000e-05	5.460816e-03	2.514132e+00
4.634000e-05	4.823561e-03	2.293784e+00
4.635000e-05	3.063525e-03	2.137813e+00
4.636000e-05	1.846287e-03	1.988375e+00
4.637000e-05	2.816456e-03	1.736766e+00
4.638000e-05	9.329985e-04	1.567272e+00
4.639000e-05	-5.991377e-04	1.368842e+00
4.640000e-05	-9.613130e-04	1.188899e+00
4.641000e-05	-1.076805e-03	9.156899e-01
4.642000e-05	-7.044981e-04	7.767884e-01
4.643000e-05	-1.691856e-03	5.573624e-01
4.644000e-05	-2.371295e-03	3.974275e-01
4.645000e-05	-2.255371e-03	1.889975e-01
4.646000e-05	-2.011719e-03	-2.110363e-02
4.647000e-05	2.708583e-03	-1.796209e-01
4.648000e-05	-1.451254e-03	-3.373959e-01
4.649000e-05	-2.158393e-03	-4.743344e-01
4.650000e-05	-3.238149e-03	-7.354445e-01
4.651000e-05	-2.912104e-03	-9.143367e-01
4.652000e-05	-4.993928e-03	-1.012632e+00
4.653000e-05	-1.637093e-03	-1.210651e+00
4.654000e-05	2.455718e-02	-1.402174e+00
4.655000e-05	8.396996e-02	-1.611105e+00
4.656000e-05	-5.358929e-02	-1.801708e+00
4.657000e-05	-4.268910e-02	-2.074864e+00
4.658000e-05	-8.214595e-02	-2.358971e+00
4.659000e-05	-5.979033e-02	-2.503737e+00
4.660000e-05	1.670549e-01	-2.578974e+00
4.661000e-05	-7.778318e-02	-2.717390e+00
4.662000e-05	-9.264430e-02	-2.979026e+00
4.663000e-05	1.914078e-01	-3.118414e+00
4.664000e-05	-8.846584e-02	-3.253310e+00
4.665000e-05	-1.634888e-02	-3.505314e+00
4.666000e-05	3.349379e-02	-3.611525e+00
4.667000e-05	-1.662558e-01	-3.842755e+00
4.668000e-05	1.107863e-01	-4.031129e+00
4.669000e-05	4.809020e-02	-4.159520e+00
4.670000e-05	-1.046458e-01	-4.370575e+00
4.671000e-05	7.251316e-02	-4.475286e+00
4.672000e-05	-8.346187e-02	-4.673842e+00
4.673000e-05	4.971335e-02	-4.907341e+00
4.674000e-05	-6.888705e-03	-5.012179e+00
4.675000e-05	-1.316470e-01	-5.241806e+00
4.676000e-05	1.245769e-01	-5.412154e+00
4.677000e-05	-2.893717e-02	-5.631601e+00
4.678000e-05	-1.006651e-02	-5.770101e+00
4.679000e-05	-4.495702e-02	-5.925917e+00
4.680000e-05	-3.682865e-02	-6.053312e+00
4.681000e-05	9.193206e-02	-6.225662e+00
4.682000e-05	-1.089886e-01	-6.411629e+00
4.683000e-05	2.371353e-02	-6.499023e+00
4.684000e-05	1.671932e-03	-6.703860e+00
4.685000e-05	-1.837798e-02	-6.853253e+00
4.686000e-05	2.220131e-02	-6.959674e+00
4.687000e-05	-1.017512e-01	-7.176996e+00
4.688000e-05	5.639918e-02	-7.285337e+00
4.689000e-05	-2.795852e-02	-7.401732e+00
4.690000e-05	-6.738476e-03	-7.530497e+00
4.691000e-05	-1.782504e-02	-7.716446e+00
4.692000e-05	-2.926410e-02	-7.936915e+00
4.693000e-05	3.634771e-02	-8.022600e+00
4.694000e-05	-6.155219e-02	-8.147393e+00
4.695000e-05	2.978942e-04	-8.263704e+00
4.696000e-05	-2.466309e-02	-8.327445e+00
4.697000e-05	7.514235e-03	-8.452707e+00
4.698000e-05	-1.250667e-02	-8.546497e+00
4.699000e-05	-4.277756e-02	-8.716393e+00
4.700000e-05	6.888609e-03	-8.779577e+00
4.701000e-05	-1.701538e-02	-8.885766e+00
4.702000e-05	-6.791295e-03	-8.990021e+00
4.703000e-05	-3.780073e-02	-9.084260e+00
4.704000e-05	-8.278075e-03	-9.138997e+00
4.705000e-05	3.849325e-04	-9.212578e+00
4.706000e-05	-2.314138e-02	-9.335865e+00
4.707000e-05	-2.345220e-02	-9.391625e+00
4.708000e-05	-1.900018e-02	-9.496390e+00
4.709000e-05	-1.156775e-03	-9.602052e+00
4.710000e-05	-2.163879e-02	-9.643706e+00
4.711000e-05	-2.633351e-02	-9.715288e+00
4.712000e-05	-1.466284e-02	-9.760043e+00
4.713000e-05	-5.505076e-03	-9.813253e+00
4.714000e-05	-1.906643e-02	-9.884738e+00
4.715000e-05	-2.660995e-02	-9.946366e+00
4.716000e-05	-1.721131e-02	-9.969047e+00
4.717000e-05	-7.624355e-03	-1.000165e+01
4.718000e-05	-1.857415e-02	-1.005613e+01
4.719000e-05	-2.787438e-02	-1.007529e+01
4.720000e-05	-1.615599e-02	-1.010744e+01
4.721000e-05	-1.047578e-02	-1.015804e+01
4.722000e-05	-1.782603e-02	-1.023963e+01
4.723000e-05	-2.755367e-02	-1.025233e+01
4.724000e-05	-1.747176e-02	-1.025334e+01
4.725000e-05	-1.076951e-02	-1.030376e+01
4.726000e-05	-1.946659e-02	-1.027732e+01
4.727000e-05	-2.689772e-02	-1.032637e+01
4.728000e-05	-2.092973e-02	-1.033842e+01
4.729000e-05	-1.316831e-02	-1.035994e+01
4.730000e-05	-2.155126e-02	-1.034787e+01
4.731000e-05	-2.650497e-02	-1.030837e+01
4.732000e-05	-2.111462e-02	-1.031582e+01
4.733000e-05	-1.616566e-02	-1.032686e+01
4.734000e-05	-2.083015e-02	-1.031376e+01
4.735000e-05	-2.874885e-02	-1.031571e+01
4.736000e-05	-2.500103e-02	-1.023210e+01
4.737000e-05	-2.000789e-02	-1.017957e+01
4.738000e-05	-2.358389e-02	-1.015947e+01
4.739000e-05	-2.860018e-02	-1.008686e+01
4.740000e-05	-2.575259e-02	-1.005506e+01
4.741000e-05	-1.968241e-02	-1.003368e+01
4.742000e-05	-2.296250e-02	-9.981526e+00
4.743000e-05	-2.846804e-02	-9.957347e+00
4.744000e-05	-2.719709e-02	-9.894337e+00
4.745000e-05	-2.244754e-02	-9.843230e+00
4.746000e-05	-2.348050e-02	-9.800500e+00
4.747000e-05	-2.888166e-02	-9.738370e+00
4.748000e-05	-2.778443e-02	-9.653762e+00
4.749000e-05	-2.497493e-02	-9.612607e+00
4.750000e-05	-2.589102e-02	-9.560401e+00
4.751000e-05	-3.113602e-02	-9.515339e+00
4.752000e-05	-3.095767e-02	-9.397018e+00
4.753000e-05	-2.809525e-02	-9.305734e+00
4.754000e-05	-2.916988e-02	-9.203025e+00
4.755000e-05	-3.373149e-02	-9.137391e+00
4.756000e-05	-3.514348e-02	-9.040624e+00
4.757000e-05	-3.059519e-02	-8.948290e+00
4.758000e-05	-3.298361e-02	-8.843682e+00
4.759000e-05	-3.634479e-02	-8.768374e+00
4.760000e-05	-3.875480e-02	-8.682184e+00
4.761000e-05	-3.656710e-02	-8.506766e+00
4.762000e-05	-3.993311e-02	-8.400979e+00
4.763000e-05	-4.260297e-02	-8.315692e+00
4.764000e-05	-4.455603e-02	-8.200574e+00
4.765000e-05	-4.109842e-02	-8.054735e+00
4.766000e-05	-4.228434e-02	-8.011450e+00
4.767000e-05	-4.660744e-02	-7.829449e+00
4.768000e-05	-4.807309e-02	-7.665684e+00
4.769000e-05	-4.679924e-02	-7.565791e+00
4.770000e-05	-4.701939e-02	-7.379478e+00
4.771000e-05	-5.170625e-02	-7.283658e+00
4.772000e-05	-5.153615e-02	-7.166894e+00
4.773000e-05	-4.819929e-02	-6.997971e+00
4.774000e-05	-4.667992e-02	-6.824049e+00
4.775000e-05	-4.984265e-02	-6.724283e+00
4.776000e-05	-4.969376e-02	-6.567841e+00
4.777000e-05	-4.717458e-02	-6.422103e+00
4.778000e-05	-4.482137e-02	-6.282659e+00
4.779000e-05	-4.630739e-02	-6.024111e+00
4.780000e-05	-4.504090e-02	-5.935363e+00
4.781000e-05	-4.104536e-02	-5.778421e+00
4.782000e-05	-3.797879e-02	-5.621549e+00
4.783000e-05	-3.819693e-02	-5.503180e+00
4.784000e-05	-3.675971e-02	-5.214031e+00
4.785000e-05	-3.385475e-02	-5.083084e+00
4.786000e-05	-3.138666e-02	-4.935139e+00
4.787000e-05	-3.107276e-02	-4.654208e+00
4.788000e-05	-2.968152e-02	-4.536763e+00
4.789000e-05	-2.677538e-02	-4.379394e+00
4.790000e-05	-2.416440e-02	-4.201524e+00
4.791000e-05	-2.374095e-02	-4.093483e+00
4.792000e-05	-2.242747e-02	-3.874262e+00
4.793000e-05	-1.892142e-02	-3.653587e+00
4.794000e-05	-1.720746e-02	-3.515765e+00
4.795000e-05	-1.716033e-02	-3.364890e+00
4.796000e-05	-1.932213e-02	-3.178851e+00
4.797000e-05	-1.661814e-02	-2.918718e+00
4.798000e-05	-1.720442e-02	-2.778370e+00
4.799000e-05	-1.335119e-02	-2.598995e+00
4.800000e-05	-1.382659e-02	-2.403003e+00
4.801000e-05	-9.862077e-03	-2.252001e+00
4.802000e-05	-8.251660e-03	-2.010998e+00
4.803000e-05	-7.648172e-03	-1.861053e+00
4.804000e-05	-1.016736e-02	-1.664606e+00
4.805000e-05	-1.093307e-02	-1.534535e+00
4.806000e-05	-1.016614e-02	-1.211974e+00
4.807000e-05	-8.793872e-03	-1.041529e+00
4.808000e-05	-7.682733e-03	-8.736317e-01
4.809000e-05	-5.362483e-03	-6.852082e-01
4.810000e-05	-3.148616e-03	-4.421305e-01
4.811000e-05	-2.859920e-03	-2.751343e-01
4.812000e-05	-2.132152e-03	-9.673696e-02
4.813000e-05	1.123821e-04	3.468140e-02
4.814000e-05	-1.848501e-03	2.838942e-01
4.815000e-05	-2.122758e-03	4.426316e-01
4.816000e-05	-1.629304e-03	6.206304e-01
4.817000e-05	-2.921128e-04	7.783948e-01
4.818000e-05	1.755082e-03	9.375196e-01
4.819000e-05	2.597150e-03	1.210550e+00
4.820000e-05	1.155833e-02	1.368498e+00
4.821000e-05	5.434635e-02	1.578225e+00
4.822000e-05	3.867911e-02	1.852784e+00
4.823000e-05	-5.081054e-02	2.053162e+00
4.824000e-05	-4.542919e-02	2.232658e+00
4.825000e-05	-4.568581e-02	2.387996e+00
4.826000e-05	-3.781313e-02	2.443129e+00
4.827000e-05	1.182310e-01	2.662759e+00
4.828000e-05	-3.786264e-02	2.842238e+00
4.829000e-05	-6.605565e-02	2.977999e+00
4.830000e-05	1.535748e-01	3.128423e+00
4.831000e-05	-3.440822e-02	3.389607e+00
4.832000e-05	-1.928442e-02	3.578025e+00
4.833000e-05	1.710821e-02	3.715816e+00
4.834000e-05	-8.073829e-02	3.916890e+00
4.835000e-05	7.310694e-02	4.032134e+00
4.836000e-05	4.316568e-02	4.273814e+00
4.837000e-05	-4.971739e-02	4.453234e+00
4.838000e-05	3.237632e-02	4.640637e+00
4.839000e-05	-2.196782e-02	4.800153e+00
4.840000e-05	3.176416e-02	5.018074e+00
4.841000e-05	-2.334642e-03	5.262232e+00
4.842000e-05	-2.891865e-02	5.400600e+00
4.843000e-05	3.664468e-02	5.567421e+00
4.844000e-05	2.970204e-02	5.675313e+00
4.845000e-05	6.332505e-03	5.946866e+00
4.846000e-05	-3.885810e-02	6.052709e+00
4.847000e-05	1.315002e-02	6.170529e+00
4.848000e-05	4.009714e-02	6.306917e+00
4.849000e-05	-1.785929e-02	6.472287e+00
4.850000e-05	1.560673e-02	6.653186e+00
4.851000e-05	9.093274e-03	6.811655e+00
4.852000e-05	1.446025e-02	6.986420e+00
4.853000e-05	1.303696e-02	7.063238e+00
4.854000e-05	-1.898267e-02	7.191029e+00
4.855000e-05	1.599447e-02	7.334943e+00
4.856000e-05	9.930601e-03	7.557872e+00
4.857000e-05	2.194645e-02	7.663185e+00
4.858000e-05	-4.226476e-03	7.800053e+00
4.859000e-05	9.835355e-03	7.957471e+00
4.860000e-05	1.740035e-02	8.093765e+00
4.861000e-05	1.446320e-03	8.211102e+00
4.862000e-05	8.322940e-03	8.306895e+00
4.863000e-05	3.623641e-03	8.430528e+00
4.864000e-05	2.011432e-02	8.494816e+00
4.865000e-05	8.890328e-03	8.589052e+00
4.866000e-05	7.039109e-03	8.706263e+00
4.867000e-05	9.140834e-03	8.748049e+00
4.868000e-05	1.364561e-02	8.853811e+00
4.869000e-05	9.468058e-03	8.977571e+00
4.870000e-05	4.130998e-03	9.085817e+00
4.871000e-05	1.106555e-02	9.201027e+00
4.872000e-05	1.520146e-02	9.253709e+00
4.873000e-05	1.102738e-02	9.335395e+00
4.874000e-05	5.704303e-03	9.420634e+00
4.875000e-05	1.163386e-02	9.513791e+00
4.876000e-05	1.355259e-02	9.556470e+00
4.877000e-05	1.152252e-02	9.621079e+00
4.878000e-05	6.092941e-03	9.653787e+00
4.879000e-05	1.169414e-02	9.777023e+00
4.880000e-05	1.548949e-02	9.823180e+00
4.881000e-05	1.099591e-02	9.936340e+00
4.882000e-05	7.734673e-03	9.986473e+00
4.883000e-05	1.064427e-02	1.001052e+01
4.884000e-05	1.627347e-02	1.001266e+01
4.885000e-05	1.119233e-02	1.006366e+01
4.886000e-05	1.019563e-02	1.011481e+01
4.887000e-05	1.139327e-02	1.013644e+01
4.888000e-05	1.690183e-02	1.013845e+01
4.889000e-05	1.166347e-02	1.017893e+01
4.890000e-05	1.046408e-02	1.018953e+01
4.891000e-05	1.266047e-02	1.023950e+01
4.892000e-05	1.547727e-02	1.024056e+01
4.893000e-05	1.572741e-02	1.024108e+01
4.894000e-05	1.006158e-02	1.026171e+01
4.895000e-05	1.324484e-02	1.025268e+01
4.896000e-05	1.552312e-02	1.027216e+01
4.897000e-05	1.610179e-02	1.024168e+01
4.898000e-05	1.282063e-02	1.021216e+01
4.899000e-05	1.532111e-02	1.023958e+01
4.900000e-05	1.818551e-02	1.022848e+01
4.901000e-05	1.816372e-02	1.021007e+01
4.902000e-05	1.465309e-02	1.018742e+01
4.903000e-05	1.586670e-02	1.013687e+01
4.904000e-05	1.938793e-02	1.010526e+01
4.905000e-05	1.938678e-02	1.009421e+01
4.906000e-05	1.846388e-02	1.005216e+01
4.907000e-05	1.625107e-02	1.003158e+01
4.908000e-05	2.040372e-02	9.967398e+00
4.909000e-05	1.863426e-02	9.966844e+00
4.910000e-05	1.711097e-02	9.892134e+00
4.911000e-05	1.671894e-02	9.789074e+00
4.912000e-05	2.050050e-02	9.765265e+00
4.913000e-05	2.191193e-02	9.622203e+00
4.914000e-05	1.897199e-02	9.622003e+00
4.915000e-05	2.049321e-02	9.506266e+00
4.916000e-05	2.006387e-02	9.483682e+00
4.917000e-05	2.409388e-02	9.409874e+00
4.918000e-05	1.978229e-02	9.274791e+00
4.919000e-05	2.355312e-02	9.232108e+00
4.920000e-05	2.414351e-02	9.198926e+00
4.921000e-05	2.716846e-02	9.114132e+00
4.922000e-05	2.379397e-02	8.936895e+00
4.923000e-05	2.526224e-02	8.833109e+00
4.924000e-05	2.639050e-02	8.758896e+00
4.925000e-05	3.000257e-02	8.664108e+00
4.926000e-05	3.025804e-02	8.558419e+00
4.927000e-05	3.204272e-02	8.474136e+00
4.928000e-05	3.209938e-02	8.369501e+00
4.929000e-05	3.457985e-02	8.303661e+00
4.930000e-05	3.399145e-02	8.177420e+00
4.931000e-05	3.406968e-02	7.990555e+00
4.932000e-05	3.615200e-02	7.913684e+00
4.933000e-05	3.987609e-02	7.769893e+00
4.934000e-05	4.122879e-02	7.661538e+00
4.935000e-05	4.125005e-02	7.506693e+00
4.936000e-05	4.103126e-02	7.346816e+00
4.937000e-05	4.263244e-02	7.190927e+00
4.938000e-05	4.231583e-02	7.041534e+00
4.939000e-05	4.031878e-02	6.894715e+00
4.940000e-05	4.110642e-02	6.799974e+00
4.941000e-05	4.214711e-02	6.662127e+00
4.942000e-05	4.217756e-02	6.433609e+00
4.943000e-05	3.918776e-02	6.356247e+00
4.944000e-05	3.836648e-02	6.168426e+00
4.945000e-05	3.768437e-02	6.043082e+00
4.946000e-05	3.561586e-02	5.964815e+00
4.947000e-05	3.223429e-02	5.765215e+00
4.948000e-05	3.102838e-02	5.568822e+00
4.949000e-05	3.063497e-02	5.429450e+00
4.950000e-05	2.751241e-02	5.250082e+00
4.951000e-05	2.517420e-02	5.030524e+00
4.952000e-05	2.338507e-02	4.820904e+00
4.953000e-05	2.211495e-02	4.663059e+00
4.954000e-05	2.004064e-02	4.485692e+00
4.955000e-05	1.860655e-02	4.376790e+00
4.956000e-05	1.606266e-02	4.145237e+00
4.957000e-05	1.489794e-02	3.984796e+00
4.958000e-05	1.328064e-02	3.797973e+00
4.959000e-05	1.164544e-02	3.620505e+00
4.960000e-05	1.031484e-02	3.490609e+00
4.961000e-05	9.427342e-03	3.210032e+00
4.962000e-05	8.568749e-03	3.042107e+00
4.963000e-05	7.596120e-03	2.874609e+00
4.964000e-05	6.310618e-03	2.766343e+00
4.965000e-05	4.152235e-03	2.514590e+00
4.966000e-05	4.171076e-03	2.335217e+00
4.967000e-05	3.378906e-03	2.156289e+00
4.968000e-05	2.687463e-03	1.978373e+00
4.969000e-05	1.479852e-03	1.769347e+00
4.970000e-05	1.482639e-03	1.566924e+00
4.971000e-05	-2.342556e-04	1.409398e+00
4.972000e-05	-4.471407e-05	1.189898e+00
4.973000e-05	-4.671290e-04	9.787410e-01
4.974000e-05	-1.528774e-03	7.577473e-01
4.975000e-05	-2.441099e-03	5.588213e-01
4.976000e-05	-2.988610e-03	4.084763e-01
4.977000e-05	-2.311164e-03	2.104274e-01
4.978000e-05	-2.145975e-03	2.987644e-02
4.979000e-05	2.502561e-03	-1.580210e-01
4.980000e-05	-5.574032e-04	-3.288682e-01
4.981000e-05	-2.922545e-03	-4.643842e-01
4.982000e-05	-4.121246e-03	-7.364170e-01
4.983000e-05	-3.882118e-03	-8.442628e-01
4.984000e-05	-5.020115e-03	-9.910776e-01
4.985000e-05	-1.209870e-03	-1.201074e+00
4.986000e-05	2.202521e-02	-1.381651e+00
4.987000e-05	8.560665e-02	-1.581096e+00
4.988000e-05	-4.851781e-02	-1.790678e+00
4.989000e-05	-4.266710e-02	-2.074207e+00
4.990000e-05	-7.977511e-02	-2.348492e+00
4.991000e-05	-6.880062e-02	-2.476208e+00
4.992000e-05	1.617819e-01	-2.569370e+00
4.993000e-05	-5.546214e-02	-2.694365e+00
4.994000e-05	-1.147633e-01	-2.917074e+00
4.995000e-05	1.941561e-01	-3.145338e+00
4.996000e-05	-7.680909e-02	-3.273263e+00
4.997000e-05	-2.890035e-02	-3.484863e+00
4.998000e-05	4.794517e-02	-3.602100e+00
4.999000e-05	-1.671397e-01	-3.830186e+00
