# 261001_15:24:20.841727
t	CH1	CH2
0.000000e+00	-2.536909e-03	-4.625579e-01
1.000000e-08	-2.749686e-03	-6.236592e-01
2.000000e-08	-4.601078e-03	-7.816089e-01
3.000000e-08	-3.700037e-03	-9.689461e-01
4.000000e-08	-2.936040e-03	-1.138342e+00
5.000000e-08	8.977119e-03	-1.298795e+00
6.000000e-08	7.837304e-02	-1.538321e+00
7.000000e-08	-1.157574e-02	-1.728344e+00
8.000000e-08	-4.960104e-02	-1.968055e+00
9.000000e-08	-6.640752e-02	-2.255263e+00
1.000000e-07	-9.168733e-02	-2.414133e+00
1.100000e-07	1.093785e-01	-2.536865e+00
1.200000e-07	3.118397e-02	-2.643505e+00
1.300000e-07	-1.460767e-01	-2.854103e+00
1.400000e-07	1.410109e-01	-3.001057e+00
1.500000e-07	7.748161e-03	-3.187874e+00
1.600000e-07	-7.259788e-02	-3.411451e+00
1.700000e-07	5.636144e-02	-3.558895e+00
1.800000e-07	-1.274634e-01	-3.704641e+00
1.900000e-07	6.111305e-03	-3.916917e+00
2.000000e-07	1.201450e-01	-4.072637e+00
2.100000e-07	-9.637422e-02	-4.255212e+00
2.200000e-07	2.832326e-02	-4.430978e+00
2.300000e-07	-2.490581e-02	-4.538921e+00
2.400000e-07	-1.962302e-02	-4.780030e+00
2.500000e-07	5.938034e-02	-4.935913e+00
2.600000e-07	-1.347754e-01	-5.124837e+00
2.700000e-07	5.785789e-02	-5.267187e+00
2.800000e-07	4.090300e-02	-5.486266e+00
2.900000e-07	-4.281281e-02	-5.685741e+00
3.000000e-07	-1.014653e-02	-5.801029e+00
3.100000e-07	-7.110537e-02	-5.928294e+00
3.200000e-07	7.860462e-02	-6.104738e+00
3.300000e-07	-4.429455e-02	-6.295142e+00
3.400000e-07	-4.299600e-02	-6.412657e+00
3.500000e-07	4.376424e-02	-6.538875e+00
3.600000e-07	-3.608199e-02	-6.756865e+00
3.700000e-07	3.271427e-02	-6.852109e+00
3.800000e-07	-7.833491e-02	-6.981958e+00
3.900000e-07	1.397974e-03	-7.160426e+00
4.000000e-07	2.233631e-02	-7.265241e+00
4.100000e-07	-3.834759e-02	-7.433109e+00
4.200000e-07	6.491151e-03	-7.525371e+00
4.300000e-07	-4.307480e-02	-7.676767e+00
4.400000e-07	3.224831e-02	-7.853711e+00
4.500000e-07	-3.518254e-02	-8.011551e+00
4.600000e-07	-2.848513e-02	-8.104288e+00
4.700000e-07	-4.977602e-03	-8.192153e+00
4.800000e-07	-1.425035e-02	-8.307319e+00
4.900000e-07	8.846740e-03	-8.382127e+00
5.000000e-07	-4.861965e-02	-8.505797e+00
5.100000e-07	-1.419668e-03	-8.654111e+00
5.200000e-07	-1.127532e-02	-8.801000e+00
5.300000e-07	-1.187978e-02	-8.833732e+00
5.400000e-07	-2.667492e-02	-8.898345e+00
5.500000e-07	-2.453067e-02	-9.022628e+00
5.600000e-07	6.366429e-03	-9.096291e+00
5.700000e-07	-2.299940e-02	-9.170473e+00
5.800000e-07	-2.234077e-02	-9.243057e+00
5.900000e-07	-2.622543e-02	-9.307920e+00
6.000000e-07	-5.211524e-03	-9.403981e+00
6.100000e-07	-1.631217e-02	-9.506815e+00
6.200000e-07	-3.037482e-02	-9.591474e+00
6.300000e-07	-1.909213e-02	-9.613107e+00
6.400000e-07	-8.700877e-03	-9.695816e+00
6.500000e-07	-1.393771e-02	-9.758843e+00
6.600000e-07	-3.257157e-02	-9.770053e+00
6.700000e-07	-2.368542e-02	-9.802158e+00
6.800000e-07	-1.327375e-02	-9.905238e+00
6.900000e-07	-1.792138e-02	-9.918294e+00
7.000000e-07	-3.054200e-02	-9.962397e+00
7.100000e-07	-2.411873e-02	-9.999399e+00
7.200000e-07	-1.416849e-02	-1.001152e+01
7.300000e-07	-2.050654e-02	-1.001413e+01
7.400000e-07	-3.134852e-02	-1.005366e+01
7.500000e-07	-2.832811e-02	-1.008527e+01
7.600000e-07	-1.698505e-02	-1.010871e+01
7.700000e-07	-2.182359e-02	-1.011634e+01
7.800000e-07	-2.945359e-02	-1.008795e+01
7.900000e-07	-3.151703e-02	-1.010850e+01
8.000000e-07	-2.153651e-02	-1.013957e+01
8.100000e-07	-2.518279e-02	-1.008687e+01
8.200000e-07	-3.253896e-02	-1.012900e+01
8.300000e-07	-3.187379e-02	-1.009837e+01
8.400000e-07	-2.542455e-02	-1.015490e+01
8.500000e-07	-2.564299e-02	-1.008936e+01
8.600000e-07	-3.617414e-02	-1.009580e+01
8.700000e-07	-3.750068e-02	-1.005536e+01
8.800000e-07	-3.087433e-02	-1.002258e+01
8.900000e-07	-3.328276e-02	-1.002055e+01
9.000000e-07	-3.711938e-02	-9.989498e+00
9.100000e-07	-4.083672e-02	-9.937967e+00
9.200000e-07	-3.202829e-02	-9.925862e+00
9.300000e-07	-3.454863e-02	-9.884713e+00
9.400000e-07	-3.919539e-02	-9.842030e+00
9.500000e-07	-4.407317e-02	-9.782098e+00
9.600000e-07	-3.966871e-02	-9.738866e+00
9.700000e-07	-4.054441e-02	-9.695262e+00
9.800000e-07	-4.531284e-02	-9.632632e+00
9.900000e-07	-4.847374e-02	-9.609998e+00
1.000000e-06	-4.426602e-02	-9.526866e+00
1.010000e-06	-4.352511e-02	-9.423180e+00
1.020000e-06	-4.851504e-02	-9.318868e+00
1.030000e-06	-5.165987e-02	-9.234109e+00
1.040000e-06	-5.040497e-02	-9.190451e+00
1.050000e-06	-4.973896e-02	-9.085738e+00
1.060000e-06	-5.514238e-02	-8.991529e+00
1.070000e-06	-5.750476e-02	-8.907266e+00
1.080000e-06	-5.733307e-02	-8.841634e+00
1.090000e-06	-5.447122e-02	-8.779420e+00
1.100000e-06	-5.683930e-02	-8.624682e+00
1.110000e-06	-5.859206e-02	-8.566842e+00
1.120000e-06	-5.871854e-02	-8.390055e+00
1.130000e-06	-5.615783e-02	-8.337366e+00
1.140000e-06	-5.950839e-02	-8.240020e+00
1.150000e-06	-6.123038e-02	-8.096313e+00
1.160000e-06	-5.815210e-02	-8.030499e+00
1.170000e-06	-5.655996e-02	-7.834263e+00
1.180000e-06	-5.544661e-02	-7.767340e+00
1.190000e-06	-5.564500e-02	-7.609546e+00
1.200000e-06	-5.326454e-02	-7.464105e+00
1.210000e-06	-5.164236e-02	-7.326288e+00
1.220000e-06	-5.100235e-02	-7.192051e+00
1.230000e-06	-5.058337e-02	-7.073762e+00
1.240000e-06	-4.916643e-02	-6.905759e+00
1.250000e-06	-4.529690e-02	-6.787970e+00
1.260000e-06	-4.421361e-02	-6.642132e+00
1.270000e-06	-4.389520e-02	-6.476262e+00
1.280000e-06	-4.153571e-02	-6.377947e+00
1.290000e-06	-3.832970e-02	-6.202544e+00
1.300000e-06	-3.729657e-02	-6.031975e+00
1.310000e-06	-3.782043e-02	-5.904686e+00
1.320000e-06	-3.618535e-02	-5.729342e+00
1.330000e-06	-3.277530e-02	-5.579975e+00
1.340000e-06	-3.048383e-02	-5.381544e+00
1.350000e-06	-2.945778e-02	-5.200970e+00
1.360000e-06	-2.852267e-02	-5.050603e+00
1.370000e-06	-2.693824e-02	-4.801603e+00
1.380000e-06	-2.562588e-02	-4.621123e+00
1.390000e-06	-2.439331e-02	-4.494234e+00
1.400000e-06	-2.370390e-02	-4.356862e+00
1.410000e-06	-2.177346e-02	-4.218524e+00
1.420000e-06	-1.997469e-02	-4.062651e+00
1.430000e-06	-1.979987e-02	-3.883687e+00
1.440000e-06	-1.828326e-02	-3.652129e+00
1.450000e-06	-1.710624e-02	-3.505811e+00
1.460000e-06	-1.566138e-02	-3.367315e+00
1.470000e-06	-1.598242e-02	-3.168892e+00
1.480000e-06	-1.378845e-02	-2.936345e+00
1.490000e-06	-1.455302e-02	-2.759001e+00
1.500000e-06	-1.381676e-02	-2.619527e+00
1.510000e-06	-1.363683e-02	-2.471551e+00
1.520000e-06	-1.085586e-02	-2.243026e+00
1.530000e-06	-8.950291e-03	-2.010527e+00
1.540000e-06	-8.361440e-03	-1.924183e+00
1.550000e-06	-8.285750e-03	-1.693184e+00
1.560000e-06	-7.700483e-03	-1.494783e+00
1.570000e-06	-8.127352e-03	-1.262579e+00
1.580000e-06	-8.034885e-03	-1.053609e+00
1.590000e-06	-7.805339e-03	-9.052116e-01
1.600000e-06	-6.845383e-03	-6.942894e-01
1.610000e-06	-3.795109e-03	-4.942078e-01
1.620000e-06	-4.459857e-03	-3.158404e-01
1.630000e-06	-2.112666e-03	-1.583642e-01
1.640000e-06	1.697318e-03	1.260913e-02
1.650000e-06	2.237728e-03	2.022331e-01
1.660000e-06	-7.652944e-04	4.000803e-01
1.670000e-06	3.393953e-05	5.589763e-01
1.680000e-06	-2.659884e-04	7.263935e-01
1.690000e-06	1.765693e-03	8.771872e-01
1.700000e-06	5.862491e-04	1.136920e+00
1.710000e-06	5.786195e-03	1.316340e+00
1.720000e-06	3.852306e-02	1.473963e+00
1.730000e-06	5.723950e-02	1.812998e+00
1.740000e-06	-3.014872e-02	1.949024e+00
1.750000e-06	-4.819476e-02	2.159394e+00
1.760000e-06	-4.400893e-02	2.297290e+00
1.770000e-06	-4.945631e-02	2.430129e+00
1.780000e-06	7.615128e-02	2.538800e+00
1.790000e-06	3.125207e-02	2.760004e+00
1.800000e-06	-1.022077e-01	2.907916e+00
1.810000e-06	1.126719e-01	3.074609e+00
1.820000e-06	2.759342e-02	3.256318e+00
1.830000e-06	-4.143698e-02	3.466715e+00
1.840000e-06	2.444529e-02	3.621557e+00
1.850000e-06	-6.801014e-02	3.823077e+00
1.860000e-06	2.171568e-02	4.021075e+00
1.870000e-06	7.339275e-02	4.127976e+00
1.880000e-06	-3.792007e-02	4.377998e+00
1.890000e-06	8.525831e-03	4.496842e+00
1.900000e-06	2.801450e-04	4.715791e+00
1.910000e-06	6.161945e-03	4.875212e+00
1.920000e-06	2.024917e-02	5.084818e+00
1.930000e-06	-3.677524e-02	5.294792e+00
1.940000e-06	1.989582e-02	5.463663e+00
1.950000e-06	3.538285e-02	5.612050e+00
1.960000e-06	1.342224e-02	5.738442e+00
1.970000e-06	-2.679010e-02	5.928895e+00
1.980000e-06	-1.216878e-02	6.095262e+00
1.990000e-06	4.607412e-02	6.221557e+00
2.000000e-06	-9.011522e-03	6.388449e+00
2.010000e-06	2.532642e-03	6.495763e+00
2.020000e-06	1.283505e-02	6.705264e+00
2.030000e-06	1.065938e-02	6.832731e+00
2.040000e-06	1.706524e-02	6.970895e+00
2.050000e-06	-1.430831e-02	7.085211e+00
2.060000e-06	5.867010e-03	7.191078e+00
2.070000e-06	1.510092e-02	7.308874e+00
2.080000e-06	1.695391e-02	7.558897e+00
2.090000e-06	4.262539e-03	7.655241e+00
2.100000e-06	2.509805e-03	7.781975e+00
2.110000e-06	1.961538e-02	7.928396e+00
2.120000e-06	4.438082e-03	8.077262e+00
2.130000e-06	4.135550e-03	8.211447e+00
2.140000e-06	6.015501e-03	8.306344e+00
2.150000e-06	1.559223e-02	8.391499e+00
2.160000e-06	1.555056e-02	8.464685e+00
2.170000e-06	6.356990e-03	8.611400e+00
2.180000e-06	1.070878e-02	8.652663e+00
2.190000e-06	1.378992e-02	8.778893e+00
2.200000e-06	1.130339e-02	8.833081e+00
2.210000e-06	4.789623e-03	8.926767e+00
2.220000e-06	8.543272e-03	9.033155e+00
2.230000e-06	1.908895e-02	9.178898e+00
2.240000e-06	1.418180e-02	9.181076e+00
2.250000e-06	9.279147e-03	9.253737e+00
2.260000e-06	1.154537e-02	9.357921e+00
2.270000e-06	1.693308e-02	9.401103e+00
2.280000e-06	1.522593e-02	9.485791e+00
2.290000e-06	7.123774e-03	9.537895e+00
2.300000e-06	1.305577e-02	9.580478e+00
2.310000e-06	1.886525e-02	9.633687e+00
2.320000e-06	1.748453e-02	9.706390e+00
2.330000e-06	1.013639e-02	9.779550e+00
2.340000e-06	1.221977e-02	9.854659e+00
2.350000e-06	1.874243e-02	9.898361e+00
2.360000e-06	1.767371e-02	9.938293e+00
2.370000e-06	1.397092e-02	9.958896e+00
2.380000e-06	1.500182e-02	1.001065e+01
2.390000e-06	2.198482e-02	1.004361e+01
2.400000e-06	1.690016e-02	1.005319e+01
2.410000e-06	1.517642e-02	1.005426e+01
2.420000e-06	1.498179e-02	1.007521e+01
2.430000e-06	2.115955e-02	1.008634e+01
2.440000e-06	2.197144e-02	1.010884e+01
2.450000e-06	1.851788e-02	1.013576e+01
2.460000e-06	1.950115e-02	1.007784e+01
2.470000e-06	2.209160e-02	1.010682e+01
2.480000e-06	2.361633e-02	1.010792e+01
2.490000e-06	2.001286e-02	1.009577e+01
2.500000e-06	2.229510e-02	1.006531e+01
2.510000e-06	2.654137e-02	1.004634e+01
2.520000e-06	2.836316e-02	1.008424e+01
2.530000e-06	2.451617e-02	1.005368e+01
2.540000e-06	2.486004e-02	1.005155e+01
2.550000e-06	2.887203e-02	1.001215e+01
2.560000e-06	3.092621e-02	9.990399e+00
2.570000e-06	2.895281e-02	9.936845e+00
2.580000e-06	2.933743e-02	9.925342e+00
2.590000e-06	3.306740e-02	9.812637e+00
2.600000e-06	3.410744e-02	9.782024e+00
2.610000e-06	3.206700e-02	9.737821e+00
2.620000e-06	3.152076e-02	9.653760e+00
2.630000e-06	3.483988e-02	9.631949e+00
2.640000e-06	3.926369e-02	9.548841e+00
2.650000e-06	3.800968e-02	9.505815e+00
2.660000e-06	3.760562e-02	9.443152e+00
2.670000e-06	4.098525e-02	9.377899e+00
2.680000e-06	4.448301e-02	9.285713e+00
2.690000e-06	4.241412e-02	9.221653e+00
2.700000e-06	4.320712e-02	9.147895e+00
2.710000e-06	4.487187e-02	9.083734e+00
2.720000e-06	4.817864e-02	8.926920e+00
2.730000e-06	4.798767e-02	8.854703e+00
2.740000e-06	4.877284e-02	8.748869e+00
2.750000e-06	5.057511e-02	8.695160e+00
2.760000e-06	5.307150e-02	8.559494e+00
2.770000e-06	5.266238e-02	8.484261e+00
2.780000e-06	5.035346e-02	8.381524e+00
2.790000e-06	5.153507e-02	8.306288e+00
2.800000e-06	5.256937e-02	8.188139e+00
2.810000e-06	5.092917e-02	8.032155e+00
2.820000e-06	4.968197e-02	7.907346e+00
2.830000e-06	5.076385e-02	7.812125e+00
2.840000e-06	4.923407e-02	7.704287e+00
2.850000e-06	4.836100e-02	7.609445e+00
2.860000e-06	4.720304e-02	7.381629e+00
2.870000e-06	4.572245e-02	7.280731e+00
2.880000e-06	4.364002e-02	7.106840e+00
2.890000e-06	4.229833e-02	6.969048e+00
2.900000e-06	4.053002e-02	6.853158e+00
2.910000e-06	3.826203e-02	6.778890e+00
2.920000e-06	3.616367e-02	6.527099e+00
2.930000e-06	3.553597e-02	6.390550e+00
2.940000e-06	3.446889e-02	6.284706e+00
2.950000e-06	3.126414e-02	6.146816e+00
2.960000e-06	3.011100e-02	6.029525e+00
2.970000e-06	2.836388e-02	5.891761e+00
2.980000e-06	2.714906e-02	5.674328e+00
2.990000e-06	2.481861e-02	5.506340e+00
3.000000e-06	2.334857e-02	5.348444e+00
3.010000e-06	2.173527e-02	5.159496e+00
3.020000e-06	2.118587e-02	4.987446e+00
3.030000e-06	1.877285e-02	4.798448e+00
3.040000e-06	1.816624e-02	4.629100e+00
3.050000e-06	1.667828e-02	4.484181e+00
3.060000e-06	1.526041e-02	4.355941e+00
3.070000e-06	1.345691e-02	4.084708e+00
3.080000e-06	1.316131e-02	3.927392e+00
3.090000e-06	1.184768e-02	3.788497e+00
3.100000e-06	1.077968e-02	3.620028e+00
3.110000e-06	8.744134e-03	3.442127e+00
3.120000e-06	7.511332e-03	3.240526e+00
3.130000e-06	6.367708e-03	3.061683e+00
3.140000e-06	5.970377e-03	2.924187e+00
3.150000e-06	6.113481e-03	2.738918e+00
3.160000e-06	4.574851e-03	2.483962e+00
3.170000e-06	3.168244e-03	2.315332e+00
3.180000e-06	2.566260e-03	2.127416e+00
3.190000e-06	2.577333e-03	2.009524e+00
3.200000e-06	1.468013e-03	1.811096e+00
3.210000e-06	-7.308991e-05	1.602005e+00
3.220000e-06	-9.754948e-04	1.450629e+00
3.230000e-06	1.542374e-04	1.212076e+00
3.240000e-06	-1.679029e-03	1.028003e+00
3.250000e-06	-2.406354e-03	7.879472e-01
3.260000e-06	-2.716078e-03	6.196001e-01
3.270000e-06	-3.760467e-04	4.415527e-01
3.280000e-06	-1.748367e-03	2.612590e-01
3.290000e-06	-3.888447e-03	5.155158e-02
3.300000e-06	4.851345e-04	-1.368184e-01
3.310000e-06	1.888025e-03	-3.277417e-01
3.320000e-06	-2.690626e-03	-4.310816e-01
3.330000e-06	-5.030813e-03	-6.546363e-01
3.340000e-06	-4.440996e-03	-8.220288e-01
3.350000e-06	-2.627186e-03	-9.598762e-01
3.360000e-06	-3.343819e-03	-1.138345e+00
3.370000e-06	7.583421e-03	-1.347693e+00
3.380000e-06	7.761551e-02	-1.558347e+00
3.390000e-06	-3.979979e-03	-1.727795e+00
3.400000e-06	-4.823322e-02	-1.981051e+00
3.410000e-06	-6.529843e-02	-2.264188e+00
3.420000e-06	-9.559588e-02	-2.441533e+00
3.430000e-06	1.035477e-01	-2.526866e+00
3.440000e-06	4.271235e-02	-2.643508e+00
3.450000e-06	-1.525672e-01	-2.842609e+00
3.460000e-06	1.338033e-01	-3.021429e+00
3.470000e-06	1.949750e-02	-3.169944e+00
3.480000e-06	-7.526186e-02	-3.381478e+00
3.490000e-06	5.791346e-02	-3.578371e+00
3.500000e-06	-1.215168e-01	-3.662615e+00
3.510000e-06	-6.196928e-03	-3.928795e+00
3.520000e-06	1.277478e-01	-4.043582e+00
3.530000e-06	-9.405346e-02	-4.256163e+00
3.540000e-06	2.118634e-02	-4.400453e+00
3.550000e-06	-1.780141e-02	-4.579897e+00
3.560000e-06	-2.553594e-02	-4.739475e+00
3.570000e-06	6.528112e-02	-4.929420e+00
3.580000e-06	-1.337758e-01	-5.094762e+00
3.590000e-06	4.888024e-02	-5.225609e+00
3.600000e-06	4.888124e-02	-5.495738e+00
3.610000e-06	-4.401031e-02	-5.664734e+00
3.620000e-06	-8.167798e-03	-5.791500e+00
3.630000e-06	-7.445067e-02	-5.938819e+00
3.640000e-06	7.640543e-02	-6.086265e+00
3.650000e-06	-3.618594e-02	-6.253711e+00
3.660000e-06	-5.130198e-02	-6.404158e+00
3.670000e-06	4.501323e-02	-6.538871e+00
3.680000e-06	-3.650672e-02	-6.716769e+00
3.690000e-06	3.373494e-02	-6.812132e+00
3.700000e-06	-7.536674e-02	-6.957504e+00
3.710000e-06	-5.225929e-03	-7.168501e+00
3.720000e-06	2.636804e-02	-7.245737e+00
3.730000e-06	-3.988546e-02	-7.433080e+00
3.740000e-06	7.502469e-03	-7.548893e+00
3.750000e-06	-4.577182e-02	-7.655713e+00
3.760000e-06	3.008826e-02	-7.892239e+00
3.770000e-06	-3.013097e-02	-7.980501e+00
3.780000e-06	-3.183368e-02	-8.077763e+00
3.790000e-06	-3.867987e-03	-8.232001e+00
3.800000e-06	-1.631098e-02	-8.327315e+00
3.810000e-06	1.182463e-02	-8.402476e+00
3.820000e-06	-4.769513e-02	-8.486297e+00
3.830000e-06	-3.884836e-03	-8.663256e+00
3.840000e-06	-1.117686e-02	-8.800925e+00
3.850000e-06	-1.256155e-02	-8.863734e+00
3.860000e-06	-2.465762e-02	-8.926391e+00
3.870000e-06	-2.657993e-02	-9.023628e+00
3.880000e-06	5.544762e-03	-9.086213e+00
3.890000e-06	-2.117201e-02	-9.169422e+00
3.900000e-06	-2.049655e-02	-9.253108e+00
3.910000e-06	-2.645545e-02	-9.306794e+00
3.920000e-06	-7.065161e-03	-9.451207e+00
3.930000e-06	-1.499157e-02	-9.488170e+00
3.940000e-06	-2.957633e-02	-9.570447e+00
3.950000e-06	-1.962375e-02	-9.643579e+00
3.960000e-06	-1.126793e-02	-9.685237e+00
3.970000e-06	-1.346640e-02	-9.688818e+00
3.980000e-06	-2.961327e-02	-9.790974e+00
3.990000e-06	-2.241083e-02	-9.833683e+00
4.000000e-06	-1.561285e-02	-9.873743e+00
4.010000e-06	-1.741686e-02	-9.956845e+00
4.020000e-06	-3.010699e-02	-9.938524e+00
4.030000e-06	-2.335796e-02	-9.959948e+00
4.040000e-06	-1.646668e-02	-1.001155e+01
4.050000e-06	-1.957038e-02	-1.004461e+01
4.060000e-06	-3.042816e-02	-1.009371e+01
4.070000e-06	-2.705715e-02	-1.008629e+01
4.080000e-06	-1.912077e-02	-1.009569e+01
4.090000e-06	-2.084772e-02	-1.011777e+01
4.100000e-06	-2.938636e-02	-1.012877e+01
4.110000e-06	-2.934078e-02	-1.012845e+01
4.120000e-06	-2.279333e-02	-1.011882e+01
4.130000e-06	-2.743354e-02	-1.009760e+01
4.140000e-06	-3.301310e-02	-1.015837e+01
4.150000e-06	-3.049957e-02	-1.013787e+01
4.160000e-06	-2.542955e-02	-1.010640e+01
4.170000e-06	-2.837220e-02	-1.009647e+01
4.180000e-06	-3.565998e-02	-1.006676e+01
4.190000e-06	-3.490859e-02	-1.005416e+01
4.200000e-06	-3.149782e-02	-1.006313e+01
4.210000e-06	-3.220851e-02	-1.000200e+01
4.220000e-06	-3.705200e-02	-1.001048e+01
4.230000e-06	-3.786435e-02	-9.939873e+00
4.240000e-06	-3.501847e-02	-9.937342e+00
4.250000e-06	-3.853343e-02	-9.894836e+00
4.260000e-06	-4.300445e-02	-9.822632e+00
4.270000e-06	-4.316545e-02	-9.770955e+00
4.280000e-06	-3.821722e-02	-9.767821e+00
4.290000e-06	-3.818133e-02	-9.706338e+00
4.300000e-06	-4.191916e-02	-9.642633e+00
4.310000e-06	-4.593131e-02	-9.601024e+00
4.320000e-06	-4.703017e-02	-9.528316e+00
4.330000e-06	-4.742042e-02	-9.404736e+00
4.340000e-06	-5.172567e-02	-9.338945e+00
4.350000e-06	-5.048016e-02	-9.274130e+00
4.360000e-06	-4.962288e-02	-9.181396e+00
4.370000e-06	-5.006639e-02	-9.116239e+00
4.380000e-06	-5.429486e-02	-9.031603e+00
4.390000e-06	-5.535217e-02	-8.957314e+00
4.400000e-06	-5.608708e-02	-8.833608e+00
4.410000e-06	-5.685095e-02	-8.779395e+00
4.420000e-06	-5.835434e-02	-8.674162e+00
4.430000e-06	-5.972527e-02	-8.517441e+00
4.440000e-06	-5.684187e-02	-8.441501e+00
4.450000e-06	-5.824899e-02	-8.336868e+00
4.460000e-06	-5.946832e-02	-8.251605e+00
4.470000e-06	-5.954559e-02	-8.076836e+00
4.480000e-06	-5.556320e-02	-8.031576e+00
4.490000e-06	-5.776531e-02	-7.932808e+00
4.500000e-06	-5.695903e-02	-7.755017e+00
4.510000e-06	-5.674454e-02	-7.580520e+00
4.520000e-06	-5.261133e-02	-7.453679e+00
4.530000e-06	-5.290389e-02	-7.327339e+00
4.540000e-06	-5.303511e-02	-7.220002e+00
4.550000e-06	-5.124914e-02	-7.115738e+00
4.560000e-06	-4.692293e-02	-6.885337e+00
4.570000e-06	-4.553879e-02	-6.769895e+00
4.580000e-06	-4.547708e-02	-6.653080e+00
4.590000e-06	-4.408577e-02	-6.446312e+00
4.600000e-06	-4.046208e-02	-6.370469e+00
4.610000e-06	-3.874796e-02	-6.221099e+00
4.620000e-06	-3.821190e-02	-6.031550e+00
4.630000e-06	-3.757940e-02	-5.905712e+00
4.640000e-06	-3.549563e-02	-5.748915e+00
4.650000e-06	-3.177219e-02	-5.611522e+00
4.660000e-06	-3.136658e-02	-5.411421e+00
4.670000e-06	-3.072249e-02	-5.179496e+00
4.680000e-06	-2.829329e-02	-5.072105e+00
4.690000e-06	-2.606047e-02	-4.790148e+00
4.700000e-06	-2.478381e-02	-4.651633e+00
4.710000e-06	-2.540460e-02	-4.524808e+00
4.720000e-06	-2.294013e-02	-4.367941e+00
4.730000e-06	-2.085747e-02	-4.260023e+00
4.740000e-06	-1.921400e-02	-4.011180e+00
4.750000e-06	-2.122331e-02	-3.895737e+00
4.760000e-06	-1.956084e-02	-3.713658e+00
4.770000e-06	-1.664327e-02	-3.532786e+00
4.780000e-06	-1.373766e-02	-3.346816e+00
4.790000e-06	-1.581843e-02	-3.170419e+00
4.800000e-06	-1.514934e-02	-2.945913e+00
4.810000e-06	-1.272340e-02	-2.768021e+00
4.820000e-06	-1.180266e-02	-2.590005e+00
4.830000e-06	-1.376361e-02	-2.432029e+00
4.840000e-06	-1.203539e-02	-2.252708e+00
4.850000e-06	-9.774185e-03	-2.041000e+00
4.860000e-06	-8.604501e-03	-1.842132e+00
4.870000e-06	-9.581947e-03	-1.704182e+00
4.880000e-06	-9.102386e-03	-1.535312e+00
4.890000e-06	-6.876439e-03	-1.244654e+00
4.900000e-06	-6.285553e-03	-1.053080e+00
4.910000e-06	-7.217881e-03	-8.737117e-01
4.920000e-06	-6.476356e-03	-7.258142e-01
4.930000e-06	-4.525228e-03	-5.146854e-01
4.940000e-06	-3.661860e-03	-3.358620e-01
4.950000e-06	-2.879021e-03	-1.258419e-01
4.960000e-06	7.217201e-05	-9.445997e-03
4.970000e-06	6.031881e-04	2.030330e-01
4.980000e-06	1.738490e-04	4.005278e-01
4.990000e-06	3.432819e-04	5.595248e-01
5.000000e-06	-6.936332e-04	7.369484e-01
5.010000e-06	7.639535e-04	8.846407e-01
5.020000e-06	1.727712e-03	1.109340e+00
5.030000e-06	6.255991e-03	1.345293e+00
5.040000e-06	3.464565e-02	1.486697e+00
5.050000e-06	5.683388e-02	1.829030e+00
5.060000e-06	-2.677967e-02	1.970429e+00
5.070000e-06	-4.829308e-02	2.159451e+00
5.080000e-06	-4.457146e-02	2.287319e+00
5.090000e-06	-5.166235e-02	2.390502e+00
5.100000e-06	7.290508e-02	2.538400e+00
5.110000e-06	4.158631e-02	2.780502e+00
5.120000e-06	-1.062755e-01	2.907971e+00
5.130000e-06	1.066358e-01	3.045133e+00
5.140000e-06	3.290804e-02	3.294639e+00
5.150000e-06	-4.435196e-02	3.495794e+00
5.160000e-06	2.421092e-02	3.620582e+00
5.170000e-06	-6.438854e-02	3.793130e+00
5.180000e-06	1.968703e-02	3.950453e+00
5.190000e-06	7.908876e-02	4.128868e+00
5.200000e-06	-3.598675e-02	4.378928e+00
5.210000e-06	6.208397e-04	4.486841e+00
5.220000e-06	2.930556e-04	4.686815e+00
5.230000e-06	1.729702e-03	4.854164e+00
5.240000e-06	2.265200e-02	5.095317e+00
5.250000e-06	-3.566293e-02	5.286289e+00
5.260000e-06	2.150746e-02	5.483133e+00
5.270000e-06	3.861562e-02	5.600578e+00
5.280000e-06	1.559616e-02	5.697973e+00
5.290000e-06	-3.012786e-02	5.929324e+00
5.300000e-06	-1.790934e-02	6.084710e+00
5.310000e-06	4.539317e-02	6.223605e+00
5.320000e-06	-4.790863e-03	6.348870e+00
5.330000e-06	9.074190e-04	6.454740e+00
5.340000e-06	1.564058e-02	6.676292e+00
5.350000e-06	1.256471e-02	6.833161e+00
5.360000e-06	1.938002e-02	6.898898e+00
5.370000e-06	-1.654153e-02	7.085263e+00
5.380000e-06	2.079461e-03	7.191054e+00
5.390000e-06	1.427298e-02	7.305942e+00
5.400000e-06	1.669134e-02	7.528346e+00
5.410000e-06	5.520232e-03	7.644237e+00
5.420000e-06	2.717801e-03	7.781529e+00
5.430000e-06	2.204927e-02	7.907720e+00
5.440000e-06	6.826686e-03	8.097759e+00
5.450000e-06	2.455655e-03	8.210629e+00
5.460000e-06	4.462892e-03	8.286816e+00
5.470000e-06	1.461566e-02	8.400003e+00
5.480000e-06	1.712098e-02	8.443136e+00
5.490000e-06	5.145280e-03	8.550527e+00
5.500000e-06	9.920284e-03	8.644735e+00
5.510000e-06	1.444747e-02	8.757869e+00
5.520000e-06	1.287269e-02	8.832600e+00
5.530000e-06	6.748073e-03	8.866312e+00
5.540000e-06	6.915385e-03	9.024688e+00
5.550000e-06	1.799361e-02	9.108442e+00
5.560000e-06	1.371353e-02	9.201003e+00
5.570000e-06	9.367062e-03	9.263811e+00
5.580000e-06	9.368287e-03	9.347446e+00
5.590000e-06	1.709411e-02	9.442057e+00
5.600000e-06	1.662956e-02	9.524711e+00
5.610000e-06	9.016095e-03	9.518372e+00
5.620000e-06	1.297358e-02	9.610025e+00
5.630000e-06	1.739064e-02	9.663182e+00
5.640000e-06	1.675367e-02	9.717343e+00
5.650000e-06	1.064726e-02	9.771125e+00
5.660000e-06	1.258471e-02	9.862212e+00
5.670000e-06	1.807317e-02	9.896843e+00
5.680000e-06	1.761228e-02	9.977396e+00
5.690000e-06	1.477963e-02	9.970971e+00
5.700000e-06	1.478850e-02	1.005103e+01
5.710000e-06	2.085121e-02	1.003263e+01
5.720000e-06	1.789036e-02	1.004373e+01
5.730000e-06	1.633503e-02	1.005421e+01
5.740000e-06	1.577761e-02	1.004421e+01
5.750000e-06	2.038394e-02	1.008581e+01
5.760000e-06	2.123470e-02	1.009537e+01
5.770000e-06	1.890966e-02	1.010691e+01
5.780000e-06	1.842156e-02	1.008677e+01
5.790000e-06	2.124786e-02	1.010642e+01
5.800000e-06	2.304557e-02	1.011627e+01
5.810000e-06	2.220866e-02	1.009437e+01
5.820000e-06	2.276490e-02	1.005629e+01
5.830000e-06	2.557433e-02	1.008626e+01
5.840000e-06	2.723765e-02	1.007521e+01
5.850000e-06	2.502180e-02	1.004168e+01
5.860000e-06	2.505678e-02	1.001156e+01
5.870000e-06	2.747868e-02	1.003155e+01
5.880000e-06	2.964973e-02	9.989949e+00
5.890000e-06	3.040440e-02	9.938416e+00
5.900000e-06	3.034250e-02	9.905738e+00
5.910000e-06	3.289690e-02	9.823754e+00
5.920000e-06	3.279969e-02	9.749024e+00
5.930000e-06	3.291689e-02	9.738414e+00
5.940000e-06	3.285079e-02	9.652682e+00
5.950000e-06	3.585398e-02	9.611573e+00
5.960000e-06	3.764577e-02	9.527893e+00
5.970000e-06	3.716815e-02	9.467211e+00
5.980000e-06	3.988771e-02	9.401153e+00
5.990000e-06	4.052036e-02	9.347441e+00
6.000000e-06	4.248020e-02	9.294288e+00
6.010000e-06	4.253119e-02	9.221606e+00
6.020000e-06	4.487422e-02	9.167970e+00
6.030000e-06	4.656308e-02	9.024362e+00
6.040000e-06	4.671080e-02	8.948967e+00
6.050000e-06	4.808889e-02	8.833206e+00
6.060000e-06	4.954479e-02	8.770443e+00
6.070000e-06	5.100199e-02	8.674815e+00
6.080000e-06	5.117685e-02	8.568948e+00
6.090000e-06	5.089416e-02	8.495810e+00
6.100000e-06	5.090310e-02	8.410501e+00
6.110000e-06	5.308223e-02	8.316889e+00
6.120000e-06	5.184821e-02	8.167894e+00
6.130000e-06	5.246953e-02	8.072683e+00
6.140000e-06	5.140208e-02	7.938415e+00
6.150000e-06	5.168729e-02	7.810550e+00
6.160000e-06	4.944023e-02	7.676809e+00
6.170000e-06	4.679658e-02	7.578397e+00
6.180000e-06	4.605827e-02	7.431602e+00
6.190000e-06	4.526415e-02	7.241182e+00
6.200000e-06	4.433908e-02	7.125816e+00
6.210000e-06	4.237523e-02	6.970950e+00
6.220000e-06	4.121281e-02	6.883186e+00
6.230000e-06	4.033088e-02	6.738942e+00
6.240000e-06	3.794223e-02	6.569000e+00
6.250000e-06	3.409666e-02	6.420526e+00
6.260000e-06	3.268406e-02	6.274708e+00
6.270000e-06	3.172855e-02	6.146841e+00
6.280000e-06	3.105074e-02	6.060577e+00
6.290000e-06	2.719780e-02	5.843258e+00
6.300000e-06	2.690420e-02	5.674632e+00
6.310000e-06	2.667051e-02	5.546866e+00
6.320000e-06	2.536965e-02	5.338924e+00
6.330000e-06	2.147666e-02	5.179499e+00
6.340000e-06	1.859901e-02	4.957402e+00
6.350000e-06	1.947032e-02	4.807953e+00
6.360000e-06	1.798757e-02	4.621074e+00
6.370000e-06	1.655793e-02	4.471082e+00
6.380000e-06	1.231017e-02	4.315845e+00
6.390000e-06	1.524312e-02	4.135712e+00
6.400000e-06	1.336143e-02	3.917443e+00
6.410000e-06	1.121442e-02	3.768972e+00
6.420000e-06	7.950381e-03	3.610978e+00
6.430000e-06	9.238359e-03	3.443207e+00
6.440000e-06	8.214679e-03	3.240029e+00
6.450000e-06	7.416008e-03	3.071733e+00
6.460000e-06	4.610426e-03	2.884358e+00
6.470000e-06	5.509179e-03	2.767870e+00
6.480000e-06	4.673906e-03	2.555214e+00
6.490000e-06	3.883269e-03	2.306891e+00
6.500000e-06	1.587590e-03	2.185891e+00
6.510000e-06	9.859637e-04	2.019048e+00
6.520000e-06	1.538255e-03	1.810048e+00
6.530000e-06	1.624155e-03	1.609003e+00
6.540000e-06	4.664761e-04	1.430051e+00
6.550000e-06	-1.329874e-03	1.240054e+00
6.560000e-06	-6.791053e-04	9.985186e-01
6.570000e-06	-1.681650e-03	8.299960e-01
6.580000e-06	-2.751278e-03	6.520763e-01
6.590000e-06	-3.346718e-03	4.410304e-01
6.600000e-06	-2.164888e-03	2.717304e-01
6.610000e-06	-1.945331e-03	2.152896e-02
6.620000e-06	1.563938e-03	-1.267134e-01
6.630000e-06	1.480138e-03	-2.952120e-01
6.640000e-06	-3.322487e-03	-4.110778e-01
6.650000e-06	-2.401344e-03	-6.241616e-01
6.660000e-06	-3.136541e-03	-8.020540e-01
6.670000e-06	-4.423314e-03	-9.794459e-01
6.680000e-06	-4.146031e-03	-1.117817e+00
6.690000e-06	7.055556e-03	-1.306767e+00
6.700000e-06	7.671694e-02	-1.537369e+00
6.710000e-06	-1.720867e-03	-1.687294e+00
6.720000e-06	-4.894872e-02	-1.969421e+00
6.730000e-06	-6.137827e-02	-2.274578e+00
6.740000e-06	-9.562306e-02	-2.411104e+00
6.750000e-06	9.612183e-02	-2.516687e+00
6.760000e-06	5.333827e-02	-2.622554e+00
6.770000e-06	-1.576605e-01	-2.811610e+00
6.780000e-06	1.261344e-01	-3.020027e+00
6.790000e-06	2.893295e-02	-3.137895e+00
6.800000e-06	-8.181122e-02	-3.411055e+00
6.810000e-06	5.988705e-02	-3.568341e+00
6.820000e-06	-1.124109e-01	-3.664661e+00
6.830000e-06	-1.871657e-02	-3.938320e+00
6.840000e-06	1.323563e-01	-4.063134e+00
6.850000e-06	-8.968063e-02	-4.254632e+00
6.860000e-06	1.544347e-02	-4.420052e+00
6.870000e-06	-1.154793e-02	-4.528867e+00
6.880000e-06	-3.460448e-02	-4.769446e+00
6.890000e-06	6.957822e-02	-4.956791e+00
6.900000e-06	-1.304393e-01	-5.075189e+00
6.910000e-06	4.039016e-02	-5.274212e+00
6.920000e-06	5.638464e-02	-5.455784e+00
6.930000e-06	-4.668284e-02	-5.644713e+00
6.940000e-06	-4.528761e-03	-5.761024e+00
6.950000e-06	-7.554267e-02	-5.947816e+00
6.960000e-06	7.155323e-02	-6.084187e+00
6.970000e-06	-2.958340e-02	-6.282158e+00
6.980000e-06	-5.798633e-02	-6.434108e+00
6.990000e-06	4.810562e-02	-6.529396e+00
7.000000e-06	-3.722702e-02	-6.717770e+00
7.010000e-06	3.094350e-02	-6.833531e+00
7.020000e-06	-7.163724e-02	-6.967928e+00
7.030000e-06	-1.041971e-02	-7.180476e+00
7.040000e-06	3.148354e-02	-7.236690e+00
7.050000e-06	-4.264128e-02	-7.412079e+00
7.060000e-06	7.842909e-03	-7.518347e+00
7.070000e-06	-4.448078e-02	-7.637289e+00
7.080000e-06	2.912447e-02	-7.876613e+00
7.090000e-06	-2.761696e-02	-8.000020e+00
7.100000e-06	-3.689498e-02	-8.086288e+00
7.110000e-06	9.924100e-04	-8.220550e+00
7.120000e-06	-1.898281e-02	-8.318817e+00
7.130000e-06	1.130982e-02	-8.430549e+00
7.140000e-06	-4.945361e-02	-8.506820e+00
7.150000e-06	-2.261445e-03	-8.652155e+00
7.160000e-06	-7.303035e-03	-8.748924e+00
7.170000e-06	-1.402004e-02	-8.832634e+00
7.180000e-06	-2.594297e-02	-8.936843e+00
7.190000e-06	-2.861184e-02	-9.052182e+00
7.200000e-06	6.957852e-03	-9.094742e+00
7.210000e-06	-2.179084e-02	-9.181422e+00
7.220000e-06	-2.429066e-02	-9.212757e+00
7.230000e-06	-2.438483e-02	-9.298188e+00
7.240000e-06	-3.920863e-03	-9.441204e+00
7.250000e-06	-1.364073e-02	-9.467312e+00
7.260000e-06	-3.039182e-02	-9.589945e+00
7.270000e-06	-2.078902e-02	-9.641603e+00
7.280000e-06	-8.742339e-03	-9.695665e+00
7.290000e-06	-1.431556e-02	-9.696394e+00
7.300000e-06	-3.275100e-02	-9.770954e+00
7.310000e-06	-2.326359e-02	-9.803083e+00
7.320000e-06	-1.214106e-02	-9.876287e+00
7.330000e-06	-1.497141e-02	-9.938244e+00
7.340000e-06	-3.032016e-02	-9.969445e+00
7.350000e-06	-2.441982e-02	-1.001100e+01
7.360000e-06	-1.433571e-02	-1.002198e+01
7.370000e-06	-1.940306e-02	-1.001366e+01
7.380000e-06	-3.151824e-02	-1.005521e+01
7.390000e-06	-2.927997e-02	-1.009471e+01
7.400000e-06	-1.638611e-02	-1.008587e+01
7.410000e-06	-2.030598e-02	-1.008842e+01
7.420000e-06	-2.884341e-02	-1.011995e+01
7.430000e-06	-3.090763e-02	-1.014743e+01
7.440000e-06	-2.187528e-02	-1.014590e+01
7.450000e-06	-2.479054e-02	-1.013842e+01
7.460000e-06	-3.291423e-02	-1.012892e+01
7.470000e-06	-3.247901e-02	-1.014640e+01
7.480000e-06	-2.523542e-02	-1.008682e+01
7.490000e-06	-2.470834e-02	-1.011679e+01
7.500000e-06	-3.571813e-02	-1.007579e+01
7.510000e-06	-3.792174e-02	-1.004564e+01
7.520000e-06	-3.110096e-02	-1.005258e+01
7.530000e-06	-3.022886e-02	-1.000200e+01
7.540000e-06	-3.735247e-02	-1.000942e+01
7.550000e-06	-3.999397e-02	-9.949421e+00
7.560000e-06	-3.378169e-02	-9.937341e+00
7.570000e-06	-3.335080e-02	-9.905288e+00
7.580000e-06	-4.173336e-02	-9.833080e+00
7.590000e-06	-4.521385e-02	-9.790028e+00
7.600000e-06	-3.953436e-02	-9.757919e+00
7.610000e-06	-3.728515e-02	-9.685790e+00
7.620000e-06	-4.382019e-02	-9.632534e+00
7.630000e-06	-4.852943e-02	-9.598950e+00
7.640000e-06	-4.524595e-02	-9.566789e+00
7.650000e-06	-4.386290e-02	-9.453731e+00
7.660000e-06	-4.947821e-02	-9.357475e+00
7.670000e-06	-5.464831e-02	-9.254135e+00
7.680000e-06	-5.045579e-02	-9.190020e+00
7.690000e-06	-5.013189e-02	-9.137314e+00
7.700000e-06	-5.460615e-02	-9.013127e+00
7.710000e-06	-5.925689e-02	-8.925916e+00
7.720000e-06	-5.685095e-02	-8.853604e+00
7.730000e-06	-5.427685e-02	-8.769469e+00
7.740000e-06	-5.621991e-02	-8.673234e+00
7.750000e-06	-6.021941e-02	-8.557471e+00
7.760000e-06	-5.902496e-02	-8.422604e+00
7.770000e-06	-5.707046e-02	-8.326365e+00
7.780000e-06	-5.974419e-02	-8.213579e+00
7.790000e-06	-6.136492e-02	-8.114362e+00
7.800000e-06	-5.920245e-02	-8.032001e+00
7.810000e-06	-5.658749e-02	-7.935270e+00
7.820000e-06	-5.524896e-02	-7.756945e+00
7.830000e-06	-5.678852e-02	-7.622596e+00
7.840000e-06	-5.385878e-02	-7.462682e+00
7.850000e-06	-5.178677e-02	-7.336917e+00
7.860000e-06	-5.099261e-02	-7.208527e+00
7.870000e-06	-5.086705e-02	-7.085686e+00
7.880000e-06	-4.857343e-02	-6.905336e+00
7.890000e-06	-4.569351e-02	-6.798449e+00
7.900000e-06	-4.470865e-02	-6.672706e+00
7.910000e-06	-4.354213e-02	-6.526262e+00
7.920000e-06	-4.151736e-02	-6.379897e+00
7.930000e-06	-3.803475e-02	-6.210101e+00
7.940000e-06	-3.603323e-02	-6.040528e+00
7.950000e-06	-3.657891e-02	-5.905261e+00
7.960000e-06	-3.595122e-02	-5.758369e+00
7.970000e-06	-3.253536e-02	-5.581020e+00
7.980000e-06	-3.130233e-02	-5.461072e+00
7.990000e-06	-3.000296e-02	-5.230496e+00
8.000000e-06	-2.866537e-02	-5.043654e+00
8.010000e-06	-2.660193e-02	-4.852576e+00
8.020000e-06	-2.558358e-02	-4.663586e+00
8.030000e-06	-2.394241e-02	-4.534811e+00
8.040000e-06	-2.284543e-02	-4.357319e+00
8.050000e-06	-2.093844e-02	-4.209530e+00
8.060000e-06	-1.954437e-02	-4.063657e+00
8.070000e-06	-1.973173e-02	-3.915339e+00
8.080000e-06	-1.871130e-02	-3.692732e+00
8.090000e-06	-1.709485e-02	-3.545761e+00
8.100000e-06	-1.551223e-02	-3.307366e+00
8.110000e-06	-1.542815e-02	-3.177998e+00
8.120000e-06	-1.332931e-02	-2.996814e+00
8.130000e-06	-1.308041e-02	-2.789022e+00
8.140000e-06	-1.238754e-02	-2.620026e+00
8.150000e-06	-1.304421e-02	-2.440104e+00
8.160000e-06	-1.129062e-02	-2.281230e+00
8.170000e-06	-9.417708e-03	-2.052528e+00
8.180000e-06	-8.565843e-03	-1.862659e+00
8.190000e-06	-8.759171e-03	-1.703286e+00
8.200000e-06	-8.365145e-03	-1.556311e+00
8.210000e-06	-8.502048e-03	-1.292629e+00
8.220000e-06	-6.943526e-03	-1.073205e+00
8.230000e-06	-7.847240e-03	-8.952330e-01
8.240000e-06	-6.122971e-03	-7.169607e-01
8.250000e-06	-4.174104e-03	-5.327341e-01
8.260000e-06	-3.676536e-03	-3.373882e-01
8.270000e-06	-2.887262e-03	-1.969458e-01
8.280000e-06	4.380366e-04	1.995388e-02
8.290000e-06	1.689594e-03	2.141053e-01
8.300000e-06	-2.229590e-03	4.100303e-01
8.310000e-06	-1.695288e-03	5.293713e-01
8.320000e-06	-6.690737e-05	7.058422e-01
8.330000e-06	2.512580e-03	8.462158e-01
8.340000e-06	-6.136846e-04	1.098342e+00
8.350000e-06	4.329874e-03	1.315211e+00
8.360000e-06	3.423305e-02	1.464237e+00
8.370000e-06	6.115858e-02	1.749950e+00
8.380000e-06	-2.593207e-02	1.960453e+00
8.390000e-06	-5.052730e-02	2.177395e+00
8.400000e-06	-4.417437e-02	2.296288e+00
8.410000e-06	-5.143587e-02	2.402055e+00
8.420000e-06	6.451450e-02	2.527347e+00
8.430000e-06	4.772083e-02	2.758975e+00
8.440000e-06	-1.070781e-01	2.955316e+00
8.450000e-06	1.047331e-01	2.993582e+00
8.460000e-06	4.071153e-02	3.293162e+00
8.470000e-06	-4.774943e-02	3.465735e+00
8.480000e-06	2.604531e-02	3.601555e+00
8.490000e-06	-6.323393e-02	3.801629e+00
8.500000e-06	8.868183e-03	3.980471e+00
8.510000e-06	7.843344e-02	4.085794e+00
8.520000e-06	-3.215029e-02	4.339924e+00
8.530000e-06	2.145801e-03	4.494790e+00
8.540000e-06	5.383975e-03	4.716741e+00
8.550000e-06	3.785873e-04	4.833587e+00
8.560000e-06	2.577111e-02	5.084218e+00
8.570000e-06	-3.617597e-02	5.294265e+00
8.580000e-06	1.516979e-02	5.403133e+00
8.590000e-06	3.505058e-02	5.620425e+00
8.600000e-06	1.716545e-02	5.698770e+00
8.610000e-06	-2.379026e-02	5.917447e+00
8.620000e-06	-1.766340e-02	6.065259e+00
8.630000e-06	4.614536e-02	6.231054e+00
8.640000e-06	-3.608276e-03	6.348914e+00
8.650000e-06	-2.522840e-04	6.435308e+00
8.660000e-06	1.351690e-02	6.727190e+00
8.670000e-06	9.947149e-03	6.813131e+00
8.680000e-06	1.820286e-02	6.959397e+00
8.690000e-06	-1.329503e-02	7.115692e+00
8.700000e-06	3.207161e-03	7.202027e+00
8.710000e-06	1.599951e-02	7.329345e+00
8.720000e-06	1.707200e-02	7.518270e+00
8.730000e-06	6.959885e-03	7.672661e+00
8.740000e-06	1.927733e-03	7.791499e+00
8.750000e-06	1.955959e-02	7.895841e+00
8.760000e-06	5.989994e-03	8.014187e+00
8.770000e-06	3.294842e-03	8.200077e+00
8.780000e-06	6.272938e-03	8.286836e+00
8.790000e-06	1.368934e-02	8.391528e+00
8.800000e-06	1.794662e-02	8.442636e+00
8.810000e-06	6.401041e-03	8.538978e+00
8.820000e-06	9.332529e-03	8.623162e+00
8.830000e-06	1.384796e-02	8.767844e+00
8.840000e-06	1.250718e-02	8.832104e+00
8.850000e-06	6.743500e-03	8.917265e+00
8.860000e-06	8.474947e-03	9.033079e+00
8.870000e-06	1.817402e-02	9.139445e+00
8.880000e-06	1.365106e-02	9.211624e+00
8.890000e-06	1.009492e-02	9.264186e+00
8.900000e-06	9.940532e-03	9.329348e+00
8.910000e-06	1.491884e-02	9.411632e+00
8.920000e-06	1.531438e-02	9.466236e+00
8.930000e-06	9.263789e-03	9.557318e+00
8.940000e-06	1.354764e-02	9.610500e+00
8.950000e-06	1.741786e-02	9.633164e+00
8.960000e-06	1.796644e-02	9.707316e+00
8.970000e-06	1.020220e-02	9.758577e+00
8.980000e-06	1.149801e-02	9.822108e+00
8.990000e-06	1.675775e-02	9.884767e+00
9.000000e-06	1.762292e-02	9.938366e+00
9.010000e-06	1.445010e-02	9.999925e+00
9.020000e-06	1.351851e-02	1.003055e+01
9.030000e-06	2.072880e-02	1.003253e+01
9.040000e-06	1.928394e-02	1.003219e+01
9.050000e-06	1.618908e-02	1.005414e+01
9.060000e-06	1.491703e-02	1.007426e+01
9.070000e-06	2.077842e-02	1.006576e+01
9.080000e-06	2.204352e-02	1.009629e+01
9.090000e-06	1.867238e-02	1.008734e+01
9.100000e-06	1.731662e-02	1.012737e+01
9.110000e-06	2.130806e-02	1.010639e+01
9.120000e-06	2.382120e-02	1.009787e+01
9.130000e-06	2.153575e-02	1.009679e+01
9.140000e-06	2.190255e-02	1.008679e+01
9.150000e-06	2.573351e-02	1.005774e+01
9.160000e-06	2.795199e-02	1.009426e+01
9.170000e-06	2.556064e-02	1.007368e+01
9.180000e-06	2.488996e-02	1.002211e+01
9.190000e-06	2.728662e-02	1.002203e+01
9.200000e-06	3.023631e-02	9.999849e+00
9.210000e-06	3.061434e-02	9.917345e+00
9.220000e-06	2.859382e-02	9.956740e+00
9.230000e-06	3.178017e-02	9.826183e+00
9.240000e-06	3.394242e-02	9.779127e+00
9.250000e-06	3.341485e-02	9.708317e+00
9.260000e-06	3.212286e-02	9.663761e+00
9.270000e-06	3.483329e-02	9.612050e+00
9.280000e-06	3.898880e-02	9.558897e+00
9.290000e-06	3.829592e-02	9.504337e+00
9.300000e-06	3.864755e-02	9.443103e+00
9.310000e-06	3.906471e-02	9.369494e+00
9.320000e-06	4.298235e-02	9.265262e+00
9.330000e-06	4.338481e-02	9.251584e+00
9.340000e-06	4.420629e-02	9.159896e+00
9.350000e-06	4.549241e-02	9.094309e+00
9.360000e-06	4.764715e-02	8.938895e+00
9.370000e-06	4.874283e-02	8.862736e+00
9.380000e-06	4.814785e-02	8.728868e+00
9.390000e-06	5.099379e-02	8.673282e+00
9.400000e-06	5.158005e-02	8.580572e+00
9.410000e-06	5.207322e-02	8.485789e+00
9.420000e-06	5.130318e-02	8.419606e+00
9.430000e-06	5.195589e-02	8.296314e+00
9.440000e-06	5.220457e-02	8.221571e+00
9.450000e-06	5.140057e-02	8.022714e+00
9.460000e-06	5.123529e-02	7.977392e+00
9.470000e-06	5.114513e-02	7.831653e+00
9.480000e-06	4.975215e-02	7.726312e+00
9.490000e-06	4.773544e-02	7.599971e+00
9.500000e-06	4.618817e-02	7.392654e+00
9.510000e-06	4.569355e-02	7.252734e+00
9.520000e-06	4.503296e-02	7.116839e+00
9.530000e-06	4.124463e-02	7.001051e+00
9.540000e-06	4.019538e-02	6.883310e+00
9.550000e-06	3.939675e-02	6.749417e+00
9.560000e-06	3.844504e-02	6.589951e+00
9.570000e-06	3.570170e-02	6.421103e+00
9.580000e-06	3.317027e-02	6.295813e+00
9.590000e-06	3.174937e-02	6.138416e+00
9.600000e-06	2.942881e-02	6.031076e+00
9.610000e-06	2.776734e-02	5.885861e+00
9.620000e-06	2.502693e-02	5.698759e+00
9.630000e-06	2.502231e-02	5.566342e+00
9.640000e-06	2.425031e-02	5.348948e+00
9.650000e-06	2.235970e-02	5.199428e+00
9.660000e-06	1.992141e-02	5.008046e+00
9.670000e-06	1.973927e-02	4.809970e+00
9.680000e-06	1.703101e-02	4.652577e+00
9.690000e-06	1.511806e-02	4.474658e+00
9.700000e-06	1.337353e-02	4.327872e+00
9.710000e-06	1.442261e-02	4.143738e+00
9.720000e-06	1.261225e-02	3.926868e+00
9.730000e-06	1.021402e-02	3.780022e+00
9.740000e-06	9.470705e-03	3.621080e+00
9.750000e-06	1.063157e-02	3.414077e+00
9.760000e-06	8.824199e-03	3.251628e+00
9.770000e-06	6.505873e-03	3.054683e+00
9.780000e-06	6.012197e-03	2.883812e+00
9.790000e-06	5.732988e-03	2.778870e+00
9.800000e-06	3.727159e-03	2.565217e+00
9.810000e-06	2.399246e-03	2.386888e+00
9.820000e-06	2.657146e-03	2.158392e+00
9.830000e-06	3.101176e-03	2.001000e+00
9.840000e-06	2.257951e-03	1.811625e+00
9.850000e-06	1.799319e-04	1.647474e+00
9.860000e-06	2.591194e-04	1.420074e+00
9.870000e-06	1.837610e-04	1.252106e+00
9.880000e-06	-1.740671e-04	9.974962e-01
9.890000e-06	-2.123066e-03	8.189760e-01
9.900000e-06	-2.577501e-03	6.410262e-01
9.910000e-06	-2.134271e-03	4.211052e-01
9.920000e-06	-6.681720e-04	3.042530e-01
9.930000e-06	-3.256302e-03	6.360420e-02
9.940000e-06	4.378742e-04	-1.172920e-01
9.950000e-06	1.664415e-03	-2.642620e-01
9.960000e-06	-7.874257e-04	-4.420565e-01
9.970000e-06	-1.738293e-03	-6.426053e-01
9.980000e-06	-5.343880e-03	-8.300264e-01
9.990000e-06	-3.675087e-03	-9.484687e-01
1.000000e-05	-2.985925e-03	-1.108317e+00
1.001000e-05	6.655815e-03	-1.305839e+00
1.002000e-05	7.358795e-02	-1.507890e+00
1.003000e-05	3.900747e-03	-1.726816e+00
1.004000e-05	-4.862851e-02	-1.968947e+00
1.005000e-05	-5.933414e-02	-2.163637e+00
1.006000e-05	-9.813615e-02	-2.412053e+00
1.007000e-05	8.799194e-02	-2.517761e+00
1.008000e-05	6.569372e-02	-2.611500e+00
1.009000e-05	-1.601113e-01	-2.812029e+00
1.010000e-05	1.162997e-01	-3.001401e+00
1.011000e-05	3.935538e-02	-3.157924e+00
1.012000e-05	-8.548431e-02	-3.351050e+00
1.013000e-05	5.994580e-02	-3.537346e+00
1.014000e-05	-1.075547e-01	-3.653166e+00
1.015000e-05	-3.049540e-02	-3.927366e+00
1.016000e-05	1.378439e-01	-4.022538e+00
1.017000e-05	-8.388853e-02	-4.214584e+00
1.018000e-05	8.165279e-03	-4.400505e+00
1.019000e-05	-6.008502e-03	-4.508819e+00
1.020000e-05	-4.013585e-02	-4.759928e+00
1.021000e-05	7.497726e-02	-4.907716e+00
1.022000e-05	-1.289588e-01	-5.095687e+00
1.023000e-05	2.886737e-02	-5.245659e+00
1.024000e-05	6.308263e-02	-5.443608e+00
1.025000e-05	-4.623540e-02	-5.644237e+00
1.026000e-05	-2.890516e-03	-5.771023e+00
1.027000e-05	-7.804757e-02	-5.939843e+00
1.028000e-05	6.609957e-02	-6.104157e+00
1.029000e-05	-1.911990e-02	-6.234183e+00
1.030000e-05	-6.478985e-02	-6.432529e+00
1.031000e-05	4.849753e-02	-6.529346e+00
1.032000e-05	-3.887675e-02	-6.677316e+00
1.033000e-05	3.271143e-02	-6.821557e+00
1.034000e-05	-6.636189e-02	-6.899352e+00
1.035000e-05	-1.846551e-02	-7.178524e+00
1.036000e-05	3.604164e-02	-7.263737e+00
1.037000e-05	-4.278009e-02	-7.462083e+00
1.038000e-05	1.049929e-02	-7.536396e+00
1.039000e-05	-4.630967e-02	-7.656267e+00
1.040000e-05	2.486727e-02	-7.914256e+00
1.041000e-05	-2.122084e-02	-7.971502e+00
1.042000e-05	-3.868846e-02	-8.088288e+00
1.043000e-05	-2.290410e-04	-8.210973e+00
1.044000e-05	-2.146806e-02	-8.306264e+00
1.045000e-05	1.527300e-02	-8.381026e+00
1.046000e-05	-4.631720e-02	-8.494737e+00
1.047000e-05	-7.055365e-03	-8.640735e+00
1.048000e-05	-7.774616e-03	-8.729970e+00
1.049000e-05	-1.364905e-02	-8.874130e+00
1.050000e-05	-2.287616e-02	-8.906220e+00
1.051000e-05	-3.021774e-02	-9.022600e+00
1.052000e-05	5.976585e-03	-9.065159e+00
1.053000e-05	-1.942369e-02	-9.148897e+00
1.054000e-05	-2.160428e-02	-9.232180e+00
1.055000e-05	-2.527004e-02	-9.307841e+00
1.056000e-05	-8.372234e-03	-9.432178e+00
1.057000e-05	-1.291116e-02	-9.488315e+00
1.058000e-05	-2.940428e-02	-9.589423e+00
1.059000e-05	-2.001041e-02	-9.622556e+00
1.060000e-05	-1.172815e-02	-9.696763e+00
1.061000e-05	-1.282458e-02	-9.727315e+00
1.062000e-05	-3.121940e-02	-9.810000e+00
1.063000e-05	-2.390930e-02	-9.822679e+00
1.064000e-05	-1.483753e-02	-9.895239e+00
1.065000e-05	-1.591486e-02	-9.958892e+00
1.066000e-05	-2.857526e-02	-9.940394e+00
1.067000e-05	-2.338556e-02	-9.990422e+00
1.068000e-05	-1.478959e-02	-1.002355e+01
1.069000e-05	-1.931611e-02	-1.003310e+01
1.070000e-05	-3.009545e-02	-1.005468e+01
1.071000e-05	-2.870705e-02	-1.007626e+01
1.072000e-05	-1.755835e-02	-1.008519e+01
1.073000e-05	-2.088389e-02	-1.011782e+01
1.074000e-05	-2.798196e-02	-1.011642e+01
1.075000e-05	-2.999497e-02	-1.012852e+01
1.076000e-05	-2.198540e-02	-1.013850e+01
1.077000e-05	-2.474493e-02	-1.014952e+01
1.078000e-05	-3.218637e-02	-1.012992e+01
1.079000e-05	-3.147229e-02	-1.013740e+01
1.080000e-05	-2.515027e-02	-1.010735e+01
1.081000e-05	-2.531696e-02	-1.009636e+01
1.082000e-05	-3.625057e-02	-1.009577e+01
1.083000e-05	-3.683643e-02	-1.002429e+01
1.084000e-05	-3.106570e-02	-1.005263e+01
1.085000e-05	-3.144023e-02	-1.000303e+01
1.086000e-05	-3.769086e-02	-1.001197e+01
1.087000e-05	-3.962626e-02	-9.968866e+00
1.088000e-05	-3.361372e-02	-9.927390e+00
1.089000e-05	-3.455896e-02	-9.885258e+00
1.090000e-05	-4.262431e-02	-9.832632e+00
1.091000e-05	-4.426104e-02	-9.799972e+00
1.092000e-05	-3.995248e-02	-9.737441e+00
1.093000e-05	-3.920861e-02	-9.687338e+00
1.094000e-05	-4.510657e-02	-9.642629e+00
1.095000e-05	-4.687412e-02	-9.619475e+00
1.096000e-05	-4.414235e-02	-9.548394e+00
1.097000e-05	-4.497461e-02	-9.482686e+00
1.098000e-05	-5.091517e-02	-9.329021e+00
1.099000e-05	-5.296004e-02	-9.272735e+00
1.100000e-05	-4.986422e-02	-9.191923e+00
1.101000e-05	-4.998225e-02	-9.127292e+00
1.102000e-05	-5.593092e-02	-9.040103e+00
1.103000e-05	-5.788759e-02	-8.959412e+00
1.104000e-05	-5.632066e-02	-8.853653e+00
1.105000e-05	-5.507012e-02	-8.768520e+00
1.106000e-05	-5.887428e-02	-8.685236e+00
1.107000e-05	-6.047100e-02	-8.547445e+00
1.108000e-05	-5.670352e-02	-8.442554e+00
1.109000e-05	-5.669139e-02	-8.328840e+00
1.110000e-05	-5.986242e-02	-8.262604e+00
1.111000e-05	-6.135941e-02	-8.127417e+00
1.112000e-05	-5.801564e-02	-8.033108e+00
1.113000e-05	-5.516016e-02	-7.916311e+00
1.114000e-05	-5.728101e-02	-7.737843e+00
1.115000e-05	-5.800282e-02	-7.620630e+00
1.116000e-05	-5.308265e-02	-7.493684e+00
1.117000e-05	-5.132727e-02	-7.286265e+00
1.118000e-05	-5.134159e-02	-7.190527e+00
1.119000e-05	-5.285335e-02	-7.065288e+00
1.120000e-05	-4.729617e-02	-6.916788e+00
1.121000e-05	-4.453967e-02	-6.807897e+00
1.122000e-05	-4.452455e-02	-6.632755e+00
1.123000e-05	-4.367115e-02	-6.473317e+00
1.124000e-05	-4.075052e-02	-6.370024e+00
1.125000e-05	-3.823324e-02	-6.201100e+00
1.126000e-05	-3.908397e-02	-6.032606e+00
1.127000e-05	-3.825319e-02	-5.915809e+00
1.128000e-05	-3.561923e-02	-5.776916e+00
1.129000e-05	-3.142461e-02	-5.600100e+00
1.130000e-05	-2.942439e-02	-5.444095e+00
1.131000e-05	-2.932829e-02	-5.211602e+00
1.132000e-05	-2.699124e-02	-5.052604e+00
1.133000e-05	-2.623376e-02	-4.845725e+00
1.134000e-05	-2.610524e-02	-4.633655e+00
1.135000e-05	-2.621744e-02	-4.535739e+00
1.136000e-05	-2.350073e-02	-4.368915e+00
1.137000e-05	-2.183378e-02	-4.221027e+00
1.138000e-05	-1.759572e-02	-4.053630e+00
1.139000e-05	-2.050045e-02	-3.933763e+00
1.140000e-05	-1.721404e-02	-3.683759e+00
1.141000e-05	-1.727158e-02	-3.497389e+00
1.142000e-05	-1.314910e-02	-3.356815e+00
1.143000e-05	-1.693101e-02	-3.219471e+00
1.144000e-05	-1.626355e-02	-2.996418e+00
1.145000e-05	-1.463002e-02	-2.778498e+00
1.146000e-05	-1.185603e-02	-2.640550e+00
1.147000e-05	-1.250156e-02	-2.462651e+00
1.148000e-05	-1.030730e-02	-2.263179e+00
1.149000e-05	-9.457715e-03	-2.021055e+00
1.150000e-05	-7.453167e-03	-1.881708e+00
1.151000e-05	-9.525832e-03	-1.685759e+00
1.152000e-05	-9.628735e-03	-1.555967e+00
1.153000e-05	-9.739883e-03	-1.272603e+00
1.154000e-05	-8.129016e-03	-1.064156e+00
1.155000e-05	-7.010453e-03	-8.823095e-01
1.156000e-05	-6.013542e-03	-7.563883e-01
1.157000e-05	-4.678435e-03	-4.937554e-01
1.158000e-05	-3.093625e-03	-3.158619e-01
1.159000e-05	-3.008882e-03	-1.279158e-01
1.160000e-05	-4.233370e-04	4.501281e-04
1.161000e-05	-2.115266e-04	1.999815e-01
1.162000e-05	-1.693933e-03	4.100011e-01
1.163000e-05	1.259176e-04	5.484235e-01
1.164000e-05	-4.515938e-04	7.388909e-01
1.165000e-05	3.799165e-04	8.645607e-01
1.166000e-05	1.513816e-03	1.087867e+00
1.167000e-05	5.967511e-03	1.285689e+00
1.168000e-05	3.117236e-02	1.507121e+00
1.169000e-05	5.995774e-02	1.757923e+00
1.170000e-05	-2.197513e-02	1.950450e+00
1.171000e-05	-4.913075e-02	2.117872e+00
1.172000e-05	-4.370611e-02	2.307313e+00
1.173000e-05	-5.404558e-02	2.410577e+00
1.174000e-05	5.854314e-02	2.517694e+00
1.175000e-05	5.848397e-02	2.759947e+00
1.176000e-05	-1.101497e-01	2.887367e+00
1.177000e-05	9.666230e-02	3.042134e+00
1.178000e-05	4.630439e-02	3.233663e+00
1.179000e-05	-4.704512e-02	3.455713e+00
1.180000e-05	2.622715e-02	3.611554e+00
1.181000e-05	-6.082034e-02	3.801101e+00
1.182000e-05	3.249854e-03	3.948925e+00
1.183000e-05	8.161434e-02	4.086242e+00
1.184000e-05	-2.971821e-02	4.359945e+00
1.185000e-05	-3.217541e-03	4.515741e+00
1.186000e-05	8.321819e-03	4.706286e+00
1.187000e-05	-1.625636e-03	4.851607e+00
1.188000e-05	2.855686e-02	5.045686e+00
1.189000e-05	-3.612981e-02	5.213687e+00
1.190000e-05	1.355794e-02	5.443557e+00
1.191000e-05	3.594030e-02	5.561506e+00
1.192000e-05	1.806245e-02	5.727316e+00
1.193000e-05	-2.377645e-02	5.936920e+00
1.194000e-05	-1.943608e-02	6.033234e+00
1.195000e-05	4.496599e-02	6.231603e+00
1.196000e-05	-1.288327e-03	6.369469e+00
1.197000e-05	-2.697878e-03	6.495213e+00
1.198000e-05	1.601766e-02	6.696263e+00
1.199000e-05	1.130428e-02	6.842659e+00
1.200000e-05	2.079832e-02	6.918420e+00
1.201000e-05	-1.192371e-02	7.084213e+00
1.202000e-05	9.893820e-04	7.239478e+00
1.203000e-05	1.453434e-02	7.315816e+00
1.204000e-05	1.578348e-02	7.486867e+00
1.205000e-05	7.574901e-03	7.633656e+00
1.206000e-05	1.192846e-03	7.791006e+00
1.207000e-05	2.102273e-02	7.897369e+00
1.208000e-05	8.863067e-03	8.122712e+00
1.209000e-05	3.715334e-03	8.150999e+00
1.210000e-05	4.953466e-03	8.294740e+00
1.211000e-05	1.370126e-02	8.400003e+00
1.212000e-05	1.598570e-02	8.463681e+00
1.213000e-05	6.723581e-03	8.519874e+00
1.214000e-05	8.719015e-03	8.643638e+00
1.215000e-05	1.380761e-02	8.678893e+00
1.216000e-05	1.296224e-02	8.802054e+00
1.217000e-05	8.204564e-03	8.903742e+00
1.218000e-05	7.251519e-03	8.950556e+00
1.219000e-05	1.681004e-02	9.117421e+00
1.220000e-05	1.361313e-02	9.211078e+00
1.221000e-05	9.433575e-03	9.274211e+00
1.222000e-05	9.552301e-03	9.317465e+00
1.223000e-05	1.421050e-02	9.421127e+00
1.224000e-05	1.619164e-02	9.473161e+00
1.225000e-05	8.664686e-03	9.528845e+00
1.226000e-05	1.341786e-02	9.590501e+00
1.227000e-05	1.741477e-02	9.643207e+00
1.228000e-05	1.756831e-02	9.725892e+00
1.229000e-05	9.917523e-03	9.740473e+00
1.230000e-05	1.263915e-02	9.831184e+00
1.231000e-05	1.610485e-02	9.894790e+00
1.232000e-05	1.696645e-02	9.878867e+00
1.233000e-05	1.481724e-02	9.960073e+00
1.234000e-05	1.560370e-02	1.003158e+01
1.235000e-05	2.028478e-02	1.003258e+01
1.236000e-05	1.745204e-02	1.003368e+01
1.237000e-05	1.559650e-02	1.006419e+01
1.238000e-05	1.533497e-02	1.005529e+01
1.239000e-05	1.968778e-02	1.009684e+01
1.240000e-05	2.160353e-02	1.007474e+01
1.241000e-05	1.881895e-02	1.008529e+01
1.242000e-05	1.964588e-02	1.009731e+01
1.243000e-05	2.203503e-02	1.009739e+01
1.244000e-05	2.269576e-02	1.009782e+01
1.245000e-05	2.154121e-02	1.010484e+01
1.246000e-05	2.223094e-02	1.012579e+01
1.247000e-05	2.542400e-02	1.006521e+01
1.248000e-05	2.624282e-02	1.002519e+01
1.249000e-05	2.598988e-02	1.002421e+01
1.250000e-05	2.569848e-02	1.001365e+01
1.251000e-05	2.896436e-02	1.001053e+01
1.252000e-05	2.959601e-02	9.979875e+00
1.253000e-05	3.041072e-02	9.897942e+00
1.254000e-05	3.077136e-02	9.896840e+00
1.255000e-05	3.236727e-02	9.841735e+00
1.256000e-05	3.377888e-02	9.738024e+00
1.257000e-05	3.200548e-02	9.726416e+00
1.258000e-05	3.262498e-02	9.614234e+00
1.259000e-05	3.529372e-02	9.623024e+00
1.260000e-05	3.830231e-02	9.548421e+00
1.261000e-05	3.864719e-02	9.484359e+00
1.262000e-05	3.993934e-02	9.441082e+00
1.263000e-05	4.160973e-02	9.378920e+00
1.264000e-05	4.304593e-02	9.266287e+00
1.265000e-05	4.175674e-02	9.223630e+00
1.266000e-05	4.334232e-02	9.217396e+00
1.267000e-05	4.627418e-02	9.095262e+00
1.268000e-05	4.771387e-02	8.907922e+00
1.269000e-05	4.848038e-02	8.844658e+00
1.270000e-05	4.841538e-02	8.799398e+00
1.271000e-05	5.189817e-02	8.694263e+00
1.272000e-05	5.184843e-02	8.589497e+00
1.273000e-05	5.109853e-02	8.474815e+00
1.274000e-05	5.000772e-02	8.431602e+00
1.275000e-05	5.294915e-02	8.306345e+00
1.276000e-05	5.242234e-02	8.200045e+00
1.277000e-05	5.170385e-02	8.083665e+00
1.278000e-05	5.066265e-02	7.959465e+00
1.279000e-05	5.219228e-02	7.840580e+00
1.280000e-05	5.070739e-02	7.724862e+00
1.281000e-05	4.832105e-02	7.589551e+00
1.282000e-05	4.626124e-02	7.450157e+00
1.283000e-05	4.567844e-02	7.313708e+00
1.284000e-05	4.460780e-02	7.147864e+00
1.285000e-05	4.137001e-02	7.020078e+00
1.286000e-05	3.997804e-02	6.904683e+00
1.287000e-05	3.819487e-02	6.798899e+00
1.288000e-05	3.789333e-02	6.550520e+00
1.289000e-05	3.521964e-02	6.451575e+00
1.290000e-05	3.409448e-02	6.304336e+00
1.291000e-05	3.201960e-02	6.157422e+00
1.292000e-05	2.978860e-02	6.022080e+00
1.293000e-05	2.675574e-02	5.925790e+00
1.294000e-05	2.565919e-02	5.715859e+00
1.295000e-05	2.571279e-02	5.516340e+00
1.296000e-05	2.379686e-02	5.378021e+00
1.297000e-05	2.074626e-02	5.199527e+00
1.298000e-05	2.067884e-02	4.969554e+00
1.299000e-05	2.012932e-02	4.799053e+00
1.300000e-05	1.720669e-02	4.621103e+00
1.301000e-05	1.471771e-02	4.484209e+00
1.302000e-05	1.417878e-02	4.346841e+00
1.303000e-05	1.414809e-02	4.125184e+00
1.304000e-05	1.173055e-02	3.976892e+00
1.305000e-05	1.141538e-02	3.840048e+00
1.306000e-05	9.277574e-03	3.630079e+00
1.307000e-05	9.265605e-03	3.452728e+00
1.308000e-05	7.790419e-03	3.291628e+00
1.309000e-05	6.300557e-03	3.123754e+00
1.310000e-05	5.794273e-03	2.866286e+00
1.311000e-05	5.745164e-03	2.767420e+00
1.312000e-05	5.406267e-03	2.588421e+00
1.313000e-05	3.485228e-03	2.367288e+00
1.314000e-05	2.144681e-03	2.178471e+00
1.315000e-05	2.481449e-03	1.989550e+00
1.316000e-05	1.981692e-03	1.861254e+00
1.317000e-05	6.646300e-04	1.630077e+00
1.318000e-05	-3.832699e-04	1.472053e+00
1.319000e-05	1.737161e-04	1.271728e+00
1.320000e-05	-1.762319e-04	1.041580e+00
1.321000e-05	-2.362795e-03	8.095513e-01
1.322000e-05	-2.599022e-03	6.205500e-01
1.323000e-05	-8.234737e-04	4.426527e-01
1.324000e-05	-5.176989e-04	2.422830e-01
1.325000e-05	-3.941376e-03	5.215427e-02
1.326000e-05	-8.435886e-04	-1.068183e-01
1.327000e-05	2.868105e-03	-2.951119e-01
1.328000e-05	-1.667853e-03	-4.004738e-01
1.329000e-05	-2.974711e-03	-6.146067e-01
1.330000e-05	-4.513251e-03	-7.910013e-01
1.331000e-05	-1.274491e-03	-9.603949e-01
1.332000e-05	-2.308598e-03	-1.146693e+00
1.333000e-05	4.560119e-03	-1.295132e+00
1.334000e-05	7.134617e-02	-1.515868e+00
1.335000e-05	1.022436e-02	-1.706291e+00
1.336000e-05	-4.984388e-02	-1.948399e+00
1.337000e-05	-5.855518e-02	-2.182603e+00
1.338000e-05	-9.778409e-02	-2.441531e+00
1.339000e-05	8.211463e-02	-2.486241e+00
1.340000e-05	7.471231e-02	-2.621527e+00
1.341000e-05	-1.633265e-01	-2.781981e+00
1.342000e-05	1.070051e-01	-3.021081e+00
1.343000e-05	5.142449e-02	-3.139445e+00
1.344000e-05	-8.879789e-02	-3.360454e+00
1.345000e-05	5.763351e-02	-3.517365e+00
1.346000e-05	-9.868707e-02	-3.644086e+00
1.347000e-05	-4.170562e-02	-3.906820e+00
1.348000e-05	1.389878e-01	-4.022107e+00
1.349000e-05	-8.228045e-02	-4.234056e+00
1.350000e-05	2.419193e-03	-4.390476e+00
1.351000e-05	3.353968e-03	-4.535737e+00
1.352000e-05	-4.771643e-02	-4.780419e+00
1.353000e-05	7.597694e-02	-4.908194e+00
1.354000e-05	-1.241850e-01	-5.034612e+00
1.355000e-05	1.911329e-02	-5.224708e+00
1.356000e-05	6.978916e-02	-5.443686e+00
1.357000e-05	-4.905952e-02	-5.653111e+00
1.358000e-05	-8.714863e-04	-5.779526e+00
1.359000e-05	-7.768731e-02	-5.936816e+00
1.360000e-05	6.193838e-02	-6.084239e+00
1.361000e-05	-1.247486e-02	-6.246109e+00
1.362000e-05	-7.009709e-02	-6.391107e+00
1.363000e-05	5.089434e-02	-6.558890e+00
1.364000e-05	-3.795610e-02	-6.706266e+00
1.365000e-05	2.903609e-02	-6.792127e+00
1.366000e-05	-6.217103e-02	-6.929503e+00
1.367000e-05	-2.391416e-02	-7.149941e+00
1.368000e-05	3.979484e-02	-7.254711e+00
1.369000e-05	-4.472215e-02	-7.392654e+00
1.370000e-05	9.279564e-03	-7.517292e+00
1.371000e-05	-4.433475e-02	-7.664691e+00
1.372000e-05	2.291315e-02	-7.914739e+00
1.373000e-05	-1.766663e-02	-7.950449e+00
1.374000e-05	-4.206179e-02	-8.075735e+00
1.375000e-05	1.344141e-03	-8.220997e+00
1.376000e-05	-2.101027e-02	-8.267313e+00
1.377000e-05	1.438851e-02	-8.401478e+00
1.378000e-05	-4.581134e-02	-8.485265e+00
1.379000e-05	-8.769708e-03	-8.573632e+00
1.380000e-05	-4.589819e-03	-8.768900e+00
1.381000e-05	-1.535224e-02	-8.852737e+00
1.382000e-05	-2.245568e-02	-8.916291e+00
1.383000e-05	-3.085303e-02	-9.022555e+00
1.384000e-05	6.957995e-03	-9.094266e+00
1.385000e-05	-1.903519e-02	-9.160395e+00
1.386000e-05	-2.241805e-02	-9.231555e+00
1.387000e-05	-2.585039e-02	-9.336267e+00
1.388000e-05	-8.174812e-03	-9.382633e+00
1.389000e-05	-1.170867e-02	-9.474762e+00
1.390000e-05	-3.055491e-02	-9.600870e+00
1.391000e-05	-2.059741e-02	-9.653557e+00
1.392000e-05	-1.091551e-02	-9.655714e+00
1.393000e-05	-1.108781e-02	-9.767319e+00
1.394000e-05	-3.053293e-02	-9.781003e+00
1.395000e-05	-2.496859e-02	-9.851630e+00
1.396000e-05	-1.442523e-02	-9.873787e+00
1.397000e-05	-1.493935e-02	-9.927343e+00
1.398000e-05	-2.850949e-02	-9.959394e+00
1.399000e-05	-2.518753e-02	-1.001140e+01
1.400000e-05	-1.434734e-02	-9.992027e+00
1.401000e-05	-1.761958e-02	-1.001361e+01
1.402000e-05	-2.884451e-02	-1.003468e+01
1.403000e-05	-3.017358e-02	-1.008431e+01
1.404000e-05	-1.817856e-02	-1.006776e+01
1.405000e-05	-1.938631e-02	-1.008692e+01
1.406000e-05	-2.828753e-02	-1.011987e+01
1.407000e-05	-3.142913e-02	-1.009930e+01
1.408000e-05	-2.298882e-02	-1.013893e+01
1.409000e-05	-2.365308e-02	-1.013887e+01
1.410000e-05	-3.190126e-02	-1.014842e+01
1.411000e-05	-3.299790e-02	-1.015043e+01
1.412000e-05	-2.621251e-02	-1.012734e+01
1.413000e-05	-2.429941e-02	-1.008639e+01
1.414000e-05	-3.502377e-02	-1.009676e+01
1.415000e-05	-3.687362e-02	-1.005369e+01
1.416000e-05	-3.336617e-02	-1.005215e+01
1.417000e-05	-3.161663e-02	-1.001358e+01
1.418000e-05	-3.707649e-02	-9.991424e+00
1.419000e-05	-3.988963e-02	-9.949971e+00
1.420000e-05	-3.506024e-02	-9.916866e+00
1.421000e-05	-3.399786e-02	-9.883815e+00
1.422000e-05	-3.990533e-02	-9.845155e+00
1.423000e-05	-4.463178e-02	-9.801054e+00
1.424000e-05	-4.000434e-02	-9.738844e+00
1.425000e-05	-3.939663e-02	-9.735264e+00
1.426000e-05	-4.464531e-02	-9.642181e+00
1.427000e-05	-4.726307e-02	-9.610549e+00
1.428000e-05	-4.656028e-02	-9.527868e+00
1.429000e-05	-4.441784e-02	-9.495754e+00
1.430000e-05	-4.901953e-02	-9.339474e+00
1.431000e-05	-5.325524e-02	-9.253681e+00
1.432000e-05	-5.130164e-02	-9.180999e+00
1.433000e-05	-5.011752e-02	-9.127316e+00
1.434000e-05	-5.402850e-02	-9.041128e+00
1.435000e-05	-5.778121e-02	-8.936920e+00
1.436000e-05	-5.725171e-02	-8.842658e+00
1.437000e-05	-5.578416e-02	-8.770974e+00
1.438000e-05	-5.777974e-02	-8.686260e+00
1.439000e-05	-6.013827e-02	-8.507393e+00
1.440000e-05	-5.867109e-02	-8.433156e+00
1.441000e-05	-5.615157e-02	-8.329366e+00
1.442000e-05	-5.889059e-02	-8.261578e+00
1.443000e-05	-6.048292e-02	-8.127841e+00
1.444000e-05	-5.869128e-02	-8.022104e+00
1.445000e-05	-5.627463e-02	-7.864791e+00
1.446000e-05	-5.599846e-02	-7.749542e+00
1.447000e-05	-5.679054e-02	-7.641024e+00
1.448000e-05	-5.483270e-02	-7.484284e+00
1.449000e-05	-5.137361e-02	-7.316867e+00
1.450000e-05	-5.196747e-02	-7.242078e+00
1.451000e-05	-5.159022e-02	-7.135363e+00
1.452000e-05	-4.877889e-02	-6.905737e+00
1.453000e-05	-4.516884e-02	-6.808923e+00
1.454000e-05	-4.426669e-02	-6.653608e+00
1.455000e-05	-4.356157e-02	-6.507313e+00
1.456000e-05	-4.085850e-02	-6.429027e+00
1.457000e-05	-3.815099e-02	-6.211005e+00
1.458000e-05	-3.809021e-02	-6.042582e+00
1.459000e-05	-3.719537e-02	-5.895762e+00
1.460000e-05	-3.503442e-02	-5.738972e+00
1.461000e-05	-3.175008e-02	-5.621105e+00
1.462000e-05	-3.118320e-02	-5.432680e+00
1.463000e-05	-2.933084e-02	-5.212602e+00
1.464000e-05	-2.834737e-02	-5.062132e+00
1.465000e-05	-2.579948e-02	-4.862203e+00
1.466000e-05	-2.626477e-02	-4.664706e+00
1.467000e-05	-2.496045e-02	-4.525814e+00
1.468000e-05	-2.277993e-02	-4.379391e+00
1.469000e-05	-2.100535e-02	-4.251079e+00
1.470000e-05	-1.983307e-02	-4.083184e+00
1.471000e-05	-2.066567e-02	-3.886263e+00
1.472000e-05	-1.808695e-02	-3.724733e+00
1.473000e-05	-1.700952e-02	-3.525790e+00
1.474000e-05	-1.541705e-02	-3.317416e+00
1.475000e-05	-1.630162e-02	-3.199024e+00
1.476000e-05	-1.336239e-02	-2.969425e+00
1.477000e-05	-1.408484e-02	-2.809527e+00
1.478000e-05	-1.357350e-02	-2.613601e+00
1.479000e-05	-1.320316e-02	-2.464129e+00
1.480000e-05	-1.086493e-02	-2.283710e+00
1.481000e-05	-9.562754e-03	-2.033104e+00
1.482000e-05	-9.010747e-03	-1.914709e+00
1.483000e-05	-9.435168e-03	-1.715287e+00
1.484000e-05	-8.393972e-03	-1.576890e+00
1.485000e-05	-8.786306e-03	-1.240583e+00
1.486000e-05	-8.248287e-03	-1.114732e+00
1.487000e-05	-7.704441e-03	-9.257356e-01
1.488000e-05	-6.621641e-03	-7.682408e-01
1.489000e-05	-4.705898e-03	-5.162344e-01
1.490000e-05	-4.402867e-03	-3.373670e-01
1.491000e-05	-3.076677e-03	-1.684447e-01
1.492000e-05	-1.490954e-04	-1.899587e-02
1.493000e-05	1.685175e-03	1.995052e-01
1.494000e-05	-2.804268e-03	3.904515e-01
1.495000e-05	-2.135130e-04	5.478948e-01
1.496000e-05	-1.262418e-03	7.237419e-01
1.497000e-05	4.613553e-04	8.531367e-01
1.498000e-05	6.412163e-04	1.076337e+00
1.499000e-05	4.471508e-03	1.285736e+00
1.500000e-05	2.891222e-02	1.424563e+00
1.501000e-05	6.278067e-02	1.749329e+00
1.502000e-05	-1.972428e-02	1.948445e+00
1.503000e-05	-4.881497e-02	2.177818e+00
1.504000e-05	-4.322522e-02	2.283788e+00
1.505000e-05	-5.426393e-02	2.399474e+00
1.506000e-05	5.160887e-02	2.475697e+00
1.507000e-05	6.460731e-02	2.748399e+00
1.508000e-05	-1.092112e-01	2.917366e+00
1.509000e-05	9.042406e-02	3.021132e+00
1.510000e-05	5.313982e-02	3.252687e+00
1.511000e-05	-4.927069e-02	3.433811e+00
1.512000e-05	2.575018e-02	3.590552e+00
1.513000e-05	-5.633240e-02	3.771081e+00
1.514000e-05	-3.815076e-03	3.968395e+00
1.515000e-05	8.358822e-02	4.096262e+00
1.516000e-05	-2.736372e-02	4.369397e+00
1.517000e-05	-4.861405e-03	4.463815e+00
1.518000e-05	1.147198e-02	4.685168e+00
1.519000e-05	-4.444228e-03	4.833087e+00
1.520000e-05	2.984352e-02	5.072160e+00
1.521000e-05	-3.527411e-02	5.264607e+00
1.522000e-05	9.114861e-03	5.432659e+00
1.523000e-05	3.554121e-02	5.559926e+00
1.524000e-05	1.999548e-02	5.725770e+00
1.525000e-05	-1.984665e-02	5.935844e+00
1.526000e-05	-2.122434e-02	6.053187e+00
1.527000e-05	4.721071e-02	6.222032e+00
1.528000e-05	1.317521e-03	6.328973e+00
1.529000e-05	-5.174595e-03	6.475237e+00
1.530000e-05	1.380161e-02	6.655213e+00
1.531000e-05	8.468845e-03	6.831558e+00
1.532000e-05	1.989637e-02	6.958420e+00
1.533000e-05	-1.119382e-02	7.063163e+00
1.534000e-05	1.032446e-03	7.181953e+00
1.535000e-05	1.828076e-02	7.316841e+00
1.536000e-05	1.850451e-02	7.477816e+00
1.537000e-05	8.265994e-03	7.663657e+00
1.538000e-05	-2.405427e-03	7.818982e+00
1.539000e-05	1.912591e-02	7.884271e+00
1.540000e-05	8.239006e-03	8.026760e+00
1.541000e-05	1.617188e-03	8.217999e+00
1.542000e-05	6.388383e-03	8.274711e+00
1.543000e-05	1.494471e-02	8.379574e+00
1.544000e-05	1.946960e-02	8.472660e+00
1.545000e-05	5.243803e-03	8.548396e+00
1.546000e-05	8.207716e-03	8.642586e+00
1.547000e-05	1.293315e-02	8.697873e+00
1.548000e-05	1.215481e-02	8.841509e+00
1.549000e-05	5.738463e-03	8.886840e+00
1.550000e-05	5.861137e-03	8.991534e+00
1.551000e-05	1.807632e-02	9.089446e+00
1.552000e-05	1.553800e-02	9.191078e+00
1.553000e-05	1.026049e-02	9.264112e+00
1.554000e-05	8.873944e-03	9.338395e+00
1.555000e-05	1.492671e-02	9.381630e+00
1.556000e-05	1.556952e-02	9.475788e+00
1.557000e-05	9.217824e-03	9.518343e+00
1.558000e-05	1.121583e-02	9.620997e+00
1.559000e-05	1.745901e-02	9.635611e+00
1.560000e-05	1.834040e-02	9.695714e+00
1.561000e-05	1.050806e-02	9.740572e+00
1.562000e-05	1.162806e-02	9.845131e+00
1.563000e-05	1.732775e-02	9.866287e+00
1.564000e-05	1.805536e-02	9.948414e+00
1.565000e-05	1.361877e-02	9.979472e+00
1.566000e-05	1.309247e-02	9.971051e+00
1.567000e-05	2.013138e-02	1.004208e+01
1.568000e-05	1.831587e-02	1.007361e+01
1.569000e-05	1.622603e-02	1.005218e+01
1.570000e-05	1.481020e-02	1.008479e+01
1.571000e-05	2.129791e-02	1.009624e+01
1.572000e-05	2.164193e-02	1.009576e+01
1.573000e-05	1.863788e-02	1.006684e+01
1.574000e-05	1.742285e-02	1.010729e+01
1.575000e-05	2.153851e-02	1.008639e+01
1.576000e-05	2.465316e-02	1.009584e+01
1.577000e-05	2.112017e-02	1.009786e+01
1.578000e-05	2.192759e-02	1.010581e+01
1.579000e-05	2.608970e-02	1.006626e+01
1.580000e-05	2.889442e-02	1.010474e+01
1.581000e-05	2.591369e-02	1.006318e+01
1.582000e-05	2.483644e-02	1.003361e+01
1.583000e-05	2.818422e-02	1.004110e+01
1.584000e-05	3.003816e-02	9.968474e+00
1.585000e-05	2.986442e-02	9.948394e+00
1.586000e-05	2.944563e-02	9.875361e+00
1.587000e-05	3.321416e-02	9.835661e+00
1.588000e-05	3.528533e-02	9.792124e+00
1.589000e-05	3.389439e-02	9.696999e+00
1.590000e-05	3.194805e-02	9.663710e+00
1.591000e-05	3.510010e-02	9.620974e+00
1.592000e-05	3.835809e-02	9.560944e+00
1.593000e-05	3.794020e-02	9.496814e+00
1.594000e-05	3.936955e-02	9.411157e+00
1.595000e-05	4.165175e-02	9.368372e+00
1.596000e-05	4.351388e-02	9.294763e+00
1.597000e-05	4.286666e-02	9.232604e+00
1.598000e-05	4.305761e-02	9.168444e+00
1.599000e-05	4.620656e-02	9.066263e+00
1.600000e-05	4.731760e-02	8.976998e+00
1.601000e-05	4.966563e-02	8.893730e+00
1.602000e-05	4.808043e-02	8.749894e+00
1.603000e-05	5.187777e-02	8.674284e+00
1.604000e-05	5.096553e-02	8.608026e+00
1.605000e-05	5.246811e-02	8.515764e+00
1.606000e-05	5.057817e-02	8.431551e+00
1.607000e-05	5.310545e-02	8.325341e+00
1.608000e-05	5.154582e-02	8.189575e+00
1.609000e-05	5.261157e-02	8.083709e+00
1.610000e-05	5.003046e-02	7.977443e+00
1.611000e-05	5.001128e-02	7.822604e+00
1.612000e-05	4.836987e-02	7.725787e+00
1.613000e-05	4.856067e-02	7.620029e+00
1.614000e-05	4.700212e-02	7.411179e+00
1.615000e-05	4.542535e-02	7.282659e+00
1.616000e-05	4.403523e-02	7.146864e+00
1.617000e-05	4.206416e-02	7.002054e+00
1.618000e-05	4.076203e-02	6.893761e+00
1.619000e-05	3.787436e-02	6.758974e+00
1.620000e-05	3.637621e-02	6.609648e+00
1.621000e-05	3.479937e-02	6.441603e+00
1.622000e-05	3.445829e-02	6.305787e+00
1.623000e-05	3.170550e-02	6.157917e+00
1.624000e-05	2.912101e-02	6.021053e+00
1.625000e-05	2.696764e-02	5.884816e+00
1.626000e-05	2.625414e-02	5.723711e+00
1.627000e-05	2.490269e-02	5.525390e+00
1.628000e-05	2.348278e-02	5.367999e+00
1.629000e-05	2.152127e-02	5.212102e+00
1.630000e-05	2.029468e-02	4.991520e+00
1.631000e-05	1.900613e-02	4.779003e+00
1.632000e-05	1.690280e-02	4.652133e+00
1.633000e-05	1.564627e-02	4.484786e+00
1.634000e-05	1.386041e-02	4.375892e+00
1.635000e-05	1.418492e-02	4.115942e+00
1.636000e-05	1.193993e-02	3.937995e+00
1.637000e-05	1.103397e-02	3.810000e+00
1.638000e-05	1.002766e-02	3.652128e+00
1.639000e-05	9.164389e-03	3.464739e+00
1.640000e-05	8.092900e-03	3.270657e+00
1.641000e-05	7.469331e-03	3.074212e+00
1.642000e-05	6.128305e-03	2.893812e+00
1.643000e-05	5.557823e-03	2.768949e+00
1.644000e-05	4.317184e-03	2.527366e+00
1.645000e-05	3.101783e-03	2.356370e+00
1.646000e-05	3.137195e-03	2.197450e+00
1.647000e-05	3.286252e-03	2.040030e+00
1.648000e-05	2.303019e-03	1.861102e+00
1.649000e-05	5.321887e-04	1.670051e+00
1.650000e-05	8.549106e-04	1.462106e+00
1.651000e-05	-6.022112e-04	1.283153e+00
1.652000e-05	-7.210440e-04	9.926011e-01
1.653000e-05	-2.203165e-03	8.295738e-01
1.654000e-05	-1.277618e-03	6.210015e-01
1.655000e-05	-8.812831e-04	4.620792e-01
1.656000e-05	-1.827967e-03	3.143380e-01
1.657000e-05	-3.562117e-03	8.215522e-02
1.658000e-05	4.775909e-04	-9.676335e-02
1.659000e-05	1.883777e-03	-2.752141e-01
1.660000e-05	-2.959861e-03	-4.100789e-01
1.661000e-05	-2.297286e-03	-5.924852e-01
1.662000e-05	-4.210629e-03	-7.799990e-01
1.663000e-05	-2.787076e-03	-9.583696e-01
1.664000e-05	-2.991444e-03	-1.138291e+00
1.665000e-05	4.400125e-03	-1.275283e+00
1.666000e-05	7.033607e-02	-1.496293e+00
1.667000e-05	1.538988e-02	-1.674163e+00
1.668000e-05	-5.021472e-02	-1.927849e+00
1.669000e-05	-5.678079e-02	-2.224632e+00
1.670000e-05	-9.822333e-02	-2.431532e+00
1.671000e-05	7.275989e-02	-2.496291e+00
1.672000e-05	8.357413e-02	-2.590002e+00
1.673000e-05	-1.645458e-01	-2.791578e+00
1.674000e-05	9.659188e-02	-2.990475e+00
1.675000e-05	6.149410e-02	-3.127895e+00
1.676000e-05	-9.110737e-02	-3.359975e+00
1.677000e-05	5.538441e-02	-3.548392e+00
1.678000e-05	-9.122612e-02	-3.632084e+00
1.679000e-05	-5.351077e-02	-3.936868e+00
1.680000e-05	1.420108e-01	-4.023055e+00
1.681000e-05	-7.615944e-02	-4.223556e+00
1.682000e-05	-5.325893e-03	-4.411001e+00
1.683000e-05	8.137412e-03	-4.493788e+00
1.684000e-05	-5.311025e-02	-4.709369e+00
1.685000e-05	7.746213e-02	-4.927790e+00
1.686000e-05	-1.188497e-01	-5.044610e+00
1.687000e-05	8.459830e-03	-5.224712e+00
1.688000e-05	7.603938e-02	-5.392683e+00
1.689000e-05	-4.973859e-02	-5.632159e+00
1.690000e-05	5.799349e-04	-5.790375e+00
1.691000e-05	-7.839362e-02	-5.937817e+00
1.692000e-05	5.541185e-02	-6.042584e+00
1.693000e-05	-4.203432e-03	-6.223663e+00
1.694000e-05	-7.432958e-02	-6.451130e+00
1.695000e-05	5.127086e-02	-6.528867e+00
1.696000e-05	-3.718638e-02	-6.695786e+00
1.697000e-05	2.803589e-02	-6.801128e+00
1.698000e-05	-5.666457e-02	-6.988574e+00
1.699000e-05	-3.199469e-02	-7.179025e+00
1.700000e-05	4.272570e-02	-7.254186e+00
1.701000e-05	-4.507251e-02	-7.411608e+00
1.702000e-05	1.034149e-02	-7.486394e+00
1.703000e-05	-4.411085e-02	-7.634633e+00
1.704000e-05	1.989661e-02	-7.812661e+00
1.705000e-05	-1.318588e-02	-7.958948e+00
1.706000e-05	-4.352284e-02	-8.076263e+00
1.707000e-05	1.410611e-03	-8.171524e+00
1.708000e-05	-2.291518e-02	-8.315791e+00
1.709000e-05	1.648830e-02	-8.432500e+00
1.710000e-05	-4.383197e-02	-8.474738e+00
1.711000e-05	-1.155346e-02	-8.672633e+00
1.712000e-05	-5.157128e-03	-8.779966e+00
1.713000e-05	-1.458822e-02	-8.834157e+00
1.714000e-05	-1.995023e-02	-8.935792e+00
1.715000e-05	-3.288419e-02	-9.003579e+00
1.716000e-05	6.915750e-03	-9.084741e+00
1.717000e-05	-1.766159e-02	-9.167922e+00
1.718000e-05	-2.140114e-02	-9.231580e+00
1.719000e-05	-2.592236e-02	-9.265772e+00
1.720000e-05	-8.930900e-03	-9.415086e+00
1.721000e-05	-1.087401e-02	-9.486739e+00
1.722000e-05	-2.934842e-02	-9.590924e+00
1.723000e-05	-2.061512e-02	-9.653102e+00
1.724000e-05	-1.089038e-02	-9.674214e+00
1.725000e-05	-1.063345e-02	-9.728394e+00
1.726000e-05	-3.005727e-02	-9.770473e+00
1.727000e-05	-2.484994e-02	-9.842558e+00
1.728000e-05	-1.553073e-02	-9.865262e+00
1.729000e-05	-1.476008e-02	-9.927317e+00
1.730000e-05	-2.775723e-02	-9.980922e+00
1.731000e-05	-2.569826e-02	-9.979969e+00
1.732000e-05	-1.520464e-02	-9.991946e+00
1.733000e-05	-1.806268e-02	-1.005261e+01
1.734000e-05	-2.985094e-02	-1.002369e+01
1.735000e-05	-3.051368e-02	-1.008516e+01
1.736000e-05	-1.742770e-02	-1.010486e+01
1.737000e-05	-1.994013e-02	-1.009692e+01
1.738000e-05	-2.689487e-02	-1.015845e+01
1.739000e-05	-3.119463e-02	-1.012893e+01
1.740000e-05	-2.290269e-02	-1.012855e+01
1.741000e-05	-2.486990e-02	-1.011797e+01
1.742000e-05	-3.345185e-02	-1.015897e+01
1.743000e-05	-3.267972e-02	-1.015787e+01
1.744000e-05	-2.697477e-02	-1.010637e+01
1.745000e-05	-2.477131e-02	-1.008734e+01
1.746000e-05	-3.492043e-02	-1.005684e+01
1.747000e-05	-3.739451e-02	-1.005372e+01
1.748000e-05	-3.234127e-02	-1.005221e+01
1.749000e-05	-3.231233e-02	-9.983548e+00
1.750000e-05	-3.686268e-02	-1.000142e+01
1.751000e-05	-4.115118e-02	-9.979395e+00
1.752000e-05	-3.424345e-02	-9.957371e+00
1.753000e-05	-3.478323e-02	-9.873733e+00
1.754000e-05	-4.097111e-02	-9.862184e+00
1.755000e-05	-4.494584e-02	-9.810496e+00
1.756000e-05	-4.020216e-02	-9.718871e+00
1.757000e-05	-3.922171e-02	-9.696763e+00
1.758000e-05	-4.365204e-02	-9.634182e+00
1.759000e-05	-4.730862e-02	-9.609999e+00
1.760000e-05	-4.467749e-02	-9.546914e+00
1.761000e-05	-4.586465e-02	-9.482232e+00
1.762000e-05	-4.979267e-02	-9.378524e+00
1.763000e-05	-5.378158e-02	-9.275710e+00
1.764000e-05	-5.079069e-02	-9.170521e+00
1.765000e-05	-5.033826e-02	-9.116816e+00
1.766000e-05	-5.395538e-02	-9.021653e+00
1.767000e-05	-5.695969e-02	-8.967868e+00
1.768000e-05	-5.574910e-02	-8.833133e+00
1.769000e-05	-5.519166e-02	-8.790471e+00
1.770000e-05	-5.814107e-02	-8.705687e+00
1.771000e-05	-6.079995e-02	-8.578994e+00
1.772000e-05	-5.855916e-02	-8.432107e+00
1.773000e-05	-5.755347e-02	-8.367843e+00
1.774000e-05	-5.878677e-02	-8.254181e+00
1.775000e-05	-6.030434e-02	-8.127317e+00
1.776000e-05	-5.866997e-02	-8.052108e+00
1.777000e-05	-5.596338e-02	-7.886366e+00
1.778000e-05	-5.593709e-02	-7.729970e+00
1.779000e-05	-5.713274e-02	-7.622003e+00
1.780000e-05	-5.463981e-02	-7.464261e+00
1.781000e-05	-5.096668e-02	-7.357866e+00
1.782000e-05	-5.136592e-02	-7.261054e+00
1.783000e-05	-5.180759e-02	-7.116810e+00
1.784000e-05	-4.865029e-02	-6.927895e+00
1.785000e-05	-4.495684e-02	-6.819473e+00
1.786000e-05	-4.437035e-02	-6.654233e+00
1.787000e-05	-4.403153e-02	-6.486365e+00
1.788000e-05	-4.090930e-02	-6.411000e+00
1.789000e-05	-3.865513e-02	-6.232625e+00
1.790000e-05	-3.753499e-02	-6.081609e+00
1.791000e-05	-3.754788e-02	-5.895315e+00
1.792000e-05	-3.572587e-02	-5.777421e+00
1.793000e-05	-3.248846e-02	-5.611553e+00
1.794000e-05	-2.994985e-02	-5.454181e+00
1.795000e-05	-3.015631e-02	-5.243681e+00
1.796000e-05	-2.875234e-02	-5.043758e+00
1.797000e-05	-2.639811e-02	-4.841757e+00
1.798000e-05	-2.509853e-02	-4.674208e+00
1.799000e-05	-2.519787e-02	-4.515766e+00
1.800000e-05	-2.239706e-02	-4.388495e+00
1.801000e-05	-2.158205e-02	-4.222602e+00
1.802000e-05	-1.898148e-02	-4.043660e+00
1.803000e-05	-2.058103e-02	-3.947314e+00
1.804000e-05	-1.926935e-02	-3.705786e+00
1.805000e-05	-1.757624e-02	-3.535340e+00
1.806000e-05	-1.456917e-02	-3.347967e+00
1.807000e-05	-1.579157e-02	-3.198576e+00
1.808000e-05	-1.511677e-02	-2.977870e+00
1.809000e-05	-1.417267e-02	-2.770946e+00
1.810000e-05	-1.357176e-02	-2.602124e+00
1.811000e-05	-1.278288e-02	-2.432156e+00
1.812000e-05	-1.236337e-02	-2.255154e+00
1.813000e-05	-1.009076e-02	-2.062632e+00
1.814000e-05	-8.986078e-03	-1.874262e+00
1.815000e-05	-9.220297e-03	-1.705839e+00
1.816000e-05	-9.153322e-03	-1.517864e+00
1.817000e-05	-8.873951e-03	-1.285159e+00
1.818000e-05	-6.995776e-03	-1.104283e+00
1.819000e-05	-7.909281e-03	-9.267430e-01
1.820000e-05	-7.101003e-03	-7.749934e-01
1.821000e-05	-5.527934e-03	-5.047907e-01
1.822000e-05	-4.174510e-03	-3.673672e-01
1.823000e-05	-4.131550e-03	-1.888898e-01
1.824000e-05	-9.098719e-04	-3.907988e-02
1.825000e-05	1.771995e-03	1.694263e-01
1.826000e-05	-1.242360e-03	3.904739e-01
1.827000e-05	-6.246877e-04	5.584212e-01
1.828000e-05	-1.399209e-03	7.153659e-01
1.829000e-05	-5.458821e-05	8.426655e-01
1.830000e-05	3.529373e-04	1.095737e+00
1.831000e-05	5.096294e-03	1.302713e+00
1.832000e-05	2.777331e-02	1.503057e+00
1.833000e-05	6.385849e-02	1.720371e+00
1.834000e-05	-1.592249e-02	1.948920e+00
1.835000e-05	-4.858107e-02	2.157893e+00
1.836000e-05	-4.367392e-02	2.284717e+00
1.837000e-05	-5.498939e-02	2.390000e+00
1.838000e-05	4.468453e-02	2.506191e+00
1.839000e-05	7.217413e-02	2.747871e+00
1.840000e-05	-1.080861e-01	2.916790e+00
1.841000e-05	8.266165e-02	3.022060e+00
1.842000e-05	5.938288e-02	3.215237e+00
1.843000e-05	-4.963854e-02	3.444588e+00
1.844000e-05	2.501495e-02	3.589481e+00
1.845000e-05	-5.320334e-02	3.790925e+00
1.846000e-05	-8.065965e-03	3.938400e+00
1.847000e-05	8.541648e-02	4.075715e+00
1.848000e-05	-2.198046e-02	4.348350e+00
1.849000e-05	-9.553275e-03	4.473738e+00
1.850000e-05	1.218972e-02	4.655759e+00
1.851000e-05	-6.820915e-03	4.814558e+00
1.852000e-05	3.156046e-02	5.073157e+00
1.853000e-05	-3.436676e-02	5.254161e+00
1.854000e-05	8.495317e-03	5.433083e+00
1.855000e-05	3.732026e-02	5.559449e+00
1.856000e-05	2.117370e-02	5.657344e+00
1.857000e-05	-1.897817e-02	5.877867e+00
1.858000e-05	-2.575291e-02	6.064736e+00
1.859000e-05	4.614040e-02	6.192052e+00
1.860000e-05	2.864715e-03	6.328472e+00
1.861000e-05	-3.974831e-03	6.444186e+00
1.862000e-05	1.479022e-02	6.674759e+00
1.863000e-05	1.023340e-02	6.802603e+00
1.864000e-05	1.940541e-02	6.907897e+00
1.865000e-05	-1.072367e-02	7.055716e+00
1.866000e-05	-1.006813e-03	7.190504e+00
1.867000e-05	1.792433e-02	7.307367e+00
1.868000e-05	1.655312e-02	7.515637e+00
1.869000e-05	9.081718e-03	7.612159e+00
1.870000e-05	1.129816e-04	7.780348e+00
1.871000e-05	1.851004e-02	7.849238e+00
1.872000e-05	8.467161e-03	8.015091e+00
1.873000e-05	1.734341e-03	8.169946e+00
1.874000e-05	6.285037e-03	8.275763e+00
1.875000e-05	1.191199e-02	8.400399e+00
1.876000e-05	1.862730e-02	8.454707e+00
1.877000e-05	5.728854e-03	8.519971e+00
1.878000e-05	8.997120e-03	8.662758e+00
1.879000e-05	1.304577e-02	8.697890e+00
1.880000e-05	1.247414e-02	8.842503e+00
1.881000e-05	7.510148e-03	8.854289e+00
1.882000e-05	6.854622e-03	8.981178e+00
1.883000e-05	1.757508e-02	9.128887e+00
1.884000e-05	1.334884e-02	9.182000e+00
1.885000e-05	9.877191e-03	9.244242e+00
1.886000e-05	8.807531e-03	9.307845e+00
1.887000e-05	1.461778e-02	9.411081e+00
1.888000e-05	1.508030e-02	9.444211e+00
1.889000e-05	8.925329e-03	9.518867e+00
1.890000e-05	1.239424e-02	9.612449e+00
1.891000e-05	1.716728e-02	9.624127e+00
1.892000e-05	1.753392e-02	9.706765e+00
1.893000e-05	1.016964e-02	9.739027e+00
1.894000e-05	1.156804e-02	9.821179e+00
1.895000e-05	1.776743e-02	9.906866e+00
1.896000e-05	1.664036e-02	9.907970e+00
1.897000e-05	1.364092e-02	9.969469e+00
1.898000e-05	1.457614e-02	1.005260e+01
1.899000e-05	2.043501e-02	9.981604e+00
1.900000e-05	1.793659e-02	1.003416e+01
1.901000e-05	1.540219e-02	1.004226e+01
1.902000e-05	1.541616e-02	1.009526e+01
1.903000e-05	2.078675e-02	1.007726e+01
1.904000e-05	2.145564e-02	1.008534e+01
1.905000e-05	1.891044e-02	1.009734e+01
1.906000e-05	1.957564e-02	1.009587e+01
1.907000e-05	2.194153e-02	1.013637e+01
1.908000e-05	2.306648e-02	1.011684e+01
1.909000e-05	2.039167e-02	1.010481e+01
1.910000e-05	2.294998e-02	1.010686e+01
1.911000e-05	2.589054e-02	1.008491e+01
1.912000e-05	2.805856e-02	1.007424e+01
1.913000e-05	2.552944e-02	1.010421e+01
1.914000e-05	2.645860e-02	1.004458e+01
1.915000e-05	2.802328e-02	1.003053e+01
1.916000e-05	2.952750e-02	9.999521e+00
1.917000e-05	3.018688e-02	9.947897e+00
1.918000e-05	2.979023e-02	9.875765e+00
1.919000e-05	3.322246e-02	9.854804e+00
1.920000e-05	3.370318e-02	9.770204e+00
1.921000e-05	3.286831e-02	9.740422e+00
1.922000e-05	3.214959e-02	9.704161e+00
1.923000e-05	3.608430e-02	9.602472e+00
1.924000e-05	3.729786e-02	9.558397e+00
1.925000e-05	3.802794e-02	9.496289e+00
1.926000e-05	3.941874e-02	9.442681e+00
1.927000e-05	4.037385e-02	9.359918e+00
1.928000e-05	4.263888e-02	9.315741e+00
1.929000e-05	4.271488e-02	9.233133e+00
1.930000e-05	4.443026e-02	9.148471e+00
1.931000e-05	4.642818e-02	9.055259e+00
1.932000e-05	4.798046e-02	8.961969e+00
1.933000e-05	4.849547e-02	8.874258e+00
1.934000e-05	4.797533e-02	8.779394e+00
1.935000e-05	5.142250e-02	8.705286e+00
1.936000e-05	5.089960e-02	8.589503e+00
1.937000e-05	5.205814e-02	8.535793e+00
1.938000e-05	5.140790e-02	8.410552e+00
1.939000e-05	5.195784e-02	8.306865e+00
1.940000e-05	5.199959e-02	8.190651e+00
1.941000e-05	5.162048e-02	8.085109e+00
1.942000e-05	4.967385e-02	7.927470e+00
1.943000e-05	5.059700e-02	7.821080e+00
1.944000e-05	4.997115e-02	7.736340e+00
1.945000e-05	4.744527e-02	7.619551e+00
1.946000e-05	4.629391e-02	7.452156e+00
1.947000e-05	4.452176e-02	7.315808e+00
1.948000e-05	4.453022e-02	7.128341e+00
1.949000e-05	4.276386e-02	7.050528e+00
1.950000e-05	3.935991e-02	6.862684e+00
1.951000e-05	3.882413e-02	6.779469e+00
1.952000e-05	3.592005e-02	6.631574e+00
1.953000e-05	3.594320e-02	6.430654e+00
1.954000e-05	3.206308e-02	6.314211e+00
1.955000e-05	3.202783e-02	6.166899e+00
1.956000e-05	3.101908e-02	6.040604e+00
1.957000e-05	2.898581e-02	5.904311e+00
1.958000e-05	2.535691e-02	5.724842e+00
1.959000e-05	2.446049e-02	5.548841e+00
1.960000e-05	2.328880e-02	5.380023e+00
1.961000e-05	2.094563e-02	5.240624e+00
1.962000e-05	2.004278e-02	5.001049e+00
1.963000e-05	1.930070e-02	4.849528e+00
1.964000e-05	1.918591e-02	4.662104e+00
1.965000e-05	1.735898e-02	4.504735e+00
1.966000e-05	1.396610e-02	4.358420e+00
1.967000e-05	1.125735e-02	4.155895e+00
1.968000e-05	1.244107e-02	3.956972e+00
1.969000e-05	1.054955e-02	3.798579e+00
1.970000e-05	1.130303e-02	3.631132e+00
1.971000e-05	7.705759e-03	3.465762e+00
1.972000e-05	9.415652e-03	3.303100e+00
1.973000e-05	7.901682e-03	3.084787e+00
1.974000e-05	5.810518e-03	2.947341e+00
1.975000e-05	4.292404e-03	2.798500e+00
1.976000e-05	3.533010e-03	2.567365e+00
1.977000e-05	4.158753e-03	2.357445e+00
1.978000e-05	2.902357e-03	2.169946e+00
1.979000e-05	2.585690e-03	2.011553e+00
1.980000e-05	2.082073e-03	1.871754e+00
1.981000e-05	2.989558e-03	1.632078e+00
1.982000e-05	5.856898e-04	1.451153e+00
1.983000e-05	2.679233e-04	1.284208e+00
1.984000e-05	-8.826342e-04	1.063579e+00
1.985000e-05	-1.187258e-03	8.594975e-01
1.986000e-05	-2.431310e-03	6.715766e-01
1.987000e-05	-2.773821e-03	4.821053e-01
1.988000e-05	-2.022071e-03	3.263395e-01
1.989000e-05	-2.223067e-03	8.218159e-02
1.990000e-05	1.935095e-03	-9.574071e-02
1.991000e-05	2.322419e-03	-2.846328e-01
1.992000e-05	-2.205391e-03	-3.900252e-01
1.993000e-05	-2.196207e-03	-6.014524e-01
1.994000e-05	-4.595550e-03	-7.898999e-01
1.995000e-05	-3.598799e-03	-9.298459e-01
1.996000e-05	-4.287585e-03	-1.107842e+00
1.997000e-05	3.369779e-03	-1.274687e+00
1.998000e-05	6.716451e-02	-1.495272e+00
1.999000e-05	2.034239e-02	-1.676112e+00
2.000000e-05	-5.169196e-02	-1.927899e+00
2.001000e-05	-5.541204e-02	-2.184002e+00
2.002000e-05	-9.657771e-02	-2.391504e+00
2.003000e-05	6.514433e-02	-2.464712e+00
2.004000e-05	9.025399e-02	-2.569003e+00
2.005000e-05	-1.642337e-01	-2.791031e+00
2.006000e-05	8.597840e-02	-2.977876e+00
2.007000e-05	7.257516e-02	-3.137342e+00
2.008000e-05	-9.530578e-02	-3.327901e+00
2.009000e-05	5.448944e-02	-3.536365e+00
2.010000e-05	-8.222297e-02	-3.602590e+00
2.011000e-05	-6.410002e-02	-3.876790e+00
2.012000e-05	1.405650e-01	-4.011608e+00
2.013000e-05	-6.805501e-02	-4.202034e+00
2.014000e-05	-1.202754e-02	-4.379950e+00
2.015000e-05	1.699805e-02	-4.525238e+00
2.016000e-05	-6.115260e-02	-4.747346e+00
2.017000e-05	7.923540e-02	-4.917339e+00
2.018000e-05	-1.145314e-01	-5.043082e+00
2.019000e-05	-2.035479e-03	-5.222236e+00
2.020000e-05	7.958477e-02	-5.413153e+00
2.021000e-05	-4.701689e-02	-5.632060e+00
2.022000e-05	1.897090e-03	-5.758899e+00
2.023000e-05	-7.672221e-02	-5.905816e+00
2.024000e-05	4.935624e-02	-6.045162e+00
2.025000e-05	3.673804e-03	-6.224058e+00
2.026000e-05	-8.145684e-02	-6.410479e+00
2.027000e-05	5.062110e-02	-6.507345e+00
2.028000e-05	-3.537267e-02	-6.724737e+00
2.029000e-05	2.605108e-02	-6.802107e+00
2.030000e-05	-5.007452e-02	-6.918374e+00
2.031000e-05	-3.624589e-02	-7.149470e+00
2.032000e-05	4.652066e-02	-7.233687e+00
2.033000e-05	-4.636505e-02	-7.382030e+00
2.034000e-05	9.000150e-03	-7.506268e+00
2.035000e-05	-4.352167e-02	-7.653611e+00
2.036000e-05	1.727979e-02	-7.883703e+00
2.037000e-05	-9.916115e-03	-7.989450e+00
2.038000e-05	-4.486661e-02	-8.075209e+00
2.039000e-05	3.888394e-03	-8.179499e+00
2.040000e-05	-2.306763e-02	-8.285915e+00
2.041000e-05	1.547105e-02	-8.381972e+00
2.042000e-05	-4.222372e-02	-8.454736e+00
2.043000e-05	-1.221062e-02	-8.623706e+00
2.044000e-05	-3.029866e-03	-8.747345e+00
2.045000e-05	-1.554437e-02	-8.802607e+00
2.046000e-05	-1.854834e-02	-8.917292e+00
2.047000e-05	-3.298357e-02	-9.001525e+00
2.048000e-05	7.242542e-03	-9.055216e+00
2.049000e-05	-1.767578e-02	-9.127345e+00
2.050000e-05	-2.167927e-02	-9.222580e+00
2.051000e-05	-2.525049e-02	-9.275743e+00
2.052000e-05	-8.824171e-03	-9.399633e+00
2.053000e-05	-1.033305e-02	-9.464265e+00
2.054000e-05	-2.978687e-02	-9.547448e+00
2.055000e-05	-2.079621e-02	-9.642628e+00
2.056000e-05	-1.101018e-02	-9.674711e+00
2.057000e-05	-1.120841e-02	-9.709320e+00
2.058000e-05	-3.027965e-02	-9.780454e+00
2.059000e-05	-2.504354e-02	-9.812053e+00
2.060000e-05	-1.412601e-02	-9.874713e+00
2.061000e-05	-1.485556e-02	-9.888316e+00
2.062000e-05	-2.711414e-02	-9.947425e+00
2.063000e-05	-2.577492e-02	-9.980946e+00
2.064000e-05	-1.429124e-02	-9.993026e+00
2.065000e-05	-1.860232e-02	-1.003251e+01
2.066000e-05	-2.978478e-02	-1.002373e+01
2.067000e-05	-3.132290e-02	-1.006626e+01
2.068000e-05	-1.809202e-02	-1.006731e+01
2.069000e-05	-2.045463e-02	-1.012742e+01
2.070000e-05	-2.813933e-02	-1.012805e+01
2.071000e-05	-3.090688e-02	-1.013890e+01
2.072000e-05	-2.273521e-02	-1.013997e+01
2.073000e-05	-2.411354e-02	-1.010800e+01
2.074000e-05	-3.312725e-02	-1.011897e+01
2.075000e-05	-3.338098e-02	-1.013787e+01
2.076000e-05	-2.735123e-02	-1.008592e+01
2.077000e-05	-2.529936e-02	-1.010632e+01
2.078000e-05	-3.491358e-02	-1.009629e+01
2.079000e-05	-3.760789e-02	-1.007363e+01
2.080000e-05	-3.220235e-02	-1.001216e+01
2.081000e-05	-3.037513e-02	-1.003268e+01
2.082000e-05	-3.693406e-02	-1.000042e+01
2.083000e-05	-4.040825e-02	-9.949419e+00
2.084000e-05	-3.486046e-02	-9.948865e+00
2.085000e-05	-3.526425e-02	-9.905813e+00
2.086000e-05	-4.180384e-02	-9.842203e+00
2.087000e-05	-4.396571e-02	-9.770049e+00
2.088000e-05	-4.081117e-02	-9.737870e+00
2.089000e-05	-3.899380e-02	-9.695239e+00
2.090000e-05	-4.481729e-02	-9.652162e+00
2.091000e-05	-4.646960e-02	-9.610002e+00
2.092000e-05	-4.505720e-02	-9.537366e+00
2.093000e-05	-4.501473e-02	-9.464183e+00
2.094000e-05	-4.952942e-02	-9.348947e+00
2.095000e-05	-5.236202e-02	-9.265134e+00
2.096000e-05	-5.056949e-02	-9.180920e+00
2.097000e-05	-5.006155e-02	-9.117368e+00
2.098000e-05	-5.344427e-02	-9.062633e+00
2.099000e-05	-5.699636e-02	-8.937862e+00
2.100000e-05	-5.664468e-02	-8.844633e+00
2.101000e-05	-5.469252e-02	-8.790048e+00
2.102000e-05	-5.712815e-02	-8.705264e+00
2.103000e-05	-5.998719e-02	-8.580078e+00
2.104000e-05	-5.979856e-02	-8.452186e+00
2.105000e-05	-5.637724e-02	-8.317921e+00
2.106000e-05	-5.784936e-02	-8.271659e+00
2.107000e-05	-6.002844e-02	-8.138845e+00
2.108000e-05	-5.883701e-02	-8.063129e+00
2.109000e-05	-5.490048e-02	-7.896937e+00
2.110000e-05	-5.569279e-02	-7.765896e+00
2.111000e-05	-5.636425e-02	-7.641602e+00
2.112000e-05	-5.540786e-02	-7.503314e+00
2.113000e-05	-5.170543e-02	-7.328867e+00
2.114000e-05	-5.035502e-02	-7.241579e+00
2.115000e-05	-5.093903e-02	-7.095836e+00
2.116000e-05	-4.896357e-02	-6.946865e+00
2.117000e-05	-4.552385e-02	-6.811976e+00
2.118000e-05	-4.330909e-02	-6.663687e+00
2.119000e-05	-4.373037e-02	-6.526766e+00
2.120000e-05	-4.170154e-02	-6.380051e+00
2.121000e-05	-3.874082e-02	-6.223200e+00
2.122000e-05	-3.722923e-02	-6.082132e+00
2.123000e-05	-3.763871e-02	-5.916838e+00
2.124000e-05	-3.579963e-02	-5.799425e+00
2.125000e-05	-3.306783e-02	-5.661551e+00
2.126000e-05	-2.965808e-02	-5.442708e+00
2.127000e-05	-3.017212e-02	-5.263103e+00
2.128000e-05	-2.905287e-02	-5.073659e+00
2.129000e-05	-2.719183e-02	-4.895207e+00
2.130000e-05	-2.537697e-02	-4.653155e+00
2.131000e-05	-2.472102e-02	-4.497837e+00
2.132000e-05	-2.325661e-02	-4.388471e+00
2.133000e-05	-2.188022e-02	-4.254130e+00
2.134000e-05	-1.997672e-02	-4.113209e+00
2.135000e-05	-2.105193e-02	-3.946891e+00
2.136000e-05	-2.029280e-02	-3.725161e+00
2.137000e-05	-1.827988e-02	-3.516891e+00
2.138000e-05	-1.467788e-02	-3.367919e+00
2.139000e-05	-1.631500e-02	-3.211045e+00
2.140000e-05	-1.468046e-02	-3.009049e+00
2.141000e-05	-1.458546e-02	-2.840052e+00
2.142000e-05	-1.299332e-02	-2.652622e+00
2.143000e-05	-1.332175e-02	-2.452554e+00
2.144000e-05	-1.201463e-02	-2.266183e+00
2.145000e-05	-1.089913e-02	-2.071654e+00
2.146000e-05	-8.459516e-03	-1.895708e+00
2.147000e-05	-9.446023e-03	-1.726386e+00
2.148000e-05	-9.263852e-03	-1.577394e+00
2.149000e-05	-9.515206e-03	-1.324234e+00
2.150000e-05	-8.255011e-03	-1.114809e+00
2.151000e-05	-7.770040e-03	-9.332820e-01
2.152000e-05	-8.134809e-03	-7.474958e-01
2.153000e-05	-5.511418e-03	-5.257906e-01
2.154000e-05	-4.102764e-03	-3.679396e-01
2.155000e-05	-3.346706e-03	-1.890197e-01
2.156000e-05	-1.108733e-03	-3.097256e-02
2.157000e-05	2.546833e-03	1.694776e-01
2.158000e-05	-2.289218e-03	3.794488e-01
2.159000e-05	-7.278187e-04	5.167434e-01
2.160000e-05	-2.321142e-03	6.977896e-01
2.161000e-05	1.317907e-03	8.615818e-01
2.162000e-05	1.819841e-04	1.035688e+00
2.163000e-05	5.228842e-03	1.241663e+00
2.164000e-05	2.542615e-02	1.462037e+00
2.165000e-05	6.502366e-02	1.717296e+00
2.166000e-05	-1.303598e-02	1.958946e+00
2.167000e-05	-4.825905e-02	2.106846e+00
2.168000e-05	-4.341715e-02	2.286665e+00
2.169000e-05	-5.481928e-02	2.370502e+00
2.170000e-05	3.820737e-02	2.496718e+00
2.171000e-05	7.827080e-02	2.747395e+00
2.172000e-05	-1.066974e-01	2.926768e+00
2.173000e-05	7.532294e-02	2.981508e+00
2.174000e-05	6.635945e-02	3.253634e+00
2.175000e-05	-5.000162e-02	3.433731e+00
2.176000e-05	2.402952e-02	3.580499e+00
2.177000e-05	-4.886537e-02	3.790929e+00
2.178000e-05	-1.404670e-02	3.987896e+00
2.179000e-05	8.443345e-02	4.075136e+00
2.180000e-05	-1.891303e-02	4.347901e+00
2.181000e-05	-1.156425e-02	4.505713e+00
2.182000e-05	1.521237e-02	4.674237e+00
2.183000e-05	-9.845133e-03	4.832553e+00
2.184000e-05	3.285996e-02	5.033109e+00
2.185000e-05	-3.178257e-02	5.286135e+00
2.186000e-05	5.717627e-03	5.422583e+00
2.187000e-05	3.614479e-02	5.539924e+00
2.188000e-05	2.211016e-02	5.686312e+00
2.189000e-05	-1.643138e-02	5.896818e+00
2.190000e-05	-2.707434e-02	6.073132e+00
2.191000e-05	4.394545e-02	6.210482e+00
2.192000e-05	4.673051e-03	6.338869e+00
2.193000e-05	-4.245047e-03	6.464137e+00
2.194000e-05	1.608098e-02	6.635162e+00
2.195000e-05	1.000281e-02	6.832584e+00
2.196000e-05	1.956613e-02	6.937895e+00
2.197000e-05	-8.905555e-03	7.054161e+00
2.198000e-05	-3.200272e-03	7.190977e+00
2.199000e-05	1.729424e-02	7.315894e+00
2.200000e-05	1.520418e-02	7.487692e+00
2.201000e-05	1.014838e-02	7.642134e+00
2.202000e-05	-1.126385e-03	7.760524e+00
2.203000e-05	1.832844e-02	7.894695e+00
2.204000e-05	9.247438e-03	8.043734e+00
2.205000e-05	1.718445e-03	8.140530e+00
2.206000e-05	6.702938e-03	8.265211e+00
2.207000e-05	1.207023e-02	8.390976e+00
2.208000e-05	1.824587e-02	8.422609e+00
2.209000e-05	6.032259e-03	8.517370e+00
2.210000e-05	8.194595e-03	8.662633e+00
2.211000e-05	1.324728e-02	8.708344e+00
2.212000e-05	1.138697e-02	8.822579e+00
2.213000e-05	7.113159e-03	8.874713e+00
2.214000e-05	5.405003e-03	8.992555e+00
2.215000e-05	1.799359e-02	9.116841e+00
2.216000e-05	1.340890e-02	9.160554e+00
2.217000e-05	1.024602e-02	9.252688e+00
2.218000e-05	8.770510e-03	9.318821e+00
2.219000e-05	1.527818e-02	9.402558e+00
2.220000e-05	1.458928e-02	9.443659e+00
2.221000e-05	9.879073e-03	9.517368e+00
2.222000e-05	1.263068e-02	9.570977e+00
2.223000e-05	1.709656e-02	9.644578e+00
2.224000e-05	1.868326e-02	9.666440e+00
2.225000e-05	1.080059e-02	9.741447e+00
2.226000e-05	1.142390e-02	9.744113e+00
2.227000e-05	1.710427e-02	9.895287e+00
2.228000e-05	1.750310e-02	9.947792e+00
2.229000e-05	1.448728e-02	9.970947e+00
2.230000e-05	1.436752e-02	1.000100e+01
2.231000e-05	2.003783e-02	1.002215e+01
2.232000e-05	1.880443e-02	1.005365e+01
2.233000e-05	1.557891e-02	1.007466e+01
2.234000e-05	1.570690e-02	1.005381e+01
2.235000e-05	2.083004e-02	1.010524e+01
2.236000e-05	2.237079e-02	1.010731e+01
2.237000e-05	1.866031e-02	1.008679e+01
2.238000e-05	1.863481e-02	1.008689e+01
2.239000e-05	2.169761e-02	1.011632e+01
2.240000e-05	2.421029e-02	1.008782e+01
2.241000e-05	2.073815e-02	1.011484e+01
2.242000e-05	2.234032e-02	1.008632e+01
2.243000e-05	2.639998e-02	1.010469e+01
2.244000e-05	2.913936e-02	1.004523e+01
2.245000e-05	2.543751e-02	1.006324e+01
2.246000e-05	2.503168e-02	1.004316e+01
2.247000e-05	2.856273e-02	1.001155e+01
2.248000e-05	3.085912e-02	1.002037e+01
2.249000e-05	2.981853e-02	9.959944e+00
2.250000e-05	2.873535e-02	9.916814e+00
2.251000e-05	3.371210e-02	9.864728e+00
2.252000e-05	3.457098e-02	9.832049e+00
2.253000e-05	3.335917e-02	9.736320e+00
2.254000e-05	3.149144e-02	9.675238e+00
2.255000e-05	3.604080e-02	9.643052e+00
2.256000e-05	3.941234e-02	9.568894e+00
2.257000e-05	3.815518e-02	9.465265e+00
2.258000e-05	3.802429e-02	9.452235e+00
2.259000e-05	4.025389e-02	9.389498e+00
2.260000e-05	4.334906e-02	9.304761e+00
2.261000e-05	4.284005e-02	9.242134e+00
2.262000e-05	4.299597e-02	9.189922e+00
2.263000e-05	4.583922e-02	9.133811e+00
2.264000e-05	4.748046e-02	8.929999e+00
2.265000e-05	4.887040e-02	8.883587e+00
2.266000e-05	4.742783e-02	8.759448e+00
2.267000e-05	5.071803e-02	8.727739e+00
2.268000e-05	5.141151e-02	8.600047e+00
2.269000e-05	5.129011e-02	8.504814e+00
2.270000e-05	5.046634e-02	8.440477e+00
2.271000e-05	5.121563e-02	8.296415e+00
2.272000e-05	5.171737e-02	8.209126e+00
2.273000e-05	5.278792e-02	8.105237e+00
2.274000e-05	4.937249e-02	7.957991e+00
2.275000e-05	4.918804e-02	7.830030e+00
2.276000e-05	4.901478e-02	7.696393e+00
2.277000e-05	4.969239e-02	7.601099e+00
2.278000e-05	4.604679e-02	7.454730e+00
2.279000e-05	4.345526e-02	7.333891e+00
2.280000e-05	4.467007e-02	7.138919e+00
2.281000e-05	4.312844e-02	7.021607e+00
2.282000e-05	3.990653e-02	6.873788e+00
2.283000e-05	3.696243e-02	6.749471e+00
2.284000e-05	3.830520e-02	6.603053e+00
2.285000e-05	3.647316e-02	6.460626e+00
2.286000e-05	3.349565e-02	6.285361e+00
2.287000e-05	3.014623e-02	6.167972e+00
2.288000e-05	3.084103e-02	6.032630e+00
2.289000e-05	2.834133e-02	5.956343e+00
2.290000e-05	2.530057e-02	5.705859e+00
2.291000e-05	2.373127e-02	5.538971e+00
2.292000e-05	2.481887e-02	5.390548e+00
2.293000e-05	2.286560e-02	5.252054e+00
2.294000e-05	2.061588e-02	5.021122e+00
2.295000e-05	1.845093e-02	4.849654e+00
2.296000e-05	1.836912e-02	4.642159e+00
2.297000e-05	1.716366e-02	4.525739e+00
2.298000e-05	1.412792e-02	4.379945e+00
2.299000e-05	1.264138e-02	4.119419e+00
2.300000e-05	1.251557e-02	3.977945e+00
2.301000e-05	1.197774e-02	3.801055e+00
2.302000e-05	1.020500e-02	3.673629e+00
2.303000e-05	9.183361e-03	3.496759e+00
2.304000e-05	8.702944e-03	3.293708e+00
2.305000e-05	7.679591e-03	3.083809e+00
2.306000e-05	7.126801e-03	2.905966e+00
2.307000e-05	4.691567e-03	2.807950e+00
2.308000e-05	4.422008e-03	2.556345e+00
2.309000e-05	3.452443e-03	2.338893e+00
2.310000e-05	3.883540e-03	2.210495e+00
2.311000e-05	1.764619e-03	2.032628e+00
2.312000e-05	1.866208e-03	1.863210e+00
2.313000e-05	2.065551e-03	1.660606e+00
2.314000e-05	1.192249e-03	1.461133e+00
2.315000e-05	-5.771706e-04	1.262660e+00
2.316000e-05	-7.000269e-04	1.072756e+00
2.317000e-05	-1.518275e-03	8.595503e-01
2.318000e-05	-1.058518e-03	6.716778e-01
2.319000e-05	-2.052058e-03	4.742303e-01
2.320000e-05	-2.217061e-03	3.158195e-01
2.321000e-05	-2.600248e-03	7.460947e-02
2.322000e-05	8.208747e-04	-1.252394e-01
2.323000e-05	1.707514e-03	-2.236894e-01
2.324000e-05	-2.349478e-03	-4.214763e-01
2.325000e-05	-2.886292e-03	-6.115062e-01
2.326000e-05	-3.861778e-03	-8.009253e-01
2.327000e-05	-3.272230e-03	-9.369447e-01
2.328000e-05	-4.244322e-03	-1.107215e+00
2.329000e-05	1.265821e-03	-1.254715e+00
2.330000e-05	6.398114e-02	-1.506134e+00
2.331000e-05	2.444260e-02	-1.696162e+00
2.332000e-05	-5.117761e-02	-1.927342e+00
2.333000e-05	-5.375848e-02	-2.160456e+00
2.334000e-05	-9.657801e-02	-2.390481e+00
2.335000e-05	5.537069e-02	-2.506741e+00
2.336000e-05	9.883378e-02	-2.570453e+00
2.337000e-05	-1.615870e-01	-2.789999e+00
2.338000e-05	7.507947e-02	-2.989047e+00
2.339000e-05	8.255122e-02	-3.148270e+00
2.340000e-05	-9.615484e-02	-3.367873e+00
2.341000e-05	5.028287e-02	-3.536792e+00
2.342000e-05	-7.446809e-02	-3.632058e+00
2.343000e-05	-7.520259e-02	-3.896318e+00
2.344000e-05	1.415744e-01	-4.002527e+00
2.345000e-05	-6.237939e-02	-4.203005e+00
2.346000e-05	-1.816542e-02	-4.369976e+00
2.347000e-05	2.201604e-02	-4.493741e+00
2.348000e-05	-6.401845e-02	-4.689392e+00
2.349000e-05	7.862582e-02	-4.925288e+00
2.350000e-05	-1.073745e-01	-5.034553e+00
2.351000e-05	-1.281225e-02	-5.224132e+00
2.352000e-05	8.597943e-02	-5.424532e+00
2.353000e-05	-4.794898e-02	-5.603107e+00
2.354000e-05	9.748409e-04	-5.768946e+00
2.355000e-05	-7.641112e-02	-5.937763e+00
2.356000e-05	4.451708e-02	-6.053137e+00
2.357000e-05	1.373399e-02	-6.161055e+00
2.358000e-05	-8.402034e-02	-6.392027e+00
2.359000e-05	5.104698e-02	-6.517396e+00
2.360000e-05	-3.280428e-02	-6.686663e+00
2.361000e-05	2.301323e-02	-6.781004e+00
2.362000e-05	-4.673867e-02	-6.917371e+00
2.363000e-05	-4.322453e-02	-7.138492e+00
2.364000e-05	4.944921e-02	-7.233684e+00
2.365000e-05	-4.468939e-02	-7.370953e+00
2.366000e-05	9.336092e-03	-7.505242e+00
2.367000e-05	-4.131801e-02	-7.623609e+00
2.368000e-05	1.573877e-02	-7.883106e+00
2.369000e-05	-4.311241e-03	-7.959449e+00
2.370000e-05	-4.958499e-02	-8.084237e+00
2.371000e-05	3.507563e-03	-8.169947e+00
2.372000e-05	-2.411341e-02	-8.295267e+00
2.373000e-05	1.704959e-02	-8.400478e+00
2.374000e-05	-3.991334e-02	-8.465712e+00
2.375000e-05	-1.609788e-02	-8.642555e+00
2.376000e-05	-1.153270e-03	-8.758871e+00
2.377000e-05	-1.542285e-02	-8.822707e+00
2.378000e-05	-1.812665e-02	-8.915317e+00
2.379000e-05	-3.540519e-02	-9.012079e+00
2.380000e-05	5.806290e-03	-9.072766e+00
2.381000e-05	-1.430071e-02	-9.098871e+00
2.382000e-05	-2.139752e-02	-9.213129e+00
2.383000e-05	-2.551921e-02	-9.296766e+00
2.384000e-05	-1.052461e-02	-9.393083e+00
2.385000e-05	-7.230416e-03	-9.536760e+00
2.386000e-05	-2.968542e-02	-9.609869e+00
2.387000e-05	-2.291016e-02	-9.594078e+00
2.388000e-05	-1.208727e-02	-9.704686e+00
2.389000e-05	-8.589628e-03	-9.738817e+00
2.390000e-05	-2.874891e-02	-9.739928e+00
2.391000e-05	-2.777585e-02	-9.842180e+00
2.392000e-05	-1.557992e-02	-9.863735e+00
2.393000e-05	-1.390978e-02	-9.927817e+00
2.394000e-05	-2.763784e-02	-9.960421e+00
2.395000e-05	-2.801849e-02	-9.990422e+00
2.396000e-05	-1.543687e-02	-1.000110e+01
2.397000e-05	-1.644593e-02	-1.003363e+01
2.398000e-05	-2.812973e-02	-1.007564e+01
2.399000e-05	-3.227498e-02	-1.005424e+01
2.400000e-05	-1.919111e-02	-1.005481e+01
2.401000e-05	-1.864174e-02	-1.008786e+01
2.402000e-05	-2.726315e-02	-1.014937e+01
2.403000e-05	-3.349622e-02	-1.014745e+01
2.404000e-05	-2.422303e-02	-1.016895e+01
2.405000e-05	-2.274666e-02	-1.014003e+01
2.406000e-05	-3.162462e-02	-1.013745e+01
2.407000e-05	-3.330002e-02	-1.010842e+01
2.408000e-05	-2.898162e-02	-1.010689e+01
2.409000e-05	-2.399882e-02	-1.007589e+01
2.410000e-05	-3.289072e-02	-1.007616e+01
2.411000e-05	-3.825925e-02	-1.005426e+01
2.412000e-05	-3.458857e-02	-1.006278e+01
2.413000e-05	-3.070703e-02	-1.005300e+01
2.414000e-05	-3.579493e-02	-9.990050e+00
2.415000e-05	-4.056112e-02	-9.989421e+00
2.416000e-05	-3.613401e-02	-9.907840e+00
2.417000e-05	-3.402301e-02	-9.883791e+00
2.418000e-05	-3.951411e-02	-9.874159e+00
2.419000e-05	-4.362601e-02	-9.780983e+00
2.420000e-05	-4.212533e-02	-9.769370e+00
2.421000e-05	-3.921941e-02	-9.724362e+00
2.422000e-05	-4.227975e-02	-9.634133e+00
2.423000e-05	-4.858395e-02	-9.581530e+00
2.424000e-05	-4.570131e-02	-9.609365e+00
2.425000e-05	-4.568107e-02	-9.475735e+00
2.426000e-05	-4.734540e-02	-9.328474e+00
2.427000e-05	-5.214035e-02	-9.285238e+00
2.428000e-05	-5.003899e-02	-9.211998e+00
2.429000e-05	-4.929532e-02	-9.116887e+00
2.430000e-05	-5.378539e-02	-9.042133e+00
2.431000e-05	-5.846140e-02	-8.937441e+00
2.432000e-05	-5.866251e-02	-8.862737e+00
2.433000e-05	-5.587059e-02	-8.780551e+00
2.434000e-05	-5.616760e-02	-8.715808e+00
2.435000e-05	-5.847236e-02	-8.618946e+00
2.436000e-05	-5.580886e-02	-8.473706e+00
2.437000e-05	-5.586201e-02	-8.348421e+00
2.438000e-05	-5.864095e-02	-8.254682e+00
2.439000e-05	-6.105705e-02	-8.137420e+00
2.440000e-05	-6.032174e-02	-8.051657e+00
2.441000e-05	-5.744352e-02	-7.935831e+00
2.442000e-05	-5.706335e-02	-7.768928e+00
2.443000e-05	-5.509010e-02	-7.631151e+00
2.444000e-05	-5.192442e-02	-7.473759e+00
2.445000e-05	-5.016705e-02	-7.336416e+00
2.446000e-05	-5.058518e-02	-7.243155e+00
2.447000e-05	-5.100863e-02	-7.126759e+00
2.448000e-05	-4.864037e-02	-6.918466e+00
2.449000e-05	-4.754939e-02	-6.799429e+00
2.450000e-05	-4.572629e-02	-6.692684e+00
2.451000e-05	-4.375896e-02	-6.536338e+00
2.452000e-05	-3.988908e-02	-6.430498e+00
2.453000e-05	-3.754502e-02	-6.242709e+00
2.454000e-05	-3.687362e-02	-6.094681e+00
2.455000e-05	-3.683846e-02	-5.905337e+00
2.456000e-05	-3.576863e-02	-5.798919e+00
2.457000e-05	-3.387300e-02	-5.669604e+00
2.458000e-05	-3.302361e-02	-5.482729e+00
2.459000e-05	-3.048645e-02	-5.271581e+00
2.460000e-05	-2.685212e-02	-5.093684e+00
2.461000e-05	-2.801259e-02	-4.884783e+00
2.462000e-05	-2.618316e-02	-4.683832e+00
2.463000e-05	-2.641813e-02	-4.496843e+00
2.464000e-05	-2.129089e-02	-4.380971e+00
2.465000e-05	-2.297683e-02	-4.263129e+00
2.466000e-05	-2.027054e-02	-4.065261e+00
2.467000e-05	-2.229367e-02	-3.927289e+00
2.468000e-05	-1.722501e-02	-3.724267e+00
2.469000e-05	-1.920121e-02	-3.536366e+00
2.470000e-05	-1.666690e-02	-3.359945e+00
2.471000e-05	-1.800442e-02	-3.220500e+00
2.472000e-05	-1.339958e-02	-3.031575e+00
2.473000e-05	-1.342370e-02	-2.811053e+00
2.474000e-05	-1.417864e-02	-2.661634e+00
2.475000e-05	-1.458880e-02	-2.443256e+00
2.476000e-05	-1.181826e-02	-2.355685e+00
2.477000e-05	-9.798444e-03	-2.093130e+00
2.478000e-05	-9.996574e-03	-1.883708e+00
2.479000e-05	-9.395815e-03	-1.726864e+00
2.480000e-05	-8.606949e-03	-1.580492e+00
2.481000e-05	-7.103180e-03	-1.312287e+00
2.482000e-05	-9.803509e-03	-1.095313e+00
2.483000e-05	-7.383259e-03	-9.273369e-01
2.484000e-05	-7.827653e-03	-7.668883e-01
2.485000e-05	-4.402775e-03	-5.559421e-01
2.486000e-05	-5.017478e-03	-3.678934e-01
2.487000e-05	-4.404440e-03	-2.305014e-01
2.488000e-05	-8.106191e-04	2.152650e-02
2.489000e-05	2.754502e-03	1.599236e-01
2.490000e-05	-9.944390e-04	3.994475e-01
2.491000e-05	-1.317462e-03	4.958423e-01
2.492000e-05	-2.896573e-03	6.748146e-01
2.493000e-05	5.677880e-04	8.420080e-01
2.494000e-05	4.175619e-04	1.064711e+00
2.495000e-05	4.563648e-03	1.255109e+00
2.496000e-05	2.337595e-02	1.451607e+00
2.497000e-05	6.601721e-02	1.698396e+00
2.498000e-05	-8.990767e-03	1.937396e+00
2.499000e-05	-4.756444e-02	2.106366e+00
2.500000e-05	-4.446124e-02	2.314210e+00
2.501000e-05	-5.488132e-02	2.390002e+00
2.502000e-05	3.202066e-02	2.454137e+00
2.503000e-05	8.460696e-02	2.737841e+00
2.504000e-05	-1.053636e-01	2.885866e+00
2.505000e-05	6.698518e-02	3.001008e+00
2.506000e-05	7.229606e-02	3.223581e+00
2.507000e-05	-5.014958e-02	3.464638e+00
2.508000e-05	2.295861e-02	3.590501e+00
2.509000e-05	-4.499168e-02	3.716950e+00
2.510000e-05	-1.944422e-02	3.969872e+00
2.511000e-05	8.577581e-02	4.064689e+00
2.512000e-05	-1.614536e-02	4.348892e+00
2.513000e-05	-1.658683e-02	4.476636e+00
2.514000e-05	1.761750e-02	4.645159e+00
2.515000e-05	-1.113970e-02	4.831978e+00
2.516000e-05	3.340191e-02	4.993050e+00
2.517000e-05	-3.250819e-02	5.243661e+00
2.518000e-05	2.203941e-03	5.412583e+00
2.519000e-05	3.746548e-02	5.559397e+00
2.520000e-05	2.192600e-02	5.645215e+00
2.521000e-05	-1.528270e-02	5.906770e+00
2.522000e-05	-2.847009e-02	6.064157e+00
2.523000e-05	4.413551e-02	6.210999e+00
2.524000e-05	5.915054e-03	6.349924e+00
2.525000e-05	-8.413651e-03	6.433164e+00
2.526000e-05	1.566808e-02	6.635655e+00
2.527000e-05	1.054771e-02	6.781077e+00
2.528000e-05	1.795398e-02	6.976391e+00
2.529000e-05	-7.490083e-03	7.053133e+00
2.530000e-05	-3.758857e-03	7.190498e+00
2.531000e-05	1.913102e-02	7.245791e+00
2.532000e-05	1.330745e-02	7.444715e+00
2.533000e-05	1.006572e-02	7.632633e+00
2.534000e-05	-1.286073e-03	7.748921e+00
2.535000e-05	1.810416e-02	7.883815e+00
2.536000e-05	9.610770e-03	8.071060e+00
2.537000e-05	7.163901e-04	8.160450e+00
2.538000e-05	7.532816e-03	8.285263e+00
2.539000e-05	1.089869e-02	8.370897e+00
2.540000e-05	1.871549e-02	8.423657e+00
2.541000e-05	5.639221e-03	8.500419e+00
2.542000e-05	7.649443e-03	8.592182e+00
2.543000e-05	1.359857e-02	8.696841e+00
2.544000e-05	1.194681e-02	8.813532e+00
2.545000e-05	7.161052e-03	8.856886e+00
2.546000e-05	5.004577e-03	9.011155e+00
2.547000e-05	1.766385e-02	9.137769e+00
2.548000e-05	1.508196e-02	9.192049e+00
2.549000e-05	1.109276e-02	9.243258e+00
2.550000e-05	7.953788e-03	9.309869e+00
2.551000e-05	1.492793e-02	9.411556e+00
2.552000e-05	1.674125e-02	9.483785e+00
2.553000e-05	8.613603e-03	9.516918e+00
2.554000e-05	1.081569e-02	9.558500e+00
2.555000e-05	1.708624e-02	9.634604e+00
2.556000e-05	1.981264e-02	9.698316e+00
2.557000e-05	1.092823e-02	9.738874e+00
2.558000e-05	1.082872e-02	9.811662e+00
2.559000e-05	1.645118e-02	9.826266e+00
2.560000e-05	1.897097e-02	9.957868e+00
2.561000e-05	1.460421e-02	9.958946e+00
2.562000e-05	1.312902e-02	1.002010e+01
2.563000e-05	1.969574e-02	1.002218e+01
2.564000e-05	2.050292e-02	1.003318e+01
2.565000e-05	1.658854e-02	1.007419e+01
2.566000e-05	1.499689e-02	1.008571e+01
2.567000e-05	1.996248e-02	1.008484e+01
2.568000e-05	2.245554e-02	1.007684e+01
2.569000e-05	2.053916e-02	1.009484e+01
2.570000e-05	1.857911e-02	1.009837e+01
2.571000e-05	2.057378e-02	1.009737e+01
2.572000e-05	2.492076e-02	1.012684e+01
2.573000e-05	2.191670e-02	1.011632e+01
2.574000e-05	2.191146e-02	1.010629e+01
2.575000e-05	2.447991e-02	1.010566e+01
2.576000e-05	2.848110e-02	1.007574e+01
2.577000e-05	2.686579e-02	1.005321e+01
2.578000e-05	2.575233e-02	1.004266e+01
2.579000e-05	2.701781e-02	1.003068e+01
2.580000e-05	3.156967e-02	1.000003e+01
2.581000e-05	3.102476e-02	9.989949e+00
2.582000e-05	2.965061e-02	9.915360e+00
2.583000e-05	3.078245e-02	9.845211e+00
2.584000e-05	3.364104e-02	9.780603e+00
2.585000e-05	3.448140e-02	9.767420e+00
2.586000e-05	3.248252e-02	9.655716e+00
2.587000e-05	3.446856e-02	9.589054e+00
2.588000e-05	3.804825e-02	9.566944e+00
2.589000e-05	3.995948e-02	9.506292e+00
2.590000e-05	3.776851e-02	9.454156e+00
2.591000e-05	3.862379e-02	9.398946e+00
2.592000e-05	4.211928e-02	9.316840e+00
2.593000e-05	4.344735e-02	9.231207e+00
2.594000e-05	4.374168e-02	9.169525e+00
2.595000e-05	4.355135e-02	9.094684e+00
2.596000e-05	4.726317e-02	8.989019e+00
2.597000e-05	4.823312e-02	8.835835e+00
2.598000e-05	4.953677e-02	8.788425e+00
2.599000e-05	4.943468e-02	8.697340e+00
2.600000e-05	5.081081e-02	8.580977e+00
2.601000e-05	5.208960e-02	8.524765e+00
2.602000e-05	5.165287e-02	8.431454e+00
2.603000e-05	5.020861e-02	8.336843e+00
2.604000e-05	5.131991e-02	8.221099e+00
2.605000e-05	5.190165e-02	8.086787e+00
2.606000e-05	5.133215e-02	7.968874e+00
2.607000e-05	4.872299e-02	7.871705e+00
2.608000e-05	4.960672e-02	7.716371e+00
2.609000e-05	4.859780e-02	7.609648e+00
2.610000e-05	4.709790e-02	7.453236e+00
2.611000e-05	4.487928e-02	7.285286e+00
2.612000e-05	4.364815e-02	7.157971e+00
2.613000e-05	4.222609e-02	7.061627e+00
2.614000e-05	4.105475e-02	6.905811e+00
2.615000e-05	3.833733e-02	6.789950e+00
2.616000e-05	3.769566e-02	6.591626e+00
2.617000e-05	3.607035e-02	6.442133e+00
2.618000e-05	3.422578e-02	6.295341e+00
2.619000e-05	3.235674e-02	6.166524e+00
2.620000e-05	3.041603e-02	6.032599e+00
2.621000e-05	2.779235e-02	5.896812e+00
2.622000e-05	2.625696e-02	5.738336e+00
2.623000e-05	2.516422e-02	5.538945e+00
2.624000e-05	2.370216e-02	5.440524e+00
2.625000e-05	2.204551e-02	5.233628e+00
2.626000e-05	2.084594e-02	5.030149e+00
2.627000e-05	1.934496e-02	4.821555e+00
2.628000e-05	1.772948e-02	4.672707e+00
2.629000e-05	1.601704e-02	4.485789e+00
2.630000e-05	1.506047e-02	4.368421e+00
2.631000e-05	1.479777e-02	4.147890e+00
2.632000e-05	1.353653e-02	4.006969e+00
2.633000e-05	1.089669e-02	3.840551e+00
2.634000e-05	9.926659e-03	3.671630e+00
2.635000e-05	8.845733e-03	3.535331e+00
2.636000e-05	9.056538e-03	3.283633e+00
2.637000e-05	6.121876e-03	3.105291e+00
2.638000e-05	6.852029e-03	2.935941e+00
2.639000e-05	7.196192e-03	2.768524e+00
2.640000e-05	6.050825e-03	2.547995e+00
2.641000e-05	4.436150e-03	2.367946e+00
2.642000e-05	2.023970e-03	2.210550e+00
2.643000e-05	2.836547e-03	2.050603e+00
2.644000e-05	2.217768e-03	1.843184e+00
2.645000e-05	1.098939e-03	1.685754e+00
2.646000e-05	4.177797e-04	1.472207e+00
2.647000e-05	3.050945e-04	1.293680e+00
2.648000e-05	1.220002e-03	1.051755e+00
2.649000e-05	-1.199426e-03	8.310302e-01
2.650000e-05	-2.904495e-03	6.526316e-01
2.651000e-05	-2.664755e-03	4.932317e-01
2.652000e-05	-1.471444e-03	3.053654e-01
2.653000e-05	-3.568569e-03	7.420653e-02
2.654000e-05	-1.615124e-03	-7.521184e-02
2.655000e-05	2.640356e-03	-2.431090e-01
2.656000e-05	-2.377255e-03	-3.800238e-01
2.657000e-05	-1.925422e-03	-5.900001e-01
2.658000e-05	-5.006711e-03	-7.999488e-01
2.659000e-05	-3.580648e-03	-9.283672e-01
2.660000e-05	-3.488314e-03	-1.076267e+00
2.661000e-05	2.070816e-03	-1.285711e+00
2.662000e-05	5.908100e-02	-1.486189e+00
2.663000e-05	2.899502e-02	-1.672614e+00
2.664000e-05	-4.966608e-02	-1.947317e+00
2.665000e-05	-5.185761e-02	-2.170026e+00
2.666000e-05	-9.623044e-02	-2.392056e+00
2.667000e-05	4.470876e-02	-2.485861e+00
2.668000e-05	1.069677e-01	-2.568471e+00
2.669000e-05	-1.562402e-01	-2.800922e+00
2.670000e-05	6.353492e-02	-3.001980e+00
2.671000e-05	9.142736e-02	-3.138818e+00
2.672000e-05	-9.594987e-02	-3.326820e+00
2.673000e-05	4.642816e-02	-3.497315e+00
2.674000e-05	-6.624739e-02	-3.590608e+00
2.675000e-05	-8.677712e-02	-3.865263e+00
2.676000e-05	1.424617e-01	-4.010558e+00
2.677000e-05	-5.298421e-02	-4.192004e+00
2.678000e-05	-2.456538e-02	-4.380526e+00
2.679000e-05	2.600156e-02	-4.515662e+00
2.680000e-05	-6.799181e-02	-4.696870e+00
2.681000e-05	7.892135e-02	-4.906770e+00
2.682000e-05	-9.996709e-02	-5.023656e+00
2.683000e-05	-2.546905e-02	-5.183158e+00
2.684000e-05	9.172495e-02	-5.413604e+00
2.685000e-05	-4.562734e-02	-5.643630e+00
2.686000e-05	2.218563e-03	-5.779420e+00
2.687000e-05	-7.603355e-02	-5.925264e+00
2.688000e-05	3.809126e-02	-6.055661e+00
2.689000e-05	2.187443e-02	-6.232031e+00
2.690000e-05	-8.768343e-02	-6.391056e+00
2.691000e-05	4.853383e-02	-6.538817e+00
2.692000e-05	-2.991877e-02	-6.674739e+00
2.693000e-05	2.157264e-02	-6.811553e+00
2.694000e-05	-3.943956e-02	-6.947373e+00
2.695000e-05	-5.085303e-02	-7.077300e+00
2.696000e-05	5.087363e-02	-7.254663e+00
2.697000e-05	-4.367302e-02	-7.362627e+00
2.698000e-05	8.379116e-03	-7.507237e+00
2.699000e-05	-3.958685e-02	-7.654008e+00
2.700000e-05	1.118716e-02	-7.814136e+00
2.701000e-05	2.668839e-04	-7.979872e+00
2.702000e-05	-5.074910e-02	-8.064764e+00
2.703000e-05	3.521957e-03	-8.180472e+00
2.704000e-05	-2.547285e-02	-8.315241e+00
2.705000e-05	1.654180e-02	-8.390479e+00
2.706000e-05	-3.728509e-02	-8.465688e+00
2.707000e-05	-1.785857e-02	-8.628154e+00
2.708000e-05	-6.539055e-04	-8.719273e+00
2.709000e-05	-1.746579e-02	-8.802633e+00
2.710000e-05	-1.651870e-02	-8.896817e+00
2.711000e-05	-3.571308e-02	-9.022056e+00
2.712000e-05	5.878604e-03	-9.074766e+00
2.713000e-05	-1.451588e-02	-9.139870e+00
2.714000e-05	-2.118031e-02	-9.232476e+00
2.715000e-05	-2.486982e-02	-9.266191e+00
2.716000e-05	-1.160833e-02	-9.382577e+00
2.717000e-05	-9.842389e-03	-9.415737e+00
2.718000e-05	-2.942389e-02	-9.559949e+00
2.719000e-05	-2.196841e-02	-9.651061e+00
2.720000e-05	-1.178467e-02	-9.674714e+00
2.721000e-05	-1.036710e-02	-9.728394e+00
2.722000e-05	-2.881277e-02	-9.781003e+00
2.723000e-05	-2.692182e-02	-9.803632e+00
2.724000e-05	-1.553352e-02	-9.873763e+00
2.725000e-05	-1.526928e-02	-9.886890e+00
2.726000e-05	-2.713630e-02	-9.960366e+00
2.727000e-05	-2.582353e-02	-9.989922e+00
2.728000e-05	-1.496971e-02	-9.992524e+00
2.729000e-05	-1.838062e-02	-1.003316e+01
2.730000e-05	-2.855836e-02	-1.006359e+01
2.731000e-05	-3.106119e-02	-1.005329e+01
2.732000e-05	-1.864464e-02	-1.007782e+01
2.733000e-05	-2.035714e-02	-1.012939e+01
2.734000e-05	-2.695927e-02	-1.006502e+01
2.735000e-05	-3.119372e-02	-1.014687e+01
2.736000e-05	-2.386677e-02	-1.015845e+01
2.737000e-05	-2.444261e-02	-1.011943e+01
2.738000e-05	-3.334610e-02	-1.010890e+01
2.739000e-05	-3.236672e-02	-1.014840e+01
2.740000e-05	-2.722326e-02	-1.011789e+01
2.741000e-05	-2.490446e-02	-1.011634e+01
2.742000e-05	-3.458960e-02	-1.014684e+01
2.743000e-05	-3.727311e-02	-1.008364e+01
2.744000e-05	-3.291694e-02	-1.005263e+01
2.745000e-05	-3.162236e-02	-1.002306e+01
2.746000e-05	-3.676919e-02	-9.973000e+00
2.747000e-05	-4.036346e-02	-9.958867e+00
2.748000e-05	-3.415270e-02	-9.925367e+00
2.749000e-05	-3.402642e-02	-9.875262e+00
2.750000e-05	-4.096979e-02	-9.854659e+00
2.751000e-05	-4.401945e-02	-9.821576e+00
2.752000e-05	-4.118242e-02	-9.780395e+00
2.753000e-05	-3.834077e-02	-9.696890e+00
2.754000e-05	-4.353239e-02	-9.632159e+00
2.755000e-05	-4.803719e-02	-9.610629e+00
2.756000e-05	-4.485951e-02	-9.558344e+00
2.757000e-05	-4.428545e-02	-9.495310e+00
2.758000e-05	-4.899714e-02	-9.360548e+00
2.759000e-05	-5.332009e-02	-9.305289e+00
2.760000e-05	-5.008119e-02	-9.202001e+00
2.761000e-05	-4.913822e-02	-9.098342e+00
2.762000e-05	-5.304865e-02	-9.022679e+00
2.763000e-05	-5.767129e-02	-8.936467e+00
2.764000e-05	-5.525691e-02	-8.872163e+00
2.765000e-05	-5.431488e-02	-8.821495e+00
2.766000e-05	-5.759278e-02	-8.695317e+00
2.767000e-05	-6.092201e-02	-8.579048e+00
2.768000e-05	-5.898320e-02	-8.463757e+00
2.769000e-05	-5.523093e-02	-8.367967e+00
2.770000e-05	-5.832152e-02	-8.273654e+00
2.771000e-05	-6.025135e-02	-8.156891e+00
2.772000e-05	-5.869285e-02	-8.073106e+00
2.773000e-05	-5.485013e-02	-7.939337e+00
2.774000e-05	-5.495990e-02	-7.808497e+00
2.775000e-05	-5.775229e-02	-7.612003e+00
2.776000e-05	-5.520904e-02	-7.485738e+00
2.777000e-05	-5.094666e-02	-7.356894e+00
2.778000e-05	-5.077011e-02	-7.253154e+00
2.779000e-05	-5.129381e-02	-7.127870e+00
2.780000e-05	-4.885493e-02	-6.937919e+00
2.781000e-05	-4.448152e-02	-6.820579e+00
2.782000e-05	-4.433310e-02	-6.684264e+00
2.783000e-05	-4.442592e-02	-6.568913e+00
2.784000e-05	-4.334319e-02	-6.399525e+00
2.785000e-05	-3.945337e-02	-6.294133e+00
2.786000e-05	-3.745696e-02	-6.095209e+00
2.787000e-05	-3.818369e-02	-5.915768e+00
2.788000e-05	-3.633866e-02	-5.749944e+00
2.789000e-05	-3.252633e-02	-5.653079e+00
2.790000e-05	-3.001294e-02	-5.482184e+00
2.791000e-05	-3.010875e-02	-5.273159e+00
2.792000e-05	-2.960000e-02	-5.064233e+00
2.793000e-05	-2.725223e-02	-4.924837e+00
2.794000e-05	-2.504909e-02	-4.654808e+00
2.795000e-05	-2.624655e-02	-4.567893e+00
2.796000e-05	-2.485639e-02	-4.410049e+00
2.797000e-05	-2.306075e-02	-4.242172e+00
2.798000e-05	-1.935377e-02	-4.124309e+00
2.799000e-05	-2.043636e-02	-3.936916e+00
2.800000e-05	-1.932483e-02	-3.745414e+00
2.801000e-05	-1.871992e-02	-3.548892e+00
2.802000e-05	-1.471292e-02	-3.389998e+00
2.803000e-05	-1.678588e-02	-3.222105e+00
2.804000e-05	-1.499509e-02	-3.030998e+00
2.805000e-05	-1.582657e-02	-2.811029e+00
2.806000e-05	-1.241796e-02	-2.672705e+00
2.807000e-05	-1.368245e-02	-2.483659e+00
2.808000e-05	-1.197493e-02	-2.306166e+00
2.809000e-05	-1.074993e-02	-2.102709e+00
2.810000e-05	-7.996194e-03	-1.905288e+00
2.811000e-05	-9.004404e-03	-1.747343e+00
2.812000e-05	-8.717676e-03	-1.569895e+00
2.813000e-05	-1.133533e-02	-1.313863e+00
2.814000e-05	-6.824566e-03	-1.125842e+00
2.815000e-05	-8.133784e-03	-9.072632e-01
2.816000e-05	-6.785104e-03	-7.884746e-01
2.817000e-05	-5.696317e-03	-5.259356e-01
2.818000e-05	-4.213540e-03	-3.879946e-01
2.819000e-05	-2.336171e-03	-2.199987e-01
2.820000e-05	-1.905812e-03	-3.105007e-02
2.821000e-05	1.421594e-03	1.478223e-01
2.822000e-05	-3.123530e-03	3.499724e-01
2.823000e-05	5.081915e-04	5.153146e-01
2.824000e-05	-1.196847e-03	7.052405e-01
2.825000e-05	1.810819e-03	8.415841e-01
2.826000e-05	8.064117e-04	1.115212e+00
2.827000e-05	6.359355e-03	1.273059e+00
2.828000e-05	2.113382e-02	1.471653e+00
2.829000e-05	6.464159e-02	1.716791e+00
2.830000e-05	-7.944826e-03	1.937366e+00
2.831000e-05	-4.636456e-02	2.106741e+00
2.832000e-05	-4.283301e-02	2.254210e+00
2.833000e-05	-5.388311e-02	2.390474e+00
2.834000e-05	2.437332e-02	2.474683e+00
2.835000e-05	9.039570e-02	2.728396e+00
2.836000e-05	-1.008005e-01	2.866266e+00
2.837000e-05	5.643388e-02	3.009977e+00
2.838000e-05	7.639099e-02	3.141055e+00
2.839000e-05	-4.853263e-02	3.434136e+00
2.840000e-05	2.240805e-02	3.589951e+00
2.841000e-05	-4.118376e-02	3.767370e+00
2.842000e-05	-2.566526e-02	3.938346e+00
2.843000e-05	8.558797e-02	4.055212e+00
2.844000e-05	-1.001470e-02	4.346294e+00
2.845000e-05	-1.974261e-02	4.473761e+00
2.846000e-05	1.745374e-02	4.625634e+00
2.847000e-05	-1.426142e-02	4.803031e+00
2.848000e-05	3.518558e-02	4.968079e+00
2.849000e-05	-2.944203e-02	5.243686e+00
2.850000e-05	-1.449496e-03	5.411605e+00
2.851000e-05	3.582946e-02	5.599420e+00
2.852000e-05	2.474206e-02	5.685715e+00
2.853000e-05	-1.231949e-02	5.876312e+00
2.854000e-05	-3.159658e-02	6.063109e+00
2.855000e-05	4.088900e-02	6.189957e+00
2.856000e-05	9.217023e-03	6.326292e+00
2.857000e-05	-9.231911e-03	6.413639e+00
2.858000e-05	1.525677e-02	6.614629e+00
2.859000e-05	8.632093e-03	6.782030e+00
2.860000e-05	1.902575e-02	6.917295e+00
2.861000e-05	-6.610555e-03	7.033658e+00
2.862000e-05	-5.083196e-03	7.140977e+00
2.863000e-05	1.723815e-02	7.235790e+00
2.864000e-05	1.452632e-02	7.445838e+00
2.865000e-05	1.110004e-02	7.603605e+00
2.866000e-05	-2.458855e-03	7.777996e+00
2.867000e-05	1.625276e-02	7.844792e+00
2.868000e-05	1.030308e-02	8.042584e+00
2.869000e-05	1.132134e-03	8.180896e+00
2.870000e-05	8.669111e-03	8.244716e+00
2.871000e-05	1.040476e-02	8.400973e+00
2.872000e-05	1.732036e-02	8.412136e+00
2.873000e-05	6.107141e-03	8.526921e+00
2.874000e-05	9.495540e-03	8.613606e+00
2.875000e-05	1.292296e-02	8.695821e+00
2.876000e-05	1.099148e-02	8.782502e+00
2.877000e-05	7.731902e-03	8.845690e+00
2.878000e-05	6.660404e-03	9.001527e+00
2.879000e-05	1.762080e-02	9.096913e+00
2.880000e-05	1.329537e-02	9.211573e+00
2.881000e-05	1.119682e-02	9.253286e+00
2.882000e-05	1.018568e-02	9.318346e+00
2.883000e-05	1.533239e-02	9.382052e+00
2.884000e-05	1.438219e-02	9.453658e+00
2.885000e-05	9.207179e-03	9.496315e+00
2.886000e-05	1.221321e-02	9.579974e+00
2.887000e-05	1.706882e-02	9.604155e+00
2.888000e-05	1.804956e-02	9.695267e+00
2.889000e-05	1.062870e-02	9.738473e+00
2.890000e-05	1.321694e-02	9.840658e+00
2.891000e-05	1.701006e-02	9.854840e+00
2.892000e-05	1.786215e-02	9.928316e+00
2.893000e-05	1.547000e-02	9.938948e+00
2.894000e-05	1.534417e-02	1.001043e+01
2.895000e-05	2.051648e-02	1.001263e+01
2.896000e-05	1.846849e-02	1.003316e+01
2.897000e-05	1.604033e-02	1.005316e+01
2.898000e-05	1.578089e-02	1.007429e+01
2.899000e-05	2.110100e-02	1.007681e+01
2.900000e-05	2.152546e-02	1.008527e+01
2.901000e-05	1.934117e-02	1.009682e+01
2.902000e-05	1.974079e-02	1.007837e+01
2.903000e-05	2.210843e-02	1.008837e+01
2.904000e-05	2.393914e-02	1.008684e+01
2.905000e-05	2.143823e-02	1.008484e+01
2.906000e-05	2.157262e-02	1.006486e+01
2.907000e-05	2.665192e-02	1.008476e+01
2.908000e-05	2.722398e-02	1.005431e+01
2.909000e-05	2.594672e-02	1.006464e+01
2.910000e-05	2.547425e-02	1.003303e+01
2.911000e-05	2.840258e-02	1.002207e+01
2.912000e-05	3.070332e-02	9.969497e+00
2.913000e-05	2.929597e-02	9.917395e+00
2.914000e-05	2.848969e-02	9.886842e+00
2.915000e-05	3.240306e-02	9.904187e+00
2.916000e-05	3.400499e-02	9.812099e+00
2.917000e-05	3.242863e-02	9.707942e+00
2.918000e-05	3.156787e-02	9.694736e+00
2.919000e-05	3.579187e-02	9.611582e+00
2.920000e-05	3.693763e-02	9.548870e+00
2.921000e-05	3.782021e-02	9.496237e+00
2.922000e-05	3.844637e-02	9.471631e+00
2.923000e-05	4.085216e-02	9.379922e+00
2.924000e-05	4.313699e-02	9.314768e+00
2.925000e-05	4.246603e-02	9.263182e+00
2.926000e-05	4.206154e-02	9.179924e+00
2.927000e-05	4.566259e-02	9.083312e+00
2.928000e-05	4.706987e-02	8.981024e+00
2.929000e-05	4.833174e-02	8.882133e+00
2.930000e-05	4.752464e-02	8.790050e+00
2.931000e-05	5.064482e-02	8.715265e+00
2.932000e-05	5.113923e-02	8.619556e+00
2.933000e-05	5.144325e-02	8.495889e+00
2.934000e-05	5.053091e-02	8.401106e+00
2.935000e-05	5.072995e-02	8.337868e+00
2.936000e-05	5.209705e-02	8.251079e+00
2.937000e-05	5.131951e-02	8.102761e+00
2.938000e-05	4.992919e-02	7.968945e+00
2.939000e-05	4.963677e-02	7.860705e+00
2.940000e-05	5.034259e-02	7.726340e+00
2.941000e-05	4.925828e-02	7.641130e+00
2.942000e-05	4.611020e-02	7.473757e+00
2.943000e-05	4.414102e-02	7.285710e+00
2.944000e-05	4.523569e-02	7.178445e+00
2.945000e-05	4.230203e-02	7.020632e+00
2.946000e-05	4.027920e-02	6.896762e+00
2.947000e-05	3.755319e-02	6.769999e+00
2.948000e-05	3.812489e-02	6.662753e+00
2.949000e-05	3.627790e-02	6.432154e+00
2.950000e-05	3.371098e-02	6.325839e+00
2.951000e-05	3.113416e-02	6.189975e+00
2.952000e-05	3.092963e-02	6.064180e+00
2.953000e-05	2.963383e-02	5.957767e+00
2.954000e-05	2.653212e-02	5.737841e+00
2.955000e-05	2.470139e-02	5.548372e+00
2.956000e-05	2.447600e-02	5.450025e+00
2.957000e-05	2.314019e-02	5.252109e+00
2.958000e-05	2.083204e-02	5.031627e+00
2.959000e-05	1.802855e-02	4.862079e+00
2.960000e-05	1.827425e-02	4.674206e+00
2.961000e-05	1.736181e-02	4.504862e+00
2.962000e-05	1.515578e-02	4.378996e+00
2.963000e-05	1.309986e-02	4.138016e+00
2.964000e-05	1.286934e-02	3.999496e+00
2.965000e-05	1.319368e-02	3.820604e+00
2.966000e-05	1.118484e-02	3.662606e+00
2.967000e-05	8.455851e-03	3.525342e+00
2.968000e-05	7.701936e-03	3.265733e+00
2.969000e-05	8.353375e-03	3.105790e+00
2.970000e-05	6.565964e-03	2.977397e+00
2.971000e-05	5.322991e-03	2.799996e+00
2.972000e-05	4.313010e-03	2.569022e+00
2.973000e-05	4.523981e-03	2.378974e+00
2.974000e-05	4.027641e-03	2.218999e+00
2.975000e-05	2.516275e-03	2.041129e+00
2.976000e-05	8.594709e-04	1.863704e+00
2.977000e-05	8.946476e-04	1.653056e+00
2.978000e-05	1.249470e-03	1.442205e+00
2.979000e-05	-3.397681e-04	1.274180e+00
2.980000e-05	-1.580804e-03	1.062203e+00
2.981000e-05	-1.618870e-03	8.596015e-01
2.982000e-05	-1.327969e-03	6.611530e-01
2.983000e-05	-2.122519e-03	4.842318e-01
2.984000e-05	-3.164497e-03	3.073382e-01
2.985000e-05	-3.898014e-03	7.218411e-02
2.986000e-05	6.685585e-04	-8.418696e-02
2.987000e-05	2.978090e-03	-2.536080e-01
2.988000e-05	-4.231681e-03	-3.800238e-01
2.989000e-05	-3.682272e-03	-5.508448e-01
2.990000e-05	-5.126917e-03	-7.684536e-01
2.991000e-05	-2.963276e-03	-9.173633e-01
2.992000e-05	-4.331154e-03	-1.085713e+00
2.993000e-05	-2.719282e-04	-1.245634e+00
2.994000e-05	5.721643e-02	-1.496135e+00
2.995000e-05	3.509882e-02	-1.623683e+00
2.996000e-05	-5.146095e-02	-1.886845e+00
2.997000e-05	-5.258427e-02	-2.170921e+00
2.998000e-05	-9.477677e-02	-2.409529e+00
2.999000e-05	3.652257e-02	-2.535187e+00
3.000000e-05	1.111260e-01	-2.539445e+00
3.001000e-05	-1.527299e-01	-2.749896e+00
3.002000e-05	5.148764e-02	-2.961127e+00
3.003000e-05	1.025912e-01	-3.106217e+00
3.004000e-05	-9.607313e-02	-3.318846e+00
3.005000e-05	4.079462e-02	-3.506292e+00
3.006000e-05	-5.622421e-02	-3.610958e+00
3.007000e-05	-9.408121e-02	-3.865311e+00
3.008000e-05	1.407377e-01	-4.021530e+00
3.009000e-05	-4.580465e-02	-4.201506e+00
3.010000e-05	-3.257188e-02	-4.378976e+00
3.011000e-05	3.274158e-02	-4.434161e+00
3.012000e-05	-7.169524e-02	-4.685793e+00
3.013000e-05	7.560026e-02	-4.887317e+00
3.014000e-05	-9.079864e-02	-5.042630e+00
3.015000e-05	-3.275390e-02	-5.210609e+00
3.016000e-05	9.608455e-02	-5.402979e+00
3.017000e-05	-4.646929e-02	-5.581028e+00
3.018000e-05	5.124563e-04	-5.760421e+00
3.019000e-05	-7.207584e-02	-5.894262e+00
3.020000e-05	3.123349e-02	-6.044688e+00
3.021000e-05	2.895530e-02	-6.199859e+00
3.022000e-05	-9.121830e-02	-6.381500e+00
3.023000e-05	4.903845e-02	-6.506265e+00
3.024000e-05	-2.661848e-02	-6.663186e+00
3.025000e-05	1.714146e-02	-6.793578e+00
3.026000e-05	-3.433188e-02	-6.909849e+00
3.027000e-05	-5.492929e-02	-7.108869e+00
3.028000e-05	5.403293e-02	-7.264184e+00
3.029000e-05	-4.305020e-02	-7.381030e+00
3.030000e-05	5.697979e-03	-7.475293e+00
3.031000e-05	-3.854107e-02	-7.614105e+00
3.032000e-05	9.171586e-03	-7.853081e+00
3.033000e-05	4.526111e-03	-7.918947e+00
3.034000e-05	-5.309732e-02	-8.064213e+00
3.035000e-05	3.977539e-03	-8.148921e+00
3.036000e-05	-2.337258e-02	-8.286787e+00
3.037000e-05	1.630530e-02	-8.369500e+00
3.038000e-05	-3.685639e-02	-8.445689e+00
3.039000e-05	-2.138322e-02	-8.570127e+00
3.040000e-05	1.609830e-03	-8.718914e+00
3.041000e-05	-1.598380e-02	-8.823204e+00
3.042000e-05	-1.514520e-02	-8.906317e+00
3.043000e-05	-3.712257e-02	-8.992079e+00
3.044000e-05	5.082644e-03	-9.054212e+00
3.045000e-05	-1.263914e-02	-9.140891e+00
3.046000e-05	-2.327934e-02	-9.212628e+00
3.047000e-05	-2.704499e-02	-9.285843e+00
3.048000e-05	-1.085477e-02	-9.388057e+00
3.049000e-05	-6.815914e-03	-9.485281e+00
3.050000e-05	-3.015769e-02	-9.549947e+00
3.051000e-05	-2.410554e-02	-9.621606e+00
3.052000e-05	-1.286199e-02	-9.684737e+00
3.053000e-05	-8.468656e-03	-9.748862e+00
3.054000e-05	-2.752127e-02	-9.750500e+00
3.055000e-05	-2.812228e-02	-9.833175e+00
3.056000e-05	-1.622033e-02	-9.873788e+00
3.057000e-05	-1.334982e-02	-9.915316e+00
3.058000e-05	-2.711555e-02	-9.949395e+00
3.059000e-05	-2.866112e-02	-9.970949e+00
3.060000e-05	-1.652997e-02	-1.002250e+01
3.061000e-05	-1.575974e-02	-1.002361e+01
3.062000e-05	-2.714197e-02	-1.005569e+01
3.063000e-05	-3.252215e-02	-1.004573e+01
3.064000e-05	-1.976626e-02	-1.008524e+01
3.065000e-05	-1.883769e-02	-1.009697e+01
3.066000e-05	-2.562813e-02	-1.009744e+01
3.067000e-05	-3.193037e-02	-1.015645e+01
3.068000e-05	-2.514967e-02	-1.013957e+01
3.069000e-05	-2.271737e-02	-1.014997e+01
3.070000e-05	-3.161655e-02	-1.015949e+01
3.071000e-05	-3.317815e-02	-1.014839e+01
3.072000e-05	-2.867414e-02	-1.011832e+01
3.073000e-05	-2.377296e-02	-1.009679e+01
3.074000e-05	-3.241980e-02	-1.007577e+01
3.075000e-05	-3.719678e-02	-1.006389e+01
3.076000e-05	-3.344790e-02	-1.004419e+01
3.077000e-05	-3.148546e-02	-1.004413e+01
3.078000e-05	-3.538683e-02	-1.002247e+01
3.079000e-05	-3.996616e-02	-9.978922e+00
3.080000e-05	-3.545300e-02	-9.926342e+00
3.081000e-05	-3.355381e-02	-9.896265e+00
3.082000e-05	-3.922031e-02	-9.853687e+00
3.083000e-05	-4.302545e-02	-9.860996e+00
3.084000e-05	-4.204676e-02	-9.718396e+00
3.085000e-05	-3.796002e-02	-9.715313e+00
3.086000e-05	-4.214796e-02	-9.663659e+00
3.087000e-05	-4.671982e-02	-9.601576e+00
3.088000e-05	-4.568892e-02	-9.538419e+00
3.089000e-05	-4.489471e-02	-9.474236e+00
3.090000e-05	-4.807064e-02	-9.370525e+00
3.091000e-05	-5.287684e-02	-9.275267e+00
3.092000e-05	-5.155895e-02	-9.221576e+00
3.093000e-05	-4.926875e-02	-9.127891e+00
3.094000e-05	-5.227265e-02	-9.084229e+00
3.095000e-05	-5.697781e-02	-8.968917e+00
3.096000e-05	-5.642523e-02	-8.873638e+00
3.097000e-05	-5.491397e-02	-8.778898e+00
3.098000e-05	-5.716276e-02	-8.705789e+00
3.099000e-05	-5.857287e-02	-8.612048e+00
3.100000e-05	-5.943490e-02	-8.492133e+00
3.101000e-05	-5.675787e-02	-8.377919e+00
3.102000e-05	-5.911998e-02	-8.275236e+00
3.103000e-05	-5.891268e-02	-8.118872e+00
3.104000e-05	-5.961685e-02	-8.053181e+00
3.105000e-05	-5.630001e-02	-7.919917e+00
3.106000e-05	-5.565874e-02	-7.808546e+00
3.107000e-05	-5.634280e-02	-7.623604e+00
3.108000e-05	-5.445622e-02	-7.525788e+00
3.109000e-05	-5.178706e-02	-7.348970e+00
3.110000e-05	-5.174084e-02	-7.212180e+00
3.111000e-05	-5.153589e-02	-7.154815e+00
3.112000e-05	-4.969919e-02	-6.969442e+00
3.113000e-05	-4.647966e-02	-6.822978e+00
3.114000e-05	-4.543152e-02	-6.695736e+00
3.115000e-05	-4.434763e-02	-6.548817e+00
3.116000e-05	-4.141578e-02	-6.431098e+00
3.117000e-05	-3.866694e-02	-6.282232e+00
3.118000e-05	-3.809396e-02	-6.042655e+00
3.119000e-05	-3.783552e-02	-5.927368e+00
3.120000e-05	-3.593334e-02	-5.779521e+00
3.121000e-05	-3.437746e-02	-5.651079e+00
3.122000e-05	-3.253564e-02	-5.465154e+00
3.123000e-05	-3.129183e-02	-5.263230e+00
3.124000e-05	-2.893698e-02	-5.114758e+00
3.125000e-05	-2.625142e-02	-4.915809e+00
3.126000e-05	-2.592274e-02	-4.683654e+00
3.127000e-05	-2.514167e-02	-4.557312e+00
3.128000e-05	-2.344159e-02	-4.400050e+00
3.129000e-05	-2.305198e-02	-4.294130e+00
3.130000e-05	-2.166619e-02	-4.085712e+00
3.131000e-05	-2.231587e-02	-3.959438e+00
3.132000e-05	-1.913157e-02	-3.756441e+00
3.133000e-05	-1.752710e-02	-3.557441e+00
3.134000e-05	-1.491588e-02	-3.398465e+00
3.135000e-05	-1.629735e-02	-3.252600e+00
3.136000e-05	-1.439668e-02	-3.011551e+00
3.137000e-05	-1.484787e-02	-2.830552e+00
3.138000e-05	-1.372120e-02	-2.664183e+00
3.139000e-05	-1.503680e-02	-2.464233e+00
3.140000e-05	-1.277959e-02	-2.326886e+00
3.141000e-05	-1.013207e-02	-2.123160e+00
3.142000e-05	-7.826414e-03	-1.935817e+00
3.143000e-05	-8.833103e-03	-1.737413e+00
3.144000e-05	-8.753569e-03	-1.629500e+00
3.145000e-05	-7.994389e-03	-1.356438e+00
3.146000e-05	-8.100206e-03	-1.106788e+00
3.147000e-05	-9.441015e-03	-9.564446e-01
3.148000e-05	-8.049711e-03	-7.884187e-01
3.149000e-05	-4.772473e-03	-5.478131e-01
3.150000e-05	-3.410776e-03	-4.184419e-01
3.151000e-05	-4.183805e-03	-2.004463e-01
3.152000e-05	-1.152923e-04	-5.154751e-02
3.153000e-05	3.822899e-03	1.507537e-01
3.154000e-05	-1.717664e-03	3.899236e-01
3.155000e-05	-1.642083e-03	5.058160e-01
3.156000e-05	-2.526563e-03	7.061921e-01
3.157000e-05	1.911511e-03	8.311066e-01
3.158000e-05	4.097159e-04	1.065188e+00
3.159000e-05	4.330731e-03	1.232685e+00
3.160000e-05	2.107656e-02	1.440505e+00
3.161000e-05	6.635010e-02	1.707264e+00
3.162000e-05	-1.772084e-03	1.926843e+00
3.163000e-05	-4.793507e-02	2.126391e+00
3.164000e-05	-4.383725e-02	2.275737e+00
3.165000e-05	-5.444956e-02	2.369925e+00
3.166000e-05	1.861921e-02	2.474136e+00
3.167000e-05	9.472788e-02	2.685840e+00
3.168000e-05	-9.865381e-02	2.906763e+00
3.169000e-05	4.757516e-02	3.000951e+00
3.170000e-05	8.312290e-02	3.221581e+00
3.171000e-05	-4.746780e-02	3.382658e+00
3.172000e-05	1.802627e-02	3.560474e+00
3.173000e-05	-3.809978e-02	3.727875e+00
3.174000e-05	-3.147910e-02	3.967319e+00
3.175000e-05	8.648182e-02	4.005113e+00
3.176000e-05	-6.625399e-03	4.306320e+00
3.177000e-05	-2.412512e-02	4.465184e+00
3.178000e-05	1.947045e-02	4.673107e+00
3.179000e-05	-1.442685e-02	4.830503e+00
3.180000e-05	3.662731e-02	4.982057e+00
3.181000e-05	-2.960292e-02	5.232086e+00
3.182000e-05	-2.945622e-03	5.402082e+00
3.183000e-05	3.551834e-02	5.569425e+00
3.184000e-05	2.413809e-02	5.697218e+00
3.185000e-05	-1.530074e-02	5.884218e+00
3.186000e-05	-3.183196e-02	6.033559e+00
3.187000e-05	4.094388e-02	6.160979e+00
3.188000e-05	1.451408e-02	6.307290e+00
3.189000e-05	-1.007478e-02	6.423032e+00
3.190000e-05	1.508764e-02	6.612213e+00
3.191000e-05	8.043511e-03	6.782029e+00
3.192000e-05	1.668268e-02	6.937845e+00
3.193000e-05	-7.987891e-03	7.027760e+00
3.194000e-05	-7.308203e-03	7.188946e+00
3.195000e-05	2.011839e-02	7.285219e+00
3.196000e-05	1.615102e-02	7.505266e+00
3.197000e-05	1.201125e-02	7.612105e+00
3.198000e-05	-2.018784e-03	7.740948e+00
3.199000e-05	1.734658e-02	7.875291e+00
3.200000e-05	1.118011e-02	8.072709e+00
3.201000e-05	-1.541801e-03	8.159867e+00
3.202000e-05	5.880976e-03	8.263213e+00
3.203000e-05	1.061720e-02	8.370474e+00
3.204000e-05	2.131053e-02	8.423661e+00
3.205000e-05	6.479346e-03	8.540345e+00
3.206000e-05	8.180122e-03	8.634131e+00
3.207000e-05	1.319799e-02	8.717321e+00
3.208000e-05	1.308104e-02	8.789977e+00
3.209000e-05	7.000574e-03	8.865215e+00
3.210000e-05	3.367275e-03	8.960478e+00
3.211000e-05	1.667103e-02	9.117238e+00
3.212000e-05	1.657052e-02	9.190501e+00
3.213000e-05	1.183623e-02	9.243159e+00
3.214000e-05	8.045361e-03	9.298391e+00
3.215000e-05	1.542583e-02	9.399652e+00
3.216000e-05	1.716356e-02	9.433212e+00
3.217000e-05	1.072262e-02	9.518793e+00
3.218000e-05	1.064947e-02	9.549947e+00
3.219000e-05	1.616067e-02	9.623108e+00
3.220000e-05	1.909416e-02	9.674292e+00
3.221000e-05	1.098288e-02	9.731448e+00
3.222000e-05	1.087362e-02	9.810708e+00
3.223000e-05	1.663476e-02	9.865214e+00
3.224000e-05	1.963756e-02	9.928840e+00
3.225000e-05	1.575179e-02	9.928920e+00
3.226000e-05	1.340042e-02	9.990049e+00
3.227000e-05	1.963465e-02	1.002261e+01
3.228000e-05	2.059853e-02	1.003213e+01
3.229000e-05	1.673118e-02	1.005421e+01
3.230000e-05	1.477199e-02	1.004421e+01
3.231000e-05	2.060642e-02	1.010469e+01
3.232000e-05	2.331960e-02	1.011631e+01
3.233000e-05	2.091125e-02	1.011582e+01
3.234000e-05	1.811502e-02	1.007739e+01
3.235000e-05	2.117915e-02	1.013787e+01
3.236000e-05	2.583680e-02	1.010592e+01
3.237000e-05	2.185766e-02	1.007784e+01
3.238000e-05	2.092570e-02	1.008729e+01
3.239000e-05	2.348802e-02	1.006524e+01
3.240000e-05	2.955150e-02	1.006674e+01
3.241000e-05	2.538343e-02	1.003421e+01
3.242000e-05	2.484898e-02	1.003471e+01
3.243000e-05	2.653783e-02	1.002208e+01
3.244000e-05	3.066349e-02	9.978949e+00
3.245000e-05	3.186578e-02	9.987441e+00
3.246000e-05	2.834316e-02	9.966893e+00
3.247000e-05	3.117413e-02	9.884212e+00
3.248000e-05	3.384247e-02	9.801578e+00
3.249000e-05	3.341124e-02	9.707422e+00
3.250000e-05	3.179322e-02	9.663287e+00
3.251000e-05	3.482737e-02	9.592683e+00
3.252000e-05	3.763370e-02	9.560470e+00
3.253000e-05	3.815378e-02	9.506315e+00
3.254000e-05	3.807402e-02	9.423208e+00
3.255000e-05	4.039097e-02	9.379401e+00
3.256000e-05	4.288486e-02	9.307261e+00
3.257000e-05	4.324028e-02	9.242032e+00
3.258000e-05	4.281712e-02	9.179977e+00
3.259000e-05	4.468756e-02	9.103218e+00
3.260000e-05	4.717441e-02	8.991022e+00
3.261000e-05	4.809448e-02	8.855311e+00
3.262000e-05	4.801894e-02	8.790927e+00
3.263000e-05	5.069796e-02	8.705289e+00
3.264000e-05	5.109583e-02	8.631476e+00
3.265000e-05	5.139869e-02	8.507291e+00
3.266000e-05	5.151204e-02	8.432130e+00
3.267000e-05	5.242326e-02	8.327842e+00
3.268000e-05	5.091794e-02	8.201156e+00
3.269000e-05	5.050584e-02	8.085863e+00
3.270000e-05	5.165966e-02	7.959924e+00
3.271000e-05	5.163706e-02	7.853107e+00
3.272000e-05	4.994575e-02	7.736891e+00
3.273000e-05	4.728328e-02	7.611053e+00
3.274000e-05	4.734634e-02	7.464237e+00
3.275000e-05	4.595984e-02	7.316365e+00
3.276000e-05	4.442052e-02	7.178423e+00
3.277000e-05	4.112473e-02	7.032154e+00
3.278000e-05	4.109407e-02	6.915313e+00
3.279000e-05	4.029571e-02	6.809475e+00
3.280000e-05	3.841769e-02	6.602103e+00
3.281000e-05	3.441187e-02	6.461708e+00
3.282000e-05	3.486966e-02	6.336366e+00
3.283000e-05	3.263089e-02	6.200049e+00
3.284000e-05	3.166727e-02	6.063659e+00
3.285000e-05	2.854029e-02	5.956892e+00
3.286000e-05	2.688928e-02	5.778917e+00
3.287000e-05	2.554036e-02	5.547920e+00
3.288000e-05	2.460195e-02	5.431605e+00
3.289000e-05	2.226896e-02	5.242179e+00
3.290000e-05	2.045222e-02	5.033624e+00
3.291000e-05	2.013863e-02	4.843603e+00
3.292000e-05	1.841940e-02	4.673757e+00
3.293000e-05	1.634894e-02	4.535262e+00
3.294000e-05	1.489849e-02	4.409000e+00
3.295000e-05	1.423365e-02	4.158870e+00
3.296000e-05	1.345341e-02	3.980001e+00
3.297000e-05	1.179142e-02	3.831053e+00
3.298000e-05	9.921289e-03	3.654708e+00
3.299000e-05	1.032991e-02	3.514861e+00
3.300000e-05	8.662679e-03	3.335133e+00
3.301000e-05	7.579540e-03	3.126365e+00
3.302000e-05	5.345182e-03	2.987345e+00
3.303000e-05	4.901975e-03	2.829025e+00
3.304000e-05	5.206593e-03	2.589046e+00
3.305000e-05	3.976834e-03	2.376921e+00
3.306000e-05	1.992647e-03	2.249574e+00
3.307000e-05	2.354790e-03	2.051680e+00
3.308000e-05	2.129204e-03	1.873708e+00
3.309000e-05	1.840667e-03	1.754706e+00
3.310000e-05	8.527964e-05	1.455155e+00
3.311000e-05	-4.033195e-04	1.293758e+00
3.312000e-05	-7.371807e-05	1.083287e+00
3.313000e-05	-7.479994e-04	8.625513e-01
3.314000e-05	-2.765792e-03	6.516328e-01
3.315000e-05	-3.328435e-03	5.157854e-01
3.316000e-05	-1.671153e-03	3.363433e-01
3.317000e-05	-2.670080e-03	1.526594e-01
3.318000e-05	-1.354420e-03	-7.466290e-02
3.319000e-05	1.401803e-03	-2.521066e-01
3.320000e-05	-1.710954e-03	-3.804763e-01
3.321000e-05	-1.201951e-03	-6.089238e-01
3.322000e-05	-6.058892e-03	-7.699474e-01
3.323000e-05	-5.262905e-03	-9.263683e-01
3.324000e-05	-4.644942e-03	-1.055162e+00
3.325000e-05	2.096341e-03	-1.252634e+00
3.326000e-05	5.303311e-02	-1.432558e+00
3.327000e-05	3.768103e-02	-1.643660e+00
3.328000e-05	-4.961672e-02	-1.906317e+00
3.329000e-05	-4.883592e-02	-2.168321e+00
3.330000e-05	-9.296705e-02	-2.389027e+00
3.331000e-05	2.373970e-02	-2.455812e+00
3.332000e-05	1.183744e-01	-2.570421e+00
3.333000e-05	-1.437738e-01	-2.769424e+00
3.334000e-05	3.820101e-02	-2.999924e+00
3.335000e-05	1.089247e-01	-3.117868e+00
3.336000e-05	-9.521700e-02	-3.307242e+00
3.337000e-05	3.768033e-02	-3.505363e+00
3.338000e-05	-4.659124e-02	-3.611504e+00
3.339000e-05	-1.048129e-01	-3.866164e+00
3.340000e-05	1.382553e-01	-4.021057e+00
3.341000e-05	-3.411264e-02	-4.189979e+00
3.342000e-05	-3.908791e-02	-4.370972e+00
3.343000e-05	3.386389e-02	-4.474690e+00
3.344000e-05	-7.480275e-02	-4.697290e+00
3.345000e-05	7.596908e-02	-4.856137e+00
3.346000e-05	-8.084142e-02	-5.031580e+00
3.347000e-05	-4.507270e-02	-5.222607e+00
3.348000e-05	9.871022e-02	-5.401577e+00
3.349000e-05	-4.169291e-02	-5.603054e+00
3.350000e-05	1.917544e-03	-5.768422e+00
3.351000e-05	-7.237739e-02	-5.894791e+00
3.352000e-05	2.298389e-02	-6.044082e+00
3.353000e-05	3.699299e-02	-6.181479e+00
3.354000e-05	-9.165381e-02	-6.392501e+00
3.355000e-05	4.503474e-02	-6.505839e+00
3.356000e-05	-2.465057e-02	-6.645709e+00
3.357000e-05	1.392690e-02	-6.790551e+00
3.358000e-05	-2.571970e-02	-6.907269e+00
3.359000e-05	-6.168480e-02	-7.158970e+00
3.360000e-05	5.336792e-02	-7.232656e+00
3.361000e-05	-4.167865e-02	-7.361000e+00
3.362000e-05	5.360496e-03	-7.507288e+00
3.363000e-05	-3.542522e-02	-7.602633e+00
3.364000e-05	2.894914e-03	-7.811132e+00
3.365000e-05	7.598076e-03	-7.939396e+00
3.366000e-05	-5.398815e-02	-8.052716e+00
3.367000e-05	4.231990e-03	-8.190449e+00
3.368000e-05	-2.577658e-02	-8.267740e+00
3.369000e-05	1.554395e-02	-8.378997e+00
3.370000e-05	-3.288902e-02	-8.474657e+00
3.371000e-05	-2.344154e-02	-8.581031e+00
3.372000e-05	1.091869e-03	-8.698865e+00
3.373000e-05	-1.801662e-02	-8.832657e+00
3.374000e-05	-1.427485e-02	-8.894790e+00
3.375000e-05	-3.693619e-02	-8.992548e+00
3.376000e-05	2.010068e-03	-9.103785e+00
3.377000e-05	-1.253941e-02	-9.138891e+00
3.378000e-05	-2.258649e-02	-9.182980e+00
3.379000e-05	-2.626786e-02	-9.286811e+00
3.380000e-05	-1.316526e-02	-9.381149e+00
3.381000e-05	-7.382979e-03	-9.485235e+00
3.382000e-05	-2.929687e-02	-9.569943e+00
3.383000e-05	-2.392601e-02	-9.613056e+00
3.384000e-05	-1.332627e-02	-9.655240e+00
3.385000e-05	-9.763194e-03	-9.687442e+00
3.386000e-05	-2.786246e-02	-9.749999e+00
3.387000e-05	-2.691493e-02	-9.821504e+00
3.388000e-05	-1.488802e-02	-9.864183e+00
3.389000e-05	-1.505059e-02	-9.944864e+00
3.390000e-05	-2.656822e-02	-9.966992e+00
3.391000e-05	-2.742979e-02	-9.949471e+00
3.392000e-05	-1.578457e-02	-1.001203e+01
3.393000e-05	-1.732960e-02	-1.002353e+01
3.394000e-05	-2.792377e-02	-1.005476e+01
3.395000e-05	-3.177381e-02	-1.007531e+01
3.396000e-05	-1.882154e-02	-1.010790e+01
3.397000e-05	-1.942572e-02	-1.007642e+01
3.398000e-05	-2.662406e-02	-1.011947e+01
3.399000e-05	-3.140367e-02	-1.012597e+01
3.400000e-05	-2.358571e-02	-1.015892e+01
3.401000e-05	-2.282407e-02	-1.007750e+01
3.402000e-05	-3.240862e-02	-1.014099e+01
3.403000e-05	-3.280449e-02	-1.015597e+01
3.404000e-05	-2.717093e-02	-1.011749e+01
3.405000e-05	-2.406925e-02	-1.009740e+01
3.406000e-05	-3.398073e-02	-1.008682e+01
3.407000e-05	-3.687542e-02	-1.009432e+01
3.408000e-05	-3.265725e-02	-1.004420e+01
3.409000e-05	-3.015609e-02	-1.000355e+01
3.410000e-05	-3.660603e-02	-9.999979e+00
3.411000e-05	-3.952265e-02	-9.991444e+00
3.412000e-05	-3.479439e-02	-9.966342e+00
3.413000e-05	-3.270362e-02	-9.904787e+00
3.414000e-05	-4.070105e-02	-9.863233e+00
3.415000e-05	-4.311000e-02	-9.781651e+00
3.416000e-05	-4.115389e-02	-9.758419e+00
3.417000e-05	-3.702492e-02	-9.685836e+00
3.418000e-05	-4.351834e-02	-9.633735e+00
3.419000e-05	-4.625789e-02	-9.621602e+00
3.420000e-05	-4.467325e-02	-9.587918e+00
3.421000e-05	-4.400625e-02	-9.473785e+00
3.422000e-05	-4.812272e-02	-9.399646e+00
3.423000e-05	-5.402320e-02	-9.285366e+00
3.424000e-05	-5.038535e-02	-9.211027e+00
3.425000e-05	-4.847856e-02	-9.157891e+00
3.426000e-05	-5.254735e-02	-9.024287e+00
3.427000e-05	-5.788661e-02	-8.948397e+00
3.428000e-05	-5.592849e-02	-8.862760e+00
3.429000e-05	-5.370470e-02	-8.790600e+00
3.430000e-05	-5.768029e-02	-8.715236e+00
3.431000e-05	-6.154372e-02	-8.598969e+00
3.432000e-05	-5.828506e-02	-8.443260e+00
3.433000e-05	-5.573623e-02	-8.368397e+00
3.434000e-05	-5.726446e-02	-8.252758e+00
3.435000e-05	-6.094321e-02	-8.168945e+00
3.436000e-05	-5.825568e-02	-8.072107e+00
3.437000e-05	-5.511968e-02	-7.948895e+00
3.438000e-05	-5.685804e-02	-7.841097e+00
3.439000e-05	-5.976618e-02	-7.642678e+00
3.440000e-05	-5.548073e-02	-7.505812e+00
3.441000e-05	-5.055467e-02	-7.367949e+00
3.442000e-05	-5.104056e-02	-7.251703e+00
3.443000e-05	-5.204115e-02	-7.126367e+00
3.444000e-05	-4.887210e-02	-6.937420e+00
3.445000e-05	-4.524265e-02	-6.811548e+00
3.446000e-05	-4.540199e-02	-6.704236e+00
3.447000e-05	-4.543144e-02	-6.557340e+00
3.448000e-05	-4.313414e-02	-6.390028e+00
3.449000e-05	-3.945905e-02	-6.311807e+00
3.450000e-05	-3.841924e-02	-6.074184e+00
3.451000e-05	-3.779844e-02	-5.947418e+00
3.452000e-05	-3.520840e-02	-5.838500e+00
3.453000e-05	-3.274981e-02	-5.671132e+00
3.454000e-05	-3.080309e-02	-5.496205e+00
3.455000e-05	-3.115828e-02	-5.282233e+00
3.456000e-05	-3.045653e-02	-5.114237e+00
3.457000e-05	-2.845516e-02	-4.907294e+00
3.458000e-05	-2.661957e-02	-4.715811e+00
3.459000e-05	-2.552436e-02	-4.566868e+00
3.460000e-05	-2.272807e-02	-4.400525e+00
3.461000e-05	-2.208020e-02	-4.271602e+00
3.462000e-05	-1.960923e-02	-4.093782e+00
3.463000e-05	-2.116563e-02	-3.897967e+00
3.464000e-05	-2.054020e-02	-3.770363e+00
3.465000e-05	-1.866241e-02	-3.577442e+00
3.466000e-05	-1.543164e-02	-3.388473e+00
3.467000e-05	-1.519350e-02	-3.233079e+00
3.468000e-05	-1.462977e-02	-3.031623e+00
3.469000e-05	-1.445157e-02	-2.859676e+00
3.470000e-05	-1.206427e-02	-2.692704e+00
3.471000e-05	-1.358040e-02	-2.493209e+00
3.472000e-05	-1.301397e-02	-2.344367e+00
3.473000e-05	-1.126434e-02	-2.102808e+00
3.474000e-05	-8.503970e-03	-1.914915e+00
3.475000e-05	-8.030370e-03	-1.776866e+00
3.476000e-05	-8.684188e-03	-1.589496e+00
3.477000e-05	-8.252388e-03	-1.337362e+00
3.478000e-05	-7.501852e-03	-1.136862e+00
3.479000e-05	-7.047395e-03	-9.469610e-01
3.480000e-05	-7.961706e-03	-8.069698e-01
3.481000e-05	-5.281918e-03	-5.574444e-01
3.482000e-05	-4.991583e-03	-3.879697e-01
3.483000e-05	-3.464821e-03	-2.501012e-01
3.484000e-05	-1.313151e-03	-5.158145e-02
3.485000e-05	3.499865e-03	1.163950e-01
3.486000e-05	-1.668135e-03	3.689474e-01
3.487000e-05	9.502577e-04	5.153148e-01
3.488000e-05	-2.285850e-03	6.647357e-01
3.489000e-05	5.838929e-04	8.025540e-01
3.490000e-05	1.126473e-04	1.074159e+00
3.491000e-05	4.547619e-03	1.232584e+00
3.492000e-05	1.973308e-02	1.422529e+00
3.493000e-05	6.515287e-02	1.694739e+00
3.494000e-05	2.043007e-03	1.937896e+00
3.495000e-05	-4.612364e-02	2.115766e+00
3.496000e-05	-4.439795e-02	2.254163e+00
3.497000e-05	-5.456223e-02	2.379500e+00
3.498000e-05	1.112318e-02	2.444517e+00
3.499000e-05	9.940160e-02	2.695837e+00
3.500000e-05	-9.252364e-02	2.896767e+00
3.501000e-05	3.677045e-02	3.022026e+00
3.502000e-05	8.764441e-02	3.182504e+00
3.503000e-05	-4.497638e-02	3.393730e+00
3.504000e-05	1.554566e-02	3.578951e+00
3.505000e-05	-3.301195e-02	3.696940e+00
3.506000e-05	-3.708474e-02	3.908343e+00
3.507000e-05	8.468790e-02	4.023112e+00
3.508000e-05	-6.989693e-04	4.297841e+00
3.509000e-05	-2.762387e-02	4.474632e+00
3.510000e-05	2.062534e-02	4.625083e+00
3.511000e-05	-1.533234e-02	4.790078e+00
3.512000e-05	3.681794e-02	5.021022e+00
3.513000e-05	-2.795543e-02	5.242135e+00
3.514000e-05	-8.014468e-03	5.390453e+00
3.515000e-05	3.633316e-02	5.558397e+00
3.516000e-05	2.684207e-02	5.704687e+00
3.517000e-05	-1.072518e-02	5.875842e+00
3.518000e-05	-3.436590e-02	6.023081e+00
3.519000e-05	3.768645e-02	6.148424e+00
3.520000e-05	1.554379e-02	6.317916e+00
3.521000e-05	-1.127139e-02	6.422557e+00
3.522000e-05	1.450479e-02	6.603508e+00
3.523000e-05	9.021432e-03	6.791478e+00
3.524000e-05	1.841790e-02	6.926391e+00
3.525000e-05	-3.477765e-03	7.014084e+00
3.526000e-05	-9.321077e-03	7.149945e+00
3.527000e-05	1.761780e-02	7.285766e+00
3.528000e-05	1.511488e-02	7.434187e+00
3.529000e-05	1.320408e-02	7.631584e+00
3.530000e-05	-2.802291e-03	7.747875e+00
3.531000e-05	1.571167e-02	7.856217e+00
3.532000e-05	1.350397e-02	7.961705e+00
3.533000e-05	9.121856e-05	8.159896e+00
3.534000e-05	7.196563e-03	8.224662e+00
3.535000e-05	8.455847e-03	8.360400e+00
3.536000e-05	1.936280e-02	8.423131e+00
3.537000e-05	6.723190e-03	8.498366e+00
3.538000e-05	8.423282e-03	8.653054e+00
3.539000e-05	1.262712e-02	8.686391e+00
3.540000e-05	1.278327e-02	8.793503e+00
3.541000e-05	9.056301e-03	8.885287e+00
3.542000e-05	5.141072e-03	8.940654e+00
3.543000e-05	1.628686e-02	9.086316e+00
3.544000e-05	1.544220e-02	9.191525e+00
3.545000e-05	1.146009e-02	9.252760e+00
3.546000e-05	8.587606e-03	9.316842e+00
3.547000e-05	1.437652e-02	9.360631e+00
3.548000e-05	1.752561e-02	9.453737e+00
3.549000e-05	9.504927e-03	9.496344e+00
3.550000e-05	1.181318e-02	9.570474e+00
3.551000e-05	1.644332e-02	9.631632e+00
3.552000e-05	1.964802e-02	9.697787e+00
3.553000e-05	1.160239e-02	9.717898e+00
3.554000e-05	1.169296e-02	9.822631e+00
3.555000e-05	1.622837e-02	9.867837e+00
3.556000e-05	1.864223e-02	9.936440e+00
3.557000e-05	1.462821e-02	9.977846e+00
3.558000e-05	1.369823e-02	9.989999e+00
3.559000e-05	2.012095e-02	1.000115e+01
3.560000e-05	2.044795e-02	1.005215e+01
3.561000e-05	1.592132e-02	1.004371e+01
3.562000e-05	1.472975e-02	1.004428e+01
3.563000e-05	2.055611e-02	1.007481e+01
3.564000e-05	2.259548e-02	1.003634e+01
3.565000e-05	1.880604e-02	1.007679e+01
3.566000e-05	1.839075e-02	1.009684e+01
3.567000e-05	2.050028e-02	1.010637e+01
3.568000e-05	2.449930e-02	1.009782e+01
3.569000e-05	2.016934e-02	1.009539e+01
3.570000e-05	2.239267e-02	1.010724e+01
3.571000e-05	2.578687e-02	1.007479e+01
3.572000e-05	3.038210e-02	1.006426e+01
3.573000e-05	2.415925e-02	1.006414e+01
3.574000e-05	2.406565e-02	1.002366e+01
3.575000e-05	2.709173e-02	1.000163e+01
3.576000e-05	2.981634e-02	9.990450e+00
3.577000e-05	2.852024e-02	9.979945e+00
3.578000e-05	2.957561e-02	9.915788e+00
3.579000e-05	3.272441e-02	9.853239e+00
3.580000e-05	3.581631e-02	9.781623e+00
3.581000e-05	3.286865e-02	9.748521e+00
3.582000e-05	3.060350e-02	9.645162e+00
3.583000e-05	3.505508e-02	9.633077e+00
3.584000e-05	3.740374e-02	9.598893e+00
3.585000e-05	3.753406e-02	9.496811e+00
3.586000e-05	3.657986e-02	9.423632e+00
3.587000e-05	4.157413e-02	9.341024e+00
3.588000e-05	4.324168e-02	9.265315e+00
3.589000e-05	4.317366e-02	9.253680e+00
3.590000e-05	4.216189e-02	9.180923e+00
3.591000e-05	4.558709e-02	9.107815e+00
3.592000e-05	4.804131e-02	8.960579e+00
3.593000e-05	4.833376e-02	8.875736e+00
3.594000e-05	4.708362e-02	8.769525e+00
3.595000e-05	5.102340e-02	8.696341e+00
3.596000e-05	5.237638e-02	8.631553e+00
3.597000e-05	5.151000e-02	8.515845e+00
3.598000e-05	4.972242e-02	8.431157e+00
3.599000e-05	5.251986e-02	8.346894e+00
3.600000e-05	5.311701e-02	8.241104e+00
3.601000e-05	5.193649e-02	8.115913e+00
3.602000e-05	4.915442e-02	7.968471e+00
3.603000e-05	5.021769e-02	7.913662e+00
3.604000e-05	5.089786e-02	7.748395e+00
3.605000e-05	4.934745e-02	7.631551e+00
3.606000e-05	4.634721e-02	7.482237e+00
3.607000e-05	4.479787e-02	7.327388e+00
3.608000e-05	4.530952e-02	7.178446e+00
3.609000e-05	4.326543e-02	7.041154e+00
3.610000e-05	4.073475e-02	6.916237e+00
3.611000e-05	3.936454e-02	6.811050e+00
3.612000e-05	3.880014e-02	6.651083e+00
3.613000e-05	3.577621e-02	6.454286e+00
3.614000e-05	3.341644e-02	6.326345e+00
3.615000e-05	3.180317e-02	6.190575e+00
3.616000e-05	3.206953e-02	6.103207e+00
3.617000e-05	2.959897e-02	5.947344e+00
3.618000e-05	2.625931e-02	5.766921e+00
3.619000e-05	2.446933e-02	5.578997e+00
3.620000e-05	2.515141e-02	5.432603e+00
3.621000e-05	2.323953e-02	5.283181e+00
3.622000e-05	2.063703e-02	5.083753e+00
3.623000e-05	1.887086e-02	4.871181e+00
3.624000e-05	1.879248e-02	4.696260e+00
3.625000e-05	1.823287e-02	4.516764e+00
3.626000e-05	1.449451e-02	4.380400e+00
3.627000e-05	1.256465e-02	4.169045e+00
3.628000e-05	1.295981e-02	3.989524e+00
3.629000e-05	1.221651e-02	3.863129e+00
3.630000e-05	9.326322e-03	3.673179e+00
3.631000e-05	8.145145e-03	3.476341e+00
3.632000e-05	8.665127e-03	3.295183e+00
3.633000e-05	7.837980e-03	3.145862e+00
3.634000e-05	6.050596e-03	2.969345e+00
3.635000e-05	4.787597e-03	2.829974e+00
3.636000e-05	4.751524e-03	2.629475e+00
3.637000e-05	3.884499e-03	2.429477e+00
3.638000e-05	3.511626e-03	2.241051e+00
3.639000e-05	1.800616e-03	2.062129e+00
3.640000e-05	2.059781e-03	1.874811e+00
3.641000e-05	1.157657e-03	1.693783e+00
3.642000e-05	6.629329e-04	1.473286e+00
3.643000e-05	-1.672838e-03	1.294257e+00
3.644000e-05	-5.510494e-04	1.133863e+00
3.645000e-05	-1.273861e-03	8.511290e-01
3.646000e-05	-2.689185e-03	6.746592e-01
3.647000e-05	-3.456135e-03	4.932342e-01
3.648000e-05	-2.830346e-03	3.274708e-01
3.649000e-05	-3.047684e-03	1.258657e-01
3.650000e-05	-2.975955e-04	-1.036340e-01
3.651000e-05	1.734098e-03	-2.120290e-01
3.652000e-05	-2.806852e-03	-3.894724e-01
3.653000e-05	-2.811184e-03	-5.873982e-01
3.654000e-05	-4.121042e-03	-7.699461e-01
3.655000e-05	-3.720630e-03	-9.137159e-01
3.656000e-05	-4.976835e-03	-1.075709e+00
3.657000e-05	9.301580e-04	-1.252183e+00
3.658000e-05	4.938143e-02	-1.474232e+00
3.659000e-05	4.263761e-02	-1.664054e+00
3.660000e-05	-5.003057e-02	-1.886289e+00
3.661000e-05	-4.817364e-02	-2.121896e+00
3.662000e-05	-9.105747e-02	-2.400000e+00
3.663000e-05	1.543072e-02	-2.504638e+00
3.664000e-05	1.222136e-01	-2.577949e+00
3.665000e-05	-1.381126e-01	-2.737345e+00
3.666000e-05	2.540972e-02	-2.888347e+00
3.667000e-05	1.193838e-01	-3.085294e+00
3.668000e-05	-9.353306e-02	-3.326717e+00
3.669000e-05	3.223971e-02	-3.485787e+00
3.670000e-05	-3.784459e-02	-3.600027e+00
3.671000e-05	-1.120966e-01	-3.865741e+00
3.672000e-05	1.339401e-01	-4.011002e+00
3.673000e-05	-2.508937e-02	-4.159900e+00
3.674000e-05	-4.294915e-02	-4.369472e+00
3.675000e-05	4.087103e-02	-4.473686e+00
3.676000e-05	-7.527200e-02	-4.666713e+00
3.677000e-05	7.077202e-02	-4.915732e+00
3.678000e-05	-7.376957e-02	-4.992534e+00
3.679000e-05	-5.608105e-02	-5.192005e+00
3.680000e-05	1.012726e-01	-5.380457e+00
3.681000e-05	-4.096145e-02	-5.600555e+00
3.682000e-05	1.936056e-03	-5.739392e+00
3.683000e-05	-6.641809e-02	-5.885237e+00
3.684000e-05	1.691854e-02	-6.043134e+00
3.685000e-05	4.386171e-02	-6.191976e+00
3.686000e-05	-9.695859e-02	-6.350924e+00
3.687000e-05	4.177000e-02	-6.495315e+00
3.688000e-05	-2.211156e-02	-6.663661e+00
3.689000e-05	1.090164e-02	-6.782076e+00
3.690000e-05	-2.003434e-02	-6.886795e+00
3.691000e-05	-6.429233e-02	-7.127942e+00
3.692000e-05	5.383423e-02	-7.244106e+00
3.693000e-05	-4.016983e-02	-7.380925e+00
3.694000e-05	2.290102e-03	-7.486340e+00
3.695000e-05	-3.312073e-02	-7.582957e+00
3.696000e-05	-1.067575e-03	-7.831079e+00
3.697000e-05	1.156103e-02	-7.940772e+00
3.698000e-05	-5.560044e-02	-8.063659e+00
3.699000e-05	3.631140e-03	-8.159396e+00
3.700000e-05	-2.497202e-02	-8.255711e+00
3.701000e-05	1.391029e-02	-8.369922e+00
3.702000e-05	-3.255050e-02	-8.464686e+00
3.703000e-05	-2.549464e-02	-8.625058e+00
3.704000e-05	2.981116e-03	-8.759819e+00
3.705000e-05	-1.773894e-02	-8.843131e+00
3.706000e-05	-1.457534e-02	-8.855840e+00
3.707000e-05	-3.812236e-02	-8.982425e+00
3.708000e-05	1.947551e-03	-9.044187e+00
3.709000e-05	-1.137655e-02	-9.127364e+00
3.710000e-05	-2.349016e-02	-9.212578e+00
3.711000e-05	-2.627661e-02	-9.275710e+00
3.712000e-05	-1.344476e-02	-9.410576e+00
3.713000e-05	-6.048637e-03	-9.465757e+00
3.714000e-05	-2.819989e-02	-9.558343e+00
3.715000e-05	-2.517639e-02	-9.611579e+00
3.716000e-05	-1.308482e-02	-9.625116e+00
3.717000e-05	-8.701911e-03	-9.707870e+00
3.718000e-05	-2.691130e-02	-9.750498e+00
3.719000e-05	-2.946192e-02	-9.851078e+00
3.720000e-05	-1.633580e-02	-9.853763e+00
3.721000e-05	-1.268968e-02	-9.925310e+00
3.722000e-05	-2.657048e-02	-9.938895e+00
3.723000e-05	-2.922191e-02	-9.989995e+00
3.724000e-05	-1.650152e-02	-9.991973e+00
3.725000e-05	-1.485946e-02	-1.001271e+01
3.726000e-05	-2.644802e-02	-1.006468e+01
3.727000e-05	-3.243934e-02	-1.009584e+01
3.728000e-05	-1.915330e-02	-1.009632e+01
3.729000e-05	-1.804409e-02	-1.006579e+01
3.730000e-05	-2.639466e-02	-1.006751e+01
3.731000e-05	-3.308025e-02	-1.011735e+01
3.732000e-05	-2.405037e-02	-1.014889e+01
3.733000e-05	-2.121606e-02	-1.011005e+01
3.734000e-05	-3.063499e-02	-1.015944e+01
3.735000e-05	-3.392126e-02	-1.015840e+01
3.736000e-05	-2.739521e-02	-1.011944e+01
3.737000e-05	-2.335327e-02	-1.009582e+01
3.738000e-05	-3.253816e-02	-1.011637e+01
3.739000e-05	-3.848902e-02	-1.009539e+01
3.740000e-05	-3.311109e-02	-1.003361e+01
3.741000e-05	-3.013370e-02	-1.003308e+01
3.742000e-05	-3.440901e-02	-1.000997e+01
3.743000e-05	-4.068388e-02	-9.950417e+00
3.744000e-05	-3.545632e-02	-9.956867e+00
3.745000e-05	-3.285453e-02	-9.905315e+00
3.746000e-05	-3.855226e-02	-9.831732e+00
3.747000e-05	-4.437898e-02	-9.801552e+00
3.748000e-05	-4.077709e-02	-9.767891e+00
3.749000e-05	-3.765829e-02	-9.717816e+00
3.750000e-05	-4.169873e-02	-9.662084e+00
3.751000e-05	-4.688701e-02	-9.602100e+00
3.752000e-05	-4.480891e-02	-9.549344e+00
3.753000e-05	-4.417580e-02	-9.484732e+00
3.754000e-05	-4.838009e-02	-9.391129e+00
3.755000e-05	-5.306730e-02	-9.275286e+00
3.756000e-05	-5.182499e-02	-9.243503e+00
3.757000e-05	-4.950290e-02	-9.157868e+00
3.758000e-05	-5.235681e-02	-9.064105e+00
3.759000e-05	-5.694040e-02	-8.940496e+00
3.760000e-05	-5.663673e-02	-8.903238e+00
3.761000e-05	-5.445022e-02	-8.831023e+00
3.762000e-05	-5.714003e-02	-8.726317e+00
3.763000e-05	-5.985532e-02	-8.561498e+00
3.764000e-05	-5.923200e-02	-8.503715e+00
3.765000e-05	-5.637616e-02	-8.389869e+00
3.766000e-05	-5.828990e-02	-8.293737e+00
3.767000e-05	-6.029220e-02	-8.128972e+00
3.768000e-05	-5.897221e-02	-8.093782e+00
3.769000e-05	-5.679294e-02	-7.948912e+00
3.770000e-05	-5.557852e-02	-7.791696e+00
3.771000e-05	-5.639705e-02	-7.654105e+00
3.772000e-05	-5.631800e-02	-7.526314e+00
3.773000e-05	-5.179992e-02	-7.350013e+00
3.774000e-05	-5.144164e-02	-7.263183e+00
3.775000e-05	-5.131356e-02	-7.157312e+00
3.776000e-05	-4.988884e-02	-6.957495e+00
3.777000e-05	-4.645365e-02	-6.823003e+00
3.778000e-05	-4.545247e-02	-6.682284e+00
3.779000e-05	-4.474072e-02	-6.578412e+00
3.780000e-05	-4.255753e-02	-6.421155e+00
3.781000e-05	-3.993297e-02	-6.304254e+00
3.782000e-05	-3.799956e-02	-6.055754e+00
3.783000e-05	-3.723340e-02	-5.978367e+00
3.784000e-05	-3.595462e-02	-5.790045e+00
3.785000e-05	-3.420284e-02	-5.692658e+00
3.786000e-05	-3.157853e-02	-5.505762e+00
3.787000e-05	-2.971651e-02	-5.284336e+00
3.788000e-05	-2.921698e-02	-5.125814e+00
3.789000e-05	-2.797918e-02	-4.937317e+00
3.790000e-05	-2.590507e-02	-4.714787e+00
3.791000e-05	-2.524513e-02	-4.586895e+00
3.792000e-05	-2.331006e-02	-4.411550e+00
3.793000e-05	-2.210806e-02	-4.263734e+00
3.794000e-05	-1.970539e-02	-4.105813e+00
3.795000e-05	-2.020670e-02	-3.988446e+00
3.796000e-05	-1.944642e-02	-3.777843e+00
3.797000e-05	-1.827222e-02	-3.577921e+00
3.798000e-05	-1.591414e-02	-3.430476e+00
3.799000e-05	-1.594905e-02	-3.270606e+00
3.800000e-05	-1.598915e-02	-3.051653e+00
3.801000e-05	-1.430701e-02	-2.851554e+00
3.802000e-05	-1.131908e-02	-2.674735e+00
3.803000e-05	-1.212216e-02	-2.513284e+00
3.804000e-05	-1.277854e-02	-2.356413e+00
3.805000e-05	-1.053626e-02	-2.103758e+00
3.806000e-05	-7.438305e-03	-1.937391e+00
3.807000e-05	-8.411429e-03	-1.766944e+00
3.808000e-05	-9.909281e-03	-1.608469e+00
3.809000e-05	-9.427556e-03	-1.325312e+00
3.810000e-05	-6.956997e-03	-1.155790e+00
3.811000e-05	-7.438448e-03	-9.759399e-01
3.812000e-05	-7.830772e-03	-8.394511e-01
3.813000e-05	-5.621446e-03	-5.479684e-01
3.814000e-05	-3.635190e-03	-3.889711e-01
3.815000e-05	-2.889507e-03	-2.100275e-01
3.816000e-05	-2.440448e-03	-5.212914e-02
3.817000e-05	4.031985e-03	1.263437e-01
3.818000e-05	-1.122520e-03	3.584198e-01
3.819000e-05	1.615608e-03	4.862919e-01
3.820000e-05	-3.882897e-03	6.937330e-01
3.821000e-05	-2.703348e-04	8.295278e-01
3.822000e-05	-1.296127e-03	1.023683e+00
3.823000e-05	4.970731e-03	1.211612e+00
3.824000e-05	1.674675e-02	1.432000e+00
3.825000e-05	6.527889e-02	1.675791e+00
3.826000e-05	7.384550e-03	1.936266e+00
3.827000e-05	-4.424662e-02	2.084788e+00
3.828000e-05	-4.616917e-02	2.252111e+00
3.829000e-05	-5.617563e-02	2.368895e+00
3.830000e-05	4.554420e-03	2.453133e+00
3.831000e-05	1.025790e-01	2.726317e+00
3.832000e-05	-8.905975e-02	2.884287e+00
3.833000e-05	2.625482e-02	2.990979e+00
3.834000e-05	9.497769e-02	3.161051e+00
3.835000e-05	-4.204785e-02	3.422504e+00
3.836000e-05	1.198315e-02	3.589951e+00
3.837000e-05	-2.979756e-02	3.698270e+00
3.838000e-05	-4.063727e-02	3.897868e+00
3.839000e-05	8.146879e-02	4.032608e+00
3.840000e-05	2.561944e-03	4.266263e+00
3.841000e-05	-3.050418e-02	4.443558e+00
3.842000e-05	2.380241e-02	4.632184e+00
3.843000e-05	-1.637513e-02	4.820981e+00
3.844000e-05	3.532201e-02	4.962425e+00
3.845000e-05	-2.570298e-02	5.211607e+00
3.846000e-05	-9.787399e-03	5.381004e+00
3.847000e-05	3.639025e-02	5.518374e+00
3.848000e-05	2.732738e-02	5.654717e+00
3.849000e-05	-1.014750e-02	5.875738e+00
3.850000e-05	-3.461251e-02	6.032154e+00
3.851000e-05	3.658028e-02	6.128924e+00
3.852000e-05	1.789792e-02	6.317240e+00
3.853000e-05	-1.220023e-02	6.382084e+00
3.854000e-05	1.472409e-02	6.631058e+00
3.855000e-05	9.661286e-03	6.770978e+00
3.856000e-05	1.757498e-02	6.885890e+00
3.857000e-05	-3.330872e-03	7.032135e+00
3.858000e-05	-1.027245e-02	7.151948e+00
3.859000e-05	1.895867e-02	7.264761e+00
3.860000e-05	1.513300e-02	7.442711e+00
3.861000e-05	1.358652e-02	7.612633e+00
3.862000e-05	-2.908609e-03	7.719896e+00
3.863000e-05	1.604881e-02	7.815209e+00
3.864000e-05	1.334558e-02	8.081676e+00
3.865000e-05	3.739805e-04	8.108950e+00
3.866000e-05	8.379824e-03	8.254209e+00
3.867000e-05	9.053411e-03	8.350973e+00
3.868000e-05	2.055793e-02	8.442607e+00
3.869000e-05	6.908834e-03	8.537840e+00
3.870000e-05	8.588380e-03	8.612708e+00
3.871000e-05	1.331780e-02	8.685790e+00
3.872000e-05	1.271259e-02	8.781425e+00
3.873000e-05	9.609753e-03	8.835285e+00
3.874000e-05	5.018418e-03	8.961024e+00
3.875000e-05	1.706978e-02	9.107763e+00
3.876000e-05	1.448051e-02	9.159925e+00
3.877000e-05	1.221965e-02	9.212705e+00
3.878000e-05	7.981906e-03	9.287895e+00
3.879000e-05	1.511305e-02	9.360023e+00
3.880000e-05	1.608023e-02	9.443709e+00
3.881000e-05	1.088784e-02	9.507366e+00
3.882000e-05	1.100005e-02	9.570470e+00
3.883000e-05	1.713201e-02	9.583632e+00
3.884000e-05	1.954494e-02	9.694290e+00
3.885000e-05	1.195237e-02	9.709954e+00
3.886000e-05	1.075049e-02	9.792182e+00
3.887000e-05	1.529940e-02	9.846284e+00
3.888000e-05	1.799877e-02	9.926970e+00
3.889000e-05	1.465658e-02	9.959372e+00
3.890000e-05	1.325362e-02	1.001205e+01
3.891000e-05	1.964866e-02	1.001098e+01
3.892000e-05	2.090402e-02	1.003263e+01
3.893000e-05	1.664426e-02	1.004466e+01
3.894000e-05	1.331468e-02	1.005421e+01
3.895000e-05	1.982040e-02	1.006674e+01
3.896000e-05	2.141921e-02	1.008626e+01
3.897000e-05	1.999930e-02	1.010729e+01
3.898000e-05	1.794242e-02	1.009679e+01
3.899000e-05	2.225665e-02	1.009684e+01
3.900000e-05	2.403200e-02	1.008781e+01
3.901000e-05	2.198838e-02	1.011574e+01
3.902000e-05	2.017060e-02	1.006629e+01
3.903000e-05	2.422533e-02	1.008676e+01
3.904000e-05	2.787711e-02	1.004323e+01
3.905000e-05	2.626502e-02	1.005471e+01
3.906000e-05	2.462673e-02	1.003318e+01
3.907000e-05	2.756311e-02	1.003155e+01
3.908000e-05	3.113749e-02	9.970525e+00
3.909000e-05	3.033625e-02	9.957371e+00
3.910000e-05	2.927587e-02	9.903940e+00
3.911000e-05	3.122970e-02	9.844737e+00
3.912000e-05	3.261341e-02	9.793626e+00
3.913000e-05	3.278302e-02	9.729918e+00
3.914000e-05	3.144017e-02	9.685063e+00
3.915000e-05	3.493627e-02	9.630658e+00
3.916000e-05	3.850416e-02	9.589367e+00
3.917000e-05	3.940619e-02	9.506414e+00
3.918000e-05	3.785924e-02	9.473710e+00
3.919000e-05	4.081777e-02	9.390548e+00
3.920000e-05	4.202283e-02	9.348838e+00
3.921000e-05	4.200572e-02	9.242686e+00
3.922000e-05	4.185109e-02	9.180474e+00
3.923000e-05	4.541303e-02	9.066313e+00
3.924000e-05	4.976106e-02	8.963075e+00
3.925000e-05	5.050598e-02	8.865860e+00
3.926000e-05	4.793675e-02	8.779994e+00
3.927000e-05	4.971256e-02	8.706338e+00
3.928000e-05	5.142757e-02	8.591125e+00
3.929000e-05	5.049346e-02	8.536818e+00
3.930000e-05	5.010593e-02	8.422079e+00
3.931000e-05	5.210601e-02	8.358969e+00
3.932000e-05	5.396588e-02	8.232152e+00
3.933000e-05	5.385718e-02	8.114814e+00
3.934000e-05	5.145609e-02	7.980953e+00
3.935000e-05	4.960677e-02	7.843732e+00
3.936000e-05	5.068852e-02	7.768440e+00
3.937000e-05	4.869635e-02	7.624130e+00
3.938000e-05	4.639159e-02	7.505285e+00
3.939000e-05	4.421823e-02	7.306335e+00
3.940000e-05	4.686750e-02	7.158895e+00
3.941000e-05	4.370722e-02	7.032137e+00
3.942000e-05	4.136302e-02	6.896790e+00
3.943000e-05	3.890601e-02	6.810978e+00
3.944000e-05	3.812080e-02	6.654229e+00
3.945000e-05	3.677897e-02	6.475339e+00
3.946000e-05	3.364743e-02	6.307842e+00
3.947000e-05	3.234928e-02	6.209973e+00
3.948000e-05	3.178875e-02	6.075130e+00
3.949000e-05	3.032377e-02	5.947895e+00
3.950000e-05	2.632813e-02	5.758891e+00
3.951000e-05	2.418804e-02	5.578496e+00
3.952000e-05	2.493707e-02	5.453130e+00
3.953000e-05	2.306098e-02	5.264208e+00
3.954000e-05	2.068963e-02	5.043733e+00
3.955000e-05	1.871268e-02	4.854157e+00
3.956000e-05	1.881910e-02	4.704736e+00
3.957000e-05	1.772799e-02	4.507337e+00
3.958000e-05	1.481867e-02	4.420500e+00
3.959000e-05	1.225022e-02	4.169422e+00
3.960000e-05	1.259388e-02	4.019973e+00
3.961000e-05	1.217238e-02	3.823605e+00
3.962000e-05	1.062728e-02	3.664609e+00
3.963000e-05	8.913365e-03	3.536917e+00
3.964000e-05	8.063523e-03	3.305235e+00
3.965000e-05	7.383938e-03	3.145790e+00
3.966000e-05	5.520815e-03	2.957394e+00
3.967000e-05	5.243889e-03	2.819049e+00
3.968000e-05	3.936975e-03	2.621078e+00
3.969000e-05	3.346600e-03	2.399548e+00
3.970000e-05	3.528081e-03	2.231104e+00
3.971000e-05	2.150349e-03	2.022583e+00
3.972000e-05	7.123381e-04	1.885737e+00
3.973000e-05	6.677486e-04	1.666737e+00
3.974000e-05	1.100632e-04	1.514659e+00
3.975000e-05	-3.143000e-05	1.314813e+00
3.976000e-05	-2.077438e-04	1.104737e+00
3.977000e-05	-1.126071e-03	8.616053e-01
3.978000e-05	-2.121942e-03	6.746557e-01
3.979000e-05	-2.344057e-03	4.762394e-01
3.980000e-05	-3.085741e-03	3.378746e-01
3.981000e-05	-3.788666e-03	1.047857e-01
3.982000e-05	-6.331826e-04	-6.311039e-02
3.983000e-05	3.197002e-03	-2.320777e-01
3.984000e-05	-1.989865e-03	-3.799248e-01
3.985000e-05	-1.888060e-03	-5.778711e-01
3.986000e-05	-4.314748e-03	-7.489511e-01
3.987000e-05	-4.170422e-03	-9.073396e-01
3.988000e-05	-5.212607e-03	-1.084584e+00
3.989000e-05	-3.073008e-04	-1.232559e+00
3.990000e-05	4.527577e-02	-1.412534e+00
3.991000e-05	4.771918e-02	-1.621630e+00
3.992000e-05	-4.952087e-02	-1.885714e+00
3.993000e-05	-4.673741e-02	-2.167375e+00
3.994000e-05	-8.928104e-02	-2.389500e+00
3.995000e-05	6.534799e-03	-2.466768e+00
3.996000e-05	1.267277e-01	-2.566846e+00
3.997000e-05	-1.292505e-01	-2.729320e+00
3.998000e-05	1.167642e-02	-2.949344e+00
3.999000e-05	1.259176e-01	-3.054715e+00
4.000000e-05	-9.113482e-02	-3.276266e+00
4.001000e-05	2.540577e-02	-3.504262e+00
4.002000e-05	-2.915436e-02	-3.580500e+00
4.003000e-05	-1.181545e-01	-3.823658e+00
4.004000e-05	1.302299e-01	-3.992003e+00
4.005000e-05	-1.311272e-02	-4.138927e+00
4.006000e-05	-5.184357e-02	-4.347971e+00
4.007000e-05	4.340767e-02	-4.443182e+00
4.008000e-05	-7.850484e-02	-4.684693e+00
4.009000e-05	6.841494e-02	-4.894787e+00
4.010000e-05	-6.388478e-02	-5.000583e+00
4.011000e-05	-6.409078e-02	-5.161528e+00
4.012000e-05	1.050024e-01	-5.331405e+00
4.013000e-05	-3.667088e-02	-5.560480e+00
4.014000e-05	-2.914167e-03	-5.738898e+00
4.015000e-05	-6.451428e-02	-5.865214e+00
4.016000e-05	9.219066e-03	-6.024109e+00
4.017000e-05	5.085732e-02	-6.141550e+00
4.018000e-05	-9.656925e-02	-6.360374e+00
4.019000e-05	3.984386e-02	-6.475317e+00
4.020000e-05	-1.620355e-02	-6.625184e+00
4.021000e-05	7.136282e-03	-6.801504e+00
4.022000e-05	-1.688642e-02	-6.935192e+00
4.023000e-05	-7.125704e-02	-7.098341e+00
4.024000e-05	5.270146e-02	-7.222158e+00
4.025000e-05	-3.808068e-02	-7.358976e+00
4.026000e-05	1.205283e-03	-7.465216e+00
4.027000e-05	-2.940341e-02	-7.632056e+00
4.028000e-05	-4.772350e-03	-7.782558e+00
4.029000e-05	1.472935e-02	-7.966892e+00
4.030000e-05	-5.718809e-02	-8.063714e+00
4.031000e-05	2.202854e-03	-8.161471e+00
4.032000e-05	-2.549586e-02	-8.264762e+00
4.033000e-05	1.299073e-02	-8.361495e+00
4.034000e-05	-2.728748e-02	-8.443206e+00
4.035000e-05	-2.695269e-02	-8.581057e+00
4.036000e-05	1.748276e-03	-8.729315e+00
4.037000e-05	-1.948875e-02	-8.832657e+00
4.038000e-05	-1.361172e-02	-8.866242e+00
4.039000e-05	-3.797815e-02	-8.989996e+00
4.040000e-05	-1.635690e-04	-9.063210e+00
4.041000e-05	-8.705351e-03	-9.137343e+00
4.042000e-05	-2.372715e-02	-9.202006e+00
4.043000e-05	-2.599897e-02	-9.295262e+00
4.044000e-05	-1.502460e-02	-9.379027e+00
4.045000e-05	-5.972756e-03	-9.454213e+00
4.046000e-05	-2.745885e-02	-9.539943e+00
4.047000e-05	-2.461648e-02	-9.611532e+00
4.048000e-05	-1.246191e-02	-9.663681e+00
4.049000e-05	-8.857655e-03	-9.706819e+00
4.050000e-05	-2.580786e-02	-9.770949e+00
4.051000e-05	-2.819696e-02	-9.852577e+00
4.052000e-05	-1.713134e-02	-9.863712e+00
4.053000e-05	-1.285419e-02	-9.887315e+00
4.054000e-05	-2.529647e-02	-9.957419e+00
4.055000e-05	-2.806779e-02	-9.971846e+00
4.056000e-05	-1.669882e-02	-1.001103e+01
4.057000e-05	-1.571413e-02	-1.002360e+01
4.058000e-05	-2.570526e-02	-1.005424e+01
4.059000e-05	-3.199939e-02	-1.005574e+01
4.060000e-05	-1.998983e-02	-1.009579e+01
4.061000e-05	-1.774521e-02	-1.009734e+01
4.062000e-05	-2.559043e-02	-1.010792e+01
4.063000e-05	-3.146639e-02	-1.014893e+01
4.064000e-05	-2.540309e-02	-1.013987e+01
4.065000e-05	-2.131528e-02	-1.014040e+01
4.066000e-05	-3.034246e-02	-1.016948e+01
4.067000e-05	-3.188649e-02	-1.011945e+01
4.068000e-05	-2.859179e-02	-1.012895e+01
4.069000e-05	-2.319087e-02	-1.011584e+01
4.070000e-05	-3.334229e-02	-1.007677e+01
4.071000e-05	-3.698729e-02	-1.007478e+01
4.072000e-05	-3.410331e-02	-1.003413e+01
4.073000e-05	-2.952092e-02	-1.001356e+01
4.074000e-05	-3.506328e-02	-9.991550e+00
4.075000e-05	-3.817043e-02	-9.970917e+00
4.076000e-05	-3.647489e-02	-9.948395e+00
4.077000e-05	-3.367238e-02	-9.906286e+00
4.078000e-05	-3.888184e-02	-9.862208e+00
4.079000e-05	-4.300428e-02	-9.800554e+00
4.080000e-05	-4.170790e-02	-9.747944e+00
4.081000e-05	-3.719961e-02	-9.696294e+00
4.082000e-05	-4.164689e-02	-9.666262e+00
4.083000e-05	-4.688172e-02	-9.602529e+00
4.084000e-05	-4.597877e-02	-9.539366e+00
4.085000e-05	-4.478423e-02	-9.476282e+00
4.086000e-05	-4.832938e-02	-9.370523e+00
4.087000e-05	-5.329178e-02	-9.265793e+00
4.088000e-05	-5.063017e-02	-9.193128e+00
4.089000e-05	-4.833130e-02	-9.168315e+00
4.090000e-05	-5.257145e-02	-9.043637e+00
4.091000e-05	-5.831183e-02	-8.989445e+00
4.092000e-05	-5.794757e-02	-8.905786e+00
4.093000e-05	-5.453393e-02	-8.809999e+00
4.094000e-05	-5.645459e-02	-8.717289e+00
4.095000e-05	-6.009549e-02	-8.629974e+00
4.096000e-05	-5.903260e-02	-8.444765e+00
4.097000e-05	-5.651480e-02	-8.378420e+00
4.098000e-05	-5.748007e-02	-8.253736e+00
4.099000e-05	-6.148075e-02	-8.147395e+00
4.100000e-05	-5.963202e-02	-8.072685e+00
4.101000e-05	-5.665314e-02	-7.967813e+00
4.102000e-05	-5.506606e-02	-7.810634e+00
4.103000e-05	-5.762413e-02	-7.643033e+00
4.104000e-05	-5.631752e-02	-7.505366e+00
4.105000e-05	-5.196292e-02	-7.399447e+00
4.106000e-05	-5.176842e-02	-7.273682e+00
4.107000e-05	-5.109519e-02	-7.156895e+00
4.108000e-05	-4.874893e-02	-6.969472e+00
4.109000e-05	-4.536249e-02	-6.842104e+00
4.110000e-05	-4.427043e-02	-6.716737e+00
4.111000e-05	-4.442394e-02	-6.529919e+00
4.112000e-05	-4.384208e-02	-6.461555e+00
4.113000e-05	-3.986337e-02	-6.265308e+00
4.114000e-05	-3.736980e-02	-6.075739e+00
4.115000e-05	-3.729412e-02	-5.957391e+00
4.116000e-05	-3.589978e-02	-5.801000e+00
4.117000e-05	-3.354691e-02	-5.644180e+00
4.118000e-05	-2.986691e-02	-5.517236e+00
4.119000e-05	-3.086403e-02	-5.283835e+00
4.120000e-05	-3.016377e-02	-5.086736e+00
4.121000e-05	-2.796393e-02	-4.915790e+00
4.122000e-05	-2.456201e-02	-4.756733e+00
4.123000e-05	-2.499155e-02	-4.558968e+00
4.124000e-05	-2.416057e-02	-4.431526e+00
4.125000e-05	-2.339047e-02	-4.284634e+00
4.126000e-05	-1.874977e-02	-4.127365e+00
4.127000e-05	-2.097127e-02	-3.967996e+00
4.128000e-05	-1.853279e-02	-3.750998e+00
4.129000e-05	-1.762807e-02	-3.578974e+00
4.130000e-05	-1.348316e-02	-3.430526e+00
4.131000e-05	-1.572065e-02	-3.243105e+00
4.132000e-05	-1.624640e-02	-3.030055e+00
4.133000e-05	-1.471483e-02	-2.852080e+00
4.134000e-05	-1.232463e-02	-2.673759e+00
4.135000e-05	-1.294180e-02	-2.524813e+00
4.136000e-05	-1.231380e-02	-2.337867e+00
4.137000e-05	-9.818142e-03	-2.095233e+00
4.138000e-05	-6.714963e-03	-1.965340e+00
4.139000e-05	-8.828048e-03	-1.776915e+00
4.140000e-05	-9.350219e-03	-1.619523e+00
4.141000e-05	-9.062555e-03	-1.316862e+00
4.142000e-05	-6.616156e-03	-1.156366e+00
4.143000e-05	-7.763306e-03	-9.790210e-01
4.144000e-05	-8.385389e-03	-7.995473e-01
4.145000e-05	-5.370831e-03	-5.889684e-01
4.146000e-05	-3.215811e-03	-3.889974e-01
4.147000e-05	-3.582876e-03	-2.109988e-01
4.148000e-05	-1.970850e-03	-5.258037e-02
4.149000e-05	2.639869e-03	1.258712e-01
4.150000e-05	-8.525368e-04	3.168922e-01
4.151000e-05	-2.371159e-04	5.051883e-01
4.152000e-05	-3.353268e-03	6.736381e-01
4.153000e-05	-5.638655e-04	7.800026e-01
4.154000e-05	-4.049243e-04	1.024608e+00
4.155000e-05	4.366008e-03	1.252004e+00
4.156000e-05	1.598217e-02	1.410504e+00
4.157000e-05	6.302058e-02	1.663710e+00
4.158000e-05	9.465989e-03	1.935792e+00
4.159000e-05	-4.464140e-02	2.074289e+00
4.160000e-05	-4.494455e-02	2.233163e+00
4.161000e-05	-5.455223e-02	2.390025e+00
4.162000e-05	-1.898583e-03	2.444182e+00
4.163000e-05	1.055017e-01	2.686742e+00
4.164000e-05	-8.228984e-02	2.854663e+00
4.165000e-05	1.537640e-02	2.970505e+00
4.166000e-05	9.675272e-02	3.151053e+00
4.167000e-05	-3.949580e-02	3.412659e+00
4.168000e-05	9.831759e-03	3.558946e+00
4.169000e-05	-2.479262e-02	3.716270e+00
4.170000e-05	-4.734788e-02	3.947892e+00
4.171000e-05	8.161853e-02	4.042609e+00
4.172000e-05	1.011477e-02	4.265842e+00
4.173000e-05	-3.292094e-02	4.442608e+00
4.174000e-05	2.270385e-02	4.614079e+00
4.175000e-05	-1.785772e-02	4.821025e+00
4.176000e-05	3.621660e-02	4.978956e+00
4.177000e-05	-2.214603e-02	5.203583e+00
4.178000e-05	-1.366238e-02	5.389525e+00
4.179000e-05	3.635983e-02	5.526493e+00
4.180000e-05	2.865935e-02	5.656784e+00
4.181000e-05	-6.875935e-03	5.833762e+00
4.182000e-05	-3.574384e-02	6.033129e+00
4.183000e-05	3.288400e-02	6.169893e+00
4.184000e-05	2.047404e-02	6.295840e+00
4.185000e-05	-1.295027e-02	6.413083e+00
4.186000e-05	1.477683e-02	6.612508e+00
4.187000e-05	8.824217e-03	6.781003e+00
4.188000e-05	1.877759e-02	6.885791e+00
4.189000e-05	-9.849072e-04	7.032132e+00
4.190000e-05	-1.105979e-02	7.197921e+00
4.191000e-05	1.723373e-02	7.223684e+00
4.192000e-05	1.549758e-02	7.443707e+00
4.193000e-05	1.485956e-02	7.612058e+00
4.194000e-05	-1.561867e-03	7.729365e+00
4.195000e-05	1.354652e-02	7.882814e+00
4.196000e-05	1.547401e-02	7.972581e+00
4.197000e-05	-1.155371e-03	8.168500e+00
4.198000e-05	6.360192e-03	8.273162e+00
4.199000e-05	7.228570e-03	8.328898e+00
4.200000e-05	2.279116e-02	8.443605e+00
4.201000e-05	9.184559e-03	8.477367e+00
4.202000e-05	8.672773e-03	8.613151e+00
4.203000e-05	1.224850e-02	8.727342e+00
4.204000e-05	1.212443e-02	8.772028e+00
4.205000e-05	8.629365e-03	8.883685e+00
4.206000e-05	2.164384e-03	8.951049e+00
4.207000e-05	1.585158e-02	9.095742e+00
4.208000e-05	1.663448e-02	9.190972e+00
4.209000e-05	1.411595e-02	9.234209e+00
4.210000e-05	9.126518e-03	9.308320e+00
4.211000e-05	1.458920e-02	9.361528e+00
4.212000e-05	1.558114e-02	9.433084e+00
4.213000e-05	1.010764e-02	9.495290e+00
4.214000e-05	9.140305e-03	9.568502e+00
4.215000e-05	1.550338e-02	9.621055e+00
4.216000e-05	1.924218e-02	9.646216e+00
4.217000e-05	1.276560e-02	9.739479e+00
4.218000e-05	1.124050e-02	9.790656e+00
4.219000e-05	1.549545e-02	9.883240e+00
4.220000e-05	1.938886e-02	9.938816e+00
4.221000e-05	1.442596e-02	9.939421e+00
4.222000e-05	1.308766e-02	9.981002e+00
4.223000e-05	1.741752e-02	1.003255e+01
4.224000e-05	1.960610e-02	1.004118e+01
4.225000e-05	1.658643e-02	1.006368e+01
4.226000e-05	1.452848e-02	1.003576e+01
4.227000e-05	1.939532e-02	1.009479e+01
4.228000e-05	2.213955e-02	1.008579e+01
4.229000e-05	2.035251e-02	1.012789e+01
4.230000e-05	1.729579e-02	1.008634e+01
4.231000e-05	2.077792e-02	1.010784e+01
4.232000e-05	2.297211e-02	1.010632e+01
4.233000e-05	2.215427e-02	1.010686e+01
4.234000e-05	2.116230e-02	1.008632e+01
4.235000e-05	2.445515e-02	1.007631e+01
4.236000e-05	2.874713e-02	1.007576e+01
4.237000e-05	2.616034e-02	1.006521e+01
4.238000e-05	2.436837e-02	1.004311e+01
4.239000e-05	2.644841e-02	1.002266e+01
4.240000e-05	3.093967e-02	9.990524e+00
4.241000e-05	3.074132e-02	9.959471e+00
4.242000e-05	2.863199e-02	9.946763e+00
4.243000e-05	3.098293e-02	9.874832e+00
4.244000e-05	3.389933e-02	9.790579e+00
4.245000e-05	3.331834e-02	9.758969e+00
4.246000e-05	3.179589e-02	9.676787e+00
4.247000e-05	3.445053e-02	9.624056e+00
4.248000e-05	3.741170e-02	9.598945e+00
4.249000e-05	3.851774e-02	9.505839e+00
4.250000e-05	3.850935e-02	9.463162e+00
4.251000e-05	4.104120e-02	9.380998e+00
4.252000e-05	4.324084e-02	9.315868e+00
4.253000e-05	4.317307e-02	9.254159e+00
4.254000e-05	4.293522e-02	9.191001e+00
4.255000e-05	4.472799e-02	9.085785e+00
4.256000e-05	4.719768e-02	8.992100e+00
4.257000e-05	4.846973e-02	8.886786e+00
4.258000e-05	4.861054e-02	8.791474e+00
4.259000e-05	5.088935e-02	8.725864e+00
4.260000e-05	5.156983e-02	8.611607e+00
4.261000e-05	5.259168e-02	8.537394e+00
4.262000e-05	5.101286e-02	8.431481e+00
4.263000e-05	5.180923e-02	8.328421e+00
4.264000e-05	5.155830e-02	8.232155e+00
4.265000e-05	5.232195e-02	8.095485e+00
4.266000e-05	5.113619e-02	7.970450e+00
4.267000e-05	5.114828e-02	7.833186e+00
4.268000e-05	5.067874e-02	7.737469e+00
4.269000e-05	4.997377e-02	7.641128e+00
4.270000e-05	4.800444e-02	7.485767e+00
4.271000e-05	4.594466e-02	7.336365e+00
4.272000e-05	4.509131e-02	7.179445e+00
4.273000e-05	4.300680e-02	7.062183e+00
4.274000e-05	4.183385e-02	6.897942e+00
4.275000e-05	3.827487e-02	6.801498e+00
4.276000e-05	3.786001e-02	6.663780e+00
4.277000e-05	3.703247e-02	6.473280e+00
4.278000e-05	3.561698e-02	6.328392e+00
4.279000e-05	3.259385e-02	6.210004e+00
4.280000e-05	3.047138e-02	6.083687e+00
4.281000e-05	2.883804e-02	5.947365e+00
4.282000e-05	2.725181e-02	5.739543e+00
4.283000e-05	2.483578e-02	5.578946e+00
4.284000e-05	2.406548e-02	5.461152e+00
4.285000e-05	2.227632e-02	5.263277e+00
4.286000e-05	2.172413e-02	5.082780e+00
4.287000e-05	1.934311e-02	4.875133e+00
4.288000e-05	1.743933e-02	4.684811e+00
4.289000e-05	1.669190e-02	4.527293e+00
4.290000e-05	1.526643e-02	4.399025e+00
4.291000e-05	1.408389e-02	4.190074e+00
4.292000e-05	1.234105e-02	4.030451e+00
4.293000e-05	1.177891e-02	3.873058e+00
4.294000e-05	1.028235e-02	3.663734e+00
4.295000e-05	8.531406e-03	3.556890e+00
4.296000e-05	8.054817e-03	3.323840e+00
4.297000e-05	7.136451e-03	3.137341e+00
4.298000e-05	6.748131e-03	2.989946e+00
4.299000e-05	4.742144e-03	2.861051e+00
4.300000e-05	4.590737e-03	2.612596e+00
4.301000e-05	3.725065e-03	2.409976e+00
4.302000e-05	3.143744e-03	2.222604e+00
4.303000e-05	2.304801e-03	2.081629e+00
4.304000e-05	1.522387e-03	1.924334e+00
4.305000e-05	8.929566e-04	1.724683e+00
4.306000e-05	1.499291e-04	1.493738e+00
4.307000e-05	-2.177282e-04	1.335889e+00
4.308000e-05	-7.431428e-04	1.137338e+00
4.309000e-05	-1.639220e-03	8.632077e-01
4.310000e-05	-1.489189e-03	7.252607e-01
4.311000e-05	-1.008128e-03	5.053406e-01
4.312000e-05	-1.941613e-03	3.674684e-01
4.313000e-05	-4.116951e-03	1.038906e-01
4.314000e-05	-8.199525e-04	-4.313159e-02
4.315000e-05	1.892451e-03	-1.805789e-01
4.316000e-05	-1.869707e-03	-3.489474e-01
4.317000e-05	-2.722069e-03	-5.283463e-01
4.318000e-05	-5.123284e-03	-7.684224e-01
4.319000e-05	-2.420343e-03	-8.958431e-01
4.320000e-05	-3.875136e-03	-1.053609e+00
4.321000e-05	-8.692928e-04	-1.222657e+00
4.322000e-05	4.192770e-02	-1.424134e+00
4.323000e-05	5.330567e-02	-1.642109e+00
4.324000e-05	-4.757602e-02	-1.875688e+00
4.325000e-05	-4.679089e-02	-2.107901e+00
4.326000e-05	-8.725488e-02	-2.380024e+00
4.327000e-05	-3.754181e-03	-2.465640e+00
4.328000e-05	1.297905e-01	-2.597392e+00
4.329000e-05	-1.226640e-01	-2.698393e+00
4.330000e-05	-5.494542e-04	-2.918874e+00
4.331000e-05	1.339574e-01	-3.146266e+00
4.332000e-05	-8.684737e-02	-3.275737e+00
4.333000e-05	1.930866e-02	-3.514741e+00
4.334000e-05	-2.053941e-02	-3.591004e+00
4.335000e-05	-1.258017e-01	-3.884611e+00
4.336000e-05	1.239282e-01	-3.972055e+00
4.337000e-05	-3.557661e-03	-4.148901e+00
4.338000e-05	-5.794198e-02	-4.369946e+00
4.339000e-05	4.685253e-02	-4.483608e+00
4.340000e-05	-7.751596e-02	-4.655763e+00
4.341000e-05	6.480568e-02	-4.904611e+00
4.342000e-05	-5.343035e-02	-5.010105e+00
4.343000e-05	-7.369763e-02	-5.159604e+00
4.344000e-05	1.036594e-01	-5.358901e+00
4.345000e-05	-3.299555e-02	-5.560954e+00
4.346000e-05	-4.665565e-03	-5.757994e+00
4.347000e-05	-6.157566e-02	-5.886161e+00
4.348000e-05	4.562639e-04	-6.022607e+00
4.349000e-05	5.610694e-02	-6.201975e+00
4.350000e-05	-9.671576e-02	-6.359948e+00
4.351000e-05	3.526755e-02	-6.515812e+00
4.352000e-05	-1.225247e-02	-6.633133e+00
4.353000e-05	3.676747e-03	-6.790477e+00
4.354000e-05	-1.036536e-02	-6.906817e+00
4.355000e-05	-7.537422e-02	-7.126382e+00
4.356000e-05	5.156127e-02	-7.223132e+00
4.357000e-05	-3.765060e-02	-7.379925e+00
4.358000e-05	-1.828509e-03	-7.485288e+00
4.359000e-05	-2.701416e-02	-7.603128e+00
4.360000e-05	-7.038915e-03	-7.772054e+00
4.361000e-05	1.899181e-02	-7.948871e+00
4.362000e-05	-5.690966e-02	-8.053109e+00
4.363000e-05	9.588890e-04	-8.138873e+00
4.364000e-05	-2.641702e-02	-8.265736e+00
4.365000e-05	1.060814e-02	-8.389948e+00
4.366000e-05	-2.573414e-02	-8.445231e+00
4.367000e-05	-3.054282e-02	-8.553208e+00
4.368000e-05	4.272887e-03	-8.665889e+00
4.369000e-05	-1.760510e-02	-8.831632e+00
4.370000e-05	-1.276105e-02	-8.866261e+00
4.371000e-05	-3.761536e-02	-8.999474e+00
4.372000e-05	-1.867263e-03	-9.074160e+00
4.373000e-05	-8.614560e-03	-9.139364e+00
4.374000e-05	-2.415691e-02	-9.203055e+00
4.375000e-05	-2.476787e-02	-9.266315e+00
4.376000e-05	-1.602527e-02	-9.361027e+00
4.377000e-05	-5.335259e-03	-9.494235e+00
4.378000e-05	-2.677670e-02	-9.549391e+00
4.379000e-05	-2.451034e-02	-9.601027e+00
4.380000e-05	-1.349283e-02	-9.643635e+00
4.381000e-05	-8.498953e-03	-9.716844e+00
4.382000e-05	-2.521628e-02	-9.749870e+00
4.383000e-05	-2.889424e-02	-9.853106e+00
4.384000e-05	-1.728532e-02	-9.872761e+00
4.385000e-05	-1.355326e-02	-9.936812e+00
4.386000e-05	-2.420061e-02	-9.917917e+00
4.387000e-05	-2.924536e-02	-1.000144e+01
4.388000e-05	-1.655619e-02	-9.971473e+00
4.389000e-05	-1.474112e-02	-1.000418e+01
4.390000e-05	-2.447576e-02	-1.005514e+01
4.391000e-05	-3.162821e-02	-1.005469e+01
4.392000e-05	-2.156910e-02	-1.007587e+01
4.393000e-05	-1.913438e-02	-1.010795e+01
4.394000e-05	-2.529803e-02	-1.008794e+01
4.395000e-05	-3.151477e-02	-1.017690e+01
4.396000e-05	-2.620694e-02	-1.015752e+01
4.397000e-05	-2.103133e-02	-1.011950e+01
4.398000e-05	-2.921649e-02	-1.015042e+01
4.399000e-05	-3.245899e-02	-1.014892e+01
4.400000e-05	-2.888520e-02	-1.009784e+01
4.401000e-05	-2.268473e-02	-1.011732e+01
4.402000e-05	-3.124511e-02	-1.008487e+01
4.403000e-05	-3.717500e-02	-1.008541e+01
4.404000e-05	-3.471331e-02	-1.005316e+01
4.405000e-05	-3.108908e-02	-1.003310e+01
4.406000e-05	-3.377656e-02	-1.002198e+01
4.407000e-05	-3.842984e-02	-9.950444e+00
4.408000e-05	-3.655520e-02	-9.938343e+00
4.409000e-05	-3.355464e-02	-9.885862e+00
4.410000e-05	-3.866416e-02	-9.863259e+00
4.411000e-05	-4.368946e-02	-9.831653e+00
4.412000e-05	-4.210944e-02	-9.758893e+00
4.413000e-05	-3.880438e-02	-9.707320e+00
4.414000e-05	-4.126479e-02	-9.664658e+00
4.415000e-05	-4.576272e-02	-9.600627e+00
4.416000e-05	-4.533288e-02	-9.558917e+00
4.417000e-05	-4.564458e-02	-9.524686e+00
4.418000e-05	-4.819867e-02	-9.382099e+00
4.419000e-05	-5.380416e-02	-9.275313e+00
4.420000e-05	-5.068707e-02	-9.212075e+00
4.421000e-05	-4.914839e-02	-9.158368e+00
4.422000e-05	-5.174550e-02	-9.043610e+00
4.423000e-05	-5.632170e-02	-8.999520e+00
4.424000e-05	-5.745277e-02	-8.874213e+00
4.425000e-05	-5.566954e-02	-8.831923e+00
4.426000e-05	-5.741050e-02	-8.728335e+00
4.427000e-05	-6.061479e-02	-8.571552e+00
4.428000e-05	-5.946746e-02	-8.474686e+00
4.429000e-05	-5.579565e-02	-8.389872e+00
4.430000e-05	-5.693883e-02	-8.304761e+00
4.431000e-05	-6.004021e-02	-8.198944e+00
4.432000e-05	-6.038825e-02	-8.053233e+00
4.433000e-05	-5.578947e-02	-7.989487e+00
4.434000e-05	-5.558916e-02	-7.879996e+00
4.435000e-05	-5.658807e-02	-7.674203e+00
4.436000e-05	-5.564822e-02	-7.505763e+00
4.437000e-05	-5.237305e-02	-7.400449e+00
4.438000e-05	-5.069587e-02	-7.274732e+00
4.439000e-05	-5.137832e-02	-7.118920e+00
4.440000e-05	-4.974175e-02	-7.000999e+00
4.441000e-05	-4.555322e-02	-6.833002e+00
4.442000e-05	-4.406613e-02	-6.714788e+00
4.443000e-05	-4.419593e-02	-6.587471e+00
4.444000e-05	-4.290703e-02	-6.442078e+00
4.445000e-05	-4.016337e-02	-6.295786e+00
4.446000e-05	-3.802904e-02	-6.083238e+00
4.447000e-05	-3.733282e-02	-5.947340e+00
4.448000e-05	-3.596757e-02	-5.810002e+00
4.449000e-05	-3.337083e-02	-5.652658e+00
4.450000e-05	-3.051914e-02	-5.506837e+00
4.451000e-05	-3.002159e-02	-5.335916e+00
4.452000e-05	-2.857643e-02	-5.104336e+00
4.453000e-05	-2.656446e-02	-4.947916e+00
4.454000e-05	-2.591176e-02	-4.746839e+00
4.455000e-05	-2.458820e-02	-4.588416e+00
4.456000e-05	-2.319439e-02	-4.421603e+00
4.457000e-05	-2.314493e-02	-4.295157e+00
4.458000e-05	-2.013904e-02	-4.096766e+00
4.459000e-05	-2.052907e-02	-3.958497e+00
4.460000e-05	-1.837642e-02	-3.758416e+00
4.461000e-05	-1.791535e-02	-3.567496e+00
4.462000e-05	-1.522758e-02	-3.429602e+00
4.463000e-05	-1.481847e-02	-3.252582e+00
4.464000e-05	-1.417879e-02	-3.083729e+00
4.465000e-05	-1.392182e-02	-2.831553e+00
4.466000e-05	-1.334375e-02	-2.694758e+00
4.467000e-05	-1.367569e-02	-2.534761e+00
4.468000e-05	-1.097396e-02	-2.336317e+00
4.469000e-05	-1.018158e-02	-2.123237e+00
4.470000e-05	-8.883016e-03	-1.947915e+00
4.471000e-05	-9.044987e-03	-1.808516e+00
4.472000e-05	-7.682914e-03	-1.619495e+00
4.473000e-05	-7.324326e-03	-1.377021e+00
4.474000e-05	-9.447052e-03	-1.176418e+00
4.475000e-05	-7.298316e-03	-9.978961e-01
4.476000e-05	-7.576430e-03	-8.194961e-01
4.477000e-05	-4.575366e-03	-5.789421e-01
4.478000e-05	-5.613253e-03	-4.000223e-01
4.479000e-05	-3.693149e-03	-2.315275e-01
4.480000e-05	-1.701947e-03	-3.155402e-02
4.481000e-05	3.977059e-03	1.163135e-01
4.482000e-05	-2.740511e-03	3.494198e-01
4.483000e-05	3.162108e-04	4.747919e-01
4.484000e-05	-2.108751e-03	6.351830e-01
4.485000e-05	9.308804e-04	7.810003e-01
4.486000e-05	-7.311594e-04	1.003151e+00
4.487000e-05	3.384909e-03	1.172005e+00
4.488000e-05	1.438109e-02	1.398979e+00
4.489000e-05	6.206688e-02	1.645209e+00
4.490000e-05	1.252781e-02	1.896711e+00
4.491000e-05	-4.373396e-02	2.073688e+00
4.492000e-05	-4.520303e-02	2.233507e+00
4.493000e-05	-5.297063e-02	2.387920e+00
4.494000e-05	-7.407043e-03	2.414657e+00
4.495000e-05	1.067805e-01	2.685788e+00
4.496000e-05	-7.670310e-02	2.863638e+00
4.497000e-05	4.238204e-03	2.978975e+00
4.498000e-05	1.026193e-01	3.138450e+00
4.499000e-05	-3.634465e-02	3.372454e+00
4.500000e-05	6.022970e-03	3.568423e+00
4.501000e-05	-1.961973e-02	3.716240e+00
4.502000e-05	-5.023262e-02	3.895241e+00
4.503000e-05	8.010456e-02	4.042062e+00
4.504000e-05	1.481848e-02	4.285186e+00
4.505000e-05	-3.507522e-02	4.434083e+00
4.506000e-05	2.407858e-02	4.611057e+00
4.507000e-05	-1.803789e-02	4.770450e+00
4.508000e-05	3.505878e-02	4.947872e+00
4.509000e-05	-1.913837e-02	5.201557e+00
4.510000e-05	-1.606572e-02	5.380949e+00
4.511000e-05	3.591642e-02	5.547918e+00
4.512000e-05	2.941037e-02	5.663658e+00
4.513000e-05	-4.537765e-03	5.874662e+00
4.514000e-05	-3.598130e-02	6.012105e+00
4.515000e-05	3.167841e-02	6.158968e+00
4.516000e-05	2.328062e-02	6.305815e+00
4.517000e-05	-1.319230e-02	6.421057e+00
4.518000e-05	1.438341e-02	6.579957e+00
4.519000e-05	1.044243e-02	6.769528e+00
4.520000e-05	1.607909e-02	6.913842e+00
4.521000e-05	1.052643e-03	7.003105e+00
4.522000e-05	-1.104978e-02	7.138920e+00
4.523000e-05	1.918253e-02	7.213238e+00
4.524000e-05	1.436692e-02	7.444739e+00
4.525000e-05	1.491652e-02	7.552555e+00
4.526000e-05	-1.954741e-03	7.727369e+00
4.527000e-05	1.424171e-02	7.846110e+00
4.528000e-05	1.557146e-02	7.983107e+00
4.529000e-05	-8.148309e-04	8.159820e+00
4.530000e-05	7.706355e-03	8.243084e+00
4.531000e-05	8.012384e-03	8.348900e+00
4.532000e-05	2.096260e-02	8.442558e+00
4.533000e-05	8.021652e-03	8.505795e+00
4.534000e-05	8.034837e-03	8.621660e+00
4.535000e-05	1.153799e-02	8.685294e+00
4.536000e-05	1.360166e-02	8.808923e+00
4.537000e-05	9.503348e-03	8.834163e+00
4.538000e-05	3.837287e-03	8.980477e+00
4.539000e-05	1.553302e-02	9.106789e+00
4.540000e-05	1.588634e-02	9.180977e+00
4.541000e-05	1.220058e-02	9.223210e+00
4.542000e-05	7.722753e-03	9.307295e+00
4.543000e-05	1.377657e-02	9.391951e+00
4.544000e-05	1.653053e-02	9.405661e+00
4.545000e-05	1.077312e-02	9.496366e+00
4.546000e-05	1.041756e-02	9.558948e+00
4.547000e-05	1.509160e-02	9.613031e+00
4.548000e-05	1.976629e-02	9.656291e+00
4.549000e-05	1.190503e-02	9.730024e+00
4.550000e-05	9.560929e-03	9.800583e+00
4.551000e-05	1.449492e-02	9.863713e+00
4.552000e-05	1.891033e-02	9.917317e+00
4.553000e-05	1.529206e-02	9.978446e+00
4.554000e-05	1.320944e-02	1.000995e+01
4.555000e-05	1.784705e-02	1.002203e+01
4.556000e-05	2.027557e-02	1.005413e+01
4.557000e-05	1.606213e-02	1.006374e+01
4.558000e-05	1.412639e-02	1.007524e+01
4.559000e-05	1.848728e-02	1.009434e+01
4.560000e-05	2.208093e-02	1.006589e+01
4.561000e-05	2.071028e-02	1.011582e+01
4.562000e-05	1.760668e-02	1.006786e+01
4.563000e-05	1.945097e-02	1.008684e+01
4.564000e-05	2.355793e-02	1.013684e+01
4.565000e-05	2.214593e-02	1.009679e+01
4.566000e-05	2.198519e-02	1.011432e+01
4.567000e-05	2.421358e-02	1.010574e+01
4.568000e-05	2.867479e-02	1.008566e+01
4.569000e-05	2.526202e-02	1.005474e+01
4.570000e-05	2.500919e-02	1.004416e+01
4.571000e-05	2.601286e-02	1.002210e+01
4.572000e-05	3.041872e-02	9.981576e+00
4.573000e-05	2.972873e-02	9.950947e+00
4.574000e-05	3.016217e-02	9.896290e+00
4.575000e-05	3.099949e-02	9.854735e+00
4.576000e-05	3.422492e-02	9.802703e+00
4.577000e-05	3.288989e-02	9.758970e+00
4.578000e-05	3.184468e-02	9.703740e+00
4.579000e-05	3.427004e-02	9.643108e+00
4.580000e-05	3.811979e-02	9.558897e+00
4.581000e-05	3.905944e-02	9.536817e+00
4.582000e-05	3.802505e-02	9.452659e+00
4.583000e-05	4.136170e-02	9.400423e+00
4.584000e-05	4.400632e-02	9.327318e+00
4.585000e-05	4.449003e-02	9.243710e+00
4.586000e-05	4.190420e-02	9.212049e+00
4.587000e-05	4.484581e-02	9.074866e+00
4.588000e-05	4.749755e-02	8.971577e+00
4.589000e-05	4.981683e-02	8.873689e+00
4.590000e-05	4.808207e-02	8.819548e+00
4.591000e-05	5.059181e-02	8.697290e+00
4.592000e-05	5.157171e-02	8.622052e+00
4.593000e-05	5.291410e-02	8.568342e+00
4.594000e-05	5.097142e-02	8.441682e+00
4.595000e-05	5.253041e-02	8.338418e+00
4.596000e-05	5.262523e-02	8.260702e+00
4.597000e-05	5.277195e-02	8.135842e+00
4.598000e-05	5.068904e-02	8.019973e+00
4.599000e-05	5.015923e-02	7.875213e+00
4.600000e-05	4.990116e-02	7.787397e+00
4.601000e-05	4.991047e-02	7.633605e+00
4.602000e-05	4.714797e-02	7.534686e+00
4.603000e-05	4.591121e-02	7.347293e+00
4.604000e-05	4.434604e-02	7.189475e+00
4.605000e-05	4.447852e-02	7.074211e+00
4.606000e-05	4.114812e-02	6.926837e+00
4.607000e-05	3.859507e-02	6.831000e+00
4.608000e-05	3.762731e-02	6.655658e+00
4.609000e-05	3.591654e-02	6.513759e+00
4.610000e-05	3.472236e-02	6.297945e+00
4.611000e-05	3.136272e-02	6.221003e+00
4.612000e-05	3.056032e-02	6.064212e+00
4.613000e-05	2.965097e-02	5.937890e+00
4.614000e-05	2.646805e-02	5.768520e+00
4.615000e-05	2.510584e-02	5.600397e+00
4.616000e-05	2.437634e-02	5.453655e+00
4.617000e-05	2.304008e-02	5.263136e+00
4.618000e-05	2.075868e-02	5.063186e+00
4.619000e-05	1.903922e-02	4.863180e+00
4.620000e-05	1.790279e-02	4.705265e+00
4.621000e-05	1.687365e-02	4.517846e+00
4.622000e-05	1.361830e-02	4.420051e+00
4.623000e-05	1.345924e-02	4.219046e+00
4.624000e-05	1.306933e-02	4.031050e+00
4.625000e-05	1.231504e-02	3.862204e+00
4.626000e-05	1.025328e-02	3.665709e+00
4.627000e-05	9.358727e-03	3.556937e+00
4.628000e-05	7.723377e-03	3.324812e+00
4.629000e-05	7.375953e-03	3.117394e+00
4.630000e-05	6.127815e-03	2.997971e+00
4.631000e-05	4.668885e-03	2.848526e+00
4.632000e-05	4.458956e-03	2.632729e+00
4.633000e-05	4.827928e-03	2.420450e+00
4.634000e-05	3.444220e-03	2.231132e+00
4.635000e-05	2.104701e-03	2.064732e+00
4.636000e-05	1.728836e-03	1.924836e+00
4.637000e-05	2.221622e-03	1.734709e+00
4.638000e-05	9.520570e-04	1.475762e+00
4.639000e-05	-8.679919e-04	1.316866e+00
4.640000e-05	-5.664864e-05	1.156788e+00
4.641000e-05	-1.329397e-03	8.921328e-01
4.642000e-05	-2.554807e-03	6.762356e-01
4.643000e-05	-2.554896e-03	4.748344e-01
4.644000e-05	-9.275051e-04	3.768936e-01
4.645000e-05	-2.954683e-03	8.630961e-02
4.646000e-05	-6.478372e-04	-3.310800e-02
4.647000e-05	2.364533e-03	-2.205290e-01
4.648000e-05	-1.462238e-03	-3.789999e-01
4.649000e-05	-1.171940e-03	-5.557134e-01
4.650000e-05	-4.495054e-03	-7.393198e-01
4.651000e-05	-3.258631e-03	-9.242131e-01
4.652000e-05	-3.602274e-03	-1.062682e+00
4.653000e-05	-7.825233e-04	-1.211579e+00
4.654000e-05	3.820326e-02	-1.405059e+00
4.655000e-05	5.682984e-02	-1.601604e+00
4.656000e-05	-4.594424e-02	-1.873684e+00
4.657000e-05	-4.554739e-02	-2.066321e+00
4.658000e-05	-8.563267e-02	-2.359474e+00
4.659000e-05	-1.302832e-02	-2.484234e+00
4.660000e-05	1.325191e-01	-2.526448e+00
4.661000e-05	-1.117288e-01	-2.716795e+00
4.662000e-05	-1.446293e-02	-2.928867e+00
4.663000e-05	1.396449e-01	-3.095815e+00
4.664000e-05	-8.337715e-02	-3.277713e+00
4.665000e-05	1.244831e-02	-3.482784e+00
4.666000e-05	-1.067599e-02	-3.599528e+00
4.667000e-05	-1.314287e-01	-3.852679e+00
4.668000e-05	1.189087e-01	-4.000501e+00
4.669000e-05	7.812637e-03	-4.148849e+00
4.670000e-05	-6.489436e-02	-4.330499e+00
4.671000e-05	4.874787e-02	-4.463159e+00
4.672000e-05	-7.746151e-02	-4.654267e+00
4.673000e-05	6.117524e-02	-4.894188e+00
4.674000e-05	-4.447486e-02	-4.970530e+00
4.675000e-05	-8.449235e-02	-5.191484e+00
4.676000e-05	1.035677e-01	-5.349977e+00
4.677000e-05	-2.957934e-02	-5.579630e+00
4.678000e-05	-5.453923e-03	-5.758370e+00
4.679000e-05	-5.755308e-02	-5.846712e+00
4.680000e-05	-5.611441e-03	-6.001627e+00
4.681000e-05	6.153388e-02	-6.140920e+00
4.682000e-05	-9.638280e-02	-6.370022e+00
4.683000e-05	2.980332e-02	-6.506288e+00
4.684000e-05	-9.178472e-03	-6.623582e+00
4.685000e-05	-1.233424e-03	-6.800550e+00
4.686000e-05	-3.865402e-03	-6.895317e+00
4.687000e-05	-7.813954e-02	-7.115758e+00
4.688000e-05	5.109537e-02	-7.203632e+00
4.689000e-05	-3.339184e-02	-7.369924e+00
4.690000e-05	-5.171411e-03	-7.476888e+00
4.691000e-05	-2.479093e-02	-7.593129e+00
4.692000e-05	-1.137730e-02	-7.791074e+00
4.693000e-05	2.135633e-02	-7.928366e+00
4.694000e-05	-5.780893e-02	-8.053658e+00
4.695000e-05	2.531301e-04	-8.168942e+00
4.696000e-05	-2.356775e-02	-8.294211e+00
4.697000e-05	1.044188e-02	-8.370423e+00
4.698000e-05	-2.218151e-02	-8.423112e+00
4.699000e-05	-3.217945e-02	-8.578978e+00
4.700000e-05	4.507010e-03	-8.675712e+00
4.701000e-05	-1.892104e-02	-8.821025e+00
4.702000e-05	-1.251743e-02	-8.865341e+00
4.703000e-05	-3.682450e-02	-8.969455e+00
4.704000e-05	-2.733339e-03	-9.025789e+00
4.705000e-05	-7.272839e-03	-9.137768e+00
4.706000e-05	-2.345943e-02	-9.211473e+00
4.707000e-05	-2.291366e-02	-9.265212e+00
4.708000e-05	-1.701849e-02	-9.381550e+00
4.709000e-05	-4.980897e-03	-9.455685e+00
4.710000e-05	-2.691964e-02	-9.537368e+00
4.711000e-05	-2.561727e-02	-9.612101e+00
4.712000e-05	-1.482068e-02	-9.664761e+00
4.713000e-05	-8.144287e-03	-9.725820e+00
4.714000e-05	-2.517110e-02	-9.779999e+00
4.715000e-05	-2.818398e-02	-9.823129e+00
4.716000e-05	-1.696896e-02	-9.853683e+00
4.717000e-05	-1.320223e-02	-9.896765e+00
4.718000e-05	-2.398892e-02	-9.939394e+00
4.719000e-05	-2.865107e-02	-9.960448e+00
4.720000e-05	-1.783506e-02	-1.001053e+01
4.721000e-05	-1.545826e-02	-1.000308e+01
4.722000e-05	-2.455808e-02	-1.004371e+01
4.723000e-05	-3.192687e-02	-1.006371e+01
4.724000e-05	-2.097139e-02	-1.004589e+01
4.725000e-05	-1.748660e-02	-1.010584e+01
4.726000e-05	-2.496968e-02	-1.016842e+01
4.727000e-05	-3.084011e-02	-1.012999e+01
4.728000e-05	-2.570513e-02	-1.015842e+01
4.729000e-05	-2.181824e-02	-1.014100e+01
4.730000e-05	-3.087869e-02	-1.013848e+01
4.731000e-05	-3.243803e-02	-1.008944e+01
4.732000e-05	-2.856105e-02	-1.010687e+01
4.733000e-05	-2.458078e-02	-1.009637e+01
4.734000e-05	-3.088750e-02	-1.011537e+01
4.735000e-05	-3.622411e-02	-1.006431e+01
4.736000e-05	-3.393100e-02	-1.005456e+01
4.737000e-05	-3.141575e-02	-1.003258e+01
4.738000e-05	-3.488980e-02	-1.000262e+01
4.739000e-05	-3.912492e-02	-9.998419e+00
4.740000e-05	-3.746268e-02	-9.908362e+00
4.741000e-05	-3.528731e-02	-9.896788e+00
4.742000e-05	-3.833736e-02	-9.863208e+00
4.743000e-05	-4.299452e-02	-9.811102e+00
4.744000e-05	-4.085267e-02	-9.748896e+00
4.745000e-05	-3.883477e-02	-9.687368e+00
4.746000e-05	-4.092852e-02	-9.643761e+00
4.747000e-05	-4.669398e-02	-9.622103e+00
4.748000e-05	-4.555519e-02	-9.569914e+00
4.749000e-05	-4.618391e-02	-9.475762e+00
4.750000e-05	-4.769541e-02	-9.370602e+00
4.751000e-05	-5.234783e-02	-9.296842e+00
4.752000e-05	-5.153800e-02	-9.192077e+00
4.753000e-05	-5.071982e-02	-9.127443e+00
4.754000e-05	-5.197219e-02	-9.103734e+00
4.755000e-05	-5.515682e-02	-8.969973e+00
4.756000e-05	-5.646199e-02	-8.884712e+00
4.757000e-05	-5.664198e-02	-8.831053e+00
4.758000e-05	-5.750951e-02	-8.706389e+00
4.759000e-05	-5.919456e-02	-8.599525e+00
4.760000e-05	-5.959123e-02	-8.464237e+00
4.761000e-05	-5.708325e-02	-8.411070e+00
4.762000e-05	-5.721280e-02	-8.314786e+00
4.763000e-05	-5.870772e-02	-8.179449e+00
4.764000e-05	-5.955153e-02	-8.065288e+00
4.765000e-05	-5.748124e-02	-7.980042e+00
4.766000e-05	-5.631060e-02	-7.861028e+00
4.767000e-05	-5.675504e-02	-7.692732e+00
4.768000e-05	-5.575363e-02	-7.547864e+00
4.769000e-05	-5.247139e-02	-7.380524e+00
4.770000e-05	-5.066558e-02	-7.284683e+00
4.771000e-05	-5.043747e-02	-7.157866e+00
4.772000e-05	-4.920871e-02	-6.991075e+00
4.773000e-05	-4.694447e-02	-6.841153e+00
4.774000e-05	-4.488163e-02	-6.727312e+00
4.775000e-05	-4.463711e-02	-6.568471e+00
4.776000e-05	-4.214331e-02	-6.432100e+00
4.777000e-05	-3.964151e-02	-6.304815e+00
4.778000e-05	-3.746746e-02	-6.114737e+00
4.779000e-05	-3.643516e-02	-5.958417e+00
4.780000e-05	-3.555502e-02	-5.832606e+00
4.781000e-05	-3.334163e-02	-5.683206e+00
4.782000e-05	-3.133771e-02	-5.514837e+00
4.783000e-05	-3.065933e-02	-5.316337e+00
4.784000e-05	-2.897320e-02	-5.126291e+00
4.785000e-05	-2.800396e-02	-4.977396e+00
4.786000e-05	-2.532117e-02	-4.738444e+00
4.787000e-05	-2.564200e-02	-4.596947e+00
4.788000e-05	-2.215817e-02	-4.419552e+00
4.789000e-05	-2.270089e-02	-4.255209e+00
4.790000e-05	-1.969428e-02	-4.145837e+00
4.791000e-05	-2.029406e-02	-3.998996e+00
4.792000e-05	-1.908241e-02	-3.769518e+00
4.793000e-05	-1.906160e-02	-3.568019e+00
4.794000e-05	-1.557474e-02	-3.420603e+00
4.795000e-05	-1.549669e-02	-3.283205e+00
4.796000e-05	-1.436267e-02	-3.074257e+00
4.797000e-05	-1.455984e-02	-2.872109e+00
4.798000e-05	-1.185190e-02	-2.714834e+00
4.799000e-05	-1.278484e-02	-2.515417e+00
4.800000e-05	-1.143247e-02	-2.336868e+00
4.801000e-05	-1.145779e-02	-2.126791e+00
4.802000e-05	-8.444567e-03	-1.937892e+00
4.803000e-05	-9.850266e-03	-1.808895e+00
4.804000e-05	-8.202193e-03	-1.599629e+00
4.805000e-05	-8.572698e-03	-1.409491e+00
4.806000e-05	-8.422360e-03	-1.187967e+00
4.807000e-05	-7.864993e-03	-9.789221e-01
4.808000e-05	-6.472430e-03	-8.195012e-01
4.809000e-05	-5.687596e-03	-6.294948e-01
4.810000e-05	-5.565415e-03	-3.985025e-01
4.811000e-05	-3.813647e-03	-2.405763e-01
4.812000e-05	-1.747891e-03	-4.208157e-02
4.813000e-05	2.502953e-03	8.723977e-02
4.814000e-05	-1.793527e-03	3.374448e-01
4.815000e-05	2.395632e-04	4.641370e-01
4.816000e-05	-2.193024e-03	6.431842e-01
4.817000e-05	1.954066e-04	7.589516e-01
4.818000e-05	-5.234147e-04	9.920790e-01
4.819000e-05	3.270566e-03	1.211010e+00
4.820000e-05	1.364752e-02	1.400434e+00
4.821000e-05	6.060137e-02	1.625140e+00
4.822000e-05	1.718487e-02	1.904790e+00
4.823000e-05	-4.372730e-02	2.064159e+00
4.824000e-05	-4.511952e-02	2.263082e+00
4.825000e-05	-5.329451e-02	2.369424e+00
4.826000e-05	-1.220834e-02	2.432159e+00
4.827000e-05	1.077063e-01	2.644709e+00
4.828000e-05	-6.855663e-02	2.853637e+00
4.829000e-05	-6.237436e-03	2.979976e+00
4.830000e-05	1.063561e-01	3.178871e+00
4.831000e-05	-3.264821e-02	3.391574e+00
4.832000e-05	1.825751e-03	3.529419e+00
4.833000e-05	-1.571423e-02	3.666267e+00
4.834000e-05	-5.568805e-02	3.915292e+00
4.835000e-05	7.715641e-02	4.012978e+00
4.836000e-05	2.072411e-02	4.266192e+00
4.837000e-05	-3.619094e-02	4.442603e+00
4.838000e-05	2.359887e-02	4.632006e+00
4.839000e-05	-1.690944e-02	4.759474e+00
4.840000e-05	3.414443e-02	4.928374e+00
4.841000e-05	-1.612554e-02	5.189079e+00
4.842000e-05	-1.901517e-02	5.350529e+00
4.843000e-05	3.586443e-02	5.527345e+00
4.844000e-05	3.107229e-02	5.612184e+00
4.845000e-05	-2.923196e-03	5.834236e+00
4.846000e-05	-3.686301e-02	6.002630e+00
4.847000e-05	2.705999e-02	6.118471e+00
4.848000e-05	2.698798e-02	6.275816e+00
4.849000e-05	-1.196996e-02	6.381579e+00
4.850000e-05	1.366338e-02	6.540482e+00
4.851000e-05	9.139515e-03	6.769948e+00
4.852000e-05	1.714209e-02	6.875291e+00
4.853000e-05	3.789867e-03	7.012557e+00
4.854000e-05	-1.370509e-02	7.148920e+00
4.855000e-05	1.719249e-02	7.254261e+00
4.856000e-05	1.436039e-02	7.400557e+00
4.857000e-05	1.621943e-02	7.571503e+00
4.858000e-05	-1.759054e-03	7.729396e+00
4.859000e-05	1.272565e-02	7.842682e+00
4.860000e-05	1.606516e-02	8.031009e+00
4.861000e-05	1.279457e-03	8.097920e+00
4.862000e-05	7.090460e-03	8.223634e+00
4.863000e-05	6.818928e-03	8.357947e+00
4.864000e-05	2.088503e-02	8.412531e+00
4.865000e-05	8.514467e-03	8.488794e+00
4.866000e-05	6.524100e-03	8.622108e+00
4.867000e-05	1.105396e-02	8.695790e+00
4.868000e-05	1.366259e-02	8.791524e+00
4.869000e-05	1.074211e-02	8.853687e+00
4.870000e-05	3.573562e-03	8.918921e+00
4.871000e-05	1.503444e-02	9.045266e+00
4.872000e-05	1.564661e-02	9.161399e+00
4.873000e-05	1.247619e-02	9.243634e+00
4.874000e-05	6.713693e-03	9.337366e+00
4.875000e-05	1.240308e-02	9.390977e+00
4.876000e-05	1.617292e-02	9.422155e+00
4.877000e-05	1.289192e-02	9.465741e+00
4.878000e-05	9.994574e-03	9.580393e+00
4.879000e-05	1.453357e-02	9.593033e+00
4.880000e-05	1.870720e-02	9.645168e+00
4.881000e-05	1.361224e-02	9.689471e+00
4.882000e-05	1.006079e-02	9.803083e+00
4.883000e-05	1.390423e-02	9.866732e+00
4.884000e-05	1.839989e-02	9.957292e+00
4.885000e-05	1.535502e-02	9.990496e+00
4.886000e-05	1.318591e-02	9.992026e+00
4.887000e-05	1.706741e-02	1.004258e+01
4.888000e-05	1.900746e-02	1.004308e+01
4.889000e-05	1.702355e-02	1.005421e+01
4.890000e-05	1.477345e-02	1.003376e+01
4.891000e-05	1.853210e-02	1.010574e+01
4.892000e-05	2.248591e-02	1.009486e+01
4.893000e-05	2.096987e-02	1.011584e+01
4.894000e-05	1.756533e-02	1.008632e+01
4.895000e-05	1.955811e-02	1.010782e+01
4.896000e-05	2.183239e-02	1.012737e+01
4.897000e-05	2.213434e-02	1.009481e+01
4.898000e-05	2.245508e-02	1.009734e+01
4.899000e-05	2.415856e-02	1.009478e+01
4.900000e-05	2.832756e-02	1.006584e+01
4.901000e-05	2.668230e-02	1.007371e+01
4.902000e-05	2.542887e-02	1.003268e+01
4.903000e-05	2.623854e-02	1.005116e+01
4.904000e-05	2.987626e-02	1.001053e+01
4.905000e-05	3.063522e-02	9.959922e+00
4.906000e-05	3.025893e-02	9.946839e+00
4.907000e-05	3.102008e-02	9.895282e+00
4.908000e-05	3.390965e-02	9.762152e+00
4.909000e-05	3.435567e-02	9.736995e+00
4.910000e-05	3.297484e-02	9.693695e+00
4.911000e-05	3.399969e-02	9.613631e+00
4.912000e-05	3.658577e-02	9.550949e+00
4.913000e-05	3.937306e-02	9.536817e+00
4.914000e-05	3.914608e-02	9.434187e+00
4.915000e-05	4.088595e-02	9.409474e+00
4.916000e-05	4.251146e-02	9.296369e+00
4.917000e-05	4.426703e-02	9.263158e+00
4.918000e-05	4.260774e-02	9.199971e+00
4.919000e-05	4.568567e-02	9.115841e+00
4.920000e-05	4.723994e-02	8.991527e+00
4.921000e-05	5.004579e-02	8.855714e+00
4.922000e-05	4.849541e-02	8.810529e+00
4.923000e-05	5.074654e-02	8.697367e+00
4.924000e-05	5.004124e-02	8.651554e+00
4.925000e-05	5.253523e-02	8.525869e+00
4.926000e-05	5.102846e-02	8.432079e+00
4.927000e-05	5.198927e-02	8.357870e+00
4.928000e-05	5.236111e-02	8.252131e+00
4.929000e-05	5.293677e-02	8.146388e+00
4.930000e-05	5.082099e-02	7.989550e+00
4.931000e-05	5.121139e-02	7.894810e+00
4.932000e-05	4.979065e-02	7.769370e+00
4.933000e-05	4.844564e-02	7.643554e+00
4.934000e-05	4.693784e-02	7.505786e+00
4.935000e-05	4.521257e-02	7.319996e+00
4.936000e-05	4.378493e-02	7.169550e+00
4.937000e-05	4.309011e-02	7.072280e+00
4.938000e-05	4.161930e-02	6.935916e+00
4.939000e-05	4.008173e-02	6.801023e+00
4.940000e-05	3.790997e-02	6.673157e+00
4.941000e-05	3.599890e-02	6.535292e+00
4.942000e-05	3.445263e-02	6.347371e+00
4.943000e-05	3.244484e-02	6.220053e+00
4.944000e-05	3.142707e-02	6.082708e+00
4.945000e-05	2.920560e-02	5.988469e+00
4.946000e-05	2.650261e-02	5.761424e+00
4.947000e-05	2.517611e-02	5.581050e+00
4.948000e-05	2.453699e-02	5.423678e+00
4.949000e-05	2.239771e-02	5.275707e+00
4.950000e-05	2.038464e-02	5.124738e+00
4.951000e-05	1.989851e-02	4.872679e+00
4.952000e-05	1.870879e-02	4.696288e+00
4.953000e-05	1.729414e-02	4.566393e+00
4.954000e-05	1.491108e-02	4.409975e+00
4.955000e-05	1.298336e-02	4.240629e+00
4.956000e-05	1.274764e-02	4.029503e+00
4.957000e-05	1.119860e-02	3.859633e+00
4.958000e-05	9.887391e-03	3.714807e+00
4.959000e-05	9.650308e-03	3.547869e+00
4.960000e-05	9.524643e-03	3.325867e+00
4.961000e-05	7.955770e-03	3.197416e+00
4.962000e-05	6.650818e-03	2.977472e+00
4.963000e-05	5.359902e-03	2.820575e+00
4.964000e-05	4.397690e-03	2.703157e+00
4.965000e-05	3.189598e-03	2.420050e+00
4.966000e-05	3.225198e-03	2.261154e+00
4.967000e-05	2.342560e-03	2.093707e+00
4.968000e-05	2.590115e-03	1.916866e+00
4.969000e-05	2.671466e-03	1.743766e+00
4.970000e-05	1.047493e-03	1.485767e+00
4.971000e-05	-3.032734e-04	1.355838e+00
4.972000e-05	-3.798705e-04	1.145838e+00
4.973000e-05	-1.474260e-03	8.821606e-01
4.974000e-05	-1.802585e-03	7.047607e-01
4.975000e-05	-2.933318e-03	5.053869e-01
4.976000e-05	-1.694087e-03	3.775222e-01
4.977000e-05	-2.806998e-03	1.367919e-01
4.978000e-05	-7.148478e-04	-1.263038e-02
4.979000e-05	1.915033e-03	-2.004276e-01
4.980000e-05	-1.020154e-03	-3.583972e-01
4.981000e-05	2.230701e-04	-5.252424e-01
4.982000e-05	-4.830942e-03	-7.283224e-01
4.983000e-05	-3.035733e-03	-8.837168e-01
4.984000e-05	-4.580686e-03	-1.043054e+00
4.985000e-05	-6.185053e-05	-1.251055e+00
4.986000e-05	3.507341e-02	-1.422958e+00
4.987000e-05	6.001565e-02	-1.621554e+00
4.988000e-05	-4.491886e-02	-1.844657e+00
4.989000e-05	-4.446554e-02	-2.077771e+00
4.990000e-05	-8.377875e-02	-2.358947e+00
4.991000e-05	-2.247610e-02	-2.484692e+00
4.992000e-05	1.341829e-01	-2.548395e+00
4.993000e-05	-1.002152e-01	-2.716371e+00
4.994000e-05	-2.801436e-02	-2.917317e+00
4.995000e-05	1.442894e-01	-3.094288e+00
4.996000e-05	-7.995565e-02	-3.264689e+00
4.997000e-05	4.912903e-03	-3.484236e+00
4.998000e-05	-3.947706e-03	-3.589526e+00
4.999000e-05	-1.356468e-01	-3.793583e+00
