# 261001_14:11:36.822005
t	CH1	CH2
0.000000e+00	-5.084483e-03	3.568157e-01
1.000000e-08	-2.466295e-03	7.149894e-02
2.000000e-08	1.012011e-03	-2.311566e-01
3.000000e-08	5.862945e-03	-4.222844e-01
4.000000e-08	-6.491324e-03	-7.775264e-01
5.000000e-08	-4.347209e-04	-1.011152e+00
6.000000e-08	-4.874925e-03	-1.263442e+00
7.000000e-08	-2.150179e-03	-1.559025e+00
8.000000e-08	-1.485068e-03	-1.801709e+00
9.000000e-08	2.704738e-02	-2.022178e+00
1.000000e-07	9.985096e-02	-2.268999e+00
1.100000e-07	-5.102858e-02	-2.695412e+00
1.200000e-07	-4.326825e-02	-3.063868e+00
1.300000e-07	-4.336994e-02	-3.389651e+00
1.400000e-07	-1.131971e-02	-3.599604e+00
1.500000e-07	-7.643271e-02	-3.903864e+00
1.600000e-07	5.733110e-02	-4.101232e+00
1.700000e-07	6.724005e-02	-4.272262e+00
1.800000e-07	-1.232559e-01	-4.567071e+00
1.900000e-07	2.084687e-01	-4.810229e+00
2.000000e-07	-1.613303e-01	-5.114920e+00
2.100000e-07	3.864653e-02	-5.493763e+00
2.200000e-07	-2.297129e-02	-5.712440e+00
2.300000e-07	-6.974168e-02	-6.020153e+00
2.400000e-07	1.288912e-01	-6.251229e+00
2.500000e-07	-1.255048e-01	-6.544566e+00
2.600000e-07	1.149184e-01	-6.839125e+00
2.700000e-07	-4.051308e-02	-7.100333e+00
2.800000e-07	-4.087563e-02	-7.409621e+00
2.900000e-07	2.991558e-02	-7.619170e+00
3.000000e-07	-8.532768e-02	-7.965443e+00
3.100000e-07	1.098462e-01	-8.186092e+00
3.200000e-07	-9.457647e-02	-8.397998e+00
3.300000e-07	6.107129e-02	-8.711804e+00
3.400000e-07	-1.551664e-02	-8.923387e+00
3.500000e-07	-3.524789e-02	-9.175416e+00
3.600000e-07	3.152200e-02	-9.333015e+00
3.700000e-07	-7.654936e-02	-9.639703e+00
3.800000e-07	7.803727e-02	-9.829151e+00
3.900000e-07	-6.865770e-02	-1.004970e+01
4.000000e-07	5.499417e-02	-1.028921e+01
4.100000e-07	-5.508719e-02	-1.052121e+01
4.200000e-07	2.337543e-02	-1.073281e+01
4.300000e-07	-2.158353e-02	-1.093083e+01
4.400000e-07	-1.319169e-02	-1.118336e+01
4.500000e-07	5.333872e-03	-1.132183e+01
4.600000e-07	-2.227768e-02	-1.160339e+01
4.700000e-07	2.142855e-02	-1.182349e+01
4.800000e-07	-3.536546e-02	-1.201506e+01
4.900000e-07	1.602599e-02	-1.217342e+01
5.000000e-07	-3.502951e-02	-1.233193e+01
5.100000e-07	2.000548e-02	-1.254031e+01
5.200000e-07	-3.176948e-02	-1.272023e+01
5.300000e-07	9.044270e-03	-1.291818e+01
5.400000e-07	-2.277390e-02	-1.301744e+01
5.500000e-07	5.030053e-03	-1.320434e+01
5.600000e-07	-1.693134e-02	-1.335926e+01
5.700000e-07	-1.092902e-02	-1.351883e+01
5.800000e-07	-6.661035e-03	-1.360705e+01
5.900000e-07	-1.249770e-02	-1.381439e+01
6.000000e-07	-2.153445e-03	-1.395118e+01
6.100000e-07	-2.071141e-02	-1.407760e+01
6.200000e-07	-7.313775e-04	-1.423231e+01
6.300000e-07	-1.752096e-02	-1.435020e+01
6.400000e-07	-5.560245e-03	-1.448660e+01
6.500000e-07	-1.957980e-02	-1.454023e+01
6.600000e-07	-5.381104e-03	-1.465605e+01
6.700000e-07	-1.253688e-02	-1.473123e+01
6.800000e-07	-7.212590e-03	-1.480499e+01
6.900000e-07	-1.611062e-02	-1.492878e+01
7.000000e-07	-9.303877e-03	-1.507442e+01
7.100000e-07	-1.461139e-02	-1.510752e+01
7.200000e-07	-1.171232e-02	-1.518128e+01
7.300000e-07	-1.603739e-02	-1.521504e+01
7.400000e-07	-1.087167e-02	-1.525717e+01
7.500000e-07	-1.210807e-02	-1.532970e+01
7.600000e-07	-1.313449e-02	-1.539186e+01
7.700000e-07	-1.278116e-02	-1.542394e+01
7.800000e-07	-1.754174e-02	-1.547562e+01
7.900000e-07	-1.167850e-02	-1.549915e+01
8.000000e-07	-1.655495e-02	-1.552012e+01
8.100000e-07	-1.174858e-02	-1.556120e+01
8.200000e-07	-1.600667e-02	-1.555276e+01
8.300000e-07	-1.316603e-02	-1.555128e+01
8.400000e-07	-1.626967e-02	-1.558334e+01
8.500000e-07	-1.665125e-02	-1.559086e+01
8.600000e-07	-1.753520e-02	-1.557126e+01
8.700000e-07	-1.628923e-02	-1.554975e+01
8.800000e-07	-1.593699e-02	-1.555968e+01
8.900000e-07	-1.560261e-02	-1.547860e+01
9.000000e-07	-1.641804e-02	-1.548807e+01
9.100000e-07	-1.701899e-02	-1.547447e+01
9.200000e-07	-1.802544e-02	-1.541384e+01
9.300000e-07	-1.751158e-02	-1.538086e+01
9.400000e-07	-1.734249e-02	-1.529860e+01
9.500000e-07	-1.870529e-02	-1.527714e+01
9.600000e-07	-1.753458e-02	-1.519134e+01
9.700000e-07	-1.876060e-02	-1.511867e+01
9.800000e-07	-1.799250e-02	-1.506590e+01
9.900000e-07	-1.957919e-02	-1.500336e+01
1.000000e-06	-1.843322e-02	-1.488012e+01
1.010000e-06	-1.866256e-02	-1.479289e+01
1.020000e-06	-1.824310e-02	-1.469760e+01
1.030000e-06	-1.864950e-02	-1.459339e+01
1.040000e-06	-2.013423e-02	-1.453855e+01
1.050000e-06	-1.984912e-02	-1.439376e+01
1.060000e-06	-2.084101e-02	-1.431557e+01
1.070000e-06	-2.044375e-02	-1.414970e+01
1.080000e-06	-2.125671e-02	-1.401239e+01
1.090000e-06	-1.964317e-02	-1.387955e+01
1.100000e-06	-1.990603e-02	-1.376018e+01
1.110000e-06	-1.966223e-02	-1.358383e+01
1.120000e-06	-2.030163e-02	-1.344747e+01
1.130000e-06	-2.078233e-02	-1.335008e+01
1.140000e-06	-1.917527e-02	-1.313071e+01
1.150000e-06	-1.918131e-02	-1.301484e+01
1.160000e-06	-1.908966e-02	-1.286704e+01
1.170000e-06	-1.844055e-02	-1.266913e+01
1.180000e-06	-1.724756e-02	-1.253915e+01
1.190000e-06	-1.650547e-02	-1.233263e+01
1.200000e-06	-1.839073e-02	-1.214211e+01
1.210000e-06	-1.646305e-02	-1.199168e+01
1.220000e-06	-1.592390e-02	-1.183268e+01
1.230000e-06	-1.394608e-02	-1.153058e+01
1.240000e-06	-1.574377e-02	-1.134950e+01
1.250000e-06	-1.329646e-02	-1.106958e+01
1.260000e-06	-1.349948e-02	-1.088063e+01
1.270000e-06	-1.260733e-02	-1.070960e+01
1.280000e-06	-1.431853e-02	-1.051850e+01
1.290000e-06	-1.242826e-02	-1.025955e+01
1.300000e-06	-1.092888e-02	-1.004437e+01
1.310000e-06	-1.150443e-02	-9.807864e+00
1.320000e-06	-1.198802e-02	-9.625443e+00
1.330000e-06	-1.162259e-02	-9.405161e+00
1.340000e-06	-1.038932e-02	-9.161656e+00
1.350000e-06	-1.013688e-02	-8.921702e+00
1.360000e-06	-1.114547e-02	-8.699472e+00
1.370000e-06	-1.051739e-02	-8.407392e+00
1.380000e-06	-9.299638e-03	-8.196339e+00
1.390000e-06	-8.676258e-03	-7.983706e+00
1.400000e-06	-9.585698e-03	-7.688946e+00
1.410000e-06	-9.441107e-03	-7.396816e+00
1.420000e-06	-8.191088e-03	-7.153205e+00
1.430000e-06	-8.232745e-03	-6.858401e+00
1.440000e-06	-8.000215e-03	-6.606891e+00
1.450000e-06	-8.593723e-03	-6.355334e+00
1.460000e-06	-7.304682e-03	-6.108976e+00
1.470000e-06	-8.372264e-03	-5.828768e+00
1.480000e-06	-7.081037e-03	-5.564258e+00
1.490000e-06	-7.151859e-03	-5.237920e+00
1.500000e-06	-6.229590e-03	-4.902609e+00
1.510000e-06	-7.374864e-03	-4.628393e+00
1.520000e-06	-5.931678e-03	-4.418315e+00
1.530000e-06	-6.314130e-03	-4.155138e+00
1.540000e-06	-6.752952e-03	-3.882922e+00
1.550000e-06	-6.215607e-03	-3.606814e+00
1.560000e-06	-8.565821e-03	-3.324133e+00
1.570000e-06	-6.163373e-03	-3.018267e+00
1.580000e-06	-6.300752e-03	-2.745159e+00
1.590000e-06	-4.498157e-03	-2.451469e+00
1.600000e-06	-4.847265e-03	-2.105164e+00
1.610000e-06	-4.354412e-03	-1.872504e+00
1.620000e-06	-5.342213e-03	-1.598391e+00
1.630000e-06	-5.758471e-03	-1.219470e+00
1.640000e-06	-6.787872e-03	-9.756632e-01
1.650000e-06	-5.521106e-03	-6.740041e-01
1.660000e-06	-4.098157e-03	-3.488898e-01
1.670000e-06	-1.931822e-03	-1.146303e-01
1.680000e-06	6.488815e-03	1.786278e-01
1.690000e-06	4.945186e-04	4.527642e-01
1.700000e-06	2.180877e-03	6.869172e-01
1.710000e-06	-1.781172e-03	9.376554e-01
1.720000e-06	6.073245e-04	1.263788e+00
1.730000e-06	-6.837584e-04	1.590209e+00
1.740000e-06	3.170857e-03	1.842758e+00
1.750000e-06	1.583368e-02	2.102763e+00
1.760000e-06	7.071533e-02	2.359547e+00
1.770000e-06	1.859551e-02	2.754945e+00
1.780000e-06	-6.644635e-02	3.031231e+00
1.790000e-06	-3.991441e-02	3.273310e+00
1.800000e-06	-1.189486e-02	3.599103e+00
1.810000e-06	-8.797028e-03	3.799675e+00
1.820000e-06	-6.335561e-02	4.029648e+00
1.830000e-06	4.029459e-02	4.282761e+00
1.840000e-06	7.065557e-02	4.588653e+00
1.850000e-06	-5.247053e-02	4.839148e+00
1.860000e-06	1.183838e-01	5.176517e+00
1.870000e-06	-1.169876e-01	5.440859e+00
1.880000e-06	2.825060e-02	5.694887e+00
1.890000e-06	1.570052e-02	6.019604e+00
1.900000e-06	-2.502194e-02	6.221679e+00
1.910000e-06	3.284675e-02	6.523937e+00
1.920000e-06	-5.468658e-02	6.829603e+00
1.930000e-06	8.833901e-02	7.050158e+00
1.940000e-06	-3.287800e-02	7.353398e+00
1.950000e-06	-1.885405e-02	7.638076e+00
1.960000e-06	-1.856728e-02	7.883258e+00
1.970000e-06	3.193975e-02	8.168498e+00
1.980000e-06	3.150888e-02	8.387025e+00
1.990000e-06	-5.083541e-02	8.627648e+00
2.000000e-06	2.781540e-02	8.888582e+00
2.010000e-06	6.102135e-03	9.111757e+00
2.020000e-06	3.516231e-03	9.333890e+00
2.030000e-06	-1.415685e-02	9.534891e+00
2.040000e-06	-4.246495e-03	9.774572e+00
2.050000e-06	2.753422e-02	1.003820e+01
2.060000e-06	3.326048e-03	1.025758e+01
2.070000e-06	2.404544e-03	1.042820e+01
2.080000e-06	-1.858088e-02	1.069080e+01
2.090000e-06	1.672408e-02	1.089018e+01
2.100000e-06	4.060561e-03	1.107073e+01
2.110000e-06	-4.206653e-03	1.130988e+01
2.120000e-06	5.361326e-04	1.153978e+01
2.130000e-06	1.570785e-02	1.175136e+01
2.140000e-06	1.045508e-02	1.192186e+01
2.150000e-06	-4.831298e-03	1.209036e+01
2.160000e-06	-2.472103e-03	1.232075e+01
2.170000e-06	6.002597e-03	1.248868e+01
2.180000e-06	9.322152e-03	1.262812e+01
2.190000e-06	-1.519614e-03	1.278449e+01
2.200000e-06	3.867645e-03	1.298436e+01
2.210000e-06	9.490725e-03	1.315233e+01
2.220000e-06	1.263899e-02	1.326765e+01
2.230000e-06	-3.865837e-03	1.343557e+01
2.240000e-06	9.820079e-04	1.359404e+01
2.250000e-06	6.133254e-03	1.371183e+01
2.260000e-06	1.146779e-02	1.387707e+01
2.270000e-06	-8.409212e-04	1.400431e+01
2.280000e-06	2.173554e-03	1.413029e+01
2.290000e-06	1.027085e-02	1.427515e+01
2.300000e-06	1.002143e-02	1.442484e+01
2.310000e-06	1.537563e-03	1.450978e+01
2.320000e-06	4.729222e-04	1.458499e+01
2.330000e-06	1.159539e-02	1.469018e+01
2.340000e-06	8.727158e-03	1.476426e+01
2.350000e-06	4.481424e-03	1.486710e+01
2.360000e-06	2.022193e-04	1.494179e+01
2.370000e-06	1.210491e-02	1.501496e+01
2.380000e-06	7.734497e-03	1.506865e+01
2.390000e-06	4.903761e-03	1.515183e+01
2.400000e-06	2.107662e-03	1.518491e+01
2.410000e-06	1.094611e-02	1.527549e+01
2.420000e-06	1.165582e-02	1.533930e+01
2.430000e-06	4.444677e-03	1.534076e+01
2.440000e-06	5.328814e-03	1.542186e+01
2.450000e-06	7.790070e-03	1.545537e+01
2.460000e-06	1.324629e-02	1.548501e+01
2.470000e-06	4.777915e-03	1.546755e+01
2.480000e-06	6.992736e-03	1.547825e+01
2.490000e-06	8.339943e-03	1.553757e+01
2.500000e-06	1.200030e-02	1.550960e+01
2.510000e-06	8.317374e-03	1.550758e+01
2.520000e-06	5.117699e-03	1.549815e+01
2.530000e-06	1.158221e-02	1.548755e+01
2.540000e-06	1.198007e-02	1.547499e+01
2.550000e-06	1.052987e-02	1.542436e+01
2.560000e-06	7.144878e-03	1.541381e+01
2.570000e-06	1.087600e-02	1.539176e+01
2.580000e-06	1.146517e-02	1.537020e+01
2.590000e-06	1.025746e-02	1.532665e+01
2.600000e-06	7.809454e-03	1.524384e+01
2.610000e-06	1.122707e-02	1.517175e+01
2.620000e-06	1.395394e-02	1.508962e+01
2.630000e-06	1.067271e-02	1.502391e+01
2.640000e-06	9.363718e-03	1.494218e+01
2.650000e-06	9.498195e-03	1.488745e+01
2.660000e-06	1.348662e-02	1.478236e+01
2.670000e-06	1.104807e-02	1.473813e+01
2.680000e-06	1.064599e-02	1.466328e+01
2.690000e-06	1.214400e-02	1.451852e+01
2.700000e-06	1.365560e-02	1.443181e+01
2.710000e-06	1.258382e-02	1.426645e+01
2.720000e-06	1.140796e-02	1.420113e+01
2.730000e-06	1.269905e-02	1.408591e+01
2.740000e-06	1.351417e-02	1.390905e+01
2.750000e-06	1.338958e-02	1.381318e+01
2.760000e-06	1.063397e-02	1.364536e+01
2.770000e-06	1.122440e-02	1.343790e+01
2.780000e-06	1.191063e-02	1.334115e+01
2.790000e-06	1.178891e-02	1.320378e+01
2.800000e-06	1.067241e-02	1.302584e+01
2.810000e-06	1.140833e-02	1.289699e+01
2.820000e-06	1.175012e-02	1.274055e+01
2.830000e-06	1.050528e-02	1.256023e+01
2.840000e-06	7.540481e-03	1.238281e+01
2.850000e-06	7.893390e-03	1.222486e+01
2.860000e-06	8.413167e-03	1.199729e+01
2.870000e-06	7.391267e-03	1.185584e+01
2.880000e-06	3.861708e-03	1.164634e+01
2.890000e-06	6.018667e-03	1.144636e+01
2.900000e-06	7.305135e-03	1.116379e+01
2.910000e-06	7.406875e-03	1.101439e+01
2.920000e-06	2.059413e-03	1.081436e+01
2.930000e-06	5.233621e-03	1.057389e+01
2.940000e-06	4.606335e-03	1.034321e+01
2.950000e-06	4.375096e-03	1.013228e+01
2.960000e-06	9.048019e-04	9.931625e+00
2.970000e-06	2.922175e-03	9.660423e+00
2.980000e-06	3.342626e-03	9.449021e+00
2.990000e-06	2.022610e-03	9.257415e+00
3.000000e-06	1.712945e-04	9.056293e+00
3.010000e-06	9.476325e-04	8.753685e+00
3.020000e-06	3.028034e-03	8.543235e+00
3.030000e-06	1.189205e-03	8.310552e+00
3.040000e-06	4.326415e-04	8.109846e+00
3.050000e-06	-3.298540e-04	7.806416e+00
3.060000e-06	3.340971e-04	7.551636e+00
3.070000e-06	-9.024939e-04	7.278345e+00
3.080000e-06	-1.966272e-03	6.988767e+00
3.090000e-06	-1.483108e-03	6.752762e+00
3.100000e-06	6.552676e-05	6.470973e+00
3.110000e-06	-1.626942e-03	6.218420e+00
3.120000e-06	-2.118147e-03	6.005709e+00
3.130000e-06	-2.128550e-03	5.741426e+00
3.140000e-06	-1.185690e-03	5.447369e+00
3.150000e-06	-2.730919e-03	5.131549e+00
3.160000e-06	-3.429458e-03	4.775714e+00
3.170000e-06	-3.744357e-03	4.482132e+00
3.180000e-06	-2.209942e-03	4.249874e+00
3.190000e-06	-3.519581e-03	3.955214e+00
3.200000e-06	-3.978523e-03	3.690953e+00
3.210000e-06	-4.344297e-03	3.398315e+00
3.220000e-06	-2.508057e-03	3.074584e+00
3.230000e-06	-3.946549e-03	2.830504e+00
3.240000e-06	-4.711892e-03	2.525663e+00
3.250000e-06	-4.736912e-03	2.251551e+00
3.260000e-06	-3.015115e-03	1.997446e+00
3.270000e-06	-4.361752e-03	1.692032e+00
3.280000e-06	-4.770742e-03	1.408821e+00
3.290000e-06	-5.293556e-03	1.092059e+00
3.300000e-06	-4.461265e-03	7.677959e-01
3.310000e-06	-4.494140e-03	4.741079e-01
3.320000e-06	-4.314562e-03	2.523971e-01
3.330000e-06	-3.147752e-03	-1.027843e-01
3.340000e-06	6.280595e-03	-3.569948e-01
3.350000e-06	-3.401774e-03	-5.802553e-01
3.360000e-06	4.166579e-04	-8.943631e-01
3.370000e-06	-6.881559e-03	-1.135946e+00
3.380000e-06	-1.246132e-03	-1.482812e+00
3.390000e-06	-4.797008e-03	-1.683466e+00
3.400000e-06	1.179936e-02	-1.937396e+00
3.410000e-06	6.059508e-02	-2.156102e+00
3.420000e-06	5.709364e-02	-2.505017e+00
3.430000e-06	-8.527460e-02	-2.872962e+00
3.440000e-06	-2.367754e-02	-3.263736e+00
3.450000e-06	-3.983891e-02	-3.525387e+00
3.460000e-06	-2.380686e-02	-3.766966e+00
3.470000e-06	-7.001626e-02	-4.028022e+00
3.480000e-06	1.589907e-01	-4.175920e+00
3.490000e-06	-1.186148e-01	-4.400129e+00
3.500000e-06	9.166754e-02	-4.725465e+00
3.510000e-06	5.492080e-02	-4.967472e+00
3.520000e-06	-1.515785e-01	-5.344618e+00
3.530000e-06	1.155212e-01	-5.619020e+00
3.540000e-06	-1.521544e-01	-5.871862e+00
3.550000e-06	1.114315e-01	-6.195462e+00
3.560000e-06	-2.771946e-02	-6.408621e+00
3.570000e-06	-3.293630e-02	-6.713333e+00
3.580000e-06	1.054407e-01	-6.943916e+00
3.590000e-06	-1.224790e-01	-7.211378e+00
3.600000e-06	6.159228e-02	-7.532312e+00
3.610000e-06	-7.474282e-02	-7.764622e+00
3.620000e-06	3.844122e-02	-8.081305e+00
3.630000e-06	2.507664e-02	-8.271202e+00
3.640000e-06	-7.296885e-02	-8.594516e+00
3.650000e-06	9.241608e-02	-8.806495e+00
3.660000e-06	-1.024812e-01	-9.087626e+00
3.670000e-06	6.276970e-02	-9.280228e+00
3.680000e-06	-7.042593e-02	-9.489886e+00
3.690000e-06	3.455514e-02	-9.713417e+00
3.700000e-06	-1.169884e-03	-9.944384e+00
3.710000e-06	-1.924197e-02	-1.018499e+01
3.720000e-06	2.337599e-02	-1.041502e+01
3.730000e-06	-5.462265e-02	-1.064718e+01
3.740000e-06	4.326476e-02	-1.082512e+01
3.750000e-06	-6.017711e-02	-1.104717e+01
3.760000e-06	3.531256e-02	-1.127660e+01
3.770000e-06	-3.920743e-02	-1.144825e+01
3.780000e-06	2.858310e-02	-1.167868e+01
3.790000e-06	-2.951493e-02	-1.189960e+01
3.800000e-06	2.664457e-03	-1.209021e+01
3.810000e-06	-1.954153e-02	-1.223923e+01
3.820000e-06	-5.118015e-03	-1.243755e+01
3.830000e-06	-2.269591e-03	-1.265654e+01
3.840000e-06	-1.910408e-02	-1.281501e+01
3.850000e-06	5.935656e-03	-1.295333e+01
3.860000e-06	-2.117092e-02	-1.308026e+01
3.870000e-06	1.015755e-02	-1.326767e+01
3.880000e-06	-3.283225e-02	-1.341501e+01
3.890000e-06	5.650096e-03	-1.356446e+01
3.900000e-06	-2.368611e-02	-1.369973e+01
3.910000e-06	4.438804e-03	-1.388617e+01
3.920000e-06	-2.235822e-02	-1.396394e+01
3.930000e-06	-3.314968e-03	-1.418038e+01
3.940000e-06	-9.972652e-03	-1.429512e+01
3.950000e-06	-7.661159e-03	-1.441298e+01
3.960000e-06	-1.300529e-02	-1.448767e+01
3.970000e-06	-1.458564e-02	-1.461396e+01
3.980000e-06	-7.750427e-03	-1.471015e+01
3.990000e-06	-1.219568e-02	-1.480396e+01
4.000000e-06	-1.038613e-02	-1.487717e+01
4.010000e-06	-1.524588e-02	-1.496183e+01
4.020000e-06	-7.215033e-03	-1.505699e+01
4.030000e-06	-1.449579e-02	-1.513078e+01
4.040000e-06	-1.158854e-02	-1.519288e+01
4.050000e-06	-1.759394e-02	-1.524609e+01
4.060000e-06	-7.968333e-03	-1.531965e+01
4.070000e-06	-1.452979e-02	-1.531128e+01
4.080000e-06	-1.248929e-02	-1.543189e+01
4.090000e-06	-1.755642e-02	-1.542454e+01
4.100000e-06	-1.238002e-02	-1.549900e+01
4.110000e-06	-1.303289e-02	-1.551915e+01
4.120000e-06	-1.596447e-02	-1.553175e+01
4.130000e-06	-1.366679e-02	-1.554231e+01
4.140000e-06	-1.522470e-02	-1.557171e+01
4.150000e-06	-1.215607e-02	-1.560136e+01
4.160000e-06	-1.948618e-02	-1.556126e+01
4.170000e-06	-1.723905e-02	-1.556238e+01
4.180000e-06	-1.666219e-02	-1.556181e+01
4.190000e-06	-1.440340e-02	-1.555115e+01
4.200000e-06	-1.720568e-02	-1.551915e+01
4.210000e-06	-1.794079e-02	-1.550765e+01
4.220000e-06	-1.624500e-02	-1.549797e+01
4.230000e-06	-1.573742e-02	-1.545351e+01
4.240000e-06	-1.946331e-02	-1.538186e+01
4.250000e-06	-1.838200e-02	-1.531820e+01
4.260000e-06	-1.771186e-02	-1.528760e+01
4.270000e-06	-1.658306e-02	-1.521446e+01
4.280000e-06	-1.933818e-02	-1.518023e+01
4.290000e-06	-1.981935e-02	-1.510605e+01
4.300000e-06	-1.770806e-02	-1.504592e+01
4.310000e-06	-1.747876e-02	-1.492878e+01
4.320000e-06	-1.888541e-02	-1.484492e+01
4.330000e-06	-1.984591e-02	-1.476321e+01
4.340000e-06	-1.821145e-02	-1.469704e+01
4.350000e-06	-1.921008e-02	-1.457178e+01
4.360000e-06	-1.988402e-02	-1.448499e+01
4.370000e-06	-2.179271e-02	-1.436068e+01
4.380000e-06	-1.970547e-02	-1.424341e+01
4.390000e-06	-2.069155e-02	-1.412559e+01
4.400000e-06	-2.039505e-02	-1.396176e+01
4.410000e-06	-2.110305e-02	-1.381438e+01
4.420000e-06	-1.994304e-02	-1.366900e+01
4.430000e-06	-2.046184e-02	-1.354078e+01
4.440000e-06	-2.029457e-02	-1.338328e+01
4.450000e-06	-2.044040e-02	-1.320537e+01
4.460000e-06	-1.976366e-02	-1.310952e+01
4.470000e-06	-1.780667e-02	-1.296915e+01
4.480000e-06	-1.916490e-02	-1.276478e+01
4.490000e-06	-1.876183e-02	-1.263331e+01
4.500000e-06	-1.850547e-02	-1.244437e+01
4.510000e-06	-1.640318e-02	-1.225597e+01
4.520000e-06	-1.643107e-02	-1.206607e+01
4.530000e-06	-1.639791e-02	-1.188694e+01
4.540000e-06	-1.575895e-02	-1.162695e+01
4.550000e-06	-1.362365e-02	-1.148534e+01
4.560000e-06	-1.464086e-02	-1.122593e+01
4.570000e-06	-1.454383e-02	-1.096481e+01
4.580000e-06	-1.511332e-02	-1.081384e+01
4.590000e-06	-1.227677e-02	-1.059544e+01
4.600000e-06	-1.261626e-02	-1.037378e+01
4.610000e-06	-1.286012e-02	-1.018371e+01
4.620000e-06	-1.185573e-02	-9.922680e+00
4.630000e-06	-1.055355e-02	-9.720655e+00
4.640000e-06	-1.060205e-02	-9.511622e+00
4.650000e-06	-1.148618e-02	-9.257946e+00
4.660000e-06	-1.078111e-02	-9.038443e+00
4.670000e-06	-9.611535e-03	-8.864884e+00
4.680000e-06	-9.986589e-03	-8.554183e+00
4.690000e-06	-1.064823e-02	-8.310629e+00
4.700000e-06	-1.002469e-02	-8.048497e+00
4.710000e-06	-9.038991e-03	-7.866342e+00
4.720000e-06	-8.924534e-03	-7.562075e+00
4.730000e-06	-8.871345e-03	-7.289101e+00
4.740000e-06	-8.442149e-03	-7.036365e+00
4.750000e-06	-7.902322e-03	-6.752662e+00
4.760000e-06	-7.814833e-03	-6.501576e+00
4.770000e-06	-8.627025e-03	-6.229969e+00
4.780000e-06	-7.567408e-03	-5.954711e+00
4.790000e-06	-8.212366e-03	-5.732551e+00
4.800000e-06	-5.928234e-03	-5.405738e+00
4.810000e-06	-8.315571e-03	-5.101133e+00
4.820000e-06	-5.720422e-03	-4.776712e+00
4.830000e-06	-7.163516e-03	-4.493580e+00
4.840000e-06	-4.860158e-03	-4.300574e+00
4.850000e-06	-8.263934e-03	-4.007541e+00
4.860000e-06	-6.229785e-03	-3.722583e+00
4.870000e-06	-8.163063e-03	-3.469525e+00
4.880000e-06	-5.494415e-03	-3.164239e+00
4.890000e-06	-8.146600e-03	-2.850524e+00
4.900000e-06	-4.268814e-03	-2.596761e+00
4.910000e-06	-5.975221e-03	-2.312082e+00
4.920000e-06	-3.587896e-03	-1.998892e+00
4.930000e-06	-6.246175e-03	-1.714209e+00
4.940000e-06	-6.107289e-03	-1.430428e+00
4.950000e-06	-5.796312e-03	-1.094134e+00
4.960000e-06	-5.065176e-03	-8.097774e-01
4.970000e-06	-3.708182e-03	-5.260816e-01
4.980000e-06	-3.897024e-03	-2.529475e-01
4.990000e-06	2.624587e-03	6.165645e-02
5.000000e-06	8.291281e-03	3.380236e-01
5.010000e-06	-4.431419e-03	5.875777e-01
5.020000e-06	1.676456e-03	8.426565e-01
5.030000e-06	-2.734597e-03	1.189526e+00
5.040000e-06	2.501759e-03	1.420106e+00
5.050000e-06	-2.288195e-03	1.778020e+00
5.060000e-06	1.172613e-02	1.958496e+00
5.070000e-06	3.416407e-02	2.200130e+00
5.080000e-06	8.147604e-02	2.513970e+00
5.090000e-06	-5.679924e-02	2.884787e+00
5.100000e-06	-4.432282e-02	3.149422e+00
5.110000e-06	-3.655164e-02	3.429707e+00
5.120000e-06	7.162934e-03	3.692311e+00
5.130000e-06	-5.114941e-02	4.014862e+00
5.140000e-06	-3.235316e-02	4.066413e+00
5.150000e-06	1.076209e-01	4.431178e+00
5.160000e-06	-4.108231e-02	4.713814e+00
5.170000e-06	7.017864e-02	4.967069e+00
5.180000e-06	-1.925425e-03	5.353919e+00
5.190000e-06	-7.745430e-02	5.599051e+00
5.200000e-06	6.439674e-02	5.850708e+00
5.210000e-06	-3.805940e-02	6.144413e+00
5.220000e-06	3.183802e-02	6.396045e+00
5.230000e-06	-3.183708e-02	6.720733e+00
5.240000e-06	1.988208e-02	6.923840e+00
5.250000e-06	5.416389e-02	7.247149e+00
5.260000e-06	-5.759247e-02	7.550812e+00
5.270000e-06	-1.208474e-03	7.744992e+00
5.280000e-06	-1.365267e-02	8.072204e+00
5.290000e-06	6.008011e-02	8.292812e+00
5.300000e-06	-2.089285e-02	8.522389e+00
5.310000e-06	-2.719368e-02	8.763916e+00
5.320000e-06	4.295383e-02	8.955542e+00
5.330000e-06	-1.810816e-02	9.238027e+00
5.340000e-06	1.527486e-02	9.478532e+00
5.350000e-06	-3.335482e-02	9.660803e+00
5.360000e-06	3.346581e-02	9.934308e+00
5.370000e-06	8.088537e-03	1.013286e+01
5.380000e-06	5.570520e-03	1.039276e+01
5.390000e-06	-9.619280e-03	1.052494e+01
5.400000e-06	-8.273078e-03	1.077487e+01
5.410000e-06	2.816015e-02	1.098651e+01
5.420000e-06	-1.797005e-02	1.121292e+01
5.430000e-06	1.079157e-02	1.140550e+01
5.440000e-06	-4.768651e-03	1.163559e+01
5.450000e-06	2.965165e-02	1.183710e+01
5.460000e-06	-1.154025e-02	1.203600e+01
5.470000e-06	7.712759e-06	1.219544e+01
5.480000e-06	-5.836903e-04	1.238246e+01
5.490000e-06	1.290274e-02	1.254184e+01
5.500000e-06	5.181688e-03	1.274281e+01
5.510000e-06	-4.359729e-03	1.285815e+01
5.520000e-06	1.285260e-02	1.308957e+01
5.530000e-06	6.829848e-03	1.320454e+01
5.540000e-06	7.963832e-03	1.342479e+01
5.550000e-06	-1.092829e-02	1.350960e+01
5.560000e-06	7.972262e-03	1.364765e+01
5.570000e-06	1.063414e-02	1.378289e+01
5.580000e-06	5.286896e-03	1.394028e+01
5.590000e-06	8.478786e-04	1.413710e+01
5.600000e-06	6.290439e-03	1.419392e+01
5.610000e-06	1.221432e-02	1.437186e+01
5.620000e-06	3.013789e-03	1.443659e+01
5.630000e-06	-1.842749e-03	1.458281e+01
5.640000e-06	7.038492e-03	1.467662e+01
5.650000e-06	1.088405e-02	1.478024e+01
5.660000e-06	6.696056e-03	1.481444e+01
5.670000e-06	6.094950e-04	1.490975e+01
5.680000e-06	8.591610e-03	1.500486e+01
5.690000e-06	1.289728e-02	1.501752e+01
5.700000e-06	8.028220e-03	1.510860e+01
5.710000e-06	-2.659023e-04	1.517391e+01
5.720000e-06	5.429490e-03	1.524604e+01
5.730000e-06	7.930719e-03	1.528665e+01
5.740000e-06	7.502386e-03	1.538970e+01
5.750000e-06	1.552357e-03	1.539131e+01
5.760000e-06	1.109147e-02	1.543399e+01
5.770000e-06	1.490992e-02	1.545647e+01
5.780000e-06	1.151919e-02	1.547804e+01
5.790000e-06	6.197349e-03	1.546707e+01
5.800000e-06	3.360951e-03	1.553857e+01
5.810000e-06	1.092024e-02	1.550665e+01
5.820000e-06	3.450091e-03	1.553860e+01
5.830000e-06	6.586761e-03	1.551865e+01
5.840000e-06	8.175813e-03	1.547712e+01
5.850000e-06	1.620297e-02	1.548610e+01
5.860000e-06	1.464149e-02	1.549489e+01
5.870000e-06	8.326022e-03	1.541431e+01
5.880000e-06	9.546604e-03	1.543331e+01
5.890000e-06	8.106083e-03	1.537173e+01
5.900000e-06	9.882232e-03	1.532810e+01
5.910000e-06	6.070066e-03	1.525392e+01
5.920000e-06	1.099630e-02	1.520286e+01
5.930000e-06	1.320995e-02	1.511870e+01
5.940000e-06	1.523476e-02	1.510897e+01
5.950000e-06	1.002144e-02	1.495329e+01
5.960000e-06	1.013896e-02	1.494762e+01
5.970000e-06	1.061198e-02	1.482641e+01
5.980000e-06	1.037931e-02	1.474065e+01
5.990000e-06	1.069075e-02	1.469744e+01
6.000000e-06	9.840514e-03	1.453529e+01
6.010000e-06	1.559936e-02	1.447744e+01
6.020000e-06	1.255694e-02	1.433115e+01
6.030000e-06	1.351591e-02	1.423386e+01
6.040000e-06	9.772797e-03	1.411902e+01
6.050000e-06	1.483147e-02	1.399223e+01
6.060000e-06	1.198875e-02	1.386696e+01
6.070000e-06	1.288034e-02	1.371855e+01
6.080000e-06	1.103570e-02	1.354275e+01
6.090000e-06	1.305548e-02	1.342231e+01
6.100000e-06	1.262310e-02	1.322797e+01
6.110000e-06	1.180041e-02	1.312900e+01
6.120000e-06	8.895423e-03	1.293223e+01
6.130000e-06	1.052873e-02	1.278373e+01
6.140000e-06	1.043013e-02	1.262639e+01
6.150000e-06	1.062830e-02	1.248795e+01
6.160000e-06	8.681471e-03	1.230902e+01
6.170000e-06	8.025402e-03	1.208160e+01
6.180000e-06	7.760469e-03	1.189210e+01
6.190000e-06	7.935876e-03	1.176160e+01
6.200000e-06	5.615521e-03	1.153260e+01
6.210000e-06	5.148806e-03	1.126997e+01
6.220000e-06	5.084804e-03	1.109158e+01
6.230000e-06	4.710412e-03	1.091015e+01
6.240000e-06	4.406652e-03	1.069060e+01
6.250000e-06	3.593790e-03	1.044842e+01
6.260000e-06	4.366799e-03	1.024797e+01
6.270000e-06	4.153149e-03	1.006791e+01
6.280000e-06	3.548255e-03	9.785912e+00
6.290000e-06	2.042567e-03	9.582633e+00
6.300000e-06	1.613107e-03	9.384186e+00
6.310000e-06	2.681752e-04	9.173128e+00
6.320000e-06	6.860775e-04	8.881525e+00
6.330000e-06	1.047846e-03	8.659945e+00
6.340000e-06	2.510494e-03	8.437895e+00
6.350000e-06	1.059049e-03	8.195767e+00
6.360000e-06	3.973318e-05	7.892625e+00
6.370000e-06	2.574127e-04	7.681076e+00
6.380000e-06	-1.265265e-03	7.385916e+00
6.390000e-06	-1.586702e-03	7.132109e+00
6.400000e-06	-2.242883e-03	6.880654e+00
6.410000e-06	-1.171473e-03	6.639796e+00
6.420000e-06	-1.409424e-03	6.335185e+00
6.430000e-06	-1.679567e-03	6.102582e+00
6.440000e-06	-1.823473e-03	5.832920e+00
6.450000e-06	-1.399896e-03	5.523286e+00
6.460000e-06	-2.959933e-03	5.311603e+00
6.470000e-06	-2.878349e-03	4.904679e+00
6.480000e-06	-1.876743e-03	4.660397e+00
6.490000e-06	-3.400600e-03	4.405817e+00
6.500000e-06	-3.624261e-03	4.083003e+00
6.510000e-06	-4.173500e-03	3.837845e+00
6.520000e-06	-4.224356e-03	3.555793e+00
6.530000e-06	-3.381893e-03	3.251449e+00
6.540000e-06	-3.589544e-03	2.967240e+00
6.550000e-06	-2.526401e-03	2.734183e+00
6.560000e-06	-3.926884e-03	2.389452e+00
6.570000e-06	-3.612472e-03	2.124158e+00
6.580000e-06	-4.645009e-03	1.873983e+00
6.590000e-06	-4.921267e-03	1.556241e+00
6.600000e-06	-6.472628e-03	1.279480e+00
6.610000e-06	-5.895716e-03	9.255878e-01
6.620000e-06	-4.065387e-03	6.414763e-01
6.630000e-06	-3.182257e-03	3.873895e-01
6.640000e-06	-2.923803e-03	5.095895e-02
6.650000e-06	1.251956e-03	-2.016053e-01
6.660000e-06	7.972991e-03	-4.923056e-01
6.670000e-06	-4.885042e-03	-7.794674e-01
6.680000e-06	-1.314648e-03	-1.030653e+00
6.690000e-06	-6.610810e-03	-1.295408e+00
6.700000e-06	-1.801262e-03	-1.589626e+00
6.710000e-06	-1.014171e-03	-1.839707e+00
6.720000e-06	2.590603e-02	-2.022056e+00
6.730000e-06	9.882997e-02	-2.326494e+00
6.740000e-06	-4.496245e-02	-2.694369e+00
6.750000e-06	-4.286173e-02	-3.084887e+00
6.760000e-06	-4.317740e-02	-3.388071e+00
6.770000e-06	-1.274164e-02	-3.609120e+00
6.780000e-06	-7.510050e-02	-3.892939e+00
6.790000e-06	5.191790e-02	-4.041758e+00
6.800000e-06	7.283073e-02	-4.242807e+00
6.810000e-06	-1.289196e-01	-4.605546e+00
6.820000e-06	2.090134e-01	-4.859675e+00
6.830000e-06	-1.544610e-01	-5.155544e+00
6.840000e-06	3.445329e-02	-5.519836e+00
6.850000e-06	-1.762811e-02	-5.711337e+00
6.860000e-06	-7.606826e-02	-6.010250e+00
6.870000e-06	1.297648e-01	-6.300150e+00
6.880000e-06	-1.251744e-01	-6.535017e+00
6.890000e-06	1.063852e-01	-6.869600e+00
6.900000e-06	-3.225804e-02	-7.099287e+00
6.910000e-06	-4.457831e-02	-7.428120e+00
6.920000e-06	3.656094e-02	-7.649228e+00
6.930000e-06	-8.715248e-02	-7.954391e+00
6.940000e-06	1.088243e-01	-8.195367e+00
6.950000e-06	-9.317408e-02	-8.399123e+00
6.960000e-06	5.315289e-02	-8.680776e+00
6.970000e-06	-1.150793e-02	-8.931887e+00
6.980000e-06	-4.134008e-02	-9.183343e+00
6.990000e-06	3.992795e-02	-9.323966e+00
7.000000e-06	-7.755355e-02	-9.598618e+00
7.010000e-06	8.100578e-02	-9.819595e+00
7.020000e-06	-7.048109e-02	-1.001923e+01
7.030000e-06	5.332850e-02	-1.030075e+01
7.040000e-06	-5.612369e-02	-1.049181e+01
7.050000e-06	1.896763e-02	-1.072281e+01
7.060000e-06	-1.903316e-02	-1.089093e+01
7.070000e-06	-1.428150e-02	-1.117246e+01
7.080000e-06	1.015523e-02	-1.133333e+01
7.090000e-06	-2.209510e-02	-1.157446e+01
7.100000e-06	2.239108e-02	-1.179491e+01
7.110000e-06	-3.830573e-02	-1.199501e+01
7.120000e-06	1.513503e-02	-1.218252e+01
7.130000e-06	-3.725175e-02	-1.235286e+01
7.140000e-06	1.904354e-02	-1.251181e+01
7.150000e-06	-3.079346e-02	-1.272070e+01
7.160000e-06	1.034352e-02	-1.285917e+01
7.170000e-06	-1.978459e-02	-1.302552e+01
7.180000e-06	5.234469e-03	-1.319344e+01
7.190000e-06	-1.732874e-02	-1.333183e+01
7.200000e-06	-1.232391e-02	-1.353866e+01
7.210000e-06	-5.626819e-03	-1.365506e+01
7.220000e-06	-1.438346e-02	-1.375199e+01
7.230000e-06	-1.630339e-03	-1.394020e+01
7.240000e-06	-2.108605e-02	-1.406557e+01
7.250000e-06	1.918947e-03	-1.423144e+01
7.260000e-06	-1.705653e-02	-1.430921e+01
7.270000e-06	-4.734134e-03	-1.445554e+01
7.280000e-06	-2.020671e-02	-1.455233e+01
7.290000e-06	-4.789552e-03	-1.466715e+01
7.300000e-06	-1.319979e-02	-1.478173e+01
7.310000e-06	-8.408286e-03	-1.482516e+01
7.320000e-06	-1.590456e-02	-1.488770e+01
7.330000e-06	-6.957702e-03	-1.505454e+01
7.340000e-06	-1.463385e-02	-1.507669e+01
7.350000e-06	-1.230619e-02	-1.515083e+01
7.360000e-06	-1.610427e-02	-1.519354e+01
7.370000e-06	-1.005966e-02	-1.528957e+01
7.380000e-06	-1.082869e-02	-1.529925e+01
7.390000e-06	-1.445166e-02	-1.537138e+01
7.400000e-06	-1.327961e-02	-1.544396e+01
7.410000e-06	-1.606801e-02	-1.548699e+01
7.420000e-06	-1.112869e-02	-1.548913e+01
7.430000e-06	-1.830929e-02	-1.552018e+01
7.440000e-06	-1.256149e-02	-1.554223e+01
7.450000e-06	-1.495369e-02	-1.554118e+01
7.460000e-06	-1.132007e-02	-1.553231e+01
7.470000e-06	-1.799883e-02	-1.559231e+01
7.480000e-06	-1.768244e-02	-1.553235e+01
7.490000e-06	-1.634090e-02	-1.555178e+01
7.500000e-06	-1.563435e-02	-1.556231e+01
7.510000e-06	-1.755064e-02	-1.555076e+01
7.520000e-06	-1.718204e-02	-1.551857e+01
7.530000e-06	-1.604245e-02	-1.549905e+01
7.540000e-06	-1.581336e-02	-1.548752e+01
7.550000e-06	-1.813557e-02	-1.543336e+01
7.560000e-06	-1.917108e-02	-1.538971e+01
7.570000e-06	-1.686802e-02	-1.529815e+01
7.580000e-06	-1.753628e-02	-1.526402e+01
7.590000e-06	-1.789484e-02	-1.523241e+01
7.600000e-06	-2.001041e-02	-1.512970e+01
7.610000e-06	-1.813634e-02	-1.506654e+01
7.620000e-06	-1.875141e-02	-1.501173e+01
7.630000e-06	-1.899937e-02	-1.490612e+01
7.640000e-06	-2.014546e-02	-1.484486e+01
7.650000e-06	-1.893729e-02	-1.472160e+01
7.660000e-06	-1.816090e-02	-1.466384e+01
7.670000e-06	-1.956990e-02	-1.448918e+01
7.680000e-06	-2.162502e-02	-1.441291e+01
7.690000e-06	-2.034556e-02	-1.427802e+01
7.700000e-06	-1.935117e-02	-1.421170e+01
7.710000e-06	-1.989122e-02	-1.403489e+01
7.720000e-06	-2.064120e-02	-1.388902e+01
7.730000e-06	-2.165182e-02	-1.374070e+01
7.740000e-06	-2.067979e-02	-1.357436e+01
7.750000e-06	-2.031055e-02	-1.348592e+01
7.760000e-06	-2.025302e-02	-1.328720e+01
7.770000e-06	-1.931360e-02	-1.315328e+01
7.780000e-06	-1.772223e-02	-1.299384e+01
7.790000e-06	-1.758542e-02	-1.284642e+01
7.800000e-06	-1.914016e-02	-1.268895e+01
7.810000e-06	-1.905499e-02	-1.253752e+01
7.820000e-06	-1.833739e-02	-1.235318e+01
7.830000e-06	-1.647120e-02	-1.215068e+01
7.840000e-06	-1.666454e-02	-1.194173e+01
7.850000e-06	-1.609941e-02	-1.178376e+01
7.860000e-06	-1.398552e-02	-1.155018e+01
7.870000e-06	-1.312011e-02	-1.132003e+01
7.880000e-06	-1.480742e-02	-1.108963e+01
7.890000e-06	-1.443815e-02	-1.087963e+01
7.900000e-06	-1.333869e-02	-1.074063e+01
7.910000e-06	-1.176498e-02	-1.053010e+01
7.920000e-06	-1.257856e-02	-1.024915e+01
7.930000e-06	-1.303615e-02	-1.005794e+01
7.940000e-06	-1.144610e-02	-9.826919e+00
7.950000e-06	-1.084788e-02	-9.624691e+00
7.960000e-06	-1.068344e-02	-9.404741e+00
7.970000e-06	-1.065030e-02	-9.123134e+00
7.980000e-06	-1.061481e-02	-8.912682e+00
7.990000e-06	-9.108550e-03	-8.660552e+00
8.000000e-06	-9.294276e-03	-8.417367e+00
8.010000e-06	-1.000208e-02	-8.193841e+00
8.020000e-06	-9.481583e-03	-7.962713e+00
8.030000e-06	-8.251094e-03	-7.659972e+00
8.040000e-06	-8.845478e-03	-7.387340e+00
8.050000e-06	-8.728324e-03	-7.142606e+00
8.060000e-06	-9.043594e-03	-6.909970e+00
8.070000e-06	-7.344761e-03	-6.618893e+00
8.080000e-06	-7.705800e-03	-6.395759e+00
8.090000e-06	-7.327904e-03	-6.092050e+00
8.100000e-06	-8.812319e-03	-5.826895e+00
8.110000e-06	-7.288160e-03	-5.554660e+00
8.120000e-06	-7.132772e-03	-5.240497e+00
8.130000e-06	-7.299579e-03	-4.972653e+00
8.140000e-06	-7.619096e-03	-4.607869e+00
8.150000e-06	-5.744511e-03	-4.385815e+00
8.160000e-06	-5.195388e-03	-4.116213e+00
8.170000e-06	-6.513856e-03	-3.911546e+00
8.180000e-06	-7.723586e-03	-3.566266e+00
8.190000e-06	-8.497970e-03	-3.334657e+00
8.200000e-06	-5.236505e-03	-2.977745e+00
8.210000e-06	-6.342720e-03	-2.706212e+00
8.220000e-06	-4.897256e-03	-2.410951e+00
8.230000e-06	-5.407845e-03	-2.135688e+00
8.240000e-06	-4.211756e-03	-1.873079e+00
8.250000e-06	-6.006479e-03	-1.606895e+00
8.260000e-06	-6.171214e-03	-1.270999e+00
8.270000e-06	-6.825044e-03	-9.757433e-01
8.280000e-06	-4.358449e-03	-6.825835e-01
8.290000e-06	-4.123060e-03	-3.784433e-01
8.300000e-06	-1.764042e-03	-1.036378e-01
8.310000e-06	5.917082e-03	1.691504e-01
8.320000e-06	6.620593e-04	4.227080e-01
8.330000e-06	1.938516e-03	7.254421e-01
8.340000e-06	-1.870091e-03	9.775778e-01
8.350000e-06	-6.821263e-04	1.274864e+00
8.360000e-06	-1.346285e-03	1.608678e+00
8.370000e-06	3.931965e-03	1.843257e+00
8.380000e-06	1.687588e-02	2.072734e+00
8.390000e-06	6.831518e-02	2.328446e+00
8.400000e-06	2.184190e-02	2.714444e+00
8.410000e-06	-6.683343e-02	3.032705e+00
8.420000e-06	-3.878362e-02	3.333314e+00
8.430000e-06	-1.430380e-02	3.569101e+00
8.440000e-06	-9.496459e-03	3.819704e+00
8.450000e-06	-6.298889e-02	4.019553e+00
8.460000e-06	3.854487e-02	4.303683e+00
8.470000e-06	7.436185e-02	4.576049e+00
8.480000e-06	-5.574261e-02	4.819101e+00
8.490000e-06	1.213708e-01	5.174515e+00
8.500000e-06	-1.130053e-01	5.502208e+00
8.510000e-06	2.454999e-02	5.692908e+00
8.520000e-06	1.700813e-02	6.038028e+00
8.530000e-06	-2.732903e-02	6.229678e+00
8.540000e-06	3.562388e-02	6.503538e+00
8.550000e-06	-5.524815e-02	6.809602e+00
8.560000e-06	8.680536e-02	7.050230e+00
8.570000e-06	-2.961556e-02	7.324996e+00
8.580000e-06	-1.888004e-02	7.618150e+00
8.590000e-06	-1.612159e-02	7.912366e+00
8.600000e-06	2.865381e-02	8.165546e+00
8.610000e-06	3.227381e-02	8.406574e+00
8.620000e-06	-5.023478e-02	8.658701e+00
8.630000e-06	2.584888e-02	8.841630e+00
8.640000e-06	6.947336e-03	9.140783e+00
8.650000e-06	1.404152e-03	9.323890e+00
8.660000e-06	-1.035207e-02	9.585494e+00
8.670000e-06	-3.293642e-03	9.825046e+00
8.680000e-06	2.842229e-02	1.001855e+01
8.690000e-06	7.496617e-04	1.023910e+01
8.700000e-06	2.748425e-03	1.044770e+01
8.710000e-06	-1.702954e-02	1.072933e+01
8.720000e-06	1.660575e-02	1.090016e+01
8.730000e-06	2.671212e-03	1.111020e+01
8.740000e-06	-4.659218e-03	1.124978e+01
8.750000e-06	3.058218e-03	1.152078e+01
8.760000e-06	1.294443e-02	1.173226e+01
8.770000e-06	9.948500e-03	1.193981e+01
8.780000e-06	-4.916422e-03	1.211131e+01
8.790000e-06	6.028594e-05	1.232221e+01
8.800000e-06	6.681371e-03	1.245817e+01
8.810000e-06	7.965185e-03	1.267857e+01
8.820000e-06	-4.651610e-04	1.278504e+01
8.830000e-06	3.750307e-03	1.295288e+01
8.840000e-06	9.166479e-03	1.313226e+01
8.850000e-06	9.262388e-03	1.326868e+01
8.860000e-06	-2.950382e-03	1.340495e+01
8.870000e-06	2.276322e-03	1.357504e+01
8.880000e-06	5.879243e-03	1.372076e+01
8.890000e-06	9.427253e-03	1.385757e+01
8.900000e-06	-5.265294e-04	1.396189e+01
8.910000e-06	4.552348e-03	1.415181e+01
8.920000e-06	9.481973e-03	1.427610e+01
8.930000e-06	7.957678e-03	1.439339e+01
8.940000e-06	1.065946e-03	1.451973e+01
8.950000e-06	1.362610e-03	1.463499e+01
8.960000e-06	1.234682e-02	1.469867e+01
8.970000e-06	6.666498e-03	1.477386e+01
8.980000e-06	5.122004e-03	1.487812e+01
8.990000e-06	2.005356e-03	1.493183e+01
9.000000e-06	1.277793e-02	1.494539e+01
9.010000e-06	6.066846e-03	1.511815e+01
9.020000e-06	3.693970e-03	1.513330e+01
9.030000e-06	2.600244e-03	1.518451e+01
9.040000e-06	1.131384e-02	1.524612e+01
9.050000e-06	1.074386e-02	1.529860e+01
9.060000e-06	4.120335e-03	1.534971e+01
9.070000e-06	6.303957e-03	1.542386e+01
9.080000e-06	8.510080e-03	1.549344e+01
9.090000e-06	1.225700e-02	1.545504e+01
9.100000e-06	4.668755e-03	1.550707e+01
9.110000e-06	7.519203e-03	1.549807e+01
9.120000e-06	9.927901e-03	1.551018e+01
9.130000e-06	1.166215e-02	1.552963e+01
9.140000e-06	7.110830e-03	1.551815e+01
9.150000e-06	5.088111e-03	1.549807e+01
9.160000e-06	1.133781e-02	1.551592e+01
9.170000e-06	1.181085e-02	1.543547e+01
9.180000e-06	1.042283e-02	1.547392e+01
9.190000e-06	7.755348e-03	1.544397e+01
9.200000e-06	1.201652e-02	1.540175e+01
9.210000e-06	1.189909e-02	1.532968e+01
9.220000e-06	1.017755e-02	1.531665e+01
9.230000e-06	8.568653e-03	1.523584e+01
9.240000e-06	1.121344e-02	1.517420e+01
9.250000e-06	1.387251e-02	1.507897e+01
9.260000e-06	1.019420e-02	1.504439e+01
9.270000e-06	8.667813e-03	1.495216e+01
9.280000e-06	1.060929e-02	1.489752e+01
9.290000e-06	1.531589e-02	1.480186e+01
9.300000e-06	1.125074e-02	1.472853e+01
9.310000e-06	1.171371e-02	1.464534e+01
9.320000e-06	1.203435e-02	1.452062e+01
9.330000e-06	1.416083e-02	1.440392e+01
9.340000e-06	1.261709e-02	1.428802e+01
9.350000e-06	1.095985e-02	1.415171e+01
9.360000e-06	1.217227e-02	1.402639e+01
9.370000e-06	1.413881e-02	1.391910e+01
9.380000e-06	1.313768e-02	1.378178e+01
9.390000e-06	1.139177e-02	1.364434e+01
9.400000e-06	1.190644e-02	1.350804e+01
9.410000e-06	1.414251e-02	1.332118e+01
9.420000e-06	1.233841e-02	1.321428e+01
9.430000e-06	1.025941e-02	1.305642e+01
9.440000e-06	9.080204e-03	1.288707e+01
9.450000e-06	1.177593e-02	1.269112e+01
9.460000e-06	1.020072e-02	1.255221e+01
9.470000e-06	8.601922e-03	1.235378e+01
9.480000e-06	8.193404e-03	1.225581e+01
9.490000e-06	9.357069e-03	1.199439e+01
9.500000e-06	8.692786e-03	1.181437e+01
9.510000e-06	5.217760e-03	1.158531e+01
9.520000e-06	5.599229e-03	1.145679e+01
9.530000e-06	5.658104e-03	1.114379e+01
9.540000e-06	6.608794e-03	1.100476e+01
9.550000e-06	3.247405e-03	1.080438e+01
9.560000e-06	4.726692e-03	1.064531e+01
9.570000e-06	3.586311e-03	1.040271e+01
9.580000e-06	4.303829e-03	1.014264e+01
9.590000e-06	1.783753e-03	9.932630e+00
9.600000e-06	2.902002e-03	9.690397e+00
9.610000e-06	4.045135e-03	9.490946e+00
9.620000e-06	2.602241e-03	9.265869e+00
9.630000e-06	6.568721e-05	9.037390e+00
9.640000e-06	-3.937264e-04	8.764714e+00
9.650000e-06	9.910069e-04	8.562135e+00
9.660000e-06	7.538480e-04	8.289610e+00
9.670000e-06	6.442158e-04	8.008992e+00
9.680000e-06	-1.015645e-03	7.775815e+00
9.690000e-06	5.141424e-04	7.543560e+00
9.700000e-06	-2.040630e-04	7.240920e+00
9.710000e-06	-1.469851e-03	7.009392e+00
9.720000e-06	-1.971682e-03	6.783185e+00
9.730000e-06	-5.600123e-04	6.491156e+00
9.740000e-06	-1.982977e-03	6.207894e+00
9.750000e-06	-1.889818e-03	6.005688e+00
9.760000e-06	-2.312892e-03	5.694599e+00
9.770000e-06	-1.339269e-03	5.440374e+00
9.780000e-06	-2.516051e-03	5.133073e+00
9.790000e-06	-2.611829e-03	4.766741e+00
9.800000e-06	-3.010447e-03	4.513612e+00
9.810000e-06	-1.798166e-03	4.250353e+00
9.820000e-06	-2.651654e-03	3.985264e+00
9.830000e-06	-3.946939e-03	3.683579e+00
9.840000e-06	-3.462075e-03	3.420945e+00
9.850000e-06	-4.093626e-03	3.125684e+00
9.860000e-06	-4.214370e-03	2.832475e+00
9.870000e-06	-4.385298e-03	2.588112e+00
9.880000e-06	-4.306978e-03	2.252977e+00
9.890000e-06	-3.284691e-03	1.998447e+00
9.900000e-06	-3.152207e-03	1.734112e+00
9.910000e-06	-4.615337e-03	1.390771e+00
9.920000e-06	-4.567314e-03	1.134032e+00
9.930000e-06	-5.353236e-03	7.973147e-01
9.940000e-06	-4.026064e-03	5.150067e-01
9.950000e-06	-4.393060e-03	2.418986e-01
9.960000e-06	-2.222790e-03	-7.538816e-02
9.970000e-06	6.631554e-03	-3.164222e-01
9.980000e-06	-1.151063e-03	-6.002065e-01
9.990000e-06	1.847153e-04	-8.428584e-01
1.000000e-05	-6.831870e-03	-1.115969e+00
1.001000e-05	-6.171654e-04	-1.443356e+00
1.002000e-05	-4.510547e-03	-1.705866e+00
1.003000e-05	1.113493e-02	-1.936920e+00
1.004000e-05	5.769725e-02	-2.178046e+00
1.005000e-05	6.131208e-02	-2.483342e+00
1.006000e-05	-8.555394e-02	-2.914440e+00
1.007000e-05	-2.330271e-02	-3.271232e+00
1.008000e-05	-4.124298e-02	-3.502889e+00
1.009000e-05	-2.251523e-02	-3.765538e+00
1.010000e-05	-7.220973e-02	-3.968102e+00
1.011000e-05	1.577724e-01	-4.174945e+00
1.012000e-05	-1.132225e-01	-4.400779e+00
1.013000e-05	8.167210e-02	-4.746936e+00
1.014000e-05	6.615476e-02	-4.933942e+00
1.015000e-05	-1.577870e-01	-5.354590e+00
1.016000e-05	1.151452e-01	-5.568999e+00
1.017000e-05	-1.496103e-01	-5.871835e+00
1.018000e-05	1.064665e-01	-6.112865e+00
1.019000e-05	-2.084123e-02	-6.407546e+00
1.020000e-05	-3.855595e-02	-6.681786e+00
1.021000e-05	1.085453e-01	-6.884386e+00
1.022000e-05	-1.203662e-01	-7.240779e+00
1.023000e-05	5.884375e-02	-7.493337e+00
1.024000e-05	-7.122908e-02	-7.744548e+00
1.025000e-05	3.191919e-02	-8.071282e+00
1.026000e-05	3.144543e-02	-8.270732e+00
1.027000e-05	-7.656344e-02	-8.553968e+00
1.028000e-05	9.376856e-02	-8.786567e+00
1.029000e-05	-1.006345e-01	-9.080149e+00
1.030000e-05	5.972059e-02	-9.249196e+00
1.031000e-05	-6.556215e-02	-9.520732e+00
1.032000e-05	2.943949e-02	-9.743337e+00
1.033000e-05	2.921019e-03	-9.932814e+00
1.034000e-05	-2.396863e-02	-1.014547e+01
1.035000e-05	2.730671e-02	-1.038554e+01
1.036000e-05	-5.751126e-02	-1.064912e+01
1.037000e-05	4.358114e-02	-1.079657e+01
1.038000e-05	-6.055176e-02	-1.101657e+01
1.039000e-05	3.556860e-02	-1.126612e+01
1.040000e-05	-3.769442e-02	-1.143712e+01
1.041000e-05	2.750382e-02	-1.165868e+01
1.042000e-05	-2.867388e-02	-1.186666e+01
1.043000e-05	1.332934e-03	-1.207823e+01
1.044000e-05	-1.744050e-02	-1.224718e+01
1.045000e-05	-7.240802e-03	-1.245705e+01
1.046000e-05	-2.696529e-03	-1.261662e+01
1.047000e-05	-1.988490e-02	-1.278549e+01
1.048000e-05	7.015438e-03	-1.293183e+01
1.049000e-05	-2.051185e-02	-1.311068e+01
1.050000e-05	1.121132e-02	-1.323609e+01
1.051000e-05	-3.200926e-02	-1.341589e+01
1.052000e-05	6.625113e-03	-1.357286e+01
1.053000e-05	-2.393973e-02	-1.372966e+01
1.054000e-05	3.705708e-03	-1.381560e+01
1.055000e-05	-2.182052e-02	-1.396291e+01
1.056000e-05	-3.726974e-03	-1.413136e+01
1.057000e-05	-1.040231e-02	-1.424707e+01
1.058000e-05	-8.189509e-03	-1.441446e+01
1.059000e-05	-1.254720e-02	-1.449662e+01
1.060000e-05	-1.328835e-02	-1.459342e+01
1.061000e-05	-7.286522e-03	-1.470907e+01
1.062000e-05	-1.257460e-02	-1.481438e+01
1.063000e-05	-9.297833e-03	-1.484623e+01
1.064000e-05	-1.529329e-02	-1.496136e+01
1.065000e-05	-7.163743e-03	-1.504650e+01
1.066000e-05	-1.622030e-02	-1.515862e+01
1.067000e-05	-1.133330e-02	-1.519236e+01
1.068000e-05	-1.706509e-02	-1.526602e+01
1.069000e-05	-7.457655e-03	-1.529922e+01
1.070000e-05	-1.536054e-02	-1.536131e+01
1.071000e-05	-1.048214e-02	-1.538389e+01
1.072000e-05	-1.713880e-02	-1.541654e+01
1.073000e-05	-1.253728e-02	-1.551760e+01
1.074000e-05	-1.430082e-02	-1.550855e+01
1.075000e-05	-1.598331e-02	-1.550820e+01
1.076000e-05	-1.348903e-02	-1.557026e+01
1.077000e-05	-1.566988e-02	-1.556283e+01
1.078000e-05	-1.356117e-02	-1.553323e+01
1.079000e-05	-1.751660e-02	-1.560339e+01
1.080000e-05	-1.638485e-02	-1.554276e+01
1.081000e-05	-1.642434e-02	-1.554183e+01
1.082000e-05	-1.531024e-02	-1.551928e+01
1.083000e-05	-1.694569e-02	-1.551925e+01
1.084000e-05	-1.675557e-02	-1.545803e+01
1.085000e-05	-1.763691e-02	-1.548557e+01
1.086000e-05	-1.661796e-02	-1.543242e+01
1.087000e-05	-1.933255e-02	-1.537136e+01
1.088000e-05	-1.748865e-02	-1.533875e+01
1.089000e-05	-1.810917e-02	-1.526857e+01
1.090000e-05	-1.622083e-02	-1.522404e+01
1.091000e-05	-1.881978e-02	-1.517030e+01
1.092000e-05	-1.909394e-02	-1.510707e+01
1.093000e-05	-1.867610e-02	-1.504489e+01
1.094000e-05	-1.772479e-02	-1.496075e+01
1.095000e-05	-2.008237e-02	-1.484602e+01
1.096000e-05	-1.914460e-02	-1.477281e+01
1.097000e-05	-1.907253e-02	-1.468754e+01
1.098000e-05	-1.882244e-02	-1.457131e+01
1.099000e-05	-2.091402e-02	-1.445657e+01
1.100000e-05	-2.047325e-02	-1.434120e+01
1.101000e-05	-1.994940e-02	-1.427441e+01
1.102000e-05	-1.987941e-02	-1.413752e+01
1.103000e-05	-2.094504e-02	-1.394066e+01
1.104000e-05	-2.074300e-02	-1.384384e+01
1.105000e-05	-2.041182e-02	-1.368865e+01
1.106000e-05	-2.049295e-02	-1.353010e+01
1.107000e-05	-2.106608e-02	-1.341479e+01
1.108000e-05	-2.034050e-02	-1.323586e+01
1.109000e-05	-1.895380e-02	-1.306007e+01
1.110000e-05	-1.798791e-02	-1.299216e+01
1.111000e-05	-1.781504e-02	-1.277226e+01
1.112000e-05	-1.876004e-02	-1.262432e+01
1.113000e-05	-1.663343e-02	-1.239481e+01
1.114000e-05	-1.753558e-02	-1.226897e+01
1.115000e-05	-1.735682e-02	-1.209849e+01
1.116000e-05	-1.613104e-02	-1.188845e+01
1.117000e-05	-1.519204e-02	-1.164587e+01
1.118000e-05	-1.370649e-02	-1.145586e+01
1.119000e-05	-1.479668e-02	-1.120437e+01
1.120000e-05	-1.381459e-02	-1.097431e+01
1.121000e-05	-1.330817e-02	-1.079431e+01
1.122000e-05	-1.211253e-02	-1.061436e+01
1.123000e-05	-1.284079e-02	-1.037483e+01
1.124000e-05	-1.243906e-02	-1.016313e+01
1.125000e-05	-1.092342e-02	-9.942710e+00
1.126000e-05	-1.046007e-02	-9.742157e+00
1.127000e-05	-1.099854e-02	-9.501049e+00
1.128000e-05	-1.176693e-02	-9.279045e+00
1.129000e-05	-9.226849e-03	-9.037943e+00
1.130000e-05	-8.966443e-03	-8.804815e+00
1.131000e-05	-9.870187e-03	-8.576183e+00
1.132000e-05	-9.727710e-03	-8.331657e+00
1.133000e-05	-9.696995e-03	-8.089526e+00
1.134000e-05	-8.193072e-03	-7.866866e+00
1.135000e-05	-8.333329e-03	-7.562108e+00
1.136000e-05	-9.832469e-03	-7.309455e+00
1.137000e-05	-8.531953e-03	-7.007365e+00
1.138000e-05	-7.926541e-03	-6.783163e+00
1.139000e-05	-7.239867e-03	-6.521584e+00
1.140000e-05	-8.718676e-03	-6.230422e+00
1.141000e-05	-7.110683e-03	-5.965739e+00
1.142000e-05	-8.117800e-03	-5.720582e+00
1.143000e-05	-6.508404e-03	-5.378968e+00
1.144000e-05	-7.635804e-03	-5.112633e+00
1.145000e-05	-6.317114e-03	-4.756264e+00
1.146000e-05	-7.274843e-03	-4.503155e+00
1.147000e-05	-5.849364e-03	-4.281549e+00
1.148000e-05	-6.333412e-03	-3.965922e+00
1.149000e-05	-7.393710e-03	-3.684034e+00
1.150000e-05	-6.867741e-03	-3.472526e+00
1.151000e-05	-6.328266e-03	-3.205767e+00
1.152000e-05	-6.642683e-03	-2.811002e+00
1.153000e-05	-5.895168e-03	-2.566393e+00
1.154000e-05	-5.589394e-03	-2.314709e+00
1.155000e-05	-4.430716e-03	-2.028396e+00
1.156000e-05	-5.658937e-03	-1.735188e+00
1.157000e-05	-6.142918e-03	-1.469350e+00
1.158000e-05	-6.087663e-03	-1.105605e+00
1.159000e-05	-5.584170e-03	-8.094699e-01
1.160000e-05	-4.495254e-03	-5.136340e-01
1.161000e-05	-4.024113e-03	-2.425013e-01
1.162000e-05	1.543131e-03	3.120646e-02
1.163000e-05	8.738767e-03	2.974224e-01
1.164000e-05	-2.855792e-03	5.466501e-01
1.165000e-05	2.439283e-03	8.328103e-01
1.166000e-05	-3.558291e-03	1.137470e+00
1.167000e-05	2.171467e-03	1.440154e+00
1.168000e-05	-3.298542e-03	1.736470e+00
1.169000e-05	1.039424e-02	1.959447e+00
1.170000e-05	3.238145e-02	2.159628e+00
1.171000e-05	8.262402e-02	2.536066e+00
1.172000e-05	-5.299944e-02	2.852333e+00
1.173000e-05	-4.296913e-02	3.167995e+00
1.174000e-05	-3.691376e-02	3.430159e+00
1.175000e-05	7.575217e-03	3.683811e+00
1.176000e-05	-5.029936e-02	3.924791e+00
1.177000e-05	-3.556403e-02	4.083861e+00
1.178000e-05	1.049548e-01	4.420179e+00
1.179000e-05	-3.772694e-02	4.733742e+00
1.180000e-05	6.608722e-02	4.946514e+00
1.181000e-05	4.886216e-03	5.344442e+00
1.182000e-05	-8.014999e-02	5.597571e+00
1.183000e-05	6.408132e-02	5.909254e+00
1.184000e-05	-3.795955e-02	6.183916e+00
1.185000e-05	2.940038e-02	6.376920e+00
1.186000e-05	-3.040765e-02	6.719734e+00
1.187000e-05	1.499585e-02	6.954363e+00
1.188000e-05	5.727360e-02	7.239525e+00
1.189000e-05	-5.687919e-02	7.509289e+00
1.190000e-05	-3.453687e-04	7.755517e+00
1.191000e-05	-1.424351e-02	8.060028e+00
1.192000e-05	6.005125e-02	8.301759e+00
1.193000e-05	-1.868276e-02	8.512263e+00
1.194000e-05	-2.961069e-02	8.755315e+00
1.195000e-05	4.259568e-02	8.994491e+00
1.196000e-05	-1.800993e-02	9.217525e+00
1.197000e-05	1.648263e-02	9.438123e+00
1.198000e-05	-3.381762e-02	9.680777e+00
1.199000e-05	3.216573e-02	9.943812e+00
1.200000e-05	8.587021e-03	1.014384e+01
1.201000e-05	5.902554e-03	1.036642e+01
1.202000e-05	-8.205333e-03	1.058396e+01
1.203000e-05	-1.023626e-02	1.079449e+01
1.204000e-05	2.798995e-02	1.098454e+01
1.205000e-05	-1.711685e-02	1.119547e+01
1.206000e-05	1.115697e-02	1.140502e+01
1.207000e-05	-5.510178e-03	1.162757e+01
1.208000e-05	2.725555e-02	1.180600e+01
1.209000e-05	-7.426286e-03	1.198552e+01
1.210000e-05	9.278377e-04	1.220652e+01
1.211000e-05	-2.301564e-03	1.239449e+01
1.212000e-05	9.485158e-03	1.257231e+01
1.213000e-05	6.905363e-03	1.273178e+01
1.214000e-05	-4.049986e-03	1.286975e+01
1.215000e-05	1.001624e-02	1.305757e+01
1.216000e-05	5.548485e-03	1.319599e+01
1.217000e-05	1.069202e-02	1.333231e+01
1.218000e-05	-8.003678e-03	1.351963e+01
1.219000e-05	7.162117e-03	1.367612e+01
1.220000e-05	5.707747e-03	1.381296e+01
1.221000e-05	8.628139e-03	1.393978e+01
1.222000e-05	-1.205425e-03	1.408959e+01
1.223000e-05	4.947509e-03	1.418449e+01
1.224000e-05	1.140471e-02	1.434326e+01
1.225000e-05	4.564034e-03	1.446809e+01
1.226000e-05	1.850395e-03	1.457333e+01
1.227000e-05	2.408566e-03	1.467605e+01
1.228000e-05	1.271839e-02	1.474133e+01
1.229000e-05	4.999566e-03	1.483602e+01
1.230000e-05	2.815982e-03	1.489925e+01
1.231000e-05	5.654111e-03	1.498339e+01
1.232000e-05	9.617462e-03	1.505605e+01
1.233000e-05	8.307015e-03	1.509215e+01
1.234000e-05	4.945013e-04	1.521439e+01
1.235000e-05	6.796463e-03	1.521547e+01
1.236000e-05	1.008435e-02	1.525617e+01
1.237000e-05	1.012729e-02	1.533918e+01
1.238000e-05	3.148972e-03	1.538084e+01
1.239000e-05	5.936884e-03	1.543539e+01
1.240000e-05	1.137473e-02	1.544752e+01
1.241000e-05	1.012041e-02	1.547656e+01
1.242000e-05	6.712408e-03	1.549569e+01
1.243000e-05	6.003468e-03	1.549860e+01
1.244000e-05	1.261757e-02	1.549855e+01
1.245000e-05	9.117977e-03	1.553972e+01
1.246000e-05	7.033071e-03	1.549757e+01
1.247000e-05	6.456650e-03	1.551810e+01
1.248000e-05	1.303991e-02	1.547707e+01
1.249000e-05	1.215960e-02	1.546544e+01
1.250000e-05	9.032301e-03	1.542489e+01
1.251000e-05	9.115358e-03	1.541331e+01
1.252000e-05	1.179899e-02	1.538176e+01
1.253000e-05	1.269479e-02	1.535075e+01
1.254000e-05	7.357141e-03	1.530504e+01
1.255000e-05	9.763812e-03	1.519281e+01
1.256000e-05	1.186939e-02	1.512065e+01
1.257000e-05	1.415981e-02	1.507649e+01
1.258000e-05	9.518026e-03	1.498134e+01
1.259000e-05	9.357948e-03	1.493967e+01
1.260000e-05	1.168634e-02	1.485392e+01
1.261000e-05	1.191888e-02	1.473078e+01
1.262000e-05	1.203040e-02	1.470602e+01
1.263000e-05	9.917956e-03	1.460426e+01
1.264000e-05	1.587197e-02	1.444448e+01
1.265000e-05	1.209106e-02	1.438170e+01
1.266000e-05	1.214402e-02	1.424486e+01
1.267000e-05	9.555064e-03	1.412805e+01
1.268000e-05	1.363918e-02	1.399433e+01
1.269000e-05	1.421010e-02	1.385642e+01
1.270000e-05	1.220648e-02	1.370907e+01
1.271000e-05	1.171216e-02	1.352021e+01
1.272000e-05	1.245554e-02	1.338486e+01
1.273000e-05	1.253510e-02	1.327742e+01
1.274000e-05	1.045318e-02	1.311913e+01
1.275000e-05	1.057030e-02	1.295470e+01
1.276000e-05	1.102381e-02	1.282276e+01
1.277000e-05	1.200546e-02	1.264592e+01
1.278000e-05	9.200859e-03	1.248705e+01
1.279000e-05	7.026019e-03	1.227852e+01
1.280000e-05	8.549152e-03	1.213912e+01
1.281000e-05	8.364689e-03	1.194178e+01
1.282000e-05	6.699748e-03	1.172963e+01
1.283000e-05	6.069410e-03	1.154111e+01
1.284000e-05	6.125515e-03	1.135009e+01
1.285000e-05	6.275783e-03	1.111055e+01
1.286000e-05	4.546814e-03	1.092063e+01
1.287000e-05	4.274790e-03	1.074855e+01
1.288000e-05	3.902586e-03	1.049050e+01
1.289000e-05	3.756917e-03	1.027890e+01
1.290000e-05	3.507930e-03	1.001744e+01
1.291000e-05	2.578354e-03	9.847290e+00
1.292000e-05	2.300315e-03	9.564232e+00
1.293000e-05	2.616893e-03	9.362215e+00
1.294000e-05	1.324113e-03	9.171658e+00
1.295000e-05	1.028727e-03	8.899527e+00
1.296000e-05	8.966593e-04	8.700971e+00
1.297000e-05	1.411682e-03	8.406895e+00
1.298000e-05	4.231434e-04	8.176290e+00
1.299000e-05	-4.648745e-04	7.932183e+00
1.300000e-05	5.015909e-04	7.711004e+00
1.301000e-05	1.326952e-04	7.428317e+00
1.302000e-05	-2.205415e-03	7.142664e+00
1.303000e-05	-6.188546e-04	6.912558e+00
1.304000e-05	-2.307334e-03	6.640465e+00
1.305000e-05	-8.736591e-05	6.375712e+00
1.306000e-05	-2.332803e-03	6.082682e+00
1.307000e-05	-9.305265e-04	5.850572e+00
1.308000e-05	-2.096053e-03	5.586789e+00
1.309000e-05	-6.276334e-04	5.270950e+00
1.310000e-05	-4.866274e-03	4.914062e+00
1.311000e-05	-2.752786e-03	4.660501e+00
1.312000e-05	-3.824626e-03	4.429364e+00
1.313000e-05	-3.790641e-03	4.064058e+00
1.314000e-05	-3.642320e-03	3.828371e+00
1.315000e-05	-1.914151e-03	3.564820e+00
1.316000e-05	-1.068879e-03	3.261978e+00
1.317000e-05	-2.413264e-03	2.967838e+00
1.318000e-05	-4.810426e-03	2.745658e+00
1.319000e-05	-6.607808e-03	2.400745e+00
1.320000e-05	-3.936997e-03	2.134688e+00
1.321000e-05	-5.563458e-03	1.864504e+00
1.322000e-05	-3.442136e-03	1.586739e+00
1.323000e-05	-4.200823e-03	1.292055e+00
1.324000e-05	-2.419219e-03	9.456617e-01
1.325000e-05	-3.416413e-03	6.330025e-01
1.326000e-05	-4.707735e-03	3.783683e-01
1.327000e-05	-4.091155e-03	5.247876e-02
1.328000e-05	-2.431663e-04	-1.906026e-01
1.329000e-05	5.849159e-03	-4.527091e-01
1.330000e-05	-7.418941e-03	-7.679964e-01
1.331000e-05	3.115489e-04	-9.991289e-01
1.332000e-05	-5.530494e-03	-1.281868e+00
1.333000e-05	3.631246e-04	-1.609150e+00
1.334000e-05	-1.634611e-03	-1.809653e+00
1.335000e-05	2.620530e-02	-2.041734e+00
1.336000e-05	9.669724e-02	-2.357519e+00
1.337000e-05	-4.318649e-02	-2.672890e+00
1.338000e-05	-4.721488e-02	-3.085390e+00
1.339000e-05	-4.282659e-02	-3.410046e+00
1.340000e-05	-1.203212e-02	-3.579099e+00
1.341000e-05	-7.233488e-02	-3.954216e+00
1.342000e-05	4.708580e-02	-4.082783e+00
1.343000e-05	7.909948e-02	-4.252733e+00
1.344000e-05	-1.324340e-01	-4.587071e+00
1.345000e-05	2.089413e-01	-4.819553e+00
1.346000e-05	-1.503906e-01	-5.105040e+00
1.347000e-05	2.543920e-02	-5.502833e+00
1.348000e-05	-1.000482e-02	-5.702913e+00
1.349000e-05	-8.149033e-02	-5.989226e+00
1.350000e-05	1.333410e-01	-6.272204e+00
1.351000e-05	-1.238680e-01	-6.553469e+00
1.352000e-05	1.031716e-01	-6.807049e+00
1.353000e-05	-2.657906e-02	-7.120362e+00
1.354000e-05	-5.112976e-02	-7.415548e+00
1.355000e-05	3.991570e-02	-7.616651e+00
1.356000e-05	-8.925749e-02	-7.943513e+00
1.357000e-05	1.098145e-01	-8.166461e+00
1.358000e-05	-9.004878e-02	-8.407125e+00
1.359000e-05	4.728438e-02	-8.679232e+00
1.360000e-05	-5.828486e-03	-8.882683e+00
1.361000e-05	-4.672479e-02	-9.154516e+00
1.362000e-05	4.159464e-02	-9.302912e+00
1.363000e-05	-7.970341e-02	-9.637594e+00
1.364000e-05	8.182066e-02	-9.847624e+00
1.365000e-05	-6.828050e-02	-1.003078e+01
1.366000e-05	5.085993e-02	-1.031230e+01
1.367000e-05	-5.347665e-02	-1.049036e+01
1.368000e-05	1.540973e-02	-1.071233e+01
1.369000e-05	-1.708010e-02	-1.089078e+01
1.370000e-05	-1.821703e-02	-1.118236e+01
1.371000e-05	1.207840e-02	-1.131231e+01
1.372000e-05	-2.406419e-02	-1.156339e+01
1.373000e-05	2.528492e-02	-1.178139e+01
1.374000e-05	-3.916717e-02	-1.200446e+01
1.375000e-05	1.663032e-02	-1.215379e+01
1.376000e-05	-3.822711e-02	-1.235288e+01
1.377000e-05	1.874119e-02	-1.251031e+01
1.378000e-05	-3.146590e-02	-1.268828e+01
1.379000e-05	9.609615e-03	-1.288821e+01
1.380000e-05	-1.894809e-02	-1.304509e+01
1.381000e-05	4.255545e-03	-1.319444e+01
1.382000e-05	-1.492382e-02	-1.333031e+01
1.383000e-05	-1.323178e-02	-1.353768e+01
1.384000e-05	-4.255309e-03	-1.362709e+01
1.385000e-05	-1.511529e-02	-1.375296e+01
1.386000e-05	-1.382494e-03	-1.388175e+01
1.387000e-05	-2.107348e-02	-1.406572e+01
1.388000e-05	1.597735e-03	-1.420346e+01
1.389000e-05	-1.716861e-02	-1.430128e+01
1.390000e-05	-4.425102e-03	-1.443550e+01
1.391000e-05	-1.981495e-02	-1.450183e+01
1.392000e-05	-5.467756e-03	-1.465757e+01
1.393000e-05	-1.306476e-02	-1.474168e+01
1.394000e-05	-7.489151e-03	-1.481596e+01
1.395000e-05	-1.606359e-02	-1.483926e+01
1.396000e-05	-7.913367e-03	-1.502289e+01
1.397000e-05	-1.314470e-02	-1.505857e+01
1.398000e-05	-1.091687e-02	-1.516033e+01
1.399000e-05	-1.654065e-02	-1.520544e+01
1.400000e-05	-1.217972e-02	-1.522610e+01
1.401000e-05	-1.093602e-02	-1.536023e+01
1.402000e-05	-1.380928e-02	-1.537036e+01
1.403000e-05	-1.313501e-02	-1.541289e+01
1.404000e-05	-1.774202e-02	-1.544507e+01
1.405000e-05	-1.023792e-02	-1.551757e+01
1.406000e-05	-1.630137e-02	-1.550815e+01
1.407000e-05	-1.293584e-02	-1.551170e+01
1.408000e-05	-1.741477e-02	-1.557273e+01
1.409000e-05	-1.342867e-02	-1.557436e+01
1.410000e-05	-1.623963e-02	-1.556326e+01
1.411000e-05	-1.754791e-02	-1.559128e+01
1.412000e-05	-1.877190e-02	-1.554323e+01
1.413000e-05	-1.401042e-02	-1.554226e+01
1.414000e-05	-1.464458e-02	-1.556021e+01
1.415000e-05	-1.743685e-02	-1.549913e+01
1.416000e-05	-1.908125e-02	-1.549700e+01
1.417000e-05	-1.675858e-02	-1.547597e+01
1.418000e-05	-1.706756e-02	-1.543284e+01
1.419000e-05	-1.915952e-02	-1.536978e+01
1.420000e-05	-1.895508e-02	-1.530913e+01
1.421000e-05	-1.701439e-02	-1.524499e+01
1.422000e-05	-1.613942e-02	-1.521294e+01
1.423000e-05	-2.046264e-02	-1.517070e+01
1.424000e-05	-2.018186e-02	-1.504594e+01
1.425000e-05	-1.911626e-02	-1.498219e+01
1.426000e-05	-1.782571e-02	-1.486755e+01
1.427000e-05	-2.047096e-02	-1.478186e+01
1.428000e-05	-1.984369e-02	-1.469960e+01
1.429000e-05	-1.834619e-02	-1.461337e+01
1.430000e-05	-1.946809e-02	-1.452015e+01
1.431000e-05	-2.125413e-02	-1.441334e+01
1.432000e-05	-2.114780e-02	-1.427859e+01
1.433000e-05	-1.868429e-02	-1.420173e+01
1.434000e-05	-1.911834e-02	-1.402292e+01
1.435000e-05	-2.100938e-02	-1.386903e+01
1.436000e-05	-2.202410e-02	-1.377930e+01
1.437000e-05	-2.024748e-02	-1.362541e+01
1.438000e-05	-1.952844e-02	-1.350749e+01
1.439000e-05	-2.165334e-02	-1.333062e+01
1.440000e-05	-2.008098e-02	-1.316278e+01
1.441000e-05	-1.806049e-02	-1.306434e+01
1.442000e-05	-1.911860e-02	-1.289709e+01
1.443000e-05	-1.910875e-02	-1.271915e+01
1.444000e-05	-1.933328e-02	-1.252110e+01
1.445000e-05	-1.438506e-02	-1.236208e+01
1.446000e-05	-1.546406e-02	-1.215368e+01
1.447000e-05	-1.432259e-02	-1.200131e+01
1.448000e-05	-1.781765e-02	-1.178255e+01
1.449000e-05	-1.580433e-02	-1.154262e+01
1.450000e-05	-1.673297e-02	-1.131065e+01
1.451000e-05	-1.544500e-02	-1.109863e+01
1.452000e-05	-1.438696e-02	-1.091157e+01
1.453000e-05	-1.077284e-02	-1.069010e+01
1.454000e-05	-8.592993e-03	-1.048968e+01
1.455000e-05	-1.082191e-02	-1.027848e+01
1.456000e-05	-1.147701e-02	-1.004794e+01
1.457000e-05	-1.375295e-02	-9.866970e+00
1.458000e-05	-1.216985e-02	-9.636891e+00
1.459000e-05	-1.236794e-02	-9.412290e+00
1.460000e-05	-1.063009e-02	-9.152159e+00
1.461000e-05	-1.003722e-02	-8.922183e+00
1.462000e-05	-7.699214e-03	-8.701075e+00
1.463000e-05	-9.322705e-03	-8.417415e+00
1.464000e-05	-9.101173e-03	-8.197308e+00
1.465000e-05	-8.847897e-03	-7.953233e+00
1.466000e-05	-8.802427e-03	-7.668971e+00
1.467000e-05	-1.041276e-02	-7.377344e+00
1.468000e-05	-1.044276e-02	-7.173736e+00
1.469000e-05	-8.603928e-03	-6.870997e+00
1.470000e-05	-8.142874e-03	-6.598420e+00
1.471000e-05	-8.139265e-03	-6.395313e+00
1.472000e-05	-6.744882e-03	-6.101503e+00
1.473000e-05	-7.373317e-03	-5.847915e+00
1.474000e-05	-6.753471e-03	-5.535709e+00
1.475000e-05	-6.982754e-03	-5.278973e+00
1.476000e-05	-9.022515e-03	-4.965255e+00
1.477000e-05	-7.484175e-03	-4.619401e+00
1.478000e-05	-6.620816e-03	-4.407344e+00
1.479000e-05	-6.983843e-03	-4.165762e+00
1.480000e-05	-7.600744e-03	-3.901479e+00
1.481000e-05	-6.014427e-03	-3.576813e+00
1.482000e-05	-7.513540e-03	-3.294608e+00
1.483000e-05	-5.359015e-03	-3.018217e+00
1.484000e-05	-7.307981e-03	-2.745112e+00
1.485000e-05	-4.789325e-03	-2.461450e+00
1.486000e-05	-5.579678e-03	-2.167158e+00
1.487000e-05	-5.613877e-03	-1.882080e+00
1.488000e-05	-4.925430e-03	-1.608372e+00
1.489000e-05	-4.863756e-03	-1.240946e+00
1.490000e-05	-6.595641e-03	-9.272846e-01
1.491000e-05	-5.328114e-03	-6.946291e-01
1.492000e-05	-4.245010e-03	-4.077674e-01
1.493000e-05	-1.693873e-03	-1.361101e-01
1.494000e-05	6.215701e-03	1.476773e-01
1.495000e-05	2.226193e-05	4.532593e-01
1.496000e-05	6.191501e-04	6.853947e-01
1.497000e-05	-2.410230e-04	9.871738e-01
1.498000e-05	4.245973e-04	1.283762e+00
1.499000e-05	-1.116983e-03	1.586497e+00
1.500000e-05	1.610811e-03	1.831732e+00
1.501000e-05	1.645855e-02	2.053261e+00
1.502000e-05	6.828481e-02	2.327444e+00
1.503000e-05	2.504052e-02	2.725393e+00
1.504000e-05	-6.870661e-02	3.019633e+00
1.505000e-05	-3.889714e-02	3.273234e+00
1.506000e-05	-1.350190e-02	3.568025e+00
1.507000e-05	-6.378821e-03	3.809653e+00
1.508000e-05	-6.522329e-02	4.017550e+00
1.509000e-05	3.393184e-02	4.322733e+00
1.510000e-05	7.731114e-02	4.556524e+00
1.511000e-05	-5.666962e-02	4.830575e+00
1.512000e-05	1.200979e-01	5.172464e+00
1.513000e-05	-1.111667e-01	5.481657e+00
1.514000e-05	2.155133e-02	5.703386e+00
1.515000e-05	2.253956e-02	5.989554e+00
1.516000e-05	-2.943466e-02	6.240678e+00
1.517000e-05	3.578443e-02	6.523384e+00
1.518000e-05	-5.467782e-02	6.830099e+00
1.519000e-05	8.637607e-02	7.091250e+00
1.520000e-05	-2.841503e-02	7.302991e+00
1.521000e-05	-2.232905e-02	7.638075e+00
1.522000e-05	-1.557858e-02	7.890311e+00
1.523000e-05	2.815250e-02	8.154493e+00
1.524000e-05	3.404612e-02	8.386522e+00
1.525000e-05	-5.004358e-02	8.608679e+00
1.526000e-05	2.566807e-02	8.839575e+00
1.527000e-05	1.012218e-02	9.152330e+00
1.528000e-05	-1.381683e-03	9.323363e+00
1.529000e-05	-1.096602e-02	9.565915e+00
1.530000e-05	-6.046735e-03	9.777522e+00
1.531000e-05	2.975508e-02	1.001802e+01
1.532000e-05	8.040796e-04	1.021813e+01
1.533000e-05	2.173629e-03	1.044867e+01
1.534000e-05	-1.623129e-02	1.069218e+01
1.535000e-05	1.636670e-02	1.085815e+01
1.536000e-05	4.876857e-03	1.106915e+01
1.537000e-05	-7.544284e-03	1.130021e+01
1.538000e-05	3.391367e-03	1.155078e+01
1.539000e-05	1.242131e-02	1.174083e+01
1.540000e-05	1.125440e-02	1.194134e+01
1.541000e-05	-6.877608e-03	1.208173e+01
1.542000e-05	-5.378585e-04	1.231870e+01
1.543000e-05	6.195314e-03	1.250660e+01
1.544000e-05	9.119935e-03	1.263652e+01
1.545000e-05	-2.261476e-03	1.278497e+01
1.546000e-05	3.450389e-03	1.294441e+01
1.547000e-05	9.875362e-03	1.316188e+01
1.548000e-05	1.082323e-02	1.326765e+01
1.549000e-05	-3.285180e-03	1.338597e+01
1.550000e-05	1.081297e-03	1.358341e+01
1.551000e-05	5.785557e-03	1.368933e+01
1.552000e-05	9.874112e-03	1.384507e+01
1.553000e-05	-1.240024e-03	1.402289e+01
1.554000e-05	3.476864e-03	1.416886e+01
1.555000e-05	1.028927e-02	1.428713e+01
1.556000e-05	1.016099e-02	1.439189e+01
1.557000e-05	2.432395e-04	1.452925e+01
1.558000e-05	1.366385e-03	1.461349e+01
1.559000e-05	1.042477e-02	1.468960e+01
1.560000e-05	7.652699e-03	1.477194e+01
1.561000e-05	3.985078e-03	1.487755e+01
1.562000e-05	1.158097e-03	1.497131e+01
1.563000e-05	1.285635e-02	1.499444e+01
1.564000e-05	8.176246e-03	1.507907e+01
1.565000e-05	4.408415e-03	1.513430e+01
1.566000e-05	1.411958e-03	1.520349e+01
1.567000e-05	1.012135e-02	1.528757e+01
1.568000e-05	1.210791e-02	1.531865e+01
1.569000e-05	4.417391e-03	1.539928e+01
1.570000e-05	4.560418e-03	1.541233e+01
1.571000e-05	8.488628e-03	1.547599e+01
1.572000e-05	1.404596e-02	1.546594e+01
1.573000e-05	5.226869e-03	1.550752e+01
1.574000e-05	6.275008e-03	1.551810e+01
1.575000e-05	9.969896e-03	1.549860e+01
1.576000e-05	1.355779e-02	1.551670e+01
1.577000e-05	8.125336e-03	1.552060e+01
1.578000e-05	5.210632e-03	1.551762e+01
1.579000e-05	1.104097e-02	1.551907e+01
1.580000e-05	1.207512e-02	1.550804e+01
1.581000e-05	1.050818e-02	1.547487e+01
1.582000e-05	8.146037e-03	1.545231e+01
1.583000e-05	1.158229e-02	1.540231e+01
1.584000e-05	1.262502e-02	1.533018e+01
1.585000e-05	1.039502e-02	1.528807e+01
1.586000e-05	9.421574e-03	1.520549e+01
1.587000e-05	8.850468e-03	1.514173e+01
1.588000e-05	1.413599e-02	1.511062e+01
1.589000e-05	8.302795e-03	1.501397e+01
1.590000e-05	1.113331e-02	1.496223e+01
1.591000e-05	8.063955e-03	1.488912e+01
1.592000e-05	1.483592e-02	1.481229e+01
1.593000e-05	1.304912e-02	1.474965e+01
1.594000e-05	1.246754e-02	1.466541e+01
1.595000e-05	1.138708e-02	1.451068e+01
1.596000e-05	1.220923e-02	1.442344e+01
1.597000e-05	1.137540e-02	1.431842e+01
1.598000e-05	8.964897e-03	1.417176e+01
1.599000e-05	1.173682e-02	1.400539e+01
1.600000e-05	1.541458e-02	1.393020e+01
1.601000e-05	1.567013e-02	1.380181e+01
1.602000e-05	1.421814e-02	1.362687e+01
1.603000e-05	1.152153e-02	1.351715e+01
1.604000e-05	1.016641e-02	1.336118e+01
1.605000e-05	1.060302e-02	1.319525e+01
1.606000e-05	8.361885e-03	1.305692e+01
1.607000e-05	1.077444e-02	1.286845e+01
1.608000e-05	1.193412e-02	1.276115e+01
1.609000e-05	1.188768e-02	1.257220e+01
1.610000e-05	1.076710e-02	1.236286e+01
1.611000e-05	6.766791e-03	1.219586e+01
1.612000e-05	7.504499e-03	1.203484e+01
1.613000e-05	6.565836e-03	1.184544e+01
1.614000e-05	5.636616e-03	1.164684e+01
1.615000e-05	4.685109e-03	1.144737e+01
1.616000e-05	4.732531e-03	1.117382e+01
1.617000e-05	6.993987e-03	1.101534e+01
1.618000e-05	5.658304e-03	1.082541e+01
1.619000e-05	4.976040e-03	1.060534e+01
1.620000e-05	2.820740e-03	1.039221e+01
1.621000e-05	3.680751e-03	1.015331e+01
1.622000e-05	2.204733e-03	9.942159e+00
1.623000e-05	1.449830e-03	9.691550e+00
1.624000e-05	3.247219e-04	9.498953e+00
1.625000e-05	2.854783e-03	9.257947e+00
1.626000e-05	2.457342e-03	9.066893e+00
1.627000e-05	1.984784e-03	8.775237e+00
1.628000e-05	8.172777e-04	8.554161e+00
1.629000e-05	1.815421e-03	8.321532e+00
1.630000e-05	9.459512e-04	8.038472e+00
1.631000e-05	-1.755579e-03	7.858315e+00
1.632000e-05	-1.850558e-03	7.554132e+00
1.633000e-05	-1.423776e-03	7.259045e+00
1.634000e-05	-9.542649e-05	7.046895e+00
1.635000e-05	-7.459743e-04	6.773137e+00
1.636000e-05	-1.648732e-04	6.523579e+00
1.637000e-05	-9.533899e-04	6.249369e+00
1.638000e-05	-9.057140e-04	5.997341e+00
1.639000e-05	-2.618991e-03	5.711535e+00
1.640000e-05	-3.967109e-03	5.419873e+00
1.641000e-05	-3.188573e-03	5.124053e+00
1.642000e-05	-3.739082e-03	4.816815e+00
1.643000e-05	-1.927841e-03	4.483611e+00
1.644000e-05	-2.679812e-03	4.251450e+00
1.645000e-05	-1.502887e-03	3.945217e+00
1.646000e-05	-1.468114e-03	3.713135e+00
1.647000e-05	-2.446189e-03	3.418293e+00
1.648000e-05	-4.404993e-03	3.125587e+00
1.649000e-05	-5.155089e-03	2.863554e+00
1.650000e-05	-5.540552e-03	2.578367e+00
1.651000e-05	-3.996550e-03	2.283500e+00
1.652000e-05	-4.269919e-03	2.019996e+00
1.653000e-05	-3.923048e-03	1.705112e+00
1.654000e-05	-2.729762e-03	1.418901e+00
1.655000e-05	-3.314521e-03	1.155532e+00
1.656000e-05	-4.106817e-03	7.987709e-01
1.657000e-05	-5.575389e-03	5.147068e-01
1.658000e-05	-4.808272e-03	2.114524e-01
1.659000e-05	-3.299623e-03	-5.381315e-02
1.660000e-05	6.113141e-03	-3.153936e-01
1.661000e-05	-3.709416e-03	-5.701990e-01
1.662000e-05	6.959027e-04	-8.823595e-01
1.663000e-05	-5.651327e-03	-1.115972e+00
1.664000e-05	-3.164578e-04	-1.421361e+00
1.665000e-05	-4.401664e-03	-1.694813e+00
1.666000e-05	9.713162e-03	-1.935920e+00
1.667000e-05	5.594117e-02	-2.147124e+00
1.668000e-05	6.422422e-02	-2.502962e+00
1.669000e-05	-8.637341e-02	-2.863339e+00
1.670000e-05	-2.308388e-02	-3.251859e+00
1.671000e-05	-4.143449e-02	-3.463889e+00
1.672000e-05	-2.053669e-02	-3.776491e+00
1.673000e-05	-7.329790e-02	-4.000051e+00
1.674000e-05	1.555153e-01	-4.146420e+00
1.675000e-05	-1.082704e-01	-4.409674e+00
1.676000e-05	7.321890e-02	-4.785941e+00
1.677000e-05	7.492441e-02	-4.935940e+00
1.678000e-05	-1.611999e-01	-5.374537e+00
1.679000e-05	1.163235e-01	-5.606570e+00
1.680000e-05	-1.466934e-01	-5.881231e+00
1.681000e-05	1.008277e-01	-6.155314e+00
1.682000e-05	-1.435911e-02	-6.365545e+00
1.683000e-05	-4.592590e-02	-6.702282e+00
1.684000e-05	1.115463e-01	-6.942938e+00
1.685000e-05	-1.193919e-01	-7.280308e+00
1.686000e-05	5.599587e-02	-7.501757e+00
1.687000e-05	-6.737649e-02	-7.773566e+00
1.688000e-05	2.770660e-02	-8.068754e+00
1.689000e-05	3.703057e-02	-8.259228e+00
1.690000e-05	-8.069547e-02	-8.542541e+00
1.691000e-05	9.390094e-02	-8.765966e+00
1.692000e-05	-9.905294e-02	-9.049175e+00
1.693000e-05	5.744687e-02	-9.257174e+00
1.694000e-05	-6.295981e-02	-9.508754e+00
1.695000e-05	2.363852e-02	-9.693361e+00
1.696000e-05	8.388160e-03	-9.950858e+00
1.697000e-05	-2.577341e-02	-1.019549e+01
1.698000e-05	2.975255e-02	-1.037606e+01
1.699000e-05	-5.968541e-02	-1.063708e+01
1.700000e-05	4.441895e-02	-1.080497e+01
1.701000e-05	-5.875395e-02	-1.098510e+01
1.702000e-05	3.311674e-02	-1.124762e+01
1.703000e-05	-3.718284e-02	-1.145610e+01
1.704000e-05	2.572798e-02	-1.162975e+01
1.705000e-05	-2.467814e-02	-1.186673e+01
1.706000e-05	-5.153040e-04	-1.207875e+01
1.707000e-05	-1.625011e-02	-1.224864e+01
1.708000e-05	-7.890654e-03	-1.241720e+01
1.709000e-05	6.334136e-04	-1.260501e+01
1.710000e-05	-2.101230e-02	-1.278501e+01
1.711000e-05	7.429533e-03	-1.296286e+01
1.712000e-05	-2.254324e-02	-1.309828e+01
1.713000e-05	1.213659e-02	-1.323757e+01
1.714000e-05	-3.162919e-02	-1.340451e+01
1.715000e-05	6.913054e-03	-1.356291e+01
1.716000e-05	-2.303158e-02	-1.370775e+01
1.717000e-05	3.923427e-03	-1.384610e+01
1.718000e-05	-2.034369e-02	-1.397236e+01
1.719000e-05	-3.873115e-03	-1.412931e+01
1.720000e-05	-1.070468e-02	-1.424504e+01
1.721000e-05	-9.209391e-03	-1.439494e+01
1.722000e-05	-1.265984e-02	-1.449562e+01
1.723000e-05	-1.395981e-02	-1.461292e+01
1.724000e-05	-5.994521e-03	-1.469768e+01
1.725000e-05	-1.328797e-02	-1.477441e+01
1.726000e-05	-8.928156e-03	-1.486709e+01
1.727000e-05	-1.458247e-02	-1.502136e+01
1.728000e-05	-6.872618e-03	-1.506549e+01
1.729000e-05	-1.665116e-02	-1.512020e+01
1.730000e-05	-1.169714e-02	-1.517289e+01
1.731000e-05	-1.812953e-02	-1.526612e+01
1.732000e-05	-7.042638e-03	-1.532815e+01
1.733000e-05	-1.557929e-02	-1.535131e+01
1.734000e-05	-1.106096e-02	-1.540236e+01
1.735000e-05	-1.705582e-02	-1.547502e+01
1.736000e-05	-1.251508e-02	-1.545507e+01
1.737000e-05	-1.488567e-02	-1.551865e+01
1.738000e-05	-1.711300e-02	-1.555030e+01
1.739000e-05	-1.408333e-02	-1.556173e+01
1.740000e-05	-1.449690e-02	-1.557125e+01
1.741000e-05	-1.262646e-02	-1.553138e+01
1.742000e-05	-1.799839e-02	-1.559283e+01
1.743000e-05	-1.797142e-02	-1.557288e+01
1.744000e-05	-1.638201e-02	-1.558223e+01
1.745000e-05	-1.546626e-02	-1.554978e+01
1.746000e-05	-1.680969e-02	-1.550910e+01
1.747000e-05	-1.717694e-02	-1.548807e+01
1.748000e-05	-1.617315e-02	-1.546600e+01
1.749000e-05	-1.717536e-02	-1.544494e+01
1.750000e-05	-1.934252e-02	-1.538181e+01
1.751000e-05	-1.930503e-02	-1.530970e+01
1.752000e-05	-1.800658e-02	-1.530660e+01
1.753000e-05	-1.704895e-02	-1.523449e+01
1.754000e-05	-1.974000e-02	-1.517228e+01
1.755000e-05	-1.868009e-02	-1.508907e+01
1.756000e-05	-1.917607e-02	-1.503389e+01
1.757000e-05	-1.964801e-02	-1.494068e+01
1.758000e-05	-2.006147e-02	-1.486651e+01
1.759000e-05	-1.914187e-02	-1.475126e+01
1.760000e-05	-1.839545e-02	-1.467450e+01
1.761000e-05	-1.930510e-02	-1.452223e+01
1.762000e-05	-2.164717e-02	-1.450652e+01
1.763000e-05	-2.195800e-02	-1.436928e+01
1.764000e-05	-1.979397e-02	-1.426438e+01
1.765000e-05	-1.941792e-02	-1.409712e+01
1.766000e-05	-2.096086e-02	-1.396120e+01
1.767000e-05	-2.090124e-02	-1.383482e+01
1.768000e-05	-1.951066e-02	-1.368805e+01
1.769000e-05	-1.973698e-02	-1.354071e+01
1.770000e-05	-2.090003e-02	-1.343386e+01
1.771000e-05	-2.072343e-02	-1.318602e+01
1.772000e-05	-1.935714e-02	-1.308852e+01
1.773000e-05	-1.823139e-02	-1.295023e+01
1.774000e-05	-1.832364e-02	-1.276134e+01
1.775000e-05	-1.849678e-02	-1.262629e+01
1.776000e-05	-1.698346e-02	-1.243684e+01
1.777000e-05	-1.574142e-02	-1.224684e+01
1.778000e-05	-1.651409e-02	-1.205949e+01
1.779000e-05	-1.672380e-02	-1.188910e+01
1.780000e-05	-1.521616e-02	-1.167494e+01
1.781000e-05	-1.419254e-02	-1.146736e+01
1.782000e-05	-1.472105e-02	-1.118741e+01
1.783000e-05	-1.397992e-02	-1.101479e+01
1.784000e-05	-1.257288e-02	-1.077681e+01
1.785000e-05	-1.181205e-02	-1.060494e+01
1.786000e-05	-1.256935e-02	-1.038521e+01
1.787000e-05	-1.381432e-02	-1.016418e+01
1.788000e-05	-1.147762e-02	-9.942155e+00
1.789000e-05	-1.050516e-02	-9.742130e+00
1.790000e-05	-1.137803e-02	-9.502079e+00
1.791000e-05	-1.167664e-02	-9.229396e+00
1.792000e-05	-1.072144e-02	-9.050442e+00
1.793000e-05	-9.595985e-03	-8.814391e+00
1.794000e-05	-1.035065e-02	-8.575234e+00
1.795000e-05	-1.020895e-02	-8.322583e+00
1.796000e-05	-9.957855e-03	-8.110575e+00
1.797000e-05	-8.906894e-03	-7.837368e+00
1.798000e-05	-8.498454e-03	-7.512159e+00
1.799000e-05	-9.736524e-03	-7.291075e+00
1.800000e-05	-8.505522e-03	-6.998888e+00
1.801000e-05	-8.664202e-03	-6.764188e+00
1.802000e-05	-7.589511e-03	-6.482683e+00
1.803000e-05	-9.140678e-03	-6.239395e+00
1.804000e-05	-6.696826e-03	-5.976313e+00
1.805000e-05	-9.572667e-03	-5.682005e+00
1.806000e-05	-6.006366e-03	-5.397264e+00
1.807000e-05	-8.252893e-03	-5.113584e+00
1.808000e-05	-7.139755e-03	-4.776613e+00
1.809000e-05	-6.796792e-03	-4.514630e+00
1.810000e-05	-5.668275e-03	-4.282129e+00
1.811000e-05	-6.082464e-03	-4.028969e+00
1.812000e-05	-8.508325e-03	-3.685105e+00
1.813000e-05	-7.179384e-03	-3.471500e+00
1.814000e-05	-6.730463e-03	-3.156742e+00
1.815000e-05	-6.314713e-03	-2.842475e+00
1.816000e-05	-6.624858e-03	-2.576442e+00
1.817000e-05	-5.660796e-03	-2.346085e+00
1.818000e-05	-5.126374e-03	-1.997394e+00
1.819000e-05	-4.393823e-03	-1.746640e+00
1.820000e-05	-6.584612e-03	-1.403473e+00
1.821000e-05	-5.792378e-03	-1.115581e+00
1.822000e-05	-5.919088e-03	-8.209776e-01
1.823000e-05	-3.845787e-03	-5.155593e-01
1.824000e-05	-5.125063e-03	-2.735002e-01
1.825000e-05	7.848830e-04	-1.841968e-02
1.826000e-05	7.904676e-03	3.379474e-01
1.827000e-05	-3.195927e-03	5.890786e-01
1.828000e-05	2.541474e-03	8.222290e-01
1.829000e-05	-2.458700e-03	1.136997e+00
1.830000e-05	2.889446e-03	1.381655e+00
1.831000e-05	-2.969682e-03	1.737971e+00
1.832000e-05	1.056046e-02	1.977446e+00
1.833000e-05	3.081807e-02	2.187626e+00
1.834000e-05	8.257009e-02	2.493418e+00
1.835000e-05	-5.048242e-02	2.852288e+00
1.836000e-05	-4.453292e-02	3.176921e+00
1.837000e-05	-3.732277e-02	3.440704e+00
1.838000e-05	7.490341e-03	3.674338e+00
1.839000e-05	-4.748100e-02	3.924817e+00
1.840000e-05	-3.511729e-02	4.103836e+00
1.841000e-05	1.036038e-01	4.428728e+00
1.842000e-05	-3.280431e-02	4.713862e+00
1.843000e-05	6.012179e-02	4.962967e+00
1.844000e-05	1.094502e-02	5.324890e+00
1.845000e-05	-8.504639e-02	5.577948e+00
1.846000e-05	6.437593e-02	5.878680e+00
1.847000e-05	-3.483128e-02	6.123340e+00
1.848000e-05	2.877048e-02	6.325022e+00
1.849000e-05	-2.774437e-02	6.681208e+00
1.850000e-05	1.125117e-02	6.933767e+00
1.851000e-05	6.052306e-02	7.186021e+00
1.852000e-05	-5.608841e-02	7.500705e+00
1.853000e-05	-2.289532e-03	7.785095e+00
1.854000e-05	-1.593468e-02	8.059079e+00
1.855000e-05	6.011612e-02	8.271809e+00
1.856000e-05	-1.498967e-02	8.482310e+00
1.857000e-05	-3.089305e-02	8.703285e+00
1.858000e-05	4.285492e-02	8.926470e+00
1.859000e-05	-1.835519e-02	9.211047e+00
1.860000e-05	1.785016e-02	9.427647e+00
1.861000e-05	-3.377317e-02	9.639203e+00
1.862000e-05	3.030373e-02	9.910808e+00
1.863000e-05	9.263608e-03	1.014334e+01
1.864000e-05	6.345437e-03	1.034336e+01
1.865000e-05	-7.865500e-03	1.056444e+01
1.866000e-05	-1.063339e-02	1.078649e+01
1.867000e-05	2.754099e-02	1.099539e+01
1.868000e-05	-1.720529e-02	1.117497e+01
1.869000e-05	1.069606e-02	1.140549e+01
1.870000e-05	-5.975919e-03	1.163699e+01
1.871000e-05	2.781056e-02	1.179549e+01
1.872000e-05	-8.361795e-03	1.201394e+01
1.873000e-05	-5.678805e-04	1.218449e+01
1.874000e-05	-1.354862e-03	1.238552e+01
1.875000e-05	1.168097e-02	1.253284e+01
1.876000e-05	5.950201e-03	1.273126e+01
1.877000e-05	-6.558595e-03	1.285023e+01
1.878000e-05	1.219397e-02	1.305667e+01
1.879000e-05	6.462563e-03	1.319559e+01
1.880000e-05	1.012972e-02	1.333128e+01
1.881000e-05	-1.049360e-02	1.354923e+01
1.882000e-05	9.228179e-03	1.367609e+01
1.883000e-05	7.041028e-03	1.377436e+01
1.884000e-05	6.626714e-03	1.392075e+01
1.885000e-05	-2.646258e-03	1.405617e+01
1.886000e-05	6.198145e-03	1.418357e+01
1.887000e-05	1.349189e-02	1.434028e+01
1.888000e-05	2.876016e-03	1.445649e+01
1.889000e-05	6.100724e-04	1.456338e+01
1.890000e-05	3.794479e-03	1.465650e+01
1.891000e-05	1.401788e-02	1.475230e+01
1.892000e-05	4.712124e-03	1.484551e+01
1.893000e-05	1.743848e-03	1.492016e+01
1.894000e-05	6.122445e-03	1.498246e+01
1.895000e-05	1.055332e-02	1.505604e+01
1.896000e-05	6.564534e-03	1.512020e+01
1.897000e-05	-5.300182e-04	1.514426e+01
1.898000e-05	8.352617e-03	1.525551e+01
1.899000e-05	1.147368e-02	1.527775e+01
1.900000e-05	9.303329e-03	1.530923e+01
1.901000e-05	2.687695e-03	1.537131e+01
1.902000e-05	8.011756e-03	1.544391e+01
1.903000e-05	1.203369e-02	1.544344e+01
1.904000e-05	9.462832e-03	1.549755e+01
1.905000e-05	5.004354e-03	1.550709e+01
1.906000e-05	7.135155e-03	1.550915e+01
1.907000e-05	1.387258e-02	1.550970e+01
1.908000e-05	8.584009e-03	1.554813e+01
1.909000e-05	6.518749e-03	1.550762e+01
1.910000e-05	7.064773e-03	1.546610e+01
1.911000e-05	1.410813e-02	1.548460e+01
1.912000e-05	1.167013e-02	1.547549e+01
1.913000e-05	8.350506e-03	1.541542e+01
1.914000e-05	9.985052e-03	1.542331e+01
1.915000e-05	1.279010e-02	1.533125e+01
1.916000e-05	1.226853e-02	1.532702e+01
1.917000e-05	6.018714e-03	1.526597e+01
1.918000e-05	9.655173e-03	1.517288e+01
1.919000e-05	1.200333e-02	1.512117e+01
1.920000e-05	1.420005e-02	1.507849e+01
1.921000e-05	8.490039e-03	1.499433e+01
1.922000e-05	1.140138e-02	1.492020e+01
1.923000e-05	1.275597e-02	1.482492e+01
1.924000e-05	1.123096e-02	1.475218e+01
1.925000e-05	1.039434e-02	1.466697e+01
1.926000e-05	9.184165e-03	1.456223e+01
1.927000e-05	1.479919e-02	1.447607e+01
1.928000e-05	1.145784e-02	1.435263e+01
1.929000e-05	1.171877e-02	1.425484e+01
1.930000e-05	1.158468e-02	1.410958e+01
1.931000e-05	1.569573e-02	1.398379e+01
1.932000e-05	1.428003e-02	1.384592e+01
1.933000e-05	1.119294e-02	1.373960e+01
1.934000e-05	1.088976e-02	1.354213e+01
1.935000e-05	1.095890e-02	1.341384e+01
1.936000e-05	1.188855e-02	1.326702e+01
1.937000e-05	1.032939e-02	1.312008e+01
1.938000e-05	1.153333e-02	1.296131e+01
1.939000e-05	1.271374e-02	1.279386e+01
1.940000e-05	1.264378e-02	1.263642e+01
1.941000e-05	8.500995e-03	1.248847e+01
1.942000e-05	5.340267e-03	1.229903e+01
1.943000e-05	7.357181e-03	1.211153e+01
1.944000e-05	7.877829e-03	1.194115e+01
1.945000e-05	6.815956e-03	1.173923e+01
1.946000e-05	6.063628e-03	1.152265e+01
1.947000e-05	6.744921e-03	1.128958e+01
1.948000e-05	6.666949e-03	1.111060e+01
1.949000e-05	5.001108e-03	1.091061e+01
1.950000e-05	3.102144e-03	1.070952e+01
1.951000e-05	2.931048e-03	1.055797e+01
1.952000e-05	4.322170e-03	1.026050e+01
1.953000e-05	2.815671e-03	1.006797e+01
1.954000e-05	2.499042e-03	9.827788e+00
1.955000e-05	2.431329e-03	9.574438e+00
1.956000e-05	3.623017e-03	9.364762e+00
1.957000e-05	2.063019e-03	9.104130e+00
1.958000e-05	2.319649e-04	8.932054e+00
1.959000e-05	4.994640e-04	8.649473e+00
1.960000e-05	1.499004e-03	8.477922e+00
1.961000e-05	9.080001e-04	8.175789e+00
1.962000e-05	-9.381257e-04	7.952633e+00
1.963000e-05	-4.229420e-05	7.710505e+00
1.964000e-05	6.033919e-04	7.427821e+00
1.965000e-05	3.144209e-04	7.192185e+00
1.966000e-05	-1.762122e-03	6.891603e+00
1.967000e-05	-1.760255e-03	6.627496e+00
1.968000e-05	-9.045494e-04	6.363663e+00
1.969000e-05	-1.334215e-03	6.133587e+00
1.970000e-05	-1.531191e-03	5.900974e+00
1.971000e-05	-2.638052e-03	5.605791e+00
1.972000e-05	-2.152471e-03	5.330980e+00
1.973000e-05	-2.043482e-03	4.935133e+00
1.974000e-05	-3.063952e-03	4.659948e+00
1.975000e-05	-3.682013e-03	4.406940e+00
1.976000e-05	-1.971078e-03	4.104055e+00
1.977000e-05	-2.787978e-03	3.809873e+00
1.978000e-05	-3.796955e-03	3.545791e+00
1.979000e-05	-4.004398e-03	3.292976e+00
1.980000e-05	-3.848606e-03	3.018292e+00
1.981000e-05	-3.409902e-03	2.745715e+00
1.982000e-05	-4.579727e-03	2.448367e+00
1.983000e-05	-3.635849e-03	2.126313e+00
1.984000e-05	-4.873801e-03	1.942979e+00
1.985000e-05	-3.356110e-03	1.596239e+00
1.986000e-05	-5.442813e-03	1.283057e+00
1.987000e-05	-4.423077e-03	9.571379e-01
1.988000e-05	-5.675837e-03	6.635278e-01
1.989000e-05	-4.090018e-03	4.093436e-01
1.990000e-05	-2.617142e-03	4.250033e-02
1.991000e-05	-1.440832e-04	-2.006226e-01
1.992000e-05	5.540588e-03	-4.126579e-01
1.993000e-05	-5.946693e-03	-7.669688e-01
1.994000e-05	1.076087e-03	-1.029079e+00
1.995000e-05	-6.098025e-03	-1.283788e+00
1.996000e-05	-1.451927e-03	-1.588949e+00
1.997000e-05	-2.709515e-03	-1.790703e+00
1.998000e-05	2.543615e-02	-2.020630e+00
1.999000e-05	9.598213e-02	-2.364045e+00
2.000000e-05	-3.896580e-02	-2.672811e+00
2.001000e-05	-4.898300e-02	-3.080941e+00
2.002000e-05	-3.997862e-02	-3.349023e+00
2.003000e-05	-1.375275e-02	-3.600628e+00
2.004000e-05	-7.123405e-02	-3.871388e+00
2.005000e-05	3.831352e-02	-4.062758e+00
2.006000e-05	8.552274e-02	-4.281832e+00
2.007000e-05	-1.364770e-01	-4.586070e+00
2.008000e-05	2.084609e-01	-4.819578e+00
2.009000e-05	-1.435532e-01	-5.103487e+00
2.010000e-05	1.874145e-02	-5.503283e+00
2.011000e-05	-3.245685e-03	-5.701387e+00
2.012000e-05	-8.929067e-02	-6.028649e+00
2.013000e-05	1.346013e-01	-6.249627e+00
2.014000e-05	-1.219592e-01	-6.543462e+00
2.015000e-05	9.896485e-02	-6.798251e+00
2.016000e-05	-2.115275e-02	-7.098357e+00
2.017000e-05	-5.511033e-02	-7.386070e+00
2.018000e-05	4.270786e-02	-7.637148e+00
2.019000e-05	-9.132356e-02	-7.943915e+00
2.020000e-05	1.074141e-01	-8.204542e+00
2.021000e-05	-8.522720e-02	-8.417122e+00
2.022000e-05	4.268511e-02	-8.711781e+00
2.023000e-05	1.154170e-04	-8.891284e+00
2.024000e-05	-5.092991e-02	-9.155464e+00
2.025000e-05	4.467906e-02	-9.282985e+00
2.026000e-05	-8.138195e-02	-9.594149e+00
2.027000e-05	8.215198e-02	-9.828121e+00
2.028000e-05	-6.759517e-02	-1.002870e+01
2.029000e-05	4.933138e-02	-1.034068e+01
2.030000e-05	-4.980169e-02	-1.049181e+01
2.031000e-05	1.315128e-02	-1.072229e+01
2.032000e-05	-1.364758e-02	-1.087081e+01
2.033000e-05	-2.049960e-02	-1.116141e+01
2.034000e-05	1.465823e-02	-1.133486e+01
2.035000e-05	-2.442977e-02	-1.153136e+01
2.036000e-05	2.567787e-02	-1.178341e+01
2.037000e-05	-4.007674e-02	-1.198448e+01
2.038000e-05	1.672777e-02	-1.216246e+01
2.039000e-05	-3.738560e-02	-1.237281e+01
2.040000e-05	1.888867e-02	-1.248075e+01
2.041000e-05	-3.064223e-02	-1.271931e+01
2.042000e-05	9.467227e-03	-1.288817e+01
2.043000e-05	-1.806400e-02	-1.300507e+01
2.044000e-05	2.705310e-03	-1.316496e+01
2.045000e-05	-1.444849e-02	-1.330885e+01
2.046000e-05	-1.355530e-02	-1.350770e+01
2.047000e-05	-2.651947e-03	-1.363454e+01
2.048000e-05	-1.585564e-02	-1.374346e+01
2.049000e-05	-5.809112e-04	-1.389928e+01
2.050000e-05	-2.145570e-02	-1.402562e+01
2.051000e-05	2.409504e-03	-1.416394e+01
2.052000e-05	-1.757639e-02	-1.429078e+01
2.053000e-05	-5.044927e-03	-1.441604e+01
2.054000e-05	-1.977158e-02	-1.454025e+01
2.055000e-05	-4.349331e-03	-1.464604e+01
2.056000e-05	-1.273647e-02	-1.476020e+01
2.057000e-05	-8.003932e-03	-1.482444e+01
2.058000e-05	-1.548522e-02	-1.488873e+01
2.059000e-05	-8.324085e-03	-1.497252e+01
2.060000e-05	-1.370745e-02	-1.510812e+01
2.061000e-05	-1.258596e-02	-1.517128e+01
2.062000e-05	-1.584767e-02	-1.520402e+01
2.063000e-05	-1.197160e-02	-1.526660e+01
2.064000e-05	-1.161053e-02	-1.531128e+01
2.065000e-05	-1.472936e-02	-1.536239e+01
2.066000e-05	-1.222522e-02	-1.541347e+01
2.067000e-05	-1.687065e-02	-1.547755e+01
2.068000e-05	-1.187319e-02	-1.548813e+01
2.069000e-05	-1.806865e-02	-1.551823e+01
2.070000e-05	-1.286637e-02	-1.552080e+01
2.071000e-05	-1.570647e-02	-1.555178e+01
2.072000e-05	-1.368087e-02	-1.557333e+01
2.073000e-05	-1.810709e-02	-1.555093e+01
2.074000e-05	-1.707952e-02	-1.557286e+01
2.075000e-05	-1.653898e-02	-1.553288e+01
2.076000e-05	-1.569889e-02	-1.554176e+01
2.077000e-05	-1.745655e-02	-1.551968e+01
2.078000e-05	-1.723095e-02	-1.549817e+01
2.079000e-05	-1.692129e-02	-1.550707e+01
2.080000e-05	-1.676154e-02	-1.543442e+01
2.081000e-05	-1.786033e-02	-1.541234e+01
2.082000e-05	-1.975645e-02	-1.531871e+01
2.083000e-05	-1.674368e-02	-1.532918e+01
2.084000e-05	-1.886990e-02	-1.526704e+01
2.085000e-05	-1.788936e-02	-1.520336e+01
2.086000e-05	-2.060871e-02	-1.512965e+01
2.087000e-05	-1.834901e-02	-1.507797e+01
2.088000e-05	-1.899431e-02	-1.503378e+01
2.089000e-05	-1.888712e-02	-1.484705e+01
2.090000e-05	-2.004713e-02	-1.480439e+01
2.091000e-05	-1.910345e-02	-1.470015e+01
2.092000e-05	-1.856012e-02	-1.461539e+01
2.093000e-05	-2.072475e-02	-1.451065e+01
2.094000e-05	-2.121725e-02	-1.440243e+01
2.095000e-05	-2.104260e-02	-1.429852e+01
2.096000e-05	-1.954334e-02	-1.420128e+01
2.097000e-05	-2.064009e-02	-1.400586e+01
2.098000e-05	-2.102074e-02	-1.390905e+01
2.099000e-05	-2.043829e-02	-1.377025e+01
2.100000e-05	-1.914814e-02	-1.360486e+01
2.101000e-05	-2.053954e-02	-1.347747e+01
2.102000e-05	-2.097161e-02	-1.333013e+01
2.103000e-05	-1.878429e-02	-1.314318e+01
2.104000e-05	-1.854321e-02	-1.301494e+01
2.105000e-05	-1.796487e-02	-1.288594e+01
2.106000e-05	-1.968488e-02	-1.267905e+01
2.107000e-05	-1.722822e-02	-1.251170e+01
2.108000e-05	-1.627812e-02	-1.235271e+01
2.109000e-05	-1.741062e-02	-1.213324e+01
2.110000e-05	-1.765068e-02	-1.203318e+01
2.111000e-05	-1.461474e-02	-1.174276e+01
2.112000e-05	-1.374388e-02	-1.154215e+01
2.113000e-05	-1.441467e-02	-1.131170e+01
2.114000e-05	-1.387942e-02	-1.107015e+01
2.115000e-05	-1.318539e-02	-1.091108e+01
2.116000e-05	-1.175901e-02	-1.070165e+01
2.117000e-05	-1.329891e-02	-1.046960e+01
2.118000e-05	-1.369128e-02	-1.029895e+01
2.119000e-05	-1.169815e-02	-1.002849e+01
2.120000e-05	-9.396006e-03	-9.826945e+00
2.121000e-05	-1.134020e-02	-9.644864e+00
2.122000e-05	-1.174569e-02	-9.384760e+00
2.123000e-05	-1.054881e-02	-9.164183e+00
2.124000e-05	-9.231576e-03	-8.882709e+00
2.125000e-05	-9.992495e-03	-8.700428e+00
2.126000e-05	-1.067379e-02	-8.428418e+00
2.127000e-05	-1.099622e-02	-8.168892e+00
2.128000e-05	-8.868866e-03	-7.984777e+00
2.129000e-05	-8.990647e-03	-7.670423e+00
2.130000e-05	-9.987353e-03	-7.417267e+00
2.131000e-05	-8.137078e-03	-7.154236e+00
2.132000e-05	-8.363866e-03	-6.892554e+00
2.133000e-05	-6.907576e-03	-6.629368e+00
2.134000e-05	-9.614157e-03	-6.344291e+00
2.135000e-05	-7.967902e-03	-6.091158e+00
2.136000e-05	-8.432640e-03	-5.837397e+00
2.137000e-05	-8.425096e-03	-5.574336e+00
2.138000e-05	-8.329290e-03	-5.270373e+00
2.139000e-05	-7.697027e-03	-4.984664e+00
2.140000e-05	-5.440780e-03	-4.618321e+00
2.141000e-05	-5.562878e-03	-4.416949e+00
2.142000e-05	-6.880943e-03	-4.146163e+00
2.143000e-05	-7.870940e-03	-3.832025e+00
2.144000e-05	-6.652442e-03	-3.616895e+00
2.145000e-05	-9.419201e-03	-3.345611e+00
2.146000e-05	-6.393303e-03	-3.009915e+00
2.147000e-05	-6.526284e-03	-2.735184e+00
2.148000e-05	-5.267053e-03	-2.461946e+00
2.149000e-05	-4.438368e-03	-2.157663e+00
2.150000e-05	-5.024543e-03	-1.884080e+00
2.151000e-05	-5.690747e-03	-1.579925e+00
2.152000e-05	-6.620592e-03	-1.262029e+00
2.153000e-05	-6.146954e-03	-9.767434e-01
2.154000e-05	-5.644504e-03	-7.241317e-01
2.155000e-05	-4.506326e-03	-3.879223e-01
2.156000e-05	-2.657409e-03	-1.356342e-01
2.157000e-05	5.913956e-03	1.486227e-01
2.158000e-05	2.395635e-03	4.432365e-01
2.159000e-05	4.286920e-04	6.433647e-01
2.160000e-05	-1.072413e-03	9.600723e-01
2.161000e-05	6.924677e-05	1.254808e+00
2.162000e-05	2.746533e-04	1.558606e+00
2.163000e-05	1.750803e-03	1.819758e+00
2.164000e-05	1.561406e-02	2.024232e+00
2.165000e-05	6.699794e-02	2.357021e+00
2.166000e-05	2.898773e-02	2.714894e+00
2.167000e-05	-6.913064e-02	3.010677e+00
2.168000e-05	-3.846971e-02	3.303884e+00
2.169000e-05	-1.495400e-02	3.597525e+00
2.170000e-05	-5.000867e-03	3.809154e+00
2.171000e-05	-6.420732e-02	4.028024e+00
2.172000e-05	3.138970e-02	4.291731e+00
2.173000e-05	8.122637e-02	4.567569e+00
2.174000e-05	-5.853939e-02	4.828071e+00
2.175000e-05	1.210082e-01	5.096462e+00
2.176000e-05	-1.099838e-01	5.452762e+00
2.177000e-05	1.752666e-02	5.672860e+00
2.178000e-05	2.493689e-02	5.979576e+00
2.179000e-05	-2.983561e-02	6.219679e+00
2.180000e-05	3.646768e-02	6.495913e+00
2.181000e-05	-5.657411e-02	6.799149e+00
2.182000e-05	8.543189e-02	7.019181e+00
2.183000e-05	-2.365311e-02	7.315013e+00
2.184000e-05	-2.546227e-02	7.619599e+00
2.185000e-05	-1.667256e-02	7.870259e+00
2.186000e-05	2.718939e-02	8.174891e+00
2.187000e-05	3.711006e-02	8.386018e+00
2.188000e-05	-5.076633e-02	8.597153e+00
2.189000e-05	2.184116e-02	8.809178e+00
2.190000e-05	1.268400e-02	9.150309e+00
2.191000e-05	-1.003989e-03	9.342362e+00
2.192000e-05	-1.029062e-02	9.553839e+00
2.193000e-05	-8.183745e-03	9.833995e+00
2.194000e-05	3.156793e-02	1.000602e+01
2.195000e-05	1.972674e-03	1.021805e+01
2.196000e-05	1.541830e-03	1.046825e+01
2.197000e-05	-1.790390e-02	1.068973e+01
2.198000e-05	1.560057e-02	1.084965e+01
2.199000e-05	7.164882e-03	1.110860e+01
2.200000e-05	-8.171431e-03	1.124878e+01
2.201000e-05	2.619318e-03	1.154033e+01
2.202000e-05	1.184703e-02	1.171083e+01
2.203000e-05	1.272998e-02	1.190081e+01
2.204000e-05	-7.256326e-03	1.210926e+01
2.205000e-05	-2.175062e-03	1.231973e+01
2.206000e-05	5.892717e-03	1.245810e+01
2.207000e-05	8.859973e-03	1.262599e+01
2.208000e-05	-8.325686e-04	1.280399e+01
2.209000e-05	9.702396e-04	1.293238e+01
2.210000e-05	9.583262e-03	1.316228e+01
2.211000e-05	1.065981e-02	1.327705e+01
2.212000e-05	-1.792343e-03	1.341492e+01
2.213000e-05	2.724699e-04	1.357348e+01
2.214000e-05	5.544145e-03	1.372078e+01
2.215000e-05	1.033029e-02	1.383497e+01
2.216000e-05	-1.188466e-03	1.404189e+01
2.217000e-05	2.128866e-03	1.410038e+01
2.218000e-05	9.642420e-03	1.425655e+01
2.219000e-05	1.027833e-02	1.437393e+01
2.220000e-05	8.355654e-04	1.452828e+01
2.221000e-05	2.382557e-04	1.463407e+01
2.222000e-05	1.067243e-02	1.468762e+01
2.223000e-05	8.728750e-03	1.479293e+01
2.224000e-05	4.733512e-03	1.481758e+01
2.225000e-05	1.590376e-03	1.493275e+01
2.226000e-05	1.163787e-02	1.498549e+01
2.227000e-05	7.112098e-03	1.508857e+01
2.228000e-05	4.631640e-03	1.512983e+01
2.229000e-05	2.681417e-03	1.520443e+01
2.230000e-05	1.083135e-02	1.524709e+01
2.231000e-05	1.124698e-02	1.533870e+01
2.232000e-05	4.940212e-03	1.536278e+01
2.233000e-05	5.771319e-03	1.539288e+01
2.234000e-05	7.877411e-03	1.550449e+01
2.235000e-05	1.292943e-02	1.544654e+01
2.236000e-05	5.549184e-03	1.546709e+01
2.237000e-05	7.351955e-03	1.549907e+01
2.238000e-05	9.967508e-03	1.551065e+01
2.239000e-05	1.229487e-02	1.549865e+01
2.240000e-05	7.701108e-03	1.551925e+01
2.241000e-05	5.209618e-03	1.551862e+01
2.242000e-05	1.104010e-02	1.549812e+01
2.243000e-05	1.232811e-02	1.547707e+01
2.244000e-05	1.110971e-02	1.543646e+01
2.245000e-05	6.949654e-03	1.544336e+01
2.246000e-05	1.186567e-02	1.538228e+01
2.247000e-05	1.218153e-02	1.533973e+01
2.248000e-05	1.032988e-02	1.527809e+01
2.249000e-05	8.116610e-03	1.520404e+01
2.250000e-05	1.153427e-02	1.517326e+01
2.251000e-05	1.349024e-02	1.508807e+01
2.252000e-05	1.091479e-02	1.501444e+01
2.253000e-05	9.113478e-03	1.493120e+01
2.254000e-05	1.095739e-02	1.485810e+01
2.255000e-05	1.423154e-02	1.475391e+01
2.256000e-05	1.074313e-02	1.469810e+01
2.257000e-05	1.013828e-02	1.462537e+01
2.258000e-05	1.207057e-02	1.456163e+01
2.259000e-05	1.455823e-02	1.442533e+01
2.260000e-05	1.217362e-02	1.431005e+01
2.261000e-05	1.083152e-02	1.416281e+01
2.262000e-05	1.247624e-02	1.402598e+01
2.263000e-05	1.481227e-02	1.391863e+01
2.264000e-05	1.218342e-02	1.380131e+01
2.265000e-05	1.050462e-02	1.360636e+01
2.266000e-05	1.196915e-02	1.349857e+01
2.267000e-05	1.368798e-02	1.337071e+01
2.268000e-05	1.083740e-02	1.316529e+01
2.269000e-05	9.799967e-03	1.304644e+01
2.270000e-05	1.017249e-02	1.291852e+01
2.271000e-05	1.262172e-02	1.269208e+01
2.272000e-05	9.701887e-03	1.258274e+01
2.273000e-05	7.605314e-03	1.239331e+01
2.274000e-05	8.154175e-03	1.226731e+01
2.275000e-05	8.208072e-03	1.202484e+01
2.276000e-05	7.468154e-03	1.181737e+01
2.277000e-05	5.151389e-03	1.159589e+01
2.278000e-05	6.341794e-03	1.141689e+01
2.279000e-05	6.090004e-03	1.120479e+01
2.280000e-05	6.131865e-03	1.100786e+01
2.281000e-05	3.931446e-03	1.078586e+01
2.282000e-05	3.550975e-03	1.062836e+01
2.283000e-05	4.119674e-03	1.037266e+01
2.284000e-05	4.614014e-03	1.017518e+01
2.285000e-05	1.937276e-03	9.941583e+00
2.286000e-05	1.944106e-03	9.711552e+00
2.287000e-05	3.212124e-03	9.519498e+00
2.288000e-05	2.908379e-03	9.199571e+00
2.289000e-05	1.716995e-04	9.047443e+00
2.290000e-05	9.068273e-04	8.735783e+00
2.291000e-05	1.927882e-03	8.574661e+00
2.292000e-05	1.212392e-03	8.322633e+00
2.293000e-05	3.274622e-04	8.039050e+00
2.294000e-05	-3.976099e-04	7.858869e+00
2.295000e-05	5.283191e-04	7.584233e+00
2.296000e-05	2.609889e-04	7.268453e+00
2.297000e-05	-4.516083e-04	7.019366e+00
2.298000e-05	-1.352705e-03	6.826243e+00
2.299000e-05	-7.216587e-04	6.453029e+00
2.300000e-05	-2.373142e-04	6.219944e+00
2.301000e-05	-2.411254e-03	5.997765e+00
2.302000e-05	-2.098054e-03	5.714059e+00
2.303000e-05	-1.814592e-03	5.461445e+00
2.304000e-05	-7.143022e-04	5.133629e+00
2.305000e-05	-3.028355e-03	4.776843e+00
2.306000e-05	-3.887371e-03	4.505185e+00
2.307000e-05	-1.931874e-03	4.251024e+00
2.308000e-05	-1.241813e-03	3.956322e+00
2.309000e-05	-3.496636e-03	3.672633e+00
2.310000e-05	-4.553742e-03	3.480819e+00
2.311000e-05	-3.460069e-03	3.116264e+00
2.312000e-05	-3.235447e-03	2.871104e+00
2.313000e-05	-4.629031e-03	2.597167e+00
2.314000e-05	-4.398995e-03	2.263504e+00
2.315000e-05	-3.699077e-03	2.030974e+00
2.316000e-05	-2.529938e-03	1.707213e+00
2.317000e-05	-4.795282e-03	1.410451e+00
2.318000e-05	-5.179812e-03	1.145510e+00
2.319000e-05	-4.637678e-03	7.588458e-01
2.320000e-05	-3.987860e-03	5.157353e-01
2.321000e-05	-3.907230e-03	2.513811e-01
2.322000e-05	-2.088600e-03	-5.173421e-02
2.323000e-05	5.525610e-03	-3.468698e-01
2.324000e-05	-1.511078e-03	-6.070550e-01
2.325000e-05	-7.153256e-04	-8.532881e-01
2.326000e-05	-6.292221e-03	-1.136442e+00
2.327000e-05	-6.455678e-05	-1.463337e+00
2.328000e-05	-4.539928e-03	-1.713361e+00
2.329000e-05	9.638948e-03	-1.935443e+00
2.330000e-05	5.394339e-02	-2.136993e+00
2.331000e-05	6.741977e-02	-2.501913e+00
2.332000e-05	-8.632335e-02	-2.883687e+00
2.333000e-05	-2.406165e-02	-3.261758e+00
2.334000e-05	-4.336829e-02	-3.512284e+00
2.335000e-05	-1.942626e-02	-3.704488e+00
2.336000e-05	-7.545089e-02	-3.999052e+00
2.337000e-05	1.539778e-01	-4.143893e+00
2.338000e-05	-9.928676e-02	-4.390525e+00
2.339000e-05	6.377278e-02	-4.713914e+00
2.340000e-05	8.336973e-02	-4.953962e+00
2.341000e-05	-1.654937e-01	-5.284011e+00
2.342000e-05	1.147657e-01	-5.584999e+00
2.343000e-05	-1.443996e-01	-5.840755e+00
2.344000e-05	9.348708e-02	-6.133437e+00
2.345000e-05	-7.052439e-03	-6.377041e+00
2.346000e-05	-5.139831e-02	-6.700707e+00
2.347000e-05	1.138703e-01	-6.903838e+00
2.348000e-05	-1.186687e-01	-7.220704e+00
2.349000e-05	5.336011e-02	-7.510784e+00
2.350000e-05	-6.409437e-02	-7.764536e+00
2.351000e-05	2.216729e-02	-8.051206e+00
2.352000e-05	4.055618e-02	-8.250732e+00
2.353000e-05	-8.326908e-02	-8.544489e+00
2.354000e-05	9.471200e-02	-8.784967e+00
2.355000e-05	-9.727134e-02	-8.997102e+00
2.356000e-05	5.497489e-02	-9.239251e+00
2.357000e-05	-5.802181e-02	-9.488706e+00
2.358000e-05	1.935146e-02	-9.711957e+00
2.359000e-05	1.256341e-02	-9.933308e+00
2.360000e-05	-2.998847e-02	-1.019610e+01
2.361000e-05	3.249161e-02	-1.037304e+01
2.362000e-05	-6.035968e-02	-1.062655e+01
2.363000e-05	4.528733e-02	-1.080704e+01
2.364000e-05	-5.943651e-02	-1.100567e+01
2.365000e-05	3.337780e-02	-1.125515e+01
2.366000e-05	-3.508716e-02	-1.140604e+01
2.367000e-05	2.504709e-02	-1.166928e+01
2.368000e-05	-2.282853e-02	-1.183865e+01
2.369000e-05	-2.547320e-03	-1.209918e+01
2.370000e-05	-1.482095e-02	-1.225765e+01
2.371000e-05	-9.715361e-03	-1.241572e+01
2.372000e-05	1.631569e-03	-1.258494e+01
2.373000e-05	-2.222550e-02	-1.278456e+01
2.374000e-05	8.574112e-03	-1.296131e+01
2.375000e-05	-2.168979e-02	-1.310971e+01
2.376000e-05	1.150300e-02	-1.322820e+01
2.377000e-05	-3.127645e-02	-1.339497e+01
2.378000e-05	5.385543e-03	-1.355293e+01
2.379000e-05	-2.293475e-02	-1.370777e+01
2.380000e-05	2.527779e-03	-1.386660e+01
2.381000e-05	-1.813367e-02	-1.396338e+01
2.382000e-05	-5.504045e-03	-1.409933e+01
2.383000e-05	-8.874397e-03	-1.426500e+01
2.384000e-05	-1.017637e-02	-1.439443e+01
2.385000e-05	-1.249063e-02	-1.448812e+01
2.386000e-05	-1.480200e-02	-1.458294e+01
2.387000e-05	-6.126632e-03	-1.470865e+01
2.388000e-05	-1.297407e-02	-1.477386e+01
2.389000e-05	-9.059142e-03	-1.485514e+01
2.390000e-05	-1.560348e-02	-1.498126e+01
2.391000e-05	-7.373903e-03	-1.505550e+01
2.392000e-05	-1.677921e-02	-1.512975e+01
2.393000e-05	-1.054285e-02	-1.518343e+01
2.394000e-05	-1.761811e-02	-1.526502e+01
2.395000e-05	-7.819241e-03	-1.527818e+01
2.396000e-05	-1.413446e-02	-1.533025e+01
2.397000e-05	-1.143014e-02	-1.540294e+01
2.398000e-05	-1.752250e-02	-1.543602e+01
2.399000e-05	-1.421352e-02	-1.547697e+01
2.400000e-05	-1.392940e-02	-1.549710e+01
2.401000e-05	-1.461366e-02	-1.553075e+01
2.402000e-05	-1.408932e-02	-1.555233e+01
2.403000e-05	-1.638785e-02	-1.557373e+01
2.404000e-05	-1.387910e-02	-1.554141e+01
2.405000e-05	-1.784443e-02	-1.556186e+01
2.406000e-05	-1.807638e-02	-1.554183e+01
2.407000e-05	-1.725373e-02	-1.557168e+01
2.408000e-05	-1.502179e-02	-1.553178e+01
2.409000e-05	-1.667319e-02	-1.552162e+01
2.410000e-05	-1.778225e-02	-1.549815e+01
2.411000e-05	-1.747911e-02	-1.546699e+01
2.412000e-05	-1.691052e-02	-1.541391e+01
2.413000e-05	-1.893601e-02	-1.539026e+01
2.414000e-05	-1.896782e-02	-1.534818e+01
2.415000e-05	-1.810221e-02	-1.530712e+01
2.416000e-05	-1.665297e-02	-1.523494e+01
2.417000e-05	-1.826099e-02	-1.515238e+01
2.418000e-05	-1.962360e-02	-1.506707e+01
2.419000e-05	-1.955387e-02	-1.504499e+01
2.420000e-05	-1.910622e-02	-1.493873e+01
2.421000e-05	-1.942404e-02	-1.482556e+01
2.422000e-05	-1.985766e-02	-1.476170e+01
2.423000e-05	-1.876086e-02	-1.465650e+01
2.424000e-05	-1.893007e-02	-1.458080e+01
2.425000e-05	-1.952859e-02	-1.445854e+01
2.426000e-05	-2.064279e-02	-1.434132e+01
2.427000e-05	-2.043823e-02	-1.424499e+01
2.428000e-05	-1.998976e-02	-1.408865e+01
2.429000e-05	-1.999093e-02	-1.393270e+01
2.430000e-05	-2.120738e-02	-1.381486e+01
2.431000e-05	-2.017557e-02	-1.366809e+01
2.432000e-05	-2.081134e-02	-1.354020e+01
2.433000e-05	-1.945847e-02	-1.338479e+01
2.434000e-05	-2.091856e-02	-1.326602e+01
2.435000e-05	-1.921691e-02	-1.308905e+01
2.436000e-05	-1.886030e-02	-1.294118e+01
2.437000e-05	-1.718386e-02	-1.276981e+01
2.438000e-05	-1.859594e-02	-1.261591e+01
2.439000e-05	-1.723746e-02	-1.242392e+01
2.440000e-05	-1.605766e-02	-1.223599e+01
2.441000e-05	-1.489464e-02	-1.210852e+01
2.442000e-05	-1.605553e-02	-1.186794e+01
2.443000e-05	-1.667102e-02	-1.165597e+01
2.444000e-05	-1.380588e-02	-1.144591e+01
2.445000e-05	-1.347697e-02	-1.121589e+01
2.446000e-05	-1.316003e-02	-1.102374e+01
2.447000e-05	-1.409696e-02	-1.079541e+01
2.448000e-05	-1.223759e-02	-1.057531e+01
2.449000e-05	-1.137635e-02	-1.040386e+01
2.450000e-05	-1.208147e-02	-1.015478e+01
2.451000e-05	-1.312826e-02	-9.923208e+00
2.452000e-05	-1.185925e-02	-9.741658e+00
2.453000e-05	-1.051817e-02	-9.520130e+00
2.454000e-05	-1.072386e-02	-9.258496e+00
2.455000e-05	-1.126337e-02	-9.048415e+00
2.456000e-05	-1.103958e-02	-8.846892e+00
2.457000e-05	-9.075047e-03	-8.594261e+00
2.458000e-05	-9.390313e-03	-8.300632e+00
2.459000e-05	-1.001294e-02	-8.111597e+00
2.460000e-05	-9.233503e-03	-7.796917e+00
2.461000e-05	-7.952708e-03	-7.520636e+00
2.462000e-05	-8.967691e-03	-7.300999e+00
2.463000e-05	-8.917083e-03	-7.028844e+00
2.464000e-05	-9.500571e-03	-6.773684e+00
2.465000e-05	-6.849738e-03	-6.524632e+00
2.466000e-05	-8.450226e-03	-6.258469e+00
2.467000e-05	-7.634099e-03	-5.976316e+00
2.468000e-05	-9.079411e-03	-5.712033e+00
2.469000e-05	-5.105891e-03	-5.428716e+00
2.470000e-05	-8.452048e-03	-5.121634e+00
2.471000e-05	-7.175785e-03	-4.807715e+00
2.472000e-05	-7.901100e-03	-4.513108e+00
2.473000e-05	-4.472169e-03	-4.271607e+00
2.474000e-05	-6.748882e-03	-4.009945e+00
2.475000e-05	-7.491815e-03	-3.746607e+00
2.476000e-05	-8.227246e-03	-3.460049e+00
2.477000e-05	-5.898701e-03	-3.188321e+00
2.478000e-05	-6.549073e-03	-2.861534e+00
2.479000e-05	-5.851364e-03	-2.618820e+00
2.480000e-05	-6.344174e-03	-2.334684e+00
2.481000e-05	-3.873810e-03	-1.998496e+00
2.482000e-05	-4.393969e-03	-1.776692e+00
2.483000e-05	-6.580359e-03	-1.452927e+00
2.484000e-05	-6.510121e-03	-1.124606e+00
2.485000e-05	-5.303721e-03	-8.309501e-01
2.486000e-05	-2.949197e-03	-5.741841e-01
2.487000e-05	-5.107780e-03	-2.725802e-01
2.488000e-05	2.433220e-04	1.220540e-02
2.489000e-05	9.173495e-03	3.074184e-01
2.490000e-05	-2.410130e-03	5.590250e-01
2.491000e-05	2.611106e-03	8.391315e-01
2.492000e-05	-3.455328e-03	1.137446e+00
2.493000e-05	2.078117e-03	1.400051e+00
2.494000e-05	-1.239606e-03	1.748450e+00
2.495000e-05	1.056874e-02	1.939422e+00
2.496000e-05	3.037070e-02	2.179650e+00
2.497000e-05	8.305309e-02	2.493436e+00
2.498000e-05	-4.829612e-02	2.851785e+00
2.499000e-05	-4.483698e-02	3.137396e+00
2.500000e-05	-3.805168e-02	3.420679e+00
2.501000e-05	7.091519e-03	3.691786e+00
2.502000e-05	-4.608389e-02	3.914943e+00
2.503000e-05	-3.688464e-02	4.063963e+00
2.504000e-05	1.019366e-01	4.400702e+00
2.505000e-05	-2.831831e-02	4.732261e+00
2.506000e-05	5.487150e-02	4.945092e+00
2.507000e-05	1.611580e-02	5.314441e+00
2.508000e-05	-8.723534e-02	5.556970e+00
2.509000e-05	6.409434e-02	5.850228e+00
2.510000e-05	-3.330276e-02	6.133410e+00
2.511000e-05	2.630706e-02	6.355019e+00
2.512000e-05	-2.412462e-02	6.680205e+00
2.513000e-05	8.289301e-03	6.932384e+00
2.514000e-05	6.303189e-02	7.206491e+00
2.515000e-05	-5.760145e-02	7.489333e+00
2.516000e-05	-1.950856e-03	7.722470e+00
2.517000e-05	-1.564584e-02	8.038572e+00
2.518000e-05	5.860557e-02	8.282732e+00
2.519000e-05	-1.432522e-02	8.452783e+00
2.520000e-05	-3.178051e-02	8.762331e+00
2.521000e-05	4.372913e-02	8.965962e+00
2.522000e-05	-1.834782e-02	9.168024e+00
2.523000e-05	1.581878e-02	9.467577e+00
2.524000e-05	-3.347255e-02	9.658701e+00
2.525000e-05	2.997575e-02	9.930808e+00
2.526000e-05	8.707052e-03	1.013234e+01
2.527000e-05	5.984737e-03	1.037284e+01
2.528000e-05	-7.210560e-03	1.057444e+01
2.529000e-05	-9.624995e-03	1.078652e+01
2.530000e-05	2.627535e-02	1.098394e+01
2.531000e-05	-1.573940e-02	1.119441e+01
2.532000e-05	7.700356e-03	1.138594e+01
2.533000e-05	-5.234957e-03	1.161549e+01
2.534000e-05	2.591513e-02	1.181460e+01
2.535000e-05	-6.969628e-03	1.199599e+01
2.536000e-05	2.249087e-03	1.221395e+01
2.537000e-05	-1.143373e-03	1.237344e+01
2.538000e-05	1.163170e-02	1.255131e+01
2.539000e-05	4.891753e-03	1.273073e+01
2.540000e-05	-6.636510e-03	1.287918e+01
2.541000e-05	9.564636e-03	1.303762e+01
2.542000e-05	6.094751e-03	1.322502e+01
2.543000e-05	1.100662e-02	1.336131e+01
2.544000e-05	-7.410321e-03	1.349010e+01
2.545000e-05	1.043909e-02	1.365915e+01
2.546000e-05	6.331259e-03	1.381291e+01
2.547000e-05	6.575679e-03	1.392816e+01
2.548000e-05	-2.812753e-03	1.409762e+01
2.549000e-05	4.858739e-03	1.420494e+01
2.550000e-05	1.236429e-02	1.433026e+01
2.551000e-05	3.652377e-03	1.448605e+01
2.552000e-05	2.978303e-03	1.456236e+01
2.553000e-05	4.882129e-03	1.466652e+01
2.554000e-05	1.421522e-02	1.473115e+01
2.555000e-05	4.727685e-03	1.485449e+01
2.556000e-05	2.236243e-03	1.489015e+01
2.557000e-05	6.027199e-03	1.494436e+01
2.558000e-05	8.530565e-03	1.502647e+01
2.559000e-05	7.698560e-03	1.507860e+01
2.560000e-05	7.387544e-04	1.519228e+01
2.561000e-05	9.858125e-03	1.518547e+01
2.562000e-05	1.149485e-02	1.528760e+01
2.563000e-05	1.043415e-02	1.531923e+01
2.564000e-05	3.309467e-03	1.536031e+01
2.565000e-05	7.178984e-03	1.541699e+01
2.566000e-05	1.049566e-02	1.545649e+01
2.567000e-05	7.383350e-03	1.547652e+01
2.568000e-05	6.485990e-03	1.550862e+01
2.569000e-05	6.918394e-03	1.550862e+01
2.570000e-05	1.485157e-02	1.550965e+01
2.571000e-05	8.933888e-03	1.551867e+01
2.572000e-05	8.609990e-03	1.549867e+01
2.573000e-05	6.679874e-03	1.548815e+01
2.574000e-05	1.234586e-02	1.546644e+01
2.575000e-05	9.549142e-03	1.547605e+01
2.576000e-05	7.132647e-03	1.544336e+01
2.577000e-05	9.382848e-03	1.540289e+01
2.578000e-05	1.278982e-02	1.536068e+01
2.579000e-05	1.303875e-02	1.529760e+01
2.580000e-05	8.431664e-03	1.521654e+01
2.581000e-05	1.064278e-02	1.521336e+01
2.582000e-05	1.212566e-02	1.511018e+01
2.583000e-05	1.261986e-02	1.509552e+01
2.584000e-05	7.965300e-03	1.499346e+01
2.585000e-05	8.779460e-03	1.493020e+01
2.586000e-05	1.216993e-02	1.483639e+01
2.587000e-05	1.132813e-02	1.474271e+01
2.588000e-05	1.210372e-02	1.468602e+01
2.589000e-05	9.639515e-03	1.456371e+01
2.590000e-05	1.583323e-02	1.446759e+01
2.591000e-05	1.128736e-02	1.435412e+01
2.592000e-05	1.119919e-02	1.423492e+01
2.593000e-05	9.338606e-03	1.409922e+01
2.594000e-05	1.343654e-02	1.396331e+01
2.595000e-05	1.398801e-02	1.384589e+01
2.596000e-05	1.265073e-02	1.370854e+01
2.597000e-05	1.161991e-02	1.356176e+01
2.598000e-05	1.188187e-02	1.340392e+01
2.599000e-05	1.145876e-02	1.326702e+01
2.600000e-05	9.190766e-03	1.310010e+01
2.601000e-05	9.206265e-03	1.296373e+01
2.602000e-05	1.156342e-02	1.276426e+01
2.603000e-05	1.179266e-02	1.263740e+01
2.604000e-05	1.010162e-02	1.247807e+01
2.605000e-05	7.378134e-03	1.232908e+01
2.606000e-05	8.685119e-03	1.211155e+01
2.607000e-05	6.836244e-03	1.191070e+01
2.608000e-05	5.264313e-03	1.174223e+01
2.609000e-05	3.939673e-03	1.152108e+01
2.610000e-05	8.634774e-03	1.133012e+01
2.611000e-05	5.786757e-03	1.108058e+01
2.612000e-05	6.886268e-03	1.093115e+01
2.613000e-05	3.624267e-03	1.071908e+01
2.614000e-05	5.218777e-03	1.046064e+01
2.615000e-05	5.213124e-03	1.030902e+01
2.616000e-05	1.234101e-03	1.004799e+01
2.617000e-05	1.821127e-03	9.866316e+00
2.618000e-05	1.675069e-03	9.584285e+00
2.619000e-05	2.683587e-03	9.352687e+00
2.620000e-05	1.437386e-03	9.142651e+00
2.621000e-05	1.255811e-03	8.941583e+00
2.622000e-05	3.768437e-03	8.679950e+00
2.623000e-05	3.353712e-03	8.466524e+00
2.624000e-05	1.054710e-03	8.248188e+00
2.625000e-05	-2.132195e-03	7.954180e+00
2.626000e-05	-1.302294e-03	7.670024e+00
2.627000e-05	9.165922e-05	7.466864e+00
2.628000e-05	-1.587429e-03	7.134108e+00
2.629000e-05	4.493238e-04	6.933631e+00
2.630000e-05	-2.878279e-05	6.658496e+00
2.631000e-05	2.898860e-04	6.393762e+00
2.632000e-05	-6.155609e-04	6.123634e+00
2.633000e-05	-3.417342e-03	5.861448e+00
2.634000e-05	-2.537104e-03	5.557241e+00
2.635000e-05	-2.767018e-03	5.302546e+00
2.636000e-05	-2.361118e-03	4.954712e+00
2.637000e-05	-2.972144e-03	4.682451e+00
2.638000e-05	-2.340075e-03	4.428417e+00
2.639000e-05	-7.186613e-04	4.095455e+00
2.640000e-05	-2.763903e-03	3.859897e+00
2.641000e-05	-3.946323e-03	3.567295e+00
2.642000e-05	-3.970104e-03	3.262450e+00
2.643000e-05	-3.792738e-03	2.988440e+00
2.644000e-05	-3.713269e-03	2.765732e+00
2.645000e-05	-3.892532e-03	2.411371e+00
2.646000e-05	-4.611525e-03	2.136690e+00
2.647000e-05	-3.625893e-03	1.884555e+00
2.648000e-05	-4.403338e-03	1.587372e+00
2.649000e-05	-5.206904e-03	1.273055e+00
2.650000e-05	-5.112389e-03	9.166369e-01
2.651000e-05	-3.383228e-03	6.729789e-01
2.652000e-05	-4.264557e-03	3.904699e-01
2.653000e-05	-4.388256e-03	4.210533e-02
2.654000e-05	-1.013761e-03	-1.976027e-01
2.655000e-05	7.484498e-03	-4.126565e-01
2.656000e-05	-6.387558e-03	-7.669723e-01
2.657000e-05	4.146457e-04	-9.690777e-01
2.658000e-05	-6.559120e-03	-1.262314e+00
2.659000e-05	-1.078798e-03	-1.588502e+00
2.660000e-05	-2.455402e-03	-1.819578e+00
2.661000e-05	2.376320e-02	-2.031154e+00
2.662000e-05	9.363093e-02	-2.334546e+00
2.663000e-05	-3.457890e-02	-2.672864e+00
2.664000e-05	-5.012046e-02	-3.049264e+00
2.665000e-05	-4.008160e-02	-3.377600e+00
2.666000e-05	-1.459419e-02	-3.579075e+00
2.667000e-05	-6.874093e-02	-3.861309e+00
2.668000e-05	3.309840e-02	-4.052682e+00
2.669000e-05	9.085122e-02	-4.240231e+00
2.670000e-05	-1.395627e-01	-4.556570e+00
2.671000e-05	2.064142e-01	-4.789674e+00
2.672000e-05	-1.363325e-01	-5.074062e+00
2.673000e-05	1.094390e-02	-5.461234e+00
2.674000e-05	5.561704e-03	-5.692784e+00
2.675000e-05	-9.422180e-02	-5.987673e+00
2.676000e-05	1.370489e-01	-6.237130e+00
2.677000e-05	-1.220361e-01	-6.502439e+00
2.678000e-05	9.520409e-02	-6.778101e+00
2.679000e-05	-1.495939e-02	-7.060382e+00
2.680000e-05	-6.107775e-02	-7.344971e+00
2.681000e-05	4.578299e-02	-7.618147e+00
2.682000e-05	-9.163549e-02	-7.950414e+00
2.683000e-05	1.087689e-01	-8.154444e+00
2.684000e-05	-8.314303e-02	-8.387043e+00
2.685000e-05	3.926243e-02	-8.738724e+00
2.686000e-05	4.298841e-03	-8.851300e+00
2.687000e-05	-5.459789e-02	-9.143487e+00
2.688000e-05	4.700383e-02	-9.343941e+00
2.689000e-05	-8.253447e-02	-9.617625e+00
2.690000e-05	8.336259e-02	-9.807600e+00
2.691000e-05	-6.557930e-02	-1.002770e+01
2.692000e-05	4.717248e-02	-1.031181e+01
2.693000e-05	-4.650977e-02	-1.047836e+01
2.694000e-05	9.944304e-03	-1.072226e+01
2.695000e-05	-1.153150e-02	-1.087130e+01
2.696000e-05	-2.419894e-02	-1.113386e+01
2.697000e-05	1.697025e-02	-1.128826e+01
2.698000e-05	-2.561351e-02	-1.154236e+01
2.699000e-05	2.623581e-02	-1.175286e+01
2.700000e-05	-3.920502e-02	-1.197291e+01
2.701000e-05	1.504877e-02	-1.215341e+01
2.702000e-05	-3.534089e-02	-1.235131e+01
2.703000e-05	1.675299e-02	-1.250283e+01
2.704000e-05	-2.829004e-02	-1.267920e+01
2.705000e-05	8.270801e-03	-1.288667e+01
2.706000e-05	-1.343086e-02	-1.302602e+01
2.707000e-05	7.601076e-04	-1.317406e+01
2.708000e-05	-1.365750e-02	-1.328781e+01
2.709000e-05	-1.836459e-02	-1.352923e+01
2.710000e-05	-2.081772e-03	-1.362446e+01
2.711000e-05	-1.772202e-02	-1.377286e+01
2.712000e-05	1.865066e-03	-1.391925e+01
2.713000e-05	-2.052273e-02	-1.404620e+01
2.714000e-05	3.715504e-03	-1.418144e+01
2.715000e-05	-1.583343e-02	-1.432031e+01
2.716000e-05	-7.853918e-03	-1.443652e+01
2.717000e-05	-2.009768e-02	-1.453075e+01
2.718000e-05	-7.344282e-03	-1.464600e+01
2.719000e-05	-1.192430e-02	-1.473023e+01
2.720000e-05	-9.193281e-03	-1.479534e+01
2.721000e-05	-1.337055e-02	-1.486870e+01
2.722000e-05	-7.360540e-03	-1.499339e+01
2.723000e-05	-1.316062e-02	-1.508867e+01
2.724000e-05	-1.304037e-02	-1.516181e+01
2.725000e-05	-1.721334e-02	-1.519446e+01
2.726000e-05	-1.234077e-02	-1.523665e+01
2.727000e-05	-1.161922e-02	-1.529875e+01
2.728000e-05	-1.436764e-02	-1.535231e+01
2.729000e-05	-1.285042e-02	-1.540299e+01
2.730000e-05	-1.566612e-02	-1.545597e+01
2.731000e-05	-1.176262e-02	-1.552818e+01
2.732000e-05	-1.716957e-02	-1.550020e+01
2.733000e-05	-1.354693e-02	-1.551175e+01
2.734000e-05	-1.606474e-02	-1.555023e+01
2.735000e-05	-1.313673e-02	-1.555231e+01
2.736000e-05	-1.745478e-02	-1.557385e+01
2.737000e-05	-1.726697e-02	-1.559333e+01
2.738000e-05	-1.768570e-02	-1.552181e+01
2.739000e-05	-1.555286e-02	-1.554125e+01
2.740000e-05	-1.625112e-02	-1.549973e+01
2.741000e-05	-1.665248e-02	-1.549870e+01
2.742000e-05	-1.770212e-02	-1.546899e+01
2.743000e-05	-1.630908e-02	-1.543644e+01
2.744000e-05	-1.796177e-02	-1.542241e+01
2.745000e-05	-1.916279e-02	-1.540978e+01
2.746000e-05	-1.809992e-02	-1.530765e+01
2.747000e-05	-1.686767e-02	-1.525452e+01
2.748000e-05	-1.667279e-02	-1.515133e+01
2.749000e-05	-2.039831e-02	-1.510068e+01
2.750000e-05	-1.965905e-02	-1.507649e+01
2.751000e-05	-1.929157e-02	-1.500186e+01
2.752000e-05	-1.800727e-02	-1.484712e+01
2.753000e-05	-1.902834e-02	-1.478384e+01
2.754000e-05	-1.829462e-02	-1.474115e+01
2.755000e-05	-1.813264e-02	-1.462443e+01
2.756000e-05	-1.917320e-02	-1.451963e+01
2.757000e-05	-2.022440e-02	-1.440341e+01
2.758000e-05	-2.132654e-02	-1.428710e+01
2.759000e-05	-2.099327e-02	-1.420226e+01
2.760000e-05	-2.029211e-02	-1.402399e+01
2.761000e-05	-2.007601e-02	-1.389707e+01
2.762000e-05	-1.951849e-02	-1.371068e+01
2.763000e-05	-1.922336e-02	-1.360434e+01
2.764000e-05	-2.031480e-02	-1.347802e+01
2.765000e-05	-2.009579e-02	-1.331113e+01
2.766000e-05	-2.038983e-02	-1.319378e+01
2.767000e-05	-1.973639e-02	-1.299334e+01
2.768000e-05	-1.911930e-02	-1.284797e+01
2.769000e-05	-1.808441e-02	-1.268957e+01
2.770000e-05	-1.694148e-02	-1.251118e+01
2.771000e-05	-1.734042e-02	-1.235121e+01
2.772000e-05	-1.698317e-02	-1.217176e+01
2.773000e-05	-1.637500e-02	-1.198231e+01
2.774000e-05	-1.552620e-02	-1.177226e+01
2.775000e-05	-1.467311e-02	-1.151268e+01
2.776000e-05	-1.512840e-02	-1.135925e+01
2.777000e-05	-1.449191e-02	-1.112160e+01
2.778000e-05	-1.340463e-02	-1.087110e+01
2.779000e-05	-1.296983e-02	-1.072268e+01
2.780000e-05	-1.307506e-02	-1.050152e+01
2.781000e-05	-1.270575e-02	-1.029955e+01
2.782000e-05	-1.147543e-02	-1.000694e+01
2.783000e-05	-1.184660e-02	-9.818920e+00
2.784000e-05	-1.128325e-02	-9.655843e+00
2.785000e-05	-1.105093e-02	-9.374762e+00
2.786000e-05	-1.082631e-02	-9.142758e+00
2.787000e-05	-1.050836e-02	-8.952183e+00
2.788000e-05	-1.170115e-02	-8.711502e+00
2.789000e-05	-9.472811e-03	-8.465894e+00
2.790000e-05	-9.868350e-03	-8.228366e+00
2.791000e-05	-1.002429e-02	-7.974235e+00
2.792000e-05	-1.000860e-02	-7.680951e+00
2.793000e-05	-8.342428e-03	-7.406387e+00
2.794000e-05	-8.080547e-03	-7.193232e+00
2.795000e-05	-9.430428e-03	-6.889524e+00
2.796000e-05	-9.413713e-03	-6.648395e+00
2.797000e-05	-8.418471e-03	-6.363836e+00
2.798000e-05	-7.300770e-03	-6.122056e+00
2.799000e-05	-8.523847e-03	-5.898974e+00
2.800000e-05	-8.137777e-03	-5.564760e+00
2.801000e-05	-6.588524e-03	-5.240494e+00
2.802000e-05	-7.200965e-03	-4.996286e+00
2.803000e-05	-6.644970e-03	-4.627421e+00
2.804000e-05	-7.030910e-03	-4.418345e+00
2.805000e-05	-5.709353e-03	-4.157337e+00
2.806000e-05	-7.435548e-03	-3.940901e+00
2.807000e-05	-6.917711e-03	-3.597895e+00
2.808000e-05	-8.942130e-03	-3.344711e+00
2.809000e-05	-6.374764e-03	-3.009397e+00
2.810000e-05	-5.414383e-03	-2.725212e+00
2.811000e-05	-5.123925e-03	-2.461951e+00
2.812000e-05	-4.368815e-03	-2.193288e+00
2.813000e-05	-4.758166e-03	-1.873582e+00
2.814000e-05	-4.578635e-03	-1.629501e+00
2.815000e-05	-6.175826e-03	-1.302001e+00
2.816000e-05	-6.598843e-03	-9.458971e-01
2.817000e-05	-4.566037e-03	-7.156804e-01
2.818000e-05	-3.613947e-03	-4.108698e-01
2.819000e-05	-2.933215e-03	-1.156892e-01
2.820000e-05	6.243166e-03	1.470734e-01
2.821000e-05	1.769002e-03	4.227055e-01
2.822000e-05	1.548278e-03	6.843659e-01
2.823000e-05	-8.576548e-04	9.895996e-01
2.824000e-05	-2.816695e-04	1.281730e+00
2.825000e-05	-6.042073e-04	1.557499e+00
2.826000e-05	2.175395e-03	1.843232e+00
2.827000e-05	1.572139e-02	2.061233e+00
2.828000e-05	6.378902e-02	2.306470e+00
2.829000e-05	3.190406e-02	2.703341e+00
2.830000e-05	-6.876464e-02	3.009079e+00
2.831000e-05	-3.855677e-02	3.263359e+00
2.832000e-05	-1.604766e-02	3.578049e+00
2.833000e-05	-4.506861e-03	3.820075e+00
2.834000e-05	-6.420403e-02	3.999104e+00
2.835000e-05	2.896597e-02	4.312258e+00
2.836000e-05	8.323778e-02	4.545020e+00
2.837000e-05	-6.061434e-02	4.826575e+00
2.838000e-05	1.217189e-01	5.113466e+00
2.839000e-05	-1.061596e-01	5.440703e+00
2.840000e-05	1.350485e-02	5.682865e+00
2.841000e-05	2.620568e-02	5.987046e+00
2.842000e-05	-3.169358e-02	6.209125e+00
2.843000e-05	3.869835e-02	6.483811e+00
2.844000e-05	-5.640792e-02	6.816600e+00
2.845000e-05	8.217796e-02	7.029179e+00
2.846000e-05	-2.016623e-02	7.304457e+00
2.847000e-05	-2.626643e-02	7.619652e+00
2.848000e-05	-1.481736e-02	7.850805e+00
2.849000e-05	2.325778e-02	8.174517e+00
2.850000e-05	3.838838e-02	8.386523e+00
2.851000e-05	-4.970491e-02	8.596602e+00
2.852000e-05	2.098548e-02	8.819279e+00
2.853000e-05	1.255215e-02	9.080208e+00
2.854000e-05	-2.885197e-03	9.302336e+00
2.855000e-05	-8.206298e-03	9.554460e+00
2.856000e-05	-1.021972e-02	9.806047e+00
2.857000e-05	3.077070e-02	9.985595e+00
2.858000e-05	1.434517e-03	1.023610e+01
2.859000e-05	2.654932e-03	1.041810e+01
2.860000e-05	-1.709158e-02	1.070915e+01
2.861000e-05	1.324415e-02	1.085015e+01
2.862000e-05	7.438992e-03	1.103775e+01
2.863000e-05	-8.188652e-03	1.124873e+01
2.864000e-05	3.173350e-03	1.149128e+01
2.865000e-05	1.158304e-02	1.173181e+01
2.866000e-05	1.299709e-02	1.190025e+01
2.867000e-05	-7.081003e-03	1.207876e+01
2.868000e-05	-1.868392e-03	1.229968e+01
2.869000e-05	6.248309e-03	1.243920e+01
2.870000e-05	8.439870e-03	1.260657e+01
2.871000e-05	1.025145e-04	1.278502e+01
2.872000e-05	6.554762e-04	1.294391e+01
2.873000e-05	1.093474e-02	1.313126e+01
2.874000e-05	1.084451e-02	1.324770e+01
2.875000e-05	-1.521561e-03	1.339654e+01
2.876000e-05	-1.098893e-03	1.353296e+01
2.877000e-05	6.379576e-03	1.371981e+01
2.878000e-05	1.031058e-02	1.387607e+01
2.879000e-05	-8.115278e-04	1.398329e+01
2.880000e-05	2.990871e-03	1.413970e+01
2.881000e-05	1.011752e-02	1.425615e+01
2.882000e-05	1.113509e-02	1.438239e+01
2.883000e-05	4.856697e-04	1.447968e+01
2.884000e-05	8.678880e-04	1.463549e+01
2.885000e-05	1.059525e-02	1.468817e+01
2.886000e-05	9.418343e-03	1.479294e+01
2.887000e-05	5.107148e-03	1.487749e+01
2.888000e-05	9.284657e-04	1.491128e+01
2.889000e-05	1.203414e-02	1.500344e+01
2.890000e-05	8.220610e-03	1.507857e+01
2.891000e-05	4.478591e-03	1.512075e+01
2.892000e-05	8.933819e-04	1.518346e+01
2.893000e-05	1.099988e-02	1.527605e+01
2.894000e-05	1.218723e-02	1.528870e+01
2.895000e-05	5.389667e-03	1.539078e+01
2.896000e-05	5.342341e-03	1.540439e+01
2.897000e-05	8.080168e-03	1.548442e+01
2.898000e-05	1.293831e-02	1.547599e+01
2.899000e-05	5.760631e-03	1.545898e+01
2.900000e-05	6.721342e-03	1.548825e+01
2.901000e-05	9.066370e-03	1.552804e+01
2.902000e-05	1.377592e-02	1.552770e+01
2.903000e-05	7.831242e-03	1.550907e+01
2.904000e-05	4.393376e-03	1.549005e+01
2.905000e-05	1.033173e-02	1.550562e+01
2.906000e-05	1.240527e-02	1.544644e+01
2.907000e-05	1.127877e-02	1.545594e+01
2.908000e-05	6.153547e-03	1.539289e+01
2.909000e-05	1.086392e-02	1.538381e+01
2.910000e-05	1.289502e-02	1.530720e+01
2.911000e-05	1.045317e-02	1.529697e+01
2.912000e-05	7.925175e-03	1.519487e+01
2.913000e-05	1.049906e-02	1.513228e+01
2.914000e-05	1.458031e-02	1.513057e+01
2.915000e-05	1.153205e-02	1.505339e+01
2.916000e-05	8.432425e-03	1.496173e+01
2.917000e-05	9.869066e-03	1.487960e+01
2.918000e-05	1.379804e-02	1.482291e+01
2.919000e-05	1.074140e-02	1.473060e+01
2.920000e-05	1.058307e-02	1.463536e+01
2.921000e-05	1.081329e-02	1.450825e+01
2.922000e-05	1.460037e-02	1.440481e+01
2.923000e-05	1.198807e-02	1.430605e+01
2.924000e-05	1.225918e-02	1.415183e+01
2.925000e-05	1.113560e-02	1.407696e+01
2.926000e-05	1.399834e-02	1.390915e+01
2.927000e-05	1.264168e-02	1.374221e+01
2.928000e-05	1.129698e-02	1.362694e+01
2.929000e-05	1.143092e-02	1.347052e+01
2.930000e-05	1.162521e-02	1.335170e+01
2.931000e-05	1.194417e-02	1.317489e+01
2.932000e-05	1.087683e-02	1.306639e+01
2.933000e-05	1.118519e-02	1.285857e+01
2.934000e-05	1.159102e-02	1.271115e+01
2.935000e-05	9.995984e-03	1.255226e+01
2.936000e-05	8.537164e-03	1.239376e+01
2.937000e-05	7.072448e-03	1.224694e+01
2.938000e-05	7.308483e-03	1.201584e+01
2.939000e-05	6.955997e-03	1.186686e+01
2.940000e-05	6.679191e-03	1.165639e+01
2.941000e-05	5.477178e-03	1.145634e+01
2.942000e-05	4.999353e-03	1.120584e+01
2.943000e-05	6.356539e-03	1.099642e+01
2.944000e-05	4.891461e-03	1.082492e+01
2.945000e-05	4.393753e-03	1.062639e+01
2.946000e-05	3.353203e-03	1.035313e+01
2.947000e-05	4.523036e-03	1.016524e+01
2.948000e-05	2.601982e-03	9.941658e+00
2.949000e-05	2.605838e-03	9.711676e+00
2.950000e-05	2.161361e-03	9.501498e+00
2.951000e-05	2.011065e-03	9.258999e+00
2.952000e-05	2.884221e-03	9.047466e+00
2.953000e-05	1.749313e-03	8.794261e+00
2.954000e-05	1.566224e-03	8.575212e+00
2.955000e-05	6.535704e-04	8.302655e+00
2.956000e-05	1.220299e-03	8.089069e+00
2.957000e-05	3.587397e-04	7.847267e+00
2.958000e-05	-4.922450e-04	7.564635e+00
2.959000e-05	-1.512856e-03	7.241476e+00
2.960000e-05	-9.576197e-04	7.009393e+00
2.961000e-05	-3.391437e-04	6.795287e+00
2.962000e-05	-1.845139e-03	6.532001e+00
2.963000e-05	-1.932022e-03	6.230894e+00
2.964000e-05	-1.269561e-03	6.024391e+00
2.965000e-05	-1.682257e-03	5.735157e+00
2.966000e-05	-2.431987e-03	5.470395e+00
2.967000e-05	-3.505335e-03	5.156482e+00
2.968000e-05	-2.380472e-03	4.808844e+00
2.969000e-05	-2.563771e-03	4.544638e+00
2.970000e-05	-2.907106e-03	4.312900e+00
2.971000e-05	-3.913302e-03	3.966263e+00
2.972000e-05	-3.330580e-03	3.695632e+00
2.973000e-05	-2.866719e-03	3.450470e+00
2.974000e-05	-4.701048e-03	3.145687e+00
2.975000e-05	-4.394131e-03	2.894579e+00
2.976000e-05	-6.139053e-03	2.569866e+00
2.977000e-05	-2.410345e-03	2.313555e+00
2.978000e-05	-5.706987e-03	2.029474e+00
2.979000e-05	-4.068254e-03	1.746132e+00
2.980000e-05	-1.712495e-03	1.441027e+00
2.981000e-05	-2.528223e-03	1.116141e+00
2.982000e-05	-3.327752e-03	7.998686e-01
2.983000e-05	-7.035021e-03	5.166567e-01
2.984000e-05	-6.024274e-03	2.830036e-01
2.985000e-05	-5.747730e-03	-5.283802e-02
2.986000e-05	5.260371e-03	-3.159397e-01
2.987000e-05	-2.028081e-03	-5.566065e-01
2.988000e-05	1.651711e-03	-8.713130e-01
2.989000e-05	-1.802107e-03	-1.125440e+00
2.990000e-05	1.323479e-03	-1.410788e+00
2.991000e-05	-5.342297e-03	-1.652863e+00
2.992000e-05	5.993188e-03	-1.916494e+00
2.993000e-05	4.973647e-02	-2.175541e+00
2.994000e-05	6.884489e-02	-2.474858e+00
2.995000e-05	-8.692249e-02	-2.842236e+00
2.996000e-05	-2.246655e-02	-3.260257e+00
2.997000e-05	-4.035210e-02	-3.472762e+00
2.998000e-05	-1.670943e-02	-3.712387e+00
2.999000e-05	-7.716036e-02	-3.988025e+00
3.000000e-05	1.491282e-01	-4.134890e+00
3.001000e-05	-9.275687e-02	-4.418604e+00
3.002000e-05	5.220071e-02	-4.714312e+00
3.003000e-05	8.991422e-02	-4.944939e+00
3.004000e-05	-1.700857e-01	-5.283517e+00
3.005000e-05	1.180207e-01	-5.597047e+00
3.006000e-05	-1.379213e-01	-5.830734e+00
3.007000e-05	8.700770e-02	-6.144988e+00
3.008000e-05	-7.053764e-04	-6.357519e+00
3.009000e-05	-5.678400e-02	-6.670256e+00
3.010000e-05	1.153190e-01	-6.892986e+00
3.011000e-05	-1.187474e-01	-7.239708e+00
3.012000e-05	4.854398e-02	-7.531208e+00
3.013000e-05	-5.807194e-02	-7.722465e+00
3.014000e-05	1.762875e-02	-8.090727e+00
3.015000e-05	4.751310e-02	-8.249154e+00
3.016000e-05	-8.519031e-02	-8.513465e+00
3.017000e-05	9.510565e-02	-8.755034e+00
3.018000e-05	-9.637955e-02	-8.996625e+00
3.019000e-05	4.993497e-02	-9.239178e+00
3.020000e-05	-5.474451e-02	-9.469180e+00
3.021000e-05	1.391909e-02	-9.740865e+00
3.022000e-05	1.653625e-02	-9.931809e+00
3.023000e-05	-3.203173e-02	-1.018401e+01
3.024000e-05	3.733040e-02	-1.038452e+01
3.025000e-05	-6.172588e-02	-1.059660e+01
3.026000e-05	4.426464e-02	-1.075602e+01
3.027000e-05	-5.955538e-02	-1.099507e+01
3.028000e-05	3.176349e-02	-1.123659e+01
3.029000e-05	-3.368960e-02	-1.144620e+01
3.030000e-05	2.127947e-02	-1.166828e+01
3.031000e-05	-2.049655e-02	-1.182970e+01
3.032000e-05	-2.925469e-03	-1.207765e+01
3.033000e-05	-1.206722e-02	-1.222709e+01
3.034000e-05	-1.235561e-02	-1.240700e+01
3.035000e-05	1.985759e-03	-1.258602e+01
3.036000e-05	-2.256177e-02	-1.280349e+01
3.037000e-05	8.824437e-03	-1.296238e+01
3.038000e-05	-2.358924e-02	-1.309875e+01
3.039000e-05	1.153391e-02	-1.323557e+01
3.040000e-05	-3.069797e-02	-1.339347e+01
3.041000e-05	6.095240e-03	-1.355385e+01
3.042000e-05	-2.341792e-02	-1.371823e+01
3.043000e-05	1.464979e-03	-1.382555e+01
3.044000e-05	-1.850293e-02	-1.397246e+01
3.045000e-05	-5.094669e-03	-1.411731e+01
3.046000e-05	-9.520973e-03	-1.425351e+01
3.047000e-05	-1.084378e-02	-1.437346e+01
3.048000e-05	-1.100458e-02	-1.448707e+01
3.049000e-05	-1.394684e-02	-1.459291e+01
3.050000e-05	-6.423900e-03	-1.467760e+01
3.051000e-05	-1.400040e-02	-1.476401e+01
3.052000e-05	-8.951488e-03	-1.485667e+01
3.053000e-05	-1.421834e-02	-1.496281e+01
3.054000e-05	-8.111434e-03	-1.505599e+01
3.055000e-05	-1.745994e-02	-1.512868e+01
3.056000e-05	-1.162254e-02	-1.517231e+01
3.057000e-05	-1.681416e-02	-1.521707e+01
3.058000e-05	-6.814292e-03	-1.530867e+01
3.059000e-05	-1.592364e-02	-1.534980e+01
3.060000e-05	-1.173305e-02	-1.537339e+01
3.061000e-05	-1.604588e-02	-1.544449e+01
3.062000e-05	-1.287200e-02	-1.548702e+01
3.063000e-05	-1.551645e-02	-1.547710e+01
3.064000e-05	-1.703156e-02	-1.551872e+01
3.065000e-05	-1.226606e-02	-1.552233e+01
3.066000e-05	-1.473781e-02	-1.555223e+01
3.067000e-05	-1.397010e-02	-1.558231e+01
3.068000e-05	-1.924780e-02	-1.555186e+01
3.069000e-05	-1.694581e-02	-1.557378e+01
3.070000e-05	-1.605476e-02	-1.556026e+01
3.071000e-05	-1.535663e-02	-1.554071e+01
3.072000e-05	-1.804749e-02	-1.552965e+01
3.073000e-05	-1.704450e-02	-1.548960e+01
3.074000e-05	-1.562554e-02	-1.544742e+01
3.075000e-05	-1.682212e-02	-1.541496e+01
3.076000e-05	-1.951430e-02	-1.536131e+01
3.077000e-05	-1.826443e-02	-1.534070e+01
3.078000e-05	-1.696989e-02	-1.527707e+01
3.079000e-05	-1.727388e-02	-1.526604e+01
3.080000e-05	-1.924654e-02	-1.513073e+01
3.081000e-05	-1.819311e-02	-1.510857e+01
3.082000e-05	-1.838347e-02	-1.501591e+01
3.083000e-05	-1.811825e-02	-1.494018e+01
3.084000e-05	-1.991028e-02	-1.487754e+01
3.085000e-05	-1.974960e-02	-1.473178e+01
3.086000e-05	-1.738265e-02	-1.465654e+01
3.087000e-05	-1.796149e-02	-1.456176e+01
3.088000e-05	-2.085948e-02	-1.444602e+01
3.089000e-05	-2.183145e-02	-1.434073e+01
3.090000e-05	-1.929287e-02	-1.423589e+01
3.091000e-05	-1.947995e-02	-1.411807e+01
3.092000e-05	-2.072397e-02	-1.395273e+01
3.093000e-05	-2.089831e-02	-1.381539e+01
3.094000e-05	-1.939075e-02	-1.368855e+01
3.095000e-05	-1.977129e-02	-1.351068e+01
3.096000e-05	-2.045560e-02	-1.338433e+01
3.097000e-05	-2.199351e-02	-1.326699e+01
3.098000e-05	-1.865249e-02	-1.307762e+01
3.099000e-05	-1.857157e-02	-1.292168e+01
3.100000e-05	-1.897683e-02	-1.280428e+01
3.101000e-05	-1.788733e-02	-1.261539e+01
3.102000e-05	-1.636781e-02	-1.242639e+01
3.103000e-05	-1.699833e-02	-1.227796e+01
3.104000e-05	-1.837272e-02	-1.205809e+01
3.105000e-05	-1.671708e-02	-1.190708e+01
3.106000e-05	-1.419598e-02	-1.163835e+01
3.107000e-05	-1.400120e-02	-1.146541e+01
3.108000e-05	-1.518939e-02	-1.119621e+01
3.109000e-05	-1.443005e-02	-1.098387e+01
3.110000e-05	-1.390687e-02	-1.078731e+01
3.111000e-05	-1.299441e-02	-1.064634e+01
3.112000e-05	-1.328218e-02	-1.040633e+01
3.113000e-05	-1.258779e-02	-1.017276e+01
3.114000e-05	-1.179802e-02	-9.942710e+00
3.115000e-05	-1.069232e-02	-9.752708e+00
3.116000e-05	-1.109692e-02	-9.512154e+00
3.117000e-05	-1.186366e-02	-9.277948e+00
3.118000e-05	-1.184832e-02	-9.058497e+00
3.119000e-05	-9.977798e-03	-8.866363e+00
3.120000e-05	-1.021038e-02	-8.575333e+00
3.121000e-05	-1.043547e-02	-8.301232e+00
3.122000e-05	-1.030470e-02	-8.119023e+00
3.123000e-05	-8.481892e-03	-7.806968e+00
3.124000e-05	-9.116014e-03	-7.504687e+00
3.125000e-05	-9.514558e-03	-7.301105e+00
3.126000e-05	-8.918877e-03	-7.008294e+00
3.127000e-05	-7.997035e-03	-6.745361e+00
3.128000e-05	-7.483923e-03	-6.514110e+00
3.129000e-05	-9.363992e-03	-6.249972e+00
3.130000e-05	-7.759484e-03	-5.966314e+00
3.131000e-05	-8.862468e-03	-5.703133e+00
3.132000e-05	-6.612695e-03	-5.388839e+00
3.133000e-05	-8.663256e-03	-5.133634e+00
3.134000e-05	-7.432690e-03	-4.787816e+00
3.135000e-05	-6.648921e-03	-4.514612e+00
3.136000e-05	-5.178214e-03	-4.264553e+00
3.137000e-05	-6.743883e-03	-3.989449e+00
3.138000e-05	-6.504601e-03	-3.735184e+00
3.139000e-05	-7.532003e-03	-3.472030e+00
3.140000e-05	-6.990525e-03	-3.188695e+00
3.141000e-05	-7.664295e-03	-2.863077e+00
3.142000e-05	-5.456404e-03	-2.598343e+00
3.143000e-05	-4.769171e-03	-2.325714e+00
3.144000e-05	-4.437557e-03	-1.989947e+00
3.145000e-05	-4.552771e-03	-1.716792e+00
3.146000e-05	-5.703297e-03	-1.500978e+00
3.147000e-05	-5.209789e-03	-1.136136e+00
3.148000e-05	-5.499043e-03	-8.610499e-01
3.149000e-05	-4.027437e-03	-5.566594e-01
3.150000e-05	-4.964815e-03	-2.935826e-01
3.151000e-05	1.136264e-03	-1.989730e-02
3.152000e-05	9.206507e-03	3.273922e-01
3.153000e-05	-3.236282e-03	5.574973e-01
3.154000e-05	2.531058e-03	8.232278e-01
3.155000e-05	-2.896380e-03	1.125922e+00
3.156000e-05	2.915718e-03	1.379130e+00
3.157000e-05	-2.393523e-03	1.747442e+00
3.158000e-05	1.067176e-02	1.947471e+00
3.159000e-05	2.942922e-02	2.188652e+00
3.160000e-05	8.275165e-02	2.465289e+00
3.161000e-05	-4.556417e-02	2.871258e+00
3.162000e-05	-4.665474e-02	3.148445e+00
3.163000e-05	-3.785508e-02	3.410632e+00
3.164000e-05	6.754173e-03	3.722758e+00
3.165000e-05	-4.339774e-02	3.913913e+00
3.166000e-05	-3.890858e-02	4.104887e+00
3.167000e-05	9.918342e-02	4.400679e+00
3.168000e-05	-2.352240e-02	4.703295e+00
3.169000e-05	4.930374e-02	4.955466e+00
3.170000e-05	2.206183e-02	5.312837e+00
3.171000e-05	-9.153798e-02	5.577471e+00
3.172000e-05	6.364994e-02	5.797733e+00
3.173000e-05	-3.223051e-02	6.083816e+00
3.174000e-05	2.345510e-02	6.365393e+00
3.175000e-05	-2.118530e-02	6.651208e+00
3.176000e-05	4.311910e-03	6.901811e+00
3.177000e-05	6.615830e-02	7.209017e+00
3.178000e-05	-5.712040e-02	7.509255e+00
3.179000e-05	-2.511165e-03	7.735911e+00
3.180000e-05	-1.724066e-02	8.047671e+00
3.181000e-05	5.928936e-02	8.241633e+00
3.182000e-05	-1.253428e-02	8.491284e+00
3.183000e-05	-3.525957e-02	8.751312e+00
3.184000e-05	4.235553e-02	8.934463e+00
3.185000e-05	-1.648225e-02	9.206994e+00
3.186000e-05	1.678921e-02	9.427999e+00
3.187000e-05	-3.334352e-02	9.679754e+00
3.188000e-05	2.727714e-02	9.940761e+00
3.189000e-05	1.008843e-02	1.014336e+01
3.190000e-05	5.249484e-03	1.034138e+01
3.191000e-05	-7.569545e-03	1.054189e+01
3.192000e-05	-1.273819e-02	1.077344e+01
3.193000e-05	2.765894e-02	1.099446e+01
3.194000e-05	-1.546494e-02	1.116339e+01
3.195000e-05	1.008903e-02	1.140297e+01
3.196000e-05	-5.985670e-03	1.160605e+01
3.197000e-05	2.609895e-02	1.181547e+01
3.198000e-05	-6.810081e-03	1.198597e+01
3.199000e-05	6.298119e-04	1.224294e+01
3.200000e-05	-1.445498e-03	1.237344e+01
3.201000e-05	8.724151e-03	1.254135e+01
3.202000e-05	6.436646e-03	1.272070e+01
3.203000e-05	-5.332270e-03	1.286765e+01
3.204000e-05	1.181215e-02	1.304752e+01
3.205000e-05	5.772733e-03	1.320501e+01
3.206000e-05	1.121133e-02	1.332131e+01
3.207000e-05	-9.575623e-03	1.345720e+01
3.208000e-05	7.519731e-03	1.361714e+01
3.209000e-05	5.601787e-03	1.376442e+01
3.210000e-05	8.391055e-03	1.393918e+01
3.211000e-05	-2.229612e-03	1.405560e+01
3.212000e-05	6.363269e-03	1.421444e+01
3.213000e-05	9.607425e-03	1.435118e+01
3.214000e-05	5.482183e-03	1.447746e+01
3.215000e-05	2.823984e-04	1.459188e+01
3.216000e-05	4.219629e-03	1.464752e+01
3.217000e-05	1.379604e-02	1.472225e+01
3.218000e-05	7.052071e-03	1.479549e+01
3.219000e-05	3.137061e-03	1.489017e+01
3.220000e-05	4.279326e-03	1.497186e+01
3.221000e-05	8.757630e-03	1.504699e+01
3.222000e-05	5.313713e-03	1.513062e+01
3.223000e-05	9.268018e-04	1.515128e+01
3.224000e-05	8.905893e-03	1.524640e+01
3.225000e-05	1.250765e-02	1.528812e+01
3.226000e-05	1.092849e-02	1.531873e+01
3.227000e-05	4.100559e-03	1.536988e+01
3.228000e-05	5.180365e-03	1.546544e+01
3.229000e-05	1.037733e-02	1.546449e+01
3.230000e-05	7.273996e-03	1.546650e+01
3.231000e-05	7.325718e-03	1.551812e+01
3.232000e-05	6.867291e-03	1.548712e+01
3.233000e-05	1.401728e-02	1.551860e+01
3.234000e-05	9.148610e-03	1.550865e+01
3.235000e-05	7.273617e-03	1.548910e+01
3.236000e-05	5.769279e-03	1.550965e+01
3.237000e-05	1.323859e-02	1.546595e+01
3.238000e-05	1.085354e-02	1.544545e+01
3.239000e-05	8.226136e-03	1.546536e+01
3.240000e-05	8.353131e-03	1.539034e+01
3.241000e-05	1.157734e-02	1.537080e+01
3.242000e-05	1.190801e-02	1.530718e+01
3.243000e-05	7.805409e-03	1.524654e+01
3.244000e-05	1.043463e-02	1.519339e+01
3.245000e-05	1.256725e-02	1.513968e+01
3.246000e-05	1.337749e-02	1.506799e+01
3.247000e-05	8.122504e-03	1.496381e+01
3.248000e-05	9.083320e-03	1.493268e+01
3.249000e-05	1.074968e-02	1.481697e+01
3.250000e-05	1.176288e-02	1.474228e+01
3.251000e-05	1.186450e-02	1.469689e+01
3.252000e-05	1.048535e-02	1.459418e+01
3.253000e-05	1.518259e-02	1.443660e+01
3.254000e-05	1.175473e-02	1.432268e+01
3.255000e-05	1.175649e-02	1.424646e+01
3.256000e-05	9.219317e-03	1.412960e+01
3.257000e-05	1.420408e-02	1.396326e+01
3.258000e-05	1.316609e-02	1.384842e+01
3.259000e-05	1.209626e-02	1.371707e+01
3.260000e-05	1.194550e-02	1.355223e+01
3.261000e-05	1.234718e-02	1.342281e+01
3.262000e-05	1.226388e-02	1.325757e+01
3.263000e-05	9.476150e-03	1.314003e+01
3.264000e-05	1.010944e-02	1.297416e+01
3.265000e-05	1.099075e-02	1.279427e+01
3.266000e-05	1.150924e-02	1.262642e+01
3.267000e-05	8.914782e-03	1.249852e+01
3.268000e-05	7.683846e-03	1.228965e+01
3.269000e-05	9.118058e-03	1.212313e+01
3.270000e-05	7.882688e-03	1.195015e+01
3.271000e-05	6.779164e-03	1.171970e+01
3.272000e-05	5.738398e-03	1.153163e+01
3.273000e-05	6.339353e-03	1.131050e+01
3.274000e-05	6.418421e-03	1.115111e+01
3.275000e-05	4.349016e-03	1.094218e+01
3.276000e-05	3.980312e-03	1.073910e+01
3.277000e-05	4.718250e-03	1.048005e+01
3.278000e-05	4.422417e-03	1.023948e+01
3.279000e-05	3.180954e-03	1.005997e+01
3.280000e-05	2.322404e-03	9.828817e+00
3.281000e-05	2.648403e-03	9.554788e+00
3.282000e-05	2.768524e-03	9.354211e+00
3.283000e-05	1.874035e-03	9.143184e+00
3.284000e-05	1.235660e-03	8.901549e+00
3.285000e-05	1.093525e-03	8.670499e+00
3.286000e-05	2.527196e-03	8.458047e+00
3.287000e-05	1.149857e-03	8.225792e+00
3.288000e-05	-2.575266e-05	7.946257e+00
3.289000e-05	-5.192396e-04	7.712529e+00
3.290000e-05	1.484763e-04	7.437895e+00
3.291000e-05	-3.340177e-04	7.163711e+00
3.292000e-05	-1.116100e-03	6.923683e+00
3.293000e-05	-1.131620e-03	6.670997e+00
3.294000e-05	-1.618731e-03	6.365287e+00
3.295000e-05	-8.577731e-04	6.133684e+00
3.296000e-05	-2.193879e-03	5.860977e+00
3.297000e-05	-2.190929e-03	5.616267e+00
3.298000e-05	-2.226424e-03	5.294004e+00
3.299000e-05	-2.222358e-03	4.968159e+00
3.300000e-05	-2.953287e-03	4.650503e+00
3.301000e-05	-3.744246e-03	4.417851e+00
3.302000e-05	-4.094561e-03	4.104105e+00
3.303000e-05	-2.859832e-03	3.839421e+00
3.304000e-05	-3.793967e-03	3.586817e+00
3.305000e-05	-3.344475e-03	3.222126e+00
3.306000e-05	-3.408423e-03	3.020372e+00
3.307000e-05	-3.407779e-03	2.755787e+00
3.308000e-05	-4.852895e-03	2.419919e+00
3.309000e-05	-4.106306e-03	2.136663e+00
3.310000e-05	-4.958174e-03	1.922079e+00
3.311000e-05	-3.530476e-03	1.568793e+00
3.312000e-05	-4.066532e-03	1.305032e+00
3.313000e-05	-6.489916e-03	9.456894e-01
3.314000e-05	-5.213973e-03	6.835052e-01
3.315000e-05	-3.723325e-03	4.083936e-01
3.316000e-05	-3.646196e-03	7.553151e-02
3.317000e-05	-9.247464e-04	-1.790952e-01
3.318000e-05	6.667083e-03	-4.112315e-01
3.319000e-05	-5.327445e-03	-7.590209e-01
3.320000e-05	3.737711e-04	-9.690302e-01
3.321000e-05	-6.748741e-03	-1.291760e+00
3.322000e-05	-7.177587e-04	-1.599048e+00
3.323000e-05	-2.759051e-03	-1.809078e+00
3.324000e-05	2.400933e-02	-2.021029e+00
3.325000e-05	9.310188e-02	-2.273946e+00
3.326000e-05	-3.146545e-02	-2.671856e+00
3.327000e-05	-5.238141e-02	-3.051260e+00
3.328000e-05	-3.950609e-02	-3.367448e+00
3.329000e-05	-1.645224e-02	-3.589069e+00
3.330000e-05	-6.563631e-02	-3.871762e+00
3.331000e-05	2.806825e-02	-4.031283e+00
3.332000e-05	9.748179e-02	-4.221731e+00
3.333000e-05	-1.435869e-01	-4.566441e+00
3.334000e-05	2.052360e-01	-4.820648e+00
3.335000e-05	-1.292026e-01	-5.103037e+00
3.336000e-05	2.491779e-03	-5.491284e+00
3.337000e-05	1.094547e-02	-5.682857e+00
3.338000e-05	-9.933772e-02	-6.018100e+00
3.339000e-05	1.414090e-01	-6.257628e+00
3.340000e-05	-1.188137e-01	-6.472440e+00
3.341000e-05	8.918704e-02	-6.806521e+00
3.342000e-05	-8.910917e-03	-7.078180e+00
3.343000e-05	-6.462357e-02	-7.395566e+00
3.344000e-05	4.904940e-02	-7.597172e+00
3.345000e-05	-9.497204e-02	-7.932287e+00
3.346000e-05	1.070346e-01	-8.154916e+00
3.347000e-05	-7.729999e-02	-8.354443e+00
3.348000e-05	3.337381e-02	-8.699676e+00
3.349000e-05	1.015975e-02	-8.910754e+00
3.350000e-05	-5.920369e-02	-9.145387e+00
3.351000e-05	5.119853e-02	-9.312908e+00
3.352000e-05	-8.485128e-02	-9.595996e+00
3.353000e-05	8.164674e-02	-9.827048e+00
3.354000e-05	-6.387076e-02	-1.003813e+01
3.355000e-05	4.497730e-02	-1.026080e+01
3.356000e-05	-4.511210e-02	-1.051828e+01
3.357000e-05	6.383735e-03	-1.070129e+01
3.358000e-05	-6.633207e-03	-1.086026e+01
3.359000e-05	-2.568836e-02	-1.111231e+01
3.360000e-05	1.813422e-02	-1.133078e+01
3.361000e-05	-2.937210e-02	-1.156336e+01
3.362000e-05	2.902620e-02	-1.177294e+01
3.363000e-05	-4.133284e-02	-1.196204e+01
3.364000e-05	1.619865e-02	-1.212242e+01
3.365000e-05	-3.744090e-02	-1.231228e+01
3.366000e-05	1.790579e-02	-1.251126e+01
3.367000e-05	-2.823802e-02	-1.267075e+01
3.368000e-05	6.033436e-03	-1.287572e+01
3.369000e-05	-1.608129e-02	-1.298449e+01
3.370000e-05	9.881116e-04	-1.317354e+01
3.371000e-05	-1.119752e-02	-1.329933e+01
3.372000e-05	-1.766882e-02	-1.349970e+01
3.373000e-05	-1.800009e-03	-1.359404e+01
3.374000e-05	-1.792302e-02	-1.375141e+01
3.375000e-05	1.173829e-03	-1.389010e+01
3.376000e-05	-2.339789e-02	-1.402516e+01
3.377000e-05	1.543224e-03	-1.418141e+01
3.378000e-05	-1.645039e-02	-1.433023e+01
3.379000e-05	-4.817992e-03	-1.443604e+01
3.380000e-05	-1.981181e-02	-1.451881e+01
3.381000e-05	-6.650239e-03	-1.463554e+01
3.382000e-05	-1.242184e-02	-1.471981e+01
3.383000e-05	-9.518329e-03	-1.478497e+01
3.384000e-05	-1.500208e-02	-1.485822e+01
3.385000e-05	-9.562225e-03	-1.502239e+01
3.386000e-05	-1.210144e-02	-1.508760e+01
3.387000e-05	-1.287037e-02	-1.515084e+01
3.388000e-05	-1.508134e-02	-1.523599e+01
3.389000e-05	-1.301107e-02	-1.527510e+01
3.390000e-05	-1.047994e-02	-1.529920e+01
3.391000e-05	-1.566039e-02	-1.537191e+01
3.392000e-05	-1.224441e-02	-1.540089e+01
3.393000e-05	-1.719700e-02	-1.546507e+01
3.394000e-05	-1.092099e-02	-1.544802e+01
3.395000e-05	-1.752843e-02	-1.550913e+01
3.396000e-05	-1.352026e-02	-1.552070e+01
3.397000e-05	-1.480623e-02	-1.552181e+01
3.398000e-05	-1.349313e-02	-1.556178e+01
3.399000e-05	-1.698739e-02	-1.553235e+01
3.400000e-05	-1.755023e-02	-1.558186e+01
3.401000e-05	-1.753730e-02	-1.555026e+01
3.402000e-05	-1.532736e-02	-1.555123e+01
3.403000e-05	-1.626514e-02	-1.555963e+01
3.404000e-05	-1.758748e-02	-1.551810e+01
3.405000e-05	-1.669114e-02	-1.546562e+01
3.406000e-05	-1.684205e-02	-1.546542e+01
3.407000e-05	-1.701104e-02	-1.539439e+01
3.408000e-05	-1.886733e-02	-1.535280e+01
3.409000e-05	-1.814114e-02	-1.532912e+01
3.410000e-05	-1.731133e-02	-1.524464e+01
3.411000e-05	-1.564517e-02	-1.517388e+01
3.412000e-05	-1.989745e-02	-1.514020e+01
3.413000e-05	-1.918278e-02	-1.508754e+01
3.414000e-05	-1.953202e-02	-1.502281e+01
3.415000e-05	-1.862060e-02	-1.486717e+01
3.416000e-05	-1.973742e-02	-1.482491e+01
3.417000e-05	-1.873727e-02	-1.471073e+01
3.418000e-05	-1.851844e-02	-1.460346e+01
3.419000e-05	-1.885375e-02	-1.452020e+01
3.420000e-05	-2.074594e-02	-1.442389e+01
3.421000e-05	-2.124242e-02	-1.427913e+01
3.422000e-05	-2.002109e-02	-1.420978e+01
3.423000e-05	-2.053933e-02	-1.399491e+01
3.424000e-05	-2.007400e-02	-1.389807e+01
3.425000e-05	-2.094584e-02	-1.374218e+01
3.426000e-05	-2.031641e-02	-1.364494e+01
3.427000e-05	-2.014563e-02	-1.347899e+01
3.428000e-05	-2.109154e-02	-1.334018e+01
3.429000e-05	-1.980930e-02	-1.317228e+01
3.430000e-05	-1.944191e-02	-1.301537e+01
3.431000e-05	-1.817544e-02	-1.286747e+01
3.432000e-05	-1.891038e-02	-1.269968e+01
3.433000e-05	-1.793412e-02	-1.253068e+01
3.434000e-05	-1.780966e-02	-1.234168e+01
3.435000e-05	-1.721895e-02	-1.218376e+01
3.436000e-05	-1.690556e-02	-1.200376e+01
3.437000e-05	-1.610347e-02	-1.179436e+01
3.438000e-05	-1.476370e-02	-1.156068e+01
3.439000e-05	-1.442070e-02	-1.133162e+01
3.440000e-05	-1.398433e-02	-1.113163e+01
3.441000e-05	-1.386867e-02	-1.091110e+01
3.442000e-05	-1.316732e-02	-1.071268e+01
3.443000e-05	-1.293752e-02	-1.048065e+01
3.444000e-05	-1.294025e-02	-1.031108e+01
3.445000e-05	-1.242777e-02	-1.004950e+01
3.446000e-05	-1.129390e-02	-9.868994e+00
3.447000e-05	-1.165083e-02	-9.647417e+00
3.448000e-05	-1.154238e-02	-9.405836e+00
3.449000e-05	-1.052175e-02	-9.163256e+00
3.450000e-05	-9.344057e-03	-8.914659e+00
3.451000e-05	-1.233276e-02	-8.720175e+00
3.452000e-05	-1.152446e-02	-8.437893e+00
3.453000e-05	-9.234243e-03	-8.207840e+00
3.454000e-05	-8.287649e-03	-7.974811e+00
3.455000e-05	-1.067463e-02	-7.661955e+00
3.456000e-05	-1.063467e-02	-7.418395e+00
3.457000e-05	-7.724828e-03	-7.185786e+00
3.458000e-05	-7.526855e-03	-6.880550e+00
3.459000e-05	-8.899396e-03	-6.669422e+00
3.460000e-05	-9.201401e-03	-6.415742e+00
3.461000e-05	-7.161656e-03	-6.112078e+00
3.462000e-05	-7.155812e-03	-5.879546e+00
3.463000e-05	-8.972532e-03	-5.587867e+00
3.464000e-05	-8.080953e-03	-5.303479e+00
3.465000e-05	-7.600694e-03	-4.974312e+00
3.466000e-05	-5.861094e-03	-4.650973e+00
3.467000e-05	-7.002211e-03	-4.438421e+00
3.468000e-05	-6.507490e-03	-4.157113e+00
3.469000e-05	-6.320417e-03	-3.882579e+00
3.470000e-05	-5.285312e-03	-3.617367e+00
3.471000e-05	-8.061965e-03	-3.346212e+00
3.472000e-05	-6.406062e-03	-3.060495e+00
3.473000e-05	-6.604100e-03	-2.724714e+00
3.474000e-05	-4.188103e-03	-2.453579e+00
3.475000e-05	-4.654085e-03	-2.186212e+00
3.476000e-05	-5.929605e-03	-1.904505e+00
3.477000e-05	-5.095134e-03	-1.579525e+00
3.478000e-05	-5.419747e-03	-1.304026e+00
3.479000e-05	-6.079801e-03	-9.688421e-01
3.480000e-05	-5.307089e-03	-7.057104e-01
3.481000e-05	-3.986358e-03	-4.203724e-01
3.482000e-05	-2.548750e-03	-1.266143e-01
3.483000e-05	6.583883e-03	1.260424e-01
3.484000e-05	2.034982e-03	4.416815e-01
3.485000e-05	1.406391e-04	6.633159e-01
3.486000e-05	-4.142703e-04	8.965223e-01
3.487000e-05	-1.812952e-04	1.292259e+00
3.488000e-05	-3.785811e-04	1.538097e+00
3.489000e-05	3.737699e-04	1.871207e+00
3.490000e-05	1.646836e-02	2.071708e+00
3.491000e-05	6.365176e-02	2.355948e+00
3.492000e-05	3.503062e-02	2.724814e+00
3.493000e-05	-6.966731e-02	2.998651e+00
3.494000e-05	-3.949490e-02	3.260809e+00
3.495000e-05	-1.801602e-02	3.577424e+00
3.496000e-05	-3.507093e-03	3.758675e+00
3.497000e-05	-6.487578e-02	4.020071e+00
3.498000e-05	2.549978e-02	4.250255e+00
3.499000e-05	8.776888e-02	4.575019e+00
3.500000e-05	-6.205234e-02	4.837998e+00
3.501000e-05	1.223438e-01	5.131389e+00
3.502000e-05	-1.039485e-01	5.470205e+00
3.503000e-05	9.864552e-03	5.650859e+00
3.504000e-05	2.757921e-02	5.986023e+00
3.505000e-05	-3.392514e-02	6.217600e+00
3.506000e-05	3.776048e-02	6.472283e+00
3.507000e-05	-5.639281e-02	6.787078e+00
3.508000e-05	8.227722e-02	7.029625e+00
3.509000e-05	-1.641569e-02	7.314337e+00
3.510000e-05	-2.706358e-02	7.618074e+00
3.511000e-05	-1.351852e-02	7.842283e+00
3.512000e-05	2.321426e-02	8.164990e+00
3.513000e-05	3.854438e-02	8.366468e+00
3.514000e-05	-5.138473e-02	8.596597e+00
3.515000e-05	1.712232e-02	8.818175e+00
3.516000e-05	1.455659e-02	9.130728e+00
3.517000e-05	-3.390015e-03	9.312836e+00
3.518000e-05	-5.621673e-03	9.542360e+00
3.519000e-05	-9.599529e-03	9.804341e+00
3.520000e-05	3.391332e-02	1.001552e+01
3.521000e-05	1.763548e-03	1.018810e+01
3.522000e-05	4.489040e-04	1.043867e+01
3.523000e-05	-1.874569e-02	1.068863e+01
3.524000e-05	1.127958e-02	1.083820e+01
3.525000e-05	7.681772e-03	1.107913e+01
3.526000e-05	-1.008848e-02	1.126733e+01
3.527000e-05	7.357562e-03	1.148921e+01
3.528000e-05	1.344681e-02	1.173121e+01
3.529000e-05	1.575188e-02	1.192073e+01
3.530000e-05	-8.856213e-03	1.212873e+01
3.531000e-05	-2.373278e-03	1.231823e+01
3.532000e-05	4.327785e-03	1.244610e+01
3.533000e-05	6.675639e-03	1.260699e+01
3.534000e-05	-1.569581e-03	1.282339e+01
3.535000e-05	3.216963e-03	1.294136e+01
3.536000e-05	1.414817e-02	1.314078e+01
3.537000e-05	1.142952e-02	1.325567e+01
3.538000e-05	-2.061679e-03	1.341649e+01
3.539000e-05	-2.387512e-03	1.356091e+01
3.540000e-05	7.249612e-03	1.370023e+01
3.541000e-05	8.390839e-03	1.384544e+01
3.542000e-05	-1.311961e-03	1.397386e+01
3.543000e-05	3.095039e-03	1.417031e+01
3.544000e-05	1.164769e-02	1.427560e+01
3.545000e-05	1.132551e-02	1.440231e+01
3.546000e-05	5.664357e-04	1.450925e+01
3.547000e-05	1.663890e-04	1.461249e+01
3.548000e-05	9.788218e-03	1.468873e+01
3.549000e-05	7.840416e-03	1.475131e+01
3.550000e-05	4.360500e-03	1.487707e+01
3.551000e-05	2.268311e-03	1.491176e+01
3.552000e-05	1.286811e-02	1.504499e+01
3.553000e-05	8.359083e-03	1.506905e+01
3.554000e-05	5.388508e-03	1.513835e+01
3.555000e-05	7.908244e-04	1.517436e+01
3.556000e-05	9.605450e-03	1.524659e+01
3.557000e-05	9.438946e-03	1.527870e+01
3.558000e-05	4.163943e-03	1.531986e+01
3.559000e-05	6.007417e-03	1.540238e+01
3.560000e-05	8.775510e-03	1.545442e+01
3.561000e-05	1.453461e-02	1.546599e+01
3.562000e-05	5.978606e-03	1.548917e+01
3.563000e-05	6.883073e-03	1.552810e+01
3.564000e-05	7.011170e-03	1.547972e+01
3.565000e-05	1.109060e-02	1.547920e+01
3.566000e-05	7.060126e-03	1.549815e+01
3.567000e-05	5.878876e-03	1.550865e+01
3.568000e-05	1.099171e-02	1.547807e+01
3.569000e-05	1.282220e-02	1.549452e+01
3.570000e-05	1.095608e-02	1.544496e+01
3.571000e-05	7.679790e-03	1.543486e+01
3.572000e-05	1.040836e-02	1.539228e+01
3.573000e-05	1.065517e-02	1.533913e+01
3.574000e-05	9.022438e-03	1.526705e+01
3.575000e-05	8.687567e-03	1.518536e+01
3.576000e-05	1.194735e-02	1.512281e+01
3.577000e-05	1.410864e-02	1.509857e+01
3.578000e-05	9.957403e-03	1.500342e+01
3.579000e-05	8.493618e-03	1.496175e+01
3.580000e-05	1.003231e-02	1.489812e+01
3.581000e-05	1.395309e-02	1.480341e+01
3.582000e-05	1.011737e-02	1.472065e+01
3.583000e-05	1.062809e-02	1.464544e+01
3.584000e-05	1.187766e-02	1.456910e+01
3.585000e-05	1.390720e-02	1.440591e+01
3.586000e-05	1.208025e-02	1.433758e+01
3.587000e-05	1.080085e-02	1.417128e+01
3.588000e-05	1.175800e-02	1.406544e+01
3.589000e-05	1.386951e-02	1.393010e+01
3.590000e-05	1.231536e-02	1.377321e+01
3.591000e-05	1.217326e-02	1.364539e+01
3.592000e-05	1.160110e-02	1.349852e+01
3.593000e-05	1.234961e-02	1.333165e+01
3.594000e-05	1.033853e-02	1.320331e+01
3.595000e-05	1.109510e-02	1.306837e+01
3.596000e-05	1.039525e-02	1.286847e+01
3.597000e-05	1.217875e-02	1.274058e+01
3.598000e-05	9.591978e-03	1.253174e+01
3.599000e-05	9.395271e-03	1.238478e+01
3.600000e-05	7.965399e-03	1.219737e+01
3.601000e-05	8.695391e-03	1.199789e+01
3.602000e-05	6.705179e-03	1.182794e+01
3.603000e-05	7.013399e-03	1.163749e+01
3.604000e-05	5.403557e-03	1.143644e+01
3.605000e-05	6.050499e-03	1.120582e+01
3.606000e-05	5.543060e-03	1.101534e+01
3.607000e-05	4.426164e-03	1.083744e+01
3.608000e-05	4.416479e-03	1.059731e+01
3.609000e-05	4.244139e-03	1.038521e+01
3.610000e-05	4.385261e-03	1.018371e+01
3.611000e-05	2.684966e-03	9.953655e+00
3.612000e-05	2.983114e-03	9.702579e+00
3.613000e-05	2.337555e-03	9.472574e+00
3.614000e-05	2.255841e-03	9.248473e+00
3.615000e-05	1.695541e-03	9.039393e+00
3.616000e-05	6.323923e-04	8.804788e+00
3.617000e-05	1.569772e-03	8.534211e+00
3.618000e-05	7.524020e-04	8.345182e+00
3.619000e-05	1.386395e-03	8.049555e+00
3.620000e-05	4.799151e-04	7.777417e+00
3.621000e-05	-3.644191e-04	7.544656e+00
3.622000e-05	-4.653022e-04	7.281500e+00
3.623000e-05	-1.059508e-03	7.027868e+00
3.624000e-05	-1.082923e-03	6.745738e+00
3.625000e-05	-1.316895e-03	6.474551e+00
3.626000e-05	-1.983317e-03	6.230894e+00
3.627000e-05	-1.245836e-03	6.017970e+00
3.628000e-05	-1.460788e-03	5.745159e+00
3.629000e-05	-2.938994e-03	5.469922e+00
3.630000e-05	-2.896401e-03	5.124179e+00
3.631000e-05	-2.942489e-03	4.828390e+00
3.632000e-05	-2.579672e-03	4.515135e+00
3.633000e-05	-2.830528e-03	4.291948e+00
3.634000e-05	-3.666159e-03	3.956241e+00
3.635000e-05	-3.562501e-03	3.704635e+00
3.636000e-05	-2.837763e-03	3.452898e+00
3.637000e-05	-3.818777e-03	3.157236e+00
3.638000e-05	-4.857975e-03	2.881579e+00
3.639000e-05	-4.729406e-03	2.617841e+00
3.640000e-05	-3.769556e-03	2.305057e+00
3.641000e-05	-4.621240e-03	2.030948e+00
3.642000e-05	-4.293450e-03	1.768161e+00
3.643000e-05	-5.069946e-03	1.461002e+00
3.644000e-05	-4.567294e-03	1.134628e+00
3.645000e-05	-4.388496e-03	7.783221e-01
3.646000e-05	-4.088939e-03	5.371854e-01
3.647000e-05	-5.389271e-03	2.714802e-01
3.648000e-05	-2.754091e-03	-5.273177e-02
3.649000e-05	5.009707e-03	-3.259195e-01
3.650000e-05	-1.092173e-03	-5.966276e-01
3.651000e-05	-2.005239e-03	-8.512343e-01
3.652000e-05	-5.129086e-03	-1.124996e+00
3.653000e-05	-2.057003e-04	-1.461279e+00
3.654000e-05	-4.413156e-03	-1.703841e+00
3.655000e-05	7.031918e-03	-1.924868e+00
3.656000e-05	5.086431e-02	-2.135472e+00
3.657000e-05	7.385443e-02	-2.493413e+00
3.658000e-05	-8.541856e-02	-2.841805e+00
3.659000e-05	-2.455598e-02	-3.200653e+00
3.660000e-05	-4.451922e-02	-3.511787e+00
3.661000e-05	-1.667044e-02	-3.692408e+00
3.662000e-05	-7.752327e-02	-4.008122e+00
3.663000e-05	1.474711e-01	-4.184389e+00
3.664000e-05	-8.473451e-02	-4.379103e+00
3.665000e-05	4.428564e-02	-4.692862e+00
3.666000e-05	1.005033e-01	-4.944442e+00
3.667000e-05	-1.727542e-01	-5.361438e+00
3.668000e-05	1.155737e-01	-5.617992e+00
3.669000e-05	-1.362903e-01	-5.869203e+00
3.670000e-05	7.926004e-02	-6.163438e+00
3.671000e-05	6.766629e-03	-6.353942e+00
3.672000e-05	-6.184593e-02	-6.711232e+00
3.673000e-05	1.195202e-01	-6.892861e+00
3.674000e-05	-1.150724e-01	-7.239194e+00
3.675000e-05	4.671656e-02	-7.469183e+00
3.676000e-05	-5.455281e-02	-7.744465e+00
3.677000e-05	1.048007e-02	-8.049702e+00
3.678000e-05	5.062449e-02	-8.288655e+00
3.679000e-05	-8.913085e-02	-8.502464e+00
3.680000e-05	9.677052e-02	-8.784491e+00
3.681000e-05	-9.418191e-02	-9.027624e+00
3.682000e-05	4.970279e-02	-9.227722e+00
3.683000e-05	-5.111500e-02	-9.457750e+00
3.684000e-05	1.046111e-02	-9.711356e+00
3.685000e-05	1.854118e-02	-9.921309e+00
3.686000e-05	-3.571941e-02	-1.016404e+01
3.687000e-05	3.964107e-02	-1.038344e+01
3.688000e-05	-6.302596e-02	-1.058507e+01
3.689000e-05	4.465032e-02	-1.079541e+01
3.690000e-05	-5.860957e-02	-1.100512e+01
3.691000e-05	2.828527e-02	-1.121562e+01
3.692000e-05	-3.272607e-02	-1.142610e+01
3.693000e-05	1.840416e-02	-1.165618e+01
3.694000e-05	-1.663869e-02	-1.184607e+01
3.695000e-05	-4.357951e-03	-1.206727e+01
3.696000e-05	-8.970263e-03	-1.220755e+01
3.697000e-05	-1.389400e-02	-1.241644e+01
3.698000e-05	1.500028e-03	-1.257297e+01
3.699000e-05	-2.586876e-02	-1.276346e+01
3.700000e-05	7.000122e-03	-1.294234e+01
3.701000e-05	-2.287285e-02	-1.308822e+01
3.702000e-05	1.224392e-02	-1.325807e+01
3.703000e-05	-2.974244e-02	-1.343304e+01
3.704000e-05	6.033046e-03	-1.359383e+01
3.705000e-05	-2.082982e-02	-1.370770e+01
3.706000e-05	-1.230730e-04	-1.385399e+01
3.707000e-05	-2.059720e-02	-1.398344e+01
3.708000e-05	-7.315408e-03	-1.411826e+01
3.709000e-05	-8.196537e-03	-1.426604e+01
3.710000e-05	-1.065248e-02	-1.439243e+01
3.711000e-05	-1.190077e-02	-1.445515e+01
3.712000e-05	-1.384495e-02	-1.461386e+01
3.713000e-05	-5.222175e-03	-1.467815e+01
3.714000e-05	-1.375382e-02	-1.476236e+01
3.715000e-05	-1.007031e-02	-1.485612e+01
3.716000e-05	-1.617603e-02	-1.492231e+01
3.717000e-05	-8.173241e-03	-1.504854e+01
3.718000e-05	-1.754327e-02	-1.512975e+01
3.719000e-05	-1.105589e-02	-1.520284e+01
3.720000e-05	-1.756467e-02	-1.523554e+01
3.721000e-05	-6.430437e-03	-1.528815e+01
3.722000e-05	-1.492565e-02	-1.533923e+01
3.723000e-05	-1.160327e-02	-1.539292e+01
3.724000e-05	-1.688631e-02	-1.541457e+01
3.725000e-05	-1.281041e-02	-1.547552e+01
3.726000e-05	-1.484136e-02	-1.552918e+01
3.727000e-05	-1.601867e-02	-1.551075e+01
3.728000e-05	-1.357616e-02	-1.551978e+01
3.729000e-05	-1.412780e-02	-1.557231e+01
3.730000e-05	-1.314622e-02	-1.555088e+01
3.731000e-05	-1.902611e-02	-1.559236e+01
3.732000e-05	-1.651945e-02	-1.554181e+01
3.733000e-05	-1.505401e-02	-1.558275e+01
3.734000e-05	-1.371272e-02	-1.553078e+01
3.735000e-05	-1.830678e-02	-1.551070e+01
3.736000e-05	-1.796947e-02	-1.546707e+01
3.737000e-05	-1.526450e-02	-1.543502e+01
3.738000e-05	-1.429960e-02	-1.541244e+01
3.739000e-05	-1.890792e-02	-1.538131e+01
3.740000e-05	-1.915697e-02	-1.532822e+01
3.741000e-05	-1.652955e-02	-1.528758e+01
3.742000e-05	-1.631420e-02	-1.521494e+01
3.743000e-05	-1.946892e-02	-1.514170e+01
3.744000e-05	-2.037356e-02	-1.507852e+01
3.745000e-05	-1.850267e-02	-1.504346e+01
3.746000e-05	-1.764023e-02	-1.497920e+01
3.747000e-05	-1.930025e-02	-1.487859e+01
3.748000e-05	-1.967260e-02	-1.473275e+01
3.749000e-05	-1.795895e-02	-1.465502e+01
3.750000e-05	-1.856094e-02	-1.457421e+01
3.751000e-05	-2.070005e-02	-1.445654e+01
3.752000e-05	-2.214392e-02	-1.434068e+01
3.753000e-05	-1.826887e-02	-1.422501e+01
3.754000e-05	-1.966424e-02	-1.410813e+01
3.755000e-05	-2.039633e-02	-1.395025e+01
3.756000e-05	-2.100749e-02	-1.381436e+01
3.757000e-05	-1.932050e-02	-1.368010e+01
3.758000e-05	-1.977342e-02	-1.355018e+01
3.759000e-05	-2.112138e-02	-1.342331e+01
3.760000e-05	-2.101125e-02	-1.325557e+01
3.761000e-05	-1.894341e-02	-1.310907e+01
3.762000e-05	-1.793444e-02	-1.296168e+01
3.763000e-05	-1.838875e-02	-1.279481e+01
3.764000e-05	-1.978348e-02	-1.263589e+01
3.765000e-05	-1.718826e-02	-1.240641e+01
3.766000e-05	-1.575890e-02	-1.224855e+01
3.767000e-05	-1.656682e-02	-1.209002e+01
3.768000e-05	-1.734295e-02	-1.190912e+01
3.769000e-05	-1.671195e-02	-1.163892e+01
3.770000e-05	-1.392300e-02	-1.145742e+01
3.771000e-05	-1.522054e-02	-1.125494e+01
3.772000e-05	-1.413161e-02	-1.100679e+01
3.773000e-05	-1.368764e-02	-1.083489e+01
3.774000e-05	-1.193079e-02	-1.060587e+01
3.775000e-05	-1.260076e-02	-1.040381e+01
3.776000e-05	-1.305021e-02	-1.016321e+01
3.777000e-05	-1.130743e-02	-9.943134e+00
3.778000e-05	-1.178348e-02	-9.732732e+00
3.779000e-05	-1.146187e-02	-9.501653e+00
3.780000e-05	-1.160293e-02	-9.300072e+00
3.781000e-05	-1.066340e-02	-9.068443e+00
3.782000e-05	-9.904764e-03	-8.844798e+00
3.783000e-05	-1.027696e-02	-8.544812e+00
3.784000e-05	-1.040718e-02	-8.323707e+00
3.785000e-05	-9.397422e-03	-8.090133e+00
3.786000e-05	-9.489428e-03	-7.840420e+00
3.787000e-05	-8.372612e-03	-7.544734e+00
3.788000e-05	-1.016639e-02	-7.281156e+00
3.789000e-05	-8.659367e-03	-7.019971e+00
3.790000e-05	-8.094796e-03	-6.745216e+00
3.791000e-05	-6.980354e-03	-6.513660e+00
3.792000e-05	-9.021177e-03	-6.270500e+00
3.793000e-05	-6.515966e-03	-5.975765e+00
3.794000e-05	-7.475648e-03	-5.734108e+00
3.795000e-05	-5.726499e-03	-5.437996e+00
3.796000e-05	-8.679205e-03	-5.144112e+00
3.797000e-05	-6.734575e-03	-4.818789e+00
3.798000e-05	-6.995658e-03	-4.494730e+00
3.799000e-05	-5.493877e-03	-4.304081e+00
3.800000e-05	-6.923914e-03	-4.040001e+00
3.801000e-05	-6.927316e-03	-3.705233e+00
3.802000e-05	-6.614609e-03	-3.461028e+00
3.803000e-05	-6.349053e-03	-3.217396e+00
3.804000e-05	-7.407161e-03	-2.873553e+00
3.805000e-05	-5.145843e-03	-2.608849e+00
3.806000e-05	-5.263396e-03	-2.317715e+00
3.807000e-05	-3.507736e-03	-1.990946e+00
3.808000e-05	-5.555388e-03	-1.747766e+00
3.809000e-05	-6.067195e-03	-1.480479e+00
3.810000e-05	-5.403569e-03	-1.135713e+00
3.811000e-05	-5.727567e-03	-8.725038e-01
3.812000e-05	-4.626578e-03	-5.071606e-01
3.813000e-05	-4.584066e-03	-2.844816e-01
3.814000e-05	1.325523e-03	-2.997499e-02
3.815000e-05	9.235252e-03	3.168910e-01
3.816000e-05	-3.644432e-03	5.479450e-01
3.817000e-05	2.687852e-03	7.995776e-01
3.818000e-05	-3.255642e-03	1.126447e+00
3.819000e-05	3.061637e-03	1.399546e+00
3.820000e-05	-4.146840e-03	1.706440e+00
3.821000e-05	1.093466e-02	1.917422e+00
3.822000e-05	2.898227e-02	2.168198e+00
3.823000e-05	8.376439e-02	2.472386e+00
3.824000e-05	-4.419434e-02	2.832231e+00
3.825000e-05	-4.626639e-02	3.134820e+00
3.826000e-05	-3.815284e-02	3.428155e+00
3.827000e-05	5.709549e-03	3.672758e+00
3.828000e-05	-4.339474e-02	3.894236e+00
3.829000e-05	-4.055555e-02	4.081836e+00
3.830000e-05	9.685158e-02	4.420049e+00
3.831000e-05	-1.905541e-02	4.662862e+00
3.832000e-05	4.239076e-02	4.865440e+00
3.833000e-05	2.786813e-02	5.311833e+00
3.834000e-05	-9.392227e-02	5.565944e+00
3.835000e-05	6.423312e-02	5.797628e+00
3.836000e-05	-3.078731e-02	6.102859e+00
3.837000e-05	2.079412e-02	6.383390e+00
3.838000e-05	-1.832307e-02	6.658704e+00
3.839000e-05	8.532192e-04	6.933888e+00
3.840000e-05	6.793294e-02	7.186041e+00
3.841000e-05	-5.783493e-02	7.469232e+00
3.842000e-05	-1.901967e-03	7.714441e+00
3.843000e-05	-1.667057e-02	8.005149e+00
3.844000e-05	5.813175e-02	8.279755e+00
3.845000e-05	-1.045922e-02	8.492260e+00
3.846000e-05	-3.539405e-02	8.742308e+00
3.847000e-05	4.335190e-02	8.933515e+00
3.848000e-05	-1.676224e-02	9.196470e+00
3.849000e-05	1.576387e-02	9.416650e+00
3.850000e-05	-3.203166e-02	9.649649e+00
3.851000e-05	2.700098e-02	9.899682e+00
3.852000e-05	1.065419e-02	1.007176e+01
3.853000e-05	4.769726e-03	1.034338e+01
3.854000e-05	-5.990470e-03	1.055434e+01
3.855000e-05	-1.197145e-02	1.078394e+01
3.856000e-05	2.749775e-02	1.097491e+01
3.857000e-05	-1.531531e-02	1.118436e+01
3.858000e-05	9.557566e-03	1.138396e+01
3.859000e-05	-6.024320e-03	1.162346e+01
3.860000e-05	2.710058e-02	1.179594e+01
3.861000e-05	-6.628609e-03	1.200646e+01
3.862000e-05	7.810552e-04	1.214396e+01
3.863000e-05	-1.467623e-03	1.237389e+01
3.864000e-05	9.977212e-03	1.251228e+01
3.865000e-05	6.540071e-03	1.273128e+01
3.866000e-05	-4.743617e-03	1.283770e+01
3.867000e-05	1.147839e-02	1.308702e+01
3.868000e-05	6.069658e-03	1.320499e+01
3.869000e-05	1.013179e-02	1.336178e+01
3.870000e-05	-9.484398e-03	1.346028e+01
3.871000e-05	8.202583e-03	1.367605e+01
3.872000e-05	5.690154e-03	1.374284e+01
3.873000e-05	7.708043e-03	1.392925e+01
3.874000e-05	-6.480556e-04	1.405559e+01
3.875000e-05	6.785455e-03	1.421344e+01
3.876000e-05	1.221469e-02	1.432828e+01
3.877000e-05	3.501465e-03	1.444704e+01
3.878000e-05	4.443176e-04	1.454226e+01
3.879000e-05	1.992528e-03	1.464652e+01
3.880000e-05	1.389911e-02	1.475028e+01
3.881000e-05	4.603302e-03	1.480599e+01
3.882000e-05	3.160888e-03	1.489015e+01
3.883000e-05	5.182344e-03	1.496341e+01
3.884000e-05	1.065950e-02	1.504554e+01
3.885000e-05	7.260359e-03	1.509858e+01
3.886000e-05	8.028235e-04	1.516331e+01
3.887000e-05	8.064721e-03	1.522501e+01
3.888000e-05	1.092167e-02	1.530852e+01
3.889000e-05	9.676544e-03	1.533873e+01
3.890000e-05	2.632256e-03	1.535086e+01
3.891000e-05	7.489879e-03	1.545449e+01
3.892000e-05	1.064309e-02	1.547447e+01
3.893000e-05	9.683785e-03	1.548709e+01
3.894000e-05	5.182749e-03	1.549810e+01
3.895000e-05	7.662007e-03	1.550865e+01
3.896000e-05	1.223957e-02	1.549912e+01
3.897000e-05	8.719700e-03	1.547820e+01
3.898000e-05	6.630894e-03	1.551765e+01
3.899000e-05	6.325089e-03	1.552610e+01
3.900000e-05	1.272783e-02	1.548645e+01
3.901000e-05	1.084647e-02	1.543494e+01
3.902000e-05	7.979149e-03	1.543491e+01
3.903000e-05	9.143678e-03	1.538131e+01
3.904000e-05	1.228018e-02	1.537028e+01
3.905000e-05	1.198929e-02	1.532909e+01
3.906000e-05	6.582397e-03	1.524694e+01
3.907000e-05	1.010111e-02	1.521483e+01
3.908000e-05	1.200015e-02	1.512115e+01
3.909000e-05	1.336083e-02	1.506645e+01
3.910000e-05	8.397558e-03	1.499281e+01
3.911000e-05	9.174956e-03	1.491063e+01
3.912000e-05	1.227884e-02	1.485444e+01
3.913000e-05	1.258829e-02	1.474171e+01
3.914000e-05	1.053413e-02	1.469645e+01
3.915000e-05	9.584922e-03	1.455273e+01
3.916000e-05	1.479157e-02	1.450807e+01
3.917000e-05	1.278446e-02	1.436023e+01
3.918000e-05	1.137945e-02	1.421537e+01
3.919000e-05	1.075151e-02	1.411910e+01
3.920000e-05	1.386531e-02	1.397136e+01
3.921000e-05	1.395792e-02	1.383544e+01
3.922000e-05	1.126906e-02	1.368762e+01
3.923000e-05	1.184346e-02	1.356168e+01
3.924000e-05	1.312028e-02	1.342589e+01
3.925000e-05	1.378411e-02	1.327852e+01
3.926000e-05	9.740252e-03	1.314018e+01
3.927000e-05	1.103641e-02	1.298375e+01
3.928000e-05	1.180894e-02	1.276583e+01
3.929000e-05	1.265378e-02	1.265637e+01
3.930000e-05	8.354048e-03	1.245900e+01
3.931000e-05	7.348794e-03	1.232113e+01
3.932000e-05	8.409239e-03	1.211118e+01
3.933000e-05	8.313298e-03	1.195213e+01
3.934000e-05	7.176258e-03	1.175965e+01
3.935000e-05	5.158619e-03	1.152168e+01
3.936000e-05	7.745026e-03	1.130263e+01
3.937000e-05	6.199877e-03	1.111110e+01
3.938000e-05	4.712847e-03	1.092218e+01
3.939000e-05	3.738974e-03	1.072113e+01
3.940000e-05	4.493474e-03	1.049002e+01
3.941000e-05	4.909701e-03	1.028002e+01
3.942000e-05	2.594408e-03	1.008747e+01
3.943000e-05	2.282118e-03	9.837392e+00
3.944000e-05	3.027025e-03	9.545312e+00
3.945000e-05	2.586305e-03	9.367262e+00
3.946000e-05	1.459249e-03	9.164736e+00
3.947000e-05	9.663660e-04	8.932130e+00
3.948000e-05	1.438905e-03	8.681075e+00
3.949000e-05	1.792259e-03	8.467423e+00
3.950000e-05	3.264703e-05	8.217886e+00
3.951000e-05	-6.287923e-04	7.942131e+00
3.952000e-05	-1.643470e-04	7.711055e+00
3.953000e-05	-1.810173e-04	7.419343e+00
3.954000e-05	-2.706168e-04	7.165287e+00
3.955000e-05	-1.683461e-03	6.913155e+00
3.956000e-05	-9.024730e-04	6.610949e+00
3.957000e-05	-2.438005e-03	6.366791e+00
3.958000e-05	3.610678e-04	6.145683e+00
3.959000e-05	-4.727463e-03	5.901498e+00
3.960000e-05	-1.008854e-03	5.607340e+00
3.961000e-05	-3.572040e-03	5.306058e+00
3.962000e-05	-1.549866e-03	4.937209e+00
3.963000e-05	-1.698907e-03	4.714628e+00
3.964000e-05	-2.291736e-03	4.389395e+00
3.965000e-05	-2.992064e-03	4.105082e+00
3.966000e-05	-4.622280e-03	3.830445e+00
3.967000e-05	-5.512139e-03	3.607891e+00
3.968000e-05	-5.118711e-03	3.333550e+00
3.969000e-05	-4.067372e-03	2.990920e+00
3.970000e-05	-1.527671e-03	2.737136e+00
3.971000e-05	-3.759264e-03	2.400949e+00
3.972000e-05	-3.840621e-03	2.146288e+00
3.973000e-05	-4.115042e-03	1.935231e+00
3.974000e-05	-5.497765e-03	1.609868e+00
3.975000e-05	-4.943884e-03	1.285109e+00
3.976000e-05	-7.172127e-03	9.562117e-01
3.977000e-05	-3.648765e-03	6.625015e-01
3.978000e-05	-3.512463e-03	3.893711e-01
3.979000e-05	-2.160734e-03	8.355652e-02
3.980000e-05	-4.717075e-04	-1.696225e-01
3.981000e-05	8.090781e-03	-4.211541e-01
3.982000e-05	-6.835249e-03	-7.469186e-01
3.983000e-05	-5.706236e-04	-9.790513e-01
3.984000e-05	-7.895756e-03	-1.262258e+00
3.985000e-05	-7.446582e-04	-1.578501e+00
3.986000e-05	-1.133678e-03	-1.798128e+00
3.987000e-05	2.351664e-02	-2.041103e+00
3.988000e-05	9.203867e-02	-2.274362e+00
3.989000e-05	-2.507599e-02	-2.640759e+00
3.990000e-05	-5.384442e-02	-3.060858e+00
3.991000e-05	-3.911796e-02	-3.376549e+00
3.992000e-05	-1.718704e-02	-3.569000e+00
3.993000e-05	-6.361928e-02	-3.870762e+00
3.994000e-05	2.188393e-02	-4.062206e+00
3.995000e-05	1.039021e-01	-4.230179e+00
3.996000e-05	-1.455208e-01	-4.534974e+00
3.997000e-05	2.040179e-01	-4.849101e+00
3.998000e-05	-1.210044e-01	-5.091888e+00
3.999000e-05	-5.640067e-03	-5.490282e+00
4.000000e-05	1.722847e-02	-5.683309e+00
4.001000e-05	-1.056193e-01	-6.007651e+00
4.002000e-05	1.419106e-01	-6.249650e+00
4.003000e-05	-1.166745e-01	-6.522961e+00
4.004000e-05	8.409519e-02	-6.776069e+00
4.005000e-05	-1.805326e-03	-7.137829e+00
4.006000e-05	-6.951810e-02	-7.395023e+00
4.007000e-05	5.080289e-02	-7.576674e+00
4.008000e-05	-9.579170e-02	-7.891439e+00
4.009000e-05	1.048566e-01	-8.163441e+00
4.010000e-05	-7.371217e-02	-8.394520e+00
4.011000e-05	2.764716e-02	-8.708782e+00
4.012000e-05	1.545171e-02	-8.847762e+00
4.013000e-05	-6.380736e-02	-9.152362e+00
4.014000e-05	5.344019e-02	-9.333463e+00
4.015000e-05	-8.621903e-02	-9.606093e+00
4.016000e-05	8.154836e-02	-9.818048e+00
4.017000e-05	-6.232652e-02	-1.002725e+01
4.018000e-05	4.198518e-02	-1.029028e+01
4.019000e-05	-4.114632e-02	-1.045823e+01
4.020000e-05	3.406396e-03	-1.073288e+01
4.021000e-05	-4.850583e-03	-1.086178e+01
4.022000e-05	-3.048407e-02	-1.113083e+01
4.023000e-05	2.119225e-02	-1.132038e+01
4.024000e-05	-2.916538e-02	-1.159091e+01
4.025000e-05	3.025878e-02	-1.180241e+01
4.026000e-05	-4.239873e-02	-1.192196e+01
4.027000e-05	1.822020e-02	-1.218239e+01
4.028000e-05	-3.801895e-02	-1.235031e+01
4.029000e-05	1.689762e-02	-1.249033e+01
4.030000e-05	-2.849781e-02	-1.267865e+01
4.031000e-05	5.923867e-03	-1.287815e+01
4.032000e-05	-1.458381e-02	-1.297404e+01
4.033000e-05	2.646159e-04	-1.316339e+01
4.034000e-05	-1.069413e-02	-1.330080e+01
4.035000e-05	-1.772916e-02	-1.350813e+01
4.036000e-05	-1.334095e-03	-1.360604e+01
4.037000e-05	-1.801280e-02	-1.377286e+01
4.038000e-05	4.188620e-04	-1.394018e+01
4.039000e-05	-2.203481e-02	-1.402567e+01
4.040000e-05	2.102809e-03	-1.420134e+01
4.041000e-05	-1.728120e-02	-1.432820e+01
4.042000e-05	-5.650784e-03	-1.445607e+01
4.043000e-05	-1.917999e-02	-1.456083e+01
4.044000e-05	-5.593237e-03	-1.465503e+01
4.045000e-05	-1.258117e-02	-1.472175e+01
4.046000e-05	-1.007770e-02	-1.482504e+01
4.047000e-05	-1.465606e-02	-1.487925e+01
4.048000e-05	-8.157914e-03	-1.499096e+01
4.049000e-05	-1.195824e-02	-1.507562e+01
4.050000e-05	-1.365871e-02	-1.512931e+01
4.051000e-05	-1.600492e-02	-1.519396e+01
4.052000e-05	-1.212280e-02	-1.526605e+01
4.053000e-05	-9.576255e-03	-1.531925e+01
4.054000e-05	-1.596622e-02	-1.537031e+01
4.055000e-05	-1.243795e-02	-1.540497e+01
4.056000e-05	-1.701832e-02	-1.548754e+01
4.057000e-05	-1.000753e-02	-1.548917e+01
4.058000e-05	-1.717926e-02	-1.551813e+01
4.059000e-05	-1.346741e-02	-1.554923e+01
4.060000e-05	-1.601767e-02	-1.557023e+01
4.061000e-05	-1.209842e-02	-1.558031e+01
4.062000e-05	-1.668673e-02	-1.555233e+01
4.063000e-05	-1.838581e-02	-1.556236e+01
4.064000e-05	-1.737986e-02	-1.555120e+01
4.065000e-05	-1.463573e-02	-1.557073e+01
4.066000e-05	-1.545885e-02	-1.552020e+01
4.067000e-05	-1.695190e-02	-1.549020e+01
4.068000e-05	-1.689694e-02	-1.548752e+01
4.069000e-05	-1.581084e-02	-1.544545e+01
4.070000e-05	-1.721566e-02	-1.540291e+01
4.071000e-05	-2.054398e-02	-1.531125e+01
4.072000e-05	-1.804301e-02	-1.529870e+01
4.073000e-05	-1.736405e-02	-1.522602e+01
4.074000e-05	-1.717581e-02	-1.518244e+01
4.075000e-05	-1.992585e-02	-1.513016e+01
4.076000e-05	-1.923244e-02	-1.507654e+01
4.077000e-05	-1.919187e-02	-1.497181e+01
4.078000e-05	-1.808181e-02	-1.489810e+01
4.079000e-05	-2.005434e-02	-1.481494e+01
4.080000e-05	-1.962024e-02	-1.471000e+01
4.081000e-05	-1.858835e-02	-1.462534e+01
4.082000e-05	-1.977484e-02	-1.450920e+01
4.083000e-05	-2.072147e-02	-1.440431e+01
4.084000e-05	-2.183028e-02	-1.431967e+01
4.085000e-05	-1.953982e-02	-1.416233e+01
4.086000e-05	-1.968596e-02	-1.398451e+01
4.087000e-05	-2.074696e-02	-1.386962e+01
4.088000e-05	-2.111023e-02	-1.379179e+01
4.089000e-05	-2.054543e-02	-1.361444e+01
4.090000e-05	-1.948059e-02	-1.349757e+01
4.091000e-05	-2.056466e-02	-1.328005e+01
4.092000e-05	-2.089232e-02	-1.316434e+01
4.093000e-05	-1.904612e-02	-1.302794e+01
4.094000e-05	-1.824969e-02	-1.288809e+01
4.095000e-05	-1.876604e-02	-1.267958e+01
4.096000e-05	-1.872842e-02	-1.253110e+01
4.097000e-05	-1.712115e-02	-1.235276e+01
4.098000e-05	-1.603240e-02	-1.218328e+01
4.099000e-05	-1.695229e-02	-1.200329e+01
4.100000e-05	-1.724933e-02	-1.178268e+01
4.101000e-05	-1.475370e-02	-1.156023e+01
4.102000e-05	-1.383188e-02	-1.133156e+01
4.103000e-05	-1.404999e-02	-1.112215e+01
4.104000e-05	-1.428972e-02	-1.092163e+01
4.105000e-05	-1.286691e-02	-1.070220e+01
4.106000e-05	-1.223218e-02	-1.053918e+01
4.107000e-05	-1.230108e-02	-1.028007e+01
4.108000e-05	-1.258570e-02	-1.005897e+01
4.109000e-05	-1.154476e-02	-9.838973e+00
4.110000e-05	-1.088087e-02	-9.627919e+00
4.111000e-05	-1.170497e-02	-9.396860e+00
4.112000e-05	-1.174376e-02	-9.155234e+00
4.113000e-05	-1.015597e-02	-8.963658e+00
4.114000e-05	-9.969538e-03	-8.701628e+00
4.115000e-05	-9.206504e-03	-8.429348e+00
4.116000e-05	-1.013667e-02	-8.187418e+00
4.117000e-05	-9.544329e-03	-7.996337e+00
4.118000e-05	-8.500342e-03	-7.719027e+00
4.119000e-05	-9.278022e-03	-7.457918e+00
4.120000e-05	-8.860604e-03	-7.154809e+00
4.121000e-05	-8.960491e-03	-6.893581e+00
4.122000e-05	-7.569246e-03	-6.669494e+00
4.123000e-05	-7.891952e-03	-6.385365e+00
4.124000e-05	-7.322438e-03	-6.123632e+00
4.125000e-05	-7.773839e-03	-5.829573e+00
4.126000e-05	-6.844079e-03	-5.624316e+00
4.127000e-05	-6.433932e-03	-5.239970e+00
4.128000e-05	-7.981552e-03	-4.976312e+00
4.129000e-05	-7.035080e-03	-4.629450e+00
4.130000e-05	-5.789498e-03	-4.417847e+00
4.131000e-05	-5.064102e-03	-4.186815e+00
4.132000e-05	-7.707831e-03	-3.892479e+00
4.133000e-05	-6.610057e-03	-3.588923e+00
4.134000e-05	-8.360853e-03	-3.345586e+00
4.135000e-05	-5.503055e-03	-3.021975e+00
4.136000e-05	-7.106769e-03	-2.735688e+00
4.137000e-05	-4.369348e-03	-2.474052e+00
4.138000e-05	-4.677342e-03	-2.186740e+00
4.139000e-05	-4.761631e-03	-1.923109e+00
4.140000e-05	-6.575625e-03	-1.630949e+00
4.141000e-05	-5.119942e-03	-1.284030e+00
4.142000e-05	-5.601801e-03	-1.010317e+00
4.143000e-05	-5.163095e-03	-7.352580e-01
4.144000e-05	-4.601629e-03	-3.814448e-01
4.145000e-05	-3.590135e-03	-1.261406e-01
4.146000e-05	5.883311e-03	1.459910e-01
4.147000e-05	2.309533e-03	4.411779e-01
4.148000e-05	-3.465247e-04	6.538620e-01
4.149000e-05	-4.077137e-04	9.279651e-01
4.150000e-05	8.586208e-04	1.231787e+00
4.151000e-05	-4.856452e-04	1.528091e+00
4.152000e-05	4.570895e-04	1.841229e+00
4.153000e-05	1.472480e-02	2.021229e+00
4.154000e-05	6.083840e-02	2.304370e+00
4.155000e-05	3.856225e-02	2.693313e+00
4.156000e-05	-6.935079e-02	2.968176e+00
4.157000e-05	-3.835041e-02	3.251208e+00
4.158000e-05	-1.892723e-02	3.546922e+00
4.159000e-05	-2.884047e-03	3.768546e+00
4.160000e-05	-6.443380e-02	3.977898e+00
4.161000e-05	2.223208e-02	4.267707e+00
4.162000e-05	8.823041e-02	4.545466e+00
4.163000e-05	-6.339321e-02	4.818946e+00
4.164000e-05	1.216770e-01	5.150758e+00
4.165000e-05	-1.012431e-01	5.450153e+00
4.166000e-05	7.295728e-03	5.661809e+00
4.167000e-05	3.204043e-02	5.966995e+00
4.168000e-05	-3.477683e-02	6.199548e+00
4.169000e-05	3.995650e-02	6.462811e+00
4.170000e-05	-5.710738e-02	6.798046e+00
4.171000e-05	7.938051e-02	7.020649e+00
4.172000e-05	-1.491353e-02	7.313836e+00
4.173000e-05	-2.910392e-02	7.606096e+00
4.174000e-05	-1.275358e-02	7.860229e+00
4.175000e-05	2.202617e-02	8.184416e+00
4.176000e-05	4.153495e-02	8.385970e+00
4.177000e-05	-4.623157e-02	8.607570e+00
4.178000e-05	1.482988e-02	8.828175e+00
4.179000e-05	1.583472e-02	9.121732e+00
4.180000e-05	-6.874159e-03	9.280807e+00
4.181000e-05	-4.234009e-03	9.554366e+00
4.182000e-05	-1.245925e-02	9.794041e+00
4.183000e-05	3.260993e-02	9.996525e+00
4.184000e-05	2.765587e-03	1.022705e+01
4.185000e-05	5.029342e-03	1.042660e+01
4.186000e-05	-1.613453e-02	1.065770e+01
4.187000e-05	1.027920e-02	1.089763e+01
4.188000e-05	8.986918e-03	1.107907e+01
4.189000e-05	-8.848685e-03	1.124868e+01
4.190000e-05	4.906282e-03	1.148870e+01
4.191000e-05	1.048131e-02	1.171078e+01
4.192000e-05	1.532425e-02	1.185921e+01
4.193000e-05	-6.845811e-03	1.205025e+01
4.194000e-05	-1.760088e-03	1.230073e+01
4.195000e-05	2.996694e-03	1.245812e+01
4.196000e-05	8.622397e-03	1.263400e+01
4.197000e-05	9.913679e-04	1.276386e+01
4.198000e-05	2.202643e-03	1.295081e+01
4.199000e-05	1.154511e-02	1.313180e+01
4.200000e-05	1.086487e-02	1.327665e+01
4.201000e-05	-1.087727e-03	1.344502e+01
4.202000e-05	-1.926793e-03	1.356233e+01
4.203000e-05	5.369533e-03	1.372033e+01
4.204000e-05	9.793657e-03	1.383297e+01
4.205000e-05	3.992722e-04	1.397143e+01
4.206000e-05	4.192870e-03	1.413125e+01
4.207000e-05	7.900410e-03	1.422512e+01
4.208000e-05	1.098228e-02	1.438083e+01
4.209000e-05	5.769223e-05	1.449920e+01
4.210000e-05	1.471401e-03	1.459544e+01
4.211000e-05	8.790570e-03	1.469858e+01
4.212000e-05	9.301436e-03	1.478189e+01
4.213000e-05	4.042526e-03	1.481652e+01
4.214000e-05	1.549120e-03	1.494118e+01
4.215000e-05	1.113082e-02	1.500491e+01
4.216000e-05	7.130905e-03	1.508655e+01
4.217000e-05	5.961599e-03	1.509970e+01
4.218000e-05	7.305154e-04	1.518536e+01
4.219000e-05	1.135047e-02	1.524714e+01
4.220000e-05	1.081813e-02	1.526717e+01
4.221000e-05	4.473139e-03	1.533081e+01
4.222000e-05	5.683296e-03	1.539181e+01
4.223000e-05	6.954638e-03	1.543497e+01
4.224000e-05	1.317998e-02	1.545502e+01
4.225000e-05	5.066883e-03	1.548604e+01
4.226000e-05	7.046428e-03	1.550010e+01
4.227000e-05	8.790134e-03	1.548867e+01
4.228000e-05	1.278226e-02	1.548812e+01
4.229000e-05	6.346234e-03	1.549917e+01
4.230000e-05	5.593607e-03	1.550868e+01
4.231000e-05	1.026630e-02	1.547764e+01
4.232000e-05	1.249507e-02	1.542647e+01
4.233000e-05	9.942767e-03	1.544547e+01
4.234000e-05	6.455869e-03	1.541328e+01
4.235000e-05	1.133431e-02	1.536171e+01
4.236000e-05	1.173852e-02	1.529923e+01
4.237000e-05	1.002463e-02	1.527800e+01
4.238000e-05	7.189495e-03	1.519544e+01
4.239000e-05	1.121082e-02	1.515225e+01
4.240000e-05	1.317453e-02	1.509855e+01
4.241000e-05	1.082300e-02	1.501484e+01
4.242000e-05	8.362568e-03	1.493235e+01
4.243000e-05	1.078878e-02	1.489804e+01
4.244000e-05	1.324933e-02	1.477336e+01
4.245000e-05	1.072539e-02	1.469915e+01
4.246000e-05	9.976402e-03	1.464634e+01
4.247000e-05	1.147493e-02	1.450022e+01
4.248000e-05	1.507464e-02	1.441329e+01
4.249000e-05	1.204958e-02	1.429910e+01
4.250000e-05	1.076029e-02	1.416083e+01
4.251000e-05	1.248650e-02	1.407649e+01
4.252000e-05	1.493054e-02	1.389958e+01
4.253000e-05	1.343302e-02	1.379323e+01
4.254000e-05	1.088476e-02	1.361497e+01
4.255000e-05	1.141489e-02	1.347955e+01
4.256000e-05	1.244722e-02	1.335175e+01
4.257000e-05	1.154536e-02	1.318431e+01
4.258000e-05	9.944302e-03	1.308644e+01
4.259000e-05	1.149156e-02	1.287802e+01
4.260000e-05	1.286563e-02	1.273260e+01
4.261000e-05	1.154287e-02	1.255333e+01
4.262000e-05	8.699401e-03	1.239579e+01
4.263000e-05	7.466478e-03	1.224687e+01
4.264000e-05	7.692503e-03	1.201579e+01
4.265000e-05	7.674195e-03	1.183649e+01
4.266000e-05	5.886271e-03	1.166702e+01
4.267000e-05	6.576195e-03	1.141746e+01
4.268000e-05	6.006752e-03	1.121629e+01
4.269000e-05	7.014023e-03	1.102734e+01
4.270000e-05	3.868402e-03	1.084782e+01
4.271000e-05	4.436930e-03	1.062641e+01
4.272000e-05	3.372796e-03	1.035424e+01
4.273000e-05	4.565851e-03	1.015529e+01
4.274000e-05	2.650313e-03	9.952155e+00
4.275000e-05	2.346628e-03	9.732099e+00
4.276000e-05	2.572461e-03	9.501500e+00
4.277000e-05	2.606164e-03	9.260997e+00
4.278000e-05	1.692231e-03	9.049941e+00
4.279000e-05	7.770565e-05	8.745262e+00
4.280000e-05	1.946408e-03	8.564184e+00
4.281000e-05	2.092821e-03	8.353131e+00
4.282000e-05	5.700750e-04	8.099503e+00
4.283000e-05	-2.642296e-03	7.847867e+00
4.284000e-05	-1.039479e-04	7.575708e+00
4.285000e-05	-1.496390e-04	7.271503e+00
4.286000e-05	-7.434798e-04	6.969945e+00
4.287000e-05	-3.278687e-03	6.826340e+00
4.288000e-05	-8.856158e-04	6.532103e+00
4.289000e-05	-1.024655e-03	6.201971e+00
4.290000e-05	-8.837744e-04	5.985893e+00
4.291000e-05	-3.520483e-03	5.693079e+00
4.292000e-05	-2.646563e-03	5.470474e+00
4.293000e-05	-1.732242e-03	5.185155e+00
4.294000e-05	-2.701628e-03	4.788395e+00
4.295000e-05	-4.073318e-03	4.545211e+00
4.296000e-05	-2.847062e-03	4.272030e+00
4.297000e-05	-1.945625e-03	3.936291e+00
4.298000e-05	-3.936484e-03	3.693133e+00
4.299000e-05	-4.325275e-03	3.420968e+00
4.300000e-05	-3.274511e-03	3.145764e+00
4.301000e-05	-3.865992e-03	2.883105e+00
4.302000e-05	-4.816798e-03	2.590187e+00
4.303000e-05	-5.225223e-03	2.293508e+00
4.304000e-05	-4.041599e-03	2.020950e+00
4.305000e-05	-3.468507e-03	1.747213e+00
4.306000e-05	-4.936286e-03	1.421923e+00
4.307000e-05	-5.277143e-03	1.147687e+00
4.308000e-05	-4.835317e-03	7.699211e-01
4.309000e-05	-3.271019e-03	5.276092e-01
4.310000e-05	-3.982436e-03	2.619975e-01
4.311000e-05	-3.142829e-03	-6.320552e-02
4.312000e-05	5.197438e-03	-3.039183e-01
4.313000e-05	-1.986300e-04	-5.680738e-01
4.314000e-05	-1.062136e-03	-8.513331e-01
4.315000e-05	-5.689127e-03	-1.105888e+00
4.316000e-05	-1.910673e-03	-1.418731e+00
4.317000e-05	-2.873552e-03	-1.683359e+00
4.318000e-05	8.963597e-03	-1.944921e+00
4.319000e-05	4.914533e-02	-2.115470e+00
4.320000e-05	7.573486e-02	-2.491362e+00
4.321000e-05	-8.434492e-02	-2.862353e+00
4.322000e-05	-2.388309e-02	-3.239181e+00
4.323000e-05	-4.575852e-02	-3.502810e+00
4.324000e-05	-1.628842e-02	-3.703516e+00
4.325000e-05	-7.909545e-02	-3.988600e+00
4.326000e-05	1.461865e-01	-4.125841e+00
4.327000e-05	-7.717790e-02	-4.356173e+00
4.328000e-05	3.411767e-02	-4.752838e+00
4.329000e-05	1.095377e-01	-4.933442e+00
4.330000e-05	-1.753144e-01	-5.281937e+00
4.331000e-05	1.139817e-01	-5.575917e+00
4.332000e-05	-1.331954e-01	-5.838230e+00
4.333000e-05	7.289887e-02	-6.124408e+00
4.334000e-05	1.537967e-02	-6.374442e+00
4.335000e-05	-6.699678e-02	-6.691233e+00
4.336000e-05	1.203227e-01	-6.903834e+00
4.337000e-05	-1.124736e-01	-7.208628e+00
4.338000e-05	4.326723e-02	-7.493755e+00
4.339000e-05	-4.949077e-02	-7.732513e+00
4.340000e-05	4.302843e-03	-8.047729e+00
4.341000e-05	5.636358e-02	-8.280703e+00
4.342000e-05	-9.122140e-02	-8.513415e+00
4.343000e-05	9.566582e-02	-8.763466e+00
4.344000e-05	-9.089802e-02	-9.016646e+00
4.345000e-05	4.330684e-02	-9.237675e+00
4.346000e-05	-4.467185e-02	-9.487150e+00
4.347000e-05	4.819312e-03	-9.700831e+00
4.348000e-05	2.482715e-02	-9.901304e+00
4.349000e-05	-3.975453e-02	-1.015299e+01
4.350000e-05	4.108342e-02	-1.039399e+01
4.351000e-05	-6.525226e-02	-1.055552e+01
4.352000e-05	4.439217e-02	-1.078394e+01
4.353000e-05	-5.746334e-02	-1.099405e+01
4.354000e-05	2.959368e-02	-1.119662e+01
4.355000e-05	-3.065615e-02	-1.141457e+01
4.356000e-05	1.737259e-02	-1.165760e+01
4.357000e-05	-1.655816e-02	-1.184752e+01
4.358000e-05	-7.602628e-03	-1.208720e+01
4.359000e-05	-9.543945e-03	-1.223612e+01
4.360000e-05	-1.576933e-02	-1.241504e+01
4.361000e-05	5.077845e-03	-1.259541e+01
4.362000e-05	-2.499877e-02	-1.280304e+01
4.363000e-05	1.099268e-02	-1.295241e+01
4.364000e-05	-2.397392e-02	-1.308765e+01
4.365000e-05	1.229318e-02	-1.324657e+01
4.366000e-05	-3.055390e-02	-1.335441e+01
4.367000e-05	4.669708e-03	-1.357394e+01
4.368000e-05	-2.139537e-02	-1.364822e+01
4.369000e-05	1.325110e-03	-1.384557e+01
4.370000e-05	-1.782090e-02	-1.393283e+01
4.371000e-05	-6.873153e-03	-1.411878e+01
4.372000e-05	-7.211840e-03	-1.419505e+01
4.373000e-05	-1.032159e-02	-1.435189e+01
4.374000e-05	-1.148567e-02	-1.446763e+01
4.375000e-05	-1.646315e-02	-1.459293e+01
4.376000e-05	-5.316023e-03	-1.462858e+01
4.377000e-05	-1.404783e-02	-1.476238e+01
4.378000e-05	-8.920337e-03	-1.484712e+01
4.379000e-05	-1.647530e-02	-1.491878e+01
4.380000e-05	-5.922802e-03	-1.502461e+01
4.381000e-05	-1.564007e-02	-1.510963e+01
4.382000e-05	-1.051833e-02	-1.518281e+01
4.383000e-05	-1.861714e-02	-1.525404e+01
4.384000e-05	-7.082602e-03	-1.527914e+01
4.385000e-05	-1.483311e-02	-1.527878e+01
4.386000e-05	-1.170057e-02	-1.539231e+01
4.387000e-05	-1.742003e-02	-1.544497e+01
4.388000e-05	-1.336770e-02	-1.544757e+01
4.389000e-05	-1.363394e-02	-1.552865e+01
4.390000e-05	-1.680272e-02	-1.549970e+01
4.391000e-05	-1.308990e-02	-1.552928e+01
4.392000e-05	-1.461519e-02	-1.555076e+01
4.393000e-05	-1.196323e-02	-1.555181e+01
4.394000e-05	-1.867461e-02	-1.552293e+01
4.395000e-05	-1.802720e-02	-1.553328e+01
4.396000e-05	-1.798634e-02	-1.555120e+01
4.397000e-05	-1.522406e-02	-1.553125e+01
4.398000e-05	-1.803531e-02	-1.551018e+01
4.399000e-05	-1.699884e-02	-1.548757e+01
4.400000e-05	-1.573474e-02	-1.544700e+01
4.401000e-05	-1.454458e-02	-1.542539e+01
4.402000e-05	-1.777516e-02	-1.534086e+01
4.403000e-05	-1.980152e-02	-1.533968e+01
4.404000e-05	-1.892010e-02	-1.526652e+01
4.405000e-05	-1.810996e-02	-1.523447e+01
4.406000e-05	-1.930778e-02	-1.515928e+01
4.407000e-05	-1.968082e-02	-1.509908e+01
4.408000e-05	-1.785234e-02	-1.505547e+01
4.409000e-05	-1.743444e-02	-1.497165e+01
4.410000e-05	-1.807206e-02	-1.480607e+01
4.411000e-05	-2.020353e-02	-1.475228e+01
4.412000e-05	-1.947578e-02	-1.468700e+01
4.413000e-05	-1.962315e-02	-1.458078e+01
4.414000e-05	-1.944852e-02	-1.446659e+01
4.415000e-05	-2.177156e-02	-1.432273e+01
4.416000e-05	-1.957400e-02	-1.422552e+01
4.417000e-05	-1.966420e-02	-1.410863e+01
4.418000e-05	-2.004076e-02	-1.396219e+01
4.419000e-05	-2.189240e-02	-1.380394e+01
4.420000e-05	-2.074129e-02	-1.367810e+01
4.421000e-05	-1.925994e-02	-1.356023e+01
4.422000e-05	-2.021510e-02	-1.340384e+01
4.423000e-05	-2.121398e-02	-1.324737e+01
4.424000e-05	-2.055868e-02	-1.306863e+01
4.425000e-05	-1.805457e-02	-1.294173e+01
4.426000e-05	-1.868102e-02	-1.280331e+01
4.427000e-05	-1.913590e-02	-1.262494e+01
4.428000e-05	-1.836453e-02	-1.241689e+01
4.429000e-05	-1.591864e-02	-1.227847e+01
4.430000e-05	-1.621898e-02	-1.207952e+01
4.431000e-05	-1.683466e-02	-1.189805e+01
4.432000e-05	-1.753815e-02	-1.164449e+01
4.433000e-05	-1.395508e-02	-1.144444e+01
4.434000e-05	-1.404004e-02	-1.124537e+01
4.435000e-05	-1.408814e-02	-1.100686e+01
4.436000e-05	-1.362947e-02	-1.083889e+01
4.437000e-05	-1.170943e-02	-1.061637e+01
4.438000e-05	-1.212004e-02	-1.044446e+01
4.439000e-05	-1.242387e-02	-1.021626e+01
4.440000e-05	-1.228916e-02	-9.962159e+00
4.441000e-05	-1.076549e-02	-9.724234e+00
4.442000e-05	-1.021709e-02	-9.512652e+00
4.443000e-05	-1.128993e-02	-9.320175e+00
4.444000e-05	-1.082681e-02	-9.038974e+00
4.445000e-05	-1.078723e-02	-8.836418e+00
4.446000e-05	-9.609972e-03	-8.576715e+00
4.447000e-05	-9.872900e-03	-8.331210e+00
4.448000e-05	-1.019194e-02	-8.100079e+00
4.449000e-05	-9.246283e-03	-7.848487e+00
4.450000e-05	-7.688093e-03	-7.543234e+00
4.451000e-05	-8.594817e-03	-7.303160e+00
4.452000e-05	-8.631798e-03	-7.018999e+00
4.453000e-05	-9.297423e-03	-6.754312e+00
4.454000e-05	-6.759925e-03	-6.524209e+00
4.455000e-05	-8.896131e-03	-6.240900e+00
4.456000e-05	-7.661158e-03	-5.955266e+00
4.457000e-05	-9.394534e-03	-5.733659e+00
4.458000e-05	-5.535759e-03	-5.449919e+00
4.459000e-05	-7.506532e-03	-5.134763e+00
4.460000e-05	-6.649249e-03	-4.769363e+00
4.461000e-05	-7.554736e-03	-4.525583e+00
4.462000e-05	-4.498431e-03	-4.314132e+00
4.463000e-05	-5.818660e-03	-4.041976e+00
4.464000e-05	-7.410369e-03	-3.725711e+00
4.465000e-05	-8.446564e-03	-3.443028e+00
4.466000e-05	-6.828904e-03	-3.187366e+00
4.467000e-05	-5.792648e-03	-2.880584e+00
4.468000e-05	-6.179940e-03	-2.599995e+00
4.469000e-05	-6.329664e-03	-2.334787e+00
4.470000e-05	-2.856246e-03	-2.050976e+00
4.471000e-05	-5.369151e-03	-1.747766e+00
4.472000e-05	-7.189290e-03	-1.493055e+00
4.473000e-05	-6.494309e-03	-1.145662e+00
4.474000e-05	-4.173705e-03	-8.515302e-01
4.475000e-05	-3.820490e-03	-5.961634e-01
4.476000e-05	-5.602867e-03	-2.725063e-01
4.477000e-05	-3.044621e-04	-2.047256e-02
4.478000e-05	9.344874e-03	2.863897e-01
4.479000e-05	-2.566038e-03	5.185211e-01
4.480000e-05	2.027284e-03	7.995250e-01
4.481000e-05	-4.054422e-03	1.116391e+00
4.482000e-05	3.195291e-03	1.410571e+00
4.483000e-05	-2.555268e-03	1.735893e+00
4.484000e-05	8.882347e-03	1.927396e+00
4.485000e-05	2.667966e-02	2.158597e+00
4.486000e-05	8.377859e-02	2.472286e+00
4.487000e-05	-3.959743e-02	2.820679e+00
4.488000e-05	-4.771154e-02	3.124894e+00
4.489000e-05	-3.852698e-02	3.409127e+00
4.490000e-05	4.275926e-03	3.692759e+00
4.491000e-05	-4.200245e-02	3.902734e+00
4.492000e-05	-4.330211e-02	4.083357e+00
4.493000e-05	9.651007e-02	4.388074e+00
4.494000e-05	-1.370182e-02	4.652786e+00
4.495000e-05	3.711532e-02	4.894463e+00
4.496000e-05	3.420830e-02	5.251782e+00
4.497000e-05	-9.693118e-02	5.556417e+00
4.498000e-05	6.348849e-02	5.836674e+00
4.499000e-05	-2.946458e-02	6.122838e+00
4.500000e-05	1.838751e-02	6.346465e+00
4.501000e-05	-1.386586e-02	6.669105e+00
4.502000e-05	-2.716017e-03	6.933336e+00
4.503000e-05	6.991469e-02	7.145465e+00
4.504000e-05	-5.801922e-02	7.469204e+00
4.505000e-05	-1.887294e-03	7.762341e+00
4.506000e-05	-1.737684e-02	8.036043e+00
4.507000e-05	5.667575e-02	8.230154e+00
4.508000e-05	-7.914343e-03	8.503255e+00
4.509000e-05	-3.693051e-02	8.711811e+00
4.510000e-05	4.357035e-02	8.883910e+00
4.511000e-05	-1.587396e-02	9.164967e+00
4.512000e-05	1.564959e-02	9.407123e+00
4.513000e-05	-3.151204e-02	9.648151e+00
4.514000e-05	2.663026e-02	9.891256e+00
4.515000e-05	1.123423e-02	1.009075e+01
4.516000e-05	4.813095e-03	1.033189e+01
4.517000e-05	-5.550728e-03	1.053393e+01
4.518000e-05	-1.226210e-02	1.077489e+01
4.519000e-05	2.735657e-02	1.095283e+01
4.520000e-05	-1.431950e-02	1.115341e+01
4.521000e-05	9.307415e-03	1.139249e+01
4.522000e-05	-5.668420e-03	1.161359e+01
4.523000e-05	2.576268e-02	1.180342e+01
4.524000e-05	-5.833547e-03	1.200554e+01
4.525000e-05	1.097238e-03	1.218641e+01
4.526000e-05	-1.257155e-03	1.236296e+01
4.527000e-05	9.624985e-03	1.251286e+01
4.528000e-05	6.270389e-03	1.271923e+01
4.529000e-05	-4.980810e-03	1.284765e+01
4.530000e-05	1.150726e-02	1.303649e+01
4.531000e-05	5.993076e-03	1.317602e+01
4.532000e-05	1.137918e-02	1.333171e+01
4.533000e-05	-9.219294e-03	1.348915e+01
4.534000e-05	7.932413e-03	1.364607e+01
4.535000e-05	5.206230e-03	1.375339e+01
4.536000e-05	8.415209e-03	1.385970e+01
4.537000e-05	-1.581893e-03	1.400710e+01
4.538000e-05	7.085420e-03	1.424344e+01
4.539000e-05	1.339469e-02	1.430873e+01
4.540000e-05	4.113538e-03	1.448694e+01
4.541000e-05	1.199772e-03	1.455138e+01
4.542000e-05	2.013117e-03	1.465604e+01
4.543000e-05	1.290863e-02	1.472123e+01
4.544000e-05	4.446290e-03	1.481347e+01
4.545000e-05	4.092574e-03	1.489023e+01
4.546000e-05	7.136853e-03	1.496388e+01
4.547000e-05	1.140412e-02	1.503647e+01
4.548000e-05	6.334152e-03	1.508958e+01
4.549000e-05	-2.327690e-04	1.516136e+01
4.550000e-05	6.477206e-03	1.521502e+01
4.551000e-05	1.011708e-02	1.523765e+01
4.552000e-05	9.122423e-03	1.532868e+01
4.553000e-05	3.148377e-03	1.535141e+01
4.554000e-05	8.174420e-03	1.542241e+01
4.555000e-05	1.171161e-02	1.545844e+01
4.556000e-05	9.645055e-03	1.550654e+01
4.557000e-05	5.476236e-03	1.547717e+01
4.558000e-05	6.285031e-03	1.549008e+01
4.559000e-05	1.134158e-02	1.551967e+01
4.560000e-05	8.436782e-03	1.550970e+01
4.561000e-05	6.223151e-03	1.549814e+01
4.562000e-05	6.410189e-03	1.546707e+01
4.563000e-05	1.446182e-02	1.549797e+01
4.564000e-05	1.211534e-02	1.544699e+01
4.565000e-05	8.513988e-03	1.540589e+01
4.566000e-05	7.673292e-03	1.543336e+01
4.567000e-05	1.132253e-02	1.539026e+01
4.568000e-05	1.096264e-02	1.531852e+01
4.569000e-05	6.856654e-03	1.527509e+01
4.570000e-05	9.990151e-03	1.519139e+01
4.571000e-05	1.287940e-02	1.510268e+01
4.572000e-05	1.462962e-02	1.507652e+01
4.573000e-05	1.016127e-02	1.497331e+01
4.574000e-05	8.306465e-03	1.489920e+01
4.575000e-05	1.092636e-02	1.480852e+01
4.576000e-05	1.188567e-02	1.476173e+01
4.577000e-05	1.030008e-02	1.469749e+01
4.578000e-05	9.331467e-03	1.457273e+01
4.579000e-05	1.450576e-02	1.444752e+01
4.580000e-05	1.406481e-02	1.436023e+01
4.581000e-05	1.288792e-02	1.426644e+01
4.582000e-05	9.769312e-03	1.412015e+01
4.583000e-05	1.367852e-02	1.402281e+01
4.584000e-05	1.414810e-02	1.385644e+01
4.585000e-05	1.079135e-02	1.372957e+01
4.586000e-05	1.111444e-02	1.355270e+01
4.587000e-05	1.210980e-02	1.341529e+01
4.588000e-05	1.307058e-02	1.328854e+01
4.589000e-05	1.103238e-02	1.311063e+01
4.590000e-05	1.098922e-02	1.300426e+01
4.591000e-05	1.107969e-02	1.280526e+01
4.592000e-05	1.128754e-02	1.263894e+01
4.593000e-05	9.479934e-03	1.251902e+01
4.594000e-05	8.122063e-03	1.230063e+01
4.595000e-05	7.705786e-03	1.214265e+01
4.596000e-05	7.485351e-03	1.192213e+01
4.597000e-05	7.672081e-03	1.176218e+01
4.598000e-05	6.166451e-03	1.156071e+01
4.599000e-05	6.019674e-03	1.130058e+01
4.600000e-05	6.920843e-03	1.111163e+01
4.601000e-05	4.699235e-03	1.093210e+01
4.602000e-05	3.652871e-03	1.070063e+01
4.603000e-05	2.751872e-03	1.048258e+01
4.604000e-05	4.274740e-03	1.027945e+01
4.605000e-05	7.632909e-03	1.007052e+01
4.606000e-05	2.253383e-03	9.846494e+00
4.607000e-05	3.033976e-03	9.594260e+00
4.608000e-05	6.234484e-04	9.384787e+00
4.609000e-05	1.031288e-03	9.134208e+00
4.610000e-05	-1.619136e-03	8.923580e+00
4.611000e-05	7.428210e-04	8.661976e+00
4.612000e-05	3.399213e-03	8.458496e+00
4.613000e-05	4.322026e-03	8.168368e+00
4.614000e-05	1.510231e-03	7.965731e+00
4.615000e-05	-1.716009e-03	7.742079e+00
4.616000e-05	-7.684657e-04	7.428441e+00
4.617000e-05	-2.673459e-03	7.154264e+00
4.618000e-05	-2.697027e-03	6.934553e+00
4.619000e-05	-1.132098e-03	6.661001e+00
4.620000e-05	5.469226e-04	6.386318e+00
4.621000e-05	9.398856e-04	6.133632e+00
4.622000e-05	-8.305739e-04	5.871023e+00
4.623000e-05	-3.928679e-03	5.547316e+00
4.624000e-05	-2.357645e-03	5.334183e+00
4.625000e-05	-4.088143e-03	4.967263e+00
4.626000e-05	-2.154217e-03	4.673000e+00
4.627000e-05	-4.427271e-03	4.410946e+00
4.628000e-05	-1.476248e-03	4.093059e+00
4.629000e-05	-1.459310e-03	3.841000e+00
4.630000e-05	-3.083473e-03	3.577895e+00
4.631000e-05	-3.897470e-03	3.292030e+00
4.632000e-05	-6.029018e-03	3.000319e+00
4.633000e-05	-2.970287e-03	2.756840e+00
4.634000e-05	-6.513092e-03	2.429925e+00
4.635000e-05	-2.405015e-03	2.156767e+00
4.636000e-05	-6.088971e-03	1.874134e+00
4.637000e-05	-9.249515e-04	1.588895e+00
4.638000e-05	-3.349620e-03	1.304082e+00
4.639000e-05	-3.735423e-03	9.571658e-01
4.640000e-05	-4.544009e-03	6.830815e-01
4.641000e-05	-5.255584e-03	3.899236e-01
4.642000e-05	-4.787392e-03	7.408152e-02
4.643000e-05	-2.548776e-03	-1.580512e-01
4.644000e-05	7.825621e-03	-4.101565e-01
4.645000e-05	-4.021259e-03	-7.274672e-01
4.646000e-05	3.952891e-03	-9.665749e-01
4.647000e-05	-5.024237e-03	-1.241260e+00
4.648000e-05	4.163679e-04	-1.566997e+00
4.649000e-05	-5.459257e-03	-1.769155e+00
4.650000e-05	2.193069e-02	-2.021050e+00
4.651000e-05	8.833133e-02	-2.294845e+00
4.652000e-05	-2.044981e-02	-2.632780e+00
4.653000e-05	-5.646561e-02	-3.059807e+00
4.654000e-05	-3.502623e-02	-3.356995e+00
4.655000e-05	-1.619996e-02	-3.567551e+00
4.656000e-05	-6.123616e-02	-3.860738e+00
4.657000e-05	1.487888e-02	-4.040733e+00
4.658000e-05	1.075049e-01	-4.230229e+00
4.659000e-05	-1.488939e-01	-4.554969e+00
4.660000e-05	2.010241e-01	-4.808151e+00
4.661000e-05	-1.125050e-01	-5.089911e+00
4.662000e-05	-1.350018e-02	-5.470781e+00
4.663000e-05	2.600130e-02	-5.660832e+00
4.664000e-05	-1.112027e-01	-5.976546e+00
4.665000e-05	1.436125e-01	-6.279104e+00
4.666000e-05	-1.138440e-01	-6.532934e+00
4.667000e-05	7.795379e-02	-6.785949e+00
4.668000e-05	3.440009e-03	-7.049173e+00
4.669000e-05	-7.470980e-02	-7.365065e+00
4.670000e-05	5.375002e-02	-7.605550e+00
4.671000e-05	-9.579734e-02	-7.900837e+00
4.672000e-05	1.038686e-01	-8.154495e+00
4.673000e-05	-6.880778e-02	-8.364495e+00
4.674000e-05	2.166270e-02	-8.687204e+00
4.675000e-05	2.135484e-02	-8.849783e+00
4.676000e-05	-6.727469e-02	-9.123339e+00
4.677000e-05	5.494360e-02	-9.343437e+00
4.678000e-05	-8.903802e-02	-9.564619e+00
4.679000e-05	8.083625e-02	-9.798047e+00
4.680000e-05	-5.890028e-02	-1.004815e+01
4.681000e-05	4.048576e-02	-1.026068e+01
4.682000e-05	-3.881034e-02	-1.047070e+01
4.683000e-05	-5.764196e-04	-1.067176e+01
4.684000e-05	-8.621135e-04	-1.085978e+01
4.685000e-05	-3.178132e-02	-1.110189e+01
4.686000e-05	2.139102e-02	-1.130881e+01
4.687000e-05	-3.246107e-02	-1.155234e+01
4.688000e-05	3.104052e-02	-1.172144e+01
4.689000e-05	-4.117100e-02	-1.199196e+01
4.690000e-05	1.746671e-02	-1.215184e+01
4.691000e-05	-3.697121e-02	-1.232230e+01
4.692000e-05	1.665258e-02	-1.252123e+01
4.693000e-05	-2.688114e-02	-1.265970e+01
4.694000e-05	4.192761e-03	-1.284607e+01
4.695000e-05	-1.518893e-02	-1.300402e+01
4.696000e-05	-4.668963e-04	-1.316341e+01
4.697000e-05	-8.183537e-03	-1.329976e+01
4.698000e-05	-1.851792e-02	-1.347920e+01
4.699000e-05	-9.154393e-04	-1.360402e+01
4.700000e-05	-1.826292e-02	-1.376286e+01
4.701000e-05	2.033674e-03	-1.390975e+01
4.702000e-05	-2.382935e-02	-1.405414e+01
4.703000e-05	1.018772e-03	-1.417246e+01
4.704000e-05	-1.657931e-02	-1.433018e+01
4.705000e-05	-3.537782e-03	-1.442562e+01
4.706000e-05	-1.885768e-02	-1.450728e+01
4.707000e-05	-5.951596e-03	-1.461499e+01
4.708000e-05	-1.087383e-02	-1.471930e+01
4.709000e-05	-8.733418e-03	-1.482491e+01
4.710000e-05	-1.466750e-02	-1.489828e+01
4.711000e-05	-1.037889e-02	-1.499194e+01
4.712000e-05	-1.205916e-02	-1.507607e+01
4.713000e-05	-1.309122e-02	-1.514133e+01
4.714000e-05	-1.394551e-02	-1.519544e+01
4.715000e-05	-1.321510e-02	-1.524559e+01
4.716000e-05	-9.168807e-03	-1.530980e+01
4.717000e-05	-1.455931e-02	-1.538236e+01
4.718000e-05	-1.205319e-02	-1.538337e+01
4.719000e-05	-1.789779e-02	-1.544600e+01
4.720000e-05	-1.135329e-02	-1.549662e+01
4.721000e-05	-1.661715e-02	-1.549928e+01
4.722000e-05	-1.345314e-02	-1.553076e+01
4.723000e-05	-1.488763e-02	-1.554176e+01
4.724000e-05	-1.299888e-02	-1.555136e+01
4.725000e-05	-1.599657e-02	-1.554138e+01
4.726000e-05	-1.741781e-02	-1.557286e+01
4.727000e-05	-1.752534e-02	-1.556033e+01
4.728000e-05	-1.645255e-02	-1.558280e+01
4.729000e-05	-1.576425e-02	-1.553023e+01
4.730000e-05	-1.670147e-02	-1.550863e+01
4.731000e-05	-1.669680e-02	-1.545855e+01
4.732000e-05	-1.629442e-02	-1.544494e+01
4.733000e-05	-1.759382e-02	-1.541197e+01
4.734000e-05	-1.942486e-02	-1.534081e+01
4.735000e-05	-1.817321e-02	-1.531920e+01
4.736000e-05	-1.793531e-02	-1.526657e+01
4.737000e-05	-1.754317e-02	-1.517241e+01
4.738000e-05	-2.003435e-02	-1.512070e+01
4.739000e-05	-1.881437e-02	-1.509754e+01
4.740000e-05	-1.864847e-02	-1.502179e+01
4.741000e-05	-1.925289e-02	-1.490910e+01
4.742000e-05	-1.956957e-02	-1.479341e+01
4.743000e-05	-1.935724e-02	-1.470018e+01
4.744000e-05	-1.844896e-02	-1.462497e+01
4.745000e-05	-2.020915e-02	-1.449017e+01
4.746000e-05	-2.051985e-02	-1.440448e+01
4.747000e-05	-2.120432e-02	-1.427812e+01
4.748000e-05	-2.027941e-02	-1.419073e+01
4.749000e-05	-2.080357e-02	-1.401634e+01
4.750000e-05	-2.031697e-02	-1.391963e+01
4.751000e-05	-2.070369e-02	-1.376126e+01
4.752000e-05	-2.064911e-02	-1.365491e+01
4.753000e-05	-2.094901e-02	-1.347852e+01
4.754000e-05	-2.094716e-02	-1.336065e+01
4.755000e-05	-1.878942e-02	-1.315329e+01
4.756000e-05	-1.927275e-02	-1.298646e+01
4.757000e-05	-1.831890e-02	-1.285705e+01
4.758000e-05	-1.813141e-02	-1.267015e+01
4.759000e-05	-1.815848e-02	-1.252163e+01
4.760000e-05	-1.717255e-02	-1.233078e+01
4.761000e-05	-1.716624e-02	-1.220384e+01
4.762000e-05	-1.658130e-02	-1.201484e+01
4.763000e-05	-1.641017e-02	-1.175428e+01
4.764000e-05	-1.376663e-02	-1.153225e+01
4.765000e-05	-1.459739e-02	-1.133170e+01
4.766000e-05	-1.288510e-02	-1.108220e+01
4.767000e-05	-1.377959e-02	-1.093158e+01
4.768000e-05	-1.366935e-02	-1.071216e+01
4.769000e-05	-1.155469e-02	-1.049113e+01
4.770000e-05	-1.433127e-02	-1.032100e+01
4.771000e-05	-1.139212e-02	-1.006945e+01
4.772000e-05	-1.289370e-02	-9.859969e+00
4.773000e-05	-9.215017e-03	-9.657365e+00
4.774000e-05	-9.861197e-03	-9.425967e+00
4.775000e-05	-9.993601e-03	-9.144185e+00
4.776000e-05	-1.011157e-02	-8.955261e+00
4.777000e-05	-1.004299e-02	-8.702654e+00
4.778000e-05	-1.246445e-02	-8.466976e+00
4.779000e-05	-1.117368e-02	-8.228815e+00
4.780000e-05	-1.006251e-02	-8.005314e+00
4.781000e-05	-6.972484e-03	-7.690005e+00
4.782000e-05	-8.179071e-03	-7.427347e+00
4.783000e-05	-8.254698e-03	-7.135864e+00
4.784000e-05	-8.936417e-03	-6.881580e+00
4.785000e-05	-8.461097e-03	-6.660394e+00
4.786000e-05	-8.089184e-03	-6.396894e+00
4.787000e-05	-9.783843e-03	-6.153157e+00
4.788000e-05	-7.020403e-03	-5.869525e+00
4.789000e-05	-7.482072e-03	-5.585868e+00
4.790000e-05	-5.228826e-03	-5.259977e+00
4.791000e-05	-8.903074e-03	-4.995833e+00
4.792000e-05	-6.833973e-03	-4.631472e+00
4.793000e-05	-6.108240e-03	-4.408395e+00
4.794000e-05	-5.989500e-03	-4.176792e+00
4.795000e-05	-6.660794e-03	-3.892078e+00
4.796000e-05	-7.574781e-03	-3.598970e+00
4.797000e-05	-7.091465e-03	-3.295212e+00
4.798000e-05	-6.965393e-03	-3.021924e+00
4.799000e-05	-7.651946e-03	-2.746838e+00
4.800000e-05	-4.748571e-03	-2.494032e+00
4.801000e-05	-3.563789e-03	-2.177766e+00
4.802000e-05	-4.836588e-03	-1.895085e+00
4.803000e-05	-5.497373e-03	-1.631976e+00
4.804000e-05	-5.715295e-03	-1.291954e+00
4.805000e-05	-5.779165e-03	-1.008897e+00
4.806000e-05	-6.445564e-03	-7.367346e-01
4.807000e-05	-5.223841e-03	-4.109226e-01
4.808000e-05	-2.155091e-03	-1.277132e-01
4.809000e-05	6.940668e-03	1.159208e-01
4.810000e-05	3.261408e-03	4.406539e-01
4.811000e-05	-1.003091e-03	6.637843e-01
4.812000e-05	-1.249954e-03	9.345971e-01
4.813000e-05	-8.773461e-04	1.242733e+00
4.814000e-05	-9.821344e-05	1.545070e+00
4.815000e-05	7.809550e-04	1.841104e+00
4.816000e-05	1.572909e-02	2.051729e+00
4.817000e-05	5.977032e-02	2.334890e+00
4.818000e-05	4.046769e-02	2.662312e+00
4.819000e-05	-7.029343e-02	2.989599e+00
4.820000e-05	-3.836272e-02	3.251833e+00
4.821000e-05	-2.038237e-02	3.557390e+00
4.822000e-05	-1.125357e-03	3.806973e+00
4.823000e-05	-6.451234e-02	3.989046e+00
4.824000e-05	1.880602e-02	4.218604e+00
4.825000e-05	9.213280e-02	4.554390e+00
4.826000e-05	-6.516732e-02	4.799600e+00
4.827000e-05	1.216649e-01	5.079783e+00
4.828000e-05	-9.709734e-02	5.420654e+00
4.829000e-05	2.455548e-03	5.642806e+00
4.830000e-05	3.391914e-02	5.956540e+00
4.831000e-05	-3.622732e-02	6.239097e+00
4.832000e-05	4.156331e-02	6.472883e+00
4.833000e-05	-5.558270e-02	6.785971e+00
4.834000e-05	7.594430e-02	6.999126e+00
4.835000e-05	-1.015013e-02	7.292831e+00
4.836000e-05	-3.163996e-02	7.567047e+00
4.837000e-05	-1.201694e-02	7.851252e+00
4.838000e-05	1.833449e-02	8.153838e+00
4.839000e-05	4.375427e-02	8.366493e+00
4.840000e-05	-4.695093e-02	8.605570e+00
4.841000e-05	1.288748e-02	8.817596e+00
4.842000e-05	1.903847e-02	9.090230e+00
4.843000e-05	-6.197895e-03	9.302783e+00
4.844000e-05	-2.947107e-03	9.550262e+00
4.845000e-05	-1.427313e-02	9.755494e+00
4.846000e-05	3.225585e-02	9.995418e+00
4.847000e-05	3.183611e-03	1.021700e+01
4.848000e-05	3.445076e-03	1.047713e+01
4.849000e-05	-1.587897e-02	1.063767e+01
4.850000e-05	9.723879e-03	1.085870e+01
4.851000e-05	1.258085e-02	1.102862e+01
4.852000e-05	-1.132288e-02	1.128920e+01
4.853000e-05	5.759534e-03	1.149868e+01
4.854000e-05	7.303653e-03	1.171020e+01
4.855000e-05	1.688145e-02	1.189971e+01
4.856000e-05	-8.672137e-03	1.207873e+01
4.857000e-05	-4.817354e-04	1.229910e+01
4.858000e-05	5.136895e-03	1.245657e+01
4.859000e-05	9.696323e-03	1.261547e+01
4.860000e-05	-5.085891e-05	1.280399e+01
4.861000e-05	-2.917323e-04	1.293191e+01
4.862000e-05	1.109326e-02	1.314920e+01
4.863000e-05	9.607231e-03	1.324670e+01
4.864000e-05	-1.894347e-04	1.340399e+01
4.865000e-05	-2.345222e-03	1.356346e+01
4.866000e-05	6.205391e-03	1.372823e+01
4.867000e-05	9.950746e-03	1.383694e+01
4.868000e-05	-2.866077e-04	1.396139e+01
4.869000e-05	2.240408e-03	1.409980e+01
4.870000e-05	9.062888e-03	1.428600e+01
4.871000e-05	1.094583e-02	1.438241e+01
4.872000e-05	1.244873e-03	1.452860e+01
4.873000e-05	4.197407e-04	1.460399e+01
4.874000e-05	9.773956e-03	1.470908e+01
4.875000e-05	9.411348e-03	1.474236e+01
4.876000e-05	4.898327e-03	1.485607e+01
4.877000e-05	5.460539e-04	1.493120e+01
4.878000e-05	1.168069e-02	1.497549e+01
4.879000e-05	7.282403e-03	1.507505e+01
4.880000e-05	5.188344e-03	1.513120e+01
4.881000e-05	8.384455e-04	1.516436e+01
4.882000e-05	1.034881e-02	1.522607e+01
4.883000e-05	1.083238e-02	1.530770e+01
4.884000e-05	5.324730e-03	1.534976e+01
4.885000e-05	4.908204e-03	1.536344e+01
4.886000e-05	8.597978e-03	1.547437e+01
4.887000e-05	1.372013e-02	1.547494e+01
4.888000e-05	4.557149e-03	1.547655e+01
4.889000e-05	6.170420e-03	1.549760e+01
4.890000e-05	1.001478e-02	1.555007e+01
4.891000e-05	1.324654e-02	1.550865e+01
4.892000e-05	7.194276e-03	1.552015e+01
4.893000e-05	3.948763e-03	1.550812e+01
4.894000e-05	9.860661e-03	1.547805e+01
4.895000e-05	1.320367e-02	1.547600e+01
4.896000e-05	1.080493e-02	1.544447e+01
4.897000e-05	6.697296e-03	1.542484e+01
4.898000e-05	1.098348e-02	1.539031e+01
4.899000e-05	1.337567e-02	1.535070e+01
4.900000e-05	1.150782e-02	1.527865e+01
4.901000e-05	7.127896e-03	1.525439e+01
4.902000e-05	1.134700e-02	1.515283e+01
4.903000e-05	1.251942e-02	1.507960e+01
4.904000e-05	1.172924e-02	1.500639e+01
4.905000e-05	9.752624e-03	1.495273e+01
4.906000e-05	1.072600e-02	1.487857e+01
4.907000e-05	1.290420e-02	1.477236e+01
4.908000e-05	1.013213e-02	1.472873e+01
4.909000e-05	1.134531e-02	1.463696e+01
4.910000e-05	1.233636e-02	1.452173e+01
4.911000e-05	1.483145e-02	1.445494e+01
4.912000e-05	1.182728e-02	1.430860e+01
4.913000e-05	1.143736e-02	1.417431e+01
4.914000e-05	1.174941e-02	1.408744e+01
4.915000e-05	1.369794e-02	1.393062e+01
4.916000e-05	1.255624e-02	1.379430e+01
4.917000e-05	1.186171e-02	1.362644e+01
4.918000e-05	1.226538e-02	1.347107e+01
4.919000e-05	1.215503e-02	1.336165e+01
4.920000e-05	1.078224e-02	1.320536e+01
4.921000e-05	1.154491e-02	1.308804e+01
4.922000e-05	1.021434e-02	1.286907e+01
4.923000e-05	1.152077e-02	1.274063e+01
4.924000e-05	9.924490e-03	1.258371e+01
4.925000e-05	9.448684e-03	1.238439e+01
4.926000e-05	7.574607e-03	1.223687e+01
4.927000e-05	7.500536e-03	1.202639e+01
4.928000e-05	6.495860e-03	1.184744e+01
4.929000e-05	6.493667e-03	1.167890e+01
4.930000e-05	5.491787e-03	1.138734e+01
4.931000e-05	5.909263e-03	1.117791e+01
4.932000e-05	5.911054e-03	1.101679e+01
4.933000e-05	4.562933e-03	1.083642e+01
4.934000e-05	4.385249e-03	1.061689e+01
4.935000e-05	3.645711e-03	1.040576e+01
4.936000e-05	4.236969e-03	1.018429e+01
4.937000e-05	2.753588e-03	9.943208e+00
4.938000e-05	2.565852e-03	9.713178e+00
4.939000e-05	2.251828e-03	9.481049e+00
4.940000e-05	1.984779e-03	9.289524e+00
4.941000e-05	1.838619e-03	9.047898e+00
4.942000e-05	3.716206e-04	8.774340e+00
4.943000e-05	2.120253e-03	8.556312e+00
4.944000e-05	5.682090e-04	8.324611e+00
4.945000e-05	1.679729e-03	8.110554e+00
4.946000e-05	-9.203070e-04	7.848393e+00
4.947000e-05	2.609290e-04	7.545283e+00
4.948000e-05	-1.248863e-03	7.332479e+00
4.949000e-05	-1.754917e-03	7.019447e+00
4.950000e-05	-1.337463e-03	6.785267e+00
4.951000e-05	-1.408607e-03	6.545039e+00
4.952000e-05	-1.514373e-03	6.259476e+00
4.953000e-05	-1.454982e-03	6.016846e+00
4.954000e-05	-2.317711e-03	5.694234e+00
4.955000e-05	-2.310345e-03	5.472498e+00
4.956000e-05	-2.538132e-03	5.156258e+00
4.957000e-05	-3.212269e-03	4.787846e+00
4.958000e-05	-1.976070e-03	4.555234e+00
4.959000e-05	-2.637072e-03	4.294528e+00
4.960000e-05	-3.293375e-03	3.977346e+00
4.961000e-05	-3.502978e-03	3.704608e+00
4.962000e-05	-3.167686e-03	3.482478e+00
4.963000e-05	-3.665646e-03	3.156112e+00
4.964000e-05	-4.143260e-03	2.894083e+00
4.965000e-05	-4.191033e-03	2.588320e+00
4.966000e-05	-4.371278e-03	2.295530e+00
4.967000e-05	-3.565492e-03	2.040449e+00
4.968000e-05	-3.573810e-03	1.747666e+00
4.969000e-05	-3.897660e-03	1.492476e+00
4.970000e-05	-4.688629e-03	1.176691e+00
4.971000e-05	-4.571608e-03	8.303722e-01
4.972000e-05	-4.250228e-03	5.256595e-01
4.973000e-05	-4.091491e-03	2.854778e-01
4.974000e-05	-3.255294e-03	-3.268540e-02
4.975000e-05	4.209295e-03	-3.044409e-01
4.976000e-05	-6.109547e-04	-5.671474e-01
4.977000e-05	-1.155812e-03	-8.607092e-01
4.978000e-05	-4.785270e-03	-1.102820e+00
4.979000e-05	-1.379805e-03	-1.388706e+00
4.980000e-05	-4.295094e-03	-1.642239e+00
4.981000e-05	7.704191e-03	-1.904390e+00
4.982000e-05	4.854458e-02	-2.113016e+00
4.983000e-05	7.825416e-02	-2.441859e+00
4.984000e-05	-8.564023e-02	-2.859830e+00
4.985000e-05	-2.401739e-02	-3.220156e+00
4.986000e-05	-4.442203e-02	-3.460286e+00
4.987000e-05	-1.596548e-02	-3.693488e+00
4.988000e-05	-8.079910e-02	-4.009972e+00
4.989000e-05	1.418556e-01	-4.134867e+00
4.990000e-05	-6.886370e-02	-4.356145e+00
4.991000e-05	2.396413e-02	-4.693739e+00
4.992000e-05	1.155064e-01	-4.913884e+00
4.993000e-05	-1.776582e-01	-5.260962e+00
4.994000e-05	1.132081e-01	-5.573017e+00
4.995000e-05	-1.286121e-01	-5.839605e+00
4.996000e-05	6.446769e-02	-6.133961e+00
4.997000e-05	2.136678e-02	-6.353394e+00
4.998000e-05	-7.072264e-02	-6.638228e+00
4.999000e-05	1.221192e-01	-6.900808e+00
