# 261001_13:10:39.520817
t	CH1	CH2
0.000000e+00	-4.955883e-03	3.695028e-01
1.000000e-08	-1.733476e-03	9.169083e-02
2.000000e-08	8.531758e-04	-1.903671e-01
3.000000e-08	4.614256e-03	-4.315787e-01
4.000000e-08	-6.212510e-03	-7.656842e-01
5.000000e-08	2.391770e-04	-1.008441e+00
6.000000e-08	-6.405825e-03	-1.253101e+00
7.000000e-08	-2.447212e-03	-1.577862e+00
8.000000e-08	-3.167472e-03	-1.803016e+00
9.000000e-08	2.426101e-02	-2.031047e+00
1.000000e-07	8.557461e-02	-2.366704e+00
1.100000e-07	-2.318151e-02	-2.633595e+00
1.200000e-07	-5.910788e-02	-3.055101e+00
1.300000e-07	-3.892170e-02	-3.389787e+00
1.400000e-07	-1.710728e-02	-3.579941e+00
1.500000e-07	-5.384291e-02	-3.845508e+00
1.600000e-07	1.293453e-02	-4.044200e+00
1.700000e-07	8.864813e-02	-4.222649e+00
1.800000e-07	-1.242875e-01	-4.488862e+00
1.900000e-07	1.719337e-01	-4.831546e+00
2.000000e-07	-9.408194e-02	-5.096180e+00
2.100000e-07	-2.389949e-02	-5.404602e+00
2.200000e-07	2.633584e-02	-5.675576e+00
2.300000e-07	-1.049805e-01	-5.960988e+00
2.400000e-07	1.240326e-01	-6.134621e+00
2.500000e-07	-9.896614e-02	-6.488306e+00
2.600000e-07	5.837012e-02	-6.802943e+00
2.700000e-07	8.489269e-03	-6.964650e+00
2.800000e-07	-6.770353e-02	-7.310837e+00
2.900000e-07	4.313185e-02	-7.550943e+00
3.000000e-07	-9.135601e-02	-7.846728e+00
3.100000e-07	8.420127e-02	-8.110441e+00
3.200000e-07	-5.297889e-02	-8.339462e+00
3.300000e-07	6.127937e-03	-8.594646e+00
3.400000e-07	1.709244e-02	-8.816778e+00
3.500000e-07	-6.258791e-02	-9.077284e+00
3.600000e-07	4.888102e-02	-9.260837e+00
3.700000e-07	-8.071150e-02	-9.521414e+00
3.800000e-07	5.824419e-02	-9.762018e+00
3.900000e-07	-4.951417e-02	-9.984418e+00
4.000000e-07	2.873108e-02	-1.019618e+01
4.100000e-07	-3.210557e-02	-1.042617e+01
4.200000e-07	-1.441643e-02	-1.064621e+01
4.300000e-07	1.603593e-03	-1.081525e+01
4.400000e-07	-3.443290e-02	-1.106890e+01
4.500000e-07	1.632091e-02	-1.121715e+01
4.600000e-07	-4.090939e-02	-1.145935e+01
4.700000e-07	2.632787e-02	-1.169043e+01
4.800000e-07	-4.030212e-02	-1.187930e+01
4.900000e-07	9.208360e-03	-1.210140e+01
5.000000e-07	-4.101284e-02	-1.221771e+01
5.100000e-07	5.994009e-03	-1.242741e+01
5.200000e-07	-2.280643e-02	-1.258620e+01
5.300000e-07	-8.191477e-03	-1.277570e+01
5.400000e-07	-1.741510e-02	-1.291201e+01
5.500000e-07	-1.261647e-02	-1.307896e+01
5.600000e-07	-6.176524e-03	-1.322633e+01
5.700000e-07	-2.920449e-02	-1.341675e+01
5.800000e-07	-8.195273e-03	-1.351309e+01
5.900000e-07	-2.896931e-02	-1.368049e+01
6.000000e-07	-1.128567e-03	-1.381628e+01
6.100000e-07	-2.940553e-02	-1.390365e+01
6.200000e-07	-8.788346e-03	-1.405144e+01
6.300000e-07	-2.440530e-02	-1.419520e+01
6.400000e-07	-1.038371e-02	-1.430314e+01
6.500000e-07	-2.491811e-02	-1.443880e+01
6.600000e-07	-2.030893e-02	-1.452309e+01
6.700000e-07	-2.124165e-02	-1.463628e+01
6.800000e-07	-1.849069e-02	-1.469157e+01
6.900000e-07	-1.983693e-02	-1.476835e+01
7.000000e-07	-2.469846e-02	-1.487307e+01
7.100000e-07	-2.141333e-02	-1.496715e+01
7.200000e-07	-2.325931e-02	-1.500840e+01
7.300000e-07	-2.172724e-02	-1.506404e+01
7.400000e-07	-2.765781e-02	-1.517615e+01
7.500000e-07	-2.340507e-02	-1.516635e+01
7.600000e-07	-2.534621e-02	-1.524944e+01
7.700000e-07	-2.376323e-02	-1.531211e+01
7.800000e-07	-3.151745e-02	-1.535567e+01
7.900000e-07	-2.756473e-02	-1.535568e+01
8.000000e-07	-2.970282e-02	-1.540785e+01
8.100000e-07	-2.683666e-02	-1.545886e+01
8.200000e-07	-3.132800e-02	-1.542878e+01
8.300000e-07	-3.264834e-02	-1.547938e+01
8.400000e-07	-3.179087e-02	-1.545146e+01
8.500000e-07	-3.422163e-02	-1.546896e+01
8.600000e-07	-3.731263e-02	-1.546998e+01
8.700000e-07	-3.991039e-02	-1.543890e+01
8.800000e-07	-3.811622e-02	-1.542088e+01
8.900000e-07	-4.089289e-02	-1.540630e+01
9.000000e-07	-4.405349e-02	-1.535718e+01
9.100000e-07	-4.736402e-02	-1.535465e+01
9.200000e-07	-4.792232e-02	-1.530056e+01
9.300000e-07	-5.089936e-02	-1.521841e+01
9.400000e-07	-5.639062e-02	-1.519530e+01
9.500000e-07	-6.253969e-02	-1.511472e+01
9.600000e-07	-6.619974e-02	-1.508154e+01
9.700000e-07	-7.513271e-02	-1.501723e+01
9.800000e-07	-8.491904e-02	-1.493422e+01
9.900000e-07	-9.926828e-02	-1.485946e+01
1.000000e-06	-1.127373e-01	-1.477730e+01
1.010000e-06	-1.318313e-01	-1.469262e+01
1.020000e-06	-1.567008e-01	-1.464828e+01
1.030000e-06	-1.863884e-01	-1.451352e+01
1.040000e-06	-2.192474e-01	-1.437738e+01
1.050000e-06	-2.417658e-01	-1.430054e+01
1.060000e-06	-2.489454e-01	-1.412828e+01
1.070000e-06	-2.490447e-01	-1.404901e+01
1.080000e-06	-2.490658e-01	-1.390317e+01
1.090000e-06	-2.490778e-01	-1.381630e+01
1.100000e-06	-2.490970e-01	-1.362894e+01
1.110000e-06	-2.470331e-01	-1.353317e+01
1.120000e-06	-2.293641e-01	-1.338415e+01
1.130000e-06	-1.982406e-01	-1.320689e+01
1.140000e-06	-1.698591e-01	-1.309006e+01
1.150000e-06	-1.453826e-01	-1.294160e+01
1.160000e-06	-1.234445e-01	-1.278518e+01
1.170000e-06	-1.039906e-01	-1.257575e+01
1.180000e-06	-8.895156e-02	-1.242683e+01
1.190000e-06	-7.673129e-02	-1.223841e+01
1.200000e-06	-6.530184e-02	-1.204794e+01
1.210000e-06	-5.437760e-02	-1.184210e+01
1.220000e-06	-4.598164e-02	-1.169252e+01
1.230000e-06	-3.942649e-02	-1.145949e+01
1.240000e-06	-3.451825e-02	-1.125784e+01
1.250000e-06	-2.939601e-02	-1.103441e+01
1.260000e-06	-2.746384e-02	-1.080588e+01
1.270000e-06	-2.447355e-02	-1.061531e+01
1.280000e-06	-2.268548e-02	-1.042688e+01
1.290000e-06	-1.928082e-02	-1.023728e+01
1.300000e-06	-1.821986e-02	-9.982730e+00
1.310000e-06	-1.624896e-02	-9.773154e+00
1.320000e-06	-1.488690e-02	-9.581604e+00
1.330000e-06	-1.386890e-02	-9.290897e+00
1.340000e-06	-1.383908e-02	-9.088967e+00
1.350000e-06	-1.356647e-02	-8.918415e+00
1.360000e-06	-1.240703e-02	-8.636333e+00
1.370000e-06	-1.264735e-02	-8.393805e+00
1.380000e-06	-1.099131e-02	-8.130496e+00
1.390000e-06	-1.134001e-02	-7.939021e+00
1.400000e-06	-9.910044e-03	-7.584781e+00
1.410000e-06	-1.134686e-02	-7.361151e+00
1.420000e-06	-1.032579e-02	-7.138494e+00
1.430000e-06	-1.005839e-02	-6.854282e+00
1.440000e-06	-8.314446e-03	-6.611105e+00
1.450000e-06	-9.710785e-03	-6.369421e+00
1.460000e-06	-8.892443e-03	-6.044866e+00
1.470000e-06	-9.491175e-03	-5.802632e+00
1.480000e-06	-8.868367e-03	-5.549000e+00
1.490000e-06	-9.390667e-03	-5.203758e+00
1.500000e-06	-8.763131e-03	-4.919399e+00
1.510000e-06	-7.990071e-03	-4.600107e+00
1.520000e-06	-6.852108e-03	-4.399580e+00
1.530000e-06	-6.297391e-03	-4.109471e+00
1.540000e-06	-7.466514e-03	-3.864259e+00
1.550000e-06	-7.198610e-03	-3.558551e+00
1.560000e-06	-8.557711e-03	-3.296342e+00
1.570000e-06	-7.280110e-03	-2.971559e+00
1.580000e-06	-7.349746e-03	-2.717395e+00
1.590000e-06	-4.762762e-03	-2.454264e+00
1.600000e-06	-5.250344e-03	-2.117451e+00
1.610000e-06	-4.470481e-03	-1.857211e+00
1.620000e-06	-5.120650e-03	-1.630582e+00
1.630000e-06	-5.431593e-03	-1.223189e+00
1.640000e-06	-5.708560e-03	-9.804751e-01
1.650000e-06	-4.798721e-03	-6.953483e-01
1.660000e-06	-3.912819e-03	-3.790551e-01
1.670000e-06	-1.709887e-03	-1.148695e-01
1.680000e-06	6.544813e-03	1.392420e-01
1.690000e-06	3.025599e-03	4.115526e-01
1.700000e-06	5.480261e-04	6.856555e-01
1.710000e-06	-7.332068e-04	9.502632e-01
1.720000e-06	1.799802e-03	1.295073e+00
1.730000e-06	1.676919e-03	1.520288e+00
1.740000e-06	2.912846e-03	1.843151e+00
1.750000e-06	1.658190e-02	2.023100e+00
1.760000e-06	6.203799e-02	2.328233e+00
1.770000e-06	3.511385e-02	2.726652e+00
1.780000e-06	-6.647357e-02	2.991991e+00
1.790000e-06	-3.953959e-02	3.274628e+00
1.800000e-06	-1.666179e-02	3.569391e+00
1.810000e-06	2.095372e-03	3.790944e+00
1.820000e-06	-5.545784e-02	3.960020e+00
1.830000e-06	1.675213e-02	4.253149e+00
1.840000e-06	7.889827e-02	4.537834e+00
1.850000e-06	-4.137202e-02	4.753115e+00
1.860000e-06	1.059609e-01	5.078704e+00
1.870000e-06	-8.236564e-02	5.404119e+00
1.880000e-06	-5.017648e-03	5.615207e+00
1.890000e-06	4.111479e-02	5.919838e+00
1.900000e-06	-2.805454e-02	6.202120e+00
1.910000e-06	3.251414e-02	6.424703e+00
1.920000e-06	-4.847158e-02	6.760415e+00
1.930000e-06	6.884730e-02	7.005574e+00
1.940000e-06	5.060405e-03	7.288225e+00
1.950000e-06	-2.584437e-02	7.562915e+00
1.960000e-06	-1.602768e-02	7.805603e+00
1.970000e-06	1.485009e-02	8.080310e+00
1.980000e-06	5.352505e-02	8.319839e+00
1.990000e-06	-3.580511e-02	8.532543e+00
2.000000e-06	5.107674e-04	8.783519e+00
2.010000e-06	1.960333e-02	9.008173e+00
2.020000e-06	9.380323e-03	9.207173e+00
2.030000e-06	5.774006e-03	9.468782e+00
2.040000e-06	-2.126286e-02	9.720410e+00
2.050000e-06	2.887129e-02	9.935514e+00
2.060000e-06	1.772108e-02	1.016304e+01
2.070000e-06	1.377024e-02	1.036357e+01
2.080000e-06	-1.916386e-02	1.058499e+01
2.090000e-06	5.480327e-03	1.075522e+01
2.100000e-06	2.479782e-02	1.099564e+01
2.110000e-06	2.193509e-03	1.115410e+01
2.120000e-06	7.944654e-04	1.139733e+01
2.130000e-06	3.858817e-03	1.157730e+01
2.140000e-06	3.047281e-02	1.180880e+01
2.150000e-06	7.739052e-03	1.198770e+01
2.160000e-06	-7.206458e-04	1.216620e+01
2.170000e-06	-6.152632e-04	1.236662e+01
2.180000e-06	1.983057e-02	1.251151e+01
2.190000e-06	1.549007e-02	1.268986e+01
2.200000e-06	1.776862e-03	1.286841e+01
2.210000e-06	7.107460e-03	1.297878e+01
2.220000e-06	2.020173e-02	1.316572e+01
2.230000e-06	1.854608e-02	1.331249e+01
2.240000e-06	2.252142e-03	1.343931e+01
2.250000e-06	4.791586e-03	1.356930e+01
2.260000e-06	1.674452e-02	1.374307e+01
2.270000e-06	1.966793e-02	1.384984e+01
2.280000e-06	8.840650e-03	1.399988e+01
2.290000e-06	7.959862e-03	1.412477e+01
2.300000e-06	1.937868e-02	1.421249e+01
2.310000e-06	1.994216e-02	1.438573e+01
2.320000e-06	1.137740e-02	1.444194e+01
2.330000e-06	1.009931e-02	1.456585e+01
2.340000e-06	1.836486e-02	1.467001e+01
2.350000e-06	2.341969e-02	1.477462e+01
2.360000e-06	1.497833e-02	1.481843e+01
2.370000e-06	1.347770e-02	1.487206e+01
2.380000e-06	1.766862e-02	1.498615e+01
2.390000e-06	2.433403e-02	1.500930e+01
2.400000e-06	1.691842e-02	1.507141e+01
2.410000e-06	1.534844e-02	1.514574e+01
2.420000e-06	2.116449e-02	1.515785e+01
2.430000e-06	2.482918e-02	1.520091e+01
2.440000e-06	2.326955e-02	1.529241e+01
2.450000e-06	1.723631e-02	1.527506e+01
2.460000e-06	2.409050e-02	1.535515e+01
2.470000e-06	2.710499e-02	1.535565e+01
2.480000e-06	2.765719e-02	1.537565e+01
2.490000e-06	2.139807e-02	1.537820e+01
2.500000e-06	2.620230e-02	1.536525e+01
2.510000e-06	3.122355e-02	1.536677e+01
2.520000e-06	3.016956e-02	1.536565e+01
2.530000e-06	2.888176e-02	1.535520e+01
2.540000e-06	3.209444e-02	1.531510e+01
2.550000e-06	4.015946e-02	1.528409e+01
2.560000e-06	4.050969e-02	1.524301e+01
2.570000e-06	3.776340e-02	1.522141e+01
2.580000e-06	4.002781e-02	1.515043e+01
2.590000e-06	4.983878e-02	1.512682e+01
2.600000e-06	5.250433e-02	1.509317e+01
2.610000e-06	5.535688e-02	1.505041e+01
2.620000e-06	6.162993e-02	1.494625e+01
2.630000e-06	7.342545e-02	1.489372e+01
2.640000e-06	8.539519e-02	1.482938e+01
2.650000e-06	9.380921e-02	1.478625e+01
2.660000e-06	1.116724e-01	1.465157e+01
2.670000e-06	1.353736e-01	1.457528e+01
2.680000e-06	1.637907e-01	1.443457e+01
2.690000e-06	1.905179e-01	1.438031e+01
2.700000e-06	2.229435e-01	1.425962e+01
2.710000e-06	2.441580e-01	1.413683e+01
2.720000e-06	2.489430e-01	1.406059e+01
2.730000e-06	2.489822e-01	1.392470e+01
2.740000e-06	2.490270e-01	1.377636e+01
2.750000e-06	2.490515e-01	1.365054e+01
2.760000e-06	2.487744e-01	1.353417e+01
2.770000e-06	2.398778e-01	1.340625e+01
2.780000e-06	2.089365e-01	1.319739e+01
2.790000e-06	1.790897e-01	1.305207e+01
2.800000e-06	1.551648e-01	1.291460e+01
2.810000e-06	1.304697e-01	1.278485e+01
2.820000e-06	1.075489e-01	1.261738e+01
2.830000e-06	9.076936e-02	1.243937e+01
2.840000e-06	7.763870e-02	1.231059e+01
2.850000e-06	6.427772e-02	1.210062e+01
2.860000e-06	5.055342e-02	1.194312e+01
2.870000e-06	4.121711e-02	1.174315e+01
2.880000e-06	3.658036e-02	1.152217e+01
2.890000e-06	3.057292e-02	1.131465e+01
2.900000e-06	2.399427e-02	1.108802e+01
2.910000e-06	1.969232e-02	1.092002e+01
2.920000e-06	1.817224e-02	1.073162e+01
2.930000e-06	1.681821e-02	1.051212e+01
2.940000e-06	1.060240e-02	1.029849e+01
2.950000e-06	9.655840e-03	1.009047e+01
2.960000e-06	8.937203e-03	9.837938e+00
2.970000e-06	9.111746e-03	9.585307e+00
2.980000e-06	4.586655e-03	9.414758e+00
2.990000e-06	5.279862e-03	9.193254e+00
3.000000e-06	7.677066e-03	8.912653e+00
3.010000e-06	3.846127e-03	8.710046e+00
3.020000e-06	4.041289e-03	8.496945e+00
3.030000e-06	8.287434e-04	8.236364e+00
3.040000e-06	3.665461e-03	8.002729e+00
3.050000e-06	5.869360e-04	7.741649e+00
3.060000e-06	1.304677e-03	7.487943e+00
3.070000e-06	-2.750720e-04	7.214854e+00
3.080000e-06	3.036595e-03	6.992177e+00
3.090000e-06	2.118764e-03	6.768000e+00
3.100000e-06	2.150760e-04	6.475907e+00
3.110000e-06	-1.430371e-03	6.133154e+00
3.120000e-06	-1.245449e-03	5.950997e+00
3.130000e-06	-7.686209e-04	5.667290e+00
3.140000e-06	-1.643994e-03	5.402210e+00
3.150000e-06	-1.700352e-03	5.078870e+00
3.160000e-06	-1.038005e-03	4.779028e+00
3.170000e-06	9.217100e-04	4.466893e+00
3.180000e-06	-1.870131e-03	4.214286e+00
3.190000e-06	-1.986349e-03	3.897469e+00
3.200000e-06	-4.686307e-03	3.662212e+00
3.210000e-06	-2.197539e-03	3.422177e+00
3.220000e-06	-4.609826e-03	3.077341e+00
3.230000e-06	-4.157381e-03	2.844259e+00
3.240000e-06	-4.356362e-03	2.540627e+00
3.250000e-06	-2.211372e-03	2.274738e+00
3.260000e-06	-2.500450e-03	1.991053e+00
3.270000e-06	-4.438888e-03	1.695368e+00
3.280000e-06	-4.379151e-03	1.441605e+00
3.290000e-06	-5.109774e-03	1.114894e+00
3.300000e-06	-3.960614e-03	7.605000e-01
3.310000e-06	-5.742697e-03	5.158698e-01
3.320000e-06	-4.992052e-03	2.322153e-01
3.330000e-06	-3.429750e-03	-2.362746e-02
3.340000e-06	5.738141e-03	-3.272868e-01
3.350000e-06	-1.446259e-03	-5.728712e-01
3.360000e-06	-1.780981e-03	-8.426290e-01
3.370000e-06	-4.944431e-03	-1.107235e+00
3.380000e-06	-1.386902e-03	-1.403051e+00
3.390000e-06	-5.019916e-03	-1.706133e+00
3.400000e-06	6.265742e-03	-1.907288e+00
3.410000e-06	4.934854e-02	-2.148288e+00
3.420000e-06	6.552059e-02	-2.464108e+00
3.430000e-06	-8.010925e-02	-2.832575e+00
3.440000e-06	-3.080657e-02	-3.222024e+00
3.450000e-06	-4.122813e-02	-3.465131e+00
3.460000e-06	-1.632940e-02	-3.655764e+00
3.470000e-06	-6.535658e-02	-3.991419e+00
3.480000e-06	1.166845e-01	-4.098942e+00
3.490000e-06	-6.291538e-02	-4.362992e+00
3.500000e-06	2.069367e-02	-4.677182e+00
3.510000e-06	1.020575e-01	-4.906859e+00
3.520000e-06	-1.597139e-01	-5.236631e+00
3.530000e-06	9.501164e-02	-5.550017e+00
3.540000e-06	-1.123016e-01	-5.803596e+00
3.550000e-06	4.793609e-02	-6.100288e+00
3.560000e-06	2.237217e-02	-6.338863e+00
3.570000e-06	-7.152908e-02	-6.614575e+00
3.580000e-06	1.046441e-01	-6.897761e+00
3.590000e-06	-9.374020e-02	-7.154517e+00
3.600000e-06	3.070182e-02	-7.426128e+00
3.610000e-06	-4.459154e-02	-7.670414e+00
3.620000e-06	-1.121450e-02	-8.014625e+00
3.630000e-06	5.556048e-02	-8.175049e+00
3.640000e-06	-8.393412e-02	-8.448880e+00
3.650000e-06	7.437063e-02	-8.720390e+00
3.660000e-06	-7.515511e-02	-8.922542e+00
3.670000e-06	3.049985e-02	-9.165147e+00
3.680000e-06	-3.384213e-02	-9.356674e+00
3.690000e-06	-1.397824e-02	-9.618754e+00
3.700000e-06	2.225105e-02	-9.815254e+00
3.710000e-06	-4.099535e-02	-1.007949e+01
3.720000e-06	3.598218e-02	-1.032089e+01
3.730000e-06	-6.338022e-02	-1.053199e+01
3.740000e-06	3.290811e-02	-1.072009e+01
3.750000e-06	-4.999972e-02	-1.093195e+01
3.760000e-06	1.644052e-02	-1.112362e+01
3.770000e-06	-3.069136e-02	-1.131404e+01
3.780000e-06	3.328985e-03	-1.160520e+01
3.790000e-06	-1.014453e-02	-1.175610e+01
3.800000e-06	-1.666354e-02	-1.193557e+01
3.810000e-06	-9.264548e-03	-1.217312e+01
3.820000e-06	-2.933704e-02	-1.233307e+01
3.830000e-06	4.761226e-03	-1.250249e+01
3.840000e-06	-3.189278e-02	-1.271136e+01
3.850000e-06	2.945345e-03	-1.285836e+01
3.860000e-06	-2.982908e-02	-1.296615e+01
3.870000e-06	6.155021e-03	-1.316509e+01
3.880000e-06	-3.018343e-02	-1.329159e+01
3.890000e-06	-7.623340e-03	-1.344026e+01
3.900000e-06	-2.726922e-02	-1.359562e+01
3.910000e-06	-1.132574e-02	-1.374462e+01
3.920000e-06	-1.864107e-02	-1.384948e+01
3.930000e-06	-1.873707e-02	-1.399033e+01
3.940000e-06	-1.478959e-02	-1.412407e+01
3.950000e-06	-2.012154e-02	-1.426144e+01
3.960000e-06	-1.445539e-02	-1.432675e+01
3.970000e-06	-2.706694e-02	-1.445036e+01
3.980000e-06	-1.505055e-02	-1.456673e+01
3.990000e-06	-2.409988e-02	-1.465094e+01
4.000000e-06	-1.642246e-02	-1.472525e+01
4.010000e-06	-2.558803e-02	-1.485935e+01
4.020000e-06	-2.003309e-02	-1.492459e+01
4.030000e-06	-2.509287e-02	-1.498733e+01
4.040000e-06	-2.238397e-02	-1.504191e+01
4.050000e-06	-2.754775e-02	-1.511459e+01
4.060000e-06	-2.244343e-02	-1.519568e+01
4.070000e-06	-2.530639e-02	-1.520893e+01
4.080000e-06	-2.506281e-02	-1.528006e+01
4.090000e-06	-2.795052e-02	-1.533509e+01
4.100000e-06	-2.924758e-02	-1.538618e+01
4.110000e-06	-2.635863e-02	-1.535878e+01
4.120000e-06	-3.195677e-02	-1.540823e+01
4.130000e-06	-2.774031e-02	-1.545978e+01
4.140000e-06	-3.296782e-02	-1.543953e+01
4.150000e-06	-2.944836e-02	-1.546843e+01
4.160000e-06	-3.563016e-02	-1.547033e+01
4.170000e-06	-3.468063e-02	-1.547051e+01
4.180000e-06	-3.713518e-02	-1.543936e+01
4.190000e-06	-3.694190e-02	-1.544736e+01
4.200000e-06	-4.084161e-02	-1.542838e+01
4.210000e-06	-4.406506e-02	-1.539823e+01
4.220000e-06	-4.471011e-02	-1.536665e+01
4.230000e-06	-4.592791e-02	-1.531260e+01
4.240000e-06	-5.093273e-02	-1.526801e+01
4.250000e-06	-5.415453e-02	-1.522890e+01
4.260000e-06	-5.744618e-02	-1.518683e+01
4.270000e-06	-6.275535e-02	-1.509509e+01
4.280000e-06	-7.106298e-02	-1.502936e+01
4.290000e-06	-8.088526e-02	-1.499670e+01
4.300000e-06	-9.114746e-02	-1.491410e+01
4.310000e-06	-1.041587e-01	-1.482741e+01
4.320000e-06	-1.224000e-01	-1.472475e+01
4.330000e-06	-1.455830e-01	-1.466996e+01
4.340000e-06	-1.705227e-01	-1.459468e+01
4.350000e-06	-2.014214e-01	-1.445789e+01
4.360000e-06	-2.333630e-01	-1.435585e+01
4.370000e-06	-2.472725e-01	-1.423834e+01
4.380000e-06	-2.489726e-01	-1.412467e+01
4.390000e-06	-2.490548e-01	-1.396833e+01
4.400000e-06	-2.490897e-01	-1.387991e+01
4.410000e-06	-2.490765e-01	-1.371257e+01
4.420000e-06	-2.490932e-01	-1.357531e+01
4.430000e-06	-2.412497e-01	-1.343835e+01
4.440000e-06	-2.140897e-01	-1.324202e+01
4.450000e-06	-1.837425e-01	-1.314320e+01
4.460000e-06	-1.577483e-01	-1.300575e+01
4.470000e-06	-1.328419e-01	-1.285791e+01
4.480000e-06	-1.141683e-01	-1.269147e+01
4.490000e-06	-9.763348e-02	-1.248307e+01
4.500000e-06	-8.354157e-02	-1.234417e+01
4.510000e-06	-6.895208e-02	-1.219360e+01
4.520000e-06	-5.849320e-02	-1.199478e+01
4.530000e-06	-5.111971e-02	-1.178470e+01
4.540000e-06	-4.323107e-02	-1.156622e+01
4.550000e-06	-3.751506e-02	-1.135215e+01
4.560000e-06	-3.169754e-02	-1.115305e+01
4.570000e-06	-2.916669e-02	-1.090207e+01
4.580000e-06	-2.618972e-02	-1.074100e+01
4.590000e-06	-2.312723e-02	-1.050152e+01
4.600000e-06	-1.916434e-02	-1.031062e+01
4.610000e-06	-1.921583e-02	-1.006102e+01
4.620000e-06	-1.792472e-02	-9.876965e+00
4.630000e-06	-1.726011e-02	-9.685836e+00
4.640000e-06	-1.412602e-02	-9.427337e+00
4.650000e-06	-1.335799e-02	-9.203755e+00
4.660000e-06	-1.395867e-02	-9.003157e+00
4.670000e-06	-1.333279e-02	-8.781629e+00
4.680000e-06	-1.286949e-02	-8.488914e+00
4.690000e-06	-1.025646e-02	-8.305364e+00
4.700000e-06	-1.140395e-02	-8.064160e+00
4.710000e-06	-1.164482e-02	-7.752103e+00
4.720000e-06	-1.169114e-02	-7.466867e+00
4.730000e-06	-8.697708e-03	-7.254782e+00
4.740000e-06	-9.967156e-03	-6.942074e+00
4.750000e-06	-9.911596e-03	-6.706947e+00
4.760000e-06	-9.600106e-03	-6.457364e+00
4.770000e-06	-7.754781e-03	-6.183234e+00
4.780000e-06	-7.742116e-03	-5.968521e+00
4.790000e-06	-9.416362e-03	-5.636838e+00
4.800000e-06	-8.733080e-03	-5.401105e+00
4.810000e-06	-8.512253e-03	-5.086788e+00
4.820000e-06	-7.310040e-03	-4.740571e+00
4.830000e-06	-7.761724e-03	-4.486786e+00
4.840000e-06	-7.170515e-03	-4.235191e+00
4.850000e-06	-6.750073e-03	-4.050075e+00
4.860000e-06	-5.998981e-03	-3.687316e+00
4.870000e-06	-7.962951e-03	-3.442134e+00
4.880000e-06	-8.014610e-03	-3.159055e+00
4.890000e-06	-7.075616e-03	-2.833259e+00
4.900000e-06	-4.487513e-03	-2.589582e+00
4.910000e-06	-5.249601e-03	-2.296366e+00
4.920000e-06	-5.923305e-03	-1.980129e+00
4.930000e-06	-5.021231e-03	-1.777366e+00
4.940000e-06	-5.453322e-03	-1.451662e+00
4.950000e-06	-5.100282e-03	-1.115843e+00
4.960000e-06	-6.399271e-03	-8.621080e-01
4.970000e-06	-3.244479e-03	-5.449471e-01
4.980000e-06	-2.168685e-03	-2.527355e-01
4.990000e-06	2.093630e-03	1.104356e-02
5.000000e-06	7.427278e-03	3.372381e-01
5.010000e-06	-1.927096e-03	5.384383e-01
5.020000e-06	3.549484e-03	8.205175e-01
5.030000e-06	-1.779498e-03	1.168783e+00
5.040000e-06	2.185589e-03	1.369417e+00
5.050000e-06	-1.306694e-03	1.695279e+00
5.060000e-06	1.239118e-02	1.947838e+00
5.070000e-06	3.257412e-02	2.180440e+00
5.080000e-06	7.749596e-02	2.464779e+00
5.090000e-06	-3.695917e-02	2.843077e+00
5.100000e-06	-4.827843e-02	3.119333e+00
5.110000e-06	-3.501300e-02	3.364571e+00
5.120000e-06	4.659425e-03	3.635730e+00
5.130000e-06	-3.295080e-02	3.935232e+00
5.140000e-06	-3.823539e-02	4.065832e+00
5.150000e-06	8.150652e-02	4.390965e+00
5.160000e-06	-2.981720e-03	4.644700e+00
5.170000e-06	3.557496e-02	4.858812e+00
5.180000e-06	3.769296e-02	5.245673e+00
5.190000e-06	-8.956443e-02	5.540416e+00
5.200000e-06	5.693244e-02	5.782541e+00
5.210000e-06	-1.433406e-02	6.037749e+00
5.220000e-06	1.003297e-02	6.298913e+00
5.230000e-06	-8.349527e-03	6.595571e+00
5.240000e-06	-7.715709e-03	6.877859e+00
5.250000e-06	7.194768e-02	7.129437e+00
5.260000e-06	-3.997611e-02	7.376180e+00
5.270000e-06	-3.393619e-03	7.677361e+00
5.280000e-06	-2.100444e-02	7.963519e+00
5.290000e-06	5.546750e-02	8.215598e+00
5.300000e-06	8.147538e-03	8.434732e+00
5.310000e-06	-3.652074e-02	8.646733e+00
5.320000e-06	3.088809e-02	8.890865e+00
5.330000e-06	-2.560613e-03	9.121391e+00
5.340000e-06	2.531279e-02	9.361995e+00
5.350000e-06	-2.700963e-02	9.604223e+00
5.360000e-06	1.340423e-02	9.818255e+00
5.370000e-06	1.942196e-02	1.005683e+01
5.380000e-06	1.903870e-02	1.025833e+01
5.390000e-06	-1.167867e-03	1.043993e+01
5.400000e-06	-1.755504e-02	1.068986e+01
5.410000e-06	2.806483e-02	1.088993e+01
5.420000e-06	4.521083e-03	1.106939e+01
5.430000e-06	1.084770e-02	1.128301e+01
5.440000e-06	-9.858672e-03	1.152394e+01
5.450000e-06	2.699137e-02	1.172361e+01
5.460000e-06	1.391555e-02	1.189257e+01
5.470000e-06	7.525943e-03	1.209191e+01
5.480000e-06	-4.548455e-03	1.226991e+01
5.490000e-06	1.099522e-02	1.242788e+01
5.500000e-06	2.201922e-02	1.258620e+01
5.510000e-06	4.476332e-03	1.274668e+01
5.520000e-06	7.085804e-03	1.296447e+01
5.530000e-06	9.097307e-03	1.309199e+01
5.540000e-06	2.653031e-02	1.324143e+01
5.550000e-06	4.938024e-03	1.332560e+01
5.560000e-06	6.446471e-03	1.356464e+01
5.570000e-06	7.717879e-03	1.367191e+01
5.580000e-06	2.285180e-02	1.378685e+01
5.590000e-06	1.341644e-02	1.390564e+01
5.600000e-06	7.484137e-03	1.410103e+01
5.610000e-06	1.458246e-02	1.420880e+01
5.620000e-06	2.049489e-02	1.430512e+01
5.630000e-06	1.694549e-02	1.441880e+01
5.640000e-06	6.904090e-03	1.449554e+01
5.650000e-06	1.692008e-02	1.459790e+01
5.660000e-06	2.016833e-02	1.471209e+01
5.670000e-06	2.036288e-02	1.475625e+01
5.680000e-06	1.185560e-02	1.486141e+01
5.690000e-06	1.608607e-02	1.490215e+01
5.700000e-06	2.191433e-02	1.498678e+01
5.710000e-06	1.913308e-02	1.504138e+01
5.720000e-06	1.568577e-02	1.507156e+01
5.730000e-06	1.752853e-02	1.515778e+01
5.740000e-06	2.575987e-02	1.517988e+01
5.750000e-06	2.335259e-02	1.523239e+01
5.760000e-06	1.988567e-02	1.526254e+01
5.770000e-06	1.999716e-02	1.531409e+01
5.780000e-06	2.744089e-02	1.532535e+01
5.790000e-06	2.650453e-02	1.534610e+01
5.800000e-06	2.206624e-02	1.534680e+01
5.810000e-06	2.433284e-02	1.534672e+01
5.820000e-06	2.864730e-02	1.539680e+01
5.830000e-06	3.228925e-02	1.536735e+01
5.840000e-06	2.718540e-02	1.537515e+01
5.850000e-06	3.112175e-02	1.531615e+01
5.860000e-06	3.631576e-02	1.526519e+01
5.870000e-06	4.156452e-02	1.528304e+01
5.880000e-06	3.770960e-02	1.523446e+01
5.890000e-06	3.968219e-02	1.518136e+01
5.900000e-06	4.587850e-02	1.515035e+01
5.910000e-06	5.027839e-02	1.508667e+01
5.920000e-06	5.204254e-02	1.505204e+01
5.930000e-06	5.593449e-02	1.501838e+01
5.940000e-06	6.875933e-02	1.495475e+01
5.950000e-06	7.956610e-02	1.488114e+01
5.960000e-06	9.044484e-02	1.480733e+01
5.970000e-06	1.013294e-01	1.473467e+01
5.980000e-06	1.231862e-01	1.464836e+01
5.990000e-06	1.493114e-01	1.451622e+01
6.000000e-06	1.740340e-01	1.443946e+01
6.010000e-06	2.062677e-01	1.434565e+01
6.020000e-06	2.366102e-01	1.423846e+01
6.030000e-06	2.483244e-01	1.413363e+01
6.040000e-06	2.489922e-01	1.401683e+01
6.050000e-06	2.490311e-01	1.384944e+01
6.060000e-06	2.490290e-01	1.371420e+01
6.070000e-06	2.490520e-01	1.356821e+01
6.080000e-06	2.464198e-01	1.348943e+01
6.090000e-06	2.237958e-01	1.331204e+01
6.100000e-06	1.942570e-01	1.316523e+01
6.110000e-06	1.688496e-01	1.300638e+01
6.120000e-06	1.429786e-01	1.283996e+01
6.130000e-06	1.183106e-01	1.268104e+01
6.140000e-06	9.974268e-02	1.256312e+01
6.150000e-06	8.539278e-02	1.238373e+01
6.160000e-06	7.037976e-02	1.219633e+01
6.170000e-06	5.520909e-02	1.202944e+01
6.180000e-06	4.520202e-02	1.185836e+01
6.190000e-06	3.991648e-02	1.159741e+01
6.200000e-06	3.395195e-02	1.141683e+01
6.210000e-06	2.722785e-02	1.121788e+01
6.220000e-06	2.148879e-02	1.102628e+01
6.230000e-06	2.056354e-02	1.084639e+01
6.240000e-06	1.676063e-02	1.066733e+01
6.250000e-06	1.274711e-02	1.038773e+01
6.260000e-06	9.299464e-03	1.015423e+01
6.270000e-06	1.009624e-02	9.964233e+00
6.280000e-06	1.039914e-02	9.702600e+00
6.290000e-06	7.544970e-03	9.500571e+00
6.300000e-06	5.119114e-03	9.289491e+00
6.310000e-06	4.496634e-03	9.049013e+00
6.320000e-06	4.462747e-03	8.824814e+00
6.330000e-06	3.284388e-03	8.602706e+00
6.340000e-06	1.415312e-03	8.401652e+00
6.350000e-06	2.311811e-03	8.100503e+00
6.360000e-06	3.331026e-03	7.899785e+00
6.370000e-06	3.256375e-03	7.614212e+00
6.380000e-06	3.229379e-04	7.302125e+00
6.390000e-06	8.947870e-04	7.076840e+00
6.400000e-06	9.339670e-04	6.825261e+00
6.410000e-06	1.005241e-03	6.584082e+00
6.420000e-06	-1.636906e-03	6.287441e+00
6.430000e-06	-9.817557e-04	6.046864e+00
6.440000e-06	1.974255e-04	5.773235e+00
6.450000e-06	3.813752e-05	5.520446e+00
6.460000e-06	-1.783692e-03	5.244341e+00
6.470000e-06	-2.565105e-03	4.857515e+00
6.480000e-06	-1.172109e-03	4.632203e+00
6.490000e-06	-1.023650e-03	4.381099e+00
6.500000e-06	-2.629328e-03	4.054837e+00
6.510000e-06	-3.794815e-03	3.780681e+00
6.520000e-06	-2.479443e-03	3.558999e+00
6.530000e-06	-2.424195e-03	3.241714e+00
6.540000e-06	-4.201419e-03	2.958526e+00
6.550000e-06	-5.175947e-03	2.717895e+00
6.560000e-06	-3.651108e-03	2.430698e+00
6.570000e-06	-3.751365e-03	2.116920e+00
6.580000e-06	-2.921345e-03	1.854710e+00
6.590000e-06	-6.890203e-03	1.549580e+00
6.600000e-06	-3.295002e-03	1.266260e+00
6.610000e-06	-5.105930e-03	9.378947e-01
6.620000e-06	-4.974327e-03	6.132092e-01
6.630000e-06	-4.404350e-03	3.784539e-01
6.640000e-06	-3.999650e-03	1.026873e-01
6.650000e-06	2.031613e-03	-1.795210e-01
6.660000e-06	4.190889e-03	-4.420026e-01
6.670000e-06	-6.464660e-03	-7.577845e-01
6.680000e-06	-3.421893e-03	-1.001938e+00
6.690000e-06	-5.708421e-03	-1.294105e+00
6.700000e-06	-1.461612e-03	-1.579417e+00
6.710000e-06	-1.055177e-03	-1.811499e+00
6.720000e-06	2.466085e-02	-2.020974e+00
6.730000e-06	8.522837e-02	-2.307259e+00
6.740000e-06	-2.283686e-02	-2.663625e+00
6.750000e-06	-5.910646e-02	-3.032551e+00
6.760000e-06	-4.252130e-02	-3.348811e+00
6.770000e-06	-1.677381e-02	-3.559941e+00
6.780000e-06	-5.473156e-02	-3.846726e+00
6.790000e-06	1.451908e-02	-4.033686e+00
6.800000e-06	8.948104e-02	-4.243122e+00
6.810000e-06	-1.235186e-01	-4.529338e+00
6.820000e-06	1.756367e-01	-4.774020e+00
6.830000e-06	-9.468142e-02	-5.064733e+00
6.840000e-06	-2.399069e-02	-5.413180e+00
6.850000e-06	2.410981e-02	-5.656207e+00
6.860000e-06	-1.055181e-01	-5.951970e+00
6.870000e-06	1.225309e-01	-6.215149e+00
6.880000e-06	-9.721090e-02	-6.498835e+00
6.890000e-06	5.752797e-02	-6.719468e+00
6.900000e-06	1.261487e-02	-6.965078e+00
6.910000e-06	-6.607237e-02	-7.329915e+00
6.920000e-06	4.395742e-02	-7.550923e+00
6.930000e-06	-9.230893e-02	-7.876228e+00
6.940000e-06	8.137984e-02	-8.129467e+00
6.950000e-06	-5.302626e-02	-8.331887e+00
6.960000e-06	3.893627e-03	-8.595550e+00
6.970000e-06	1.896936e-02	-8.836803e+00
6.980000e-06	-6.343521e-02	-9.077333e+00
6.990000e-06	5.258046e-02	-9.300908e+00
7.000000e-06	-8.250808e-02	-9.521515e+00
7.010000e-06	5.924692e-02	-9.763045e+00
7.020000e-06	-5.216110e-02	-9.954142e+00
7.030000e-06	2.867542e-02	-1.021568e+01
7.040000e-06	-3.337514e-02	-1.039575e+01
7.050000e-06	-1.553508e-02	-1.062678e+01
7.060000e-06	1.846636e-03	-1.079825e+01
7.070000e-06	-3.445807e-02	-1.103983e+01
7.080000e-06	1.749699e-02	-1.126870e+01
7.090000e-06	-4.138717e-02	-1.145894e+01
7.100000e-06	2.521916e-02	-1.168191e+01
7.110000e-06	-3.957535e-02	-1.185888e+01
7.120000e-06	9.815675e-03	-1.210989e+01
7.130000e-06	-4.118439e-02	-1.225883e+01
7.140000e-06	4.343446e-03	-1.243980e+01
7.150000e-06	-2.293867e-02	-1.257618e+01
7.160000e-06	-8.700582e-03	-1.273567e+01
7.170000e-06	-1.639560e-02	-1.292204e+01
7.180000e-06	-1.344033e-02	-1.308103e+01
7.190000e-06	-5.382681e-03	-1.321933e+01
7.200000e-06	-2.759514e-02	-1.337713e+01
7.210000e-06	-9.256782e-03	-1.354294e+01
7.220000e-06	-2.898712e-02	-1.365946e+01
7.230000e-06	-2.957927e-03	-1.383730e+01
7.240000e-06	-2.916802e-02	-1.391464e+01
7.250000e-06	-1.050998e-02	-1.403253e+01
7.260000e-06	-2.408649e-02	-1.420823e+01
7.270000e-06	-1.072974e-02	-1.432456e+01
7.280000e-06	-2.334698e-02	-1.439886e+01
7.290000e-06	-2.091958e-02	-1.449414e+01
7.300000e-06	-2.127034e-02	-1.458688e+01
7.310000e-06	-1.850573e-02	-1.471304e+01
7.320000e-06	-2.026689e-02	-1.476585e+01
7.330000e-06	-2.445393e-02	-1.487203e+01
7.340000e-06	-2.324080e-02	-1.496625e+01
7.350000e-06	-2.363877e-02	-1.501041e+01
7.360000e-06	-2.315995e-02	-1.508351e+01
7.370000e-06	-2.743178e-02	-1.514462e+01
7.380000e-06	-2.397466e-02	-1.518788e+01
7.390000e-06	-2.450773e-02	-1.525044e+01
7.400000e-06	-2.268282e-02	-1.527314e+01
7.410000e-06	-3.023357e-02	-1.535462e+01
7.420000e-06	-2.823896e-02	-1.537578e+01
7.430000e-06	-2.935236e-02	-1.539723e+01
7.440000e-06	-2.782948e-02	-1.543938e+01
7.450000e-06	-3.190068e-02	-1.546043e+01
7.460000e-06	-3.257635e-02	-1.547046e+01
7.470000e-06	-3.111453e-02	-1.545234e+01
7.480000e-06	-3.447817e-02	-1.546149e+01
7.490000e-06	-3.587017e-02	-1.546091e+01
7.500000e-06	-3.919383e-02	-1.544946e+01
7.510000e-06	-3.791958e-02	-1.540933e+01
7.520000e-06	-4.027760e-02	-1.536780e+01
7.530000e-06	-4.466893e-02	-1.536522e+01
7.540000e-06	-4.672296e-02	-1.534459e+01
7.550000e-06	-4.912043e-02	-1.528212e+01
7.560000e-06	-5.055885e-02	-1.524098e+01
7.570000e-06	-5.619687e-02	-1.520583e+01
7.580000e-06	-6.180941e-02	-1.514515e+01
7.590000e-06	-6.522931e-02	-1.505138e+01
7.600000e-06	-7.351041e-02	-1.503873e+01
7.610000e-06	-8.554058e-02	-1.495415e+01
7.620000e-06	-9.923207e-02	-1.489101e+01
7.630000e-06	-1.128939e-01	-1.477685e+01
7.640000e-06	-1.321532e-01	-1.471354e+01
7.650000e-06	-1.569347e-01	-1.461688e+01
7.660000e-06	-1.868374e-01	-1.453304e+01
7.670000e-06	-2.186842e-01	-1.442633e+01
7.680000e-06	-2.409165e-01	-1.429197e+01
7.690000e-06	-2.485306e-01	-1.419525e+01
7.700000e-06	-2.490499e-01	-1.403457e+01
7.710000e-06	-2.490648e-01	-1.391464e+01
7.720000e-06	-2.490729e-01	-1.379628e+01
7.730000e-06	-2.490868e-01	-1.362036e+01
7.740000e-06	-2.474171e-01	-1.351209e+01
7.750000e-06	-2.299621e-01	-1.334618e+01
7.760000e-06	-1.996386e-01	-1.316784e+01
7.770000e-06	-1.688184e-01	-1.302951e+01
7.780000e-06	-1.460359e-01	-1.291252e+01
7.790000e-06	-1.240701e-01	-1.277375e+01
7.800000e-06	-1.044248e-01	-1.260671e+01
7.810000e-06	-8.833526e-02	-1.243789e+01
7.820000e-06	-7.690226e-02	-1.223741e+01
7.830000e-06	-6.577637e-02	-1.209094e+01
7.840000e-06	-5.540808e-02	-1.186942e+01
7.850000e-06	-4.543031e-02	-1.165999e+01
7.860000e-06	-4.062150e-02	-1.144044e+01
7.870000e-06	-3.458309e-02	-1.124786e+01
7.880000e-06	-2.979355e-02	-1.098690e+01
7.890000e-06	-2.541373e-02	-1.080581e+01
7.900000e-06	-2.394126e-02	-1.064633e+01
7.910000e-06	-2.278480e-02	-1.044631e+01
7.920000e-06	-1.988427e-02	-1.020671e+01
7.930000e-06	-1.763148e-02	-9.964205e+00
7.940000e-06	-1.745146e-02	-9.743054e+00
7.950000e-06	-1.723949e-02	-9.580175e+00
7.960000e-06	-1.464199e-02	-9.321015e+00
7.970000e-06	-1.195203e-02	-9.117367e+00
7.980000e-06	-1.274662e-02	-8.878933e+00
7.990000e-06	-1.273705e-02	-8.595332e+00
8.000000e-06	-1.134106e-02	-8.383127e+00
8.010000e-06	-1.062294e-02	-8.151024e+00
8.020000e-06	-1.151641e-02	-7.889443e+00
8.030000e-06	-1.173490e-02	-7.624308e+00
8.040000e-06	-1.070959e-02	-7.341146e+00
8.050000e-06	-9.519179e-03	-7.086867e+00
8.060000e-06	-8.882747e-03	-6.863731e+00
8.070000e-06	-8.395647e-03	-6.602625e+00
8.080000e-06	-8.885990e-03	-6.379520e+00
8.090000e-06	-7.387913e-03	-6.043308e+00
8.100000e-06	-8.114388e-03	-5.772179e+00
8.110000e-06	-8.699432e-03	-5.548920e+00
8.120000e-06	-9.977455e-03	-5.233703e+00
8.130000e-06	-6.254369e-03	-4.940047e+00
8.140000e-06	-1.018363e-02	-4.612676e+00
8.150000e-06	-4.989920e-03	-4.380051e+00
8.160000e-06	-8.396959e-03	-4.097423e+00
8.170000e-06	-4.334010e-03	-3.853713e+00
8.180000e-06	-5.201095e-03	-3.579451e+00
8.190000e-06	-6.029865e-03	-3.316338e+00
8.200000e-06	-7.283382e-03	-2.972105e+00
8.210000e-06	-7.510504e-03	-2.717367e+00
8.220000e-06	-7.278185e-03	-2.461234e+00
8.230000e-06	-6.451840e-03	-2.116944e+00
8.240000e-06	-5.194354e-03	-1.874237e+00
8.250000e-06	-3.199781e-03	-1.540030e+00
8.260000e-06	-2.013114e-03	-1.282784e+00
8.270000e-06	-4.676246e-03	-9.789274e-01
8.280000e-06	-3.860887e-03	-6.858095e-01
8.290000e-06	-6.737251e-03	-4.094526e-01
8.300000e-06	-1.896730e-03	-1.058409e-01
8.310000e-06	3.523305e-03	1.278172e-01
8.320000e-06	3.869457e-03	4.530240e-01
8.330000e-06	7.212161e-04	6.652581e-01
8.340000e-06	2.196098e-03	9.289147e-01
8.350000e-06	2.009673e-03	1.253180e+00
8.360000e-06	6.826132e-04	1.529843e+00
8.370000e-06	2.486426e-03	1.833605e+00
8.380000e-06	1.529110e-02	2.044104e+00
8.390000e-06	6.126552e-02	2.349308e+00
8.400000e-06	3.382377e-02	2.667200e+00
8.410000e-06	-6.578601e-02	2.972475e+00
8.420000e-06	-3.899336e-02	3.243363e+00
8.430000e-06	-1.399482e-02	3.560414e+00
8.440000e-06	7.652851e-04	3.769470e+00
8.450000e-06	-5.564579e-02	3.971569e+00
8.460000e-06	1.553148e-02	4.213577e+00
8.470000e-06	7.837896e-02	4.509385e+00
8.480000e-06	-4.338681e-02	4.793018e+00
8.490000e-06	1.050552e-01	5.068831e+00
8.500000e-06	-8.147198e-02	5.375174e+00
8.510000e-06	-4.481293e-03	5.636727e+00
8.520000e-06	4.153166e-02	5.959965e+00
8.530000e-06	-2.872299e-02	6.173546e+00
8.540000e-06	3.193894e-02	6.478202e+00
8.550000e-06	-4.893823e-02	6.740443e+00
8.560000e-06	6.714750e-02	7.013623e+00
8.570000e-06	5.487528e-03	7.237858e+00
8.580000e-06	-2.620027e-02	7.532916e+00
8.590000e-06	-1.486543e-02	7.838702e+00
8.600000e-06	1.393733e-02	8.057760e+00
8.610000e-06	5.374620e-02	8.330342e+00
8.620000e-06	-3.535123e-02	8.531544e+00
8.630000e-06	1.489551e-03	8.763469e+00
8.640000e-06	2.117337e-02	9.016676e+00
8.650000e-06	8.559493e-03	9.218352e+00
8.660000e-06	5.006078e-03	9.477805e+00
8.670000e-06	-2.236932e-02	9.731486e+00
8.680000e-06	2.889654e-02	9.952492e+00
8.690000e-06	1.696830e-02	1.015107e+01
8.700000e-06	1.411360e-02	1.035660e+01
8.710000e-06	-1.812248e-02	1.058365e+01
8.720000e-06	6.370248e-03	1.079518e+01
8.730000e-06	2.444249e-02	1.097509e+01
8.740000e-06	1.269366e-03	1.114572e+01
8.750000e-06	1.263640e-04	1.140620e+01
8.760000e-06	3.404350e-03	1.160782e+01
8.770000e-06	3.045162e-02	1.179681e+01
8.780000e-06	8.307424e-03	1.200565e+01
8.790000e-06	6.009906e-04	1.216570e+01
8.800000e-06	4.122345e-04	1.234510e+01
8.810000e-06	2.025197e-02	1.252304e+01
8.820000e-06	1.587416e-02	1.268154e+01
8.830000e-06	1.487493e-03	1.282195e+01
8.840000e-06	7.400252e-03	1.300823e+01
8.850000e-06	2.025434e-02	1.314467e+01
8.860000e-06	1.870996e-02	1.331199e+01
8.870000e-06	2.883707e-03	1.342941e+01
8.880000e-06	4.789000e-03	1.360980e+01
8.890000e-06	1.712266e-02	1.372359e+01
8.900000e-06	1.990772e-02	1.384193e+01
8.910000e-06	9.079378e-03	1.399677e+01
8.920000e-06	7.747455e-03	1.415719e+01
8.930000e-06	1.976869e-02	1.425051e+01
8.940000e-06	1.979898e-02	1.438518e+01
8.950000e-06	1.098064e-02	1.448199e+01
8.960000e-06	9.452125e-03	1.456680e+01
8.970000e-06	1.855082e-02	1.467054e+01
8.980000e-06	2.352160e-02	1.473564e+01
8.990000e-06	1.516005e-02	1.479786e+01
9.000000e-06	1.331641e-02	1.487406e+01
9.010000e-06	1.719536e-02	1.498472e+01
9.020000e-06	2.414178e-02	1.502833e+01
9.030000e-06	1.642545e-02	1.507054e+01
9.040000e-06	1.569741e-02	1.512472e+01
9.050000e-06	2.084024e-02	1.517875e+01
9.060000e-06	2.556661e-02	1.518938e+01
9.070000e-06	2.154159e-02	1.524246e+01
9.080000e-06	1.721305e-02	1.529459e+01
9.090000e-06	2.374629e-02	1.532367e+01
9.100000e-06	2.740938e-02	1.534418e+01
9.110000e-06	2.685146e-02	1.533567e+01
9.120000e-06	2.119348e-02	1.538621e+01
9.130000e-06	2.659556e-02	1.537725e+01
9.140000e-06	3.173313e-02	1.537790e+01
9.150000e-06	2.973276e-02	1.534667e+01
9.160000e-06	2.752254e-02	1.536564e+01
9.170000e-06	3.196371e-02	1.533515e+01
9.180000e-06	4.055620e-02	1.524462e+01
9.190000e-06	3.942093e-02	1.529309e+01
9.200000e-06	3.804800e-02	1.523296e+01
9.210000e-06	4.108693e-02	1.515841e+01
9.220000e-06	4.926333e-02	1.515783e+01
9.230000e-06	5.282569e-02	1.507309e+01
9.240000e-06	5.343803e-02	1.504044e+01
9.250000e-06	6.035418e-02	1.499828e+01
9.260000e-06	7.441686e-02	1.490367e+01
9.270000e-06	8.503473e-02	1.487881e+01
9.280000e-06	9.326922e-02	1.476626e+01
9.290000e-06	1.119649e-01	1.466261e+01
9.300000e-06	1.361044e-01	1.460590e+01
9.310000e-06	1.639407e-01	1.446257e+01
9.320000e-06	1.906621e-01	1.435528e+01
9.330000e-06	2.229072e-01	1.427209e+01
9.340000e-06	2.431814e-01	1.419785e+01
9.350000e-06	2.489537e-01	1.404893e+01
9.360000e-06	2.490149e-01	1.396469e+01
9.370000e-06	2.490116e-01	1.377726e+01
9.380000e-06	2.490339e-01	1.364109e+01
9.390000e-06	2.485558e-01	1.352059e+01
9.400000e-06	2.398883e-01	1.337627e+01
9.410000e-06	2.097171e-01	1.321738e+01
9.420000e-06	1.795980e-01	1.308199e+01
9.430000e-06	1.541712e-01	1.291357e+01
9.440000e-06	1.300818e-01	1.274523e+01
9.450000e-06	1.086634e-01	1.260543e+01
9.460000e-06	9.101741e-02	1.245004e+01
9.470000e-06	7.845259e-02	1.231102e+01
9.480000e-06	6.508264e-02	1.207255e+01
9.490000e-06	5.093946e-02	1.194215e+01
9.500000e-06	4.200011e-02	1.177270e+01
9.510000e-06	3.594676e-02	1.153220e+01
9.520000e-06	3.136572e-02	1.131357e+01
9.530000e-06	2.395203e-02	1.112055e+01
9.540000e-06	2.138885e-02	1.093049e+01
9.550000e-06	1.835246e-02	1.074012e+01
9.560000e-06	1.672376e-02	1.048349e+01
9.570000e-06	1.052320e-02	1.028859e+01
9.580000e-06	9.659752e-03	1.007994e+01
9.590000e-06	8.329117e-03	9.888887e+00
9.600000e-06	9.484291e-03	9.615358e+00
9.610000e-06	5.764862e-03	9.384754e+00
9.620000e-06	5.164495e-03	9.172651e+00
9.630000e-06	5.070523e-03	8.934152e+00
9.640000e-06	5.057056e-03	8.729973e+00
9.650000e-06	2.799275e-03	8.437890e+00
9.660000e-06	1.817457e-03	8.317840e+00
9.670000e-06	3.038107e-03	7.983776e+00
9.680000e-06	3.034982e-03	7.722028e+00
9.690000e-06	1.994568e-03	7.478492e+00
9.700000e-06	3.356802e-04	7.223700e+00
9.710000e-06	6.727279e-04	6.962701e+00
9.720000e-06	1.535750e-03	6.717919e+00
9.730000e-06	-5.865886e-04	6.444858e+00
9.740000e-06	-1.521985e-03	6.222628e+00
9.750000e-06	-4.324510e-05	5.969470e+00
9.760000e-06	-8.902748e-05	5.636762e+00
9.770000e-06	-1.094157e-03	5.403231e+00
9.780000e-06	-2.976142e-03	5.067364e+00
9.790000e-06	-2.058682e-03	4.770022e+00
9.800000e-06	-4.848850e-04	4.496813e+00
9.810000e-06	-1.313888e-03	4.214236e+00
9.820000e-06	-3.903387e-03	3.938074e+00
9.830000e-06	-3.296054e-03	3.673715e+00
9.840000e-06	-2.116717e-03	3.381629e+00
9.850000e-06	-2.389961e-03	3.106843e+00
9.860000e-06	-4.258578e-03	2.853155e+00
9.870000e-06	-5.572611e-03	2.559470e+00
9.880000e-06	-2.287806e-03	2.233211e+00
9.890000e-06	-3.391624e-03	2.040605e+00
9.900000e-06	-4.677285e-03	1.734917e+00
9.910000e-06	-6.069129e-03	1.410580e+00
9.920000e-06	-4.179410e-03	1.095814e+00
9.930000e-06	-3.965772e-03	7.791749e-01
9.940000e-06	-5.118022e-03	5.143445e-01
9.950000e-06	-5.466080e-03	2.612565e-01
9.960000e-06	-2.569141e-03	-3.363115e-02
9.970000e-06	5.471734e-03	-3.268119e-01
9.980000e-06	-1.423267e-03	-5.993497e-01
9.990000e-06	-2.385345e-03	-8.536578e-01
1.000000e-05	-5.555398e-03	-1.116763e+00
1.001000e-05	-6.478728e-04	-1.392579e+00
1.002000e-05	-3.474607e-03	-1.684210e+00
1.003000e-05	7.327463e-03	-1.936235e+00
1.004000e-05	4.893895e-02	-2.130397e+00
1.005000e-05	6.711694e-02	-2.465708e+00
1.006000e-05	-7.939370e-02	-2.812653e+00
1.007000e-05	-3.198122e-02	-3.201600e+00
1.008000e-05	-4.280288e-02	-3.485258e+00
1.009000e-05	-1.408826e-02	-3.697763e+00
1.010000e-05	-6.412133e-02	-3.990494e+00
1.011000e-05	1.166609e-01	-4.096892e+00
1.012000e-05	-6.200972e-02	-4.350995e+00
1.013000e-05	1.999447e-02	-4.676309e+00
1.014000e-05	1.043852e-01	-4.907416e+00
1.015000e-05	-1.606632e-01	-5.275230e+00
1.016000e-05	9.411817e-02	-5.529440e+00
1.017000e-05	-1.119733e-01	-5.822601e+00
1.018000e-05	4.906095e-02	-6.047809e+00
1.019000e-05	2.380262e-02	-6.339916e+00
1.020000e-05	-7.325577e-02	-6.596129e+00
1.021000e-05	1.049528e-01	-6.887783e+00
1.022000e-05	-9.127121e-02	-7.152595e+00
1.023000e-05	3.085725e-02	-7.466704e+00
1.024000e-05	-4.463739e-02	-7.688364e+00
1.025000e-05	-1.264696e-02	-8.005673e+00
1.026000e-05	5.617781e-02	-8.194652e+00
1.027000e-05	-8.411359e-02	-8.468408e+00
1.028000e-05	7.243749e-02	-8.682415e+00
1.029000e-05	-7.447922e-02	-8.953595e+00
1.030000e-05	3.114611e-02	-9.183147e+00
1.031000e-05	-3.162788e-02	-9.396254e+00
1.032000e-05	-1.530780e-02	-9.657859e+00
1.033000e-05	2.231609e-02	-9.867281e+00
1.034000e-05	-3.961364e-02	-1.010146e+01
1.035000e-05	3.648536e-02	-1.030041e+01
1.036000e-05	-6.647805e-02	-1.051244e+01
1.037000e-05	3.125032e-02	-1.074249e+01
1.038000e-05	-4.871000e-02	-1.091261e+01
1.039000e-05	1.649171e-02	-1.112412e+01
1.040000e-05	-3.017996e-02	-1.132357e+01
1.041000e-05	1.692770e-03	-1.156670e+01
1.042000e-05	-9.050770e-03	-1.174460e+01
1.043000e-05	-1.452929e-02	-1.195613e+01
1.044000e-05	-9.157587e-03	-1.216407e+01
1.045000e-05	-3.102377e-02	-1.231312e+01
1.046000e-05	4.317944e-03	-1.248354e+01
1.047000e-05	-3.063182e-02	-1.265189e+01
1.048000e-05	1.441847e-03	-1.282843e+01
1.049000e-05	-3.248835e-02	-1.299525e+01
1.050000e-05	4.520321e-03	-1.313317e+01
1.051000e-05	-2.661976e-02	-1.329354e+01
1.052000e-05	-6.842587e-03	-1.343091e+01
1.053000e-05	-2.781471e-02	-1.357613e+01
1.054000e-05	-1.267935e-02	-1.374517e+01
1.055000e-05	-1.789445e-02	-1.382993e+01
1.056000e-05	-1.981888e-02	-1.401878e+01
1.057000e-05	-1.764604e-02	-1.413517e+01
1.058000e-05	-2.122298e-02	-1.423086e+01
1.059000e-05	-1.298929e-02	-1.434627e+01
1.060000e-05	-2.539356e-02	-1.449149e+01
1.061000e-05	-1.809195e-02	-1.459368e+01
1.062000e-05	-2.435735e-02	-1.467094e+01
1.063000e-05	-1.563043e-02	-1.476777e+01
1.064000e-05	-2.488699e-02	-1.482141e+01
1.065000e-05	-2.232149e-02	-1.494459e+01
1.066000e-05	-2.616046e-02	-1.498778e+01
1.067000e-05	-1.973272e-02	-1.506199e+01
1.068000e-05	-2.625021e-02	-1.513504e+01
1.069000e-05	-2.507430e-02	-1.515684e+01
1.070000e-05	-2.697849e-02	-1.519793e+01
1.071000e-05	-2.337255e-02	-1.525951e+01
1.072000e-05	-2.527713e-02	-1.533212e+01
1.073000e-05	-3.086693e-02	-1.535607e+01
1.074000e-05	-2.825673e-02	-1.541525e+01
1.075000e-05	-2.948472e-02	-1.541828e+01
1.076000e-05	-2.609659e-02	-1.546093e+01
1.077000e-05	-3.457341e-02	-1.547043e+01
1.078000e-05	-3.220667e-02	-1.546043e+01
1.079000e-05	-3.378423e-02	-1.544999e+01
1.080000e-05	-3.298578e-02	-1.544098e+01
1.081000e-05	-3.772649e-02	-1.546093e+01
1.082000e-05	-3.918578e-02	-1.539881e+01
1.083000e-05	-3.843006e-02	-1.538787e+01
1.084000e-05	-4.154104e-02	-1.538725e+01
1.085000e-05	-4.553880e-02	-1.534615e+01
1.086000e-05	-4.913936e-02	-1.532317e+01
1.087000e-05	-5.012851e-02	-1.523949e+01
1.088000e-05	-5.341583e-02	-1.520883e+01
1.089000e-05	-5.846068e-02	-1.516782e+01
1.090000e-05	-6.439306e-02	-1.507200e+01
1.091000e-05	-7.085925e-02	-1.505038e+01
1.092000e-05	-7.799628e-02	-1.500773e+01
1.093000e-05	-9.097835e-02	-1.486252e+01
1.094000e-05	-1.059971e-01	-1.480993e+01
1.095000e-05	-1.227485e-01	-1.476462e+01
1.096000e-05	-1.440422e-01	-1.466986e+01
1.097000e-05	-1.710116e-01	-1.455417e+01
1.098000e-05	-2.034181e-01	-1.444951e+01
1.099000e-05	-2.335446e-01	-1.433565e+01
1.100000e-05	-2.469870e-01	-1.420038e+01
1.101000e-05	-2.489824e-01	-1.409414e+01
1.102000e-05	-2.490540e-01	-1.394673e+01
1.103000e-05	-2.490738e-01	-1.383993e+01
1.104000e-05	-2.490897e-01	-1.372202e+01
1.105000e-05	-2.490846e-01	-1.356631e+01
1.106000e-05	-2.414656e-01	-1.344033e+01
1.107000e-05	-2.158586e-01	-1.328204e+01
1.108000e-05	-1.840576e-01	-1.313517e+01
1.109000e-05	-1.563306e-01	-1.297576e+01
1.110000e-05	-1.345463e-01	-1.284736e+01
1.111000e-05	-1.141335e-01	-1.266144e+01
1.112000e-05	-9.601002e-02	-1.250302e+01
1.113000e-05	-8.150784e-02	-1.236109e+01
1.114000e-05	-6.978314e-02	-1.218470e+01
1.115000e-05	-6.076057e-02	-1.200463e+01
1.116000e-05	-5.196798e-02	-1.171373e+01
1.117000e-05	-4.244285e-02	-1.152312e+01
1.118000e-05	-3.679512e-02	-1.134367e+01
1.119000e-05	-3.306837e-02	-1.115314e+01
1.120000e-05	-2.852746e-02	-1.092202e+01
1.121000e-05	-2.441403e-02	-1.074157e+01
1.122000e-05	-2.248081e-02	-1.055207e+01
1.123000e-05	-2.193927e-02	-1.033154e+01
1.124000e-05	-1.994170e-02	-1.008894e+01
1.125000e-05	-1.664046e-02	-9.876936e+00
1.126000e-05	-1.495323e-02	-9.656837e+00
1.127000e-05	-1.635082e-02	-9.446811e+00
1.128000e-05	-1.548447e-02	-9.195206e+00
1.129000e-05	-1.281329e-02	-9.003125e+00
1.130000e-05	-1.143705e-02	-8.811525e+00
1.131000e-05	-1.248654e-02	-8.479989e+00
1.132000e-05	-1.263406e-02	-8.266809e+00
1.133000e-05	-1.091696e-02	-8.075808e+00
1.134000e-05	-9.149970e-03	-7.722600e+00
1.135000e-05	-1.089013e-02	-7.506839e+00
1.136000e-05	-1.199167e-02	-7.234708e+00
1.137000e-05	-8.341272e-03	-6.973650e+00
1.138000e-05	-8.400978e-03	-6.696893e+00
1.139000e-05	-8.364908e-03	-6.466787e+00
1.140000e-05	-1.031726e-02	-6.202128e+00
1.141000e-05	-8.139472e-03	-5.928946e+00
1.142000e-05	-8.340734e-03	-5.636186e+00
1.143000e-05	-6.237703e-03	-5.392644e+00
1.144000e-05	-9.817424e-03	-5.086887e+00
1.145000e-05	-6.374868e-03	-4.741042e+00
1.146000e-05	-7.429173e-03	-4.467716e+00
1.147000e-05	-5.224950e-03	-4.244210e+00
1.148000e-05	-7.613169e-03	-3.992124e+00
1.149000e-05	-6.561325e-03	-3.736238e+00
1.150000e-05	-7.523612e-03	-3.413134e+00
1.151000e-05	-5.819239e-03	-3.149950e+00
1.152000e-05	-7.246675e-03	-2.833210e+00
1.153000e-05	-5.407361e-03	-2.588526e+00
1.154000e-05	-4.886628e-03	-2.295343e+00
1.155000e-05	-3.070657e-03	-2.011074e+00
1.156000e-05	-5.026776e-03	-1.725896e+00
1.157000e-05	-6.165731e-03	-1.432662e+00
1.158000e-05	-5.428406e-03	-1.092786e+00
1.159000e-05	-4.711976e-03	-8.331077e-01
1.160000e-05	-4.056261e-03	-5.132947e-01
1.161000e-05	-4.142874e-03	-2.516864e-01
1.162000e-05	2.376314e-03	-9.503744e-03
1.163000e-05	9.233051e-03	3.157095e-01
1.164000e-05	-1.220331e-03	5.483171e-01
1.165000e-05	2.380846e-03	8.216238e-01
1.166000e-05	-2.426773e-03	1.148312e+00
1.167000e-05	3.706417e-03	1.420595e+00
1.168000e-05	-2.623885e-04	1.707238e+00
1.169000e-05	9.986315e-03	1.969370e+00
1.170000e-05	3.093019e-02	2.181470e+00
1.171000e-05	7.729191e-02	2.504182e+00
1.172000e-05	-3.522160e-02	2.842653e+00
1.173000e-05	-4.957474e-02	3.130412e+00
1.174000e-05	-3.546157e-02	3.404999e+00
1.175000e-05	5.301999e-03	3.656208e+00
1.176000e-05	-3.157206e-02	3.856733e+00
1.177000e-05	-3.926096e-02	4.067782e+00
1.178000e-05	7.907295e-02	4.351495e+00
1.179000e-05	-2.243194e-03	4.674754e+00
1.180000e-05	3.612968e-02	4.918390e+00
1.181000e-05	3.853023e-02	5.238257e+00
1.182000e-05	-9.216180e-02	5.529941e+00
1.183000e-05	5.705766e-02	5.783994e+00
1.184000e-05	-1.250350e-02	6.078733e+00
1.185000e-05	1.053013e-02	6.279464e+00
1.186000e-05	-1.022698e-02	6.585150e+00
1.187000e-05	-8.456959e-03	6.857831e+00
1.188000e-05	7.127636e-02	7.119964e+00
1.189000e-05	-3.940893e-02	7.395204e+00
1.190000e-05	-5.262211e-03	7.689809e+00
1.191000e-05	-2.053292e-02	7.933071e+00
1.192000e-05	5.688258e-02	8.225702e+00
1.193000e-05	1.024989e-02	8.416204e+00
1.194000e-05	-3.801136e-02	8.677728e+00
1.195000e-05	3.010541e-02	8.880942e+00
1.196000e-05	-1.273328e-03	9.141515e+00
1.197000e-05	2.558485e-02	9.376067e+00
1.198000e-05	-2.680068e-02	9.605673e+00
1.199000e-05	1.215011e-02	9.806227e+00
1.200000e-05	2.121388e-02	1.004743e+01
1.201000e-05	2.052990e-02	1.025883e+01
1.202000e-05	-2.494838e-03	1.047188e+01
1.203000e-05	-1.872612e-02	1.073189e+01
1.204000e-05	2.909684e-02	1.089349e+01
1.205000e-05	5.989772e-03	1.107889e+01
1.206000e-05	1.002378e-02	1.125191e+01
1.207000e-05	-1.105378e-02	1.150111e+01
1.208000e-05	2.775280e-02	1.172304e+01
1.209000e-05	1.687278e-02	1.191156e+01
1.210000e-05	8.350220e-03	1.207046e+01
1.211000e-05	-6.400926e-03	1.229193e+01
1.212000e-05	1.099723e-02	1.246791e+01
1.213000e-05	2.370919e-02	1.261733e+01
1.214000e-05	5.465494e-03	1.274609e+01
1.215000e-05	4.843639e-03	1.293314e+01
1.216000e-05	9.170202e-03	1.310201e+01
1.217000e-05	2.890242e-02	1.325983e+01
1.218000e-05	7.349748e-03	1.339567e+01
1.219000e-05	3.908248e-03	1.354562e+01
1.220000e-05	6.344241e-03	1.364246e+01
1.221000e-05	2.291390e-02	1.377730e+01
1.222000e-05	1.443767e-02	1.391407e+01
1.223000e-05	5.941988e-03	1.405548e+01
1.224000e-05	1.335718e-02	1.419083e+01
1.225000e-05	2.129597e-02	1.434409e+01
1.226000e-05	2.014087e-02	1.445039e+01
1.227000e-05	5.488554e-03	1.453317e+01
1.228000e-05	1.375215e-02	1.460896e+01
1.229000e-05	2.015960e-02	1.471104e+01
1.230000e-05	2.180798e-02	1.475673e+01
1.231000e-05	1.099199e-02	1.483844e+01
1.232000e-05	1.344754e-02	1.490515e+01
1.233000e-05	2.310897e-02	1.498630e+01
1.234000e-05	2.205408e-02	1.507141e+01
1.235000e-05	1.631482e-02	1.509461e+01
1.236000e-05	1.400254e-02	1.514620e+01
1.237000e-05	2.405543e-02	1.521786e+01
1.238000e-05	2.432663e-02	1.522143e+01
1.239000e-05	2.010081e-02	1.524207e+01
1.240000e-05	1.789151e-02	1.532509e+01
1.241000e-05	2.626792e-02	1.534675e+01
1.242000e-05	2.926172e-02	1.533615e+01
1.243000e-05	2.489684e-02	1.536722e+01
1.244000e-05	2.190164e-02	1.537773e+01
1.245000e-05	2.684954e-02	1.537727e+01
1.246000e-05	3.311553e-02	1.537667e+01
1.247000e-05	2.861518e-02	1.535467e+01
1.248000e-05	2.885876e-02	1.535569e+01
1.249000e-05	3.446371e-02	1.529417e+01
1.250000e-05	4.207449e-02	1.528454e+01
1.251000e-05	4.046970e-02	1.522254e+01
1.252000e-05	3.833394e-02	1.519085e+01
1.253000e-05	4.425140e-02	1.517786e+01
1.254000e-05	5.131039e-02	1.512315e+01
1.255000e-05	5.413384e-02	1.507158e+01
1.256000e-05	5.514819e-02	1.500873e+01
1.257000e-05	6.580137e-02	1.498567e+01
1.258000e-05	7.884085e-02	1.485099e+01
1.259000e-05	8.988839e-02	1.478576e+01
1.260000e-05	1.024154e-01	1.472312e+01
1.261000e-05	1.211626e-01	1.467837e+01
1.262000e-05	1.499624e-01	1.452565e+01
1.263000e-05	1.771346e-01	1.442951e+01
1.264000e-05	2.074451e-01	1.436475e+01
1.265000e-05	2.353075e-01	1.423936e+01
1.266000e-05	2.479200e-01	1.411472e+01
1.267000e-05	2.489764e-01	1.399585e+01
1.268000e-05	2.490236e-01	1.387144e+01
1.269000e-05	2.490320e-01	1.374404e+01
1.270000e-05	2.490579e-01	1.355686e+01
1.271000e-05	2.470200e-01	1.346844e+01
1.272000e-05	2.262931e-01	1.330357e+01
1.273000e-05	1.936191e-01	1.317580e+01
1.274000e-05	1.658162e-01	1.299843e+01
1.275000e-05	1.438329e-01	1.280836e+01
1.276000e-05	1.205735e-01	1.271102e+01
1.277000e-05	9.969692e-02	1.253477e+01
1.278000e-05	8.331090e-02	1.241570e+01
1.279000e-05	7.207976e-02	1.218680e+01
1.280000e-05	5.774890e-02	1.202934e+01
1.281000e-05	4.607059e-02	1.183733e+01
1.282000e-05	3.744407e-02	1.162833e+01
1.283000e-05	3.368313e-02	1.140693e+01
1.284000e-05	2.841169e-02	1.123733e+01
1.285000e-05	2.274901e-02	1.100630e+01
1.286000e-05	1.873850e-02	1.083731e+01
1.287000e-05	1.741010e-02	1.057828e+01
1.288000e-05	1.516311e-02	1.041528e+01
1.289000e-05	9.702488e-03	1.017523e+01
1.290000e-05	7.378890e-03	9.986098e+00
1.291000e-05	8.803113e-03	9.751545e+00
1.292000e-05	8.349121e-03	9.459015e+00
1.293000e-05	6.427513e-03	9.309438e+00
1.294000e-05	4.206280e-03	9.068367e+00
1.295000e-05	4.978180e-03	8.844759e+00
1.296000e-05	4.883534e-03	8.604254e+00
1.297000e-05	2.703077e-03	8.373149e+00
1.298000e-05	1.011631e-03	8.141496e+00
1.299000e-05	1.288555e-03	7.857863e+00
1.300000e-05	2.090119e-03	7.614709e+00
1.301000e-05	1.870868e-03	7.334070e+00
1.302000e-05	3.252117e-04	7.105941e+00
1.303000e-05	4.693271e-04	6.863332e+00
1.304000e-05	1.500612e-03	6.572725e+00
1.305000e-05	2.278107e-04	6.328892e+00
1.306000e-05	-1.340274e-03	6.066263e+00
1.307000e-05	-1.935675e-03	5.833730e+00
1.308000e-05	-8.796549e-04	5.538520e+00
1.309000e-05	-1.498844e-03	5.243732e+00
1.310000e-05	-2.322104e-03	4.916887e+00
1.311000e-05	-2.166888e-03	4.651706e+00
1.312000e-05	-1.227403e-03	4.379523e+00
1.313000e-05	-1.114463e-03	4.055808e+00
1.314000e-05	-2.645751e-03	3.779654e+00
1.315000e-05	-4.060963e-03	3.526973e+00
1.316000e-05	-3.834968e-03	3.264230e+00
1.317000e-05	-3.461192e-03	2.969977e+00
1.318000e-05	-4.303896e-03	2.718393e+00
1.319000e-05	-4.383093e-03	2.391050e+00
1.320000e-05	-4.307421e-03	2.117894e+00
1.321000e-05	-3.569119e-03	1.854288e+00
1.322000e-05	-3.606255e-03	1.538950e+00
1.323000e-05	-4.637429e-03	1.255263e+00
1.324000e-05	-4.967680e-03	9.668946e-01
1.325000e-05	-4.143705e-03	6.331079e-01
1.326000e-05	-3.687182e-03	3.689511e-01
1.327000e-05	-3.803520e-03	5.378320e-02
1.328000e-05	-5.587473e-04	-1.813211e-01
1.329000e-05	5.689279e-03	-4.611039e-01
1.330000e-05	-4.262059e-03	-7.363656e-01
1.331000e-05	-1.453498e-03	-9.709711e-01
1.332000e-05	-6.635312e-03	-1.234729e+00
1.333000e-05	-1.877123e-03	-1.599896e+00
1.334000e-05	-7.368304e-04	-1.810525e+00
1.335000e-05	2.426137e-02	-1.983050e+00
1.336000e-05	8.267658e-02	-2.337810e+00
1.337000e-05	-2.171839e-02	-2.664679e+00
1.338000e-05	-5.810129e-02	-3.015699e+00
1.339000e-05	-3.923436e-02	-3.339418e+00
1.340000e-05	-1.880234e-02	-3.571569e+00
1.341000e-05	-5.367372e-02	-3.844329e+00
1.342000e-05	1.431363e-02	-4.075704e+00
1.343000e-05	9.013053e-02	-4.234153e+00
1.344000e-05	-1.248295e-01	-4.518869e+00
1.345000e-05	1.712171e-01	-4.812170e+00
1.346000e-05	-9.003226e-02	-5.077683e+00
1.347000e-05	-2.533501e-02	-5.435104e+00
1.348000e-05	2.723523e-02	-5.675254e+00
1.349000e-05	-1.078625e-01	-5.970017e+00
1.350000e-05	1.254671e-01	-6.205624e+00
1.351000e-05	-9.656227e-02	-6.467282e+00
1.352000e-05	5.614975e-02	-6.731970e+00
1.353000e-05	1.070901e-02	-7.024652e+00
1.354000e-05	-6.742643e-02	-7.310964e+00
1.355000e-05	4.596618e-02	-7.541571e+00
1.356000e-05	-9.307460e-02	-7.886808e+00
1.357000e-05	8.275574e-02	-8.110014e+00
1.358000e-05	-5.202919e-02	-8.319515e+00
1.359000e-05	5.929394e-03	-8.595653e+00
1.360000e-05	1.789971e-02	-8.835749e+00
1.361000e-05	-6.565096e-02	-9.098833e+00
1.362000e-05	4.878127e-02	-9.280887e+00
1.363000e-05	-8.034465e-02	-9.533541e+00
1.364000e-05	5.837566e-02	-9.742069e+00
1.365000e-05	-5.125905e-02	-9.964075e+00
1.366000e-05	2.865425e-02	-1.025668e+01
1.367000e-05	-3.110576e-02	-1.040518e+01
1.368000e-05	-1.501124e-02	-1.065625e+01
1.369000e-05	-3.839856e-04	-1.080683e+01
1.370000e-05	-3.646020e-02	-1.106786e+01
1.371000e-05	1.754867e-02	-1.121878e+01
1.372000e-05	-4.097155e-02	-1.144883e+01
1.373000e-05	2.506451e-02	-1.167096e+01
1.374000e-05	-3.920036e-02	-1.185091e+01
1.375000e-05	1.028792e-02	-1.208041e+01
1.376000e-05	-4.074179e-02	-1.220781e+01
1.377000e-05	2.895954e-03	-1.243836e+01
1.378000e-05	-2.423684e-02	-1.258580e+01
1.379000e-05	-9.840583e-03	-1.278467e+01
1.380000e-05	-1.639579e-02	-1.290202e+01
1.381000e-05	-1.349736e-02	-1.305949e+01
1.382000e-05	-6.519935e-03	-1.319893e+01
1.383000e-05	-2.768091e-02	-1.337763e+01
1.384000e-05	-8.215139e-03	-1.352199e+01
1.385000e-05	-2.866816e-02	-1.366946e+01
1.386000e-05	-3.955682e-03	-1.377780e+01
1.387000e-05	-2.834697e-02	-1.392417e+01
1.388000e-05	-9.624349e-03	-1.406149e+01
1.389000e-05	-2.380471e-02	-1.416730e+01
1.390000e-05	-1.245526e-02	-1.425462e+01
1.391000e-05	-2.495252e-02	-1.442633e+01
1.392000e-05	-2.034898e-02	-1.451407e+01
1.393000e-05	-2.013250e-02	-1.463938e+01
1.394000e-05	-1.865547e-02	-1.470219e+01
1.395000e-05	-2.014193e-02	-1.477685e+01
1.396000e-05	-2.453199e-02	-1.485259e+01
1.397000e-05	-2.081877e-02	-1.496563e+01
1.398000e-05	-2.431515e-02	-1.501985e+01
1.399000e-05	-2.463874e-02	-1.511346e+01
1.400000e-05	-2.659036e-02	-1.513612e+01
1.401000e-05	-2.460208e-02	-1.521781e+01
1.402000e-05	-2.494012e-02	-1.522998e+01
1.403000e-05	-2.422239e-02	-1.529304e+01
1.404000e-05	-3.013487e-02	-1.529520e+01
1.405000e-05	-2.389032e-02	-1.537720e+01
1.406000e-05	-2.895337e-02	-1.540728e+01
1.407000e-05	-2.664415e-02	-1.542783e+01
1.408000e-05	-3.272356e-02	-1.545978e+01
1.409000e-05	-3.252360e-02	-1.542149e+01
1.410000e-05	-3.333034e-02	-1.546153e+01
1.411000e-05	-3.553464e-02	-1.547004e+01
1.412000e-05	-3.609474e-02	-1.546139e+01
1.413000e-05	-3.639953e-02	-1.544941e+01
1.414000e-05	-3.576259e-02	-1.540878e+01
1.415000e-05	-3.945704e-02	-1.540773e+01
1.416000e-05	-4.455729e-02	-1.536565e+01
1.417000e-05	-4.724430e-02	-1.536370e+01
1.418000e-05	-4.978159e-02	-1.528252e+01
1.419000e-05	-5.311276e-02	-1.522944e+01
1.420000e-05	-5.736217e-02	-1.516730e+01
1.421000e-05	-6.056572e-02	-1.513515e+01
1.422000e-05	-6.375589e-02	-1.507241e+01
1.423000e-05	-7.297943e-02	-1.501776e+01
1.424000e-05	-8.451328e-02	-1.496512e+01
1.425000e-05	-9.865236e-02	-1.484146e+01
1.426000e-05	-1.126541e-01	-1.476683e+01
1.427000e-05	-1.338710e-01	-1.468057e+01
1.428000e-05	-1.586106e-01	-1.463735e+01
1.429000e-05	-1.872982e-01	-1.451162e+01
1.430000e-05	-2.176391e-01	-1.441726e+01
1.431000e-05	-2.419894e-01	-1.427294e+01
1.432000e-05	-2.485982e-01	-1.418673e+01
1.433000e-05	-2.490459e-01	-1.404194e+01
1.434000e-05	-2.490766e-01	-1.392354e+01
1.435000e-05	-2.490786e-01	-1.381573e+01
1.436000e-05	-2.490872e-01	-1.363946e+01
1.437000e-05	-2.475807e-01	-1.352459e+01
1.438000e-05	-2.279913e-01	-1.335560e+01
1.439000e-05	-1.981993e-01	-1.321686e+01
1.440000e-05	-1.711373e-01	-1.311094e+01
1.441000e-05	-1.469893e-01	-1.289097e+01
1.442000e-05	-1.227388e-01	-1.274357e+01
1.443000e-05	-1.046464e-01	-1.261626e+01
1.444000e-05	-9.009010e-02	-1.242786e+01
1.445000e-05	-7.698350e-02	-1.225641e+01
1.446000e-05	-6.426916e-02	-1.208986e+01
1.447000e-05	-5.401063e-02	-1.187004e+01
1.448000e-05	-4.717833e-02	-1.167041e+01
1.449000e-05	-4.101432e-02	-1.145941e+01
1.450000e-05	-3.442861e-02	-1.122688e+01
1.451000e-05	-2.954993e-02	-1.097733e+01
1.452000e-05	-2.754063e-02	-1.084616e+01
1.453000e-05	-2.490745e-02	-1.060529e+01
1.454000e-05	-2.186260e-02	-1.039826e+01
1.455000e-05	-1.817961e-02	-1.020566e+01
1.456000e-05	-1.821114e-02	-9.982625e+00
1.457000e-05	-1.738804e-02	-9.772024e+00
1.458000e-05	-1.564092e-02	-9.541096e+00
1.459000e-05	-1.359215e-02	-9.291443e+00
1.460000e-05	-1.422793e-02	-9.136834e+00
1.461000e-05	-1.355568e-02	-8.827261e+00
1.462000e-05	-1.258013e-02	-8.626756e+00
1.463000e-05	-1.101526e-02	-8.382675e+00
1.464000e-05	-9.820630e-03	-8.159997e+00
1.465000e-05	-1.129859e-02	-7.928466e+00
1.466000e-05	-1.046229e-02	-7.615104e+00
1.467000e-05	-9.969575e-03	-7.309021e+00
1.468000e-05	-9.605054e-03	-7.127995e+00
1.469000e-05	-9.988154e-03	-6.866228e+00
1.470000e-05	-9.476957e-03	-6.582574e+00
1.471000e-05	-7.897568e-03	-6.349947e+00
1.472000e-05	-6.938782e-03	-6.054231e+00
1.473000e-05	-8.080767e-03	-5.783603e+00
1.474000e-05	-9.058800e-03	-5.536541e+00
1.475000e-05	-7.355915e-03	-5.242153e+00
1.476000e-05	-7.149485e-03	-4.937895e+00
1.477000e-05	-7.329312e-03	-4.603128e+00
1.478000e-05	-7.813128e-03	-4.378997e+00
1.479000e-05	-5.883536e-03	-4.138342e+00
1.480000e-05	-6.100006e-03	-3.852233e+00
1.481000e-05	-7.138519e-03	-3.558998e+00
1.482000e-05	-8.123972e-03	-3.286712e+00
1.483000e-05	-5.821094e-03	-3.027997e+00
1.484000e-05	-5.189684e-03	-2.726815e+00
1.485000e-05	-4.970775e-03	-2.422132e+00
1.486000e-05	-5.782039e-03	-2.146895e+00
1.487000e-05	-3.970549e-03	-1.883684e+00
1.488000e-05	-3.816305e-03	-1.611028e+00
1.489000e-05	-5.318827e-03	-1.261611e+00
1.490000e-05	-7.000821e-03	-9.574472e-01
1.491000e-05	-5.132416e-03	-7.232670e-01
1.492000e-05	-3.329932e-03	-3.789524e-01
1.493000e-05	-1.820558e-03	-1.762883e-01
1.494000e-05	5.487783e-03	1.393661e-01
1.495000e-05	2.051392e-03	4.316317e-01
1.496000e-05	2.505540e-03	6.852145e-01
1.497000e-05	2.311175e-04	9.179161e-01
1.498000e-05	2.436409e-04	1.274132e+00
1.499000e-05	-9.150871e-05	1.528367e+00
1.500000e-05	2.325651e-03	1.842657e+00
1.501000e-05	1.692252e-02	2.013705e+00
1.502000e-05	5.962064e-02	2.287861e+00
1.503000e-05	3.510567e-02	2.645684e+00
1.504000e-05	-6.449478e-02	2.972045e+00
1.505000e-05	-3.801068e-02	3.235682e+00
1.506000e-05	-1.589107e-02	3.518989e+00
1.507000e-05	5.372040e-04	3.790973e+00
1.508000e-05	-5.548911e-02	3.972521e+00
1.509000e-05	1.595264e-02	4.205100e+00
1.510000e-05	7.849368e-02	4.518412e+00
1.511000e-05	-4.493091e-02	4.782018e+00
1.512000e-05	1.046236e-01	5.076781e+00
1.513000e-05	-8.056006e-02	5.412552e+00
1.514000e-05	-5.827668e-03	5.645754e+00
1.515000e-05	4.192364e-02	5.949892e+00
1.516000e-05	-2.828344e-02	6.174574e+00
1.517000e-05	3.386123e-02	6.445778e+00
1.518000e-05	-4.812412e-02	6.771016e+00
1.519000e-05	6.592742e-02	6.994651e+00
1.520000e-05	3.964115e-03	7.296937e+00
1.521000e-05	-2.695688e-02	7.552040e+00
1.522000e-05	-1.577267e-02	7.804274e+00
1.523000e-05	1.372896e-02	8.108390e+00
1.524000e-05	5.425697e-02	8.300469e+00
1.525000e-05	-3.264496e-02	8.562019e+00
1.526000e-05	1.517581e-03	8.763100e+00
1.527000e-05	2.008161e-02	8.995753e+00
1.528000e-05	7.485613e-03	9.246258e+00
1.529000e-05	4.625550e-03	9.478410e+00
1.530000e-05	-2.227479e-02	9.701944e+00
1.531000e-05	2.893208e-02	9.972089e+00
1.532000e-05	1.732738e-02	1.014410e+01
1.533000e-05	1.525144e-02	1.039567e+01
1.534000e-05	-1.679518e-02	1.056517e+01
1.535000e-05	6.454050e-03	1.078670e+01
1.536000e-05	2.451287e-02	1.098515e+01
1.537000e-05	1.464556e-03	1.119625e+01
1.538000e-05	2.515881e-03	1.138613e+01
1.539000e-05	3.837113e-03	1.162685e+01
1.540000e-05	2.937555e-02	1.178783e+01
1.541000e-05	8.174865e-03	1.199682e+01
1.542000e-05	1.140744e-03	1.221620e+01
1.543000e-05	9.438949e-04	1.234517e+01
1.544000e-05	1.987918e-02	1.252309e+01
1.545000e-05	1.490351e-02	1.267899e+01
1.546000e-05	2.547817e-03	1.284148e+01
1.547000e-05	8.998541e-03	1.301623e+01
1.548000e-05	1.888109e-02	1.315617e+01
1.549000e-05	1.874996e-02	1.333354e+01
1.550000e-05	3.430038e-03	1.344046e+01
1.551000e-05	6.451955e-03	1.358871e+01
1.552000e-05	1.640687e-02	1.373368e+01
1.553000e-05	1.882955e-02	1.388089e+01
1.554000e-05	9.729467e-03	1.400790e+01
1.555000e-05	8.752450e-03	1.413570e+01
1.556000e-05	1.899416e-02	1.424144e+01
1.557000e-05	1.926387e-02	1.438677e+01
1.558000e-05	1.138418e-02	1.447156e+01
1.559000e-05	1.026790e-02	1.457468e+01
1.560000e-05	1.848514e-02	1.469106e+01
1.561000e-05	2.217028e-02	1.473315e+01
1.562000e-05	1.455460e-02	1.480838e+01
1.563000e-05	1.351114e-02	1.486257e+01
1.564000e-05	1.758016e-02	1.495623e+01
1.565000e-05	2.334607e-02	1.503783e+01
1.566000e-05	1.669986e-02	1.505061e+01
1.567000e-05	1.578650e-02	1.512472e+01
1.568000e-05	2.030230e-02	1.518835e+01
1.569000e-05	2.455157e-02	1.520996e+01
1.570000e-05	2.184683e-02	1.525249e+01
1.571000e-05	1.668682e-02	1.528456e+01
1.572000e-05	2.369490e-02	1.532462e+01
1.573000e-05	2.707833e-02	1.535524e+01
1.574000e-05	2.622571e-02	1.534770e+01
1.575000e-05	2.105922e-02	1.535567e+01
1.576000e-05	2.607962e-02	1.538726e+01
1.577000e-05	3.114334e-02	1.530730e+01
1.578000e-05	2.984563e-02	1.536568e+01
1.579000e-05	2.831764e-02	1.536667e+01
1.580000e-05	3.224760e-02	1.531472e+01
1.581000e-05	3.947915e-02	1.529364e+01
1.582000e-05	3.969948e-02	1.525307e+01
1.583000e-05	3.684438e-02	1.522293e+01
1.584000e-05	4.146495e-02	1.516978e+01
1.585000e-05	4.991840e-02	1.515720e+01
1.586000e-05	5.308380e-02	1.507167e+01
1.587000e-05	5.468205e-02	1.503988e+01
1.588000e-05	6.138285e-02	1.497883e+01
1.589000e-05	7.425602e-02	1.490162e+01
1.590000e-05	8.447984e-02	1.484993e+01
1.591000e-05	9.245710e-02	1.474567e+01
1.592000e-05	1.114296e-01	1.471054e+01
1.593000e-05	1.363584e-01	1.457735e+01
1.594000e-05	1.640118e-01	1.447316e+01
1.595000e-05	1.907660e-01	1.439785e+01
1.596000e-05	2.235656e-01	1.430152e+01
1.597000e-05	2.440540e-01	1.416625e+01
1.598000e-05	2.489280e-01	1.403099e+01
1.599000e-05	2.490032e-01	1.392465e+01
1.600000e-05	2.490319e-01	1.380626e+01
1.601000e-05	2.490157e-01	1.362198e+01
1.602000e-05	2.488622e-01	1.353267e+01
1.603000e-05	2.394848e-01	1.339575e+01
1.604000e-05	2.102733e-01	1.324783e+01
1.605000e-05	1.820730e-01	1.309154e+01
1.606000e-05	1.560772e-01	1.292362e+01
1.607000e-05	1.307429e-01	1.277567e+01
1.608000e-05	1.079211e-01	1.263683e+01
1.609000e-05	9.135902e-02	1.243839e+01
1.610000e-05	7.766967e-02	1.230049e+01
1.611000e-05	6.332980e-02	1.206307e+01
1.612000e-05	5.073415e-02	1.194107e+01
1.613000e-05	4.276363e-02	1.178165e+01
1.614000e-05	3.741773e-02	1.155319e+01
1.615000e-05	3.121315e-02	1.129304e+01
1.616000e-05	2.336779e-02	1.115101e+01
1.617000e-05	2.203717e-02	1.090305e+01
1.618000e-05	1.848965e-02	1.075060e+01
1.619000e-05	1.589311e-02	1.051209e+01
1.620000e-05	9.297755e-03	1.030952e+01
1.621000e-05	1.033335e-02	1.008039e+01
1.622000e-05	9.846771e-03	9.847388e+00
1.623000e-05	8.666059e-03	9.604729e+00
1.624000e-05	4.562015e-03	9.384628e+00
1.625000e-05	4.441822e-03	9.213703e+00
1.626000e-05	5.903819e-03	8.951549e+00
1.627000e-05	5.092268e-03	8.728467e+00
1.628000e-05	2.506650e-03	8.517812e+00
1.629000e-05	1.596750e-03	8.227866e+00
1.630000e-05	3.243670e-03	7.972657e+00
1.631000e-05	2.573532e-03	7.761621e+00
1.632000e-05	2.099674e-05	7.488417e+00
1.633000e-05	1.056921e-04	7.204253e+00
1.634000e-05	8.953887e-04	7.001072e+00
1.635000e-05	1.488327e-03	6.758892e+00
1.636000e-05	-3.746889e-04	6.442729e+00
1.637000e-05	-1.144616e-03	6.181050e+00
1.638000e-05	4.213151e-04	6.020969e+00
1.639000e-05	-6.494270e-04	5.636288e+00
1.640000e-05	-2.017899e-03	5.421648e+00
1.641000e-05	-3.416896e-03	5.075341e+00
1.642000e-05	-1.539839e-03	4.748973e+00
1.643000e-05	-1.807638e-03	4.496733e+00
1.644000e-05	-2.603204e-03	4.251634e+00
1.645000e-05	-3.340624e-03	3.917421e+00
1.646000e-05	-2.508613e-03	3.633182e+00
1.647000e-05	-1.893376e-03	3.411029e+00
1.648000e-05	-1.980450e-03	3.098313e+00
1.649000e-05	-4.699145e-03	2.831609e+00
1.650000e-05	-3.282191e-03	2.589422e+00
1.651000e-05	-3.220653e-03	2.254633e+00
1.652000e-05	-3.785866e-03	2.009055e+00
1.653000e-05	-5.347097e-03	1.755336e+00
1.654000e-05	-4.401875e-03	1.389553e+00
1.655000e-05	-4.996728e-03	1.116843e+00
1.656000e-05	-3.806253e-03	7.694214e-01
1.657000e-05	-4.962219e-03	4.942418e-01
1.658000e-05	-3.625587e-03	2.405302e-01
1.659000e-05	-2.315067e-03	-4.458284e-02
1.660000e-05	5.692480e-03	-3.368643e-01
1.661000e-05	-2.885254e-03	-5.694461e-01
1.662000e-05	-9.332289e-04	-8.851616e-01
1.663000e-05	-5.757499e-03	-1.136362e+00
1.664000e-05	-1.321844e-03	-1.441605e+00
1.665000e-05	-4.353935e-03	-1.655712e+00
1.666000e-05	9.043656e-03	-1.907338e+00
1.667000e-05	5.003250e-02	-2.118993e+00
1.668000e-05	6.743874e-02	-2.474162e+00
1.669000e-05	-8.079396e-02	-2.824255e+00
1.670000e-05	-3.098838e-02	-3.193629e+00
1.671000e-05	-4.177041e-02	-3.464208e+00
1.672000e-05	-1.563677e-02	-3.704869e+00
1.673000e-05	-6.537617e-02	-3.949470e+00
1.674000e-05	1.167691e-01	-4.118916e+00
1.675000e-05	-5.920060e-02	-4.360541e+00
1.676000e-05	1.899683e-02	-4.656284e+00
1.677000e-05	1.029603e-01	-4.887938e+00
1.678000e-05	-1.587985e-01	-5.225862e+00
1.679000e-05	9.428962e-02	-5.528941e+00
1.680000e-05	-1.106346e-01	-5.803102e+00
1.681000e-05	4.582614e-02	-6.099867e+00
1.682000e-05	2.542238e-02	-6.320014e+00
1.683000e-05	-7.254186e-02	-6.625203e+00
1.684000e-05	1.045255e-01	-6.888288e+00
1.685000e-05	-9.254901e-02	-7.173621e+00
1.686000e-05	2.933365e-02	-7.455758e+00
1.687000e-05	-4.195105e-02	-7.679487e+00
1.688000e-05	-1.355230e-02	-8.001649e+00
1.689000e-05	5.655860e-02	-8.215753e+00
1.690000e-05	-8.473796e-02	-8.480362e+00
1.691000e-05	7.263262e-02	-8.691510e+00
1.692000e-05	-7.458746e-02	-8.923045e+00
1.693000e-05	2.840002e-02	-9.164796e+00
1.694000e-05	-3.201039e-02	-9.386253e+00
1.695000e-05	-1.568618e-02	-9.667308e+00
1.696000e-05	2.349614e-02	-9.845732e+00
1.697000e-05	-4.116888e-02	-1.011246e+01
1.698000e-05	3.703543e-02	-1.026088e+01
1.699000e-05	-6.499660e-02	-1.056157e+01
1.700000e-05	3.193706e-02	-1.071311e+01
1.701000e-05	-5.003764e-02	-1.092360e+01
1.702000e-05	1.508320e-02	-1.114364e+01
1.703000e-05	-3.052119e-02	-1.136309e+01
1.704000e-05	1.857085e-03	-1.159767e+01
1.705000e-05	-9.889674e-03	-1.174558e+01
1.706000e-05	-1.594220e-02	-1.195535e+01
1.707000e-05	-8.532531e-03	-1.215462e+01
1.708000e-05	-2.975833e-02	-1.231407e+01
1.709000e-05	3.790196e-03	-1.250257e+01
1.710000e-05	-3.214298e-02	-1.267946e+01
1.711000e-05	1.732905e-03	-1.283931e+01
1.712000e-05	-3.067745e-02	-1.299675e+01
1.713000e-05	4.536271e-03	-1.313575e+01
1.714000e-05	-2.868196e-02	-1.328209e+01
1.715000e-05	-9.640794e-03	-1.347084e+01
1.716000e-05	-2.629757e-02	-1.362585e+01
1.717000e-05	-1.065157e-02	-1.375409e+01
1.718000e-05	-1.779201e-02	-1.389246e+01
1.719000e-05	-1.989039e-02	-1.399888e+01
1.720000e-05	-1.440018e-02	-1.412409e+01
1.721000e-05	-2.007241e-02	-1.423943e+01
1.722000e-05	-1.540826e-02	-1.435574e+01
1.723000e-05	-2.821486e-02	-1.445006e+01
1.724000e-05	-1.625330e-02	-1.458665e+01
1.725000e-05	-2.285866e-02	-1.467001e+01
1.726000e-05	-1.566635e-02	-1.476483e+01
1.727000e-05	-2.515804e-02	-1.484043e+01
1.728000e-05	-2.008597e-02	-1.492265e+01
1.729000e-05	-2.380451e-02	-1.498678e+01
1.730000e-05	-2.109223e-02	-1.510298e+01
1.731000e-05	-2.858430e-02	-1.512509e+01
1.732000e-05	-2.399953e-02	-1.516632e+01
1.733000e-05	-2.446927e-02	-1.520946e+01
1.734000e-05	-2.291047e-02	-1.530251e+01
1.735000e-05	-2.805471e-02	-1.528264e+01
1.736000e-05	-2.935935e-02	-1.533677e+01
1.737000e-05	-2.500739e-02	-1.540575e+01
1.738000e-05	-3.016349e-02	-1.542085e+01
1.739000e-05	-2.764992e-02	-1.546088e+01
1.740000e-05	-3.472750e-02	-1.544038e+01
1.741000e-05	-2.841236e-02	-1.545946e+01
1.742000e-05	-3.381933e-02	-1.547146e+01
1.743000e-05	-3.594495e-02	-1.545993e+01
1.744000e-05	-3.935795e-02	-1.545943e+01
1.745000e-05	-3.776685e-02	-1.547036e+01
1.746000e-05	-3.743855e-02	-1.538826e+01
1.747000e-05	-4.353514e-02	-1.538725e+01
1.748000e-05	-4.587382e-02	-1.535607e+01
1.749000e-05	-4.720953e-02	-1.532207e+01
1.750000e-05	-4.831941e-02	-1.528056e+01
1.751000e-05	-5.424461e-02	-1.518936e+01
1.752000e-05	-6.131412e-02	-1.516525e+01
1.753000e-05	-6.387873e-02	-1.510307e+01
1.754000e-05	-6.949145e-02	-1.504938e+01
1.755000e-05	-7.932426e-02	-1.496567e+01
1.756000e-05	-9.287678e-02	-1.491259e+01
1.757000e-05	-1.050187e-01	-1.480943e+01
1.758000e-05	-1.208248e-01	-1.470372e+01
1.759000e-05	-1.438855e-01	-1.465938e+01
1.760000e-05	-1.724045e-01	-1.456613e+01
1.761000e-05	-2.034540e-01	-1.446946e+01
1.762000e-05	-2.328482e-01	-1.432620e+01
1.763000e-05	-2.470525e-01	-1.423891e+01
1.764000e-05	-2.489334e-01	-1.408454e+01
1.765000e-05	-2.490116e-01	-1.399678e+01
1.766000e-05	-2.490734e-01	-1.385044e+01
1.767000e-05	-2.491054e-01	-1.371152e+01
1.768000e-05	-2.488321e-01	-1.357632e+01
1.769000e-05	-2.418019e-01	-1.345788e+01
1.770000e-05	-2.137740e-01	-1.329048e+01
1.771000e-05	-1.851034e-01	-1.315312e+01
1.772000e-05	-1.591781e-01	-1.303568e+01
1.773000e-05	-1.358893e-01	-1.284791e+01
1.774000e-05	-1.131446e-01	-1.272048e+01
1.775000e-05	-9.645290e-02	-1.252052e+01
1.776000e-05	-8.216135e-02	-1.235254e+01
1.777000e-05	-7.034210e-02	-1.216513e+01
1.778000e-05	-5.919629e-02	-1.197583e+01
1.779000e-05	-5.012277e-02	-1.178568e+01
1.780000e-05	-4.384985e-02	-1.156262e+01
1.781000e-05	-3.777429e-02	-1.134312e+01
1.782000e-05	-3.161952e-02	-1.112252e+01
1.783000e-05	-2.709589e-02	-1.091099e+01
1.784000e-05	-2.528559e-02	-1.076008e+01
1.785000e-05	-2.309381e-02	-1.053209e+01
1.786000e-05	-2.135320e-02	-1.035049e+01
1.787000e-05	-1.764495e-02	-1.006996e+01
1.788000e-05	-1.633853e-02	-9.857311e+00
1.789000e-05	-1.624409e-02	-9.696833e+00
1.790000e-05	-1.439004e-02	-9.447307e+00
1.791000e-05	-1.262395e-02	-9.204704e+00
1.792000e-05	-1.295652e-02	-8.984125e+00
1.793000e-05	-1.331189e-02	-8.792124e+00
1.794000e-05	-1.365926e-02	-8.488384e+00
1.795000e-05	-1.045591e-02	-8.266309e+00
1.796000e-05	-1.053422e-02	-8.025655e+00
1.797000e-05	-1.045300e-02	-7.802022e+00
1.798000e-05	-1.005171e-02	-7.486309e+00
1.799000e-05	-9.337421e-03	-7.273254e+00
1.800000e-05	-8.894993e-03	-6.962069e+00
1.801000e-05	-9.544897e-03	-6.728416e+00
1.802000e-05	-9.095971e-03	-6.486311e+00
1.803000e-05	-9.383609e-03	-6.172101e+00
1.804000e-05	-7.394106e-03	-5.928371e+00
1.805000e-05	-9.158913e-03	-5.687282e+00
1.806000e-05	-7.987882e-03	-5.381000e+00
1.807000e-05	-8.506274e-03	-5.077787e+00
1.808000e-05	-5.824276e-03	-4.728891e+00
1.809000e-05	-7.405218e-03	-4.474734e+00
1.810000e-05	-6.437143e-03	-4.264209e+00
1.811000e-05	-7.234220e-03	-3.991051e+00
1.812000e-05	-5.878394e-03	-3.715265e+00
1.813000e-05	-8.107575e-03	-3.453133e+00
1.814000e-05	-7.354837e-03	-3.188997e+00
1.815000e-05	-7.478084e-03	-2.853229e+00
1.816000e-05	-4.198776e-03	-2.590003e+00
1.817000e-05	-4.845478e-03	-2.286310e+00
1.818000e-05	-4.545742e-03	-2.002049e+00
1.819000e-05	-5.193603e-03	-1.766897e+00
1.820000e-05	-4.372891e-03	-1.452631e+00
1.821000e-05	-5.809458e-03	-1.085812e+00
1.822000e-05	-6.995400e-03	-8.616328e-01
1.823000e-05	-4.021500e-03	-5.344157e-01
1.824000e-05	-3.162724e-03	-2.616105e-01
1.825000e-05	1.339909e-03	1.204769e-02
1.826000e-05	7.511162e-03	2.763582e-01
1.827000e-05	-1.298136e-03	5.614688e-01
1.828000e-05	3.139971e-03	8.011289e-01
1.829000e-05	-1.597162e-03	1.127863e+00
1.830000e-05	2.292311e-03	1.392050e+00
1.831000e-05	-6.828898e-04	1.735287e+00
1.832000e-05	1.090470e-02	1.959364e+00
1.833000e-05	3.178392e-02	2.168494e+00
1.834000e-05	7.591981e-02	2.484761e+00
1.835000e-05	-3.705673e-02	2.824132e+00
1.836000e-05	-4.993194e-02	3.169387e+00
1.837000e-05	-3.514539e-02	3.343027e+00
1.838000e-05	4.259540e-03	3.625208e+00
1.839000e-05	-3.245125e-02	3.887258e+00
1.840000e-05	-3.816409e-02	4.056832e+00
1.841000e-05	7.972080e-02	4.361570e+00
1.842000e-05	-8.128910e-04	4.655757e+00
1.843000e-05	3.383454e-02	4.869941e+00
1.844000e-05	3.762063e-02	5.246328e+00
1.845000e-05	-9.177814e-02	5.540541e+00
1.846000e-05	5.673837e-02	5.774128e+00
1.847000e-05	-1.186796e-02	6.047308e+00
1.848000e-05	8.125721e-03	6.349939e+00
1.849000e-05	-7.996899e-03	6.586152e+00
1.850000e-05	-8.480183e-03	6.878886e+00
1.851000e-05	7.421194e-02	7.101519e+00
1.852000e-05	-4.044371e-02	7.406725e+00
1.853000e-05	-2.791234e-03	7.666858e+00
1.854000e-05	-2.237141e-02	7.964119e+00
1.855000e-05	5.598619e-02	8.194100e+00
1.856000e-05	6.663519e-03	8.456231e+00
1.857000e-05	-3.795440e-02	8.649286e+00
1.858000e-05	2.984109e-02	8.860886e+00
1.859000e-05	1.274006e-03	9.121965e+00
1.860000e-05	2.782957e-02	9.363097e+00
1.861000e-05	-2.522706e-02	9.576124e+00
1.862000e-05	1.292225e-02	9.837779e+00
1.863000e-05	1.805946e-02	1.006988e+01
1.864000e-05	1.953684e-02	1.020841e+01
1.865000e-05	-5.589794e-03	1.048143e+01
1.866000e-05	-1.651462e-02	1.067104e+01
1.867000e-05	2.792247e-02	1.089989e+01
1.868000e-05	1.043482e-02	1.105044e+01
1.869000e-05	1.111926e-02	1.130251e+01
1.870000e-05	-6.798861e-03	1.149459e+01
1.871000e-05	2.510121e-02	1.172212e+01
1.872000e-05	1.468079e-02	1.190252e+01
1.873000e-05	3.952591e-03	1.209292e+01
1.874000e-05	-7.337554e-03	1.226141e+01
1.875000e-05	1.022630e-02	1.242943e+01
1.876000e-05	2.470272e-02	1.262680e+01
1.877000e-05	7.740307e-03	1.271475e+01
1.878000e-05	7.770468e-03	1.293457e+01
1.879000e-05	1.311330e-02	1.309199e+01
1.880000e-05	2.414745e-02	1.321846e+01
1.881000e-05	5.466965e-03	1.334467e+01
1.882000e-05	1.401911e-03	1.353312e+01
1.883000e-05	9.004132e-03	1.363151e+01
1.884000e-05	2.122259e-02	1.378733e+01
1.885000e-05	1.461621e-02	1.394507e+01
1.886000e-05	6.437733e-03	1.403308e+01
1.887000e-05	1.693995e-02	1.423025e+01
1.888000e-05	2.048624e-02	1.430515e+01
1.889000e-05	1.687496e-02	1.443031e+01
1.890000e-05	5.593601e-03	1.453522e+01
1.891000e-05	1.525304e-02	1.460688e+01
1.892000e-05	1.986083e-02	1.472257e+01
1.893000e-05	1.836784e-02	1.478670e+01
1.894000e-05	1.189013e-02	1.485149e+01
1.895000e-05	1.517757e-02	1.492510e+01
1.896000e-05	2.331833e-02	1.500690e+01
1.897000e-05	1.962632e-02	1.504996e+01
1.898000e-05	1.655226e-02	1.510411e+01
1.899000e-05	1.581416e-02	1.516625e+01
1.900000e-05	2.487870e-02	1.517936e+01
1.901000e-05	2.248156e-02	1.524201e+01
1.902000e-05	1.838057e-02	1.527457e+01
1.903000e-05	1.856831e-02	1.528514e+01
1.904000e-05	2.611960e-02	1.534470e+01
1.905000e-05	2.734871e-02	1.537517e+01
1.906000e-05	2.244487e-02	1.536817e+01
1.907000e-05	2.357469e-02	1.542718e+01
1.908000e-05	2.949948e-02	1.537728e+01
1.909000e-05	3.287699e-02	1.536627e+01
1.910000e-05	2.741528e-02	1.534570e+01
1.911000e-05	2.968886e-02	1.532517e+01
1.912000e-05	3.603190e-02	1.529367e+01
1.913000e-05	4.089199e-02	1.528454e+01
1.914000e-05	3.773901e-02	1.521199e+01
1.915000e-05	3.823898e-02	1.519936e+01
1.916000e-05	4.546759e-02	1.516830e+01
1.917000e-05	5.227402e-02	1.510467e+01
1.918000e-05	5.335437e-02	1.506056e+01
1.919000e-05	5.572223e-02	1.498680e+01
1.920000e-05	6.858791e-02	1.495467e+01
1.921000e-05	8.006286e-02	1.487211e+01
1.922000e-05	8.946557e-02	1.477825e+01
1.923000e-05	1.001644e-01	1.473465e+01
1.924000e-05	1.213593e-01	1.462834e+01
1.925000e-05	1.501040e-01	1.456412e+01
1.926000e-05	1.758740e-01	1.440004e+01
1.927000e-05	2.071220e-01	1.433262e+01
1.928000e-05	2.364520e-01	1.424046e+01
1.929000e-05	2.479455e-01	1.414566e+01
1.930000e-05	2.489756e-01	1.401530e+01
1.931000e-05	2.490211e-01	1.386054e+01
1.932000e-05	2.490221e-01	1.369512e+01
1.933000e-05	2.490624e-01	1.361828e+01
1.934000e-05	2.469090e-01	1.344946e+01
1.935000e-05	2.243125e-01	1.334047e+01
1.936000e-05	1.939332e-01	1.317520e+01
1.937000e-05	1.688793e-01	1.299696e+01
1.938000e-05	1.438414e-01	1.284989e+01
1.939000e-05	1.180666e-01	1.270049e+01
1.940000e-05	9.858045e-02	1.257400e+01
1.941000e-05	8.535607e-02	1.236580e+01
1.942000e-05	7.160302e-02	1.222628e+01
1.943000e-05	5.627216e-02	1.202878e+01
1.944000e-05	4.494791e-02	1.181640e+01
1.945000e-05	4.011008e-02	1.159781e+01
1.946000e-05	3.423842e-02	1.139678e+01
1.947000e-05	2.672982e-02	1.122628e+01
1.948000e-05	2.096940e-02	1.098576e+01
1.949000e-05	2.007671e-02	1.080681e+01
1.950000e-05	1.754961e-02	1.062636e+01
1.951000e-05	1.227742e-02	1.039568e+01
1.952000e-05	8.465697e-03	1.015512e+01
1.953000e-05	9.740560e-03	9.934680e+00
1.954000e-05	9.909541e-03	9.732569e+00
1.955000e-05	6.764641e-03	9.489441e+00
1.956000e-05	3.519596e-03	9.288885e+00
1.957000e-05	4.538688e-03	9.057937e+00
1.958000e-05	6.092456e-03	8.817808e+00
1.959000e-05	3.123105e-03	8.604653e+00
1.960000e-05	6.772036e-04	8.383050e+00
1.961000e-05	2.213714e-03	8.080415e+00
1.962000e-05	3.545698e-03	7.876262e+00
1.963000e-05	1.680934e-03	7.614104e+00
1.964000e-05	-1.324252e-03	7.371345e+00
1.965000e-05	-6.101895e-04	7.107307e+00
1.966000e-05	1.446675e-03	6.835282e+00
1.967000e-05	2.764530e-04	6.582080e+00
1.968000e-05	-2.440355e-03	6.338343e+00
1.969000e-05	-1.258878e-03	6.076209e+00
1.970000e-05	5.994036e-04	5.833133e+00
1.971000e-05	-1.398185e-04	5.509396e+00
1.972000e-05	-2.680977e-03	5.223211e+00
1.973000e-05	-2.946457e-03	4.889340e+00
1.974000e-05	-1.066976e-03	4.633603e+00
1.975000e-05	-1.536324e-03	4.359920e+00
1.976000e-05	-3.291413e-03	4.074312e+00
1.977000e-05	-4.490443e-03	3.791526e+00
1.978000e-05	-1.980789e-03	3.556874e+00
1.979000e-05	-2.067191e-03	3.283211e+00
1.980000e-05	-3.368305e-03	2.960021e+00
1.981000e-05	-4.936833e-03	2.694821e+00
1.982000e-05	-3.392228e-03	2.390578e+00
1.983000e-05	-2.233767e-03	2.116790e+00
1.984000e-05	-4.117266e-03	1.845259e+00
1.985000e-05	-4.599405e-03	1.559917e+00
1.986000e-05	-5.211471e-03	1.303058e+00
1.987000e-05	-2.884865e-03	9.463646e-01
1.988000e-05	-5.125703e-03	6.616103e-01
1.989000e-05	-4.932880e-03	3.689210e-01
1.990000e-05	-2.742872e-03	3.520427e-02
1.991000e-05	1.915324e-03	-1.994984e-01
1.992000e-05	6.255734e-03	-4.310026e-01
1.993000e-05	-6.303955e-03	-7.479669e-01
1.994000e-05	-6.061655e-04	-9.999674e-01
1.995000e-05	-5.066147e-03	-1.285734e+00
1.996000e-05	-1.103323e-03	-1.579974e+00
1.997000e-05	-2.535862e-03	-1.830599e+00
1.998000e-05	2.389523e-02	-2.011098e+00
1.999000e-05	8.551106e-02	-2.289765e+00
2.000000e-05	-2.020095e-02	-2.634182e+00
2.001000e-05	-5.924107e-02	-3.055180e+00
2.002000e-05	-3.857171e-02	-3.349996e+00
2.003000e-05	-1.690669e-02	-3.590024e+00
2.004000e-05	-5.217242e-02	-3.854653e+00
2.005000e-05	1.118081e-02	-4.043683e+00
2.006000e-05	8.977822e-02	-4.235234e+00
2.007000e-05	-1.231785e-01	-4.541441e+00
2.008000e-05	1.708087e-01	-4.761599e+00
2.009000e-05	-8.903024e-02	-5.048261e+00
2.010000e-05	-2.795289e-02	-5.425280e+00
2.011000e-05	2.900665e-02	-5.646708e+00
2.012000e-05	-1.069934e-01	-5.971940e+00
2.013000e-05	1.242693e-01	-6.193129e+00
2.014000e-05	-9.820741e-02	-6.478362e+00
2.015000e-05	5.491927e-02	-6.750071e+00
2.016000e-05	1.334410e-02	-7.047180e+00
2.017000e-05	-6.897359e-02	-7.290441e+00
2.018000e-05	4.388624e-02	-7.583119e+00
2.019000e-05	-9.312300e-02	-7.817782e+00
2.020000e-05	8.428106e-02	-8.089964e+00
2.021000e-05	-5.076381e-02	-8.350493e+00
2.022000e-05	3.485447e-03	-8.575654e+00
2.023000e-05	1.824123e-02	-8.856834e+00
2.024000e-05	-6.389266e-02	-9.038334e+00
2.025000e-05	5.021428e-02	-9.280962e+00
2.026000e-05	-8.246538e-02	-9.533591e+00
2.027000e-05	5.636040e-02	-9.753567e+00
2.028000e-05	-4.906615e-02	-9.954099e+00
2.029000e-05	2.794631e-02	-1.021430e+01
2.030000e-05	-3.172195e-02	-1.041625e+01
2.031000e-05	-1.628756e-02	-1.064678e+01
2.032000e-05	2.760527e-03	-1.079831e+01
2.033000e-05	-3.526774e-02	-1.104788e+01
2.034000e-05	1.614794e-02	-1.124739e+01
2.035000e-05	-4.284809e-02	-1.145988e+01
2.036000e-05	2.546742e-02	-1.168251e+01
2.037000e-05	-3.877342e-02	-1.188993e+01
2.038000e-05	8.537099e-03	-1.207094e+01
2.039000e-05	-4.155655e-02	-1.224828e+01
2.040000e-05	3.759739e-03	-1.240938e+01
2.041000e-05	-2.188106e-02	-1.256728e+01
2.042000e-05	-8.895103e-03	-1.277475e+01
2.043000e-05	-1.722095e-02	-1.295457e+01
2.044000e-05	-1.420385e-02	-1.309049e+01
2.045000e-05	-5.839788e-03	-1.323991e+01
2.046000e-05	-2.845971e-02	-1.339525e+01
2.047000e-05	-1.052013e-02	-1.350361e+01
2.048000e-05	-2.968614e-02	-1.366048e+01
2.049000e-05	-1.932724e-03	-1.377777e+01
2.050000e-05	-2.703273e-02	-1.392415e+01
2.051000e-05	-1.027307e-02	-1.411149e+01
2.052000e-05	-2.375814e-02	-1.419733e+01
2.053000e-05	-1.121973e-02	-1.430467e+01
2.054000e-05	-2.367747e-02	-1.442789e+01
2.055000e-05	-2.125067e-02	-1.451462e+01
2.056000e-05	-2.183225e-02	-1.460830e+01
2.057000e-05	-1.809944e-02	-1.471414e+01
2.058000e-05	-1.856806e-02	-1.477888e+01
2.059000e-05	-2.429375e-02	-1.488214e+01
2.060000e-05	-2.240503e-02	-1.497612e+01
2.061000e-05	-2.259464e-02	-1.503141e+01
2.062000e-05	-2.185413e-02	-1.509311e+01
2.063000e-05	-2.728501e-02	-1.513574e+01
2.064000e-05	-2.418397e-02	-1.521886e+01
2.065000e-05	-2.606657e-02	-1.527004e+01
2.066000e-05	-2.263170e-02	-1.530257e+01
2.067000e-05	-3.093562e-02	-1.535617e+01
2.068000e-05	-2.877258e-02	-1.539525e+01
2.069000e-05	-2.910581e-02	-1.539875e+01
2.070000e-05	-2.559006e-02	-1.542733e+01
2.071000e-05	-3.026678e-02	-1.546040e+01
2.072000e-05	-3.286595e-02	-1.548191e+01
2.073000e-05	-3.181249e-02	-1.546899e+01
2.074000e-05	-3.417005e-02	-1.546144e+01
2.075000e-05	-3.579582e-02	-1.546043e+01
2.076000e-05	-4.013402e-02	-1.544943e+01
2.077000e-05	-3.787624e-02	-1.545933e+01
2.078000e-05	-4.011415e-02	-1.541828e+01
2.079000e-05	-4.377130e-02	-1.538670e+01
2.080000e-05	-4.807265e-02	-1.533467e+01
2.081000e-05	-4.928731e-02	-1.530109e+01
2.082000e-05	-5.107409e-02	-1.521941e+01
2.083000e-05	-5.573959e-02	-1.518675e+01
2.084000e-05	-6.260378e-02	-1.514369e+01
2.085000e-05	-6.730130e-02	-1.506946e+01
2.086000e-05	-7.424645e-02	-1.499773e+01
2.087000e-05	-8.507132e-02	-1.496517e+01
2.088000e-05	-9.930345e-02	-1.487046e+01
2.089000e-05	-1.142908e-01	-1.478678e+01
2.090000e-05	-1.312136e-01	-1.469204e+01
2.091000e-05	-1.559685e-01	-1.465780e+01
2.092000e-05	-1.860077e-01	-1.455354e+01
2.093000e-05	-2.213834e-01	-1.445738e+01
2.094000e-05	-2.415925e-01	-1.430299e+01
2.095000e-05	-2.488955e-01	-1.415567e+01
2.096000e-05	-2.490313e-01	-1.402999e+01
2.097000e-05	-2.490729e-01	-1.391457e+01
2.098000e-05	-2.490862e-01	-1.376774e+01
2.099000e-05	-2.490879e-01	-1.366841e+01
2.100000e-05	-2.471633e-01	-1.348414e+01
2.101000e-05	-2.300949e-01	-1.335410e+01
2.102000e-05	-1.996709e-01	-1.322825e+01
2.103000e-05	-1.695042e-01	-1.309946e+01
2.104000e-05	-1.457133e-01	-1.293204e+01
2.105000e-05	-1.250941e-01	-1.278510e+01
2.106000e-05	-1.055146e-01	-1.258568e+01
2.107000e-05	-8.884352e-02	-1.244981e+01
2.108000e-05	-7.528253e-02	-1.225791e+01
2.109000e-05	-6.535103e-02	-1.206094e+01
2.110000e-05	-5.494738e-02	-1.184249e+01
2.111000e-05	-4.612523e-02	-1.165139e+01
2.112000e-05	-3.959464e-02	-1.146886e+01
2.113000e-05	-3.507623e-02	-1.122791e+01
2.114000e-05	-3.084330e-02	-1.098730e+01
2.115000e-05	-2.549614e-02	-1.079573e+01
2.116000e-05	-2.376481e-02	-1.065576e+01
2.117000e-05	-2.185455e-02	-1.040676e+01
2.118000e-05	-2.014880e-02	-1.021462e+01
2.119000e-05	-1.754680e-02	-9.983624e+00
2.120000e-05	-1.556151e-02	-9.773620e+00
2.121000e-05	-1.519398e-02	-9.503098e+00
2.122000e-05	-1.334527e-02	-9.311891e+00
2.123000e-05	-1.396033e-02	-9.097339e+00
2.124000e-05	-1.187532e-02	-8.857236e+00
2.125000e-05	-1.212972e-02	-8.597130e+00
2.126000e-05	-1.206999e-02	-8.392141e+00
2.127000e-05	-1.160836e-02	-8.120995e+00
2.128000e-05	-1.037836e-02	-7.939992e+00
2.129000e-05	-9.668253e-03	-7.574681e+00
2.130000e-05	-1.105176e-02	-7.329997e+00
2.131000e-05	-9.215932e-03	-7.107867e+00
2.132000e-05	-9.474041e-03	-6.844133e+00
2.133000e-05	-8.280943e-03	-6.571574e+00
2.134000e-05	-8.578226e-03	-6.360416e+00
2.135000e-05	-7.840450e-03	-6.043730e+00
2.136000e-05	-8.272298e-03	-5.782598e+00
2.137000e-05	-7.960586e-03	-5.521939e+00
2.138000e-05	-7.420172e-03	-5.213204e+00
2.139000e-05	-8.111979e-03	-4.958867e+00
2.140000e-05	-6.689954e-03	-4.611125e+00
2.141000e-05	-7.447376e-03	-4.360494e+00
2.142000e-05	-6.416634e-03	-4.117366e+00
2.143000e-05	-6.345717e-03	-3.863158e+00
2.144000e-05	-7.386221e-03	-3.559467e+00
2.145000e-05	-8.352426e-03	-3.295841e+00
2.146000e-05	-6.251879e-03	-3.050875e+00
2.147000e-05	-6.745804e-03	-2.686810e+00
2.148000e-05	-4.977037e-03	-2.482609e+00
2.149000e-05	-5.656341e-03	-2.128821e+00
2.150000e-05	-4.593902e-03	-1.873235e+00
2.151000e-05	-4.923337e-03	-1.649955e+00
2.152000e-05	-6.173127e-03	-1.293557e+00
2.153000e-05	-6.338539e-03	-9.673984e-01
2.154000e-05	-4.546312e-03	-6.855878e-01
2.155000e-05	-3.719707e-03	-3.884949e-01
2.156000e-05	-2.722508e-03	-1.251668e-01
2.157000e-05	5.523724e-03	1.683713e-01
2.158000e-05	2.759489e-03	4.222291e-01
2.159000e-05	5.618968e-04	6.852096e-01
2.160000e-05	-1.245436e-03	9.219973e-01
2.161000e-05	-3.398278e-04	1.234761e+00
2.162000e-05	7.838476e-04	1.561491e+00
2.163000e-05	3.198903e-03	1.802629e+00
2.164000e-05	1.665728e-02	2.022658e+00
2.165000e-05	5.993059e-02	2.287811e+00
2.166000e-05	3.620073e-02	2.696707e+00
2.167000e-05	-6.576128e-02	2.992623e+00
2.168000e-05	-3.891434e-02	3.206184e+00
2.169000e-05	-1.849246e-02	3.540490e+00
2.170000e-05	1.451014e-03	3.761042e+00
2.171000e-05	-5.417446e-02	3.960096e+00
2.172000e-05	1.554244e-02	4.236228e+00
2.173000e-05	7.855073e-02	4.550943e+00
2.174000e-05	-4.223120e-02	4.763500e+00
2.175000e-05	1.053156e-01	5.039312e+00
2.176000e-05	-7.931429e-02	5.394129e+00
2.177000e-05	-8.244056e-03	5.657783e+00
2.178000e-05	4.091045e-02	5.981043e+00
2.179000e-05	-2.793714e-02	6.171650e+00
2.180000e-05	3.293548e-02	6.437706e+00
2.181000e-05	-4.735676e-02	6.740569e+00
2.182000e-05	6.620693e-02	6.984707e+00
2.183000e-05	7.604830e-03	7.239385e+00
2.184000e-05	-2.545538e-02	7.552017e+00
2.185000e-05	-1.553491e-02	7.808278e+00
2.186000e-05	1.195719e-02	8.089411e+00
2.187000e-05	5.391086e-02	8.339491e+00
2.188000e-05	-3.255865e-02	8.531973e+00
2.189000e-05	4.575102e-04	8.773699e+00
2.190000e-05	2.164575e-02	8.994755e+00
2.191000e-05	8.974456e-03	9.236409e+00
2.192000e-05	7.067094e-03	9.469415e+00
2.193000e-05	-2.150456e-02	9.722516e+00
2.194000e-05	2.764526e-02	9.942119e+00
2.195000e-05	1.738882e-02	1.013457e+01
2.196000e-05	1.535355e-02	1.036412e+01
2.197000e-05	-1.785372e-02	1.056720e+01
2.198000e-05	4.425572e-03	1.078773e+01
2.199000e-05	2.479886e-02	1.099570e+01
2.200000e-05	3.011792e-03	1.120675e+01
2.201000e-05	2.607246e-03	1.142728e+01
2.202000e-05	2.902775e-03	1.160883e+01
2.203000e-05	3.051804e-02	1.180636e+01
2.204000e-05	8.939502e-03	1.200727e+01
2.205000e-05	5.105528e-04	1.218623e+01
2.206000e-05	-8.305628e-04	1.235467e+01
2.207000e-05	1.907956e-02	1.251457e+01
2.208000e-05	1.661714e-02	1.265206e+01
2.209000e-05	1.787943e-03	1.286049e+01
2.210000e-05	7.680476e-03	1.303680e+01
2.211000e-05	1.897100e-02	1.314840e+01
2.212000e-05	1.967001e-02	1.331361e+01
2.213000e-05	3.227118e-03	1.343044e+01
2.214000e-05	4.008653e-03	1.358838e+01
2.215000e-05	1.659574e-02	1.372520e+01
2.216000e-05	1.924930e-02	1.386139e+01
2.217000e-05	9.504107e-03	1.395950e+01
2.218000e-05	7.543414e-03	1.414527e+01
2.219000e-05	1.811173e-02	1.427102e+01
2.220000e-05	1.964613e-02	1.438775e+01
2.221000e-05	1.109359e-02	1.448254e+01
2.222000e-05	8.986014e-03	1.456633e+01
2.223000e-05	1.755578e-02	1.464046e+01
2.224000e-05	2.289645e-02	1.476660e+01
2.225000e-05	1.522072e-02	1.480888e+01
2.226000e-05	1.155533e-02	1.489207e+01
2.227000e-05	1.645251e-02	1.493577e+01
2.228000e-05	2.345518e-02	1.502931e+01
2.229000e-05	1.637944e-02	1.507296e+01
2.230000e-05	1.410703e-02	1.513519e+01
2.231000e-05	1.945158e-02	1.514631e+01
2.232000e-05	2.560152e-02	1.520091e+01
2.233000e-05	2.280476e-02	1.526201e+01
2.234000e-05	1.632332e-02	1.531459e+01
2.235000e-05	2.274072e-02	1.534459e+01
2.236000e-05	2.651557e-02	1.534620e+01
2.237000e-05	2.771365e-02	1.532665e+01
2.238000e-05	2.112315e-02	1.536877e+01
2.239000e-05	2.590465e-02	1.535675e+01
2.240000e-05	3.040372e-02	1.533673e+01
2.241000e-05	3.166090e-02	1.537620e+01
2.242000e-05	2.827528e-02	1.535467e+01
2.243000e-05	3.111976e-02	1.534517e+01
2.244000e-05	3.979719e-02	1.529514e+01
2.245000e-05	4.122385e-02	1.526354e+01
2.246000e-05	3.801263e-02	1.523244e+01
2.247000e-05	3.986288e-02	1.520088e+01
2.248000e-05	4.906703e-02	1.515721e+01
2.249000e-05	5.369722e-02	1.509317e+01
2.250000e-05	5.510446e-02	1.504043e+01
2.251000e-05	6.073055e-02	1.497728e+01
2.252000e-05	7.363110e-02	1.490215e+01
2.253000e-05	8.525339e-02	1.483846e+01
2.254000e-05	9.546604e-02	1.472468e+01
2.255000e-05	1.110653e-01	1.466249e+01
2.256000e-05	1.363002e-01	1.458725e+01
2.257000e-05	1.639011e-01	1.447152e+01
2.258000e-05	1.907461e-01	1.440788e+01
2.259000e-05	2.221552e-01	1.426154e+01
2.260000e-05	2.439120e-01	1.417725e+01
2.261000e-05	2.489274e-01	1.403996e+01
2.262000e-05	2.490056e-01	1.391514e+01
2.263000e-05	2.490330e-01	1.376825e+01
2.264000e-05	2.490380e-01	1.363159e+01
2.265000e-05	2.488546e-01	1.350314e+01
2.266000e-05	2.397939e-01	1.331573e+01
2.267000e-05	2.095374e-01	1.321938e+01
2.268000e-05	1.802282e-01	1.310251e+01
2.269000e-05	1.560761e-01	1.291407e+01
2.270000e-05	1.301399e-01	1.277515e+01
2.271000e-05	1.079173e-01	1.266780e+01
2.272000e-05	9.066255e-02	1.249846e+01
2.273000e-05	7.893171e-02	1.229101e+01
2.274000e-05	6.451569e-02	1.210204e+01
2.275000e-05	5.043391e-02	1.194210e+01
2.276000e-05	4.202942e-02	1.174405e+01
2.277000e-05	3.570152e-02	1.158304e+01
2.278000e-05	3.061808e-02	1.131459e+01
2.279000e-05	2.262671e-02	1.107991e+01
2.280000e-05	2.105133e-02	1.093207e+01
2.281000e-05	1.846229e-02	1.073054e+01
2.282000e-05	1.609586e-02	1.052292e+01
2.283000e-05	1.021761e-02	1.030994e+01
2.284000e-05	9.776150e-03	1.009791e+01
2.285000e-05	9.000815e-03	9.848812e+00
2.286000e-05	7.889782e-03	9.605280e+00
2.287000e-05	5.651438e-03	9.384178e+00
2.288000e-05	4.194260e-03	9.193700e+00
2.289000e-05	4.479385e-03	8.932470e+00
2.290000e-05	3.459329e-03	8.710042e+00
2.291000e-05	3.000400e-03	8.489389e+00
2.292000e-05	1.578771e-03	8.266859e+00
2.293000e-05	2.978757e-03	8.003076e+00
2.294000e-05	1.757830e-03	7.739015e+00
2.295000e-05	1.366903e-03	7.507338e+00
2.296000e-05	-8.768330e-04	7.254099e+00
2.297000e-05	5.530144e-04	7.001521e+00
2.298000e-05	-6.447433e-04	6.698442e+00
2.299000e-05	4.525986e-04	6.425677e+00
2.300000e-05	-1.742834e-03	6.191599e+00
2.301000e-05	-8.571328e-05	5.968466e+00
2.302000e-05	-4.687940e-04	5.666735e+00
2.303000e-05	-1.549058e-03	5.399574e+00
2.304000e-05	-1.623333e-03	5.036332e+00
2.305000e-05	-1.282416e-03	4.748424e+00
2.306000e-05	-1.391524e-03	4.466837e+00
2.307000e-05	-2.711888e-03	4.253603e+00
2.308000e-05	-2.466408e-03	3.897917e+00
2.309000e-05	-3.498554e-03	3.683656e+00
2.310000e-05	-2.109641e-03	3.421518e+00
2.311000e-05	-3.428354e-03	3.067237e+00
2.312000e-05	-4.037678e-03	2.843155e+00
2.313000e-05	-2.974496e-03	2.598846e+00
2.314000e-05	-2.452464e-03	2.273684e+00
2.315000e-05	-3.905972e-03	1.959949e+00
2.316000e-05	-4.766144e-03	1.708339e+00
2.317000e-05	-4.211262e-03	1.403026e+00
2.318000e-05	-3.708606e-03	1.094314e+00
2.319000e-05	-5.737777e-03	8.088711e-01
2.320000e-05	-4.656483e-03	5.052131e-01
2.321000e-05	-3.115294e-03	2.315611e-01
2.322000e-05	-1.617739e-03	-8.270915e-02
2.323000e-05	5.102881e-03	-3.372658e-01
2.324000e-05	-1.970225e-03	-6.105510e-01
2.325000e-05	-6.482404e-04	-8.856842e-01
2.326000e-05	-4.811407e-03	-1.127763e+00
2.327000e-05	-8.773503e-04	-1.405232e+00
2.328000e-05	-4.481034e-03	-1.705241e+00
2.329000e-05	8.420401e-03	-1.907340e+00
2.330000e-05	4.971250e-02	-2.129396e+00
2.331000e-05	6.713289e-02	-2.496237e+00
2.332000e-05	-8.113119e-02	-2.823680e+00
2.333000e-05	-3.067683e-02	-3.213130e+00
2.334000e-05	-4.108241e-02	-3.484836e+00
2.335000e-05	-1.484922e-02	-3.677338e+00
2.336000e-05	-6.501617e-02	-3.960922e+00
2.337000e-05	1.144947e-01	-4.129970e+00
2.338000e-05	-5.667122e-02	-4.383024e+00
2.339000e-05	1.563720e-02	-4.689256e+00
2.340000e-05	1.046646e-01	-4.909934e+00
2.341000e-05	-1.594960e-01	-5.228332e+00
2.342000e-05	9.407481e-02	-5.520547e+00
2.343000e-05	-1.082511e-01	-5.823754e+00
2.344000e-05	4.477569e-02	-6.038866e+00
2.345000e-05	2.567116e-02	-6.339942e+00
2.346000e-05	-7.239610e-02	-6.635254e+00
2.347000e-05	1.029482e-01	-6.879363e+00
2.348000e-05	-9.238650e-02	-7.172673e+00
2.349000e-05	2.744877e-02	-7.445332e+00
2.350000e-05	-4.103648e-02	-7.722489e+00
2.351000e-05	-1.326175e-02	-8.005704e+00
2.352000e-05	5.637609e-02	-8.214125e+00
2.353000e-05	-8.472867e-02	-8.449438e+00
2.354000e-05	7.221667e-02	-8.702015e+00
2.355000e-05	-7.326138e-02	-8.952048e+00
2.356000e-05	2.692875e-02	-9.163250e+00
2.357000e-05	-3.093746e-02	-9.396175e+00
2.358000e-05	-1.665869e-02	-9.627862e+00
2.359000e-05	2.463256e-02	-9.857759e+00
2.360000e-05	-4.271358e-02	-1.009104e+01
2.361000e-05	3.606625e-02	-1.029202e+01
2.362000e-05	-6.550096e-02	-1.053305e+01
2.363000e-05	3.163293e-02	-1.072155e+01
2.364000e-05	-4.969848e-02	-1.093160e+01
2.365000e-05	1.525365e-02	-1.113549e+01
2.366000e-05	-2.908141e-02	-1.137412e+01
2.367000e-05	8.256305e-04	-1.155673e+01
2.368000e-05	-9.346463e-03	-1.174462e+01
2.369000e-05	-1.782422e-02	-1.195573e+01
2.370000e-05	-9.367158e-03	-1.213320e+01
2.371000e-05	-3.035474e-02	-1.229467e+01
2.372000e-05	4.629811e-03	-1.249304e+01
2.373000e-05	-3.108664e-02	-1.267101e+01
2.374000e-05	2.869788e-03	-1.284944e+01
2.375000e-05	-3.037704e-02	-1.298623e+01
2.376000e-05	4.267935e-03	-1.318469e+01
2.377000e-05	-2.963918e-02	-1.329452e+01
2.378000e-05	-9.494534e-03	-1.347039e+01
2.379000e-05	-2.701324e-02	-1.359531e+01
2.380000e-05	-1.065910e-02	-1.376564e+01
2.381000e-05	-1.781210e-02	-1.387199e+01
2.382000e-05	-1.938677e-02	-1.399982e+01
2.383000e-05	-1.492754e-02	-1.410259e+01
2.384000e-05	-2.065961e-02	-1.426188e+01
2.385000e-05	-1.335187e-02	-1.437465e+01
2.386000e-05	-2.722478e-02	-1.445152e+01
2.387000e-05	-1.611879e-02	-1.458568e+01
2.388000e-05	-2.246270e-02	-1.464949e+01
2.389000e-05	-1.545046e-02	-1.473580e+01
2.390000e-05	-2.594838e-02	-1.485148e+01
2.391000e-05	-2.069066e-02	-1.492464e+01
2.392000e-05	-2.597924e-02	-1.499775e+01
2.393000e-05	-2.068546e-02	-1.505091e+01
2.394000e-05	-2.740140e-02	-1.512452e+01
2.395000e-05	-2.219922e-02	-1.516678e+01
2.396000e-05	-2.536938e-02	-1.520036e+01
2.397000e-05	-2.312745e-02	-1.526156e+01
2.398000e-05	-2.772326e-02	-1.530402e+01
2.399000e-05	-2.973403e-02	-1.536467e+01
2.400000e-05	-2.723910e-02	-1.537578e+01
2.401000e-05	-2.980751e-02	-1.542033e+01
2.402000e-05	-2.771119e-02	-1.544083e+01
2.403000e-05	-3.340177e-02	-1.546131e+01
2.404000e-05	-3.077625e-02	-1.548146e+01
2.405000e-05	-3.403418e-02	-1.545991e+01
2.406000e-05	-3.582141e-02	-1.548148e+01
2.407000e-05	-3.783552e-02	-1.543041e+01
2.408000e-05	-3.918406e-02	-1.545881e+01
2.409000e-05	-3.873457e-02	-1.539828e+01
2.410000e-05	-4.286614e-02	-1.540728e+01
2.411000e-05	-4.601612e-02	-1.536464e+01
2.412000e-05	-4.872426e-02	-1.530259e+01
2.413000e-05	-4.895914e-02	-1.530901e+01
2.414000e-05	-5.382159e-02	-1.518781e+01
2.415000e-05	-5.855220e-02	-1.516567e+01
2.416000e-05	-6.445199e-02	-1.510311e+01
2.417000e-05	-7.033220e-02	-1.504741e+01
2.418000e-05	-8.007800e-02	-1.500665e+01
2.419000e-05	-9.219219e-02	-1.487257e+01
2.420000e-05	-1.063031e-01	-1.482033e+01
2.421000e-05	-1.225402e-01	-1.473509e+01
2.422000e-05	-1.438488e-01	-1.465938e+01
2.423000e-05	-1.709622e-01	-1.458560e+01
2.424000e-05	-2.036201e-01	-1.445948e+01
2.425000e-05	-2.333178e-01	-1.433520e+01
2.426000e-05	-2.468972e-01	-1.426933e+01
2.427000e-05	-2.490014e-01	-1.409349e+01
2.428000e-05	-2.490589e-01	-1.396515e+01
2.429000e-05	-2.490739e-01	-1.384984e+01
2.430000e-05	-2.490842e-01	-1.372164e+01
2.431000e-05	-2.485924e-01	-1.355467e+01
2.432000e-05	-2.419511e-01	-1.347776e+01
2.433000e-05	-2.144973e-01	-1.329097e+01
2.434000e-05	-1.839878e-01	-1.315262e+01
2.435000e-05	-1.571094e-01	-1.300565e+01
2.436000e-05	-1.345165e-01	-1.284733e+01
2.437000e-05	-1.138364e-01	-1.272106e+01
2.438000e-05	-9.633096e-02	-1.252247e+01
2.439000e-05	-8.180431e-02	-1.232114e+01
2.440000e-05	-7.075142e-02	-1.217263e+01
2.441000e-05	-5.978536e-02	-1.198318e+01
2.442000e-05	-5.028623e-02	-1.179467e+01
2.443000e-05	-4.260831e-02	-1.157415e+01
2.444000e-05	-3.796004e-02	-1.132212e+01
2.445000e-05	-3.181008e-02	-1.114202e+01
2.446000e-05	-2.806070e-02	-1.095101e+01
2.447000e-05	-2.439032e-02	-1.075197e+01
2.448000e-05	-2.332228e-02	-1.055294e+01
2.449000e-05	-2.088355e-02	-1.031006e+01
2.450000e-05	-1.763592e-02	-1.007981e+01
2.451000e-05	-1.671525e-02	-9.897337e+00
2.452000e-05	-1.574326e-02	-9.677786e+00
2.453000e-05	-1.490061e-02	-9.406204e+00
2.454000e-05	-1.299721e-02	-9.211627e+00
2.455000e-05	-1.235302e-02	-8.992568e+00
2.456000e-05	-1.267727e-02	-8.781496e+00
2.457000e-05	-1.286107e-02	-8.489436e+00
2.458000e-05	-1.045764e-02	-8.255309e+00
2.459000e-05	-1.054598e-02	-8.053258e+00
2.460000e-05	-1.050481e-02	-7.802517e+00
2.461000e-05	-1.066758e-02	-7.466834e+00
2.462000e-05	-1.071548e-02	-7.226155e+00
2.463000e-05	-9.054171e-03	-6.960547e+00
2.464000e-05	-8.303217e-03	-6.708412e+00
2.465000e-05	-8.266759e-03	-6.485659e+00
2.466000e-05	-8.744941e-03	-6.182549e+00
2.467000e-05	-7.758642e-03	-5.918923e+00
2.468000e-05	-9.414586e-03	-5.656649e+00
2.469000e-05	-7.935248e-03	-5.358000e+00
2.470000e-05	-9.150598e-03	-5.096258e+00
2.471000e-05	-6.730041e-03	-4.728518e+00
2.472000e-05	-7.286445e-03	-4.504735e+00
2.473000e-05	-5.978568e-03	-4.234633e+00
2.474000e-05	-7.944432e-03	-4.009973e+00
2.475000e-05	-6.711604e-03	-3.695712e+00
2.476000e-05	-7.787420e-03	-3.412200e+00
2.477000e-05	-6.807220e-03	-3.169922e+00
2.478000e-05	-7.349247e-03	-2.872608e+00
2.479000e-05	-5.554761e-03	-2.550468e+00
2.480000e-05	-5.156010e-03	-2.336264e+00
2.481000e-05	-5.016766e-03	-2.009899e+00
2.482000e-05	-6.607062e-03	-1.767263e+00
2.483000e-05	-5.356255e-03	-1.452077e+00
2.484000e-05	-5.752386e-03	-1.105686e+00
2.485000e-05	-5.009450e-03	-8.500548e-01
2.486000e-05	-4.122313e-03	-5.352932e-01
2.487000e-05	-3.263410e-03	-3.131628e-01
2.488000e-05	1.836279e-03	2.213427e-02
2.489000e-05	6.633743e-03	3.279383e-01
2.490000e-05	-2.450768e-03	5.684463e-01
2.491000e-05	2.155547e-03	8.120240e-01
2.492000e-05	-1.170170e-03	1.109912e+00
2.493000e-05	1.582625e-03	1.380123e+00
2.494000e-05	-8.997038e-04	1.718342e+00
2.495000e-05	1.066006e-02	1.918922e+00
2.496000e-05	3.152876e-02	2.141621e+00
2.497000e-05	7.563222e-02	2.475395e+00
2.498000e-05	-3.503541e-02	2.835209e+00
2.499000e-05	-5.003111e-02	3.089966e+00
2.500000e-05	-3.602654e-02	3.352079e+00
2.501000e-05	4.426255e-03	3.654762e+00
2.502000e-05	-3.215002e-02	3.857284e+00
2.503000e-05	-3.807480e-02	4.047440e+00
2.504000e-05	7.793220e-02	4.339024e+00
2.505000e-05	1.239646e-03	4.665261e+00
2.506000e-05	3.263703e-02	4.882063e+00
2.507000e-05	3.874032e-02	5.266410e+00
2.508000e-05	-9.218454e-02	5.529445e+00
2.509000e-05	5.696761e-02	5.784648e+00
2.510000e-05	-1.133989e-02	6.066908e+00
2.511000e-05	9.117280e-03	6.307944e+00
2.512000e-05	-6.156824e-03	6.625652e+00
2.513000e-05	-7.998822e-03	6.858338e+00
2.514000e-05	7.236322e-02	7.132519e+00
2.515000e-05	-4.064959e-02	7.426779e+00
2.516000e-05	-4.918013e-03	7.656888e+00
2.517000e-05	-1.927697e-02	8.001621e+00
2.518000e-05	5.586555e-02	8.205253e+00
2.519000e-05	1.022393e-02	8.426756e+00
2.520000e-05	-3.733317e-02	8.618810e+00
2.521000e-05	3.060178e-02	8.891934e+00
2.522000e-05	-6.127944e-04	9.100117e+00
2.523000e-05	2.437652e-02	9.353572e+00
2.524000e-05	-2.720605e-02	9.563227e+00
2.525000e-05	1.355145e-02	9.817304e+00
2.526000e-05	2.175823e-02	1.002841e+01
2.527000e-05	1.996741e-02	1.023841e+01
2.528000e-05	-1.420347e-03	1.049999e+01
2.529000e-05	-1.705690e-02	1.068002e+01
2.530000e-05	2.856439e-02	1.087999e+01
2.531000e-05	4.804661e-03	1.102949e+01
2.532000e-05	8.260893e-03	1.125159e+01
2.533000e-05	-1.025788e-02	1.148349e+01
2.534000e-05	2.719084e-02	1.172052e+01
2.535000e-05	1.572103e-02	1.191249e+01
2.536000e-05	7.357159e-03	1.206104e+01
2.537000e-05	-5.827496e-03	1.226103e+01
2.538000e-05	1.101719e-02	1.244146e+01
2.539000e-05	2.260421e-02	1.260721e+01
2.540000e-05	3.928384e-03	1.277424e+01
2.541000e-05	5.550426e-03	1.291514e+01
2.542000e-05	1.038781e-02	1.311411e+01
2.543000e-05	2.755032e-02	1.323736e+01
2.544000e-05	4.555036e-03	1.338620e+01
2.545000e-05	3.715331e-03	1.352520e+01
2.546000e-05	7.264878e-03	1.361354e+01
2.547000e-05	2.357612e-02	1.377783e+01
2.548000e-05	1.277580e-02	1.389614e+01
2.549000e-05	5.704152e-03	1.405166e+01
2.550000e-05	1.426992e-02	1.421885e+01
2.551000e-05	2.031094e-02	1.432575e+01
2.552000e-05	1.679210e-02	1.440878e+01
2.553000e-05	4.310975e-03	1.451472e+01
2.554000e-05	1.537049e-02	1.458890e+01
2.555000e-05	2.030331e-02	1.469360e+01
2.556000e-05	2.100098e-02	1.478627e+01
2.557000e-05	1.089061e-02	1.482196e+01
2.558000e-05	1.439254e-02	1.491222e+01
2.559000e-05	2.270451e-02	1.499583e+01
2.560000e-05	2.071044e-02	1.504104e+01
2.561000e-05	1.421549e-02	1.508459e+01
2.562000e-05	1.490055e-02	1.514725e+01
2.563000e-05	2.529074e-02	1.519891e+01
2.564000e-05	2.517472e-02	1.523096e+01
2.565000e-05	1.872336e-02	1.529399e+01
2.566000e-05	1.739685e-02	1.530562e+01
2.567000e-05	2.644631e-02	1.538720e+01
2.568000e-05	2.915550e-02	1.533625e+01
2.569000e-05	2.203992e-02	1.535669e+01
2.570000e-05	2.268009e-02	1.537788e+01
2.571000e-05	2.839773e-02	1.538727e+01
2.572000e-05	3.444597e-02	1.538517e+01
2.573000e-05	2.761758e-02	1.536674e+01
2.574000e-05	2.862907e-02	1.535715e+01
2.575000e-05	3.489706e-02	1.533369e+01
2.576000e-05	4.298929e-02	1.528251e+01
2.577000e-05	3.902581e-02	1.525349e+01
2.578000e-05	3.800772e-02	1.522091e+01
2.579000e-05	4.544629e-02	1.515733e+01
2.580000e-05	5.313525e-02	1.514517e+01
2.581000e-05	5.459084e-02	1.503989e+01
2.582000e-05	5.496688e-02	1.503878e+01
2.583000e-05	6.748552e-02	1.491425e+01
2.584000e-05	8.037463e-02	1.490199e+01
2.585000e-05	9.039929e-02	1.481830e+01
2.586000e-05	9.973474e-02	1.474315e+01
2.587000e-05	1.206175e-01	1.465898e+01
2.588000e-05	1.507638e-01	1.455570e+01
2.589000e-05	1.770249e-01	1.443996e+01
2.590000e-05	2.075336e-01	1.434372e+01
2.591000e-05	2.350830e-01	1.424039e+01
2.592000e-05	2.476305e-01	1.414211e+01
2.593000e-05	2.489642e-01	1.398678e+01
2.594000e-05	2.490289e-01	1.389091e+01
2.595000e-05	2.490459e-01	1.370655e+01
2.596000e-05	2.490584e-01	1.357631e+01
2.597000e-05	2.466778e-01	1.343933e+01
2.598000e-05	2.246919e-01	1.331257e+01
2.599000e-05	1.926876e-01	1.320467e+01
2.600000e-05	1.681450e-01	1.299680e+01
2.601000e-05	1.436280e-01	1.281096e+01
2.602000e-05	1.190269e-01	1.272201e+01
2.603000e-05	9.749619e-02	1.253462e+01
2.604000e-05	8.410407e-02	1.238523e+01
2.605000e-05	7.210704e-02	1.221770e+01
2.606000e-05	5.673522e-02	1.203886e+01
2.607000e-05	4.464230e-02	1.184736e+01
2.608000e-05	3.884754e-02	1.168841e+01
2.609000e-05	3.480848e-02	1.141833e+01
2.610000e-05	2.720247e-02	1.119683e+01
2.611000e-05	2.124749e-02	1.100822e+01
2.612000e-05	1.796144e-02	1.083728e+01
2.613000e-05	1.764326e-02	1.061723e+01
2.614000e-05	1.376828e-02	1.039570e+01
2.615000e-05	8.391272e-03	1.018568e+01
2.616000e-05	8.195233e-03	9.993548e+00
2.617000e-05	1.103688e-02	9.722495e+00
2.618000e-05	7.072459e-03	9.518540e+00
2.619000e-05	5.538796e-03	9.298912e+00
2.620000e-05	8.524659e-04	9.108412e+00
2.621000e-05	6.097820e-03	8.816282e+00
2.622000e-05	2.609546e-03	8.594075e+00
2.623000e-05	3.172758e-03	8.382575e+00
2.624000e-05	4.884718e-04	8.139471e+00
2.625000e-05	5.025792e-03	7.906309e+00
2.626000e-05	1.927303e-03	7.604703e+00
2.627000e-05	6.251642e-04	7.340987e+00
2.628000e-05	-2.911421e-03	7.097885e+00
2.629000e-05	-9.523313e-06	6.864681e+00
2.630000e-05	-2.421718e-04	6.582549e+00
2.631000e-05	4.188972e-04	6.307913e+00
2.632000e-05	2.231982e-03	6.086283e+00
2.633000e-05	9.154077e-04	5.784052e+00
2.634000e-05	2.723878e-03	5.539816e+00
2.635000e-05	-6.005604e-03	5.206157e+00
2.636000e-05	-3.859908e-03	4.897313e+00
2.637000e-05	-5.435974e-03	4.642598e+00
2.638000e-05	-7.226301e-04	4.420422e+00
2.639000e-05	-1.301623e-03	4.093736e+00
2.640000e-05	2.841624e-04	3.811550e+00
2.641000e-05	9.529373e-04	3.529420e+00
2.642000e-05	-1.883186e-05	3.252103e+00
2.643000e-05	-4.398229e-03	2.979390e+00
2.644000e-05	-7.643983e-03	2.718764e+00
2.645000e-05	-5.454620e-03	2.400921e+00
2.646000e-05	-3.797893e-03	2.088914e+00
2.647000e-05	-2.587831e-03	1.904631e+00
2.648000e-05	-3.537136e-03	1.558396e+00
2.649000e-05	-1.352095e-03	1.224660e+00
2.650000e-05	-2.419800e-03	9.058370e-01
2.651000e-05	-3.368116e-03	6.610539e-01
2.652000e-05	-7.184164e-03	3.799224e-01
2.653000e-05	-5.273407e-03	1.130805e-01
2.654000e-05	-7.347946e-04	-1.590963e-01
2.655000e-05	5.981764e-03	-4.516569e-01
2.656000e-05	-5.069933e-03	-7.489933e-01
2.657000e-05	2.860401e-04	-9.700513e-01
2.658000e-05	-3.238704e-03	-1.265308e+00
2.659000e-05	-2.077523e-04	-1.558426e+00
2.660000e-05	-1.480093e-03	-1.811029e+00
2.661000e-05	2.239119e-02	-2.021155e+00
2.662000e-05	8.231284e-02	-2.297364e+00
2.663000e-05	-2.214521e-02	-2.673836e+00
2.664000e-05	-5.906343e-02	-3.015233e+00
2.665000e-05	-3.959332e-02	-3.339449e+00
2.666000e-05	-1.638306e-02	-3.581001e+00
2.667000e-05	-5.056462e-02	-3.815806e+00
2.668000e-05	1.218486e-02	-4.044231e+00
2.669000e-05	8.986210e-02	-4.204204e+00
2.670000e-05	-1.242569e-01	-4.548471e+00
2.671000e-05	1.680253e-01	-4.781123e+00
2.672000e-05	-8.717295e-02	-5.077467e+00
2.673000e-05	-3.017011e-02	-5.405683e+00
2.674000e-05	2.964099e-02	-5.677332e+00
2.675000e-05	-1.073137e-01	-5.942025e+00
2.676000e-05	1.248118e-01	-6.175729e+00
2.677000e-05	-9.590536e-02	-6.457912e+00
2.678000e-05	5.257611e-02	-6.740046e+00
2.679000e-05	1.284305e-02	-7.004179e+00
2.680000e-05	-6.905357e-02	-7.330970e+00
2.681000e-05	4.363236e-02	-7.542098e+00
2.682000e-05	-9.381241e-02	-7.877285e+00
2.683000e-05	7.991312e-02	-8.108490e+00
2.684000e-05	-4.873955e-02	-8.331074e+00
2.685000e-05	2.768635e-03	-8.615178e+00
2.686000e-05	1.931090e-02	-8.806834e+00
2.687000e-05	-6.529838e-02	-9.097866e+00
2.688000e-05	5.061586e-02	-9.291042e+00
2.689000e-05	-7.979862e-02	-9.512094e+00
2.690000e-05	5.578967e-02	-9.763153e+00
2.691000e-05	-4.976357e-02	-9.964149e+00
2.692000e-05	2.694745e-02	-1.021578e+01
2.693000e-05	-2.968197e-02	-1.039628e+01
2.694000e-05	-1.796147e-02	-1.065726e+01
2.695000e-05	1.294475e-03	-1.080581e+01
2.696000e-05	-3.616573e-02	-1.104693e+01
2.697000e-05	1.869909e-02	-1.121779e+01
2.698000e-05	-4.009783e-02	-1.143951e+01
2.699000e-05	2.357637e-02	-1.169106e+01
2.700000e-05	-3.868387e-02	-1.185938e+01
2.701000e-05	8.869248e-03	-1.213049e+01
2.702000e-05	-3.980714e-02	-1.220744e+01
2.703000e-05	1.296760e-03	-1.240836e+01
2.704000e-05	-2.224160e-02	-1.259530e+01
2.705000e-05	-8.165037e-03	-1.278520e+01
2.706000e-05	-1.532559e-02	-1.290209e+01
2.707000e-05	-1.483721e-02	-1.308056e+01
2.708000e-05	-4.876638e-03	-1.321943e+01
2.709000e-05	-2.709317e-02	-1.339578e+01
2.710000e-05	-8.776582e-03	-1.350559e+01
2.711000e-05	-2.899571e-02	-1.367994e+01
2.712000e-05	-4.212083e-03	-1.383883e+01
2.713000e-05	-2.741545e-02	-1.393622e+01
2.714000e-05	-1.045716e-02	-1.407246e+01
2.715000e-05	-2.420197e-02	-1.417835e+01
2.716000e-05	-1.218687e-02	-1.429514e+01
2.717000e-05	-2.318402e-02	-1.441836e+01
2.718000e-05	-2.018845e-02	-1.453312e+01
2.719000e-05	-2.080720e-02	-1.464991e+01
2.720000e-05	-1.896631e-02	-1.472452e+01
2.721000e-05	-1.869390e-02	-1.480035e+01
2.722000e-05	-2.395513e-02	-1.486304e+01
2.723000e-05	-2.213970e-02	-1.494670e+01
2.724000e-05	-2.484551e-02	-1.502883e+01
2.725000e-05	-2.325973e-02	-1.508399e+01
2.726000e-05	-2.628149e-02	-1.515560e+01
2.727000e-05	-2.251888e-02	-1.519888e+01
2.728000e-05	-2.529622e-02	-1.528004e+01
2.729000e-05	-2.368095e-02	-1.529314e+01
2.730000e-05	-3.056368e-02	-1.534560e+01
2.731000e-05	-2.736069e-02	-1.542575e+01
2.732000e-05	-3.064952e-02	-1.542836e+01
2.733000e-05	-2.813131e-02	-1.542876e+01
2.734000e-05	-3.104434e-02	-1.544893e+01
2.735000e-05	-3.140021e-02	-1.545131e+01
2.736000e-05	-3.216800e-02	-1.545044e+01
2.737000e-05	-3.505823e-02	-1.548993e+01
2.738000e-05	-3.681182e-02	-1.548146e+01
2.739000e-05	-3.953731e-02	-1.543828e+01
2.740000e-05	-3.907286e-02	-1.543938e+01
2.741000e-05	-4.089591e-02	-1.542573e+01
2.742000e-05	-4.417077e-02	-1.536522e+01
2.743000e-05	-4.725877e-02	-1.534312e+01
2.744000e-05	-4.933664e-02	-1.530209e+01
2.745000e-05	-5.241222e-02	-1.522888e+01
2.746000e-05	-5.723719e-02	-1.521725e+01
2.747000e-05	-6.243691e-02	-1.513464e+01
2.748000e-05	-6.656821e-02	-1.508139e+01
2.749000e-05	-7.484993e-02	-1.499875e+01
2.750000e-05	-8.587320e-02	-1.495617e+01
2.751000e-05	-9.856913e-02	-1.481994e+01
2.752000e-05	-1.142618e-01	-1.474775e+01
2.753000e-05	-1.326511e-01	-1.471109e+01
2.754000e-05	-1.577495e-01	-1.461670e+01
2.755000e-05	-1.858745e-01	-1.452194e+01
2.756000e-05	-2.198005e-01	-1.440680e+01
2.757000e-05	-2.423186e-01	-1.428299e+01
2.758000e-05	-2.488790e-01	-1.417417e+01
2.759000e-05	-2.490182e-01	-1.406991e+01
2.760000e-05	-2.490699e-01	-1.389259e+01
2.761000e-05	-2.490783e-01	-1.377575e+01
2.762000e-05	-2.490399e-01	-1.364039e+01
2.763000e-05	-2.469628e-01	-1.350196e+01
2.764000e-05	-2.297370e-01	-1.333617e+01
2.765000e-05	-2.000187e-01	-1.319840e+01
2.766000e-05	-1.709763e-01	-1.308786e+01
2.767000e-05	-1.455920e-01	-1.289047e+01
2.768000e-05	-1.234899e-01	-1.278352e+01
2.769000e-05	-1.050611e-01	-1.261625e+01
2.770000e-05	-8.893920e-02	-1.241733e+01
2.771000e-05	-7.628294e-02	-1.224786e+01
2.772000e-05	-6.467172e-02	-1.203986e+01
2.773000e-05	-5.529553e-02	-1.183078e+01
2.774000e-05	-4.663200e-02	-1.169141e+01
2.775000e-05	-3.881589e-02	-1.143931e+01
2.776000e-05	-3.525857e-02	-1.119865e+01
2.777000e-05	-2.982101e-02	-1.101675e+01
2.778000e-05	-2.644517e-02	-1.085578e+01
2.779000e-05	-2.361840e-02	-1.056481e+01
2.780000e-05	-2.109591e-02	-1.042723e+01
2.781000e-05	-1.918896e-02	-1.019668e+01
2.782000e-05	-1.835213e-02	-9.962622e+00
2.783000e-05	-1.626561e-02	-9.761473e+00
2.784000e-05	-1.516013e-02	-9.570125e+00
2.785000e-05	-1.467656e-02	-9.310939e+00
2.786000e-05	-1.427545e-02	-9.118337e+00
2.787000e-05	-1.222249e-02	-8.868283e+00
2.788000e-05	-1.155987e-02	-8.624653e+00
2.789000e-05	-1.182450e-02	-8.372621e+00
2.790000e-05	-1.068196e-02	-8.140498e+00
2.791000e-05	-1.024713e-02	-7.886268e+00
2.792000e-05	-9.602769e-03	-7.613699e+00
2.793000e-05	-1.160507e-02	-7.350496e+00
2.794000e-05	-1.045722e-02	-7.129343e+00
2.795000e-05	-9.466023e-03	-6.834676e+00
2.796000e-05	-7.718379e-03	-6.581969e+00
2.797000e-05	-8.517271e-03	-6.349420e+00
2.798000e-05	-7.991265e-03	-6.057679e+00
2.799000e-05	-8.220598e-03	-5.801524e+00
2.800000e-05	-7.845469e-03	-5.527892e+00
2.801000e-05	-8.117783e-03	-5.234625e+00
2.802000e-05	-9.186098e-03	-4.926791e+00
2.803000e-05	-7.248872e-03	-4.619520e+00
2.804000e-05	-6.621130e-03	-4.381418e+00
2.805000e-05	-5.797665e-03	-4.148318e+00
2.806000e-05	-7.894582e-03	-3.864150e+00
2.807000e-05	-6.838650e-03	-3.589795e+00
2.808000e-05	-8.457866e-03	-3.285237e+00
2.809000e-05	-5.493479e-03	-3.019995e+00
2.810000e-05	-7.919925e-03	-2.686239e+00
2.811000e-05	-5.555877e-03	-2.451083e+00
2.812000e-05	-5.780853e-03	-2.158341e+00
2.813000e-05	-4.470080e-03	-1.903183e+00
2.814000e-05	-6.104077e-03	-1.590024e+00
2.815000e-05	-6.508201e-03	-1.242105e+00
2.816000e-05	-5.595766e-03	-9.588420e-01
2.817000e-05	-3.311053e-03	-7.043086e-01
2.818000e-05	-3.161559e-03	-3.899484e-01
2.819000e-05	-2.264749e-03	-1.442668e-01
2.820000e-05	5.533742e-03	1.390240e-01
2.821000e-05	3.213900e-03	4.312067e-01
2.822000e-05	1.016471e-04	6.947870e-01
2.823000e-05	-2.521032e-03	9.404489e-01
2.824000e-05	5.207087e-04	1.234684e+00
2.825000e-05	-2.386754e-06	1.509849e+00
2.826000e-05	4.508528e-03	1.862158e+00
2.827000e-05	1.560532e-02	2.035182e+00
2.828000e-05	6.228812e-02	2.328039e+00
2.829000e-05	3.621413e-02	2.707811e+00
2.830000e-05	-6.212159e-02	2.992153e+00
2.831000e-05	-4.084269e-02	3.235766e+00
2.832000e-05	-1.827075e-02	3.530096e+00
2.833000e-05	-8.656474e-04	3.801030e+00
2.834000e-05	-5.450378e-02	3.961649e+00
2.835000e-05	1.455860e-02	4.215227e+00
2.836000e-05	7.939278e-02	4.500494e+00
2.837000e-05	-3.944824e-02	4.761626e+00
2.838000e-05	1.056742e-01	5.056940e+00
2.839000e-05	-7.646576e-02	5.396202e+00
2.840000e-05	-1.009273e-02	5.656864e+00
2.841000e-05	4.122053e-02	5.909543e+00
2.842000e-05	-2.885754e-02	6.174178e+00
2.843000e-05	3.207502e-02	6.416885e+00
2.844000e-05	-4.802532e-02	6.741616e+00
2.845000e-05	6.619228e-02	6.964178e+00
2.846000e-05	8.283070e-03	7.239364e+00
2.847000e-05	-2.526966e-02	7.533219e+00
2.848000e-05	-1.635349e-02	7.805305e+00
2.849000e-05	1.446856e-02	8.100438e+00
2.850000e-05	5.445099e-02	8.339995e+00
2.851000e-05	-3.151642e-02	8.552199e+00
2.852000e-05	-4.543580e-04	8.804222e+00
2.853000e-05	1.934677e-02	8.996257e+00
2.854000e-05	8.516175e-03	9.227384e+00
2.855000e-05	5.863986e-03	9.457459e+00
2.856000e-05	-2.141577e-02	9.742014e+00
2.857000e-05	2.821824e-02	9.931641e+00
2.858000e-05	1.947598e-02	1.016422e+01
2.859000e-05	1.581940e-02	1.036465e+01
2.860000e-05	-1.681993e-02	1.057623e+01
2.861000e-05	3.169048e-03	1.080678e+01
2.862000e-05	2.453962e-02	1.096523e+01
2.863000e-05	1.071215e-03	1.119630e+01
2.864000e-05	1.015702e-03	1.140731e+01
2.865000e-05	2.753857e-03	1.157781e+01
2.866000e-05	3.065372e-02	1.181641e+01
2.867000e-05	9.645364e-03	1.199733e+01
2.868000e-05	6.722982e-04	1.219628e+01
2.869000e-05	-7.947194e-04	1.232578e+01
2.870000e-05	1.881140e-02	1.254415e+01
2.871000e-05	1.540960e-02	1.267049e+01
2.872000e-05	1.812257e-03	1.283036e+01
2.873000e-05	7.296207e-03	1.298878e+01
2.874000e-05	1.803329e-02	1.314632e+01
2.875000e-05	1.925186e-02	1.331302e+01
2.876000e-05	2.678087e-03	1.345898e+01
2.877000e-05	4.346642e-03	1.357940e+01
2.878000e-05	1.661815e-02	1.371467e+01
2.879000e-05	1.926250e-02	1.390143e+01
2.880000e-05	9.802460e-03	1.399741e+01
2.881000e-05	6.218627e-03	1.414730e+01
2.882000e-05	1.790373e-02	1.423304e+01
2.883000e-05	1.835046e-02	1.436785e+01
2.884000e-05	1.152534e-02	1.447206e+01
2.885000e-05	8.730905e-03	1.453525e+01
2.886000e-05	1.832224e-02	1.467004e+01
2.887000e-05	2.322226e-02	1.472609e+01
2.888000e-05	1.515163e-02	1.480838e+01
2.889000e-05	1.208117e-02	1.490259e+01
2.890000e-05	1.518208e-02	1.495513e+01
2.891000e-05	2.287175e-02	1.500926e+01
2.892000e-05	1.698213e-02	1.508261e+01
2.893000e-05	1.533491e-02	1.512677e+01
2.894000e-05	2.088320e-02	1.515836e+01
2.895000e-05	2.581042e-02	1.518089e+01
2.896000e-05	2.323026e-02	1.527301e+01
2.897000e-05	1.631320e-02	1.531301e+01
2.898000e-05	2.144158e-02	1.532517e+01
2.899000e-05	2.525932e-02	1.534470e+01
2.900000e-05	2.700856e-02	1.534675e+01
2.901000e-05	2.266468e-02	1.537672e+01
2.902000e-05	2.682718e-02	1.538623e+01
2.903000e-05	3.189380e-02	1.537583e+01
2.904000e-05	3.249551e-02	1.538563e+01
2.905000e-05	2.826437e-02	1.537555e+01
2.906000e-05	3.078386e-02	1.529470e+01
2.907000e-05	3.777208e-02	1.531504e+01
2.908000e-05	4.075962e-02	1.525351e+01
2.909000e-05	3.871276e-02	1.522141e+01
2.910000e-05	4.136713e-02	1.520833e+01
2.911000e-05	5.041734e-02	1.513778e+01
2.912000e-05	5.412446e-02	1.510311e+01
2.913000e-05	5.529751e-02	1.503883e+01
2.914000e-05	5.996192e-02	1.498830e+01
2.915000e-05	7.223854e-02	1.492309e+01
2.916000e-05	8.395347e-02	1.484891e+01
2.917000e-05	9.505978e-02	1.476467e+01
2.918000e-05	1.123905e-01	1.468156e+01
2.919000e-05	1.360404e-01	1.463678e+01
2.920000e-05	1.650290e-01	1.453304e+01
2.921000e-05	1.913224e-01	1.438728e+01
2.922000e-05	2.223558e-01	1.430101e+01
2.923000e-05	2.437086e-01	1.419630e+01
2.924000e-05	2.489162e-01	1.404948e+01
2.925000e-05	2.489997e-01	1.392409e+01
2.926000e-05	2.490210e-01	1.381623e+01
2.927000e-05	2.490549e-01	1.365051e+01
2.928000e-05	2.487602e-01	1.352309e+01
2.929000e-05	2.394135e-01	1.339670e+01
2.930000e-05	2.098400e-01	1.323736e+01
2.931000e-05	1.802232e-01	1.311051e+01
2.932000e-05	1.559629e-01	1.288404e+01
2.933000e-05	1.296898e-01	1.277573e+01
2.934000e-05	1.082121e-01	1.260733e+01
2.935000e-05	9.063511e-02	1.247886e+01
2.936000e-05	7.722317e-02	1.232149e+01
2.937000e-05	6.365836e-02	1.214304e+01
2.938000e-05	5.088211e-02	1.193157e+01
2.939000e-05	4.240194e-02	1.176312e+01
2.940000e-05	3.610682e-02	1.152352e+01
2.941000e-05	3.009532e-02	1.130304e+01
2.942000e-05	2.340934e-02	1.113096e+01
2.943000e-05	1.983816e-02	1.092146e+01
2.944000e-05	1.725565e-02	1.070254e+01
2.945000e-05	1.546620e-02	1.048141e+01
2.946000e-05	1.105855e-02	1.033944e+01
2.947000e-05	9.358887e-03	1.006834e+01
2.948000e-05	9.021372e-03	9.878331e+00
2.949000e-05	7.937201e-03	9.625153e+00
2.950000e-05	4.902349e-03	9.373525e+00
2.951000e-05	4.606960e-03	9.173651e+00
2.952000e-05	3.416252e-03	8.962965e+00
2.953000e-05	4.930510e-03	8.719939e+00
2.954000e-05	2.414082e-03	8.498860e+00
2.955000e-05	3.281059e-03	8.256754e+00
2.956000e-05	2.695727e-03	8.003701e+00
2.957000e-05	4.368053e-03	7.760469e+00
2.958000e-05	-1.168623e-03	7.456387e+00
2.959000e-05	4.272018e-04	7.192125e+00
2.960000e-05	-1.526208e-03	6.982924e+00
2.961000e-05	6.611126e-04	6.708864e+00
2.962000e-05	-8.735115e-04	6.465603e+00
2.963000e-05	2.138197e-03	6.191570e+00
2.964000e-05	1.291374e-03	5.958942e+00
2.965000e-05	9.916601e-04	5.625808e+00
2.966000e-05	-5.523185e-04	5.402498e+00
2.967000e-05	-4.894853e-03	5.065779e+00
2.968000e-05	-1.539766e-03	4.748970e+00
2.969000e-05	-2.821386e-03	4.486684e+00
2.970000e-05	-1.340203e-03	4.253948e+00
2.971000e-05	-2.522301e-03	3.949367e+00
2.972000e-05	3.579192e-04	3.673555e+00
2.973000e-05	-1.127226e-03	3.379476e+00
2.974000e-05	-1.504274e-03	3.086833e+00
2.975000e-05	-5.666908e-03	2.843104e+00
2.976000e-05	-3.746604e-03	2.568392e+00
2.977000e-05	-4.665553e-03	2.252109e+00
2.978000e-05	-5.085292e-03	1.989896e+00
2.979000e-05	-4.407075e-03	1.696713e+00
2.980000e-05	-2.232333e-03	1.430003e+00
2.981000e-05	-1.301601e-03	1.107759e+00
2.982000e-05	-3.510890e-03	7.784670e-01
2.983000e-05	-4.547858e-03	4.937118e-01
2.984000e-05	-4.760260e-03	2.804987e-01
2.985000e-05	-2.325582e-03	-7.313297e-02
2.986000e-05	3.650473e-03	-3.068146e-01
2.987000e-05	-3.246557e-03	-5.690726e-01
2.988000e-05	-7.372762e-04	-8.352580e-01
2.989000e-05	-3.955867e-03	-1.126295e+00
2.990000e-05	-8.748497e-04	-1.443205e+00
2.991000e-05	-4.262128e-03	-1.675261e+00
2.992000e-05	8.853039e-03	-1.917365e+00
2.993000e-05	4.877817e-02	-2.118970e+00
2.994000e-05	6.699258e-02	-2.422293e+00
2.995000e-05	-8.110509e-02	-2.843863e+00
2.996000e-05	-3.128702e-02	-3.212207e+00
2.997000e-05	-4.258426e-02	-3.434312e+00
2.998000e-05	-1.615996e-02	-3.668517e+00
2.999000e-05	-6.424746e-02	-3.961069e+00
3.000000e-05	1.146254e-01	-4.108997e+00
3.001000e-05	-5.424055e-02	-4.371553e+00
3.002000e-05	1.464672e-02	-4.687862e+00
3.003000e-05	1.052144e-01	-4.899441e+00
3.004000e-05	-1.590787e-01	-5.229362e+00
3.005000e-05	9.176293e-02	-5.560920e+00
3.006000e-05	-1.075958e-01	-5.774254e+00
3.007000e-05	4.225016e-02	-6.109417e+00
3.008000e-05	2.757852e-02	-6.329966e+00
3.009000e-05	-7.312516e-02	-6.646804e+00
3.010000e-05	1.027297e-01	-6.877493e+00
3.011000e-05	-8.992295e-02	-7.162629e+00
3.012000e-05	2.627990e-02	-7.477355e+00
3.013000e-05	-3.973901e-02	-7.699993e+00
3.014000e-05	-1.431723e-02	-7.964204e+00
3.015000e-05	5.733225e-02	-8.224700e+00
3.016000e-05	-8.419947e-02	-8.430486e+00
3.017000e-05	6.985714e-02	-8.721043e+00
3.018000e-05	-7.178325e-02	-8.953140e+00
3.019000e-05	2.671221e-02	-9.174202e+00
3.020000e-05	-2.974154e-02	-9.385227e+00
3.021000e-05	-1.867135e-02	-9.686937e+00
3.022000e-05	2.523216e-02	-9.857339e+00
3.023000e-05	-4.076809e-02	-1.011949e+01
3.024000e-05	3.644677e-02	-1.031192e+01
3.025000e-05	-6.558558e-02	-1.054164e+01
3.026000e-05	3.120980e-02	-1.069155e+01
3.027000e-05	-4.826329e-02	-1.092207e+01
3.028000e-05	1.381333e-02	-1.117465e+01
3.029000e-05	-2.930067e-02	-1.133260e+01
3.030000e-05	1.030462e-03	-1.156778e+01
3.031000e-05	-6.495011e-03	-1.175525e+01
3.032000e-05	-1.688169e-02	-1.197630e+01
3.033000e-05	-9.292113e-03	-1.214315e+01
3.034000e-05	-3.014449e-02	-1.232360e+01
3.035000e-05	7.208435e-03	-1.247362e+01
3.036000e-05	-3.166792e-02	-1.267201e+01
3.037000e-05	1.660449e-03	-1.283743e+01
3.038000e-05	-3.155395e-02	-1.298628e+01
3.039000e-05	6.813231e-03	-1.313330e+01
3.040000e-05	-2.832395e-02	-1.328404e+01
3.041000e-05	-9.261230e-03	-1.345188e+01
3.042000e-05	-2.681092e-02	-1.354775e+01
3.043000e-05	-9.584159e-03	-1.377665e+01
3.044000e-05	-1.611568e-02	-1.384056e+01
3.045000e-05	-2.052451e-02	-1.402793e+01
3.046000e-05	-1.532999e-02	-1.409465e+01
3.047000e-05	-2.012812e-02	-1.425146e+01
3.048000e-05	-1.230441e-02	-1.434725e+01
3.049000e-05	-2.845024e-02	-1.448051e+01
3.050000e-05	-1.626866e-02	-1.459523e+01
3.051000e-05	-2.328085e-02	-1.467946e+01
3.052000e-05	-1.375709e-02	-1.474518e+01
3.053000e-05	-2.586753e-02	-1.481049e+01
3.054000e-05	-2.118991e-02	-1.495510e+01
3.055000e-05	-2.590030e-02	-1.499768e+01
3.056000e-05	-1.925458e-02	-1.504199e+01
3.057000e-05	-2.988602e-02	-1.510462e+01
3.058000e-05	-2.430752e-02	-1.515740e+01
3.059000e-05	-2.673711e-02	-1.522738e+01
3.060000e-05	-2.177001e-02	-1.528157e+01
3.061000e-05	-2.548635e-02	-1.534509e+01
3.062000e-05	-3.015430e-02	-1.536525e+01
3.063000e-05	-2.680193e-02	-1.539723e+01
3.064000e-05	-3.022456e-02	-1.542691e+01
3.065000e-05	-2.909786e-02	-1.544935e+01
3.066000e-05	-3.717602e-02	-1.543088e+01
3.067000e-05	-3.193761e-02	-1.545989e+01
3.068000e-05	-3.268403e-02	-1.546996e+01
3.069000e-05	-3.295780e-02	-1.545046e+01
3.070000e-05	-3.648385e-02	-1.544941e+01
3.071000e-05	-3.806600e-02	-1.544933e+01
3.072000e-05	-4.048520e-02	-1.545725e+01
3.073000e-05	-4.321449e-02	-1.541768e+01
3.074000e-05	-4.931610e-02	-1.532465e+01
3.075000e-05	-5.024296e-02	-1.535252e+01
3.076000e-05	-4.998842e-02	-1.526986e+01
3.077000e-05	-5.283697e-02	-1.518780e+01
3.078000e-05	-5.768873e-02	-1.517575e+01
3.079000e-05	-6.522228e-02	-1.510309e+01
3.080000e-05	-6.929710e-02	-1.506133e+01
3.081000e-05	-8.009398e-02	-1.498515e+01
3.082000e-05	-9.177688e-02	-1.490309e+01
3.083000e-05	-1.080769e-01	-1.478995e+01
3.084000e-05	-1.221361e-01	-1.476352e+01
3.085000e-05	-1.432637e-01	-1.468891e+01
3.086000e-05	-1.703507e-01	-1.455475e+01
3.087000e-05	-2.036997e-01	-1.449893e+01
3.088000e-05	-2.329319e-01	-1.437472e+01
3.089000e-05	-2.465022e-01	-1.425890e+01
3.090000e-05	-2.489940e-01	-1.411304e+01
3.091000e-05	-2.490574e-01	-1.398520e+01
3.092000e-05	-2.490752e-01	-1.383789e+01
3.093000e-05	-2.490902e-01	-1.376094e+01
3.094000e-05	-2.485959e-01	-1.356570e+01
3.095000e-05	-2.399958e-01	-1.344928e+01
3.096000e-05	-2.156785e-01	-1.331196e+01
3.097000e-05	-1.840519e-01	-1.313152e+01
3.098000e-05	-1.589786e-01	-1.297517e+01
3.099000e-05	-1.357700e-01	-1.286686e+01
3.100000e-05	-1.136155e-01	-1.268838e+01
3.101000e-05	-9.435717e-02	-1.252152e+01
3.102000e-05	-8.098212e-02	-1.234304e+01
3.103000e-05	-6.969934e-02	-1.217409e+01
3.104000e-05	-5.980171e-02	-1.198472e+01
3.105000e-05	-4.950346e-02	-1.176455e+01
3.106000e-05	-4.329267e-02	-1.155367e+01
3.107000e-05	-3.918059e-02	-1.141202e+01
3.108000e-05	-3.195658e-02	-1.110252e+01
3.109000e-05	-2.725463e-02	-1.093052e+01
3.110000e-05	-2.418384e-02	-1.073142e+01
3.111000e-05	-2.294015e-02	-1.054047e+01
3.112000e-05	-2.088229e-02	-1.030039e+01
3.113000e-05	-1.775973e-02	-1.008989e+01
3.114000e-05	-1.646701e-02	-9.849258e+00
3.115000e-05	-1.695231e-02	-9.688758e+00
3.116000e-05	-1.517156e-02	-9.455204e+00
3.117000e-05	-1.283285e-02	-9.213225e+00
3.118000e-05	-1.241466e-02	-8.963094e+00
3.119000e-05	-1.300697e-02	-8.762091e+00
3.120000e-05	-1.363559e-02	-8.499368e+00
3.121000e-05	-1.043346e-02	-8.256731e+00
3.122000e-05	-1.040749e-02	-8.023702e+00
3.123000e-05	-1.056917e-02	-7.751415e+00
3.124000e-05	-1.080733e-02	-7.507232e+00
3.125000e-05	-9.336941e-03	-7.274105e+00
3.126000e-05	-8.765917e-03	-6.961992e+00
3.127000e-05	-9.818914e-03	-6.697362e+00
3.128000e-05	-9.977169e-03	-6.475181e+00
3.129000e-05	-8.744373e-03	-6.224046e+00
3.130000e-05	-7.210377e-03	-5.947340e+00
3.131000e-05	-1.002990e-02	-5.696736e+00
3.132000e-05	-7.980218e-03	-5.400422e+00
3.133000e-05	-8.524102e-03	-5.046660e+00
3.134000e-05	-6.726796e-03	-4.739892e+00
3.135000e-05	-7.636167e-03	-4.466207e+00
3.136000e-05	-6.963921e-03	-4.273654e+00
3.137000e-05	-7.653542e-03	-4.030422e+00
3.138000e-05	-6.932424e-03	-3.715758e+00
3.139000e-05	-8.447650e-03	-3.441630e+00
3.140000e-05	-7.047345e-03	-3.168870e+00
3.141000e-05	-7.806318e-03	-2.852055e+00
3.142000e-05	-3.974304e-03	-2.559920e+00
3.143000e-05	-5.212584e-03	-2.315237e+00
3.144000e-05	-5.061076e-03	-2.009899e+00
3.145000e-05	-5.572761e-03	-1.745842e+00
3.146000e-05	-5.272228e-03	-1.492599e+00
3.147000e-05	-6.240722e-03	-1.084712e+00
3.148000e-05	-6.520645e-03	-8.415525e-01
3.149000e-05	-3.954476e-03	-5.346644e-01
3.150000e-05	-2.922745e-03	-2.820339e-01
3.151000e-05	2.692409e-03	-2.841836e-02
3.152000e-05	8.053543e-03	3.073884e-01
3.153000e-05	-2.133991e-03	5.505489e-01
3.154000e-05	2.648642e-03	7.906292e-01
3.155000e-05	-1.127805e-03	1.128391e+00
3.156000e-05	1.891984e-03	1.380151e+00
3.157000e-05	-1.006838e-03	1.708990e+00
3.158000e-05	1.086300e-02	1.957019e+00
3.159000e-05	3.216101e-02	2.171575e+00
3.160000e-05	7.568927e-02	2.486516e+00
3.161000e-05	-3.366356e-02	2.854837e+00
3.162000e-05	-4.925088e-02	3.149466e+00
3.163000e-05	-3.415479e-02	3.393229e+00
3.164000e-05	4.385703e-03	3.646312e+00
3.165000e-05	-3.115180e-02	3.854912e+00
3.166000e-05	-3.805271e-02	4.117440e+00
3.167000e-05	7.690391e-02	4.371623e+00
3.168000e-05	2.556093e-03	4.676410e+00
3.169000e-05	3.128541e-02	4.870917e+00
3.170000e-05	4.023088e-02	5.226887e+00
3.171000e-05	-9.093886e-02	5.560070e+00
3.172000e-05	5.615435e-02	5.805180e+00
3.173000e-05	-1.040850e-02	6.047914e+00
3.174000e-05	8.012097e-03	6.320495e+00
3.175000e-05	-5.844816e-03	6.596307e+00
3.176000e-05	-8.041277e-03	6.867540e+00
3.177000e-05	7.225580e-02	7.129496e+00
3.178000e-05	-4.046300e-02	7.417728e+00
3.179000e-05	-4.440297e-03	7.659017e+00
3.180000e-05	-1.934403e-02	7.933151e+00
3.181000e-05	5.594489e-02	8.236229e+00
3.182000e-05	9.671183e-03	8.456810e+00
3.183000e-05	-3.660574e-02	8.647437e+00
3.184000e-05	3.069195e-02	8.870512e+00
3.185000e-05	-2.046204e-04	9.111091e+00
3.186000e-05	2.387984e-02	9.383626e+00
3.187000e-05	-2.607727e-02	9.595849e+00
3.188000e-05	1.275171e-02	9.816834e+00
3.189000e-05	2.066508e-02	1.004746e+01
3.190000e-05	1.819066e-02	1.023041e+01
3.191000e-05	-1.189000e-03	1.044249e+01
3.192000e-05	-1.697436e-02	1.071056e+01
3.193000e-05	2.927854e-02	1.093309e+01
3.194000e-05	6.226657e-03	1.105909e+01
3.195000e-05	1.025438e-02	1.135107e+01
3.196000e-05	-1.032144e-02	1.151264e+01
3.197000e-05	2.630773e-02	1.176257e+01
3.198000e-05	1.411068e-02	1.192209e+01
3.199000e-05	5.984287e-03	1.211152e+01
3.200000e-05	-5.732343e-03	1.228057e+01
3.201000e-05	1.159314e-02	1.245841e+01
3.202000e-05	2.313561e-02	1.260681e+01
3.203000e-05	4.753247e-03	1.276725e+01
3.204000e-05	5.659003e-03	1.294512e+01
3.205000e-05	1.012757e-02	1.310361e+01
3.206000e-05	2.608389e-02	1.320946e+01
3.207000e-05	4.335130e-03	1.337576e+01
3.208000e-05	4.401512e-03	1.353425e+01
3.209000e-05	7.447208e-03	1.371107e+01
3.210000e-05	2.172405e-02	1.376778e+01
3.211000e-05	1.250619e-02	1.392425e+01
3.212000e-05	7.661491e-03	1.409104e+01
3.213000e-05	1.572537e-02	1.420888e+01
3.214000e-05	2.002679e-02	1.435312e+01
3.215000e-05	1.642966e-02	1.441988e+01
3.216000e-05	5.041388e-03	1.450412e+01
3.217000e-05	1.600683e-02	1.459843e+01
3.218000e-05	2.006260e-02	1.470304e+01
3.219000e-05	1.979886e-02	1.476570e+01
3.220000e-05	1.051612e-02	1.485146e+01
3.221000e-05	1.559737e-02	1.491522e+01
3.222000e-05	2.339153e-02	1.498723e+01
3.223000e-05	1.987461e-02	1.506996e+01
3.224000e-05	1.545090e-02	1.508407e+01
3.225000e-05	1.703108e-02	1.512780e+01
3.226000e-05	2.564164e-02	1.517943e+01
3.227000e-05	2.374135e-02	1.522999e+01
3.228000e-05	1.940866e-02	1.529352e+01
3.229000e-05	1.781609e-02	1.530512e+01
3.230000e-05	2.662720e-02	1.532515e+01
3.231000e-05	2.749517e-02	1.535520e+01
3.232000e-05	2.387649e-02	1.536722e+01
3.233000e-05	2.364035e-02	1.539823e+01
3.234000e-05	2.960649e-02	1.535728e+01
3.235000e-05	3.278999e-02	1.536727e+01
3.236000e-05	2.730372e-02	1.535615e+01
3.237000e-05	2.999804e-02	1.537515e+01
3.238000e-05	3.397573e-02	1.528462e+01
3.239000e-05	4.162625e-02	1.528459e+01
3.240000e-05	3.794983e-02	1.523243e+01
3.241000e-05	3.984419e-02	1.520138e+01
3.242000e-05	4.614972e-02	1.515883e+01
3.243000e-05	5.482718e-02	1.510517e+01
3.244000e-05	5.399784e-02	1.507049e+01
3.245000e-05	5.510942e-02	1.500780e+01
3.246000e-05	6.563063e-02	1.496663e+01
3.247000e-05	7.851891e-02	1.483996e+01
3.248000e-05	8.882588e-02	1.484681e+01
3.249000e-05	1.015206e-01	1.471404e+01
3.250000e-05	1.243666e-01	1.464039e+01
3.251000e-05	1.516233e-01	1.451365e+01
3.252000e-05	1.784814e-01	1.446094e+01
3.253000e-05	2.049776e-01	1.434560e+01
3.254000e-05	2.345120e-01	1.422886e+01
3.255000e-05	2.468052e-01	1.412309e+01
3.256000e-05	2.489714e-01	1.399678e+01
3.257000e-05	2.490137e-01	1.386141e+01
3.258000e-05	2.490342e-01	1.379564e+01
3.259000e-05	2.490679e-01	1.355778e+01
3.260000e-05	2.461714e-01	1.345933e+01
3.261000e-05	2.234279e-01	1.331554e+01
3.262000e-05	1.929102e-01	1.315522e+01
3.263000e-05	1.682924e-01	1.305573e+01
3.264000e-05	1.429052e-01	1.281891e+01
3.265000e-05	1.191659e-01	1.268941e+01
3.266000e-05	9.870020e-02	1.254450e+01
3.267000e-05	8.638052e-02	1.239275e+01
3.268000e-05	6.985037e-02	1.217620e+01
3.269000e-05	5.554491e-02	1.204931e+01
3.270000e-05	4.350137e-02	1.181628e+01
3.271000e-05	3.979498e-02	1.161781e+01
3.272000e-05	3.318295e-02	1.137686e+01
3.273000e-05	2.742421e-02	1.121633e+01
3.274000e-05	2.127013e-02	1.102770e+01
3.275000e-05	2.004985e-02	1.080581e+01
3.276000e-05	1.743792e-02	1.062675e+01
3.277000e-05	1.213964e-02	1.041731e+01
3.278000e-05	8.123758e-03	1.020460e+01
3.279000e-05	8.011516e-03	9.974594e+00
3.280000e-05	9.863659e-03	9.703518e+00
3.281000e-05	6.497537e-03	9.529985e+00
3.282000e-05	4.821027e-03	9.308861e+00
3.283000e-05	4.116741e-03	9.066759e+00
3.284000e-05	7.167605e-03	8.865725e+00
3.285000e-05	1.621839e-03	8.584101e+00
3.286000e-05	2.598489e-03	8.391072e+00
3.287000e-05	-7.336732e-04	8.091939e+00
3.288000e-05	5.551768e-03	7.896732e+00
3.289000e-05	1.971822e-03	7.624654e+00
3.290000e-05	3.238983e-03	7.362015e+00
3.291000e-05	-1.702954e-03	7.117805e+00
3.292000e-05	1.616459e-03	6.855654e+00
3.293000e-05	-9.556979e-04	6.602470e+00
3.294000e-05	-7.585222e-04	6.280858e+00
3.295000e-05	-2.604745e-03	6.095207e+00
3.296000e-05	1.815638e-03	5.824046e+00
3.297000e-05	2.781504e-03	5.559336e+00
3.298000e-05	-6.026123e-04	5.267204e+00
3.299000e-05	-1.486514e-03	4.928810e+00
3.300000e-05	-5.548161e-03	4.664024e+00
3.301000e-05	-7.155120e-04	4.359896e+00
3.302000e-05	-4.391101e-03	4.075207e+00
3.303000e-05	-1.614818e-03	3.790966e+00
3.304000e-05	-3.698949e-03	3.538865e+00
3.305000e-05	1.084195e-04	3.263607e+00
3.306000e-05	-1.007404e-03	2.980367e+00
3.307000e-05	-3.204165e-03	2.727712e+00
3.308000e-05	-4.899816e-03	2.411895e+00
3.309000e-05	-3.909281e-03	2.135741e+00
3.310000e-05	-4.429737e-03	1.864654e+00
3.311000e-05	-6.054550e-03	1.567892e+00
3.312000e-05	-5.461505e-03	1.304608e+00
3.313000e-05	-3.381827e-03	9.568094e-01
3.314000e-05	-1.165954e-03	6.630787e-01
3.315000e-05	-3.632371e-03	3.583672e-01
3.316000e-05	-3.995066e-03	9.255919e-02
3.317000e-05	-5.403032e-04	-1.811001e-01
3.318000e-05	5.490835e-03	-4.521328e-01
3.319000e-05	-6.814767e-03	-7.475473e-01
3.320000e-05	-2.831877e-03	-9.800801e-01
3.321000e-05	-5.353236e-03	-1.245267e+00
3.322000e-05	3.807256e-04	-1.550579e+00
3.323000e-05	-2.062028e-04	-1.801155e+00
3.324000e-05	2.307664e-02	-1.981708e+00
3.325000e-05	8.182224e-02	-2.276942e+00
3.326000e-05	-1.954011e-02	-2.635734e+00
3.327000e-05	-5.951587e-02	-3.035332e+00
3.328000e-05	-4.013903e-02	-3.359476e+00
3.329000e-05	-1.869196e-02	-3.570553e+00
3.330000e-05	-4.989406e-02	-3.816356e+00
3.331000e-05	1.101752e-02	-4.054732e+00
3.332000e-05	9.054962e-02	-4.212756e+00
3.333000e-05	-1.231490e-01	-4.529969e+00
3.334000e-05	1.676423e-01	-4.802124e+00
3.335000e-05	-8.485611e-02	-5.058417e+00
3.336000e-05	-3.134396e-02	-5.426284e+00
3.337000e-05	2.924233e-02	-5.666863e+00
3.338000e-05	-1.067662e-01	-5.962077e+00
3.339000e-05	1.235291e-01	-6.183634e+00
3.340000e-05	-9.373220e-02	-6.487388e+00
3.341000e-05	5.084588e-02	-6.762522e+00
3.342000e-05	1.313961e-02	-6.986760e+00
3.343000e-05	-6.866755e-02	-7.310617e+00
3.344000e-05	4.393147e-02	-7.523150e+00
3.345000e-05	-8.952487e-02	-7.868412e+00
3.346000e-05	8.006901e-02	-8.110471e+00
3.347000e-05	-4.681027e-02	-8.330573e+00
3.348000e-05	1.429248e-04	-8.606707e+00
3.349000e-05	1.889675e-02	-8.756333e+00
3.350000e-05	-6.613972e-02	-9.077942e+00
3.351000e-05	4.950156e-02	-9.289896e+00
3.352000e-05	-7.911988e-02	-9.491148e+00
3.353000e-05	5.680463e-02	-9.722071e+00
3.354000e-05	-4.689847e-02	-9.934675e+00
3.355000e-05	2.709586e-02	-1.018683e+01
3.356000e-05	-2.955256e-02	-1.043476e+01
3.357000e-05	-1.759178e-02	-1.063781e+01
3.358000e-05	2.578626e-03	-1.079796e+01
3.359000e-05	-3.572038e-02	-1.104836e+01
3.360000e-05	1.776247e-02	-1.124734e+01
3.361000e-05	-4.062150e-02	-1.149156e+01
3.362000e-05	2.496826e-02	-1.169149e+01
3.363000e-05	-3.767026e-02	-1.185994e+01
3.364000e-05	1.029346e-02	-1.206894e+01
3.365000e-05	-3.942283e-02	-1.222541e+01
3.366000e-05	2.708926e-03	-1.241991e+01
3.367000e-05	-2.228077e-02	-1.258728e+01
3.368000e-05	-9.076783e-03	-1.275625e+01
3.369000e-05	-1.573909e-02	-1.292207e+01
3.370000e-05	-1.511310e-02	-1.305006e+01
3.371000e-05	-4.700444e-03	-1.324936e+01
3.372000e-05	-2.759708e-02	-1.338573e+01
3.373000e-05	-8.077445e-03	-1.351302e+01
3.374000e-05	-2.893842e-02	-1.362249e+01
3.375000e-05	-2.330974e-03	-1.381728e+01
3.376000e-05	-2.687005e-02	-1.397519e+01
3.377000e-05	-9.893380e-03	-1.406346e+01
3.378000e-05	-2.500710e-02	-1.421773e+01
3.379000e-05	-1.187845e-02	-1.428302e+01
3.380000e-05	-2.355256e-02	-1.439844e+01
3.381000e-05	-2.168521e-02	-1.451465e+01
3.382000e-05	-2.003656e-02	-1.461676e+01
3.383000e-05	-1.972413e-02	-1.469312e+01
3.384000e-05	-1.828069e-02	-1.475783e+01
3.385000e-05	-2.505010e-02	-1.488252e+01
3.386000e-05	-2.117121e-02	-1.495565e+01
3.387000e-05	-2.358705e-02	-1.499741e+01
3.388000e-05	-2.237654e-02	-1.507456e+01
3.389000e-05	-2.887964e-02	-1.511512e+01
3.390000e-05	-2.417241e-02	-1.518631e+01
3.391000e-05	-2.612225e-02	-1.524959e+01
3.392000e-05	-2.306260e-02	-1.528159e+01
3.393000e-05	-3.051596e-02	-1.535417e+01
3.394000e-05	-2.735494e-02	-1.537672e+01
3.395000e-05	-2.903274e-02	-1.540835e+01
3.396000e-05	-2.756395e-02	-1.543786e+01
3.397000e-05	-3.078570e-02	-1.545874e+01
3.398000e-05	-3.442000e-02	-1.547993e+01
3.399000e-05	-3.242111e-02	-1.543846e+01
3.400000e-05	-3.468613e-02	-1.542948e+01
3.401000e-05	-3.563299e-02	-1.546986e+01
3.402000e-05	-4.026344e-02	-1.542018e+01
3.403000e-05	-3.921450e-02	-1.542838e+01
3.404000e-05	-4.042690e-02	-1.539775e+01
3.405000e-05	-4.321941e-02	-1.537467e+01
3.406000e-05	-4.739612e-02	-1.533412e+01
3.407000e-05	-4.891546e-02	-1.527062e+01
3.408000e-05	-5.133698e-02	-1.526838e+01
3.409000e-05	-5.554538e-02	-1.521572e+01
3.410000e-05	-6.321431e-02	-1.511414e+01
3.411000e-05	-6.894019e-02	-1.508294e+01
3.412000e-05	-7.414373e-02	-1.501728e+01
3.413000e-05	-8.523367e-02	-1.496412e+01
3.414000e-05	-9.830350e-02	-1.485234e+01
3.415000e-05	-1.144073e-01	-1.477570e+01
3.416000e-05	-1.312052e-01	-1.468251e+01
3.417000e-05	-1.564715e-01	-1.463628e+01
3.418000e-05	-1.865091e-01	-1.452256e+01
3.419000e-05	-2.204223e-01	-1.440682e+01
3.420000e-05	-2.420978e-01	-1.433056e+01
3.421000e-05	-2.486064e-01	-1.420562e+01
3.422000e-05	-2.490287e-01	-1.407183e+01
3.423000e-05	-2.490753e-01	-1.389298e+01
3.424000e-05	-2.490752e-01	-1.376572e+01
3.425000e-05	-2.490923e-01	-1.366838e+01
3.426000e-05	-2.468948e-01	-1.347249e+01
3.427000e-05	-2.294235e-01	-1.333417e+01
3.428000e-05	-1.997264e-01	-1.319680e+01
3.429000e-05	-1.691845e-01	-1.306936e+01
3.430000e-05	-1.454097e-01	-1.293254e+01
3.431000e-05	-1.245246e-01	-1.276407e+01
3.432000e-05	-1.055393e-01	-1.256660e+01
3.433000e-05	-8.828028e-02	-1.245778e+01
3.434000e-05	-7.473488e-02	-1.224781e+01
3.435000e-05	-6.522217e-02	-1.208031e+01
3.436000e-05	-5.475257e-02	-1.188831e+01
3.437000e-05	-4.566789e-02	-1.168839e+01
3.438000e-05	-4.006971e-02	-1.149783e+01
3.439000e-05	-3.604855e-02	-1.125780e+01
3.440000e-05	-3.092271e-02	-1.101720e+01
3.441000e-05	-2.689868e-02	-1.080473e+01
3.442000e-05	-2.365500e-02	-1.064760e+01
3.443000e-05	-2.232061e-02	-1.042476e+01
3.444000e-05	-2.000302e-02	-1.021357e+01
3.445000e-05	-1.670545e-02	-9.983069e+00
3.446000e-05	-1.557282e-02	-9.793567e+00
3.447000e-05	-1.489278e-02	-9.581469e+00
3.448000e-05	-1.577035e-02	-9.319841e+00
3.449000e-05	-1.396737e-02	-9.098759e+00
3.450000e-05	-1.223579e-02	-8.857785e+00
3.451000e-05	-1.233044e-02	-8.614753e+00
3.452000e-05	-1.264217e-02	-8.391499e+00
3.453000e-05	-1.065616e-02	-8.151416e+00
3.454000e-05	-1.010850e-02	-7.899363e+00
3.455000e-05	-1.044555e-02	-7.644049e+00
3.456000e-05	-1.098157e-02	-7.359391e+00
3.457000e-05	-9.583032e-03	-7.087414e+00
3.458000e-05	-8.893628e-03	-6.864178e+00
3.459000e-05	-9.598176e-03	-6.570497e+00
3.460000e-05	-9.937769e-03	-6.348892e+00
3.461000e-05	-8.621580e-03	-6.037228e+00
3.462000e-05	-7.395605e-03	-5.810522e+00
3.463000e-05	-9.408815e-03	-5.528385e+00
3.464000e-05	-8.220986e-03	-5.232149e+00
3.465000e-05	-8.843666e-03	-4.948313e+00
3.466000e-05	-5.948274e-03	-4.619601e+00
3.467000e-05	-8.251651e-03	-4.389447e+00
3.468000e-05	-6.463752e-03	-4.137742e+00
3.469000e-05	-7.969339e-03	-3.873551e+00
3.470000e-05	-6.698229e-03	-3.568891e+00
3.471000e-05	-9.204026e-03	-3.294260e+00
3.472000e-05	-7.324085e-03	-2.999942e+00
3.473000e-05	-6.370704e-03	-2.745710e+00
3.474000e-05	-3.956329e-03	-2.382030e+00
3.475000e-05	-5.422276e-03	-2.156341e+00
3.476000e-05	-4.940251e-03	-1.873583e+00
3.477000e-05	-5.397888e-03	-1.601472e+00
3.478000e-05	-4.952533e-03	-1.253503e+00
3.479000e-05	-6.175901e-03	-9.683407e-01
3.480000e-05	-5.932340e-03	-6.836326e-01
3.481000e-05	-4.124720e-03	-3.889159e-01
3.482000e-05	-1.071921e-03	-1.252618e-01
3.483000e-05	6.691450e-03	1.500200e-01
3.484000e-05	2.229961e-03	4.527355e-01
3.485000e-05	1.163453e-03	6.848884e-01
3.486000e-05	6.987825e-04	9.370778e-01
3.487000e-05	1.480509e-03	1.243736e+00
3.488000e-05	1.291899e-03	1.510521e+00
3.489000e-05	2.686526e-03	1.823134e+00
3.490000e-05	1.747479e-02	2.002739e+00
3.491000e-05	5.932460e-02	2.376970e+00
3.492000e-05	3.698816e-02	2.648887e+00
3.493000e-05	-6.495814e-02	2.984079e+00
3.494000e-05	-3.798789e-02	3.265339e+00
3.495000e-05	-1.638565e-02	3.529548e+00
3.496000e-05	1.632382e-03	3.801077e+00
3.497000e-05	-5.408271e-02	3.991153e+00
3.498000e-05	1.519677e-02	4.175707e+00
3.499000e-05	7.926985e-02	4.529041e+00
3.500000e-05	-4.166141e-02	4.752704e+00
3.501000e-05	1.027048e-01	5.097441e+00
3.502000e-05	-7.716206e-02	5.384157e+00
3.503000e-05	-8.180346e-03	5.636833e+00
3.504000e-05	4.225476e-02	5.950570e+00
3.505000e-05	-2.700240e-02	6.184675e+00
3.506000e-05	3.276356e-02	6.447238e+00
3.507000e-05	-4.499218e-02	6.751573e+00
3.508000e-05	6.399500e-02	7.023629e+00
3.509000e-05	6.890885e-03	7.240610e+00
3.510000e-05	-2.720981e-02	7.543071e+00
3.511000e-05	-1.381774e-02	7.816462e+00
3.512000e-05	1.339259e-02	8.089490e+00
3.513000e-05	5.358912e-02	8.320094e+00
3.514000e-05	-3.280949e-02	8.541048e+00
3.515000e-05	-5.154445e-04	8.784307e+00
3.516000e-05	2.211410e-02	8.996307e+00
3.517000e-05	7.256761e-03	9.217336e+00
3.518000e-05	5.958927e-03	9.437489e+00
3.519000e-05	-2.248090e-02	9.712070e+00
3.520000e-05	2.984518e-02	9.912672e+00
3.521000e-05	1.720046e-02	1.010265e+01
3.522000e-05	1.381039e-02	1.037773e+01
3.523000e-05	-1.820006e-02	1.057565e+01
3.524000e-05	5.284879e-03	1.077628e+01
3.525000e-05	2.559201e-02	1.097581e+01
3.526000e-05	1.123981e-03	1.116543e+01
3.527000e-05	7.766976e-04	1.139836e+01
3.528000e-05	3.413926e-03	1.163636e+01
3.529000e-05	2.976491e-02	1.180881e+01
3.530000e-05	7.911939e-03	1.199846e+01
3.531000e-05	-8.357402e-04	1.219623e+01
3.532000e-05	-6.606582e-04	1.232568e+01
3.533000e-05	2.006237e-02	1.253310e+01
3.534000e-05	1.556334e-02	1.268102e+01
3.535000e-05	1.247412e-03	1.288207e+01
3.536000e-05	8.409442e-03	1.297588e+01
3.537000e-05	1.978622e-02	1.316675e+01
3.538000e-05	1.926123e-02	1.329214e+01
3.539000e-05	1.190363e-03	1.344997e+01
3.540000e-05	5.580087e-03	1.361838e+01
3.541000e-05	1.479941e-02	1.371327e+01
3.542000e-05	1.896536e-02	1.385001e+01
3.543000e-05	8.289095e-03	1.398045e+01
3.544000e-05	8.237629e-03	1.415377e+01
3.545000e-05	2.170264e-02	1.427344e+01
3.546000e-05	2.149194e-02	1.433730e+01
3.547000e-05	1.022406e-02	1.448094e+01
3.548000e-05	8.511924e-03	1.456778e+01
3.549000e-05	1.748247e-02	1.466051e+01
3.550000e-05	2.240254e-02	1.471465e+01
3.551000e-05	1.322671e-02	1.480841e+01
3.552000e-05	1.289224e-02	1.489254e+01
3.553000e-05	2.011135e-02	1.494620e+01
3.554000e-05	2.589886e-02	1.503883e+01
3.555000e-05	1.794504e-02	1.506309e+01
3.556000e-05	1.280730e-02	1.513577e+01
3.557000e-05	2.054988e-02	1.520880e+01
3.558000e-05	2.456782e-02	1.520088e+01
3.559000e-05	2.288528e-02	1.527201e+01
3.560000e-05	1.557452e-02	1.529459e+01
3.561000e-05	2.383629e-02	1.535664e+01
3.562000e-05	2.769957e-02	1.534720e+01
3.563000e-05	2.844321e-02	1.531565e+01
3.564000e-05	1.970088e-02	1.536662e+01
3.565000e-05	2.584805e-02	1.537781e+01
3.566000e-05	3.274503e-02	1.534723e+01
3.567000e-05	3.070283e-02	1.536620e+01
3.568000e-05	2.716944e-02	1.537662e+01
3.569000e-05	3.117951e-02	1.531662e+01
3.570000e-05	4.181359e-02	1.532502e+01
3.571000e-05	4.070283e-02	1.524251e+01
3.572000e-05	3.727152e-02	1.520996e+01
3.573000e-05	3.984483e-02	1.517888e+01
3.574000e-05	5.072464e-02	1.512725e+01
3.575000e-05	5.254868e-02	1.505196e+01
3.576000e-05	5.333919e-02	1.504081e+01
3.577000e-05	6.094825e-02	1.495730e+01
3.578000e-05	7.580382e-02	1.491419e+01
3.579000e-05	8.646399e-02	1.485099e+01
3.580000e-05	9.307015e-02	1.475570e+01
3.581000e-05	1.101152e-01	1.470101e+01
3.582000e-05	1.355090e-01	1.458683e+01
3.583000e-05	1.646120e-01	1.447302e+01
3.584000e-05	1.893840e-01	1.439885e+01
3.585000e-05	2.217574e-01	1.430194e+01
3.586000e-05	2.435543e-01	1.417735e+01
3.587000e-05	2.489407e-01	1.408980e+01
3.588000e-05	2.490087e-01	1.389514e+01
3.589000e-05	2.490203e-01	1.377778e+01
3.590000e-05	2.490578e-01	1.365048e+01
3.591000e-05	2.487667e-01	1.353096e+01
3.592000e-05	2.386511e-01	1.337562e+01
3.593000e-05	2.085005e-01	1.321831e+01
3.594000e-05	1.782515e-01	1.308989e+01
3.595000e-05	1.556380e-01	1.294307e+01
3.596000e-05	1.311027e-01	1.275510e+01
3.597000e-05	1.087693e-01	1.262720e+01
3.598000e-05	9.034495e-02	1.245936e+01
3.599000e-05	7.814590e-02	1.229201e+01
3.600000e-05	6.364793e-02	1.208194e+01
3.601000e-05	5.141277e-02	1.194155e+01
3.602000e-05	4.136903e-02	1.174107e+01
3.603000e-05	3.583433e-02	1.153255e+01
3.604000e-05	2.998211e-02	1.127351e+01
3.605000e-05	2.363597e-02	1.111989e+01
3.606000e-05	2.100105e-02	1.092042e+01
3.607000e-05	1.791327e-02	1.073349e+01
3.608000e-05	1.729632e-02	1.050144e+01
3.609000e-05	1.142930e-02	1.029973e+01
3.610000e-05	9.867346e-03	1.008941e+01
3.611000e-05	8.084726e-03	9.836864e+00
3.612000e-05	8.084323e-03	9.584725e+00
3.613000e-05	5.383410e-03	9.423673e+00
3.614000e-05	4.342030e-03	9.183576e+00
3.615000e-05	4.563614e-03	8.971968e+00
3.616000e-05	5.136972e-03	8.728912e+00
3.617000e-05	3.862332e-03	8.466835e+00
3.618000e-05	1.358479e-03	8.296209e+00
3.619000e-05	2.643162e-03	7.973100e+00
3.620000e-05	2.936122e-03	7.710444e+00
3.621000e-05	3.066803e-03	7.456361e+00
3.622000e-05	2.162130e-04	7.212521e+00
3.623000e-05	1.724522e-04	6.981395e+00
3.624000e-05	1.182875e-03	6.708287e+00
3.625000e-05	-2.575456e-04	6.384103e+00
3.626000e-05	-1.446659e-03	6.201971e+00
3.627000e-05	-5.761566e-04	5.981018e+00
3.628000e-05	9.112901e-04	5.676155e+00
3.629000e-05	2.075651e-04	5.381500e+00
3.630000e-05	-1.452468e-03	5.084655e+00
3.631000e-05	-1.942981e-03	4.748866e+00
3.632000e-05	-2.429754e-03	4.485734e+00
3.633000e-05	-1.577377e-03	4.223096e+00
3.634000e-05	-2.926434e-03	3.927742e+00
3.635000e-05	-3.775475e-03	3.635132e+00
3.636000e-05	-2.020789e-03	3.380917e+00
3.637000e-05	-1.023372e-03	3.116707e+00
3.638000e-05	-3.205786e-03	2.813601e+00
3.639000e-05	-3.261361e-03	2.556818e+00
3.640000e-05	-3.282876e-03	2.262678e+00
3.641000e-05	-3.452886e-03	1.980422e+00
3.642000e-05	-4.932458e-03	1.725684e+00
3.643000e-05	-5.539624e-03	1.430425e+00
3.644000e-05	-4.725127e-03	1.116635e+00
3.645000e-05	-3.672033e-03	8.184134e-01
3.646000e-05	-5.107486e-03	4.847356e-01
3.647000e-05	-4.033118e-03	2.519949e-01
3.648000e-05	-5.639058e-04	-7.418692e-02
3.649000e-05	6.712765e-03	-2.883697e-01
3.650000e-05	-2.203052e-03	-5.900538e-01
3.651000e-05	-2.938932e-03	-8.757621e-01
3.652000e-05	-5.659291e-03	-1.138420e+00
3.653000e-05	-1.712995e-03	-1.452610e+00
3.654000e-05	-5.311715e-03	-1.666813e+00
3.655000e-05	7.756321e-03	-1.937917e+00
3.656000e-05	4.929854e-02	-2.127502e+00
3.657000e-05	6.861076e-02	-2.476390e+00
3.658000e-05	-7.910157e-02	-2.823815e+00
3.659000e-05	-3.215727e-02	-3.193659e+00
3.660000e-05	-4.254780e-02	-3.504285e+00
3.661000e-05	-1.628279e-02	-3.699921e+00
3.662000e-05	-6.518276e-02	-4.001071e+00
3.663000e-05	1.101715e-01	-4.129419e+00
3.664000e-05	-5.278367e-02	-4.380601e+00
3.665000e-05	1.183641e-02	-4.695863e+00
3.666000e-05	1.079184e-01	-4.898469e+00
3.667000e-05	-1.580922e-01	-5.238942e+00
3.668000e-05	9.122976e-02	-5.570146e+00
3.669000e-05	-1.046419e-01	-5.814307e+00
3.670000e-05	4.088763e-02	-6.099540e+00
3.671000e-05	2.777098e-02	-6.350570e+00
3.672000e-05	-7.352499e-02	-6.615832e+00
3.673000e-05	1.014109e-01	-6.868966e+00
3.674000e-05	-8.918075e-02	-7.174231e+00
3.675000e-05	2.584290e-02	-7.455813e+00
3.676000e-05	-3.894930e-02	-7.679471e+00
3.677000e-05	-1.394004e-02	-8.012260e+00
3.678000e-05	5.695908e-02	-8.205304e+00
3.679000e-05	-8.238401e-02	-8.428516e+00
3.680000e-05	7.007089e-02	-8.691042e+00
3.681000e-05	-7.085538e-02	-8.943649e+00
3.682000e-05	2.443528e-02	-9.135226e+00
3.683000e-05	-2.947870e-02	-9.377758e+00
3.684000e-05	-1.862033e-02	-9.647965e+00
3.685000e-05	2.500320e-02	-9.818390e+00
3.686000e-05	-4.127073e-02	-1.011199e+01
3.687000e-05	3.717095e-02	-1.027254e+01
3.688000e-05	-6.330817e-02	-1.053262e+01
3.689000e-05	3.187915e-02	-1.070312e+01
3.690000e-05	-4.705264e-02	-1.092360e+01
3.691000e-05	1.416909e-02	-1.116472e+01
3.692000e-05	-2.958144e-02	-1.132367e+01
3.693000e-05	-3.109108e-04	-1.154628e+01
3.694000e-05	-8.244240e-03	-1.178673e+01
3.695000e-05	-1.796460e-02	-1.197538e+01
3.696000e-05	-8.412633e-03	-1.215418e+01
3.697000e-05	-2.917998e-02	-1.233370e+01
3.698000e-05	7.002735e-03	-1.249252e+01
3.699000e-05	-3.057998e-02	-1.267057e+01
3.700000e-05	1.706417e-03	-1.286846e+01
3.701000e-05	-3.031964e-02	-1.299531e+01
3.702000e-05	4.673039e-03	-1.315427e+01
3.703000e-05	-2.914317e-02	-1.330257e+01
3.704000e-05	-1.008008e-02	-1.344994e+01
3.705000e-05	-2.562427e-02	-1.358676e+01
3.706000e-05	-1.125607e-02	-1.374517e+01
3.707000e-05	-1.682742e-02	-1.389109e+01
3.708000e-05	-2.053499e-02	-1.399931e+01
3.709000e-05	-1.325065e-02	-1.411410e+01
3.710000e-05	-2.074642e-02	-1.424144e+01
3.711000e-05	-1.402487e-02	-1.433325e+01
3.712000e-05	-2.833862e-02	-1.447256e+01
3.713000e-05	-1.615141e-02	-1.459575e+01
3.714000e-05	-2.369054e-02	-1.464944e+01
3.715000e-05	-1.550675e-02	-1.476525e+01
3.716000e-05	-2.645678e-02	-1.482196e+01
3.717000e-05	-1.994527e-02	-1.491565e+01
3.718000e-05	-2.484784e-02	-1.500918e+01
3.719000e-05	-2.099205e-02	-1.505991e+01
3.720000e-05	-2.778020e-02	-1.513510e+01
3.721000e-05	-2.422664e-02	-1.517718e+01
3.722000e-05	-2.590066e-02	-1.522695e+01
3.723000e-05	-2.331790e-02	-1.526154e+01
3.724000e-05	-2.745483e-02	-1.536312e+01
3.725000e-05	-3.012878e-02	-1.535622e+01
3.726000e-05	-2.823358e-02	-1.538775e+01
3.727000e-05	-2.940322e-02	-1.541933e+01
3.728000e-05	-2.800989e-02	-1.545783e+01
3.729000e-05	-3.416958e-02	-1.543828e+01
3.730000e-05	-3.120192e-02	-1.545836e+01
3.731000e-05	-3.369100e-02	-1.547251e+01
3.732000e-05	-3.512749e-02	-1.549943e+01
3.733000e-05	-3.796454e-02	-1.542838e+01
3.734000e-05	-4.006111e-02	-1.542028e+01
3.735000e-05	-3.880521e-02	-1.541820e+01
3.736000e-05	-4.251770e-02	-1.535770e+01
3.737000e-05	-4.518249e-02	-1.533462e+01
3.738000e-05	-4.855422e-02	-1.533104e+01
3.739000e-05	-4.907252e-02	-1.527901e+01
3.740000e-05	-5.425861e-02	-1.521791e+01
3.741000e-05	-5.884452e-02	-1.517472e+01
3.742000e-05	-6.506481e-02	-1.508351e+01
3.743000e-05	-7.061427e-02	-1.506985e+01
3.744000e-05	-7.953893e-02	-1.497720e+01
3.745000e-05	-9.252442e-02	-1.494557e+01
3.746000e-05	-1.051236e-01	-1.480885e+01
3.747000e-05	-1.213460e-01	-1.474310e+01
3.748000e-05	-1.426890e-01	-1.469091e+01
3.749000e-05	-1.709902e-01	-1.458617e+01
3.750000e-05	-2.035347e-01	-1.446888e+01
3.751000e-05	-2.329575e-01	-1.436515e+01
3.752000e-05	-2.464282e-01	-1.421826e+01
3.753000e-05	-2.489458e-01	-1.413252e+01
3.754000e-05	-2.491080e-01	-1.395872e+01
3.755000e-05	-2.491541e-01	-1.382888e+01
3.756000e-05	-2.492086e-01	-1.372502e+01
3.757000e-05	-2.489491e-01	-1.360410e+01
3.758000e-05	-2.404863e-01	-1.343871e+01
3.759000e-05	-2.139197e-01	-1.324194e+01
3.760000e-05	-1.835919e-01	-1.315352e+01
3.761000e-05	-1.576645e-01	-1.301620e+01
3.762000e-05	-1.355909e-01	-1.286823e+01
3.763000e-05	-1.138618e-01	-1.269938e+01
3.764000e-05	-9.623893e-02	-1.249102e+01
3.765000e-05	-8.157064e-02	-1.236296e+01
3.766000e-05	-7.036643e-02	-1.215354e+01
3.767000e-05	-5.909538e-02	-1.198405e+01
3.768000e-05	-4.917403e-02	-1.178507e+01
3.769000e-05	-4.242545e-02	-1.155304e+01
3.770000e-05	-3.809526e-02	-1.137151e+01
3.771000e-05	-3.336683e-02	-1.114141e+01
3.772000e-05	-2.800428e-02	-1.092104e+01
3.773000e-05	-2.564567e-02	-1.074291e+01
3.774000e-05	-2.325723e-02	-1.054157e+01
3.775000e-05	-2.020276e-02	-1.032096e+01
3.776000e-05	-1.779587e-02	-1.011988e+01
3.777000e-05	-1.658322e-02	-9.897182e+00
3.778000e-05	-1.571488e-02	-9.658185e+00
3.779000e-05	-1.546701e-02	-9.435703e+00
3.780000e-05	-1.457906e-02	-9.233645e+00
3.781000e-05	-1.401037e-02	-8.981975e+00
3.782000e-05	-1.282688e-02	-8.790995e+00
3.783000e-05	-1.236761e-02	-8.508810e+00
3.784000e-05	-1.039337e-02	-8.265684e+00
3.785000e-05	-1.027469e-02	-8.075624e+00
3.786000e-05	-1.059535e-02	-7.750939e+00
3.787000e-05	-1.142965e-02	-7.497257e+00
3.788000e-05	-1.096630e-02	-7.264500e+00
3.789000e-05	-1.100396e-02	-6.940887e+00
3.790000e-05	-1.009534e-02	-6.716784e+00
3.791000e-05	-8.868223e-03	-6.466705e+00
3.792000e-05	-8.015523e-03	-6.223023e+00
3.793000e-05	-7.235663e-03	-5.928263e+00
3.794000e-05	-8.803754e-03	-5.675704e+00
3.795000e-05	-7.571306e-03	-5.378914e+00
3.796000e-05	-9.601895e-03	-5.066604e+00
3.797000e-05	-7.673936e-03	-4.768916e+00
3.798000e-05	-8.840278e-03	-4.496181e+00
3.799000e-05	-5.999777e-03	-4.264128e+00
3.800000e-05	-5.668193e-03	-3.970895e+00
3.801000e-05	-5.697452e-03	-3.724631e+00
3.802000e-05	-7.083692e-03	-3.431604e+00
3.803000e-05	-7.372124e-03	-3.166367e+00
3.804000e-05	-7.851026e-03	-2.832050e+00
3.805000e-05	-6.237331e-03	-2.589869e+00
3.806000e-05	-6.064263e-03	-2.306133e+00
3.807000e-05	-4.986874e-03	-2.009919e+00
3.808000e-05	-5.186879e-03	-1.776811e+00
3.809000e-05	-4.628949e-03	-1.453575e+00
3.810000e-05	-4.166998e-03	-1.125209e+00
3.811000e-05	-4.549649e-03	-8.904275e-01
3.812000e-05	-3.301047e-03	-5.356591e-01
3.813000e-05	-3.537560e-03	-2.530776e-01
3.814000e-05	1.217847e-03	2.840786e-04
3.815000e-05	6.826464e-03	2.879423e-01
3.816000e-05	-1.781804e-03	5.494988e-01
3.817000e-05	3.501968e-03	8.022342e-01
3.818000e-05	-7.210432e-04	1.078491e+00
3.819000e-05	3.721614e-03	1.360707e+00
3.820000e-05	8.672056e-04	1.686423e+00
3.821000e-05	1.132197e-02	1.959395e+00
3.822000e-05	3.134383e-02	2.162049e+00
3.823000e-05	7.455150e-02	2.477474e+00
3.824000e-05	-3.385152e-02	2.817311e+00
3.825000e-05	-4.959460e-02	3.118470e+00
3.826000e-05	-3.408477e-02	3.382606e+00
3.827000e-05	4.720744e-03	3.676788e+00
3.828000e-05	-3.063193e-02	3.846392e+00
3.829000e-05	-3.694602e-02	4.047940e+00
3.830000e-05	7.642479e-02	4.380152e+00
3.831000e-05	3.005511e-03	4.608340e+00
3.832000e-05	3.013102e-02	4.899548e+00
3.833000e-05	4.083820e-02	5.256392e+00
3.834000e-05	-9.110648e-02	5.550000e+00
3.835000e-05	5.579454e-02	5.754732e+00
3.836000e-05	-1.007877e-02	6.076869e+00
3.837000e-05	7.716567e-03	6.310049e+00
3.838000e-05	-4.902344e-03	6.624760e+00
3.839000e-05	-9.405892e-03	6.837992e+00
3.840000e-05	7.210632e-02	7.100972e+00
3.841000e-05	-3.925434e-02	7.406382e+00
3.842000e-05	-5.702879e-03	7.679944e+00
3.843000e-05	-2.006537e-02	7.942754e+00
3.844000e-05	5.436680e-02	8.185332e+00
3.845000e-05	1.146957e-02	8.436357e+00
3.846000e-05	-3.736085e-02	8.676494e+00
3.847000e-05	2.927511e-02	8.881545e+00
3.848000e-05	-1.824016e-04	9.141022e+00
3.849000e-05	2.520137e-02	9.374175e+00
3.850000e-05	-2.592321e-02	9.585703e+00
3.851000e-05	1.252717e-02	9.826886e+00
3.852000e-05	2.049250e-02	1.004894e+01
3.853000e-05	1.942061e-02	1.026699e+01
3.854000e-05	-1.741492e-03	1.047051e+01
3.855000e-05	-1.878222e-02	1.071114e+01
3.856000e-05	2.698125e-02	1.089992e+01
3.857000e-05	6.735692e-03	1.107199e+01
3.858000e-05	9.873690e-03	1.126464e+01
3.859000e-05	-9.191637e-03	1.148460e+01
3.860000e-05	2.737505e-02	1.172054e+01
3.861000e-05	1.526113e-02	1.192209e+01
3.862000e-05	7.365565e-03	1.206309e+01
3.863000e-05	-6.290371e-03	1.227156e+01
3.864000e-05	1.030020e-02	1.245904e+01
3.865000e-05	2.193533e-02	1.260788e+01
3.866000e-05	5.586930e-03	1.275578e+01
3.867000e-05	6.031894e-03	1.289412e+01
3.868000e-05	1.020863e-02	1.312506e+01
3.869000e-05	2.820082e-02	1.321896e+01
3.870000e-05	6.617852e-03	1.337678e+01
3.871000e-05	4.788606e-03	1.351619e+01
3.872000e-05	7.036136e-03	1.361305e+01
3.873000e-05	2.276424e-02	1.377779e+01
3.874000e-05	1.233922e-02	1.391622e+01
3.875000e-05	6.444998e-03	1.410159e+01
3.876000e-05	1.404035e-02	1.418835e+01
3.877000e-05	2.101717e-02	1.434368e+01
3.878000e-05	1.805209e-02	1.444046e+01
3.879000e-05	6.016268e-03	1.452412e+01
3.880000e-05	1.488553e-02	1.460748e+01
3.881000e-05	2.076384e-02	1.471102e+01
3.882000e-05	2.190804e-02	1.478623e+01
3.883000e-05	1.225899e-02	1.486046e+01
3.884000e-05	1.339509e-02	1.494367e+01
3.885000e-05	2.169030e-02	1.497833e+01
3.886000e-05	2.034725e-02	1.505193e+01
3.887000e-05	1.623237e-02	1.513367e+01
3.888000e-05	1.605808e-02	1.509724e+01
3.889000e-05	2.517722e-02	1.518043e+01
3.890000e-05	2.451739e-02	1.521198e+01
3.891000e-05	1.979010e-02	1.527262e+01
3.892000e-05	1.791790e-02	1.531559e+01
3.893000e-05	2.618365e-02	1.531825e+01
3.894000e-05	2.842376e-02	1.537577e+01
3.895000e-05	2.236123e-02	1.533617e+01
3.896000e-05	2.243413e-02	1.537670e+01
3.897000e-05	2.870282e-02	1.536678e+01
3.898000e-05	3.400471e-02	1.537715e+01
3.899000e-05	2.793529e-02	1.535625e+01
3.900000e-05	2.877417e-02	1.533515e+01
3.901000e-05	3.568439e-02	1.533520e+01
3.902000e-05	4.343797e-02	1.527456e+01
3.903000e-05	3.854055e-02	1.527199e+01
3.904000e-05	3.692373e-02	1.523141e+01
3.905000e-05	4.487860e-02	1.513788e+01
3.906000e-05	5.161863e-02	1.513562e+01
3.907000e-05	5.370233e-02	1.507291e+01
3.908000e-05	5.525668e-02	1.504933e+01
3.909000e-05	6.773760e-02	1.496770e+01
3.910000e-05	8.007692e-02	1.490044e+01
3.911000e-05	9.058491e-02	1.484727e+01
3.912000e-05	9.933544e-02	1.472407e+01
3.913000e-05	1.210960e-01	1.464743e+01
3.914000e-05	1.501579e-01	1.452415e+01
3.915000e-05	1.763432e-01	1.441046e+01
3.916000e-05	2.071868e-01	1.434607e+01
3.917000e-05	2.353015e-01	1.425986e+01
3.918000e-05	2.482103e-01	1.408462e+01
3.919000e-05	2.489711e-01	1.399675e+01
3.920000e-05	2.490216e-01	1.388038e+01
3.921000e-05	2.490285e-01	1.372404e+01
3.922000e-05	2.490608e-01	1.356668e+01
3.923000e-05	2.466972e-01	1.343938e+01
3.924000e-05	2.251565e-01	1.330196e+01
3.925000e-05	1.933798e-01	1.314512e+01
3.926000e-05	1.678164e-01	1.301625e+01
3.927000e-05	1.421958e-01	1.284038e+01
3.928000e-05	1.182199e-01	1.267101e+01
3.929000e-05	9.873071e-02	1.253455e+01
3.930000e-05	8.455261e-02	1.237460e+01
3.931000e-05	7.097472e-02	1.217555e+01
3.932000e-05	5.647462e-02	1.202820e+01
3.933000e-05	4.515401e-02	1.184773e+01
3.934000e-05	3.910035e-02	1.161783e+01
3.935000e-05	3.389047e-02	1.141968e+01
3.936000e-05	2.694714e-02	1.119673e+01
3.937000e-05	2.098714e-02	1.104658e+01
3.938000e-05	1.879744e-02	1.083722e+01
3.939000e-05	1.775479e-02	1.061725e+01
3.940000e-05	1.365775e-02	1.038414e+01
3.941000e-05	9.897985e-03	1.018514e+01
3.942000e-05	9.860316e-03	9.965096e+00
3.943000e-05	1.011779e-02	9.730916e+00
3.944000e-05	6.123113e-03	9.518788e+00
3.945000e-05	3.914784e-03	9.298310e+00
3.946000e-05	3.208638e-03	9.046300e+00
3.947000e-05	4.838787e-03	8.834724e+00
3.948000e-05	3.691940e-03	8.564072e+00
3.949000e-05	3.082005e-03	8.361544e+00
3.950000e-05	2.909642e-03	8.128962e+00
3.951000e-05	3.411198e-03	7.868734e+00
3.952000e-05	1.741427e-03	7.644097e+00
3.953000e-05	-4.135423e-04	7.310866e+00
3.954000e-05	-4.984889e-04	7.078784e+00
3.955000e-05	1.585770e-04	6.834601e+00
3.956000e-05	3.673675e-04	6.582418e+00
3.957000e-05	-2.438442e-04	6.338260e+00
3.958000e-05	7.399935e-04	6.076678e+00
3.959000e-05	9.923792e-04	5.822998e+00
3.960000e-05	-7.811234e-04	5.549338e+00
3.961000e-05	-2.064836e-03	5.254605e+00
3.962000e-05	-2.332771e-03	4.906804e+00
3.963000e-05	-9.554310e-04	4.612020e+00
3.964000e-05	-2.276975e-03	4.359872e+00
3.965000e-05	-2.617263e-03	4.083177e+00
3.966000e-05	-3.554846e-03	3.811946e+00
3.967000e-05	-1.952889e-03	3.539866e+00
3.968000e-05	-2.817238e-03	3.232498e+00
3.969000e-05	-3.780843e-03	2.968868e+00
3.970000e-05	-3.425221e-03	2.718684e+00
3.971000e-05	-2.536226e-03	2.390917e+00
3.972000e-05	-3.038536e-03	2.105736e+00
3.973000e-05	-4.803591e-03	1.875201e+00
3.974000e-05	-4.367908e-03	1.588363e+00
3.975000e-05	-5.136267e-03	1.243105e+00
3.976000e-05	-4.011289e-03	9.556343e-01
3.977000e-05	-5.914554e-03	6.604773e-01
3.978000e-05	-5.342881e-03	3.393622e-01
3.979000e-05	-2.280356e-03	5.150024e-02
3.980000e-05	1.845585e-03	-1.696341e-01
3.981000e-05	5.350649e-03	-4.232392e-01
3.982000e-05	-6.094575e-03	-7.495460e-01
3.983000e-05	-3.825334e-04	-1.012128e+00
3.984000e-05	-5.518898e-03	-1.285815e+00
3.985000e-05	-2.972800e-03	-1.580079e+00
3.986000e-05	-3.503952e-03	-1.791680e+00
3.987000e-05	2.428266e-02	-2.012658e+00
3.988000e-05	8.110087e-02	-2.317520e+00
3.989000e-05	-1.920478e-02	-2.655786e+00
3.990000e-05	-6.040293e-02	-3.034362e+00
3.991000e-05	-3.733047e-02	-3.359523e+00
3.992000e-05	-1.877078e-02	-3.600479e+00
3.993000e-05	-4.943394e-02	-3.836361e+00
3.994000e-05	7.796262e-03	-4.025807e+00
3.995000e-05	9.031332e-02	-4.244261e+00
3.996000e-05	-1.213558e-01	-4.498500e+00
3.997000e-05	1.654483e-01	-4.822604e+00
3.998000e-05	-8.379889e-02	-5.047490e+00
3.999000e-05	-3.275349e-02	-5.455234e+00
4.000000e-05	3.337362e-02	-5.655840e+00
4.001000e-05	-1.071202e-01	-5.973151e+00
4.002000e-05	1.223531e-01	-6.204209e+00
4.003000e-05	-9.287033e-02	-6.478520e+00
4.004000e-05	5.023563e-02	-6.740049e+00
4.005000e-05	1.537821e-02	-7.015835e+00
4.006000e-05	-7.064078e-02	-7.342099e+00
4.007000e-05	4.347020e-02	-7.562152e+00
4.008000e-05	-8.969181e-02	-7.847362e+00
4.009000e-05	7.969243e-02	-8.109545e+00
4.010000e-05	-4.624765e-02	-8.330698e+00
4.011000e-05	7.481408e-04	-8.606256e+00
4.012000e-05	2.181871e-02	-8.824335e+00
4.013000e-05	-6.431764e-02	-9.048970e+00
4.014000e-05	4.932633e-02	-9.309543e+00
4.015000e-05	-7.993284e-02	-9.502653e+00
4.016000e-05	5.459646e-02	-9.783673e+00
4.017000e-05	-4.635442e-02	-9.964776e+00
4.018000e-05	2.476462e-02	-1.019631e+01
4.019000e-05	-2.881825e-02	-1.041739e+01
4.020000e-05	-1.779282e-02	-1.064689e+01
4.021000e-05	4.176947e-03	-1.079789e+01
4.022000e-05	-3.673509e-02	-1.106796e+01
4.023000e-05	1.712244e-02	-1.125889e+01
4.024000e-05	-4.078419e-02	-1.146012e+01
4.025000e-05	2.508229e-02	-1.165906e+01
4.026000e-05	-3.773109e-02	-1.186057e+01
4.027000e-05	7.978687e-03	-1.207000e+01
4.028000e-05	-3.909961e-02	-1.221946e+01
4.029000e-05	2.512077e-03	-1.241836e+01
4.030000e-05	-2.059066e-02	-1.259581e+01
4.031000e-05	-1.101364e-02	-1.276523e+01
4.032000e-05	-1.601139e-02	-1.293212e+01
4.033000e-05	-1.444291e-02	-1.309057e+01
4.034000e-05	-4.465431e-03	-1.318991e+01
4.035000e-05	-2.853433e-02	-1.336725e+01
4.036000e-05	-9.369484e-03	-1.350364e+01
4.037000e-05	-2.965901e-02	-1.367901e+01
4.038000e-05	-2.538980e-03	-1.383738e+01
4.039000e-05	-2.867106e-02	-1.394525e+01
4.040000e-05	-9.792054e-03	-1.408402e+01
4.041000e-05	-2.432271e-02	-1.418730e+01
4.042000e-05	-1.142496e-02	-1.430462e+01
4.043000e-05	-2.386555e-02	-1.441743e+01
4.044000e-05	-2.180880e-02	-1.454412e+01
4.045000e-05	-2.144446e-02	-1.461888e+01
4.046000e-05	-1.928466e-02	-1.471455e+01
4.047000e-05	-1.993577e-02	-1.479743e+01
4.048000e-05	-2.560635e-02	-1.490207e+01
4.049000e-05	-2.190721e-02	-1.496620e+01
4.050000e-05	-2.343603e-02	-1.505136e+01
4.051000e-05	-2.295972e-02	-1.506362e+01
4.052000e-05	-2.780398e-02	-1.512615e+01
4.053000e-05	-2.382762e-02	-1.517688e+01
4.054000e-05	-2.590123e-02	-1.524901e+01
4.055000e-05	-2.356265e-02	-1.534207e+01
4.056000e-05	-3.139546e-02	-1.535517e+01
4.057000e-05	-2.850342e-02	-1.538568e+01
4.058000e-05	-2.997846e-02	-1.540778e+01
4.059000e-05	-2.742332e-02	-1.540841e+01
4.060000e-05	-3.069048e-02	-1.542991e+01
4.061000e-05	-3.197098e-02	-1.546991e+01
4.062000e-05	-3.142105e-02	-1.547196e+01
4.063000e-05	-3.436264e-02	-1.544938e+01
4.064000e-05	-3.631376e-02	-1.546033e+01
4.065000e-05	-4.045324e-02	-1.545843e+01
4.066000e-05	-3.976082e-02	-1.542728e+01
4.067000e-05	-4.099263e-02	-1.539878e+01
4.068000e-05	-4.418569e-02	-1.540620e+01
4.069000e-05	-4.744179e-02	-1.533415e+01
4.070000e-05	-4.909567e-02	-1.529009e+01
4.071000e-05	-4.981454e-02	-1.524883e+01
4.072000e-05	-5.557372e-02	-1.516678e+01
4.073000e-05	-6.162014e-02	-1.510417e+01
4.074000e-05	-6.744470e-02	-1.508144e+01
4.075000e-05	-7.432023e-02	-1.498783e+01
4.076000e-05	-8.555053e-02	-1.497562e+01
4.077000e-05	-9.969123e-02	-1.489038e+01
4.078000e-05	-1.137354e-01	-1.479873e+01
4.079000e-05	-1.318432e-01	-1.469146e+01
4.080000e-05	-1.554899e-01	-1.464825e+01
4.081000e-05	-1.865418e-01	-1.452249e+01
4.082000e-05	-2.189215e-01	-1.441723e+01
4.083000e-05	-2.412045e-01	-1.433149e+01
4.084000e-05	-2.487127e-01	-1.418662e+01
4.085000e-05	-2.490211e-01	-1.406086e+01
4.086000e-05	-2.490675e-01	-1.390194e+01
4.087000e-05	-2.490834e-01	-1.379763e+01
4.088000e-05	-2.490877e-01	-1.364783e+01
4.089000e-05	-2.472442e-01	-1.350194e+01
4.090000e-05	-2.294339e-01	-1.335660e+01
4.091000e-05	-1.989987e-01	-1.319678e+01
4.092000e-05	-1.698377e-01	-1.308938e+01
4.093000e-05	-1.453774e-01	-1.292099e+01
4.094000e-05	-1.227679e-01	-1.278357e+01
4.095000e-05	-1.053397e-01	-1.261610e+01
4.096000e-05	-8.913384e-02	-1.242726e+01
4.097000e-05	-7.621865e-02	-1.226935e+01
4.098000e-05	-6.498054e-02	-1.210881e+01
4.099000e-05	-5.603446e-02	-1.191040e+01
4.100000e-05	-4.618766e-02	-1.170085e+01
4.101000e-05	-3.939430e-02	-1.146671e+01
4.102000e-05	-3.322836e-02	-1.123868e+01
4.103000e-05	-3.053058e-02	-1.101563e+01
4.104000e-05	-2.617866e-02	-1.085720e+01
4.105000e-05	-2.422535e-02	-1.064670e+01
4.106000e-05	-2.210434e-02	-1.042518e+01
4.107000e-05	-2.078612e-02	-1.021505e+01
4.108000e-05	-1.800705e-02	-9.973465e+00
4.109000e-05	-1.620006e-02	-9.781496e+00
4.110000e-05	-1.549619e-02	-9.581896e+00
4.111000e-05	-1.542361e-02	-9.328883e+00
4.112000e-05	-1.354053e-02	-9.108209e+00
4.113000e-05	-1.255982e-02	-8.887706e+00
4.114000e-05	-1.187515e-02	-8.675125e+00
4.115000e-05	-1.318766e-02	-8.389896e+00
4.116000e-05	-1.146094e-02	-8.162417e+00
4.117000e-05	-1.095803e-02	-7.939232e+00
4.118000e-05	-1.076297e-02	-7.586022e+00
4.119000e-05	-1.191191e-02	-7.330417e+00
4.120000e-05	-1.059012e-02	-7.126733e+00
4.121000e-05	-8.911061e-03	-6.834626e+00
4.122000e-05	-8.497254e-03	-6.581494e+00
4.123000e-05	-9.866509e-03	-6.356840e+00
4.124000e-05	-8.216076e-03	-6.087674e+00
4.125000e-05	-8.755361e-03	-5.802970e+00
4.126000e-05	-8.440454e-03	-5.556809e+00
4.127000e-05	-9.499466e-03	-5.253522e+00
4.128000e-05	-9.572357e-03	-4.948259e+00
4.129000e-05	-7.689952e-03	-4.611072e+00
4.130000e-05	-5.618844e-03	-4.408920e+00
4.131000e-05	-7.007504e-03	-4.137861e+00
4.132000e-05	-8.171117e-03	-3.843055e+00
4.133000e-05	-7.558817e-03	-3.557337e+00
4.134000e-05	-7.109197e-03	-3.317261e+00
4.135000e-05	-6.593187e-03	-3.040420e+00
4.136000e-05	-7.279827e-03	-2.715633e+00
4.137000e-05	-5.470610e-03	-2.433081e+00
4.138000e-05	-3.657850e-03	-2.145813e+00
4.139000e-05	-4.013727e-03	-1.915055e+00
4.140000e-05	-5.132584e-03	-1.599393e+00
4.141000e-05	-6.123184e-03	-1.283051e+00
4.142000e-05	-4.477847e-03	-9.868383e-01
4.143000e-05	-3.491801e-03	-7.245324e-01
4.144000e-05	-3.888523e-03	-4.198669e-01
4.145000e-05	-1.942155e-03	-1.252328e-01
4.146000e-05	6.626621e-03	8.960160e-02
4.147000e-05	3.434667e-03	4.412081e-01
4.148000e-05	-9.450425e-05	6.853646e-01
4.149000e-05	-9.818056e-04	9.474252e-01
4.150000e-05	1.330327e-03	1.254186e+00
4.151000e-05	2.526373e-03	1.517575e+00
4.152000e-05	3.760817e-03	1.793185e+00
4.153000e-05	1.742730e-02	2.003237e+00
4.154000e-05	5.961218e-02	2.317971e+00
4.155000e-05	3.825908e-02	2.666340e+00
4.156000e-05	-6.588709e-02	2.943631e+00
4.157000e-05	-3.963967e-02	3.195840e+00
4.158000e-05	-1.770960e-02	3.539576e+00
4.159000e-05	1.964852e-03	3.762202e+00
4.160000e-05	-5.405836e-02	3.972580e+00
4.161000e-05	1.345661e-02	4.216308e+00
4.162000e-05	8.011055e-02	4.520520e+00
4.163000e-05	-4.013125e-02	4.803653e+00
4.164000e-05	1.037853e-01	5.068948e+00
4.165000e-05	-7.738323e-02	5.383781e+00
4.166000e-05	-9.544163e-03	5.657390e+00
4.167000e-05	4.199707e-02	5.959648e+00
4.168000e-05	-2.846750e-02	6.194733e+00
4.169000e-05	3.050305e-02	6.458042e+00
4.170000e-05	-4.610710e-02	6.731648e+00
4.171000e-05	6.431266e-02	7.005236e+00
4.172000e-05	9.873060e-03	7.248566e+00
4.173000e-05	-2.692111e-02	7.551049e+00
4.174000e-05	-1.409964e-02	7.796386e+00
4.175000e-05	1.212261e-02	8.089564e+00
4.176000e-05	5.326506e-02	8.311549e+00
4.177000e-05	-3.232213e-02	8.563175e+00
4.178000e-05	-2.527445e-03	8.784703e+00
4.179000e-05	2.133278e-02	9.005861e+00
4.180000e-05	7.916277e-03	9.190363e+00
4.181000e-05	6.829824e-03	9.448493e+00
4.182000e-05	-2.327388e-02	9.702072e+00
4.183000e-05	2.874780e-02	9.924246e+00
4.184000e-05	1.764663e-02	1.015372e+01
4.185000e-05	1.444122e-02	1.035630e+01
4.186000e-05	-1.835565e-02	1.055528e+01
4.187000e-05	3.656308e-03	1.076566e+01
4.188000e-05	2.605999e-02	1.098523e+01
4.189000e-05	1.323635e-03	1.118476e+01
4.190000e-05	1.835010e-03	1.140928e+01
4.191000e-05	2.326523e-03	1.159838e+01
4.192000e-05	3.124220e-02	1.180833e+01
4.193000e-05	8.844973e-03	1.198786e+01
4.194000e-05	-1.662263e-05	1.214678e+01
4.195000e-05	-5.293520e-04	1.234473e+01
4.196000e-05	2.008933e-02	1.253263e+01
4.197000e-05	1.667717e-02	1.268164e+01
4.198000e-05	4.140948e-04	1.282046e+01
4.199000e-05	7.980421e-03	1.298986e+01
4.200000e-05	1.973804e-02	1.317677e+01
4.201000e-05	2.011270e-02	1.331257e+01
4.202000e-05	1.953187e-03	1.345009e+01
4.203000e-05	4.599028e-03	1.355690e+01
4.204000e-05	1.765112e-02	1.375522e+01
4.205000e-05	2.110214e-02	1.386199e+01
4.206000e-05	9.120293e-03	1.397943e+01
4.207000e-05	7.153594e-03	1.415482e+01
4.208000e-05	1.911561e-02	1.424159e+01
4.209000e-05	2.105164e-02	1.436783e+01
4.210000e-05	1.085264e-02	1.449261e+01
4.211000e-05	8.028417e-03	1.455733e+01
4.212000e-05	1.866894e-02	1.469151e+01
4.213000e-05	2.470031e-02	1.476522e+01
4.214000e-05	1.472846e-02	1.479686e+01
4.215000e-05	1.229820e-02	1.489254e+01
4.216000e-05	1.744695e-02	1.498628e+01
4.217000e-05	2.553719e-02	1.501691e+01
4.218000e-05	1.640223e-02	1.508151e+01
4.219000e-05	1.409916e-02	1.509667e+01
4.220000e-05	1.933662e-02	1.517898e+01
4.221000e-05	2.720564e-02	1.522146e+01
4.222000e-05	2.289145e-02	1.526204e+01
4.223000e-05	1.608903e-02	1.531501e+01
4.224000e-05	2.306874e-02	1.533667e+01
4.225000e-05	2.855902e-02	1.536665e+01
4.226000e-05	2.706916e-02	1.535672e+01
4.227000e-05	1.990517e-02	1.542765e+01
4.228000e-05	2.517380e-02	1.536878e+01
4.229000e-05	3.292045e-02	1.532618e+01
4.230000e-05	3.166688e-02	1.535575e+01
4.231000e-05	2.645459e-02	1.532664e+01
4.232000e-05	3.035643e-02	1.534617e+01
4.233000e-05	4.110780e-02	1.530409e+01
4.234000e-05	4.090056e-02	1.528391e+01
4.235000e-05	3.700449e-02	1.520244e+01
4.236000e-05	3.927134e-02	1.519981e+01
4.237000e-05	4.963012e-02	1.513775e+01
4.238000e-05	5.383996e-02	1.508409e+01
4.239000e-05	5.378079e-02	1.501933e+01
4.240000e-05	5.899561e-02	1.497823e+01
4.241000e-05	7.409177e-02	1.490356e+01
4.242000e-05	8.605724e-02	1.486043e+01
4.243000e-05	9.450005e-02	1.473515e+01
4.244000e-05	1.105997e-01	1.467093e+01
4.245000e-05	1.341603e-01	1.457622e+01
4.246000e-05	1.647039e-01	1.450309e+01
4.247000e-05	1.899442e-01	1.437668e+01
4.248000e-05	2.222361e-01	1.430246e+01
4.249000e-05	2.428299e-01	1.418678e+01
4.250000e-05	2.489262e-01	1.403881e+01
4.251000e-05	2.489739e-01	1.392497e+01
4.252000e-05	2.490256e-01	1.381668e+01
4.253000e-05	2.490538e-01	1.365051e+01
4.254000e-05	2.487644e-01	1.352351e+01
4.255000e-05	2.395362e-01	1.338567e+01
4.256000e-05	2.092350e-01	1.322828e+01
4.257000e-05	1.787108e-01	1.311098e+01
4.258000e-05	1.557589e-01	1.291404e+01
4.259000e-05	1.298482e-01	1.272562e+01
4.260000e-05	1.075428e-01	1.263770e+01
4.261000e-05	9.009954e-02	1.244783e+01
4.262000e-05	7.902000e-02	1.227994e+01
4.263000e-05	6.499307e-02	1.207196e+01
4.264000e-05	5.116819e-02	1.194304e+01
4.265000e-05	4.118882e-02	1.170202e+01
4.266000e-05	3.682246e-02	1.152449e+01
4.267000e-05	3.071703e-02	1.133349e+01
4.268000e-05	2.278780e-02	1.113233e+01
4.269000e-05	1.951962e-02	1.088138e+01
4.270000e-05	1.747906e-02	1.074299e+01
4.271000e-05	1.728820e-02	1.050139e+01
4.272000e-05	1.151934e-02	1.030031e+01
4.273000e-05	1.019603e-02	1.010881e+01
4.274000e-05	9.379503e-03	9.817308e+00
4.275000e-05	1.061649e-02	9.584224e+00
4.276000e-05	5.358123e-03	9.413069e+00
4.277000e-05	3.471826e-03	9.173597e+00
4.278000e-05	3.118450e-03	8.941915e+00
4.279000e-05	5.008504e-03	8.719913e+00
4.280000e-05	3.551036e-03	8.508286e+00
4.281000e-05	1.205954e-03	8.275675e+00
4.282000e-05	2.002519e-03	7.972997e+00
4.283000e-05	3.983482e-03	7.770942e+00
4.284000e-05	3.647762e-03	7.528783e+00
4.285000e-05	-7.927699e-04	7.184024e+00
4.286000e-05	-9.197409e-05	6.930923e+00
4.287000e-05	1.993248e-03	6.687289e+00
4.288000e-05	6.702095e-04	6.445646e+00
4.289000e-05	-2.407310e-03	6.163496e+00
4.290000e-05	-2.472969e-03	5.959840e+00
4.291000e-05	-1.721345e-04	5.675225e+00
4.292000e-05	5.075555e-05	5.401941e+00
4.293000e-05	-2.672637e-03	5.046730e+00
4.294000e-05	-2.785230e-03	4.747287e+00
4.295000e-05	-7.763757e-05	4.496655e+00
4.296000e-05	-6.119246e-04	4.253394e+00
4.297000e-05	-2.562360e-03	3.947811e+00
4.298000e-05	-4.862704e-03	3.623655e+00
4.299000e-05	-3.227275e-03	3.401490e+00
4.300000e-05	-2.469890e-03	3.085707e+00
4.301000e-05	-4.007176e-03	2.853001e+00
4.302000e-05	-5.265557e-03	2.586262e+00
4.303000e-05	-3.412833e-03	2.232525e+00
4.304000e-05	-2.497703e-03	2.010922e+00
4.305000e-05	-3.632912e-03	1.666207e+00
4.306000e-05	-5.844055e-03	1.419896e+00
4.307000e-05	-4.258214e-03	1.095108e+00
4.308000e-05	-4.440267e-03	8.073396e-01
4.309000e-05	-4.898567e-03	4.841306e-01
4.310000e-05	-5.828222e-03	2.199697e-01
4.311000e-05	-2.712844e-03	-7.376460e-02
4.312000e-05	6.012502e-03	-3.068923e-01
4.313000e-05	-1.603587e-03	-5.796840e-01
4.314000e-05	-2.569211e-03	-8.442645e-01
4.315000e-05	-6.157240e-03	-1.136469e+00
4.316000e-05	-9.796549e-04	-1.452681e+00
4.317000e-05	-3.452389e-03	-1.664790e+00
4.318000e-05	7.020690e-03	-1.897940e+00
4.319000e-05	4.785368e-02	-2.107625e+00
4.320000e-05	6.744798e-02	-2.466447e+00
4.321000e-05	-7.825508e-02	-2.814366e+00
4.322000e-05	-3.260220e-02	-3.215210e+00
4.323000e-05	-4.370475e-02	-3.464312e+00
4.324000e-05	-1.623657e-02	-3.709499e+00
4.325000e-05	-6.281027e-02	-3.971575e+00
4.326000e-05	1.113484e-01	-4.140495e+00
4.327000e-05	-5.099087e-02	-4.401703e+00
4.328000e-05	1.107994e-02	-4.657920e+00
4.329000e-05	1.083776e-01	-4.897499e+00
4.330000e-05	-1.582054e-01	-5.267441e+00
4.331000e-05	8.926092e-02	-5.550047e+00
4.332000e-05	-1.045170e-01	-5.783783e+00
4.333000e-05	4.080890e-02	-6.080518e+00
4.334000e-05	3.191550e-02	-6.341070e+00
4.335000e-05	-7.397235e-02	-6.656311e+00
4.336000e-05	1.025301e-01	-6.859046e+00
4.337000e-05	-8.765132e-02	-7.183274e+00
4.338000e-05	2.506341e-02	-7.435793e+00
4.339000e-05	-3.852872e-02	-7.652122e+00
4.340000e-05	-1.666879e-02	-7.984283e+00
4.341000e-05	5.843939e-02	-8.194411e+00
4.342000e-05	-8.152841e-02	-8.470996e+00
4.343000e-05	7.059424e-02	-8.730648e+00
4.344000e-05	-6.995154e-02	-8.961751e+00
4.345000e-05	2.403269e-02	-9.166258e+00
4.346000e-05	-2.636499e-02	-9.396357e+00
4.347000e-05	-1.965596e-02	-9.647916e+00
4.348000e-05	2.405150e-02	-9.847917e+00
4.349000e-05	-4.259077e-02	-1.009055e+01
4.350000e-05	3.834018e-02	-1.032157e+01
4.351000e-05	-6.326334e-02	-1.055112e+01
4.352000e-05	3.045695e-02	-1.071220e+01
4.353000e-05	-4.764408e-02	-1.089265e+01
4.354000e-05	1.411077e-02	-1.114373e+01
4.355000e-05	-2.722615e-02	-1.133420e+01
4.356000e-05	-1.034869e-03	-1.157638e+01
4.357000e-05	-8.162971e-03	-1.175478e+01
4.358000e-05	-1.720983e-02	-1.197531e+01
4.359000e-05	-7.354996e-03	-1.216367e+01
4.360000e-05	-3.146259e-02	-1.233417e+01
4.361000e-05	4.829098e-03	-1.248415e+01
4.362000e-05	-3.139781e-02	-1.265357e+01
4.363000e-05	2.437412e-03	-1.283801e+01
4.364000e-05	-2.998360e-02	-1.299633e+01
4.365000e-05	4.645600e-03	-1.315528e+01
4.366000e-05	-2.816304e-02	-1.330414e+01
4.367000e-05	-8.907009e-03	-1.346154e+01
4.368000e-05	-2.666976e-02	-1.356788e+01
4.369000e-05	-1.345828e-02	-1.375415e+01
4.370000e-05	-1.748391e-02	-1.383067e+01
4.371000e-05	-2.003387e-02	-1.399986e+01
4.372000e-05	-1.467054e-02	-1.412467e+01
4.373000e-05	-2.154059e-02	-1.427006e+01
4.374000e-05	-1.384542e-02	-1.437635e+01
4.375000e-05	-2.680621e-02	-1.450104e+01
4.376000e-05	-1.652164e-02	-1.463573e+01
4.377000e-05	-2.391246e-02	-1.468209e+01
4.378000e-05	-1.648777e-02	-1.475525e+01
4.379000e-05	-2.470148e-02	-1.483001e+01
4.380000e-05	-2.116434e-02	-1.496517e+01
4.381000e-05	-2.540626e-02	-1.500733e+01
4.382000e-05	-2.239728e-02	-1.505049e+01
4.383000e-05	-2.771973e-02	-1.510565e+01
4.384000e-05	-2.338519e-02	-1.515775e+01
4.385000e-05	-2.545890e-02	-1.524891e+01
4.386000e-05	-2.361831e-02	-1.530059e+01
4.387000e-05	-2.637859e-02	-1.533354e+01
4.388000e-05	-2.913426e-02	-1.536575e+01
4.389000e-05	-2.725020e-02	-1.542620e+01
4.390000e-05	-3.185716e-02	-1.543835e+01
4.391000e-05	-2.929972e-02	-1.546893e+01
4.392000e-05	-3.383719e-02	-1.546093e+01
4.393000e-05	-3.043125e-02	-1.548048e+01
4.394000e-05	-3.400336e-02	-1.547043e+01
4.395000e-05	-3.450506e-02	-1.547093e+01
4.396000e-05	-3.666637e-02	-1.544935e+01
4.397000e-05	-3.720350e-02	-1.543885e+01
4.398000e-05	-3.888711e-02	-1.543780e+01
4.399000e-05	-4.385989e-02	-1.541918e+01
4.400000e-05	-4.544696e-02	-1.536565e+01
4.401000e-05	-4.836181e-02	-1.529305e+01
4.402000e-05	-4.943432e-02	-1.524944e+01
4.403000e-05	-5.476183e-02	-1.521786e+01
4.404000e-05	-5.822138e-02	-1.518567e+01
4.405000e-05	-6.285534e-02	-1.509391e+01
4.406000e-05	-6.949858e-02	-1.505931e+01
4.407000e-05	-8.005493e-02	-1.498527e+01
4.408000e-05	-9.171992e-02	-1.491101e+01
4.409000e-05	-1.048841e-01	-1.483188e+01
4.410000e-05	-1.222703e-01	-1.472412e+01
4.411000e-05	-1.452392e-01	-1.465936e+01
4.412000e-05	-1.715969e-01	-1.457570e+01
4.413000e-05	-2.018317e-01	-1.449933e+01
4.414000e-05	-2.319346e-01	-1.434307e+01
4.415000e-05	-2.471078e-01	-1.424925e+01
4.416000e-05	-2.489842e-01	-1.416447e+01
4.417000e-05	-2.490528e-01	-1.397765e+01
4.418000e-05	-2.490710e-01	-1.387029e+01
4.419000e-05	-2.490739e-01	-1.373151e+01
4.420000e-05	-2.490984e-01	-1.359612e+01
4.421000e-05	-2.411089e-01	-1.345828e+01
4.422000e-05	-2.139572e-01	-1.327089e+01
4.423000e-05	-1.850852e-01	-1.315201e+01
4.424000e-05	-1.589681e-01	-1.298615e+01
4.425000e-05	-1.344052e-01	-1.281778e+01
4.426000e-05	-1.128891e-01	-1.267028e+01
4.427000e-05	-9.573569e-02	-1.252239e+01
4.428000e-05	-8.313896e-02	-1.234149e+01
4.429000e-05	-7.051866e-02	-1.216552e+01
4.430000e-05	-6.024503e-02	-1.201517e+01
4.431000e-05	-5.082511e-02	-1.179409e+01
4.432000e-05	-4.454400e-02	-1.155306e+01
4.433000e-05	-3.778111e-02	-1.132304e+01
4.434000e-05	-3.168137e-02	-1.112199e+01
4.435000e-05	-2.708362e-02	-1.094191e+01
4.436000e-05	-2.553585e-02	-1.072046e+01
4.437000e-05	-2.406720e-02	-1.055084e+01
4.438000e-05	-2.002988e-02	-1.032186e+01
4.439000e-05	-1.965097e-02	-1.008828e+01
4.440000e-05	-1.811820e-02	-9.867232e+00
4.441000e-05	-1.756818e-02	-9.657702e+00
4.442000e-05	-1.359643e-02	-9.445674e+00
4.443000e-05	-1.313370e-02	-9.173495e+00
4.444000e-05	-1.280769e-02	-8.992017e+00
4.445000e-05	-1.295326e-02	-8.782917e+00
4.446000e-05	-1.142237e-02	-8.507778e+00
4.447000e-05	-1.105744e-02	-8.256704e+00
4.448000e-05	-1.149991e-02	-8.056125e+00
4.449000e-05	-1.207366e-02	-7.760941e+00
4.450000e-05	-1.058772e-02	-7.488254e+00
4.451000e-05	-9.970588e-03	-7.262124e+00
4.452000e-05	-9.865116e-03	-7.010939e+00
4.453000e-05	-9.797992e-03	-6.728808e+00
4.454000e-05	-9.088895e-03	-6.456180e+00
4.455000e-05	-7.611211e-03	-6.200395e+00
4.456000e-05	-8.043544e-03	-5.918287e+00
4.457000e-05	-1.013202e-02	-5.646153e+00
4.458000e-05	-8.105920e-03	-5.398863e+00
4.459000e-05	-8.982627e-03	-5.076152e+00
4.460000e-05	-7.407570e-03	-4.778236e+00
4.461000e-05	-8.733874e-03	-4.505258e+00
4.462000e-05	-5.609029e-03	-4.295126e+00
4.463000e-05	-5.901255e-03	-4.010963e+00
4.464000e-05	-5.368609e-03	-3.684160e+00
4.465000e-05	-8.472680e-03	-3.462546e+00
4.466000e-05	-6.376021e-03	-3.179344e+00
4.467000e-05	-6.780599e-03	-2.871995e+00
4.468000e-05	-4.724024e-03	-2.569390e+00
4.469000e-05	-5.596266e-03	-2.286650e+00
4.470000e-05	-5.039461e-03	-2.020816e+00
4.471000e-05	-4.652368e-03	-1.746786e+00
4.472000e-05	-5.757210e-03	-1.492948e+00
4.473000e-05	-7.052752e-03	-1.116184e+00
4.474000e-05	-5.469769e-03	-8.009011e-01
4.475000e-05	-3.240323e-03	-5.452353e-01
4.476000e-05	-2.461952e-03	-2.729497e-01
4.477000e-05	2.169710e-03	2.016302e-02
4.478000e-05	7.166813e-03	3.074674e-01
4.479000e-05	-1.348038e-03	5.791004e-01
4.480000e-05	3.099218e-03	8.021394e-01
4.481000e-05	-2.440500e-03	1.118571e+00
4.482000e-05	8.370235e-04	1.370608e+00
4.483000e-05	-4.305229e-04	1.729947e+00
4.484000e-05	1.237728e-02	1.919498e+00
4.485000e-05	3.252355e-02	2.171631e+00
4.486000e-05	7.501789e-02	2.463323e+00
4.487000e-05	-3.340249e-02	2.844813e+00
4.488000e-05	-4.909207e-02	3.138426e+00
4.489000e-05	-3.414549e-02	3.403758e+00
4.490000e-05	1.737850e-03	3.625838e+00
4.491000e-05	-3.125505e-02	3.865867e+00
4.492000e-05	-3.735810e-02	4.049444e+00
4.493000e-05	7.571854e-02	4.372730e+00
4.494000e-05	3.486770e-03	4.626366e+00
4.495000e-05	2.947336e-02	4.880553e+00
4.496000e-05	4.286666e-02	5.235939e+00
4.497000e-05	-9.189483e-02	5.529549e+00
4.498000e-05	5.464480e-02	5.734236e+00
4.499000e-05	-9.982263e-03	6.068394e+00
4.500000e-05	7.510446e-03	6.318545e+00
4.501000e-05	-5.139966e-03	6.615311e+00
4.502000e-05	-1.172164e-02	6.857445e+00
4.503000e-05	7.136784e-02	7.131025e+00
4.504000e-05	-3.901584e-02	7.407311e+00
4.505000e-05	-4.987354e-03	7.688041e+00
4.506000e-05	-2.065097e-02	7.952653e+00
4.507000e-05	5.434658e-02	8.213884e+00
4.508000e-05	1.237567e-02	8.417412e+00
4.509000e-05	-3.706377e-02	8.646965e+00
4.510000e-05	2.838495e-02	8.862124e+00
4.511000e-05	-1.106604e-03	9.111148e+00
4.512000e-05	2.480346e-02	9.362681e+00
4.513000e-05	-2.500236e-02	9.584860e+00
4.514000e-05	1.035859e-02	9.787361e+00
4.515000e-05	2.065886e-02	1.005649e+01
4.516000e-05	1.935337e-02	1.021797e+01
4.517000e-05	-2.679557e-04	1.045896e+01
4.518000e-05	-1.730513e-02	1.065207e+01
4.519000e-05	2.801541e-02	1.088049e+01
4.520000e-05	6.350457e-03	1.107997e+01
4.521000e-05	9.140424e-03	1.124410e+01
4.522000e-05	-9.439534e-03	1.151465e+01
4.523000e-05	2.590310e-02	1.173358e+01
4.524000e-05	1.570390e-02	1.190115e+01
4.525000e-05	7.668002e-03	1.207359e+01
4.526000e-05	-5.326952e-03	1.228054e+01
4.527000e-05	1.139892e-02	1.245796e+01
4.528000e-05	2.241014e-02	1.259583e+01
4.529000e-05	6.216992e-03	1.276688e+01
4.530000e-05	5.431731e-03	1.292368e+01
4.531000e-05	9.703984e-03	1.311269e+01
4.532000e-05	2.643221e-02	1.323899e+01
4.533000e-05	6.973324e-03	1.336823e+01
4.534000e-05	4.499201e-03	1.349580e+01
4.535000e-05	7.940833e-03	1.370157e+01
4.536000e-05	2.329431e-02	1.376841e+01
4.537000e-05	1.390708e-02	1.389520e+01
4.538000e-05	7.530588e-03	1.404149e+01
4.539000e-05	1.330297e-02	1.420938e+01
4.540000e-05	1.974921e-02	1.431570e+01
4.541000e-05	1.776714e-02	1.444886e+01
4.542000e-05	6.852694e-03	1.453322e+01
4.543000e-05	1.474808e-02	1.458843e+01
4.544000e-05	2.044708e-02	1.470449e+01
4.545000e-05	2.150193e-02	1.477577e+01
4.546000e-05	1.236231e-02	1.483046e+01
4.547000e-05	1.497604e-02	1.492320e+01
4.548000e-05	2.128150e-02	1.498770e+01
4.549000e-05	2.069295e-02	1.505046e+01
4.550000e-05	1.535918e-02	1.509564e+01
4.551000e-05	1.522919e-02	1.511680e+01
4.552000e-05	2.487693e-02	1.516991e+01
4.553000e-05	2.322573e-02	1.524096e+01
4.554000e-05	2.031541e-02	1.528299e+01
4.555000e-05	1.897550e-02	1.532510e+01
4.556000e-05	2.785864e-02	1.530475e+01
4.557000e-05	2.813697e-02	1.535717e+01
4.558000e-05	2.283513e-02	1.535670e+01
4.559000e-05	2.289247e-02	1.536680e+01
4.560000e-05	2.790267e-02	1.536780e+01
4.561000e-05	3.226322e-02	1.536712e+01
4.562000e-05	2.743327e-02	1.533620e+01
4.563000e-05	2.977116e-02	1.535565e+01
4.564000e-05	3.495298e-02	1.528420e+01
4.565000e-05	4.155774e-02	1.530301e+01
4.566000e-05	3.924726e-02	1.525197e+01
4.567000e-05	3.883902e-02	1.520988e+01
4.568000e-05	4.572071e-02	1.516881e+01
4.569000e-05	5.136338e-02	1.511412e+01
4.570000e-05	5.302674e-02	1.506096e+01
4.571000e-05	5.539029e-02	1.499725e+01
4.572000e-05	6.719430e-02	1.492572e+01
4.573000e-05	7.861875e-02	1.489991e+01
4.574000e-05	8.871145e-02	1.478625e+01
4.575000e-05	1.004416e-01	1.470302e+01
4.576000e-05	1.225376e-01	1.464986e+01
4.577000e-05	1.510541e-01	1.454463e+01
4.578000e-05	1.767210e-01	1.444989e+01
4.579000e-05	2.073169e-01	1.432512e+01
4.580000e-05	2.347773e-01	1.427038e+01
4.581000e-05	2.478486e-01	1.413309e+01
4.582000e-05	2.489745e-01	1.400617e+01
4.583000e-05	2.490107e-01	1.382928e+01
4.584000e-05	2.490315e-01	1.369554e+01
4.585000e-05	2.490586e-01	1.361678e+01
4.586000e-05	2.468205e-01	1.344880e+01
4.587000e-05	2.243203e-01	1.331194e+01
4.588000e-05	1.954007e-01	1.315507e+01
4.589000e-05	1.685109e-01	1.298725e+01
4.590000e-05	1.435375e-01	1.279786e+01
4.591000e-05	1.180292e-01	1.270986e+01
4.592000e-05	9.957584e-02	1.254199e+01
4.593000e-05	8.449002e-02	1.236565e+01
4.594000e-05	7.016017e-02	1.221612e+01
4.595000e-05	5.681912e-02	1.201720e+01
4.596000e-05	4.614953e-02	1.183673e+01
4.597000e-05	4.122609e-02	1.161726e+01
4.598000e-05	3.424820e-02	1.140577e+01
4.599000e-05	2.725242e-02	1.118517e+01
4.600000e-05	2.244653e-02	1.107667e+01
4.601000e-05	1.977965e-02	1.086613e+01
4.602000e-05	1.676403e-02	1.063773e+01
4.603000e-05	1.196732e-02	1.038665e+01
4.604000e-05	1.008579e-02	1.016450e+01
4.605000e-05	9.517158e-03	9.983618e+00
4.606000e-05	9.346924e-03	9.730940e+00
4.607000e-05	7.448723e-03	9.499357e+00
4.608000e-05	5.441784e-03	9.299306e+00
4.609000e-05	5.213059e-03	9.069185e+00
4.610000e-05	5.073573e-03	8.836679e+00
4.611000e-05	2.802409e-03	8.573998e+00
4.612000e-05	2.230650e-03	8.391020e+00
4.613000e-05	2.170580e-03	8.130810e+00
4.614000e-05	3.449095e-03	7.856179e+00
4.615000e-05	2.036936e-03	7.595072e+00
4.616000e-05	2.574289e-04	7.332390e+00
4.617000e-05	7.277139e-04	7.066234e+00
4.618000e-05	1.856480e-03	6.835653e+00
4.619000e-05	6.958445e-04	6.551938e+00
4.620000e-05	-1.283573e-03	6.298234e+00
4.621000e-05	-4.317071e-04	6.055178e+00
4.622000e-05	-9.680923e-04	5.803445e+00
4.623000e-05	-1.176065e-03	5.567288e+00
4.624000e-05	-2.622872e-03	5.256020e+00
4.625000e-05	-2.427842e-03	4.897279e+00
4.626000e-05	-8.223723e-04	4.601949e+00
4.627000e-05	-1.702454e-03	4.348417e+00
4.628000e-05	-2.666547e-03	4.044107e+00
4.629000e-05	-3.282325e-03	3.790391e+00
4.630000e-05	-2.020677e-03	3.559262e+00
4.631000e-05	-3.328428e-03	3.253051e+00
4.632000e-05	-4.572628e-03	2.979390e+00
4.633000e-05	-4.320215e-03	2.736584e+00
4.634000e-05	-3.961711e-03	2.400369e+00
4.635000e-05	-3.304885e-03	2.136158e+00
4.636000e-05	-4.661117e-03	1.852100e+00
4.637000e-05	-4.918381e-03	1.547812e+00
4.638000e-05	-4.456316e-03	1.253476e+00
4.639000e-05	-4.089205e-03	9.162306e-01
4.640000e-05	-5.428832e-03	6.309975e-01
4.641000e-05	-5.452616e-03	3.587669e-01
4.642000e-05	-3.262339e-03	5.297774e-02
4.643000e-05	2.300889e-04	-2.101317e-01
4.644000e-05	4.838807e-03	-4.422383e-01
4.645000e-05	-6.353063e-03	-7.275262e-01
4.646000e-05	-2.519407e-04	-9.711788e-01
4.647000e-05	-4.567966e-03	-1.265867e+00
4.648000e-05	-1.496042e-03	-1.598578e+00
4.649000e-05	-2.800344e-03	-1.810658e+00
4.650000e-05	2.488969e-02	-2.033688e+00
4.651000e-05	8.066214e-02	-2.307524e+00
4.652000e-05	-1.886449e-02	-2.643847e+00
4.653000e-05	-6.085911e-02	-3.014288e+00
4.654000e-05	-3.731396e-02	-3.371030e+00
4.655000e-05	-1.869166e-02	-3.601628e+00
4.656000e-05	-4.840949e-02	-3.866386e+00
4.657000e-05	8.152485e-03	-4.065287e+00
4.658000e-05	9.188004e-02	-4.233283e+00
4.659000e-05	-1.210109e-01	-4.520029e+00
4.660000e-05	1.645383e-01	-4.791236e+00
4.661000e-05	-8.230245e-02	-5.038051e+00
4.662000e-05	-3.393635e-02	-5.416813e+00
4.663000e-05	3.297797e-02	-5.654967e+00
4.664000e-05	-1.087760e-01	-5.952154e+00
4.665000e-05	1.223235e-01	-6.173835e+00
4.666000e-05	-9.044170e-02	-6.468522e+00
4.667000e-05	5.118190e-02	-6.770603e+00
4.668000e-05	1.640479e-02	-7.046360e+00
4.669000e-05	-7.029603e-02	-7.331120e+00
4.670000e-05	4.373374e-02	-7.553300e+00
4.671000e-05	-9.038662e-02	-7.878041e+00
4.672000e-05	7.867042e-02	-8.109544e+00
4.673000e-05	-4.540841e-02	-8.299179e+00
4.674000e-05	-1.209017e-03	-8.626812e+00
4.675000e-05	2.195963e-02	-8.836412e+00
4.676000e-05	-6.474738e-02	-9.101493e+00
4.677000e-05	5.060094e-02	-9.311047e+00
4.678000e-05	-7.943645e-02	-9.532119e+00
4.679000e-05	5.542197e-02	-9.753200e+00
4.680000e-05	-4.556662e-02	-9.964282e+00
4.681000e-05	2.446767e-02	-1.019631e+01
4.682000e-05	-2.898291e-02	-1.040538e+01
4.683000e-05	-1.931838e-02	-1.066643e+01
4.684000e-05	3.288684e-03	-1.078696e+01
4.685000e-05	-3.725653e-02	-1.102794e+01
4.686000e-05	1.756821e-02	-1.123793e+01
4.687000e-05	-4.021766e-02	-1.142956e+01
4.688000e-05	2.505801e-02	-1.166054e+01
4.689000e-05	-3.673787e-02	-1.190114e+01
4.690000e-05	7.966246e-03	-1.209999e+01
4.691000e-05	-3.998865e-02	-1.220694e+01
4.692000e-05	2.785780e-03	-1.241849e+01
4.693000e-05	-2.169650e-02	-1.256686e+01
4.694000e-05	-1.102276e-02	-1.277635e+01
4.695000e-05	-1.571135e-02	-1.292265e+01
4.696000e-05	-1.464998e-02	-1.307907e+01
4.697000e-05	-4.572098e-03	-1.324841e+01
4.698000e-05	-2.807431e-02	-1.338676e+01
4.699000e-05	-1.019734e-02	-1.356304e+01
4.700000e-05	-2.820541e-02	-1.367904e+01
4.701000e-05	-4.641382e-03	-1.382933e+01
4.702000e-05	-2.741232e-02	-1.390570e+01
4.703000e-05	-1.243094e-02	-1.406207e+01
4.704000e-05	-2.377392e-02	-1.419783e+01
4.705000e-05	-1.152198e-02	-1.429570e+01
4.706000e-05	-2.320830e-02	-1.440793e+01
4.707000e-05	-2.064170e-02	-1.453212e+01
4.708000e-05	-2.109237e-02	-1.460644e+01
4.709000e-05	-1.953775e-02	-1.471359e+01
4.710000e-05	-1.981604e-02	-1.480983e+01
4.711000e-05	-2.654285e-02	-1.489314e+01
4.712000e-05	-2.101027e-02	-1.494667e+01
4.713000e-05	-2.237301e-02	-1.505097e+01
4.714000e-05	-2.139212e-02	-1.511309e+01
4.715000e-05	-2.795060e-02	-1.514517e+01
4.716000e-05	-2.466551e-02	-1.517791e+01
4.717000e-05	-2.590928e-02	-1.525004e+01
4.718000e-05	-2.379138e-02	-1.535357e+01
4.719000e-05	-3.076803e-02	-1.535415e+01
4.720000e-05	-2.765845e-02	-1.535715e+01
4.721000e-05	-2.833532e-02	-1.544578e+01
4.722000e-05	-2.683423e-02	-1.544838e+01
4.723000e-05	-3.123933e-02	-1.545841e+01
4.724000e-05	-3.338153e-02	-1.547086e+01
4.725000e-05	-3.155867e-02	-1.543903e+01
4.726000e-05	-3.287904e-02	-1.546196e+01
4.727000e-05	-3.623807e-02	-1.545033e+01
4.728000e-05	-4.005379e-02	-1.545838e+01
4.729000e-05	-3.732382e-02	-1.544788e+01
4.730000e-05	-3.992838e-02	-1.540927e+01
4.731000e-05	-4.481644e-02	-1.536615e+01
4.732000e-05	-4.704241e-02	-1.535462e+01
4.733000e-05	-4.856908e-02	-1.532011e+01
4.734000e-05	-5.059365e-02	-1.522943e+01
4.735000e-05	-5.709194e-02	-1.519772e+01
4.736000e-05	-6.302671e-02	-1.513614e+01
4.737000e-05	-6.610739e-02	-1.511049e+01
4.738000e-05	-7.431193e-02	-1.501925e+01
4.739000e-05	-8.416224e-02	-1.494462e+01
4.740000e-05	-9.981289e-02	-1.489046e+01
4.741000e-05	-1.124554e-01	-1.475825e+01
4.742000e-05	-1.319096e-01	-1.471246e+01
4.743000e-05	-1.562784e-01	-1.460820e+01
4.744000e-05	-1.883119e-01	-1.451299e+01
4.745000e-05	-2.187432e-01	-1.440667e+01
4.746000e-05	-2.401077e-01	-1.428296e+01
4.747000e-05	-2.487099e-01	-1.420615e+01
4.748000e-05	-2.490316e-01	-1.406028e+01
4.749000e-05	-2.490664e-01	-1.391394e+01
4.750000e-05	-2.490777e-01	-1.381613e+01
4.751000e-05	-2.490922e-01	-1.362838e+01
4.752000e-05	-2.470443e-01	-1.356091e+01
4.753000e-05	-2.306012e-01	-1.338505e+01
4.754000e-05	-1.989347e-01	-1.320575e+01
4.755000e-05	-1.697189e-01	-1.308933e+01
4.756000e-05	-1.456923e-01	-1.292249e+01
4.757000e-05	-1.249687e-01	-1.278154e+01
4.758000e-05	-1.045830e-01	-1.261713e+01
4.759000e-05	-8.860641e-02	-1.240822e+01
4.760000e-05	-7.603321e-02	-1.227723e+01
4.761000e-05	-6.665564e-02	-1.206985e+01
4.762000e-05	-5.582098e-02	-1.185838e+01
4.763000e-05	-4.642727e-02	-1.164983e+01
4.764000e-05	-4.070406e-02	-1.146023e+01
4.765000e-05	-3.617820e-02	-1.123820e+01
4.766000e-05	-3.079747e-02	-1.101625e+01
4.767000e-05	-2.616027e-02	-1.083515e+01
4.768000e-05	-2.333333e-02	-1.065618e+01
4.769000e-05	-2.274955e-02	-1.040515e+01
4.770000e-05	-2.007618e-02	-1.021514e+01
4.771000e-05	-1.686221e-02	-9.972015e+00
4.772000e-05	-1.614051e-02	-9.791993e+00
4.773000e-05	-1.685662e-02	-9.520545e+00
4.774000e-05	-1.582796e-02	-9.310859e+00
4.775000e-05	-1.345020e-02	-9.098283e+00
4.776000e-05	-1.234953e-02	-8.895730e+00
4.777000e-05	-1.327575e-02	-8.635521e+00
4.778000e-05	-1.241085e-02	-8.381936e+00
4.779000e-05	-9.903815e-03	-8.150387e+00
4.780000e-05	-9.543205e-03	-7.929306e+00
4.781000e-05	-1.119337e-02	-7.636120e+00
4.782000e-05	-1.185557e-02	-7.340870e+00
4.783000e-05	-9.476189e-03	-7.117285e+00
4.784000e-05	-9.086861e-03	-6.826000e+00
4.785000e-05	-9.615292e-03	-6.591440e+00
4.786000e-05	-1.026609e-02	-6.380285e+00
4.787000e-05	-8.280125e-03	-6.054649e+00
4.788000e-05	-7.146935e-03	-5.801470e+00
4.789000e-05	-7.678268e-03	-5.529311e+00
4.790000e-05	-8.607814e-03	-5.242950e+00
4.791000e-05	-8.715703e-03	-4.957204e+00
4.792000e-05	-6.359394e-03	-4.641420e+00
4.793000e-05	-6.592217e-03	-4.398866e+00
4.794000e-05	-7.416671e-03	-4.107312e+00
4.795000e-05	-7.475744e-03	-3.835095e+00
4.796000e-05	-6.314172e-03	-3.567366e+00
4.797000e-05	-7.531150e-03	-3.325702e+00
4.798000e-05	-6.816213e-03	-2.992339e+00
4.799000e-05	-6.856003e-03	-2.746159e+00
4.800000e-05	-3.132463e-03	-2.463029e+00
4.801000e-05	-4.074444e-03	-2.169184e+00
4.802000e-05	-4.855983e-03	-1.882030e+00
4.803000e-05	-6.278117e-03	-1.609815e+00
4.804000e-05	-5.052446e-03	-1.262476e+00
4.805000e-05	-6.418447e-03	-9.782867e-01
4.806000e-05	-5.790269e-03	-7.235286e-01
4.807000e-05	-2.984574e-03	-4.094155e-01
4.808000e-05	-1.472401e-03	-1.250614e-01
4.809000e-05	6.963832e-03	1.596043e-01
4.810000e-05	2.333554e-03	4.222107e-01
4.811000e-05	3.159423e-04	6.648123e-01
4.812000e-05	3.228604e-04	9.416532e-01
4.813000e-05	1.359131e-03	1.245340e+00
4.814000e-05	3.579727e-04	1.489079e+00
4.815000e-05	2.025459e-03	1.813213e+00
4.816000e-05	1.773935e-02	2.033839e+00
4.817000e-05	5.957806e-02	2.327548e+00
4.818000e-05	3.722535e-02	2.686969e+00
4.819000e-05	-6.593979e-02	2.942159e+00
4.820000e-05	-3.886412e-02	3.216840e+00
4.821000e-05	-1.686353e-02	3.548548e+00
4.822000e-05	1.435340e-04	3.762653e+00
4.823000e-05	-5.566279e-02	3.970728e+00
4.824000e-05	1.336940e-02	4.173806e+00
4.825000e-05	8.068478e-02	4.499524e+00
4.826000e-05	-4.072900e-02	4.782176e+00
4.827000e-05	1.024217e-01	5.059048e+00
4.828000e-05	-7.545897e-02	5.404233e+00
4.829000e-05	-9.696219e-03	5.626945e+00
4.830000e-05	4.257910e-02	5.890098e+00
4.831000e-05	-2.899555e-02	6.183781e+00
4.832000e-05	2.839430e-02	6.428441e+00
4.833000e-05	-4.504456e-02	6.721697e+00
4.834000e-05	6.175676e-02	6.993832e+00
4.835000e-05	1.079483e-02	7.208521e+00
4.836000e-05	-2.870642e-02	7.552157e+00
4.837000e-05	-1.282416e-02	7.826916e+00
4.838000e-05	1.401935e-02	8.100518e+00
4.839000e-05	5.371560e-02	8.350524e+00
4.840000e-05	-3.326701e-02	8.531575e+00
4.841000e-05	-4.108297e-03	8.793858e+00
4.842000e-05	2.272238e-02	9.015813e+00
4.843000e-05	4.116914e-03	9.237912e+00
4.844000e-05	6.978287e-03	9.440017e+00
4.845000e-05	-2.242421e-02	9.691099e+00
4.846000e-05	3.356419e-02	9.913624e+00
4.847000e-05	1.836165e-02	1.016375e+01
4.848000e-05	1.661083e-02	1.034683e+01
4.849000e-05	-2.125971e-02	1.056539e+01
4.850000e-05	5.454017e-03	1.078631e+01
4.851000e-05	2.174304e-02	1.097523e+01
4.852000e-05	9.142184e-04	1.118581e+01
4.853000e-05	6.865470e-04	1.140789e+01
4.854000e-05	6.862527e-03	1.163896e+01
4.855000e-05	3.349965e-02	1.180844e+01
4.856000e-05	8.421954e-03	1.198743e+01
4.857000e-05	9.520004e-04	1.218578e+01
4.858000e-05	-2.263848e-03	1.234575e+01
4.859000e-05	2.025392e-02	1.250260e+01
4.860000e-05	1.377328e-02	1.269159e+01
4.861000e-05	2.073730e-03	1.286046e+01
4.862000e-05	8.719651e-03	1.302836e+01
4.863000e-05	2.337472e-02	1.314690e+01
4.864000e-05	2.003635e-02	1.329309e+01
4.865000e-05	1.237658e-03	1.343202e+01
4.866000e-05	2.726869e-03	1.359940e+01
4.867000e-05	1.713453e-02	1.371473e+01
4.868000e-05	1.956427e-02	1.387156e+01
4.869000e-05	8.507181e-03	1.395745e+01
4.870000e-05	8.964798e-03	1.413535e+01
4.871000e-05	2.147667e-02	1.426264e+01
4.872000e-05	2.216849e-02	1.437627e+01
4.873000e-05	1.031964e-02	1.450246e+01
4.874000e-05	7.851254e-03	1.456581e+01
4.875000e-05	1.821550e-02	1.464202e+01
4.876000e-05	2.311595e-02	1.471612e+01
4.877000e-05	1.358090e-02	1.480893e+01
4.878000e-05	1.149788e-02	1.488312e+01
4.879000e-05	1.893817e-02	1.497628e+01
4.880000e-05	2.515204e-02	1.502883e+01
4.881000e-05	1.698516e-02	1.507096e+01
4.882000e-05	1.443798e-02	1.508722e+01
4.883000e-05	2.042623e-02	1.518993e+01
4.884000e-05	2.522138e-02	1.521088e+01
4.885000e-05	2.246726e-02	1.528307e+01
4.886000e-05	1.499373e-02	1.530509e+01
4.887000e-05	2.316163e-02	1.534522e+01
4.888000e-05	2.679519e-02	1.532612e+01
4.889000e-05	2.835679e-02	1.534564e+01
4.890000e-05	1.954996e-02	1.536572e+01
4.891000e-05	2.634343e-02	1.535688e+01
4.892000e-05	3.094126e-02	1.539725e+01
4.893000e-05	3.114793e-02	1.536720e+01
4.894000e-05	2.855335e-02	1.536615e+01
4.895000e-05	3.120326e-02	1.532414e+01
4.896000e-05	4.116227e-02	1.530362e+01
4.897000e-05	3.829161e-02	1.527299e+01
4.898000e-05	3.678856e-02	1.524143e+01
4.899000e-05	3.686779e-02	1.515840e+01
4.900000e-05	4.970327e-02	1.515625e+01
4.901000e-05	5.388296e-02	1.508201e+01
4.902000e-05	5.726768e-02	1.504928e+01
4.903000e-05	6.142626e-02	1.499723e+01
4.904000e-05	7.447789e-02	1.493207e+01
4.905000e-05	8.420915e-02	1.483986e+01
4.906000e-05	9.185748e-02	1.477417e+01
4.907000e-05	1.091711e-01	1.468903e+01
4.908000e-05	1.344818e-01	1.458718e+01
4.909000e-05	1.663732e-01	1.453354e+01
4.910000e-05	1.907268e-01	1.437877e+01
4.911000e-05	2.224794e-01	1.431401e+01
4.912000e-05	2.429330e-01	1.418622e+01
4.913000e-05	2.489365e-01	1.405938e+01
4.914000e-05	2.489932e-01	1.393449e+01
4.915000e-05	2.490195e-01	1.379813e+01
4.916000e-05	2.490400e-01	1.363949e+01
4.917000e-05	2.488810e-01	1.349153e+01
4.918000e-05	2.400356e-01	1.339457e+01
4.919000e-05	2.107158e-01	1.320676e+01
4.920000e-05	1.806680e-01	1.308244e+01
4.921000e-05	1.567216e-01	1.291494e+01
4.922000e-05	1.315123e-01	1.276454e+01
4.923000e-05	1.067829e-01	1.264670e+01
4.924000e-05	9.094896e-02	1.246031e+01
4.925000e-05	7.684980e-02	1.232133e+01
4.926000e-05	6.519434e-02	1.208289e+01
4.927000e-05	4.961959e-02	1.192089e+01
4.928000e-05	4.271438e-02	1.176351e+01
4.929000e-05	3.726929e-02	1.153202e+01
4.930000e-05	3.265043e-02	1.133248e+01
4.931000e-05	2.264762e-02	1.110148e+01
4.932000e-05	1.945447e-02	1.094039e+01
4.933000e-05	1.743178e-02	1.071997e+01
4.934000e-05	1.633138e-02	1.053088e+01
4.935000e-05	1.162582e-02	1.030869e+01
4.936000e-05	9.855201e-03	1.007731e+01
4.937000e-05	1.003113e-02	9.837206e+00
4.938000e-05	9.399271e-03	9.625147e+00
4.939000e-05	5.668558e-03	9.386045e+00
4.940000e-05	2.985447e-03	9.172018e+00
4.941000e-05	4.886446e-03	8.930867e+00
4.942000e-05	5.666475e-03	8.727883e+00
4.943000e-05	3.042887e-03	8.489207e+00
4.944000e-05	1.577460e-03	8.275800e+00
4.945000e-05	1.290469e-03	8.004492e+00
4.946000e-05	3.481584e-03	7.751463e+00
4.947000e-05	1.470372e-03	7.457628e+00
4.948000e-05	-2.235973e-04	7.214525e+00
4.949000e-05	8.156898e-04	6.949966e+00
4.950000e-05	2.138465e-03	6.738334e+00
4.951000e-05	-1.225331e-06	6.413095e+00
4.952000e-05	-2.065050e-03	6.170944e+00
4.953000e-05	-1.560115e-03	5.939811e+00
4.954000e-05	-2.885175e-04	5.656029e+00
4.955000e-05	-8.245234e-04	5.411922e+00
4.956000e-05	-3.647408e-03	5.068620e+00
4.957000e-05	-3.126566e-03	4.738285e+00
4.958000e-05	-1.091633e-03	4.478203e+00
4.959000e-05	-1.048736e-03	4.223966e+00
4.960000e-05	-3.452383e-03	3.907786e+00
4.961000e-05	-3.568589e-03	3.663526e+00
4.962000e-05	-2.403546e-03	3.380833e+00
4.963000e-05	-2.724571e-03	3.127132e+00
4.964000e-05	-5.240295e-03	2.841546e+00
4.965000e-05	-5.236262e-03	2.520209e+00
4.966000e-05	-4.503087e-03	2.264023e+00
4.967000e-05	-3.232301e-03	2.020342e+00
4.968000e-05	-4.018820e-03	1.725702e+00
4.969000e-05	-4.667460e-03	1.400867e+00
4.970000e-05	-4.002623e-03	1.104079e+00
4.971000e-05	-3.697406e-03	8.083394e-01
4.972000e-05	-4.065331e-03	5.151066e-01
4.973000e-05	-4.956307e-03	2.513234e-01
4.974000e-05	-3.201743e-03	-5.528948e-02
4.975000e-05	4.824108e-03	-3.179223e-01
4.976000e-05	-1.547172e-03	-5.611079e-01
4.977000e-05	-3.177343e-03	-8.537622e-01
4.978000e-05	-5.796296e-03	-1.105949e+00
4.979000e-05	-1.044896e-03	-1.413811e+00
4.980000e-05	-2.333508e-03	-1.695417e+00
4.981000e-05	8.190465e-03	-1.936947e+00
4.982000e-05	4.788483e-02	-2.099153e+00
4.983000e-05	6.803277e-02	-2.477420e+00
4.984000e-05	-7.871583e-02	-2.843390e+00
4.985000e-05	-3.257104e-02	-3.193286e+00
4.986000e-05	-4.300258e-02	-3.465816e+00
4.987000e-05	-1.613254e-02	-3.697649e+00
4.988000e-05	-6.294060e-02	-3.970578e+00
4.989000e-05	1.106580e-01	-4.137521e+00
4.990000e-05	-4.885124e-02	-4.392657e+00
4.991000e-05	1.151843e-02	-4.697469e+00
4.992000e-05	1.090679e-01	-4.940024e+00
4.993000e-05	-1.594305e-01	-5.266424e+00
4.994000e-05	8.760418e-02	-5.550625e+00
4.995000e-05	-1.023946e-01	-5.783811e+00
4.996000e-05	3.884304e-02	-6.067994e+00
4.997000e-05	3.192995e-02	-6.350152e+00
4.998000e-05	-7.548081e-02	-6.624836e+00
4.999000e-05	1.025943e-01	-6.868047e+00
