# 261001_13:10:45.071122
t	CH1	CH2
0.000000e+00	-4.583819e-03	3.985224e-01
1.000000e-08	-3.715429e-03	1.052554e-01
2.000000e-08	-8.511842e-04	-1.518500e-01
3.000000e-08	6.868370e-03	-3.925539e-01
4.000000e-08	-5.823765e-03	-7.177944e-01
5.000000e-08	5.594521e-04	-9.619024e-01
6.000000e-08	-7.361142e-03	-1.226087e+00
7.000000e-08	-5.328349e-04	-1.550372e+00
8.000000e-08	-3.060553e-03	-1.781003e+00
9.000000e-08	2.215182e-02	-1.990500e+00
1.000000e-07	7.886451e-02	-2.267312e+00
1.100000e-07	-2.996519e-03	-2.625057e+00
1.200000e-07	-6.737102e-02	-2.998081e+00
1.300000e-07	-3.473979e-02	-3.348417e+00
1.400000e-07	-2.319920e-02	-3.538452e+00
1.500000e-07	-4.459338e-02	-3.806104e+00
1.600000e-07	-1.000480e-02	-4.013131e+00
1.700000e-07	1.138951e-01	-4.162028e+00
1.800000e-07	-1.391611e-01	-4.477193e+00
1.900000e-07	1.651949e-01	-4.802000e+00
2.000000e-07	-5.796717e-02	-5.025612e+00
2.100000e-07	-6.157097e-02	-5.385531e+00
2.200000e-07	5.822279e-02	-5.624554e+00
2.300000e-07	-1.339105e-01	-5.929846e+00
2.400000e-07	1.359489e-01	-6.161499e+00
2.500000e-07	-8.998616e-02	-6.454662e+00
2.600000e-07	3.487188e-02	-6.729371e+00
2.700000e-07	3.923604e-02	-6.923997e+00
2.800000e-07	-8.976233e-02	-7.278842e+00
2.900000e-07	5.934486e-02	-7.500364e+00
3.000000e-07	-1.024160e-01	-7.785579e+00
3.100000e-07	7.962889e-02	-8.117838e+00
3.200000e-07	-3.450059e-02	-8.278894e+00
3.300000e-07	-1.531204e-02	-8.540922e+00
3.400000e-07	4.158138e-02	-8.785605e+00
3.500000e-07	-8.362267e-02	-9.026186e+00
3.600000e-07	6.509390e-02	-9.236232e+00
3.700000e-07	-8.813028e-02	-9.467387e+00
3.800000e-07	5.674885e-02	-9.719865e+00
3.900000e-07	-4.377150e-02	-9.909318e+00
4.000000e-07	1.885280e-02	-1.015405e+01
4.100000e-07	-1.631178e-02	-1.036338e+01
4.200000e-07	-3.136224e-02	-1.059411e+01
4.300000e-07	1.665072e-02	-1.079315e+01
4.400000e-07	-4.666576e-02	-1.098375e+01
4.500000e-07	2.828518e-02	-1.119455e+01
4.600000e-07	-4.826784e-02	-1.135606e+01
4.700000e-07	2.914656e-02	-1.164573e+01
4.800000e-07	-4.002138e-02	-1.180620e+01
4.900000e-07	1.005221e-02	-1.202625e+01
5.000000e-07	-3.826806e-02	-1.219410e+01
5.100000e-07	-2.880935e-04	-1.233212e+01
5.200000e-07	-1.492121e-02	-1.254155e+01
5.300000e-07	-1.355511e-02	-1.271037e+01
5.400000e-07	-9.618136e-03	-1.290734e+01
5.500000e-07	-2.133072e-02	-1.303673e+01
5.600000e-07	1.898744e-03	-1.316263e+01
5.700000e-07	-3.260060e-02	-1.337154e+01
5.800000e-07	-3.552489e-03	-1.344836e+01
5.900000e-07	-3.188855e-02	-1.360528e+01
6.000000e-07	4.845624e-04	-1.377113e+01
6.100000e-07	-2.793639e-02	-1.384738e+01
6.200000e-07	-1.055156e-02	-1.408330e+01
6.300000e-07	-2.269532e-02	-1.414254e+01
6.400000e-07	-1.288906e-02	-1.425771e+01
6.500000e-07	-1.996484e-02	-1.437115e+01
6.600000e-07	-2.166096e-02	-1.446884e+01
6.700000e-07	-1.776630e-02	-1.459160e+01
6.800000e-07	-2.023571e-02	-1.466624e+01
6.900000e-07	-1.621999e-02	-1.478057e+01
7.000000e-07	-2.614445e-02	-1.481525e+01
7.100000e-07	-2.134724e-02	-1.488894e+01
7.200000e-07	-2.400522e-02	-1.497164e+01
7.300000e-07	-2.039005e-02	-1.502573e+01
7.400000e-07	-2.702623e-02	-1.507897e+01
7.500000e-07	-2.405150e-02	-1.512054e+01
7.600000e-07	-2.539209e-02	-1.520362e+01
7.700000e-07	-2.227027e-02	-1.523378e+01
7.800000e-07	-2.988368e-02	-1.529798e+01
7.900000e-07	-2.865163e-02	-1.533897e+01
8.000000e-07	-2.846872e-02	-1.538157e+01
8.100000e-07	-2.759842e-02	-1.539307e+01
8.200000e-07	-3.023446e-02	-1.539217e+01
8.300000e-07	-3.468298e-02	-1.542628e+01
8.400000e-07	-3.233780e-02	-1.539317e+01
8.500000e-07	-3.546966e-02	-1.542325e+01
8.600000e-07	-3.618138e-02	-1.541325e+01
8.700000e-07	-4.093099e-02	-1.545417e+01
8.800000e-07	-3.929018e-02	-1.537067e+01
8.900000e-07	-4.218152e-02	-1.537112e+01
9.000000e-07	-4.620764e-02	-1.530852e+01
9.100000e-07	-4.987027e-02	-1.530596e+01
9.200000e-07	-5.282392e-02	-1.524376e+01
9.300000e-07	-5.513611e-02	-1.522313e+01
9.400000e-07	-6.258701e-02	-1.516054e+01
9.500000e-07	-7.000509e-02	-1.511646e+01
9.600000e-07	-7.914718e-02	-1.504578e+01
9.700000e-07	-8.958642e-02	-1.496107e+01
9.800000e-07	-1.069116e-01	-1.489791e+01
9.900000e-07	-1.294084e-01	-1.486373e+01
1.000000e-06	-1.571712e-01	-1.475007e+01
1.010000e-06	-1.921363e-01	-1.466485e+01
1.020000e-06	-2.310364e-01	-1.458007e+01
1.030000e-06	-2.499920e-01	-1.449588e+01
1.040000e-06	-2.500000e-01	-1.438012e+01
1.050000e-06	-2.500000e-01	-1.425478e+01
1.060000e-06	-2.500000e-01	-1.414759e+01
1.070000e-06	-2.500000e-01	-1.400177e+01
1.080000e-06	-2.500000e-01	-1.387538e+01
1.090000e-06	-2.488450e-01	-1.374847e+01
1.100000e-06	-2.346757e-01	-1.364208e+01
1.110000e-06	-1.974644e-01	-1.346534e+01
1.120000e-06	-1.608604e-01	-1.332401e+01
1.130000e-06	-1.335267e-01	-1.321119e+01
1.140000e-06	-1.074229e-01	-1.302267e+01
1.150000e-06	-9.036949e-02	-1.296531e+01
1.160000e-06	-7.362955e-02	-1.273804e+01
1.170000e-06	-6.037605e-02	-1.258951e+01
1.180000e-06	-4.803856e-02	-1.240167e+01
1.190000e-06	-4.190839e-02	-1.224170e+01
1.200000e-06	-3.518657e-02	-1.206273e+01
1.210000e-06	-3.057496e-02	-1.188188e+01
1.220000e-06	-2.513294e-02	-1.170280e+01
1.230000e-06	-2.294944e-02	-1.143272e+01
1.240000e-06	-2.076483e-02	-1.125027e+01
1.250000e-06	-1.894697e-02	-1.102227e+01
1.260000e-06	-1.623986e-02	-1.080113e+01
1.270000e-06	-1.450662e-02	-1.064167e+01
1.280000e-06	-1.382664e-02	-1.041170e+01
1.290000e-06	-1.337574e-02	-1.018946e+01
1.300000e-06	-1.273915e-02	-9.946564e+00
1.310000e-06	-1.155021e-02	-9.738063e+00
1.320000e-06	-1.260965e-02	-9.535441e+00
1.330000e-06	-1.185136e-02	-9.345382e+00
1.340000e-06	-1.155917e-02	-9.083834e+00
1.350000e-06	-9.344448e-03	-8.882731e+00
1.360000e-06	-1.025477e-02	-8.619695e+00
1.370000e-06	-9.685928e-03	-8.355885e+00
1.380000e-06	-9.866267e-03	-8.165442e+00
1.390000e-06	-8.741623e-03	-7.880807e+00
1.400000e-06	-1.007515e-02	-7.641095e+00
1.410000e-06	-9.989540e-03	-7.356436e+00
1.420000e-06	-8.687293e-03	-7.114281e+00
1.430000e-06	-8.271032e-03	-6.840623e+00
1.440000e-06	-7.618852e-03	-6.615991e+00
1.450000e-06	-8.143959e-03	-6.324837e+00
1.460000e-06	-7.403213e-03	-6.082228e+00
1.470000e-06	-6.684505e-03	-5.787021e+00
1.480000e-06	-9.071980e-03	-5.505786e+00
1.490000e-06	-8.283670e-03	-5.229598e+00
1.500000e-06	-9.849897e-03	-4.924358e+00
1.510000e-06	-6.634280e-03	-4.627620e+00
1.520000e-06	-6.235063e-03	-4.376946e+00
1.530000e-06	-6.320925e-03	-4.155961e+00
1.540000e-06	-7.504357e-03	-3.869649e+00
1.550000e-06	-5.749032e-03	-3.568392e+00
1.560000e-06	-7.782838e-03	-3.332260e+00
1.570000e-06	-6.050815e-03	-3.027500e+00
1.580000e-06	-7.876250e-03	-2.744362e+00
1.590000e-06	-5.260748e-03	-2.430653e+00
1.600000e-06	-5.636431e-03	-2.181841e+00
1.610000e-06	-4.262259e-03	-1.871255e+00
1.620000e-06	-6.018093e-03	-1.599043e+00
1.630000e-06	-4.865983e-03	-1.250279e+00
1.640000e-06	-6.089680e-03	-1.015893e+00
1.650000e-06	-4.026341e-03	-6.933268e-01
1.660000e-06	-4.373612e-03	-3.974698e-01
1.670000e-06	-2.444199e-03	-1.433146e-01
1.680000e-06	5.753757e-03	1.193984e-01
1.690000e-06	5.143650e-03	4.325828e-01
1.700000e-06	-1.146701e-03	6.657659e-01
1.710000e-06	-2.171621e-04	9.018988e-01
1.720000e-06	-1.842299e-04	1.235637e+00
1.730000e-06	2.227459e-03	1.489421e+00
1.740000e-06	1.740565e-05	1.833607e+00
1.750000e-06	1.568218e-02	2.024079e+00
1.760000e-06	5.432489e-02	2.307415e+00
1.770000e-06	5.087048e-02	2.617768e+00
1.780000e-06	-6.876373e-02	2.931925e+00
1.790000e-06	-3.959954e-02	3.217632e+00
1.800000e-06	-2.284421e-02	3.540441e+00
1.810000e-06	5.772634e-03	3.770475e+00
1.820000e-06	-5.563697e-02	3.950969e+00
1.830000e-06	3.681829e-03	4.173525e+00
1.840000e-06	8.977779e-02	4.478320e+00
1.850000e-06	-5.024815e-02	4.730975e+00
1.860000e-06	1.084559e-01	5.026131e+00
1.870000e-06	-6.854293e-02	5.363929e+00
1.880000e-06	-2.427041e-02	5.666254e+00
1.890000e-06	5.056713e-02	5.909397e+00
1.900000e-06	-3.328818e-02	6.172973e+00
1.910000e-06	3.663395e-02	6.374181e+00
1.920000e-06	-5.080313e-02	6.750995e+00
1.930000e-06	5.691865e-02	6.963498e+00
1.940000e-06	2.096543e-02	7.215278e+00
1.950000e-06	-3.237585e-02	7.489443e+00
1.960000e-06	-1.367473e-02	7.806024e+00
1.970000e-06	2.552901e-03	8.038294e+00
1.980000e-06	6.147533e-02	8.287340e+00
1.990000e-06	-2.970448e-02	8.509364e+00
2.000000e-06	-9.280643e-03	8.730026e+00
2.010000e-06	2.512782e-02	8.974125e+00
2.020000e-06	3.328147e-03	9.205202e+00
2.030000e-06	1.490739e-02	9.405733e+00
2.040000e-06	-2.992804e-02	9.659359e+00
2.050000e-06	2.809355e-02	9.870862e+00
2.060000e-06	1.652142e-02	1.013992e+01
2.070000e-06	1.705249e-02	1.031997e+01
2.080000e-06	-1.795991e-02	1.054204e+01
2.090000e-06	-3.075973e-03	1.075207e+01
2.100000e-06	3.058279e-02	1.094100e+01
2.110000e-06	1.011031e-03	1.114199e+01
2.120000e-06	4.503550e-03	1.134362e+01
2.130000e-06	-4.806404e-03	1.153410e+01
2.140000e-06	3.172115e-02	1.177506e+01
2.150000e-06	7.470989e-03	1.196205e+01
2.160000e-06	5.647303e-04	1.212102e+01
2.170000e-06	-4.355761e-03	1.232207e+01
2.180000e-06	1.948921e-02	1.248897e+01
2.190000e-06	1.945478e-02	1.262825e+01
2.200000e-06	2.995850e-04	1.281528e+01
2.210000e-06	5.531783e-03	1.296459e+01
2.220000e-06	1.615288e-02	1.309299e+01
2.230000e-06	2.222273e-02	1.324744e+01
2.240000e-06	1.884211e-04	1.341315e+01
2.250000e-06	3.663278e-03	1.358219e+01
2.260000e-06	1.448198e-02	1.368753e+01
2.270000e-06	2.006769e-02	1.382580e+01
2.280000e-06	9.699444e-03	1.392301e+01
2.290000e-06	1.899958e-03	1.405849e+01
2.300000e-06	1.962768e-02	1.418380e+01
2.310000e-06	1.881130e-02	1.435254e+01
2.320000e-06	1.253821e-02	1.443733e+01
2.330000e-06	6.917166e-03	1.451104e+01
2.340000e-06	1.766076e-02	1.464480e+01
2.350000e-06	2.308562e-02	1.473944e+01
2.360000e-06	1.428259e-02	1.475265e+01
2.370000e-06	9.617858e-03	1.487588e+01
2.380000e-06	1.394021e-02	1.489991e+01
2.390000e-06	2.385482e-02	1.495015e+01
2.400000e-06	1.758398e-02	1.501623e+01
2.410000e-06	1.533996e-02	1.505791e+01
2.420000e-06	1.910195e-02	1.513164e+01
2.430000e-06	2.624059e-02	1.519274e+01
2.440000e-06	2.160896e-02	1.521480e+01
2.450000e-06	1.620043e-02	1.525743e+01
2.460000e-06	1.934509e-02	1.527788e+01
2.470000e-06	2.690236e-02	1.529851e+01
2.480000e-06	2.818027e-02	1.532896e+01
2.490000e-06	2.157730e-02	1.532014e+01
2.500000e-06	2.561832e-02	1.535206e+01
2.510000e-06	3.158719e-02	1.531954e+01
2.520000e-06	3.353209e-02	1.530898e+01
2.530000e-06	2.816901e-02	1.531949e+01
2.540000e-06	3.197854e-02	1.530688e+01
2.550000e-06	4.015806e-02	1.526693e+01
2.560000e-06	4.316504e-02	1.523485e+01
2.570000e-06	4.016228e-02	1.521122e+01
2.580000e-06	4.393500e-02	1.520065e+01
2.590000e-06	5.425110e-02	1.508806e+01
2.600000e-06	6.012159e-02	1.502841e+01
2.610000e-06	6.457804e-02	1.502280e+01
2.620000e-06	7.152590e-02	1.496104e+01
2.630000e-06	8.954962e-02	1.490644e+01
2.640000e-06	1.085994e-01	1.482123e+01
2.650000e-06	1.308465e-01	1.470852e+01
2.660000e-06	1.600282e-01	1.465583e+01
2.670000e-06	2.006588e-01	1.453962e+01
2.680000e-06	2.417590e-01	1.446636e+01
2.690000e-06	2.499970e-01	1.436112e+01
2.700000e-06	2.500000e-01	1.426490e+01
2.710000e-06	2.500000e-01	1.419964e+01
2.720000e-06	2.500000e-01	1.405375e+01
2.730000e-06	2.500000e-01	1.387498e+01
2.740000e-06	2.500000e-01	1.377812e+01
2.750000e-06	2.449711e-01	1.361480e+01
2.760000e-06	2.186200e-01	1.350601e+01
2.770000e-06	1.748166e-01	1.340259e+01
2.780000e-06	1.410458e-01	1.323123e+01
2.790000e-06	1.125386e-01	1.304230e+01
2.800000e-06	9.539606e-02	1.289651e+01
2.810000e-06	7.667028e-02	1.277907e+01
2.820000e-06	6.099430e-02	1.259022e+01
2.830000e-06	4.747930e-02	1.248226e+01
2.840000e-06	4.038560e-02	1.223593e+01
2.850000e-06	3.153719e-02	1.212543e+01
2.860000e-06	2.218497e-02	1.191493e+01
2.870000e-06	1.734879e-02	1.174649e+01
2.880000e-06	1.654577e-02	1.152606e+01
2.890000e-06	1.535116e-02	1.129546e+01
2.900000e-06	1.007472e-02	1.109491e+01
2.910000e-06	7.817082e-03	1.090549e+01
2.920000e-06	7.475885e-03	1.069746e+01
2.930000e-06	8.381035e-03	1.052438e+01
2.940000e-06	3.948155e-03	1.027336e+01
2.950000e-06	2.783769e-03	1.005293e+01
2.960000e-06	3.737515e-03	9.830203e+00
2.970000e-06	4.816196e-03	9.609222e+00
2.980000e-06	2.127292e-03	9.421044e+00
2.990000e-06	5.897749e-04	9.187620e+00
3.000000e-06	2.309250e-03	8.967436e+00
3.010000e-06	2.368493e-03	8.714386e+00
3.020000e-06	2.162668e-03	8.494306e+00
3.030000e-06	3.556817e-05	8.249679e+00
3.040000e-06	9.045054e-04	7.999096e+00
3.050000e-06	5.912555e-04	7.764990e+00
3.060000e-06	7.006448e-04	7.491781e+00
3.070000e-06	-2.801529e-03	7.181095e+00
3.080000e-06	-1.468347e-03	6.966568e+00
3.090000e-06	-7.653393e-04	6.743862e+00
3.100000e-06	9.732590e-04	6.481279e+00
3.110000e-06	-1.501648e-03	6.206598e+00
3.120000e-06	-1.445225e-03	5.943915e+00
3.130000e-06	-1.050882e-03	5.710307e+00
3.140000e-06	-1.100806e-03	5.419174e+00
3.150000e-06	-3.484761e-03	5.111278e+00
3.160000e-06	-3.992865e-03	4.755490e+00
3.170000e-06	-1.854283e-03	4.503383e+00
3.180000e-06	-1.450659e-03	4.259600e+00
3.190000e-06	-1.958193e-03	3.946387e+00
3.200000e-06	-4.291811e-03	3.651755e+00
3.210000e-06	-3.991474e-03	3.388520e+00
3.220000e-06	-2.778544e-03	3.124308e+00
3.230000e-06	-2.846057e-03	2.841104e+00
3.240000e-06	-4.571113e-03	2.575489e+00
3.250000e-06	-4.143591e-03	2.311252e+00
3.260000e-06	-3.422159e-03	2.009599e+00
3.270000e-06	-3.494400e-03	1.782313e+00
3.280000e-06	-4.500732e-03	1.419623e+00
3.290000e-06	-5.714274e-03	1.143908e+00
3.300000e-06	-4.501639e-03	8.275200e-01
3.310000e-06	-3.986766e-03	5.538881e-01
3.320000e-06	-5.149636e-03	2.696778e-01
3.330000e-06	-3.145408e-03	-3.403303e-02
3.340000e-06	4.320350e-03	-2.881920e-01
3.350000e-06	6.766854e-04	-5.328486e-01
3.360000e-06	-2.333417e-03	-8.551093e-01
3.370000e-06	-5.773842e-03	-1.087814e+00
3.380000e-06	-2.106262e-03	-1.414979e+00
3.390000e-06	-3.110750e-03	-1.595659e+00
3.400000e-06	6.032026e-03	-1.897238e+00
3.410000e-06	4.304454e-02	-2.099812e+00
3.420000e-06	8.160349e-02	-2.476509e+00
3.430000e-06	-8.132754e-02	-2.794478e+00
3.440000e-06	-3.045029e-02	-3.163429e+00
3.450000e-06	-4.724263e-02	-3.446558e+00
3.460000e-06	-1.232913e-02	-3.667664e+00
3.470000e-06	-6.977587e-02	-3.940374e+00
3.480000e-06	1.085241e-01	-4.096840e+00
3.490000e-06	-3.094241e-02	-4.339970e+00
3.500000e-06	-2.534319e-02	-4.638228e+00
3.510000e-06	1.436009e-01	-4.875187e+00
3.520000e-06	-1.740633e-01	-5.178132e+00
3.530000e-06	9.226591e-02	-5.569872e+00
3.540000e-06	-9.602676e-02	-5.743524e+00
3.550000e-06	1.722748e-02	-6.055211e+00
3.560000e-06	5.898391e-02	-6.269761e+00
3.570000e-06	-9.895276e-02	-6.604125e+00
3.580000e-06	1.175454e-01	-6.854677e+00
3.590000e-06	-8.677488e-02	-7.111838e+00
3.600000e-06	1.829536e-02	-7.404635e+00
3.610000e-06	-2.261553e-02	-7.654737e+00
3.620000e-06	-4.022737e-02	-7.931923e+00
3.630000e-06	7.898028e-02	-8.172574e+00
3.640000e-06	-9.730917e-02	-8.436683e+00
3.650000e-06	7.796105e-02	-8.646709e+00
3.660000e-06	-6.840389e-02	-8.889839e+00
3.670000e-06	1.520404e-02	-9.140948e+00
3.680000e-06	-9.830624e-03	-9.351520e+00
3.690000e-06	-3.714183e-02	-9.634131e+00
3.700000e-06	4.207323e-02	-9.784078e+00
3.710000e-06	-5.719554e-02	-1.007784e+01
3.720000e-06	5.025690e-02	-1.021671e+01
3.730000e-06	-7.258840e-02	-1.050834e+01
3.740000e-06	3.182014e-02	-1.068733e+01
3.750000e-06	-4.459218e-02	-1.088779e+01
3.760000e-06	1.101856e-02	-1.108097e+01
3.770000e-06	-1.844756e-02	-1.127886e+01
3.780000e-06	-8.902288e-03	-1.153004e+01
3.790000e-06	1.014271e-03	-1.171850e+01
3.800000e-06	-2.633930e-02	-1.188295e+01
3.810000e-06	-5.853420e-04	-1.212846e+01
3.820000e-06	-3.806036e-02	-1.223029e+01
3.830000e-06	1.177578e-02	-1.250586e+01
3.840000e-06	-3.285224e-02	-1.259671e+01
3.850000e-06	8.690497e-03	-1.278618e+01
3.860000e-06	-3.107754e-02	-1.294102e+01
3.870000e-06	4.602745e-03	-1.311892e+01
3.880000e-06	-2.775786e-02	-1.325731e+01
3.890000e-06	-1.142147e-02	-1.340570e+01
3.900000e-06	-2.322826e-02	-1.350105e+01
3.910000e-06	-1.539479e-02	-1.370894e+01
3.920000e-06	-1.112776e-02	-1.381530e+01
3.930000e-06	-2.159038e-02	-1.394257e+01
3.940000e-06	-9.466409e-03	-1.408836e+01
3.950000e-06	-2.364158e-02	-1.419518e+01
3.960000e-06	-1.196009e-02	-1.429049e+01
3.970000e-06	-2.747663e-02	-1.442568e+01
3.980000e-06	-1.546574e-02	-1.454107e+01
3.990000e-06	-2.378197e-02	-1.460623e+01
4.000000e-06	-1.595743e-02	-1.467941e+01
4.010000e-06	-2.304572e-02	-1.479275e+01
4.020000e-06	-1.839795e-02	-1.490790e+01
4.030000e-06	-2.338833e-02	-1.490102e+01
4.040000e-06	-2.183051e-02	-1.502468e+01
4.050000e-06	-2.596008e-02	-1.508888e+01
4.060000e-06	-2.363578e-02	-1.510099e+01
4.070000e-06	-2.451483e-02	-1.519320e+01
4.080000e-06	-2.560065e-02	-1.521523e+01
4.090000e-06	-2.549895e-02	-1.526743e+01
4.100000e-06	-2.967982e-02	-1.533896e+01
4.110000e-06	-2.544659e-02	-1.539312e+01
4.120000e-06	-3.160765e-02	-1.535162e+01
4.130000e-06	-2.796722e-02	-1.538510e+01
4.140000e-06	-3.389892e-02	-1.536212e+01
4.150000e-06	-2.988327e-02	-1.543420e+01
4.160000e-06	-3.409193e-02	-1.543470e+01
4.170000e-06	-3.636149e-02	-1.539518e+01
4.180000e-06	-3.906733e-02	-1.537273e+01
4.190000e-06	-3.984590e-02	-1.542364e+01
4.200000e-06	-4.120851e-02	-1.537057e+01
4.210000e-06	-4.511595e-02	-1.535002e+01
4.220000e-06	-4.769642e-02	-1.530794e+01
4.230000e-06	-4.978120e-02	-1.522586e+01
4.240000e-06	-5.298209e-02	-1.520175e+01
4.250000e-06	-5.932883e-02	-1.516007e+01
4.260000e-06	-6.598453e-02	-1.512894e+01
4.270000e-06	-7.387058e-02	-1.506486e+01
4.280000e-06	-8.379940e-02	-1.501317e+01
4.290000e-06	-9.943553e-02	-1.493801e+01
4.300000e-06	-1.183281e-01	-1.487538e+01
4.310000e-06	-1.419466e-01	-1.483060e+01
4.320000e-06	-1.731080e-01	-1.469699e+01
4.330000e-06	-2.131274e-01	-1.463278e+01
4.340000e-06	-2.460375e-01	-1.453699e+01
4.350000e-06	-2.499992e-01	-1.441375e+01
4.360000e-06	-2.500000e-01	-1.432003e+01
4.370000e-06	-2.500000e-01	-1.421167e+01
4.380000e-06	-2.500000e-01	-1.405393e+01
4.390000e-06	-2.500000e-01	-1.395749e+01
4.400000e-06	-2.500000e-01	-1.380277e+01
4.410000e-06	-2.455138e-01	-1.369686e+01
4.420000e-06	-2.178742e-01	-1.352806e+01
4.430000e-06	-1.782628e-01	-1.340009e+01
4.440000e-06	-1.451275e-01	-1.329585e+01
4.450000e-06	-1.185497e-01	-1.311749e+01
4.460000e-06	-9.874593e-02	-1.298955e+01
4.470000e-06	-8.202234e-02	-1.281270e+01
4.480000e-06	-6.612982e-02	-1.266375e+01
4.490000e-06	-5.409052e-02	-1.250536e+01
4.500000e-06	-4.545407e-02	-1.231696e+01
4.510000e-06	-3.951077e-02	-1.214997e+01
4.520000e-06	-3.257304e-02	-1.195954e+01
4.530000e-06	-2.720582e-02	-1.176759e+01
4.540000e-06	-2.409562e-02	-1.154651e+01
4.550000e-06	-2.144866e-02	-1.133596e+01
4.560000e-06	-1.973683e-02	-1.111538e+01
4.570000e-06	-1.678830e-02	-1.088631e+01
4.580000e-06	-1.630129e-02	-1.071543e+01
4.590000e-06	-1.547669e-02	-1.051684e+01
4.600000e-06	-1.364085e-02	-1.030231e+01
4.610000e-06	-1.286470e-02	-1.011438e+01
4.620000e-06	-1.254480e-02	-9.902803e+00
4.630000e-06	-1.258219e-02	-9.671275e+00
4.640000e-06	-1.159115e-02	-9.419097e+00
4.650000e-06	-1.106558e-02	-9.179668e+00
4.660000e-06	-1.022074e-02	-8.998995e+00
4.670000e-06	-1.020418e-02	-8.736360e+00
4.680000e-06	-1.093852e-02	-8.442831e+00
4.690000e-06	-9.588436e-03	-8.292626e+00
4.700000e-06	-9.573400e-03	-8.052072e+00
4.710000e-06	-1.015878e-02	-7.766411e+00
4.720000e-06	-9.700104e-03	-7.472203e+00
4.730000e-06	-8.992582e-03	-7.191128e+00
4.740000e-06	-7.823712e-03	-6.964964e+00
4.750000e-06	-9.192643e-03	-6.713785e+00
4.760000e-06	-8.507432e-03	-6.473252e+00
4.770000e-06	-9.476499e-03	-6.227495e+00
4.780000e-06	-7.156590e-03	-5.924836e+00
4.790000e-06	-1.000732e-02	-5.681727e+00
4.800000e-06	-7.250578e-03	-5.385465e+00
4.810000e-06	-8.549584e-03	-5.053682e+00
4.820000e-06	-6.335572e-03	-4.805434e+00
4.830000e-06	-8.553581e-03	-4.491784e+00
4.840000e-06	-6.674965e-03	-4.241728e+00
4.850000e-06	-7.091653e-03	-3.988552e+00
4.860000e-06	-6.125377e-03	-3.712332e+00
4.870000e-06	-7.883892e-03	-3.449200e+00
4.880000e-06	-7.097135e-03	-3.144916e+00
4.890000e-06	-7.607407e-03	-2.830125e+00
4.900000e-06	-5.316325e-03	-2.585469e+00
4.910000e-06	-6.580875e-03	-2.342354e+00
4.920000e-06	-5.194370e-03	-2.028076e+00
4.930000e-06	-5.722279e-03	-1.754788e+00
4.940000e-06	-4.671010e-03	-1.480200e+00
4.950000e-06	-5.004359e-03	-1.132736e+00
4.960000e-06	-6.113003e-03	-8.395963e-01
4.970000e-06	-4.097202e-03	-5.733122e-01
4.980000e-06	-3.466636e-03	-3.195804e-01
4.990000e-06	1.115748e-03	-2.902100e-02
5.000000e-06	7.613193e-03	3.077470e-01
5.010000e-06	-3.154315e-03	5.098236e-01
5.020000e-06	3.333928e-03	7.919777e-01
5.030000e-06	-2.273076e-03	1.109297e+00
5.040000e-06	2.204017e-03	1.382003e+00
5.050000e-06	-1.698020e-03	1.696744e+00
5.060000e-06	1.010665e-02	1.909292e+00
5.070000e-06	2.718548e-02	2.150896e+00
5.080000e-06	7.937199e-02	2.476633e+00
5.090000e-06	-2.639535e-02	2.834157e+00
5.100000e-06	-5.387141e-02	3.126870e+00
5.110000e-06	-3.679547e-02	3.363449e+00
5.120000e-06	1.436830e-03	3.645658e+00
5.130000e-06	-2.594153e-02	3.845163e+00
5.140000e-06	-4.401464e-02	4.076286e+00
5.150000e-06	7.219014e-02	4.321471e+00
5.160000e-06	1.640314e-02	4.616110e+00
5.170000e-06	1.115235e-02	4.855712e+00
5.180000e-06	6.556867e-02	5.216603e+00
5.190000e-06	-1.053557e-01	5.519421e+00
5.200000e-06	5.362408e-02	5.732521e+00
5.210000e-06	-5.749149e-03	6.026234e+00
5.220000e-06	1.435888e-03	6.279310e+00
5.230000e-06	4.887205e-03	6.561551e+00
5.240000e-06	-2.532324e-02	6.835734e+00
5.250000e-06	8.314914e-02	7.058341e+00
5.260000e-06	-4.022253e-02	7.363625e+00
5.270000e-06	-4.335404e-03	7.645261e+00
5.280000e-06	-2.444884e-02	7.940972e+00
5.290000e-06	5.119724e-02	8.165108e+00
5.300000e-06	1.870858e-02	8.384208e+00
5.310000e-06	-4.279384e-02	8.606206e+00
5.320000e-06	3.029298e-02	8.856808e+00
5.330000e-06	-5.178656e-04	9.050394e+00
5.340000e-06	2.559202e-02	9.318368e+00
5.350000e-06	-2.239986e-02	9.552472e+00
5.360000e-06	7.058201e-03	9.783651e+00
5.370000e-06	2.113306e-02	1.005618e+01
5.380000e-06	1.842488e-02	1.019365e+01
5.390000e-06	2.214496e-03	1.040581e+01
5.400000e-06	-2.156069e-02	1.060788e+01
5.410000e-06	2.673531e-02	1.084678e+01
5.420000e-06	7.317351e-03	1.103576e+01
5.430000e-06	1.018993e-02	1.122686e+01
5.440000e-06	-1.058900e-02	1.146883e+01
5.450000e-06	2.319771e-02	1.171834e+01
5.460000e-06	1.600139e-02	1.184739e+01
5.470000e-06	7.580897e-03	1.205688e+01
5.480000e-06	-6.117123e-03	1.220670e+01
5.490000e-06	8.484076e-03	1.239480e+01
5.500000e-06	2.176342e-02	1.255310e+01
5.510000e-06	6.283519e-03	1.269899e+01
5.520000e-06	4.602911e-03	1.285941e+01
5.530000e-06	8.020788e-03	1.306721e+01
5.540000e-06	2.542135e-02	1.318418e+01
5.550000e-06	7.424101e-03	1.335097e+01
5.560000e-06	4.254273e-03	1.346849e+01
5.570000e-06	6.144841e-03	1.363581e+01
5.580000e-06	2.105949e-02	1.375156e+01
5.590000e-06	1.293723e-02	1.385886e+01
5.600000e-06	6.489050e-03	1.402628e+01
5.610000e-06	1.171834e-02	1.418167e+01
5.620000e-06	1.867835e-02	1.427886e+01
5.630000e-06	1.785224e-02	1.436372e+01
5.640000e-06	6.303501e-03	1.449899e+01
5.650000e-06	1.456570e-02	1.459262e+01
5.660000e-06	1.794975e-02	1.467784e+01
5.670000e-06	2.181949e-02	1.474199e+01
5.680000e-06	1.107669e-02	1.482375e+01
5.690000e-06	1.343842e-02	1.492796e+01
5.700000e-06	2.013941e-02	1.496109e+01
5.710000e-06	2.001938e-02	1.500425e+01
5.720000e-06	1.566271e-02	1.503745e+01
5.730000e-06	1.490309e-02	1.506853e+01
5.740000e-06	2.366826e-02	1.517222e+01
5.750000e-06	2.400934e-02	1.520380e+01
5.760000e-06	2.102547e-02	1.525580e+01
5.770000e-06	1.737774e-02	1.526801e+01
5.780000e-06	2.589836e-02	1.528951e+01
5.790000e-06	2.838435e-02	1.529848e+01
5.800000e-06	2.409870e-02	1.533011e+01
5.810000e-06	2.259061e-02	1.532949e+01
5.820000e-06	2.786192e-02	1.531906e+01
5.830000e-06	3.378376e-02	1.534906e+01
5.840000e-06	2.993866e-02	1.533011e+01
5.850000e-06	3.132702e-02	1.530943e+01
5.860000e-06	3.679161e-02	1.528596e+01
5.870000e-06	4.347222e-02	1.523488e+01
5.880000e-06	4.175651e-02	1.524325e+01
5.890000e-06	4.165686e-02	1.519170e+01
5.900000e-06	4.753857e-02	1.518957e+01
5.910000e-06	5.619052e-02	1.506783e+01
5.920000e-06	6.204364e-02	1.501540e+01
5.930000e-06	6.678765e-02	1.501122e+01
5.940000e-06	8.280697e-02	1.491901e+01
5.950000e-06	1.001400e-01	1.486378e+01
5.960000e-06	1.197164e-01	1.478060e+01
5.970000e-06	1.425007e-01	1.469793e+01
5.980000e-06	1.800236e-01	1.463173e+01
5.990000e-06	2.245755e-01	1.452846e+01
6.000000e-06	2.494362e-01	1.443228e+01
6.010000e-06	2.499999e-01	1.432806e+01
6.020000e-06	2.500000e-01	1.425120e+01
6.030000e-06	2.500000e-01	1.410746e+01
6.040000e-06	2.500000e-01	1.394962e+01
6.050000e-06	2.500000e-01	1.385367e+01
6.060000e-06	2.492600e-01	1.369643e+01
6.070000e-06	2.362178e-01	1.358909e+01
6.080000e-06	1.964064e-01	1.342375e+01
6.090000e-06	1.555755e-01	1.329646e+01
6.100000e-06	1.257047e-01	1.315802e+01
6.110000e-06	1.041813e-01	1.296965e+01
6.120000e-06	8.617102e-02	1.287333e+01
6.130000e-06	6.744547e-02	1.271588e+01
6.140000e-06	5.299402e-02	1.251651e+01
6.150000e-06	4.440048e-02	1.234866e+01
6.160000e-06	3.701223e-02	1.221062e+01
6.170000e-06	2.745208e-02	1.200017e+01
6.180000e-06	1.964338e-02	1.182070e+01
6.190000e-06	1.841893e-02	1.159220e+01
6.200000e-06	1.555328e-02	1.141029e+01
6.210000e-06	1.249613e-02	1.120972e+01
6.220000e-06	7.119749e-03	1.102065e+01
6.230000e-06	7.803193e-03	1.085218e+01
6.240000e-06	8.060025e-03	1.062117e+01
6.250000e-06	6.042109e-03	1.040024e+01
6.260000e-06	2.983743e-03	1.019962e+01
6.270000e-06	3.664266e-03	9.956070e+00
6.280000e-06	4.776535e-03	9.745009e+00
6.290000e-06	4.073806e-03	9.504857e+00
6.300000e-06	1.198990e-03	9.283808e+00
6.310000e-06	1.058085e-03	9.082254e+00
6.320000e-06	2.066897e-03	8.850697e+00
6.330000e-06	1.475586e-03	8.600122e+00
6.340000e-06	-1.991321e-04	8.418621e+00
6.350000e-06	-8.867717e-04	8.144986e+00
6.360000e-06	2.553209e-03	7.893756e+00
6.370000e-06	1.381758e-03	7.639673e+00
6.380000e-06	-4.081034e-04	7.356016e+00
6.390000e-06	-1.168662e-03	7.153403e+00
6.400000e-06	-1.128758e-05	6.861306e+00
6.410000e-06	-1.790869e-05	6.567118e+00
6.420000e-06	-2.153159e-03	6.324809e+00
6.430000e-06	-2.413550e-03	6.080257e+00
6.440000e-06	-7.994404e-04	5.816621e+00
6.450000e-06	-1.473411e-04	5.524466e+00
6.460000e-06	-2.200215e-03	5.261225e+00
6.470000e-06	-3.477358e-03	4.943432e+00
6.480000e-06	-1.054921e-03	4.638572e+00
6.490000e-06	-1.774640e-03	4.348494e+00
6.500000e-06	-2.592755e-03	4.081803e+00
6.510000e-06	-4.190041e-03	3.787522e+00
6.520000e-06	-3.291190e-03	3.525488e+00
6.530000e-06	-2.655596e-03	3.289804e+00
6.540000e-06	-3.094212e-03	2.988069e+00
6.550000e-06	-5.165891e-03	2.724287e+00
6.560000e-06	-3.718799e-03	2.388592e+00
6.570000e-06	-2.947545e-03	2.144915e+00
6.580000e-06	-3.961915e-03	1.870155e+00
6.590000e-06	-4.629147e-03	1.598021e+00
6.600000e-06	-5.215733e-03	1.281755e+00
6.610000e-06	-4.114997e-03	9.238948e-01
6.620000e-06	-5.105802e-03	6.702002e-01
6.630000e-06	-6.062697e-03	3.875423e-01
6.640000e-06	-3.696280e-03	9.180159e-02
6.650000e-06	3.619304e-04	-1.619499e-01
6.660000e-06	7.511367e-03	-4.020291e-01
6.670000e-06	-7.685967e-03	-6.771434e-01
6.680000e-06	1.260948e-04	-9.708975e-01
6.690000e-06	-6.279688e-03	-1.184535e+00
6.700000e-06	-8.056383e-04	-1.549369e+00
6.710000e-06	-4.615993e-03	-1.751426e+00
6.720000e-06	2.103603e-02	-2.000978e+00
6.730000e-06	7.937005e-02	-2.206691e+00
6.740000e-06	-1.498675e-03	-2.583555e+00
6.750000e-06	-6.855562e-02	-2.977028e+00
6.760000e-06	-3.593149e-02	-3.328846e+00
6.770000e-06	-2.348107e-02	-3.549455e+00
6.780000e-06	-4.359619e-02	-3.824679e+00
6.790000e-06	-1.086842e-02	-4.024083e+00
6.800000e-06	1.141025e-01	-4.172553e+00
6.810000e-06	-1.400220e-01	-4.479220e+00
6.820000e-06	1.654927e-01	-4.759448e+00
6.830000e-06	-5.673331e-02	-4.995135e+00
6.840000e-06	-6.413442e-02	-5.341124e+00
6.850000e-06	6.026258e-02	-5.634584e+00
6.860000e-06	-1.331868e-01	-5.959441e+00
6.870000e-06	1.373921e-01	-6.142121e+00
6.880000e-06	-9.037469e-02	-6.457187e+00
6.890000e-06	3.292751e-02	-6.719925e+00
6.900000e-06	4.102557e-02	-6.920599e+00
6.910000e-06	-8.924612e-02	-7.278687e+00
6.920000e-06	5.694246e-02	-7.530367e+00
6.930000e-06	-1.025330e-01	-7.795605e+00
6.940000e-06	8.004371e-02	-8.108337e+00
6.950000e-06	-3.179009e-02	-8.298268e+00
6.960000e-06	-1.722753e-02	-8.573498e+00
6.970000e-06	4.200362e-02	-8.794527e+00
6.980000e-06	-8.396292e-02	-9.055736e+00
6.990000e-06	6.707688e-02	-9.215205e+00
7.000000e-06	-8.881874e-02	-9.459362e+00
7.010000e-06	5.546042e-02	-9.728391e+00
7.020000e-06	-4.278534e-02	-9.919894e+00
7.030000e-06	1.907151e-02	-1.012252e+01
7.040000e-06	-1.567525e-02	-1.033267e+01
7.050000e-06	-3.328871e-02	-1.059360e+01
7.060000e-06	1.811973e-02	-1.075203e+01
7.070000e-06	-4.638400e-02	-1.097613e+01
7.080000e-06	2.932188e-02	-1.117365e+01
7.090000e-06	-4.821148e-02	-1.141558e+01
7.100000e-06	2.934367e-02	-1.161475e+01
7.110000e-06	-3.974043e-02	-1.181518e+01
7.120000e-06	8.986316e-03	-1.202481e+01
7.130000e-06	-3.841654e-02	-1.218460e+01
7.140000e-06	3.270016e-04	-1.239310e+01
7.150000e-06	-1.465285e-02	-1.254207e+01
7.160000e-06	-1.324968e-02	-1.269049e+01
7.170000e-06	-1.005489e-02	-1.285793e+01
7.180000e-06	-2.053281e-02	-1.305621e+01
7.190000e-06	2.695899e-03	-1.316310e+01
7.200000e-06	-3.208222e-02	-1.332149e+01
7.210000e-06	-4.241564e-03	-1.344786e+01
7.220000e-06	-3.119533e-02	-1.357418e+01
7.230000e-06	8.457456e-04	-1.376257e+01
7.240000e-06	-2.834049e-02	-1.385883e+01
7.250000e-06	-1.107779e-02	-1.402533e+01
7.260000e-06	-2.148311e-02	-1.411252e+01
7.270000e-06	-1.095789e-02	-1.424788e+01
7.280000e-06	-1.976913e-02	-1.436252e+01
7.290000e-06	-2.242156e-02	-1.449746e+01
7.300000e-06	-1.763104e-02	-1.458157e+01
7.310000e-06	-1.969003e-02	-1.464729e+01
7.320000e-06	-1.775199e-02	-1.476055e+01
7.330000e-06	-2.684863e-02	-1.486578e+01
7.340000e-06	-2.054506e-02	-1.490899e+01
7.350000e-06	-2.229895e-02	-1.498359e+01
7.360000e-06	-2.092682e-02	-1.505533e+01
7.370000e-06	-2.695562e-02	-1.508946e+01
7.380000e-06	-2.193542e-02	-1.515112e+01
7.390000e-06	-2.464213e-02	-1.518315e+01
7.400000e-06	-2.243100e-02	-1.523583e+01
7.410000e-06	-3.119447e-02	-1.529981e+01
7.420000e-06	-2.963682e-02	-1.532259e+01
7.430000e-06	-2.826977e-02	-1.537060e+01
7.440000e-06	-2.807629e-02	-1.538305e+01
7.450000e-06	-3.040891e-02	-1.542415e+01
7.460000e-06	-3.420385e-02	-1.542170e+01
7.470000e-06	-3.024332e-02	-1.539463e+01
7.480000e-06	-3.455991e-02	-1.540523e+01
7.490000e-06	-3.605139e-02	-1.538473e+01
7.500000e-06	-4.078999e-02	-1.536368e+01
7.510000e-06	-3.967546e-02	-1.538210e+01
7.520000e-06	-4.205121e-02	-1.535012e+01
7.530000e-06	-4.650768e-02	-1.533804e+01
7.540000e-06	-5.028916e-02	-1.531889e+01
7.550000e-06	-5.183079e-02	-1.522470e+01
7.560000e-06	-5.485633e-02	-1.523275e+01
7.570000e-06	-6.067559e-02	-1.515804e+01
7.580000e-06	-6.948807e-02	-1.507893e+01
7.590000e-06	-7.726894e-02	-1.504378e+01
7.600000e-06	-8.980416e-02	-1.498259e+01
7.610000e-06	-1.063916e-01	-1.488846e+01
7.620000e-06	-1.303425e-01	-1.483375e+01
7.630000e-06	-1.577689e-01	-1.474814e+01
7.640000e-06	-1.915083e-01	-1.464638e+01
7.650000e-06	-2.307637e-01	-1.459260e+01
7.660000e-06	-2.499914e-01	-1.448643e+01
7.670000e-06	-2.500000e-01	-1.435265e+01
7.680000e-06	-2.500000e-01	-1.428583e+01
7.690000e-06	-2.500000e-01	-1.410908e+01
7.700000e-06	-2.500000e-01	-1.402178e+01
7.710000e-06	-2.500000e-01	-1.388730e+01
7.720000e-06	-2.491800e-01	-1.377904e+01
7.730000e-06	-2.350320e-01	-1.360220e+01
7.740000e-06	-1.967609e-01	-1.346538e+01
7.750000e-06	-1.604024e-01	-1.334598e+01
7.760000e-06	-1.330279e-01	-1.322012e+01
7.770000e-06	-1.072654e-01	-1.302375e+01
7.780000e-06	-8.909070e-02	-1.287593e+01
7.790000e-06	-7.336217e-02	-1.277796e+01
7.800000e-06	-6.099017e-02	-1.258859e+01
7.810000e-06	-4.966683e-02	-1.238218e+01
7.820000e-06	-4.184364e-02	-1.223330e+01
7.830000e-06	-3.629113e-02	-1.204438e+01
7.840000e-06	-3.090287e-02	-1.187213e+01
7.850000e-06	-2.653882e-02	-1.167375e+01
7.860000e-06	-2.125297e-02	-1.145112e+01
7.870000e-06	-1.969482e-02	-1.121069e+01
7.880000e-06	-1.789371e-02	-1.101972e+01
7.890000e-06	-1.592384e-02	-1.080062e+01
7.900000e-06	-1.436039e-02	-1.059070e+01
7.910000e-06	-1.474014e-02	-1.040010e+01
7.920000e-06	-1.485283e-02	-1.018902e+01
7.930000e-06	-1.356176e-02	-9.975966e+00
7.940000e-06	-1.153220e-02	-9.768467e+00
7.950000e-06	-1.199753e-02	-9.504964e+00
7.960000e-06	-1.089912e-02	-9.316356e+00
7.970000e-06	-9.788717e-03	-9.074333e+00
7.980000e-06	-9.353182e-03	-8.883276e+00
7.990000e-06	-1.032581e-02	-8.588694e+00
8.000000e-06	-1.167574e-02	-8.386564e+00
8.010000e-06	-9.758024e-03	-8.155486e+00
8.020000e-06	-9.680094e-03	-7.864277e+00
8.030000e-06	-8.907920e-03	-7.649123e+00
8.040000e-06	-9.928647e-03	-7.366907e+00
8.050000e-06	-8.481604e-03	-7.070881e+00
8.060000e-06	-8.453771e-03	-6.829670e+00
8.070000e-06	-7.907788e-03	-6.577469e+00
8.080000e-06	-8.372299e-03	-6.296362e+00
8.090000e-06	-8.289690e-03	-6.061328e+00
8.100000e-06	-7.281948e-03	-5.806546e+00
8.110000e-06	-8.276405e-03	-5.545459e+00
8.120000e-06	-8.062458e-03	-5.230172e+00
8.130000e-06	-8.827560e-03	-4.933341e+00
8.140000e-06	-7.332257e-03	-4.578549e+00
8.150000e-06	-5.971137e-03	-4.397368e+00
8.160000e-06	-6.906239e-03	-4.144338e+00
8.170000e-06	-7.386138e-03	-3.840153e+00
8.180000e-06	-6.647243e-03	-3.576845e+00
8.190000e-06	-7.495612e-03	-3.294279e+00
8.200000e-06	-6.103504e-03	-3.035019e+00
8.210000e-06	-8.361910e-03	-2.764286e+00
8.220000e-06	-5.449588e-03	-2.480128e+00
8.230000e-06	-5.547638e-03	-2.142815e+00
8.240000e-06	-4.263297e-03	-1.879178e+00
8.250000e-06	-6.215715e-03	-1.588447e+00
8.260000e-06	-5.423757e-03	-1.309656e+00
8.270000e-06	-5.692103e-03	-9.860173e-01
8.280000e-06	-4.261200e-03	-7.333854e-01
8.290000e-06	-3.902584e-03	-3.990698e-01
8.300000e-06	-2.413200e-03	-1.228120e-01
8.310000e-06	5.030364e-03	1.613712e-01
8.320000e-06	4.640257e-03	4.430828e-01
8.330000e-06	-1.285890e-03	6.877619e-01
8.340000e-06	-1.228343e-03	9.397212e-01
8.350000e-06	-7.550150e-04	1.234684e+00
8.360000e-06	2.227566e-03	1.520819e+00
8.370000e-06	9.970299e-04	1.822631e+00
8.380000e-06	1.541790e-02	2.044033e+00
8.390000e-06	5.437998e-02	2.267362e+00
8.400000e-06	5.200397e-02	2.619242e+00
8.410000e-06	-6.870433e-02	2.951898e+00
8.420000e-06	-4.043883e-02	3.223163e+00
8.430000e-06	-2.406108e-02	3.519424e+00
8.440000e-06	5.774361e-03	3.759472e+00
8.450000e-06	-5.699515e-02	3.990001e+00
8.460000e-06	2.670150e-03	4.171579e+00
8.470000e-06	8.992739e-02	4.489416e+00
8.480000e-06	-4.975377e-02	4.791576e+00
8.490000e-06	1.095763e-01	5.005781e+00
8.500000e-06	-6.809502e-02	5.351977e+00
8.510000e-06	-2.456168e-02	5.666108e+00
8.520000e-06	4.939382e-02	5.888366e+00
8.530000e-06	-3.453825e-02	6.142499e+00
8.540000e-06	3.703402e-02	6.355132e+00
8.550000e-06	-5.151045e-02	6.710446e+00
8.560000e-06	5.699249e-02	6.971526e+00
8.570000e-06	2.108648e-02	7.185207e+00
8.580000e-06	-3.142811e-02	7.508966e+00
8.590000e-06	-1.376992e-02	7.784069e+00
8.600000e-06	2.322302e-03	8.066311e+00
8.610000e-06	6.233702e-02	8.277820e+00
8.620000e-06	-2.934560e-02	8.508341e+00
8.630000e-06	-9.714897e-03	8.740999e+00
8.640000e-06	2.397123e-02	8.943630e+00
8.650000e-06	2.854365e-03	9.234678e+00
8.660000e-06	1.467776e-02	9.425708e+00
8.670000e-06	-2.992689e-02	9.666307e+00
8.680000e-06	2.847961e-02	9.879364e+00
8.690000e-06	1.650712e-02	1.011952e+01
8.700000e-06	1.775326e-02	1.031039e+01
8.710000e-06	-1.751034e-02	1.052120e+01
8.720000e-06	-3.472240e-03	1.075254e+01
8.730000e-06	2.898946e-02	1.093062e+01
8.740000e-06	4.484341e-04	1.110155e+01
8.750000e-06	4.314081e-03	1.136205e+01
8.760000e-06	-4.003606e-03	1.153418e+01
8.770000e-06	3.315459e-02	1.177368e+01
8.780000e-06	7.277473e-03	1.194260e+01
8.790000e-06	8.930965e-04	1.216352e+01
8.800000e-06	-3.851175e-03	1.231045e+01
8.810000e-06	1.895308e-02	1.250799e+01
8.820000e-06	1.862599e-02	1.261674e+01
8.830000e-06	2.482178e-04	1.279317e+01
8.840000e-06	6.028687e-03	1.296362e+01
8.850000e-06	1.555308e-02	1.311012e+01
8.860000e-06	2.134917e-02	1.326734e+01
8.870000e-06	8.822442e-04	1.339473e+01
8.880000e-06	3.244707e-03	1.358317e+01
8.890000e-06	1.455161e-02	1.366993e+01
8.900000e-06	2.054295e-02	1.380417e+01
8.910000e-06	9.420956e-03	1.398212e+01
8.920000e-06	5.299137e-03	1.409749e+01
8.930000e-06	1.880163e-02	1.425485e+01
8.940000e-06	1.877582e-02	1.431154e+01
8.950000e-06	1.091658e-02	1.439531e+01
8.960000e-06	5.857401e-03	1.452997e+01
8.970000e-06	1.794722e-02	1.460435e+01
8.980000e-06	2.269862e-02	1.465796e+01
8.990000e-06	1.621520e-02	1.477418e+01
9.000000e-06	1.174282e-02	1.482533e+01
9.010000e-06	1.584896e-02	1.492949e+01
9.020000e-06	2.411687e-02	1.497265e+01
9.030000e-06	1.550266e-02	1.504625e+01
9.040000e-06	1.432178e-02	1.507888e+01
9.050000e-06	1.796334e-02	1.512914e+01
9.060000e-06	2.552310e-02	1.520174e+01
9.070000e-06	2.280099e-02	1.524328e+01
9.080000e-06	1.773604e-02	1.527488e+01
9.090000e-06	2.200092e-02	1.526893e+01
9.100000e-06	2.663781e-02	1.531898e+01
9.110000e-06	2.832698e-02	1.529854e+01
9.120000e-06	2.177214e-02	1.529756e+01
9.130000e-06	2.506900e-02	1.533056e+01
9.140000e-06	3.031973e-02	1.534004e+01
9.150000e-06	3.168022e-02	1.532046e+01
9.160000e-06	2.919962e-02	1.531796e+01
9.170000e-06	3.207609e-02	1.525841e+01
9.180000e-06	4.095708e-02	1.527535e+01
9.190000e-06	4.361088e-02	1.523378e+01
9.200000e-06	4.208998e-02	1.526273e+01
9.210000e-06	4.277770e-02	1.518120e+01
9.220000e-06	5.360263e-02	1.510859e+01
9.230000e-06	5.876187e-02	1.507638e+01
9.240000e-06	6.410651e-02	1.499370e+01
9.250000e-06	7.191353e-02	1.493066e+01
9.260000e-06	9.067439e-02	1.491546e+01
9.270000e-06	1.090082e-01	1.482318e+01
9.280000e-06	1.305181e-01	1.472804e+01
9.290000e-06	1.600257e-01	1.466538e+01
9.300000e-06	2.016853e-01	1.451861e+01
9.310000e-06	2.424287e-01	1.446738e+01
9.320000e-06	2.499961e-01	1.435022e+01
9.330000e-06	2.500000e-01	1.427440e+01
9.340000e-06	2.500000e-01	1.415999e+01
9.350000e-06	2.500000e-01	1.404325e+01
9.360000e-06	2.500000e-01	1.389701e+01
9.370000e-06	2.500000e-01	1.376904e+01
9.380000e-06	2.447636e-01	1.366225e+01
9.390000e-06	2.198091e-01	1.347743e+01
9.400000e-06	1.765690e-01	1.338957e+01
9.410000e-06	1.405556e-01	1.320015e+01
9.420000e-06	1.128127e-01	1.307382e+01
9.430000e-06	9.577662e-02	1.292693e+01
9.440000e-06	7.710571e-02	1.275809e+01
9.450000e-06	5.950676e-02	1.262272e+01
9.460000e-06	4.653580e-02	1.248385e+01
9.470000e-06	4.018283e-02	1.228435e+01
9.480000e-06	3.297484e-02	1.208551e+01
9.490000e-06	2.339426e-02	1.192551e+01
9.500000e-06	1.858163e-02	1.170751e+01
9.510000e-06	1.632732e-02	1.150601e+01
9.520000e-06	1.594354e-02	1.130698e+01
9.530000e-06	1.044304e-02	1.112539e+01
9.540000e-06	7.216962e-03	1.095639e+01
9.550000e-06	7.108109e-03	1.074541e+01
9.560000e-06	7.877023e-03	1.051538e+01
9.570000e-06	4.666306e-03	1.031280e+01
9.580000e-06	3.389849e-03	1.008336e+01
9.590000e-06	3.396365e-03	9.810749e+00
9.600000e-06	6.300174e-03	9.629720e+00
9.610000e-06	3.396200e-03	9.439566e+00
9.620000e-06	2.045560e-03	9.189569e+00
9.630000e-06	1.249646e-03	8.945487e+00
9.640000e-06	2.529286e-03	8.674832e+00
9.650000e-06	1.033152e-03	8.514356e+00
9.660000e-06	-1.133361e-03	8.232756e+00
9.670000e-06	-5.772678e-04	7.999672e+00
9.680000e-06	2.027659e-03	7.756012e+00
9.690000e-06	2.586487e-03	7.493837e+00
9.700000e-06	4.310262e-05	7.221646e+00
9.710000e-06	-1.021149e-03	6.978540e+00
9.720000e-06	2.937928e-04	6.684810e+00
9.730000e-06	8.233568e-05	6.459795e+00
9.740000e-06	-1.687776e-03	6.217169e+00
9.750000e-06	-3.282825e-03	5.935042e+00
9.760000e-06	-2.196855e-03	5.714304e+00
9.770000e-06	-7.917682e-04	5.409643e+00
9.780000e-06	-1.559223e-03	5.091283e+00
9.790000e-06	-2.547453e-03	4.735536e+00
9.800000e-06	-1.602180e-03	4.523360e+00
9.810000e-06	-5.572361e-04	4.279147e+00
9.820000e-06	-2.520469e-03	3.963915e+00
9.830000e-06	-4.652351e-03	3.680707e+00
9.840000e-06	-4.809459e-03	3.446594e+00
9.850000e-06	-3.255463e-03	3.132335e+00
9.860000e-06	-4.438435e-03	2.840730e+00
9.870000e-06	-4.640038e-03	2.574589e+00
9.880000e-06	-3.902380e-03	2.270729e+00
9.890000e-06	-1.890110e-03	2.028071e+00
9.900000e-06	-3.793399e-03	1.742386e+00
9.910000e-06	-4.762266e-03	1.450021e+00
9.920000e-06	-5.707246e-03	1.102484e+00
9.930000e-06	-4.075998e-03	8.065436e-01
9.940000e-06	-5.017607e-03	5.618894e-01
9.950000e-06	-5.023838e-03	2.880749e-01
9.960000e-06	-3.252013e-03	-4.511040e-02
9.970000e-06	4.704999e-03	-2.777657e-01
9.980000e-06	3.333626e-04	-5.398951e-01
9.990000e-06	-2.240021e-03	-8.056304e-01
1.000000e-05	-5.674108e-03	-1.096713e+00
1.001000e-05	-1.628841e-03	-1.355060e+00
1.002000e-05	-3.059185e-03	-1.665687e+00
1.003000e-05	6.344348e-03	-1.886763e+00
1.004000e-05	4.155597e-02	-2.078318e+00
1.005000e-05	8.139177e-02	-2.405061e+00
1.006000e-05	-8.174075e-02	-2.775980e+00
1.007000e-05	-3.165373e-02	-3.193423e+00
1.008000e-05	-4.763745e-02	-3.425659e+00
1.009000e-05	-1.217277e-02	-3.637113e+00
1.010000e-05	-6.903440e-02	-3.940418e+00
1.011000e-05	1.089947e-01	-4.118788e+00
1.012000e-05	-3.018657e-02	-4.341396e+00
1.013000e-05	-2.699721e-02	-4.596111e+00
1.014000e-05	1.439815e-01	-4.847265e+00
1.015000e-05	-1.765000e-01	-5.198159e+00
1.016000e-05	9.114745e-02	-5.507841e+00
1.017000e-05	-9.584146e-02	-5.732450e+00
1.018000e-05	1.659210e-02	-6.067234e+00
1.019000e-05	5.976349e-02	-6.298290e+00
1.020000e-05	-9.884845e-02	-6.613103e+00
1.021000e-05	1.176030e-01	-6.824682e+00
1.022000e-05	-8.551301e-02	-7.092975e+00
1.023000e-05	1.692048e-02	-7.424154e+00
1.024000e-05	-2.282907e-02	-7.588231e+00
1.025000e-05	-4.131454e-02	-7.993899e+00
1.026000e-05	7.870970e-02	-8.152549e+00
1.027000e-05	-9.734367e-02	-8.417132e+00
1.028000e-05	7.708496e-02	-8.667287e+00
1.029000e-05	-6.551425e-02	-8.919892e+00
1.030000e-05	1.504885e-02	-9.140973e+00
1.031000e-05	-9.151102e-03	-9.342545e+00
1.032000e-05	-3.922215e-02	-9.606626e+00
1.033000e-05	4.247431e-02	-9.824580e+00
1.034000e-05	-5.738945e-02	-1.002721e+01
1.035000e-05	5.007038e-02	-1.025771e+01
1.036000e-05	-7.199504e-02	-1.049789e+01
1.037000e-05	3.142063e-02	-1.066634e+01
1.038000e-05	-4.387767e-02	-1.087938e+01
1.039000e-05	1.005436e-02	-1.106894e+01
1.040000e-05	-1.865981e-02	-1.129134e+01
1.041000e-05	-8.182396e-03	-1.152951e+01
1.042000e-05	1.948010e-03	-1.169896e+01
1.043000e-05	-2.569931e-02	-1.193207e+01
1.044000e-05	2.448071e-04	-1.212894e+01
1.045000e-05	-3.823618e-02	-1.228037e+01
1.046000e-05	1.084500e-02	-1.244786e+01
1.047000e-05	-3.355738e-02	-1.257471e+01
1.048000e-05	6.258432e-03	-1.276420e+01
1.049000e-05	-3.047599e-02	-1.296152e+01
1.050000e-05	4.706628e-03	-1.309886e+01
1.051000e-05	-2.438531e-02	-1.325878e+01
1.052000e-05	-1.076946e-02	-1.340468e+01
1.053000e-05	-2.132520e-02	-1.349997e+01
1.054000e-05	-1.574978e-02	-1.369946e+01
1.055000e-05	-1.160190e-02	-1.380475e+01
1.056000e-05	-2.376200e-02	-1.397354e+01
1.057000e-05	-1.064904e-02	-1.407736e+01
1.058000e-05	-2.352722e-02	-1.418667e+01
1.059000e-05	-1.013521e-02	-1.430952e+01
1.060000e-05	-2.645441e-02	-1.440483e+01
1.061000e-05	-1.501976e-02	-1.454852e+01
1.062000e-05	-2.409442e-02	-1.462621e+01
1.063000e-05	-1.466252e-02	-1.472994e+01
1.064000e-05	-2.324580e-02	-1.475322e+01
1.065000e-05	-1.977975e-02	-1.490988e+01
1.066000e-05	-2.498981e-02	-1.497204e+01
1.067000e-05	-2.093612e-02	-1.500368e+01
1.068000e-05	-2.559674e-02	-1.507844e+01
1.069000e-05	-2.383207e-02	-1.514004e+01
1.070000e-05	-2.454245e-02	-1.516414e+01
1.071000e-05	-2.359639e-02	-1.520426e+01
1.072000e-05	-2.507232e-02	-1.529841e+01
1.073000e-05	-3.038576e-02	-1.528739e+01
1.074000e-05	-2.710895e-02	-1.536109e+01
1.075000e-05	-3.142412e-02	-1.535107e+01
1.076000e-05	-2.789463e-02	-1.538370e+01
1.077000e-05	-3.377574e-02	-1.540420e+01
1.078000e-05	-3.096982e-02	-1.541317e+01
1.079000e-05	-3.441973e-02	-1.540420e+01
1.080000e-05	-3.500338e-02	-1.542422e+01
1.081000e-05	-3.825635e-02	-1.539430e+01
1.082000e-05	-4.006179e-02	-1.542222e+01
1.083000e-05	-4.020940e-02	-1.538402e+01
1.084000e-05	-4.504067e-02	-1.531967e+01
1.085000e-05	-4.686298e-02	-1.533794e+01
1.086000e-05	-5.180797e-02	-1.529788e+01
1.087000e-05	-5.406659e-02	-1.520330e+01
1.088000e-05	-5.942427e-02	-1.516112e+01
1.089000e-05	-6.489181e-02	-1.512856e+01
1.090000e-05	-7.327661e-02	-1.507483e+01
1.091000e-05	-8.215463e-02	-1.498265e+01
1.092000e-05	-9.806940e-02	-1.494854e+01
1.093000e-05	-1.171580e-01	-1.486680e+01
1.094000e-05	-1.418588e-01	-1.481170e+01
1.095000e-05	-1.731885e-01	-1.470803e+01
1.096000e-05	-2.132396e-01	-1.462372e+01
1.097000e-05	-2.454370e-01	-1.455904e+01
1.098000e-05	-2.499989e-01	-1.444223e+01
1.099000e-05	-2.500000e-01	-1.432851e+01
1.100000e-05	-2.500000e-01	-1.421122e+01
1.101000e-05	-2.500000e-01	-1.409543e+01
1.102000e-05	-2.500000e-01	-1.395859e+01
1.103000e-05	-2.500000e-01	-1.382225e+01
1.104000e-05	-2.452350e-01	-1.369590e+01
1.105000e-05	-2.172542e-01	-1.351694e+01
1.106000e-05	-1.787664e-01	-1.340167e+01
1.107000e-05	-1.460181e-01	-1.329485e+01
1.108000e-05	-1.195636e-01	-1.308894e+01
1.109000e-05	-9.836933e-02	-1.299054e+01
1.110000e-05	-8.095277e-02	-1.284372e+01
1.111000e-05	-6.550496e-02	-1.264525e+01
1.112000e-05	-5.426634e-02	-1.247633e+01
1.113000e-05	-4.584232e-02	-1.232489e+01
1.114000e-05	-3.936065e-02	-1.216999e+01
1.115000e-05	-3.257134e-02	-1.190851e+01
1.116000e-05	-2.777189e-02	-1.175696e+01
1.117000e-05	-2.451173e-02	-1.148744e+01
1.118000e-05	-2.221153e-02	-1.133603e+01
1.119000e-05	-1.898205e-02	-1.111536e+01
1.120000e-05	-1.562242e-02	-1.091444e+01
1.121000e-05	-1.503353e-02	-1.073491e+01
1.122000e-05	-1.479594e-02	-1.053439e+01
1.123000e-05	-1.373442e-02	-1.029375e+01
1.124000e-05	-1.194817e-02	-1.013380e+01
1.125000e-05	-1.257272e-02	-9.864678e+00
1.126000e-05	-1.290317e-02	-9.660853e+00
1.127000e-05	-1.220607e-02	-9.429552e+00
1.128000e-05	-1.082283e-02	-9.178141e+00
1.129000e-05	-1.039656e-02	-8.976519e+00
1.130000e-05	-1.014559e-02	-8.716016e+00
1.131000e-05	-1.014770e-02	-8.504281e+00
1.132000e-05	-8.761569e-03	-8.253178e+00
1.133000e-05	-9.547407e-03	-8.041128e+00
1.134000e-05	-1.043792e-02	-7.765012e+00
1.135000e-05	-9.696896e-03	-7.493304e+00
1.136000e-05	-9.757457e-03	-7.251153e+00
1.137000e-05	-9.023097e-03	-6.966515e+00
1.138000e-05	-9.510730e-03	-6.724382e+00
1.139000e-05	-8.143100e-03	-6.482703e+00
1.140000e-05	-7.186963e-03	-6.188469e+00
1.141000e-05	-5.932666e-03	-5.924860e+00
1.142000e-05	-8.022224e-03	-5.671698e+00
1.143000e-05	-7.642076e-03	-5.366464e+00
1.144000e-05	-7.755914e-03	-5.093750e+00
1.145000e-05	-7.060638e-03	-4.775362e+00
1.146000e-05	-8.677314e-03	-4.524779e+00
1.147000e-05	-6.961806e-03	-4.239674e+00
1.148000e-05	-6.782700e-03	-3.987547e+00
1.149000e-05	-5.871777e-03	-3.701783e+00
1.150000e-05	-7.534659e-03	-3.460100e+00
1.151000e-05	-7.074221e-03	-3.177916e+00
1.152000e-05	-5.799785e-03	-2.881200e+00
1.153000e-05	-5.396643e-03	-2.597021e+00
1.154000e-05	-4.968406e-03	-2.301832e+00
1.155000e-05	-6.298471e-03	-1.997998e+00
1.156000e-05	-4.494197e-03	-1.744964e+00
1.157000e-05	-5.257541e-03	-1.508175e+00
1.158000e-05	-6.287111e-03	-1.104284e+00
1.159000e-05	-6.191089e-03	-8.495501e-01
1.160000e-05	-4.416436e-03	-5.953395e-01
1.161000e-05	-2.366990e-03	-3.312039e-01
1.162000e-05	1.287878e-03	-9.493568e-03
1.163000e-05	8.554487e-03	2.967671e-01
1.164000e-05	-2.396294e-03	5.194763e-01
1.165000e-05	2.562837e-03	8.039826e-01
1.166000e-05	-3.006393e-03	1.077467e+00
1.167000e-05	1.575565e-03	1.353504e+00
1.168000e-05	-1.885315e-03	1.676737e+00
1.169000e-05	1.004456e-02	1.889945e+00
1.170000e-05	2.753557e-02	2.141545e+00
1.171000e-05	7.915948e-02	2.445617e+00
1.172000e-05	-2.463813e-02	2.803633e+00
1.173000e-05	-5.310504e-02	3.106843e+00
1.174000e-05	-3.733416e-02	3.322478e+00
1.175000e-05	1.531232e-03	3.644584e+00
1.176000e-05	-2.661185e-02	3.874188e+00
1.177000e-05	-4.339341e-02	4.045188e+00
1.178000e-05	7.061021e-02	4.329920e+00
1.179000e-05	1.599300e-02	4.646678e+00
1.180000e-05	1.110802e-02	4.847265e+00
1.181000e-05	6.678989e-02	5.215585e+00
1.182000e-05	-1.052258e-01	5.497917e+00
1.183000e-05	5.407439e-02	5.782949e+00
1.184000e-05	-3.766058e-03	6.045661e+00
1.185000e-05	1.465041e-03	6.237237e+00
1.186000e-05	3.651732e-03	6.543500e+00
1.187000e-05	-2.732233e-02	6.825186e+00
1.188000e-05	8.242552e-02	7.130267e+00
1.189000e-05	-3.901683e-02	7.323069e+00
1.190000e-05	-4.752144e-03	7.645759e+00
1.191000e-05	-2.475898e-02	7.920995e+00
1.192000e-05	5.261422e-02	8.174472e+00
1.193000e-05	2.032142e-02	8.444577e+00
1.194000e-05	-4.358960e-02	8.615657e+00
1.195000e-05	2.854362e-02	8.857757e+00
1.196000e-05	-1.274544e-03	9.051313e+00
1.197000e-05	2.580856e-02	9.298469e+00
1.198000e-05	-2.309088e-02	9.532000e+00
1.199000e-05	5.201098e-03	9.794124e+00
1.200000e-05	2.065083e-02	1.005568e+01
1.201000e-05	1.952650e-02	1.019565e+01
1.202000e-05	2.868087e-03	1.043633e+01
1.203000e-05	-2.145725e-02	1.060721e+01
1.204000e-05	2.725944e-02	1.088779e+01
1.205000e-05	8.385472e-03	1.102621e+01
1.206000e-05	8.796025e-03	1.124731e+01
1.207000e-05	-1.253935e-02	1.142634e+01
1.208000e-05	2.226046e-02	1.171936e+01
1.209000e-05	1.648801e-02	1.186678e+01
1.210000e-05	7.482829e-03	1.206681e+01
1.211000e-05	-5.806416e-03	1.220570e+01
1.212000e-05	8.429351e-03	1.239520e+01
1.213000e-05	2.237326e-02	1.255210e+01
1.214000e-05	7.058792e-03	1.270899e+01
1.215000e-05	4.812620e-03	1.289741e+01
1.216000e-05	6.119812e-03	1.305681e+01
1.217000e-05	2.577747e-02	1.326425e+01
1.218000e-05	6.174069e-03	1.334997e+01
1.219000e-05	4.238894e-03	1.349782e+01
1.220000e-05	4.691975e-03	1.358378e+01
1.221000e-05	2.237591e-02	1.370214e+01
1.222000e-05	1.439480e-02	1.388579e+01
1.223000e-05	7.029007e-03	1.401688e+01
1.224000e-05	1.182150e-02	1.417010e+01
1.225000e-05	1.900357e-02	1.426938e+01
1.226000e-05	1.747240e-02	1.437410e+01
1.227000e-05	5.485075e-03	1.448747e+01
1.228000e-05	1.279763e-02	1.461067e+01
1.229000e-05	1.820293e-02	1.464626e+01
1.230000e-05	2.107800e-02	1.471162e+01
1.231000e-05	1.202712e-02	1.481373e+01
1.232000e-05	1.373636e-02	1.489796e+01
1.233000e-05	2.121790e-02	1.491097e+01
1.234000e-05	2.075674e-02	1.498530e+01
1.235000e-05	1.582881e-02	1.502633e+01
1.236000e-05	1.325269e-02	1.513901e+01
1.237000e-05	2.326759e-02	1.516017e+01
1.238000e-05	2.286203e-02	1.520219e+01
1.239000e-05	2.015444e-02	1.523438e+01
1.240000e-05	1.770652e-02	1.526793e+01
1.241000e-05	2.589826e-02	1.528900e+01
1.242000e-05	2.795716e-02	1.528748e+01
1.243000e-05	2.508154e-02	1.529804e+01
1.244000e-05	2.340353e-02	1.533956e+01
1.245000e-05	2.813583e-02	1.538951e+01
1.246000e-05	3.310153e-02	1.532011e+01
1.247000e-05	2.889299e-02	1.529803e+01
1.248000e-05	3.043612e-02	1.527748e+01
1.249000e-05	3.523356e-02	1.526641e+01
1.250000e-05	4.358810e-02	1.529530e+01
1.251000e-05	4.093762e-02	1.525177e+01
1.252000e-05	4.317612e-02	1.519122e+01
1.253000e-05	4.854649e-02	1.513966e+01
1.254000e-05	5.709247e-02	1.507703e+01
1.255000e-05	6.130475e-02	1.503430e+01
1.256000e-05	6.617080e-02	1.496159e+01
1.257000e-05	8.237333e-02	1.493599e+01
1.258000e-05	9.848147e-02	1.485438e+01
1.259000e-05	1.186903e-01	1.475012e+01
1.260000e-05	1.411533e-01	1.470541e+01
1.261000e-05	1.803402e-01	1.461125e+01
1.262000e-05	2.242847e-01	1.449806e+01
1.263000e-05	2.487446e-01	1.443280e+01
1.264000e-05	2.500000e-01	1.429764e+01
1.265000e-05	2.500000e-01	1.421280e+01
1.266000e-05	2.500000e-01	1.413596e+01
1.267000e-05	2.500000e-01	1.393910e+01
1.268000e-05	2.500000e-01	1.382292e+01
1.269000e-05	2.495600e-01	1.370598e+01
1.270000e-05	2.369397e-01	1.359016e+01
1.271000e-05	1.961813e-01	1.342225e+01
1.272000e-05	1.562823e-01	1.331536e+01
1.273000e-05	1.271690e-01	1.310652e+01
1.274000e-05	1.036679e-01	1.295024e+01
1.275000e-05	8.593143e-02	1.283280e+01
1.276000e-05	6.632317e-02	1.269446e+01
1.277000e-05	5.402055e-02	1.250704e+01
1.278000e-05	4.314933e-02	1.236807e+01
1.279000e-05	3.573727e-02	1.217764e+01
1.280000e-05	2.648584e-02	1.203072e+01
1.281000e-05	2.058208e-02	1.179072e+01
1.282000e-05	1.881909e-02	1.164272e+01
1.283000e-05	1.671371e-02	1.136874e+01
1.284000e-05	1.201493e-02	1.122967e+01
1.285000e-05	8.860350e-03	1.097019e+01
1.286000e-05	8.270817e-03	1.084165e+01
1.287000e-05	7.291591e-03	1.057868e+01
1.288000e-05	5.501719e-03	1.037162e+01
1.289000e-05	3.108579e-03	1.018909e+01
1.290000e-05	4.514193e-03	9.925545e+00
1.291000e-05	4.616316e-03	9.736011e+00
1.292000e-05	3.565176e-03	9.536255e+00
1.293000e-05	2.236766e-03	9.273782e+00
1.294000e-05	2.549927e-03	9.032851e+00
1.295000e-05	2.712259e-03	8.841174e+00
1.296000e-05	8.952886e-04	8.578668e+00
1.297000e-05	2.729018e-04	8.357071e+00
1.298000e-05	1.993432e-04	8.164961e+00
1.299000e-05	1.622981e-03	7.912804e+00
1.300000e-05	5.076897e-04	7.647649e+00
1.301000e-05	-2.238578e-04	7.387536e+00
1.302000e-05	-6.475746e-04	7.103785e+00
1.303000e-05	8.238245e-04	6.851753e+00
1.304000e-05	-9.445260e-05	6.578067e+00
1.305000e-05	-8.868441e-04	6.322885e+00
1.306000e-05	-1.600829e-03	6.062328e+00
1.307000e-05	-1.424343e-03	5.820045e+00
1.308000e-05	-2.247937e-03	5.525939e+00
1.309000e-05	-2.858081e-03	5.269679e+00
1.310000e-05	-2.582355e-03	4.893457e+00
1.311000e-05	-1.677262e-03	4.648148e+00
1.312000e-05	-1.583285e-03	4.358442e+00
1.313000e-05	-1.154952e-03	4.070780e+00
1.314000e-05	-2.374321e-03	3.810071e+00
1.315000e-05	-1.923280e-03	3.514339e+00
1.316000e-05	-2.591894e-03	3.289748e+00
1.317000e-05	-5.118061e-03	2.975471e+00
1.318000e-05	-5.578845e-03	2.765334e+00
1.319000e-05	-4.462458e-03	2.409573e+00
1.320000e-05	-3.009813e-03	2.153407e+00
1.321000e-05	-4.404877e-03	1.891757e+00
1.322000e-05	-3.609580e-03	1.585967e+00
1.323000e-05	-3.987041e-03	1.290782e+00
1.324000e-05	-3.399913e-03	9.644070e-01
1.325000e-05	-5.329166e-03	6.606490e-01
1.326000e-05	-5.457539e-03	3.880199e-01
1.327000e-05	-4.064297e-03	1.323292e-01
1.328000e-05	-3.912291e-04	-1.618762e-01
1.329000e-05	5.775461e-03	-4.430103e-01
1.330000e-05	-6.900557e-03	-7.082722e-01
1.331000e-05	5.574405e-04	-9.804788e-01
1.332000e-05	-6.525499e-03	-1.207082e+00
1.333000e-05	-7.147447e-04	-1.542399e+00
1.334000e-05	-3.305526e-03	-1.762978e+00
1.335000e-05	2.244129e-02	-2.020981e+00
1.336000e-05	7.855594e-02	-2.266790e+00
1.337000e-05	-2.632431e-03	-2.594654e+00
1.338000e-05	-6.949793e-02	-3.015534e+00
1.339000e-05	-3.584095e-02	-3.309871e+00
1.340000e-05	-2.380065e-02	-3.552474e+00
1.341000e-05	-4.367007e-02	-3.774632e+00
1.342000e-05	-1.296929e-02	-4.033184e+00
1.343000e-05	1.164506e-01	-4.204029e+00
1.344000e-05	-1.397422e-01	-4.466691e+00
1.345000e-05	1.650652e-01	-4.791502e+00
1.346000e-05	-5.548198e-02	-5.026160e+00
1.347000e-05	-6.554733e-02	-5.354028e+00
1.348000e-05	5.954300e-02	-5.645432e+00
1.349000e-05	-1.356274e-01	-5.913424e+00
1.350000e-05	1.356746e-01	-6.131976e+00
1.351000e-05	-8.921404e-02	-6.427708e+00
1.352000e-05	3.310327e-02	-6.700820e+00
1.353000e-05	4.293732e-02	-6.952453e+00
1.354000e-05	-8.963069e-02	-7.309265e+00
1.355000e-05	5.964982e-02	-7.538845e+00
1.356000e-05	-1.029174e-01	-7.825707e+00
1.357000e-05	7.848503e-02	-8.067313e+00
1.358000e-05	-3.172332e-02	-8.269294e+00
1.359000e-05	-1.965867e-02	-8.560446e+00
1.360000e-05	4.353074e-02	-8.765599e+00
1.361000e-05	-8.623312e-02	-9.025158e+00
1.362000e-05	6.779289e-02	-9.246353e+00
1.363000e-05	-8.901059e-02	-9.427864e+00
1.364000e-05	5.656112e-02	-9.718442e+00
1.365000e-05	-4.093027e-02	-9.900393e+00
1.366000e-05	2.005268e-02	-1.016253e+01
1.367000e-05	-1.490714e-02	-1.031305e+01
1.368000e-05	-3.459078e-02	-1.061510e+01
1.369000e-05	1.597245e-02	-1.073318e+01
1.370000e-05	-4.741240e-02	-1.100463e+01
1.371000e-05	2.755879e-02	-1.120473e+01
1.372000e-05	-4.682307e-02	-1.138465e+01
1.373000e-05	2.922580e-02	-1.161581e+01
1.374000e-05	-3.602040e-02	-1.178573e+01
1.375000e-05	1.005805e-02	-1.202668e+01
1.376000e-05	-3.922733e-02	-1.217310e+01
1.377000e-05	-1.862081e-03	-1.236307e+01
1.378000e-05	-1.722988e-02	-1.252152e+01
1.379000e-05	-1.292828e-02	-1.271994e+01
1.380000e-05	-1.033364e-02	-1.284791e+01
1.381000e-05	-2.054011e-02	-1.303568e+01
1.382000e-05	3.048167e-03	-1.320160e+01
1.383000e-05	-3.096993e-02	-1.336199e+01
1.384000e-05	-3.670471e-03	-1.345836e+01
1.385000e-05	-3.321808e-02	-1.359718e+01
1.386000e-05	-1.344746e-04	-1.376360e+01
1.387000e-05	-2.755380e-02	-1.388886e+01
1.388000e-05	-1.109217e-02	-1.402418e+01
1.389000e-05	-2.292276e-02	-1.415254e+01
1.390000e-05	-1.203045e-02	-1.425784e+01
1.391000e-05	-1.991849e-02	-1.436217e+01
1.392000e-05	-2.234752e-02	-1.448836e+01
1.393000e-05	-1.942807e-02	-1.460307e+01
1.394000e-05	-1.983395e-02	-1.466775e+01
1.395000e-05	-1.684886e-02	-1.475205e+01
1.396000e-05	-2.323531e-02	-1.481680e+01
1.397000e-05	-2.106523e-02	-1.494851e+01
1.398000e-05	-2.160130e-02	-1.501414e+01
1.399000e-05	-2.168857e-02	-1.502623e+01
1.400000e-05	-2.815746e-02	-1.509892e+01
1.401000e-05	-2.684535e-02	-1.514154e+01
1.402000e-05	-2.717095e-02	-1.519278e+01
1.403000e-05	-2.202807e-02	-1.524533e+01
1.404000e-05	-2.821658e-02	-1.529747e+01
1.405000e-05	-2.519881e-02	-1.533997e+01
1.406000e-05	-2.756023e-02	-1.535110e+01
1.407000e-05	-2.522388e-02	-1.539310e+01
1.408000e-05	-3.288467e-02	-1.539218e+01
1.409000e-05	-3.491358e-02	-1.541417e+01
1.410000e-05	-3.528332e-02	-1.541423e+01
1.411000e-05	-3.509522e-02	-1.539560e+01
1.412000e-05	-3.769250e-02	-1.544370e+01
1.413000e-05	-3.808910e-02	-1.538272e+01
1.414000e-05	-3.901965e-02	-1.540313e+01
1.415000e-05	-3.917119e-02	-1.539102e+01
1.416000e-05	-4.551158e-02	-1.529812e+01
1.417000e-05	-4.954658e-02	-1.528696e+01
1.418000e-05	-5.442985e-02	-1.527373e+01
1.419000e-05	-5.729904e-02	-1.519065e+01
1.420000e-05	-6.224954e-02	-1.515147e+01
1.421000e-05	-6.943355e-02	-1.505791e+01
1.422000e-05	-7.710766e-02	-1.500430e+01
1.423000e-05	-8.889932e-02	-1.499112e+01
1.424000e-05	-1.039237e-01	-1.489746e+01
1.425000e-05	-1.283740e-01	-1.484280e+01
1.426000e-05	-1.564212e-01	-1.475946e+01
1.427000e-05	-1.940359e-01	-1.462673e+01
1.428000e-05	-2.324569e-01	-1.460065e+01
1.429000e-05	-2.499899e-01	-1.451638e+01
1.430000e-05	-2.500000e-01	-1.435909e+01
1.431000e-05	-2.500000e-01	-1.422535e+01
1.432000e-05	-2.500000e-01	-1.410906e+01
1.433000e-05	-2.500000e-01	-1.401280e+01
1.434000e-05	-2.500000e-01	-1.387588e+01
1.435000e-05	-2.492845e-01	-1.374764e+01
1.436000e-05	-2.347646e-01	-1.363225e+01
1.437000e-05	-1.980513e-01	-1.347438e+01
1.438000e-05	-1.627814e-01	-1.334699e+01
1.439000e-05	-1.342497e-01	-1.319212e+01
1.440000e-05	-1.078776e-01	-1.302272e+01
1.441000e-05	-8.911729e-02	-1.292546e+01
1.442000e-05	-7.321687e-02	-1.270852e+01
1.443000e-05	-5.955834e-02	-1.256964e+01
1.444000e-05	-4.883877e-02	-1.242062e+01
1.445000e-05	-4.129111e-02	-1.223220e+01
1.446000e-05	-3.632759e-02	-1.203230e+01
1.447000e-05	-3.120904e-02	-1.188335e+01
1.448000e-05	-2.594271e-02	-1.163332e+01
1.449000e-05	-2.274101e-02	-1.145127e+01
1.450000e-05	-2.181260e-02	-1.116215e+01
1.451000e-05	-1.850790e-02	-1.102167e+01
1.452000e-05	-1.598924e-02	-1.079165e+01
1.453000e-05	-1.386233e-02	-1.063173e+01
1.454000e-05	-1.373530e-02	-1.042207e+01
1.455000e-05	-1.332396e-02	-1.019002e+01
1.456000e-05	-1.211506e-02	-9.946590e+00
1.457000e-05	-1.114915e-02	-9.787936e+00
1.458000e-05	-1.245261e-02	-9.536467e+00
1.459000e-05	-1.275334e-02	-9.324433e+00
1.460000e-05	-1.145615e-02	-9.064828e+00
1.461000e-05	-1.012025e-02	-8.883229e+00
1.462000e-05	-1.039844e-02	-8.611117e+00
1.463000e-05	-1.013200e-02	-8.348044e+00
1.464000e-05	-8.627822e-03	-8.125933e+00
1.465000e-05	-8.195501e-03	-7.863782e+00
1.466000e-05	-9.286456e-03	-7.588968e+00
1.467000e-05	-1.094393e-02	-7.374941e+00
1.468000e-05	-8.921268e-03	-7.104261e+00
1.469000e-05	-9.093973e-03	-6.829048e+00
1.470000e-05	-9.002042e-03	-6.577044e+00
1.471000e-05	-8.039169e-03	-6.344891e+00
1.472000e-05	-9.607909e-03	-6.030704e+00
1.473000e-05	-6.424312e-03	-5.798542e+00
1.474000e-05	-8.766178e-03	-5.495863e+00
1.475000e-05	-7.399718e-03	-5.238578e+00
1.476000e-05	-8.153093e-03	-4.945333e+00
1.477000e-05	-4.933852e-03	-4.627575e+00
1.478000e-05	-6.189341e-03	-4.386939e+00
1.479000e-05	-6.671146e-03	-4.133860e+00
1.480000e-05	-8.981806e-03	-3.852249e+00
1.481000e-05	-8.113124e-03	-3.577416e+00
1.482000e-05	-8.712495e-03	-3.304307e+00
1.483000e-05	-6.082487e-03	-3.008597e+00
1.484000e-05	-6.591671e-03	-2.743288e+00
1.485000e-05	-2.141844e-03	-2.471650e+00
1.486000e-05	-2.908591e-03	-2.155938e+00
1.487000e-05	-4.682854e-03	-1.891183e+00
1.488000e-05	-6.656100e-03	-1.626495e+00
1.489000e-05	-8.016228e-03	-1.310604e+00
1.490000e-05	-6.166642e-03	-9.864148e-01
1.491000e-05	-5.730372e-03	-7.216844e-01
1.492000e-05	-4.241177e-03	-4.089463e-01
1.493000e-05	-1.683375e-03	-1.438859e-01
1.494000e-05	7.654878e-03	1.199761e-01
1.495000e-05	6.816426e-03	4.245576e-01
1.496000e-05	-1.002012e-03	6.468157e-01
1.497000e-05	-7.771415e-04	9.173709e-01
1.498000e-05	-9.824318e-04	1.234164e+00
1.499000e-05	1.559699e-03	1.489793e+00
1.500000e-05	-1.028455e-03	1.793605e+00
1.501000e-05	1.644711e-02	2.034104e+00
1.502000e-05	5.355139e-02	2.267764e+00
1.503000e-05	5.324861e-02	2.647261e+00
1.504000e-05	-6.805105e-02	2.962575e+00
1.505000e-05	-3.977527e-02	3.253634e+00
1.506000e-05	-2.357650e-02	3.529394e+00
1.507000e-05	4.367544e-03	3.762520e+00
1.508000e-05	-5.644944e-02	3.950995e+00
1.509000e-05	1.608763e-03	4.196025e+00
1.510000e-05	9.032499e-02	4.469313e+00
1.511000e-05	-5.036992e-02	4.771001e+00
1.512000e-05	1.091544e-01	4.996209e+00
1.513000e-05	-6.745892e-02	5.355200e+00
1.514000e-05	-2.453257e-02	5.615133e+00
1.515000e-05	5.035077e-02	5.879365e+00
1.516000e-05	-3.347303e-02	6.131049e+00
1.517000e-05	3.615208e-02	6.396132e+00
1.518000e-05	-4.996996e-02	6.680915e+00
1.519000e-05	5.614776e-02	6.932571e+00
1.520000e-05	2.004623e-02	7.264681e+00
1.521000e-05	-3.205819e-02	7.471465e+00
1.522000e-05	-1.356673e-02	7.743552e+00
1.523000e-05	1.645826e-03	8.067883e+00
1.524000e-05	6.128693e-02	8.288392e+00
1.525000e-05	-2.872309e-02	8.527970e+00
1.526000e-05	-8.923726e-03	8.710969e+00
1.527000e-05	2.619106e-02	8.952599e+00
1.528000e-05	1.939689e-03	9.205207e+00
1.529000e-05	1.422916e-02	9.395709e+00
1.530000e-05	-3.033178e-02	9.688738e+00
1.531000e-05	2.838540e-02	9.888962e+00
1.532000e-05	1.570457e-02	1.014131e+01
1.533000e-05	1.749304e-02	1.032151e+01
1.534000e-05	-1.708136e-02	1.053152e+01
1.535000e-05	-3.005971e-03	1.071307e+01
1.536000e-05	3.061137e-02	1.095202e+01
1.537000e-05	1.060411e-04	1.111259e+01
1.538000e-05	4.992316e-03	1.137314e+01
1.539000e-05	-4.451615e-03	1.152412e+01
1.540000e-05	3.249791e-02	1.174427e+01
1.541000e-05	5.596212e-03	1.191109e+01
1.542000e-05	-7.285474e-05	1.215154e+01
1.543000e-05	-4.118618e-03	1.225897e+01
1.544000e-05	1.867419e-02	1.250944e+01
1.545000e-05	1.939949e-02	1.264683e+01
1.546000e-05	6.277787e-04	1.280278e+01
1.547000e-05	6.271925e-03	1.296155e+01
1.548000e-05	1.583245e-02	1.311965e+01
1.549000e-05	2.245620e-02	1.327686e+01
1.550000e-05	1.202200e-04	1.340318e+01
1.551000e-05	2.963339e-03	1.357070e+01
1.552000e-05	1.428567e-02	1.371896e+01
1.553000e-05	2.144247e-02	1.382575e+01
1.554000e-05	9.085531e-03	1.392110e+01
1.555000e-05	4.992624e-03	1.406059e+01
1.556000e-05	1.884842e-02	1.424630e+01
1.557000e-05	2.058040e-02	1.431109e+01
1.558000e-05	1.234088e-02	1.439380e+01
1.559000e-05	6.261594e-03	1.451959e+01
1.560000e-05	1.692919e-02	1.458468e+01
1.561000e-05	2.216861e-02	1.470799e+01
1.562000e-05	1.469761e-02	1.477272e+01
1.563000e-05	1.080032e-02	1.482786e+01
1.564000e-05	1.591734e-02	1.491999e+01
1.565000e-05	2.492921e-02	1.495317e+01
1.566000e-05	1.671071e-02	1.501525e+01
1.567000e-05	1.498402e-02	1.507636e+01
1.568000e-05	1.946113e-02	1.510016e+01
1.569000e-05	2.579708e-02	1.520217e+01
1.570000e-05	2.104695e-02	1.521530e+01
1.571000e-05	1.578529e-02	1.525680e+01
1.572000e-05	2.270405e-02	1.526744e+01
1.573000e-05	2.737556e-02	1.531798e+01
1.574000e-05	2.841091e-02	1.531756e+01
1.575000e-05	2.144276e-02	1.532954e+01
1.576000e-05	2.680918e-02	1.537051e+01
1.577000e-05	3.178606e-02	1.529001e+01
1.578000e-05	3.239320e-02	1.531958e+01
1.579000e-05	2.798548e-02	1.529704e+01
1.580000e-05	3.216869e-02	1.528803e+01
1.581000e-05	4.058838e-02	1.525598e+01
1.582000e-05	4.178135e-02	1.523278e+01
1.583000e-05	4.120679e-02	1.522374e+01
1.584000e-05	4.335952e-02	1.519964e+01
1.585000e-05	5.564514e-02	1.513904e+01
1.586000e-05	6.104699e-02	1.503590e+01
1.587000e-05	6.425809e-02	1.500325e+01
1.588000e-05	7.230854e-02	1.497159e+01
1.589000e-05	8.927867e-02	1.489638e+01
1.590000e-05	1.081375e-01	1.481220e+01
1.591000e-05	1.285638e-01	1.474907e+01
1.592000e-05	1.588664e-01	1.464588e+01
1.593000e-05	2.018806e-01	1.452109e+01
1.594000e-05	2.412322e-01	1.448385e+01
1.595000e-05	2.499946e-01	1.438117e+01
1.596000e-05	2.500000e-01	1.429643e+01
1.597000e-05	2.500000e-01	1.417009e+01
1.598000e-05	2.500000e-01	1.401230e+01
1.599000e-05	2.500000e-01	1.390441e+01
1.600000e-05	2.499400e-01	1.377809e+01
1.601000e-05	2.447053e-01	1.362338e+01
1.602000e-05	2.195146e-01	1.348701e+01
1.603000e-05	1.760708e-01	1.335817e+01
1.604000e-05	1.412743e-01	1.320278e+01
1.605000e-05	1.138807e-01	1.307490e+01
1.606000e-05	9.533792e-02	1.291696e+01
1.607000e-05	7.631056e-02	1.277957e+01
1.608000e-05	5.982510e-02	1.259167e+01
1.609000e-05	4.753621e-02	1.245328e+01
1.610000e-05	4.089632e-02	1.225492e+01
1.611000e-05	3.240713e-02	1.210586e+01
1.612000e-05	2.397404e-02	1.189598e+01
1.613000e-05	1.806961e-02	1.172857e+01
1.614000e-05	1.599354e-02	1.148543e+01
1.615000e-05	1.384025e-02	1.132691e+01
1.616000e-05	1.001232e-02	1.110448e+01
1.617000e-05	7.934208e-03	1.091594e+01
1.618000e-05	7.866626e-03	1.067346e+01
1.619000e-05	8.991646e-03	1.052588e+01
1.620000e-05	4.984030e-03	1.028386e+01
1.621000e-05	3.767835e-03	1.006436e+01
1.622000e-05	2.950481e-03	9.822223e+00
1.623000e-05	3.821596e-03	9.667744e+00
1.624000e-05	1.825566e-03	9.379141e+00
1.625000e-05	1.442287e-03	9.209020e+00
1.626000e-05	2.250831e-03	8.937511e+00
1.627000e-05	3.432782e-03	8.694809e+00
1.628000e-05	2.812539e-03	8.504332e+00
1.629000e-05	2.839560e-04	8.221751e+00
1.630000e-05	1.464401e-03	7.999144e+00
1.631000e-05	-5.720813e-05	7.714961e+00
1.632000e-05	-3.282330e-04	7.461809e+00
1.633000e-05	-2.332860e-03	7.220223e+00
1.634000e-05	3.124580e-04	6.956064e+00
1.635000e-05	3.224582e-05	6.725286e+00
1.636000e-05	1.037240e-03	6.459750e+00
1.637000e-05	-1.011150e-03	6.197595e+00
1.638000e-05	-1.212951e-03	5.966972e+00
1.639000e-05	-1.553720e-03	5.671332e+00
1.640000e-05	-2.239741e-03	5.439076e+00
1.641000e-05	-3.500918e-03	5.071230e+00
1.642000e-05	-4.111307e-03	4.784989e+00
1.643000e-05	-1.438026e-03	4.532357e+00
1.644000e-05	-2.345474e-03	4.199150e+00
1.645000e-05	-2.390828e-03	3.975413e+00
1.646000e-05	-2.743186e-03	3.681233e+00
1.647000e-05	-2.432432e-03	3.415672e+00
1.648000e-05	-3.447193e-03	3.122836e+00
1.649000e-05	-4.425873e-03	2.850153e+00
1.650000e-05	-4.304604e-03	2.576486e+00
1.651000e-05	-4.291788e-03	2.291152e+00
1.652000e-05	-4.444921e-03	2.028099e+00
1.653000e-05	-4.949522e-03	1.742837e+00
1.654000e-05	-4.970548e-03	1.428575e+00
1.655000e-05	-5.075328e-03	1.163884e+00
1.656000e-05	-4.435324e-03	7.780199e-01
1.657000e-05	-4.571662e-03	5.129134e-01
1.658000e-05	-4.348338e-03	2.796526e-01
1.659000e-05	-2.432792e-03	-1.605803e-02
1.660000e-05	3.458968e-03	-3.077421e-01
1.661000e-05	-1.449028e-04	-5.209234e-01
1.662000e-05	-2.804655e-03	-8.135342e-01
1.663000e-05	-5.553401e-03	-1.090241e+00
1.664000e-05	-3.223403e-03	-1.402507e+00
1.665000e-05	-4.061067e-03	-1.655163e+00
1.666000e-05	6.729205e-03	-1.897815e+00
1.667000e-05	4.343781e-02	-2.098721e+00
1.668000e-05	8.215471e-02	-2.394062e+00
1.669000e-05	-8.118433e-02	-2.785479e+00
1.670000e-05	-3.190354e-02	-3.173430e+00
1.671000e-05	-4.769153e-02	-3.455133e+00
1.672000e-05	-1.252096e-02	-3.658188e+00
1.673000e-05	-7.042887e-02	-3.908392e+00
1.674000e-05	1.075488e-01	-4.076765e+00
1.675000e-05	-2.814368e-02	-4.322448e+00
1.676000e-05	-2.729686e-02	-4.633212e+00
1.677000e-05	1.440429e-01	-4.866661e+00
1.678000e-05	-1.757040e-01	-5.227032e+00
1.679000e-05	9.106200e-02	-5.499344e+00
1.680000e-05	-9.378077e-02	-5.744448e+00
1.681000e-05	1.534203e-02	-6.075684e+00
1.682000e-05	6.017618e-02	-6.258837e+00
1.683000e-05	-1.001405e-01	-6.564479e+00
1.684000e-05	1.174384e-01	-6.845581e+00
1.685000e-05	-8.572629e-02	-7.102919e+00
1.686000e-05	1.597325e-02	-7.393577e+00
1.687000e-05	-2.167529e-02	-7.657159e+00
1.688000e-05	-4.080947e-02	-7.961543e+00
1.689000e-05	7.981401e-02	-8.161945e+00
1.690000e-05	-9.624301e-02	-8.425651e+00
1.691000e-05	7.626352e-02	-8.667737e+00
1.692000e-05	-6.510027e-02	-8.931341e+00
1.693000e-05	1.318060e-02	-9.132549e+00
1.694000e-05	-1.069300e-02	-9.343998e+00
1.695000e-05	-3.975724e-02	-9.605632e+00
1.696000e-05	4.342602e-02	-9.812676e+00
1.697000e-05	-5.672400e-02	-1.001580e+01
1.698000e-05	5.144046e-02	-1.020681e+01
1.699000e-05	-7.035360e-02	-1.048831e+01
1.700000e-05	3.190231e-02	-1.067632e+01
1.701000e-05	-4.410695e-02	-1.087838e+01
1.702000e-05	7.739180e-03	-1.107934e+01
1.703000e-05	-2.015886e-02	-1.127992e+01
1.704000e-05	-1.031981e-02	-1.154999e+01
1.705000e-05	3.173052e-03	-1.167842e+01
1.706000e-05	-2.522658e-02	-1.188004e+01
1.707000e-05	1.751826e-03	-1.209896e+01
1.708000e-05	-3.796071e-02	-1.225891e+01
1.709000e-05	1.187781e-02	-1.243881e+01
1.710000e-05	-3.350022e-02	-1.259565e+01
1.711000e-05	4.973260e-03	-1.280362e+01
1.712000e-05	-3.154860e-02	-1.296205e+01
1.713000e-05	4.416502e-03	-1.310841e+01
1.714000e-05	-2.434581e-02	-1.325831e+01
1.715000e-05	-1.139490e-02	-1.340568e+01
1.716000e-05	-2.121184e-02	-1.348044e+01
1.717000e-05	-1.481728e-02	-1.366841e+01
1.718000e-05	-1.101467e-02	-1.378523e+01
1.719000e-05	-2.319419e-02	-1.393152e+01
1.720000e-05	-1.062332e-02	-1.405645e+01
1.721000e-05	-2.338757e-02	-1.423672e+01
1.722000e-05	-1.010963e-02	-1.429999e+01
1.723000e-05	-2.738215e-02	-1.443378e+01
1.724000e-05	-1.647345e-02	-1.453107e+01
1.725000e-05	-2.309267e-02	-1.458460e+01
1.726000e-05	-1.428071e-02	-1.470939e+01
1.727000e-05	-2.331337e-02	-1.480415e+01
1.728000e-05	-2.127563e-02	-1.487645e+01
1.729000e-05	-2.399492e-02	-1.494304e+01
1.730000e-05	-1.996745e-02	-1.498467e+01
1.731000e-05	-2.579818e-02	-1.505838e+01
1.732000e-05	-2.471838e-02	-1.511901e+01
1.733000e-05	-2.570638e-02	-1.518317e+01
1.734000e-05	-2.298570e-02	-1.523535e+01
1.735000e-05	-2.572606e-02	-1.527696e+01
1.736000e-05	-3.057584e-02	-1.534902e+01
1.737000e-05	-2.621851e-02	-1.533012e+01
1.738000e-05	-2.899926e-02	-1.535112e+01
1.739000e-05	-2.628104e-02	-1.543470e+01
1.740000e-05	-3.377876e-02	-1.539312e+01
1.741000e-05	-3.101681e-02	-1.540270e+01
1.742000e-05	-3.409215e-02	-1.540265e+01
1.743000e-05	-3.553737e-02	-1.544425e+01
1.744000e-05	-3.914188e-02	-1.540322e+01
1.745000e-05	-4.034139e-02	-1.537362e+01
1.746000e-05	-3.886550e-02	-1.539257e+01
1.747000e-05	-4.316519e-02	-1.534004e+01
1.748000e-05	-4.726238e-02	-1.530941e+01
1.749000e-05	-5.057517e-02	-1.527745e+01
1.750000e-05	-5.296095e-02	-1.524427e+01
1.751000e-05	-5.784024e-02	-1.517109e+01
1.752000e-05	-6.699001e-02	-1.510851e+01
1.753000e-05	-7.464601e-02	-1.507435e+01
1.754000e-05	-8.333167e-02	-1.495277e+01
1.755000e-05	-9.657350e-02	-1.494852e+01
1.756000e-05	-1.167376e-01	-1.483490e+01
1.757000e-05	-1.411481e-01	-1.481357e+01
1.758000e-05	-1.722569e-01	-1.468686e+01
1.759000e-05	-2.110877e-01	-1.464472e+01
1.760000e-05	-2.448845e-01	-1.454801e+01
1.761000e-05	-2.499994e-01	-1.443277e+01
1.762000e-05	-2.500000e-01	-1.431709e+01
1.763000e-05	-2.500000e-01	-1.425215e+01
1.764000e-05	-2.500000e-01	-1.408540e+01
1.765000e-05	-2.500000e-01	-1.392994e+01
1.766000e-05	-2.500000e-01	-1.384222e+01
1.767000e-05	-2.449145e-01	-1.370496e+01
1.768000e-05	-2.165703e-01	-1.353857e+01
1.769000e-05	-1.787617e-01	-1.339320e+01
1.770000e-05	-1.458761e-01	-1.328625e+01
1.771000e-05	-1.191786e-01	-1.313591e+01
1.772000e-05	-9.828207e-02	-1.300112e+01
1.773000e-05	-8.226259e-02	-1.281112e+01
1.774000e-05	-6.661874e-02	-1.265430e+01
1.775000e-05	-5.385192e-02	-1.248541e+01
1.776000e-05	-4.555593e-02	-1.232546e+01
1.777000e-05	-3.937153e-02	-1.211989e+01
1.778000e-05	-3.298966e-02	-1.197954e+01
1.779000e-05	-2.702918e-02	-1.174794e+01
1.780000e-05	-2.412901e-02	-1.155654e+01
1.781000e-05	-2.173669e-02	-1.128496e+01
1.782000e-05	-2.023497e-02	-1.114438e+01
1.783000e-05	-1.675690e-02	-1.093633e+01
1.784000e-05	-1.559618e-02	-1.069396e+01
1.785000e-05	-1.530615e-02	-1.054644e+01
1.786000e-05	-1.481180e-02	-1.027285e+01
1.787000e-05	-1.255806e-02	-1.009531e+01
1.788000e-05	-1.117783e-02	-9.883778e+00
1.789000e-05	-1.139641e-02	-9.652229e+00
1.790000e-05	-1.187968e-02	-9.411144e+00
1.791000e-05	-1.079436e-02	-9.178996e+00
1.792000e-05	-1.100219e-02	-8.989044e+00
1.793000e-05	-1.063125e-02	-8.705939e+00
1.794000e-05	-1.204523e-02	-8.502831e+00
1.795000e-05	-1.061314e-02	-8.262252e+00
1.796000e-05	-8.796871e-03	-7.989073e+00
1.797000e-05	-8.410015e-03	-7.777487e+00
1.798000e-05	-9.791968e-03	-7.463708e+00
1.799000e-05	-9.971956e-03	-7.250149e+00
1.800000e-05	-8.470830e-03	-6.958461e+00
1.801000e-05	-8.189672e-03	-6.705833e+00
1.802000e-05	-8.196828e-03	-6.461749e+00
1.803000e-05	-9.196014e-03	-6.196090e+00
1.804000e-05	-7.356390e-03	-5.935782e+00
1.805000e-05	-9.184836e-03	-5.680252e+00
1.806000e-05	-7.927711e-03	-5.397440e+00
1.807000e-05	-8.782498e-03	-5.102203e+00
1.808000e-05	-5.823724e-03	-4.764963e+00
1.809000e-05	-6.945848e-03	-4.502759e+00
1.810000e-05	-5.661972e-03	-4.241178e+00
1.811000e-05	-7.472098e-03	-4.019444e+00
1.812000e-05	-6.068692e-03	-3.722732e+00
1.813000e-05	-7.836806e-03	-3.440128e+00
1.814000e-05	-7.817118e-03	-3.176416e+00
1.815000e-05	-7.707680e-03	-2.870649e+00
1.816000e-05	-4.692880e-03	-2.585496e+00
1.817000e-05	-4.503411e-03	-2.331634e+00
1.818000e-05	-4.368089e-03	-2.028496e+00
1.819000e-05	-5.621367e-03	-1.753962e+00
1.820000e-05	-5.038631e-03	-1.498200e+00
1.821000e-05	-5.549954e-03	-1.122312e+00
1.822000e-05	-6.231551e-03	-8.510776e-01
1.823000e-05	-5.301028e-03	-5.633894e-01
1.824000e-05	-4.307359e-03	-2.916815e-01
1.825000e-05	1.964070e-03	3.099883e-02
1.826000e-05	8.883316e-03	2.587694e-01
1.827000e-05	-3.278667e-03	5.398796e-01
1.828000e-05	2.514576e-03	7.816543e-01
1.829000e-05	-1.191360e-03	1.098867e+00
1.830000e-05	3.424633e-03	1.330975e+00
1.831000e-05	-1.664387e-03	1.739363e+00
1.832000e-05	8.200221e-03	1.948471e+00
1.833000e-05	2.687058e-02	2.130501e+00
1.834000e-05	8.040576e-02	2.417735e+00
1.835000e-05	-2.523708e-02	2.845086e+00
1.836000e-05	-5.522850e-02	3.098343e+00
1.837000e-05	-3.728876e-02	3.304571e+00
1.838000e-05	2.922905e-03	3.644209e+00
1.839000e-05	-2.485012e-02	3.865207e+00
1.840000e-05	-4.498180e-02	4.066833e+00
1.841000e-05	7.067394e-02	4.312496e+00
1.842000e-05	1.834484e-02	4.625679e+00
1.843000e-05	9.826365e-03	4.898362e+00
1.844000e-05	6.511474e-02	5.205682e+00
1.845000e-05	-1.065080e-01	5.519390e+00
1.846000e-05	5.365567e-02	5.791021e+00
1.847000e-05	-4.557655e-03	6.058208e+00
1.848000e-05	1.809822e-05	6.256865e+00
1.849000e-05	5.195403e-03	6.554601e+00
1.850000e-05	-2.552147e-02	6.855233e+00
1.851000e-05	8.334923e-02	7.108316e+00
1.852000e-05	-4.029755e-02	7.324528e+00
1.853000e-05	-5.724538e-03	7.656683e+00
1.854000e-05	-2.435260e-02	7.921393e+00
1.855000e-05	5.237160e-02	8.194150e+00
1.856000e-05	1.848259e-02	8.383602e+00
1.857000e-05	-4.462458e-02	8.616228e+00
1.858000e-05	3.012246e-02	8.887860e+00
1.859000e-05	5.865064e-04	9.079892e+00
1.860000e-05	2.533259e-02	9.320465e+00
1.861000e-05	-2.330501e-02	9.541524e+00
1.862000e-05	5.121943e-03	9.775151e+00
1.863000e-05	2.133021e-02	1.002413e+01
1.864000e-05	1.823420e-02	1.021473e+01
1.865000e-05	4.246909e-04	1.042683e+01
1.866000e-05	-2.176684e-02	1.065626e+01
1.867000e-05	2.729368e-02	1.085676e+01
1.868000e-05	9.148829e-03	1.101673e+01
1.869000e-05	8.478897e-03	1.123733e+01
1.870000e-05	-1.105438e-02	1.145881e+01
1.871000e-05	2.346068e-02	1.168896e+01
1.872000e-05	1.736453e-02	1.186789e+01
1.873000e-05	5.101089e-03	1.202688e+01
1.874000e-05	-7.280302e-03	1.219575e+01
1.875000e-05	8.890264e-03	1.244425e+01
1.876000e-05	2.406150e-02	1.258161e+01
1.877000e-05	6.030838e-03	1.273194e+01
1.878000e-05	3.936326e-03	1.289798e+01
1.879000e-05	7.043259e-03	1.301576e+01
1.880000e-05	2.648510e-02	1.318223e+01
1.881000e-05	6.703003e-03	1.336207e+01
1.882000e-05	3.113990e-03	1.349902e+01
1.883000e-05	5.795707e-03	1.363476e+01
1.884000e-05	2.229024e-02	1.374109e+01
1.885000e-05	1.319869e-02	1.385944e+01
1.886000e-05	4.982205e-03	1.401725e+01
1.887000e-05	1.150192e-02	1.417219e+01
1.888000e-05	2.122057e-02	1.427888e+01
1.889000e-05	1.816025e-02	1.434212e+01
1.890000e-05	5.439672e-03	1.448846e+01
1.891000e-05	1.406765e-02	1.452465e+01
1.892000e-05	1.917396e-02	1.471694e+01
1.893000e-05	2.024702e-02	1.476005e+01
1.894000e-05	1.022233e-02	1.483475e+01
1.895000e-05	1.319800e-02	1.488841e+01
1.896000e-05	2.164101e-02	1.495957e+01
1.897000e-05	2.084301e-02	1.498367e+01
1.898000e-05	1.541534e-02	1.505638e+01
1.899000e-05	1.454953e-02	1.512002e+01
1.900000e-05	2.485137e-02	1.513064e+01
1.901000e-05	2.255964e-02	1.520373e+01
1.902000e-05	2.143553e-02	1.521490e+01
1.903000e-05	1.454680e-02	1.527593e+01
1.904000e-05	2.720078e-02	1.527751e+01
1.905000e-05	2.727653e-02	1.531049e+01
1.906000e-05	2.565472e-02	1.531959e+01
1.907000e-05	2.296095e-02	1.532959e+01
1.908000e-05	2.978691e-02	1.534954e+01
1.909000e-05	3.474648e-02	1.528701e+01
1.910000e-05	2.862680e-02	1.530851e+01
1.911000e-05	2.842252e-02	1.529848e+01
1.912000e-05	3.484690e-02	1.527693e+01
1.913000e-05	4.288373e-02	1.525588e+01
1.914000e-05	4.245378e-02	1.525432e+01
1.915000e-05	4.334095e-02	1.519120e+01
1.916000e-05	5.010460e-02	1.513964e+01
1.917000e-05	5.875366e-02	1.508948e+01
1.918000e-05	5.962459e-02	1.502535e+01
1.919000e-05	6.505229e-02	1.500057e+01
1.920000e-05	7.898156e-02	1.494799e+01
1.921000e-05	1.003906e-01	1.482423e+01
1.922000e-05	1.184905e-01	1.477165e+01
1.923000e-05	1.433841e-01	1.468548e+01
1.924000e-05	1.801046e-01	1.461472e+01
1.925000e-05	2.242817e-01	1.450658e+01
1.926000e-05	2.494460e-01	1.444325e+01
1.927000e-05	2.500000e-01	1.432757e+01
1.928000e-05	2.500000e-01	1.423370e+01
1.929000e-05	2.500000e-01	1.408791e+01
1.930000e-05	2.500000e-01	1.394911e+01
1.931000e-05	2.500000e-01	1.384230e+01
1.932000e-05	2.489850e-01	1.369846e+01
1.933000e-05	2.377672e-01	1.356764e+01
1.934000e-05	1.977627e-01	1.339322e+01
1.935000e-05	1.560343e-01	1.327535e+01
1.936000e-05	1.252740e-01	1.311904e+01
1.937000e-05	1.028531e-01	1.298866e+01
1.938000e-05	8.566016e-02	1.285335e+01
1.939000e-05	6.822200e-02	1.266543e+01
1.940000e-05	5.503222e-02	1.256599e+01
1.941000e-05	4.494923e-02	1.234907e+01
1.942000e-05	3.697529e-02	1.218014e+01
1.943000e-05	2.759327e-02	1.201122e+01
1.944000e-05	1.965636e-02	1.184172e+01
1.945000e-05	1.735356e-02	1.164015e+01
1.946000e-05	1.515747e-02	1.141027e+01
1.947000e-05	1.244611e-02	1.123075e+01
1.948000e-05	8.840604e-03	1.099965e+01
1.949000e-05	1.032508e-02	1.083165e+01
1.950000e-05	9.186663e-03	1.059019e+01
1.951000e-05	7.112608e-03	1.036769e+01
1.952000e-05	2.977559e-03	1.016817e+01
1.953000e-05	4.082040e-03	9.976567e+00
1.954000e-05	4.642131e-03	9.766990e+00
1.955000e-05	2.733930e-03	9.513387e+00
1.956000e-05	1.915999e-03	9.305283e+00
1.957000e-05	1.590777e-03	9.039827e+00
1.958000e-05	3.088895e-03	8.829724e+00
1.959000e-05	2.828176e-03	8.598669e+00
1.960000e-05	1.354054e-03	8.398146e+00
1.961000e-05	-9.654664e-05	8.144482e+00
1.962000e-05	7.056847e-04	7.893784e+00
1.963000e-05	1.916877e-03	7.621223e+00
1.964000e-05	-2.196761e-04	7.367011e+00
1.965000e-05	-1.303392e-03	7.093832e+00
1.966000e-05	-1.081225e-03	6.882253e+00
1.967000e-05	8.248115e-04	6.606541e+00
1.968000e-05	-1.071246e-03	6.294382e+00
1.969000e-05	-2.511146e-03	6.091779e+00
1.970000e-05	-1.895632e-03	5.850149e+00
1.971000e-05	-2.316297e-04	5.574912e+00
1.972000e-05	-1.147654e-03	5.269199e+00
1.973000e-05	-3.104167e-03	4.931410e+00
1.974000e-05	-3.098589e-03	4.630172e+00
1.975000e-05	-1.784428e-03	4.358019e+00
1.976000e-05	-1.341410e-03	4.102313e+00
1.977000e-05	-3.378172e-03	3.827520e+00
1.978000e-05	-3.624343e-03	3.536920e+00
1.979000e-05	-3.422605e-03	3.258227e+00
1.980000e-05	-1.701811e-03	2.996922e+00
1.981000e-05	-3.976129e-03	2.734917e+00
1.982000e-05	-5.156434e-03	2.387993e+00
1.983000e-05	-4.511959e-03	2.143913e+00
1.984000e-05	-3.225092e-03	1.921679e+00
1.985000e-05	-3.600634e-03	1.576518e+00
1.986000e-05	-4.915530e-03	1.311209e+00
1.987000e-05	-5.129764e-03	1.002342e+00
1.988000e-05	-4.008301e-03	6.706515e-01
1.989000e-05	-4.628407e-03	3.880699e-01
1.990000e-05	-4.459917e-03	1.012368e-01
1.991000e-05	-1.711514e-03	-1.704526e-01
1.992000e-05	7.787264e-03	-4.040639e-01
1.993000e-05	-5.175413e-03	-7.096871e-01
1.994000e-05	2.967585e-04	-9.404036e-01
1.995000e-05	-7.313317e-03	-1.235063e+00
1.996000e-05	-6.627877e-05	-1.469925e+00
1.997000e-05	-4.050101e-03	-1.760924e+00
1.998000e-05	2.056028e-02	-1.992505e+00
1.999000e-05	7.733861e-02	-2.267612e+00
2.000000e-05	-3.359467e-04	-2.596108e+00
2.001000e-05	-6.759973e-02	-2.965081e+00
2.002000e-05	-3.466345e-02	-3.319321e+00
2.003000e-05	-2.510064e-02	-3.571450e+00
2.004000e-05	-4.406756e-02	-3.794033e+00
2.005000e-05	-1.190152e-02	-4.043557e+00
2.006000e-05	1.162981e-01	-4.193529e+00
2.007000e-05	-1.396926e-01	-4.459715e+00
2.008000e-05	1.643525e-01	-4.771947e+00
2.009000e-05	-5.395424e-02	-4.995561e+00
2.010000e-05	-6.527512e-02	-5.374052e+00
2.011000e-05	5.973414e-02	-5.646180e+00
2.012000e-05	-1.356305e-01	-5.900844e+00
2.013000e-05	1.365656e-01	-6.101446e+00
2.014000e-05	-8.812520e-02	-6.447135e+00
2.015000e-05	3.092181e-02	-6.688895e+00
2.016000e-05	4.195029e-02	-6.992045e+00
2.017000e-05	-9.016220e-02	-7.309766e+00
2.018000e-05	6.043832e-02	-7.520816e+00
2.019000e-05	-1.025292e-01	-7.816704e+00
2.020000e-05	7.725414e-02	-8.037759e+00
2.021000e-05	-3.097117e-02	-8.288739e+00
2.022000e-05	-1.763261e-02	-8.530893e+00
2.023000e-05	4.222469e-02	-8.765548e+00
2.024000e-05	-8.476750e-02	-9.036633e+00
2.025000e-05	6.555572e-02	-9.256732e+00
2.026000e-05	-8.646656e-02	-9.448235e+00
2.027000e-05	5.316964e-02	-9.719939e+00
2.028000e-05	-4.162223e-02	-9.908393e+00
2.029000e-05	1.776000e-02	-1.015254e+01
2.030000e-05	-1.336635e-02	-1.032354e+01
2.031000e-05	-3.311223e-02	-1.057310e+01
2.032000e-05	1.791565e-02	-1.075355e+01
2.033000e-05	-4.625678e-02	-1.096508e+01
2.034000e-05	2.808339e-02	-1.117412e+01
2.035000e-05	-4.816221e-02	-1.136413e+01
2.036000e-05	2.729252e-02	-1.161473e+01
2.037000e-05	-3.838270e-02	-1.176320e+01
2.038000e-05	9.715970e-03	-1.201720e+01
2.039000e-05	-3.655845e-02	-1.219465e+01
2.040000e-05	-1.645489e-03	-1.237513e+01
2.041000e-05	-1.512966e-02	-1.252254e+01
2.042000e-05	-1.333403e-02	-1.267044e+01
2.043000e-05	-9.888617e-03	-1.290788e+01
2.044000e-05	-2.230967e-02	-1.301570e+01
2.045000e-05	7.663442e-04	-1.318212e+01
2.046000e-05	-3.186453e-02	-1.334049e+01
2.047000e-05	-4.086008e-03	-1.343888e+01
2.048000e-05	-3.147145e-02	-1.361620e+01
2.049000e-05	-7.174574e-04	-1.375110e+01
2.050000e-05	-2.721808e-02	-1.384728e+01
2.051000e-05	-9.280939e-03	-1.402375e+01
2.052000e-05	-2.275950e-02	-1.411044e+01
2.053000e-05	-1.301890e-02	-1.424836e+01
2.054000e-05	-2.093899e-02	-1.435413e+01
2.055000e-05	-2.241217e-02	-1.449794e+01
2.056000e-05	-1.898421e-02	-1.456062e+01
2.057000e-05	-2.056740e-02	-1.467694e+01
2.058000e-05	-1.695999e-02	-1.475045e+01
2.059000e-05	-2.495289e-02	-1.481578e+01
2.060000e-05	-2.094104e-02	-1.489899e+01
2.061000e-05	-2.373186e-02	-1.498320e+01
2.062000e-05	-2.172023e-02	-1.503583e+01
2.063000e-05	-2.715059e-02	-1.509941e+01
2.064000e-05	-2.316573e-02	-1.516057e+01
2.065000e-05	-2.495235e-02	-1.519322e+01
2.066000e-05	-2.271211e-02	-1.525482e+01
2.067000e-05	-2.990186e-02	-1.527839e+01
2.068000e-05	-2.791887e-02	-1.532200e+01
2.069000e-05	-2.874709e-02	-1.534110e+01
2.070000e-05	-2.717506e-02	-1.540310e+01
2.071000e-05	-3.049754e-02	-1.539415e+01
2.072000e-05	-3.292330e-02	-1.542567e+01
2.073000e-05	-3.094541e-02	-1.539323e+01
2.074000e-05	-3.548378e-02	-1.539320e+01
2.075000e-05	-3.728899e-02	-1.539120e+01
2.076000e-05	-4.063077e-02	-1.538312e+01
2.077000e-05	-3.992454e-02	-1.538210e+01
2.078000e-05	-4.264180e-02	-1.535109e+01
2.079000e-05	-4.517142e-02	-1.529856e+01
2.080000e-05	-4.830461e-02	-1.531649e+01
2.081000e-05	-5.230001e-02	-1.520581e+01
2.082000e-05	-5.551637e-02	-1.519115e+01
2.083000e-05	-6.251067e-02	-1.512012e+01
2.084000e-05	-6.855604e-02	-1.506794e+01
2.085000e-05	-7.767011e-02	-1.500478e+01
2.086000e-05	-9.020976e-02	-1.493257e+01
2.087000e-05	-1.060411e-01	-1.489646e+01
2.088000e-05	-1.285432e-01	-1.483287e+01
2.089000e-05	-1.558025e-01	-1.476054e+01
2.090000e-05	-1.917941e-01	-1.468481e+01
2.091000e-05	-2.313820e-01	-1.458002e+01
2.092000e-05	-2.499925e-01	-1.448741e+01
2.093000e-05	-2.500000e-01	-1.434107e+01
2.094000e-05	-2.500000e-01	-1.426640e+01
2.095000e-05	-2.500000e-01	-1.415801e+01
2.096000e-05	-2.500000e-01	-1.402225e+01
2.097000e-05	-2.500000e-01	-1.382536e+01
2.098000e-05	-2.492850e-01	-1.377959e+01
2.099000e-05	-2.350926e-01	-1.364272e+01
2.100000e-05	-1.982967e-01	-1.347475e+01
2.101000e-05	-1.613154e-01	-1.333956e+01
2.102000e-05	-1.323131e-01	-1.320062e+01
2.103000e-05	-1.079958e-01	-1.303275e+01
2.104000e-05	-9.152532e-02	-1.286638e+01
2.105000e-05	-7.369303e-02	-1.273803e+01
2.106000e-05	-5.943567e-02	-1.258954e+01
2.107000e-05	-4.972794e-02	-1.237010e+01
2.108000e-05	-4.355843e-02	-1.221073e+01
2.109000e-05	-3.616626e-02	-1.202275e+01
2.110000e-05	-2.903340e-02	-1.183277e+01
2.111000e-05	-2.553413e-02	-1.167125e+01
2.112000e-05	-2.327890e-02	-1.147232e+01
2.113000e-05	-2.060067e-02	-1.120915e+01
2.114000e-05	-1.724531e-02	-1.100872e+01
2.115000e-05	-1.573749e-02	-1.081165e+01
2.116000e-05	-1.614891e-02	-1.064017e+01
2.117000e-05	-1.517395e-02	-1.034867e+01
2.118000e-05	-1.289123e-02	-1.019717e+01
2.119000e-05	-1.182545e-02	-9.947568e+00
2.120000e-05	-1.202000e-02	-9.748015e+00
2.121000e-05	-1.251330e-02	-9.565537e+00
2.122000e-05	-1.036585e-02	-9.314330e+00
2.123000e-05	-1.045432e-02	-9.081704e+00
2.124000e-05	-1.131320e-02	-8.881205e+00
2.125000e-05	-1.112419e-02	-8.568694e+00
2.126000e-05	-1.011790e-02	-8.345988e+00
2.127000e-05	-8.717824e-03	-8.135461e+00
2.128000e-05	-1.024063e-02	-7.912331e+00
2.129000e-05	-9.805428e-03	-7.626639e+00
2.130000e-05	-9.219262e-03	-7.365891e+00
2.131000e-05	-8.148715e-03	-7.133284e+00
2.132000e-05	-8.242718e-03	-6.810552e+00
2.133000e-05	-9.034223e-03	-6.597039e+00
2.134000e-05	-9.273497e-03	-6.346387e+00
2.135000e-05	-6.825640e-03	-6.042225e+00
2.136000e-05	-8.924681e-03	-5.806121e+00
2.137000e-05	-9.003321e-03	-5.494813e+00
2.138000e-05	-7.874723e-03	-5.218076e+00
2.139000e-05	-7.707514e-03	-4.903337e+00
2.140000e-05	-5.986468e-03	-4.637497e+00
2.141000e-05	-6.549615e-03	-4.396868e+00
2.142000e-05	-5.780005e-03	-4.124883e+00
2.143000e-05	-5.860659e-03	-3.869724e+00
2.144000e-05	-6.619833e-03	-3.566970e+00
2.145000e-05	-8.483375e-03	-3.302279e+00
2.146000e-05	-6.087558e-03	-3.047618e+00
2.147000e-05	-6.952432e-03	-2.694334e+00
2.148000e-05	-4.470496e-03	-2.450177e+00
2.149000e-05	-6.019216e-03	-2.123391e+00
2.150000e-05	-3.220143e-03	-1.882259e+00
2.151000e-05	-6.432072e-03	-1.630000e+00
2.152000e-05	-6.011897e-03	-1.280203e+00
2.153000e-05	-7.515914e-03	-9.959699e-01
2.154000e-05	-4.909670e-03	-6.908092e-01
2.155000e-05	-1.211381e-03	-3.975460e-01
2.156000e-05	-2.070903e-03	-1.543120e-01
2.157000e-05	5.713766e-03	1.002498e-01
2.158000e-05	2.952423e-03	4.340853e-01
2.159000e-05	9.852909e-07	6.851882e-01
2.160000e-05	-2.745910e-03	9.209208e-01
2.161000e-05	-9.735267e-04	1.245558e+00
2.162000e-05	2.344785e-03	1.529824e+00
2.163000e-05	4.407553e-03	1.793108e+00
2.164000e-05	1.858233e-02	2.025608e+00
2.165000e-05	5.410755e-02	2.278840e+00
2.166000e-05	4.977895e-02	2.636711e+00
2.167000e-05	-6.934443e-02	2.943000e+00
2.168000e-05	-4.116192e-02	3.234084e+00
2.169000e-05	-2.466232e-02	3.539944e+00
2.170000e-05	4.842053e-03	3.749396e+00
2.171000e-05	-5.491093e-02	3.959492e+00
2.172000e-05	5.445672e-03	4.164148e+00
2.173000e-05	9.061136e-02	4.478241e+00
2.174000e-05	-5.065342e-02	4.740969e+00
2.175000e-05	1.072435e-01	5.026707e+00
2.176000e-05	-6.598202e-02	5.393599e+00
2.177000e-05	-2.755619e-02	5.635608e+00
2.178000e-05	5.039480e-02	5.900946e+00
2.179000e-05	-3.470668e-02	6.171523e+00
2.180000e-05	3.935007e-02	6.384583e+00
2.181000e-05	-4.886317e-02	6.710344e+00
2.182000e-05	5.508012e-02	6.934076e+00
2.183000e-05	2.157966e-02	7.226156e+00
2.184000e-05	-3.175579e-02	7.520916e+00
2.185000e-05	-1.434528e-02	7.772629e+00
2.186000e-05	-3.029955e-04	8.018306e+00
2.187000e-05	6.023592e-02	8.318391e+00
2.188000e-05	-2.799526e-02	8.508919e+00
2.189000e-05	-9.196963e-03	8.721618e+00
2.190000e-05	2.537036e-02	8.956598e+00
2.191000e-05	2.254012e-03	9.256081e+00
2.192000e-05	1.560976e-02	9.424708e+00
2.193000e-05	-2.956255e-02	9.668361e+00
2.194000e-05	2.703410e-02	9.889363e+00
2.195000e-05	1.520285e-02	1.012037e+01
2.196000e-05	1.711704e-02	1.031940e+01
2.197000e-05	-1.614304e-02	1.055262e+01
2.198000e-05	-3.831920e-03	1.073412e+01
2.199000e-05	2.943091e-02	1.095262e+01
2.200000e-05	1.439279e-03	1.111952e+01
2.201000e-05	6.110936e-03	1.135307e+01
2.202000e-05	-5.196029e-03	1.156465e+01
2.203000e-05	3.081125e-02	1.178467e+01
2.204000e-05	7.121475e-03	1.195117e+01
2.205000e-05	1.165152e-03	1.217054e+01
2.206000e-05	-4.533594e-03	1.231047e+01
2.207000e-05	1.841833e-02	1.247902e+01
2.208000e-05	1.911357e-02	1.266491e+01
2.209000e-05	9.982632e-04	1.285566e+01
2.210000e-05	6.674248e-03	1.296255e+01
2.211000e-05	1.486027e-02	1.312095e+01
2.212000e-05	2.207679e-02	1.331886e+01
2.213000e-05	1.059091e-03	1.341418e+01
2.214000e-05	3.202504e-03	1.358175e+01
2.215000e-05	1.422187e-02	1.370796e+01
2.216000e-05	2.052910e-02	1.380573e+01
2.217000e-05	1.038052e-02	1.392262e+01
2.218000e-05	4.852764e-03	1.405902e+01
2.219000e-05	1.850428e-02	1.422477e+01
2.220000e-05	1.911784e-02	1.431146e+01
2.221000e-05	1.243695e-02	1.440626e+01
2.222000e-05	6.760489e-03	1.448002e+01
2.223000e-05	1.645522e-02	1.461520e+01
2.224000e-05	2.259553e-02	1.471954e+01
2.225000e-05	1.529125e-02	1.480215e+01
2.226000e-05	1.240845e-02	1.484538e+01
2.227000e-05	1.525593e-02	1.488857e+01
2.228000e-05	2.390901e-02	1.495360e+01
2.229000e-05	1.558877e-02	1.505680e+01
2.230000e-05	1.510603e-02	1.511841e+01
2.231000e-05	1.808376e-02	1.513012e+01
2.232000e-05	2.528975e-02	1.519169e+01
2.233000e-05	2.245017e-02	1.521530e+01
2.234000e-05	1.648912e-02	1.525635e+01
2.235000e-05	2.255029e-02	1.530841e+01
2.236000e-05	2.726929e-02	1.528853e+01
2.237000e-05	2.722339e-02	1.533146e+01
2.238000e-05	2.110325e-02	1.534059e+01
2.239000e-05	2.620274e-02	1.529959e+01
2.240000e-05	3.098936e-02	1.537051e+01
2.241000e-05	3.176788e-02	1.528949e+01
2.242000e-05	2.842823e-02	1.532949e+01
2.243000e-05	3.284377e-02	1.527643e+01
2.244000e-05	4.131321e-02	1.527698e+01
2.245000e-05	4.272748e-02	1.526435e+01
2.246000e-05	4.068497e-02	1.521330e+01
2.247000e-05	4.297183e-02	1.518212e+01
2.248000e-05	5.403285e-02	1.509756e+01
2.249000e-05	5.889864e-02	1.502538e+01
2.250000e-05	6.354525e-02	1.502322e+01
2.251000e-05	7.269422e-02	1.492951e+01
2.252000e-05	9.062160e-02	1.488501e+01
2.253000e-05	1.088785e-01	1.480228e+01
2.254000e-05	1.292481e-01	1.474909e+01
2.255000e-05	1.606523e-01	1.461473e+01
2.256000e-05	2.009651e-01	1.456907e+01
2.257000e-05	2.402184e-01	1.445635e+01
2.258000e-05	2.499946e-01	1.437162e+01
2.259000e-05	2.500000e-01	1.424446e+01
2.260000e-05	2.500000e-01	1.418959e+01
2.261000e-05	2.500000e-01	1.402230e+01
2.262000e-05	2.500000e-01	1.392493e+01
2.263000e-05	2.500000e-01	1.375002e+01
2.264000e-05	2.452380e-01	1.360430e+01
2.265000e-05	2.183190e-01	1.348588e+01
2.266000e-05	1.756001e-01	1.335959e+01
2.267000e-05	1.415056e-01	1.322067e+01
2.268000e-05	1.144962e-01	1.305343e+01
2.269000e-05	9.571077e-02	1.292638e+01
2.270000e-05	7.577122e-02	1.275867e+01
2.271000e-05	6.067678e-02	1.263275e+01
2.272000e-05	4.851999e-02	1.249437e+01
2.273000e-05	4.077393e-02	1.226388e+01
2.274000e-05	3.157012e-02	1.213493e+01
2.275000e-05	2.328786e-02	1.187609e+01
2.276000e-05	1.953742e-02	1.169751e+01
2.277000e-05	1.668740e-02	1.150596e+01
2.278000e-05	1.371723e-02	1.132548e+01
2.279000e-05	8.877385e-03	1.115493e+01
2.280000e-05	8.972645e-03	1.094599e+01
2.281000e-05	7.736765e-03	1.069456e+01
2.282000e-05	7.309059e-03	1.050441e+01
2.283000e-05	4.221702e-03	1.031290e+01
2.284000e-05	4.509373e-03	1.007231e+01
2.285000e-05	4.254361e-03	9.842194e+00
2.286000e-05	3.498673e-03	9.597671e+00
2.287000e-05	1.735709e-03	9.398593e+00
2.288000e-05	1.259010e-03	9.199120e+00
2.289000e-05	2.375215e-03	8.987037e+00
2.290000e-05	2.777416e-03	8.733960e+00
2.291000e-05	1.303017e-03	8.473761e+00
2.292000e-05	1.301980e-03	8.242226e+00
2.293000e-05	2.040465e-03	8.038173e+00
2.294000e-05	1.247954e-03	7.756966e+00
2.295000e-05	-1.611640e-04	7.462903e+00
2.296000e-05	-1.224428e-03	7.229292e+00
2.297000e-05	-5.292544e-04	6.997516e+00
2.298000e-05	7.444964e-05	6.735389e+00
2.299000e-05	-6.665310e-04	6.469201e+00
2.300000e-05	-1.531839e-03	6.208094e+00
2.301000e-05	-7.538117e-04	5.946440e+00
2.302000e-05	-1.825696e-04	5.680356e+00
2.303000e-05	-2.721575e-03	5.408549e+00
2.304000e-05	-3.284962e-03	5.090703e+00
2.305000e-05	-2.284552e-03	4.746966e+00
2.306000e-05	-1.537257e-03	4.502282e+00
2.307000e-05	-2.897986e-03	4.249073e+00
2.308000e-05	-3.055392e-03	3.944413e+00
2.309000e-05	-3.429819e-03	3.691783e+00
2.310000e-05	-2.654825e-03	3.437023e+00
2.311000e-05	-3.128530e-03	3.142934e+00
2.312000e-05	-5.073745e-03	2.849174e+00
2.313000e-05	-3.964511e-03	2.555590e+00
2.314000e-05	-3.717791e-03	2.270181e+00
2.315000e-05	-4.100637e-03	2.028098e+00
2.316000e-05	-5.796997e-03	1.722363e+00
2.317000e-05	-4.600320e-03	1.439199e+00
2.318000e-05	-4.628331e-03	1.132885e+00
2.319000e-05	-3.632188e-03	8.085476e-01
2.320000e-05	-6.032817e-03	5.033120e-01
2.321000e-05	-4.488385e-03	2.986003e-01
2.322000e-05	-2.155617e-03	-7.513409e-02
2.323000e-05	3.763370e-03	-2.887431e-01
2.324000e-05	-1.550010e-03	-5.423486e-01
2.325000e-05	-2.836020e-03	-8.040815e-01
2.326000e-05	-3.086144e-03	-1.058216e+00
2.327000e-05	-1.588727e-03	-1.373479e+00
2.328000e-05	-4.082690e-03	-1.644137e+00
2.329000e-05	5.401948e-03	-1.916762e+00
2.330000e-05	4.409292e-02	-2.099797e+00
2.331000e-05	8.313039e-02	-2.424160e+00
2.332000e-05	-8.213829e-02	-2.794506e+00
2.333000e-05	-3.324781e-02	-3.202029e+00
2.334000e-05	-4.602476e-02	-3.434581e+00
2.335000e-05	-1.084016e-02	-3.636162e+00
2.336000e-05	-7.040058e-02	-3.948872e+00
2.337000e-05	1.058434e-01	-4.107787e+00
2.338000e-05	-2.629253e-02	-4.320946e+00
2.339000e-05	-2.767495e-02	-4.657657e+00
2.340000e-05	1.441306e-01	-4.856262e+00
2.341000e-05	-1.767963e-01	-5.167108e+00
2.342000e-05	9.083990e-02	-5.467371e+00
2.343000e-05	-9.128744e-02	-5.751451e+00
2.344000e-05	1.400598e-02	-6.076737e+00
2.345000e-05	5.990988e-02	-6.219237e+00
2.346000e-05	-1.005214e-01	-6.554525e+00
2.347000e-05	1.177228e-01	-6.794661e+00
2.348000e-05	-8.435954e-02	-7.141869e+00
2.349000e-05	1.362081e-02	-7.394680e+00
2.350000e-05	-2.090251e-02	-7.646679e+00
2.351000e-05	-3.988176e-02	-7.943471e+00
2.352000e-05	8.134452e-02	-8.162025e+00
2.353000e-05	-9.857971e-02	-8.416658e+00
2.354000e-05	7.514607e-02	-8.658285e+00
2.355000e-05	-6.375374e-02	-8.910392e+00
2.356000e-05	1.384662e-02	-9.089948e+00
2.357000e-05	-1.064058e-02	-9.321545e+00
2.358000e-05	-4.074198e-02	-9.595157e+00
2.359000e-05	4.527874e-02	-9.785204e+00
2.360000e-05	-5.574919e-02	-1.002729e+01
2.361000e-05	4.928929e-02	-1.022678e+01
2.362000e-05	-7.246111e-02	-1.046831e+01
2.363000e-05	3.162957e-02	-1.065626e+01
2.364000e-05	-4.161993e-02	-1.088978e+01
2.365000e-05	7.276557e-03	-1.105782e+01
2.366000e-05	-2.003650e-02	-1.128784e+01
2.367000e-05	-9.139281e-03	-1.148987e+01
2.368000e-05	4.825794e-03	-1.169042e+01
2.369000e-05	-2.623034e-02	-1.190044e+01
2.370000e-05	-1.468510e-03	-1.209849e+01
2.371000e-05	-3.803766e-02	-1.229831e+01
2.372000e-05	1.276328e-02	-1.245741e+01
2.373000e-05	-3.235117e-02	-1.262565e+01
2.374000e-05	3.132786e-03	-1.278365e+01
2.375000e-05	-3.105547e-02	-1.293052e+01
2.376000e-05	5.926196e-03	-1.305939e+01
2.377000e-05	-2.371706e-02	-1.322628e+01
2.378000e-05	-1.328266e-02	-1.340112e+01
2.379000e-05	-2.268793e-02	-1.352094e+01
2.380000e-05	-1.408763e-02	-1.369941e+01
2.381000e-05	-9.987494e-03	-1.382323e+01
2.382000e-05	-2.416519e-02	-1.399214e+01
2.383000e-05	-1.289985e-02	-1.408739e+01
2.384000e-05	-2.201129e-02	-1.415320e+01
2.385000e-05	-1.026635e-02	-1.429897e+01
2.386000e-05	-2.755826e-02	-1.439475e+01
2.387000e-05	-1.784399e-02	-1.449802e+01
2.388000e-05	-2.198930e-02	-1.460418e+01
2.389000e-05	-1.367605e-02	-1.472954e+01
2.390000e-05	-2.333773e-02	-1.478320e+01
2.391000e-05	-2.293681e-02	-1.486593e+01
2.392000e-05	-2.363495e-02	-1.495001e+01
2.393000e-05	-2.017372e-02	-1.498475e+01
2.394000e-05	-2.586070e-02	-1.504890e+01
2.395000e-05	-2.571096e-02	-1.511999e+01
2.396000e-05	-2.445561e-02	-1.517162e+01
2.397000e-05	-2.266440e-02	-1.520577e+01
2.398000e-05	-2.469361e-02	-1.529691e+01
2.399000e-05	-3.225193e-02	-1.528904e+01
2.400000e-05	-2.763952e-02	-1.533062e+01
2.401000e-05	-2.847251e-02	-1.536312e+01
2.402000e-05	-2.632728e-02	-1.536277e+01
2.403000e-05	-3.530553e-02	-1.537319e+01
2.404000e-05	-3.157667e-02	-1.542480e+01
2.405000e-05	-3.276244e-02	-1.538465e+01
2.406000e-05	-3.581849e-02	-1.537415e+01
2.407000e-05	-3.796356e-02	-1.542370e+01
2.408000e-05	-4.354897e-02	-1.539215e+01
2.409000e-05	-3.824093e-02	-1.540115e+01
2.410000e-05	-4.410340e-02	-1.535101e+01
2.411000e-05	-4.660418e-02	-1.531841e+01
2.412000e-05	-5.059741e-02	-1.524633e+01
2.413000e-05	-5.094839e-02	-1.520125e+01
2.414000e-05	-5.703755e-02	-1.517124e+01
2.415000e-05	-6.698285e-02	-1.510952e+01
2.416000e-05	-7.636150e-02	-1.507585e+01
2.417000e-05	-8.418075e-02	-1.503275e+01
2.418000e-05	-9.773407e-02	-1.492954e+01
2.419000e-05	-1.157563e-01	-1.487485e+01
2.420000e-05	-1.414133e-01	-1.478169e+01
2.421000e-05	-1.707056e-01	-1.471741e+01
2.422000e-05	-2.104920e-01	-1.462362e+01
2.423000e-05	-2.452578e-01	-1.453804e+01
2.424000e-05	-2.499989e-01	-1.443333e+01
2.425000e-05	-2.500000e-01	-1.429694e+01
2.426000e-05	-2.500000e-01	-1.420322e+01
2.427000e-05	-2.500000e-01	-1.407590e+01
2.428000e-05	-2.500000e-01	-1.391804e+01
2.429000e-05	-2.500000e-01	-1.381475e+01
2.430000e-05	-2.450149e-01	-1.370736e+01
2.431000e-05	-2.167362e-01	-1.353859e+01
2.432000e-05	-1.806145e-01	-1.338169e+01
2.433000e-05	-1.477922e-01	-1.323482e+01
2.434000e-05	-1.204033e-01	-1.309499e+01
2.435000e-05	-9.786504e-02	-1.301102e+01
2.436000e-05	-8.160612e-02	-1.285162e+01
2.437000e-05	-6.529036e-02	-1.264385e+01
2.438000e-05	-5.391382e-02	-1.248541e+01
2.439000e-05	-4.462036e-02	-1.230551e+01
2.440000e-05	-3.962654e-02	-1.213552e+01
2.441000e-05	-3.558325e-02	-1.199009e+01
2.442000e-05	-2.744079e-02	-1.178899e+01
2.443000e-05	-2.424547e-02	-1.154709e+01
2.444000e-05	-2.039643e-02	-1.133591e+01
2.445000e-05	-2.061348e-02	-1.107593e+01
2.446000e-05	-1.480615e-02	-1.093436e+01
2.447000e-05	-1.521697e-02	-1.070696e+01
2.448000e-05	-1.410872e-02	-1.048598e+01
2.449000e-05	-1.647435e-02	-1.027725e+01
2.450000e-05	-1.390701e-02	-1.009183e+01
2.451000e-05	-1.158332e-02	-9.892776e+00
2.452000e-05	-1.121348e-02	-9.642803e+00
2.453000e-05	-1.311116e-02	-9.431620e+00
2.454000e-05	-1.058971e-02	-9.207615e+00
2.455000e-05	-9.319728e-03	-8.948539e+00
2.456000e-05	-9.377863e-03	-8.754884e+00
2.457000e-05	-1.061258e-02	-8.513806e+00
2.458000e-05	-1.108217e-02	-8.262276e+00
2.459000e-05	-9.405144e-03	-8.009676e+00
2.460000e-05	-1.005001e-02	-7.774891e+00
2.461000e-05	-9.223650e-03	-7.461729e+00
2.462000e-05	-9.452116e-03	-7.267628e+00
2.463000e-05	-7.397358e-03	-6.966516e+00
2.464000e-05	-9.234033e-03	-6.713883e+00
2.465000e-05	-8.387479e-03	-6.482175e+00
2.466000e-05	-9.391313e-03	-6.187591e+00
2.467000e-05	-6.317780e-03	-5.925332e+00
2.468000e-05	-8.880462e-03	-5.660748e+00
2.469000e-05	-6.537871e-03	-5.385567e+00
2.470000e-05	-8.351180e-03	-5.102253e+00
2.471000e-05	-5.874587e-03	-4.802959e+00
2.472000e-05	-8.297221e-03	-4.493205e+00
2.473000e-05	-5.416204e-03	-4.251202e+00
2.474000e-05	-8.029126e-03	-4.017494e+00
2.475000e-05	-6.325370e-03	-3.672807e+00
2.476000e-05	-7.466513e-03	-3.420102e+00
2.477000e-05	-5.909724e-03	-3.166968e+00
2.478000e-05	-7.396728e-03	-2.870153e+00
2.479000e-05	-6.500640e-03	-2.595991e+00
2.480000e-05	-5.728735e-03	-2.313284e+00
2.481000e-05	-3.559450e-03	-2.000097e+00
2.482000e-05	-4.999658e-03	-1.754887e+00
2.483000e-05	-5.686541e-03	-1.417054e+00
2.484000e-05	-6.168057e-03	-1.121786e+00
2.485000e-05	-4.990966e-03	-8.771014e-01
2.486000e-05	-3.808900e-03	-5.628147e-01
2.487000e-05	-4.198850e-03	-3.211804e-01
2.488000e-05	1.307346e-03	4.413170e-02
2.489000e-05	9.397424e-03	2.992872e-01
2.490000e-05	-1.215433e-03	5.308973e-01
2.491000e-05	2.212401e-03	7.814778e-01
2.492000e-05	-3.008805e-03	1.108843e+00
2.493000e-05	1.312244e-03	1.371450e+00
2.494000e-05	-1.441513e-03	1.718296e+00
2.495000e-05	9.333325e-03	1.908843e+00
2.496000e-05	2.733528e-02	2.173425e+00
2.497000e-05	8.123576e-02	2.456160e+00
2.498000e-05	-2.287136e-02	2.823505e+00
2.499000e-05	-5.432224e-02	3.109841e+00
2.500000e-05	-3.859896e-02	3.352946e+00
2.501000e-05	1.206831e-03	3.625133e+00
2.502000e-05	-2.548084e-02	3.855709e+00
2.503000e-05	-4.558414e-02	4.055283e+00
2.504000e-05	7.056949e-02	4.381970e+00
2.505000e-05	1.887301e-02	4.646234e+00
2.506000e-05	1.054957e-02	4.877362e+00
2.507000e-05	6.741649e-02	5.226605e+00
2.508000e-05	-1.072042e-01	5.479870e+00
2.509000e-05	5.306259e-02	5.761477e+00
2.510000e-05	-3.744521e-03	6.056686e+00
2.511000e-05	1.236513e-03	6.267314e+00
2.512000e-05	4.398542e-03	6.533026e+00
2.513000e-05	-2.780983e-02	6.896210e+00
2.514000e-05	8.217834e-02	7.080342e+00
2.515000e-05	-3.866519e-02	7.404497e+00
2.516000e-05	-6.366109e-03	7.677213e+00
2.517000e-05	-2.515618e-02	7.919444e+00
2.518000e-05	5.198027e-02	8.184575e+00
2.519000e-05	2.076200e-02	8.394152e+00
2.520000e-05	-4.299342e-02	8.605205e+00
2.521000e-05	2.835511e-02	8.848785e+00
2.522000e-05	-4.597328e-05	9.087436e+00
2.523000e-05	2.520739e-02	9.340418e+00
2.524000e-05	-2.362111e-02	9.522524e+00
2.525000e-05	4.270071e-03	9.753653e+00
2.526000e-05	2.094778e-02	1.001573e+01
2.527000e-05	2.093910e-02	1.022475e+01
2.528000e-05	3.663158e-03	1.047625e+01
2.529000e-05	-2.216756e-02	1.064629e+01
2.530000e-05	2.673389e-02	1.086778e+01
2.531000e-05	9.419577e-03	1.101573e+01
2.532000e-05	8.711366e-03	1.121586e+01
2.533000e-05	-1.264953e-02	1.143686e+01
2.534000e-05	2.234210e-02	1.168794e+01
2.535000e-05	1.850293e-02	1.190828e+01
2.536000e-05	7.291461e-03	1.204738e+01
2.537000e-05	-6.907423e-03	1.221668e+01
2.538000e-05	8.636893e-03	1.242575e+01
2.539000e-05	2.359641e-02	1.258265e+01
2.540000e-05	6.945148e-03	1.268992e+01
2.541000e-05	3.854945e-03	1.292994e+01
2.542000e-05	6.685511e-03	1.300736e+01
2.543000e-05	2.673509e-02	1.323427e+01
2.544000e-05	6.782818e-03	1.336959e+01
2.545000e-05	2.758126e-03	1.344886e+01
2.546000e-05	4.320681e-03	1.358480e+01
2.547000e-05	2.316826e-02	1.375259e+01
2.548000e-05	1.429632e-02	1.388041e+01
2.549000e-05	6.126767e-03	1.402430e+01
2.550000e-05	1.174329e-02	1.417214e+01
2.551000e-05	1.985491e-02	1.428743e+01
2.552000e-05	1.867610e-02	1.437314e+01
2.553000e-05	4.711881e-03	1.447794e+01
2.554000e-05	1.243203e-02	1.457317e+01
2.555000e-05	1.874454e-02	1.463683e+01
2.556000e-05	2.240745e-02	1.476014e+01
2.557000e-05	1.052855e-02	1.482330e+01
2.558000e-05	1.276560e-02	1.489751e+01
2.559000e-05	2.142249e-02	1.498057e+01
2.560000e-05	2.217202e-02	1.499468e+01
2.561000e-05	1.462752e-02	1.506738e+01
2.562000e-05	1.373873e-02	1.510901e+01
2.563000e-05	2.361861e-02	1.515112e+01
2.564000e-05	2.436333e-02	1.520283e+01
2.565000e-05	2.001603e-02	1.524535e+01
2.566000e-05	1.630171e-02	1.528733e+01
2.567000e-05	2.629847e-02	1.529743e+01
2.568000e-05	2.906162e-02	1.530901e+01
2.569000e-05	2.489309e-02	1.532954e+01
2.570000e-05	2.198810e-02	1.531004e+01
2.571000e-05	2.802677e-02	1.535898e+01
2.572000e-05	3.422052e-02	1.526804e+01
2.573000e-05	2.953989e-02	1.531958e+01
2.574000e-05	2.906467e-02	1.529596e+01
2.575000e-05	3.516780e-02	1.527646e+01
2.576000e-05	4.433901e-02	1.524338e+01
2.577000e-05	4.182534e-02	1.524382e+01
2.578000e-05	4.139493e-02	1.521169e+01
2.579000e-05	4.789771e-02	1.512954e+01
2.580000e-05	5.738043e-02	1.509596e+01
2.581000e-05	6.222775e-02	1.503530e+01
2.582000e-05	6.529083e-02	1.499010e+01
2.583000e-05	8.066544e-02	1.493849e+01
2.584000e-05	9.941921e-02	1.481480e+01
2.585000e-05	1.198781e-01	1.477062e+01
2.586000e-05	1.421512e-01	1.469686e+01
2.587000e-05	1.784143e-01	1.458185e+01
2.588000e-05	2.241021e-01	1.449803e+01
2.589000e-05	2.492288e-01	1.443275e+01
2.590000e-05	2.499999e-01	1.433748e+01
2.591000e-05	2.500000e-01	1.422370e+01
2.592000e-05	2.500000e-01	1.407496e+01
2.593000e-05	2.500000e-01	1.397916e+01
2.594000e-05	2.500000e-01	1.385283e+01
2.595000e-05	2.490600e-01	1.372541e+01
2.596000e-05	2.365293e-01	1.353809e+01
2.597000e-05	1.975298e-01	1.341175e+01
2.598000e-05	1.581447e-01	1.326591e+01
2.599000e-05	1.260132e-01	1.314801e+01
2.600000e-05	1.039637e-01	1.300117e+01
2.601000e-05	8.689932e-02	1.286480e+01
2.602000e-05	6.821335e-02	1.267341e+01
2.603000e-05	5.306484e-02	1.254704e+01
2.604000e-05	4.288799e-02	1.239862e+01
2.605000e-05	3.721517e-02	1.220117e+01
2.606000e-05	2.788717e-02	1.201020e+01
2.607000e-05	2.055293e-02	1.183073e+01
2.608000e-05	1.763150e-02	1.161215e+01
2.609000e-05	1.636163e-02	1.141016e+01
2.610000e-05	1.327591e-02	1.118974e+01
2.611000e-05	8.179151e-03	1.102015e+01
2.612000e-05	7.928983e-03	1.085323e+01
2.613000e-05	8.091041e-03	1.057069e+01
2.614000e-05	6.457821e-03	1.039867e+01
2.615000e-05	2.986000e-03	1.018917e+01
2.616000e-05	3.610155e-03	9.967515e+00
2.617000e-05	3.631635e-03	9.744912e+00
2.618000e-05	4.556935e-03	9.484357e+00
2.619000e-05	1.979945e-03	9.293382e+00
2.620000e-05	9.372649e-04	9.031679e+00
2.621000e-05	2.659292e-03	8.838649e+00
2.622000e-05	2.270626e-03	8.619066e+00
2.623000e-05	1.602486e-03	8.358568e+00
2.624000e-05	-1.343360e-03	8.124536e+00
2.625000e-05	9.729474e-04	7.882231e+00
2.626000e-05	1.036382e-03	7.619223e+00
2.627000e-05	-3.307238e-04	7.366036e+00
2.628000e-05	-2.088367e-03	7.102807e+00
2.629000e-05	-8.772094e-04	6.901224e+00
2.630000e-05	1.276356e-03	6.577565e+00
2.631000e-05	-6.671154e-04	6.344357e+00
2.632000e-05	-1.123798e-03	6.082881e+00
2.633000e-05	-1.309528e-03	5.817645e+00
2.634000e-05	-5.124673e-04	5.566439e+00
2.635000e-05	-2.898272e-03	5.240123e+00
2.636000e-05	-3.697118e-03	4.933940e+00
2.637000e-05	-3.350208e-03	4.660569e+00
2.638000e-05	-1.324202e-03	4.377390e+00
2.639000e-05	-7.665533e-04	4.080778e+00
2.640000e-05	-2.788035e-03	3.836671e+00
2.641000e-05	-2.275062e-03	3.555988e+00
2.642000e-05	-2.937990e-03	3.260677e+00
2.643000e-05	-3.328446e-03	2.976995e+00
2.644000e-05	-5.426829e-03	2.742434e+00
2.645000e-05	-5.368448e-03	2.419148e+00
2.646000e-05	-4.868707e-03	2.174487e+00
2.647000e-05	-3.444464e-03	1.910178e+00
2.648000e-05	-3.222040e-03	1.575420e+00
2.649000e-05	-4.412301e-03	1.283280e+00
2.650000e-05	-5.002099e-03	9.624672e-01
2.651000e-05	-4.256969e-03	7.102276e-01
2.652000e-05	-4.747380e-03	4.176433e-01
2.653000e-05	-4.219944e-03	7.227916e-02
2.654000e-05	-1.205449e-03	-1.614039e-01
2.655000e-05	6.171401e-03	-4.125591e-01
2.656000e-05	-6.338418e-03	-6.993460e-01
2.657000e-05	-1.297727e-04	-9.613762e-01
2.658000e-05	-7.714089e-03	-1.254089e+00
2.659000e-05	-7.643772e-04	-1.569425e+00
2.660000e-05	-1.871960e-03	-1.761953e+00
2.661000e-05	2.208123e-02	-1.991975e+00
2.662000e-05	7.731743e-02	-2.269240e+00
2.663000e-05	-1.290860e-03	-2.584558e+00
2.664000e-05	-6.916349e-02	-2.944056e+00
2.665000e-05	-3.505991e-02	-3.310292e+00
2.666000e-05	-2.516859e-02	-3.550978e+00
2.667000e-05	-4.383359e-02	-3.775631e+00
2.668000e-05	-1.179232e-02	-4.004653e+00
2.669000e-05	1.176552e-01	-4.193053e+00
2.670000e-05	-1.385174e-01	-4.470191e+00
2.671000e-05	1.629928e-01	-4.772450e+00
2.672000e-05	-5.294351e-02	-4.986659e+00
2.673000e-05	-6.712820e-02	-5.373873e+00
2.674000e-05	5.954099e-02	-5.635083e+00
2.675000e-05	-1.374943e-01	-5.919345e+00
2.676000e-05	1.346992e-01	-6.140421e+00
2.677000e-05	-8.530021e-02	-6.416159e+00
2.678000e-05	3.008443e-02	-6.698389e+00
2.679000e-05	4.359381e-02	-6.962424e+00
2.680000e-05	-8.900317e-02	-7.298311e+00
2.681000e-05	5.995840e-02	-7.528795e+00
2.682000e-05	-1.025239e-01	-7.775155e+00
2.683000e-05	7.421435e-02	-8.048311e+00
2.684000e-05	-3.011325e-02	-8.269817e+00
2.685000e-05	-1.905597e-02	-8.533039e+00
2.686000e-05	4.448770e-02	-8.743124e+00
2.687000e-05	-8.453368e-02	-9.035734e+00
2.688000e-05	6.668319e-02	-9.256706e+00
2.689000e-05	-8.542431e-02	-9.438812e+00
2.690000e-05	5.411897e-02	-9.729943e+00
2.691000e-05	-4.322468e-02	-9.889818e+00
2.692000e-05	1.493836e-02	-1.014104e+01
2.693000e-05	-1.407636e-02	-1.032300e+01
2.694000e-05	-3.341998e-02	-1.059455e+01
2.695000e-05	1.737057e-02	-1.073253e+01
2.696000e-05	-4.707185e-02	-1.097353e+01
2.697000e-05	2.967064e-02	-1.118468e+01
2.698000e-05	-4.606777e-02	-1.137713e+01
2.699000e-05	2.663110e-02	-1.160565e+01
2.700000e-05	-4.023187e-02	-1.179518e+01
2.701000e-05	7.723874e-03	-1.205728e+01
2.702000e-05	-3.627637e-02	-1.216350e+01
2.703000e-05	-1.581147e-03	-1.238312e+01
2.704000e-05	-1.443222e-02	-1.253107e+01
2.705000e-05	-1.297202e-02	-1.265949e+01
2.706000e-05	-8.371123e-03	-1.288776e+01
2.707000e-05	-2.180899e-02	-1.302778e+01
2.708000e-05	-8.642385e-04	-1.319265e+01
2.709000e-05	-3.304819e-02	-1.333146e+01
2.710000e-05	-3.846241e-03	-1.343686e+01
2.711000e-05	-3.171952e-02	-1.358615e+01
2.712000e-05	-7.443087e-04	-1.375107e+01
2.713000e-05	-2.592898e-02	-1.384686e+01
2.714000e-05	-9.103129e-03	-1.399578e+01
2.715000e-05	-2.304401e-02	-1.413954e+01
2.716000e-05	-1.465255e-02	-1.420786e+01
2.717000e-05	-2.103705e-02	-1.435315e+01
2.718000e-05	-2.260717e-02	-1.446753e+01
2.719000e-05	-1.791804e-02	-1.456160e+01
2.720000e-05	-2.046295e-02	-1.465843e+01
2.721000e-05	-1.621402e-02	-1.478202e+01
2.722000e-05	-2.336211e-02	-1.484538e+01
2.723000e-05	-1.982540e-02	-1.490004e+01
2.724000e-05	-2.506070e-02	-1.496315e+01
2.725000e-05	-2.305569e-02	-1.503685e+01
2.726000e-05	-2.727740e-02	-1.508996e+01
2.727000e-05	-2.361782e-02	-1.513057e+01
2.728000e-05	-2.505769e-02	-1.520312e+01
2.729000e-05	-2.247945e-02	-1.524373e+01
2.730000e-05	-2.863140e-02	-1.527751e+01
2.731000e-05	-2.570020e-02	-1.529104e+01
2.732000e-05	-2.880918e-02	-1.536959e+01
2.733000e-05	-3.006234e-02	-1.536912e+01
2.734000e-05	-3.114975e-02	-1.540360e+01
2.735000e-05	-3.384667e-02	-1.541520e+01
2.736000e-05	-3.086644e-02	-1.540428e+01
2.737000e-05	-3.515995e-02	-1.539467e+01
2.738000e-05	-3.510582e-02	-1.542275e+01
2.739000e-05	-3.900174e-02	-1.538412e+01
2.740000e-05	-3.913460e-02	-1.536260e+01
2.741000e-05	-4.253541e-02	-1.536059e+01
2.742000e-05	-4.668544e-02	-1.533849e+01
2.743000e-05	-4.974526e-02	-1.529796e+01
2.744000e-05	-5.248902e-02	-1.525328e+01
2.745000e-05	-5.562659e-02	-1.517217e+01
2.746000e-05	-6.089727e-02	-1.514002e+01
2.747000e-05	-6.924713e-02	-1.508791e+01
2.748000e-05	-7.662918e-02	-1.503573e+01
2.749000e-05	-9.000833e-02	-1.494264e+01
2.750000e-05	-1.064034e-01	-1.491750e+01
2.751000e-05	-1.297591e-01	-1.483232e+01
2.752000e-05	-1.559657e-01	-1.473002e+01
2.753000e-05	-1.914616e-01	-1.465638e+01
2.754000e-05	-2.308290e-01	-1.457109e+01
2.755000e-05	-2.499911e-01	-1.446634e+01
2.756000e-05	-2.500000e-01	-1.435909e+01
2.757000e-05	-2.500000e-01	-1.427688e+01
2.758000e-05	-2.500000e-01	-1.414798e+01
2.759000e-05	-2.500000e-01	-1.401325e+01
2.760000e-05	-2.500000e-01	-1.385490e+01
2.761000e-05	-2.489650e-01	-1.376659e+01
2.762000e-05	-2.349578e-01	-1.358269e+01
2.763000e-05	-1.978863e-01	-1.348578e+01
2.764000e-05	-1.611940e-01	-1.332849e+01
2.765000e-05	-1.331213e-01	-1.321062e+01
2.766000e-05	-1.082332e-01	-1.303278e+01
2.767000e-05	-9.193780e-02	-1.287491e+01
2.768000e-05	-7.279535e-02	-1.272744e+01
2.769000e-05	-6.039648e-02	-1.257854e+01
2.770000e-05	-4.968726e-02	-1.239067e+01
2.771000e-05	-4.101615e-02	-1.223175e+01
2.772000e-05	-3.465803e-02	-1.205320e+01
2.773000e-05	-2.901290e-02	-1.185230e+01
2.774000e-05	-2.677842e-02	-1.166278e+01
2.775000e-05	-2.495589e-02	-1.148073e+01
2.776000e-05	-2.102726e-02	-1.122022e+01
2.777000e-05	-1.907283e-02	-1.100064e+01
2.778000e-05	-1.537822e-02	-1.080067e+01
2.779000e-05	-1.430232e-02	-1.062122e+01
2.780000e-05	-1.260866e-02	-1.041010e+01
2.781000e-05	-1.247862e-02	-1.021656e+01
2.782000e-05	-1.316538e-02	-9.967989e+00
2.783000e-05	-1.323324e-02	-9.727465e+00
2.784000e-05	-1.386827e-02	-9.525590e+00
2.785000e-05	-1.053451e-02	-9.344357e+00
2.786000e-05	-1.117535e-02	-9.092802e+00
2.787000e-05	-1.028702e-02	-8.861853e+00
2.788000e-05	-9.922563e-03	-8.610090e+00
2.789000e-05	-9.209281e-03	-8.387068e+00
2.790000e-05	-8.865551e-03	-8.136414e+00
2.791000e-05	-1.084294e-02	-7.874858e+00
2.792000e-05	-9.812336e-03	-7.608144e+00
2.793000e-05	-9.584189e-03	-7.345390e+00
2.794000e-05	-8.660825e-03	-7.122810e+00
2.795000e-05	-9.703147e-03	-6.848103e+00
2.796000e-05	-7.884402e-03	-6.587016e+00
2.797000e-05	-8.311870e-03	-6.304857e+00
2.798000e-05	-6.888203e-03	-6.049203e+00
2.799000e-05	-7.796107e-03	-5.787514e+00
2.800000e-05	-7.494596e-03	-5.513891e+00
2.801000e-05	-6.125495e-03	-5.239174e+00
2.802000e-05	-8.482564e-03	-4.904860e+00
2.803000e-05	-7.061958e-03	-4.578098e+00
2.804000e-05	-7.479458e-03	-4.367466e+00
2.805000e-05	-5.767326e-03	-4.144335e+00
2.806000e-05	-8.024834e-03	-3.829626e+00
2.807000e-05	-6.466107e-03	-3.576864e+00
2.808000e-05	-8.211402e-03	-3.311758e+00
2.809000e-05	-5.340810e-03	-3.016569e+00
2.810000e-05	-6.824875e-03	-2.752859e+00
2.811000e-05	-4.971462e-03	-2.440228e+00
2.812000e-05	-4.828585e-03	-2.144316e+00
2.813000e-05	-4.133586e-03	-1.889756e+00
2.814000e-05	-5.122191e-03	-1.617999e+00
2.815000e-05	-5.762328e-03	-1.291183e+00
2.816000e-05	-6.452307e-03	-1.002521e+00
2.817000e-05	-4.681063e-03	-6.627341e-01
2.818000e-05	-3.837495e-03	-3.789723e-01
2.819000e-05	-3.067520e-03	-1.153395e-01
2.820000e-05	5.804117e-03	1.224696e-01
2.821000e-05	5.843131e-03	4.335328e-01
2.822000e-05	-3.333802e-04	6.763142e-01
2.823000e-05	-1.205792e-03	9.220199e-01
2.824000e-05	-1.557397e-03	1.235634e+00
2.825000e-05	1.442718e-03	1.508244e+00
2.826000e-05	8.347798e-04	1.813553e+00
2.827000e-05	1.513708e-02	2.024130e+00
2.828000e-05	5.366193e-02	2.258965e+00
2.829000e-05	5.279462e-02	2.606759e+00
2.830000e-05	-6.705642e-02	2.942525e+00
2.831000e-05	-3.905937e-02	3.253059e+00
2.832000e-05	-2.398949e-02	3.520895e+00
2.833000e-05	4.942425e-03	3.739866e+00
2.834000e-05	-5.544190e-02	3.979523e+00
2.835000e-05	1.901376e-03	4.153578e+00
2.836000e-05	9.102481e-02	4.458287e+00
2.837000e-05	-5.038174e-02	4.741424e+00
2.838000e-05	1.074697e-01	5.026708e+00
2.839000e-05	-6.642150e-02	5.363526e+00
2.840000e-05	-2.619797e-02	5.625159e+00
2.841000e-05	5.149652e-02	5.899796e+00
2.842000e-05	-3.396534e-02	6.142570e+00
2.843000e-05	3.683113e-02	6.404656e+00
2.844000e-05	-4.896806e-02	6.717868e+00
2.845000e-05	5.418813e-02	6.953019e+00
2.846000e-05	2.124950e-02	7.236162e+00
2.847000e-05	-3.330676e-02	7.491492e+00
2.848000e-05	-1.213353e-02	7.793025e+00
2.849000e-05	1.703548e-03	8.056360e+00
2.850000e-05	6.118830e-02	8.317840e+00
2.851000e-05	-2.815888e-02	8.509890e+00
2.852000e-05	-9.573038e-03	8.709524e+00
2.853000e-05	2.617861e-02	8.942078e+00
2.854000e-05	1.056637e-03	9.255203e+00
2.855000e-05	1.442517e-02	9.396306e+00
2.856000e-05	-2.876994e-02	9.657838e+00
2.857000e-05	2.790129e-02	9.878365e+00
2.858000e-05	1.623816e-02	1.014190e+01
2.859000e-05	1.687903e-02	1.029992e+01
2.860000e-05	-1.615323e-02	1.053315e+01
2.861000e-05	-3.665256e-03	1.074302e+01
2.862000e-05	2.925717e-02	1.095202e+01
2.863000e-05	-2.539578e-04	1.114912e+01
2.864000e-05	5.843677e-03	1.138365e+01
2.865000e-05	-3.891128e-03	1.154217e+01
2.866000e-05	3.146325e-02	1.175169e+01
2.867000e-05	6.689258e-03	1.197107e+01
2.868000e-05	9.392235e-04	1.214262e+01
2.869000e-05	-3.471399e-03	1.229992e+01
2.870000e-05	1.719408e-02	1.251944e+01
2.871000e-05	1.881319e-02	1.265624e+01
2.872000e-05	7.921333e-04	1.281575e+01
2.873000e-05	7.872489e-03	1.296307e+01
2.874000e-05	1.398219e-02	1.307104e+01
2.875000e-05	2.126998e-02	1.325788e+01
2.876000e-05	1.020386e-03	1.340470e+01
2.877000e-05	4.615684e-03	1.356217e+01
2.878000e-05	1.346151e-02	1.368951e+01
2.879000e-05	1.991054e-02	1.380525e+01
2.880000e-05	9.554272e-03	1.394252e+01
2.881000e-05	5.864823e-03	1.409006e+01
2.882000e-05	1.784136e-02	1.423527e+01
2.883000e-05	1.881442e-02	1.435053e+01
2.884000e-05	1.105146e-02	1.445575e+01
2.885000e-05	6.481168e-03	1.454104e+01
2.886000e-05	1.756717e-02	1.464375e+01
2.887000e-05	2.243491e-02	1.465939e+01
2.888000e-05	1.449232e-02	1.479363e+01
2.889000e-05	1.199604e-02	1.486583e+01
2.890000e-05	1.592061e-02	1.493853e+01
2.891000e-05	2.471497e-02	1.496222e+01
2.892000e-05	1.569714e-02	1.503533e+01
2.893000e-05	1.470709e-02	1.512838e+01
2.894000e-05	1.793247e-02	1.511059e+01
2.895000e-05	2.521872e-02	1.519274e+01
2.896000e-05	2.142157e-02	1.523432e+01
2.897000e-05	1.611418e-02	1.525635e+01
2.898000e-05	2.239663e-02	1.527901e+01
2.899000e-05	2.712384e-02	1.528796e+01
2.900000e-05	2.770879e-02	1.530796e+01
2.901000e-05	2.106131e-02	1.534051e+01
2.902000e-05	2.611921e-02	1.533954e+01
2.903000e-05	3.086107e-02	1.532954e+01
2.904000e-05	3.132995e-02	1.530901e+01
2.905000e-05	2.768437e-02	1.535843e+01
2.906000e-05	3.343948e-02	1.528903e+01
2.907000e-05	4.068875e-02	1.525693e+01
2.908000e-05	4.248677e-02	1.523485e+01
2.909000e-05	4.067000e-02	1.524280e+01
2.910000e-05	4.493153e-02	1.516169e+01
2.911000e-05	5.425891e-02	1.514801e+01
2.912000e-05	5.892249e-02	1.502583e+01
2.913000e-05	6.306959e-02	1.502272e+01
2.914000e-05	7.354466e-02	1.497912e+01
2.915000e-05	9.126558e-02	1.490643e+01
2.916000e-05	1.081415e-01	1.480317e+01
2.917000e-05	1.283468e-01	1.476859e+01
2.918000e-05	1.595312e-01	1.464485e+01
2.919000e-05	2.008369e-01	1.454914e+01
2.920000e-05	2.404264e-01	1.447588e+01
2.921000e-05	2.499946e-01	1.436956e+01
2.922000e-05	2.500000e-01	1.430495e+01
2.923000e-05	2.500000e-01	1.417816e+01
2.924000e-05	2.500000e-01	1.400176e+01
2.925000e-05	2.500000e-01	1.392548e+01
2.926000e-05	2.500000e-01	1.378964e+01
2.927000e-05	2.458724e-01	1.363330e+01
2.928000e-05	2.190808e-01	1.350590e+01
2.929000e-05	1.760118e-01	1.333962e+01
2.930000e-05	1.422745e-01	1.322220e+01
2.931000e-05	1.148471e-01	1.301385e+01
2.932000e-05	9.594873e-02	1.291846e+01
2.933000e-05	7.582262e-02	1.276912e+01
2.934000e-05	6.007742e-02	1.262124e+01
2.935000e-05	4.836556e-02	1.247217e+01
2.936000e-05	4.061751e-02	1.229383e+01
2.937000e-05	3.089384e-02	1.211490e+01
2.938000e-05	2.347088e-02	1.189649e+01
2.939000e-05	1.935890e-02	1.173604e+01
2.940000e-05	1.761793e-02	1.154504e+01
2.941000e-05	1.487700e-02	1.129648e+01
2.942000e-05	1.003100e-02	1.112541e+01
2.943000e-05	9.502712e-03	1.090544e+01
2.944000e-05	7.505337e-03	1.072448e+01
2.945000e-05	8.016625e-03	1.053536e+01
2.946000e-05	3.762356e-03	1.030333e+01
2.947000e-05	4.235795e-03	1.007331e+01
2.948000e-05	5.004501e-03	9.820746e+00
2.949000e-05	3.433713e-03	9.600723e+00
2.950000e-05	2.842884e-03	9.398668e+00
2.951000e-05	1.897743e-03	9.189148e+00
2.952000e-05	3.333906e-03	8.955487e+00
2.953000e-05	2.340553e-03	8.704431e+00
2.954000e-05	8.989736e-04	8.504310e+00
2.955000e-05	-2.866368e-04	8.241854e+00
2.956000e-05	8.970424e-04	7.989098e+00
2.957000e-05	5.131200e-04	7.787464e+00
2.958000e-05	-3.070304e-04	7.512783e+00
2.959000e-05	-1.157197e-03	7.230171e+00
2.960000e-05	8.873346e-04	6.957515e+00
2.961000e-05	5.363358e-04	6.704430e+00
2.962000e-05	-7.174993e-04	6.461750e+00
2.963000e-05	-1.267150e-03	6.198124e+00
2.964000e-05	-1.496908e-03	6.007016e+00
2.965000e-05	-6.567145e-04	5.722407e+00
2.966000e-05	-2.654476e-03	5.448720e+00
2.967000e-05	-2.860548e-03	5.092354e+00
2.968000e-05	-1.955420e-03	4.775965e+00
2.969000e-05	-1.618515e-03	4.511254e+00
2.970000e-05	-2.052784e-03	4.267570e+00
2.971000e-05	-3.613832e-03	3.956359e+00
2.972000e-05	-2.479883e-03	3.691706e+00
2.973000e-05	-3.343581e-03	3.459144e+00
2.974000e-05	-3.293532e-03	3.132783e+00
2.975000e-05	-5.453068e-03	2.830204e+00
2.976000e-05	-3.592898e-03	2.615490e+00
2.977000e-05	-4.274982e-03	2.280130e+00
2.978000e-05	-3.247244e-03	2.008571e+00
2.979000e-05	-5.714944e-03	1.721911e+00
2.980000e-05	-3.182417e-03	1.429120e+00
2.981000e-05	-4.041301e-03	1.132862e+00
2.982000e-05	-3.810237e-03	7.985223e-01
2.983000e-05	-5.671930e-03	5.228081e-01
2.984000e-05	-4.387129e-03	2.592276e-01
2.985000e-05	-2.353178e-03	-2.353659e-02
2.986000e-05	4.437208e-03	-2.887481e-01
2.987000e-05	-9.233897e-04	-5.243437e-01
2.988000e-05	-3.202556e-03	-8.040341e-01
2.989000e-05	-3.328810e-03	-1.077241e+00
2.990000e-05	-1.432455e-03	-1.342553e+00
2.991000e-05	-4.324427e-03	-1.665664e+00
2.992000e-05	5.414620e-03	-1.878190e+00
2.993000e-05	4.460416e-02	-2.088772e+00
2.994000e-05	8.074466e-02	-2.434586e+00
2.995000e-05	-8.018973e-02	-2.795008e+00
2.996000e-05	-3.388917e-02	-3.173903e+00
2.997000e-05	-4.459860e-02	-3.434608e+00
2.998000e-05	-1.126081e-02	-3.647163e+00
2.999000e-05	-6.785710e-02	-3.931371e+00
3.000000e-05	1.040336e-01	-4.086791e+00
3.001000e-05	-2.536539e-02	-4.329894e+00
3.002000e-05	-2.924271e-02	-4.605659e+00
3.003000e-05	1.454960e-01	-4.848762e+00
3.004000e-05	-1.756793e-01	-5.204586e+00
3.005000e-05	9.069322e-02	-5.538340e+00
3.006000e-05	-8.944981e-02	-5.753504e+00
3.007000e-05	1.273603e-02	-6.066212e+00
3.008000e-05	6.218768e-02	-6.279312e+00
3.009000e-05	-1.028684e-01	-6.565148e+00
3.010000e-05	1.178043e-01	-6.816708e+00
3.011000e-05	-8.527945e-02	-7.130389e+00
3.012000e-05	1.502614e-02	-7.373149e+00
3.013000e-05	-2.182008e-02	-7.637708e+00
3.014000e-05	-3.986155e-02	-7.941374e+00
3.015000e-05	8.077689e-02	-8.133048e+00
3.016000e-05	-9.500332e-02	-8.414708e+00
3.017000e-05	7.273012e-02	-8.638680e+00
3.018000e-05	-6.308013e-02	-8.920342e+00
3.019000e-05	1.147501e-02	-9.162445e+00
3.020000e-05	-8.758884e-03	-9.302549e+00
3.021000e-05	-4.176572e-02	-9.604677e+00
3.022000e-05	4.421636e-02	-9.793181e+00
3.023000e-05	-5.453164e-02	-1.003528e+01
3.024000e-05	4.998999e-02	-1.022678e+01
3.025000e-05	-7.039138e-02	-1.047936e+01
3.026000e-05	2.972394e-02	-1.066676e+01
3.027000e-05	-4.227011e-02	-1.086983e+01
3.028000e-05	6.530203e-03	-1.103024e+01
3.029000e-05	-1.925551e-02	-1.128842e+01
3.030000e-05	-1.099624e-02	-1.150044e+01
3.031000e-05	4.881732e-03	-1.166941e+01
3.032000e-05	-2.574776e-02	-1.191149e+01
3.033000e-05	-2.026938e-04	-1.212894e+01
3.034000e-05	-3.819140e-02	-1.223881e+01
3.035000e-05	1.151915e-02	-1.247583e+01
3.036000e-05	-3.288414e-02	-1.256528e+01
3.037000e-05	3.232062e-03	-1.282308e+01
3.038000e-05	-3.115730e-02	-1.297147e+01
3.039000e-05	4.176369e-03	-1.305941e+01
3.040000e-05	-2.355741e-02	-1.323531e+01
3.041000e-05	-1.280657e-02	-1.342415e+01
3.042000e-05	-2.090044e-02	-1.351149e+01
3.043000e-05	-1.556735e-02	-1.367786e+01
3.044000e-05	-1.115562e-02	-1.379520e+01
3.045000e-05	-2.435522e-02	-1.395100e+01
3.046000e-05	-1.239207e-02	-1.407788e+01
3.047000e-05	-2.289554e-02	-1.419375e+01
3.048000e-05	-1.098132e-02	-1.431147e+01
3.049000e-05	-2.729292e-02	-1.441375e+01
3.050000e-05	-1.637825e-02	-1.452052e+01
3.051000e-05	-2.276980e-02	-1.459470e+01
3.052000e-05	-1.495619e-02	-1.471991e+01
3.053000e-05	-2.258534e-02	-1.477324e+01
3.054000e-05	-2.145780e-02	-1.489643e+01
3.055000e-05	-2.399156e-02	-1.492951e+01
3.056000e-05	-2.052610e-02	-1.501533e+01
3.057000e-05	-2.610209e-02	-1.501980e+01
3.058000e-05	-2.505448e-02	-1.510955e+01
3.059000e-05	-2.462273e-02	-1.521265e+01
3.060000e-05	-2.235044e-02	-1.520430e+01
3.061000e-05	-2.510436e-02	-1.528585e+01
3.062000e-05	-3.066953e-02	-1.526949e+01
3.063000e-05	-2.676844e-02	-1.535012e+01
3.064000e-05	-3.036017e-02	-1.534212e+01
3.065000e-05	-2.747949e-02	-1.537360e+01
3.066000e-05	-3.484002e-02	-1.540475e+01
3.067000e-05	-3.181738e-02	-1.539423e+01
3.068000e-05	-3.401362e-02	-1.541470e+01
3.069000e-05	-3.477216e-02	-1.541420e+01
3.070000e-05	-3.880576e-02	-1.540170e+01
3.071000e-05	-4.023076e-02	-1.536362e+01
3.072000e-05	-3.933815e-02	-1.538069e+01
3.073000e-05	-4.349996e-02	-1.532852e+01
3.074000e-05	-4.722362e-02	-1.529904e+01
3.075000e-05	-5.266736e-02	-1.528328e+01
3.076000e-05	-5.376628e-02	-1.519373e+01
3.077000e-05	-5.820916e-02	-1.515064e+01
3.078000e-05	-6.551219e-02	-1.512904e+01
3.079000e-05	-7.312961e-02	-1.505538e+01
3.080000e-05	-8.325664e-02	-1.502215e+01
3.081000e-05	-9.671049e-02	-1.492806e+01
3.082000e-05	-1.162785e-01	-1.487691e+01
3.083000e-05	-1.422654e-01	-1.482113e+01
3.084000e-05	-1.727620e-01	-1.469596e+01
3.085000e-05	-2.114222e-01	-1.464230e+01
3.086000e-05	-2.448540e-01	-1.454899e+01
3.087000e-05	-2.499984e-01	-1.444130e+01
3.088000e-05	-2.500000e-01	-1.429804e+01
3.089000e-05	-2.500000e-01	-1.419022e+01
3.090000e-05	-2.500000e-01	-1.408488e+01
3.091000e-05	-2.500000e-01	-1.394956e+01
3.092000e-05	-2.500000e-01	-1.385230e+01
3.093000e-05	-2.452346e-01	-1.369586e+01
3.094000e-05	-2.174550e-01	-1.357004e+01
3.095000e-05	-1.788354e-01	-1.339219e+01
3.096000e-05	-1.476653e-01	-1.327433e+01
3.097000e-05	-1.203594e-01	-1.309741e+01
3.098000e-05	-9.879555e-02	-1.297855e+01
3.099000e-05	-8.153538e-02	-1.284375e+01
3.100000e-05	-6.754390e-02	-1.266386e+01
3.101000e-05	-5.433697e-02	-1.251489e+01
3.102000e-05	-4.418337e-02	-1.228684e+01
3.103000e-05	-3.836112e-02	-1.211707e+01
3.104000e-05	-3.381296e-02	-1.196752e+01
3.105000e-05	-2.866046e-02	-1.173762e+01
3.106000e-05	-2.271173e-02	-1.155451e+01
3.107000e-05	-2.229437e-02	-1.133494e+01
3.108000e-05	-2.032618e-02	-1.110436e+01
3.109000e-05	-1.763869e-02	-1.092581e+01
3.110000e-05	-1.411061e-02	-1.067594e+01
3.111000e-05	-1.419654e-02	-1.049504e+01
3.112000e-05	-1.367608e-02	-1.028384e+01
3.113000e-05	-1.384778e-02	-1.009378e+01
3.114000e-05	-1.061975e-02	-9.843728e+00
3.115000e-05	-1.218239e-02	-9.650807e+00
3.116000e-05	-1.237445e-02	-9.421672e+00
3.117000e-05	-1.216750e-02	-9.217619e+00
3.118000e-05	-1.004177e-02	-8.968960e+00
3.119000e-05	-1.009683e-02	-8.744943e+00
3.120000e-05	-1.043674e-02	-8.492807e+00
3.121000e-05	-1.051293e-02	-8.271751e+00
3.122000e-05	-8.526845e-03	-8.010675e+00
3.123000e-05	-9.004666e-03	-7.736510e+00
3.124000e-05	-9.666049e-03	-7.483827e+00
3.125000e-05	-9.552295e-03	-7.230678e+00
3.126000e-05	-7.646307e-03	-6.966964e+00
3.127000e-05	-7.857402e-03	-6.702333e+00
3.128000e-05	-8.832192e-03	-6.472125e+00
3.129000e-05	-9.544863e-03	-6.168043e+00
3.130000e-05	-6.726834e-03	-5.954358e+00
3.131000e-05	-7.996672e-03	-5.682203e+00
3.132000e-05	-6.380582e-03	-5.356536e+00
3.133000e-05	-9.065390e-03	-5.062728e+00
3.134000e-05	-6.621515e-03	-4.785433e+00
3.135000e-05	-7.078149e-03	-4.491732e+00
3.136000e-05	-5.588340e-03	-4.230178e+00
3.137000e-05	-7.672158e-03	-4.037541e+00
3.138000e-05	-7.247484e-03	-3.681286e+00
3.139000e-05	-6.252992e-03	-3.439625e+00
3.140000e-05	-6.554052e-03	-3.177990e+00
3.141000e-05	-7.169428e-03	-2.829703e+00
3.142000e-05	-5.356521e-03	-2.604945e+00
3.143000e-05	-4.927443e-03	-2.343784e+00
3.144000e-05	-3.423799e-03	-1.989095e+00
3.145000e-05	-5.640494e-03	-1.754363e+00
3.146000e-05	-6.257472e-03	-1.458653e+00
3.147000e-05	-5.097686e-03	-1.101234e+00
3.148000e-05	-5.370264e-03	-8.491253e-01
3.149000e-05	-4.053483e-03	-5.818120e-01
3.150000e-05	-4.161967e-03	-2.806816e-01
3.151000e-05	1.115159e-03	-1.797244e-02
3.152000e-05	9.263118e-03	2.978420e-01
3.153000e-05	-2.123182e-03	5.184186e-01
3.154000e-05	2.666245e-03	8.141302e-01
3.155000e-05	-1.861439e-03	1.099365e+00
3.156000e-05	2.700147e-03	1.361001e+00
3.157000e-05	-1.686640e-03	1.649841e+00
3.158000e-05	8.335403e-03	1.928920e+00
3.159000e-05	2.560899e-02	2.150925e+00
3.160000e-05	7.937249e-02	2.457214e+00
3.161000e-05	-2.202065e-02	2.834059e+00
3.162000e-05	-5.403441e-02	3.098368e+00
3.163000e-05	-3.751860e-02	3.343899e+00
3.164000e-05	2.122796e-03	3.634680e+00
3.165000e-05	-2.391587e-02	3.827259e+00
3.166000e-05	-4.590626e-02	4.007733e+00
3.167000e-05	6.911712e-02	4.341449e+00
3.168000e-05	1.923234e-02	4.655284e+00
3.169000e-05	9.139219e-03	4.866338e+00
3.170000e-05	6.819151e-02	5.195181e+00
3.171000e-05	-1.076349e-01	5.510863e+00
3.172000e-05	5.372796e-02	5.761042e+00
3.173000e-05	-2.677521e-03	6.027761e+00
3.174000e-05	4.178557e-04	6.267766e+00
3.175000e-05	4.825238e-03	6.583524e+00
3.176000e-05	-2.706840e-02	6.855711e+00
3.177000e-05	8.359962e-02	7.087389e+00
3.178000e-05	-3.878162e-02	7.343998e+00
3.179000e-05	-6.709321e-03	7.646707e+00
3.180000e-05	-2.518930e-02	7.920889e+00
3.181000e-05	5.298604e-02	8.193123e+00
3.182000e-05	2.080592e-02	8.414151e+00
3.183000e-05	-4.359231e-02	8.605134e+00
3.184000e-05	2.847247e-02	8.906834e+00
3.185000e-05	5.367095e-04	9.038337e+00
3.186000e-05	2.469582e-02	9.318916e+00
3.187000e-05	-2.348459e-02	9.542443e+00
3.188000e-05	3.630589e-03	9.794628e+00
3.189000e-05	2.274362e-02	9.996302e+00
3.190000e-05	2.071280e-02	1.018615e+01
3.191000e-05	2.143874e-03	1.043528e+01
3.192000e-05	-2.218945e-02	1.059784e+01
3.193000e-05	2.596511e-02	1.086638e+01
3.194000e-05	1.029089e-02	1.101575e+01
3.195000e-05	8.844565e-03	1.122833e+01
3.196000e-05	-1.237412e-02	1.143838e+01
3.197000e-05	2.230353e-02	1.168729e+01
3.198000e-05	1.817394e-02	1.186881e+01
3.199000e-05	6.657352e-03	1.204788e+01
3.200000e-05	-7.499626e-03	1.219523e+01
3.201000e-05	8.565553e-03	1.240423e+01
3.202000e-05	2.449366e-02	1.258310e+01
3.203000e-05	7.827840e-03	1.275954e+01
3.204000e-05	3.671760e-03	1.288849e+01
3.205000e-05	6.986104e-03	1.306634e+01
3.206000e-05	2.671705e-02	1.321375e+01
3.207000e-05	6.376120e-03	1.331855e+01
3.208000e-05	2.419897e-03	1.348946e+01
3.209000e-05	4.235932e-03	1.364225e+01
3.210000e-05	2.344475e-02	1.375311e+01
3.211000e-05	1.422206e-02	1.382841e+01
3.212000e-05	6.369139e-03	1.398628e+01
3.213000e-05	1.040589e-02	1.414109e+01
3.214000e-05	1.999924e-02	1.428846e+01
3.215000e-05	1.805255e-02	1.439318e+01
3.216000e-05	4.969955e-03	1.446794e+01
3.217000e-05	1.170528e-02	1.457262e+01
3.218000e-05	1.899977e-02	1.467738e+01
3.219000e-05	2.223743e-02	1.475957e+01
3.220000e-05	1.136073e-02	1.482422e+01
3.221000e-05	1.246840e-02	1.487596e+01
3.222000e-05	2.126036e-02	1.495207e+01
3.223000e-05	2.259555e-02	1.500570e+01
3.224000e-05	1.564168e-02	1.502486e+01
3.225000e-05	1.338123e-02	1.510851e+01
3.226000e-05	2.360158e-02	1.517207e+01
3.227000e-05	2.392065e-02	1.516335e+01
3.228000e-05	1.971343e-02	1.522683e+01
3.229000e-05	1.604198e-02	1.525595e+01
3.230000e-05	2.594151e-02	1.527696e+01
3.231000e-05	2.774626e-02	1.531748e+01
3.232000e-05	2.500492e-02	1.533049e+01
3.233000e-05	2.167971e-02	1.534061e+01
3.234000e-05	2.817276e-02	1.531951e+01
3.235000e-05	3.372560e-02	1.532006e+01
3.236000e-05	2.969160e-02	1.531004e+01
3.237000e-05	2.923701e-02	1.526846e+01
3.238000e-05	3.530619e-02	1.528791e+01
3.239000e-05	4.355833e-02	1.526640e+01
3.240000e-05	4.099166e-02	1.521287e+01
3.241000e-05	4.055483e-02	1.521069e+01
3.242000e-05	4.772930e-02	1.514906e+01
3.243000e-05	5.780199e-02	1.510843e+01
3.244000e-05	6.347785e-02	1.502385e+01
3.245000e-05	6.557510e-02	1.501219e+01
3.246000e-05	8.070160e-02	1.489699e+01
3.247000e-05	9.885275e-02	1.484428e+01
3.248000e-05	1.188965e-01	1.477069e+01
3.249000e-05	1.418554e-01	1.467893e+01
3.250000e-05	1.781200e-01	1.459075e+01
3.251000e-05	2.241735e-01	1.451804e+01
3.252000e-05	2.493316e-01	1.444275e+01
3.253000e-05	2.499999e-01	1.429806e+01
3.254000e-05	2.500000e-01	1.422223e+01
3.255000e-05	2.500000e-01	1.408446e+01
3.256000e-05	2.500000e-01	1.397122e+01
3.257000e-05	2.500000e-01	1.382477e+01
3.258000e-05	2.487850e-01	1.368453e+01
3.259000e-05	2.355209e-01	1.361017e+01
3.260000e-05	1.971004e-01	1.340270e+01
3.261000e-05	1.577606e-01	1.328538e+01
3.262000e-05	1.265291e-01	1.311759e+01
3.263000e-05	1.037670e-01	1.296009e+01
3.264000e-05	8.699281e-02	1.284277e+01
3.265000e-05	6.870390e-02	1.265385e+01
3.266000e-05	5.320209e-02	1.252649e+01
3.267000e-05	4.284788e-02	1.234749e+01
3.268000e-05	3.546530e-02	1.219817e+01
3.269000e-05	2.784186e-02	1.201877e+01
3.270000e-05	2.124792e-02	1.181075e+01
3.271000e-05	1.818948e-02	1.162267e+01
3.272000e-05	1.574502e-02	1.141102e+01
3.273000e-05	1.296339e-02	1.122075e+01
3.274000e-05	8.620033e-03	1.103970e+01
3.275000e-05	8.449704e-03	1.082970e+01
3.276000e-05	7.093957e-03	1.062065e+01
3.277000e-05	6.897169e-03	1.039062e+01
3.278000e-05	3.576037e-03	1.016957e+01
3.279000e-05	4.224115e-03	9.986566e+00
3.280000e-05	3.144491e-03	9.745386e+00
3.281000e-05	4.320100e-03	9.516356e+00
3.282000e-05	2.071262e-03	9.292783e+00
3.283000e-05	2.458713e-03	9.083898e+00
3.284000e-05	1.566428e-03	8.789122e+00
3.285000e-05	2.239892e-03	8.578567e+00
3.286000e-05	1.792339e-03	8.347019e+00
3.287000e-05	3.042982e-04	8.122882e+00
3.288000e-05	6.490047e-04	7.893328e+00
3.289000e-05	1.061649e-03	7.609694e+00
3.290000e-05	-7.046412e-04	7.365512e+00
3.291000e-05	-6.808973e-04	7.083906e+00
3.292000e-05	-2.960047e-04	6.872278e+00
3.293000e-05	3.715322e-04	6.588587e+00
3.294000e-05	-2.113377e-04	6.324406e+00
3.295000e-05	-1.277753e-03	6.081304e+00
3.296000e-05	-1.627329e-03	5.829668e+00
3.297000e-05	-1.571737e-03	5.525388e+00
3.298000e-05	-2.770939e-03	5.248803e+00
3.299000e-05	-3.511343e-03	4.891936e+00
3.300000e-05	-2.488179e-03	4.639295e+00
3.301000e-05	-2.873054e-03	4.377570e+00
3.302000e-05	-1.490375e-03	4.112907e+00
3.303000e-05	-2.651182e-03	3.828021e+00
3.304000e-05	-2.550271e-03	3.555440e+00
3.305000e-05	-3.025120e-03	3.279727e+00
3.306000e-05	-3.729861e-03	3.015566e+00
3.307000e-05	-4.854698e-03	2.765263e+00
3.308000e-05	-4.534755e-03	2.419570e+00
3.309000e-05	-3.851389e-03	2.174888e+00
3.310000e-05	-3.374985e-03	1.900307e+00
3.311000e-05	-4.123476e-03	1.605416e+00
3.312000e-05	-4.352473e-03	1.281755e+00
3.313000e-05	-4.671607e-03	9.533871e-01
3.314000e-05	-4.542673e-03	6.901040e-01
3.315000e-05	-4.259787e-03	3.885472e-01
3.316000e-05	-3.899192e-03	1.012828e-01
3.317000e-05	-1.350778e-03	-1.523736e-01
3.318000e-05	6.879204e-03	-4.230540e-01
3.319000e-05	-5.542856e-03	-7.188972e-01
3.320000e-05	8.219745e-04	-9.509249e-01
3.321000e-05	-7.235375e-03	-1.245134e+00
3.322000e-05	-4.761962e-04	-1.550800e+00
3.323000e-05	-3.284189e-03	-1.760999e+00
3.324000e-05	2.159341e-02	-2.000979e+00
3.325000e-05	7.700709e-02	-2.197631e+00
3.326000e-05	1.022452e-04	-2.594186e+00
3.327000e-05	-6.901311e-02	-3.004558e+00
3.328000e-05	-3.369385e-02	-3.339846e+00
3.329000e-05	-2.433620e-02	-3.530896e+00
3.330000e-05	-4.284624e-02	-3.824155e+00
3.331000e-05	-1.353760e-02	-4.024629e+00
3.332000e-05	1.172468e-01	-4.174555e+00
3.333000e-05	-1.377010e-01	-4.498213e+00
3.334000e-05	1.619724e-01	-4.740448e+00
3.335000e-05	-5.157297e-02	-4.986107e+00
3.336000e-05	-6.827459e-02	-5.382532e+00
3.337000e-05	6.241317e-02	-5.605158e+00
3.338000e-05	-1.354328e-01	-5.949369e+00
3.339000e-05	1.355137e-01	-6.132024e+00
3.340000e-05	-8.503422e-02	-6.436582e+00
3.341000e-05	2.965868e-02	-6.698842e+00
3.342000e-05	4.309834e-02	-6.943523e+00
3.343000e-05	-9.116832e-02	-7.279265e+00
3.344000e-05	5.797100e-02	-7.509866e+00
3.345000e-05	-1.001146e-01	-7.786155e+00
3.346000e-05	7.657276e-02	-8.087311e+00
3.347000e-05	-2.922700e-02	-8.237790e+00
3.348000e-05	-1.956013e-02	-8.554600e+00
3.349000e-05	4.446207e-02	-8.714073e+00
3.350000e-05	-8.469315e-02	-9.016656e+00
3.351000e-05	6.363256e-02	-9.255706e+00
3.352000e-05	-8.627279e-02	-9.439315e+00
3.353000e-05	5.410875e-02	-9.730939e+00
3.354000e-05	-3.926307e-02	-9.939970e+00
3.355000e-05	1.523479e-02	-1.012307e+01
3.356000e-05	-1.274314e-02	-1.034050e+01
3.357000e-05	-3.401767e-02	-1.057457e+01
3.358000e-05	1.842869e-02	-1.077162e+01
3.359000e-05	-4.896150e-02	-1.096512e+01
3.360000e-05	2.760474e-02	-1.117413e+01
3.361000e-05	-4.721703e-02	-1.139518e+01
3.362000e-05	2.760929e-02	-1.162523e+01
3.363000e-05	-3.781481e-02	-1.179565e+01
3.364000e-05	8.762914e-03	-1.203580e+01
3.365000e-05	-3.503425e-02	-1.219310e+01
3.366000e-05	-1.021321e-03	-1.239468e+01
3.367000e-05	-1.407120e-02	-1.252149e+01
3.368000e-05	-1.517455e-02	-1.268999e+01
3.369000e-05	-9.337535e-03	-1.288733e+01
3.370000e-05	-2.180279e-02	-1.303568e+01
3.371000e-05	1.692302e-03	-1.315210e+01
3.372000e-05	-3.284541e-02	-1.333151e+01
3.373000e-05	-3.007997e-03	-1.341539e+01
3.374000e-05	-3.033397e-02	-1.359615e+01
3.375000e-05	3.961626e-05	-1.377160e+01
3.376000e-05	-2.739379e-02	-1.386844e+01
3.377000e-05	-1.065212e-02	-1.404435e+01
3.378000e-05	-2.199015e-02	-1.412201e+01
3.379000e-05	-1.393179e-02	-1.423783e+01
3.380000e-05	-2.041442e-02	-1.436167e+01
3.381000e-05	-2.315561e-02	-1.448791e+01
3.382000e-05	-1.660351e-02	-1.457310e+01
3.383000e-05	-2.040006e-02	-1.464781e+01
3.384000e-05	-1.655393e-02	-1.478014e+01
3.385000e-05	-2.528341e-02	-1.484533e+01
3.386000e-05	-2.039702e-02	-1.492996e+01
3.387000e-05	-2.322679e-02	-1.497207e+01
3.388000e-05	-2.187350e-02	-1.505676e+01
3.389000e-05	-2.726789e-02	-1.509691e+01
3.390000e-05	-2.332862e-02	-1.512360e+01
3.391000e-05	-2.499388e-02	-1.516370e+01
3.392000e-05	-2.335863e-02	-1.525636e+01
3.393000e-05	-2.985938e-02	-1.526743e+01
3.394000e-05	-2.785892e-02	-1.534896e+01
3.395000e-05	-2.750117e-02	-1.534065e+01
3.396000e-05	-2.706495e-02	-1.536109e+01
3.397000e-05	-2.984743e-02	-1.539370e+01
3.398000e-05	-3.419938e-02	-1.539265e+01
3.399000e-05	-3.118762e-02	-1.543270e+01
3.400000e-05	-3.603539e-02	-1.537472e+01
3.401000e-05	-3.670587e-02	-1.543472e+01
3.402000e-05	-4.072250e-02	-1.538217e+01
3.403000e-05	-3.886086e-02	-1.541214e+01
3.404000e-05	-4.126727e-02	-1.535107e+01
3.405000e-05	-4.587119e-02	-1.530651e+01
3.406000e-05	-4.885673e-02	-1.529644e+01
3.407000e-05	-5.321785e-02	-1.523376e+01
3.408000e-05	-5.543635e-02	-1.523218e+01
3.409000e-05	-6.219587e-02	-1.514052e+01
3.410000e-05	-6.952312e-02	-1.509738e+01
3.411000e-05	-7.774969e-02	-1.502323e+01
3.412000e-05	-8.952318e-02	-1.497104e+01
3.413000e-05	-1.066846e-01	-1.490848e+01
3.414000e-05	-1.290962e-01	-1.484285e+01
3.415000e-05	-1.559829e-01	-1.478857e+01
3.416000e-05	-1.914733e-01	-1.466440e+01
3.417000e-05	-2.300546e-01	-1.457062e+01
3.418000e-05	-2.499811e-01	-1.445536e+01
3.419000e-05	-2.500000e-01	-1.438909e+01
3.420000e-05	-2.500000e-01	-1.424375e+01
3.421000e-05	-2.500000e-01	-1.413851e+01
3.422000e-05	-2.500000e-01	-1.405223e+01
3.423000e-05	-2.500000e-01	-1.388388e+01
3.424000e-05	-2.487750e-01	-1.374864e+01
3.425000e-05	-2.351957e-01	-1.364162e+01
3.426000e-05	-1.984594e-01	-1.344536e+01
3.427000e-05	-1.623041e-01	-1.338749e+01
3.428000e-05	-1.319852e-01	-1.321067e+01
3.429000e-05	-1.081345e-01	-1.304320e+01
3.430000e-05	-9.157310e-02	-1.289286e+01
3.431000e-05	-7.471518e-02	-1.272649e+01
3.432000e-05	-6.027374e-02	-1.253907e+01
3.433000e-05	-4.950948e-02	-1.240060e+01
3.434000e-05	-4.213208e-02	-1.223230e+01
3.435000e-05	-3.599872e-02	-1.204273e+01
3.436000e-05	-2.884271e-02	-1.187222e+01
3.437000e-05	-2.571590e-02	-1.166385e+01
3.438000e-05	-2.466889e-02	-1.141223e+01
3.439000e-05	-2.045437e-02	-1.122014e+01
3.440000e-05	-1.936585e-02	-1.100165e+01
3.441000e-05	-1.493736e-02	-1.085017e+01
3.442000e-05	-1.670208e-02	-1.061111e+01
3.443000e-05	-1.353116e-02	-1.041062e+01
3.444000e-05	-1.087111e-02	-1.020001e+01
3.445000e-05	-1.171856e-02	-9.957590e+00
3.446000e-05	-1.105370e-02	-9.747988e+00
3.447000e-05	-1.400526e-02	-9.545514e+00
3.448000e-05	-1.190018e-02	-9.304410e+00
3.449000e-05	-1.258803e-02	-9.112826e+00
3.450000e-05	-1.180603e-02	-8.852779e+00
3.451000e-05	-1.163054e-02	-8.619143e+00
3.452000e-05	-7.661767e-03	-8.378495e+00
3.453000e-05	-7.185106e-03	-8.144437e+00
3.454000e-05	-8.122479e-03	-7.873256e+00
3.455000e-05	-1.099547e-02	-7.628623e+00
3.456000e-05	-9.899832e-03	-7.356388e+00
3.457000e-05	-8.742069e-03	-7.112783e+00
3.458000e-05	-1.003172e-02	-6.830625e+00
3.459000e-05	-8.499514e-03	-6.577494e+00
3.460000e-05	-8.607136e-03	-6.354412e+00
3.461000e-05	-5.496252e-03	-6.071277e+00
3.462000e-05	-6.544767e-03	-5.795995e+00
3.463000e-05	-7.502026e-03	-5.524462e+00
3.464000e-05	-8.163353e-03	-5.229622e+00
3.465000e-05	-7.453989e-03	-4.972911e+00
3.466000e-05	-7.246562e-03	-4.639068e+00
3.467000e-05	-6.946555e-03	-4.386992e+00
3.468000e-05	-7.346292e-03	-4.123835e+00
3.469000e-05	-6.177907e-03	-3.850625e+00
3.470000e-05	-6.369539e-03	-3.586940e+00
3.471000e-05	-6.824060e-03	-3.342286e+00
3.472000e-05	-7.935804e-03	-3.025646e+00
3.473000e-05	-5.966408e-03	-2.733335e+00
3.474000e-05	-4.663587e-03	-2.440103e+00
3.475000e-05	-5.191651e-03	-2.152861e+00
3.476000e-05	-3.099371e-03	-1.892177e+00
3.477000e-05	-5.892715e-03	-1.589548e+00
3.478000e-05	-3.839373e-03	-1.310251e+00
3.479000e-05	-6.955485e-03	-9.864159e-01
3.480000e-05	-6.107950e-03	-6.812842e-01
3.481000e-05	-6.040993e-03	-3.880224e-01
3.482000e-05	-3.172473e-03	-1.243634e-01
3.483000e-05	6.980153e-03	1.317959e-01
3.484000e-05	5.509347e-03	4.030327e-01
3.485000e-05	1.318023e-03	6.682142e-01
3.486000e-05	5.321453e-04	9.433498e-01
3.487000e-05	-5.198510e-04	1.244112e+00
3.488000e-05	-1.096108e-04	1.521242e+00
3.489000e-05	-1.553612e-03	1.823604e+00
3.490000e-05	1.602240e-02	2.043132e+00
3.491000e-05	5.359870e-02	2.289790e+00
3.492000e-05	5.311660e-02	2.606757e+00
3.493000e-05	-6.768797e-02	2.922478e+00
3.494000e-05	-3.887225e-02	3.215559e+00
3.495000e-05	-2.361540e-02	3.499270e+00
3.496000e-05	4.000969e-03	3.751400e+00
3.497000e-05	-5.594408e-02	3.949922e+00
3.498000e-05	1.014889e-03	4.193047e+00
3.499000e-05	9.084365e-02	4.477816e+00
3.500000e-05	-5.079706e-02	4.778401e+00
3.501000e-05	1.075595e-01	5.036710e+00
3.502000e-05	-6.494644e-02	5.365075e+00
3.503000e-05	-2.637183e-02	5.615150e+00
3.504000e-05	5.149534e-02	5.888945e+00
3.505000e-05	-3.320654e-02	6.130446e+00
3.506000e-05	3.726599e-02	6.364582e+00
3.507000e-05	-4.891755e-02	6.759945e+00
3.508000e-05	5.456655e-02	6.942999e+00
3.509000e-05	2.209258e-02	7.197686e+00
3.510000e-05	-3.247915e-02	7.490417e+00
3.511000e-05	-1.344237e-02	7.763600e+00
3.512000e-05	1.158308e-03	8.057758e+00
3.513000e-05	6.100981e-02	8.307894e+00
3.514000e-05	-2.724033e-02	8.507342e+00
3.515000e-05	-1.041789e-02	8.690848e+00
3.516000e-05	2.662862e-02	8.933573e+00
3.517000e-05	1.728269e-03	9.205133e+00
3.518000e-05	1.462932e-02	9.392661e+00
3.519000e-05	-2.912809e-02	9.667810e+00
3.520000e-05	2.722314e-02	9.879867e+00
3.521000e-05	1.573017e-02	1.012999e+01
3.522000e-05	1.640834e-02	1.030992e+01
3.523000e-05	-1.627880e-02	1.054999e+01
3.524000e-05	-4.306383e-03	1.074254e+01
3.525000e-05	3.092808e-02	1.094305e+01
3.526000e-05	2.821861e-05	1.113107e+01
3.527000e-05	5.915894e-03	1.136350e+01
3.528000e-05	-4.111800e-03	1.158270e+01
3.529000e-05	3.154771e-02	1.175363e+01
3.530000e-05	6.288428e-03	1.200257e+01
3.531000e-05	5.369706e-04	1.213207e+01
3.532000e-05	-3.875544e-03	1.229142e+01
3.533000e-05	1.902803e-02	1.251796e+01
3.534000e-05	1.963374e-02	1.260381e+01
3.535000e-05	9.278935e-04	1.277570e+01
3.536000e-05	7.138472e-03	1.301305e+01
3.537000e-05	1.578840e-02	1.307005e+01
3.538000e-05	2.125709e-02	1.321929e+01
3.539000e-05	-3.557683e-04	1.342370e+01
3.540000e-05	3.561602e-03	1.359165e+01
3.541000e-05	1.400556e-02	1.366841e+01
3.542000e-05	2.075563e-02	1.380620e+01
3.543000e-05	9.467664e-03	1.394204e+01
3.544000e-05	5.063270e-03	1.409894e+01
3.545000e-05	1.899602e-02	1.423725e+01
3.546000e-05	1.930089e-02	1.435159e+01
3.547000e-05	1.163237e-02	1.442466e+01
3.548000e-05	5.666556e-03	1.453117e+01
3.549000e-05	1.711514e-02	1.464372e+01
3.550000e-05	2.195371e-02	1.470847e+01
3.551000e-05	1.487832e-02	1.476370e+01
3.552000e-05	1.102904e-02	1.483543e+01
3.553000e-05	1.484190e-02	1.489846e+01
3.554000e-05	2.446569e-02	1.497267e+01
3.555000e-05	1.621185e-02	1.500528e+01
3.556000e-05	1.435674e-02	1.507843e+01
3.557000e-05	1.741132e-02	1.515219e+01
3.558000e-05	2.575325e-02	1.515175e+01
3.559000e-05	2.231171e-02	1.521288e+01
3.560000e-05	1.600424e-02	1.523591e+01
3.561000e-05	2.195349e-02	1.527741e+01
3.562000e-05	2.697038e-02	1.528753e+01
3.563000e-05	2.746374e-02	1.529751e+01
3.564000e-05	2.153429e-02	1.534204e+01
3.565000e-05	2.583308e-02	1.532059e+01
3.566000e-05	3.147908e-02	1.532951e+01
3.567000e-05	3.280140e-02	1.524946e+01
3.568000e-05	2.880006e-02	1.525896e+01
3.569000e-05	3.217005e-02	1.530603e+01
3.570000e-05	4.095513e-02	1.525693e+01
3.571000e-05	4.304183e-02	1.525385e+01
3.572000e-05	4.020602e-02	1.522227e+01
3.573000e-05	4.316564e-02	1.515067e+01
3.574000e-05	5.447615e-02	1.511906e+01
3.575000e-05	6.021153e-02	1.505588e+01
3.576000e-05	6.406292e-02	1.502232e+01
3.577000e-05	7.192947e-02	1.495814e+01
3.578000e-05	9.014451e-02	1.489536e+01
3.579000e-05	1.090798e-01	1.487272e+01
3.580000e-05	1.293607e-01	1.474844e+01
3.581000e-05	1.585660e-01	1.464483e+01
3.582000e-05	2.003526e-01	1.452907e+01
3.583000e-05	2.406858e-01	1.449643e+01
3.584000e-05	2.499965e-01	1.437114e+01
3.585000e-05	2.500000e-01	1.423496e+01
3.586000e-05	2.500000e-01	1.416857e+01
3.587000e-05	2.500000e-01	1.400178e+01
3.588000e-05	2.500000e-01	1.391493e+01
3.589000e-05	2.500000e-01	1.374812e+01
3.590000e-05	2.451969e-01	1.364432e+01
3.591000e-05	2.185591e-01	1.348698e+01
3.592000e-05	1.763245e-01	1.336904e+01
3.593000e-05	1.400018e-01	1.323163e+01
3.594000e-05	1.149474e-01	1.307383e+01
3.595000e-05	9.634226e-02	1.293596e+01
3.596000e-05	7.771678e-02	1.277809e+01
3.597000e-05	6.027010e-02	1.259017e+01
3.598000e-05	4.769812e-02	1.244175e+01
3.599000e-05	4.061961e-02	1.225535e+01
3.600000e-05	3.148100e-02	1.211450e+01
3.601000e-05	2.251564e-02	1.190699e+01
3.602000e-05	1.910852e-02	1.174849e+01
3.603000e-05	1.616249e-02	1.148548e+01
3.604000e-05	1.692340e-02	1.132499e+01
3.605000e-05	8.066937e-03	1.109641e+01
3.606000e-05	9.310573e-03	1.094696e+01
3.607000e-05	6.613811e-03	1.075746e+01
3.608000e-05	9.275566e-03	1.050601e+01
3.609000e-05	5.383162e-03	1.030533e+01
3.610000e-05	3.751335e-03	1.012328e+01
3.611000e-05	4.761655e-03	9.821672e+00
3.612000e-05	4.034704e-03	9.630124e+00
3.613000e-05	3.535816e-04	9.390619e+00
3.614000e-05	-5.429860e-04	9.179119e+00
3.615000e-05	9.914771e-04	8.986936e+00
3.616000e-05	4.268630e-03	8.714404e+00
3.617000e-05	3.152391e-03	8.473336e+00
3.618000e-05	1.643483e-03	8.272227e+00
3.619000e-05	1.231707e-03	8.008671e+00
3.620000e-05	5.374235e-04	7.754966e+00
3.621000e-05	-5.865772e-04	7.482356e+00
3.622000e-05	-4.771949e-03	7.269198e+00
3.623000e-05	-6.120665e-04	6.977542e+00
3.624000e-05	4.849227e-04	6.715865e+00
3.625000e-05	1.280643e-03	6.529702e+00
3.626000e-05	2.469471e-04	6.198044e+00
3.627000e-05	-1.148722e-03	5.976368e+00
3.628000e-05	5.355687e-04	5.672804e+00
3.629000e-05	-3.380728e-03	5.448123e+00
3.630000e-05	-4.210052e-03	5.098776e+00
3.631000e-05	-5.325114e-03	4.757523e+00
3.632000e-05	-8.168400e-04	4.511832e+00
3.633000e-05	-1.235048e-03	4.278566e+00
3.634000e-05	-1.396704e-03	3.947388e+00
3.635000e-05	-2.814855e-03	3.701282e+00
3.636000e-05	-1.996768e-03	3.427019e+00
3.637000e-05	-3.072309e-03	3.103334e+00
3.638000e-05	-5.172098e-03	2.861177e+00
3.639000e-05	-5.314999e-03	2.654541e+00
3.640000e-05	-4.622886e-03	2.290204e+00
3.641000e-05	-2.477049e-03	2.018098e+00
3.642000e-05	-5.144708e-03	1.723311e+00
3.643000e-05	-2.980653e-03	1.438523e+00
3.644000e-05	-4.604279e-03	1.142984e+00
3.645000e-05	-2.652319e-03	7.970986e-01
3.646000e-05	-5.211596e-03	5.638119e-01
3.647000e-05	-4.750201e-03	2.801791e-01
3.648000e-05	-4.009475e-03	-2.410908e-02
3.649000e-05	4.862087e-03	-2.877856e-01
3.650000e-05	-1.372480e-05	-5.323510e-01
3.651000e-05	-2.248961e-03	-8.360303e-01
3.652000e-05	-4.730287e-03	-1.046708e+00
3.653000e-05	-2.119115e-03	-1.320030e+00
3.654000e-05	-3.516574e-03	-1.636084e+00
3.655000e-05	5.600218e-03	-1.898241e+00
3.656000e-05	4.299704e-02	-2.077846e+00
3.657000e-05	8.230269e-02	-2.436034e+00
3.658000e-05	-7.931409e-02	-2.824959e+00
3.659000e-05	-3.270049e-02	-3.213451e+00
3.660000e-05	-4.699185e-02	-3.435078e+00
3.661000e-05	-1.167507e-02	-3.686186e+00
3.662000e-05	-6.923611e-02	-3.969890e+00
3.663000e-05	1.048051e-01	-4.107241e+00
3.664000e-05	-2.601435e-02	-4.329894e+00
3.665000e-05	-3.197228e-02	-4.586734e+00
3.666000e-05	1.465232e-01	-4.834761e+00
3.667000e-05	-1.735722e-01	-5.204108e+00
3.668000e-05	8.932800e-02	-5.509846e+00
3.669000e-05	-9.025011e-02	-5.751953e+00
3.670000e-05	1.123483e-02	-6.066184e+00
3.671000e-05	6.233634e-02	-6.267761e+00
3.672000e-05	-1.019784e-01	-6.552127e+00
3.673000e-05	1.157300e-01	-6.815207e+00
3.674000e-05	-8.190999e-02	-7.081420e+00
3.675000e-05	1.387166e-02	-7.403629e+00
3.676000e-05	-1.935746e-02	-7.628256e+00
3.677000e-05	-4.192311e-02	-7.912051e+00
3.678000e-05	8.026532e-02	-8.132070e+00
3.679000e-05	-9.611397e-02	-8.446157e+00
3.680000e-05	7.302168e-02	-8.638360e+00
3.681000e-05	-6.250448e-02	-8.929815e+00
3.682000e-05	1.121112e-02	-9.139915e+00
3.683000e-05	-7.997628e-03	-9.341570e+00
3.684000e-05	-4.111091e-02	-9.634656e+00
3.685000e-05	4.375735e-02	-9.814603e+00
3.686000e-05	-5.567434e-02	-1.002733e+01
3.687000e-05	4.990632e-02	-1.020733e+01
3.688000e-05	-6.970574e-02	-1.045886e+01
3.689000e-05	2.973381e-02	-1.066636e+01
3.690000e-05	-4.152217e-02	-1.087783e+01
3.691000e-05	7.340361e-03	-1.107989e+01
3.692000e-05	-1.867785e-02	-1.133991e+01
3.693000e-05	-1.161656e-02	-1.149942e+01
3.694000e-05	4.221882e-03	-1.168096e+01
3.695000e-05	-2.562054e-02	-1.189192e+01
3.696000e-05	6.309696e-04	-1.211999e+01
3.697000e-05	-3.910517e-02	-1.230926e+01
3.698000e-05	1.202530e-02	-1.248686e+01
3.699000e-05	-3.159392e-02	-1.259618e+01
3.700000e-05	4.467404e-03	-1.278320e+01
3.701000e-05	-3.183641e-02	-1.296202e+01
3.702000e-05	4.045073e-03	-1.307784e+01
3.703000e-05	-2.270649e-02	-1.324635e+01
3.704000e-05	-1.302695e-02	-1.341522e+01
3.705000e-05	-2.109303e-02	-1.353099e+01
3.706000e-05	-1.578230e-02	-1.369696e+01
3.707000e-05	-9.749652e-03	-1.380423e+01
3.708000e-05	-2.418277e-02	-1.397157e+01
3.709000e-05	-1.217445e-02	-1.406635e+01
3.710000e-05	-2.319827e-02	-1.419517e+01
3.711000e-05	-9.536261e-03	-1.431804e+01
3.712000e-05	-2.724630e-02	-1.440473e+01
3.713000e-05	-1.566445e-02	-1.453099e+01
3.714000e-05	-2.327103e-02	-1.457270e+01
3.715000e-05	-1.476330e-02	-1.471946e+01
3.716000e-05	-2.402539e-02	-1.480075e+01
3.717000e-05	-2.218500e-02	-1.486843e+01
3.718000e-05	-2.398307e-02	-1.495059e+01
3.719000e-05	-1.991361e-02	-1.502325e+01
3.720000e-05	-2.532262e-02	-1.505728e+01
3.721000e-05	-2.563800e-02	-1.510889e+01
3.722000e-05	-2.462377e-02	-1.516207e+01
3.723000e-05	-2.338248e-02	-1.520575e+01
3.724000e-05	-2.571665e-02	-1.529741e+01
3.725000e-05	-3.052066e-02	-1.530896e+01
3.726000e-05	-2.590686e-02	-1.532149e+01
3.727000e-05	-2.980739e-02	-1.534207e+01
3.728000e-05	-2.671908e-02	-1.537270e+01
3.729000e-05	-3.465691e-02	-1.538265e+01
3.730000e-05	-3.119411e-02	-1.539322e+01
3.731000e-05	-3.449396e-02	-1.539370e+01
3.732000e-05	-3.567458e-02	-1.539268e+01
3.733000e-05	-3.856745e-02	-1.539267e+01
3.734000e-05	-3.977148e-02	-1.537207e+01
3.735000e-05	-3.959680e-02	-1.536209e+01
3.736000e-05	-4.406016e-02	-1.532062e+01
3.737000e-05	-4.799273e-02	-1.531687e+01
3.738000e-05	-5.188294e-02	-1.528683e+01
3.739000e-05	-5.337547e-02	-1.518128e+01
3.740000e-05	-5.798090e-02	-1.516207e+01
3.741000e-05	-6.682825e-02	-1.513847e+01
3.742000e-05	-7.358096e-02	-1.506633e+01
3.743000e-05	-8.206367e-02	-1.500212e+01
3.744000e-05	-9.641111e-02	-1.495951e+01
3.745000e-05	-1.173451e-01	-1.487390e+01
3.746000e-05	-1.424481e-01	-1.479214e+01
3.747000e-05	-1.714832e-01	-1.469849e+01
3.748000e-05	-2.110557e-01	-1.462175e+01
3.749000e-05	-2.446333e-01	-1.454804e+01
3.750000e-05	-2.499989e-01	-1.438323e+01
3.751000e-05	-2.500000e-01	-1.433749e+01
3.752000e-05	-2.500000e-01	-1.417222e+01
3.753000e-05	-2.500000e-01	-1.405541e+01
3.754000e-05	-2.500000e-01	-1.393799e+01
3.755000e-05	-2.500000e-01	-1.383167e+01
3.756000e-05	-2.447340e-01	-1.368536e+01
3.757000e-05	-2.181067e-01	-1.353905e+01
3.758000e-05	-1.792625e-01	-1.340065e+01
3.759000e-05	-1.461443e-01	-1.324328e+01
3.760000e-05	-1.205392e-01	-1.310603e+01
3.761000e-05	-9.862019e-02	-1.297767e+01
3.762000e-05	-8.312570e-02	-1.282220e+01
3.763000e-05	-6.603689e-02	-1.265228e+01
3.764000e-05	-5.464442e-02	-1.252586e+01
3.765000e-05	-4.511590e-02	-1.228491e+01
3.766000e-05	-3.988658e-02	-1.214599e+01
3.767000e-05	-3.286389e-02	-1.190854e+01
3.768000e-05	-2.715700e-02	-1.172706e+01
3.769000e-05	-2.380541e-02	-1.150749e+01
3.770000e-05	-2.175795e-02	-1.133493e+01
3.771000e-05	-1.888995e-02	-1.108383e+01
3.772000e-05	-1.662667e-02	-1.091586e+01
3.773000e-05	-1.613759e-02	-1.068443e+01
3.774000e-05	-1.514001e-02	-1.050542e+01
3.775000e-05	-1.301463e-02	-1.031485e+01
3.776000e-05	-1.196678e-02	-1.010335e+01
3.777000e-05	-1.200100e-02	-9.873276e+00
3.778000e-05	-1.286124e-02	-9.682279e+00
3.779000e-05	-1.116676e-02	-9.389653e+00
3.780000e-05	-9.776485e-03	-9.187041e+00
3.781000e-05	-1.098493e-02	-8.977491e+00
3.782000e-05	-1.108735e-02	-8.735041e+00
3.783000e-05	-1.005482e-02	-8.503855e+00
3.784000e-05	-8.094038e-03	-8.240176e+00
3.785000e-05	-1.008871e-02	-8.012103e+00
3.786000e-05	-1.002412e-02	-7.726983e+00
3.787000e-05	-8.607916e-03	-7.484230e+00
3.788000e-05	-8.086057e-03	-7.209673e+00
3.789000e-05	-8.199369e-03	-6.997437e+00
3.790000e-05	-9.527605e-03	-6.703802e+00
3.791000e-05	-7.213934e-03	-6.463701e+00
3.792000e-05	-8.530232e-03	-6.175989e+00
3.793000e-05	-7.761146e-03	-5.914388e+00
3.794000e-05	-9.312324e-03	-5.672730e+00
3.795000e-05	-6.686385e-03	-5.375592e+00
3.796000e-05	-8.032413e-03	-5.121707e+00
3.797000e-05	-6.520048e-03	-4.765013e+00
3.798000e-05	-9.099868e-03	-4.502308e+00
3.799000e-05	-5.430652e-03	-4.300680e+00
3.800000e-05	-6.604916e-03	-3.915499e+00
3.801000e-05	-5.967137e-03	-3.731836e+00
3.802000e-05	-8.083560e-03	-3.469103e+00
3.803000e-05	-7.438876e-03	-3.158966e+00
3.804000e-05	-6.686217e-03	-2.860630e+00
3.805000e-05	-4.578398e-03	-2.615994e+00
3.806000e-05	-5.365803e-03	-2.334333e+00
3.807000e-05	-4.362170e-03	-2.008573e+00
3.808000e-05	-5.060368e-03	-1.733315e+00
3.809000e-05	-5.224218e-03	-1.459126e+00
3.810000e-05	-6.110084e-03	-1.122762e+00
3.811000e-05	-6.108485e-03	-8.395526e-01
3.812000e-05	-4.089976e-03	-6.223381e-01
3.813000e-05	-3.539294e-03	-2.896090e-01
3.814000e-05	8.198786e-04	-8.044806e-03
3.815000e-05	7.657826e-03	2.876910e-01
3.816000e-05	-1.892735e-03	5.404461e-01
3.817000e-05	3.306559e-03	8.235026e-01
3.818000e-05	-3.385525e-03	1.070216e+00
3.819000e-05	1.914375e-03	1.371500e+00
3.820000e-05	-1.942733e-04	1.677393e+00
3.821000e-05	1.011997e-02	1.897390e+00
3.822000e-05	2.647548e-02	2.121450e+00
3.823000e-05	7.753045e-02	2.458114e+00
3.824000e-05	-2.088451e-02	2.815057e+00
3.825000e-05	-5.428796e-02	3.088917e+00
3.826000e-05	-3.776174e-02	3.342024e+00
3.827000e-05	-1.705652e-04	3.635711e+00
3.828000e-05	-2.364623e-02	3.865211e+00
3.829000e-05	-4.454335e-02	4.036182e+00
3.830000e-05	6.844851e-02	4.350972e+00
3.831000e-05	1.890493e-02	4.616257e+00
3.832000e-05	8.125390e-03	4.836781e+00
3.833000e-05	7.008306e-02	5.206133e+00
3.834000e-05	-1.063970e-01	5.508342e+00
3.835000e-05	5.099291e-02	5.721523e+00
3.836000e-05	-3.177962e-03	6.045184e+00
3.837000e-05	-6.669269e-04	6.308889e+00
3.838000e-05	5.528017e-03	6.564000e+00
3.839000e-05	-2.770481e-02	6.856737e+00
3.840000e-05	8.288451e-02	7.079316e+00
3.841000e-05	-3.726695e-02	7.383595e+00
3.842000e-05	-5.911890e-03	7.655237e+00
3.843000e-05	-2.667052e-02	7.911014e+00
3.844000e-05	5.101166e-02	8.152123e+00
3.845000e-05	2.080377e-02	8.394606e+00
3.846000e-05	-4.329684e-02	8.587105e+00
3.847000e-05	2.725512e-02	8.877835e+00
3.848000e-05	2.892122e-04	9.098339e+00
3.849000e-05	2.548362e-02	9.279466e+00
3.850000e-05	-2.131223e-02	9.521496e+00
3.851000e-05	3.323805e-03	9.805626e+00
3.852000e-05	2.103390e-02	1.000321e+01
3.853000e-05	1.958858e-02	1.022523e+01
3.854000e-05	2.931149e-03	1.043728e+01
3.855000e-05	-2.302757e-02	1.059683e+01
3.856000e-05	2.541501e-02	1.085629e+01
3.857000e-05	9.900637e-03	1.104480e+01
3.858000e-05	9.355326e-03	1.124633e+01
3.859000e-05	-1.168579e-02	1.145986e+01
3.860000e-05	2.119829e-02	1.170748e+01
3.861000e-05	1.808107e-02	1.186624e+01
3.862000e-05	7.026397e-03	1.203638e+01
3.863000e-05	-7.540964e-03	1.219620e+01
3.864000e-05	6.947113e-03	1.243470e+01
3.865000e-05	2.327445e-02	1.255358e+01
3.866000e-05	7.792957e-03	1.272004e+01
3.867000e-05	3.743813e-03	1.288841e+01
3.868000e-05	6.360612e-03	1.302675e+01
3.869000e-05	2.573775e-02	1.320318e+01
3.870000e-05	7.828016e-03	1.332054e+01
3.871000e-05	3.105514e-03	1.344941e+01
3.872000e-05	4.081811e-03	1.364483e+01
3.873000e-05	2.173536e-02	1.374066e+01
3.874000e-05	1.480260e-02	1.385841e+01
3.875000e-05	5.737554e-03	1.397477e+01
3.876000e-05	1.034293e-02	1.413017e+01
3.877000e-05	1.925798e-02	1.428693e+01
3.878000e-05	1.809708e-02	1.439267e+01
3.879000e-05	5.716737e-03	1.450806e+01
3.880000e-05	1.262242e-02	1.458315e+01
3.881000e-05	1.790668e-02	1.465841e+01
3.882000e-05	2.291534e-02	1.473057e+01
3.883000e-05	1.080340e-02	1.479368e+01
3.884000e-05	1.232477e-02	1.489841e+01
3.885000e-05	2.006007e-02	1.495154e+01
3.886000e-05	2.181750e-02	1.498270e+01
3.887000e-05	1.526902e-02	1.511690e+01
3.888000e-05	1.428978e-02	1.510801e+01
3.889000e-05	2.283000e-02	1.515117e+01
3.890000e-05	2.419558e-02	1.521232e+01
3.891000e-05	1.994798e-02	1.523530e+01
3.892000e-05	1.724546e-02	1.525743e+01
3.893000e-05	2.583014e-02	1.526743e+01
3.894000e-05	2.746959e-02	1.530848e+01
3.895000e-05	2.383734e-02	1.530856e+01
3.896000e-05	2.242319e-02	1.532854e+01
3.897000e-05	2.829010e-02	1.529854e+01
3.898000e-05	3.391526e-02	1.533809e+01
3.899000e-05	2.931783e-02	1.531811e+01
3.900000e-05	3.011420e-02	1.528846e+01
3.901000e-05	3.523045e-02	1.530693e+01
3.902000e-05	4.315652e-02	1.526390e+01
3.903000e-05	4.133437e-02	1.522377e+01
3.904000e-05	4.138074e-02	1.520022e+01
3.905000e-05	4.884513e-02	1.514059e+01
3.906000e-05	5.647207e-02	1.506546e+01
3.907000e-05	6.185063e-02	1.503482e+01
3.908000e-05	6.566232e-02	1.502069e+01
3.909000e-05	8.153874e-02	1.489754e+01
3.910000e-05	9.870863e-02	1.485533e+01
3.911000e-05	1.190005e-01	1.479109e+01
3.912000e-05	1.425905e-01	1.465646e+01
3.913000e-05	1.798976e-01	1.459272e+01
3.914000e-05	2.225488e-01	1.447801e+01
3.915000e-05	2.491388e-01	1.445227e+01
3.916000e-05	2.499999e-01	1.431746e+01
3.917000e-05	2.500000e-01	1.422175e+01
3.918000e-05	2.500000e-01	1.408638e+01
3.919000e-05	2.500000e-01	1.393857e+01
3.920000e-05	2.500000e-01	1.381080e+01
3.921000e-05	2.489800e-01	1.368698e+01
3.922000e-05	2.356138e-01	1.356814e+01
3.923000e-05	1.959795e-01	1.342277e+01
3.924000e-05	1.581769e-01	1.327640e+01
3.925000e-05	1.272939e-01	1.314604e+01
3.926000e-05	1.050702e-01	1.300017e+01
3.927000e-05	8.636962e-02	1.285335e+01
3.928000e-05	6.776537e-02	1.266685e+01
3.929000e-05	5.425456e-02	1.255699e+01
3.930000e-05	4.420947e-02	1.239007e+01
3.931000e-05	3.518270e-02	1.217964e+01
3.932000e-05	2.713261e-02	1.199075e+01
3.933000e-05	2.194389e-02	1.180074e+01
3.934000e-05	1.823030e-02	1.162124e+01
3.935000e-05	1.563620e-02	1.139069e+01
3.936000e-05	1.231295e-02	1.118920e+01
3.937000e-05	1.030299e-02	1.102217e+01
3.938000e-05	7.810440e-03	1.084265e+01
3.939000e-05	6.835399e-03	1.061862e+01
3.940000e-05	6.345334e-03	1.042960e+01
3.941000e-05	4.224631e-03	1.015962e+01
3.942000e-05	3.888986e-03	9.968015e+00
3.943000e-05	3.722369e-03	9.755431e+00
3.944000e-05	3.179437e-03	9.492932e+00
3.945000e-05	2.518069e-03	9.304358e+00
3.946000e-05	1.384725e-03	9.031222e+00
3.947000e-05	1.642597e-03	8.860148e+00
3.948000e-05	1.537933e-03	8.609090e+00
3.949000e-05	1.557479e-03	8.348091e+00
3.950000e-05	8.196138e-04	8.153462e+00
3.951000e-05	5.304837e-04	7.883878e+00
3.952000e-05	5.236267e-04	7.659253e+00
3.953000e-05	1.221299e-03	7.345464e+00
3.954000e-05	-4.822926e-04	7.092883e+00
3.955000e-05	-9.658507e-04	6.871152e+00
3.956000e-05	-6.482592e-04	6.606590e+00
3.957000e-05	-9.674246e-04	6.344833e+00
3.958000e-05	-5.998758e-04	6.103856e+00
3.959000e-05	-1.391112e-03	5.838620e+00
3.960000e-05	-2.016638e-03	5.515410e+00
3.961000e-05	-1.779898e-03	5.250753e+00
3.962000e-05	-2.470977e-03	4.913932e+00
3.963000e-05	-2.931301e-03	4.630623e+00
3.964000e-05	-2.419916e-03	4.376590e+00
3.965000e-05	-1.732301e-03	4.080878e+00
3.966000e-05	-1.971370e-03	3.817569e+00
3.967000e-05	-3.077346e-03	3.566941e+00
3.968000e-05	-4.146166e-03	3.281203e+00
3.969000e-05	-3.987408e-03	2.997017e+00
3.970000e-05	-4.038207e-03	2.734887e+00
3.971000e-05	-3.714250e-03	2.409595e+00
3.972000e-05	-3.446598e-03	2.143915e+00
3.973000e-05	-3.942579e-03	1.929279e+00
3.974000e-05	-3.447462e-03	1.586014e+00
3.975000e-05	-4.511076e-03	1.271208e+00
3.976000e-05	-5.285099e-03	9.728897e-01
3.977000e-05	-4.615369e-03	6.701789e-01
3.978000e-05	-4.749748e-03	3.995951e-01
3.979000e-05	-3.679703e-03	8.215646e-02
3.980000e-05	2.317979e-04	-2.019250e-01
3.981000e-05	6.258100e-03	-3.920828e-01
3.982000e-05	-5.944611e-03	-6.998258e-01
3.983000e-05	6.906038e-04	-9.705276e-01
3.984000e-05	-6.474746e-03	-1.216139e+00
3.985000e-05	-6.075083e-04	-1.550399e+00
3.986000e-05	-4.037727e-03	-1.760452e+00
3.987000e-05	2.131819e-02	-2.002028e+00
3.988000e-05	7.732946e-02	-2.246843e+00
3.989000e-05	2.883907e-03	-2.605033e+00
3.990000e-05	-6.960695e-02	-2.963575e+00
3.991000e-05	-3.447088e-02	-3.350394e+00
3.992000e-05	-2.546395e-02	-3.530448e+00
3.993000e-05	-4.235341e-02	-3.794106e+00
3.994000e-05	-1.507058e-02	-4.043155e+00
3.995000e-05	1.175497e-01	-4.163057e+00
3.996000e-05	-1.373803e-01	-4.499815e+00
3.997000e-05	1.620224e-01	-4.732525e+00
3.998000e-05	-4.907425e-02	-4.995609e+00
3.999000e-05	-7.026111e-02	-5.365099e+00
4.000000e-05	6.222174e-02	-5.654660e+00
4.001000e-05	-1.363722e-01	-5.919269e+00
4.002000e-05	1.346873e-01	-6.141469e+00
4.003000e-05	-8.356860e-02	-6.426185e+00
4.004000e-05	2.841807e-02	-6.709369e+00
4.005000e-05	4.379578e-02	-6.944000e+00
4.006000e-05	-9.082438e-02	-7.258339e+00
4.007000e-05	5.827406e-02	-7.499890e+00
4.008000e-05	-9.935822e-02	-7.826626e+00
4.009000e-05	7.357615e-02	-8.076735e+00
4.010000e-05	-2.815681e-02	-8.298795e+00
4.011000e-05	-2.143903e-02	-8.542096e+00
4.012000e-05	4.522607e-02	-8.783580e+00
4.013000e-05	-8.548467e-02	-9.035682e+00
4.014000e-05	6.497476e-02	-9.277207e+00
4.015000e-05	-8.527521e-02	-9.449341e+00
4.016000e-05	5.326363e-02	-9.718940e+00
4.017000e-05	-3.967802e-02	-9.931441e+00
4.018000e-05	1.426287e-02	-1.017107e+01
4.019000e-05	-1.203863e-02	-1.035302e+01
4.020000e-05	-3.363346e-02	-1.058367e+01
4.021000e-05	1.711012e-02	-1.078155e+01
4.022000e-05	-4.704791e-02	-1.094363e+01
4.023000e-05	2.801471e-02	-1.120407e+01
4.024000e-05	-4.526781e-02	-1.138356e+01
4.025000e-05	2.648675e-02	-1.160518e+01
4.026000e-05	-3.696651e-02	-1.176463e+01
4.027000e-05	7.731368e-03	-1.201480e+01
4.028000e-05	-3.514326e-02	-1.217412e+01
4.029000e-05	-2.921054e-03	-1.237212e+01
4.030000e-05	-1.401504e-02	-1.255199e+01
4.031000e-05	-1.477638e-02	-1.265994e+01
4.032000e-05	-8.846695e-03	-1.287786e+01
4.033000e-05	-2.204528e-02	-1.301520e+01
4.034000e-05	1.455612e-03	-1.316165e+01
4.035000e-05	-3.150221e-02	-1.330954e+01
4.036000e-05	-3.973377e-03	-1.346733e+01
4.037000e-05	-3.083475e-02	-1.359372e+01
4.038000e-05	-3.169919e-04	-1.375107e+01
4.039000e-05	-2.691539e-02	-1.387934e+01
4.040000e-05	-1.120787e-02	-1.401525e+01
4.041000e-05	-2.124918e-02	-1.411049e+01
4.042000e-05	-1.371633e-02	-1.423738e+01
4.043000e-05	-2.048286e-02	-1.436312e+01
4.044000e-05	-2.277366e-02	-1.448741e+01
4.045000e-05	-1.727589e-02	-1.461205e+01
4.046000e-05	-2.038498e-02	-1.464891e+01
4.047000e-05	-1.523871e-02	-1.474057e+01
4.048000e-05	-2.506374e-02	-1.485377e+01
4.049000e-05	-2.106995e-02	-1.488851e+01
4.050000e-05	-2.429279e-02	-1.495317e+01
4.051000e-05	-2.103644e-02	-1.502423e+01
4.052000e-05	-2.789056e-02	-1.511894e+01
4.053000e-05	-2.341195e-02	-1.513010e+01
4.054000e-05	-2.507760e-02	-1.515425e+01
4.055000e-05	-2.204547e-02	-1.524626e+01
4.056000e-05	-3.016957e-02	-1.530646e+01
4.057000e-05	-2.816216e-02	-1.530999e+01
4.058000e-05	-2.904479e-02	-1.537009e+01
4.059000e-05	-2.663872e-02	-1.538310e+01
4.060000e-05	-3.146872e-02	-1.540170e+01
4.061000e-05	-3.377654e-02	-1.541222e+01
4.062000e-05	-3.181605e-02	-1.540478e+01
4.063000e-05	-3.482703e-02	-1.539480e+01
4.064000e-05	-3.684115e-02	-1.543367e+01
4.065000e-05	-4.144741e-02	-1.538417e+01
4.066000e-05	-3.983019e-02	-1.538214e+01
4.067000e-05	-4.113994e-02	-1.531912e+01
4.068000e-05	-4.558597e-02	-1.530849e+01
4.069000e-05	-5.066823e-02	-1.529643e+01
4.070000e-05	-5.257064e-02	-1.523333e+01
4.071000e-05	-5.572421e-02	-1.518170e+01
4.072000e-05	-6.171193e-02	-1.515102e+01
4.073000e-05	-7.140281e-02	-1.508743e+01
4.074000e-05	-7.769179e-02	-1.501280e+01
4.075000e-05	-8.899090e-02	-1.499257e+01
4.076000e-05	-1.063664e-01	-1.489794e+01
4.077000e-05	-1.302556e-01	-1.486325e+01
4.078000e-05	-1.569649e-01	-1.473954e+01
4.079000e-05	-1.913610e-01	-1.466538e+01
4.080000e-05	-2.301905e-01	-1.460015e+01
4.081000e-05	-2.499899e-01	-1.449543e+01
4.082000e-05	-2.500000e-01	-1.434112e+01
4.083000e-05	-2.500000e-01	-1.427440e+01
4.084000e-05	-2.500000e-01	-1.413704e+01
4.085000e-05	-2.500000e-01	-1.405217e+01
4.086000e-05	-2.500000e-01	-1.384593e+01
4.087000e-05	-2.487750e-01	-1.374812e+01
4.088000e-05	-2.345555e-01	-1.360215e+01
4.089000e-05	-1.980827e-01	-1.348435e+01
4.090000e-05	-1.625772e-01	-1.331754e+01
4.091000e-05	-1.338470e-01	-1.323967e+01
4.092000e-05	-1.082784e-01	-1.304275e+01
4.093000e-05	-8.983545e-02	-1.288444e+01
4.094000e-05	-7.436460e-02	-1.273709e+01
4.095000e-05	-6.103318e-02	-1.256914e+01
4.096000e-05	-4.896029e-02	-1.242075e+01
4.097000e-05	-4.179184e-02	-1.221262e+01
4.098000e-05	-3.608634e-02	-1.204273e+01
4.099000e-05	-3.120296e-02	-1.184282e+01
4.100000e-05	-2.572391e-02	-1.164220e+01
4.101000e-05	-2.309593e-02	-1.142970e+01
4.102000e-05	-1.994814e-02	-1.123164e+01
4.103000e-05	-1.884849e-02	-1.100975e+01
4.104000e-05	-1.665599e-02	-1.081015e+01
4.105000e-05	-1.523106e-02	-1.061115e+01
4.106000e-05	-1.461199e-02	-1.042065e+01
4.107000e-05	-1.412568e-02	-1.018759e+01
4.108000e-05	-1.252836e-02	-9.948540e+00
4.109000e-05	-1.126544e-02	-9.788541e+00
4.110000e-05	-1.274332e-02	-9.566559e+00
4.111000e-05	-1.171737e-02	-9.324882e+00
4.112000e-05	-1.102686e-02	-9.064781e+00
4.113000e-05	-9.772457e-03	-8.872781e+00
4.114000e-05	-1.013291e-02	-8.630143e+00
4.115000e-05	-1.057706e-02	-8.355994e+00
4.116000e-05	-9.386490e-03	-8.145985e+00
4.117000e-05	-8.676335e-03	-7.884281e+00
4.118000e-05	-1.000574e-02	-7.576594e+00
4.119000e-05	-9.641124e-03	-7.346488e+00
4.120000e-05	-9.274786e-03	-7.083282e+00
4.121000e-05	-8.487468e-03	-6.829673e+00
4.122000e-05	-8.187656e-03	-6.587991e+00
4.123000e-05	-9.752578e-03	-6.336887e+00
4.124000e-05	-7.319706e-03	-6.079728e+00
4.125000e-05	-7.859636e-03	-5.786519e+00
4.126000e-05	-7.146239e-03	-5.525228e+00
4.127000e-05	-8.375192e-03	-5.278645e+00
4.128000e-05	-8.022623e-03	-4.963860e+00
4.129000e-05	-5.969966e-03	-4.610545e+00
4.130000e-05	-6.112777e-03	-4.377019e+00
4.131000e-05	-7.195529e-03	-4.154811e+00
4.132000e-05	-8.136038e-03	-3.862105e+00
4.133000e-05	-6.738676e-03	-3.616465e+00
4.134000e-05	-7.527516e-03	-3.312261e+00
4.135000e-05	-6.589102e-03	-3.028445e+00
4.136000e-05	-7.650272e-03	-2.715308e+00
4.137000e-05	-4.070193e-03	-2.491128e+00
4.138000e-05	-5.042186e-03	-2.224991e+00
4.139000e-05	-4.629837e-03	-1.871684e+00
4.140000e-05	-6.210629e-03	-1.629450e+00
4.141000e-05	-5.498718e-03	-1.310200e+00
4.142000e-05	-5.493071e-03	-1.007992e+00
4.143000e-05	-5.327092e-03	-7.018106e-01
4.144000e-05	-4.280936e-03	-3.990162e-01
4.145000e-05	-2.457149e-03	-1.342881e-01
4.146000e-05	6.546788e-03	1.198211e-01
4.147000e-05	5.429067e-03	4.536091e-01
4.148000e-05	-5.975020e-04	6.652619e-01
4.149000e-05	3.789196e-04	9.222960e-01
4.150000e-05	3.014206e-04	1.213658e+00
4.151000e-05	1.777111e-03	1.490343e+00
4.152000e-05	4.355874e-05	1.851560e+00
4.153000e-05	1.580272e-02	2.024085e+00
4.154000e-05	5.402998e-02	2.326767e+00
4.155000e-05	5.256559e-02	2.605186e+00
4.156000e-05	-6.783468e-02	2.930400e+00
4.157000e-05	-3.971834e-02	3.223533e+00
4.158000e-05	-2.292675e-02	3.489375e+00
4.159000e-05	5.221934e-03	3.751920e+00
4.160000e-05	-5.617278e-02	3.962372e+00
4.161000e-05	1.068126e-03	4.164071e+00
4.162000e-05	9.175354e-02	4.498316e+00
4.163000e-05	-4.909951e-02	4.761045e+00
4.164000e-05	1.061625e-01	4.997711e+00
4.165000e-05	-6.368761e-02	5.363051e+00
4.166000e-05	-2.699676e-02	5.573680e+00
4.167000e-05	5.195909e-02	5.909342e+00
4.168000e-05	-3.416765e-02	6.151473e+00
4.169000e-05	3.605377e-02	6.384131e+00
4.170000e-05	-4.803552e-02	6.680894e+00
4.171000e-05	5.420552e-02	6.962996e+00
4.172000e-05	2.361719e-02	7.224707e+00
4.173000e-05	-3.441587e-02	7.520469e+00
4.174000e-05	-1.285667e-02	7.752649e+00
4.175000e-05	1.799203e-03	8.027313e+00
4.176000e-05	6.112849e-02	8.267289e+00
4.177000e-05	-2.805501e-02	8.509943e+00
4.178000e-05	-1.075827e-02	8.750973e+00
4.179000e-05	2.748561e-02	8.983045e+00
4.180000e-05	2.598764e-03	9.265233e+00
4.181000e-05	1.383613e-02	9.404181e+00
4.182000e-05	-3.045366e-02	9.646837e+00
4.183000e-05	2.822391e-02	9.879915e+00
4.184000e-05	1.737797e-02	1.010897e+01
4.185000e-05	1.675527e-02	1.029887e+01
4.186000e-05	-1.673979e-02	1.056250e+01
4.187000e-05	-3.076292e-03	1.074160e+01
4.188000e-05	3.112684e-02	1.096102e+01
4.189000e-05	-3.118700e-04	1.115152e+01
4.190000e-05	4.005382e-03	1.136307e+01
4.191000e-05	-4.233378e-03	1.155358e+01
4.192000e-05	3.339027e-02	1.177412e+01
4.193000e-05	7.009051e-03	1.194197e+01
4.194000e-05	-6.067370e-07	1.216407e+01
4.195000e-05	-4.260174e-03	1.228949e+01
4.196000e-05	1.823175e-02	1.249941e+01
4.197000e-05	1.973925e-02	1.258683e+01
4.198000e-05	-7.645541e-04	1.277420e+01
4.199000e-05	6.446024e-03	1.298360e+01
4.200000e-05	1.622596e-02	1.308999e+01
4.201000e-05	2.295446e-02	1.327843e+01
4.202000e-05	-9.392955e-04	1.339415e+01
4.203000e-05	2.478288e-03	1.355259e+01
4.204000e-05	1.410716e-02	1.366691e+01
4.205000e-05	2.166871e-02	1.381468e+01
4.206000e-05	8.444803e-03	1.395205e+01
4.207000e-05	5.262593e-03	1.409994e+01
4.208000e-05	1.872472e-02	1.422478e+01
4.209000e-05	2.022971e-02	1.430997e+01
4.210000e-05	1.154507e-02	1.443528e+01
4.211000e-05	4.532339e-03	1.447906e+01
4.212000e-05	1.680544e-02	1.461525e+01
4.213000e-05	2.323778e-02	1.474889e+01
4.214000e-05	1.538035e-02	1.477270e+01
4.215000e-05	1.050197e-02	1.483683e+01
4.216000e-05	1.556757e-02	1.491801e+01
4.217000e-05	2.498827e-02	1.497267e+01
4.218000e-05	1.681512e-02	1.503583e+01
4.219000e-05	1.375729e-02	1.508841e+01
4.220000e-05	1.721129e-02	1.513014e+01
4.221000e-05	2.648428e-02	1.520272e+01
4.222000e-05	2.242596e-02	1.520528e+01
4.223000e-05	1.544901e-02	1.527438e+01
4.224000e-05	2.201014e-02	1.529698e+01
4.225000e-05	2.758892e-02	1.527793e+01
4.226000e-05	2.947426e-02	1.527803e+01
4.227000e-05	2.036228e-02	1.531848e+01
4.228000e-05	2.496256e-02	1.532901e+01
4.229000e-05	3.072183e-02	1.532804e+01
4.230000e-05	3.340584e-02	1.532954e+01
4.231000e-05	2.799556e-02	1.530796e+01
4.232000e-05	3.194258e-02	1.530743e+01
4.233000e-05	4.057851e-02	1.528388e+01
4.234000e-05	4.346657e-02	1.523287e+01
4.235000e-05	3.978385e-02	1.520173e+01
4.236000e-05	4.261388e-02	1.513022e+01
4.237000e-05	5.377305e-02	1.515906e+01
4.238000e-05	6.013937e-02	1.503633e+01
4.239000e-05	6.344746e-02	1.501273e+01
4.240000e-05	7.129101e-02	1.493994e+01
4.241000e-05	8.954988e-02	1.491598e+01
4.242000e-05	1.093208e-01	1.480227e+01
4.243000e-05	1.283623e-01	1.473852e+01
4.244000e-05	1.589146e-01	1.465430e+01
4.245000e-05	1.999623e-01	1.458069e+01
4.246000e-05	2.405921e-01	1.447545e+01
4.247000e-05	2.499962e-01	1.437104e+01
4.248000e-05	2.500000e-01	1.427598e+01
4.249000e-05	2.500000e-01	1.411904e+01
4.250000e-05	2.500000e-01	1.402323e+01
4.251000e-05	2.500000e-01	1.386488e+01
4.252000e-05	2.500000e-01	1.375909e+01
4.253000e-05	2.449897e-01	1.361280e+01
4.254000e-05	2.193464e-01	1.350590e+01
4.255000e-05	1.769718e-01	1.338004e+01
4.256000e-05	1.407719e-01	1.321267e+01
4.257000e-05	1.142802e-01	1.303375e+01
4.258000e-05	9.655786e-02	1.293593e+01
4.259000e-05	7.757653e-02	1.272759e+01
4.260000e-05	5.981224e-02	1.260122e+01
4.261000e-05	4.659991e-02	1.246170e+01
4.262000e-05	3.991016e-02	1.225342e+01
4.263000e-05	3.242292e-02	1.211536e+01
4.264000e-05	2.361867e-02	1.188594e+01
4.265000e-05	1.730159e-02	1.174644e+01
4.266000e-05	1.728790e-02	1.153341e+01
4.267000e-05	1.537154e-02	1.128443e+01
4.268000e-05	9.999054e-03	1.112438e+01
4.269000e-05	6.286468e-03	1.091599e+01
4.270000e-05	7.210404e-03	1.068346e+01
4.271000e-05	8.356162e-03	1.053533e+01
4.272000e-05	3.558108e-03	1.029431e+01
4.273000e-05	3.321654e-03	1.009331e+01
4.274000e-05	3.264134e-03	9.811347e+00
4.275000e-05	5.206466e-03	9.570244e+00
4.276000e-05	3.107217e-03	9.419070e+00
4.277000e-05	1.238246e-03	9.176518e+00
4.278000e-05	9.234797e-04	8.966487e+00
4.279000e-05	2.615097e-03	8.675854e+00
4.280000e-05	2.370209e-03	8.503359e+00
4.281000e-05	-7.505744e-04	8.272701e+00
4.282000e-05	4.185943e-04	8.017719e+00
4.283000e-05	1.177301e-03	7.765960e+00
4.284000e-05	1.262306e-03	7.472852e+00
4.285000e-05	-1.677334e-03	7.210245e+00
4.286000e-05	-7.760685e-04	7.007568e+00
4.287000e-05	3.584270e-04	6.714332e+00
4.288000e-05	7.010842e-04	6.459774e+00
4.289000e-05	-1.144325e-03	6.228043e+00
4.290000e-05	-2.558490e-03	5.965542e+00
4.291000e-05	-9.385858e-04	5.661280e+00
4.292000e-05	-1.526782e-03	5.437619e+00
4.293000e-05	-2.265666e-03	5.130825e+00
4.294000e-05	-3.451444e-03	4.776490e+00
4.295000e-05	-2.200721e-03	4.513383e+00
4.296000e-05	-1.311898e-03	4.278148e+00
4.297000e-05	-2.401922e-03	3.956387e+00
4.298000e-05	-4.178352e-03	3.700728e+00
4.299000e-05	-3.042419e-03	3.424520e+00
4.300000e-05	-2.006580e-03	3.102803e+00
4.301000e-05	-3.659492e-03	2.851724e+00
4.302000e-05	-5.125491e-03	2.615019e+00
4.303000e-05	-4.471261e-03	2.301183e+00
4.304000e-05	-3.799527e-03	2.009050e+00
4.305000e-05	-3.841212e-03	1.764433e+00
4.306000e-05	-4.756808e-03	1.449121e+00
4.307000e-05	-4.815943e-03	1.142440e+00
4.308000e-05	-3.740724e-03	7.969948e-01
4.309000e-05	-4.550484e-03	5.527907e-01
4.310000e-05	-4.050704e-03	2.807025e-01
4.311000e-05	-3.181753e-03	-2.353290e-02
4.312000e-05	3.315502e-03	-2.978632e-01
4.313000e-05	6.111497e-04	-5.338225e-01
4.314000e-05	-3.344199e-03	-8.340092e-01
4.315000e-05	-4.980952e-03	-1.099238e+00
4.316000e-05	-1.096625e-03	-1.374509e+00
4.317000e-05	-4.298146e-03	-1.646059e+00
4.318000e-05	6.984652e-03	-1.888240e+00
4.319000e-05	4.168297e-02	-2.098346e+00
4.320000e-05	8.444052e-02	-2.456084e+00
4.321000e-05	-7.993250e-02	-2.783105e+00
4.322000e-05	-3.089468e-02	-3.192957e+00
4.323000e-05	-4.767805e-02	-3.456210e+00
4.324000e-05	-1.108329e-02	-3.665162e+00
4.325000e-05	-7.172051e-02	-3.949894e+00
4.326000e-05	1.042085e-01	-4.076290e+00
4.327000e-05	-2.531238e-02	-4.320423e+00
4.328000e-05	-3.132073e-02	-4.617579e+00
4.329000e-05	1.493468e-01	-4.888288e+00
4.330000e-05	-1.719471e-01	-5.166154e+00
4.331000e-05	8.803895e-02	-5.557867e+00
4.332000e-05	-9.206725e-02	-5.734049e+00
4.333000e-05	8.580593e-03	-6.056185e+00
4.334000e-05	6.288837e-02	-6.285812e+00
4.335000e-05	-1.010624e-01	-6.543474e+00
4.336000e-05	1.142814e-01	-6.855760e+00
4.337000e-05	-7.845711e-02	-7.061371e+00
4.338000e-05	1.424251e-02	-7.383104e+00
4.339000e-05	-1.758089e-02	-7.617161e+00
4.340000e-05	-4.608474e-02	-7.932494e+00
4.341000e-05	7.892674e-02	-8.153075e+00
4.342000e-05	-9.573082e-02	-8.415253e+00
4.343000e-05	7.306398e-02	-8.647334e+00
4.344000e-05	-6.204941e-02	-8.920393e+00
4.345000e-05	1.015350e-02	-9.129391e+00
4.346000e-05	-4.011022e-03	-9.322968e+00
4.347000e-05	-4.104194e-02	-9.606151e+00
4.348000e-05	4.456902e-02	-9.805104e+00
4.349000e-05	-5.726879e-02	-1.001778e+01
4.350000e-05	4.827098e-02	-1.024576e+01
4.351000e-05	-6.963119e-02	-1.048834e+01
4.352000e-05	2.780275e-02	-1.067779e+01
4.353000e-05	-4.072043e-02	-1.086781e+01
4.354000e-05	7.516592e-03	-1.107897e+01
4.355000e-05	-1.555155e-02	-1.126986e+01
4.356000e-05	-1.076236e-02	-1.150892e+01
4.357000e-05	4.522279e-03	-1.171149e+01
4.358000e-05	-2.662039e-02	-1.188047e+01
4.359000e-05	2.253613e-05	-1.212994e+01
4.360000e-05	-3.930662e-02	-1.224731e+01
4.361000e-05	1.045255e-02	-1.247581e+01
4.362000e-05	-3.160076e-02	-1.259618e+01
4.363000e-05	5.379597e-03	-1.279312e+01
4.364000e-05	-2.965591e-02	-1.294254e+01
4.365000e-05	3.458542e-03	-1.310037e+01
4.366000e-05	-2.299400e-02	-1.326683e+01
4.367000e-05	-1.259459e-02	-1.342367e+01
4.368000e-05	-2.113204e-02	-1.350050e+01
4.369000e-05	-1.693385e-02	-1.366841e+01
4.370000e-05	-1.109829e-02	-1.378368e+01
4.371000e-05	-2.423132e-02	-1.392107e+01
4.372000e-05	-1.059701e-02	-1.406793e+01
4.373000e-05	-2.276810e-02	-1.421517e+01
4.374000e-05	-9.803835e-03	-1.433891e+01
4.375000e-05	-2.584759e-02	-1.445625e+01
4.376000e-05	-1.570082e-02	-1.449901e+01
4.377000e-05	-2.289367e-02	-1.461618e+01
4.378000e-05	-1.625137e-02	-1.470091e+01
4.379000e-05	-2.403710e-02	-1.479325e+01
4.380000e-05	-2.156346e-02	-1.489643e+01
4.381000e-05	-2.330986e-02	-1.495151e+01
4.382000e-05	-2.070474e-02	-1.501472e+01
4.383000e-05	-2.484338e-02	-1.504641e+01
4.384000e-05	-2.405996e-02	-1.510994e+01
4.385000e-05	-2.471453e-02	-1.518262e+01
4.386000e-05	-2.469911e-02	-1.522377e+01
4.387000e-05	-2.521287e-02	-1.528628e+01
4.388000e-05	-3.042848e-02	-1.531003e+01
4.389000e-05	-2.697686e-02	-1.534949e+01
4.390000e-05	-3.008533e-02	-1.534007e+01
4.391000e-05	-2.672093e-02	-1.536267e+01
4.392000e-05	-3.359627e-02	-1.542520e+01
4.393000e-05	-3.079664e-02	-1.542473e+01
4.394000e-05	-3.421755e-02	-1.542225e+01
4.395000e-05	-3.521370e-02	-1.539313e+01
4.396000e-05	-3.898945e-02	-1.539220e+01
4.397000e-05	-4.010191e-02	-1.535167e+01
4.398000e-05	-4.030838e-02	-1.537007e+01
4.399000e-05	-4.516261e-02	-1.536057e+01
4.400000e-05	-4.665441e-02	-1.530604e+01
4.401000e-05	-5.090928e-02	-1.525630e+01
4.402000e-05	-5.339717e-02	-1.523580e+01
4.403000e-05	-5.918887e-02	-1.516015e+01
4.404000e-05	-6.595878e-02	-1.512844e+01
4.405000e-05	-7.364884e-02	-1.507588e+01
4.406000e-05	-8.357477e-02	-1.504267e+01
4.407000e-05	-9.748564e-02	-1.492856e+01
4.408000e-05	-1.169754e-01	-1.487730e+01
4.409000e-05	-1.420159e-01	-1.482120e+01
4.410000e-05	-1.723197e-01	-1.470794e+01
4.411000e-05	-2.114203e-01	-1.461270e+01
4.412000e-05	-2.439130e-01	-1.453752e+01
4.413000e-05	-2.499983e-01	-1.443380e+01
4.414000e-05	-2.500000e-01	-1.431804e+01
4.415000e-05	-2.500000e-01	-1.419167e+01
4.416000e-05	-2.500000e-01	-1.406543e+01
4.417000e-05	-2.500000e-01	-1.389799e+01
4.418000e-05	-2.500000e-01	-1.383225e+01
4.419000e-05	-2.441599e-01	-1.370593e+01
4.420000e-05	-2.176899e-01	-1.356904e+01
4.421000e-05	-1.800966e-01	-1.337972e+01
4.422000e-05	-1.475031e-01	-1.327480e+01
4.423000e-05	-1.203222e-01	-1.311603e+01
4.424000e-05	-9.888473e-02	-1.297904e+01
4.425000e-05	-8.261862e-02	-1.282221e+01
4.426000e-05	-6.729012e-02	-1.265285e+01
4.427000e-05	-5.433901e-02	-1.249486e+01
4.428000e-05	-4.565893e-02	-1.230601e+01
4.429000e-05	-3.920310e-02	-1.214704e+01
4.430000e-05	-3.334773e-02	-1.195851e+01
4.431000e-05	-2.719732e-02	-1.177611e+01
4.432000e-05	-2.472210e-02	-1.153659e+01
4.433000e-05	-2.160628e-02	-1.135596e+01
4.434000e-05	-2.073342e-02	-1.112501e+01
4.435000e-05	-1.745399e-02	-1.094381e+01
4.436000e-05	-1.625023e-02	-1.071491e+01
4.437000e-05	-1.399608e-02	-1.055697e+01
4.438000e-05	-1.423553e-02	-1.026385e+01
4.439000e-05	-1.186240e-02	-1.007428e+01
4.440000e-05	-1.150334e-02	-9.863178e+00
4.441000e-05	-1.132812e-02	-9.672252e+00
4.442000e-05	-1.238588e-02	-9.400194e+00
4.443000e-05	-1.224483e-02	-9.198044e+00
4.444000e-05	-1.111023e-02	-8.957541e+00
4.445000e-05	-1.052769e-02	-8.745466e+00
4.446000e-05	-1.094196e-02	-8.482336e+00
4.447000e-05	-9.286301e-03	-8.252203e+00
4.448000e-05	-8.707301e-03	-8.030204e+00
4.449000e-05	-8.799993e-03	-7.755986e+00
4.450000e-05	-9.953891e-03	-7.443304e+00
4.451000e-05	-9.795574e-03	-7.261678e+00
4.452000e-05	-9.104666e-03	-6.966985e+00
4.453000e-05	-8.848995e-03	-6.684332e+00
4.454000e-05	-7.889998e-03	-6.503229e+00
4.455000e-05	-8.740961e-03	-6.176566e+00
4.456000e-05	-6.780648e-03	-5.953936e+00
4.457000e-05	-7.903219e-03	-5.680702e+00
4.458000e-05	-7.166128e-03	-5.387589e+00
4.459000e-05	-8.707293e-03	-5.082729e+00
4.460000e-05	-6.564131e-03	-4.803536e+00
4.461000e-05	-7.477522e-03	-4.523279e+00
4.462000e-05	-6.075860e-03	-4.261153e+00
4.463000e-05	-6.329194e-03	-3.998046e+00
4.464000e-05	-7.070824e-03	-3.672832e+00
4.465000e-05	-7.577250e-03	-3.439100e+00
4.466000e-05	-7.699885e-03	-3.155942e+00
4.467000e-05	-6.782748e-03	-2.860649e+00
4.468000e-05	-5.330559e-03	-2.606519e+00
4.469000e-05	-5.272987e-03	-2.343857e+00
4.470000e-05	-3.902496e-03	-1.988096e+00
4.471000e-05	-4.645958e-03	-1.763888e+00
4.472000e-05	-6.169182e-03	-1.499728e+00
4.473000e-05	-5.773613e-03	-1.114337e+00
4.474000e-05	-6.595683e-03	-8.405278e-01
4.475000e-05	-4.377089e-03	-5.548446e-01
4.476000e-05	-3.528949e-03	-2.611566e-01
4.477000e-05	1.433929e-03	-3.949863e-02
4.478000e-05	8.690294e-03	2.887856e-01
4.479000e-05	-1.289727e-03	5.504736e-01
4.480000e-05	2.751855e-03	7.810040e-01
4.481000e-05	-1.995121e-03	1.077818e+00
4.482000e-05	1.704974e-03	1.320023e+00
4.483000e-05	-6.266340e-04	1.706859e+00
4.484000e-05	8.985504e-03	1.898244e+00
4.485000e-05	2.737633e-02	2.150950e+00
4.486000e-05	7.824045e-02	2.427213e+00
4.487000e-05	-2.037501e-02	2.804583e+00
4.488000e-05	-5.371733e-02	3.088770e+00
4.489000e-05	-3.790590e-02	3.322445e+00
4.490000e-05	7.967199e-04	3.644608e+00
4.491000e-05	-2.311791e-02	3.835708e+00
4.492000e-05	-4.532246e-02	4.065211e+00
4.493000e-05	6.863934e-02	4.300847e+00
4.494000e-05	2.045838e-02	4.644108e+00
4.495000e-05	7.526753e-03	4.796214e+00
4.496000e-05	6.980564e-02	5.195082e+00
4.497000e-05	-1.069753e-01	5.478340e+00
4.498000e-05	5.153600e-02	5.731499e+00
4.499000e-05	-2.274059e-03	6.006609e+00
4.500000e-05	4.567633e-05	6.268287e+00
4.501000e-05	5.616617e-03	6.553023e+00
4.502000e-05	-2.699717e-02	6.836706e+00
4.503000e-05	8.254608e-02	7.078240e+00
4.504000e-05	-3.687178e-02	7.353571e+00
4.505000e-05	-6.300433e-03	7.666733e+00
4.506000e-05	-2.442729e-02	7.901891e+00
4.507000e-05	5.137221e-02	8.164600e+00
4.508000e-05	2.140004e-02	8.384106e+00
4.509000e-05	-4.404239e-02	8.624682e+00
4.510000e-05	2.817191e-02	8.868782e+00
4.511000e-05	7.629836e-04	9.109365e+00
4.512000e-05	2.468096e-02	9.308915e+00
4.513000e-05	-2.195864e-02	9.520894e+00
4.514000e-05	3.362684e-03	9.774601e+00
4.515000e-05	2.253726e-02	1.000370e+01
4.516000e-05	1.774670e-02	1.019363e+01
4.517000e-05	2.647146e-03	1.042780e+01
4.518000e-05	-2.297149e-02	1.061678e+01
4.519000e-05	2.677173e-02	1.084721e+01
4.520000e-05	1.223678e-02	1.101666e+01
4.521000e-05	8.647895e-03	1.121736e+01
4.522000e-05	-8.829181e-03	1.140686e+01
4.523000e-05	2.108300e-02	1.163793e+01
4.524000e-05	1.813961e-02	1.184576e+01
4.525000e-05	3.682136e-03	1.203683e+01
4.526000e-05	-7.458230e-03	1.222475e+01
4.527000e-05	8.424345e-03	1.238225e+01
4.528000e-05	2.450485e-02	1.257313e+01
4.529000e-05	8.375389e-03	1.270894e+01
4.530000e-05	5.019979e-03	1.291891e+01
4.531000e-05	6.726411e-03	1.302628e+01
4.532000e-05	2.567068e-02	1.317325e+01
4.533000e-05	4.978820e-03	1.332150e+01
4.534000e-05	1.623414e-03	1.347894e+01
4.535000e-05	5.183707e-03	1.365438e+01
4.536000e-05	2.219444e-02	1.375059e+01
4.537000e-05	1.736785e-02	1.385939e+01
4.538000e-05	5.221019e-03	1.401435e+01
4.539000e-05	1.454050e-02	1.416122e+01
4.540000e-05	1.713105e-02	1.425895e+01
4.541000e-05	1.913031e-02	1.438264e+01
4.542000e-05	1.646734e-03	1.448886e+01
4.543000e-05	1.356433e-02	1.457267e+01
4.544000e-05	1.693542e-02	1.468431e+01
4.545000e-05	2.450959e-02	1.472909e+01
4.546000e-05	1.206054e-02	1.482418e+01
4.547000e-05	1.493788e-02	1.488786e+01
4.548000e-05	2.162844e-02	1.497860e+01
4.549000e-05	2.028695e-02	1.501320e+01
4.550000e-05	1.386795e-02	1.504681e+01
4.551000e-05	1.138473e-02	1.511801e+01
4.552000e-05	2.315221e-02	1.518012e+01
4.553000e-05	2.381080e-02	1.520372e+01
4.554000e-05	2.277356e-02	1.525435e+01
4.555000e-05	1.833514e-02	1.527601e+01
4.556000e-05	2.775160e-02	1.529744e+01
4.557000e-05	2.757284e-02	1.530796e+01
4.558000e-05	2.370178e-02	1.528858e+01
4.559000e-05	2.143621e-02	1.531046e+01
4.560000e-05	2.685708e-02	1.533849e+01
4.561000e-05	3.340129e-02	1.532948e+01
4.562000e-05	3.076179e-02	1.533956e+01
4.563000e-05	3.198910e-02	1.529898e+01
4.564000e-05	3.605335e-02	1.527737e+01
4.565000e-05	4.371044e-02	1.524430e+01
4.566000e-05	4.144149e-02	1.522387e+01
4.567000e-05	4.156307e-02	1.520169e+01
4.568000e-05	4.683243e-02	1.511954e+01
4.569000e-05	5.673317e-02	1.507693e+01
4.570000e-05	6.217672e-02	1.501470e+01
4.571000e-05	6.599398e-02	1.496220e+01
4.572000e-05	8.183583e-02	1.490656e+01
4.573000e-05	9.918823e-02	1.486428e+01
4.574000e-05	1.193517e-01	1.475920e+01
4.575000e-05	1.409649e-01	1.467746e+01
4.576000e-05	1.792192e-01	1.460170e+01
4.577000e-05	2.224359e-01	1.449651e+01
4.578000e-05	2.491331e-01	1.443275e+01
4.579000e-05	2.499999e-01	1.429849e+01
4.580000e-05	2.500000e-01	1.422023e+01
4.581000e-05	2.500000e-01	1.410595e+01
4.582000e-05	2.500000e-01	1.394022e+01
4.583000e-05	2.500000e-01	1.384333e+01
4.584000e-05	2.490750e-01	1.370796e+01
4.585000e-05	2.366940e-01	1.361912e+01
4.586000e-05	1.972631e-01	1.341120e+01
4.587000e-05	1.581015e-01	1.325386e+01
4.588000e-05	1.268008e-01	1.314802e+01
4.589000e-05	1.054672e-01	1.296017e+01
4.590000e-05	8.643188e-02	1.283175e+01
4.591000e-05	6.776386e-02	1.270386e+01
4.592000e-05	5.284136e-02	1.256749e+01
4.593000e-05	4.317704e-02	1.238054e+01
4.594000e-05	3.676643e-02	1.216056e+01
4.595000e-05	2.779067e-02	1.200025e+01
4.596000e-05	2.027747e-02	1.181177e+01
4.597000e-05	1.734604e-02	1.163927e+01
4.598000e-05	1.631562e-02	1.141024e+01
4.599000e-05	1.221514e-02	1.118012e+01
4.600000e-05	7.474366e-03	1.102015e+01
4.601000e-05	8.093043e-03	1.083975e+01
4.602000e-05	8.792913e-03	1.061964e+01
4.603000e-05	7.106306e-03	1.037809e+01
4.604000e-05	3.332904e-03	1.015857e+01
4.605000e-05	3.645846e-03	9.957964e+00
4.606000e-05	4.943909e-03	9.764410e+00
4.607000e-05	4.298185e-03	9.514359e+00
4.608000e-05	8.251007e-04	9.283383e+00
4.609000e-05	2.748014e-04	9.050256e+00
4.610000e-05	3.163817e-03	8.849625e+00
4.611000e-05	2.476588e-03	8.577592e+00
4.612000e-05	8.201431e-04	8.366445e+00
4.613000e-05	5.665938e-04	8.164460e+00
4.614000e-05	2.101184e-03	7.903803e+00
4.615000e-05	2.018007e-03	7.620125e+00
4.616000e-05	-9.808520e-04	7.345986e+00
4.617000e-05	-1.950127e-03	7.092831e+00
4.618000e-05	5.069913e-04	6.850205e+00
4.619000e-05	7.940726e-04	6.556566e+00
4.620000e-05	-2.021739e-03	6.302835e+00
4.621000e-05	-1.989253e-03	6.082777e+00
4.622000e-05	-7.863797e-04	5.857641e+00
4.623000e-05	4.932096e-04	5.525964e+00
4.624000e-05	-2.076527e-03	5.258698e+00
4.625000e-05	-3.577675e-03	4.923406e+00
4.626000e-05	-2.295557e-03	4.619128e+00
4.627000e-05	-1.614527e-03	4.409015e+00
4.628000e-05	-2.564355e-03	4.102283e+00
4.629000e-05	-3.908799e-03	3.816546e+00
4.630000e-05	-2.941968e-03	3.547340e+00
4.631000e-05	-1.884148e-03	3.271652e+00
4.632000e-05	-3.914100e-03	3.027967e+00
4.633000e-05	-4.429344e-03	2.733858e+00
4.634000e-05	-4.130018e-03	2.438095e+00
4.635000e-05	-2.557799e-03	2.164961e+00
4.636000e-05	-4.071024e-03	1.900754e+00
4.637000e-05	-4.395767e-03	1.605993e+00
4.638000e-05	-6.206901e-03	1.301808e+00
4.639000e-05	-4.125315e-03	1.004392e+00
4.640000e-05	-4.541306e-03	7.201553e-01
4.641000e-05	-3.825419e-03	4.175975e-01
4.642000e-05	-4.490233e-03	1.218292e-01
4.643000e-05	6.150737e-04	-1.414489e-01
4.644000e-05	7.370413e-03	-4.415341e-01
4.645000e-05	-5.772596e-03	-7.202909e-01
4.646000e-05	-1.387223e-03	-9.513763e-01
4.647000e-05	-6.759172e-03	-1.207586e+00
4.648000e-05	2.053763e-03	-1.539896e+00
4.649000e-05	-5.774645e-03	-1.752001e+00
4.650000e-05	2.061311e-02	-2.001479e+00
4.651000e-05	7.500551e-02	-2.246237e+00
4.652000e-05	4.419770e-03	-2.564085e+00
4.653000e-05	-6.933514e-02	-2.916532e+00
4.654000e-05	-3.283527e-02	-3.319294e+00
4.655000e-05	-2.496848e-02	-3.539975e+00
4.656000e-05	-4.250845e-02	-3.786630e+00
4.657000e-05	-1.725209e-02	-4.042554e+00
4.658000e-05	1.147393e-01	-4.164530e+00
4.659000e-05	-1.377720e-01	-4.477813e+00
4.660000e-05	1.619595e-01	-4.741024e+00
4.661000e-05	-4.511370e-02	-5.027083e+00
4.662000e-05	-6.920335e-02	-5.385004e+00
4.663000e-05	6.498403e-02	-5.625682e+00
4.664000e-05	-1.367930e-01	-5.930820e+00
4.665000e-05	1.328498e-01	-6.171928e+00
4.666000e-05	-8.615316e-02	-6.396158e+00
4.667000e-05	2.722652e-02	-6.718320e+00
4.668000e-05	4.563092e-02	-6.943477e+00
4.669000e-05	-8.879618e-02	-7.287765e+00
4.670000e-05	5.847129e-02	-7.508843e+00
4.671000e-05	-9.671546e-02	-7.774478e+00
4.672000e-05	7.080434e-02	-8.087286e+00
4.673000e-05	-2.702888e-02	-8.268762e+00
4.674000e-05	-2.423847e-02	-8.552518e+00
4.675000e-05	4.559331e-02	-8.773028e+00
4.676000e-05	-8.357169e-02	-9.046208e+00
4.677000e-05	6.538152e-02	-9.235278e+00
4.678000e-05	-8.384650e-02	-9.438241e+00
4.679000e-05	5.082483e-02	-9.708914e+00
4.680000e-05	-3.896070e-02	-9.901341e+00
4.681000e-05	1.279095e-02	-1.016157e+01
4.682000e-05	-1.240154e-02	-1.033258e+01
4.683000e-05	-3.364154e-02	-1.058360e+01
4.684000e-05	2.097902e-02	-1.076162e+01
4.685000e-05	-4.573850e-02	-1.099507e+01
4.686000e-05	2.813915e-02	-1.119265e+01
4.687000e-05	-4.928185e-02	-1.138413e+01
4.688000e-05	2.683900e-02	-1.162475e+01
4.689000e-05	-3.902187e-02	-1.179513e+01
4.690000e-05	7.882012e-03	-1.199418e+01
4.691000e-05	-3.554782e-02	-1.217407e+01
4.692000e-05	-5.914160e-04	-1.235263e+01
4.693000e-05	-1.205525e-02	-1.256199e+01
4.694000e-05	-1.439996e-02	-1.268044e+01
4.695000e-05	-1.015111e-02	-1.285641e+01
4.696000e-05	-2.233098e-02	-1.299573e+01
4.697000e-05	1.263504e-03	-1.316320e+01
4.698000e-05	-3.293312e-02	-1.333196e+01
4.699000e-05	-4.320605e-03	-1.343881e+01
4.700000e-05	-2.968639e-02	-1.359368e+01
4.701000e-05	1.308531e-03	-1.373009e+01
4.702000e-05	-2.647199e-02	-1.384796e+01
4.703000e-05	-1.119255e-02	-1.398423e+01
4.704000e-05	-2.296660e-02	-1.413157e+01
4.705000e-05	-1.359292e-02	-1.422692e+01
4.706000e-05	-2.013718e-02	-1.433257e+01
4.707000e-05	-2.416515e-02	-1.445786e+01
4.708000e-05	-1.618777e-02	-1.456255e+01
4.709000e-05	-2.027197e-02	-1.466673e+01
4.710000e-05	-1.492452e-02	-1.472957e+01
4.711000e-05	-2.725908e-02	-1.485375e+01
4.712000e-05	-2.101424e-02	-1.490848e+01
4.713000e-05	-2.198347e-02	-1.495159e+01
4.714000e-05	-2.052722e-02	-1.505573e+01
4.715000e-05	-2.703714e-02	-1.508749e+01
4.716000e-05	-2.441581e-02	-1.514057e+01
4.717000e-05	-2.604233e-02	-1.520417e+01
4.718000e-05	-2.364926e-02	-1.524441e+01
4.719000e-05	-3.100344e-02	-1.527899e+01
4.720000e-05	-2.725659e-02	-1.529954e+01
4.721000e-05	-2.723997e-02	-1.534007e+01
4.722000e-05	-2.528422e-02	-1.539310e+01
4.723000e-05	-3.103821e-02	-1.538162e+01
4.724000e-05	-3.550658e-02	-1.542417e+01
4.725000e-05	-3.309498e-02	-1.543023e+01
4.726000e-05	-3.677126e-02	-1.540178e+01
4.727000e-05	-3.665121e-02	-1.542520e+01
4.728000e-05	-4.022183e-02	-1.540275e+01
4.729000e-05	-3.871444e-02	-1.536317e+01
4.730000e-05	-3.995051e-02	-1.536912e+01
4.731000e-05	-4.653269e-02	-1.534004e+01
4.732000e-05	-5.011976e-02	-1.532696e+01
4.733000e-05	-5.415011e-02	-1.525635e+01
4.734000e-05	-5.535654e-02	-1.519208e+01
4.735000e-05	-6.195203e-02	-1.513907e+01
4.736000e-05	-6.941925e-02	-1.508546e+01
4.737000e-05	-7.724252e-02	-1.504422e+01
4.738000e-05	-8.834940e-02	-1.496165e+01
4.739000e-05	-1.057497e-01	-1.494796e+01
4.740000e-05	-1.297490e-01	-1.484175e+01
4.741000e-05	-1.579661e-01	-1.472812e+01
4.742000e-05	-1.909048e-01	-1.468528e+01
4.743000e-05	-2.290284e-01	-1.458162e+01
4.744000e-05	-2.499812e-01	-1.449534e+01
4.745000e-05	-2.500000e-01	-1.434967e+01
4.746000e-05	-2.500000e-01	-1.424526e+01
4.747000e-05	-2.500000e-01	-1.407899e+01
4.748000e-05	-2.500000e-01	-1.405269e+01
4.749000e-05	-2.500000e-01	-1.383488e+01
4.750000e-05	-2.490800e-01	-1.374847e+01
4.751000e-05	-2.350805e-01	-1.364070e+01
4.752000e-05	-1.974249e-01	-1.348433e+01
4.753000e-05	-1.619723e-01	-1.333701e+01
4.754000e-05	-1.328677e-01	-1.318017e+01
4.755000e-05	-1.086393e-01	-1.307370e+01
4.756000e-05	-8.967939e-02	-1.291393e+01
4.757000e-05	-7.496511e-02	-1.273901e+01
4.758000e-05	-6.137473e-02	-1.256009e+01
4.759000e-05	-5.035156e-02	-1.239965e+01
4.760000e-05	-4.154795e-02	-1.223927e+01
4.761000e-05	-3.634272e-02	-1.208223e+01
4.762000e-05	-3.062271e-02	-1.182279e+01
4.763000e-05	-2.511972e-02	-1.169125e+01
4.764000e-05	-2.235050e-02	-1.141128e+01
4.765000e-05	-2.007222e-02	-1.121067e+01
4.766000e-05	-1.855839e-02	-1.097910e+01
4.767000e-05	-1.632527e-02	-1.081014e+01
4.768000e-05	-1.552324e-02	-1.062220e+01
4.769000e-05	-1.401792e-02	-1.041065e+01
4.770000e-05	-1.325020e-02	-1.016919e+01
4.771000e-05	-1.283329e-02	-9.936965e+00
4.772000e-05	-1.142918e-02	-9.776993e+00
4.773000e-05	-1.176626e-02	-9.525412e+00
4.774000e-05	-1.083426e-02	-9.305405e+00
4.775000e-05	-1.171082e-02	-9.092706e+00
4.776000e-05	-1.012705e-02	-8.882778e+00
4.777000e-05	-1.123678e-02	-8.618169e+00
4.778000e-05	-1.056097e-02	-8.358514e+00
4.779000e-05	-9.885461e-03	-8.145908e+00
4.780000e-05	-9.245129e-03	-7.863283e+00
4.781000e-05	-9.306239e-03	-7.628599e+00
4.782000e-05	-9.088593e-03	-7.325989e+00
4.783000e-05	-8.716477e-03	-7.135282e+00
4.784000e-05	-8.819398e-03	-6.840172e+00
4.785000e-05	-8.135734e-03	-6.609041e+00
4.786000e-05	-8.865435e-03	-6.345462e+00
4.787000e-05	-8.440770e-03	-6.050230e+00
4.788000e-05	-7.965522e-03	-5.818018e+00
4.789000e-05	-8.900031e-03	-5.523387e+00
4.790000e-05	-6.494696e-03	-5.230049e+00
4.791000e-05	-9.269363e-03	-4.923411e+00
4.792000e-05	-6.791508e-03	-4.608546e+00
4.793000e-05	-7.201986e-03	-4.377917e+00
4.794000e-05	-5.844019e-03	-4.154836e+00
4.795000e-05	-7.235565e-03	-3.869178e+00
4.796000e-05	-6.802629e-03	-3.526964e+00
4.797000e-05	-7.635770e-03	-3.321808e+00
4.798000e-05	-5.835929e-03	-3.036519e+00
4.799000e-05	-7.791599e-03	-2.734263e+00
4.800000e-05	-5.134383e-03	-2.450129e+00
4.801000e-05	-5.328140e-03	-2.143464e+00
4.802000e-05	-3.463407e-03	-1.881205e+00
4.803000e-05	-5.091845e-03	-1.618525e+00
4.804000e-05	-5.681476e-03	-1.278629e+00
4.805000e-05	-4.908291e-03	-9.564423e-01
4.806000e-05	-4.442116e-03	-7.013080e-01
4.807000e-05	-3.276907e-03	-4.074211e-01
4.808000e-05	-3.136194e-03	-1.748406e-01
4.809000e-05	5.450181e-03	1.097659e-01
4.810000e-05	4.723664e-03	4.245053e-01
4.811000e-05	-3.974766e-05	6.467131e-01
4.812000e-05	-9.431813e-04	9.019223e-01
4.813000e-05	3.783110e-04	1.254582e+00
4.814000e-05	1.401840e-03	1.481945e+00
4.815000e-05	2.047525e-03	1.843583e+00
4.816000e-05	1.520844e-02	2.033583e+00
4.817000e-05	5.238045e-02	2.277266e+00
4.818000e-05	5.319097e-02	2.607262e+00
4.819000e-05	-6.707968e-02	2.963449e+00
4.820000e-05	-3.974264e-02	3.234059e+00
4.821000e-05	-2.470988e-02	3.509842e+00
4.822000e-05	5.383193e-03	3.741450e+00
4.823000e-05	-5.494016e-02	3.940449e+00
4.824000e-05	1.820100e-03	4.143024e+00
4.825000e-05	8.969470e-02	4.489845e+00
4.826000e-05	-4.833743e-02	4.738422e+00
4.827000e-05	1.071218e-01	4.988256e+00
4.828000e-05	-6.248924e-02	5.351502e+00
4.829000e-05	-2.999704e-02	5.616157e+00
4.830000e-05	5.108934e-02	5.899417e+00
4.831000e-05	-3.263230e-02	6.150996e+00
4.832000e-05	3.660895e-02	6.375056e+00
4.833000e-05	-4.739777e-02	6.709896e+00
4.834000e-05	5.239322e-02	6.931473e+00
4.835000e-05	2.456161e-02	7.184809e+00
4.836000e-05	-3.240960e-02	7.459887e+00
4.837000e-05	-1.405539e-02	7.743622e+00
4.838000e-05	-7.675338e-04	8.025761e+00
4.839000e-05	6.210333e-02	8.309289e+00
4.840000e-05	-2.673825e-02	8.498840e+00
4.841000e-05	-1.144284e-02	8.730421e+00
4.842000e-05	2.578518e-02	8.963546e+00
4.843000e-05	1.810140e-03	9.224109e+00
4.844000e-05	1.650741e-02	9.415160e+00
4.845000e-05	-2.986729e-02	9.656856e+00
4.846000e-05	2.731405e-02	9.838386e+00
4.847000e-05	1.621078e-02	1.009994e+01
4.848000e-05	1.833687e-02	1.031095e+01
4.849000e-05	-1.634955e-02	1.053204e+01
4.850000e-05	-5.192461e-03	1.075317e+01
4.851000e-05	3.026758e-02	1.094312e+01
4.852000e-05	8.648464e-04	1.110240e+01
4.853000e-05	5.187875e-03	1.135262e+01
4.854000e-05	-6.031749e-03	1.155505e+01
4.855000e-05	3.190293e-02	1.180205e+01
4.856000e-05	8.040942e-03	1.193957e+01
4.857000e-05	1.454443e-03	1.213059e+01
4.858000e-05	-5.117957e-03	1.230049e+01
4.859000e-05	1.785286e-02	1.253839e+01
4.860000e-05	2.008702e-02	1.261523e+01
4.861000e-05	1.329845e-04	1.279437e+01
4.862000e-05	6.101198e-03	1.296257e+01
4.863000e-05	1.501159e-02	1.311152e+01
4.864000e-05	2.310923e-02	1.327881e+01
4.865000e-05	1.204727e-03	1.338363e+01
4.866000e-05	2.875499e-03	1.358115e+01
4.867000e-05	1.247611e-02	1.367989e+01
4.868000e-05	2.081345e-02	1.382527e+01
4.869000e-05	1.033125e-02	1.393207e+01
4.870000e-05	4.882712e-03	1.406854e+01
4.871000e-05	1.803090e-02	1.419431e+01
4.872000e-05	1.988985e-02	1.431101e+01
4.873000e-05	1.295814e-02	1.442423e+01
4.874000e-05	5.233102e-03	1.452157e+01
4.875000e-05	1.639746e-02	1.464578e+01
4.876000e-05	2.245410e-02	1.469891e+01
4.877000e-05	1.600177e-02	1.478217e+01
4.878000e-05	1.006534e-02	1.488581e+01
4.879000e-05	1.432266e-02	1.493901e+01
4.880000e-05	2.547761e-02	1.498564e+01
4.881000e-05	1.811856e-02	1.504530e+01
4.882000e-05	1.559571e-02	1.508741e+01
4.883000e-05	1.727735e-02	1.513862e+01
4.884000e-05	2.637663e-02	1.521274e+01
4.885000e-05	2.297403e-02	1.524235e+01
4.886000e-05	1.531522e-02	1.523440e+01
4.887000e-05	2.020622e-02	1.529738e+01
4.888000e-05	2.622324e-02	1.529801e+01
4.889000e-05	2.901940e-02	1.532948e+01
4.890000e-05	2.304784e-02	1.530898e+01
4.891000e-05	2.539815e-02	1.533904e+01
4.892000e-05	3.019949e-02	1.529108e+01
4.893000e-05	3.320527e-02	1.533951e+01
4.894000e-05	2.892872e-02	1.532951e+01
4.895000e-05	3.122464e-02	1.527801e+01
4.896000e-05	3.999570e-02	1.523643e+01
4.897000e-05	4.369197e-02	1.527627e+01
4.898000e-05	4.243828e-02	1.519332e+01
4.899000e-05	4.365918e-02	1.516964e+01
4.900000e-05	5.349118e-02	1.513751e+01
4.901000e-05	6.018087e-02	1.508540e+01
4.902000e-05	6.394062e-02	1.499272e+01
4.903000e-05	7.119160e-02	1.493904e+01
4.904000e-05	8.786702e-02	1.490596e+01
4.905000e-05	1.090149e-01	1.481270e+01
4.906000e-05	1.316618e-01	1.477909e+01
4.907000e-05	1.601309e-01	1.462431e+01
4.908000e-05	1.998689e-01	1.456112e+01
4.909000e-05	2.395071e-01	1.445338e+01
4.910000e-05	2.499960e-01	1.438059e+01
4.911000e-05	2.500000e-01	1.427491e+01
4.912000e-05	2.500000e-01	1.417857e+01
4.913000e-05	2.500000e-01	1.399225e+01
4.914000e-05	2.500000e-01	1.389541e+01
4.915000e-05	2.500000e-01	1.376867e+01
4.916000e-05	2.446561e-01	1.365225e+01
4.917000e-05	2.188676e-01	1.348638e+01
4.918000e-05	1.763781e-01	1.336764e+01
4.919000e-05	1.409053e-01	1.323974e+01
4.920000e-05	1.133706e-01	1.303280e+01
4.921000e-05	9.471218e-02	1.291496e+01
4.922000e-05	7.666311e-02	1.276909e+01
4.923000e-05	6.116825e-02	1.261275e+01
4.924000e-05	4.812057e-02	1.245228e+01
4.925000e-05	4.020750e-02	1.225278e+01
4.926000e-05	3.164102e-02	1.211643e+01
4.927000e-05	2.416598e-02	1.193501e+01
4.928000e-05	1.836926e-02	1.174501e+01
4.929000e-05	1.598144e-02	1.152596e+01
4.930000e-05	1.436763e-02	1.132636e+01
4.931000e-05	1.016199e-02	1.110446e+01
4.932000e-05	8.744699e-03	1.093596e+01
4.933000e-05	7.655133e-03	1.076436e+01
4.934000e-05	7.464830e-03	1.047388e+01
4.935000e-05	4.968012e-03	1.028285e+01
4.936000e-05	4.150026e-03	1.005223e+01
4.937000e-05	3.387174e-03	9.840295e+00
4.938000e-05	4.035971e-03	9.629220e+00
4.939000e-05	2.947588e-03	9.369618e+00
4.940000e-05	1.765737e-03	9.186569e+00
4.941000e-05	1.735868e-03	8.984959e+00
4.942000e-05	2.419553e-03	8.694407e+00
4.943000e-05	1.582880e-03	8.512809e+00
4.944000e-05	1.032665e-03	8.252153e+00
4.945000e-05	1.208949e-03	8.039115e+00
4.946000e-05	2.469320e-04	7.766490e+00
4.947000e-05	1.306811e-03	7.512404e+00
4.948000e-05	-1.016451e-03	7.209196e+00
4.949000e-05	-1.165458e-03	7.017490e+00
4.950000e-05	-5.413597e-04	6.704408e+00
4.951000e-05	-8.031751e-04	6.438675e+00
4.952000e-05	-1.332800e-03	6.206594e+00
4.953000e-05	-3.786492e-05	5.986494e+00
4.954000e-05	-1.472352e-03	5.660757e+00
4.955000e-05	-2.173941e-03	5.439094e+00
4.956000e-05	-2.592455e-03	5.142302e+00
4.957000e-05	-2.584714e-03	4.767944e+00
4.958000e-05	-1.883389e-03	4.512359e+00
4.959000e-05	-2.541735e-03	4.237624e+00
4.960000e-05	-2.391724e-03	3.954888e+00
4.961000e-05	-2.408253e-03	3.712304e+00
4.962000e-05	-2.532342e-03	3.396621e+00
4.963000e-05	-3.267949e-03	3.141838e+00
4.964000e-05	-4.530349e-03	2.851679e+00
4.965000e-05	-3.865602e-03	2.574467e+00
4.966000e-05	-4.164113e-03	2.280754e+00
4.967000e-05	-4.417802e-03	2.010595e+00
4.968000e-05	-4.511300e-03	1.782909e+00
4.969000e-05	-3.443833e-03	1.448102e+00
4.970000e-05	-4.391996e-03	1.132907e+00
4.971000e-05	-4.972067e-03	8.070224e-01
4.972000e-05	-5.421846e-03	5.233870e-01
4.973000e-05	-3.910313e-03	2.787064e-01
4.974000e-05	-2.434067e-03	-3.556151e-02
4.975000e-05	3.844941e-03	-2.872434e-01
4.976000e-05	-6.172247e-04	-5.113738e-01
4.977000e-05	-2.553845e-03	-8.434842e-01
4.978000e-05	-3.955442e-03	-1.087190e+00
4.979000e-05	-2.434060e-03	-1.384930e+00
4.980000e-05	-4.363361e-03	-1.637111e+00
4.981000e-05	5.627552e-03	-1.887263e+00
4.982000e-05	4.436793e-02	-2.068291e+00
4.983000e-05	8.107672e-02	-2.436533e+00
4.984000e-05	-7.865188e-02	-2.783529e+00
4.985000e-05	-3.351738e-02	-3.192975e+00
4.986000e-05	-4.493661e-02	-3.435605e+00
4.987000e-05	-1.167825e-02	-3.657191e+00
4.988000e-05	-7.066461e-02	-3.900348e+00
4.989000e-05	1.024433e-01	-4.097836e+00
4.990000e-05	-2.113610e-02	-4.311371e+00
4.991000e-05	-3.390074e-02	-4.647316e+00
4.992000e-05	1.466869e-01	-4.848766e+00
4.993000e-05	-1.732008e-01	-5.207059e+00
4.994000e-05	8.836124e-02	-5.531766e+00
4.995000e-05	-8.660938e-02	-5.753448e+00
4.996000e-05	6.332770e-03	-6.026659e+00
4.997000e-05	6.372393e-02	-6.269284e+00
4.998000e-05	-9.890797e-02	-6.562950e+00
4.999000e-05	1.147068e-01	-6.835781e+00
