# 261001_13:42:28.400890
t	CH1	CH2
0.000000e+00	-3.087805e-03	-4.833134e-01
1.000000e-08	-2.697003e-03	-7.168661e-01
2.000000e-08	-3.153452e-03	-8.833135e-01
3.000000e-08	-2.144633e-03	-1.031636e+00
4.000000e-08	-2.982846e-03	-1.210531e+00
5.000000e-08	1.885661e-02	-1.432611e+00
6.000000e-08	6.864574e-02	-1.651534e+00
7.000000e-08	-1.485621e-02	-1.822237e+00
8.000000e-08	-5.152062e-02	-2.096525e+00
9.000000e-08	-7.000764e-02	-2.368950e+00
1.000000e-07	-6.151389e-02	-2.484842e+00
1.100000e-07	1.219727e-01	-2.538994e+00
1.200000e-07	-1.527505e-02	-2.685871e+00
1.300000e-07	-1.086752e-01	-2.977555e+00
1.400000e-07	1.561106e-01	-3.075819e+00
1.500000e-07	-2.405200e-02	-3.275266e+00
1.600000e-07	-4.515088e-02	-3.516374e+00
1.700000e-07	4.387877e-02	-3.620003e+00
1.800000e-07	-1.321638e-01	-3.822191e+00
1.900000e-07	3.715041e-02	-4.003554e+00
2.000000e-07	9.264156e-02	-4.190504e+00
2.100000e-07	-8.373489e-02	-4.399501e+00
2.200000e-07	3.821741e-02	-4.526264e+00
2.300000e-07	-4.627909e-02	-4.724797e+00
2.400000e-07	9.356312e-03	-4.926846e+00
2.500000e-07	3.627037e-02	-5.032661e+00
2.600000e-07	-1.237574e-01	-5.243717e+00
2.700000e-07	7.382397e-02	-5.451690e+00
2.800000e-07	2.210697e-02	-5.623164e+00
2.900000e-07	-1.960654e-02	-5.810980e+00
3.000000e-07	-2.224329e-02	-5.937375e+00
3.100000e-07	-6.283210e-02	-6.085142e+00
3.200000e-07	8.319180e-02	-6.272718e+00
3.300000e-07	-4.683587e-02	-6.422160e+00
3.400000e-07	-2.268772e-02	-6.600076e+00
3.500000e-07	2.262901e-02	-6.704745e+00
3.600000e-07	-1.955813e-02	-6.855265e+00
3.700000e-07	3.554616e-02	-7.012533e+00
3.800000e-07	-7.898117e-02	-7.200004e+00
3.900000e-07	9.728478e-03	-7.355795e+00
4.000000e-07	1.140899e-02	-7.472639e+00
4.100000e-07	-1.629934e-02	-7.642510e+00
4.200000e-07	-2.183805e-03	-7.787852e+00
4.300000e-07	-3.995230e-02	-7.927323e+00
4.400000e-07	3.889467e-02	-8.042559e+00
4.500000e-07	-2.683929e-02	-8.158451e+00
4.600000e-07	-2.007383e-02	-8.264636e+00
4.700000e-07	-1.825780e-02	-8.358025e+00
4.800000e-07	-2.448953e-03	-8.465167e+00
4.900000e-07	1.159434e-02	-8.551434e+00
5.000000e-07	-3.984423e-02	-8.666378e+00
5.100000e-07	-4.033065e-03	-8.832080e+00
5.200000e-07	-7.355190e-03	-8.935878e+00
5.300000e-07	1.571736e-03	-9.032030e+00
5.400000e-07	-2.745346e-02	-9.074293e+00
5.500000e-07	-2.399790e-02	-9.218429e+00
5.600000e-07	4.880981e-03	-9.284716e+00
5.700000e-07	-1.000485e-02	-9.346903e+00
5.800000e-07	-1.808082e-02	-9.473063e+00
5.900000e-07	-2.681797e-02	-9.538853e+00
6.000000e-07	-1.748069e-03	-9.632086e+00
6.100000e-07	-6.823718e-03	-9.665240e+00
6.200000e-07	-2.311247e-02	-9.747846e+00
6.300000e-07	-2.206017e-02	-9.821585e+00
6.400000e-07	-7.367582e-03	-9.873117e+00
6.500000e-07	-5.213037e-03	-9.926818e+00
6.600000e-07	-2.457024e-02	-9.986976e+00
6.700000e-07	-2.287177e-02	-1.000253e+01
6.800000e-07	-1.344045e-02	-1.006411e+01
6.900000e-07	-8.836180e-03	-1.010626e+01
7.000000e-07	-2.323460e-02	-1.011725e+01
7.100000e-07	-2.324174e-02	-1.014088e+01
7.200000e-07	-1.341292e-02	-1.025156e+01
7.300000e-07	-1.109905e-02	-1.027362e+01
7.400000e-07	-2.394585e-02	-1.027585e+01
7.500000e-07	-2.696731e-02	-1.034527e+01
7.600000e-07	-1.665304e-02	-1.035687e+01
7.700000e-07	-1.390378e-02	-1.037893e+01
7.800000e-07	-2.297718e-02	-1.034851e+01
7.900000e-07	-2.868894e-02	-1.039888e+01
8.000000e-07	-2.099766e-02	-1.038841e+01
8.100000e-07	-1.848817e-02	-1.040048e+01
8.200000e-07	-2.558266e-02	-1.040845e+01
8.300000e-07	-2.968114e-02	-1.036740e+01
8.400000e-07	-2.491654e-02	-1.036835e+01
8.500000e-07	-2.089526e-02	-1.031587e+01
8.600000e-07	-2.949857e-02	-1.034477e+01
8.700000e-07	-3.600478e-02	-1.028367e+01
8.800000e-07	-3.342993e-02	-1.027091e+01
8.900000e-07	-2.810913e-02	-1.021845e+01
9.000000e-07	-3.164540e-02	-1.016045e+01
9.100000e-07	-3.870479e-02	-1.016782e+01
9.200000e-07	-3.551929e-02	-1.008521e+01
9.300000e-07	-3.328945e-02	-1.005303e+01
9.400000e-07	-3.862666e-02	-1.001790e+01
9.500000e-07	-4.588883e-02	-9.926321e+00
9.600000e-07	-4.617837e-02	-9.914616e+00
9.700000e-07	-4.424990e-02	-9.823037e+00
9.800000e-07	-4.759930e-02	-9.798896e+00
9.900000e-07	-5.620754e-02	-9.727266e+00
1.000000e-06	-5.900484e-02	-9.663636e+00
1.010000e-06	-6.249395e-02	-9.630533e+00
1.020000e-06	-6.884617e-02	-9.528270e+00
1.030000e-06	-7.992890e-02	-9.490582e+00
1.040000e-06	-8.599098e-02	-9.357272e+00
1.050000e-06	-9.075374e-02	-9.263584e+00
1.060000e-06	-9.920229e-02	-9.189847e+00
1.070000e-06	-1.127470e-01	-9.093038e+00
1.080000e-06	-1.240406e-01	-8.957948e+00
1.090000e-06	-1.334666e-01	-8.905212e+00
1.100000e-06	-1.445351e-01	-8.850053e+00
1.110000e-06	-1.578519e-01	-8.693112e+00
1.120000e-06	-1.646347e-01	-8.588828e+00
1.130000e-06	-1.694496e-01	-8.483085e+00
1.140000e-06	-1.716466e-01	-8.367841e+00
1.150000e-06	-1.729465e-01	-8.242505e+00
1.160000e-06	-1.716658e-01	-8.145818e+00
1.170000e-06	-1.641006e-01	-8.041480e+00
1.180000e-06	-1.570455e-01	-7.924634e+00
1.190000e-06	-1.482146e-01	-7.716817e+00
1.200000e-06	-1.377381e-01	-7.558322e+00
1.210000e-06	-1.248828e-01	-7.492579e+00
1.220000e-06	-1.139573e-01	-7.315210e+00
1.230000e-06	-1.037539e-01	-7.179423e+00
1.240000e-06	-9.400167e-02	-7.030428e+00
1.250000e-06	-8.426506e-02	-6.853156e+00
1.260000e-06	-7.730392e-02	-6.703288e+00
1.270000e-06	-7.016119e-02	-6.590371e+00
1.280000e-06	-6.304735e-02	-6.463555e+00
1.290000e-06	-5.612127e-02	-6.315764e+00
1.300000e-06	-4.922633e-02	-6.084710e+00
1.310000e-06	-4.505279e-02	-5.987341e+00
1.320000e-06	-3.937740e-02	-5.820949e+00
1.330000e-06	-3.468033e-02	-5.664131e+00
1.340000e-06	-3.229362e-02	-5.524631e+00
1.350000e-06	-2.972316e-02	-5.294609e+00
1.360000e-06	-2.721333e-02	-5.093686e+00
1.370000e-06	-2.365558e-02	-4.927387e+00
1.380000e-06	-2.272552e-02	-4.732655e+00
1.390000e-06	-2.024809e-02	-4.588415e+00
1.400000e-06	-1.801257e-02	-4.410471e+00
1.410000e-06	-1.521408e-02	-4.232029e+00
1.420000e-06	-1.505921e-02	-4.104607e+00
1.430000e-06	-1.418112e-02	-3.933814e+00
1.440000e-06	-1.384237e-02	-3.744187e+00
1.450000e-06	-1.093244e-02	-3.505791e+00
1.460000e-06	-1.113779e-02	-3.408341e+00
1.470000e-06	-1.087178e-02	-3.219440e+00
1.480000e-06	-1.115867e-02	-3.000368e+00
1.490000e-06	-9.480701e-03	-2.820525e+00
1.500000e-06	-7.903302e-03	-2.632500e+00
1.510000e-06	-8.574242e-03	-2.441079e+00
1.520000e-06	-7.731219e-03	-2.272581e+00
1.530000e-06	-5.303587e-03	-2.022079e+00
1.540000e-06	-5.761119e-03	-1.903606e+00
1.550000e-06	-6.540225e-03	-1.705236e+00
1.560000e-06	-8.129469e-03	-1.494580e+00
1.570000e-06	-6.245993e-03	-1.242151e+00
1.580000e-06	-5.449464e-03	-1.072128e+00
1.590000e-06	-5.205928e-03	-8.631315e-01
1.600000e-06	-5.383913e-03	-6.752867e-01
1.610000e-06	-3.373210e-03	-4.826279e-01
1.620000e-06	-2.485232e-03	-2.872141e-01
1.630000e-06	-2.359593e-03	-1.156843e-01
1.640000e-06	3.990227e-04	6.460659e-02
1.650000e-06	1.770728e-03	2.532882e-01
1.660000e-06	-1.428207e-03	4.327353e-01
1.670000e-06	4.494995e-04	6.509800e-01
1.680000e-06	-3.011093e-03	7.474999e-01
1.690000e-06	2.136995e-04	9.683709e-01
1.700000e-06	-1.029491e-04	1.198951e+00
1.710000e-06	8.699942e-03	1.316925e+00
1.720000e-06	4.430406e-02	1.560003e+00
1.730000e-06	4.726385e-02	1.850636e+00
1.740000e-06	-3.427388e-02	2.040632e+00
1.750000e-06	-4.793929e-02	2.239076e+00
1.760000e-06	-5.263010e-02	2.367000e+00
1.770000e-06	-4.364525e-02	2.454160e+00
1.780000e-06	9.099586e-02	2.643238e+00
1.790000e-06	-2.575216e-03	2.883113e+00
1.800000e-06	-7.725862e-02	2.981578e+00
1.810000e-06	1.193590e-01	3.150473e+00
1.820000e-06	-1.025010e-03	3.401930e+00
1.830000e-06	-2.415045e-02	3.548496e+00
1.840000e-06	1.234152e-02	3.704271e+00
1.850000e-06	-7.549061e-02	3.884348e+00
1.860000e-06	4.047469e-02	4.083207e+00
1.870000e-06	5.709544e-02	4.246818e+00
1.880000e-06	-4.048060e-02	4.462762e+00
1.890000e-06	4.823729e-03	4.611105e+00
1.900000e-06	-9.594997e-03	4.771084e+00
1.910000e-06	2.000645e-02	4.979607e+00
1.920000e-06	7.281129e-03	5.190657e+00
1.930000e-06	-4.070424e-02	5.411633e+00
1.940000e-06	2.298480e-02	5.548999e+00
1.950000e-06	3.304006e-02	5.734293e+00
1.960000e-06	9.370227e-03	5.916297e+00
1.970000e-06	-3.783155e-02	6.042687e+00
1.980000e-06	-6.370469e-03	6.189479e+00
1.990000e-06	4.159711e-02	6.336898e+00
2.000000e-06	-1.020541e-02	6.466270e+00
2.010000e-06	-2.040998e-04	6.713770e+00
2.020000e-06	3.856328e-03	6.852632e+00
2.030000e-06	1.513264e-02	6.958977e+00
2.040000e-06	1.165238e-02	7.104765e+00
2.050000e-06	-2.148559e-02	7.232559e+00
2.060000e-06	1.979270e-03	7.359456e+00
2.070000e-06	1.316897e-02	7.547955e+00
2.080000e-06	1.716938e-02	7.705717e+00
2.090000e-06	-5.701790e-03	7.800010e+00
2.100000e-06	-2.062529e-03	7.997457e+00
2.110000e-06	1.866288e-02	8.124843e+00
2.120000e-06	5.699751e-03	8.212085e+00
2.130000e-06	-1.308128e-03	8.336298e+00
2.140000e-06	-1.766628e-03	8.462108e+00
2.150000e-06	1.357238e-02	8.515321e+00
2.160000e-06	1.273725e-02	8.610086e+00
2.170000e-06	5.749318e-04	8.713970e+00
2.180000e-06	2.011607e-03	8.809604e+00
2.190000e-06	1.175602e-02	8.865697e+00
2.200000e-06	1.262192e-02	9.028586e+00
2.210000e-06	7.091988e-04	9.157951e+00
2.220000e-06	1.521676e-03	9.221553e+00
2.230000e-06	1.369345e-02	9.303718e+00
2.240000e-06	1.235882e-02	9.349373e+00
2.250000e-06	4.398474e-03	9.450109e+00
2.260000e-06	2.739863e-03	9.504294e+00
2.270000e-06	1.267317e-02	9.588980e+00
2.280000e-06	1.395843e-02	9.663032e+00
2.290000e-06	4.289528e-03	9.693245e+00
2.300000e-06	5.633220e-03	9.759009e+00
2.310000e-06	1.343580e-02	9.872643e+00
2.320000e-06	1.573785e-02	9.955850e+00
2.330000e-06	6.499651e-03	1.001748e+01
2.340000e-06	6.562284e-03	1.002103e+01
2.350000e-06	1.352191e-02	1.004366e+01
2.360000e-06	1.496471e-02	1.009514e+01
2.370000e-06	9.391669e-03	1.013477e+01
2.380000e-06	8.262717e-03	1.017884e+01
2.390000e-06	1.431065e-02	1.019843e+01
2.400000e-06	1.742058e-02	1.022001e+01
2.410000e-06	1.186419e-02	1.023006e+01
2.420000e-06	1.093343e-02	1.027211e+01
2.430000e-06	1.641732e-02	1.025164e+01
2.440000e-06	1.936874e-02	1.029366e+01
2.450000e-06	1.377775e-02	1.026367e+01
2.460000e-06	1.253251e-02	1.033519e+01
2.470000e-06	1.711854e-02	1.029312e+01
2.480000e-06	2.046684e-02	1.029561e+01
2.490000e-06	1.784792e-02	1.025209e+01
2.500000e-06	1.767876e-02	1.026108e+01
2.510000e-06	2.123438e-02	1.025214e+01
2.520000e-06	2.635402e-02	1.022911e+01
2.530000e-06	2.456996e-02	1.021938e+01
2.540000e-06	2.202396e-02	1.016843e+01
2.550000e-06	2.539078e-02	1.015635e+01
2.560000e-06	2.894277e-02	1.010567e+01
2.570000e-06	2.876057e-02	1.011369e+01
2.580000e-06	2.678436e-02	1.006266e+01
2.590000e-06	3.067851e-02	1.003998e+01
2.600000e-06	3.524793e-02	9.977349e+00
2.610000e-06	3.540103e-02	9.944321e+00
2.620000e-06	3.619407e-02	9.881011e+00
2.630000e-06	3.954772e-02	9.729375e+00
2.640000e-06	4.625931e-02	9.714791e+00
2.650000e-06	4.919517e-02	9.620004e+00
2.660000e-06	5.095360e-02	9.565820e+00
2.670000e-06	5.708105e-02	9.504563e+00
2.680000e-06	6.593662e-02	9.430031e+00
2.690000e-06	7.122955e-02	9.366316e+00
2.700000e-06	7.730256e-02	9.263109e+00
2.710000e-06	8.545448e-02	9.239479e+00
2.720000e-06	9.882646e-02	9.147115e+00
2.730000e-06	1.084915e-01	9.050481e+00
2.740000e-06	1.174678e-01	8.903167e+00
2.750000e-06	1.277382e-01	8.798881e+00
2.760000e-06	1.411722e-01	8.674165e+00
2.770000e-06	1.505485e-01	8.629975e+00
2.780000e-06	1.576266e-01	8.484714e+00
2.790000e-06	1.638847e-01	8.422528e+00
2.800000e-06	1.686167e-01	8.385164e+00
2.810000e-06	1.679440e-01	8.217251e+00
2.820000e-06	1.636215e-01	8.071509e+00
2.830000e-06	1.565214e-01	7.946216e+00
2.840000e-06	1.505276e-01	7.838921e+00
2.850000e-06	1.402747e-01	7.674160e+00
2.860000e-06	1.282376e-01	7.585843e+00
2.870000e-06	1.170273e-01	7.387743e+00
2.880000e-06	1.059295e-01	7.230503e+00
2.890000e-06	9.642459e-02	7.113612e+00
2.900000e-06	8.505400e-02	7.007270e+00
2.910000e-06	7.600925e-02	6.810579e+00
2.920000e-06	6.793622e-02	6.704191e+00
2.930000e-06	6.173386e-02	6.533635e+00
2.940000e-06	5.413414e-02	6.348842e+00
2.950000e-06	4.759949e-02	6.219930e+00
2.960000e-06	4.139164e-02	6.083658e+00
2.970000e-06	3.691534e-02	6.008295e+00
2.980000e-06	3.139604e-02	5.777695e+00
2.990000e-06	2.658058e-02	5.608893e+00
3.000000e-06	2.370008e-02	5.451506e+00
3.010000e-06	2.129860e-02	5.300532e+00
3.020000e-06	1.833335e-02	5.104004e+00
3.030000e-06	1.762593e-02	4.841978e+00
3.040000e-06	1.316189e-02	4.673583e+00
3.050000e-06	1.294725e-02	4.515209e+00
3.060000e-06	9.709895e-03	4.389297e+00
3.070000e-06	7.986754e-03	4.187273e+00
3.080000e-06	5.841865e-03	3.988840e+00
3.090000e-06	5.840659e-03	3.839999e+00
3.100000e-06	3.716547e-03	3.642579e+00
3.110000e-06	3.110649e-03	3.463630e+00
3.120000e-06	3.324158e-03	3.273080e+00
3.130000e-06	3.181878e-03	3.114134e+00
3.140000e-06	2.299580e-03	2.895262e+00
3.150000e-06	3.328166e-04	2.797341e+00
3.160000e-06	9.054973e-05	2.527162e+00
3.170000e-06	-4.608627e-05	2.404788e+00
3.180000e-06	-1.658093e-03	2.167367e+00
3.190000e-06	-1.858261e-03	2.018942e+00
3.200000e-06	-2.572299e-03	1.821867e+00
3.210000e-06	-1.882876e-03	1.590892e+00
3.220000e-06	-2.344603e-03	1.441422e+00
3.230000e-06	-2.721572e-03	1.231371e+00
3.240000e-06	-3.076526e-03	1.038314e+00
3.250000e-06	-2.333546e-03	7.798645e-01
3.260000e-06	-2.958071e-03	6.198947e-01
3.270000e-06	-4.274930e-03	4.415261e-01
3.280000e-06	-4.107779e-03	2.410298e-01
3.290000e-06	-3.251329e-03	1.473615e-03
3.300000e-06	8.289175e-04	-1.204474e-01
3.310000e-06	7.743902e-04	-3.259184e-01
3.320000e-06	-2.443170e-03	-4.662382e-01
3.330000e-06	-7.298427e-04	-7.159185e-01
3.340000e-06	-3.827091e-03	-8.731871e-01
3.350000e-06	-3.395206e-03	-1.001157e+00
3.360000e-06	-4.228119e-03	-1.179082e+00
3.370000e-06	1.666284e-02	-1.392702e+00
3.380000e-06	6.849902e-02	-1.571080e+00
3.390000e-06	-7.997152e-03	-1.802261e+00
3.400000e-06	-5.235666e-02	-2.096396e+00
3.410000e-06	-6.424932e-02	-2.379974e+00
3.420000e-06	-7.096739e-02	-2.494795e+00
3.430000e-06	1.127507e-01	-2.536948e+00
3.440000e-06	2.514224e-03	-2.685794e+00
3.450000e-06	-1.186423e-01	-2.938879e+00
3.460000e-06	1.510328e-01	-3.086368e+00
3.470000e-06	-9.955324e-03	-3.283241e+00
3.480000e-06	-5.554761e-02	-3.506771e+00
3.490000e-06	5.163457e-02	-3.641053e+00
3.500000e-06	-1.282567e-01	-3.802766e+00
3.510000e-06	1.819341e-02	-4.022607e+00
3.520000e-06	1.056618e-01	-4.167904e+00
3.530000e-06	-8.133922e-02	-4.380003e+00
3.540000e-06	3.459547e-02	-4.505185e+00
3.550000e-06	-4.009359e-02	-4.674895e+00
3.560000e-06	-1.536684e-03	-4.914825e+00
3.570000e-06	5.004381e-02	-5.051664e+00
3.580000e-06	-1.259275e-01	-5.204641e+00
3.590000e-06	6.178275e-02	-5.431656e+00
3.600000e-06	3.082519e-02	-5.623185e+00
3.610000e-06	-2.495171e-02	-5.800529e+00
3.620000e-06	-1.469615e-02	-5.916349e+00
3.630000e-06	-6.815183e-02	-6.115820e+00
3.640000e-06	8.300010e-02	-6.203214e+00
3.650000e-06	-3.550272e-02	-6.423658e+00
3.660000e-06	-3.222743e-02	-6.589456e+00
3.670000e-06	2.691418e-02	-6.696342e+00
3.680000e-06	-2.684655e-02	-6.874713e+00
3.690000e-06	3.781252e-02	-7.043612e+00
3.700000e-06	-7.575024e-02	-7.209479e+00
3.710000e-06	3.584360e-03	-7.326221e+00
3.720000e-06	1.718076e-02	-7.473639e+00
3.730000e-06	-1.829352e-02	-7.608632e+00
3.740000e-06	2.708631e-03	-7.747850e+00
3.750000e-06	-4.232873e-02	-7.923370e+00
3.760000e-06	3.525820e-02	-8.052055e+00
3.770000e-06	-2.458506e-02	-8.147929e+00
3.780000e-06	-2.361199e-02	-8.243688e+00
3.790000e-06	-1.529973e-02	-8.348378e+00
3.800000e-06	-6.680786e-03	-8.474666e+00
3.810000e-06	1.602484e-02	-8.600933e+00
3.820000e-06	-3.807187e-02	-8.706372e+00
3.830000e-06	-4.975885e-03	-8.841559e+00
3.840000e-06	-7.860581e-03	-8.895322e+00
3.850000e-06	5.555410e-04	-9.011586e+00
3.860000e-06	-2.499910e-02	-9.104342e+00
3.870000e-06	-2.678964e-02	-9.170428e+00
3.880000e-06	4.873595e-03	-9.282639e+00
3.890000e-06	-1.051293e-02	-9.398475e+00
3.900000e-06	-1.521785e-02	-9.461063e+00
3.910000e-06	-2.708838e-02	-9.525978e+00
3.920000e-06	-2.677360e-03	-9.582533e+00
3.930000e-06	-7.191566e-03	-9.704693e+00
3.940000e-06	-2.297588e-02	-9.727249e+00
3.950000e-06	-2.233255e-02	-9.809533e+00
3.960000e-06	-8.138569e-03	-9.914687e+00
3.970000e-06	-5.319608e-03	-9.926766e+00
3.980000e-06	-2.336674e-02	-9.997426e+00
3.990000e-06	-2.473093e-02	-1.002948e+01
4.000000e-06	-1.349957e-02	-1.005363e+01
4.010000e-06	-8.733266e-03	-1.013569e+01
4.020000e-06	-2.157952e-02	-1.016682e+01
4.030000e-06	-2.401750e-02	-1.018888e+01
4.040000e-06	-1.313850e-02	-1.021211e+01
4.050000e-06	-1.042087e-02	-1.026369e+01
4.060000e-06	-2.252591e-02	-1.030319e+01
4.070000e-06	-2.769200e-02	-1.032579e+01
4.080000e-06	-1.755461e-02	-1.036798e+01
4.090000e-06	-1.394710e-02	-1.039790e+01
4.100000e-06	-2.189899e-02	-1.036645e+01
4.110000e-06	-2.937296e-02	-1.040095e+01
4.120000e-06	-1.984048e-02	-1.043948e+01
4.130000e-06	-1.826763e-02	-1.037998e+01
4.140000e-06	-2.511556e-02	-1.039785e+01
4.150000e-06	-3.029444e-02	-1.040745e+01
4.160000e-06	-2.622790e-02	-1.038790e+01
4.170000e-06	-1.959947e-02	-1.036780e+01
4.180000e-06	-2.961451e-02	-1.034630e+01
4.190000e-06	-3.503921e-02	-1.029274e+01
4.200000e-06	-3.283621e-02	-1.026306e+01
4.210000e-06	-2.751215e-02	-1.019951e+01
4.220000e-06	-3.140014e-02	-1.015838e+01
4.230000e-06	-3.918222e-02	-1.015729e+01
4.240000e-06	-3.581146e-02	-1.011366e+01
4.250000e-06	-3.410208e-02	-1.005308e+01
4.260000e-06	-3.796864e-02	-1.002998e+01
4.270000e-06	-4.673105e-02	-9.947766e+00
4.280000e-06	-4.578941e-02	-9.915738e+00
4.290000e-06	-4.321372e-02	-9.853583e+00
4.300000e-06	-4.740067e-02	-9.809901e+00
4.310000e-06	-5.606575e-02	-9.736793e+00
4.320000e-06	-5.972005e-02	-9.673087e+00
4.330000e-06	-6.138110e-02	-9.620979e+00
4.340000e-06	-6.751995e-02	-9.577350e+00
4.350000e-06	-7.970128e-02	-9.451110e+00
4.360000e-06	-8.503412e-02	-9.356374e+00
4.370000e-06	-8.974338e-02	-9.293660e+00
4.380000e-06	-9.913389e-02	-9.189875e+00
4.390000e-06	-1.125268e-01	-9.095163e+00
4.400000e-06	-1.240306e-01	-9.000500e+00
4.410000e-06	-1.323273e-01	-8.916136e+00
4.420000e-06	-1.437315e-01	-8.841430e+00
4.430000e-06	-1.559468e-01	-8.734639e+00
4.440000e-06	-1.656938e-01	-8.628254e+00
4.450000e-06	-1.678698e-01	-8.492087e+00
4.460000e-06	-1.724027e-01	-8.368870e+00
4.470000e-06	-1.740909e-01	-8.273134e+00
4.480000e-06	-1.724344e-01	-8.165791e+00
4.490000e-06	-1.644903e-01	-8.051080e+00
4.500000e-06	-1.558624e-01	-7.892638e+00
4.510000e-06	-1.491515e-01	-7.748286e+00
4.520000e-06	-1.390144e-01	-7.609876e+00
4.530000e-06	-1.255108e-01	-7.463457e+00
4.540000e-06	-1.141665e-01	-7.354714e+00
4.550000e-06	-1.054711e-01	-7.178950e+00
4.560000e-06	-9.659573e-02	-7.051452e+00
4.570000e-06	-8.509814e-02	-6.874634e+00
4.580000e-06	-7.553861e-02	-6.725790e+00
4.590000e-06	-7.028741e-02	-6.620891e+00
4.600000e-06	-6.479348e-02	-6.452084e+00
4.610000e-06	-5.558032e-02	-6.356659e+00
4.620000e-06	-4.938199e-02	-6.116689e+00
4.630000e-06	-4.524674e-02	-5.958270e+00
4.640000e-06	-4.224238e-02	-5.849075e+00
4.650000e-06	-3.492385e-02	-5.684108e+00
4.660000e-06	-3.152499e-02	-5.515111e+00
4.670000e-06	-2.873438e-02	-5.314733e+00
4.680000e-06	-2.929120e-02	-5.116314e+00
4.690000e-06	-2.360428e-02	-4.959211e+00
4.700000e-06	-2.265130e-02	-4.687308e+00
4.710000e-06	-2.052637e-02	-4.566791e+00
4.720000e-06	-2.016964e-02	-4.420472e+00
4.730000e-06	-1.624382e-02	-4.273082e+00
4.740000e-06	-1.393099e-02	-4.114161e+00
4.750000e-06	-1.459685e-02	-3.947767e+00
4.760000e-06	-1.365442e-02	-3.705236e+00
4.770000e-06	-1.127602e-02	-3.576766e+00
4.780000e-06	-9.811312e-03	-3.378368e+00
4.790000e-06	-1.107910e-02	-3.181001e+00
4.800000e-06	-1.101538e-02	-3.010401e+00
4.810000e-06	-9.622513e-03	-2.811397e+00
4.820000e-06	-7.652648e-03	-2.661474e+00
4.830000e-06	-8.284453e-03	-2.482030e+00
4.840000e-06	-8.003134e-03	-2.253608e+00
4.850000e-06	-5.828161e-03	-2.071578e+00
4.860000e-06	-4.273049e-03	-1.904179e+00
4.870000e-06	-6.225611e-03	-1.684234e+00
4.880000e-06	-7.794119e-03	-1.526286e+00
4.890000e-06	-6.874648e-03	-1.320681e+00
4.900000e-06	-5.615414e-03	-1.104130e+00
4.910000e-06	-5.894165e-03	-8.947066e-01
4.920000e-06	-5.771332e-03	-7.367628e-01
4.930000e-06	-3.893654e-03	-4.841053e-01
4.940000e-06	-1.799548e-03	-3.147091e-01
4.950000e-06	-1.613391e-03	-1.467905e-01
4.960000e-06	1.041819e-03	3.068040e-02
4.970000e-06	1.779036e-03	2.322381e-01
4.980000e-06	-8.273794e-04	4.211318e-01
4.990000e-06	-5.390122e-04	6.080265e-01
5.000000e-06	-2.353999e-03	7.479473e-01
5.010000e-06	-6.605954e-04	9.564448e-01
5.020000e-06	1.153953e-03	1.167849e+00
5.030000e-06	8.338758e-03	1.316944e+00
5.040000e-06	3.900318e-02	1.545979e+00
5.050000e-06	5.066174e-02	1.810559e+00
5.060000e-06	-3.089403e-02	2.001128e+00
5.070000e-06	-4.751791e-02	2.160003e+00
5.080000e-06	-5.156885e-02	2.348374e+00
5.090000e-06	-4.791939e-02	2.441633e+00
5.100000e-06	8.703396e-02	2.629162e+00
5.110000e-06	1.226350e-02	2.842658e+00
5.120000e-06	-8.946257e-02	2.967976e+00
5.130000e-06	1.129744e-01	3.086877e+00
5.140000e-06	9.198911e-03	3.369054e+00
5.150000e-06	-2.839645e-02	3.557448e+00
5.160000e-06	1.636423e-02	3.674320e+00
5.170000e-06	-7.447579e-02	3.893297e+00
5.180000e-06	3.293857e-02	4.041660e+00
5.190000e-06	6.517962e-02	4.241318e+00
5.200000e-06	-3.869785e-02	4.462587e+00
5.210000e-06	-9.778843e-05	4.621633e+00
5.220000e-06	-7.081005e-03	4.829528e+00
5.230000e-06	1.600756e-02	5.021983e+00
5.240000e-06	1.346427e-02	5.222059e+00
5.250000e-06	-4.441925e-02	5.390008e+00
5.260000e-06	2.146395e-02	5.546853e+00
5.270000e-06	3.502282e-02	5.696345e+00
5.280000e-06	1.243312e-02	5.895371e+00
5.290000e-06	-3.785247e-02	6.053689e+00
5.300000e-06	-1.145634e-02	6.189503e+00
5.310000e-06	4.330503e-02	6.315324e+00
5.320000e-06	-6.794645e-03	6.473611e+00
5.330000e-06	-2.555552e-03	6.642638e+00
5.340000e-06	3.830497e-03	6.781106e+00
5.350000e-06	1.481490e-02	6.916878e+00
5.360000e-06	1.400495e-02	7.093165e+00
5.370000e-06	-2.010811e-02	7.239509e+00
5.380000e-06	3.009197e-04	7.357871e+00
5.390000e-06	1.402515e-02	7.536398e+00
5.400000e-06	1.715341e-02	7.671759e+00
5.410000e-06	-3.823383e-03	7.793032e+00
5.420000e-06	-4.278061e-03	7.946375e+00
5.430000e-06	1.855528e-02	8.124819e+00
5.440000e-06	6.579414e-03	8.229934e+00
5.450000e-06	-3.997392e-04	8.285373e+00
5.460000e-06	-1.057609e-03	8.422608e+00
5.470000e-06	1.253456e-02	8.506774e+00
5.480000e-06	1.476714e-02	8.599557e+00
5.490000e-06	1.188121e-03	8.755317e+00
5.500000e-06	1.118428e-03	8.789983e+00
5.510000e-06	9.648797e-03	8.883693e+00
5.520000e-06	1.290172e-02	9.009476e+00
5.530000e-06	2.050411e-03	9.095350e+00
5.540000e-06	7.391657e-04	9.240529e+00
5.550000e-06	1.362224e-02	9.282214e+00
5.560000e-06	1.376211e-02	9.355878e+00
5.570000e-06	5.410042e-03	9.442561e+00
5.580000e-06	2.532194e-03	9.524319e+00
5.590000e-06	1.118132e-02	9.578978e+00
5.600000e-06	1.451158e-02	9.642534e+00
5.610000e-06	4.870263e-03	9.713169e+00
5.620000e-06	4.938518e-03	9.799008e+00
5.630000e-06	1.328047e-02	9.872142e+00
5.640000e-06	1.660618e-02	9.933795e+00
5.650000e-06	7.281936e-03	9.978450e+00
5.660000e-06	5.117277e-03	1.002051e+01
5.670000e-06	1.298726e-02	1.004316e+01
5.680000e-06	1.591028e-02	1.005416e+01
5.690000e-06	1.123357e-02	1.013477e+01
5.700000e-06	8.046394e-03	1.017837e+01
5.710000e-06	1.395961e-02	1.022998e+01
5.720000e-06	1.680057e-02	1.024956e+01
5.730000e-06	1.248649e-02	1.028158e+01
5.740000e-06	9.269423e-03	1.025198e+01
5.750000e-06	1.518814e-02	1.028366e+01
5.760000e-06	1.973769e-02	1.028309e+01
5.770000e-06	1.578296e-02	1.029366e+01
5.780000e-06	1.308826e-02	1.032471e+01
5.790000e-06	1.580128e-02	1.029472e+01
5.800000e-06	2.031697e-02	1.027574e+01
5.810000e-06	1.867407e-02	1.030466e+01
5.820000e-06	1.620258e-02	1.025118e+01
5.830000e-06	2.039355e-02	1.026261e+01
5.840000e-06	2.612376e-02	1.025151e+01
5.850000e-06	2.506903e-02	1.023105e+01
5.860000e-06	2.235184e-02	1.019043e+01
5.870000e-06	2.493329e-02	1.013632e+01
5.880000e-06	2.896373e-02	1.012569e+01
5.890000e-06	2.999035e-02	1.007419e+01
5.900000e-06	2.637081e-02	1.007258e+01
5.910000e-06	2.910777e-02	1.004206e+01
5.920000e-06	3.321311e-02	1.000638e+01
5.930000e-06	3.640487e-02	9.883248e+00
5.940000e-06	3.504680e-02	9.881983e+00
5.950000e-06	3.882725e-02	9.766825e+00
5.960000e-06	4.559215e-02	9.714214e+00
5.970000e-06	4.975989e-02	9.640029e+00
5.980000e-06	5.164615e-02	9.607374e+00
5.990000e-06	5.577479e-02	9.514662e+00
6.000000e-06	6.408745e-02	9.439028e+00
6.010000e-06	7.154408e-02	9.355320e+00
6.020000e-06	7.707221e-02	9.313163e+00
6.030000e-06	8.477011e-02	9.230930e+00
6.040000e-06	9.618850e-02	9.166295e+00
6.050000e-06	1.076659e-01	9.070954e+00
6.060000e-06	1.175547e-01	8.875191e+00
6.070000e-06	1.264485e-01	8.807901e+00
6.080000e-06	1.407581e-01	8.706213e+00
6.090000e-06	1.519453e-01	8.598904e+00
6.100000e-06	1.588245e-01	8.515191e+00
6.110000e-06	1.619993e-01	8.420527e+00
6.120000e-06	1.665523e-01	8.316718e+00
6.130000e-06	1.688349e-01	8.240871e+00
6.140000e-06	1.640825e-01	8.054609e+00
6.150000e-06	1.569458e-01	7.926213e+00
6.160000e-06	1.500919e-01	7.839450e+00
6.170000e-06	1.420495e-01	7.695688e+00
6.180000e-06	1.295767e-01	7.537291e+00
6.190000e-06	1.162481e-01	7.438774e+00
6.200000e-06	1.060833e-01	7.289550e+00
6.210000e-06	9.729562e-02	7.145188e+00
6.220000e-06	8.622585e-02	6.997841e+00
6.230000e-06	7.626195e-02	6.841979e+00
6.240000e-06	6.809521e-02	6.724136e+00
6.250000e-06	6.258733e-02	6.515261e+00
6.260000e-06	5.442811e-02	6.377370e+00
6.270000e-06	4.641581e-02	6.219478e+00
6.280000e-06	4.058070e-02	6.074133e+00
6.290000e-06	3.722433e-02	5.967821e+00
6.300000e-06	3.128528e-02	5.767819e+00
6.310000e-06	2.715581e-02	5.639297e+00
6.320000e-06	2.421227e-02	5.450480e+00
6.330000e-06	2.135721e-02	5.273632e+00
6.340000e-06	1.832060e-02	5.104506e+00
6.350000e-06	1.433100e-02	4.881480e+00
6.360000e-06	1.325143e-02	4.694159e+00
6.370000e-06	1.205784e-02	4.513737e+00
6.380000e-06	1.218542e-02	4.399795e+00
6.390000e-06	7.599690e-03	4.175820e+00
6.400000e-06	6.315074e-03	4.008372e+00
6.410000e-06	4.286454e-03	3.809450e+00
6.420000e-06	4.978434e-03	3.653053e+00
6.430000e-06	3.005342e-03	3.503680e+00
6.440000e-06	2.504124e-03	3.291604e+00
6.450000e-06	2.555844e-03	3.104137e+00
6.460000e-06	1.685187e-03	2.945716e+00
6.470000e-06	3.248959e-04	2.758417e+00
6.480000e-06	4.094776e-04	2.546866e+00
6.490000e-06	-1.262851e-03	2.375789e+00
6.500000e-06	-2.214190e-04	2.167295e+00
6.510000e-06	-2.375917e-03	2.029478e+00
6.520000e-06	-1.804570e-03	1.789970e+00
6.530000e-06	-2.374358e-03	1.601924e+00
6.540000e-06	-2.278514e-03	1.380974e+00
6.550000e-06	-3.243982e-03	1.232527e+00
6.560000e-06	-2.450555e-03	1.016890e+00
6.570000e-06	-2.517008e-03	8.182934e-01
6.580000e-06	-3.272559e-03	6.098711e-01
6.590000e-06	-5.134986e-03	4.220249e-01
6.600000e-06	-3.097108e-03	2.409987e-01
6.610000e-06	-3.931652e-03	-2.513795e-05
6.620000e-06	5.657347e-04	-1.378474e-01
6.630000e-06	-1.739861e-04	-3.263421e-01
6.640000e-06	-1.831685e-03	-4.732369e-01
6.650000e-06	-2.400215e-03	-6.362382e-01
6.660000e-06	-4.397070e-03	-8.637630e-01
6.670000e-06	-3.431071e-03	-1.021579e+00
6.680000e-06	-3.347610e-03	-1.178954e+00
6.690000e-06	1.313700e-02	-1.379127e+00
6.700000e-06	6.843649e-02	-1.580604e+00
6.710000e-06	3.645292e-05	-1.802060e+00
6.720000e-06	-5.514970e-02	-2.076312e+00
6.730000e-06	-6.151984e-02	-2.377975e+00
6.740000e-06	-7.785511e-02	-2.473685e+00
6.750000e-06	1.038568e-01	-2.587947e+00
6.760000e-06	2.158484e-02	-2.654293e+00
6.770000e-06	-1.288058e-01	-2.938502e+00
6.780000e-06	1.426256e-01	-3.115743e+00
6.790000e-06	5.841010e-03	-3.254213e+00
6.800000e-06	-6.660385e-02	-3.475345e+00
6.810000e-06	5.424731e-02	-3.601005e+00
6.820000e-06	-1.201826e-01	-3.771739e+00
6.830000e-06	1.078906e-03	-3.990078e+00
6.840000e-06	1.165919e-01	-4.126923e+00
6.850000e-06	-7.913345e-02	-4.348499e+00
6.860000e-06	2.834786e-02	-4.484762e+00
6.870000e-06	-3.127672e-02	-4.655217e+00
6.880000e-06	-1.535153e-02	-4.884792e+00
6.890000e-06	6.100879e-02	-5.002634e+00
6.900000e-06	-1.257891e-01	-5.233286e+00
6.910000e-06	5.166004e-02	-5.403091e+00
6.920000e-06	4.141447e-02	-5.643183e+00
6.930000e-06	-2.776363e-02	-5.770430e+00
6.940000e-06	-8.810119e-03	-5.905820e+00
6.950000e-06	-7.403910e-02	-6.055298e+00
6.960000e-06	7.763713e-02	-6.263217e+00
6.970000e-06	-2.735344e-02	-6.400979e+00
6.980000e-06	-4.075881e-02	-6.548954e+00
6.990000e-06	3.186013e-02	-6.705245e+00
7.000000e-06	-2.804470e-02	-6.852588e+00
7.010000e-06	4.062138e-02	-7.029507e+00
7.020000e-06	-7.045449e-02	-7.178004e+00
7.030000e-06	-6.181188e-03	-7.326773e+00
7.040000e-06	2.203671e-02	-7.443108e+00
7.050000e-06	-2.436691e-02	-7.569954e+00
7.060000e-06	6.163369e-03	-7.727272e+00
7.070000e-06	-4.416273e-02	-7.895395e+00
7.080000e-06	3.331046e-02	-8.052082e+00
7.090000e-06	-1.976391e-02	-8.096851e+00
7.100000e-06	-2.506698e-02	-8.232212e+00
7.110000e-06	-1.167503e-02	-8.336875e+00
7.120000e-06	-1.053621e-02	-8.494165e+00
7.130000e-06	1.723320e-02	-8.559526e+00
7.140000e-06	-3.943311e-02	-8.724949e+00
7.150000e-06	-6.881262e-03	-8.821083e+00
7.160000e-06	-8.822947e-03	-8.905771e+00
7.170000e-06	-7.443626e-04	-9.052082e+00
7.180000e-06	-2.195503e-02	-9.074316e+00
7.190000e-06	-2.703196e-02	-9.179977e+00
7.200000e-06	5.445910e-03	-9.265058e+00
7.210000e-06	-1.009692e-02	-9.366851e+00
7.220000e-06	-1.534909e-02	-9.410613e+00
7.230000e-06	-2.666940e-02	-9.556928e+00
7.240000e-06	-4.895547e-03	-9.621638e+00
7.250000e-06	-6.710111e-03	-9.653716e+00
7.260000e-06	-2.203188e-02	-9.756345e+00
7.270000e-06	-2.137276e-02	-9.810507e+00
7.280000e-06	-9.137151e-03	-9.903663e+00
7.290000e-06	-5.160107e-03	-9.935821e+00
7.300000e-06	-2.320921e-02	-9.926427e+00
7.310000e-06	-2.353506e-02	-1.005946e+01
7.320000e-06	-1.396784e-02	-1.005409e+01
7.330000e-06	-9.422789e-03	-1.006621e+01
7.340000e-06	-2.197430e-02	-1.011775e+01
7.350000e-06	-2.395265e-02	-1.019843e+01
7.360000e-06	-1.264287e-02	-1.020258e+01
7.370000e-06	-1.192374e-02	-1.028314e+01
7.380000e-06	-2.271442e-02	-1.026375e+01
7.390000e-06	-2.733550e-02	-1.028774e+01
7.400000e-06	-1.642551e-02	-1.034790e+01
7.410000e-06	-1.481317e-02	-1.037997e+01
7.420000e-06	-2.197178e-02	-1.038895e+01
7.430000e-06	-2.844534e-02	-1.036955e+01
7.440000e-06	-2.067841e-02	-1.039895e+01
7.450000e-06	-1.919226e-02	-1.041045e+01
7.460000e-06	-2.513674e-02	-1.040143e+01
7.470000e-06	-2.951301e-02	-1.037898e+01
7.480000e-06	-2.443123e-02	-1.036938e+01
7.490000e-06	-2.139510e-02	-1.038827e+01
7.500000e-06	-2.892203e-02	-1.030532e+01
7.510000e-06	-3.491078e-02	-1.028372e+01
7.520000e-06	-3.207246e-02	-1.026114e+01
7.530000e-06	-2.877291e-02	-1.020146e+01
7.540000e-06	-3.291283e-02	-1.019832e+01
7.550000e-06	-3.865067e-02	-1.012682e+01
7.560000e-06	-3.504333e-02	-1.009616e+01
7.570000e-06	-3.277974e-02	-1.007313e+01
7.580000e-06	-3.976425e-02	-1.001858e+01
7.590000e-06	-4.482382e-02	-9.987347e+00
7.600000e-06	-4.493496e-02	-9.904217e+00
7.610000e-06	-4.190998e-02	-9.873208e+00
7.620000e-06	-4.924067e-02	-9.800421e+00
7.630000e-06	-5.610414e-02	-9.695716e+00
7.640000e-06	-5.987229e-02	-9.685161e+00
7.650000e-06	-6.040511e-02	-9.640560e+00
7.660000e-06	-6.926116e-02	-9.576899e+00
7.670000e-06	-7.738649e-02	-9.471506e+00
7.680000e-06	-8.437027e-02	-9.349350e+00
7.690000e-06	-8.814628e-02	-9.285187e+00
7.700000e-06	-1.001914e-01	-9.208846e+00
7.710000e-06	-1.124928e-01	-9.104135e+00
7.720000e-06	-1.238066e-01	-9.020501e+00
7.730000e-06	-1.307513e-01	-8.894688e+00
7.740000e-06	-1.430518e-01	-8.820531e+00
7.750000e-06	-1.558185e-01	-8.704645e+00
7.760000e-06	-1.639398e-01	-8.599999e+00
7.770000e-06	-1.667910e-01	-8.465686e+00
7.780000e-06	-1.724653e-01	-8.407368e+00
7.790000e-06	-1.760780e-01	-8.263585e+00
7.800000e-06	-1.725370e-01	-8.176841e+00
7.810000e-06	-1.647161e-01	-8.031008e+00
7.820000e-06	-1.567688e-01	-7.935110e+00
7.830000e-06	-1.501893e-01	-7.767367e+00
7.840000e-06	-1.393992e-01	-7.592348e+00
7.850000e-06	-1.257043e-01	-7.463109e+00
7.860000e-06	-1.145788e-01	-7.354718e+00
7.870000e-06	-1.069181e-01	-7.221397e+00
7.880000e-06	-9.656580e-02	-7.091980e+00
7.890000e-06	-8.519586e-02	-6.873633e+00
7.900000e-06	-7.663358e-02	-6.717817e+00
7.910000e-06	-7.112001e-02	-6.619430e+00
7.920000e-06	-6.401497e-02	-6.463683e+00
7.930000e-06	-5.553118e-02	-6.354219e+00
7.940000e-06	-4.989825e-02	-6.156742e+00
7.950000e-06	-4.575621e-02	-5.998897e+00
7.960000e-06	-4.241590e-02	-5.850556e+00
7.970000e-06	-3.583471e-02	-5.665134e+00
7.980000e-06	-3.189514e-02	-5.566741e+00
7.990000e-06	-3.007612e-02	-5.284661e+00
8.000000e-06	-2.781137e-02	-5.124766e+00
8.010000e-06	-2.381882e-02	-4.926288e+00
8.020000e-06	-2.079386e-02	-4.676205e+00
8.030000e-06	-2.064727e-02	-4.567318e+00
8.040000e-06	-2.056637e-02	-4.430975e+00
8.050000e-06	-1.663593e-02	-4.272580e+00
8.060000e-06	-1.388555e-02	-4.115736e+00
8.070000e-06	-1.351458e-02	-3.937339e+00
8.080000e-06	-1.452624e-02	-3.785267e+00
8.090000e-06	-1.205338e-02	-3.549792e+00
8.100000e-06	-8.669242e-03	-3.389970e+00
8.110000e-06	-1.081065e-02	-3.221551e+00
8.120000e-06	-1.135070e-02	-3.021372e+00
8.130000e-06	-1.107572e-02	-2.800999e+00
8.140000e-06	-7.078490e-03	-2.652178e+00
8.150000e-06	-8.386095e-03	-2.443107e+00
8.160000e-06	-8.558579e-03	-2.293583e+00
8.170000e-06	-7.761665e-03	-2.052129e+00
8.180000e-06	-5.239504e-03	-1.913661e+00
8.190000e-06	-5.270040e-03	-1.715709e+00
8.200000e-06	-7.366412e-03	-1.547663e+00
8.210000e-06	-7.553823e-03	-1.305182e+00
8.220000e-06	-4.965709e-03	-1.083230e+00
8.230000e-06	-4.575235e-03	-8.947092e-01
8.240000e-06	-5.955334e-03	-7.443105e-01
8.250000e-06	-5.024705e-03	-5.151318e-01
8.260000e-06	-2.342867e-03	-3.162117e-01
8.270000e-06	-1.152307e-03	-1.577882e-01
8.280000e-06	3.484072e-04	4.060558e-02
8.290000e-06	2.510116e-04	2.237105e-01
8.300000e-06	-1.730553e-03	4.310790e-01
8.310000e-06	1.006326e-03	5.699262e-01
8.320000e-06	-2.425964e-03	7.673723e-01
8.330000e-06	-9.720190e-04	9.138184e-01
8.340000e-06	2.173054e-05	1.168873e+00
8.350000e-06	7.947075e-03	1.326345e+00
8.360000e-06	3.616845e-02	1.499001e+00
8.370000e-06	5.308618e-02	1.809557e+00
8.380000e-06	-2.798665e-02	2.009576e+00
8.390000e-06	-4.776301e-02	2.219949e+00
8.400000e-06	-5.035447e-02	2.327350e+00
8.410000e-06	-5.111469e-02	2.452733e+00
8.420000e-06	7.839022e-02	2.611159e+00
8.430000e-06	2.667162e-02	2.843107e+00
8.440000e-06	-9.819833e-02	2.969474e+00
8.450000e-06	1.063093e-01	3.106346e+00
8.460000e-06	1.879664e-02	3.317977e+00
8.470000e-06	-3.295782e-02	3.576449e+00
8.480000e-06	2.030029e-02	3.694241e+00
8.490000e-06	-7.296257e-02	3.894291e+00
8.500000e-06	2.162044e-02	4.022129e+00
8.510000e-06	7.042190e-02	4.261668e+00
8.520000e-06	-3.508314e-02	4.422633e+00
8.530000e-06	-2.991862e-03	4.630057e+00
8.540000e-06	-5.676642e-03	4.789482e+00
8.550000e-06	1.071518e-02	4.969030e+00
8.560000e-06	2.062762e-02	5.200583e+00
8.570000e-06	-4.558012e-02	5.361104e+00
8.580000e-06	1.580846e-02	5.598324e+00
8.590000e-06	3.500155e-02	5.723690e+00
8.600000e-06	1.558020e-02	5.843293e+00
8.610000e-06	-3.270759e-02	6.072634e+00
8.620000e-06	-1.774669e-02	6.168929e+00
8.630000e-06	4.202973e-02	6.295821e+00
8.640000e-06	-3.600856e-03	6.483137e+00
8.650000e-06	-1.876209e-03	6.611287e+00
8.660000e-06	3.521042e-03	6.820609e+00
8.670000e-06	1.058403e-02	6.907400e+00
8.680000e-06	1.660990e-02	7.123340e+00
8.690000e-06	-1.699141e-02	7.190535e+00
8.700000e-06	-1.656767e-03	7.305824e+00
8.710000e-06	1.232659e-02	7.543870e+00
8.720000e-06	1.814128e-02	7.644191e+00
8.730000e-06	-3.164865e-05	7.818926e+00
8.740000e-06	-4.638533e-03	7.966426e+00
8.750000e-06	1.619458e-02	8.054297e+00
8.760000e-06	7.156580e-03	8.240056e+00
8.770000e-06	-3.397001e-04	8.346271e+00
8.780000e-06	-1.690851e-03	8.411583e+00
8.790000e-06	9.607105e-03	8.536270e+00
8.800000e-06	1.540848e-02	8.638905e+00
8.810000e-06	3.785086e-03	8.682794e+00
8.820000e-06	2.313508e-03	8.788455e+00
8.830000e-06	9.077698e-03	8.874685e+00
8.840000e-06	1.164455e-02	9.000031e+00
8.850000e-06	2.890481e-03	9.134348e+00
8.860000e-06	-3.268185e-04	9.220033e+00
8.870000e-06	1.257982e-02	9.283215e+00
8.880000e-06	1.233137e-02	9.366845e+00
8.890000e-06	7.462054e-03	9.420658e+00
8.900000e-06	3.505091e-03	9.506196e+00
8.910000e-06	1.048914e-02	9.590028e+00
8.920000e-06	1.330028e-02	9.662637e+00
8.930000e-06	5.758716e-03	9.704192e+00
8.940000e-06	6.259301e-03	9.788429e+00
8.950000e-06	1.176905e-02	9.870688e+00
8.960000e-06	1.466083e-02	9.925320e+00
8.970000e-06	7.378491e-03	9.999405e+00
8.980000e-06	5.483838e-03	1.006051e+01
8.990000e-06	1.239554e-02	1.009316e+01
9.000000e-06	1.480402e-02	1.008269e+01
9.010000e-06	1.073337e-02	1.012522e+01
9.020000e-06	8.583316e-03	1.015692e+01
9.030000e-06	1.446997e-02	1.018945e+01
9.040000e-06	1.579187e-02	1.023148e+01
9.050000e-06	1.100779e-02	1.027011e+01
9.060000e-06	1.010108e-02	1.025311e+01
9.070000e-06	1.543945e-02	1.029314e+01
9.080000e-06	1.858075e-02	1.026319e+01
9.090000e-06	1.528759e-02	1.030526e+01
9.100000e-06	1.353116e-02	1.029464e+01
9.110000e-06	1.667710e-02	1.027317e+01
9.120000e-06	1.998632e-02	1.030414e+01
9.130000e-06	1.767210e-02	1.025514e+01
9.140000e-06	1.804487e-02	1.026119e+01
9.150000e-06	2.060995e-02	1.024258e+01
9.160000e-06	2.556692e-02	1.022011e+01
9.170000e-06	2.379474e-02	1.020943e+01
9.180000e-06	2.192383e-02	1.017840e+01
9.190000e-06	2.479478e-02	1.015685e+01
9.200000e-06	2.913810e-02	1.011424e+01
9.210000e-06	2.949348e-02	1.006518e+01
9.220000e-06	2.759505e-02	1.006256e+01
9.230000e-06	3.054154e-02	1.000056e+01
9.240000e-06	3.482260e-02	9.998847e+00
9.250000e-06	3.497602e-02	9.944840e+00
9.260000e-06	3.471665e-02	9.873057e+00
9.270000e-06	3.886000e-02	9.799478e+00
9.280000e-06	4.521429e-02	9.706670e+00
9.290000e-06	4.867457e-02	9.639508e+00
9.300000e-06	5.116187e-02	9.608446e+00
9.310000e-06	5.609089e-02	9.514714e+00
9.320000e-06	6.420127e-02	9.451507e+00
9.330000e-06	7.002258e-02	9.336321e+00
9.340000e-06	7.629834e-02	9.303709e+00
9.350000e-06	8.423716e-02	9.211581e+00
9.360000e-06	9.675207e-02	9.184268e+00
9.370000e-06	1.062019e-01	9.039558e+00
9.380000e-06	1.149956e-01	8.913636e+00
9.390000e-06	1.271445e-01	8.838928e+00
9.400000e-06	1.407700e-01	8.735187e+00
9.410000e-06	1.500344e-01	8.651430e+00
9.420000e-06	1.575184e-01	8.555216e+00
9.430000e-06	1.626611e-01	8.451581e+00
9.440000e-06	1.684577e-01	8.365190e+00
9.450000e-06	1.678543e-01	8.238953e+00
9.460000e-06	1.635132e-01	8.071583e+00
9.470000e-06	1.577616e-01	7.957243e+00
9.480000e-06	1.517952e-01	7.831377e+00
9.490000e-06	1.414276e-01	7.722665e+00
9.500000e-06	1.301558e-01	7.607870e+00
9.510000e-06	1.171754e-01	7.397451e+00
9.520000e-06	1.084930e-01	7.240053e+00
9.530000e-06	9.731547e-02	7.115713e+00
9.540000e-06	8.661520e-02	6.998323e+00
9.550000e-06	7.669491e-02	6.861080e+00
9.560000e-06	7.004451e-02	6.744666e+00
9.570000e-06	6.231864e-02	6.545741e+00
9.580000e-06	5.437909e-02	6.399421e+00
9.590000e-06	4.679054e-02	6.241482e+00
9.600000e-06	4.159483e-02	6.073688e+00
9.610000e-06	3.703300e-02	5.987896e+00
9.620000e-06	3.161922e-02	5.828823e+00
9.630000e-06	2.720578e-02	5.619851e+00
9.640000e-06	2.438322e-02	5.472582e+00
9.650000e-06	2.269420e-02	5.313559e+00
9.660000e-06	1.785025e-02	5.112582e+00
9.670000e-06	1.530036e-02	4.852105e+00
9.680000e-06	1.295446e-02	4.664135e+00
9.690000e-06	1.187518e-02	4.525714e+00
9.700000e-06	9.928323e-03	4.387749e+00
9.710000e-06	7.799858e-03	4.166375e+00
9.720000e-06	6.912951e-03	4.019871e+00
9.730000e-06	6.452455e-03	3.871531e+00
9.740000e-06	3.824944e-03	3.641630e+00
9.750000e-06	2.347749e-03	3.533134e+00
9.760000e-06	2.344038e-03	3.282634e+00
9.770000e-06	3.367406e-03	3.135188e+00
9.780000e-06	1.333410e-03	2.906738e+00
9.790000e-06	-8.804061e-05	2.818847e+00
9.800000e-06	7.375594e-04	2.558888e+00
9.810000e-06	-4.800985e-04	2.366237e+00
9.820000e-06	-6.483604e-04	2.228843e+00
9.830000e-06	-1.429357e-03	2.010521e+00
9.840000e-06	-2.607345e-03	1.800554e+00
9.850000e-06	-5.437921e-04	1.650550e+00
9.860000e-06	-2.459348e-03	1.471524e+00
9.870000e-06	-3.317744e-03	1.253053e+00
9.880000e-06	-3.890391e-03	1.019393e+00
9.890000e-06	-2.897217e-03	8.288934e-01
9.900000e-06	-2.929738e-03	6.404474e-01
9.910000e-06	-3.400296e-03	4.315774e-01
9.920000e-06	-3.799513e-03	2.915114e-01
9.930000e-06	-3.427642e-03	9.054862e-02
9.940000e-06	7.036868e-04	-1.189473e-01
9.950000e-06	8.174953e-04	-2.953147e-01
9.960000e-06	-3.483114e-03	-4.322306e-01
9.970000e-06	-2.055613e-03	-6.332669e-01
9.980000e-06	-3.731556e-03	-8.237317e-01
9.990000e-06	-2.169209e-03	-1.020005e+00
1.000000e-05	-3.910774e-03	-1.138954e+00
1.001000e-05	1.074717e-02	-1.369005e+00
1.002000e-05	6.756862e-02	-1.509080e+00
1.003000e-05	8.470516e-03	-1.771133e+00
1.004000e-05	-5.589381e-02	-2.065794e+00
1.005000e-05	-5.951379e-02	-2.316374e+00
1.006000e-05	-8.465425e-02	-2.485770e+00
1.007000e-05	9.313649e-02	-2.507296e+00
1.008000e-05	4.082746e-02	-2.663741e+00
1.009000e-05	-1.373711e-01	-2.916447e+00
1.010000e-05	1.299911e-01	-3.073817e+00
1.011000e-05	2.374120e-02	-3.241783e+00
1.012000e-05	-7.449766e-02	-3.474795e+00
1.013000e-05	5.719610e-02	-3.569977e+00
1.014000e-05	-1.117818e-01	-3.738054e+00
1.015000e-05	-1.648843e-02	-4.020535e+00
1.016000e-05	1.257701e-01	-4.149404e+00
1.017000e-05	-7.538458e-02	-4.347425e+00
1.018000e-05	1.993852e-02	-4.441788e+00
1.019000e-05	-2.319817e-02	-4.652242e+00
1.020000e-05	-2.396446e-02	-4.896220e+00
1.021000e-05	7.004711e-02	-5.031107e+00
1.022000e-05	-1.247931e-01	-5.203103e+00
1.023000e-05	3.821154e-02	-5.412162e+00
1.024000e-05	5.137296e-02	-5.620501e+00
1.025000e-05	-3.138544e-02	-5.769978e+00
1.026000e-05	-4.279296e-03	-5.886313e+00
1.027000e-05	-7.831566e-02	-6.034290e+00
1.028000e-05	7.297829e-02	-6.272688e+00
1.029000e-05	-1.669653e-02	-6.419533e+00
1.030000e-05	-5.169962e-02	-6.568875e+00
1.031000e-05	3.565379e-02	-6.674291e+00
1.032000e-05	-2.969679e-02	-6.822114e+00
1.033000e-05	4.187160e-02	-6.978461e+00
1.034000e-05	-6.510399e-02	-7.138953e+00
1.035000e-05	-1.452609e-02	-7.296770e+00
1.036000e-05	2.829941e-02	-7.462633e+00
1.037000e-05	-2.710355e-02	-7.531054e+00
1.038000e-05	7.730351e-03	-7.736839e+00
1.039000e-05	-4.644539e-02	-7.905747e+00
1.040000e-05	3.152178e-02	-8.042129e+00
1.041000e-05	-1.584735e-02	-8.127395e+00
1.042000e-05	-2.898379e-02	-8.254163e+00
1.043000e-05	-9.843571e-03	-8.377349e+00
1.044000e-05	-1.217265e-02	-8.433665e+00
1.045000e-05	2.058781e-02	-8.578431e+00
1.046000e-05	-4.000174e-02	-8.716300e+00
1.047000e-05	-9.519224e-03	-8.802633e+00
1.048000e-05	-7.365675e-03	-8.904822e+00
1.049000e-05	-1.375114e-03	-9.020631e+00
1.050000e-05	-2.095219e-02	-9.074241e+00
1.051000e-05	-3.019591e-02	-9.168452e+00
1.052000e-05	6.393483e-03	-9.283133e+00
1.053000e-05	-8.442536e-03	-9.328485e+00
1.054000e-05	-1.488955e-02	-9.411141e+00
1.055000e-05	-2.887487e-02	-9.546899e+00
1.056000e-05	-5.038457e-03	-9.622057e+00
1.057000e-05	-5.542775e-03	-9.663563e+00
1.058000e-05	-2.189401e-02	-9.777872e+00
1.059000e-05	-2.334202e-02	-9.799954e+00
1.060000e-05	-1.033451e-02	-9.884188e+00
1.061000e-05	-2.513416e-03	-9.925241e+00
1.062000e-05	-2.175449e-02	-9.947321e+00
1.063000e-05	-2.473904e-02	-1.001911e+01
1.064000e-05	-1.485226e-02	-1.005314e+01
1.065000e-05	-6.556424e-03	-1.011664e+01
1.066000e-05	-2.090509e-02	-1.011629e+01
1.067000e-05	-2.618928e-02	-1.017948e+01
1.068000e-05	-1.554132e-02	-1.019063e+01
1.069000e-05	-9.575438e-03	-1.028216e+01
1.070000e-05	-2.158718e-02	-1.031525e+01
1.071000e-05	-2.893893e-02	-1.032582e+01
1.072000e-05	-1.784484e-02	-1.032737e+01
1.073000e-05	-1.248846e-02	-1.037833e+01
1.074000e-05	-2.003070e-02	-1.038738e+01
1.075000e-05	-3.023758e-02	-1.037948e+01
1.076000e-05	-2.192250e-02	-1.040897e+01
1.077000e-05	-1.725430e-02	-1.041045e+01
1.078000e-05	-2.342304e-02	-1.036800e+01
1.079000e-05	-3.059214e-02	-1.039896e+01
1.080000e-05	-2.750895e-02	-1.037937e+01
1.081000e-05	-1.963035e-02	-1.035775e+01
1.082000e-05	-2.707222e-02	-1.029727e+01
1.083000e-05	-3.586812e-02	-1.031324e+01
1.084000e-05	-3.362556e-02	-1.027204e+01
1.085000e-05	-2.702557e-02	-1.023293e+01
1.086000e-05	-3.093360e-02	-1.018906e+01
1.087000e-05	-3.945160e-02	-1.013675e+01
1.088000e-05	-3.763379e-02	-1.005319e+01
1.089000e-05	-3.336410e-02	-1.006306e+01
1.090000e-05	-3.697940e-02	-9.990429e+00
1.091000e-05	-4.592980e-02	-9.976897e+00
1.092000e-05	-4.620791e-02	-9.895737e+00
1.093000e-05	-4.163336e-02	-9.892562e+00
1.094000e-05	-4.632693e-02	-9.831423e+00
1.095000e-05	-5.589453e-02	-9.754820e+00
1.096000e-05	-6.162157e-02	-9.713637e+00
1.097000e-05	-6.093154e-02	-9.630430e+00
1.098000e-05	-6.640626e-02	-9.558899e+00
1.099000e-05	-7.877782e-02	-9.474084e+00
1.100000e-05	-8.507413e-02	-9.357374e+00
1.101000e-05	-8.928512e-02	-9.293159e+00
1.102000e-05	-9.669256e-02	-9.168922e+00
1.103000e-05	-1.118607e-01	-9.084688e+00
1.104000e-05	-1.244089e-01	-8.997949e+00
1.105000e-05	-1.307929e-01	-8.915138e+00
1.106000e-05	-1.407659e-01	-8.830081e+00
1.107000e-05	-1.542281e-01	-8.746242e+00
1.108000e-05	-1.658429e-01	-8.630479e+00
1.109000e-05	-1.683909e-01	-8.474158e+00
1.110000e-05	-1.703210e-01	-8.377949e+00
1.111000e-05	-1.744699e-01	-8.263107e+00
1.112000e-05	-1.745720e-01	-8.156767e+00
1.113000e-05	-1.666185e-01	-8.052125e+00
1.114000e-05	-1.558130e-01	-7.945287e+00
1.115000e-05	-1.496637e-01	-7.780876e+00
1.116000e-05	-1.410548e-01	-7.629975e+00
1.117000e-05	-1.272954e-01	-7.465082e+00
1.118000e-05	-1.150036e-01	-7.376814e+00
1.119000e-05	-1.066158e-01	-7.240929e+00
1.120000e-05	-9.788686e-02	-7.075128e+00
1.121000e-05	-8.859859e-02	-6.873660e+00
1.122000e-05	-7.686760e-02	-6.746868e+00
1.123000e-05	-6.975108e-02	-6.610499e+00
1.124000e-05	-6.425387e-02	-6.463108e+00
1.125000e-05	-5.670725e-02	-6.337244e+00
1.126000e-05	-4.882745e-02	-6.147294e+00
1.127000e-05	-4.529118e-02	-6.018872e+00
1.128000e-05	-4.304292e-02	-5.852553e+00
1.129000e-05	-3.780095e-02	-5.704634e+00
1.130000e-05	-3.225504e-02	-5.558341e+00
1.131000e-05	-2.896954e-02	-5.356740e+00
1.132000e-05	-2.824329e-02	-5.167263e+00
1.133000e-05	-2.449788e-02	-4.939838e+00
1.134000e-05	-2.158855e-02	-4.774667e+00
1.135000e-05	-1.914318e-02	-4.588766e+00
1.136000e-05	-1.947129e-02	-4.441529e+00
1.137000e-05	-1.790815e-02	-4.263155e+00
1.138000e-05	-1.504390e-02	-4.085234e+00
1.139000e-05	-1.393254e-02	-3.948842e+00
1.140000e-05	-1.331944e-02	-3.788837e+00
1.141000e-05	-1.252471e-02	-3.568340e+00
1.142000e-05	-1.039079e-02	-3.430946e+00
1.143000e-05	-9.112516e-03	-3.231553e+00
1.144000e-05	-9.619976e-03	-3.031028e+00
1.145000e-05	-1.057864e-02	-2.852050e+00
1.146000e-05	-9.337788e-03	-2.683603e+00
1.147000e-05	-8.322988e-03	-2.463633e+00
1.148000e-05	-6.737083e-03	-2.304232e+00
1.149000e-05	-7.582321e-03	-2.063178e+00
1.150000e-05	-5.599460e-03	-1.895659e+00
1.151000e-05	-5.095475e-03	-1.716790e+00
1.152000e-05	-5.600275e-03	-1.547265e+00
1.153000e-05	-7.690148e-03	-1.284606e+00
1.154000e-05	-6.300185e-03	-1.104185e+00
1.155000e-05	-5.256213e-03	-9.536330e-01
1.156000e-05	-4.808393e-03	-7.572105e-01
1.157000e-05	-3.518621e-03	-5.447317e-01
1.158000e-05	-4.007779e-03	-3.462632e-01
1.159000e-05	-3.338177e-03	-1.778372e-01
1.160000e-05	3.773571e-04	1.953020e-02
1.161000e-05	1.941002e-03	2.221130e-01
1.162000e-05	-2.680358e-03	3.905054e-01
1.163000e-05	8.936429e-04	5.584751e-01
1.164000e-05	-9.322967e-04	7.358224e-01
1.165000e-05	1.389133e-03	8.867196e-01
1.166000e-05	-1.256782e-03	1.107375e+00
1.167000e-05	5.447469e-03	1.284868e+00
1.168000e-05	3.397876e-02	1.496046e+00
1.169000e-05	5.713121e-02	1.769554e+00
1.170000e-05	-2.351379e-02	2.000003e+00
1.171000e-05	-5.026791e-02	2.167501e+00
1.172000e-05	-4.906074e-02	2.326872e+00
1.173000e-05	-5.274885e-02	2.431153e+00
1.174000e-05	7.028975e-02	2.559083e+00
1.175000e-05	4.042905e-02	2.832158e+00
1.176000e-05	-1.039253e-01	2.988924e+00
1.177000e-05	1.001817e-01	3.124843e+00
1.178000e-05	3.137308e-02	3.327425e+00
1.179000e-05	-3.932874e-02	3.525774e+00
1.180000e-05	1.986675e-02	3.654788e+00
1.181000e-05	-7.019799e-02	3.883743e+00
1.182000e-05	1.344002e-02	4.001007e+00
1.183000e-05	7.548621e-02	4.252137e+00
1.184000e-05	-3.186713e-02	4.421586e+00
1.185000e-05	-5.162157e-03	4.579579e+00
1.186000e-05	-9.858985e-04	4.807953e+00
1.187000e-05	5.643055e-03	4.907522e+00
1.188000e-05	2.329943e-02	5.178528e+00
1.189000e-05	-4.529317e-02	5.398030e+00
1.190000e-05	1.457108e-02	5.565375e+00
1.191000e-05	3.547310e-02	5.703793e+00
1.192000e-05	1.641194e-02	5.862688e+00
1.193000e-05	-3.012202e-02	6.021107e+00
1.194000e-05	-2.040731e-02	6.167453e+00
1.195000e-05	4.242117e-02	6.314849e+00
1.196000e-05	-1.920348e-03	6.462139e+00
1.197000e-05	-3.130966e-03	6.599644e+00
1.198000e-05	4.893037e-03	6.770003e+00
1.199000e-05	1.074030e-02	6.926351e+00
1.200000e-05	1.605839e-02	7.062212e+00
1.201000e-05	-1.549261e-02	7.289479e+00
1.202000e-05	-4.180915e-03	7.348401e+00
1.203000e-05	1.240407e-02	7.522147e+00
1.204000e-05	1.692881e-02	7.662214e+00
1.205000e-05	2.085406e-03	7.760505e+00
1.206000e-05	-4.586656e-03	7.926302e+00
1.207000e-05	1.702859e-02	8.055216e+00
1.208000e-05	5.948574e-03	8.230031e+00
1.209000e-05	-1.222834e-03	8.305324e+00
1.210000e-05	-9.555342e-04	8.420532e+00
1.211000e-05	9.933200e-03	8.485221e+00
1.212000e-05	1.577557e-02	8.548954e+00
1.213000e-05	3.207357e-03	8.684271e+00
1.214000e-05	3.604285e-03	8.809505e+00
1.215000e-05	9.950438e-03	8.872716e+00
1.216000e-05	1.191992e-02	8.967453e+00
1.217000e-05	3.009521e-03	9.153344e+00
1.218000e-05	1.979044e-04	9.232454e+00
1.219000e-05	1.328923e-02	9.272686e+00
1.220000e-05	1.294183e-02	9.356900e+00
1.221000e-05	5.851816e-03	9.379957e+00
1.222000e-05	2.821331e-03	9.484266e+00
1.223000e-05	1.181632e-02	9.598428e+00
1.224000e-05	1.357948e-02	9.642583e+00
1.225000e-05	5.809951e-03	9.685194e+00
1.226000e-05	4.662890e-03	9.767904e+00
1.227000e-05	1.280180e-02	9.909617e+00
1.228000e-05	1.529655e-02	9.885218e+00
1.229000e-05	7.441022e-03	9.990000e+00
1.230000e-05	4.652231e-03	1.000903e+01
1.231000e-05	1.279103e-02	1.005213e+01
1.232000e-05	1.485218e-02	1.008371e+01
1.233000e-05	1.034588e-02	1.011631e+01
1.234000e-05	7.780887e-03	1.015584e+01
1.235000e-05	1.446834e-02	1.018945e+01
1.236000e-05	1.633682e-02	1.021854e+01
1.237000e-05	1.216626e-02	1.022306e+01
1.238000e-05	8.489845e-03	1.028258e+01
1.239000e-05	1.506702e-02	1.024366e+01
1.240000e-05	1.867879e-02	1.028311e+01
1.241000e-05	1.581710e-02	1.026316e+01
1.242000e-05	1.175178e-02	1.027566e+01
1.243000e-05	1.634223e-02	1.028419e+01
1.244000e-05	2.003688e-02	1.029371e+01
1.245000e-05	1.844851e-02	1.029166e+01
1.246000e-05	1.606769e-02	1.026161e+01
1.247000e-05	2.059253e-02	1.024208e+01
1.248000e-05	2.603248e-02	1.023211e+01
1.249000e-05	2.418290e-02	1.026043e+01
1.250000e-05	2.108263e-02	1.020847e+01
1.251000e-05	2.386601e-02	1.018679e+01
1.252000e-05	2.835034e-02	1.012422e+01
1.253000e-05	2.961455e-02	1.009369e+01
1.254000e-05	2.632836e-02	1.007364e+01
1.255000e-05	2.975332e-02	1.001050e+01
1.256000e-05	3.494576e-02	9.989001e+00
1.257000e-05	3.640496e-02	9.956738e+00
1.258000e-05	3.431380e-02	9.870533e+00
1.259000e-05	3.779569e-02	9.768828e+00
1.260000e-05	4.539139e-02	9.734792e+00
1.261000e-05	4.922752e-02	9.650531e+00
1.262000e-05	5.070701e-02	9.567473e+00
1.263000e-05	5.555226e-02	9.533637e+00
1.264000e-05	6.456015e-02	9.431056e+00
1.265000e-05	7.076076e-02	9.388820e+00
1.266000e-05	7.529890e-02	9.274613e+00
1.267000e-05	8.452297e-02	9.229532e+00
1.268000e-05	9.602399e-02	9.156820e+00
1.269000e-05	1.060795e-01	9.068980e+00
1.270000e-05	1.145617e-01	8.906788e+00
1.271000e-05	1.250364e-01	8.818928e+00
1.272000e-05	1.392166e-01	8.714745e+00
1.273000e-05	1.500520e-01	8.620452e+00
1.274000e-05	1.576781e-01	8.555765e+00
1.275000e-05	1.623965e-01	8.451607e+00
1.276000e-05	1.683550e-01	8.386769e+00
1.277000e-05	1.683801e-01	8.250396e+00
1.278000e-05	1.647278e-01	8.071737e+00
1.279000e-05	1.580327e-01	7.959895e+00
1.280000e-05	1.516743e-01	7.872028e+00
1.281000e-05	1.429941e-01	7.695642e+00
1.282000e-05	1.305334e-01	7.608822e+00
1.283000e-05	1.182128e-01	7.451479e+00
1.284000e-05	1.077293e-01	7.254554e+00
1.285000e-05	9.853926e-02	7.124737e+00
1.286000e-05	8.671587e-02	7.018369e+00
1.287000e-05	7.823482e-02	6.861104e+00
1.288000e-05	6.973928e-02	6.737315e+00
1.289000e-05	6.345522e-02	6.546762e+00
1.290000e-05	5.447226e-02	6.378870e+00
1.291000e-05	4.731552e-02	6.242554e+00
1.292000e-05	4.069874e-02	6.084683e+00
1.293000e-05	3.699574e-02	6.009322e+00
1.294000e-05	3.219066e-02	5.850924e+00
1.295000e-05	2.768103e-02	5.630449e+00
1.296000e-05	2.431533e-02	5.422079e+00
1.297000e-05	2.290161e-02	5.335082e+00
1.298000e-05	1.991541e-02	5.074107e+00
1.299000e-05	1.552414e-02	4.912087e+00
1.300000e-05	1.269494e-02	4.724657e+00
1.301000e-05	1.146019e-02	4.535243e+00
1.302000e-05	1.028755e-02	4.400000e+00
1.303000e-05	6.553418e-03	4.270399e+00
1.304000e-05	6.244405e-03	4.010425e+00
1.305000e-05	5.373938e-03	3.861052e+00
1.306000e-05	5.913004e-03	3.683083e+00
1.307000e-05	4.151372e-03	3.546662e+00
1.308000e-05	2.937391e-03	3.294207e+00
1.309000e-05	1.954356e-03	3.104786e+00
1.310000e-05	1.718419e-03	2.986340e+00
1.311000e-05	-1.248291e-05	2.799447e+00
1.312000e-05	-1.412793e-03	2.596296e+00
1.313000e-05	-1.987877e-03	2.367294e+00
1.314000e-05	-5.328353e-04	2.199445e+00
1.315000e-05	-3.659519e-04	2.051499e+00
1.316000e-05	-1.989386e-04	1.869520e+00
1.317000e-05	-1.491933e-03	1.641979e+00
1.318000e-05	-1.696790e-03	1.480550e+00
1.319000e-05	-3.244727e-03	1.232026e+00
1.320000e-05	-4.080716e-03	1.051950e+00
1.321000e-05	-4.285111e-03	8.398987e-01
1.322000e-05	-3.841554e-03	6.499738e-01
1.323000e-05	-2.750990e-03	5.026751e-01
1.324000e-05	-2.735121e-03	2.932300e-01
1.325000e-05	-2.579142e-03	7.311993e-02
1.326000e-05	7.481949e-04	-1.073436e-01
1.327000e-05	2.064213e-03	-2.958422e-01
1.328000e-05	-3.592710e-03	-4.212582e-01
1.329000e-05	-3.345054e-03	-6.752417e-01
1.330000e-05	-4.901775e-03	-8.216578e-01
1.331000e-05	-2.452104e-03	-9.495752e-01
1.332000e-05	-2.680902e-03	-1.168974e+00
1.333000e-05	8.640530e-03	-1.347926e+00
1.334000e-05	6.493677e-02	-1.558971e+00
1.335000e-05	1.709843e-02	-1.770055e+00
1.336000e-05	-5.664717e-02	-2.053195e+00
1.337000e-05	-5.827539e-02	-2.336396e+00
1.338000e-05	-9.102892e-02	-2.464691e+00
1.339000e-05	8.086112e-02	-2.525970e+00
1.340000e-05	6.245169e-02	-2.663263e+00
1.341000e-05	-1.439108e-01	-2.897241e+00
1.342000e-05	1.156230e-01	-3.042238e+00
1.343000e-05	4.108873e-02	-3.201659e+00
1.344000e-05	-8.239448e-02	-3.464293e+00
1.345000e-05	5.677561e-02	-3.580050e+00
1.346000e-05	-1.017452e-01	-3.748580e+00
1.347000e-05	-3.418089e-02	-4.000580e+00
1.348000e-05	1.359225e-01	-4.087398e+00
1.349000e-05	-6.802023e-02	-4.315925e+00
1.350000e-05	1.029590e-02	-4.464116e+00
1.351000e-05	-1.373762e-02	-4.612208e+00
1.352000e-05	-3.526713e-02	-4.864370e+00
1.353000e-05	7.793249e-02	-5.022557e+00
1.354000e-05	-1.203111e-01	-5.199602e+00
1.355000e-05	2.345746e-02	-5.370078e+00
1.356000e-05	6.234403e-02	-5.591078e+00
1.357000e-05	-3.447971e-02	-5.790478e+00
1.358000e-05	8.959982e-05	-5.875267e+00
1.359000e-05	-8.132660e-02	-6.042117e+00
1.360000e-05	6.667768e-02	-6.212189e+00
1.361000e-05	-4.376153e-03	-6.379103e+00
1.362000e-05	-6.005889e-02	-6.546876e+00
1.363000e-05	3.821092e-02	-6.644269e+00
1.364000e-05	-3.076939e-02	-6.822559e+00
1.365000e-05	4.226519e-02	-6.981535e+00
1.366000e-05	-5.908707e-02	-7.176824e+00
1.367000e-05	-2.580473e-02	-7.304219e+00
1.368000e-05	3.413439e-02	-7.390634e+00
1.369000e-05	-2.706058e-02	-7.548528e+00
1.370000e-05	1.085963e-02	-7.696323e+00
1.371000e-05	-4.802959e-02	-7.863748e+00
1.372000e-05	2.701376e-02	-8.021582e+00
1.373000e-05	-1.024582e-02	-8.106322e+00
1.374000e-05	-3.214896e-02	-8.240633e+00
1.375000e-05	-8.558369e-03	-8.337820e+00
1.376000e-05	-1.583064e-02	-8.443636e+00
1.377000e-05	2.357618e-02	-8.577805e+00
1.378000e-05	-3.659659e-02	-8.705321e+00
1.379000e-05	-1.180039e-02	-8.831130e+00
1.380000e-05	-7.653397e-03	-8.865247e+00
1.381000e-05	-7.906019e-04	-9.011005e+00
1.382000e-05	-1.798338e-02	-9.064236e+00
1.383000e-05	-3.247016e-02	-9.157930e+00
1.384000e-05	4.912083e-03	-9.251613e+00
1.385000e-05	-6.419455e-03	-9.326321e+00
1.386000e-05	-1.486239e-02	-9.441638e+00
1.387000e-05	-2.777267e-02	-9.527374e+00
1.388000e-05	-7.702879e-03	-9.652035e+00
1.389000e-05	-1.213206e-03	-9.654215e+00
1.390000e-05	-2.061286e-02	-9.737374e+00
1.391000e-05	-2.177588e-02	-9.797528e+00
1.392000e-05	-1.138905e-02	-9.864194e+00
1.393000e-05	-3.212949e-03	-9.915315e+00
1.394000e-05	-2.307026e-02	-9.957400e+00
1.395000e-05	-2.654457e-02	-1.002196e+01
1.396000e-05	-1.620520e-02	-1.007309e+01
1.397000e-05	-5.587118e-03	-1.007519e+01
1.398000e-05	-1.748965e-02	-1.008772e+01
1.399000e-05	-2.413310e-02	-1.016801e+01
1.400000e-05	-1.372923e-02	-1.019998e+01
1.401000e-05	-1.222543e-02	-1.023162e+01
1.402000e-05	-2.185418e-02	-1.028525e+01
1.403000e-05	-3.034478e-02	-1.035519e+01
1.404000e-05	-1.829713e-02	-1.034788e+01
1.405000e-05	-1.315558e-02	-1.036880e+01
1.406000e-05	-1.760638e-02	-1.039840e+01
1.407000e-05	-2.751660e-02	-1.038792e+01
1.408000e-05	-2.111162e-02	-1.039043e+01
1.409000e-05	-1.824141e-02	-1.040993e+01
1.410000e-05	-2.573574e-02	-1.042890e+01
1.411000e-05	-3.125501e-02	-1.037043e+01
1.412000e-05	-2.773644e-02	-1.036742e+01
1.413000e-05	-2.088902e-02	-1.038845e+01
1.414000e-05	-2.659452e-02	-1.032632e+01
1.415000e-05	-3.337317e-02	-1.035319e+01
1.416000e-05	-3.258602e-02	-1.027346e+01
1.417000e-05	-2.770006e-02	-1.024103e+01
1.418000e-05	-3.223693e-02	-1.014990e+01
1.419000e-05	-3.923525e-02	-1.016729e+01
1.420000e-05	-3.762541e-02	-1.009471e+01
1.421000e-05	-3.400410e-02	-1.005356e+01
1.422000e-05	-3.716999e-02	-1.003951e+01
1.423000e-05	-4.425643e-02	-9.946869e+00
1.424000e-05	-4.477113e-02	-9.905266e+00
1.425000e-05	-4.332613e-02	-9.822561e+00
1.426000e-05	-4.729713e-02	-9.829454e+00
1.427000e-05	-5.588290e-02	-9.696342e+00
1.428000e-05	-5.976682e-02	-9.704087e+00
1.429000e-05	-6.148151e-02	-9.621032e+00
1.430000e-05	-6.688468e-02	-9.589871e+00
1.431000e-05	-7.690090e-02	-9.481613e+00
1.432000e-05	-8.328165e-02	-9.388871e+00
1.433000e-05	-8.873042e-02	-9.305137e+00
1.434000e-05	-9.847831e-02	-9.211422e+00
1.435000e-05	-1.114651e-01	-9.104091e+00
1.436000e-05	-1.216864e-01	-9.010952e+00
1.437000e-05	-1.307022e-01	-8.925767e+00
1.438000e-05	-1.412606e-01	-8.862055e+00
1.439000e-05	-1.531366e-01	-8.755815e+00
1.440000e-05	-1.623037e-01	-8.629374e+00
1.441000e-05	-1.675029e-01	-8.535687e+00
1.442000e-05	-1.722986e-01	-8.398870e+00
1.443000e-05	-1.752293e-01	-8.283160e+00
1.444000e-05	-1.732962e-01	-8.187919e+00
1.445000e-05	-1.672404e-01	-8.062061e+00
1.446000e-05	-1.573596e-01	-7.935191e+00
1.447000e-05	-1.499852e-01	-7.767347e+00
1.448000e-05	-1.397233e-01	-7.680496e+00
1.449000e-05	-1.281510e-01	-7.474658e+00
1.450000e-05	-1.156911e-01	-7.336343e+00
1.451000e-05	-1.079362e-01	-7.211450e+00
1.452000e-05	-9.772502e-02	-7.081634e+00
1.453000e-05	-8.840847e-02	-6.905139e+00
1.454000e-05	-7.789365e-02	-6.766794e+00
1.455000e-05	-7.120292e-02	-6.621501e+00
1.456000e-05	-6.397579e-02	-6.494609e+00
1.457000e-05	-5.680612e-02	-6.367243e+00
1.458000e-05	-4.999294e-02	-6.187793e+00
1.459000e-05	-4.496025e-02	-6.010949e+00
1.460000e-05	-4.176899e-02	-5.860552e+00
1.461000e-05	-3.809495e-02	-5.704710e+00
1.462000e-05	-3.359531e-02	-5.546341e+00
1.463000e-05	-3.108992e-02	-5.335767e+00
1.464000e-05	-2.807415e-02	-5.166740e+00
1.465000e-05	-2.414311e-02	-4.988315e+00
1.466000e-05	-2.113588e-02	-4.747258e+00
1.467000e-05	-1.958988e-02	-4.567397e+00
1.468000e-05	-1.906606e-02	-4.442549e+00
1.469000e-05	-1.790190e-02	-4.294136e+00
1.470000e-05	-1.458648e-02	-4.137263e+00
1.471000e-05	-1.652213e-02	-4.018319e+00
1.472000e-05	-1.353568e-02	-3.776319e+00
1.473000e-05	-1.228945e-02	-3.587867e+00
1.474000e-05	-9.480593e-03	-3.419949e+00
1.475000e-05	-9.472362e-03	-3.222503e+00
1.476000e-05	-9.685308e-03	-3.072073e+00
1.477000e-05	-1.026855e-02	-2.822576e+00
1.478000e-05	-8.825032e-03	-2.703160e+00
1.479000e-05	-9.444196e-03	-2.474109e+00
1.480000e-05	-8.363335e-03	-2.294235e+00
1.481000e-05	-7.018852e-03	-2.082660e+00
1.482000e-05	-5.444226e-03	-1.926759e+00
1.483000e-05	-6.265941e-03	-1.745866e+00
1.484000e-05	-6.829885e-03	-1.559920e+00
1.485000e-05	-6.196405e-03	-1.295132e+00
1.486000e-05	-6.151525e-03	-1.144161e+00
1.487000e-05	-6.398811e-03	-9.257632e-01
1.488000e-05	-6.733855e-03	-7.768607e-01
1.489000e-05	-3.672449e-03	-5.442368e-01
1.490000e-05	-2.635159e-03	-3.467946e-01
1.491000e-05	-2.919585e-03	-1.788435e-01
1.492000e-05	-7.203950e-04	6.015098e-04
1.493000e-05	1.403951e-03	2.211793e-01
1.494000e-05	-2.198059e-03	3.779514e-01
1.495000e-05	-8.650314e-04	5.174985e-01
1.496000e-05	-2.554236e-03	7.254734e-01
1.497000e-05	1.245207e-04	8.641595e-01
1.498000e-05	5.151890e-04	1.106296e+00
1.499000e-05	6.185694e-03	1.313793e+00
1.500000e-05	3.041319e-02	1.486316e+00
1.501000e-05	5.739303e-02	1.780056e+00
1.502000e-05	-1.931665e-02	1.979549e+00
1.503000e-05	-5.050997e-02	2.128423e+00
1.504000e-05	-4.906047e-02	2.335820e+00
1.505000e-05	-5.695947e-02	2.434529e+00
1.506000e-05	6.182562e-02	2.560555e+00
1.507000e-05	5.441681e-02	2.820130e+00
1.508000e-05	-1.088283e-01	2.966976e+00
1.509000e-05	8.972357e-02	3.094768e+00
1.510000e-05	4.432342e-02	3.328421e+00
1.511000e-05	-4.178996e-02	3.534399e+00
1.512000e-05	2.079173e-02	3.642783e+00
1.513000e-05	-6.590099e-02	3.853213e+00
1.514000e-05	1.897924e-03	4.041129e+00
1.515000e-05	8.020549e-02	4.159609e+00
1.516000e-05	-2.683813e-02	4.400107e+00
1.517000e-05	-9.664421e-03	4.549998e+00
1.518000e-05	2.596429e-03	4.759578e+00
1.519000e-05	3.072091e-03	4.896449e+00
1.520000e-05	2.841875e-02	5.170531e+00
1.521000e-05	-4.553845e-02	5.369451e+00
1.522000e-05	7.771513e-03	5.517401e+00
1.523000e-05	3.687777e-02	5.681665e+00
1.524000e-05	1.745128e-02	5.821611e+00
1.525000e-05	-2.743894e-02	6.031609e+00
1.526000e-05	-2.438460e-02	6.197950e+00
1.527000e-05	4.486231e-02	6.285921e+00
1.528000e-05	3.423478e-03	6.451609e+00
1.529000e-05	-7.016449e-03	6.580984e+00
1.530000e-05	2.313583e-03	6.800054e+00
1.531000e-05	8.388067e-03	6.916899e+00
1.532000e-05	1.754096e-02	7.043660e+00
1.533000e-05	-1.381929e-02	7.169533e+00
1.534000e-05	-5.573924e-03	7.365373e+00
1.535000e-05	1.538898e-02	7.524321e+00
1.536000e-05	1.951063e-02	7.654737e+00
1.537000e-05	1.240247e-03	7.778954e+00
1.538000e-05	-9.223196e-03	7.919395e+00
1.539000e-05	1.475239e-02	8.063242e+00
1.540000e-05	9.127123e-03	8.189549e+00
1.541000e-05	-2.544328e-04	8.264766e+00
1.542000e-05	-1.443331e-03	8.441056e+00
1.543000e-05	1.069789e-02	8.504815e+00
1.544000e-05	1.908889e-02	8.569979e+00
1.545000e-05	1.447973e-03	8.704267e+00
1.546000e-05	8.970925e-04	8.769928e+00
1.547000e-05	6.629986e-03	8.924763e+00
1.548000e-05	1.321811e-02	8.979508e+00
1.549000e-05	3.295459e-03	9.104293e+00
1.550000e-05	1.469517e-04	9.189531e+00
1.551000e-05	1.364075e-02	9.245162e+00
1.552000e-05	1.633448e-02	9.328426e+00
1.553000e-05	5.509872e-03	9.441035e+00
1.554000e-05	-2.021470e-04	9.515166e+00
1.555000e-05	8.850768e-03	9.609448e+00
1.556000e-05	1.518085e-02	9.630559e+00
1.557000e-05	5.993970e-03	9.715719e+00
1.558000e-05	4.716456e-03	9.757430e+00
1.559000e-05	1.356296e-02	9.882141e+00
1.560000e-05	1.751132e-02	9.916750e+00
1.561000e-05	7.453207e-03	9.977428e+00
1.562000e-05	3.441187e-03	1.002006e+01
1.563000e-05	1.041150e-02	1.006006e+01
1.564000e-05	1.496744e-02	1.007319e+01
1.565000e-05	1.107349e-02	1.010531e+01
1.566000e-05	6.779468e-03	1.014589e+01
1.567000e-05	1.455578e-02	1.015993e+01
1.568000e-05	1.824650e-02	1.021001e+01
1.569000e-05	1.420439e-02	1.021911e+01
1.570000e-05	7.645485e-03	1.026054e+01
1.571000e-05	1.382202e-02	1.025361e+01
1.572000e-05	1.765405e-02	1.027319e+01
1.573000e-05	1.574766e-02	1.026466e+01
1.574000e-05	1.154664e-02	1.029369e+01
1.575000e-05	1.567167e-02	1.030416e+01
1.576000e-05	2.075671e-02	1.026171e+01
1.577000e-05	2.027702e-02	1.026219e+01
1.578000e-05	1.709627e-02	1.026361e+01
1.579000e-05	2.011717e-02	1.022259e+01
1.580000e-05	2.558891e-02	1.025953e+01
1.581000e-05	2.459791e-02	1.018953e+01
1.582000e-05	2.111817e-02	1.022043e+01
1.583000e-05	2.295700e-02	1.010835e+01
1.584000e-05	2.815619e-02	1.013627e+01
1.585000e-05	3.037280e-02	1.010326e+01
1.586000e-05	2.753486e-02	1.006218e+01
1.587000e-05	3.100561e-02	1.004101e+01
1.588000e-05	3.446086e-02	1.002838e+01
1.589000e-05	3.572257e-02	9.886170e+00
1.590000e-05	3.423751e-02	9.899560e+00
1.591000e-05	3.727105e-02	9.789032e+00
1.592000e-05	4.375564e-02	9.735741e+00
1.593000e-05	4.955256e-02	9.661633e+00
1.594000e-05	5.133471e-02	9.576349e+00
1.595000e-05	5.591506e-02	9.505687e+00
1.596000e-05	6.318907e-02	9.442008e+00
1.597000e-05	6.996581e-02	9.396320e+00
1.598000e-05	7.600694e-02	9.294664e+00
1.599000e-05	8.410057e-02	9.260531e+00
1.600000e-05	9.468207e-02	9.185319e+00
1.601000e-05	1.050190e-01	9.033057e+00
1.602000e-05	1.153330e-01	8.916796e+00
1.603000e-05	1.248541e-01	8.871574e+00
1.604000e-05	1.384281e-01	8.774741e+00
1.605000e-05	1.494272e-01	8.631054e+00
1.606000e-05	1.580995e-01	8.545268e+00
1.607000e-05	1.616501e-01	8.452532e+00
1.608000e-05	1.669458e-01	8.357871e+00
1.609000e-05	1.687365e-01	8.219425e+00
1.610000e-05	1.649518e-01	8.084538e+00
1.611000e-05	1.597270e-01	7.997246e+00
1.612000e-05	1.519342e-01	7.821528e+00
1.613000e-05	1.435743e-01	7.716241e+00
1.614000e-05	1.316158e-01	7.608922e+00
1.615000e-05	1.197267e-01	7.438579e+00
1.616000e-05	1.073313e-01	7.272162e+00
1.617000e-05	9.851114e-02	7.135215e+00
1.618000e-05	8.829343e-02	6.988876e+00
1.619000e-05	7.909130e-02	6.873058e+00
1.620000e-05	7.020678e-02	6.756265e+00
1.621000e-05	6.322136e-02	6.556266e+00
1.622000e-05	5.552150e-02	6.408948e+00
1.623000e-05	4.861985e-02	6.271558e+00
1.624000e-05	4.078824e-02	6.134713e+00
1.625000e-05	3.703198e-02	5.988399e+00
1.626000e-05	3.156343e-02	5.809975e+00
1.627000e-05	2.876070e-02	5.630453e+00
1.628000e-05	2.422680e-02	5.483083e+00
1.629000e-05	2.234900e-02	5.294712e+00
1.630000e-05	1.868323e-02	5.144622e+00
1.631000e-05	1.672782e-02	4.943661e+00
1.632000e-05	1.244548e-02	4.693740e+00
1.633000e-05	1.214792e-02	4.577839e+00
1.634000e-05	9.109511e-03	4.419999e+00
1.635000e-05	9.044344e-03	4.218900e+00
1.636000e-05	6.100465e-03	4.040024e+00
1.637000e-05	5.242953e-03	3.881130e+00
1.638000e-05	5.142726e-03	3.693088e+00
1.639000e-05	4.128950e-03	3.506687e+00
1.640000e-05	2.793843e-03	3.346237e+00
1.641000e-05	1.503511e-03	3.134689e+00
1.642000e-05	1.300225e-03	2.976817e+00
1.643000e-05	1.367757e-03	2.810949e+00
1.644000e-05	2.645269e-04	2.608491e+00
1.645000e-05	-7.984818e-04	2.399366e+00
1.646000e-05	-1.640544e-03	2.209922e+00
1.647000e-05	-5.791511e-04	2.042551e+00
1.648000e-05	-7.200096e-04	1.874054e+00
1.649000e-05	-2.584530e-03	1.671479e+00
1.650000e-05	-2.598925e-03	1.451583e+00
1.651000e-05	-2.743103e-03	1.292575e+00
1.652000e-05	-2.071944e-03	1.082448e+00
1.653000e-05	-3.772900e-03	8.325474e-01
1.654000e-05	-4.399875e-03	6.420777e-01
1.655000e-05	-2.953640e-03	4.416078e-01
1.656000e-05	-2.492454e-03	3.025764e-01
1.657000e-05	-4.162713e-03	8.210619e-02
1.658000e-05	-9.776190e-04	-1.058698e-01
1.659000e-05	1.889063e-03	-3.048682e-01
1.660000e-05	-6.545194e-04	-4.421078e-01
1.661000e-05	-2.370040e-03	-6.942343e-01
1.662000e-05	-4.847558e-03	-8.426093e-01
1.663000e-05	-2.872324e-03	-1.029499e+00
1.664000e-05	-2.691903e-03	-1.157996e+00
1.665000e-05	5.968225e-03	-1.338500e+00
1.666000e-05	6.221586e-02	-1.557400e+00
1.667000e-05	2.516965e-02	-1.780080e+00
1.668000e-05	-5.575604e-02	-2.052337e+00
1.669000e-05	-5.429460e-02	-2.306872e+00
1.670000e-05	-9.336902e-02	-2.473234e+00
1.671000e-05	6.765865e-02	-2.547396e+00
1.672000e-05	8.048716e-02	-2.631184e+00
1.673000e-05	-1.463590e-01	-2.927871e+00
1.674000e-05	9.777263e-02	-3.063211e+00
1.675000e-05	5.683698e-02	-3.231108e+00
1.676000e-05	-8.825773e-02	-3.443766e+00
1.677000e-05	5.638958e-02	-3.579000e+00
1.678000e-05	-8.986870e-02	-3.699075e+00
1.679000e-05	-5.177672e-02	-4.020554e+00
1.680000e-05	1.403422e-01	-4.106370e+00
1.681000e-05	-6.036604e-02	-4.315347e+00
1.682000e-05	-5.006486e-04	-4.463684e+00
1.683000e-05	-3.731430e-03	-4.670608e+00
1.684000e-05	-4.417132e-02	-4.892244e+00
1.685000e-05	8.441989e-02	-5.010550e+00
1.686000e-05	-1.129260e-01	-5.190974e+00
1.687000e-05	6.256992e-03	-5.390604e+00
1.688000e-05	7.160283e-02	-5.577503e+00
1.689000e-05	-3.609608e-02	-5.769026e+00
1.690000e-05	2.916498e-03	-5.913791e+00
1.691000e-05	-8.262321e-02	-6.010584e+00
1.692000e-05	5.698473e-02	-6.213064e+00
1.693000e-05	9.012392e-03	-6.361052e+00
1.694000e-05	-6.749190e-02	-6.528926e+00
1.695000e-05	3.920309e-02	-6.633687e+00
1.696000e-05	-3.130163e-02	-6.842563e+00
1.697000e-05	3.950425e-02	-6.928533e+00
1.698000e-05	-4.988481e-02	-7.175925e+00
1.699000e-05	-3.610902e-02	-7.294265e+00
1.700000e-05	3.854110e-02	-7.410056e+00
1.701000e-05	-2.833136e-02	-7.587951e+00
1.702000e-05	1.332146e-02	-7.665291e+00
1.703000e-05	-4.816353e-02	-7.831669e+00
1.704000e-05	2.127557e-02	-7.982057e+00
1.705000e-05	-2.631688e-03	-8.115767e+00
1.706000e-05	-3.432207e-02	-8.233133e+00
1.707000e-05	-6.542105e-03	-8.326896e+00
1.708000e-05	-2.008708e-02	-8.483608e+00
1.709000e-05	2.329771e-02	-8.548403e+00
1.710000e-05	-3.332660e-02	-8.686223e+00
1.711000e-05	-1.494002e-02	-8.832054e+00
1.712000e-05	-6.618743e-03	-8.895195e+00
1.713000e-05	-1.720928e-03	-8.990005e+00
1.714000e-05	-1.311750e-02	-9.063137e+00
1.715000e-05	-3.275258e-02	-9.188947e+00
1.716000e-05	3.006663e-03	-9.221611e+00
1.717000e-05	-7.467791e-03	-9.338000e+00
1.718000e-05	-1.375848e-02	-9.412087e+00
1.719000e-05	-2.696904e-02	-9.526328e+00
1.720000e-05	-8.906124e-03	-9.612078e+00
1.721000e-05	-1.823021e-03	-9.644187e+00
1.722000e-05	-1.920876e-02	-9.725346e+00
1.723000e-05	-2.354812e-02	-9.788978e+00
1.724000e-05	-1.319210e-02	-9.852638e+00
1.725000e-05	-3.302388e-03	-9.894787e+00
1.726000e-05	-2.034719e-02	-9.977922e+00
1.727000e-05	-2.439119e-02	-9.999003e+00
1.728000e-05	-1.514695e-02	-1.005469e+01
1.729000e-05	-7.439447e-03	-1.012477e+01
1.730000e-05	-1.817794e-02	-1.011674e+01
1.731000e-05	-2.487102e-02	-1.014795e+01
1.732000e-05	-1.592093e-02	-1.020101e+01
1.733000e-05	-1.094465e-02	-1.026021e+01
1.734000e-05	-1.954134e-02	-1.030422e+01
1.735000e-05	-2.657158e-02	-1.031487e+01
1.736000e-05	-1.881600e-02	-1.034428e+01
1.737000e-05	-1.444703e-02	-1.037735e+01
1.738000e-05	-1.874086e-02	-1.040750e+01
1.739000e-05	-2.826505e-02	-1.038893e+01
1.740000e-05	-2.277283e-02	-1.038846e+01
1.741000e-05	-1.844193e-02	-1.040945e+01
1.742000e-05	-2.397656e-02	-1.036838e+01
1.743000e-05	-2.941238e-02	-1.035135e+01
1.744000e-05	-2.695459e-02	-1.036585e+01
1.745000e-05	-2.155187e-02	-1.039480e+01
1.746000e-05	-2.759730e-02	-1.033582e+01
1.747000e-05	-3.445393e-02	-1.031429e+01
1.748000e-05	-3.363284e-02	-1.028316e+01
1.749000e-05	-2.878277e-02	-1.022009e+01
1.750000e-05	-3.003082e-02	-1.021928e+01
1.751000e-05	-3.813813e-02	-1.012679e+01
1.752000e-05	-3.659264e-02	-1.009516e+01
1.753000e-05	-3.462290e-02	-1.005313e+01
1.754000e-05	-3.745901e-02	-9.999978e+00
1.755000e-05	-4.447050e-02	-9.936870e+00
1.756000e-05	-4.516307e-02	-9.894740e+00
1.757000e-05	-4.379227e-02	-9.864088e+00
1.758000e-05	-4.757850e-02	-9.799428e+00
1.759000e-05	-5.550179e-02	-9.746822e+00
1.760000e-05	-5.911565e-02	-9.664615e+00
1.761000e-05	-6.012527e-02	-9.641054e+00
1.762000e-05	-6.687489e-02	-9.587299e+00
1.763000e-05	-7.636079e-02	-9.493665e+00
1.764000e-05	-8.282890e-02	-9.378425e+00
1.765000e-05	-8.946791e-02	-9.275166e+00
1.766000e-05	-9.673974e-02	-9.248925e+00
1.767000e-05	-1.117035e-01	-9.104714e+00
1.768000e-05	-1.218783e-01	-9.031000e+00
1.769000e-05	-1.302701e-01	-8.924716e+00
1.770000e-05	-1.393019e-01	-8.852155e+00
1.771000e-05	-1.533609e-01	-8.747244e+00
1.772000e-05	-1.635164e-01	-8.630502e+00
1.773000e-05	-1.675355e-01	-8.513687e+00
1.774000e-05	-1.711839e-01	-8.388450e+00
1.775000e-05	-1.749592e-01	-8.293607e+00
1.776000e-05	-1.740414e-01	-8.136425e+00
1.777000e-05	-1.666480e-01	-8.094630e+00
1.778000e-05	-1.576156e-01	-7.936292e+00
1.779000e-05	-1.510513e-01	-7.809769e+00
1.780000e-05	-1.415086e-01	-7.638955e+00
1.781000e-05	-1.289414e-01	-7.492709e+00
1.782000e-05	-1.164028e-01	-7.326819e+00
1.783000e-05	-1.066709e-01	-7.242045e+00
1.784000e-05	-9.923877e-02	-7.124607e+00
1.785000e-05	-8.797698e-02	-6.894262e+00
1.786000e-05	-7.887794e-02	-6.768820e+00
1.787000e-05	-7.166142e-02	-6.610881e+00
1.788000e-05	-6.505728e-02	-6.493609e+00
1.789000e-05	-5.781271e-02	-6.347841e+00
1.790000e-05	-4.914182e-02	-6.140369e+00
1.791000e-05	-4.548086e-02	-5.990491e+00
1.792000e-05	-4.243192e-02	-5.843127e+00
1.793000e-05	-3.760968e-02	-5.735085e+00
1.794000e-05	-3.196684e-02	-5.556925e+00
1.795000e-05	-2.895334e-02	-5.327743e+00
1.796000e-05	-2.912306e-02	-5.168344e+00
1.797000e-05	-2.533871e-02	-4.960892e+00
1.798000e-05	-2.212686e-02	-4.778866e+00
1.799000e-05	-1.963754e-02	-4.589995e+00
1.800000e-05	-1.984620e-02	-4.482628e+00
1.801000e-05	-1.805279e-02	-4.314136e+00
1.802000e-05	-1.301681e-02	-4.148740e+00
1.803000e-05	-1.352504e-02	-3.999919e+00
1.804000e-05	-1.478105e-02	-3.758421e+00
1.805000e-05	-1.339052e-02	-3.609369e+00
1.806000e-05	-9.884579e-03	-3.429949e+00
1.807000e-05	-1.048528e-02	-3.261580e+00
1.808000e-05	-1.030533e-02	-3.071080e+00
1.809000e-05	-1.217315e-02	-2.861629e+00
1.810000e-05	-8.016071e-03	-2.704084e+00
1.811000e-05	-7.819632e-03	-2.523611e+00
1.812000e-05	-7.486560e-03	-2.326232e+00
1.813000e-05	-8.553359e-03	-2.093134e+00
1.814000e-05	-5.577807e-03	-1.935186e+00
1.815000e-05	-4.583178e-03	-1.747743e+00
1.816000e-05	-6.049695e-03	-1.599441e+00
1.817000e-05	-8.449816e-03	-1.326210e+00
1.818000e-05	-6.204085e-03	-1.125187e+00
1.819000e-05	-4.852481e-03	-9.472106e-01
1.820000e-05	-4.837992e-03	-8.073659e-01
1.821000e-05	-5.827475e-03	-5.553105e-01
1.822000e-05	-4.530704e-03	-3.369434e-01
1.823000e-05	-2.641894e-03	-1.783661e-01
1.824000e-05	6.060382e-04	-2.197005e-02
1.825000e-05	1.444134e-03	1.891290e-01
1.826000e-05	-1.566283e-03	3.804776e-01
1.827000e-05	1.316282e-03	5.764738e-01
1.828000e-05	-2.352529e-03	7.058684e-01
1.829000e-05	-1.831198e-03	8.635894e-01
1.830000e-05	-2.115253e-03	1.105343e+00
1.831000e-05	6.180868e-03	1.253765e+00
1.832000e-05	2.830240e-02	1.454717e+00
1.833000e-05	6.026406e-02	1.786825e+00
1.834000e-05	-1.538674e-02	1.979500e+00
1.835000e-05	-4.968581e-02	2.119951e+00
1.836000e-05	-4.715858e-02	2.306345e+00
1.837000e-05	-5.769800e-02	2.421057e+00
1.838000e-05	4.963258e-02	2.579607e+00
1.839000e-05	6.548000e-02	2.800051e+00
1.840000e-05	-1.096971e-01	2.928974e+00
1.841000e-05	7.778829e-02	3.084841e+00
1.842000e-05	5.474584e-02	3.314875e+00
1.843000e-05	-4.357725e-02	3.543374e+00
1.844000e-05	2.193733e-02	3.614259e+00
1.845000e-05	-5.886536e-02	3.843114e+00
1.846000e-05	-9.403163e-03	3.990503e+00
1.847000e-05	8.173255e-02	4.189107e+00
1.848000e-05	-2.282216e-02	4.429582e+00
1.849000e-05	-1.378546e-02	4.528972e+00
1.850000e-05	4.051850e-03	4.757425e+00
1.851000e-05	-5.853874e-04	4.896826e+00
1.852000e-05	3.535050e-02	5.119875e+00
1.853000e-05	-4.330757e-02	5.349474e+00
1.854000e-05	4.112834e-03	5.514295e+00
1.855000e-05	3.431618e-02	5.673212e+00
1.856000e-05	1.991634e-02	5.841638e+00
1.857000e-05	-2.426359e-02	6.021533e+00
1.858000e-05	-2.993713e-02	6.127420e+00
1.859000e-05	4.166113e-02	6.293741e+00
1.860000e-05	7.080842e-03	6.452557e+00
1.861000e-05	-4.960875e-03	6.581085e+00
1.862000e-05	3.249646e-03	6.768975e+00
1.863000e-05	6.747407e-03	6.935899e+00
1.864000e-05	1.924784e-02	7.052615e+00
1.865000e-05	-1.086105e-02	7.156902e+00
1.866000e-05	-9.412974e-03	7.345821e+00
1.867000e-05	1.268561e-02	7.493746e+00
1.868000e-05	1.729388e-02	7.641162e+00
1.869000e-05	6.657368e-03	7.747900e+00
1.870000e-05	-8.726416e-03	7.923871e+00
1.871000e-05	1.393588e-02	8.072692e+00
1.872000e-05	1.017725e-02	8.179929e+00
1.873000e-05	8.794689e-04	8.313720e+00
1.874000e-05	-1.116251e-03	8.411054e+00
1.875000e-05	5.725688e-03	8.513716e+00
1.876000e-05	1.731845e-02	8.549953e+00
1.877000e-05	4.382210e-03	8.703787e+00
1.878000e-05	2.522514e-03	8.767953e+00
1.879000e-05	5.054711e-03	8.893136e+00
1.880000e-05	1.324491e-02	8.957481e+00
1.881000e-05	5.766386e-03	9.104796e+00
1.882000e-05	-5.201403e-04	9.180006e+00
1.883000e-05	1.050152e-02	9.262684e+00
1.884000e-05	1.258856e-02	9.367798e+00
1.885000e-05	9.352451e-03	9.430484e+00
1.886000e-05	2.754481e-03	9.493265e+00
1.887000e-05	8.286770e-03	9.536880e+00
1.888000e-05	1.270422e-02	9.652083e+00
1.889000e-05	7.641554e-03	9.725166e+00
1.890000e-05	5.296551e-03	9.756325e+00
1.891000e-05	1.024155e-02	9.840588e+00
1.892000e-05	1.574168e-02	9.924195e+00
1.893000e-05	9.733628e-03	9.978977e+00
1.894000e-05	6.664726e-03	1.002143e+01
1.895000e-05	1.036363e-02	1.007214e+01
1.896000e-05	1.375083e-02	1.008516e+01
1.897000e-05	1.148229e-02	1.011472e+01
1.898000e-05	8.525005e-03	1.011640e+01
1.899000e-05	1.189936e-02	1.022840e+01
1.900000e-05	1.503157e-02	1.017793e+01
1.901000e-05	1.532753e-02	1.025358e+01
1.902000e-05	1.078599e-02	1.025062e+01
1.903000e-05	1.702289e-02	1.027172e+01
1.904000e-05	1.645884e-02	1.028266e+01
1.905000e-05	1.529814e-02	1.028374e+01
1.906000e-05	1.116742e-02	1.028419e+01
1.907000e-05	1.476638e-02	1.029323e+01
1.908000e-05	1.871628e-02	1.026469e+01
1.909000e-05	2.011207e-02	1.028371e+01
1.910000e-05	2.067976e-02	1.027361e+01
1.911000e-05	2.120687e-02	1.023306e+01
1.912000e-05	2.405787e-02	1.022006e+01
1.913000e-05	2.322520e-02	1.026145e+01
1.914000e-05	2.256459e-02	1.016790e+01
1.915000e-05	2.410156e-02	1.015985e+01
1.916000e-05	2.797264e-02	1.009577e+01
1.917000e-05	2.866816e-02	1.010417e+01
1.918000e-05	3.055766e-02	1.006161e+01
1.919000e-05	3.009881e-02	1.005056e+01
1.920000e-05	3.451039e-02	9.990423e+00
1.921000e-05	3.413266e-02	9.947242e+00
1.922000e-05	3.541707e-02	9.893639e+00
1.923000e-05	3.736568e-02	9.808926e+00
1.924000e-05	4.459870e-02	9.705792e+00
1.925000e-05	4.776365e-02	9.681585e+00
1.926000e-05	5.131930e-02	9.547874e+00
1.927000e-05	5.592744e-02	9.494189e+00
1.928000e-05	6.352259e-02	9.453084e+00
1.929000e-05	6.869902e-02	9.387873e+00
1.930000e-05	7.629686e-02	9.314688e+00
1.931000e-05	8.358336e-02	9.271430e+00
1.932000e-05	9.471671e-02	9.166895e+00
1.933000e-05	1.038075e-01	9.071979e+00
1.934000e-05	1.136325e-01	8.914766e+00
1.935000e-05	1.247963e-01	8.840428e+00
1.936000e-05	1.389480e-01	8.746319e+00
1.937000e-05	1.483528e-01	8.661976e+00
1.938000e-05	1.560296e-01	8.535344e+00
1.939000e-05	1.618824e-01	8.461984e+00
1.940000e-05	1.673158e-01	8.357296e+00
1.941000e-05	1.670983e-01	8.189953e+00
1.942000e-05	1.644372e-01	8.125213e+00
1.943000e-05	1.599327e-01	7.978296e+00
1.944000e-05	1.525512e-01	7.862460e+00
1.945000e-05	1.440670e-01	7.726209e+00
1.946000e-05	1.314852e-01	7.620376e+00
1.947000e-05	1.201624e-01	7.471531e+00
1.948000e-05	1.090863e-01	7.273683e+00
1.949000e-05	9.804726e-02	7.155692e+00
1.950000e-05	8.786407e-02	7.010429e+00
1.951000e-05	7.923767e-02	6.882605e+00
1.952000e-05	7.156527e-02	6.757321e+00
1.953000e-05	6.454012e-02	6.568271e+00
1.954000e-05	5.550569e-02	6.419449e+00
1.955000e-05	4.895657e-02	6.292135e+00
1.956000e-05	4.281815e-02	6.113263e+00
1.957000e-05	3.739373e-02	6.019425e+00
1.958000e-05	3.197816e-02	5.820478e+00
1.959000e-05	2.716368e-02	5.661004e+00
1.960000e-05	2.522754e-02	5.502608e+00
1.961000e-05	2.349841e-02	5.304742e+00
1.962000e-05	1.939051e-02	5.146588e+00
1.963000e-05	1.601286e-02	4.883159e+00
1.964000e-05	1.375483e-02	4.717237e+00
1.965000e-05	1.341433e-02	4.587344e+00
1.966000e-05	1.033212e-02	4.410503e+00
1.967000e-05	6.796593e-03	4.282004e+00
1.968000e-05	6.594737e-03	4.070553e+00
1.969000e-05	6.529795e-03	3.842559e+00
1.970000e-05	4.689157e-03	3.693635e+00
1.971000e-05	2.765450e-03	3.566739e+00
1.972000e-05	3.047194e-03	3.342712e+00
1.973000e-05	4.026441e-03	3.145665e+00
1.974000e-05	1.765721e-03	3.006895e+00
1.975000e-05	5.946271e-04	2.829922e+00
1.976000e-05	-5.784833e-04	2.659381e+00
1.977000e-05	5.150672e-04	2.369916e+00
1.978000e-05	-6.271179e-04	2.251024e+00
1.979000e-05	-2.491303e-03	2.071080e+00
1.980000e-05	-2.778908e-03	1.894133e+00
1.981000e-05	2.102968e-05	1.643700e+00
1.982000e-05	-1.209598e-03	1.462184e+00
1.983000e-05	-2.848138e-03	1.263107e+00
1.984000e-05	-3.936658e-03	1.071053e+00
1.985000e-05	-3.044141e-03	8.115487e-01
1.986000e-05	-3.188033e-03	6.615528e-01
1.987000e-05	-4.402355e-03	4.836528e-01
1.988000e-05	-3.812477e-03	3.046356e-01
1.989000e-05	-2.686129e-03	8.363151e-02
1.990000e-05	2.606932e-04	-1.148397e-01
1.991000e-05	1.904140e-03	-2.737157e-01
1.992000e-05	-2.441459e-03	-4.010790e-01
1.993000e-05	-1.561944e-03	-5.717119e-01
1.994000e-05	-3.419737e-03	-8.216065e-01
1.995000e-05	-2.036521e-03	-9.284264e-01
1.996000e-05	-3.792293e-03	-1.107947e+00
1.997000e-05	5.274936e-03	-1.266892e+00
1.998000e-05	5.986509e-02	-1.546971e+00
1.999000e-05	3.230829e-02	-1.735902e+00
2.000000e-05	-5.672287e-02	-2.051107e+00
2.001000e-05	-5.277894e-02	-2.284821e+00
2.002000e-05	-9.556516e-02	-2.494159e+00
2.003000e-05	5.480511e-02	-2.547344e+00
2.004000e-05	9.506535e-02	-2.633210e+00
2.005000e-05	-1.466380e-01	-2.874291e+00
2.006000e-05	7.830826e-02	-3.056067e+00
2.007000e-05	7.583254e-02	-3.209580e+00
2.008000e-05	-9.337073e-02	-3.422187e+00
2.009000e-05	5.197492e-02	-3.599475e+00
2.010000e-05	-7.670707e-02	-3.727497e+00
2.011000e-05	-6.675661e-02	-3.979976e+00
2.012000e-05	1.418592e-01	-4.125815e+00
2.013000e-05	-5.214098e-02	-4.295849e+00
2.014000e-05	-1.051171e-02	-4.432685e+00
2.015000e-05	7.469085e-03	-4.630634e+00
2.016000e-05	-5.149254e-02	-4.861796e+00
2.017000e-05	8.526661e-02	-5.010529e+00
2.018000e-05	-1.050297e-01	-5.148905e+00
2.019000e-05	-6.783326e-03	-5.411058e+00
2.020000e-05	7.927522e-02	-5.539003e+00
2.021000e-05	-3.980829e-02	-5.758950e+00
2.022000e-05	4.943885e-03	-5.863238e+00
2.023000e-05	-7.963969e-02	-5.992607e+00
2.024000e-05	4.874144e-02	-6.182083e+00
2.025000e-05	1.853004e-02	-6.388450e+00
2.026000e-05	-7.516652e-02	-6.516921e+00
2.027000e-05	4.099300e-02	-6.673264e+00
2.028000e-05	-2.782083e-02	-6.801533e+00
2.029000e-05	3.518001e-02	-6.980033e+00
2.030000e-05	-4.354444e-02	-7.136950e+00
2.031000e-05	-4.324182e-02	-7.294213e+00
2.032000e-05	4.358804e-02	-7.419504e+00
2.033000e-05	-3.006611e-02	-7.567928e+00
2.034000e-05	1.171347e-02	-7.684767e+00
2.035000e-05	-4.462564e-02	-7.813263e+00
2.036000e-05	1.849897e-02	-7.970005e+00
2.037000e-05	1.591563e-03	-8.115218e+00
2.038000e-05	-3.885576e-02	-8.250634e+00
2.039000e-05	-4.734789e-03	-8.316345e+00
2.040000e-05	-1.982530e-02	-8.471583e+00
2.041000e-05	2.456923e-02	-8.526404e+00
2.042000e-05	-3.289967e-02	-8.645297e+00
2.043000e-05	-1.663802e-02	-8.841954e+00
2.044000e-05	-3.169494e-03	-8.913767e+00
2.045000e-05	-2.329911e-03	-8.971054e+00
2.046000e-05	-1.357720e-02	-9.064214e+00
2.047000e-05	-3.490959e-02	-9.168922e+00
2.048000e-05	3.158574e-03	-9.213610e+00
2.049000e-05	-4.828211e-03	-9.347919e+00
2.050000e-05	-1.442363e-02	-9.428585e+00
2.051000e-05	-2.765963e-02	-9.514819e+00
2.052000e-05	-9.599373e-03	-9.641106e+00
2.053000e-05	3.569031e-04	-9.664636e+00
2.054000e-05	-1.975853e-02	-9.716774e+00
2.055000e-05	-2.410076e-02	-9.780005e+00
2.056000e-05	-1.226806e-02	-9.854212e+00
2.057000e-05	-1.933161e-03	-9.906792e+00
2.058000e-05	-1.955872e-02	-9.966871e+00
2.059000e-05	-2.705599e-02	-1.000998e+01
2.060000e-05	-1.542800e-02	-1.006263e+01
2.061000e-05	-5.769809e-03	-1.009319e+01
2.062000e-05	-1.828459e-02	-1.010524e+01
2.063000e-05	-2.465440e-02	-1.013742e+01
2.064000e-05	-1.618905e-02	-1.022051e+01
2.065000e-05	-8.564464e-03	-1.022211e+01
2.066000e-05	-2.034738e-02	-1.028364e+01
2.067000e-05	-2.962328e-02	-1.034515e+01
2.068000e-05	-2.055830e-02	-1.034492e+01
2.069000e-05	-1.273159e-02	-1.035843e+01
2.070000e-05	-1.763812e-02	-1.037903e+01
2.071000e-05	-2.877409e-02	-1.039798e+01
2.072000e-05	-2.251228e-02	-1.036843e+01
2.073000e-05	-1.640557e-02	-1.040893e+01
2.074000e-05	-2.314023e-02	-1.040703e+01
2.075000e-05	-3.144592e-02	-1.039983e+01
2.076000e-05	-2.935429e-02	-1.037590e+01
2.077000e-05	-2.110384e-02	-1.032785e+01
2.078000e-05	-2.573820e-02	-1.034480e+01
2.079000e-05	-3.484836e-02	-1.029322e+01
2.080000e-05	-3.470602e-02	-1.025261e+01
2.081000e-05	-2.748332e-02	-1.023118e+01
2.082000e-05	-2.888949e-02	-1.017940e+01
2.083000e-05	-3.851832e-02	-1.011675e+01
2.084000e-05	-3.994419e-02	-1.008774e+01
2.085000e-05	-3.287186e-02	-1.004158e+01
2.086000e-05	-3.642346e-02	-1.004000e+01
2.087000e-05	-4.416472e-02	-9.967372e+00
2.088000e-05	-4.630614e-02	-9.935268e+00
2.089000e-05	-4.230421e-02	-9.873084e+00
2.090000e-05	-4.467040e-02	-9.790428e+00
2.091000e-05	-5.594519e-02	-9.778345e+00
2.092000e-05	-6.206209e-02	-9.654166e+00
2.093000e-05	-6.091754e-02	-9.652032e+00
2.094000e-05	-6.345218e-02	-9.577849e+00
2.095000e-05	-7.530752e-02	-9.512635e+00
2.096000e-05	-8.524239e-02	-9.389399e+00
2.097000e-05	-8.719103e-02	-9.315190e+00
2.098000e-05	-9.366248e-02	-9.207947e+00
2.099000e-05	-1.088129e-01	-9.116239e+00
2.100000e-05	-1.253972e-01	-9.059499e+00
2.101000e-05	-1.309904e-01	-8.915772e+00
2.102000e-05	-1.387749e-01	-8.871627e+00
2.103000e-05	-1.497740e-01	-8.756871e+00
2.104000e-05	-1.643367e-01	-8.650452e+00
2.105000e-05	-1.667658e-01	-8.496694e+00
2.106000e-05	-1.685656e-01	-8.399350e+00
2.107000e-05	-1.735394e-01	-8.294713e+00
2.108000e-05	-1.763714e-01	-8.188871e+00
2.109000e-05	-1.693794e-01	-8.072984e+00
2.110000e-05	-1.573612e-01	-7.957418e+00
2.111000e-05	-1.497178e-01	-7.787930e+00
2.112000e-05	-1.432404e-01	-7.619630e+00
2.113000e-05	-1.297533e-01	-7.495085e+00
2.114000e-05	-1.160514e-01	-7.357396e+00
2.115000e-05	-1.069798e-01	-7.242549e+00
2.116000e-05	-1.012589e-01	-7.103587e+00
2.117000e-05	-9.016736e-02	-6.934716e+00
2.118000e-05	-7.786674e-02	-6.788922e+00
2.119000e-05	-7.062311e-02	-6.651576e+00
2.120000e-05	-6.598491e-02	-6.504159e+00
2.121000e-05	-5.919090e-02	-6.409345e+00
2.122000e-05	-5.000999e-02	-6.196921e+00
2.123000e-05	-4.405948e-02	-6.030896e+00
2.124000e-05	-4.311280e-02	-5.883657e+00
2.125000e-05	-3.896856e-02	-5.686216e+00
2.126000e-05	-3.129139e-02	-5.568367e+00
2.127000e-05	-2.934149e-02	-5.409347e+00
2.128000e-05	-2.834523e-02	-5.148320e+00
2.129000e-05	-2.625057e-02	-5.010474e+00
2.130000e-05	-2.219589e-02	-4.788245e+00
2.131000e-05	-1.981548e-02	-4.619449e+00
2.132000e-05	-1.997744e-02	-4.452630e+00
2.133000e-05	-1.928422e-02	-4.325711e+00
2.134000e-05	-1.442196e-02	-4.186390e+00
2.135000e-05	-1.446198e-02	-4.010920e+00
2.136000e-05	-1.237220e-02	-3.809398e+00
2.137000e-05	-1.411156e-02	-3.629472e+00
2.138000e-05	-9.252539e-03	-3.451954e+00
2.139000e-05	-9.826329e-03	-3.242128e+00
2.140000e-05	-1.057699e-02	-3.110131e+00
2.141000e-05	-1.127980e-02	-2.872105e+00
2.142000e-05	-9.007737e-03	-2.674160e+00
2.143000e-05	-8.641365e-03	-2.515209e+00
2.144000e-05	-7.188000e-03	-2.327336e+00
2.145000e-05	-6.756500e-03	-2.094684e+00
2.146000e-05	-5.830938e-03	-1.967811e+00
2.147000e-05	-5.704745e-03	-1.756417e+00
2.148000e-05	-6.533583e-03	-1.609466e+00
2.149000e-05	-8.092715e-03	-1.356237e+00
2.150000e-05	-7.646725e-03	-1.137263e+00
2.151000e-05	-5.594144e-03	-9.172132e-01
2.152000e-05	-5.087304e-03	-7.798699e-01
2.153000e-05	-3.824881e-03	-5.662896e-01
2.154000e-05	-3.767550e-03	-3.573397e-01
2.155000e-05	-2.513596e-03	-2.199511e-01
2.156000e-05	-5.232310e-04	-1.002468e-02
2.157000e-05	2.548412e-03	1.885052e-01
2.158000e-05	-2.394663e-03	3.784499e-01
2.159000e-05	-5.751627e-04	5.378946e-01
2.160000e-05	-2.239537e-03	6.862434e-01
2.161000e-05	7.223394e-06	8.412330e-01
2.162000e-05	-1.437244e-03	1.053292e+00
2.163000e-05	3.332603e-03	1.273764e+00
2.164000e-05	2.572761e-02	1.464342e+00
2.165000e-05	6.184461e-02	1.688424e+00
2.166000e-05	-8.149122e-03	1.926947e+00
2.167000e-05	-5.298870e-02	2.118397e+00
2.168000e-05	-4.739045e-02	2.305792e+00
2.169000e-05	-5.694018e-02	2.461053e+00
2.170000e-05	4.125166e-02	2.536345e+00
2.171000e-05	7.574834e-02	2.809530e+00
2.172000e-05	-1.099399e-01	2.918447e+00
2.173000e-05	6.706034e-02	3.084293e+00
2.174000e-05	6.896697e-02	3.335845e+00
2.175000e-05	-4.739092e-02	3.524795e+00
2.176000e-05	1.934044e-02	3.632679e+00
2.177000e-05	-5.231072e-02	3.832764e+00
2.178000e-05	-1.793157e-02	3.989476e+00
2.179000e-05	8.292192e-02	4.149580e+00
2.180000e-05	-1.667982e-02	4.430559e+00
2.181000e-05	-1.764841e-02	4.547400e+00
2.182000e-05	7.619564e-03	4.726346e+00
2.183000e-05	-6.643843e-03	4.917401e+00
2.184000e-05	3.517760e-02	5.145878e+00
2.185000e-05	-4.058806e-02	5.347898e+00
2.186000e-05	3.218258e-03	5.516342e+00
2.187000e-05	3.523391e-02	5.662632e+00
2.188000e-05	1.980446e-02	5.811657e+00
2.189000e-05	-2.110356e-02	6.040056e+00
2.190000e-05	-3.233410e-02	6.157448e+00
2.191000e-05	3.830196e-02	6.295291e+00
2.192000e-05	8.229579e-03	6.440081e+00
2.193000e-05	-6.832518e-03	6.587005e+00
2.194000e-05	5.947861e-03	6.770004e+00
2.195000e-05	7.307382e-03	6.924772e+00
2.196000e-05	1.866443e-02	7.050638e+00
2.197000e-05	-1.009877e-02	7.187976e+00
2.198000e-05	-1.090854e-02	7.333296e+00
2.199000e-05	1.256051e-02	7.442221e+00
2.200000e-05	1.408697e-02	7.640160e+00
2.201000e-05	6.567231e-03	7.758976e+00
2.202000e-05	-7.987515e-03	7.942269e+00
2.203000e-05	1.536214e-02	8.032217e+00
2.204000e-05	9.564932e-03	8.140005e+00
2.205000e-05	-1.003965e-03	8.292767e+00
2.206000e-05	2.292307e-04	8.410531e+00
2.207000e-05	6.035368e-03	8.483212e+00
2.208000e-05	1.666053e-02	8.578901e+00
2.209000e-05	2.834758e-03	8.671764e+00
2.210000e-05	2.872704e-03	8.787928e+00
2.211000e-05	6.982573e-03	8.872186e+00
2.212000e-05	1.201065e-02	8.956901e+00
2.213000e-05	4.505305e-03	9.083696e+00
2.214000e-05	-2.630904e-04	9.207977e+00
2.215000e-05	1.218216e-02	9.283636e+00
2.216000e-05	1.343134e-02	9.315847e+00
2.217000e-05	7.597312e-03	9.421032e+00
2.218000e-05	2.668735e-03	9.494265e+00
2.219000e-05	1.023839e-02	9.577422e+00
2.220000e-05	1.276038e-02	9.630980e+00
2.221000e-05	5.856144e-03	9.714717e+00
2.222000e-05	4.535983e-03	9.747978e+00
2.223000e-05	1.190827e-02	9.831712e+00
2.224000e-05	1.645756e-02	9.902689e+00
2.225000e-05	8.676343e-03	9.978420e+00
2.226000e-05	5.888927e-03	1.000098e+01
2.227000e-05	1.095975e-02	1.006256e+01
2.228000e-05	1.511665e-02	1.007469e+01
2.229000e-05	1.048569e-02	1.008317e+01
2.230000e-05	6.428008e-03	1.018677e+01
2.231000e-05	1.357241e-02	1.015883e+01
2.232000e-05	1.746029e-02	1.021995e+01
2.233000e-05	1.373827e-02	1.021948e+01
2.234000e-05	8.603659e-03	1.022211e+01
2.235000e-05	1.540910e-02	1.026167e+01
2.236000e-05	1.956385e-02	1.028153e+01
2.237000e-05	1.702169e-02	1.026467e+01
2.238000e-05	1.120515e-02	1.027219e+01
2.239000e-05	1.637140e-02	1.027422e+01
2.240000e-05	2.046761e-02	1.027466e+01
2.241000e-05	1.891863e-02	1.027409e+01
2.242000e-05	1.643629e-02	1.027209e+01
2.243000e-05	2.025398e-02	1.025259e+01
2.244000e-05	2.625008e-02	1.021306e+01
2.245000e-05	2.504524e-02	1.019903e+01
2.246000e-05	2.179148e-02	1.019905e+01
2.247000e-05	2.342236e-02	1.020735e+01
2.248000e-05	2.952827e-02	1.014674e+01
2.249000e-05	2.933744e-02	1.012472e+01
2.250000e-05	2.656394e-02	1.005461e+01
2.251000e-05	2.902000e-02	1.003103e+01
2.252000e-05	3.437628e-02	1.000950e+01
2.253000e-05	3.561306e-02	9.976319e+00
2.254000e-05	3.422934e-02	9.883211e+00
2.255000e-05	3.807996e-02	9.788878e+00
2.256000e-05	4.468955e-02	9.734321e+00
2.257000e-05	4.910435e-02	9.682557e+00
2.258000e-05	4.949973e-02	9.598873e+00
2.259000e-05	5.393892e-02	9.534766e+00
2.260000e-05	6.169724e-02	9.441554e+00
2.261000e-05	6.929513e-02	9.346350e+00
2.262000e-05	7.418731e-02	9.284688e+00
2.263000e-05	8.303007e-02	9.263130e+00
2.264000e-05	9.504698e-02	9.199447e+00
2.265000e-05	1.042360e-01	9.042533e+00
2.266000e-05	1.119097e-01	8.957821e+00
2.267000e-05	1.223125e-01	8.831504e+00
2.268000e-05	1.363443e-01	8.746769e+00
2.269000e-05	1.482917e-01	8.642058e+00
2.270000e-05	1.560648e-01	8.516820e+00
2.271000e-05	1.606172e-01	8.463030e+00
2.272000e-05	1.650607e-01	8.376395e+00
2.273000e-05	1.699410e-01	8.249507e+00
2.274000e-05	1.654090e-01	8.114187e+00
2.275000e-05	1.590955e-01	8.027370e+00
2.276000e-05	1.519086e-01	7.870560e+00
2.277000e-05	1.449498e-01	7.745741e+00
2.278000e-05	1.332940e-01	7.608454e+00
2.279000e-05	1.193534e-01	7.481929e+00
2.280000e-05	1.082461e-01	7.273636e+00
2.281000e-05	1.000615e-01	7.144794e+00
2.282000e-05	8.996687e-02	7.040553e+00
2.283000e-05	7.935268e-02	6.892608e+00
2.284000e-05	7.104056e-02	6.756817e+00
2.285000e-05	6.470554e-02	6.597298e+00
2.286000e-05	5.605391e-02	6.461422e+00
2.287000e-05	4.786689e-02	6.313685e+00
2.288000e-05	4.138285e-02	6.145762e+00
2.289000e-05	3.731782e-02	6.030451e+00
2.290000e-05	3.221505e-02	5.862551e+00
2.291000e-05	2.807779e-02	5.681603e+00
2.292000e-05	2.590082e-02	5.503157e+00
2.293000e-05	2.261553e-02	5.324290e+00
2.294000e-05	2.002276e-02	5.146263e+00
2.295000e-05	1.551483e-02	4.944740e+00
2.296000e-05	1.352320e-02	4.746737e+00
2.297000e-05	1.261937e-02	4.587792e+00
2.298000e-05	1.107731e-02	4.419451e+00
2.299000e-05	8.185543e-03	4.251902e+00
2.300000e-05	6.538700e-03	4.032525e+00
2.301000e-05	4.897093e-03	3.881158e+00
2.302000e-05	4.790870e-03	3.693233e+00
2.303000e-05	3.738581e-03	3.565295e+00
2.304000e-05	2.747796e-03	3.334266e+00
2.305000e-05	2.313661e-03	3.175338e+00
2.306000e-05	2.755692e-03	2.976818e+00
2.307000e-05	1.951757e-03	2.869999e+00
2.308000e-05	1.257816e-05	2.660921e+00
2.309000e-05	-1.331298e-03	2.389320e+00
2.310000e-05	-9.395344e-04	2.231949e+00
2.311000e-05	-1.047704e-03	2.062027e+00
2.312000e-05	-1.534765e-03	1.922634e+00
2.313000e-05	-2.183327e-03	1.672055e+00
2.314000e-05	-1.927178e-03	1.511532e+00
2.315000e-05	-2.221021e-03	1.282133e+00
2.316000e-05	-2.802621e-03	1.073105e+00
2.317000e-05	-4.440176e-03	8.411011e-01
2.318000e-05	-3.077919e-03	6.720801e-01
2.319000e-05	-2.538437e-03	5.026317e-01
2.320000e-05	-3.244745e-03	3.137142e-01
2.321000e-05	-3.484304e-03	1.331076e-01
2.322000e-05	-2.057048e-03	-8.531824e-02
2.323000e-05	2.405595e-03	-2.637857e-01
2.324000e-05	-2.671769e-03	-4.095289e-01
2.325000e-05	-2.702720e-03	-6.016357e-01
2.326000e-05	-3.842398e-03	-7.910052e-01
2.327000e-05	-1.351909e-03	-9.584464e-01
2.328000e-05	-2.473214e-03	-1.096321e+00
2.329000e-05	2.572320e-03	-1.328416e+00
2.330000e-05	5.692967e-02	-1.536447e+00
2.331000e-05	3.943444e-02	-1.727900e+00
2.332000e-05	-5.649097e-02	-1.980129e+00
2.333000e-05	-5.229732e-02	-2.256366e+00
2.334000e-05	-9.646754e-02	-2.462589e+00
2.335000e-05	4.123910e-02	-2.525896e+00
2.336000e-05	1.105588e-01	-2.598604e+00
2.337000e-05	-1.450296e-01	-2.843142e+00
2.338000e-05	5.820947e-02	-3.072688e+00
2.339000e-05	9.109071e-02	-3.199549e+00
2.340000e-05	-9.564025e-02	-3.433733e+00
2.341000e-05	4.576947e-02	-3.608949e+00
2.342000e-05	-6.378421e-02	-3.705773e+00
2.343000e-05	-8.326646e-02	-4.000499e+00
2.344000e-05	1.438879e-01	-4.093242e+00
2.345000e-05	-3.963711e-02	-4.273821e+00
2.346000e-05	-2.347463e-02	-4.433636e+00
2.347000e-05	1.592735e-02	-4.551134e+00
2.348000e-05	-5.846540e-02	-4.814211e+00
2.349000e-05	8.578183e-02	-5.010030e+00
2.350000e-05	-9.526965e-02	-5.138475e+00
2.351000e-05	-2.464733e-02	-5.368925e+00
2.352000e-05	8.741308e-02	-5.527451e+00
2.353000e-05	-3.771619e-02	-5.747900e+00
2.354000e-05	7.140279e-03	-5.865139e+00
2.355000e-05	-7.875276e-02	-6.072079e+00
2.356000e-05	3.696306e-02	-6.190509e+00
2.357000e-05	3.195350e-02	-6.387954e+00
2.358000e-05	-7.995981e-02	-6.517847e+00
2.359000e-05	3.791560e-02	-6.673583e+00
2.360000e-05	-2.714211e-02	-6.751533e+00
2.361000e-05	3.292722e-02	-6.966428e+00
2.362000e-05	-3.347952e-02	-7.086425e+00
2.363000e-05	-5.344566e-02	-7.223145e+00
2.364000e-05	4.566537e-02	-7.380975e+00
2.365000e-05	-2.783686e-02	-7.547428e+00
2.366000e-05	1.197796e-02	-7.675292e+00
2.367000e-05	-4.460318e-02	-7.852668e+00
2.368000e-05	1.119289e-02	-8.000478e+00
2.369000e-05	1.004768e-02	-8.095746e+00
2.370000e-05	-3.939855e-02	-8.232607e+00
2.371000e-05	-4.168631e-03	-8.305772e+00
2.372000e-05	-2.317489e-02	-8.411061e+00
2.373000e-05	2.468665e-02	-8.537347e+00
2.374000e-05	-2.967747e-02	-8.694790e+00
2.375000e-05	-2.200569e-02	-8.820005e+00
2.376000e-05	-2.530524e-03	-8.864691e+00
2.377000e-05	-1.914487e-03	-9.000005e+00
2.378000e-05	-8.496053e-03	-9.093186e+00
2.379000e-05	-3.634186e-02	-9.178925e+00
2.380000e-05	2.079008e-04	-9.273559e+00
2.381000e-05	-4.632468e-03	-9.337302e+00
2.382000e-05	-1.336855e-02	-9.420082e+00
2.383000e-05	-2.713349e-02	-9.525848e+00
2.384000e-05	-1.176242e-02	-9.640055e+00
2.385000e-05	2.160092e-03	-9.653086e+00
2.386000e-05	-1.711179e-02	-9.725296e+00
2.387000e-05	-2.391358e-02	-9.789478e+00
2.388000e-05	-1.491768e-02	-9.853088e+00
2.389000e-05	-1.692993e-03	-9.934766e+00
2.390000e-05	-1.850069e-02	-9.936423e+00
2.391000e-05	-2.680389e-02	-9.989504e+00
2.392000e-05	-1.724076e-02	-1.007303e+01
2.393000e-05	-6.037210e-03	-1.008471e+01
2.394000e-05	-1.605211e-02	-1.010619e+01
2.395000e-05	-2.575797e-02	-1.015732e+01
2.396000e-05	-1.780193e-02	-1.021853e+01
2.397000e-05	-9.423174e-03	-1.025059e+01
2.398000e-05	-1.759329e-02	-1.029474e+01
2.399000e-05	-2.929891e-02	-1.033427e+01
2.400000e-05	-2.192062e-02	-1.037735e+01
2.401000e-05	-1.264764e-02	-1.035833e+01
2.402000e-05	-1.700585e-02	-1.041888e+01
2.403000e-05	-2.874262e-02	-1.038945e+01
2.404000e-05	-2.479951e-02	-1.041896e+01
2.405000e-05	-1.719387e-02	-1.039848e+01
2.406000e-05	-2.136132e-02	-1.040938e+01
2.407000e-05	-2.997923e-02	-1.038881e+01
2.408000e-05	-2.954090e-02	-1.038598e+01
2.409000e-05	-2.071041e-02	-1.033732e+01
2.410000e-05	-2.506653e-02	-1.036585e+01
2.411000e-05	-3.443941e-02	-1.029371e+01
2.412000e-05	-3.524428e-02	-1.026218e+01
2.413000e-05	-2.907505e-02	-1.021048e+01
2.414000e-05	-2.910877e-02	-1.017936e+01
2.415000e-05	-3.791899e-02	-1.014589e+01
2.416000e-05	-3.868905e-02	-1.007474e+01
2.417000e-05	-3.399507e-02	-1.005311e+01
2.418000e-05	-3.554833e-02	-1.003106e+01
2.419000e-05	-4.358414e-02	-9.977449e+00
2.420000e-05	-4.695466e-02	-9.895743e+00
2.421000e-05	-4.331046e-02	-9.933214e+00
2.422000e-05	-4.597734e-02	-9.831007e+00
2.423000e-05	-5.461295e-02	-9.725820e+00
2.424000e-05	-6.021080e-02	-9.684087e+00
2.425000e-05	-6.022570e-02	-9.651554e+00
2.426000e-05	-6.402649e-02	-9.599349e+00
2.427000e-05	-7.376228e-02	-9.524720e+00
2.428000e-05	-8.342415e-02	-9.409922e+00
2.429000e-05	-8.799677e-02	-9.295240e+00
2.430000e-05	-9.577209e-02	-9.240427e+00
2.431000e-05	-1.087633e-01	-9.135793e+00
2.432000e-05	-1.213997e-01	-9.051554e+00
2.433000e-05	-1.287825e-01	-8.898820e+00
2.434000e-05	-1.379482e-01	-8.834059e+00
2.435000e-05	-1.502652e-01	-8.776847e+00
2.436000e-05	-1.618828e-01	-8.702501e+00
2.437000e-05	-1.672428e-01	-8.535218e+00
2.438000e-05	-1.706806e-01	-8.410475e+00
2.439000e-05	-1.739746e-01	-8.303637e+00
2.440000e-05	-1.750568e-01	-8.177846e+00
2.441000e-05	-1.682269e-01	-8.083113e+00
2.442000e-05	-1.581721e-01	-7.988247e+00
2.443000e-05	-1.506432e-01	-7.849444e+00
2.444000e-05	-1.425701e-01	-7.652108e+00
2.445000e-05	-1.298717e-01	-7.534212e+00
2.446000e-05	-1.188317e-01	-7.367295e+00
2.447000e-05	-1.067126e-01	-7.250555e+00
2.448000e-05	-1.002606e-01	-7.123182e+00
2.449000e-05	-9.062919e-02	-6.925713e+00
2.450000e-05	-7.967601e-02	-6.808271e+00
2.451000e-05	-7.232621e-02	-6.641533e+00
2.452000e-05	-6.562600e-02	-6.494739e+00
2.453000e-05	-5.944359e-02	-6.367421e+00
2.454000e-05	-5.164761e-02	-6.209821e+00
2.455000e-05	-4.559982e-02	-6.061005e+00
2.456000e-05	-4.255265e-02	-5.873203e+00
2.457000e-05	-3.841675e-02	-5.775239e+00
2.458000e-05	-3.345515e-02	-5.588469e+00
2.459000e-05	-2.948212e-02	-5.378347e+00
2.460000e-05	-2.904183e-02	-5.207341e+00
2.461000e-05	-2.727381e-02	-5.031924e+00
2.462000e-05	-2.196976e-02	-4.828395e+00
2.463000e-05	-2.031313e-02	-4.619879e+00
2.464000e-05	-1.925208e-02	-4.502128e+00
2.465000e-05	-1.878404e-02	-4.325233e+00
2.466000e-05	-1.402617e-02	-4.177738e+00
2.467000e-05	-1.408715e-02	-4.029447e+00
2.468000e-05	-1.358314e-02	-3.798900e+00
2.469000e-05	-1.434334e-02	-3.599948e+00
2.470000e-05	-1.059850e-02	-3.442051e+00
2.471000e-05	-1.065125e-02	-3.283080e+00
2.472000e-05	-1.099483e-02	-3.105184e+00
2.473000e-05	-1.126667e-02	-2.903056e+00
2.474000e-05	-8.153529e-03	-2.735730e+00
2.475000e-05	-8.486711e-03	-2.535236e+00
2.476000e-05	-8.325324e-03	-2.357338e+00
2.477000e-05	-7.492211e-03	-2.106234e+00
2.478000e-05	-5.227909e-03	-1.977367e+00
2.479000e-05	-5.285054e-03	-1.787817e+00
2.480000e-05	-7.374167e-03	-1.630449e+00
2.481000e-05	-8.103405e-03	-1.367864e+00
2.482000e-05	-6.731201e-03	-1.128267e+00
2.483000e-05	-5.550223e-03	-9.987871e-01
2.484000e-05	-5.900423e-03	-7.984200e-01
2.485000e-05	-4.419203e-03	-5.678145e-01
2.486000e-05	-2.411150e-03	-3.994434e-01
2.487000e-05	-2.602209e-03	-2.420788e-01
2.488000e-05	-1.603101e-03	1.005145e-02
2.489000e-05	1.262129e-03	1.580498e-01
2.490000e-05	-1.866114e-03	3.979736e-01
2.491000e-05	1.505138e-05	5.068772e-01
2.492000e-05	-2.505238e-03	6.732921e-01
2.493000e-05	-9.493644e-04	8.726804e-01
2.494000e-05	-7.223556e-04	1.105316e+00
2.495000e-05	4.699924e-03	1.302634e+00
2.496000e-05	2.263073e-02	1.462784e+00
2.497000e-05	6.094791e-02	1.716899e+00
2.498000e-05	-2.557014e-03	1.927874e+00
2.499000e-05	-5.105957e-02	2.117346e+00
2.500000e-05	-4.784689e-02	2.276295e+00
2.501000e-05	-5.962397e-02	2.450552e+00
2.502000e-05	3.100232e-02	2.546878e+00
2.503000e-05	8.711075e-02	2.820050e+00
2.504000e-05	-1.070554e-01	2.936850e+00
2.505000e-05	5.185386e-02	3.052760e+00
2.506000e-05	7.897957e-02	3.293868e+00
2.507000e-05	-4.661369e-02	3.504374e+00
2.508000e-05	1.623299e-02	3.652057e+00
2.509000e-05	-4.742276e-02	3.812212e+00
2.510000e-05	-2.853609e-02	4.069003e+00
2.511000e-05	8.611389e-02	4.167578e+00
2.512000e-05	-9.716185e-03	4.431028e+00
2.513000e-05	-2.275365e-02	4.588501e+00
2.514000e-05	8.814542e-03	4.747872e+00
2.515000e-05	-8.213020e-03	4.935922e+00
2.516000e-05	3.728478e-02	5.114825e+00
2.517000e-05	-3.948218e-02	5.315373e+00
2.518000e-05	-2.283413e-03	5.515868e+00
2.519000e-05	3.683298e-02	5.674061e+00
2.520000e-05	2.310713e-02	5.800112e+00
2.521000e-05	-1.969069e-02	5.990004e+00
2.522000e-05	-3.735706e-02	6.125874e+00
2.523000e-05	3.631327e-02	6.264188e+00
2.524000e-05	1.293018e-02	6.422557e+00
2.525000e-05	-9.990242e-03	6.536980e+00
2.526000e-05	5.715561e-03	6.757449e+00
2.527000e-05	6.827534e-03	6.906822e+00
2.528000e-05	1.978475e-02	7.040059e+00
2.529000e-05	-8.512281e-03	7.146976e+00
2.530000e-05	-1.420275e-02	7.355243e+00
2.531000e-05	1.282504e-02	7.421691e+00
2.532000e-05	1.522083e-02	7.613034e+00
2.533000e-05	8.734081e-03	7.788904e+00
2.534000e-05	-1.029076e-02	7.906770e+00
2.535000e-05	1.355071e-02	8.030137e+00
2.536000e-05	1.117866e-02	8.207854e+00
2.537000e-05	-1.201988e-03	8.274192e+00
2.538000e-05	-5.910311e-04	8.419427e+00
2.539000e-05	5.233443e-03	8.493714e+00
2.540000e-05	1.867079e-02	8.577428e+00
2.541000e-05	3.818670e-03	8.672690e+00
2.542000e-05	6.950759e-04	8.778958e+00
2.543000e-05	6.177789e-03	8.863632e+00
2.544000e-05	1.205342e-02	8.968380e+00
2.545000e-05	6.799698e-03	9.054792e+00
2.546000e-05	-1.098571e-03	9.199530e+00
2.547000e-05	1.094727e-02	9.292686e+00
2.548000e-05	1.344302e-02	9.335868e+00
2.549000e-05	8.946111e-03	9.419034e+00
2.550000e-05	2.129994e-03	9.472714e+00
2.551000e-05	7.923633e-03	9.577375e+00
2.552000e-05	1.376079e-02	9.640584e+00
2.553000e-05	9.379772e-03	9.694642e+00
2.554000e-05	4.203254e-03	9.747424e+00
2.555000e-05	9.889801e-03	9.872564e+00
2.556000e-05	1.596134e-02	9.923765e+00
2.557000e-05	1.028557e-02	9.988425e+00
2.558000e-05	5.766300e-03	9.980506e+00
2.559000e-05	9.479459e-03	1.005216e+01
2.560000e-05	1.579676e-02	1.004564e+01
2.561000e-05	1.232440e-02	1.010474e+01
2.562000e-05	7.804425e-03	1.015577e+01
2.563000e-05	1.174210e-02	1.014495e+01
2.564000e-05	1.733326e-02	1.019845e+01
2.565000e-05	1.476657e-02	1.019106e+01
2.566000e-05	8.662342e-03	1.022158e+01
2.567000e-05	1.398179e-02	1.027113e+01
2.568000e-05	1.779448e-02	1.026214e+01
2.569000e-05	1.805439e-02	1.026564e+01
2.570000e-05	1.231023e-02	1.024324e+01
2.571000e-05	1.512451e-02	1.029369e+01
2.572000e-05	1.909542e-02	1.027411e+01
2.573000e-05	2.004480e-02	1.027424e+01
2.574000e-05	1.751768e-02	1.028318e+01
2.575000e-05	1.938955e-02	1.028211e+01
2.576000e-05	2.513553e-02	1.023351e+01
2.577000e-05	2.546580e-02	1.020850e+01
2.578000e-05	2.295785e-02	1.018840e+01
2.579000e-05	2.385653e-02	1.018635e+01
2.580000e-05	2.739192e-02	1.012684e+01
2.581000e-05	2.963771e-02	1.009374e+01
2.582000e-05	2.755674e-02	1.009416e+01
2.583000e-05	2.845345e-02	1.004256e+01
2.584000e-05	3.307986e-02	1.002843e+01
2.585000e-05	3.619496e-02	9.915822e+00
2.586000e-05	3.596618e-02	9.893061e+00
2.587000e-05	3.717212e-02	9.749479e+00
2.588000e-05	4.397507e-02	9.736796e+00
2.589000e-05	4.930348e-02	9.681137e+00
2.590000e-05	5.073826e-02	9.600346e+00
2.591000e-05	5.262129e-02	9.486291e+00
2.592000e-05	6.039328e-02	9.433108e+00
2.593000e-05	6.939593e-02	9.378424e+00
2.594000e-05	7.438141e-02	9.334138e+00
2.595000e-05	8.104281e-02	9.222081e+00
2.596000e-05	9.331983e-02	9.187947e+00
2.597000e-05	1.038729e-01	9.091059e+00
2.598000e-05	1.126161e-01	8.967870e+00
2.599000e-05	1.222163e-01	8.842079e+00
2.600000e-05	1.366131e-01	8.765871e+00
2.601000e-05	1.470904e-01	8.643058e+00
2.602000e-05	1.546372e-01	8.517292e+00
2.603000e-05	1.604273e-01	8.463057e+00
2.604000e-05	1.662749e-01	8.387844e+00
2.605000e-05	1.689479e-01	8.291011e+00
2.606000e-05	1.659059e-01	8.087294e+00
2.607000e-05	1.599336e-01	8.038847e+00
2.608000e-05	1.533493e-01	7.843131e+00
2.609000e-05	1.452245e-01	7.764741e+00
2.610000e-05	1.332608e-01	7.609501e+00
2.611000e-05	1.201403e-01	7.473558e+00
2.612000e-05	1.099894e-01	7.294763e+00
2.613000e-05	1.005796e-01	7.156265e+00
2.614000e-05	9.028461e-02	7.019502e+00
2.615000e-05	8.013153e-02	6.895085e+00
2.616000e-05	7.171786e-02	6.788796e+00
2.617000e-05	6.592086e-02	6.629427e+00
2.618000e-05	5.696749e-02	6.391504e+00
2.619000e-05	4.869559e-02	6.273086e+00
2.620000e-05	4.219119e-02	6.166240e+00
2.621000e-05	3.864513e-02	6.020976e+00
2.622000e-05	3.297259e-02	5.902482e+00
2.623000e-05	2.940562e-02	5.651033e+00
2.624000e-05	2.455974e-02	5.524660e+00
2.625000e-05	2.338855e-02	5.335792e+00
2.626000e-05	1.969879e-02	5.187343e+00
2.627000e-05	1.617558e-02	4.915761e+00
2.628000e-05	1.284704e-02	4.767193e+00
2.629000e-05	1.301799e-02	4.597896e+00
2.630000e-05	1.063500e-02	4.450528e+00
2.631000e-05	8.493017e-03	4.310086e+00
2.632000e-05	5.847638e-03	4.030556e+00
2.633000e-05	5.926386e-03	3.904130e+00
2.634000e-05	5.713715e-03	3.695188e+00
2.635000e-05	3.715512e-03	3.575821e+00
2.636000e-05	2.883119e-03	3.355311e+00
2.637000e-05	2.824134e-03	3.168792e+00
2.638000e-05	2.720968e-03	3.008870e+00
2.639000e-05	1.724330e-03	2.810051e+00
2.640000e-05	1.887973e-04	2.650550e+00
2.641000e-05	-3.232401e-04	2.440500e+00
2.642000e-05	-6.281017e-04	2.232476e+00
2.643000e-05	-1.464060e-03	2.053109e+00
2.644000e-05	-2.369947e-03	1.915162e+00
2.645000e-05	-1.727625e-03	1.744205e+00
2.646000e-05	-7.065672e-04	1.482585e+00
2.647000e-05	-2.006819e-03	1.323132e+00
2.648000e-05	-1.950361e-03	1.093160e+00
2.649000e-05	-2.979639e-03	8.715051e-01
2.650000e-05	-3.485219e-03	6.820816e-01
2.651000e-05	-3.385679e-03	5.246592e-01
2.652000e-05	-4.247113e-03	3.277919e-01
2.653000e-05	-3.763121e-03	1.246054e-01
2.654000e-05	-2.021223e-03	-8.476311e-02
2.655000e-05	3.163367e-03	-2.737353e-01
2.656000e-05	-2.205508e-03	-4.104502e-01
2.657000e-05	-2.161938e-03	-5.720577e-01
2.658000e-05	-4.465928e-03	-8.000001e-01
2.659000e-05	-2.424288e-03	-9.688987e-01
2.660000e-05	-3.286804e-03	-1.106849e+00
2.661000e-05	2.069308e-03	-1.265871e+00
2.662000e-05	5.226041e-02	-1.527244e+00
2.663000e-05	4.626198e-02	-1.736845e+00
2.664000e-05	-5.466053e-02	-1.950103e+00
2.665000e-05	-5.009012e-02	-2.223745e+00
2.666000e-05	-9.616846e-02	-2.413585e+00
2.667000e-05	2.799151e-02	-2.515845e+00
2.668000e-05	1.208240e-01	-2.610079e+00
2.669000e-05	-1.387576e-01	-2.872762e+00
2.670000e-05	3.732590e-02	-3.044687e+00
2.671000e-05	1.069442e-01	-3.159497e+00
2.672000e-05	-9.578763e-02	-3.402683e+00
2.673000e-05	4.025265e-02	-3.588949e+00
2.674000e-05	-4.710712e-02	-3.686340e+00
2.675000e-05	-9.709704e-02	-3.959000e+00
2.676000e-05	1.398031e-01	-4.085342e+00
2.677000e-05	-2.764448e-02	-4.274768e+00
2.678000e-05	-3.426103e-02	-4.443161e+00
2.679000e-05	2.380620e-02	-4.570484e+00
2.680000e-05	-6.350158e-02	-4.801666e+00
2.681000e-05	8.464981e-02	-5.010480e+00
2.682000e-05	-8.286405e-02	-5.166319e+00
2.683000e-05	-3.958413e-02	-5.357456e+00
2.684000e-05	9.522765e-02	-5.566449e+00
2.685000e-05	-3.833387e-02	-5.726375e+00
2.686000e-05	7.715466e-03	-5.882663e+00
2.687000e-05	-7.868131e-02	-6.021507e+00
2.688000e-05	2.657306e-02	-6.171601e+00
2.689000e-05	4.212830e-02	-6.328899e+00
2.690000e-05	-7.931024e-02	-6.494874e+00
2.691000e-05	3.650651e-02	-6.643085e+00
2.692000e-05	-2.182749e-02	-6.801477e+00
2.693000e-05	2.544791e-02	-6.958380e+00
2.694000e-05	-2.528129e-02	-7.136771e+00
2.695000e-05	-6.400657e-02	-7.263761e+00
2.696000e-05	4.692482e-02	-7.348528e+00
2.697000e-05	-2.623473e-02	-7.516824e+00
2.698000e-05	1.507566e-02	-7.681241e+00
2.699000e-05	-3.947171e-02	-7.830540e+00
2.700000e-05	3.548682e-03	-7.988930e+00
2.701000e-05	1.502974e-02	-8.075220e+00
2.702000e-05	-4.374539e-02	-8.260055e+00
2.703000e-05	-3.469566e-03	-8.305296e+00
2.704000e-05	-2.591599e-02	-8.420112e+00
2.705000e-05	2.394673e-02	-8.526349e+00
2.706000e-05	-2.327328e-02	-8.684666e+00
2.707000e-05	-2.208015e-02	-8.770530e+00
2.708000e-05	-2.094801e-03	-8.853664e+00
2.709000e-05	-4.040196e-03	-9.000029e+00
2.710000e-05	-7.228396e-03	-9.064189e+00
2.711000e-05	-3.846467e-02	-9.155925e+00
2.712000e-05	-1.749265e-03	-9.222105e+00
2.713000e-05	-4.133946e-03	-9.357348e+00
2.714000e-05	-1.210530e-02	-9.390503e+00
2.715000e-05	-2.615332e-02	-9.515345e+00
2.716000e-05	-1.397566e-02	-9.588982e+00
2.717000e-05	2.129354e-04	-9.663139e+00
2.718000e-05	-1.706381e-02	-9.686694e+00
2.719000e-05	-2.303343e-02	-9.798450e+00
2.720000e-05	-1.530085e-02	-9.853562e+00
2.721000e-05	-2.756326e-03	-9.905742e+00
2.722000e-05	-1.640549e-02	-9.956847e+00
2.723000e-05	-2.637080e-02	-9.987408e+00
2.724000e-05	-1.991050e-02	-1.005308e+01
2.725000e-05	-8.035420e-03	-1.011424e+01
2.726000e-05	-1.497119e-02	-1.011820e+01
2.727000e-05	-2.446117e-02	-1.016885e+01
2.728000e-05	-1.799453e-02	-1.019994e+01
2.729000e-05	-9.339744e-03	-1.028254e+01
2.730000e-05	-1.773192e-02	-1.028214e+01
2.731000e-05	-2.788741e-02	-1.034579e+01
2.732000e-05	-2.275057e-02	-1.035528e+01
2.733000e-05	-1.392808e-02	-1.034972e+01
2.734000e-05	-1.714700e-02	-1.038740e+01
2.735000e-05	-2.706494e-02	-1.038745e+01
2.736000e-05	-2.505980e-02	-1.040893e+01
2.737000e-05	-1.786496e-02	-1.039838e+01
2.738000e-05	-2.109943e-02	-1.040788e+01
2.739000e-05	-2.942132e-02	-1.038945e+01
2.740000e-05	-2.946321e-02	-1.037637e+01
2.741000e-05	-2.184443e-02	-1.037688e+01
2.742000e-05	-2.558787e-02	-1.036772e+01
2.743000e-05	-3.435371e-02	-1.032525e+01
2.744000e-05	-3.641031e-02	-1.031211e+01
2.745000e-05	-2.879900e-02	-1.023004e+01
2.746000e-05	-2.874725e-02	-1.020149e+01
2.747000e-05	-3.634659e-02	-1.014777e+01
2.748000e-05	-3.860496e-02	-1.010574e+01
2.749000e-05	-3.329464e-02	-1.005308e+01
2.750000e-05	-3.549508e-02	-1.004898e+01
2.751000e-05	-4.333031e-02	-9.966822e+00
2.752000e-05	-4.763237e-02	-9.905791e+00
2.753000e-05	-4.354370e-02	-9.884157e+00
2.754000e-05	-4.542948e-02	-9.841060e+00
2.755000e-05	-5.358339e-02	-9.747321e+00
2.756000e-05	-5.966234e-02	-9.675711e+00
2.757000e-05	-6.035500e-02	-9.643633e+00
2.758000e-05	-6.308747e-02	-9.597450e+00
2.759000e-05	-7.451153e-02	-9.513689e+00
2.760000e-05	-8.269630e-02	-9.410402e+00
2.761000e-05	-8.817800e-02	-9.316268e+00
2.762000e-05	-9.330527e-02	-9.230504e+00
2.763000e-05	-1.076142e-01	-9.115296e+00
2.764000e-05	-1.193963e-01	-9.050455e+00
2.765000e-05	-1.298441e-01	-8.946795e+00
2.766000e-05	-1.372307e-01	-8.853583e+00
2.767000e-05	-1.516895e-01	-8.786298e+00
2.768000e-05	-1.610181e-01	-8.682004e+00
2.769000e-05	-1.671627e-01	-8.536188e+00
2.770000e-05	-1.684853e-01	-8.440974e+00
2.771000e-05	-1.738826e-01	-8.305164e+00
2.772000e-05	-1.740899e-01	-8.187846e+00
2.773000e-05	-1.693547e-01	-8.083561e+00
2.774000e-05	-1.604675e-01	-7.971270e+00
2.775000e-05	-1.531144e-01	-7.800529e+00
2.776000e-05	-1.443108e-01	-7.652033e+00
2.777000e-05	-1.302931e-01	-7.546664e+00
2.778000e-05	-1.179915e-01	-7.366849e+00
2.779000e-05	-1.081306e-01	-7.242578e+00
2.780000e-05	-1.006413e-01	-7.113712e+00
2.781000e-05	-9.003623e-02	-6.926162e+00
2.782000e-05	-8.064171e-02	-6.800424e+00
2.783000e-05	-7.309732e-02	-6.642508e+00
2.784000e-05	-6.638134e-02	-6.493736e+00
2.785000e-05	-5.934907e-02	-6.397877e+00
2.786000e-05	-5.201818e-02	-6.219576e+00
2.787000e-05	-4.706733e-02	-6.010524e+00
2.788000e-05	-4.259710e-02	-5.883583e+00
2.789000e-05	-3.861556e-02	-5.777166e+00
2.790000e-05	-3.350192e-02	-5.629522e+00
2.791000e-05	-3.114869e-02	-5.429270e+00
2.792000e-05	-2.819431e-02	-5.229370e+00
2.793000e-05	-2.703591e-02	-5.000926e+00
2.794000e-05	-2.263046e-02	-4.808375e+00
2.795000e-05	-2.123393e-02	-4.577449e+00
2.796000e-05	-1.921656e-02	-4.525108e+00
2.797000e-05	-1.869333e-02	-4.325710e+00
2.798000e-05	-1.370271e-02	-4.166369e+00
2.799000e-05	-1.513304e-02	-4.020973e+00
2.800000e-05	-1.374195e-02	-3.819521e+00
2.801000e-05	-1.375727e-02	-3.630503e+00
2.802000e-05	-1.034582e-02	-3.442029e+00
2.803000e-05	-1.026591e-02	-3.303132e+00
2.804000e-05	-1.109548e-02	-3.106239e+00
2.805000e-05	-1.142592e-02	-2.893108e+00
2.806000e-05	-9.494259e-03	-2.716188e+00
2.807000e-05	-8.431527e-03	-2.516088e+00
2.808000e-05	-6.999208e-03	-2.337817e+00
2.809000e-05	-7.424187e-03	-2.156160e+00
2.810000e-05	-5.125003e-03	-1.965817e+00
2.811000e-05	-6.801541e-03	-1.768895e+00
2.812000e-05	-6.291396e-03	-1.601025e+00
2.813000e-05	-8.046014e-03	-1.407291e+00
2.814000e-05	-6.013071e-03	-1.157292e+00
2.815000e-05	-5.847601e-03	-9.969134e-01
2.816000e-05	-5.037947e-03	-8.204221e-01
2.817000e-05	-4.900739e-03	-5.989447e-01
2.818000e-05	-3.362622e-03	-3.799709e-01
2.819000e-05	-2.255546e-03	-2.299999e-01
2.820000e-05	-1.063622e-03	-2.212495e-02
2.821000e-05	1.195986e-03	1.080787e-01
2.822000e-05	-1.466276e-03	3.694238e-01
2.823000e-05	8.007011e-04	4.862936e-01
2.824000e-05	-1.910718e-03	6.842694e-01
2.825000e-05	-7.548235e-04	7.826616e-01
2.826000e-05	3.683730e-05	1.084293e+00
2.827000e-05	4.479345e-03	1.272738e+00
2.828000e-05	2.007399e-02	1.462713e+00
2.829000e-05	5.994811e-02	1.686830e+00
2.830000e-05	3.660871e-03	1.927422e+00
2.831000e-05	-5.151575e-02	2.105819e+00
2.832000e-05	-4.704221e-02	2.243898e+00
2.833000e-05	-5.950522e-02	2.419580e+00
2.834000e-05	2.099489e-02	2.545975e+00
2.835000e-05	9.378694e-02	2.777899e+00
2.836000e-05	-1.016747e-01	2.907821e+00
2.837000e-05	3.620692e-02	3.042183e+00
2.838000e-05	8.999970e-02	3.286391e+00
2.839000e-05	-4.530814e-02	3.474820e+00
2.840000e-05	1.380715e-02	3.620654e+00
2.841000e-05	-4.060461e-02	3.821055e+00
2.842000e-05	-3.670600e-02	3.979578e+00
2.843000e-05	8.506983e-02	4.125900e+00
2.844000e-05	-3.173451e-03	4.369475e+00
2.845000e-05	-2.790233e-02	4.517374e+00
2.846000e-05	1.129747e-02	4.697325e+00
2.847000e-05	-1.135076e-02	4.885721e+00
2.848000e-05	3.990425e-02	5.114324e+00
2.849000e-05	-3.769818e-02	5.336946e+00
2.850000e-05	-6.865213e-03	5.494766e+00
2.851000e-05	3.659771e-02	5.622082e+00
2.852000e-05	2.442955e-02	5.799034e+00
2.853000e-05	-1.636923e-02	5.999028e+00
2.854000e-05	-3.976779e-02	6.137297e+00
2.855000e-05	3.286951e-02	6.283741e+00
2.856000e-05	1.721254e-02	6.420080e+00
2.857000e-05	-1.146347e-02	6.557979e+00
2.858000e-05	4.447842e-03	6.747476e+00
2.859000e-05	6.002036e-03	6.915266e+00
2.860000e-05	2.102990e-02	7.011030e+00
2.861000e-05	-5.766341e-03	7.175953e+00
2.862000e-05	-1.742981e-02	7.313636e+00
2.863000e-05	1.153116e-02	7.450642e+00
2.864000e-05	1.515069e-02	7.641585e+00
2.865000e-05	1.161424e-02	7.746895e+00
2.866000e-05	-1.206839e-02	7.894216e+00
2.867000e-05	1.213752e-02	8.011079e+00
2.868000e-05	1.405532e-02	8.196954e+00
2.869000e-05	-1.245437e-04	8.253687e+00
2.870000e-05	-1.713756e-03	8.398478e+00
2.871000e-05	2.970398e-03	8.464136e+00
2.872000e-05	1.955181e-02	8.589450e+00
2.873000e-05	5.284438e-03	8.672237e+00
2.874000e-05	1.741212e-04	8.777900e+00
2.875000e-05	5.055365e-03	8.872163e+00
2.876000e-05	1.394558e-02	8.978370e+00
2.877000e-05	8.124802e-03	9.043691e+00
2.878000e-05	-2.139730e-03	9.219007e+00
2.879000e-05	9.270723e-03	9.223634e+00
2.880000e-05	1.459858e-02	9.325318e+00
2.881000e-05	1.041517e-02	9.420030e+00
2.882000e-05	1.437577e-03	9.464241e+00
2.883000e-05	6.193679e-03	9.529350e+00
2.884000e-05	1.441936e-02	9.588484e+00
2.885000e-05	1.040086e-02	9.694193e+00
2.886000e-05	3.804647e-03	9.767424e+00
2.887000e-05	8.532407e-03	9.841083e+00
2.888000e-05	1.648000e-02	9.924217e+00
2.889000e-05	1.100048e-02	9.977347e+00
2.890000e-05	5.902974e-03	9.988956e+00
2.891000e-05	9.128121e-03	1.004161e+01
2.892000e-05	1.507685e-02	1.007324e+01
2.893000e-05	1.332637e-02	1.012424e+01
2.894000e-05	8.060118e-03	1.016624e+01
2.895000e-05	9.919750e-03	1.015782e+01
2.896000e-05	1.665039e-02	1.017906e+01
2.897000e-05	1.565042e-02	1.021051e+01
2.898000e-05	1.010982e-02	1.024208e+01
2.899000e-05	1.297207e-02	1.024156e+01
2.900000e-05	1.851899e-02	1.026371e+01
2.901000e-05	1.807972e-02	1.027217e+01
2.902000e-05	1.293955e-02	1.029216e+01
2.903000e-05	1.365363e-02	1.028364e+01
2.904000e-05	1.940395e-02	1.028414e+01
2.905000e-05	2.037940e-02	1.028322e+01
2.906000e-05	1.920394e-02	1.026219e+01
2.907000e-05	1.829993e-02	1.026118e+01
2.908000e-05	2.488336e-02	1.023161e+01
2.909000e-05	2.612911e-02	1.026103e+01
2.910000e-05	2.364519e-02	1.018850e+01
2.911000e-05	2.227436e-02	1.016590e+01
2.912000e-05	2.799413e-02	1.014682e+01
2.913000e-05	2.970975e-02	1.007419e+01
2.914000e-05	2.730180e-02	1.008361e+01
2.915000e-05	2.839161e-02	1.003215e+01
2.916000e-05	3.268748e-02	1.002895e+01
2.917000e-05	3.664778e-02	9.936369e+00
2.918000e-05	3.428479e-02	9.943084e+00
2.919000e-05	3.682742e-02	9.808959e+00
2.920000e-05	4.212779e-02	9.726742e+00
2.921000e-05	4.904836e-02	9.673233e+00
2.922000e-05	5.063332e-02	9.599405e+00
2.923000e-05	5.378602e-02	9.544266e+00
2.924000e-05	6.041092e-02	9.492559e+00
2.925000e-05	6.759187e-02	9.378898e+00
2.926000e-05	7.392757e-02	9.276212e+00
2.927000e-05	7.868178e-02	9.231660e+00
2.928000e-05	9.161746e-02	9.188948e+00
2.929000e-05	1.023738e-01	9.102136e+00
2.930000e-05	1.140097e-01	8.937796e+00
2.931000e-05	1.224970e-01	8.861034e+00
2.932000e-05	1.353915e-01	8.767796e+00
2.933000e-05	1.456965e-01	8.663057e+00
2.934000e-05	1.545370e-01	8.548796e+00
2.935000e-05	1.595005e-01	8.442133e+00
2.936000e-05	1.648007e-01	8.398922e+00
2.937000e-05	1.679926e-01	8.291980e+00
2.938000e-05	1.670530e-01	8.116292e+00
2.939000e-05	1.616161e-01	8.019951e+00
2.940000e-05	1.540294e-01	7.852681e+00
2.941000e-05	1.454477e-01	7.756273e+00
2.942000e-05	1.326432e-01	7.633026e+00
2.943000e-05	1.222536e-01	7.493562e+00
2.944000e-05	1.096487e-01	7.346263e+00
2.945000e-05	1.006815e-01	7.136296e+00
2.946000e-05	9.012132e-02	7.051003e+00
2.947000e-05	8.155439e-02	6.914659e+00
2.948000e-05	7.206624e-02	6.797770e+00
2.949000e-05	6.528341e-02	6.618470e+00
2.950000e-05	5.797891e-02	6.410608e+00
2.951000e-05	5.085971e-02	6.303711e+00
2.952000e-05	4.227275e-02	6.166791e+00
2.953000e-05	3.798785e-02	6.030027e+00
2.954000e-05	3.370978e-02	5.914110e+00
2.955000e-05	2.901892e-02	5.662634e+00
2.956000e-05	2.562100e-02	5.503211e+00
2.957000e-05	2.305264e-02	5.325317e+00
2.958000e-05	2.094236e-02	5.166695e+00
2.959000e-05	1.706756e-02	4.926261e+00
2.960000e-05	1.464716e-02	4.737793e+00
2.961000e-05	1.155687e-02	4.618972e+00
2.962000e-05	1.019864e-02	4.422003e+00
2.963000e-05	8.758884e-03	4.294606e+00
2.964000e-05	6.671417e-03	4.082655e+00
2.965000e-05	6.056548e-03	3.914260e+00
2.966000e-05	5.366268e-03	3.775740e+00
2.967000e-05	4.760818e-03	3.566922e+00
2.968000e-05	2.676309e-03	3.406817e+00
2.969000e-05	1.727553e-03	3.168295e+00
2.970000e-05	1.574326e-03	3.029896e+00
2.971000e-05	8.766685e-04	2.842026e+00
2.972000e-05	8.294732e-04	2.631450e+00
2.973000e-05	-1.055318e-03	2.440499e+00
2.974000e-05	-8.860828e-04	2.251530e+00
2.975000e-05	-6.103450e-04	2.073657e+00
2.976000e-05	-1.734220e-03	1.943663e+00
2.977000e-05	-2.066653e-03	1.713682e+00
2.978000e-05	-2.338513e-03	1.535185e+00
2.979000e-05	-1.445470e-03	1.334738e+00
2.980000e-05	-3.212139e-03	1.126109e+00
2.981000e-05	-3.466112e-03	9.031276e-01
2.982000e-05	-3.632285e-03	6.941567e-01
2.983000e-05	-4.087919e-03	4.951854e-01
2.984000e-05	-3.716906e-03	3.362605e-01
2.985000e-05	-4.775732e-03	1.156603e-01
2.986000e-05	-1.389926e-03	-7.531060e-02
2.987000e-05	3.267592e-03	-2.516593e-01
2.988000e-05	-7.170685e-04	-3.999516e-01
2.989000e-05	-2.160224e-03	-5.815078e-01
2.990000e-05	-4.571760e-03	-7.290252e-01
2.991000e-05	-2.397005e-03	-9.169210e-01
2.992000e-05	-3.201831e-03	-1.106870e+00
2.993000e-05	5.434172e-04	-1.296346e+00
2.994000e-05	4.765220e-02	-1.485843e+00
2.995000e-05	5.214855e-02	-1.695347e+00
2.996000e-05	-5.109224e-02	-1.948524e+00
2.997000e-05	-4.785052e-02	-2.209668e+00
2.998000e-05	-9.504395e-02	-2.391609e+00
2.999000e-05	1.420938e-02	-2.528397e+00
3.000000e-05	1.287493e-01	-2.630479e+00
3.001000e-05	-1.295009e-01	-2.822285e+00
3.002000e-05	1.612881e-02	-3.022655e+00
3.003000e-05	1.220250e-01	-3.129525e+00
3.004000e-05	-9.380289e-02	-3.380105e+00
3.005000e-05	3.243591e-02	-3.578450e+00
3.006000e-05	-3.342855e-02	-3.666241e+00
3.007000e-05	-1.090187e-01	-3.958954e+00
3.008000e-05	1.324271e-01	-4.055261e+00
3.009000e-05	-1.482171e-02	-4.212318e+00
3.010000e-05	-4.457603e-02	-4.411708e+00
3.011000e-05	3.248253e-02	-4.568978e+00
3.012000e-05	-6.796895e-02	-4.802163e+00
3.013000e-05	8.077924e-02	-4.960028e+00
3.014000e-05	-6.919778e-02	-5.105823e+00
3.015000e-05	-5.562846e-02	-5.317451e+00
3.016000e-05	9.949981e-02	-5.486398e+00
3.017000e-05	-3.392985e-02	-5.706395e+00
3.018000e-05	7.955506e-03	-5.854665e+00
3.019000e-05	-7.143296e-02	-5.989504e+00
3.020000e-05	1.278158e-02	-6.180428e+00
3.021000e-05	5.390105e-02	-6.327823e+00
3.022000e-05	-8.525495e-02	-6.496322e+00
3.023000e-05	3.325187e-02	-6.650584e+00
3.024000e-05	-2.071527e-02	-6.748953e+00
3.025000e-05	2.269116e-02	-6.927324e+00
3.026000e-05	-1.504493e-02	-7.092871e+00
3.027000e-05	-6.835861e-02	-7.243586e+00
3.028000e-05	4.800629e-02	-7.357477e+00
3.029000e-05	-2.418400e-02	-7.516749e+00
3.030000e-05	1.090236e-02	-7.651662e+00
3.031000e-05	-3.751232e-02	-7.770113e+00
3.032000e-05	-1.799838e-03	-7.988926e+00
3.033000e-05	2.064545e-02	-8.074764e+00
3.034000e-05	-4.318733e-02	-8.181533e+00
3.035000e-05	-3.056437e-03	-8.284745e+00
3.036000e-05	-2.476817e-02	-8.410579e+00
3.037000e-05	2.182945e-02	-8.526244e+00
3.038000e-05	-2.042064e-02	-8.652740e+00
3.039000e-05	-2.628744e-02	-8.768056e+00
3.040000e-05	-1.641978e-03	-8.884211e+00
3.041000e-05	-4.513506e-03	-8.979879e+00
3.042000e-05	-5.077257e-03	-9.063138e+00
3.043000e-05	-3.679959e-02	-9.156396e+00
3.044000e-05	-4.149224e-03	-9.252005e+00
3.045000e-05	-3.064612e-03	-9.336347e+00
3.046000e-05	-1.120246e-02	-9.378954e+00
3.047000e-05	-2.609589e-02	-9.502774e+00
3.048000e-05	-1.561825e-02	-9.619482e+00
3.049000e-05	9.438882e-04	-9.663610e+00
3.050000e-05	-1.545648e-02	-9.675767e+00
3.051000e-05	-2.286896e-02	-9.759901e+00
3.052000e-05	-1.712665e-02	-9.834087e+00
3.053000e-05	-6.325994e-05	-9.893243e+00
3.054000e-05	-1.564753e-02	-9.946346e+00
3.055000e-05	-2.593673e-02	-9.999477e+00
3.056000e-05	-2.231666e-02	-1.003309e+01
3.057000e-05	-8.074974e-03	-1.006622e+01
3.058000e-05	-1.510611e-02	-1.008769e+01
3.059000e-05	-2.500553e-02	-1.016734e+01
3.060000e-05	-1.705248e-02	-1.018991e+01
3.061000e-05	-8.867873e-03	-1.026151e+01
3.062000e-05	-1.494105e-02	-1.028459e+01
3.063000e-05	-3.004665e-02	-1.030477e+01
3.064000e-05	-2.333583e-02	-1.032425e+01
3.065000e-05	-1.505194e-02	-1.036987e+01
3.066000e-05	-1.748142e-02	-1.035890e+01
3.067000e-05	-2.819798e-02	-1.039945e+01
3.068000e-05	-2.427736e-02	-1.039888e+01
3.069000e-05	-1.525512e-02	-1.041888e+01
3.070000e-05	-2.005408e-02	-1.040898e+01
3.071000e-05	-2.998724e-02	-1.038845e+01
3.072000e-05	-3.048200e-02	-1.035685e+01
3.073000e-05	-2.238309e-02	-1.039838e+01
3.074000e-05	-2.525962e-02	-1.034329e+01
3.075000e-05	-3.535234e-02	-1.026330e+01
3.076000e-05	-3.457403e-02	-1.029309e+01
3.077000e-05	-2.787805e-02	-1.023098e+01
3.078000e-05	-2.751158e-02	-1.020193e+01
3.079000e-05	-3.741656e-02	-1.014838e+01
3.080000e-05	-3.955326e-02	-1.008616e+01
3.081000e-05	-3.325242e-02	-1.008413e+01
3.082000e-05	-3.586949e-02	-1.004200e+01
3.083000e-05	-4.356730e-02	-9.967379e+00
3.084000e-05	-4.699317e-02	-9.915273e+00
3.085000e-05	-4.189161e-02	-9.872684e+00
3.086000e-05	-4.388196e-02	-9.811507e+00
3.087000e-05	-5.360726e-02	-9.777844e+00
3.088000e-05	-5.960874e-02	-9.714187e+00
3.089000e-05	-5.927777e-02	-9.651531e+00
3.090000e-05	-6.306590e-02	-9.588450e+00
3.091000e-05	-7.406362e-02	-9.525243e+00
3.092000e-05	-8.284824e-02	-9.389479e+00
3.093000e-05	-8.571823e-02	-9.305239e+00
3.094000e-05	-9.366109e-02	-9.250578e+00
3.095000e-05	-1.070472e-01	-9.164291e+00
3.096000e-05	-1.205587e-01	-9.041554e+00
3.097000e-05	-1.276890e-01	-8.976791e+00
3.098000e-05	-1.358562e-01	-8.844056e+00
3.099000e-05	-1.490886e-01	-8.788899e+00
3.100000e-05	-1.612737e-01	-8.642485e+00
3.101000e-05	-1.655943e-01	-8.546741e+00
3.102000e-05	-1.684530e-01	-8.440050e+00
3.103000e-05	-1.735799e-01	-8.324238e+00
3.104000e-05	-1.767675e-01	-8.230446e+00
3.105000e-05	-1.694316e-01	-8.063638e+00
3.106000e-05	-1.593174e-01	-7.959924e+00
3.107000e-05	-1.515865e-01	-7.780504e+00
3.108000e-05	-1.452073e-01	-7.674556e+00
3.109000e-05	-1.316204e-01	-7.545739e+00
3.110000e-05	-1.190037e-01	-7.427826e+00
3.111000e-05	-1.086362e-01	-7.242084e+00
3.112000e-05	-1.027796e-01	-7.155636e+00
3.113000e-05	-9.185676e-02	-6.958292e+00
3.114000e-05	-8.015679e-02	-6.809476e+00
3.115000e-05	-7.276325e-02	-6.642608e+00
3.116000e-05	-6.852571e-02	-6.524664e+00
3.117000e-05	-6.049582e-02	-6.419474e+00
3.118000e-05	-5.171246e-02	-6.241454e+00
3.119000e-05	-4.614496e-02	-6.041551e+00
3.120000e-05	-4.365490e-02	-5.894687e+00
3.121000e-05	-3.895129e-02	-5.775818e+00
3.122000e-05	-3.307529e-02	-5.630348e+00
3.123000e-05	-3.122592e-02	-5.408973e+00
3.124000e-05	-2.962116e-02	-5.180852e+00
3.125000e-05	-2.754760e-02	-5.021497e+00
3.126000e-05	-2.182315e-02	-4.850929e+00
3.127000e-05	-2.016820e-02	-4.641522e+00
3.128000e-05	-1.981047e-02	-4.503660e+00
3.129000e-05	-1.868803e-02	-4.335715e+00
3.130000e-05	-1.376262e-02	-4.199391e+00
3.131000e-05	-1.408253e-02	-4.060019e+00
3.132000e-05	-1.385298e-02	-3.841579e+00
3.133000e-05	-1.464481e-02	-3.651078e+00
3.134000e-05	-1.109065e-02	-3.471556e+00
3.135000e-05	-9.960991e-03	-3.263632e+00
3.136000e-05	-9.913763e-03	-3.135209e+00
3.137000e-05	-1.190079e-02	-2.945182e+00
3.138000e-05	-1.048430e-02	-2.745286e+00
3.139000e-05	-7.180829e-03	-2.558291e+00
3.140000e-05	-6.487007e-03	-2.358863e+00
3.141000e-05	-7.936087e-03	-2.139292e+00
3.142000e-05	-6.059950e-03	-1.967847e+00
3.143000e-05	-5.158726e-03	-1.829896e+00
3.144000e-05	-5.452972e-03	-1.641447e+00
3.145000e-05	-8.628960e-03	-1.388675e+00
3.146000e-05	-7.217875e-03	-1.209288e+00
3.147000e-05	-4.857752e-03	-9.788948e-01
3.148000e-05	-4.622754e-03	-8.194949e-01
3.149000e-05	-4.764569e-03	-6.489158e-01
3.150000e-05	-3.668132e-03	-3.895460e-01
3.151000e-05	-2.272483e-03	-2.315250e-01
3.152000e-05	-1.407333e-04	-8.310388e-02
3.153000e-05	1.620674e-03	1.460248e-01
3.154000e-05	-2.453139e-03	3.569774e-01
3.155000e-05	-1.630505e-04	4.848209e-01
3.156000e-05	-6.997287e-04	6.733406e-01
3.157000e-05	-6.351431e-04	7.906842e-01
3.158000e-05	-1.816667e-03	1.011664e+00
3.159000e-05	3.253198e-03	1.222682e+00
3.160000e-05	1.951430e-02	1.391714e+00
3.161000e-05	6.050920e-02	1.665366e+00
3.162000e-05	8.906053e-03	1.906371e+00
3.163000e-05	-5.084983e-02	2.095272e+00
3.164000e-05	-4.559479e-02	2.273841e+00
3.165000e-05	-5.788065e-02	2.419574e+00
3.166000e-05	9.128368e-03	2.536298e+00
3.167000e-05	9.987151e-02	2.718400e+00
3.168000e-05	-9.280416e-02	2.925392e+00
3.169000e-05	2.207475e-02	3.021713e+00
3.170000e-05	9.779688e-02	3.263808e+00
3.171000e-05	-4.571738e-02	3.463271e+00
3.172000e-05	9.339100e-03	3.610554e+00
3.173000e-05	-3.054429e-02	3.759630e+00
3.174000e-05	-4.503636e-02	3.968428e+00
3.175000e-05	8.298808e-02	4.116949e+00
3.176000e-05	3.450788e-03	4.347978e+00
3.177000e-05	-3.031071e-02	4.544321e+00
3.178000e-05	1.130117e-02	4.715294e+00
3.179000e-05	-1.421441e-02	4.913292e+00
3.180000e-05	3.813563e-02	5.085369e+00
3.181000e-05	-3.122601e-02	5.294922e+00
3.182000e-05	-1.196651e-02	5.474163e+00
3.183000e-05	3.470214e-02	5.631608e+00
3.184000e-05	2.356194e-02	5.750484e+00
3.185000e-05	-1.071166e-02	5.938003e+00
3.186000e-05	-4.075763e-02	6.145420e+00
3.187000e-05	2.793885e-02	6.202660e+00
3.188000e-05	2.010073e-02	6.422055e+00
3.189000e-05	-1.203937e-02	6.526975e+00
3.190000e-05	5.529429e-03	6.715926e+00
3.191000e-05	4.249886e-03	6.894292e+00
3.192000e-05	2.029512e-02	6.990082e+00
3.193000e-05	-1.281725e-03	7.127846e+00
3.194000e-05	-1.753336e-02	7.274192e+00
3.195000e-05	1.026384e-02	7.451162e+00
3.196000e-05	1.223372e-02	7.641604e+00
3.197000e-05	1.269319e-02	7.756397e+00
3.198000e-05	-1.060700e-02	7.896272e+00
3.199000e-05	1.034659e-02	8.031083e+00
3.200000e-05	1.392102e-02	8.156347e+00
3.201000e-05	2.780825e-04	8.252663e+00
3.202000e-05	-5.040532e-04	8.399430e+00
3.203000e-05	2.094944e-03	8.454637e+00
3.204000e-05	1.862609e-02	8.556799e+00
3.205000e-05	6.020557e-03	8.662685e+00
3.206000e-05	1.819967e-03	8.765876e+00
3.207000e-05	5.209198e-03	8.842635e+00
3.208000e-05	1.282861e-02	8.967405e+00
3.209000e-05	8.027225e-03	9.044266e+00
3.210000e-05	-1.105449e-03	9.188451e+00
3.211000e-05	9.084802e-03	9.252082e+00
3.212000e-05	1.360390e-02	9.325820e+00
3.213000e-05	1.043733e-02	9.409006e+00
3.214000e-05	2.337125e-03	9.484188e+00
3.215000e-05	6.798866e-03	9.577425e+00
3.216000e-05	1.372614e-02	9.608529e+00
3.217000e-05	9.367611e-03	9.674213e+00
3.218000e-05	4.486581e-03	9.757305e+00
3.219000e-05	8.609800e-03	9.880058e+00
3.220000e-05	1.659757e-02	9.871616e+00
3.221000e-05	1.126265e-02	9.956327e+00
3.222000e-05	6.033631e-03	9.981055e+00
3.223000e-05	8.035485e-03	1.006109e+01
3.224000e-05	1.580370e-02	1.007324e+01
3.225000e-05	1.257717e-02	1.009419e+01
3.226000e-05	8.795441e-03	1.013590e+01
3.227000e-05	1.042240e-02	1.014945e+01
3.228000e-05	1.705620e-02	1.021140e+01
3.229000e-05	1.506983e-02	1.021154e+01
3.230000e-05	9.602193e-03	1.024111e+01
3.231000e-05	1.333355e-02	1.027268e+01
3.232000e-05	1.835705e-02	1.026409e+01
3.233000e-05	1.815743e-02	1.027429e+01
3.234000e-05	1.331852e-02	1.029414e+01
3.235000e-05	1.464913e-02	1.027267e+01
3.236000e-05	1.857799e-02	1.032576e+01
3.237000e-05	1.967239e-02	1.030519e+01
3.238000e-05	1.823351e-02	1.025316e+01
3.239000e-05	1.902790e-02	1.026259e+01
3.240000e-05	2.449243e-02	1.025158e+01
3.241000e-05	2.567208e-02	1.023061e+01
3.242000e-05	2.375065e-02	1.018945e+01
3.243000e-05	2.305895e-02	1.013787e+01
3.244000e-05	2.703037e-02	1.014777e+01
3.245000e-05	2.917761e-02	1.008464e+01
3.246000e-05	2.814710e-02	1.005416e+01
3.247000e-05	2.872018e-02	1.004261e+01
3.248000e-05	3.298685e-02	1.000905e+01
3.249000e-05	3.556646e-02	9.976297e+00
3.250000e-05	3.508510e-02	9.882063e+00
3.251000e-05	3.667719e-02	9.852029e+00
3.252000e-05	4.134170e-02	9.717290e+00
3.253000e-05	4.882558e-02	9.682666e+00
3.254000e-05	4.999114e-02	9.599429e+00
3.255000e-05	5.250103e-02	9.554740e+00
3.256000e-05	5.729757e-02	9.471535e+00
3.257000e-05	6.790017e-02	9.398873e+00
3.258000e-05	7.447462e-02	9.313716e+00
3.259000e-05	8.056907e-02	9.253130e+00
3.260000e-05	9.070691e-02	9.189000e+00
3.261000e-05	1.020620e-01	9.122690e+00
3.262000e-05	1.113751e-01	8.956720e+00
3.263000e-05	1.208311e-01	8.862179e+00
3.264000e-05	1.342292e-01	8.736271e+00
3.265000e-05	1.466591e-01	8.684107e+00
3.266000e-05	1.548363e-01	8.557320e+00
3.267000e-05	1.595309e-01	8.484159e+00
3.268000e-05	1.653685e-01	8.417923e+00
3.269000e-05	1.683359e-01	8.302654e+00
3.270000e-05	1.664991e-01	8.106822e+00
3.271000e-05	1.606475e-01	8.028895e+00
3.272000e-05	1.542911e-01	7.862710e+00
3.273000e-05	1.466831e-01	7.736347e+00
3.274000e-05	1.347840e-01	7.641580e+00
3.275000e-05	1.220810e-01	7.500511e+00
3.276000e-05	1.116828e-01	7.286212e+00
3.277000e-05	1.020897e-01	7.187845e+00
3.278000e-05	9.169904e-02	7.043005e+00
3.279000e-05	8.054744e-02	6.903612e+00
3.280000e-05	7.289760e-02	6.787374e+00
3.281000e-05	6.587408e-02	6.667477e+00
3.282000e-05	5.915950e-02	6.441029e+00
3.283000e-05	5.036405e-02	6.304661e+00
3.284000e-05	4.364319e-02	6.157792e+00
3.285000e-05	3.891367e-02	6.031028e+00
3.286000e-05	3.298884e-02	5.913708e+00
3.287000e-05	2.977279e-02	5.673159e+00
3.288000e-05	2.367272e-02	5.566238e+00
3.289000e-05	2.451794e-02	5.386317e+00
3.290000e-05	1.937588e-02	5.186847e+00
3.291000e-05	1.820725e-02	4.947742e+00
3.292000e-05	1.470791e-02	4.766917e+00
3.293000e-05	1.411552e-02	4.650445e+00
3.294000e-05	1.049572e-02	4.452055e+00
3.295000e-05	8.301026e-03	4.294057e+00
3.296000e-05	5.784957e-03	4.072605e+00
3.297000e-05	5.833848e-03	3.914709e+00
3.298000e-05	3.615177e-03	3.746215e+00
3.299000e-05	4.114515e-03	3.578425e+00
3.300000e-05	3.962224e-03	3.408321e+00
3.301000e-05	4.364719e-03	3.189449e+00
3.302000e-05	2.920599e-03	2.990471e+00
3.303000e-05	9.633575e-04	2.862579e+00
3.304000e-05	-2.049793e-04	2.722028e+00
3.305000e-05	-1.970184e-03	2.449979e+00
3.306000e-05	-1.935088e-03	2.252078e+00
3.307000e-05	-9.587131e-04	2.113158e+00
3.308000e-05	-1.354064e-03	1.944739e+00
3.309000e-05	-1.510602e-03	1.714259e+00
3.310000e-05	-3.067682e-03	1.525764e+00
3.311000e-05	-2.493831e-03	1.326311e+00
3.312000e-05	-3.228217e-03	1.107238e+00
3.313000e-05	-4.928106e-03	8.531566e-01
3.314000e-05	-2.581782e-03	7.131606e-01
3.315000e-05	-3.383153e-03	5.146617e-01
3.316000e-05	-1.498764e-03	3.773107e-01
3.317000e-05	-4.703259e-03	1.262643e-01
3.318000e-05	-3.176395e-03	-7.376191e-02
3.319000e-05	1.414724e-03	-2.636817e-01
3.320000e-05	-2.153258e-03	-3.705514e-01
3.321000e-05	-2.228924e-03	-5.410812e-01
3.322000e-05	-3.000245e-03	-7.880240e-01
3.323000e-05	-1.586980e-03	-9.178711e-01
3.324000e-05	-3.214606e-03	-1.095863e+00
3.325000e-05	4.734137e-04	-1.305242e+00
3.326000e-05	4.158856e-02	-1.496294e+00
3.327000e-05	5.756092e-02	-1.654868e+00
3.328000e-05	-5.008015e-02	-1.937499e+00
3.329000e-05	-4.764861e-02	-2.242264e+00
3.330000e-05	-9.122741e-02	-2.432561e+00
3.331000e-05	1.646572e-03	-2.516317e+00
3.332000e-05	1.363961e-01	-2.590023e+00
3.333000e-05	-1.167548e-01	-2.800633e+00
3.334000e-05	-3.435346e-03	-3.034682e+00
3.335000e-05	1.345477e-01	-3.158471e+00
3.336000e-05	-9.031887e-02	-3.401130e+00
3.337000e-05	2.179452e-02	-3.598899e+00
3.338000e-05	-1.862279e-02	-3.683714e+00
3.339000e-05	-1.194702e-01	-3.918925e+00
3.340000e-05	1.262900e-01	-4.054688e+00
3.341000e-05	5.477058e-06	-4.242717e+00
3.342000e-05	-5.368844e-02	-4.462140e+00
3.343000e-05	3.821052e-02	-4.559000e+00
3.344000e-05	-6.836191e-02	-4.791585e+00
3.345000e-05	7.343038e-02	-4.999028e+00
3.346000e-05	-5.512663e-02	-5.126767e+00
3.347000e-05	-7.180658e-02	-5.297880e+00
3.348000e-05	1.022387e-01	-5.495297e+00
3.349000e-05	-2.969959e-02	-5.736274e+00
3.350000e-05	7.112345e-03	-5.853636e+00
3.351000e-05	-6.560788e-02	-5.980475e+00
3.352000e-05	2.064297e-03	-6.159529e+00
3.353000e-05	6.347209e-02	-6.326948e+00
3.354000e-05	-8.530608e-02	-6.495296e+00
3.355000e-05	2.630051e-02	-6.632583e+00
3.356000e-05	-1.564690e-02	-6.749976e+00
3.357000e-05	1.568226e-02	-6.936851e+00
3.358000e-05	-4.758951e-03	-7.094347e+00
3.359000e-05	-7.466334e-02	-7.244084e+00
3.360000e-05	4.756899e-02	-7.368426e+00
3.361000e-05	-2.017177e-02	-7.516822e+00
3.362000e-05	8.927384e-03	-7.652688e+00
3.363000e-05	-3.437496e-02	-7.791579e+00
3.364000e-05	-7.046638e-03	-8.028479e+00
3.365000e-05	2.539593e-02	-8.074211e+00
3.366000e-05	-4.374196e-02	-8.230055e+00
3.367000e-05	-5.180510e-03	-8.295218e+00
3.368000e-05	-2.554893e-02	-8.429557e+00
3.369000e-05	2.090815e-02	-8.507248e+00
3.370000e-05	-1.552242e-02	-8.682640e+00
3.371000e-05	-2.919094e-02	-8.810478e+00
3.372000e-05	-2.504781e-04	-8.824164e+00
3.373000e-05	-6.269238e-03	-8.969479e+00
3.374000e-05	-5.040190e-03	-9.062135e+00
3.375000e-05	-4.005989e-02	-9.126847e+00
3.376000e-05	-6.245534e-03	-9.250980e+00
3.377000e-05	5.618615e-04	-9.314743e+00
3.378000e-05	-1.008945e-02	-9.398505e+00
3.379000e-05	-2.429528e-02	-9.456820e+00
3.380000e-05	-1.693004e-02	-9.628954e+00
3.381000e-05	3.819818e-04	-9.672610e+00
3.382000e-05	-1.663832e-02	-9.724792e+00
3.383000e-05	-2.699845e-02	-9.758405e+00
3.384000e-05	-1.891782e-02	-9.843213e+00
3.385000e-05	-1.880778e-03	-9.894743e+00
3.386000e-05	-1.143185e-02	-9.927249e+00
3.387000e-05	-2.481523e-02	-9.929953e+00
3.388000e-05	-2.023293e-02	-1.003258e+01
3.389000e-05	-8.328993e-03	-1.009466e+01
3.390000e-05	-1.480951e-02	-1.012571e+01
3.391000e-05	-2.724802e-02	-1.011733e+01
3.392000e-05	-2.075605e-02	-1.019098e+01
3.393000e-05	-9.806947e-03	-1.025059e+01
3.394000e-05	-1.380006e-02	-1.033321e+01
3.395000e-05	-2.716327e-02	-1.036425e+01
3.396000e-05	-2.335188e-02	-1.034777e+01
3.397000e-05	-1.458073e-02	-1.035645e+01
3.398000e-05	-1.543404e-02	-1.037785e+01
3.399000e-05	-2.853755e-02	-1.038100e+01
3.400000e-05	-2.701192e-02	-1.036145e+01
3.401000e-05	-1.788976e-02	-1.037753e+01
3.402000e-05	-1.828918e-02	-1.037790e+01
3.403000e-05	-2.814709e-02	-1.039995e+01
3.404000e-05	-2.964288e-02	-1.035935e+01
3.405000e-05	-2.244772e-02	-1.035678e+01
3.406000e-05	-2.221911e-02	-1.035577e+01
3.407000e-05	-3.413942e-02	-1.034477e+01
3.408000e-05	-3.638383e-02	-1.029269e+01
3.409000e-05	-3.064887e-02	-1.029156e+01
3.410000e-05	-2.755570e-02	-1.017990e+01
3.411000e-05	-3.590471e-02	-1.016932e+01
3.412000e-05	-3.874414e-02	-1.012672e+01
3.413000e-05	-3.459582e-02	-1.007161e+01
3.414000e-05	-3.448791e-02	-1.004200e+01
3.415000e-05	-4.222618e-02	-9.978903e+00
3.416000e-05	-4.713072e-02	-9.935266e+00
3.417000e-05	-4.387872e-02	-9.874686e+00
3.418000e-05	-4.363663e-02	-9.819980e+00
3.419000e-05	-5.242313e-02	-9.789376e+00
3.420000e-05	-5.903974e-02	-9.695212e+00
3.421000e-05	-5.973495e-02	-9.621583e+00
3.422000e-05	-6.231612e-02	-9.599402e+00
3.423000e-05	-7.263756e-02	-9.544742e+00
3.424000e-05	-8.214029e-02	-9.401402e+00
3.425000e-05	-8.676802e-02	-9.327192e+00
3.426000e-05	-9.278702e-02	-9.250055e+00
3.427000e-05	-1.058542e-01	-9.146242e+00
3.428000e-05	-1.193698e-01	-9.053056e+00
3.429000e-05	-1.272970e-01	-8.976796e+00
3.430000e-05	-1.355014e-01	-8.863108e+00
3.431000e-05	-1.481724e-01	-8.788324e+00
3.432000e-05	-1.602455e-01	-8.672657e+00
3.433000e-05	-1.664150e-01	-8.568299e+00
3.434000e-05	-1.697639e-01	-8.429449e+00
3.435000e-05	-1.736946e-01	-8.314715e+00
3.436000e-05	-1.749958e-01	-8.200495e+00
3.437000e-05	-1.703099e-01	-8.064712e+00
3.438000e-05	-1.601125e-01	-7.999900e+00
3.439000e-05	-1.531761e-01	-7.831982e+00
3.440000e-05	-1.453374e-01	-7.693080e+00
3.441000e-05	-1.329441e-01	-7.516342e+00
3.442000e-05	-1.197984e-01	-7.388349e+00
3.443000e-05	-1.103951e-01	-7.283532e+00
3.444000e-05	-1.024705e-01	-7.135673e+00
3.445000e-05	-9.258444e-02	-6.969345e+00
3.446000e-05	-8.061280e-02	-6.829375e+00
3.447000e-05	-7.304712e-02	-6.662088e+00
3.448000e-05	-6.718303e-02	-6.517739e+00
3.449000e-05	-6.095487e-02	-6.419424e+00
3.450000e-05	-5.287487e-02	-6.270996e+00
3.451000e-05	-4.738807e-02	-6.022529e+00
3.452000e-05	-4.404973e-02	-5.885208e+00
3.453000e-05	-3.969798e-02	-5.776791e+00
3.454000e-05	-3.358075e-02	-5.630976e+00
3.455000e-05	-3.059465e-02	-5.401575e+00
3.456000e-05	-2.888562e-02	-5.191475e+00
3.457000e-05	-2.730360e-02	-5.061505e+00
3.458000e-05	-2.279287e-02	-4.842903e+00
3.459000e-05	-2.087344e-02	-4.673602e+00
3.460000e-05	-2.046059e-02	-4.484633e+00
3.461000e-05	-1.934298e-02	-4.356312e+00
3.462000e-05	-1.426888e-02	-4.170423e+00
3.463000e-05	-1.424661e-02	-4.061530e+00
3.464000e-05	-1.475797e-02	-3.872504e+00
3.465000e-05	-1.330862e-02	-3.662626e+00
3.466000e-05	-9.546839e-03	-3.483157e+00
3.467000e-05	-1.041583e-02	-3.326689e+00
3.468000e-05	-1.063188e-02	-3.169266e+00
3.469000e-05	-1.114742e-02	-2.915685e+00
3.470000e-05	-8.836095e-03	-2.765288e+00
3.471000e-05	-9.364836e-03	-2.516818e+00
3.472000e-05	-8.188893e-03	-2.409417e+00
3.473000e-05	-6.777310e-03	-2.159746e+00
3.474000e-05	-5.294388e-03	-1.968917e+00
3.475000e-05	-4.726848e-03	-1.830547e+00
3.476000e-05	-6.892022e-03	-1.641528e+00
3.477000e-05	-7.776361e-03	-1.429821e+00
3.478000e-05	-6.574929e-03	-1.167470e+00
3.479000e-05	-5.059379e-03	-1.020397e+00
3.480000e-05	-5.788198e-03	-8.399724e-01
3.481000e-05	-4.839898e-03	-5.908972e-01
3.482000e-05	-2.584974e-03	-3.814461e-01
3.483000e-05	-2.721044e-03	-2.430513e-01
3.484000e-05	-2.081409e-03	-3.360376e-02
3.485000e-05	2.310842e-03	1.354485e-01
3.486000e-05	-5.214863e-04	3.574749e-01
3.487000e-05	-8.869456e-06	4.837671e-01
3.488000e-05	-1.744110e-03	6.631868e-01
3.489000e-05	-1.206801e-03	8.195042e-01
3.490000e-05	2.189562e-04	1.012161e+00
3.491000e-05	2.624403e-03	1.200609e+00
3.492000e-05	1.664795e-02	1.439506e+00
3.493000e-05	5.870914e-02	1.643770e+00
3.494000e-05	1.623965e-02	1.894795e+00
3.495000e-05	-5.018433e-02	2.095813e+00
3.496000e-05	-4.668021e-02	2.293787e+00
3.497000e-05	-5.848059e-02	2.371028e+00
3.498000e-05	-7.716907e-04	2.485812e+00
3.499000e-05	1.032722e-01	2.686345e+00
3.500000e-05	-8.390647e-02	2.885343e+00
3.501000e-05	6.886787e-03	3.042038e+00
3.502000e-05	1.063799e-01	3.233113e+00
3.503000e-05	-4.135024e-02	3.473316e+00
3.504000e-05	4.800922e-03	3.588554e+00
3.505000e-05	-2.408234e-02	3.780530e+00
3.506000e-05	-5.500297e-02	3.937929e+00
3.507000e-05	7.857220e-02	4.076820e+00
3.508000e-05	1.247785e-02	4.356427e+00
3.509000e-05	-3.405147e-02	4.504793e+00
3.510000e-05	1.332348e-02	4.714344e+00
3.511000e-05	-1.491367e-02	4.894190e+00
3.512000e-05	3.907649e-02	5.054244e+00
3.513000e-05	-2.951854e-02	5.295294e+00
3.514000e-05	-1.939575e-02	5.483314e+00
3.515000e-05	3.409420e-02	5.582007e+00
3.516000e-05	2.655849e-02	5.749979e+00
3.517000e-05	-7.248712e-03	5.978400e+00
3.518000e-05	-4.262237e-02	6.126817e+00
3.519000e-05	2.551804e-02	6.233188e+00
3.520000e-05	2.544565e-02	6.400509e+00
3.521000e-05	-1.352972e-02	6.495946e+00
3.522000e-05	1.769813e-03	6.736850e+00
3.523000e-05	3.236872e-03	6.854289e+00
3.524000e-05	2.057226e-02	7.020050e+00
3.525000e-05	-3.254000e-04	7.137892e+00
3.526000e-05	-1.967417e-02	7.272166e+00
3.527000e-05	1.156408e-02	7.431109e+00
3.528000e-05	1.446572e-02	7.599580e+00
3.529000e-05	1.389358e-02	7.747350e+00
3.530000e-05	-1.296759e-02	7.892666e+00
3.531000e-05	7.515288e-03	7.970612e+00
3.532000e-05	1.535756e-02	8.155900e+00
3.533000e-05	9.402633e-05	8.254065e+00
3.534000e-05	-9.614940e-04	8.378428e+00
3.535000e-05	2.013973e-03	8.453660e+00
3.536000e-05	2.036040e-02	8.547400e+00
3.537000e-05	7.714478e-03	8.642163e+00
3.538000e-05	1.094643e-03	8.777499e+00
3.539000e-05	3.951627e-03	8.843084e+00
3.540000e-05	1.286877e-02	8.936972e+00
3.541000e-05	8.694770e-03	9.051642e+00
3.542000e-05	-2.510606e-03	9.168379e+00
3.543000e-05	7.244488e-03	9.251083e+00
3.544000e-05	1.429959e-02	9.313245e+00
3.545000e-05	1.245076e-02	9.379980e+00
3.546000e-05	1.968974e-03	9.471739e+00
3.547000e-05	6.268256e-03	9.545399e+00
3.548000e-05	1.335824e-02	9.629478e+00
3.549000e-05	1.091878e-02	9.702643e+00
3.550000e-05	3.322037e-03	9.745874e+00
3.551000e-05	7.592298e-03	9.860160e+00
3.552000e-05	1.621814e-02	9.913666e+00
3.553000e-05	1.276304e-02	9.975920e+00
3.554000e-05	5.449296e-03	9.997980e+00
3.555000e-05	7.430716e-03	1.006266e+01
3.556000e-05	1.564608e-02	1.007314e+01
3.557000e-05	1.470911e-02	1.010477e+01
3.558000e-05	7.956377e-03	1.012582e+01
3.559000e-05	8.953913e-03	1.015943e+01
3.560000e-05	1.636542e-02	1.018853e+01
3.561000e-05	1.611495e-02	1.024954e+01
3.562000e-05	9.742845e-03	1.022951e+01
3.563000e-05	1.189440e-02	1.028164e+01
3.564000e-05	1.725842e-02	1.026363e+01
3.565000e-05	1.981812e-02	1.030257e+01
3.566000e-05	1.248970e-02	1.029266e+01
3.567000e-05	1.368892e-02	1.027317e+01
3.568000e-05	1.928707e-02	1.028374e+01
3.569000e-05	2.043237e-02	1.029469e+01
3.570000e-05	1.707738e-02	1.028308e+01
3.571000e-05	1.845831e-02	1.023208e+01
3.572000e-05	2.399698e-02	1.025203e+01
3.573000e-05	2.680733e-02	1.023905e+01
3.574000e-05	2.281703e-02	1.022798e+01
3.575000e-05	2.200846e-02	1.016885e+01
3.576000e-05	2.690419e-02	1.012532e+01
3.577000e-05	2.911009e-02	1.012467e+01
3.578000e-05	2.785509e-02	1.009368e+01
3.579000e-05	2.808505e-02	1.005156e+01
3.580000e-05	3.182597e-02	1.000943e+01
3.581000e-05	3.603278e-02	9.985446e+00
3.582000e-05	3.451496e-02	9.890615e+00
3.583000e-05	3.703412e-02	9.839951e+00
3.584000e-05	4.201616e-02	9.757374e+00
3.585000e-05	4.770793e-02	9.661039e+00
3.586000e-05	4.963388e-02	9.620454e+00
3.587000e-05	5.204052e-02	9.524794e+00
3.588000e-05	5.836242e-02	9.453584e+00
3.589000e-05	6.665702e-02	9.409357e+00
3.590000e-05	7.435411e-02	9.345813e+00
3.591000e-05	7.920193e-02	9.233061e+00
3.592000e-05	9.019105e-02	9.199376e+00
3.593000e-05	1.009114e-01	9.113160e+00
3.594000e-05	1.113102e-01	8.938300e+00
3.595000e-05	1.202559e-01	8.851633e+00
3.596000e-05	1.337720e-01	8.756946e+00
3.597000e-05	1.454439e-01	8.652112e+00
3.598000e-05	1.552739e-01	8.577351e+00
3.599000e-05	1.603645e-01	8.492138e+00
3.600000e-05	1.651529e-01	8.397928e+00
3.601000e-05	1.683315e-01	8.242157e+00
3.602000e-05	1.672080e-01	8.146245e+00
3.603000e-05	1.611305e-01	8.010050e+00
3.604000e-05	1.544365e-01	7.873117e+00
3.605000e-05	1.462831e-01	7.796392e+00
3.606000e-05	1.358534e-01	7.612531e+00
3.607000e-05	1.244444e-01	7.534142e+00
3.608000e-05	1.134292e-01	7.336213e+00
3.609000e-05	1.026978e-01	7.178426e+00
3.610000e-05	9.174879e-02	7.081582e+00
3.611000e-05	8.215849e-02	6.925163e+00
3.612000e-05	7.328760e-02	6.819921e+00
3.613000e-05	6.541771e-02	6.670930e+00
3.614000e-05	5.889754e-02	6.443079e+00
3.615000e-05	5.082133e-02	6.334137e+00
3.616000e-05	4.488657e-02	6.166445e+00
3.617000e-05	3.874812e-02	6.061027e+00
3.618000e-05	3.404665e-02	5.914184e+00
3.619000e-05	3.025522e-02	5.754684e+00
3.620000e-05	2.574048e-02	5.537735e+00
3.621000e-05	2.353615e-02	5.378320e+00
3.622000e-05	2.014447e-02	5.208294e+00
3.623000e-05	1.753228e-02	5.006818e+00
3.624000e-05	1.510206e-02	4.808822e+00
3.625000e-05	1.271434e-02	4.609499e+00
3.626000e-05	1.096748e-02	4.433054e+00
3.627000e-05	8.715297e-03	4.306634e+00
3.628000e-05	7.744751e-03	4.083160e+00
3.629000e-05	6.803850e-03	3.936188e+00
3.630000e-05	5.835256e-03	3.736766e+00
3.631000e-05	3.816429e-03	3.599950e+00
3.632000e-05	3.293397e-03	3.421371e+00
3.633000e-05	2.022383e-03	3.189920e+00
3.634000e-05	2.360675e-03	3.060999e+00
3.635000e-05	6.788662e-04	2.862080e+00
3.636000e-05	1.297936e-04	2.723233e+00
3.637000e-05	-2.864063e-04	2.481929e+00
3.638000e-05	-7.070372e-04	2.274180e+00
3.639000e-05	-1.249188e-03	2.102705e+00
3.640000e-05	-1.839312e-03	1.956691e+00
3.641000e-05	-1.378940e-03	1.774788e+00
3.642000e-05	-2.270760e-03	1.533711e+00
3.643000e-05	-3.195082e-03	1.357788e+00
3.644000e-05	-3.437888e-03	1.195314e+00
3.645000e-05	-3.765009e-03	8.841816e-01
3.646000e-05	-3.144930e-03	7.257105e-01
3.647000e-05	-3.365381e-03	5.452581e-01
3.648000e-05	-4.194785e-03	3.872933e-01
3.649000e-05	-3.297974e-03	1.462123e-01
3.650000e-05	-3.297907e-03	-5.470784e-02
3.651000e-05	2.200799e-03	-2.216553e-01
3.652000e-05	-1.972667e-03	-3.499751e-01
3.653000e-05	-1.262888e-03	-5.580238e-01
3.654000e-05	-3.109040e-03	-7.505000e-01
3.655000e-05	-2.411279e-03	-9.168947e-01
3.656000e-05	-3.707304e-03	-1.073790e+00
3.657000e-05	-5.505208e-04	-1.273712e+00
3.658000e-05	3.757712e-02	-1.465219e+00
3.659000e-05	6.143180e-02	-1.653740e+00
3.660000e-05	-4.564648e-02	-1.896875e+00
3.661000e-05	-4.486649e-02	-2.222687e+00
3.662000e-05	-8.621864e-02	-2.431079e+00
3.663000e-05	-1.226349e-02	-2.516342e+00
3.664000e-05	1.376929e-01	-2.539503e+00
3.665000e-05	-1.040828e-01	-2.790605e+00
3.666000e-05	-2.637839e-02	-2.983089e+00
3.667000e-05	1.442042e-01	-3.139470e+00
3.668000e-05	-8.286162e-02	-3.350053e+00
3.669000e-05	1.448215e-02	-3.558924e+00
3.670000e-05	-2.603216e-03	-3.652761e+00
3.671000e-05	-1.284321e-01	-3.927397e+00
3.672000e-05	1.141048e-01	-4.033687e+00
3.673000e-05	1.559378e-02	-4.243612e+00
3.674000e-05	-6.291535e-02	-4.432632e+00
3.675000e-05	4.216914e-02	-4.577952e+00
3.676000e-05	-7.165863e-02	-4.771058e+00
3.677000e-05	6.722367e-02	-4.959475e+00
3.678000e-05	-3.802976e-02	-5.094820e+00
3.679000e-05	-8.426528e-02	-5.327376e+00
3.680000e-05	1.027890e-01	-5.504170e+00
3.681000e-05	-2.355075e-02	-5.696796e+00
3.682000e-05	5.085891e-03	-5.833661e+00
3.683000e-05	-5.949614e-02	-5.959428e+00
3.684000e-05	-1.318417e-02	-6.160352e+00
3.685000e-05	7.057165e-02	-6.337372e+00
3.686000e-05	-8.311620e-02	-6.474192e+00
3.687000e-05	2.301455e-02	-6.642559e+00
3.688000e-05	-1.113274e-02	-6.768425e+00
3.689000e-05	1.082408e-02	-6.906898e+00
3.690000e-05	4.928834e-03	-7.055170e+00
3.691000e-05	-7.916432e-02	-7.233083e+00
3.692000e-05	4.379136e-02	-7.337451e+00
3.693000e-05	-1.820694e-02	-7.466245e+00
3.694000e-05	5.435765e-03	-7.683530e+00
3.695000e-05	-2.994614e-02	-7.758085e+00
3.696000e-05	-1.497210e-02	-7.978951e+00
3.697000e-05	2.925291e-02	-8.053737e+00
3.698000e-05	-4.221606e-02	-8.190029e+00
3.699000e-05	-3.999693e-03	-8.274318e+00
3.700000e-05	-2.613865e-02	-8.417552e+00
3.701000e-05	1.690699e-02	-8.525871e+00
3.702000e-05	-1.267500e-02	-8.610090e+00
3.703000e-05	-3.155341e-02	-8.788427e+00
3.704000e-05	-1.102367e-03	-8.864137e+00
3.705000e-05	-7.721315e-03	-8.967950e+00
3.706000e-05	-1.787787e-03	-9.043659e+00
3.707000e-05	-3.706462e-02	-9.147346e+00
3.708000e-05	-8.640058e-03	-9.232055e+00
3.709000e-05	5.180474e-04	-9.315795e+00
3.710000e-05	-1.180594e-02	-9.419957e+00
3.711000e-05	-2.297057e-02	-9.443792e+00
3.712000e-05	-1.934888e-02	-9.618482e+00
3.713000e-05	1.424242e-03	-9.652134e+00
3.714000e-05	-1.514468e-02	-9.714742e+00
3.715000e-05	-2.583159e-02	-9.769403e+00
3.716000e-05	-1.857935e-02	-9.812064e+00
3.717000e-05	-2.797599e-03	-9.874720e+00
3.718000e-05	-1.219568e-02	-9.946301e+00
3.719000e-05	-2.613174e-02	-9.998506e+00
3.720000e-05	-2.012938e-02	-1.006203e+01
3.721000e-05	-8.319457e-03	-1.005667e+01
3.722000e-05	-1.327954e-02	-1.012367e+01
3.723000e-05	-2.702734e-02	-1.012734e+01
3.724000e-05	-2.096201e-02	-1.024093e+01
3.725000e-05	-1.051631e-02	-1.023211e+01
3.726000e-05	-1.456976e-02	-1.030407e+01
3.727000e-05	-2.697352e-02	-1.029182e+01
3.728000e-05	-2.384818e-02	-1.030532e+01
3.729000e-05	-1.315039e-02	-1.036720e+01
3.730000e-05	-1.510021e-02	-1.041788e+01
3.731000e-05	-2.624557e-02	-1.040988e+01
3.732000e-05	-2.629986e-02	-1.038890e+01
3.733000e-05	-1.773543e-02	-1.040951e+01
3.734000e-05	-2.067925e-02	-1.036888e+01
3.735000e-05	-2.838753e-02	-1.042148e+01
3.736000e-05	-3.012480e-02	-1.036738e+01
3.737000e-05	-2.221019e-02	-1.036680e+01
3.738000e-05	-2.311875e-02	-1.033629e+01
3.739000e-05	-3.212281e-02	-1.027522e+01
3.740000e-05	-3.519648e-02	-1.027371e+01
3.741000e-05	-2.952064e-02	-1.025206e+01
3.742000e-05	-2.836938e-02	-1.017103e+01
3.743000e-05	-3.588284e-02	-1.012735e+01
3.744000e-05	-3.928852e-02	-1.012572e+01
3.745000e-05	-3.340034e-02	-1.010411e+01
3.746000e-05	-3.527800e-02	-1.004203e+01
3.747000e-05	-4.167719e-02	-1.000843e+01
3.748000e-05	-4.702890e-02	-9.935346e+00
3.749000e-05	-4.250417e-02	-9.914214e+00
3.750000e-05	-4.381023e-02	-9.862437e+00
3.751000e-05	-5.208743e-02	-9.797373e+00
3.752000e-05	-5.857525e-02	-9.677163e+00
3.753000e-05	-6.060303e-02	-9.661557e+00
3.754000e-05	-6.239438e-02	-9.609377e+00
3.755000e-05	-7.243473e-02	-9.556216e+00
3.756000e-05	-8.183650e-02	-9.419980e+00
3.757000e-05	-8.630282e-02	-9.318215e+00
3.758000e-05	-9.221565e-02	-9.231976e+00
3.759000e-05	-1.056228e-01	-9.166395e+00
3.760000e-05	-1.172191e-01	-9.070537e+00
3.761000e-05	-1.268312e-01	-8.987344e+00
3.762000e-05	-1.349989e-01	-8.894160e+00
3.763000e-05	-1.479933e-01	-8.798823e+00
3.764000e-05	-1.602350e-01	-8.703661e+00
3.765000e-05	-1.664411e-01	-8.537798e+00
3.766000e-05	-1.698512e-01	-8.441003e+00
3.767000e-05	-1.734126e-01	-8.344741e+00
3.768000e-05	-1.752832e-01	-8.218326e+00
3.769000e-05	-1.693813e-01	-8.116262e+00
3.770000e-05	-1.609789e-01	-8.009426e+00
3.771000e-05	-1.535175e-01	-7.872482e+00
3.772000e-05	-1.452391e-01	-7.723516e+00
3.773000e-05	-1.337900e-01	-7.564767e+00
3.774000e-05	-1.221745e-01	-7.410448e+00
3.775000e-05	-1.110968e-01	-7.242605e+00
3.776000e-05	-1.023290e-01	-7.167292e+00
3.777000e-05	-9.214100e-02	-6.977799e+00
3.778000e-05	-8.301189e-02	-6.840104e+00
3.779000e-05	-7.355882e-02	-6.695690e+00
3.780000e-05	-6.673644e-02	-6.536247e+00
3.781000e-05	-5.931319e-02	-6.418976e+00
3.782000e-05	-5.316721e-02	-6.281458e+00
3.783000e-05	-4.762064e-02	-6.072058e+00
3.784000e-05	-4.480664e-02	-5.904712e+00
3.785000e-05	-3.953295e-02	-5.767821e+00
3.786000e-05	-3.611219e-02	-5.620024e+00
3.787000e-05	-3.035770e-02	-5.463005e+00
3.788000e-05	-2.854268e-02	-5.260532e+00
3.789000e-05	-2.578693e-02	-5.052031e+00
3.790000e-05	-2.297552e-02	-4.862078e+00
3.791000e-05	-2.077944e-02	-4.682504e+00
3.792000e-05	-2.023908e-02	-4.514710e+00
3.793000e-05	-1.949369e-02	-4.367845e+00
3.794000e-05	-1.526107e-02	-4.220476e+00
3.795000e-05	-1.484395e-02	-4.031054e+00
3.796000e-05	-1.378340e-02	-3.913655e+00
3.797000e-05	-1.429978e-02	-3.643104e+00
3.798000e-05	-1.069003e-02	-3.494659e+00
3.799000e-05	-1.025665e-02	-3.315714e+00
3.800000e-05	-9.828173e-03	-3.177414e+00
3.801000e-05	-1.049175e-02	-2.926766e+00
3.802000e-05	-8.866427e-03	-2.756840e+00
3.803000e-05	-8.782735e-03	-2.629716e+00
3.804000e-05	-7.678933e-03	-2.420375e+00
3.805000e-05	-8.199512e-03	-2.168290e+00
3.806000e-05	-5.995727e-03	-1.997924e+00
3.807000e-05	-5.500157e-03	-1.810996e+00
3.808000e-05	-6.476965e-03	-1.642151e+00
3.809000e-05	-7.622970e-03	-1.412421e+00
3.810000e-05	-6.672210e-03	-1.198496e+00
3.811000e-05	-4.195547e-03	-1.010926e+00
3.812000e-05	-5.088539e-03	-8.320511e-01
3.813000e-05	-4.755551e-03	-6.320497e-01
3.814000e-05	-4.009471e-03	-4.515011e-01
3.815000e-05	-1.972600e-03	-2.515789e-01
3.816000e-05	-2.612776e-03	-7.360033e-02
3.817000e-05	1.642214e-03	8.389106e-02
3.818000e-05	-2.158952e-04	3.264236e-01
3.819000e-05	1.350800e-03	4.827946e-01
3.820000e-05	-1.400592e-03	6.236605e-01
3.821000e-05	-1.217736e-03	8.195014e-01
3.822000e-05	9.701858e-05	9.800844e-01
3.823000e-05	2.976364e-03	1.222033e+00
3.824000e-05	1.426339e-02	1.420079e+00
3.825000e-05	5.589542e-02	1.634132e+00
3.826000e-05	2.096745e-02	1.875294e+00
3.827000e-05	-4.730752e-02	2.054764e+00
3.828000e-05	-4.703786e-02	2.243713e+00
3.829000e-05	-5.707512e-02	2.369025e+00
3.830000e-05	-9.838552e-03	2.472793e+00
3.831000e-05	1.078930e-01	2.696397e+00
3.832000e-05	-7.182110e-02	2.894293e+00
3.833000e-05	-1.029174e-02	3.020628e+00
3.834000e-05	1.104372e-01	3.211114e+00
3.835000e-05	-3.787152e-02	3.412640e+00
3.836000e-05	2.633599e-04	3.599478e+00
3.837000e-05	-1.685809e-02	3.757528e+00
3.838000e-05	-6.156307e-02	3.965946e+00
3.839000e-05	7.631314e-02	4.084314e+00
3.840000e-05	2.094701e-02	4.317401e+00
3.841000e-05	-3.660997e-02	4.505268e+00
3.842000e-05	1.151017e-02	4.693741e+00
3.843000e-05	-1.644034e-02	4.891687e+00
3.844000e-05	3.722345e-02	5.072818e+00
3.845000e-05	-2.310433e-02	5.314192e+00
3.846000e-05	-2.311406e-02	5.451688e+00
3.847000e-05	3.277802e-02	5.590529e+00
3.848000e-05	2.819445e-02	5.749004e+00
3.849000e-05	-3.705251e-03	5.937879e+00
3.850000e-05	-4.360722e-02	6.135269e+00
3.851000e-05	1.991167e-02	6.231108e+00
3.852000e-05	2.855066e-02	6.399479e+00
3.853000e-05	-1.309552e-02	6.516842e+00
3.854000e-05	4.044810e-03	6.735349e+00
3.855000e-05	3.608843e-03	6.863767e+00
3.856000e-05	2.052576e-02	6.968582e+00
3.857000e-05	2.187434e-03	7.095399e+00
3.858000e-05	-2.102713e-02	7.263636e+00
3.859000e-05	9.558481e-03	7.410606e+00
3.860000e-05	1.339088e-02	7.589007e+00
3.861000e-05	1.617221e-02	7.726820e+00
3.862000e-05	-1.139033e-02	7.833238e+00
3.863000e-05	7.206909e-03	8.029637e+00
3.864000e-05	1.610502e-02	8.138399e+00
3.865000e-05	2.599441e-03	8.224111e+00
3.866000e-05	-5.689334e-04	8.387378e+00
3.867000e-05	-1.000605e-03	8.462085e+00
3.868000e-05	1.836871e-02	8.576400e+00
3.869000e-05	7.297597e-03	8.631115e+00
3.870000e-05	1.360823e-03	8.758847e+00
3.871000e-05	3.700516e-03	8.860056e+00
3.872000e-05	1.411339e-02	8.948274e+00
3.873000e-05	1.060228e-02	9.041141e+00
3.874000e-05	-1.279646e-04	9.156426e+00
3.875000e-05	5.851434e-03	9.232086e+00
3.876000e-05	1.234813e-02	9.296267e+00
3.877000e-05	1.098601e-02	9.408482e+00
3.878000e-05	2.434249e-03	9.482665e+00
3.879000e-05	6.385722e-03	9.536924e+00
3.880000e-05	1.368093e-02	9.620431e+00
3.881000e-05	1.205167e-02	9.652617e+00
3.882000e-05	5.331419e-03	9.736871e+00
3.883000e-05	8.483343e-03	9.780042e+00
3.884000e-05	1.544180e-02	9.922216e+00
3.885000e-05	1.163578e-02	9.945794e+00
3.886000e-05	4.130043e-03	9.979506e+00
3.887000e-05	6.203391e-03	1.003153e+01
3.888000e-05	1.420419e-02	1.006369e+01
3.889000e-05	1.521746e-02	1.012569e+01
3.890000e-05	9.943847e-03	1.013477e+01
3.891000e-05	1.055407e-02	1.018883e+01
3.892000e-05	1.675773e-02	1.020896e+01
3.893000e-05	1.614392e-02	1.022108e+01
3.894000e-05	8.956134e-03	1.023060e+01
3.895000e-05	9.751381e-03	1.027266e+01
3.896000e-05	1.520153e-02	1.027467e+01
3.897000e-05	1.944628e-02	1.026314e+01
3.898000e-05	1.388806e-02	1.029424e+01
3.899000e-05	1.463952e-02	1.028364e+01
3.900000e-05	1.950385e-02	1.027474e+01
3.901000e-05	2.016374e-02	1.028174e+01
3.902000e-05	1.754911e-02	1.025369e+01
3.903000e-05	1.778524e-02	1.027219e+01
3.904000e-05	2.244690e-02	1.026056e+01
3.905000e-05	2.543269e-02	1.024003e+01
3.906000e-05	2.325701e-02	1.022795e+01
3.907000e-05	2.268072e-02	1.017685e+01
3.908000e-05	2.653938e-02	1.014632e+01
3.909000e-05	2.905346e-02	1.012469e+01
3.910000e-05	2.841385e-02	1.006416e+01
3.911000e-05	2.826927e-02	1.003158e+01
3.912000e-05	3.204634e-02	1.002998e+01
3.913000e-05	3.500843e-02	9.987321e+00
3.914000e-05	3.552465e-02	9.903182e+00
3.915000e-05	3.672561e-02	9.810528e+00
3.916000e-05	4.157490e-02	9.737826e+00
3.917000e-05	4.705175e-02	9.684637e+00
3.918000e-05	4.920568e-02	9.598528e+00
3.919000e-05	5.231434e-02	9.545316e+00
3.920000e-05	5.854053e-02	9.482612e+00
3.921000e-05	6.638371e-02	9.430428e+00
3.922000e-05	7.432755e-02	9.316268e+00
3.923000e-05	7.988048e-02	9.282633e+00
3.924000e-05	9.045031e-02	9.220027e+00
3.925000e-05	9.876646e-02	9.104263e+00
3.926000e-05	1.100650e-01	8.958823e+00
3.927000e-05	1.188165e-01	8.873189e+00
3.928000e-05	1.329035e-01	8.756346e+00
3.929000e-05	1.441718e-01	8.704134e+00
3.930000e-05	1.544579e-01	8.616869e+00
3.931000e-05	1.609588e-01	8.443640e+00
3.932000e-05	1.667190e-01	8.427474e+00
3.933000e-05	1.683295e-01	8.273511e+00
3.934000e-05	1.657625e-01	8.133893e+00
3.935000e-05	1.614847e-01	8.052552e+00
3.936000e-05	1.540790e-01	7.914712e+00
3.937000e-05	1.478277e-01	7.768346e+00
3.938000e-05	1.352863e-01	7.680478e+00
3.939000e-05	1.264868e-01	7.504636e+00
3.940000e-05	1.136096e-01	7.356195e+00
3.941000e-05	1.037779e-01	7.178398e+00
3.942000e-05	9.190519e-02	7.052127e+00
3.943000e-05	8.350600e-02	6.924763e+00
3.944000e-05	7.312011e-02	6.827421e+00
3.945000e-05	6.677933e-02	6.660105e+00
3.946000e-05	5.854180e-02	6.462083e+00
3.947000e-05	5.149897e-02	6.345190e+00
3.948000e-05	4.380455e-02	6.187371e+00
3.949000e-05	3.944905e-02	6.072556e+00
3.950000e-05	3.438321e-02	5.915139e+00
3.951000e-05	3.048981e-02	5.715258e+00
3.952000e-05	2.714011e-02	5.535741e+00
3.953000e-05	2.325887e-02	5.388445e+00
3.954000e-05	2.103869e-02	5.198846e+00
3.955000e-05	1.688049e-02	5.008295e+00
3.956000e-05	1.451760e-02	4.758895e+00
3.957000e-05	1.249983e-02	4.631005e+00
3.958000e-05	1.066060e-02	4.452130e+00
3.959000e-05	8.583429e-03	4.307661e+00
3.960000e-05	7.661020e-03	4.124159e+00
3.961000e-05	6.322164e-03	3.935212e+00
3.962000e-05	5.064447e-03	3.787843e+00
3.963000e-05	3.877146e-03	3.599500e+00
3.964000e-05	3.523835e-03	3.438422e+00
3.965000e-05	2.843168e-03	3.219946e+00
3.966000e-05	1.357103e-03	3.042054e+00
3.967000e-05	-3.496982e-04	2.863083e+00
3.968000e-05	-3.539612e-04	2.751608e+00
3.969000e-05	4.545617e-04	2.482125e+00
3.970000e-05	-1.051572e-03	2.294559e+00
3.971000e-05	-1.232640e-03	2.104134e+00
3.972000e-05	-8.947830e-04	1.976817e+00
3.973000e-05	-1.308277e-03	1.715865e+00
3.974000e-05	-1.910923e-03	1.585714e+00
3.975000e-05	-3.375127e-03	1.368289e+00
3.976000e-05	-3.538210e-03	1.148293e+00
3.977000e-05	-3.590127e-03	8.936581e-01
3.978000e-05	-3.038390e-03	7.162620e-01
3.979000e-05	-4.519607e-03	5.262120e-01
3.980000e-05	-3.368593e-03	3.988710e-01
3.981000e-05	-2.750233e-03	1.753370e-01
3.982000e-05	-2.536736e-03	-4.268679e-02
3.983000e-05	1.975546e-03	-2.215539e-01
3.984000e-05	-8.073619e-04	-3.584499e-01
3.985000e-05	-1.644017e-03	-5.004476e-01
3.986000e-05	-3.949899e-03	-7.779223e-01
3.987000e-05	-4.558970e-03	-8.958195e-01
3.988000e-05	-3.997214e-03	-1.054213e+00
3.989000e-05	-1.571461e-04	-1.292262e+00
3.990000e-05	3.338860e-02	-1.464341e+00
3.991000e-05	6.492702e-02	-1.663237e+00
3.992000e-05	-4.059040e-02	-1.896846e+00
3.993000e-05	-4.527997e-02	-2.181563e+00
3.994000e-05	-8.306288e-02	-2.411026e+00
3.995000e-05	-2.555938e-02	-2.496395e+00
3.996000e-05	1.384755e-01	-2.588951e+00
3.997000e-05	-8.780467e-02	-2.720428e+00
3.998000e-05	-4.613677e-02	-3.043711e+00
3.999000e-05	1.509870e-01	-3.116321e+00
4.000000e-05	-7.539615e-02	-3.357426e+00
4.001000e-05	3.553023e-03	-3.568898e+00
4.002000e-05	9.967798e-03	-3.642741e+00
4.003000e-05	-1.342605e-01	-3.847349e+00
4.004000e-05	1.011319e-01	-4.032687e+00
4.005000e-05	3.215533e-02	-4.232184e+00
4.006000e-05	-6.994590e-02	-4.420554e+00
4.007000e-05	4.582694e-02	-4.538374e+00
4.008000e-05	-7.167708e-02	-4.750023e+00
4.009000e-05	5.737246e-02	-4.949476e+00
4.010000e-05	-2.230885e-02	-5.064342e+00
4.011000e-05	-9.703671e-02	-5.305792e+00
4.012000e-05	1.020086e-01	-5.485266e+00
4.013000e-05	-1.706180e-02	-5.704747e+00
4.014000e-05	2.656739e-03	-5.823134e+00
4.015000e-05	-5.212043e-02	-5.938021e+00
4.016000e-05	-2.548168e-02	-6.108851e+00
4.017000e-05	7.689329e-02	-6.335246e+00
4.018000e-05	-8.000336e-02	-6.444315e+00
4.019000e-05	1.589870e-02	-6.621015e+00
4.020000e-05	-5.530383e-03	-6.707399e+00
4.021000e-05	3.460752e-03	-6.906899e+00
4.022000e-05	1.323000e-02	-7.073244e+00
4.023000e-05	-8.082263e-02	-7.252608e+00
4.024000e-05	4.019633e-02	-7.317874e+00
4.025000e-05	-1.478709e-02	-7.514246e+00
4.026000e-05	1.721136e-03	-7.651588e+00
4.027000e-05	-2.416593e-02	-7.788059e+00
4.028000e-05	-2.110160e-02	-7.948976e+00
4.029000e-05	3.278813e-02	-8.053188e+00
4.030000e-05	-4.178288e-02	-8.170429e+00
4.031000e-05	-4.261942e-03	-8.293768e+00
4.032000e-05	-2.480239e-02	-8.409428e+00
4.033000e-05	1.386741e-02	-8.497689e+00
4.034000e-05	-6.682572e-03	-8.603641e+00
4.035000e-05	-3.314914e-02	-8.779029e+00
4.036000e-05	-1.309138e-03	-8.843637e+00
4.037000e-05	-9.741983e-03	-8.957425e+00
4.038000e-05	-1.331897e-03	-9.052657e+00
4.039000e-05	-3.598771e-02	-9.145797e+00
4.040000e-05	-1.027725e-02	-9.250081e+00
4.041000e-05	1.550771e-03	-9.264864e+00
4.042000e-05	-1.143877e-02	-9.379457e+00
4.043000e-05	-2.135206e-02	-9.434240e+00
4.044000e-05	-2.057235e-02	-9.589932e+00
4.045000e-05	2.663980e-04	-9.653087e+00
4.046000e-05	-1.498182e-02	-9.696272e+00
4.047000e-05	-2.395965e-02	-9.748426e+00
4.048000e-05	-1.770662e-02	-9.812583e+00
4.049000e-05	-4.299678e-03	-9.883794e+00
4.050000e-05	-1.163123e-02	-9.926243e+00
4.051000e-05	-2.652558e-02	-9.977926e+00
4.052000e-05	-1.907074e-02	-1.005208e+01
4.053000e-05	-9.281399e-03	-1.010467e+01
4.054000e-05	-1.275393e-02	-1.011531e+01
4.055000e-05	-2.527336e-02	-1.015733e+01
4.056000e-05	-2.013089e-02	-1.018953e+01
4.057000e-05	-1.139357e-02	-1.025214e+01
4.058000e-05	-1.547934e-02	-1.029572e+01
4.059000e-05	-2.785065e-02	-1.029315e+01
4.060000e-05	-2.316737e-02	-1.036737e+01
4.061000e-05	-1.378481e-02	-1.039698e+01
4.062000e-05	-1.545602e-02	-1.036835e+01
4.063000e-05	-2.488829e-02	-1.037945e+01
4.064000e-05	-2.542341e-02	-1.040995e+01
4.065000e-05	-1.821951e-02	-1.041048e+01
4.066000e-05	-2.174170e-02	-1.036048e+01
4.067000e-05	-2.850470e-02	-1.039950e+01
4.068000e-05	-2.984643e-02	-1.035990e+01
4.069000e-05	-2.253373e-02	-1.039785e+01
4.070000e-05	-2.335941e-02	-1.036576e+01
4.071000e-05	-3.202309e-02	-1.032480e+01
4.072000e-05	-3.365913e-02	-1.031309e+01
4.073000e-05	-2.960175e-02	-1.019951e+01
4.074000e-05	-2.851089e-02	-1.023991e+01
4.075000e-05	-3.586603e-02	-1.017780e+01
4.076000e-05	-3.899024e-02	-1.010727e+01
4.077000e-05	-3.452281e-02	-1.008524e+01
4.078000e-05	-3.421443e-02	-1.005348e+01
4.079000e-05	-4.139640e-02	-1.000888e+01
4.080000e-05	-4.770561e-02	-9.925821e+00
4.081000e-05	-4.364564e-02	-9.884686e+00
4.082000e-05	-4.168702e-02	-9.871983e+00
4.083000e-05	-5.049917e-02	-9.788396e+00
4.084000e-05	-5.955552e-02	-9.715212e+00
4.085000e-05	-5.939581e-02	-9.673108e+00
4.086000e-05	-6.145147e-02	-9.629428e+00
4.087000e-05	-7.174569e-02	-9.545743e+00
4.088000e-05	-8.349411e-02	-9.460053e+00
4.089000e-05	-8.713279e-02	-9.316243e+00
4.090000e-05	-9.106163e-02	-9.232534e+00
4.091000e-05	-1.038078e-01	-9.157775e+00
4.092000e-05	-1.179051e-01	-9.063086e+00
4.093000e-05	-1.256230e-01	-8.957820e+00
4.094000e-05	-1.330829e-01	-8.864110e+00
4.095000e-05	-1.474580e-01	-8.829900e+00
4.096000e-05	-1.608035e-01	-8.656059e+00
4.097000e-05	-1.670178e-01	-8.575294e+00
4.098000e-05	-1.681075e-01	-8.423004e+00
4.099000e-05	-1.737058e-01	-8.346244e+00
4.100000e-05	-1.771740e-01	-8.250954e+00
4.101000e-05	-1.712922e-01	-8.094661e+00
4.102000e-05	-1.602464e-01	-8.010497e+00
4.103000e-05	-1.535412e-01	-7.862007e+00
4.104000e-05	-1.467238e-01	-7.714663e+00
4.105000e-05	-1.349346e-01	-7.567293e+00
4.106000e-05	-1.202111e-01	-7.420450e+00
4.107000e-05	-1.119871e-01	-7.294112e+00
4.108000e-05	-1.054181e-01	-7.187846e+00
4.109000e-05	-9.503981e-02	-7.017819e+00
4.110000e-05	-8.094537e-02	-6.851454e+00
4.111000e-05	-7.369378e-02	-6.684634e+00
4.112000e-05	-6.844354e-02	-6.578292e+00
4.113000e-05	-6.225551e-02	-6.400025e+00
4.114000e-05	-5.182744e-02	-6.283557e+00
4.115000e-05	-4.722533e-02	-6.062682e+00
4.116000e-05	-4.471631e-02	-5.915239e+00
4.117000e-05	-4.240197e-02	-5.810347e+00
4.118000e-05	-3.427065e-02	-5.650479e+00
4.119000e-05	-3.087808e-02	-5.472528e+00
4.120000e-05	-2.996075e-02	-5.251526e+00
4.121000e-05	-2.809422e-02	-5.073079e+00
4.122000e-05	-2.225752e-02	-4.913533e+00
4.123000e-05	-1.981046e-02	-4.672105e+00
4.124000e-05	-1.936960e-02	-4.515185e+00
4.125000e-05	-1.950692e-02	-4.367895e+00
4.126000e-05	-1.478628e-02	-4.189001e+00
4.127000e-05	-1.346607e-02	-4.041629e+00
4.128000e-05	-1.523840e-02	-3.883612e+00
4.129000e-05	-1.519412e-02	-3.671608e+00
4.130000e-05	-1.019327e-02	-3.525613e+00
4.131000e-05	-8.900750e-03	-3.345217e+00
4.132000e-05	-9.617298e-03	-3.187317e+00
4.133000e-05	-1.140587e-02	-2.928287e+00
4.134000e-05	-8.562851e-03	-2.757891e+00
4.135000e-05	-7.274540e-03	-2.599320e+00
4.136000e-05	-7.651728e-03	-2.369975e+00
4.137000e-05	-8.893640e-03	-2.199967e+00
4.138000e-05	-6.870115e-03	-2.029501e+00
4.139000e-05	-4.581218e-03	-1.852498e+00
4.140000e-05	-6.238173e-03	-1.663132e+00
4.141000e-05	-7.893228e-03	-1.443499e+00
4.142000e-05	-7.213726e-03	-1.248972e+00
4.143000e-05	-3.233482e-03	-9.904511e-01
4.144000e-05	-4.953256e-03	-8.524987e-01
4.145000e-05	-5.062192e-03	-6.535739e-01
4.146000e-05	-4.725024e-03	-4.119749e-01
4.147000e-05	-2.070220e-03	-2.645540e-01
4.148000e-05	-2.723027e-03	-8.310645e-02
4.149000e-05	1.401497e-03	9.484186e-02
4.150000e-05	-1.273065e-03	3.164196e-01
4.151000e-05	4.807431e-05	4.747897e-01
4.152000e-05	-1.094580e-03	6.621844e-01
4.153000e-05	-1.248558e-03	7.685790e-01
4.154000e-05	-9.490953e-04	9.606315e-01
4.155000e-05	2.144611e-03	1.229528e+00
4.156000e-05	1.341613e-02	1.369050e+00
4.157000e-05	5.353671e-02	1.619684e+00
4.158000e-05	2.649684e-02	1.894763e+00
4.159000e-05	-4.674729e-02	2.072788e+00
4.160000e-05	-4.649214e-02	2.271236e+00
4.161000e-05	-5.572596e-02	2.399501e+00
4.162000e-05	-1.788790e-02	2.516216e+00
4.163000e-05	1.077548e-01	2.663847e+00
4.164000e-05	-5.879836e-02	2.872743e+00
4.165000e-05	-2.639229e-02	3.020558e+00
4.166000e-05	1.153218e-01	3.190585e+00
4.167000e-05	-3.350402e-02	3.443238e+00
4.168000e-05	-4.619288e-03	3.587976e+00
4.169000e-05	-9.288343e-03	3.747924e+00
4.170000e-05	-6.734787e-02	3.957921e+00
4.171000e-05	7.053540e-02	4.085239e+00
4.172000e-05	2.889502e-02	4.295422e+00
4.173000e-05	-3.780363e-02	4.474339e+00
4.174000e-05	1.216735e-02	4.653163e+00
4.175000e-05	-1.778565e-02	4.841635e+00
4.176000e-05	3.409422e-02	5.042714e+00
4.177000e-05	-1.659486e-02	5.254745e+00
4.178000e-05	-2.859163e-02	5.453211e+00
4.179000e-05	3.144047e-02	5.540028e+00
4.180000e-05	2.966004e-02	5.736976e+00
4.181000e-05	2.847238e-04	5.949350e+00
4.182000e-05	-4.401685e-02	6.074843e+00
4.183000e-05	1.408136e-02	6.212109e+00
4.184000e-05	3.211556e-02	6.398503e+00
4.185000e-05	-1.222622e-02	6.484970e+00
4.186000e-05	3.985513e-03	6.723843e+00
4.187000e-05	3.119655e-03	6.873709e+00
4.188000e-05	1.908033e-02	7.019579e+00
4.189000e-05	3.732498e-03	7.084274e+00
4.190000e-05	-2.176021e-02	7.292615e+00
4.191000e-05	8.618663e-03	7.438008e+00
4.192000e-05	1.389962e-02	7.570479e+00
4.193000e-05	1.753209e-02	7.724797e+00
4.194000e-05	-9.440695e-03	7.835059e+00
4.195000e-05	6.219626e-03	8.008508e+00
4.196000e-05	1.681957e-02	8.146773e+00
4.197000e-05	1.114951e-03	8.261685e+00
4.198000e-05	-1.190142e-03	8.357376e+00
4.199000e-05	-7.696394e-04	8.452590e+00
4.200000e-05	1.719521e-02	8.535796e+00
4.201000e-05	9.115444e-03	8.642162e+00
4.202000e-05	2.051299e-03	8.705349e+00
4.203000e-05	3.904123e-03	8.841057e+00
4.204000e-05	1.228725e-02	8.915349e+00
4.205000e-05	1.117306e-02	9.042584e+00
4.206000e-05	-7.419113e-04	9.199926e+00
4.207000e-05	5.764981e-03	9.253108e+00
4.208000e-05	1.271926e-02	9.296241e+00
4.209000e-05	1.223421e-02	9.379907e+00
4.210000e-05	2.788234e-03	9.472164e+00
4.211000e-05	5.629715e-03	9.517775e+00
4.212000e-05	1.299589e-02	9.598480e+00
4.213000e-05	1.162836e-02	9.674688e+00
4.214000e-05	5.925284e-03	9.735325e+00
4.215000e-05	8.182501e-03	9.839036e+00
4.216000e-05	1.528943e-02	9.883716e+00
4.217000e-05	1.248100e-02	9.956941e+00
4.218000e-05	5.613088e-03	9.990003e+00
4.219000e-05	5.531839e-03	1.003153e+01
4.220000e-05	1.369931e-02	1.006266e+01
4.221000e-05	1.345731e-02	1.009477e+01
4.222000e-05	1.037933e-02	1.014737e+01
4.223000e-05	1.010835e-02	1.014787e+01
4.224000e-05	1.601854e-02	1.020795e+01
4.225000e-05	1.611208e-02	1.022053e+01
4.226000e-05	1.112113e-02	1.022306e+01
4.227000e-05	1.144313e-02	1.023101e+01
4.228000e-05	1.591632e-02	1.029316e+01
4.229000e-05	1.792903e-02	1.026464e+01
4.230000e-05	1.351320e-02	1.028367e+01
4.231000e-05	1.358995e-02	1.027319e+01
4.232000e-05	1.825342e-02	1.029369e+01
4.233000e-05	1.971410e-02	1.028219e+01
4.234000e-05	1.894599e-02	1.029079e+01
4.235000e-05	1.860678e-02	1.026314e+01
4.236000e-05	2.301553e-02	1.026103e+01
4.237000e-05	2.488257e-02	1.022950e+01
4.238000e-05	2.327742e-02	1.019900e+01
4.239000e-05	2.146612e-02	1.019932e+01
4.240000e-05	2.614201e-02	1.013632e+01
4.241000e-05	2.853750e-02	1.013577e+01
4.242000e-05	2.891485e-02	1.006361e+01
4.243000e-05	2.815527e-02	1.007406e+01
4.244000e-05	3.191653e-02	1.000998e+01
4.245000e-05	3.551265e-02	9.956401e+00
4.246000e-05	3.558728e-02	9.923189e+00
4.247000e-05	3.589539e-02	9.829107e+00
4.248000e-05	4.072716e-02	9.758297e+00
4.249000e-05	4.783135e-02	9.694184e+00
4.250000e-05	4.885540e-02	9.651955e+00
4.251000e-05	5.256874e-02	9.575793e+00
4.252000e-05	5.861414e-02	9.463137e+00
4.253000e-05	6.788335e-02	9.396428e+00
4.254000e-05	7.342392e-02	9.345745e+00
4.255000e-05	7.852473e-02	9.272032e+00
4.256000e-05	9.018410e-02	9.220054e+00
4.257000e-05	9.961567e-02	9.112688e+00
4.258000e-05	1.097412e-01	9.008451e+00
4.259000e-05	1.175551e-01	8.842584e+00
4.260000e-05	1.318548e-01	8.798399e+00
4.261000e-05	1.434099e-01	8.711661e+00
4.262000e-05	1.539528e-01	8.579426e+00
4.263000e-05	1.585701e-01	8.503712e+00
4.264000e-05	1.656628e-01	8.419453e+00
4.265000e-05	1.692388e-01	8.353216e+00
4.266000e-05	1.683681e-01	8.158769e+00
4.267000e-05	1.612217e-01	8.031555e+00
4.268000e-05	1.553019e-01	7.884189e+00
4.269000e-05	1.480614e-01	7.797326e+00
4.270000e-05	1.380619e-01	7.633079e+00
4.271000e-05	1.243994e-01	7.534137e+00
4.272000e-05	1.135361e-01	7.367793e+00
4.273000e-05	1.051195e-01	7.228444e+00
4.274000e-05	9.506385e-02	7.042056e+00
4.275000e-05	8.256009e-02	6.924293e+00
4.276000e-05	7.467908e-02	6.818976e+00
4.277000e-05	6.806779e-02	6.652508e+00
4.278000e-05	5.970950e-02	6.442533e+00
4.279000e-05	5.059081e-02	6.334712e+00
4.280000e-05	4.348069e-02	6.207419e+00
4.281000e-05	4.073979e-02	6.043029e+00
4.282000e-05	3.558421e-02	5.945764e+00
4.283000e-05	2.931623e-02	5.735260e+00
4.284000e-05	2.538825e-02	5.557292e+00
4.285000e-05	2.539605e-02	5.398897e+00
4.286000e-05	2.107434e-02	5.220349e+00
4.287000e-05	1.727000e-02	5.057869e+00
4.288000e-05	1.269332e-02	4.798424e+00
4.289000e-05	1.316723e-02	4.640477e+00
4.290000e-05	1.096452e-02	4.493135e+00
4.291000e-05	8.405651e-03	4.345237e+00
4.292000e-05	5.815346e-03	4.104637e+00
4.293000e-05	7.435945e-03	3.958717e+00
4.294000e-05	6.203940e-03	3.806917e+00
4.295000e-05	4.217012e-03	3.630447e+00
4.296000e-05	2.208270e-03	3.450975e+00
4.297000e-05	2.455251e-03	3.211001e+00
4.298000e-05	2.831995e-03	3.051000e+00
4.299000e-05	9.199100e-04	2.883632e+00
4.300000e-05	-1.139053e-03	2.743734e+00
4.301000e-05	-3.267165e-04	2.503028e+00
4.302000e-05	-2.798839e-04	2.293184e+00
4.303000e-05	-1.213117e-03	2.116212e+00
4.304000e-05	-2.254858e-03	1.956893e+00
4.305000e-05	-1.954015e-03	1.735291e+00
4.306000e-05	-3.627355e-04	1.577865e+00
4.307000e-05	-1.359922e-03	1.356842e+00
4.308000e-05	-3.922759e-03	1.196367e+00
4.309000e-05	-4.484617e-03	9.241840e-01
4.310000e-05	-3.867212e-03	7.053382e-01
4.311000e-05	-4.160802e-03	5.482384e-01
4.312000e-05	-4.113350e-03	3.788473e-01
4.313000e-05	-4.033107e-03	1.652409e-01
4.314000e-05	-1.992377e-03	-4.265890e-02
4.315000e-05	3.349671e-03	-2.214802e-01
4.316000e-05	-9.878067e-04	-3.699763e-01
4.317000e-05	-3.179855e-03	-5.274187e-01
4.318000e-05	-3.795328e-03	-7.284236e-01
4.319000e-05	-9.383519e-04	-8.992922e-01
4.320000e-05	-4.890574e-03	-1.034758e+00
4.321000e-05	-1.035830e-03	-1.253139e+00
4.322000e-05	2.756003e-02	-1.445242e+00
4.323000e-05	7.023181e-02	-1.623711e+00
4.324000e-05	-3.688883e-02	-1.854794e+00
4.325000e-05	-4.746590e-02	-2.199055e+00
4.326000e-05	-7.887335e-02	-2.440030e+00
4.327000e-05	-3.530084e-02	-2.505319e+00
4.328000e-05	1.394243e-01	-2.567452e+00
4.329000e-05	-7.042934e-02	-2.738530e+00
4.330000e-05	-6.572837e-02	-3.002109e+00
4.331000e-05	1.554778e-01	-3.118345e+00
4.332000e-05	-6.603415e-02	-3.318374e+00
4.333000e-05	-1.128467e-02	-3.528375e+00
4.334000e-05	2.169655e-02	-3.633158e+00
4.335000e-05	-1.372176e-01	-3.857872e+00
4.336000e-05	9.073499e-02	-4.062186e+00
4.337000e-05	4.767535e-02	-4.181104e+00
4.338000e-05	-7.509646e-02	-4.421002e+00
4.339000e-05	4.601943e-02	-4.535841e+00
4.340000e-05	-6.834673e-02	-4.759029e+00
4.341000e-05	4.460346e-02	-4.948447e+00
4.342000e-05	-7.287701e-03	-5.053712e+00
4.343000e-05	-1.074209e-01	-5.295221e+00
4.344000e-05	1.011999e-01	-5.515145e+00
4.345000e-05	-8.656772e-03	-5.684291e+00
4.346000e-05	-2.568337e-03	-5.833033e+00
4.347000e-05	-4.601865e-02	-5.967475e+00
4.348000e-05	-3.522398e-02	-6.147323e+00
4.349000e-05	8.173862e-02	-6.265271e+00
4.350000e-05	-7.731370e-02	-6.492664e+00
4.351000e-05	7.080526e-03	-6.620083e+00
4.352000e-05	2.311187e-03	-6.725375e+00
4.353000e-05	-2.873291e-03	-6.875297e+00
4.354000e-05	1.997817e-02	-7.042765e+00
4.355000e-05	-8.451487e-02	-7.211557e+00
4.356000e-05	3.644244e-02	-7.357345e+00
4.357000e-05	-8.741002e-03	-7.475771e+00
4.358000e-05	-2.438258e-03	-7.633583e+00
4.359000e-05	-2.016639e-02	-7.728584e+00
4.360000e-05	-2.581712e-02	-7.928926e+00
4.361000e-05	3.530169e-02	-8.013658e+00
4.362000e-05	-4.104632e-02	-8.189455e+00
4.363000e-05	-7.931871e-03	-8.294717e+00
4.364000e-05	-2.337841e-02	-8.378502e+00
4.365000e-05	1.136907e-02	-8.486323e+00
4.366000e-05	-2.489232e-03	-8.610691e+00
4.367000e-05	-3.637522e-02	-8.748976e+00
4.368000e-05	-1.416227e-03	-8.823186e+00
4.369000e-05	-9.141260e-03	-8.968853e+00
4.370000e-05	-1.006483e-04	-9.023708e+00
4.371000e-05	-3.548392e-02	-9.136372e+00
4.372000e-05	-1.344953e-02	-9.221455e+00
4.373000e-05	3.208155e-03	-9.275814e+00
4.374000e-05	-1.007467e-02	-9.379430e+00
4.375000e-05	-2.082438e-02	-9.483140e+00
4.376000e-05	-2.243039e-02	-9.570978e+00
4.377000e-05	1.501075e-03	-9.642083e+00
4.378000e-05	-1.198984e-02	-9.684791e+00
4.379000e-05	-2.418476e-02	-9.728350e+00
4.380000e-05	-2.008635e-02	-9.823633e+00
4.381000e-05	-3.809359e-03	-9.885767e+00
4.382000e-05	-1.019215e-02	-9.926791e+00
4.383000e-05	-2.615772e-02	-9.988950e+00
4.384000e-05	-2.237422e-02	-1.003296e+01
4.385000e-05	-8.718701e-03	-1.010466e+01
4.386000e-05	-9.803264e-03	-1.014427e+01
4.387000e-05	-2.466572e-02	-1.007689e+01
4.388000e-05	-2.211729e-02	-1.020846e+01
4.389000e-05	-1.193886e-02	-1.023213e+01
4.390000e-05	-1.255911e-02	-1.029212e+01
4.391000e-05	-2.721211e-02	-1.027377e+01
4.392000e-05	-2.628198e-02	-1.033633e+01
4.393000e-05	-1.482799e-02	-1.037975e+01
4.394000e-05	-1.351345e-02	-1.036685e+01
4.395000e-05	-2.491613e-02	-1.040793e+01
4.396000e-05	-2.795107e-02	-1.036893e+01
4.397000e-05	-1.855740e-02	-1.041950e+01
4.398000e-05	-1.816217e-02	-1.037090e+01
4.399000e-05	-2.690006e-02	-1.040935e+01
4.400000e-05	-3.122234e-02	-1.037893e+01
4.401000e-05	-2.429418e-02	-1.036787e+01
4.402000e-05	-2.174002e-02	-1.037585e+01
4.403000e-05	-3.100980e-02	-1.032325e+01
4.404000e-05	-3.550175e-02	-1.030407e+01
4.405000e-05	-3.070032e-02	-1.025253e+01
4.406000e-05	-2.611190e-02	-1.020041e+01
4.407000e-05	-3.367223e-02	-1.013890e+01
4.408000e-05	-3.914447e-02	-1.009519e+01
4.409000e-05	-3.678126e-02	-1.009566e+01
4.410000e-05	-3.401480e-02	-1.004048e+01
4.411000e-05	-4.024356e-02	-1.002040e+01
4.412000e-05	-4.722802e-02	-9.945844e+00
4.413000e-05	-4.494548e-02	-9.885767e+00
4.414000e-05	-4.292816e-02	-9.853079e+00
4.415000e-05	-4.925286e-02	-9.818849e+00
4.416000e-05	-5.821860e-02	-9.704764e+00
4.417000e-05	-6.111843e-02	-9.663657e+00
4.418000e-05	-6.162112e-02	-9.598954e+00
4.419000e-05	-7.003314e-02	-9.565321e+00
4.420000e-05	-8.038886e-02	-9.401458e+00
4.421000e-05	-8.740495e-02	-9.307344e+00
4.422000e-05	-9.224251e-02	-9.273556e+00
4.423000e-05	-1.025006e-01	-9.187348e+00
4.424000e-05	-1.162107e-01	-9.043084e+00
4.425000e-05	-1.262206e-01	-8.978847e+00
4.426000e-05	-1.339117e-01	-8.884233e+00
4.427000e-05	-1.447778e-01	-8.830453e+00
4.428000e-05	-1.585018e-01	-8.714217e+00
4.429000e-05	-1.662168e-01	-8.548325e+00
4.430000e-05	-1.703465e-01	-8.442586e+00
4.431000e-05	-1.727424e-01	-8.326314e+00
4.432000e-05	-1.750588e-01	-8.222454e+00
4.433000e-05	-1.723289e-01	-8.104188e+00
4.434000e-05	-1.630887e-01	-7.991030e+00
4.435000e-05	-1.532286e-01	-7.864059e+00
4.436000e-05	-1.461448e-01	-7.746136e+00
4.437000e-05	-1.353112e-01	-7.546895e+00
4.438000e-05	-1.231271e-01	-7.432448e+00
4.439000e-05	-1.122196e-01	-7.274686e+00
4.440000e-05	-1.036923e-01	-7.197849e+00
4.441000e-05	-9.493683e-02	-6.990920e+00
4.442000e-05	-8.420946e-02	-6.850530e+00
4.443000e-05	-7.450148e-02	-6.716690e+00
4.444000e-05	-6.852131e-02	-6.537847e+00
4.445000e-05	-6.151076e-02	-6.450876e+00
4.446000e-05	-5.382135e-02	-6.283112e+00
4.447000e-05	-4.805815e-02	-6.064158e+00
4.448000e-05	-4.371721e-02	-5.946766e+00
4.449000e-05	-4.018348e-02	-5.779921e+00
4.450000e-05	-3.507345e-02	-5.643104e+00
4.451000e-05	-3.228621e-02	-5.484084e+00
4.452000e-05	-2.871696e-02	-5.273574e+00
4.453000e-05	-2.749959e-02	-5.072137e+00
4.454000e-05	-2.350176e-02	-4.854582e+00
4.455000e-05	-2.093584e-02	-4.643685e+00
4.456000e-05	-1.875769e-02	-4.544762e+00
4.457000e-05	-1.861384e-02	-4.358946e+00
4.458000e-05	-1.524133e-02	-4.231950e+00
4.459000e-05	-1.572925e-02	-4.054056e+00
4.460000e-05	-1.373330e-02	-3.884586e+00
4.461000e-05	-1.396876e-02	-3.664158e+00
4.462000e-05	-1.097176e-02	-3.525186e+00
4.463000e-05	-1.041730e-02	-3.347316e+00
4.464000e-05	-9.640012e-03	-3.148369e+00
4.465000e-05	-9.300581e-03	-2.916771e+00
4.466000e-05	-8.648704e-03	-2.768293e+00
4.467000e-05	-8.842027e-03	-2.589871e+00
4.468000e-05	-8.396985e-03	-2.402049e+00
4.469000e-05	-7.061349e-03	-2.241447e+00
4.470000e-05	-5.909563e-03	-2.011997e+00
4.471000e-05	-6.234288e-03	-1.822081e+00
4.472000e-05	-7.474700e-03	-1.661528e+00
4.473000e-05	-6.400093e-03	-1.442478e+00
4.474000e-05	-6.328991e-03	-1.211997e+00
4.475000e-05	-5.943585e-03	-1.040024e+00
4.476000e-05	-5.953586e-03	-8.820540e-01
4.477000e-05	-3.518452e-03	-6.821327e-01
4.478000e-05	-2.698372e-03	-4.310000e-01
4.479000e-05	-3.048358e-03	-2.835815e-01
4.480000e-05	-4.623121e-03	-9.513546e-02
4.481000e-05	2.769485e-03	5.331085e-02
4.482000e-05	1.818645e-04	3.053697e-01
4.483000e-05	-4.939058e-04	4.632130e-01
4.484000e-05	-2.384138e-03	6.521054e-01
4.485000e-05	-5.151463e-04	8.079515e-01
4.486000e-05	7.062126e-04	1.007528e+00
4.487000e-05	2.250661e-03	1.199576e+00
4.488000e-05	9.395034e-03	1.357953e+00
4.489000e-05	5.071378e-02	1.609613e+00
4.490000e-05	3.377193e-02	1.843742e+00
4.491000e-05	-4.303627e-02	2.083137e+00
4.492000e-05	-4.833021e-02	2.222108e+00
4.493000e-05	-5.432917e-02	2.379429e+00
4.494000e-05	-2.648730e-02	2.483763e+00
4.495000e-05	1.063100e-01	2.685845e+00
4.496000e-05	-4.817728e-02	2.883770e+00
4.497000e-05	-4.252251e-02	3.010579e+00
4.498000e-05	1.208753e-01	3.159555e+00
4.499000e-05	-2.363429e-02	3.453166e+00
4.500000e-05	-9.298207e-03	3.577925e+00
4.501000e-05	-3.992407e-03	3.735872e+00
4.502000e-05	-7.119438e-02	3.915896e+00
4.503000e-05	6.321550e-02	4.083166e+00
4.504000e-05	3.546926e-02	4.305396e+00
4.505000e-05	-4.174241e-02	4.484791e+00
4.506000e-05	1.337339e-02	4.681687e+00
4.507000e-05	-1.506927e-02	4.841136e+00
4.508000e-05	3.273112e-02	5.021162e+00
4.509000e-05	-1.122533e-02	5.252168e+00
4.510000e-05	-3.280250e-02	5.442185e+00
4.511000e-05	3.015281e-02	5.570004e+00
4.512000e-05	3.013106e-02	5.748472e+00
4.513000e-05	2.019440e-03	5.925871e+00
4.514000e-05	-4.359543e-02	6.082765e+00
4.515000e-05	1.079011e-02	6.231558e+00
4.516000e-05	3.504420e-02	6.357923e+00
4.517000e-05	-1.218294e-02	6.515397e+00
4.518000e-05	3.459937e-03	6.685847e+00
4.519000e-05	4.637390e-03	6.863687e+00
4.520000e-05	1.734290e-02	6.968900e+00
4.521000e-05	6.575165e-03	7.106288e+00
4.522000e-05	-2.394778e-02	7.202508e+00
4.523000e-05	7.081102e-03	7.419009e+00
4.524000e-05	1.401945e-02	7.529455e+00
4.525000e-05	1.877868e-02	7.675318e+00
4.526000e-05	-9.488836e-03	7.882636e+00
4.527000e-05	4.052824e-03	7.947559e+00
4.528000e-05	1.745249e-02	8.147822e+00
4.529000e-05	2.218897e-03	8.251606e+00
4.530000e-05	-1.928332e-03	8.305951e+00
4.531000e-05	-1.283498e-03	8.462608e+00
4.532000e-05	1.800132e-02	8.508250e+00
4.533000e-05	1.068938e-02	8.661162e+00
4.534000e-05	1.052656e-03	8.707769e+00
4.535000e-05	3.208960e-03	8.862032e+00
4.536000e-05	1.236467e-02	8.946371e+00
4.537000e-05	1.122001e-02	9.010568e+00
4.538000e-05	-1.365346e-03	9.138423e+00
4.539000e-05	5.059169e-03	9.232610e+00
4.540000e-05	1.460683e-02	9.284740e+00
4.541000e-05	1.346241e-02	9.357876e+00
4.542000e-05	2.265209e-03	9.452165e+00
4.543000e-05	2.790145e-03	9.505348e+00
4.544000e-05	1.232216e-02	9.599453e+00
4.545000e-05	1.247980e-02	9.663166e+00
4.546000e-05	4.181531e-03	9.715750e+00
4.547000e-05	6.668312e-03	9.820009e+00
4.548000e-05	1.619163e-02	9.873163e+00
4.549000e-05	1.441545e-02	9.965924e+00
4.550000e-05	5.243945e-03	9.977504e+00
4.551000e-05	5.260548e-03	1.004201e+01
4.552000e-05	1.350279e-02	1.007416e+01
4.553000e-05	1.408110e-02	1.009426e+01
4.554000e-05	9.476415e-03	1.013775e+01
4.555000e-05	8.477542e-03	1.016690e+01
4.556000e-05	1.639732e-02	1.021791e+01
4.557000e-05	1.720250e-02	1.026198e+01
4.558000e-05	1.085851e-02	1.024101e+01
4.559000e-05	1.029767e-02	1.026106e+01
4.560000e-05	1.570062e-02	1.026266e+01
4.561000e-05	1.895907e-02	1.027114e+01
4.562000e-05	1.497151e-02	1.029369e+01
4.563000e-05	1.098006e-02	1.029314e+01
4.564000e-05	1.680814e-02	1.029414e+01
4.565000e-05	2.143391e-02	1.027464e+01
4.566000e-05	1.908963e-02	1.024309e+01
4.567000e-05	1.683712e-02	1.028268e+01
4.568000e-05	2.194133e-02	1.025206e+01
4.569000e-05	2.679361e-02	1.022155e+01
4.570000e-05	2.523540e-02	1.021850e+01
4.571000e-05	2.062958e-02	1.020832e+01
4.572000e-05	2.453367e-02	1.015487e+01
4.573000e-05	2.940255e-02	1.013472e+01
4.574000e-05	2.969377e-02	1.010421e+01
4.575000e-05	2.648472e-02	1.005254e+01
4.576000e-05	3.057264e-02	1.001903e+01
4.577000e-05	3.665391e-02	9.957924e+00
4.578000e-05	3.678027e-02	9.923215e+00
4.579000e-05	3.602359e-02	9.880530e+00
4.580000e-05	3.903923e-02	9.758255e+00
4.581000e-05	4.803583e-02	9.673597e+00
4.582000e-05	5.034955e-02	9.650408e+00
4.583000e-05	5.206297e-02	9.546841e+00
4.584000e-05	5.639150e-02	9.492635e+00
4.585000e-05	6.740761e-02	9.418977e+00
4.586000e-05	7.455060e-02	9.336244e+00
4.587000e-05	7.791561e-02	9.264635e+00
4.588000e-05	8.759832e-02	9.229004e+00
4.589000e-05	9.856246e-02	9.134719e+00
4.590000e-05	1.106533e-01	8.977854e+00
4.591000e-05	1.186874e-01	8.863112e+00
4.592000e-05	1.295194e-01	8.817921e+00
4.593000e-05	1.429242e-01	8.683088e+00
4.594000e-05	1.533260e-01	8.607423e+00
4.595000e-05	1.596332e-01	8.504191e+00
4.596000e-05	1.638806e-01	8.429005e+00
4.597000e-05	1.679788e-01	8.304641e+00
4.598000e-05	1.687921e-01	8.207346e+00
4.599000e-05	1.628877e-01	8.038473e+00
4.600000e-05	1.559289e-01	7.926217e+00
4.601000e-05	1.473453e-01	7.768875e+00
4.602000e-05	1.383118e-01	7.660033e+00
4.603000e-05	1.268103e-01	7.566238e+00
4.604000e-05	1.146794e-01	7.336370e+00
4.605000e-05	1.040058e-01	7.217949e+00
4.606000e-05	9.494637e-02	7.103112e+00
4.607000e-05	8.514309e-02	6.916243e+00
4.608000e-05	7.492852e-02	6.838425e+00
4.609000e-05	6.746974e-02	6.671003e+00
4.610000e-05	5.934120e-02	6.514107e+00
4.611000e-05	5.272719e-02	6.345742e+00
4.612000e-05	4.534362e-02	6.200423e+00
4.613000e-05	3.905911e-02	6.062159e+00
4.614000e-05	3.491340e-02	5.955241e+00
4.615000e-05	3.103897e-02	5.734744e+00
4.616000e-05	2.679641e-02	5.546791e+00
4.617000e-05	2.324367e-02	5.418923e+00
4.618000e-05	2.058173e-02	5.269451e+00
4.619000e-05	1.831135e-02	5.020922e+00
4.620000e-05	1.548263e-02	4.839449e+00
4.621000e-05	1.218560e-02	4.631529e+00
4.622000e-05	1.004113e-02	4.473682e+00
4.623000e-05	8.928222e-03	4.336838e+00
4.624000e-05	7.700228e-03	4.115263e+00
4.625000e-05	5.667949e-03	3.966820e+00
4.626000e-05	4.801557e-03	3.757893e+00
4.627000e-05	4.386445e-03	3.630050e+00
4.628000e-05	4.667988e-03	3.450498e+00
4.629000e-05	2.152062e-03	3.219930e+00
4.630000e-05	1.246633e-03	3.042084e+00
4.631000e-05	1.692472e-03	2.893654e+00
4.632000e-05	7.152877e-04	2.714712e+00
4.633000e-05	-9.850140e-04	2.494208e+00
4.634000e-05	-1.499218e-03	2.334162e+00
4.635000e-05	-1.335958e-03	2.126788e+00
4.636000e-05	-1.805361e-04	1.988846e+00
4.637000e-05	-1.253300e-03	1.767792e+00
4.638000e-05	-2.383507e-03	1.548338e+00
4.639000e-05	-3.046498e-03	1.357818e+00
4.640000e-05	-1.995030e-03	1.198898e+00
4.641000e-05	-3.774018e-03	9.346592e-01
4.642000e-05	-4.658386e-03	7.467895e-01
4.643000e-05	-4.674075e-03	5.672896e-01
4.644000e-05	-3.388903e-03	3.989172e-01
4.645000e-05	-3.710975e-03	2.268933e-01
4.646000e-05	-3.523766e-03	-4.215790e-02
4.647000e-05	2.411826e-03	-1.495551e-01
4.648000e-05	1.012237e-03	-3.389486e-01
4.649000e-05	-1.107975e-03	-5.063448e-01
4.650000e-05	-2.616361e-03	-7.358961e-01
4.651000e-05	-4.905518e-03	-8.748444e-01
4.652000e-05	-3.601913e-03	-1.023234e+00
4.653000e-05	-2.283125e-03	-1.232610e+00
4.654000e-05	2.409679e-02	-1.420787e+00
4.655000e-05	6.952567e-02	-1.632583e+00
4.656000e-05	-3.001204e-02	-1.865362e+00
4.657000e-05	-4.649535e-02	-2.158508e+00
4.658000e-05	-7.506109e-02	-2.401501e+00
4.659000e-05	-4.887053e-02	-2.516269e+00
4.660000e-05	1.359920e-01	-2.557448e+00
4.661000e-05	-5.084809e-02	-2.707422e+00
4.662000e-05	-8.238388e-02	-3.021060e+00
4.663000e-05	1.581043e-01	-3.137420e+00
4.664000e-05	-5.427106e-02	-3.306370e+00
4.665000e-05	-2.154043e-02	-3.516899e+00
4.666000e-05	3.275309e-02	-3.613156e+00
4.667000e-05	-1.403936e-01	-3.845317e+00
4.668000e-05	7.301015e-02	-4.012660e+00
4.669000e-05	6.675840e-02	-4.200558e+00
4.670000e-05	-7.981672e-02	-4.411503e+00
4.671000e-05	4.525412e-02	-4.526290e+00
4.672000e-05	-6.576789e-02	-4.718921e+00
4.673000e-05	3.502817e-02	-4.927896e+00
4.674000e-05	1.039852e-02	-5.083169e+00
4.675000e-05	-1.174906e-01	-5.285642e+00
4.676000e-05	9.269420e-02	-5.433845e+00
4.677000e-05	1.486565e-04	-5.663213e+00
4.678000e-05	-5.379925e-03	-5.852108e+00
4.679000e-05	-3.835652e-02	-5.926900e+00
4.680000e-05	-4.785634e-02	-6.117496e+00
4.681000e-05	8.636101e-02	-6.303821e+00
4.682000e-05	-6.778518e-02	-6.463661e+00
4.683000e-05	-2.192802e-03	-6.600530e+00
4.684000e-05	6.837843e-03	-6.706822e+00
4.685000e-05	-1.037635e-02	-6.895196e+00
4.686000e-05	2.813682e-02	-7.062787e+00
4.687000e-05	-8.467575e-02	-7.220032e+00
4.688000e-05	2.923098e-02	-7.307900e+00
4.689000e-05	-3.396725e-03	-7.463312e+00
4.690000e-05	-5.407071e-03	-7.622535e+00
4.691000e-05	-1.364049e-02	-7.740055e+00
4.692000e-05	-3.267001e-02	-7.948375e+00
4.693000e-05	3.665409e-02	-8.054214e+00
4.694000e-05	-3.775025e-02	-8.149500e+00
4.695000e-05	-9.949347e-03	-8.304714e+00
4.696000e-05	-2.218897e-02	-8.358450e+00
4.697000e-05	5.741937e-03	-8.476767e+00
4.698000e-05	3.595884e-03	-8.660035e+00
4.699000e-05	-3.768806e-02	-8.718978e+00
4.700000e-05	-2.095884e-03	-8.843108e+00
4.701000e-05	-1.053720e-02	-8.926875e+00
4.702000e-05	2.415024e-03	-9.022708e+00
4.703000e-05	-3.285819e-02	-9.124770e+00
4.704000e-05	-1.630702e-02	-9.229525e+00
4.705000e-05	2.372904e-03	-9.274238e+00
4.706000e-05	-1.061245e-02	-9.369454e+00
4.707000e-05	-1.954108e-02	-9.472671e+00
4.708000e-05	-2.378160e-02	-9.557404e+00
4.709000e-05	-5.376803e-04	-9.663057e+00
4.710000e-05	-1.017375e-02	-9.684741e+00
4.711000e-05	-2.245378e-02	-9.757825e+00
4.712000e-05	-2.046848e-02	-9.812086e+00
4.713000e-05	-6.345305e-03	-9.874188e+00
4.714000e-05	-9.469953e-03	-9.926798e+00
4.715000e-05	-2.392685e-02	-9.976949e+00
4.716000e-05	-2.181141e-02	-1.003306e+01
4.717000e-05	-1.058193e-02	-1.009414e+01
4.718000e-05	-1.065378e-02	-1.009572e+01
4.719000e-05	-2.384300e-02	-1.012837e+01
4.720000e-05	-2.217970e-02	-1.017990e+01
4.721000e-05	-1.288552e-02	-1.024161e+01
4.722000e-05	-1.174897e-02	-1.025362e+01
4.723000e-05	-2.531380e-02	-1.033319e+01
4.724000e-05	-2.481314e-02	-1.033730e+01
4.725000e-05	-1.612717e-02	-1.039682e+01
4.726000e-05	-1.330354e-02	-1.035797e+01
4.727000e-05	-2.442646e-02	-1.040890e+01
4.728000e-05	-2.776160e-02	-1.041941e+01
4.729000e-05	-1.982442e-02	-1.041045e+01
4.730000e-05	-1.850954e-02	-1.039093e+01
4.731000e-05	-2.630960e-02	-1.038830e+01
4.732000e-05	-3.105758e-02	-1.034900e+01
4.733000e-05	-2.468590e-02	-1.039793e+01
4.734000e-05	-2.173599e-02	-1.031540e+01
4.735000e-05	-3.050700e-02	-1.034580e+01
4.736000e-05	-3.610394e-02	-1.032314e+01
4.737000e-05	-3.123779e-02	-1.025201e+01
4.738000e-05	-2.758713e-02	-1.016903e+01
4.739000e-05	-3.355486e-02	-1.015832e+01
4.740000e-05	-3.959303e-02	-1.014674e+01
4.741000e-05	-3.547591e-02	-1.010611e+01
4.742000e-05	-3.494407e-02	-1.005198e+01
4.743000e-05	-4.034555e-02	-1.001837e+01
4.744000e-05	-4.806981e-02	-9.954796e+00
4.745000e-05	-4.366757e-02	-9.914239e+00
4.746000e-05	-4.184526e-02	-9.833582e+00
4.747000e-05	-4.890957e-02	-9.778855e+00
4.748000e-05	-5.854398e-02	-9.706738e+00
4.749000e-05	-6.107962e-02	-9.683584e+00
4.750000e-05	-6.198783e-02	-9.608982e+00
4.751000e-05	-7.049380e-02	-9.556791e+00
4.752000e-05	-8.130571e-02	-9.452557e+00
4.753000e-05	-8.511557e-02	-9.315295e+00
4.754000e-05	-9.029401e-02	-9.272564e+00
4.755000e-05	-1.017076e-01	-9.156797e+00
4.756000e-05	-1.168420e-01	-9.042112e+00
4.757000e-05	-1.261698e-01	-8.989895e+00
4.758000e-05	-1.340850e-01	-8.894687e+00
4.759000e-05	-1.452359e-01	-8.818426e+00
4.760000e-05	-1.584596e-01	-8.683192e+00
4.761000e-05	-1.656444e-01	-8.538273e+00
4.762000e-05	-1.673720e-01	-8.462527e+00
4.763000e-05	-1.729118e-01	-8.336319e+00
4.764000e-05	-1.757098e-01	-8.240979e+00
4.765000e-05	-1.726533e-01	-8.104239e+00
4.766000e-05	-1.622153e-01	-8.051952e+00
4.767000e-05	-1.549161e-01	-7.922082e+00
4.768000e-05	-1.483426e-01	-7.736240e+00
4.769000e-05	-1.358828e-01	-7.576273e+00
4.770000e-05	-1.218840e-01	-7.452028e+00
4.771000e-05	-1.114320e-01	-7.294186e+00
4.772000e-05	-1.048202e-01	-7.209373e+00
4.773000e-05	-9.538502e-02	-7.029925e+00
4.774000e-05	-8.385049e-02	-6.831980e+00
4.775000e-05	-7.465023e-02	-6.736188e+00
4.776000e-05	-6.930303e-02	-6.579368e+00
4.777000e-05	-6.244770e-02	-6.442982e+00
4.778000e-05	-5.312877e-02	-6.304113e+00
4.779000e-05	-4.661580e-02	-6.073735e+00
4.780000e-05	-4.433997e-02	-5.937342e+00
4.781000e-05	-4.153496e-02	-5.787945e+00
4.782000e-05	-3.604629e-02	-5.663128e+00
4.783000e-05	-3.156508e-02	-5.494085e+00
4.784000e-05	-2.929739e-02	-5.273008e+00
4.785000e-05	-2.849464e-02	-5.084583e+00
4.786000e-05	-2.278877e-02	-4.903682e+00
4.787000e-05	-2.076631e-02	-4.705183e+00
4.788000e-05	-1.940021e-02	-4.556711e+00
4.789000e-05	-2.010969e-02	-4.377441e+00
4.790000e-05	-1.599154e-02	-4.232505e+00
4.791000e-05	-1.436147e-02	-4.042637e+00
4.792000e-05	-1.355716e-02	-3.926264e+00
4.793000e-05	-1.435610e-02	-3.734658e+00
4.794000e-05	-1.137689e-02	-3.516237e+00
4.795000e-05	-9.638671e-03	-3.377365e+00
4.796000e-05	-9.831036e-03	-3.189895e+00
4.797000e-05	-1.110703e-02	-2.956768e+00
4.798000e-05	-1.029972e-02	-2.799946e+00
4.799000e-05	-8.144189e-03	-2.611524e+00
4.800000e-05	-7.120922e-03	-2.431053e+00
4.801000e-05	-8.019423e-03	-2.261896e+00
4.802000e-05	-6.698949e-03	-2.051000e+00
4.803000e-05	-4.969983e-03	-1.893525e+00
4.804000e-05	-5.354068e-03	-1.653631e+00
4.805000e-05	-7.953816e-03	-1.493962e+00
4.806000e-05	-7.950490e-03	-1.230497e+00
4.807000e-05	-5.005472e-03	-1.042029e+00
4.808000e-05	-5.177111e-03	-8.526040e-01
4.809000e-05	-5.231395e-03	-6.845526e-01
4.810000e-05	-4.327709e-03	-4.615513e-01
4.811000e-05	-3.115460e-03	-2.636065e-01
4.812000e-05	-1.341108e-03	-1.146353e-01
4.813000e-05	1.802122e-03	8.323448e-02
4.814000e-05	-1.349148e-03	2.943197e-01
4.815000e-05	-1.722985e-03	4.341592e-01
4.816000e-05	1.711817e-04	6.206542e-01
4.817000e-05	-1.126156e-03	7.885239e-01
4.818000e-05	-1.851193e-03	9.484477e-01
4.819000e-05	1.594536e-03	1.189074e+00
4.820000e-05	1.093150e-02	1.357475e+00
4.821000e-05	4.919426e-02	1.609127e+00
4.822000e-05	3.777262e-02	1.821790e+00
4.823000e-05	-4.213271e-02	2.073689e+00
4.824000e-05	-4.703042e-02	2.241185e+00
4.825000e-05	-5.395914e-02	2.359450e+00
4.826000e-05	-3.477616e-02	2.493262e+00
4.827000e-05	1.032058e-01	2.673220e+00
4.828000e-05	-3.022569e-02	2.884264e+00
4.829000e-05	-5.486978e-02	3.029979e+00
4.830000e-05	1.194949e-01	3.139628e+00
4.831000e-05	-1.747196e-02	3.431586e+00
4.832000e-05	-1.534539e-02	3.558449e+00
4.833000e-05	3.438135e-03	3.737847e+00
4.834000e-05	-7.507865e-02	3.916396e+00
4.835000e-05	5.738681e-02	4.092159e+00
4.836000e-05	4.470241e-02	4.272795e+00
4.837000e-05	-4.120938e-02	4.454211e+00
4.838000e-05	9.243270e-03	4.663237e+00
4.839000e-05	-1.481436e-02	4.829084e+00
4.840000e-05	2.915533e-02	5.040586e+00
4.841000e-05	-4.968669e-03	5.243162e+00
4.842000e-05	-3.526681e-02	5.411634e+00
4.843000e-05	2.619646e-02	5.577450e+00
4.844000e-05	3.207760e-02	5.735850e+00
4.845000e-05	4.738202e-03	5.914849e+00
4.846000e-05	-4.019909e-02	6.073238e+00
4.847000e-05	5.023640e-03	6.240555e+00
4.848000e-05	3.917872e-02	6.377425e+00
4.849000e-05	-1.177272e-02	6.454766e+00
4.850000e-05	1.049037e-03	6.662272e+00
4.851000e-05	1.832198e-03	6.852661e+00
4.852000e-05	1.532519e-02	6.966979e+00
4.853000e-05	9.621825e-03	7.093820e+00
4.854000e-05	-2.050604e-02	7.241609e+00
4.855000e-05	8.407125e-03	7.347433e+00
4.856000e-05	1.377850e-02	7.586503e+00
4.857000e-05	1.806530e-02	7.704290e+00
4.858000e-05	-1.008458e-02	7.851634e+00
4.859000e-05	1.575158e-03	7.959058e+00
4.860000e-05	1.628818e-02	8.084772e+00
4.861000e-05	5.171370e-03	8.252112e+00
4.862000e-05	9.660535e-04	8.326925e+00
4.863000e-05	3.735945e-04	8.462107e+00
4.864000e-05	1.617411e-02	8.525792e+00
4.865000e-05	1.022469e-02	8.609132e+00
4.866000e-05	6.812821e-04	8.725819e+00
4.867000e-05	3.071164e-03	8.800059e+00
4.868000e-05	1.050744e-02	8.923296e+00
4.869000e-05	1.025986e-02	9.030614e+00
4.870000e-05	4.929460e-04	9.154825e+00
4.871000e-05	4.928629e-03	9.212060e+00
4.872000e-05	1.367644e-02	9.285244e+00
4.873000e-05	1.175843e-02	9.375979e+00
4.874000e-05	3.555014e-03	9.462691e+00
4.875000e-05	4.923746e-03	9.494296e+00
4.876000e-05	1.227559e-02	9.609979e+00
4.877000e-05	1.111081e-02	9.683563e+00
4.878000e-05	4.242442e-03	9.705350e+00
4.879000e-05	7.260430e-03	9.788533e+00
4.880000e-05	1.470067e-02	9.912711e+00
4.881000e-05	1.412702e-02	9.914348e+00
4.882000e-05	6.090040e-03	9.999005e+00
4.883000e-05	6.918267e-03	1.004055e+01
4.884000e-05	1.329685e-02	1.007319e+01
4.885000e-05	1.422798e-02	1.009321e+01
4.886000e-05	8.808469e-03	1.013630e+01
4.887000e-05	9.347467e-03	1.017632e+01
4.888000e-05	1.594854e-02	1.019898e+01
4.889000e-05	1.660459e-02	1.023953e+01
4.890000e-05	1.005075e-02	1.024161e+01
4.891000e-05	1.035638e-02	1.025158e+01
4.892000e-05	1.631808e-02	1.025311e+01
4.893000e-05	1.900270e-02	1.026368e+01
4.894000e-05	1.366742e-02	1.026319e+01
4.895000e-05	1.366633e-02	1.030219e+01
4.896000e-05	1.854252e-02	1.027414e+01
4.897000e-05	2.057630e-02	1.028369e+01
4.898000e-05	1.752270e-02	1.028268e+01
4.899000e-05	1.773830e-02	1.022161e+01
4.900000e-05	2.249859e-02	1.026254e+01
4.901000e-05	2.596956e-02	1.025003e+01
4.902000e-05	2.305122e-02	1.021848e+01
4.903000e-05	2.204478e-02	1.017830e+01
4.904000e-05	2.575768e-02	1.017588e+01
4.905000e-05	2.958596e-02	1.010521e+01
4.906000e-05	2.829944e-02	1.007469e+01
4.907000e-05	2.734372e-02	1.006953e+01
4.908000e-05	3.036407e-02	1.001896e+01
4.909000e-05	3.577347e-02	9.966325e+00
4.910000e-05	3.478947e-02	9.923688e+00
4.911000e-05	3.563765e-02	9.871536e+00
4.912000e-05	4.009631e-02	9.797800e+00
4.913000e-05	4.825758e-02	9.675665e+00
4.914000e-05	4.903201e-02	9.670927e+00
4.915000e-05	5.284382e-02	9.585845e+00
4.916000e-05	5.796327e-02	9.494216e+00
4.917000e-05	6.797846e-02	9.418479e+00
4.918000e-05	7.219339e-02	9.295742e+00
4.919000e-05	7.747696e-02	9.293113e+00
4.920000e-05	8.783503e-02	9.208505e+00
4.921000e-05	9.970835e-02	9.154818e+00
4.922000e-05	1.095650e-01	8.990924e+00
4.923000e-05	1.170480e-01	8.881138e+00
4.924000e-05	1.297651e-01	8.826899e+00
4.925000e-05	1.420959e-01	8.703712e+00
4.926000e-05	1.530072e-01	8.639325e+00
4.927000e-05	1.589737e-01	8.514666e+00
4.928000e-05	1.640693e-01	8.400477e+00
4.929000e-05	1.689814e-01	8.314539e+00
4.930000e-05	1.674998e-01	8.177373e+00
4.931000e-05	1.628294e-01	8.061479e+00
4.932000e-05	1.549778e-01	7.935291e+00
4.933000e-05	1.497329e-01	7.789996e+00
4.934000e-05	1.400991e-01	7.702534e+00
4.935000e-05	1.270935e-01	7.555693e+00
4.936000e-05	1.147931e-01	7.367849e+00
4.937000e-05	1.047352e-01	7.229924e+00
4.938000e-05	9.553325e-02	7.084133e+00
4.939000e-05	8.530374e-02	6.955241e+00
4.940000e-05	7.529798e-02	6.838951e+00
4.941000e-05	6.717131e-02	6.693477e+00
4.942000e-05	6.119909e-02	6.495189e+00
4.943000e-05	5.378390e-02	6.347765e+00
4.944000e-05	4.510199e-02	6.239852e+00
4.945000e-05	3.908435e-02	6.042107e+00
4.946000e-05	3.507703e-02	5.968295e+00
4.947000e-05	3.111305e-02	5.694842e+00
4.948000e-05	2.595942e-02	5.576842e+00
4.949000e-05	2.363847e-02	5.439473e+00
4.950000e-05	2.170298e-02	5.240575e+00
4.951000e-05	1.971561e-02	5.040403e+00
4.952000e-05	1.433848e-02	4.809955e+00
4.953000e-05	1.186345e-02	4.671530e+00
4.954000e-05	1.081562e-02	4.485635e+00
4.955000e-05	9.649675e-03	4.356692e+00
4.956000e-05	7.278000e-03	4.124215e+00
4.957000e-05	6.640689e-03	3.968267e+00
4.958000e-05	6.235640e-03	3.798418e+00
4.959000e-05	5.337661e-03	3.631528e+00
4.960000e-05	2.104306e-03	3.491949e+00
4.961000e-05	1.497050e-03	3.220555e+00
4.962000e-05	2.606772e-03	3.093052e+00
4.963000e-05	2.103964e-03	2.924133e+00
4.964000e-05	8.239677e-04	2.745716e+00
4.965000e-05	-1.251447e-03	2.545082e+00
4.966000e-05	-1.291296e-05	2.325283e+00
4.967000e-05	-7.085382e-04	2.167265e+00
4.968000e-05	-1.769441e-03	2.008871e+00
4.969000e-05	-3.815687e-03	1.797824e+00
4.970000e-05	-1.328341e-03	1.567396e+00
4.971000e-05	-1.315316e-03	1.408896e+00
4.972000e-05	-2.475218e-03	1.210370e+00
4.973000e-05	-3.601531e-03	9.847607e-01
4.974000e-05	-3.303738e-03	7.673695e-01
4.975000e-05	-3.129347e-03	5.772685e-01
4.976000e-05	-3.383415e-03	4.104961e-01
4.977000e-05	-4.390203e-03	1.983721e-01
4.978000e-05	-3.217769e-03	-1.105527e-02
4.979000e-05	1.829838e-03	-1.704776e-01
4.980000e-05	1.244662e-03	-3.274948e-01
4.981000e-05	-3.582602e-03	-4.767184e-01
4.982000e-05	-2.914579e-03	-7.374198e-01
4.983000e-05	-2.946405e-03	-8.833357e-01
4.984000e-05	-2.668549e-03	-1.031705e+00
4.985000e-05	-2.606428e-03	-1.240584e+00
4.986000e-05	2.015262e-02	-1.401186e+00
4.987000e-05	7.269861e-02	-1.630704e+00
4.988000e-05	-2.238855e-02	-1.865766e+00
4.989000e-05	-4.898666e-02	-2.137055e+00
4.990000e-05	-7.242658e-02	-2.390099e+00
4.991000e-05	-5.852012e-02	-2.486192e+00
4.992000e-05	1.314667e-01	-2.528023e+00
4.993000e-05	-3.238169e-02	-2.675399e+00
4.994000e-05	-9.838681e-02	-3.002032e+00
4.995000e-05	1.596194e-01	-3.094719e+00
4.996000e-05	-3.912702e-02	-3.285395e+00
4.997000e-05	-3.508118e-02	-3.537872e+00
4.998000e-05	4.027101e-02	-3.632654e+00
4.999000e-05	-1.400270e-01	-3.812267e+00
