# 261001_16:15:58.323703
t	CH1	CH2
0.000000e+00	-2.084787e-03	-6.652624e-01
1.000000e-08	-5.046333e-03	-7.959921e-01
2.000000e-08	-2.727583e-03	-9.762906e-01
3.000000e-08	-4.759624e-03	-1.112709e+00
4.000000e-08	6.683031e-03	-1.301607e+00
5.000000e-08	7.774736e-02	-1.522787e+00
6.000000e-08	-5.283528e-03	-1.731186e+00
7.000000e-08	-5.517477e-02	-2.013313e+00
8.000000e-08	-6.382595e-02	-2.268481e+00
9.000000e-08	-9.863276e-02	-2.408502e+00
1.000000e-07	1.172113e-01	-2.525315e+00
1.100000e-07	4.327483e-02	-2.649526e+00
1.200000e-07	-1.834008e-01	-2.859023e+00
1.300000e-07	1.737459e-01	-3.010533e+00
1.400000e-07	5.113931e-03	-3.227369e+00
1.500000e-07	-8.903664e-02	-3.448369e+00
1.600000e-07	7.654361e-02	-3.586424e+00
1.700000e-07	-1.457827e-01	-3.750661e+00
1.800000e-07	-4.122192e-03	-4.006395e+00
1.900000e-07	1.428452e-01	-4.102209e+00
2.000000e-07	-1.184965e-01	-4.302106e+00
2.100000e-07	4.211071e-02	-4.459080e+00
2.200000e-07	-3.118768e-02	-4.605447e+00
2.300000e-07	-3.273632e-02	-4.827978e+00
2.400000e-07	7.823276e-02	-5.008948e+00
2.500000e-07	-1.668694e-01	-5.193243e+00
2.600000e-07	7.267251e-02	-5.354843e+00
2.700000e-07	3.680147e-02	-5.562241e+00
2.800000e-07	-4.604980e-02	-5.773788e+00
2.900000e-07	3.538475e-04	-5.881704e+00
3.000000e-07	-9.513975e-02	-6.047448e+00
3.100000e-07	9.646481e-02	-6.146925e+00
3.200000e-07	-5.382191e-02	-6.343294e+00
3.300000e-07	-4.918649e-02	-6.553763e+00
3.400000e-07	5.101354e-02	-6.629054e+00
3.500000e-07	-5.488348e-02	-6.826895e+00
3.600000e-07	5.149114e-02	-6.924371e+00
3.700000e-07	-9.650401e-02	-7.113766e+00
3.800000e-07	6.437657e-03	-7.289562e+00
3.900000e-07	1.913656e-02	-7.387974e+00
4.000000e-07	-4.664811e-02	-7.544366e+00
4.100000e-07	1.295763e-02	-7.662687e+00
4.200000e-07	-5.682183e-02	-7.860130e+00
4.300000e-07	4.343773e-02	-8.016950e+00
4.400000e-07	-4.345985e-02	-8.093662e+00
4.500000e-07	-2.888742e-02	-8.230053e+00
4.600000e-07	-6.986957e-03	-8.324292e+00
4.700000e-07	-2.046102e-02	-8.450078e+00
4.800000e-07	1.263245e-02	-8.543371e+00
4.900000e-07	-5.555663e-02	-8.731164e+00
5.000000e-07	2.898648e-03	-8.858528e+00
5.100000e-07	-1.485824e-02	-8.903162e+00
5.200000e-07	-1.175070e-02	-9.007953e+00
5.300000e-07	-2.852747e-02	-9.071638e+00
5.400000e-07	-2.837313e-02	-9.177395e+00
5.500000e-07	7.085129e-03	-9.249102e+00
5.600000e-07	-2.449549e-02	-9.294341e+00
5.700000e-07	-2.101116e-02	-9.409081e+00
5.800000e-07	-2.748279e-02	-9.553820e+00
5.900000e-07	-4.703491e-03	-9.628101e+00
6.000000e-07	-1.805277e-02	-9.661210e+00
6.100000e-07	-3.015109e-02	-9.744345e+00
6.200000e-07	-2.024456e-02	-9.787977e+00
6.300000e-07	-9.121639e-03	-9.881138e+00
6.400000e-07	-1.372707e-02	-9.884796e+00
6.500000e-07	-3.247308e-02	-9.984921e+00
6.600000e-07	-2.290488e-02	-9.989504e+00
6.700000e-07	-1.436809e-02	-1.007108e+01
6.800000e-07	-1.566513e-02	-1.009376e+01
6.900000e-07	-3.159031e-02	-1.017540e+01
7.000000e-07	-2.205318e-02	-1.017690e+01
7.100000e-07	-1.298781e-02	-1.017811e+01
7.200000e-07	-1.704924e-02	-1.029166e+01
7.300000e-07	-2.944857e-02	-1.032384e+01
7.400000e-07	-2.693580e-02	-1.034392e+01
7.500000e-07	-1.487507e-02	-1.038695e+01
7.600000e-07	-2.039983e-02	-1.038805e+01
7.700000e-07	-2.672735e-02	-1.036948e+01
7.800000e-07	-2.720332e-02	-1.040043e+01
7.900000e-07	-1.792450e-02	-1.040953e+01
8.000000e-07	-2.062009e-02	-1.041858e+01
8.100000e-07	-2.911077e-02	-1.041005e+01
8.200000e-07	-2.669549e-02	-1.040848e+01
8.300000e-07	-2.088102e-02	-1.036758e+01
8.400000e-07	-2.232160e-02	-1.037903e+01
8.500000e-07	-3.168158e-02	-1.035647e+01
8.600000e-07	-3.048150e-02	-1.031585e+01
8.700000e-07	-2.498823e-02	-1.028175e+01
8.800000e-07	-2.474139e-02	-1.025971e+01
8.900000e-07	-3.038510e-02	-1.017804e+01
9.000000e-07	-2.944047e-02	-1.016601e+01
9.100000e-07	-2.550044e-02	-1.014385e+01
9.200000e-07	-2.591534e-02	-1.009437e+01
9.300000e-07	-3.301057e-02	-1.006218e+01
9.400000e-07	-3.148562e-02	-9.979551e+00
9.500000e-07	-2.699203e-02	-9.926920e+00
9.600000e-07	-2.566063e-02	-9.864321e+00
9.700000e-07	-3.076813e-02	-9.843685e+00
9.800000e-07	-3.133224e-02	-9.776925e+00
9.900000e-07	-2.938004e-02	-9.685347e+00
1.000000e-06	-3.085181e-02	-9.641713e+00
1.010000e-06	-3.605460e-02	-9.600604e+00
1.020000e-06	-3.489682e-02	-9.506350e+00
1.030000e-06	-3.191696e-02	-9.441161e+00
1.040000e-06	-3.305622e-02	-9.355802e+00
1.050000e-06	-3.702279e-02	-9.202161e+00
1.060000e-06	-3.889291e-02	-9.107396e+00
1.070000e-06	-3.788676e-02	-9.044244e+00
1.080000e-06	-4.045559e-02	-8.956928e+00
1.090000e-06	-4.390841e-02	-8.843290e+00
1.100000e-06	-4.401666e-02	-8.769975e+00
1.110000e-06	-4.361721e-02	-8.633795e+00
1.120000e-06	-4.390959e-02	-8.545949e+00
1.130000e-06	-4.916429e-02	-8.391185e+00
1.140000e-06	-4.967632e-02	-8.295344e+00
1.150000e-06	-5.011301e-02	-8.180080e+00
1.160000e-06	-5.219301e-02	-8.093820e+00
1.170000e-06	-5.600396e-02	-7.951033e+00
1.180000e-06	-5.679480e-02	-7.841316e+00
1.190000e-06	-5.660807e-02	-7.623292e+00
1.200000e-06	-5.698200e-02	-7.495400e+00
1.210000e-06	-5.884186e-02	-7.370578e+00
1.220000e-06	-5.760132e-02	-7.242744e+00
1.230000e-06	-5.645586e-02	-7.128926e+00
1.240000e-06	-5.527456e-02	-6.938699e+00
1.250000e-06	-5.724086e-02	-6.771029e+00
1.260000e-06	-5.516869e-02	-6.655814e+00
1.270000e-06	-5.295474e-02	-6.479924e+00
1.280000e-06	-5.143675e-02	-6.409982e+00
1.290000e-06	-4.996891e-02	-6.222216e+00
1.300000e-06	-4.662435e-02	-5.983116e+00
1.310000e-06	-4.351301e-02	-5.895896e+00
1.320000e-06	-4.213964e-02	-5.740007e+00
1.330000e-06	-4.024534e-02	-5.571583e+00
1.340000e-06	-3.807338e-02	-5.393266e+00
1.350000e-06	-3.450169e-02	-5.171154e+00
1.360000e-06	-3.321196e-02	-5.032211e+00
1.370000e-06	-3.363983e-02	-4.833766e+00
1.380000e-06	-2.904847e-02	-4.602133e+00
1.390000e-06	-2.747937e-02	-4.465343e+00
1.400000e-06	-2.626126e-02	-4.307872e+00
1.410000e-06	-2.464780e-02	-4.150003e+00
1.420000e-06	-2.346474e-02	-4.001083e+00
1.430000e-06	-1.901115e-02	-3.824766e+00
1.440000e-06	-1.989006e-02	-3.622132e+00
1.450000e-06	-1.891990e-02	-3.415763e+00
1.460000e-06	-1.821945e-02	-3.277292e+00
1.470000e-06	-1.518916e-02	-3.056796e+00
1.480000e-06	-1.734078e-02	-2.835943e+00
1.490000e-06	-1.484692e-02	-2.687374e+00
1.500000e-06	-1.477730e-02	-2.549449e+00
1.510000e-06	-1.049850e-02	-2.339450e+00
1.520000e-06	-1.019427e-02	-2.111900e+00
1.530000e-06	-9.763214e-03	-1.949503e+00
1.540000e-06	-1.037609e-02	-1.752499e+00
1.550000e-06	-9.006806e-03	-1.590528e+00
1.560000e-06	-8.712775e-03	-1.314659e+00
1.570000e-06	-8.802120e-03	-1.129976e+00
1.580000e-06	-8.731478e-03	-9.404774e-01
1.590000e-06	-7.143808e-03	-7.820027e-01
1.600000e-06	-3.495177e-03	-5.411552e-01
1.610000e-06	-3.678003e-03	-3.700538e-01
1.620000e-06	-5.364757e-03	-2.031040e-01
1.630000e-06	-7.147236e-04	-1.366009e-02
1.640000e-06	3.840041e-03	2.153134e-01
1.650000e-06	-1.495823e-03	3.763433e-01
1.660000e-06	-9.265551e-04	5.347367e-01
1.670000e-06	-2.596807e-03	7.331328e-01
1.680000e-06	2.941649e-03	8.795753e-01
1.690000e-06	4.720791e-04	1.143032e+00
1.700000e-06	5.700423e-03	1.282179e+00
1.710000e-06	3.233421e-02	1.490549e+00
1.720000e-06	6.981116e-02	1.712256e+00
1.730000e-06	-2.861662e-02	1.996891e+00
1.740000e-06	-4.631970e-02	2.215237e+00
1.750000e-06	-4.528532e-02	2.313213e+00
1.760000e-06	-5.746750e-02	2.451473e+00
1.770000e-06	7.415356e-02	2.533210e+00
1.780000e-06	5.799355e-02	2.826414e+00
1.790000e-06	-1.322459e-01	2.975314e+00
1.800000e-06	1.360979e-01	3.091605e+00
1.810000e-06	2.454168e-02	3.332103e+00
1.820000e-06	-4.768498e-02	3.544383e+00
1.830000e-06	4.172182e-02	3.658948e+00
1.840000e-06	-7.991543e-02	3.888551e+00
1.850000e-06	2.410548e-02	4.027475e+00
1.860000e-06	8.722988e-02	4.174787e+00
1.870000e-06	-4.323314e-02	4.466024e+00
1.880000e-06	6.843389e-03	4.556342e+00
1.890000e-06	5.121638e-03	4.754386e+00
1.900000e-06	3.129661e-03	4.942756e+00
1.910000e-06	3.388412e-02	5.204467e+00
1.920000e-06	-4.871113e-02	5.346789e+00
1.930000e-06	2.983719e-02	5.532286e+00
1.940000e-06	3.735391e-02	5.671003e+00
1.950000e-06	2.038683e-02	5.891125e+00
1.960000e-06	-2.809420e-02	6.048471e+00
1.970000e-06	-1.609978e-02	6.156442e+00
1.980000e-06	5.768680e-02	6.330212e+00
1.990000e-06	-1.095709e-02	6.429102e+00
2.000000e-06	4.973421e-03	6.607950e+00
2.010000e-06	1.816806e-02	6.815924e+00
2.020000e-06	1.481155e-02	6.942365e+00
2.030000e-06	1.965312e-02	7.030507e+00
2.040000e-06	-1.502359e-02	7.237421e+00
2.050000e-06	1.041599e-02	7.344262e+00
2.060000e-06	1.656182e-02	7.460708e+00
2.070000e-06	1.829695e-02	7.659077e+00
2.080000e-06	4.763427e-03	7.794970e+00
2.090000e-06	4.981859e-03	7.944766e+00
2.100000e-06	2.567389e-02	8.060683e+00
2.110000e-06	6.503468e-03	8.207446e+00
2.120000e-06	4.329646e-03	8.343295e+00
2.130000e-06	9.661937e-03	8.448522e+00
2.140000e-06	1.785258e-02	8.511240e+00
2.150000e-06	1.608406e-02	8.637924e+00
2.160000e-06	6.368448e-03	8.703316e+00
2.170000e-06	1.280016e-02	8.826424e+00
2.180000e-06	1.634509e-02	8.892210e+00
2.190000e-06	1.138846e-02	9.016025e+00
2.200000e-06	7.126840e-03	9.152262e+00
2.210000e-06	9.109101e-03	9.227025e+00
2.220000e-06	2.115561e-02	9.282688e+00
2.230000e-06	1.336653e-02	9.385368e+00
2.240000e-06	1.100656e-02	9.438136e+00
2.250000e-06	1.222834e-02	9.523239e+00
2.260000e-06	1.708896e-02	9.587049e+00
2.270000e-06	1.455700e-02	9.680154e+00
2.280000e-06	7.234089e-03	9.742269e+00
2.290000e-06	1.456739e-02	9.838075e+00
2.300000e-06	1.803931e-02	9.870215e+00
2.310000e-06	1.701162e-02	9.955841e+00
2.320000e-06	9.149032e-03	1.001745e+01
2.330000e-06	1.387422e-02	1.005110e+01
2.340000e-06	1.804556e-02	1.008216e+01
2.350000e-06	1.642739e-02	1.011331e+01
2.360000e-06	1.236871e-02	1.016590e+01
2.370000e-06	1.412117e-02	1.016742e+01
2.380000e-06	2.019443e-02	1.025953e+01
2.390000e-06	1.689534e-02	1.025113e+01
2.400000e-06	1.229942e-02	1.028216e+01
2.410000e-06	1.336935e-02	1.028327e+01
2.420000e-06	2.003033e-02	1.031371e+01
2.430000e-06	1.939949e-02	1.031489e+01
2.440000e-06	1.473493e-02	1.031629e+01
2.450000e-06	1.662782e-02	1.036542e+01
2.460000e-06	1.910002e-02	1.031440e+01
2.470000e-06	2.021925e-02	1.030547e+01
2.480000e-06	1.452901e-02	1.034435e+01
2.490000e-06	1.796560e-02	1.029482e+01
2.500000e-06	2.139721e-02	1.030382e+01
2.510000e-06	2.241286e-02	1.027321e+01
2.520000e-06	1.958845e-02	1.025111e+01
2.530000e-06	2.056671e-02	1.020913e+01
2.540000e-06	2.235507e-02	1.022011e+01
2.550000e-06	2.173513e-02	1.014900e+01
2.560000e-06	2.123095e-02	1.015533e+01
2.570000e-06	2.091890e-02	1.010336e+01
2.580000e-06	2.380582e-02	1.008268e+01
2.590000e-06	2.209114e-02	1.002115e+01
2.600000e-06	2.137710e-02	9.978480e+00
2.610000e-06	2.115346e-02	9.966871e+00
2.620000e-06	2.305517e-02	9.842714e+00
2.630000e-06	2.449869e-02	9.755978e+00
2.640000e-06	2.397814e-02	9.684824e+00
2.650000e-06	2.562729e-02	9.612660e+00
2.660000e-06	2.508634e-02	9.538449e+00
2.670000e-06	2.690371e-02	9.484817e+00
2.680000e-06	2.572016e-02	9.449085e+00
2.690000e-06	2.699269e-02	9.328374e+00
2.700000e-06	2.785044e-02	9.285235e+00
2.710000e-06	2.745277e-02	9.201030e+00
2.720000e-06	3.030634e-02	9.155446e+00
2.730000e-06	3.140250e-02	8.990182e+00
2.740000e-06	3.598459e-02	8.853766e+00
2.750000e-06	3.564121e-02	8.779526e+00
2.760000e-06	3.706501e-02	8.682817e+00
2.770000e-06	3.749568e-02	8.599553e+00
2.780000e-06	3.958779e-02	8.474768e+00
2.790000e-06	3.871296e-02	8.420606e+00
2.800000e-06	4.177500e-02	8.272321e+00
2.810000e-06	4.400849e-02	8.137500e+00
2.820000e-06	4.835013e-02	7.970638e+00
2.830000e-06	4.859248e-02	7.895321e+00
2.840000e-06	4.941688e-02	7.788528e+00
2.850000e-06	4.987188e-02	7.642761e+00
2.860000e-06	4.943863e-02	7.498472e+00
2.870000e-06	4.961501e-02	7.307425e+00
2.880000e-06	4.837407e-02	7.191050e+00
2.890000e-06	5.081479e-02	7.052237e+00
2.900000e-06	5.066966e-02	6.916873e+00
2.910000e-06	5.026775e-02	6.781080e+00
2.920000e-06	4.645459e-02	6.613191e+00
2.930000e-06	4.594063e-02	6.454713e+00
2.940000e-06	4.328673e-02	6.299370e+00
2.950000e-06	4.120696e-02	6.150100e+00
2.960000e-06	3.770821e-02	6.023187e+00
2.970000e-06	3.663020e-02	5.926894e+00
2.980000e-06	3.450497e-02	5.656494e+00
2.990000e-06	3.292162e-02	5.528921e+00
3.000000e-06	2.866645e-02	5.370429e+00
3.010000e-06	2.679491e-02	5.181082e+00
3.020000e-06	2.517772e-02	4.940608e+00
3.030000e-06	2.401618e-02	4.749477e+00
3.040000e-06	2.064050e-02	4.633130e+00
3.050000e-06	1.867663e-02	4.443761e+00
3.060000e-06	1.855918e-02	4.327847e+00
3.070000e-06	1.656279e-02	4.065845e+00
3.080000e-06	1.426750e-02	3.907394e+00
3.090000e-06	1.216002e-02	3.748927e+00
3.100000e-06	1.194875e-02	3.580982e+00
3.110000e-06	1.041835e-02	3.373708e+00
3.120000e-06	8.379195e-03	3.191079e+00
3.130000e-06	6.819156e-03	3.012657e+00
3.140000e-06	6.831912e-03	2.854761e+00
3.150000e-06	7.711096e-03	2.666895e+00
3.160000e-06	4.859454e-03	2.432207e+00
3.170000e-06	2.749957e-03	2.273787e+00
3.180000e-06	2.948762e-03	2.036816e+00
3.190000e-06	2.720755e-03	1.907471e+00
3.200000e-06	1.713539e-03	1.707444e+00
3.210000e-06	-1.061715e-03	1.518395e+00
3.220000e-06	-1.467382e-04	1.328377e+00
3.230000e-06	1.121304e-03	1.067949e+00
3.240000e-06	-2.529907e-04	8.267707e-01
3.250000e-06	-1.782258e-03	6.973461e-01
3.260000e-06	-1.909761e-03	4.964698e-01
3.270000e-06	-5.215141e-04	3.389236e-01
3.280000e-06	-2.723517e-03	6.837232e-02
3.290000e-06	-1.648038e-03	-6.152883e-02
3.300000e-06	1.348139e-03	-2.300477e-01
3.310000e-06	-2.998980e-03	-4.283935e-01
3.320000e-06	1.495451e-04	-5.878168e-01
3.330000e-06	-5.801635e-03	-7.873157e-01
3.340000e-06	-2.780101e-03	-9.252380e-01
3.350000e-06	-3.890312e-03	-1.081708e+00
3.360000e-06	4.202208e-03	-1.301579e+00
3.370000e-06	6.897706e-02	-1.511606e+00
3.380000e-06	1.283466e-02	-1.691130e+00
3.390000e-06	-5.839501e-02	-1.932758e+00
3.400000e-06	-5.798467e-02	-2.207442e+00
3.410000e-06	-1.029774e-01	-2.448474e+00
3.420000e-06	8.841028e-02	-2.565292e+00
3.430000e-06	7.918696e-02	-2.598924e+00
3.440000e-06	-1.922295e-01	-2.857945e+00
3.450000e-06	1.456851e-01	-3.061074e+00
3.460000e-06	4.034098e-02	-3.175391e+00
3.470000e-06	-1.056952e-01	-3.406816e+00
3.480000e-06	7.868846e-02	-3.566792e+00
3.490000e-06	-1.249479e-01	-3.702554e+00
3.500000e-06	-4.320007e-02	-3.955292e+00
3.510000e-06	1.609922e-01	-4.111684e+00
3.520000e-06	-1.076059e-01	-4.291056e+00
3.530000e-06	2.266712e-02	-4.469104e+00
3.540000e-06	-8.278747e-03	-4.568416e+00
3.550000e-06	-5.797096e-02	-4.847422e+00
3.560000e-06	9.576811e-02	-5.007472e+00
3.570000e-06	-1.585298e-01	-5.163740e+00
3.580000e-06	4.357269e-02	-5.384720e+00
3.590000e-06	6.197169e-02	-5.532733e+00
3.600000e-06	-5.827409e-02	-5.733787e+00
3.610000e-06	9.642854e-03	-5.859583e+00
3.620000e-06	-1.002170e-01	-5.987500e+00
3.630000e-06	8.432715e-02	-6.206992e+00
3.640000e-06	-2.921454e-02	-6.374841e+00
3.650000e-06	-7.306714e-02	-6.521712e+00
3.660000e-06	6.323788e-02	-6.630554e+00
3.670000e-06	-5.704747e-02	-6.816919e+00
3.680000e-06	4.865698e-02	-6.945316e+00
3.690000e-06	-8.298064e-02	-7.102217e+00
3.700000e-06	-1.479558e-02	-7.269104e+00
3.710000e-06	3.770556e-02	-7.386896e+00
3.720000e-06	-5.772315e-02	-7.533342e+00
3.730000e-06	1.841244e-02	-7.650182e+00
3.740000e-06	-5.839198e-02	-7.857600e+00
3.750000e-06	3.898174e-02	-8.026478e+00
3.760000e-06	-3.164103e-02	-8.072241e+00
3.770000e-06	-4.087315e-02	-8.248449e+00
3.780000e-06	9.979543e-04	-8.304292e+00
3.790000e-06	-2.591785e-02	-8.409073e+00
3.800000e-06	1.675852e-02	-8.524347e+00
3.810000e-06	-5.580267e-02	-8.689712e+00
3.820000e-06	-5.584142e-04	-8.818498e+00
3.830000e-06	-1.048083e-02	-8.871137e+00
3.840000e-06	-1.448531e-02	-8.977501e+00
3.850000e-06	-2.616296e-02	-9.081684e+00
3.860000e-06	-3.063835e-02	-9.155874e+00
3.870000e-06	9.059719e-03	-9.259553e+00
3.880000e-06	-2.605258e-02	-9.323190e+00
3.890000e-06	-2.254423e-02	-9.359079e+00
3.900000e-06	-2.435923e-02	-9.523766e+00
3.910000e-06	-5.091332e-03	-9.647004e+00
3.920000e-06	-1.846416e-02	-9.631133e+00
3.930000e-06	-3.149733e-02	-9.695292e+00
3.940000e-06	-1.972880e-02	-9.816999e+00
3.950000e-06	-8.177417e-03	-9.890134e+00
3.960000e-06	-1.445514e-02	-9.904365e+00
3.970000e-06	-3.175844e-02	-9.994898e+00
3.980000e-06	-2.138809e-02	-1.000945e+01
3.990000e-06	-1.504960e-02	-1.004963e+01
4.000000e-06	-1.587668e-02	-1.008219e+01
4.010000e-06	-3.172732e-02	-1.011530e+01
4.020000e-06	-2.104621e-02	-1.014695e+01
4.030000e-06	-1.268174e-02	-1.022696e+01
4.040000e-06	-1.759625e-02	-1.029872e+01
4.050000e-06	-2.907022e-02	-1.033077e+01
4.060000e-06	-2.704503e-02	-1.034540e+01
4.070000e-06	-1.337997e-02	-1.035743e+01
4.080000e-06	-2.030352e-02	-1.038547e+01
4.090000e-06	-2.672464e-02	-1.043953e+01
4.100000e-06	-2.784898e-02	-1.036850e+01
4.110000e-06	-1.806282e-02	-1.041906e+01
4.120000e-06	-2.144582e-02	-1.041908e+01
4.130000e-06	-3.018075e-02	-1.037903e+01
4.140000e-06	-2.653657e-02	-1.041855e+01
4.150000e-06	-2.117061e-02	-1.043953e+01
4.160000e-06	-2.078943e-02	-1.038645e+01
4.170000e-06	-3.019810e-02	-1.032845e+01
4.180000e-06	-3.065010e-02	-1.035692e+01
4.190000e-06	-2.485926e-02	-1.027279e+01
4.200000e-06	-2.634436e-02	-1.026177e+01
4.210000e-06	-3.070786e-02	-1.021021e+01
4.220000e-06	-3.203267e-02	-1.013550e+01
4.230000e-06	-2.469042e-02	-1.009490e+01
4.240000e-06	-2.446257e-02	-1.006277e+01
4.250000e-06	-3.058577e-02	-1.002259e+01
4.260000e-06	-3.229778e-02	-9.990082e+00
4.270000e-06	-2.682728e-02	-9.907373e+00
4.280000e-06	-2.517830e-02	-9.912867e+00
4.290000e-06	-3.080939e-02	-9.862163e+00
4.300000e-06	-3.477327e-02	-9.749503e+00
4.310000e-06	-3.051334e-02	-9.688368e+00
4.320000e-06	-2.893225e-02	-9.662737e+00
4.330000e-06	-3.349367e-02	-9.591078e+00
4.340000e-06	-3.688099e-02	-9.526473e+00
4.350000e-06	-3.298215e-02	-9.402212e+00
4.360000e-06	-3.106619e-02	-9.334952e+00
4.370000e-06	-3.596437e-02	-9.211188e+00
4.380000e-06	-4.055849e-02	-9.168501e+00
4.390000e-06	-3.934537e-02	-9.053717e+00
4.400000e-06	-3.738760e-02	-8.947424e+00
4.410000e-06	-4.181635e-02	-8.841787e+00
4.420000e-06	-4.582294e-02	-8.750003e+00
4.430000e-06	-4.408920e-02	-8.695371e+00
4.440000e-06	-4.308778e-02	-8.517029e+00
4.450000e-06	-4.685086e-02	-8.380536e+00
4.460000e-06	-5.201564e-02	-8.327921e+00
4.470000e-06	-5.190792e-02	-8.180606e+00
4.480000e-06	-5.151649e-02	-8.084845e+00
4.490000e-06	-5.260660e-02	-7.971008e+00
4.500000e-06	-5.820672e-02	-7.841339e+00
4.510000e-06	-5.692812e-02	-7.686771e+00
4.520000e-06	-5.675282e-02	-7.535976e+00
4.530000e-06	-5.720384e-02	-7.370583e+00
4.540000e-06	-5.979109e-02	-7.233216e+00
4.550000e-06	-5.869154e-02	-7.120476e+00
4.560000e-06	-5.589840e-02	-6.927003e+00
4.570000e-06	-5.476777e-02	-6.791107e+00
4.580000e-06	-5.540278e-02	-6.655820e+00
4.590000e-06	-5.401573e-02	-6.528322e+00
4.600000e-06	-5.082906e-02	-6.402130e+00
4.610000e-06	-4.894428e-02	-6.224741e+00
4.620000e-06	-4.843935e-02	-6.023217e+00
4.630000e-06	-4.638690e-02	-5.896869e+00
4.640000e-06	-4.173436e-02	-5.790054e+00
4.650000e-06	-3.952887e-02	-5.601582e+00
4.660000e-06	-3.736314e-02	-5.413792e+00
4.670000e-06	-3.575428e-02	-5.211607e+00
4.680000e-06	-3.313347e-02	-5.002764e+00
4.690000e-06	-3.085881e-02	-4.884845e+00
4.700000e-06	-2.935554e-02	-4.613613e+00
4.710000e-06	-2.873045e-02	-4.485900e+00
4.720000e-06	-2.673462e-02	-4.319949e+00
4.730000e-06	-2.355975e-02	-4.180509e+00
4.740000e-06	-2.339770e-02	-4.023184e+00
4.750000e-06	-2.201089e-02	-3.824865e+00
4.760000e-06	-2.022642e-02	-3.612220e+00
4.770000e-06	-1.700678e-02	-3.424870e+00
4.780000e-06	-1.756155e-02	-3.287322e+00
4.790000e-06	-1.654625e-02	-3.118474e+00
4.800000e-06	-1.741426e-02	-2.868945e+00
4.810000e-06	-1.331650e-02	-2.708947e+00
4.820000e-06	-1.463235e-02	-2.510005e+00
4.830000e-06	-1.207601e-02	-2.360579e+00
4.840000e-06	-1.114214e-02	-2.111982e+00
4.850000e-06	-9.010750e-03	-1.961626e+00
4.860000e-06	-9.302303e-03	-1.801633e+00
4.870000e-06	-8.331985e-03	-1.604660e+00
4.880000e-06	-1.007069e-02	-1.382165e+00
4.890000e-06	-1.083302e-02	-1.170501e+00
4.900000e-06	-7.518500e-03	-9.610788e-01
4.910000e-06	-5.565184e-03	-8.021553e-01
4.920000e-06	-4.758178e-03	-5.326355e-01
4.930000e-06	-5.990106e-03	-3.516276e-01
4.940000e-06	-4.108920e-03	-1.917115e-01
4.950000e-06	1.041272e-03	-2.668678e-02
4.960000e-06	4.135349e-03	1.636356e-01
4.970000e-06	-4.006293e-03	3.949160e-01
4.980000e-06	8.751154e-04	5.147530e-01
4.990000e-06	3.469024e-04	6.716752e-01
5.000000e-06	2.243404e-03	8.395264e-01
5.010000e-06	-1.383903e-03	1.089470e+00
5.020000e-06	3.962870e-03	1.260575e+00
5.030000e-06	2.914981e-02	1.468999e+00
5.040000e-06	7.329014e-02	1.751134e+00
5.050000e-06	-2.087130e-02	2.012761e+00
5.060000e-06	-4.825406e-02	2.133262e+00
5.070000e-06	-4.343688e-02	2.331637e+00
5.080000e-06	-5.840221e-02	2.418950e+00
5.090000e-06	5.311936e-02	2.555185e+00
5.100000e-06	8.426676e-02	2.806362e+00
5.110000e-06	-1.359429e-01	2.955837e+00
5.120000e-06	1.139471e-01	3.069551e+00
5.130000e-06	4.638776e-02	3.339999e+00
5.140000e-06	-5.354140e-02	3.543310e+00
5.150000e-06	4.219253e-02	3.660024e+00
5.160000e-06	-6.888838e-02	3.858894e+00
5.170000e-06	1.823424e-03	4.027944e+00
5.180000e-06	9.559133e-02	4.153314e+00
5.190000e-06	-3.154198e-02	4.425897e+00
5.200000e-06	-2.650258e-03	4.554339e+00
5.210000e-06	1.235744e-02	4.754311e+00
5.220000e-06	-1.047795e-02	4.961677e+00
5.230000e-06	4.422176e-02	5.191613e+00
5.240000e-06	-4.746439e-02	5.352811e+00
5.250000e-06	2.064525e-02	5.552163e+00
5.260000e-06	3.661636e-02	5.679025e+00
5.270000e-06	2.480660e-02	5.837874e+00
5.280000e-06	-1.942242e-02	6.016923e+00
5.290000e-06	-2.474886e-02	6.135839e+00
5.300000e-06	5.460627e-02	6.341131e+00
5.310000e-06	-5.247301e-03	6.447502e+00
5.320000e-06	1.662679e-03	6.624420e+00
5.330000e-06	1.736737e-02	6.804397e+00
5.340000e-06	1.083009e-02	6.934311e+00
5.350000e-06	2.133051e-02	7.050577e+00
5.360000e-06	-9.578854e-03	7.215394e+00
5.370000e-06	4.124786e-03	7.354733e+00
5.380000e-06	1.826782e-02	7.492658e+00
5.390000e-06	1.758824e-02	7.649502e+00
5.400000e-06	9.586208e-03	7.766846e+00
5.410000e-06	2.481032e-04	7.923314e+00
5.420000e-06	2.383757e-02	8.072579e+00
5.430000e-06	9.299681e-03	8.205974e+00
5.440000e-06	4.469129e-03	8.332262e+00
5.450000e-06	1.013902e-02	8.446948e+00
5.460000e-06	1.388977e-02	8.493265e+00
5.470000e-06	1.831713e-02	8.616995e+00
5.480000e-06	6.446757e-03	8.680761e+00
5.490000e-06	1.204867e-02	8.796998e+00
5.500000e-06	1.457689e-02	8.870712e+00
5.510000e-06	1.335204e-02	9.045445e+00
5.520000e-06	9.529901e-03	9.153314e+00
5.530000e-06	8.454436e-03	9.218525e+00
5.540000e-06	2.079718e-02	9.271183e+00
5.550000e-06	1.323075e-02	9.356370e+00
5.560000e-06	1.154828e-02	9.459103e+00
5.570000e-06	9.873045e-03	9.514215e+00
5.580000e-06	1.708742e-02	9.606949e+00
5.590000e-06	1.546424e-02	9.659129e+00
5.600000e-06	9.134955e-03	9.715266e+00
5.610000e-06	1.540230e-02	9.817553e+00
5.620000e-06	1.842830e-02	9.911191e+00
5.630000e-06	1.900416e-02	9.934821e+00
5.640000e-06	8.438903e-03	9.998029e+00
5.650000e-06	1.191035e-02	1.003203e+01
5.660000e-06	1.629326e-02	1.009381e+01
5.670000e-06	1.694230e-02	1.011319e+01
5.680000e-06	1.271092e-02	1.019492e+01
5.690000e-06	1.423117e-02	1.020695e+01
5.700000e-06	2.068434e-02	1.024853e+01
5.710000e-06	1.837775e-02	1.025113e+01
5.720000e-06	1.272272e-02	1.028121e+01
5.730000e-06	1.247919e-02	1.028264e+01
5.740000e-06	1.895035e-02	1.030432e+01
5.750000e-06	1.827056e-02	1.031379e+01
5.760000e-06	1.526393e-02	1.031437e+01
5.770000e-06	1.571935e-02	1.035582e+01
5.780000e-06	2.037450e-02	1.033585e+01
5.790000e-06	2.072408e-02	1.031639e+01
5.800000e-06	1.572762e-02	1.033379e+01
5.810000e-06	1.743260e-02	1.031485e+01
5.820000e-06	2.001282e-02	1.030282e+01
5.830000e-06	2.233556e-02	1.030324e+01
5.840000e-06	1.845712e-02	1.025122e+01
5.850000e-06	1.933549e-02	1.026221e+01
5.860000e-06	2.346328e-02	1.019010e+01
5.870000e-06	2.376280e-02	1.018752e+01
5.880000e-06	2.184018e-02	1.011530e+01
5.890000e-06	1.984813e-02	1.009432e+01
5.900000e-06	2.289477e-02	1.010374e+01
5.910000e-06	2.280909e-02	1.004208e+01
5.920000e-06	2.082083e-02	9.990500e+00
5.930000e-06	2.028108e-02	9.955424e+00
5.940000e-06	2.294848e-02	9.891762e+00
5.950000e-06	2.506770e-02	9.836106e+00
5.960000e-06	2.377745e-02	9.716371e+00
5.970000e-06	2.294366e-02	9.631586e+00
5.980000e-06	2.542176e-02	9.589527e+00
5.990000e-06	2.812765e-02	9.506220e+00
6.000000e-06	2.685970e-02	9.433689e+00
6.010000e-06	2.588632e-02	9.358549e+00
6.020000e-06	2.765311e-02	9.243263e+00
6.030000e-06	2.965621e-02	9.229605e+00
6.040000e-06	3.010956e-02	9.136925e+00
6.050000e-06	3.002118e-02	8.978684e+00
6.060000e-06	3.402800e-02	8.904772e+00
6.070000e-06	3.610779e-02	8.779606e+00
6.080000e-06	3.667061e-02	8.725896e+00
6.090000e-06	3.714515e-02	8.590032e+00
6.100000e-06	3.927533e-02	8.503293e+00
6.110000e-06	4.107228e-02	8.410082e+00
6.120000e-06	4.173149e-02	8.315344e+00
6.130000e-06	4.300835e-02	8.148550e+00
6.140000e-06	4.477342e-02	8.049141e+00
6.150000e-06	4.823428e-02	7.917395e+00
6.160000e-06	4.967378e-02	7.780030e+00
6.170000e-06	5.013145e-02	7.653717e+00
6.180000e-06	5.101729e-02	7.517471e+00
6.190000e-06	5.110440e-02	7.368453e+00
6.200000e-06	5.056994e-02	7.201108e+00
6.210000e-06	4.976904e-02	7.082765e+00
6.220000e-06	4.870507e-02	6.937496e+00
6.230000e-06	4.878562e-02	6.810003e+00
6.240000e-06	4.840272e-02	6.676219e+00
6.250000e-06	4.617813e-02	6.484271e+00
6.260000e-06	4.337440e-02	6.328051e+00
6.270000e-06	4.157758e-02	6.199054e+00
6.280000e-06	3.971889e-02	6.012709e+00
6.290000e-06	3.614351e-02	5.918424e+00
6.300000e-06	3.450408e-02	5.687973e+00
6.310000e-06	3.165068e-02	5.537448e+00
6.320000e-06	3.121304e-02	5.371530e+00
6.330000e-06	2.827289e-02	5.211682e+00
6.340000e-06	2.497920e-02	5.002156e+00
6.350000e-06	2.170106e-02	4.781583e+00
6.360000e-06	2.104517e-02	4.623261e+00
6.370000e-06	2.018596e-02	4.465288e+00
6.380000e-06	1.818771e-02	4.316898e+00
6.390000e-06	1.646422e-02	4.087423e+00
6.400000e-06	1.502852e-02	3.907872e+00
6.410000e-06	1.377206e-02	3.738503e+00
6.420000e-06	1.122604e-02	3.581056e+00
6.430000e-06	8.538148e-03	3.384336e+00
6.440000e-06	8.827750e-03	3.192253e+00
6.450000e-06	7.997194e-03	3.024162e+00
6.460000e-06	6.516788e-03	2.865238e+00
6.470000e-06	5.014949e-03	2.728370e+00
6.480000e-06	4.782645e-03	2.457243e+00
6.490000e-06	4.995147e-03	2.306316e+00
6.500000e-06	2.260480e-03	2.117893e+00
6.510000e-06	1.594818e-03	1.928974e+00
6.520000e-06	2.072009e-03	1.709973e+00
6.530000e-06	1.697448e-03	1.499447e+00
6.540000e-06	-1.031852e-03	1.328450e+00
6.550000e-06	-2.237007e-03	1.117024e+00
6.560000e-06	-1.335516e-03	8.773184e-01
6.570000e-06	-8.557628e-04	7.368946e-01
6.580000e-06	-2.026542e-03	5.383948e-01
6.590000e-06	-2.083489e-03	3.705013e-01
6.600000e-06	-2.567094e-03	1.404775e-01
6.610000e-06	5.021679e-04	-3.002500e-02
6.620000e-06	2.014779e-03	-2.304737e-01
6.630000e-06	-4.126720e-03	-3.858899e-01
6.640000e-06	-1.032068e-03	-5.952857e-01
6.650000e-06	-5.085120e-03	-7.564385e-01
6.660000e-06	-2.359232e-03	-9.642630e-01
6.670000e-06	-6.003098e-03	-1.072104e+00
6.680000e-06	2.427694e-03	-1.239601e+00
6.690000e-06	6.316116e-02	-1.489549e+00
6.700000e-06	3.180952e-02	-1.680551e+00
6.710000e-06	-6.392712e-02	-1.921109e+00
6.720000e-06	-5.265515e-02	-2.204863e+00
6.730000e-06	-1.027232e-01	-2.415375e+00
6.740000e-06	5.646347e-02	-2.536291e+00
6.750000e-06	1.087829e-01	-2.605897e+00
6.760000e-06	-1.899917e-01	-2.835342e+00
6.770000e-06	1.108738e-01	-3.058547e+00
6.780000e-06	7.636637e-02	-3.144818e+00
6.790000e-06	-1.180141e-01	-3.404312e+00
6.800000e-06	7.246317e-02	-3.555366e+00
6.810000e-06	-9.605274e-02	-3.689555e+00
6.820000e-06	-8.113092e-02	-3.914313e+00
6.830000e-06	1.715484e-01	-4.061104e+00
6.840000e-06	-8.874586e-02	-4.258523e+00
6.850000e-06	-1.705790e-03	-4.427525e+00
6.860000e-06	1.389290e-02	-4.554866e+00
6.870000e-06	-7.813568e-02	-4.826417e+00
6.880000e-06	1.060578e-01	-4.975896e+00
6.890000e-06	-1.418912e-01	-5.133707e+00
6.900000e-06	1.008917e-02	-5.322159e+00
6.910000e-06	8.594268e-02	-5.503266e+00
6.920000e-06	-6.488322e-02	-5.730211e+00
6.930000e-06	1.467767e-02	-5.849551e+00
6.940000e-06	-1.015871e-01	-5.977341e+00
6.950000e-06	6.630832e-02	-6.214319e+00
6.960000e-06	-2.095563e-04	-6.352790e+00
6.970000e-06	-9.380521e-02	-6.492158e+00
6.980000e-06	6.940968e-02	-6.649526e+00
6.990000e-06	-5.617544e-02	-6.785846e+00
7.000000e-06	4.381934e-02	-6.933371e+00
7.010000e-06	-6.505590e-02	-7.091163e+00
7.020000e-06	-4.031508e-02	-7.258606e+00
7.030000e-06	5.204783e-02	-7.375820e+00
7.040000e-06	-6.320984e-02	-7.573236e+00
7.050000e-06	2.212233e-02	-7.670056e+00
7.060000e-06	-5.888797e-02	-7.845974e+00
7.070000e-06	3.246240e-02	-7.985472e+00
7.080000e-06	-1.708930e-02	-8.083212e+00
7.090000e-06	-5.172461e-02	-8.238479e+00
7.100000e-06	3.106046e-03	-8.282865e+00
7.110000e-06	-3.115812e-02	-8.428000e+00
7.120000e-06	2.185218e-02	-8.523768e+00
7.130000e-06	-5.138517e-02	-8.681608e+00
7.140000e-06	-8.027402e-03	-8.805473e+00
7.150000e-06	-7.036252e-03	-8.871185e+00
7.160000e-06	-1.495986e-02	-8.996398e+00
7.170000e-06	-2.244520e-02	-9.091233e+00
7.180000e-06	-3.684666e-02	-9.185319e+00
7.190000e-06	5.969716e-03	-9.238552e+00
7.200000e-06	-2.049730e-02	-9.281290e+00
7.210000e-06	-2.109119e-02	-9.417656e+00
7.220000e-06	-2.580822e-02	-9.501217e+00
7.230000e-06	-7.484282e-03	-9.628048e+00
7.240000e-06	-1.311515e-02	-9.652137e+00
7.250000e-06	-3.099817e-02	-9.703319e+00
7.260000e-06	-2.463228e-02	-9.795975e+00
7.270000e-06	-1.247384e-02	-9.850104e+00
7.280000e-06	-1.210248e-02	-9.883317e+00
7.290000e-06	-2.990150e-02	-9.944896e+00
7.300000e-06	-2.319515e-02	-9.957923e+00
7.310000e-06	-1.433366e-02	-1.005051e+01
7.320000e-06	-1.371985e-02	-1.009274e+01
7.330000e-06	-3.015988e-02	-1.015442e+01
7.340000e-06	-2.545873e-02	-1.018797e+01
7.350000e-06	-1.573652e-02	-1.019706e+01
7.360000e-06	-1.821457e-02	-1.026974e+01
7.370000e-06	-2.698840e-02	-1.029422e+01
7.380000e-06	-2.839830e-02	-1.037332e+01
7.390000e-06	-1.459870e-02	-1.034645e+01
7.400000e-06	-1.827471e-02	-1.038700e+01
7.410000e-06	-2.436803e-02	-1.037747e+01
7.420000e-06	-2.813008e-02	-1.038708e+01
7.430000e-06	-2.056187e-02	-1.043808e+01
7.440000e-06	-2.137177e-02	-1.042856e+01
7.450000e-06	-2.923939e-02	-1.040800e+01
7.460000e-06	-2.738676e-02	-1.045008e+01
7.470000e-06	-2.216709e-02	-1.037650e+01
7.480000e-06	-2.009110e-02	-1.036740e+01
7.490000e-06	-2.870922e-02	-1.039590e+01
7.500000e-06	-3.098203e-02	-1.031542e+01
7.510000e-06	-2.557372e-02	-1.029275e+01
7.520000e-06	-2.561652e-02	-1.026082e+01
7.530000e-06	-2.919609e-02	-1.020018e+01
7.540000e-06	-3.137164e-02	-1.021706e+01
7.550000e-06	-2.589769e-02	-1.011583e+01
7.560000e-06	-2.499479e-02	-1.010327e+01
7.570000e-06	-2.993731e-02	-1.002321e+01
7.580000e-06	-3.242484e-02	-1.001008e+01
7.590000e-06	-2.728038e-02	-9.926899e+00
7.600000e-06	-2.711846e-02	-9.873340e+00
7.610000e-06	-3.018179e-02	-9.842162e+00
7.620000e-06	-3.218690e-02	-9.779084e+00
7.630000e-06	-2.977718e-02	-9.715448e+00
7.640000e-06	-2.925589e-02	-9.673791e+00
7.650000e-06	-3.365684e-02	-9.620582e+00
7.660000e-06	-3.513702e-02	-9.517300e+00
7.670000e-06	-3.319989e-02	-9.471741e+00
7.680000e-06	-3.286481e-02	-9.298004e+00
7.690000e-06	-3.688154e-02	-9.232187e+00
7.700000e-06	-3.918273e-02	-9.147476e+00
7.710000e-06	-3.761470e-02	-9.064289e+00
7.720000e-06	-3.830186e-02	-8.947555e+00
7.730000e-06	-4.123907e-02	-8.863740e+00
7.740000e-06	-4.470904e-02	-8.790132e+00
7.750000e-06	-4.286438e-02	-8.684820e+00
7.760000e-06	-4.471238e-02	-8.528952e+00
7.770000e-06	-4.802558e-02	-8.411636e+00
7.780000e-06	-5.181610e-02	-8.317403e+00
7.790000e-06	-4.996913e-02	-8.212137e+00
7.800000e-06	-5.128044e-02	-8.115323e+00
7.810000e-06	-5.372929e-02	-7.980608e+00
7.820000e-06	-5.658168e-02	-7.855691e+00
7.830000e-06	-5.552055e-02	-7.696441e+00
7.840000e-06	-5.647859e-02	-7.538400e+00
7.850000e-06	-5.879332e-02	-7.422109e+00
7.860000e-06	-6.001591e-02	-7.265290e+00
7.870000e-06	-5.855427e-02	-7.177952e+00
7.880000e-06	-5.579409e-02	-6.980709e+00
7.890000e-06	-5.562189e-02	-6.802185e+00
7.900000e-06	-5.504483e-02	-6.666343e+00
7.910000e-06	-5.352359e-02	-6.499977e+00
7.920000e-06	-5.059611e-02	-6.401684e+00
7.930000e-06	-5.017396e-02	-6.285241e+00
7.940000e-06	-4.844324e-02	-6.064742e+00
7.950000e-06	-4.538983e-02	-5.906449e+00
7.960000e-06	-4.258812e-02	-5.791103e+00
7.970000e-06	-3.954382e-02	-5.601634e+00
7.980000e-06	-3.961531e-02	-5.415269e+00
7.990000e-06	-3.584579e-02	-5.212290e+00
8.000000e-06	-3.353543e-02	-5.055713e+00
8.010000e-06	-3.121860e-02	-4.875825e+00
8.020000e-06	-3.093659e-02	-4.665637e+00
8.030000e-06	-2.820467e-02	-4.506395e+00
8.040000e-06	-2.661872e-02	-4.328976e+00
8.050000e-06	-2.331139e-02	-4.211558e+00
8.060000e-06	-2.551012e-02	-4.034162e+00
8.070000e-06	-2.104253e-02	-3.886296e+00
8.080000e-06	-2.107207e-02	-3.615742e+00
8.090000e-06	-1.655413e-02	-3.476370e+00
8.100000e-06	-1.870435e-02	-3.217872e+00
8.110000e-06	-1.508116e-02	-3.129450e+00
8.120000e-06	-1.523092e-02	-2.879926e+00
8.130000e-06	-1.394312e-02	-2.750923e+00
8.140000e-06	-1.572805e-02	-2.570455e+00
8.150000e-06	-1.278650e-02	-2.400127e+00
8.160000e-06	-1.149754e-02	-2.143032e+00
8.170000e-06	-9.552653e-03	-1.982555e+00
8.180000e-06	-1.045475e-02	-1.773157e+00
8.190000e-06	-9.401782e-03	-1.623689e+00
8.200000e-06	-8.470216e-03	-1.426813e+00
8.210000e-06	-7.326308e-03	-1.171479e+00
8.220000e-06	-7.814521e-03	-1.022055e+00
8.230000e-06	-7.939207e-03	-8.235830e-01
8.240000e-06	-4.693896e-03	-5.741167e-01
8.250000e-06	-4.595880e-03	-4.210803e-01
8.260000e-06	-4.848786e-03	-2.241867e-01
8.270000e-06	-2.336970e-03	-5.573835e-02
8.280000e-06	3.361730e-03	1.631816e-01
8.290000e-06	-1.017850e-03	3.537357e-01
8.300000e-06	2.751257e-03	5.321304e-01
8.310000e-06	-2.598085e-03	6.911239e-01
8.320000e-06	2.055644e-03	8.489973e-01
8.330000e-06	-6.833678e-05	1.058371e+00
8.340000e-06	5.406641e-03	1.229525e+00
8.350000e-06	2.155838e-02	1.447974e+00
8.360000e-06	7.247042e-02	1.761553e+00
8.370000e-06	-9.014390e-03	1.933208e+00
8.380000e-06	-4.814428e-02	2.091606e+00
8.390000e-06	-4.625606e-02	2.295630e+00
8.400000e-06	-5.907561e-02	2.399423e+00
8.410000e-06	3.376731e-02	2.492734e+00
8.420000e-06	1.088107e-01	2.742762e+00
8.430000e-06	-1.346720e-01	2.954163e+00
8.440000e-06	8.449322e-02	3.060073e+00
8.450000e-06	7.284767e-02	3.277945e+00
8.460000e-06	-5.560227e-02	3.510662e+00
8.470000e-06	3.378974e-02	3.638424e+00
8.480000e-06	-5.796273e-02	3.816392e+00
8.490000e-06	-1.758342e-02	4.008471e+00
8.500000e-06	1.019733e-01	4.133137e+00
8.510000e-06	-2.268051e-02	4.425392e+00
8.520000e-06	-1.467272e-02	4.533763e+00
8.530000e-06	2.526368e-02	4.714667e+00
8.540000e-06	-1.666952e-02	4.869157e+00
8.550000e-06	4.939430e-02	5.171710e+00
8.560000e-06	-4.863864e-02	5.331283e+00
8.570000e-06	1.441535e-02	5.510280e+00
8.580000e-06	4.027032e-02	5.708055e+00
8.590000e-06	2.589023e-02	5.818441e+00
8.600000e-06	-1.698376e-02	6.026443e+00
8.610000e-06	-3.064771e-02	6.124289e+00
8.620000e-06	5.525166e-02	6.291631e+00
8.630000e-06	2.167506e-03	6.457470e+00
8.640000e-06	-4.320965e-03	6.565442e+00
8.650000e-06	1.790667e-02	6.796841e+00
8.660000e-06	1.198597e-02	6.922638e+00
8.670000e-06	2.062033e-02	7.038550e+00
8.680000e-06	-4.108015e-03	7.154841e+00
8.690000e-06	-1.910040e-03	7.302159e+00
8.700000e-06	2.073999e-02	7.430708e+00
8.710000e-06	1.436726e-02	7.626499e+00
8.720000e-06	1.267435e-02	7.783945e+00
8.730000e-06	-3.233425e-03	7.902606e+00
8.740000e-06	2.487236e-02	8.051082e+00
8.750000e-06	1.271681e-02	8.176396e+00
8.760000e-06	2.264292e-03	8.321661e+00
8.770000e-06	1.087234e-02	8.436973e+00
8.780000e-06	1.078406e-02	8.471634e+00
8.790000e-06	2.089975e-02	8.606876e+00
8.800000e-06	3.967987e-03	8.712286e+00
8.810000e-06	1.218703e-02	8.787919e+00
8.820000e-06	1.499607e-02	8.880632e+00
8.830000e-06	1.545561e-02	8.986396e+00
8.840000e-06	1.036063e-02	9.102710e+00
8.850000e-06	6.494616e-03	9.238471e+00
8.860000e-06	1.950890e-02	9.269687e+00
8.870000e-06	1.371359e-02	9.346343e+00
8.880000e-06	1.098648e-02	9.428598e+00
8.890000e-06	8.676288e-03	9.502242e+00
8.900000e-06	1.839616e-02	9.597468e+00
8.910000e-06	1.671207e-02	9.660055e+00
8.920000e-06	1.004547e-02	9.721316e+00
8.930000e-06	1.363231e-02	9.796951e+00
8.940000e-06	1.818010e-02	9.881665e+00
8.950000e-06	1.863939e-02	9.934814e+00
8.960000e-06	8.883160e-03	1.000800e+01
8.970000e-06	1.147212e-02	1.004958e+01
8.980000e-06	1.598782e-02	1.009108e+01
8.990000e-06	1.744197e-02	1.008328e+01
9.000000e-06	1.325960e-02	1.014537e+01
9.010000e-06	1.464867e-02	1.018695e+01
9.020000e-06	1.949472e-02	1.022006e+01
9.030000e-06	1.855878e-02	1.023856e+01
9.040000e-06	1.303959e-02	1.025066e+01
9.050000e-06	1.291691e-02	1.030271e+01
9.060000e-06	1.897911e-02	1.026326e+01
9.070000e-06	1.878664e-02	1.029477e+01
9.080000e-06	1.544452e-02	1.032337e+01
9.090000e-06	1.503531e-02	1.032532e+01
9.100000e-06	1.951572e-02	1.033484e+01
9.110000e-06	1.988211e-02	1.034627e+01
9.120000e-06	1.656354e-02	1.029532e+01
9.130000e-06	1.761073e-02	1.030477e+01
9.140000e-06	2.031323e-02	1.029376e+01
9.150000e-06	2.243386e-02	1.029426e+01
9.160000e-06	1.935424e-02	1.027228e+01
9.170000e-06	1.967763e-02	1.022008e+01
9.180000e-06	2.153347e-02	1.023058e+01
9.190000e-06	2.337880e-02	1.015901e+01
9.200000e-06	2.143511e-02	1.012442e+01
9.210000e-06	2.005378e-02	1.013677e+01
9.220000e-06	2.242413e-02	1.008366e+01
9.230000e-06	2.323793e-02	1.004111e+01
9.240000e-06	2.143642e-02	1.000958e+01
9.250000e-06	1.977928e-02	9.948399e+00
9.260000e-06	2.268811e-02	9.852315e+00
9.270000e-06	2.408859e-02	9.809086e+00
9.280000e-06	2.304948e-02	9.733818e+00
9.290000e-06	2.321027e-02	9.631786e+00
9.300000e-06	2.600428e-02	9.597527e+00
9.310000e-06	2.858005e-02	9.504316e+00
9.320000e-06	2.648114e-02	9.432136e+00
9.330000e-06	2.678258e-02	9.346327e+00
9.340000e-06	2.851349e-02	9.293865e+00
9.350000e-06	3.051185e-02	9.200632e+00
9.360000e-06	2.875673e-02	9.188421e+00
9.370000e-06	3.038551e-02	9.040688e+00
9.380000e-06	3.265645e-02	8.906244e+00
9.390000e-06	3.482121e-02	8.820103e+00
9.400000e-06	3.557882e-02	8.696395e+00
9.410000e-06	3.732989e-02	8.631111e+00
9.420000e-06	4.116203e-02	8.525420e+00
9.430000e-06	4.076211e-02	8.380208e+00
9.440000e-06	4.185425e-02	8.315797e+00
9.450000e-06	4.231471e-02	8.158978e+00
9.460000e-06	4.557408e-02	8.032688e+00
9.470000e-06	4.768543e-02	7.885949e+00
9.480000e-06	4.781467e-02	7.781584e+00
9.490000e-06	4.981090e-02	7.673817e+00
9.500000e-06	5.102689e-02	7.558949e+00
9.510000e-06	5.136914e-02	7.360003e+00
9.520000e-06	5.144357e-02	7.243107e+00
9.530000e-06	5.027270e-02	7.055266e+00
9.540000e-06	5.092453e-02	6.917453e+00
9.550000e-06	4.957916e-02	6.801631e+00
9.560000e-06	4.691594e-02	6.685792e+00
9.570000e-06	4.460495e-02	6.474819e+00
9.580000e-06	4.346522e-02	6.349923e+00
9.590000e-06	4.196301e-02	6.202181e+00
9.600000e-06	3.935038e-02	6.062693e+00
9.610000e-06	3.658064e-02	5.919398e+00
9.620000e-06	3.583928e-02	5.738503e+00
9.630000e-06	3.437006e-02	5.560998e+00
9.640000e-06	3.019200e-02	5.411604e+00
9.650000e-06	2.627195e-02	5.233161e+00
9.660000e-06	2.550926e-02	5.022713e+00
9.670000e-06	2.372292e-02	4.802082e+00
9.680000e-06	2.080701e-02	4.643213e+00
9.690000e-06	1.895367e-02	4.475318e+00
9.700000e-06	1.841244e-02	4.348399e+00
9.710000e-06	1.789044e-02	4.098878e+00
9.720000e-06	1.508981e-02	3.948976e+00
9.730000e-06	1.226184e-02	3.759603e+00
9.740000e-06	1.141484e-02	3.612705e+00
9.750000e-06	1.092400e-02	3.403167e+00
9.760000e-06	9.029680e-03	3.211583e+00
9.770000e-06	5.963795e-03	3.054761e+00
9.780000e-06	5.671507e-03	2.894816e+00
9.790000e-06	7.087372e-03	2.718421e+00
9.800000e-06	4.523651e-03	2.458391e+00
9.810000e-06	1.961790e-03	2.286367e+00
9.820000e-06	3.591747e-03	2.137372e+00
9.830000e-06	4.363739e-03	1.959950e+00
9.840000e-06	2.855454e-03	1.711031e+00
9.850000e-06	-8.148761e-04	1.521450e+00
9.860000e-06	-6.522371e-04	1.351023e+00
9.870000e-06	-4.019444e-04	1.160980e+00
9.880000e-06	5.236757e-04	8.894263e-01
9.890000e-06	-4.534285e-03	6.989236e-01
9.900000e-06	-1.342091e-03	5.699238e-01
9.910000e-06	-2.138366e-03	3.910036e-01
9.920000e-06	-9.645515e-04	1.415813e-01
9.930000e-06	-9.968443e-04	-3.896486e-02
9.940000e-06	4.245553e-03	-1.989211e-01
9.950000e-06	-2.105254e-03	-4.057659e-01
9.960000e-06	-2.160617e-03	-5.532029e-01
9.970000e-06	-8.722914e-03	-7.337631e-01
9.980000e-06	-4.140049e-03	-9.522090e-01
9.990000e-06	-6.442876e-03	-1.050532e+00
1.000000e-05	2.381465e-03	-1.267499e+00
1.001000e-05	5.257660e-02	-1.450428e+00
1.002000e-05	5.186162e-02	-1.659578e+00
1.003000e-05	-6.489437e-02	-1.882056e+00
1.004000e-05	-4.921445e-02	-2.144685e+00
1.005000e-05	-1.028018e-01	-2.417420e+00
1.006000e-05	2.285350e-02	-2.483712e+00
1.007000e-05	1.362463e-01	-2.588372e+00
1.008000e-05	-1.765617e-01	-2.804365e+00
1.009000e-05	6.749332e-02	-3.066823e+00
1.010000e-05	1.110627e-01	-3.132817e+00
1.011000e-05	-1.241353e-01	-3.324138e+00
1.012000e-05	6.268739e-02	-3.545366e+00
1.013000e-05	-6.735895e-02	-3.638975e+00
1.014000e-05	-1.148079e-01	-3.902706e+00
1.015000e-05	1.749473e-01	-4.040474e+00
1.016000e-05	-6.262807e-02	-4.258475e+00
1.017000e-05	-2.870047e-02	-4.428445e+00
1.018000e-05	3.397462e-02	-4.534291e+00
1.019000e-05	-9.423401e-02	-4.812339e+00
1.020000e-05	1.090154e-01	-4.985347e+00
1.021000e-05	-1.196767e-01	-5.082607e+00
1.022000e-05	-2.569473e-02	-5.350183e+00
1.023000e-05	1.074297e-01	-5.460761e+00
1.024000e-05	-6.694637e-02	-5.690154e+00
1.025000e-05	1.671262e-02	-5.860474e+00
1.026000e-05	-9.644135e-02	-5.974842e+00
1.027000e-05	4.352133e-02	-6.152741e+00
1.028000e-05	2.776707e-02	-6.292287e+00
1.029000e-05	-1.115221e-01	-6.461258e+00
1.030000e-05	6.889534e-02	-6.626524e+00
1.031000e-05	-5.028056e-02	-6.774290e+00
1.032000e-05	3.456679e-02	-6.970712e+00
1.033000e-05	-4.421077e-02	-7.049529e+00
1.034000e-05	-6.045748e-02	-7.218554e+00
1.035000e-05	6.318540e-02	-7.355867e+00
1.036000e-05	-6.407679e-02	-7.541714e+00
1.037000e-05	2.046268e-02	-7.639502e+00
1.038000e-05	-5.483434e-02	-7.806048e+00
1.039000e-05	1.839122e-02	-8.005914e+00
1.040000e-05	-2.883467e-03	-8.061204e+00
1.041000e-05	-6.021918e-02	-8.206499e+00
1.042000e-05	9.470464e-03	-8.302687e+00
1.043000e-05	-3.329385e-02	-8.426977e+00
1.044000e-05	2.296586e-02	-8.513395e+00
1.045000e-05	-4.768877e-02	-8.658978e+00
1.046000e-05	-1.697865e-02	-8.816471e+00
1.047000e-05	-3.168200e-03	-8.849708e+00
1.048000e-05	-1.921476e-02	-8.985469e+00
1.049000e-05	-1.836198e-02	-9.059630e+00
1.050000e-05	-3.930411e-02	-9.135365e+00
1.051000e-05	7.520571e-03	-9.238529e+00
1.052000e-05	-1.769852e-02	-9.300135e+00
1.053000e-05	-2.415015e-02	-9.374954e+00
1.054000e-05	-2.808227e-02	-9.530315e+00
1.055000e-05	-9.713055e-03	-9.626474e+00
1.056000e-05	-1.098341e-02	-9.681653e+00
1.057000e-05	-2.988637e-02	-9.713241e+00
1.058000e-05	-2.533513e-02	-9.766474e+00
1.059000e-05	-1.090412e-02	-9.850107e+00
1.060000e-05	-1.017239e-02	-9.903769e+00
1.061000e-05	-2.996208e-02	-9.944345e+00
1.062000e-05	-2.536128e-02	-9.957023e+00
1.063000e-05	-1.641645e-02	-1.007123e+01
1.064000e-05	-1.174334e-02	-1.009169e+01
1.065000e-05	-2.983788e-02	-1.015279e+01
1.066000e-05	-2.605697e-02	-1.020643e+01
1.067000e-05	-1.429482e-02	-1.019949e+01
1.068000e-05	-1.523639e-02	-1.031064e+01
1.069000e-05	-2.707093e-02	-1.028284e+01
1.070000e-05	-3.147412e-02	-1.033337e+01
1.071000e-05	-1.545525e-02	-1.034595e+01
1.072000e-05	-1.694992e-02	-1.040632e+01
1.073000e-05	-2.474955e-02	-1.040748e+01
1.074000e-05	-2.882077e-02	-1.038855e+01
1.075000e-05	-1.992104e-02	-1.043858e+01
1.076000e-05	-1.774346e-02	-1.039008e+01
1.077000e-05	-2.849851e-02	-1.040900e+01
1.078000e-05	-2.959343e-02	-1.041903e+01
1.079000e-05	-2.244805e-02	-1.040701e+01
1.080000e-05	-1.982093e-02	-1.040900e+01
1.081000e-05	-2.863764e-02	-1.038495e+01
1.082000e-05	-3.184496e-02	-1.031392e+01
1.083000e-05	-2.525580e-02	-1.033435e+01
1.084000e-05	-2.312583e-02	-1.025022e+01
1.085000e-05	-2.881738e-02	-1.021861e+01
1.086000e-05	-3.222757e-02	-1.019798e+01
1.087000e-05	-2.700656e-02	-1.015445e+01
1.088000e-05	-2.394498e-02	-1.006477e+01
1.089000e-05	-3.052000e-02	-1.005219e+01
1.090000e-05	-3.326870e-02	-9.989603e+00
1.091000e-05	-2.923274e-02	-9.907924e+00
1.092000e-05	-2.513207e-02	-9.923274e+00
1.093000e-05	-2.943588e-02	-9.821233e+00
1.094000e-05	-3.297933e-02	-9.790027e+00
1.095000e-05	-3.000489e-02	-9.695897e+00
1.096000e-05	-2.830673e-02	-9.663189e+00
1.097000e-05	-3.303683e-02	-9.611606e+00
1.098000e-05	-3.651053e-02	-9.549476e+00
1.099000e-05	-3.433728e-02	-9.473717e+00
1.100000e-05	-3.171302e-02	-9.305556e+00
1.101000e-05	-3.578003e-02	-9.251638e+00
1.102000e-05	-3.994824e-02	-9.149021e+00
1.103000e-05	-3.936430e-02	-9.054769e+00
1.104000e-05	-3.692478e-02	-8.959579e+00
1.105000e-05	-4.056722e-02	-8.863268e+00
1.106000e-05	-4.467448e-02	-8.779581e+00
1.107000e-05	-4.463266e-02	-8.727891e+00
1.108000e-05	-4.359495e-02	-8.587052e+00
1.109000e-05	-4.766150e-02	-8.461663e+00
1.110000e-05	-5.233545e-02	-8.317450e+00
1.111000e-05	-5.191654e-02	-8.252188e+00
1.112000e-05	-5.004610e-02	-8.095425e+00
1.113000e-05	-5.296324e-02	-7.981102e+00
1.114000e-05	-5.609570e-02	-7.835816e+00
1.115000e-05	-5.697494e-02	-7.684470e+00
1.116000e-05	-5.598996e-02	-7.558981e+00
1.117000e-05	-5.805789e-02	-7.391760e+00
1.118000e-05	-6.026187e-02	-7.297322e+00
1.119000e-05	-5.954132e-02	-7.140528e+00
1.120000e-05	-5.619236e-02	-6.969083e+00
1.121000e-05	-5.645898e-02	-6.822237e+00
1.122000e-05	-5.594386e-02	-6.725796e+00
1.123000e-05	-5.410274e-02	-6.589556e+00
1.124000e-05	-5.011002e-02	-6.402137e+00
1.125000e-05	-4.899873e-02	-6.264821e+00
1.126000e-05	-4.903458e-02	-6.107422e+00
1.127000e-05	-4.600887e-02	-5.928401e+00
1.128000e-05	-4.271857e-02	-5.749510e+00
1.129000e-05	-4.118744e-02	-5.603638e+00
1.130000e-05	-3.927838e-02	-5.464871e+00
1.131000e-05	-3.669459e-02	-5.204717e+00
1.132000e-05	-3.352653e-02	-5.054344e+00
1.133000e-05	-3.154985e-02	-4.844798e+00
1.134000e-05	-3.044528e-02	-4.625818e+00
1.135000e-05	-2.816519e-02	-4.527397e+00
1.136000e-05	-2.738114e-02	-4.378954e+00
1.137000e-05	-2.404360e-02	-4.222108e+00
1.138000e-05	-2.536455e-02	-4.064741e+00
1.139000e-05	-2.135702e-02	-3.916320e+00
1.140000e-05	-2.147105e-02	-3.645321e+00
1.141000e-05	-1.734588e-02	-3.507873e+00
1.142000e-05	-1.790426e-02	-3.288477e+00
1.143000e-05	-1.580231e-02	-3.169028e+00
1.144000e-05	-1.689716e-02	-2.940104e+00
1.145000e-05	-1.437058e-02	-2.760950e+00
1.146000e-05	-1.564598e-02	-2.550609e+00
1.147000e-05	-1.121217e-02	-2.392630e+00
1.148000e-05	-1.147643e-02	-2.173184e+00
1.149000e-05	-9.615089e-03	-1.973059e+00
1.150000e-05	-9.228914e-03	-1.803786e+00
1.151000e-05	-8.937101e-03	-1.645766e+00
1.152000e-05	-9.681685e-03	-1.424767e+00
1.153000e-05	-9.654300e-03	-1.192583e+00
1.154000e-05	-8.676485e-03	-9.941592e-01
1.155000e-05	-6.412546e-03	-8.041154e-01
1.156000e-05	-5.792258e-03	-6.467881e-01
1.157000e-05	-2.463539e-03	-4.131366e-01
1.158000e-05	-5.333513e-03	-2.353170e-01
1.159000e-05	-1.886859e-04	-8.581836e-02
1.160000e-05	3.383589e-03	1.217303e-01
1.161000e-05	-8.646856e-04	3.437294e-01
1.162000e-05	5.222553e-05	4.826003e-01
1.163000e-05	-1.926981e-03	6.900288e-01
1.164000e-05	1.626944e-03	8.579712e-01
1.165000e-05	-9.786277e-04	1.056846e+00
1.166000e-05	3.911866e-03	1.238471e+00
1.167000e-05	1.922502e-02	1.426992e+00
1.168000e-05	7.275327e-02	1.679103e+00
1.169000e-05	3.220474e-03	1.901654e+00
1.170000e-05	-5.027906e-02	2.103078e+00
1.171000e-05	-4.670126e-02	2.312149e+00
1.172000e-05	-5.664812e-02	2.419450e+00
1.173000e-05	1.175790e-02	2.501682e+00
1.174000e-05	1.235412e-01	2.722111e+00
1.175000e-05	-1.248396e-01	2.942209e+00
1.176000e-05	5.378577e-02	3.048999e+00
1.177000e-05	9.725370e-02	3.258346e+00
1.178000e-05	-5.516690e-02	3.491056e+00
1.179000e-05	2.695421e-02	3.598496e+00
1.180000e-05	-4.255252e-02	3.804266e+00
1.181000e-05	-3.969241e-02	3.996292e+00
1.182000e-05	1.027069e-01	4.102585e+00
1.183000e-05	-8.974760e-03	4.413237e+00
1.184000e-05	-2.676387e-02	4.543788e+00
1.185000e-05	3.117826e-02	4.720679e+00
1.186000e-05	-2.220557e-02	4.890107e+00
1.187000e-05	5.583664e-02	5.101131e+00
1.188000e-05	-4.340116e-02	5.290206e+00
1.189000e-05	2.665333e-03	5.499707e+00
1.190000e-05	3.996807e-02	5.637474e+00
1.191000e-05	2.773835e-02	5.835446e+00
1.192000e-05	-1.237477e-02	6.005390e+00
1.193000e-05	-3.669462e-02	6.203710e+00
1.194000e-05	5.070415e-02	6.269577e+00
1.195000e-05	1.272751e-02	6.407024e+00
1.196000e-05	-8.588345e-03	6.534385e+00
1.197000e-05	2.070683e-02	6.764261e+00
1.198000e-05	1.031546e-02	6.901707e+00
1.199000e-05	2.022707e-02	7.058498e+00
1.200000e-05	-4.044810e-03	7.165815e+00
1.201000e-05	-7.233690e-03	7.330106e+00
1.202000e-05	2.276507e-02	7.439124e+00
1.203000e-05	1.345523e-02	7.646426e+00
1.204000e-05	1.718335e-02	7.754313e+00
1.205000e-05	-3.833741e-03	7.942206e+00
1.206000e-05	2.550444e-02	8.018098e+00
1.207000e-05	1.359673e-02	8.186392e+00
1.208000e-05	-5.949291e-05	8.310638e+00
1.209000e-05	9.596025e-03	8.386523e+00
1.210000e-05	9.488169e-03	8.492109e+00
1.211000e-05	2.228850e-02	8.576999e+00
1.212000e-05	4.466085e-03	8.681687e+00
1.213000e-05	1.247618e-02	8.836444e+00
1.214000e-05	1.609449e-02	8.871658e+00
1.215000e-05	1.569019e-02	8.967395e+00
1.216000e-05	9.604573e-03	9.109687e+00
1.217000e-05	5.162333e-03	9.217420e+00
1.218000e-05	2.016272e-02	9.281132e+00
1.219000e-05	1.419889e-02	9.325869e+00
1.220000e-05	1.143177e-02	9.399504e+00
1.221000e-05	9.139289e-03	9.482211e+00
1.222000e-05	1.760356e-02	9.596945e+00
1.223000e-05	1.735748e-02	9.640602e+00
1.224000e-05	9.719224e-03	9.733217e+00
1.225000e-05	1.190901e-02	9.794949e+00
1.226000e-05	1.874630e-02	9.882265e+00
1.227000e-05	2.073504e-02	9.914444e+00
1.228000e-05	8.894328e-03	9.997998e+00
1.229000e-05	1.084189e-02	1.002008e+01
1.230000e-05	1.598669e-02	1.007221e+01
1.231000e-05	1.904914e-02	1.012229e+01
1.232000e-05	1.133584e-02	1.012582e+01
1.233000e-05	1.336172e-02	1.018542e+01
1.234000e-05	1.914642e-02	1.022797e+01
1.235000e-05	2.000460e-02	1.024053e+01
1.236000e-05	1.430744e-02	1.025076e+01
1.237000e-05	1.228840e-02	1.029171e+01
1.238000e-05	1.903127e-02	1.029282e+01
1.239000e-05	1.883623e-02	1.031276e+01
1.240000e-05	1.588730e-02	1.030484e+01
1.241000e-05	1.261803e-02	1.032629e+01
1.242000e-05	1.895687e-02	1.035480e+01
1.243000e-05	2.074604e-02	1.030382e+01
1.244000e-05	1.705385e-02	1.031437e+01
1.245000e-05	1.697220e-02	1.033427e+01
1.246000e-05	2.019921e-02	1.031427e+01
1.247000e-05	2.387715e-02	1.026384e+01
1.248000e-05	1.946716e-02	1.027173e+01
1.249000e-05	1.849543e-02	1.025113e+01
1.250000e-05	2.117940e-02	1.023105e+01
1.251000e-05	2.247329e-02	1.019898e+01
1.252000e-05	2.131703e-02	1.015687e+01
1.253000e-05	1.997377e-02	1.009487e+01
1.254000e-05	2.274946e-02	1.006369e+01
1.255000e-05	2.343331e-02	1.005164e+01
1.256000e-05	2.314087e-02	1.000905e+01
1.257000e-05	2.028939e-02	9.957550e+00
1.258000e-05	2.196604e-02	9.882296e+00
1.259000e-05	2.311271e-02	9.798158e+00
1.260000e-05	2.385216e-02	9.726923e+00
1.261000e-05	2.190180e-02	9.673240e+00
1.262000e-05	2.515890e-02	9.590055e+00
1.263000e-05	2.751049e-02	9.506270e+00
1.264000e-05	2.661862e-02	9.412212e+00
1.265000e-05	2.723199e-02	9.367548e+00
1.266000e-05	2.811671e-02	9.263816e+00
1.267000e-05	3.053724e-02	9.200634e+00
1.268000e-05	3.081320e-02	9.136975e+00
1.269000e-05	2.968646e-02	9.061137e+00
1.270000e-05	3.029251e-02	8.905371e+00
1.271000e-05	3.521164e-02	8.812107e+00
1.272000e-05	3.676272e-02	8.745445e+00
1.273000e-05	3.715715e-02	8.579608e+00
1.274000e-05	3.807044e-02	8.545424e+00
1.275000e-05	4.162904e-02	8.402661e+00
1.276000e-05	4.436280e-02	8.327448e+00
1.277000e-05	4.434738e-02	8.188129e+00
1.278000e-05	4.428742e-02	8.044613e+00
1.279000e-05	4.709860e-02	7.896424e+00
1.280000e-05	4.912275e-02	7.821636e+00
1.281000e-05	4.929271e-02	7.715270e+00
1.282000e-05	4.883569e-02	7.570574e+00
1.283000e-05	5.040803e-02	7.413135e+00
1.284000e-05	5.240402e-02	7.211635e+00
1.285000e-05	5.121753e-02	7.056896e+00
1.286000e-05	4.953776e-02	6.967604e+00
1.287000e-05	5.021577e-02	6.821657e+00
1.288000e-05	4.951329e-02	6.725345e+00
1.289000e-05	4.432439e-02	6.484969e+00
1.290000e-05	4.132672e-02	6.349498e+00
1.291000e-05	4.145603e-02	6.223130e+00
1.292000e-05	4.211766e-02	6.085292e+00
1.293000e-05	3.629206e-02	5.958951e+00
1.294000e-05	3.332028e-02	5.771579e+00
1.295000e-05	3.442638e-02	5.582054e+00
1.296000e-05	3.355319e-02	5.414215e+00
1.297000e-05	2.825373e-02	5.244743e+00
1.298000e-05	2.398237e-02	5.026192e+00
1.299000e-05	2.333421e-02	4.823108e+00
1.300000e-05	2.315387e-02	4.634713e+00
1.301000e-05	1.948757e-02	4.467821e+00
1.302000e-05	1.570100e-02	4.358450e+00
1.303000e-05	1.613479e-02	4.109104e+00
1.304000e-05	1.634940e-02	3.957979e+00
1.305000e-05	1.355824e-02	3.792628e+00
1.306000e-05	1.074564e-02	3.623184e+00
1.307000e-05	1.056277e-02	3.484365e+00
1.308000e-05	1.027084e-02	3.224714e+00
1.309000e-05	8.271008e-03	3.075813e+00
1.310000e-05	5.434120e-03	2.855344e+00
1.311000e-05	5.228896e-03	2.750450e+00
1.312000e-05	4.644660e-03	2.499476e+00
1.313000e-05	3.493228e-03	2.297896e+00
1.314000e-05	2.072116e-03	2.128501e+00
1.315000e-05	2.439009e-03	1.962127e+00
1.316000e-05	3.856046e-03	1.743030e+00
1.317000e-05	1.841741e-03	1.570603e+00
1.318000e-05	-8.429602e-04	1.361058e+00
1.319000e-05	-1.223883e-03	1.201133e+00
1.320000e-05	-7.088473e-04	8.929514e-01
1.321000e-05	-3.290539e-03	7.289775e-01
1.322000e-05	-3.756087e-03	5.610000e-01
1.323000e-05	-3.246825e-03	3.810539e-01
1.324000e-05	-1.344260e-03	1.636331e-01
1.325000e-05	-1.288500e-04	-3.844743e-02
1.326000e-05	3.613728e-03	-2.274171e-01
1.327000e-05	-1.486173e-03	-3.548409e-01
1.328000e-05	-1.541878e-03	-5.236817e-01
1.329000e-05	-6.087415e-03	-7.441620e-01
1.330000e-05	-3.870093e-03	-9.126053e-01
1.331000e-05	-5.972555e-03	-1.058471e+00
1.332000e-05	6.238489e-04	-1.228428e+00
1.333000e-05	4.235031e-02	-1.486440e+00
1.334000e-05	6.608604e-02	-1.646950e+00
1.335000e-05	-6.637551e-02	-1.888980e+00
1.336000e-05	-4.311101e-02	-2.142202e+00
1.337000e-05	-9.851036e-02	-2.394872e+00
1.338000e-05	-5.422303e-03	-2.513184e+00
1.339000e-05	1.567724e-01	-2.555391e+00
1.340000e-05	-1.550198e-01	-2.754263e+00
1.341000e-05	1.822218e-02	-2.957267e+00
1.342000e-05	1.412411e-01	-3.133189e+00
1.343000e-05	-1.245055e-01	-3.292157e+00
1.344000e-05	4.487577e-02	-3.514210e+00
1.345000e-05	-3.464524e-02	-3.639000e+00
1.346000e-05	-1.411781e-01	-3.909155e+00
1.347000e-05	1.690878e-01	-4.058503e+00
1.348000e-05	-3.319342e-02	-4.236894e+00
1.349000e-05	-5.560649e-02	-4.397870e+00
1.350000e-05	5.050622e-02	-4.513187e+00
1.351000e-05	-1.034471e-01	-4.793287e+00
1.352000e-05	1.037851e-01	-4.972844e+00
1.353000e-05	-9.247014e-02	-5.059607e+00
1.354000e-05	-6.421603e-02	-5.300555e+00
1.355000e-05	1.240258e-01	-5.469529e+00
1.356000e-05	-6.302485e-02	-5.689630e+00
1.357000e-05	1.485814e-02	-5.838954e+00
1.358000e-05	-8.843317e-02	-5.955365e+00
1.359000e-05	1.919676e-02	-6.092210e+00
1.360000e-05	5.439498e-02	-6.313713e+00
1.361000e-05	-1.226644e-01	-6.458583e+00
1.362000e-05	6.311206e-02	-6.616897e+00
1.363000e-05	-4.094156e-02	-6.765786e+00
1.364000e-05	2.306697e-02	-6.849685e+00
1.365000e-05	-2.365711e-02	-7.051009e+00
1.366000e-05	-8.190466e-02	-7.266970e+00
1.367000e-05	6.976098e-02	-7.324744e+00
1.368000e-05	-5.929612e-02	-7.493107e+00
1.369000e-05	1.647807e-02	-7.647080e+00
1.370000e-05	-4.873378e-02	-7.744744e+00
1.371000e-05	4.502898e-03	-7.974742e+00
1.372000e-05	1.121147e-02	-8.072634e+00
1.373000e-05	-6.646475e-02	-8.205895e+00
1.374000e-05	9.240870e-03	-8.281710e+00
1.375000e-05	-3.655446e-02	-8.387874e+00
1.376000e-05	2.206531e-02	-8.502287e+00
1.377000e-05	-3.856692e-02	-8.599051e+00
1.378000e-05	-2.527849e-02	-8.774870e+00
1.379000e-05	1.494830e-03	-8.869611e+00
1.380000e-05	-1.988523e-02	-8.926370e+00
1.381000e-05	-1.332215e-02	-9.050103e+00
1.382000e-05	-4.315742e-02	-9.105416e+00
1.383000e-05	3.277635e-03	-9.229026e+00
1.384000e-05	-1.420927e-02	-9.300738e+00
1.385000e-05	-2.259548e-02	-9.366877e+00
1.386000e-05	-2.728068e-02	-9.461786e+00
1.387000e-05	-1.329884e-02	-9.597972e+00
1.388000e-05	-7.702209e-03	-9.628608e+00
1.389000e-05	-2.892149e-02	-9.692766e+00
1.390000e-05	-2.708784e-02	-9.816945e+00
1.391000e-05	-1.453053e-02	-9.841051e+00
1.392000e-05	-8.089623e-03	-9.880793e+00
1.393000e-05	-2.825071e-02	-9.953797e+00
1.394000e-05	-2.750511e-02	-1.001795e+01
1.395000e-05	-1.773296e-02	-1.003006e+01
1.396000e-05	-1.040816e-02	-1.007224e+01
1.397000e-05	-2.654078e-02	-1.009525e+01
1.398000e-05	-2.716865e-02	-1.015440e+01
1.399000e-05	-1.596328e-02	-1.017765e+01
1.400000e-05	-1.459495e-02	-1.029971e+01
1.401000e-05	-2.560247e-02	-1.030234e+01
1.402000e-05	-3.238717e-02	-1.031330e+01
1.403000e-05	-1.780197e-02	-1.036445e+01
1.404000e-05	-1.727146e-02	-1.039549e+01
1.405000e-05	-2.239069e-02	-1.037805e+01
1.406000e-05	-2.816083e-02	-1.042800e+01
1.407000e-05	-2.094011e-02	-1.039958e+01
1.408000e-05	-1.771636e-02	-1.043003e+01
1.409000e-05	-2.724020e-02	-1.040108e+01
1.410000e-05	-2.927234e-02	-1.042008e+01
1.411000e-05	-2.349469e-02	-1.039700e+01
1.412000e-05	-2.022445e-02	-1.039903e+01
1.413000e-05	-2.681219e-02	-1.037645e+01
1.414000e-05	-3.156559e-02	-1.033737e+01
1.415000e-05	-2.678112e-02	-1.030284e+01
1.416000e-05	-2.321629e-02	-1.024114e+01
1.417000e-05	-2.794018e-02	-1.024016e+01
1.418000e-05	-3.098040e-02	-1.017751e+01
1.419000e-05	-2.748227e-02	-1.014693e+01
1.420000e-05	-2.421718e-02	-1.008422e+01
1.421000e-05	-2.977305e-02	-1.006316e+01
1.422000e-05	-3.248578e-02	-1.000958e+01
1.423000e-05	-2.921956e-02	-9.947451e+00
1.424000e-05	-2.617274e-02	-9.885922e+00
1.425000e-05	-2.871772e-02	-9.862186e+00
1.426000e-05	-3.281455e-02	-9.809584e+00
1.427000e-05	-2.933157e-02	-9.705899e+00
1.428000e-05	-2.875083e-02	-9.684766e+00
1.429000e-05	-3.181112e-02	-9.610532e+00
1.430000e-05	-3.492995e-02	-9.549502e+00
1.431000e-05	-3.475903e-02	-9.483266e+00
1.432000e-05	-3.356576e-02	-9.326532e+00
1.433000e-05	-3.702486e-02	-9.233238e+00
1.434000e-05	-3.966683e-02	-9.159527e+00
1.435000e-05	-3.789046e-02	-9.063771e+00
1.436000e-05	-3.730219e-02	-8.980582e+00
1.437000e-05	-4.012003e-02	-8.863316e+00
1.438000e-05	-4.278733e-02	-8.790107e+00
1.439000e-05	-4.392539e-02	-8.705396e+00
1.440000e-05	-4.440793e-02	-8.571085e+00
1.441000e-05	-4.782028e-02	-8.453715e+00
1.442000e-05	-4.998172e-02	-8.337953e+00
1.443000e-05	-5.266221e-02	-8.262161e+00
1.444000e-05	-5.235655e-02	-8.087924e+00
1.445000e-05	-5.305969e-02	-8.012157e+00
1.446000e-05	-5.548407e-02	-7.846846e+00
1.447000e-05	-5.678094e-02	-7.736874e+00
1.448000e-05	-5.647370e-02	-7.550080e+00
1.449000e-05	-5.640695e-02	-7.411263e+00
1.450000e-05	-5.949297e-02	-7.253895e+00
1.451000e-05	-5.917537e-02	-7.149006e+00
1.452000e-05	-5.789890e-02	-7.002211e+00
1.453000e-05	-5.644510e-02	-6.841741e+00
1.454000e-05	-5.652025e-02	-6.706347e+00
1.455000e-05	-5.481138e-02	-6.560105e+00
1.456000e-05	-5.071209e-02	-6.444211e+00
1.457000e-05	-4.907715e-02	-6.307348e+00
1.458000e-05	-4.719976e-02	-6.087455e+00
1.459000e-05	-4.636486e-02	-5.948896e+00
1.460000e-05	-4.338624e-02	-5.801108e+00
1.461000e-05	-4.196738e-02	-5.633141e+00
1.462000e-05	-4.013104e-02	-5.505895e+00
1.463000e-05	-3.660640e-02	-5.267221e+00
1.464000e-05	-3.440664e-02	-5.076799e+00
1.465000e-05	-3.282421e-02	-4.919447e+00
1.466000e-05	-3.078107e-02	-4.656317e+00
1.467000e-05	-2.755004e-02	-4.528925e+00
1.468000e-05	-2.563068e-02	-4.349482e+00
1.469000e-05	-2.288948e-02	-4.222588e+00
1.470000e-05	-2.515456e-02	-4.044840e+00
1.471000e-05	-2.185462e-02	-3.867822e+00
1.472000e-05	-2.112723e-02	-3.677322e+00
1.473000e-05	-1.812617e-02	-3.486895e+00
1.474000e-05	-2.024170e-02	-3.349924e+00
1.475000e-05	-1.605381e-02	-3.179451e+00
1.476000e-05	-1.537125e-02	-2.891610e+00
1.477000e-05	-1.303316e-02	-2.750478e+00
1.478000e-05	-1.506413e-02	-2.611137e+00
1.479000e-05	-1.233782e-02	-2.392134e+00
1.480000e-05	-1.051697e-02	-2.214762e+00
1.481000e-05	-8.974723e-03	-2.003132e+00
1.482000e-05	-1.081346e-02	-1.825741e+00
1.483000e-05	-1.154511e-02	-1.645266e+00
1.484000e-05	-9.549214e-03	-1.496845e+00
1.485000e-05	-7.942326e-03	-1.185115e+00
1.486000e-05	-7.867933e-03	-1.024712e+00
1.487000e-05	-7.553545e-03	-8.432393e-01
1.488000e-05	-2.776785e-03	-6.157471e-01
1.489000e-05	-3.610296e-03	-4.236855e-01
1.490000e-05	-3.859094e-03	-2.652909e-01
1.491000e-05	-3.678830e-03	-9.884592e-02
1.492000e-05	2.699997e-03	9.110152e-02
1.493000e-05	-2.047511e-03	3.127266e-01
1.494000e-05	-3.166188e-07	5.216041e-01
1.495000e-05	-2.965881e-03	6.189752e-01
1.496000e-05	1.967787e-03	8.179185e-01
1.497000e-05	1.552437e-03	1.007787e+00
1.498000e-05	3.907552e-03	1.218425e+00
1.499000e-05	1.507088e-02	1.407915e+00
1.500000e-05	6.869701e-02	1.646418e+00
1.501000e-05	1.638028e-02	1.921653e+00
1.502000e-05	-5.138526e-02	2.072075e+00
1.503000e-05	-4.803824e-02	2.261550e+00
1.504000e-05	-5.549415e-02	2.407971e+00
1.505000e-05	-4.703190e-03	2.451603e+00
1.506000e-05	1.328002e-01	2.740553e+00
1.507000e-05	-1.086354e-01	2.892578e+00
1.508000e-05	1.542924e-02	3.008498e+00
1.509000e-05	1.220990e-01	3.186463e+00
1.510000e-05	-5.053405e-02	3.478953e+00
1.511000e-05	1.603675e-02	3.606923e+00
1.512000e-05	-2.572496e-02	3.794758e+00
1.513000e-05	-5.677072e-02	3.965838e+00
1.514000e-05	1.022147e-01	4.073083e+00
1.515000e-05	4.035483e-03	4.392184e+00
1.516000e-05	-3.934603e-02	4.472182e+00
1.517000e-05	3.629863e-02	4.692079e+00
1.518000e-05	-2.332389e-02	4.878926e+00
1.519000e-05	5.591449e-02	5.049074e+00
1.520000e-05	-3.645284e-02	5.290129e+00
1.521000e-05	-5.968577e-03	5.461130e+00
1.522000e-05	4.223765e-02	5.627498e+00
1.523000e-05	2.802203e-02	5.776291e+00
1.524000e-05	-1.032413e-02	5.973816e+00
1.525000e-05	-3.959345e-02	6.101684e+00
1.526000e-05	4.434704e-02	6.239049e+00
1.527000e-05	2.345502e-02	6.396868e+00
1.528000e-05	-1.251908e-02	6.552265e+00
1.529000e-05	2.068326e-02	6.743762e+00
1.530000e-05	9.584265e-03	6.880058e+00
1.531000e-05	1.919125e-02	7.016997e+00
1.532000e-05	7.599356e-04	7.115790e+00
1.533000e-05	-1.297282e-02	7.310078e+00
1.534000e-05	2.404695e-02	7.448972e+00
1.535000e-05	1.375735e-02	7.615919e+00
1.536000e-05	2.002905e-02	7.712837e+00
1.537000e-05	-5.582296e-03	7.902133e+00
1.538000e-05	2.343586e-02	7.998046e+00
1.539000e-05	1.705974e-02	8.176313e+00
1.540000e-05	-4.524389e-04	8.280655e+00
1.541000e-05	9.013206e-03	8.385922e+00
1.542000e-05	9.093555e-03	8.462085e+00
1.543000e-05	2.487479e-02	8.595419e+00
1.544000e-05	4.221537e-03	8.681056e+00
1.545000e-05	1.192301e-02	8.745295e+00
1.546000e-05	1.573499e-02	8.889627e+00
1.547000e-05	1.722865e-02	8.964293e+00
1.548000e-05	9.397114e-03	9.090709e+00
1.549000e-05	3.587971e-03	9.186422e+00
1.550000e-05	2.117551e-02	9.251707e+00
1.551000e-05	1.683270e-02	9.334340e+00
1.552000e-05	1.267102e-02	9.397977e+00
1.553000e-05	8.198500e-03	9.491785e+00
1.554000e-05	1.728862e-02	9.555895e+00
1.555000e-05	1.677781e-02	9.679580e+00
1.556000e-05	9.980618e-03	9.691685e+00
1.557000e-05	1.092157e-02	9.776873e+00
1.558000e-05	1.850132e-02	9.859632e+00
1.559000e-05	2.090177e-02	9.952867e+00
1.560000e-05	1.152682e-02	9.966520e+00
1.561000e-05	1.120465e-02	1.004900e+01
1.562000e-05	1.549622e-02	1.005118e+01
1.563000e-05	1.883742e-02	1.012324e+01
1.564000e-05	1.222715e-02	1.013539e+01
1.565000e-05	1.258123e-02	1.018593e+01
1.566000e-05	1.762696e-02	1.024802e+01
1.567000e-05	2.020853e-02	1.022858e+01
1.568000e-05	1.500818e-02	1.027168e+01
1.569000e-05	1.319116e-02	1.026319e+01
1.570000e-05	1.865364e-02	1.030234e+01
1.571000e-05	1.910274e-02	1.031424e+01
1.572000e-05	1.724951e-02	1.029474e+01
1.573000e-05	1.337160e-02	1.033587e+01
1.574000e-05	1.652322e-02	1.032530e+01
1.575000e-05	1.888445e-02	1.032487e+01
1.576000e-05	1.724018e-02	1.031432e+01
1.577000e-05	1.809512e-02	1.032634e+01
1.578000e-05	2.053644e-02	1.028280e+01
1.579000e-05	2.338502e-02	1.030381e+01
1.580000e-05	2.084650e-02	1.025321e+01
1.581000e-05	1.956576e-02	1.026116e+01
1.582000e-05	2.007610e-02	1.023966e+01
1.583000e-05	2.144267e-02	1.019798e+01
1.584000e-05	2.091701e-02	1.015640e+01
1.585000e-05	2.094574e-02	1.012637e+01
1.586000e-05	2.160360e-02	1.010374e+01
1.587000e-05	2.297233e-02	1.006163e+01
1.588000e-05	2.332122e-02	1.001005e+01
1.589000e-05	2.123866e-02	9.949501e+00
1.590000e-05	2.293960e-02	9.893892e+00
1.591000e-05	2.347172e-02	9.810585e+00
1.592000e-05	2.422192e-02	9.735424e+00
1.593000e-05	2.224249e-02	9.662285e+00
1.594000e-05	2.405560e-02	9.578603e+00
1.595000e-05	2.465165e-02	9.535423e+00
1.596000e-05	2.587921e-02	9.453185e+00
1.597000e-05	2.733875e-02	9.367999e+00
1.598000e-05	2.894992e-02	9.274768e+00
1.599000e-05	3.045602e-02	9.231633e+00
1.600000e-05	2.986394e-02	9.158425e+00
1.601000e-05	3.111489e-02	9.052687e+00
1.602000e-05	3.136480e-02	8.925847e+00
1.603000e-05	3.365687e-02	8.801608e+00
1.604000e-05	3.419984e-02	8.757373e+00
1.605000e-05	3.754800e-02	8.641605e+00
1.606000e-05	3.880067e-02	8.528423e+00
1.607000e-05	4.149045e-02	8.431132e+00
1.608000e-05	4.160580e-02	8.308399e+00
1.609000e-05	4.208637e-02	8.210033e+00
1.610000e-05	4.749083e-02	8.095234e+00
1.611000e-05	4.948735e-02	7.947899e+00
1.612000e-05	4.781712e-02	7.881634e+00
1.613000e-05	4.708788e-02	7.692817e+00
1.614000e-05	5.055390e-02	7.590055e+00
1.615000e-05	5.164099e-02	7.410112e+00
1.616000e-05	5.022442e-02	7.222183e+00
1.617000e-05	4.909734e-02	7.106946e+00
1.618000e-05	5.181183e-02	6.968952e+00
1.619000e-05	5.278517e-02	6.821161e+00
1.620000e-05	4.867914e-02	6.688372e+00
1.621000e-05	4.508325e-02	6.519923e+00
1.622000e-05	4.456713e-02	6.379977e+00
1.623000e-05	4.403887e-02	6.222688e+00
1.624000e-05	3.798461e-02	6.096291e+00
1.625000e-05	3.510258e-02	5.930550e+00
1.626000e-05	3.561951e-02	5.780079e+00
1.627000e-05	3.475497e-02	5.590530e+00
1.628000e-05	3.148729e-02	5.444167e+00
1.629000e-05	2.689975e-02	5.246291e+00
1.630000e-05	2.758797e-02	5.086795e+00
1.631000e-05	2.579836e-02	4.832737e+00
1.632000e-05	2.148478e-02	4.654819e+00
1.633000e-05	1.721437e-02	4.496921e+00
1.634000e-05	1.767533e-02	4.360525e+00
1.635000e-05	1.765334e-02	4.199182e+00
1.636000e-05	1.470299e-02	3.979499e+00
1.637000e-05	1.233766e-02	3.803110e+00
1.638000e-05	1.223988e-02	3.663187e+00
1.639000e-05	1.332763e-02	3.477342e+00
1.640000e-05	1.025940e-02	3.224692e+00
1.641000e-05	6.408520e-03	3.087865e+00
1.642000e-05	6.061824e-03	2.887871e+00
1.643000e-05	7.641707e-03	2.770001e+00
1.644000e-05	4.183678e-03	2.498980e+00
1.645000e-05	1.785346e-03	2.328471e+00
1.646000e-05	2.373090e-03	2.169526e+00
1.647000e-05	4.667538e-03	2.011525e+00
1.648000e-05	2.986113e-03	1.763088e+00
1.649000e-05	3.276730e-06	1.561052e+00
1.650000e-05	8.047211e-04	1.392654e+00
1.651000e-05	1.022231e-03	1.213134e+00
1.652000e-05	-1.046229e-04	9.230055e-01
1.653000e-05	-3.510290e-03	7.590251e-01
1.654000e-05	-3.722682e-03	5.615291e-01
1.655000e-05	-1.458085e-03	3.925541e-01
1.656000e-05	-1.334431e-03	2.256591e-01
1.657000e-05	-3.089815e-03	-6.367296e-03
1.658000e-05	1.522467e-03	-1.548134e-01
1.659000e-05	4.674146e-04	-3.632845e-01
1.660000e-05	-3.065846e-04	-4.721290e-01
1.661000e-05	-5.467498e-03	-7.447068e-01
1.662000e-05	-5.428885e-03	-8.706028e-01
1.663000e-05	-5.084982e-03	-1.018451e+00
1.664000e-05	-5.369305e-04	-1.196920e+00
1.665000e-05	3.175382e-02	-1.376323e+00
1.666000e-05	7.620756e-02	-1.636920e+00
1.667000e-05	-6.227211e-02	-1.848922e+00
1.668000e-05	-3.897804e-02	-2.111125e+00
1.669000e-05	-9.332071e-02	-2.392792e+00
1.670000e-05	-3.368294e-02	-2.493211e+00
1.671000e-05	1.694395e-01	-2.538374e+00
1.672000e-05	-1.266250e-01	-2.723258e+00
1.673000e-05	-3.098092e-02	-2.925265e+00
1.674000e-05	1.669507e-01	-3.123862e+00
1.675000e-05	-1.166556e-01	-3.280603e+00
1.676000e-05	2.437289e-02	-3.511710e+00
1.677000e-05	-3.990700e-03	-3.608900e+00
1.678000e-05	-1.625601e-01	-3.876504e+00
1.679000e-05	1.535447e-01	-4.048003e+00
1.680000e-05	1.457732e-03	-4.196366e+00
1.681000e-05	-7.993630e-02	-4.386322e+00
1.682000e-05	6.334716e-02	-4.530758e+00
1.683000e-05	-1.044237e-01	-4.760162e+00
1.684000e-05	8.984396e-02	-4.923306e+00
1.685000e-05	-6.013883e-02	-5.049099e+00
1.686000e-05	-9.859363e-02	-5.259052e+00
1.687000e-05	1.322575e-01	-5.428157e+00
1.688000e-05	-5.667679e-02	-5.637505e+00
1.689000e-05	1.075468e-02	-5.846448e+00
1.690000e-05	-7.330506e-02	-5.943768e+00
1.691000e-05	-7.751597e-03	-6.103684e+00
1.692000e-05	7.667445e-02	-6.311087e+00
1.693000e-05	-1.271182e-01	-6.439079e+00
1.694000e-05	5.346712e-02	-6.596942e+00
1.695000e-05	-2.786846e-02	-6.714190e+00
1.696000e-05	6.236988e-03	-6.891584e+00
1.697000e-05	-2.347445e-03	-7.068511e+00
1.698000e-05	-9.771210e-02	-7.246923e+00
1.699000e-05	7.095733e-02	-7.313242e+00
1.700000e-05	-5.334932e-02	-7.520026e+00
1.701000e-05	1.094318e-02	-7.608050e+00
1.702000e-05	-3.688582e-02	-7.745345e+00
1.703000e-05	-9.523957e-03	-7.954794e+00
1.704000e-05	2.247339e-02	-8.059579e+00
1.705000e-05	-7.036410e-02	-8.155870e+00
1.706000e-05	8.657852e-03	-8.291608e+00
1.707000e-05	-3.522385e-02	-8.395423e+00
1.708000e-05	1.658442e-02	-8.500665e+00
1.709000e-05	-3.010486e-02	-8.626556e+00
1.710000e-05	-3.143122e-02	-8.763944e+00
1.711000e-05	5.674706e-03	-8.839079e+00
1.712000e-05	-2.316567e-02	-8.985371e+00
1.713000e-05	-1.156232e-02	-9.039057e+00
1.714000e-05	-4.310721e-02	-9.124715e+00
1.715000e-05	-1.252063e-03	-9.207975e+00
1.716000e-05	-1.169754e-02	-9.280111e+00
1.717000e-05	-2.518281e-02	-9.414399e+00
1.718000e-05	-2.530671e-02	-9.470715e+00
1.719000e-05	-1.615759e-02	-9.566970e+00
1.720000e-05	-6.913116e-03	-9.619136e+00
1.721000e-05	-2.738364e-02	-9.702637e+00
1.722000e-05	-2.600426e-02	-9.777422e+00
1.723000e-05	-1.530598e-02	-9.829105e+00
1.724000e-05	-9.612431e-03	-9.882240e+00
1.725000e-05	-2.563784e-02	-9.934316e+00
1.726000e-05	-2.720822e-02	-9.967399e+00
1.727000e-05	-1.872740e-02	-1.001955e+01
1.728000e-05	-1.215252e-02	-1.009016e+01
1.729000e-05	-2.508098e-02	-1.010282e+01
1.730000e-05	-2.661338e-02	-1.016540e+01
1.731000e-05	-1.494954e-02	-1.019850e+01
1.732000e-05	-1.437964e-02	-1.026771e+01
1.733000e-05	-2.487389e-02	-1.029317e+01
1.734000e-05	-3.176386e-02	-1.034340e+01
1.735000e-05	-1.826483e-02	-1.031595e+01
1.736000e-05	-1.604849e-02	-1.037747e+01
1.737000e-05	-2.497563e-02	-1.037858e+01
1.738000e-05	-2.936875e-02	-1.039800e+01
1.739000e-05	-2.032223e-02	-1.041951e+01
1.740000e-05	-1.498404e-02	-1.039005e+01
1.741000e-05	-2.732451e-02	-1.042003e+01
1.742000e-05	-3.058249e-02	-1.036653e+01
1.743000e-05	-2.216082e-02	-1.040703e+01
1.744000e-05	-1.951212e-02	-1.038838e+01
1.745000e-05	-2.695275e-02	-1.034700e+01
1.746000e-05	-3.528929e-02	-1.036487e+01
1.747000e-05	-2.575289e-02	-1.029340e+01
1.748000e-05	-2.283223e-02	-1.026132e+01
1.749000e-05	-2.803491e-02	-1.022114e+01
1.750000e-05	-3.000270e-02	-1.017761e+01
1.751000e-05	-2.555563e-02	-1.015555e+01
1.752000e-05	-2.085051e-02	-1.005474e+01
1.753000e-05	-3.071702e-02	-1.004018e+01
1.754000e-05	-3.621799e-02	-9.990080e+00
1.755000e-05	-3.085320e-02	-9.947928e+00
1.756000e-05	-2.601321e-02	-9.894845e+00
1.757000e-05	-2.777958e-02	-9.853662e+00
1.758000e-05	-3.359909e-02	-9.801631e+00
1.759000e-05	-2.876978e-02	-9.725849e+00
1.760000e-05	-2.637613e-02	-9.674689e+00
1.761000e-05	-3.159970e-02	-9.621180e+00
1.762000e-05	-3.740362e-02	-9.569000e+00
1.763000e-05	-3.613351e-02	-9.474316e+00
1.764000e-05	-3.129492e-02	-9.356451e+00
1.765000e-05	-3.564239e-02	-9.312314e+00
1.766000e-05	-4.064354e-02	-9.179605e+00
1.767000e-05	-3.907956e-02	-9.083318e+00
1.768000e-05	-3.582493e-02	-9.010558e+00
1.769000e-05	-3.898160e-02	-8.854846e+00
1.770000e-05	-4.518209e-02	-8.822106e+00
1.771000e-05	-4.451783e-02	-8.726449e+00
1.772000e-05	-4.316958e-02	-8.569985e+00
1.773000e-05	-4.625646e-02	-8.431716e+00
1.774000e-05	-5.194710e-02	-8.340504e+00
1.775000e-05	-5.238682e-02	-8.212216e+00
1.776000e-05	-4.999379e-02	-8.146349e+00
1.777000e-05	-5.179013e-02	-8.031635e+00
1.778000e-05	-5.796077e-02	-7.897948e+00
1.779000e-05	-5.811893e-02	-7.726529e+00
1.780000e-05	-5.560717e-02	-7.570083e+00
1.781000e-05	-5.542678e-02	-7.431711e+00
1.782000e-05	-5.906837e-02	-7.306845e+00
1.783000e-05	-5.938924e-02	-7.171599e+00
1.784000e-05	-5.540864e-02	-7.025142e+00
1.785000e-05	-5.634634e-02	-6.824316e+00
1.786000e-05	-5.717188e-02	-6.749425e+00
1.787000e-05	-5.700403e-02	-6.601057e+00
1.788000e-05	-5.101247e-02	-6.424716e+00
1.789000e-05	-4.912807e-02	-6.297324e+00
1.790000e-05	-4.834955e-02	-6.108448e+00
1.791000e-05	-4.659715e-02	-5.958980e+00
1.792000e-05	-4.111996e-02	-5.822612e+00
1.793000e-05	-3.957757e-02	-5.665796e+00
1.794000e-05	-4.075371e-02	-5.506427e+00
1.795000e-05	-3.850476e-02	-5.295323e+00
1.796000e-05	-3.548490e-02	-5.095923e+00
1.797000e-05	-3.172062e-02	-4.938476e+00
1.798000e-05	-3.135824e-02	-4.708422e+00
1.799000e-05	-2.823666e-02	-4.568922e+00
1.800000e-05	-2.584889e-02	-4.391057e+00
1.801000e-05	-2.124330e-02	-4.245216e+00
1.802000e-05	-2.435676e-02	-4.073865e+00
1.803000e-05	-2.188460e-02	-3.919024e+00
1.804000e-05	-2.163317e-02	-3.659401e+00
1.805000e-05	-1.758273e-02	-3.518873e+00
1.806000e-05	-1.864374e-02	-3.337925e+00
1.807000e-05	-1.790351e-02	-3.183082e+00
1.808000e-05	-1.601971e-02	-2.972163e+00
1.809000e-05	-1.362206e-02	-2.800458e+00
1.810000e-05	-1.318936e-02	-2.622663e+00
1.811000e-05	-1.263180e-02	-2.384695e+00
1.812000e-05	-1.083869e-02	-2.234871e+00
1.813000e-05	-9.321068e-03	-2.004187e+00
1.814000e-05	-9.455095e-03	-1.845866e+00
1.815000e-05	-9.804455e-03	-1.667346e+00
1.816000e-05	-1.041347e-02	-1.477299e+00
1.817000e-05	-8.712488e-03	-1.224235e+00
1.818000e-05	-7.874840e-03	-1.035717e+00
1.819000e-05	-7.672005e-03	-8.667433e-01
1.820000e-05	-4.838301e-03	-7.088698e-01
1.821000e-05	-4.263726e-03	-4.352906e-01
1.822000e-05	-2.885897e-03	-2.978970e-01
1.823000e-05	-2.317650e-03	-1.283697e-01
1.824000e-05	1.971248e-03	1.205462e-01
1.825000e-05	-2.386123e-03	3.000691e-01
1.826000e-05	-3.234843e-04	4.800239e-01
1.827000e-05	-1.740394e-03	6.369937e-01
1.828000e-05	1.421454e-03	8.058897e-01
1.829000e-05	-9.805142e-04	9.451581e-01
1.830000e-05	3.388195e-03	1.196937e+00
1.831000e-05	1.504706e-02	1.355315e+00
1.832000e-05	6.289753e-02	1.687843e+00
1.833000e-05	2.698904e-02	1.859075e+00
1.834000e-05	-5.201855e-02	2.090578e+00
1.835000e-05	-4.558650e-02	2.258050e+00
1.836000e-05	-5.230945e-02	2.399444e+00
1.837000e-05	-2.220333e-02	2.431629e+00
1.838000e-05	1.363189e-01	2.680100e+00
1.839000e-05	-8.385171e-02	2.882658e+00
1.840000e-05	-2.107817e-02	3.007949e+00
1.841000e-05	1.399608e-01	3.186337e+00
1.842000e-05	-4.582420e-02	3.427970e+00
1.843000e-05	4.450011e-03	3.587421e+00
1.844000e-05	-6.906290e-03	3.702258e+00
1.845000e-05	-7.334357e-02	3.965310e+00
1.846000e-05	9.625431e-02	4.080049e+00
1.847000e-05	2.124714e-02	4.272681e+00
1.848000e-05	-4.518630e-02	4.511708e+00
1.849000e-05	3.574912e-02	4.659450e+00
1.850000e-05	-2.660442e-02	4.869020e+00
1.851000e-05	5.192359e-02	5.068502e+00
1.852000e-05	-2.603281e-02	5.297627e+00
1.853000e-05	-1.728203e-02	5.468528e+00
1.854000e-05	4.410931e-02	5.646447e+00
1.855000e-05	3.147615e-02	5.754736e+00
1.856000e-05	-1.508511e-03	5.971791e+00
1.857000e-05	-4.085185e-02	6.123657e+00
1.858000e-05	3.258637e-02	6.248500e+00
1.859000e-05	3.086266e-02	6.396842e+00
1.860000e-05	-1.778077e-02	6.572214e+00
1.861000e-05	1.999158e-02	6.741760e+00
1.862000e-05	8.898993e-03	6.889182e+00
1.863000e-05	2.000514e-02	6.996945e+00
1.864000e-05	1.012689e-02	7.153366e+00
1.865000e-05	-1.367914e-02	7.259027e+00
1.866000e-05	2.287506e-02	7.427604e+00
1.867000e-05	9.365061e-03	7.626767e+00
1.868000e-05	2.090570e-02	7.754286e+00
1.869000e-05	-7.155940e-03	7.879631e+00
1.870000e-05	1.912740e-02	8.048525e+00
1.871000e-05	1.857244e-02	8.173792e+00
1.872000e-05	3.529499e-03	8.289157e+00
1.873000e-05	1.368170e-02	8.416893e+00
1.874000e-05	8.312948e-03	8.470659e+00
1.875000e-05	2.363649e-02	8.576294e+00
1.876000e-05	4.789645e-03	8.670110e+00
1.877000e-05	9.823930e-03	8.775766e+00
1.878000e-05	1.175663e-02	8.850050e+00
1.879000e-05	1.586665e-02	8.952219e+00
1.880000e-05	1.309631e-02	9.040162e+00
1.881000e-05	7.347742e-03	9.195945e+00
1.882000e-05	1.958240e-02	9.260056e+00
1.883000e-05	1.696462e-02	9.363817e+00
1.884000e-05	1.296087e-02	9.397976e+00
1.885000e-05	7.603355e-03	9.461286e+00
1.886000e-05	1.439463e-02	9.585343e+00
1.887000e-05	1.553167e-02	9.609027e+00
1.888000e-05	1.088693e-02	9.732209e+00
1.889000e-05	1.213311e-02	9.775952e+00
1.890000e-05	1.852449e-02	9.880152e+00
1.891000e-05	2.045811e-02	9.911367e+00
1.892000e-05	1.289081e-02	1.000647e+01
1.893000e-05	1.049822e-02	1.002008e+01
1.894000e-05	1.453839e-02	1.008128e+01
1.895000e-05	1.844717e-02	1.012221e+01
1.896000e-05	1.297286e-02	1.010441e+01
1.897000e-05	1.305923e-02	1.018692e+01
1.898000e-05	1.747416e-02	1.020745e+01
1.899000e-05	1.989015e-02	1.023963e+01
1.900000e-05	1.410189e-02	1.028113e+01
1.901000e-05	1.257366e-02	1.025319e+01
1.902000e-05	1.853626e-02	1.031069e+01
1.903000e-05	1.959445e-02	1.031279e+01
1.904000e-05	1.721349e-02	1.029434e+01
1.905000e-05	1.269756e-02	1.034529e+01
1.906000e-05	1.878835e-02	1.035524e+01
1.907000e-05	1.981484e-02	1.031289e+01
1.908000e-05	1.647231e-02	1.033536e+01
1.909000e-05	1.487768e-02	1.034332e+01
1.910000e-05	1.945578e-02	1.029379e+01
1.911000e-05	2.447643e-02	1.031279e+01
1.912000e-05	2.115904e-02	1.027319e+01
1.913000e-05	1.799499e-02	1.025119e+01
1.914000e-05	2.158237e-02	1.021765e+01
1.915000e-05	2.558090e-02	1.020998e+01
1.916000e-05	2.147269e-02	1.017645e+01
1.917000e-05	1.756008e-02	1.011580e+01
1.918000e-05	2.042924e-02	1.010334e+01
1.919000e-05	2.432712e-02	1.006216e+01
1.920000e-05	2.251177e-02	1.000056e+01
1.921000e-05	1.983887e-02	9.977478e+00
1.922000e-05	2.306722e-02	9.894371e+00
1.923000e-05	2.571100e-02	9.799188e+00
1.924000e-05	2.489088e-02	9.714998e+00
1.925000e-05	2.082582e-02	9.713285e+00
1.926000e-05	2.340373e-02	9.578678e+00
1.927000e-05	2.591795e-02	9.536392e+00
1.928000e-05	2.604989e-02	9.462212e+00
1.929000e-05	2.479195e-02	9.359601e+00
1.930000e-05	2.693900e-02	9.296395e+00
1.931000e-05	3.185826e-02	9.251159e+00
1.932000e-05	3.124540e-02	9.168500e+00
1.933000e-05	3.063371e-02	9.072292e+00
1.934000e-05	3.061329e-02	8.936031e+00
1.935000e-05	3.618086e-02	8.832186e+00
1.936000e-05	3.558115e-02	8.726395e+00
1.937000e-05	3.570948e-02	8.623159e+00
1.938000e-05	3.635921e-02	8.536949e+00
1.939000e-05	4.088247e-02	8.432690e+00
1.940000e-05	4.377460e-02	8.337450e+00
1.941000e-05	4.350251e-02	8.209606e+00
1.942000e-05	4.519725e-02	8.045863e+00
1.943000e-05	4.899933e-02	7.968027e+00
1.944000e-05	5.073331e-02	7.844688e+00
1.945000e-05	4.880233e-02	7.703875e+00
1.946000e-05	4.855885e-02	7.560057e+00
1.947000e-05	5.006184e-02	7.443186e+00
1.948000e-05	5.199957e-02	7.255142e+00
1.949000e-05	5.061288e-02	7.158424e+00
1.950000e-05	4.933249e-02	6.970107e+00
1.951000e-05	5.092002e-02	6.844662e+00
1.952000e-05	5.055928e-02	6.696448e+00
1.953000e-05	4.720675e-02	6.510453e+00
1.954000e-05	4.371228e-02	6.371980e+00
1.955000e-05	4.166456e-02	6.243288e+00
1.956000e-05	4.046915e-02	6.086374e+00
1.957000e-05	3.734834e-02	5.970475e+00
1.958000e-05	3.436085e-02	5.801688e+00
1.959000e-05	3.203595e-02	5.621654e+00
1.960000e-05	3.291770e-02	5.444691e+00
1.961000e-05	3.016477e-02	5.266371e+00
1.962000e-05	2.679064e-02	5.105872e+00
1.963000e-05	2.328356e-02	4.866438e+00
1.964000e-05	2.424140e-02	4.715842e+00
1.965000e-05	2.121314e-02	4.547924e+00
1.966000e-05	1.663010e-02	4.410504e+00
1.967000e-05	1.562527e-02	4.143686e+00
1.968000e-05	1.514816e-02	4.001558e+00
1.969000e-05	1.411063e-02	3.803287e+00
1.970000e-05	1.052073e-02	3.675236e+00
1.971000e-05	1.018647e-02	3.537395e+00
1.972000e-05	1.034823e-02	3.255843e+00
1.973000e-05	1.029673e-02	3.097370e+00
1.974000e-05	6.762044e-03	2.918924e+00
1.975000e-05	3.921683e-03	2.760951e+00
1.976000e-05	5.606792e-03	2.570959e+00
1.977000e-05	4.505191e-03	2.330477e+00
1.978000e-05	2.377535e-03	2.170005e+00
1.979000e-05	5.321389e-04	2.003078e+00
1.980000e-05	1.813768e-03	1.844313e+00
1.981000e-05	3.003074e-03	1.585112e+00
1.982000e-05	1.344564e-03	1.393104e+00
1.983000e-05	-3.007499e-04	1.232213e+00
1.984000e-05	-1.072929e-03	9.716827e-01
1.985000e-05	-3.880441e-04	7.914566e-01
1.986000e-05	-2.649790e-03	5.825851e-01
1.987000e-05	-4.040196e-03	4.236603e-01
1.988000e-05	-3.311069e-03	2.547908e-01
1.989000e-05	-2.332490e-03	4.180282e-03
1.990000e-05	2.834894e-03	-1.557869e-01
1.991000e-05	-2.994956e-04	-3.127579e-01
1.992000e-05	-2.279356e-03	-4.510026e-01
1.993000e-05	-3.705879e-03	-7.003990e-01
1.994000e-05	-2.686109e-03	-8.705564e-01
1.995000e-05	-5.465710e-03	-9.864226e-01
1.996000e-05	-2.085508e-03	-1.196344e+00
1.997000e-05	2.345785e-02	-1.396841e+00
1.998000e-05	8.644625e-02	-1.585395e+00
1.999000e-05	-5.745770e-02	-1.806440e+00
2.000000e-05	-4.127874e-02	-2.068453e+00
2.001000e-05	-8.697581e-02	-2.324238e+00
2.002000e-05	-5.481595e-02	-2.503159e+00
2.003000e-05	1.749015e-01	-2.514945e+00
2.004000e-05	-9.338134e-02	-2.691557e+00
2.005000e-05	-7.769417e-02	-2.973211e+00
2.006000e-05	1.883335e-01	-3.114114e+00
2.007000e-05	-1.004334e-01	-3.281524e+00
2.008000e-05	-1.920807e-03	-3.511078e+00
2.009000e-05	2.283892e-02	-3.608498e+00
2.010000e-05	-1.744570e-01	-3.806373e+00
2.011000e-05	1.320994e-01	-3.997024e+00
2.012000e-05	3.513104e-02	-4.163790e+00
2.013000e-05	-1.029782e-01	-4.385791e+00
2.014000e-05	7.271900e-02	-4.452609e+00
2.015000e-05	-9.682765e-02	-4.761129e+00
2.016000e-05	6.865297e-02	-4.892088e+00
2.017000e-05	-2.844714e-02	-5.070074e+00
2.018000e-05	-1.291872e-01	-5.228419e+00
2.019000e-05	1.371268e-01	-5.440528e+00
2.020000e-05	-4.525271e-02	-5.648449e+00
2.021000e-05	-2.383888e-05	-5.806948e+00
2.022000e-05	-5.604677e-02	-5.893312e+00
2.023000e-05	-3.092486e-02	-6.089554e+00
2.024000e-05	9.512888e-02	-6.269237e+00
2.025000e-05	-1.259274e-01	-6.437994e+00
2.026000e-05	3.701277e-02	-6.595942e+00
2.027000e-05	-9.976308e-03	-6.711736e+00
2.028000e-05	-1.007930e-02	-6.861078e+00
2.029000e-05	1.425364e-02	-7.019104e+00
2.030000e-05	-1.102272e-01	-7.205421e+00
2.031000e-05	6.919056e-02	-7.313186e+00
2.032000e-05	-3.973950e-02	-7.449080e+00
2.033000e-05	-9.205275e-04	-7.617996e+00
2.034000e-05	-2.684733e-02	-7.753815e+00
2.035000e-05	-2.359254e-02	-7.933242e+00
2.036000e-05	3.524735e-02	-8.040024e+00
2.037000e-05	-7.303589e-02	-8.156342e+00
2.038000e-05	4.288129e-03	-8.260608e+00
2.039000e-05	-3.137912e-02	-8.355919e+00
2.040000e-05	1.210841e-02	-8.483686e+00
2.041000e-05	-2.114748e-02	-8.606874e+00
2.042000e-05	-4.169641e-02	-8.754416e+00
2.043000e-05	8.500855e-03	-8.840050e+00
2.044000e-05	-2.101081e-02	-8.955842e+00
2.045000e-05	-9.807139e-03	-9.039625e+00
2.046000e-05	-4.356662e-02	-9.144240e+00
2.047000e-05	-5.466742e-03	-9.186996e+00
2.048000e-05	-5.129678e-03	-9.291178e+00
2.049000e-05	-2.667816e-02	-9.335901e+00
2.050000e-05	-2.648757e-02	-9.480613e+00
2.051000e-05	-1.856480e-02	-9.575872e+00
2.052000e-05	-2.968827e-03	-9.628678e+00
2.053000e-05	-2.620672e-02	-9.673163e+00
2.054000e-05	-2.808536e-02	-9.795893e+00
2.055000e-05	-1.505259e-02	-9.820082e+00
2.056000e-05	-6.188523e-03	-9.882738e+00
2.057000e-05	-2.441048e-02	-9.945342e+00
2.058000e-05	-3.087738e-02	-9.986499e+00
2.059000e-05	-1.949761e-02	-1.003950e+01
2.060000e-05	-1.112627e-02	-1.005063e+01
2.061000e-05	-2.368372e-02	-1.011174e+01
2.062000e-05	-2.973718e-02	-1.013528e+01
2.063000e-05	-1.578950e-02	-1.016701e+01
2.064000e-05	-1.197177e-02	-1.023974e+01
2.065000e-05	-2.271769e-02	-1.030132e+01
2.066000e-05	-3.302587e-02	-1.034184e+01
2.067000e-05	-1.962618e-02	-1.033582e+01
2.068000e-05	-1.436913e-02	-1.034593e+01
2.069000e-05	-2.366674e-02	-1.036798e+01
2.070000e-05	-3.088967e-02	-1.040955e+01
2.071000e-05	-2.255151e-02	-1.040948e+01
2.072000e-05	-1.509250e-02	-1.041851e+01
2.073000e-05	-2.494488e-02	-1.042853e+01
2.074000e-05	-2.957452e-02	-1.038955e+01
2.075000e-05	-2.303006e-02	-1.038898e+01
2.076000e-05	-1.905409e-02	-1.037748e+01
2.077000e-05	-2.642447e-02	-1.034750e+01
2.078000e-05	-3.331055e-02	-1.031752e+01
2.079000e-05	-2.683598e-02	-1.031589e+01
2.080000e-05	-2.304546e-02	-1.023319e+01
2.081000e-05	-2.859890e-02	-1.023973e+01
2.082000e-05	-3.174939e-02	-1.016856e+01
2.083000e-05	-2.777321e-02	-1.010598e+01
2.084000e-05	-2.139226e-02	-1.008329e+01
2.085000e-05	-2.795507e-02	-1.005116e+01
2.086000e-05	-3.292170e-02	-9.991057e+00
2.087000e-05	-2.920551e-02	-9.948454e+00
2.088000e-05	-2.549887e-02	-9.925346e+00
2.089000e-05	-2.928560e-02	-9.893242e+00
2.090000e-05	-3.405931e-02	-9.803608e+00
2.091000e-05	-3.043341e-02	-9.718453e+00
2.092000e-05	-2.779013e-02	-9.674292e+00
2.093000e-05	-3.011868e-02	-9.611607e+00
2.094000e-05	-3.568526e-02	-9.559476e+00
2.095000e-05	-3.374796e-02	-9.515367e+00
2.096000e-05	-3.203208e-02	-9.397037e+00
2.097000e-05	-3.602238e-02	-9.234344e+00
2.098000e-05	-3.998442e-02	-9.180029e+00
2.099000e-05	-3.935707e-02	-9.095296e+00
2.100000e-05	-3.751037e-02	-8.989607e+00
2.101000e-05	-4.097157e-02	-8.854898e+00
2.102000e-05	-4.375148e-02	-8.791681e+00
2.103000e-05	-4.413374e-02	-8.717923e+00
2.104000e-05	-4.175757e-02	-8.582661e+00
2.105000e-05	-4.553222e-02	-8.432744e+00
2.106000e-05	-5.041746e-02	-8.378479e+00
2.107000e-05	-5.186511e-02	-8.233816e+00
2.108000e-05	-5.194165e-02	-8.136978e+00
2.109000e-05	-5.346271e-02	-8.023162e+00
2.110000e-05	-5.645455e-02	-7.957525e+00
2.111000e-05	-5.758630e-02	-7.767977e+00
2.112000e-05	-5.599604e-02	-7.590112e+00
2.113000e-05	-5.552666e-02	-7.413244e+00
2.114000e-05	-5.770073e-02	-7.317448e+00
2.115000e-05	-5.888167e-02	-7.182156e+00
2.116000e-05	-5.889649e-02	-7.043792e+00
2.117000e-05	-5.702837e-02	-6.844824e+00
2.118000e-05	-5.604042e-02	-6.708951e+00
2.119000e-05	-5.495177e-02	-6.581084e+00
2.120000e-05	-5.287005e-02	-6.435291e+00
2.121000e-05	-4.904528e-02	-6.316401e+00
2.122000e-05	-4.747813e-02	-6.088583e+00
2.123000e-05	-4.604269e-02	-5.971033e+00
2.124000e-05	-4.393817e-02	-5.853237e+00
2.125000e-05	-4.055495e-02	-5.656344e+00
2.126000e-05	-3.837015e-02	-5.548898e+00
2.127000e-05	-3.756733e-02	-5.246024e+00
2.128000e-05	-3.622893e-02	-5.107975e+00
2.129000e-05	-3.222540e-02	-4.948077e+00
2.130000e-05	-3.172229e-02	-4.709003e+00
2.131000e-05	-2.806675e-02	-4.579052e+00
2.132000e-05	-2.831036e-02	-4.402157e+00
2.133000e-05	-2.208195e-02	-4.225187e+00
2.134000e-05	-2.272541e-02	-4.096372e+00
2.135000e-05	-2.135495e-02	-3.909924e+00
2.136000e-05	-2.223490e-02	-3.709978e+00
2.137000e-05	-1.759203e-02	-3.538979e+00
2.138000e-05	-1.795170e-02	-3.381650e+00
2.139000e-05	-1.821255e-02	-3.172133e+00
2.140000e-05	-1.750722e-02	-2.973163e+00
2.141000e-05	-1.609112e-02	-2.792013e+00
2.142000e-05	-1.314617e-02	-2.666262e+00
2.143000e-05	-1.231217e-02	-2.445741e+00
2.144000e-05	-1.140518e-02	-2.256871e+00
2.145000e-05	-9.441575e-03	-2.054666e+00
2.146000e-05	-8.356193e-03	-1.867819e+00
2.147000e-05	-1.019322e-02	-1.708897e+00
2.148000e-05	-1.040224e-02	-1.497999e+00
2.149000e-05	-1.088351e-02	-1.256193e+00
2.150000e-05	-7.689363e-03	-1.075395e+00
2.151000e-05	-8.360490e-03	-8.858208e-01
2.152000e-05	-5.934455e-03	-7.393685e-01
2.153000e-05	-4.481576e-03	-4.568447e-01
2.154000e-05	-2.387497e-03	-2.979197e-01
2.155000e-05	-2.255978e-03	-1.284259e-01
2.156000e-05	1.700738e-03	5.004743e-02
2.157000e-05	-4.406830e-04	3.215436e-01
2.158000e-05	-4.876244e-04	4.190224e-01
2.159000e-05	-1.564469e-03	6.083634e-01
2.160000e-05	-6.625130e-04	8.253662e-01
2.161000e-05	-4.723877e-04	9.236855e-01
2.162000e-05	3.059709e-03	1.196338e+00
2.163000e-05	1.153548e-02	1.354340e+00
2.164000e-05	5.794037e-02	1.594258e+00
2.165000e-05	4.051282e-02	1.897524e+00
2.166000e-05	-4.988143e-02	2.048999e+00
2.167000e-05	-4.639214e-02	2.227945e+00
2.168000e-05	-5.014606e-02	2.386890e+00
2.169000e-05	-3.489148e-02	2.432024e+00
2.170000e-05	1.313817e-01	2.699069e+00
2.171000e-05	-5.826758e-02	2.880579e+00
2.172000e-05	-5.542289e-02	3.007522e+00
2.173000e-05	1.561014e-01	3.185262e+00
2.174000e-05	-3.703502e-02	3.424364e+00
2.175000e-05	-9.472232e-03	3.564891e+00
2.176000e-05	9.766491e-03	3.733181e+00
2.177000e-05	-8.302479e-02	3.962208e+00
2.178000e-05	8.686087e-02	4.029078e+00
2.179000e-05	3.641726e-02	4.322003e+00
2.180000e-05	-5.248592e-02	4.450703e+00
2.181000e-05	3.667413e-02	4.658470e+00
2.182000e-05	-2.380154e-02	4.835899e+00
2.183000e-05	4.365252e-02	4.997498e+00
2.184000e-05	-1.391839e-02	5.267519e+00
2.185000e-05	-2.511482e-02	5.426421e+00
2.186000e-05	4.456662e-02	5.606366e+00
2.187000e-05	3.301150e-02	5.782803e+00
2.188000e-05	2.511955e-03	5.942711e+00
2.189000e-05	-4.055067e-02	6.101578e+00
2.190000e-05	2.239203e-02	6.197449e+00
2.191000e-05	3.938436e-02	6.342841e+00
2.192000e-05	-2.041803e-02	6.510659e+00
2.193000e-05	1.928378e-02	6.700155e+00
2.194000e-05	1.114412e-02	6.848579e+00
2.195000e-05	2.063340e-02	6.975420e+00
2.196000e-05	1.315727e-02	7.122712e+00
2.197000e-05	-1.814141e-02	7.268600e+00
2.198000e-05	2.203437e-02	7.406944e+00
2.199000e-05	9.865008e-03	7.553865e+00
2.200000e-05	2.287523e-02	7.680261e+00
2.201000e-05	-6.301882e-03	7.849057e+00
2.202000e-05	1.704100e-02	7.977424e+00
2.203000e-05	2.060500e-02	8.181790e+00
2.204000e-05	3.015524e-03	8.259577e+00
2.205000e-05	1.059125e-02	8.395893e+00
2.206000e-05	7.723630e-03	8.448628e+00
2.207000e-05	2.452859e-02	8.556318e+00
2.208000e-05	7.794435e-03	8.669055e+00
2.209000e-05	9.654183e-03	8.734844e+00
2.210000e-05	1.293125e-02	8.809598e+00
2.211000e-05	1.588557e-02	8.923740e+00
2.212000e-05	1.084103e-02	9.060685e+00
2.213000e-05	5.732591e-03	9.175421e+00
2.214000e-05	1.643987e-02	9.241123e+00
2.215000e-05	1.768213e-02	9.314266e+00
2.216000e-05	1.350444e-02	9.426477e+00
2.217000e-05	8.663425e-03	9.500610e+00
2.218000e-05	1.620894e-02	9.573869e+00
2.219000e-05	1.718806e-02	9.618976e+00
2.220000e-05	1.127821e-02	9.651687e+00
2.221000e-05	9.021545e-03	9.815296e+00
2.222000e-05	1.623171e-02	9.858557e+00
2.223000e-05	1.950538e-02	9.923841e+00
2.224000e-05	1.398833e-02	9.944997e+00
2.225000e-05	1.097561e-02	1.004958e+01
2.226000e-05	1.503757e-02	1.005013e+01
2.227000e-05	1.955684e-02	1.008426e+01
2.228000e-05	1.366529e-02	1.012381e+01
2.229000e-05	1.258212e-02	1.018644e+01
2.230000e-05	1.522786e-02	1.020603e+01
2.231000e-05	1.921046e-02	1.022861e+01
2.232000e-05	1.461246e-02	1.029016e+01
2.233000e-05	1.165549e-02	1.026213e+01
2.234000e-05	1.678975e-02	1.032224e+01
2.235000e-05	2.082569e-02	1.030384e+01
2.236000e-05	1.852691e-02	1.032582e+01
2.237000e-05	1.531605e-02	1.031339e+01
2.238000e-05	1.830189e-02	1.034585e+01
2.239000e-05	1.850983e-02	1.031489e+01
2.240000e-05	1.583041e-02	1.029584e+01
2.241000e-05	1.476788e-02	1.031495e+01
2.242000e-05	1.938276e-02	1.027277e+01
2.243000e-05	2.291046e-02	1.029282e+01
2.244000e-05	2.087639e-02	1.030332e+01
2.245000e-05	2.134210e-02	1.026124e+01
2.246000e-05	2.218060e-02	1.023908e+01
2.247000e-05	2.416335e-02	1.021753e+01
2.248000e-05	2.022682e-02	1.014889e+01
2.249000e-05	2.012915e-02	1.012485e+01
2.250000e-05	1.923901e-02	1.010424e+01
2.251000e-05	2.275892e-02	1.007068e+01
2.252000e-05	2.143404e-02	1.004060e+01
2.253000e-05	2.194164e-02	9.978928e+00
2.254000e-05	2.407422e-02	9.914775e+00
2.255000e-05	2.472864e-02	9.840715e+00
2.256000e-05	2.507071e-02	9.726996e+00
2.257000e-05	2.203668e-02	9.663768e+00
2.258000e-05	2.249118e-02	9.629685e+00
2.259000e-05	2.406478e-02	9.546973e+00
2.260000e-05	2.580573e-02	9.444240e+00
2.261000e-05	2.708058e-02	9.389504e+00
2.262000e-05	2.801565e-02	9.274973e+00
2.263000e-05	3.124996e-02	9.222658e+00
2.264000e-05	2.986815e-02	9.189499e+00
2.265000e-05	3.113497e-02	9.095291e+00
2.266000e-05	3.045045e-02	8.968427e+00
2.267000e-05	3.557643e-02	8.852160e+00
2.268000e-05	3.563380e-02	8.730003e+00
2.269000e-05	3.801077e-02	8.662286e+00
2.270000e-05	3.698735e-02	8.557474e+00
2.271000e-05	4.067420e-02	8.482686e+00
2.272000e-05	4.125287e-02	8.358978e+00
2.273000e-05	4.173429e-02	8.221137e+00
2.274000e-05	4.431700e-02	8.134820e+00
2.275000e-05	4.858233e-02	7.961555e+00
2.276000e-05	5.004087e-02	7.821711e+00
2.277000e-05	4.979175e-02	7.696422e+00
2.278000e-05	5.035205e-02	7.580557e+00
2.279000e-05	4.985131e-02	7.444642e+00
2.280000e-05	5.084050e-02	7.293317e+00
2.281000e-05	4.920667e-02	7.109425e+00
2.282000e-05	5.047870e-02	6.990558e+00
2.283000e-05	5.014034e-02	6.843316e+00
2.284000e-05	4.984244e-02	6.758974e+00
2.285000e-05	4.704009e-02	6.539055e+00
2.286000e-05	4.505938e-02	6.400529e+00
2.287000e-05	4.202690e-02	6.234212e+00
2.288000e-05	4.067264e-02	6.127950e+00
2.289000e-05	3.725577e-02	6.000054e+00
2.290000e-05	3.493879e-02	5.831237e+00
2.291000e-05	3.288242e-02	5.611584e+00
2.292000e-05	3.174605e-02	5.473292e+00
2.293000e-05	2.840973e-02	5.306793e+00
2.294000e-05	2.668010e-02	5.116446e+00
2.295000e-05	2.436623e-02	4.865291e+00
2.296000e-05	2.316066e-02	4.697422e+00
2.297000e-05	2.058551e-02	4.557051e+00
2.298000e-05	1.898226e-02	4.402082e+00
2.299000e-05	1.717993e-02	4.232735e+00
2.300000e-05	1.329323e-02	4.021028e+00
2.301000e-05	1.261346e-02	3.833265e+00
2.302000e-05	1.146120e-02	3.676266e+00
2.303000e-05	9.867245e-03	3.497424e+00
2.304000e-05	8.597776e-03	3.287903e+00
2.305000e-05	9.254841e-03	3.138397e+00
2.306000e-05	9.182630e-03	2.920050e+00
2.307000e-05	7.835221e-03	2.791976e+00
2.308000e-05	4.013246e-03	2.622658e+00
2.309000e-05	2.417967e-03	2.350478e+00
2.310000e-05	2.189355e-03	2.190578e+00
2.311000e-05	2.735824e-03	2.021661e+00
2.312000e-05	1.249163e-03	1.876263e+00
2.313000e-05	9.358997e-04	1.615733e+00
2.314000e-05	2.827603e-03	1.424162e+00
2.315000e-05	1.588300e-03	1.223188e+00
2.316000e-05	-3.827649e-04	1.033762e+00
2.317000e-05	-2.680841e-03	8.021352e-01
2.318000e-05	-1.463541e-03	6.136618e-01
2.319000e-05	-6.641929e-04	4.242355e-01
2.320000e-05	-4.167382e-03	2.663672e-01
2.321000e-05	-4.101178e-03	2.420929e-02
2.322000e-05	2.138171e-03	-1.553080e-01
2.323000e-05	1.319315e-03	-3.021792e-01
2.324000e-05	-2.959312e-03	-4.305012e-01
2.325000e-05	-5.869208e-03	-6.515075e-01
2.326000e-05	-2.468063e-03	-8.614278e-01
2.327000e-05	-2.553328e-03	-9.973176e-01
2.328000e-05	-3.116654e-03	-1.146341e+00
2.329000e-05	1.734180e-02	-1.354737e+00
2.330000e-05	9.073616e-02	-1.565340e+00
2.331000e-05	-4.657792e-02	-1.796788e+00
2.332000e-05	-4.494031e-02	-2.057995e+00
2.333000e-05	-8.391651e-02	-2.321758e+00
2.334000e-05	-7.449587e-02	-2.470653e+00
2.335000e-05	1.741167e-01	-2.536318e+00
2.336000e-05	-5.540626e-02	-2.691078e+00
2.337000e-05	-1.176746e-01	-2.920704e+00
2.338000e-05	2.012915e-01	-3.042160e+00
2.339000e-05	-7.893270e-02	-3.268020e+00
2.340000e-05	-2.877415e-02	-3.480602e+00
2.341000e-05	4.536510e-02	-3.597394e+00
2.342000e-05	-1.789583e-01	-3.835891e+00
2.343000e-05	1.026457e-01	-4.006898e+00
2.344000e-05	6.882549e-02	-4.124258e+00
2.345000e-05	-1.215637e-01	-4.384262e+00
2.346000e-05	7.634722e-02	-4.491683e+00
2.347000e-05	-8.344596e-02	-4.680577e+00
2.348000e-05	4.408731e-02	-4.930728e+00
2.349000e-05	5.164412e-03	-4.998475e+00
2.350000e-05	-1.518881e-01	-5.225998e+00
2.351000e-05	1.321351e-01	-5.437573e+00
2.352000e-05	-2.889138e-02	-5.627921e+00
2.353000e-05	-1.475543e-02	-5.807494e+00
2.354000e-05	-3.922478e-02	-5.904237e+00
2.355000e-05	-5.371067e-02	-6.060527e+00
2.356000e-05	1.072064e-01	-6.280052e+00
2.357000e-05	-1.164838e-01	-6.417976e+00
2.358000e-05	1.969046e-02	-6.586892e+00
2.359000e-05	8.372991e-03	-6.682688e+00
2.360000e-05	-2.745663e-02	-6.858055e+00
2.361000e-05	2.882940e-02	-6.987395e+00
2.362000e-05	-1.162122e-01	-7.203818e+00
2.363000e-05	5.940126e-02	-7.292665e+00
2.364000e-05	-2.736845e-02	-7.450500e+00
2.365000e-05	-1.292499e-02	-7.605422e+00
2.366000e-05	-1.271334e-02	-7.742738e+00
2.367000e-05	-3.487891e-02	-7.933757e+00
2.368000e-05	4.214934e-02	-8.059552e+00
2.369000e-05	-7.133148e-02	-8.144790e+00
2.370000e-05	-2.546152e-03	-8.280656e+00
2.371000e-05	-2.527017e-02	-8.375845e+00
2.372000e-05	3.219127e-03	-8.469687e+00
2.373000e-05	-1.168676e-02	-8.565875e+00
2.374000e-05	-4.785101e-02	-8.704765e+00
2.375000e-05	1.098868e-02	-8.848577e+00
2.376000e-05	-2.200735e-02	-8.905264e+00
2.377000e-05	-9.438352e-03	-9.010550e+00
2.378000e-05	-4.009585e-02	-9.104188e+00
2.379000e-05	-1.027071e-02	-9.197496e+00
2.380000e-05	-9.933366e-04	-9.270107e+00
2.381000e-05	-2.778852e-02	-9.374870e+00
2.382000e-05	-2.395829e-02	-9.420183e+00
2.383000e-05	-2.052166e-02	-9.575466e+00
2.384000e-05	-4.124442e-03	-9.628628e+00
2.385000e-05	-2.581745e-02	-9.662664e+00
2.386000e-05	-2.763839e-02	-9.735869e+00
2.387000e-05	-1.503451e-02	-9.828031e+00
2.388000e-05	-7.253119e-03	-9.892163e+00
2.389000e-05	-2.324034e-02	-9.952841e+00
2.390000e-05	-3.001714e-02	-9.977401e+00
2.391000e-05	-1.970820e-02	-1.001005e+01
2.392000e-05	-1.258529e-02	-1.004117e+01
2.393000e-05	-2.261475e-02	-1.008179e+01
2.394000e-05	-2.969779e-02	-1.011435e+01
2.395000e-05	-1.590658e-02	-1.018545e+01
2.396000e-05	-1.335673e-02	-1.021021e+01
2.397000e-05	-2.095776e-02	-1.030324e+01
2.398000e-05	-3.077790e-02	-1.030487e+01
2.399000e-05	-2.117226e-02	-1.035590e+01
2.400000e-05	-1.443274e-02	-1.036542e+01
2.401000e-05	-2.390874e-02	-1.040710e+01
2.402000e-05	-2.879318e-02	-1.038850e+01
2.403000e-05	-2.457993e-02	-1.042803e+01
2.404000e-05	-1.760578e-02	-1.039000e+01
2.405000e-05	-2.463772e-02	-1.040958e+01
2.406000e-05	-2.913366e-02	-1.039011e+01
2.407000e-05	-2.337194e-02	-1.040805e+01
2.408000e-05	-1.966606e-02	-1.036795e+01
2.409000e-05	-2.454318e-02	-1.034503e+01
2.410000e-05	-3.276963e-02	-1.034849e+01
2.411000e-05	-2.845174e-02	-1.031637e+01
2.412000e-05	-2.494441e-02	-1.028224e+01
2.413000e-05	-2.813086e-02	-1.026324e+01
2.414000e-05	-3.183913e-02	-1.020911e+01
2.415000e-05	-2.771396e-02	-1.012598e+01
2.416000e-05	-2.183799e-02	-1.010442e+01
2.417000e-05	-2.765173e-02	-1.005321e+01
2.418000e-05	-3.160907e-02	-1.003108e+01
2.419000e-05	-3.045986e-02	-9.978476e+00
2.420000e-05	-2.657200e-02	-9.896420e+00
2.421000e-05	-2.881775e-02	-9.892242e+00
2.422000e-05	-3.288179e-02	-9.811108e+00
2.423000e-05	-3.176379e-02	-9.744949e+00
2.424000e-05	-2.867889e-02	-9.693817e+00
2.425000e-05	-2.993134e-02	-9.652085e+00
2.426000e-05	-3.525019e-02	-9.569503e+00
2.427000e-05	-3.336925e-02	-9.474916e+00
2.428000e-05	-3.086417e-02	-9.368983e+00
2.429000e-05	-3.492954e-02	-9.283821e+00
2.430000e-05	-3.976191e-02	-9.180532e+00
2.431000e-05	-4.013901e-02	-9.074874e+00
2.432000e-05	-3.684368e-02	-9.031135e+00
2.433000e-05	-4.099449e-02	-8.935898e+00
2.434000e-05	-4.461407e-02	-8.832661e+00
2.435000e-05	-4.342497e-02	-8.728478e+00
2.436000e-05	-4.114746e-02	-8.621212e+00
2.437000e-05	-4.511734e-02	-8.435918e+00
2.438000e-05	-5.060432e-02	-8.400631e+00
2.439000e-05	-5.190217e-02	-8.233816e+00
2.440000e-05	-5.008399e-02	-8.169503e+00
2.441000e-05	-5.329509e-02	-8.043662e+00
2.442000e-05	-5.801336e-02	-7.967425e+00
2.443000e-05	-5.769132e-02	-7.791051e+00
2.444000e-05	-5.474674e-02	-7.612138e+00
2.445000e-05	-5.680044e-02	-7.503797e+00
2.446000e-05	-5.955642e-02	-7.328428e+00
2.447000e-05	-5.757211e-02	-7.211079e+00
2.448000e-05	-5.470160e-02	-7.064296e+00
2.449000e-05	-5.718084e-02	-6.874015e+00
2.450000e-05	-5.708179e-02	-6.758474e+00
2.451000e-05	-5.513135e-02	-6.572561e+00
2.452000e-05	-5.267094e-02	-6.475296e+00
2.453000e-05	-5.221891e-02	-6.338474e+00
2.454000e-05	-5.104588e-02	-6.149581e+00
2.455000e-05	-4.423489e-02	-5.980580e+00
2.456000e-05	-4.152007e-02	-5.845161e+00
2.457000e-05	-3.863461e-02	-5.668367e+00
2.458000e-05	-4.134219e-02	-5.549974e+00
2.459000e-05	-3.612560e-02	-5.349027e+00
2.460000e-05	-3.597968e-02	-5.128425e+00
2.461000e-05	-3.302148e-02	-4.959008e+00
2.462000e-05	-3.526216e-02	-4.761027e+00
2.463000e-05	-2.853556e-02	-4.569103e+00
2.464000e-05	-2.518384e-02	-4.403212e+00
2.465000e-05	-2.272548e-02	-4.284292e+00
2.466000e-05	-2.432341e-02	-4.108974e+00
2.467000e-05	-2.138735e-02	-3.960528e+00
2.468000e-05	-2.004248e-02	-3.681010e+00
2.469000e-05	-1.867904e-02	-3.592006e+00
2.470000e-05	-1.944112e-02	-3.383584e+00
2.471000e-05	-1.818600e-02	-3.203686e+00
2.472000e-05	-1.440105e-02	-3.013838e+00
2.473000e-05	-1.549554e-02	-2.812133e+00
2.474000e-05	-1.463393e-02	-2.645793e+00
2.475000e-05	-1.519333e-02	-2.474816e+00
2.476000e-05	-1.045456e-02	-2.307395e+00
2.477000e-05	-8.706769e-03	-2.057242e+00
2.478000e-05	-1.066194e-02	-1.886895e+00
2.479000e-05	-1.022210e-02	-1.708921e+00
2.480000e-05	-8.689890e-03	-1.581002e+00
2.481000e-05	-8.258895e-03	-1.237921e+00
2.482000e-05	-9.845668e-03	-1.058371e+00
2.483000e-05	-8.954974e-03	-9.094209e-01
2.484000e-05	-5.262837e-03	-7.404524e-01
2.485000e-05	-4.105227e-03	-4.763686e-01
2.486000e-05	-4.443682e-03	-3.088734e-01
2.487000e-05	-3.389063e-03	-2.021051e-01
2.488000e-05	2.929307e-03	5.052625e-02
2.489000e-05	1.573031e-03	2.483450e-01
2.490000e-05	-2.366198e-03	4.384737e-01
2.491000e-05	-1.773356e-03	5.864122e-01
2.492000e-05	-3.884666e-04	7.548372e-01
2.493000e-05	4.283519e-04	9.012040e-01
2.494000e-05	4.658935e-04	1.175186e+00
2.495000e-05	9.073088e-03	1.353708e+00
2.496000e-05	5.106580e-02	1.542781e+00
2.497000e-05	5.241626e-02	1.838865e+00
2.498000e-05	-4.872164e-02	2.069448e+00
2.499000e-05	-4.655962e-02	2.245819e+00
2.500000e-05	-4.648030e-02	2.366364e+00
2.501000e-05	-4.504173e-02	2.450574e+00
2.502000e-05	1.205863e-01	2.668369e+00
2.503000e-05	-2.812505e-02	2.868973e+00
2.504000e-05	-8.449086e-02	2.987345e+00
2.505000e-05	1.642389e-01	3.162184e+00
2.506000e-05	-2.669478e-02	3.414364e+00
2.507000e-05	-2.462278e-02	3.576445e+00
2.508000e-05	2.645458e-02	3.672652e+00
2.509000e-05	-9.110744e-02	3.942107e+00
2.510000e-05	7.392930e-02	4.019025e+00
2.511000e-05	5.062475e-02	4.307548e+00
2.512000e-05	-5.109008e-02	4.469580e+00
2.513000e-05	3.128366e-02	4.626969e+00
2.514000e-05	-1.916996e-02	4.807944e+00
2.515000e-05	3.264820e-02	4.984441e+00
2.516000e-05	1.820115e-05	5.257000e+00
2.517000e-05	-3.597544e-02	5.426971e+00
2.518000e-05	4.121687e-02	5.584391e+00
2.519000e-05	3.242658e-02	5.701685e+00
2.520000e-05	1.184336e-02	5.943108e+00
2.521000e-05	-3.696006e-02	6.068032e+00
2.522000e-05	1.122395e-02	6.187023e+00
2.523000e-05	4.708106e-02	6.344312e+00
2.524000e-05	-2.098783e-02	6.503633e+00
2.525000e-05	1.559102e-02	6.740157e+00
2.526000e-05	9.833254e-03	6.859024e+00
2.527000e-05	1.924395e-02	6.976919e+00
2.528000e-05	1.727981e-02	7.122189e+00
2.529000e-05	-1.821910e-02	7.248450e+00
2.530000e-05	2.007553e-02	7.373944e+00
2.531000e-05	1.127512e-02	7.604840e+00
2.532000e-05	2.302990e-02	7.701710e+00
2.533000e-05	-5.230011e-03	7.818000e+00
2.534000e-05	1.209823e-02	8.026969e+00
2.535000e-05	2.160759e-02	8.133638e+00
2.536000e-05	3.916917e-03	8.258128e+00
2.537000e-05	1.060039e-02	8.375893e+00
2.538000e-05	6.875714e-03	8.459580e+00
2.539000e-05	2.347072e-02	8.543739e+00
2.540000e-05	1.036416e-02	8.608028e+00
2.541000e-05	9.455310e-03	8.753842e+00
2.542000e-05	1.007306e-02	8.810030e+00
2.543000e-05	1.535960e-02	8.932736e+00
2.544000e-05	1.143488e-02	9.018482e+00
2.545000e-05	6.620400e-03	9.184917e+00
2.546000e-05	1.441746e-02	9.240053e+00
2.547000e-05	1.882913e-02	9.333237e+00
2.548000e-05	1.442340e-02	9.408444e+00
2.549000e-05	1.053503e-02	9.469656e+00
2.550000e-05	1.437104e-02	9.575345e+00
2.551000e-05	1.591350e-02	9.618498e+00
2.552000e-05	1.257361e-02	9.682131e+00
2.553000e-05	7.859160e-03	9.744890e+00
2.554000e-05	1.586908e-02	9.879606e+00
2.555000e-05	1.905761e-02	9.901366e+00
2.556000e-05	1.479653e-02	9.965921e+00
2.557000e-05	1.147910e-02	1.002905e+01
2.558000e-05	1.518412e-02	1.006111e+01
2.559000e-05	1.903280e-02	1.009366e+01
2.560000e-05	1.395883e-02	1.012577e+01
2.561000e-05	1.245560e-02	1.020644e+01
2.562000e-05	1.486417e-02	1.020800e+01
2.563000e-05	1.965380e-02	1.023863e+01
2.564000e-05	1.562070e-02	1.026121e+01
2.565000e-05	1.193300e-02	1.030118e+01
2.566000e-05	1.675595e-02	1.025227e+01
2.567000e-05	2.005433e-02	1.030339e+01
2.568000e-05	1.875738e-02	1.032482e+01
2.569000e-05	1.397177e-02	1.032382e+01
2.570000e-05	1.730816e-02	1.030585e+01
2.571000e-05	1.962296e-02	1.030490e+01
2.572000e-05	1.861427e-02	1.031637e+01
2.573000e-05	1.431660e-02	1.032539e+01
2.574000e-05	1.922369e-02	1.030447e+01
2.575000e-05	2.271166e-02	1.027374e+01
2.576000e-05	2.024177e-02	1.027069e+01
2.577000e-05	1.962458e-02	1.024171e+01
2.578000e-05	2.152816e-02	1.025211e+01
2.579000e-05	2.583976e-02	1.022903e+01
2.580000e-05	2.166938e-02	1.015642e+01
2.581000e-05	1.904456e-02	1.014437e+01
2.582000e-05	2.105937e-02	1.011282e+01
2.583000e-05	2.385964e-02	1.004273e+01
2.584000e-05	2.116197e-02	1.001056e+01
2.585000e-05	1.913456e-02	9.988527e+00
2.586000e-05	2.238005e-02	9.923870e+00
2.587000e-05	2.523272e-02	9.869709e+00
2.588000e-05	2.572239e-02	9.795977e+00
2.589000e-05	2.231816e-02	9.693293e+00
2.590000e-05	2.545565e-02	9.620131e+00
2.591000e-05	2.708516e-02	9.558427e+00
2.592000e-05	2.548183e-02	9.452215e+00
2.593000e-05	2.371840e-02	9.429557e+00
2.594000e-05	2.587389e-02	9.316444e+00
2.595000e-05	3.090233e-02	9.242683e+00
2.596000e-05	2.955739e-02	9.179053e+00
2.597000e-05	3.076975e-02	9.062792e+00
2.598000e-05	3.225971e-02	8.956525e+00
2.599000e-05	3.744470e-02	8.832190e+00
2.600000e-05	3.612966e-02	8.748453e+00
2.601000e-05	3.507823e-02	8.641662e+00
2.602000e-05	3.690090e-02	8.540498e+00
2.603000e-05	4.029128e-02	8.472188e+00
2.604000e-05	4.151748e-02	8.341527e+00
2.605000e-05	4.159487e-02	8.252190e+00
2.606000e-05	4.472876e-02	8.067871e+00
2.607000e-05	4.911292e-02	8.000054e+00
2.608000e-05	4.935161e-02	7.844215e+00
2.609000e-05	4.891365e-02	7.736899e+00
2.610000e-05	5.012369e-02	7.591554e+00
2.611000e-05	5.093621e-02	7.467292e+00
2.612000e-05	5.172815e-02	7.334847e+00
2.613000e-05	4.849172e-02	7.148503e+00
2.614000e-05	4.841955e-02	7.002134e+00
2.615000e-05	5.010190e-02	6.884789e+00
2.616000e-05	4.951217e-02	6.759450e+00
2.617000e-05	4.688567e-02	6.558588e+00
2.618000e-05	4.424449e-02	6.432129e+00
2.619000e-05	4.432173e-02	6.245215e+00
2.620000e-05	4.116970e-02	6.127419e+00
2.621000e-05	3.750759e-02	6.011054e+00
2.622000e-05	3.455939e-02	5.845661e+00
2.623000e-05	3.311968e-02	5.642688e+00
2.624000e-05	3.131400e-02	5.515869e+00
2.625000e-05	2.783980e-02	5.296875e+00
2.626000e-05	2.619261e-02	5.147978e+00
2.627000e-05	2.488432e-02	4.885975e+00
2.628000e-05	2.319246e-02	4.717874e+00
2.629000e-05	2.046714e-02	4.578949e+00
2.630000e-05	1.903211e-02	4.422581e+00
2.631000e-05	1.726252e-02	4.242237e+00
2.632000e-05	1.424151e-02	4.013661e+00
2.633000e-05	1.330557e-02	3.874289e+00
2.634000e-05	1.203977e-02	3.716343e+00
2.635000e-05	9.694135e-03	3.539375e+00
2.636000e-05	8.754018e-03	3.319900e+00
2.637000e-05	8.643099e-03	3.138999e+00
2.638000e-05	8.838574e-03	2.940528e+00
2.639000e-05	6.523809e-03	2.802658e+00
2.640000e-05	5.353131e-03	2.614209e+00
2.641000e-05	5.906266e-03	2.371508e+00
2.642000e-05	4.101624e-03	2.213137e+00
2.643000e-05	2.360057e-03	2.033685e+00
2.644000e-05	-2.751983e-04	1.865793e+00
2.645000e-05	-4.414001e-04	1.634212e+00
2.646000e-05	-2.429672e-04	1.415221e+00
2.647000e-05	1.036339e-03	1.236287e+00
2.648000e-05	3.443507e-05	1.066191e+00
2.649000e-05	1.042755e-03	8.037340e-01
2.650000e-05	9.886455e-05	6.242632e-01
2.651000e-05	-1.490473e-03	4.467843e-01
2.652000e-05	-4.436600e-03	2.777709e-01
2.653000e-05	-4.943231e-03	3.471178e-02
2.654000e-05	2.137007e-04	-1.347817e-01
2.655000e-05	1.257292e-03	-2.916053e-01
2.656000e-05	-3.341097e-03	-4.189738e-01
2.657000e-05	-1.940379e-03	-6.279226e-01
2.658000e-05	-3.231855e-03	-8.184988e-01
2.659000e-05	-1.762716e-03	-9.868396e-01
2.660000e-05	-3.533789e-03	-1.144314e+00
2.661000e-05	1.105329e-02	-1.341734e+00
2.662000e-05	8.960652e-02	-1.553687e+00
2.663000e-05	-3.590757e-02	-1.743286e+00
2.664000e-05	-4.641429e-02	-2.016392e+00
2.665000e-05	-7.622284e-02	-2.301131e+00
2.666000e-05	-8.674683e-02	-2.491128e+00
2.667000e-05	1.605800e-01	-2.516744e+00
2.668000e-05	-1.869127e-02	-2.670578e+00
2.669000e-05	-1.551794e-01	-2.919954e+00
2.670000e-05	2.029182e-01	-3.101109e+00
2.671000e-05	-5.236527e-02	-3.248898e+00
2.672000e-05	-5.301097e-02	-3.478078e+00
2.673000e-05	6.481507e-02	-3.567972e+00
2.674000e-05	-1.748567e-01	-3.775712e+00
2.675000e-05	6.563143e-02	-4.016921e+00
2.676000e-05	1.017632e-01	-4.104713e+00
2.677000e-05	-1.312293e-01	-4.342757e+00
2.678000e-05	6.855300e-02	-4.461558e+00
2.679000e-05	-6.716339e-02	-4.698371e+00
2.680000e-05	1.510242e-02	-4.890049e+00
2.681000e-05	3.743645e-02	-5.017528e+00
2.682000e-05	-1.668710e-01	-5.176789e+00
2.683000e-05	1.202495e-01	-5.418948e+00
2.684000e-05	-6.737144e-03	-5.606368e+00
2.685000e-05	-2.759174e-02	-5.786866e+00
2.686000e-05	-2.298502e-02	-5.912161e+00
2.687000e-05	-7.606795e-02	-6.068553e+00
2.688000e-05	1.113512e-01	-6.238929e+00
2.689000e-05	-9.964661e-02	-6.415900e+00
2.690000e-05	-5.446064e-03	-6.563891e+00
2.691000e-05	2.783602e-02	-6.671107e+00
2.692000e-05	-4.017679e-02	-6.819073e+00
2.693000e-05	4.267998e-02	-6.975025e+00
2.694000e-05	-1.168154e-01	-7.174390e+00
2.695000e-05	4.362252e-02	-7.313130e+00
2.696000e-05	-1.034822e-02	-7.437446e+00
2.697000e-05	-2.803330e-02	-7.625347e+00
2.698000e-05	-3.184237e-03	-7.703136e+00
2.699000e-05	-4.638767e-02	-7.860211e+00
2.700000e-05	5.002317e-02	-8.038029e+00
2.701000e-05	-6.350852e-02	-8.103341e+00
2.702000e-05	-1.104328e-02	-8.270056e+00
2.703000e-05	-2.003740e-02	-8.364819e+00
2.704000e-05	-5.938768e-03	-8.460629e+00
2.705000e-05	-2.124906e-03	-8.564524e+00
2.706000e-05	-5.510372e-02	-8.712313e+00
2.707000e-05	9.248073e-03	-8.798052e+00
2.708000e-05	-1.880356e-02	-8.935286e+00
2.709000e-05	-7.424948e-03	-9.018025e+00
2.710000e-05	-3.751595e-02	-9.102337e+00
2.711000e-05	-1.803855e-02	-9.206447e+00
2.712000e-05	2.899758e-03	-9.229531e+00
2.713000e-05	-2.702819e-02	-9.354846e+00
2.714000e-05	-2.393388e-02	-9.410104e+00
2.715000e-05	-2.518626e-02	-9.564844e+00
2.716000e-05	-2.820250e-03	-9.649528e+00
2.717000e-05	-2.230408e-02	-9.662134e+00
2.718000e-05	-2.911505e-02	-9.746895e+00
2.719000e-05	-1.827043e-02	-9.829049e+00
2.720000e-05	-5.784977e-03	-9.872660e+00
2.721000e-05	-1.836596e-02	-9.924345e+00
2.722000e-05	-3.138964e-02	-1.000645e+01
2.723000e-05	-2.165229e-02	-1.000907e+01
2.724000e-05	-1.276536e-02	-1.009156e+01
2.725000e-05	-1.983044e-02	-1.009274e+01
2.726000e-05	-3.171244e-02	-1.012542e+01
2.727000e-05	-1.893252e-02	-1.019750e+01
2.728000e-05	-1.189390e-02	-1.030054e+01
2.729000e-05	-1.905373e-02	-1.031114e+01
2.730000e-05	-3.025091e-02	-1.033440e+01
2.731000e-05	-2.294938e-02	-1.035592e+01
2.732000e-05	-1.434869e-02	-1.040537e+01
2.733000e-05	-2.209084e-02	-1.034898e+01
2.734000e-05	-2.862506e-02	-1.040945e+01
2.735000e-05	-2.697740e-02	-1.043050e+01
2.736000e-05	-1.713764e-02	-1.039848e+01
2.737000e-05	-2.350470e-02	-1.041013e+01
2.738000e-05	-2.940273e-02	-1.039958e+01
2.739000e-05	-2.426372e-02	-1.040655e+01
2.740000e-05	-1.920387e-02	-1.039653e+01
2.741000e-05	-2.331801e-02	-1.038496e+01
2.742000e-05	-3.168457e-02	-1.035597e+01
2.743000e-05	-2.868055e-02	-1.034434e+01
2.744000e-05	-2.532773e-02	-1.025382e+01
2.745000e-05	-2.751963e-02	-1.022362e+01
2.746000e-05	-3.117601e-02	-1.023756e+01
2.747000e-05	-2.991752e-02	-1.021695e+01
2.748000e-05	-2.433717e-02	-1.009379e+01
2.749000e-05	-2.703730e-02	-1.007229e+01
2.750000e-05	-3.021010e-02	-1.002966e+01
2.751000e-05	-3.037807e-02	-9.978002e+00
2.752000e-05	-2.635624e-02	-9.935845e+00
2.753000e-05	-2.797507e-02	-9.864264e+00
2.754000e-05	-3.309959e-02	-9.830159e+00
2.755000e-05	-3.201566e-02	-9.756477e+00
2.756000e-05	-3.017256e-02	-9.703893e+00
2.757000e-05	-3.158952e-02	-9.611661e+00
2.758000e-05	-3.493653e-02	-9.559528e+00
2.759000e-05	-3.388257e-02	-9.503346e+00
2.760000e-05	-3.126305e-02	-9.368561e+00
2.761000e-05	-3.349315e-02	-9.294816e+00
2.762000e-05	-3.806337e-02	-9.210582e+00
2.763000e-05	-4.000804e-02	-9.115821e+00
2.764000e-05	-3.773723e-02	-8.991159e+00
2.765000e-05	-4.096067e-02	-8.906898e+00
2.766000e-05	-4.348469e-02	-8.812157e+00
2.767000e-05	-4.432491e-02	-8.739327e+00
2.768000e-05	-4.349712e-02	-8.653686e+00
2.769000e-05	-4.440905e-02	-8.486427e+00
2.770000e-05	-4.904246e-02	-8.359951e+00
2.771000e-05	-5.043192e-02	-8.244315e+00
2.772000e-05	-5.067710e-02	-8.179608e+00
2.773000e-05	-5.297117e-02	-8.063212e+00
2.774000e-05	-5.570120e-02	-7.948974e+00
2.775000e-05	-5.701593e-02	-7.739986e+00
2.776000e-05	-5.620575e-02	-7.621735e+00
2.777000e-05	-5.793408e-02	-7.516767e+00
2.778000e-05	-5.815839e-02	-7.359053e+00
2.779000e-05	-5.809152e-02	-7.203711e+00
2.780000e-05	-5.599515e-02	-7.117395e+00
2.781000e-05	-5.535674e-02	-6.918429e+00
2.782000e-05	-5.535946e-02	-6.740504e+00
2.783000e-05	-5.511655e-02	-6.622714e+00
2.784000e-05	-5.265791e-02	-6.526844e+00
2.785000e-05	-5.272166e-02	-6.369950e+00
2.786000e-05	-4.879047e-02	-6.151667e+00
2.787000e-05	-4.874538e-02	-6.001058e+00
2.788000e-05	-4.233459e-02	-5.855287e+00
2.789000e-05	-4.266882e-02	-5.717921e+00
2.790000e-05	-3.883733e-02	-5.570007e+00
2.791000e-05	-3.649297e-02	-5.351984e+00
2.792000e-05	-3.329265e-02	-5.149958e+00
2.793000e-05	-3.244110e-02	-4.981560e+00
2.794000e-05	-3.211659e-02	-4.760112e+00
2.795000e-05	-3.137725e-02	-4.590005e+00
2.796000e-05	-2.886158e-02	-4.444212e+00
2.797000e-05	-2.524386e-02	-4.277317e+00
2.798000e-05	-2.251908e-02	-4.137874e+00
2.799000e-05	-2.146295e-02	-3.949506e+00
2.800000e-05	-1.874539e-02	-3.783157e+00
2.801000e-05	-1.727509e-02	-3.582010e+00
2.802000e-05	-1.870314e-02	-3.421113e+00
2.803000e-05	-2.016937e-02	-3.245189e+00
2.804000e-05	-1.789057e-02	-3.065217e+00
2.805000e-05	-1.589998e-02	-2.824187e+00
2.806000e-05	-1.340932e-02	-2.665792e+00
2.807000e-05	-1.424614e-02	-2.488846e+00
2.808000e-05	-1.008445e-02	-2.307900e+00
2.809000e-05	-8.562408e-03	-2.046874e+00
2.810000e-05	-8.262092e-03	-1.898899e+00
2.811000e-05	-1.138666e-02	-1.729951e+00
2.812000e-05	-1.167945e-02	-1.590553e+00
2.813000e-05	-1.063432e-02	-1.280874e+00
2.814000e-05	-7.752333e-03	-1.076874e+00
2.815000e-05	-8.611654e-03	-9.174234e-01
2.816000e-05	-6.160803e-03	-7.304764e-01
2.817000e-05	-4.725840e-03	-4.874062e-01
2.818000e-05	-3.220393e-03	-3.299011e-01
2.819000e-05	-3.930289e-03	-1.620001e-01
2.820000e-05	6.759432e-04	-3.602579e-03
2.821000e-05	1.697620e-03	2.078913e-01
2.822000e-05	-2.327780e-03	4.179962e-01
2.823000e-05	-5.284943e-04	5.958382e-01
2.824000e-05	-1.015953e-03	7.732319e-01
2.825000e-05	1.520241e-03	8.621308e-01
2.826000e-05	1.150553e-03	1.153754e+00
2.827000e-05	7.646886e-03	1.333659e+00
2.828000e-05	4.273620e-02	1.533278e+00
2.829000e-05	6.111318e-02	1.824917e+00
2.830000e-05	-4.419624e-02	2.038924e+00
2.831000e-05	-4.587762e-02	2.216840e+00
2.832000e-05	-4.613179e-02	2.374314e+00
2.833000e-05	-5.213577e-02	2.451104e+00
2.834000e-05	1.080173e-01	2.635400e+00
2.835000e-05	5.676013e-03	2.818472e+00
2.836000e-05	-1.114779e-01	2.965347e+00
2.837000e-05	1.631230e-01	3.133158e+00
2.838000e-05	-1.116516e-02	3.353837e+00
2.839000e-05	-3.613726e-02	3.575817e+00
2.840000e-05	3.523609e-02	3.690578e+00
2.841000e-05	-9.141874e-02	3.911102e+00
2.842000e-05	5.949752e-02	4.020498e+00
2.843000e-05	6.799410e-02	4.277847e+00
2.844000e-05	-5.370556e-02	4.460051e+00
2.845000e-05	2.355949e-02	4.615892e+00
2.846000e-05	-1.166129e-02	4.796894e+00
2.847000e-05	2.216127e-02	5.005467e+00
2.848000e-05	1.239713e-02	5.214846e+00
2.849000e-05	-4.244105e-02	5.416893e+00
2.850000e-05	3.910438e-02	5.553270e+00
2.851000e-05	3.622894e-02	5.681608e+00
2.852000e-05	1.432230e-02	5.910132e+00
2.853000e-05	-3.526813e-02	6.068574e+00
2.854000e-05	2.704207e-05	6.227396e+00
2.855000e-05	5.359582e-02	6.342837e+00
2.856000e-05	-1.934975e-02	6.480128e+00
2.857000e-05	1.165417e-02	6.680032e+00
2.858000e-05	1.259001e-02	6.837450e+00
2.859000e-05	1.745896e-02	6.955917e+00
2.860000e-05	1.909259e-02	7.100657e+00
2.861000e-05	-1.967811e-02	7.226044e+00
2.862000e-05	1.707975e-02	7.344816e+00
2.863000e-05	1.383232e-02	7.573811e+00
2.864000e-05	2.437732e-02	7.679658e+00
2.865000e-05	-2.423544e-03	7.837948e+00
2.866000e-05	9.001146e-03	7.965916e+00
2.867000e-05	2.224883e-02	8.112183e+00
2.868000e-05	4.538691e-03	8.218477e+00
2.869000e-05	7.153207e-03	8.326366e+00
2.870000e-05	7.044724e-03	8.439528e+00
2.871000e-05	2.105506e-02	8.534216e+00
2.872000e-05	1.470272e-02	8.639502e+00
2.873000e-05	1.000577e-02	8.734340e+00
2.874000e-05	1.123702e-02	8.809049e+00
2.875000e-05	1.547812e-02	8.911712e+00
2.876000e-05	1.149431e-02	9.027054e+00
2.877000e-05	6.935698e-03	9.203817e+00
2.878000e-05	1.127781e-02	9.208579e+00
2.879000e-05	1.841908e-02	9.313210e+00
2.880000e-05	1.474921e-02	9.395369e+00
2.881000e-05	1.204634e-02	9.488680e+00
2.882000e-05	1.358986e-02	9.524869e+00
2.883000e-05	1.609382e-02	9.598525e+00
2.884000e-05	1.414505e-02	9.710682e+00
2.885000e-05	8.179500e-03	9.712814e+00
2.886000e-05	1.451837e-02	9.838531e+00
2.887000e-05	1.762994e-02	9.891687e+00
2.888000e-05	1.565264e-02	9.966371e+00
2.889000e-05	1.059068e-02	9.998549e+00
2.890000e-05	1.425267e-02	1.006166e+01
2.891000e-05	1.855294e-02	1.008331e+01
2.892000e-05	1.535937e-02	1.015424e+01
2.893000e-05	1.282475e-02	1.021637e+01
2.894000e-05	1.385927e-02	1.014650e+01
2.895000e-05	1.926976e-02	1.022058e+01
2.896000e-05	1.523035e-02	1.023964e+01
2.897000e-05	1.202987e-02	1.026271e+01
2.898000e-05	1.486127e-02	1.028127e+01
2.899000e-05	1.946657e-02	1.030281e+01
2.900000e-05	1.899104e-02	1.032242e+01
2.901000e-05	1.552282e-02	1.031439e+01
2.902000e-05	1.688970e-02	1.032382e+01
2.903000e-05	1.846585e-02	1.033637e+01
2.904000e-05	1.867069e-02	1.031490e+01
2.905000e-05	1.635342e-02	1.031585e+01
2.906000e-05	1.766263e-02	1.028440e+01
2.907000e-05	2.103144e-02	1.030324e+01
2.908000e-05	2.028470e-02	1.029327e+01
2.909000e-05	2.077328e-02	1.025169e+01
2.910000e-05	2.060691e-02	1.024958e+01
2.911000e-05	2.428502e-02	1.018101e+01
2.912000e-05	2.258841e-02	1.017592e+01
2.913000e-05	2.119565e-02	1.012592e+01
2.914000e-05	2.071375e-02	1.010427e+01
2.915000e-05	2.351703e-02	1.008319e+01
2.916000e-05	2.107907e-02	1.005053e+01
2.917000e-05	1.944167e-02	9.977051e+00
2.918000e-05	2.055351e-02	9.924846e+00
2.919000e-05	2.374256e-02	9.851138e+00
2.920000e-05	2.510854e-02	9.757506e+00
2.921000e-05	2.446241e-02	9.683815e+00
2.922000e-05	2.487624e-02	9.660086e+00
2.923000e-05	2.651121e-02	9.566899e+00
2.924000e-05	2.615684e-02	9.463814e+00
2.925000e-05	2.576828e-02	9.398556e+00
2.926000e-05	2.531307e-02	9.354824e+00
2.927000e-05	2.933223e-02	9.252764e+00
2.928000e-05	2.872584e-02	9.200054e+00
2.929000e-05	3.097781e-02	9.104920e+00
2.930000e-05	3.172061e-02	8.987563e+00
2.931000e-05	3.646443e-02	8.862686e+00
2.932000e-05	3.464854e-02	8.747947e+00
2.933000e-05	3.732193e-02	8.683719e+00
2.934000e-05	3.662779e-02	8.568556e+00
2.935000e-05	3.974877e-02	8.462744e+00
2.936000e-05	4.122471e-02	8.380503e+00
2.937000e-05	4.262204e-02	8.272764e+00
2.938000e-05	4.472663e-02	8.135946e+00
2.939000e-05	4.629093e-02	7.990010e+00
2.940000e-05	4.855605e-02	7.854270e+00
2.941000e-05	4.925822e-02	7.759946e+00
2.942000e-05	5.003711e-02	7.582159e+00
2.943000e-05	5.104077e-02	7.516891e+00
2.944000e-05	5.173569e-02	7.284889e+00
2.945000e-05	4.974683e-02	7.188453e+00
2.946000e-05	5.015520e-02	7.012708e+00
2.947000e-05	4.918087e-02	6.875242e+00
2.948000e-05	4.923757e-02	6.749050e+00
2.949000e-05	4.677452e-02	6.630614e+00
2.950000e-05	4.447540e-02	6.432134e+00
2.951000e-05	4.352549e-02	6.276270e+00
2.952000e-05	4.167760e-02	6.147952e+00
2.953000e-05	3.802965e-02	6.020632e+00
2.954000e-05	3.604499e-02	5.875869e+00
2.955000e-05	3.499958e-02	5.635166e+00
2.956000e-05	3.294677e-02	5.505846e+00
2.957000e-05	2.798137e-02	5.328951e+00
2.958000e-05	2.535842e-02	5.168526e+00
2.959000e-05	2.394513e-02	4.917026e+00
2.960000e-05	2.287551e-02	4.747950e+00
2.961000e-05	2.084634e-02	4.579477e+00
2.962000e-05	1.947789e-02	4.441137e+00
2.963000e-05	1.885148e-02	4.274315e+00
2.964000e-05	1.623809e-02	4.033188e+00
2.965000e-05	1.349241e-02	3.873770e+00
2.966000e-05	1.010048e-02	3.716344e+00
2.967000e-05	9.766330e-03	3.578529e+00
2.968000e-05	9.512643e-03	3.301031e+00
2.969000e-05	7.982526e-03	3.179451e+00
2.970000e-05	7.296988e-03	2.982084e+00
2.971000e-05	8.421757e-03	2.803654e+00
2.972000e-05	6.675612e-03	2.643265e+00
2.973000e-05	4.513990e-03	2.401057e+00
2.974000e-05	2.779644e-03	2.244208e+00
2.975000e-05	1.938914e-03	2.034213e+00
2.976000e-05	2.243020e-03	1.946870e+00
2.977000e-05	4.106809e-04	1.656814e+00
2.978000e-05	8.410039e-04	1.476845e+00
2.979000e-05	8.337513e-05	1.276321e+00
2.980000e-05	9.885739e-04	1.086295e+00
2.981000e-05	-6.556494e-04	8.226332e-01
2.982000e-05	-1.400489e-03	6.458143e-01
2.983000e-05	-1.811759e-03	5.167421e-01
2.984000e-05	-1.547900e-03	3.288949e-01
2.985000e-05	-4.461184e-03	7.524698e-02
2.986000e-05	9.975877e-04	-9.325645e-02
2.987000e-05	3.241857e-03	-2.916253e-01
2.988000e-05	-3.172031e-03	-4.179724e-01
2.989000e-05	-2.791975e-03	-5.783924e-01
2.990000e-05	-5.560530e-03	-8.379221e-01
2.991000e-05	-2.869910e-03	-9.148671e-01
2.992000e-05	-3.067814e-03	-1.133659e+00
2.993000e-05	8.057710e-03	-1.293687e+00
2.994000e-05	8.573046e-02	-1.570706e+00
2.995000e-05	-1.859567e-02	-1.722232e+00
2.996000e-05	-5.104207e-02	-2.014292e+00
2.997000e-05	-6.919103e-02	-2.269504e+00
2.998000e-05	-9.790641e-02	-2.449074e+00
2.999000e-05	1.389074e-01	-2.556841e+00
3.000000e-05	1.832026e-02	-2.640046e+00
3.001000e-05	-1.814270e-01	-2.879026e+00
3.002000e-05	1.957585e-01	-3.060606e+00
3.003000e-05	-1.983911e-02	-3.177371e+00
3.004000e-05	-7.787545e-02	-3.436973e+00
3.005000e-05	7.840403e-02	-3.587371e+00
3.006000e-05	-1.634127e-01	-3.724108e+00
3.007000e-05	2.393828e-02	-4.006841e+00
3.008000e-05	1.288537e-01	-4.094784e+00
3.009000e-05	-1.323448e-01	-4.321658e+00
3.010000e-05	5.914093e-02	-4.469578e+00
3.011000e-05	-4.543896e-02	-4.638475e+00
3.012000e-05	-1.521825e-02	-4.860004e+00
3.013000e-05	6.742938e-02	-4.996449e+00
3.014000e-05	-1.741781e-01	-5.194741e+00
3.015000e-05	9.807975e-02	-5.364995e+00
3.016000e-05	1.727089e-02	-5.565769e+00
3.017000e-05	-4.162458e-02	-5.755891e+00
3.018000e-05	-6.734332e-03	-5.882607e+00
3.019000e-05	-9.207830e-02	-6.057523e+00
3.020000e-05	1.081845e-01	-6.257944e+00
3.021000e-05	-7.721118e-02	-6.396446e+00
3.022000e-05	-3.122573e-02	-6.553841e+00
3.023000e-05	4.508847e-02	-6.661704e+00
3.024000e-05	-5.242694e-02	-6.827903e+00
3.025000e-05	5.011655e-02	-6.944868e+00
3.026000e-05	-1.103888e-01	-7.142842e+00
3.027000e-05	2.702170e-02	-7.269757e+00
3.028000e-05	7.526959e-03	-7.437949e+00
3.029000e-05	-4.340508e-02	-7.584841e+00
3.030000e-05	7.253934e-03	-7.723684e+00
3.031000e-05	-5.504910e-02	-7.859057e+00
3.032000e-05	5.053386e-02	-8.026951e+00
3.033000e-05	-5.370946e-02	-8.103738e+00
3.034000e-05	-2.011067e-02	-8.269552e+00
3.035000e-05	-9.095253e-03	-8.363816e+00
3.036000e-05	-1.559511e-02	-8.451530e+00
3.037000e-05	6.393975e-03	-8.533869e+00
3.038000e-05	-5.973411e-02	-8.721639e+00
3.039000e-05	7.931252e-03	-8.827027e+00
3.040000e-05	-1.721647e-02	-8.883213e+00
3.041000e-05	-9.998409e-03	-8.998999e+00
3.042000e-05	-3.255213e-02	-9.082689e+00
3.043000e-05	-2.253205e-02	-9.184992e+00
3.044000e-05	7.529937e-03	-9.239555e+00
3.045000e-05	-2.767663e-02	-9.324344e+00
3.046000e-05	-2.256530e-02	-9.426433e+00
3.047000e-05	-2.624291e-02	-9.555372e+00
3.048000e-05	-4.375771e-03	-9.619503e+00
3.049000e-05	-2.261656e-02	-9.671640e+00
3.050000e-05	-3.000107e-02	-9.714312e+00
3.051000e-05	-1.659187e-02	-9.787004e+00
3.052000e-05	-7.659968e-03	-9.889658e+00
3.053000e-05	-1.737835e-02	-9.913291e+00
3.054000e-05	-3.103226e-02	-9.968449e+00
3.055000e-05	-2.041331e-02	-9.998977e+00
3.056000e-05	-1.261862e-02	-1.006008e+01
3.057000e-05	-1.926074e-02	-1.011322e+01
3.058000e-05	-3.297990e-02	-1.011585e+01
3.059000e-05	-1.976238e-02	-1.018742e+01
3.060000e-05	-1.329041e-02	-1.022904e+01
3.061000e-05	-1.957885e-02	-1.024184e+01
3.062000e-05	-3.042073e-02	-1.033537e+01
3.063000e-05	-2.368639e-02	-1.036487e+01
3.064000e-05	-1.260121e-02	-1.037589e+01
3.065000e-05	-2.202062e-02	-1.034692e+01
3.066000e-05	-2.770643e-02	-1.036805e+01
3.067000e-05	-2.662715e-02	-1.040958e+01
3.068000e-05	-1.706162e-02	-1.043956e+01
3.069000e-05	-2.374069e-02	-1.043955e+01
3.070000e-05	-3.119276e-02	-1.039853e+01
3.071000e-05	-2.470577e-02	-1.039860e+01
3.072000e-05	-1.960839e-02	-1.038843e+01
3.073000e-05	-2.112597e-02	-1.035692e+01
3.074000e-05	-3.186346e-02	-1.035555e+01
3.075000e-05	-2.891046e-02	-1.034492e+01
3.076000e-05	-2.413720e-02	-1.027282e+01
3.077000e-05	-2.707539e-02	-1.025024e+01
3.078000e-05	-3.222344e-02	-1.018909e+01
3.079000e-05	-3.080897e-02	-1.018655e+01
3.080000e-05	-2.371496e-02	-1.008532e+01
3.081000e-05	-2.614078e-02	-1.008272e+01
3.082000e-05	-3.131308e-02	-1.003116e+01
3.083000e-05	-3.126309e-02	-9.999528e+00
3.084000e-05	-2.527592e-02	-9.944798e+00
3.085000e-05	-2.651317e-02	-9.902745e+00
3.086000e-05	-3.301250e-02	-9.801711e+00
3.087000e-05	-3.345299e-02	-9.718977e+00
3.088000e-05	-2.958968e-02	-9.655368e+00
3.089000e-05	-2.938032e-02	-9.661635e+00
3.090000e-05	-3.583395e-02	-9.559631e+00
3.091000e-05	-3.554372e-02	-9.527370e+00
3.092000e-05	-3.225120e-02	-9.421112e+00
3.093000e-05	-3.173897e-02	-9.295400e+00
3.094000e-05	-3.861934e-02	-9.252109e+00
3.095000e-05	-4.081451e-02	-9.129322e+00
3.096000e-05	-3.849279e-02	-9.022234e+00
3.097000e-05	-3.805836e-02	-8.906474e+00
3.098000e-05	-4.346937e-02	-8.863235e+00
3.099000e-05	-4.513566e-02	-8.739527e+00
3.100000e-05	-4.278829e-02	-8.632267e+00
3.101000e-05	-4.329721e-02	-8.505799e+00
3.102000e-05	-4.933912e-02	-8.381530e+00
3.103000e-05	-5.274724e-02	-8.314867e+00
3.104000e-05	-5.153726e-02	-8.161635e+00
3.105000e-05	-5.098295e-02	-8.055190e+00
3.106000e-05	-5.491242e-02	-7.919503e+00
3.107000e-05	-5.835609e-02	-7.811211e+00
3.108000e-05	-5.577437e-02	-7.621262e+00
3.109000e-05	-5.572608e-02	-7.486895e+00
3.110000e-05	-5.931294e-02	-7.390581e+00
3.111000e-05	-6.046342e-02	-7.212738e+00
3.112000e-05	-5.770369e-02	-7.085848e+00
3.113000e-05	-5.510010e-02	-6.898504e+00
3.114000e-05	-5.434832e-02	-6.780554e+00
3.115000e-05	-5.579948e-02	-6.624715e+00
3.116000e-05	-5.148159e-02	-6.525921e+00
3.117000e-05	-4.918475e-02	-6.371079e+00
3.118000e-05	-4.964584e-02	-6.174187e+00
3.119000e-05	-4.990499e-02	-5.993066e+00
3.120000e-05	-4.490919e-02	-5.865292e+00
3.121000e-05	-4.083705e-02	-5.758424e+00
3.122000e-05	-3.834390e-02	-5.602578e+00
3.123000e-05	-3.770848e-02	-5.372137e+00
3.124000e-05	-3.537072e-02	-5.171556e+00
3.125000e-05	-3.138018e-02	-4.991582e+00
3.126000e-05	-3.132885e-02	-4.802662e+00
3.127000e-05	-3.101528e-02	-4.621708e+00
3.128000e-05	-2.763469e-02	-4.443767e+00
3.129000e-05	-2.599686e-02	-4.307821e+00
3.130000e-05	-2.433280e-02	-4.151003e+00
3.131000e-05	-2.333913e-02	-3.991529e+00
3.132000e-05	-1.970298e-02	-3.773789e+00
3.133000e-05	-1.768525e-02	-3.582558e+00
3.134000e-05	-1.653651e-02	-3.393211e+00
3.135000e-05	-1.826150e-02	-3.215367e+00
3.136000e-05	-1.514209e-02	-3.077819e+00
3.137000e-05	-1.730080e-02	-2.836694e+00
3.138000e-05	-1.453580e-02	-2.687319e+00
3.139000e-05	-1.604867e-02	-2.498949e+00
3.140000e-05	-1.189879e-02	-2.329400e+00
3.141000e-05	-1.131993e-02	-2.059449e+00
3.142000e-05	-8.314935e-03	-1.898950e+00
3.143000e-05	-9.330699e-03	-1.752057e+00
3.144000e-05	-8.844304e-03	-1.540053e+00
3.145000e-05	-9.650659e-03	-1.321109e+00
3.146000e-05	-8.274695e-03	-1.138871e+00
3.147000e-05	-7.574227e-03	-9.394279e-01
3.148000e-05	-8.143692e-03	-7.694963e-01
3.149000e-05	-6.922796e-03	-4.895302e-01
3.150000e-05	-4.475368e-03	-3.799513e-01
3.151000e-05	-3.759544e-03	-1.815816e-01
3.152000e-05	4.883315e-04	-1.355672e-02
3.153000e-05	2.688085e-03	2.257857e-01
3.154000e-05	-1.066650e-03	3.783421e-01
3.155000e-05	1.289033e-03	5.737619e-01
3.156000e-05	-1.769870e-03	7.347303e-01
3.157000e-05	9.160366e-04	8.615513e-01
3.158000e-05	6.665524e-05	1.101630e+00
3.159000e-05	6.293850e-03	1.321579e+00
3.160000e-05	3.571114e-02	1.480603e+00
3.161000e-05	6.735255e-02	1.785259e+00
3.162000e-05	-3.668501e-02	2.008368e+00
3.163000e-05	-4.502047e-02	2.224812e+00
3.164000e-05	-4.353035e-02	2.383740e+00
3.165000e-05	-5.655684e-02	2.410050e+00
3.166000e-05	8.950114e-02	2.594337e+00
3.167000e-05	3.820955e-02	2.827446e+00
3.168000e-05	-1.292756e-01	2.986391e+00
3.169000e-05	1.530218e-01	3.112658e+00
3.170000e-05	6.312675e-03	3.332711e+00
3.171000e-05	-4.514676e-02	3.585290e+00
3.172000e-05	4.345747e-02	3.661054e+00
3.173000e-05	-8.800228e-02	3.858075e+00
3.174000e-05	3.948581e-02	4.007425e+00
3.175000e-05	8.079695e-02	4.216840e+00
3.176000e-05	-4.888559e-02	4.437973e+00
3.177000e-05	1.567787e-02	4.626843e+00
3.178000e-05	-3.122530e-03	4.814289e+00
3.179000e-05	9.200834e-03	4.974287e+00
3.180000e-05	2.574863e-02	5.153837e+00
3.181000e-05	-4.725423e-02	5.364891e+00
3.182000e-05	3.457550e-02	5.522833e+00
3.183000e-05	3.610446e-02	5.641629e+00
3.184000e-05	1.925133e-02	5.898073e+00
3.185000e-05	-2.937424e-02	6.037474e+00
3.186000e-05	-1.021279e-02	6.204943e+00
3.187000e-05	5.673872e-02	6.332762e+00
3.188000e-05	-1.718023e-02	6.449153e+00
3.189000e-05	8.816337e-03	6.698028e+00
3.190000e-05	1.495627e-02	6.826395e+00
3.191000e-05	1.398241e-02	6.935367e+00
3.192000e-05	2.084401e-02	7.050056e+00
3.193000e-05	-1.692401e-02	7.206924e+00
3.194000e-05	1.482910e-02	7.333865e+00
3.195000e-05	1.298433e-02	7.532683e+00
3.196000e-05	2.161069e-02	7.689107e+00
3.197000e-05	2.711545e-03	7.795475e+00
3.198000e-05	7.949116e-03	7.964793e+00
3.199000e-05	2.203537e-02	8.100659e+00
3.200000e-05	4.713836e-03	8.197476e+00
3.201000e-05	7.131708e-03	8.313264e+00
3.202000e-05	7.608917e-03	8.439001e+00
3.203000e-05	1.759582e-02	8.511711e+00
3.204000e-05	1.558296e-02	8.638401e+00
3.205000e-05	9.941566e-03	8.702264e+00
3.206000e-05	1.361924e-02	8.816472e+00
3.207000e-05	1.445567e-02	8.902158e+00
3.208000e-05	1.090698e-02	8.997104e+00
3.209000e-05	7.767762e-03	9.162292e+00
3.210000e-05	9.389782e-03	9.208553e+00
3.211000e-05	1.911628e-02	9.291236e+00
3.212000e-05	1.300021e-02	9.396846e+00
3.213000e-05	1.318368e-02	9.459658e+00
3.214000e-05	1.391655e-02	9.504319e+00
3.215000e-05	1.704483e-02	9.597047e+00
3.216000e-05	1.421684e-02	9.669558e+00
3.217000e-05	8.508740e-03	9.803871e+00
3.218000e-05	1.530529e-02	9.856653e+00
3.219000e-05	1.607095e-02	9.891239e+00
3.220000e-05	1.638985e-02	9.954820e+00
3.221000e-05	1.031558e-02	1.002750e+01
3.222000e-05	1.405882e-02	1.001863e+01
3.223000e-05	1.826118e-02	1.007319e+01
3.224000e-05	1.609096e-02	1.009329e+01
3.225000e-05	1.516666e-02	1.015595e+01
3.226000e-05	1.498141e-02	1.018740e+01
3.227000e-05	1.981674e-02	1.021858e+01
3.228000e-05	1.571862e-02	1.027216e+01
3.229000e-05	1.214403e-02	1.026916e+01
3.230000e-05	1.405966e-02	1.029129e+01
3.231000e-05	1.898237e-02	1.032424e+01
3.232000e-05	1.862440e-02	1.029379e+01
3.233000e-05	1.592509e-02	1.030477e+01
3.234000e-05	1.752068e-02	1.031489e+01
3.235000e-05	1.995110e-02	1.032535e+01
3.236000e-05	1.922700e-02	1.033537e+01
3.237000e-05	1.594785e-02	1.030332e+01
3.238000e-05	1.850784e-02	1.030579e+01
3.239000e-05	2.040087e-02	1.031322e+01
3.240000e-05	2.150695e-02	1.026279e+01
3.241000e-05	1.903386e-02	1.027319e+01
3.242000e-05	1.967122e-02	1.021171e+01
3.243000e-05	2.328905e-02	1.022011e+01
3.244000e-05	2.281666e-02	1.015652e+01
3.245000e-05	2.200614e-02	1.014640e+01
3.246000e-05	2.123889e-02	1.012382e+01
3.247000e-05	2.392922e-02	1.009121e+01
3.248000e-05	2.199414e-02	1.002973e+01
3.249000e-05	2.026258e-02	1.000000e+01
3.250000e-05	2.076374e-02	9.915350e+00
3.251000e-05	2.310717e-02	9.861212e+00
3.252000e-05	2.553805e-02	9.767552e+00
3.253000e-05	2.413472e-02	9.683922e+00
3.254000e-05	2.547976e-02	9.651634e+00
3.255000e-05	2.570848e-02	9.538052e+00
3.256000e-05	2.721589e-02	9.474265e+00
3.257000e-05	2.598197e-02	9.420561e+00
3.258000e-05	2.566120e-02	9.336972e+00
3.259000e-05	2.869089e-02	9.271692e+00
3.260000e-05	2.827121e-02	9.200628e+00
3.261000e-05	3.035547e-02	9.084395e+00
3.262000e-05	3.084609e-02	8.969058e+00
3.263000e-05	3.594753e-02	8.823691e+00
3.264000e-05	3.540180e-02	8.748977e+00
3.265000e-05	3.715266e-02	8.672786e+00
3.266000e-05	3.825888e-02	8.580029e+00
3.267000e-05	4.067243e-02	8.463765e+00
3.268000e-05	4.015184e-02	8.371476e+00
3.269000e-05	4.070360e-02	8.224244e+00
3.270000e-05	4.360282e-02	8.126450e+00
3.271000e-05	4.594550e-02	8.000704e+00
3.272000e-05	4.777276e-02	7.904270e+00
3.273000e-05	4.880515e-02	7.739028e+00
3.274000e-05	5.072609e-02	7.591232e+00
3.275000e-05	5.153014e-02	7.498422e+00
3.276000e-05	5.236473e-02	7.306473e+00
3.277000e-05	4.959603e-02	7.189079e+00
3.278000e-05	4.989125e-02	7.022757e+00
3.279000e-05	4.899872e-02	6.905346e+00
3.280000e-05	4.842168e-02	6.779550e+00
3.281000e-05	4.655684e-02	6.621716e+00
3.282000e-05	4.469047e-02	6.432715e+00
3.283000e-05	4.310867e-02	6.304844e+00
3.284000e-05	4.184878e-02	6.158474e+00
3.285000e-05	3.957402e-02	6.001658e+00
3.286000e-05	3.614027e-02	5.926317e+00
3.287000e-05	3.435492e-02	5.684366e+00
3.288000e-05	3.266363e-02	5.497399e+00
3.289000e-05	2.962872e-02	5.378975e+00
3.290000e-05	2.501640e-02	5.180579e+00
3.291000e-05	2.321524e-02	4.958580e+00
3.292000e-05	2.354823e-02	4.759500e+00
3.293000e-05	2.246304e-02	4.570558e+00
3.294000e-05	1.891224e-02	4.442636e+00
3.295000e-05	1.624465e-02	4.307868e+00
3.296000e-05	1.631112e-02	4.044363e+00
3.297000e-05	1.490624e-02	3.877916e+00
3.298000e-05	1.143090e-02	3.697849e+00
3.299000e-05	9.300085e-03	3.561002e+00
3.300000e-05	9.574407e-03	3.332227e+00
3.301000e-05	9.114470e-03	3.150002e+00
3.302000e-05	6.920854e-03	2.981635e+00
3.303000e-05	6.268273e-03	2.812735e+00
3.304000e-05	6.011450e-03	2.684867e+00
3.305000e-05	5.604242e-03	2.404207e+00
3.306000e-05	4.466094e-03	2.244262e+00
3.307000e-05	2.119610e-03	2.075791e+00
3.308000e-05	2.285164e-03	1.886899e+00
3.309000e-05	1.815105e-03	1.658421e+00
3.310000e-05	2.540795e-04	1.477919e+00
3.311000e-05	-1.629846e-03	1.296396e+00
3.312000e-05	-1.882190e-04	1.086870e+00
3.313000e-05	-4.278475e-04	8.158619e-01
3.314000e-05	-1.041718e-03	6.463144e-01
3.315000e-05	-1.937253e-03	5.178183e-01
3.316000e-05	-1.002014e-03	3.394462e-01
3.317000e-05	-2.251280e-03	8.784199e-02
3.318000e-05	8.345118e-04	-6.110526e-02
3.319000e-05	-2.498092e-06	-2.515787e-01
3.320000e-05	-3.778164e-03	-4.074487e-01
3.321000e-05	-2.574187e-03	-6.083731e-01
3.322000e-05	-6.159680e-03	-8.073935e-01
3.323000e-05	-4.832886e-03	-9.352345e-01
3.324000e-05	-3.143732e-03	-1.132133e+00
3.325000e-05	9.192538e-03	-1.311654e+00
3.326000e-05	8.028961e-02	-1.511711e+00
3.327000e-05	-2.533772e-03	-1.711557e+00
3.328000e-05	-5.711174e-02	-1.995263e+00
3.329000e-05	-6.144750e-02	-2.246368e+00
3.330000e-05	-1.033561e-01	-2.459504e+00
3.331000e-05	1.102392e-01	-2.546762e+00
3.332000e-05	5.530867e-02	-2.649496e+00
3.333000e-05	-1.971919e-01	-2.848500e+00
3.334000e-05	1.765578e-01	-3.099034e+00
3.335000e-05	1.480751e-02	-3.185991e+00
3.336000e-05	-9.787987e-02	-3.446396e+00
3.337000e-05	8.601920e-02	-3.576945e+00
3.338000e-05	-1.434673e-01	-3.731532e+00
3.339000e-05	-1.775422e-02	-3.965817e+00
3.340000e-05	1.511684e-01	-4.093062e+00
3.341000e-05	-1.255848e-01	-4.293083e+00
3.342000e-05	4.277089e-02	-4.430980e+00
3.343000e-05	-2.279502e-02	-4.558824e+00
3.344000e-05	-4.474353e-02	-4.878501e+00
3.345000e-05	9.066892e-02	-5.006898e+00
3.346000e-05	-1.708809e-01	-5.173236e+00
3.347000e-05	6.984750e-02	-5.396391e+00
3.348000e-05	4.377054e-02	-5.554290e+00
3.349000e-05	-5.439646e-02	-5.723791e+00
3.350000e-05	6.849000e-03	-5.880733e+00
3.351000e-05	-1.025860e-01	-6.037973e+00
3.352000e-05	9.882311e-02	-6.230426e+00
3.353000e-05	-5.147977e-02	-6.394872e+00
3.354000e-05	-5.712265e-02	-6.543264e+00
3.355000e-05	6.049263e-02	-6.649128e+00
3.356000e-05	-5.990513e-02	-6.786421e+00
3.357000e-05	5.469092e-02	-6.966271e+00
3.358000e-05	-9.837067e-02	-7.131215e+00
3.359000e-05	3.529634e-03	-7.258034e+00
3.360000e-05	2.517677e-02	-7.407895e+00
3.361000e-05	-5.356302e-02	-7.553817e+00
3.362000e-05	1.616769e-02	-7.702610e+00
3.363000e-05	-6.178817e-02	-7.870605e+00
3.364000e-05	4.749698e-02	-8.006000e+00
3.365000e-05	-4.185678e-02	-8.084213e+00
3.366000e-05	-3.303112e-02	-8.218051e+00
3.367000e-05	-1.923523e-03	-8.314267e+00
3.368000e-05	-2.109552e-02	-8.429077e+00
3.369000e-05	1.728705e-02	-8.556872e+00
3.370000e-05	-6.004768e-02	-8.661262e+00
3.371000e-05	2.498616e-03	-8.796974e+00
3.372000e-05	-1.496477e-02	-8.871188e+00
3.373000e-05	-1.218870e-02	-9.016371e+00
3.374000e-05	-2.908480e-02	-9.091657e+00
3.375000e-05	-2.852453e-02	-9.134921e+00
3.376000e-05	1.011079e-02	-9.249530e+00
3.377000e-05	-2.455349e-02	-9.313741e+00
3.378000e-05	-2.099391e-02	-9.398109e+00
3.379000e-05	-2.880963e-02	-9.524765e+00
3.380000e-05	-3.830123e-03	-9.627028e+00
3.381000e-05	-1.818406e-02	-9.651637e+00
3.382000e-05	-3.177408e-02	-9.753315e+00
3.383000e-05	-2.161911e-02	-9.785450e+00
3.384000e-05	-8.043219e-03	-9.838636e+00
3.385000e-05	-1.268543e-02	-9.903794e+00
3.386000e-05	-3.235920e-02	-9.944397e+00
3.387000e-05	-2.297088e-02	-9.999100e+00
3.388000e-05	-1.363370e-02	-1.001908e+01
3.389000e-05	-1.435548e-02	-1.007269e+01
3.390000e-05	-3.216722e-02	-1.015629e+01
3.391000e-05	-2.343159e-02	-1.022451e+01
3.392000e-05	-1.306553e-02	-1.020011e+01
3.393000e-05	-1.653743e-02	-1.026019e+01
3.394000e-05	-2.969823e-02	-1.031380e+01
3.395000e-05	-2.765719e-02	-1.032534e+01
3.396000e-05	-1.268450e-02	-1.038740e+01
3.397000e-05	-1.894178e-02	-1.037850e+01
3.398000e-05	-2.663936e-02	-1.039855e+01
3.399000e-05	-2.958661e-02	-1.043950e+01
3.400000e-05	-1.785972e-02	-1.044908e+01
3.401000e-05	-2.126838e-02	-1.040955e+01
3.402000e-05	-3.095499e-02	-1.038956e+01
3.403000e-05	-2.830792e-02	-1.038858e+01
3.404000e-05	-2.072018e-02	-1.041795e+01
3.405000e-05	-1.885708e-02	-1.037853e+01
3.406000e-05	-3.013138e-02	-1.033543e+01
3.407000e-05	-3.140177e-02	-1.027582e+01
3.408000e-05	-2.521503e-02	-1.029279e+01
3.409000e-05	-2.422340e-02	-1.024229e+01
3.410000e-05	-3.031312e-02	-1.024871e+01
3.411000e-05	-3.365441e-02	-1.015653e+01
3.412000e-05	-2.512166e-02	-1.009580e+01
3.413000e-05	-2.435681e-02	-1.008281e+01
3.414000e-05	-2.973104e-02	-1.006163e+01
3.415000e-05	-3.313697e-02	-9.999005e+00
3.416000e-05	-2.755565e-02	-9.907399e+00
3.417000e-05	-2.463121e-02	-9.903819e+00
3.418000e-05	-2.888828e-02	-9.811636e+00
3.419000e-05	-3.473777e-02	-9.799027e+00
3.420000e-05	-3.162018e-02	-9.706370e+00
3.421000e-05	-2.985054e-02	-9.671137e+00
3.422000e-05	-3.358938e-02	-9.588552e+00
3.423000e-05	-3.686827e-02	-9.497922e+00
3.424000e-05	-3.357846e-02	-9.419611e+00
3.425000e-05	-3.088781e-02	-9.324276e+00
3.426000e-05	-3.433403e-02	-9.232108e+00
3.427000e-05	-4.032210e-02	-9.118446e+00
3.428000e-05	-3.880772e-02	-9.042712e+00
3.429000e-05	-3.860354e-02	-8.936949e+00
3.430000e-05	-4.187685e-02	-8.843716e+00
3.431000e-05	-4.599961e-02	-8.790104e+00
3.432000e-05	-4.582796e-02	-8.612821e+00
3.433000e-05	-4.357522e-02	-8.484971e+00
3.434000e-05	-4.725546e-02	-8.370082e+00
3.435000e-05	-5.087577e-02	-8.316844e+00
3.436000e-05	-5.144286e-02	-8.210609e+00
3.437000e-05	-5.079730e-02	-8.075290e+00
3.438000e-05	-5.247761e-02	-7.960428e+00
3.439000e-05	-5.739919e-02	-7.800236e+00
3.440000e-05	-5.823931e-02	-7.634245e+00
3.441000e-05	-5.765895e-02	-7.525325e+00
3.442000e-05	-5.713321e-02	-7.370500e+00
3.443000e-05	-5.879511e-02	-7.262265e+00
3.444000e-05	-5.833994e-02	-7.106448e+00
3.445000e-05	-5.547623e-02	-6.950562e+00
3.446000e-05	-5.452582e-02	-6.791532e+00
3.447000e-05	-5.502577e-02	-6.624742e+00
3.448000e-05	-5.349659e-02	-6.486475e+00
3.449000e-05	-5.088640e-02	-6.401610e+00
3.450000e-05	-4.841769e-02	-6.204638e+00
3.451000e-05	-4.790095e-02	-6.033641e+00
3.452000e-05	-4.597762e-02	-5.917345e+00
3.453000e-05	-4.317029e-02	-5.730000e+00
3.454000e-05	-3.990286e-02	-5.611610e+00
3.455000e-05	-3.814300e-02	-5.434158e+00
3.456000e-05	-3.534095e-02	-5.213129e+00
3.457000e-05	-3.183154e-02	-5.002718e+00
3.458000e-05	-2.952022e-02	-4.814762e+00
3.459000e-05	-2.939896e-02	-4.613209e+00
3.460000e-05	-2.845921e-02	-4.446817e+00
3.461000e-05	-2.725791e-02	-4.328826e+00
3.462000e-05	-2.399918e-02	-4.179579e+00
3.463000e-05	-2.367683e-02	-4.011534e+00
3.464000e-05	-2.144768e-02	-3.854242e+00
3.465000e-05	-2.027751e-02	-3.622536e+00
3.466000e-05	-1.672543e-02	-3.453242e+00
3.467000e-05	-1.766925e-02	-3.275293e+00
3.468000e-05	-1.550602e-02	-3.128898e+00
3.469000e-05	-1.728686e-02	-2.836816e+00
3.470000e-05	-1.407031e-02	-2.707849e+00
3.471000e-05	-1.499275e-02	-2.548474e+00
3.472000e-05	-1.230832e-02	-2.350476e+00
3.473000e-05	-1.200800e-02	-2.109529e+00
3.474000e-05	-9.337842e-03	-1.949972e+00
3.475000e-05	-9.278315e-03	-1.760530e+00
3.476000e-05	-8.928972e-03	-1.571584e+00
3.477000e-05	-9.024327e-03	-1.303636e+00
3.478000e-05	-8.016626e-03	-1.149051e+00
3.479000e-05	-6.955293e-03	-9.715011e-01
3.480000e-05	-7.901409e-03	-7.320089e-01
3.481000e-05	-5.983247e-03	-5.640640e-01
3.482000e-05	-4.728283e-03	-3.920247e-01
3.483000e-05	-4.494089e-03	-2.026878e-01
3.484000e-05	-2.294492e-04	-1.465934e-02
3.485000e-05	4.399995e-03	1.737831e-01
3.486000e-05	-2.801232e-03	3.839221e-01
3.487000e-05	2.219384e-03	5.247344e-01
3.488000e-05	-1.754981e-03	7.431329e-01
3.489000e-05	2.065760e-03	8.199978e-01
3.490000e-05	-9.506094e-04	1.120551e+00
3.491000e-05	6.088173e-03	1.271128e+00
3.492000e-05	2.925723e-02	1.460548e+00
3.493000e-05	7.081963e-02	1.774131e+00
3.494000e-05	-2.974571e-02	2.004365e+00
3.495000e-05	-4.594249e-02	2.164812e+00
3.496000e-05	-4.329821e-02	2.312708e+00
3.497000e-05	-5.897895e-02	2.409026e+00
3.498000e-05	6.925097e-02	2.534309e+00
3.499000e-05	6.994792e-02	2.786868e+00
3.500000e-05	-1.397260e-01	2.964791e+00
3.501000e-05	1.346067e-01	3.081053e+00
3.502000e-05	2.875807e-02	3.320057e+00
3.503000e-05	-5.236608e-02	3.544314e+00
3.504000e-05	4.407746e-02	3.620075e+00
3.505000e-05	-8.154653e-02	3.859499e+00
3.506000e-05	1.927375e-02	3.987475e+00
3.507000e-05	9.397493e-02	4.174887e+00
3.508000e-05	-4.214338e-02	4.426497e+00
3.509000e-05	4.666675e-03	4.594738e+00
3.510000e-05	7.456967e-03	4.783311e+00
3.511000e-05	-1.795739e-03	4.961906e+00
3.512000e-05	3.735974e-02	5.112759e+00
3.513000e-05	-5.141133e-02	5.354862e+00
3.514000e-05	2.813718e-02	5.545287e+00
3.515000e-05	3.847127e-02	5.639602e+00
3.516000e-05	2.340243e-02	5.878523e+00
3.517000e-05	-2.636409e-02	6.035971e+00
3.518000e-05	-2.025308e-02	6.177367e+00
3.519000e-05	6.103014e-02	6.302212e+00
3.520000e-05	-1.086544e-02	6.438048e+00
3.521000e-05	3.217753e-03	6.617498e+00
3.522000e-05	1.630176e-02	6.785394e+00
3.523000e-05	1.417227e-02	6.941240e+00
3.524000e-05	2.129539e-02	7.081578e+00
3.525000e-05	-1.644829e-02	7.196317e+00
3.526000e-05	8.598135e-03	7.323841e+00
3.527000e-05	1.878522e-02	7.510682e+00
3.528000e-05	2.107561e-02	7.670158e+00
3.529000e-05	5.008795e-03	7.805993e+00
3.530000e-05	2.092908e-03	7.905340e+00
3.531000e-05	2.492175e-02	8.112087e+00
3.532000e-05	6.628117e-03	8.196844e+00
3.533000e-05	2.334310e-03	8.303791e+00
3.534000e-05	9.474916e-03	8.429000e+00
3.535000e-05	1.737340e-02	8.502757e+00
3.536000e-05	1.700002e-02	8.618977e+00
3.537000e-05	6.043075e-03	8.682819e+00
3.538000e-05	1.377049e-02	8.805976e+00
3.539000e-05	1.814993e-02	8.882732e+00
3.540000e-05	1.145780e-02	9.038049e+00
3.541000e-05	6.458058e-03	9.133815e+00
3.542000e-05	7.500135e-03	9.208074e+00
3.543000e-05	2.164453e-02	9.261211e+00
3.544000e-05	1.236354e-02	9.385943e+00
3.545000e-05	1.038768e-02	9.439133e+00
3.546000e-05	1.260842e-02	9.523293e+00
3.547000e-05	1.893443e-02	9.586423e+00
3.548000e-05	1.603132e-02	9.669582e+00
3.549000e-05	8.144055e-03	9.701315e+00
3.550000e-05	1.486814e-02	9.817427e+00
3.551000e-05	1.710320e-02	9.891738e+00
3.552000e-05	1.743377e-02	9.984392e+00
3.553000e-05	1.011048e-02	1.001750e+01
3.554000e-05	1.261305e-02	1.005113e+01
3.555000e-05	1.607098e-02	1.006221e+01
3.556000e-05	1.620439e-02	1.012319e+01
3.557000e-05	1.535071e-02	1.013492e+01
3.558000e-05	1.536285e-02	1.018705e+01
3.559000e-05	1.895301e-02	1.018858e+01
3.560000e-05	1.634905e-02	1.027118e+01
3.561000e-05	1.365564e-02	1.029116e+01
3.562000e-05	1.360906e-02	1.029174e+01
3.563000e-05	1.781211e-02	1.029284e+01
3.564000e-05	1.755800e-02	1.029371e+01
3.565000e-05	1.710603e-02	1.033490e+01
3.566000e-05	1.658936e-02	1.030534e+01
3.567000e-05	1.893141e-02	1.032432e+01
3.568000e-05	1.982100e-02	1.030432e+01
3.569000e-05	1.692516e-02	1.031332e+01
3.570000e-05	1.927220e-02	1.028387e+01
3.571000e-05	1.991884e-02	1.029322e+01
3.572000e-05	2.188431e-02	1.031231e+01
3.573000e-05	1.949083e-02	1.024271e+01
3.574000e-05	1.973147e-02	1.024059e+01
3.575000e-05	2.135786e-02	1.018908e+01
3.576000e-05	2.239551e-02	1.017700e+01
3.577000e-05	2.182576e-02	1.012542e+01
3.578000e-05	2.167798e-02	1.009434e+01
3.579000e-05	2.343150e-02	1.007224e+01
3.580000e-05	2.251178e-02	1.005113e+01
3.581000e-05	2.215069e-02	9.999551e+00
3.582000e-05	2.026470e-02	9.957445e+00
3.583000e-05	2.192093e-02	9.851867e+00
3.584000e-05	2.428553e-02	9.758630e+00
3.585000e-05	2.396013e-02	9.683844e+00
3.586000e-05	2.438201e-02	9.641235e+00
3.587000e-05	2.556307e-02	9.557979e+00
3.588000e-05	2.859804e-02	9.494793e+00
3.589000e-05	2.751200e-02	9.450590e+00
3.590000e-05	2.632597e-02	9.339350e+00
3.591000e-05	2.804860e-02	9.293287e+00
3.592000e-05	2.937275e-02	9.211582e+00
3.593000e-05	2.971036e-02	9.096900e+00
3.594000e-05	3.058193e-02	9.009061e+00
3.595000e-05	3.307370e-02	8.863714e+00
3.596000e-05	3.549309e-02	8.769077e+00
3.597000e-05	3.665766e-02	8.703793e+00
3.598000e-05	3.694234e-02	8.610003e+00
3.599000e-05	4.120232e-02	8.503818e+00
3.600000e-05	4.238524e-02	8.391103e+00
3.601000e-05	4.378338e-02	8.234394e+00
3.602000e-05	4.225620e-02	8.095948e+00
3.603000e-05	4.439168e-02	8.053185e+00
3.604000e-05	4.551374e-02	7.885269e+00
3.605000e-05	4.867259e-02	7.758527e+00
3.606000e-05	4.943265e-02	7.645188e+00
3.607000e-05	5.155109e-02	7.497372e+00
3.608000e-05	5.440181e-02	7.326873e+00
3.609000e-05	5.281043e-02	7.181054e+00
3.610000e-05	5.059162e-02	7.043687e+00
3.611000e-05	4.707414e-02	6.908473e+00
3.612000e-05	4.693878e-02	6.802054e+00
3.613000e-05	4.596680e-02	6.634217e+00
3.614000e-05	4.366516e-02	6.424797e+00
3.615000e-05	4.355882e-02	6.297423e+00
3.616000e-05	4.449803e-02	6.181079e+00
3.617000e-05	4.126842e-02	6.023208e+00
3.618000e-05	3.755082e-02	5.936321e+00
3.619000e-05	3.265148e-02	5.657449e+00
3.620000e-05	3.275857e-02	5.497450e+00
3.621000e-05	2.949949e-02	5.380579e+00
3.622000e-05	2.459051e-02	5.191110e+00
3.623000e-05	2.336910e-02	4.939634e+00
3.624000e-05	2.500099e-02	4.770633e+00
3.625000e-05	2.248287e-02	4.601708e+00
3.626000e-05	1.946768e-02	4.454317e+00
3.627000e-05	1.679860e-02	4.308446e+00
3.628000e-05	1.767044e-02	4.075817e+00
3.629000e-05	1.579374e-02	3.897849e+00
3.630000e-05	1.147356e-02	3.759923e+00
3.631000e-05	1.044755e-02	3.601028e+00
3.632000e-05	1.022617e-02	3.384611e+00
3.633000e-05	8.547604e-03	3.191482e+00
3.634000e-05	6.768124e-03	3.022207e+00
3.635000e-05	6.993363e-03	2.853763e+00
3.636000e-05	5.506322e-03	2.645345e+00
3.637000e-05	4.884184e-03	2.423788e+00
3.638000e-05	3.778659e-03	2.256717e+00
3.639000e-05	3.430295e-03	2.096868e+00
3.640000e-05	3.263466e-03	1.938475e+00
3.641000e-05	2.311284e-03	1.660476e+00
3.642000e-05	5.935353e-04	1.507895e+00
3.643000e-05	-7.803883e-04	1.308475e+00
3.644000e-05	-1.755483e-03	1.158374e+00
3.645000e-05	-2.286904e-03	8.483858e-01
3.646000e-05	-1.992028e-03	7.268447e-01
3.647000e-05	-1.450027e-03	4.884985e-01
3.648000e-05	-9.131881e-04	3.795037e-01
3.649000e-05	-1.897947e-03	1.269222e-01
3.650000e-05	6.933931e-04	-5.160276e-02
3.651000e-05	2.611661e-03	-2.690012e-01
3.652000e-05	-3.700945e-03	-3.883684e-01
3.653000e-05	-2.414456e-03	-5.647818e-01
3.654000e-05	-7.605492e-03	-7.974209e-01
3.655000e-05	-3.539493e-03	-9.742358e-01
3.656000e-05	-3.897063e-03	-1.071031e+00
3.657000e-05	3.624468e-03	-1.279655e+00
3.658000e-05	6.829972e-02	-1.490154e+00
3.659000e-05	1.909621e-02	-1.681075e+00
3.660000e-05	-5.971375e-02	-1.962208e+00
3.661000e-05	-5.504096e-02	-2.205868e+00
3.662000e-05	-1.046359e-01	-2.427976e+00
3.663000e-05	8.022692e-02	-2.534808e+00
3.664000e-05	8.991541e-02	-2.609449e+00
3.665000e-05	-2.027859e-01	-2.834965e+00
3.666000e-05	1.438905e-01	-3.059498e+00
3.667000e-05	5.222872e-02	-3.135317e+00
3.668000e-05	-1.135856e-01	-3.425391e+00
3.669000e-05	8.383401e-02	-3.586316e+00
3.670000e-05	-1.187407e-01	-3.702603e+00
3.671000e-05	-5.731275e-02	-3.943316e+00
3.672000e-05	1.703599e-01	-4.072104e+00
3.673000e-05	-1.115111e-01	-4.270027e+00
3.674000e-05	1.872249e-02	-4.449574e+00
3.675000e-05	1.233917e-03	-4.573937e+00
3.676000e-05	-6.923935e-02	-4.837439e+00
3.677000e-05	1.051808e-01	-4.967371e+00
3.678000e-05	-1.609948e-01	-5.102710e+00
3.679000e-05	3.754729e-02	-5.343269e+00
3.680000e-05	7.215360e-02	-5.523263e+00
3.681000e-05	-6.291869e-02	-5.703211e+00
3.682000e-05	1.454375e-02	-5.869610e+00
3.683000e-05	-1.063525e-01	-6.006451e+00
3.684000e-05	8.382080e-02	-6.154972e+00
3.685000e-05	-2.183189e-02	-6.335365e+00
3.686000e-05	-8.345086e-02	-6.512135e+00
3.687000e-05	6.973728e-02	-6.661007e+00
3.688000e-05	-6.079260e-02	-6.777417e+00
3.689000e-05	5.202543e-02	-6.942315e+00
3.690000e-05	-8.202785e-02	-7.101690e+00
3.691000e-05	-2.141763e-02	-7.261077e+00
3.692000e-05	4.373267e-02	-7.374820e+00
3.693000e-05	-6.225130e-02	-7.522262e+00
3.694000e-05	2.268895e-02	-7.670081e+00
3.695000e-05	-6.342876e-02	-7.878537e+00
3.696000e-05	4.061686e-02	-7.995971e+00
3.697000e-05	-2.862886e-02	-8.092139e+00
3.698000e-05	-4.415579e-02	-8.227925e+00
3.699000e-05	2.591032e-03	-8.322240e+00
3.700000e-05	-2.997801e-02	-8.427947e+00
3.701000e-05	2.204152e-02	-8.523319e+00
3.702000e-05	-5.733164e-02	-8.671134e+00
3.703000e-05	-2.030301e-03	-8.807999e+00
3.704000e-05	-9.610489e-03	-8.912161e+00
3.705000e-05	-1.499221e-02	-8.996926e+00
3.706000e-05	-2.393054e-02	-9.061233e+00
3.707000e-05	-3.527542e-02	-9.125420e+00
3.708000e-05	9.185853e-03	-9.187575e+00
3.709000e-05	-2.389003e-02	-9.291312e+00
3.710000e-05	-2.123591e-02	-9.395979e+00
3.711000e-05	-2.787074e-02	-9.521743e+00
3.712000e-05	-4.602127e-03	-9.659551e+00
3.713000e-05	-1.527409e-02	-9.670160e+00
3.714000e-05	-3.138423e-02	-9.714292e+00
3.715000e-05	-2.291208e-02	-9.808028e+00
3.716000e-05	-9.970832e-03	-9.881157e+00
3.717000e-05	-1.332330e-02	-9.903290e+00
3.718000e-05	-3.201484e-02	-9.935445e+00
3.719000e-05	-2.242958e-02	-1.002797e+01
3.720000e-05	-1.425306e-02	-1.004815e+01
3.721000e-05	-1.281377e-02	-1.008074e+01
3.722000e-05	-3.098543e-02	-1.013284e+01
3.723000e-05	-2.278853e-02	-1.017632e+01
3.724000e-05	-1.591476e-02	-1.020711e+01
3.725000e-05	-1.758986e-02	-1.025222e+01
3.726000e-05	-2.883665e-02	-1.030324e+01
3.727000e-05	-2.875555e-02	-1.035537e+01
3.728000e-05	-1.501499e-02	-1.034497e+01
3.729000e-05	-1.829023e-02	-1.039698e+01
3.730000e-05	-2.435677e-02	-1.039800e+01
3.731000e-05	-2.714760e-02	-1.038793e+01
3.732000e-05	-1.905196e-02	-1.043853e+01
3.733000e-05	-2.136418e-02	-1.042960e+01
3.734000e-05	-3.020672e-02	-1.042806e+01
3.735000e-05	-2.838720e-02	-1.035900e+01
3.736000e-05	-2.210557e-02	-1.037708e+01
3.737000e-05	-2.052464e-02	-1.036602e+01
3.738000e-05	-2.748039e-02	-1.028593e+01
3.739000e-05	-2.940552e-02	-1.035437e+01
3.740000e-05	-2.435755e-02	-1.028185e+01
3.741000e-05	-2.567715e-02	-1.027179e+01
3.742000e-05	-2.942860e-02	-1.019013e+01
3.743000e-05	-3.268727e-02	-1.013698e+01
3.744000e-05	-2.582095e-02	-1.015642e+01
3.745000e-05	-2.557435e-02	-1.011274e+01
3.746000e-05	-2.997463e-02	-1.000968e+01
3.747000e-05	-3.168435e-02	-9.989078e+00
3.748000e-05	-2.686457e-02	-9.925874e+00
3.749000e-05	-2.609937e-02	-9.893290e+00
3.750000e-05	-2.941930e-02	-9.810640e+00
3.751000e-05	-3.244142e-02	-9.798529e+00
3.752000e-05	-2.997462e-02	-9.715350e+00
3.753000e-05	-3.023215e-02	-9.642209e+00
3.754000e-05	-3.309615e-02	-9.590531e+00
3.755000e-05	-3.629343e-02	-9.517924e+00
3.756000e-05	-3.410504e-02	-9.431165e+00
3.757000e-05	-3.253944e-02	-9.305303e+00
3.758000e-05	-3.581385e-02	-9.222162e+00
3.759000e-05	-3.856250e-02	-9.137976e+00
3.760000e-05	-3.746611e-02	-9.083315e+00
3.761000e-05	-3.804809e-02	-8.950503e+00
3.762000e-05	-4.109716e-02	-8.833215e+00
3.763000e-05	-4.426299e-02	-8.780528e+00
3.764000e-05	-4.501385e-02	-8.674317e+00
3.765000e-05	-4.504824e-02	-8.525947e+00
3.766000e-05	-4.904973e-02	-8.431160e+00
3.767000e-05	-5.062517e-02	-8.316896e+00
3.768000e-05	-5.028263e-02	-8.221054e+00
3.769000e-05	-5.023661e-02	-8.105220e+00
3.770000e-05	-5.312609e-02	-7.961107e+00
3.771000e-05	-5.601531e-02	-7.821217e+00
3.772000e-05	-5.646571e-02	-7.646342e+00
3.773000e-05	-5.548057e-02	-7.516873e+00
3.774000e-05	-5.869367e-02	-7.381085e+00
3.775000e-05	-6.044713e-02	-7.264716e+00
3.776000e-05	-5.821279e-02	-7.150402e+00
3.777000e-05	-5.646498e-02	-6.958059e+00
3.778000e-05	-5.694967e-02	-6.811082e+00
3.779000e-05	-5.519527e-02	-6.644838e+00
3.780000e-05	-5.244530e-02	-6.548424e+00
3.781000e-05	-4.924398e-02	-6.389558e+00
3.782000e-05	-4.945621e-02	-6.253688e+00
3.783000e-05	-4.915159e-02	-6.063291e+00
3.784000e-05	-4.488094e-02	-5.896373e+00
3.785000e-05	-4.213008e-02	-5.749004e+00
3.786000e-05	-4.136191e-02	-5.611588e+00
3.787000e-05	-3.946206e-02	-5.434242e+00
3.788000e-05	-3.587954e-02	-5.162188e+00
3.789000e-05	-3.175002e-02	-5.025211e+00
3.790000e-05	-3.066538e-02	-4.885318e+00
3.791000e-05	-3.026596e-02	-4.634242e+00
3.792000e-05	-2.674917e-02	-4.456820e+00
3.793000e-05	-2.528828e-02	-4.316949e+00
3.794000e-05	-2.514186e-02	-4.160103e+00
3.795000e-05	-2.436365e-02	-4.003186e+00
3.796000e-05	-2.182232e-02	-3.855220e+00
3.797000e-05	-1.922894e-02	-3.603260e+00
3.798000e-05	-1.689980e-02	-3.445794e+00
3.799000e-05	-1.791831e-02	-3.297871e+00
3.800000e-05	-1.504212e-02	-3.138947e+00
3.801000e-05	-1.531916e-02	-2.888322e+00
3.802000e-05	-1.443251e-02	-2.747924e+00
3.803000e-05	-1.593179e-02	-2.518504e+00
3.804000e-05	-1.195664e-02	-2.391055e+00
3.805000e-05	-1.096021e-02	-2.092575e+00
3.806000e-05	-1.026343e-02	-1.960554e+00
3.807000e-05	-8.993325e-03	-1.803133e+00
3.808000e-05	-1.099874e-02	-1.603687e+00
3.809000e-05	-7.384435e-03	-1.385213e+00
3.810000e-05	-9.057095e-03	-1.161501e+00
3.811000e-05	-6.054879e-03	-9.915276e-01
3.812000e-05	-7.522091e-03	-8.011078e-01
3.813000e-05	-3.121627e-03	-5.741131e-01
3.814000e-05	-5.429155e-03	-4.020790e-01
3.815000e-05	-6.060682e-03	-2.337119e-01
3.816000e-05	-3.452225e-03	-4.573804e-02
3.817000e-05	3.852000e-03	1.446579e-01
3.818000e-05	-2.357343e-03	3.759096e-01
3.819000e-05	2.970210e-03	5.227053e-01
3.820000e-05	-1.390618e-03	7.096503e-01
3.821000e-05	4.054658e-03	8.205253e-01
3.822000e-05	5.794436e-04	1.038899e+00
3.823000e-05	4.228756e-03	1.269129e+00
3.824000e-05	2.290758e-02	1.448946e+00
3.825000e-05	7.246452e-02	1.730076e+00
3.826000e-05	-1.781039e-02	1.983217e+00
3.827000e-05	-4.635302e-02	2.123758e+00
3.828000e-05	-4.469144e-02	2.303736e+00
3.829000e-05	-6.007834e-02	2.418423e+00
3.830000e-05	4.920175e-02	2.574712e+00
3.831000e-05	9.658310e-02	2.814759e+00
3.832000e-05	-1.432922e-01	2.975313e+00
3.833000e-05	1.077892e-01	3.029573e+00
3.834000e-05	5.377507e-02	3.300001e+00
3.835000e-05	-5.499491e-02	3.563612e+00
3.836000e-05	4.168320e-02	3.618528e+00
3.837000e-05	-7.105114e-02	3.827421e+00
3.838000e-05	-1.703400e-03	3.986349e+00
3.839000e-05	1.020675e-01	4.194337e+00
3.840000e-05	-3.285608e-02	4.406920e+00
3.841000e-05	-8.375175e-03	4.565361e+00
3.842000e-05	1.763221e-02	4.713210e+00
3.843000e-05	-1.033603e-02	4.900707e+00
3.844000e-05	4.723080e-02	5.154762e+00
3.845000e-05	-5.309326e-02	5.342289e+00
3.846000e-05	1.994105e-02	5.492212e+00
3.847000e-05	3.993141e-02	5.660000e+00
3.848000e-05	2.537931e-02	5.836927e+00
3.849000e-05	-2.231810e-02	6.016423e+00
3.850000e-05	-2.667652e-02	6.136839e+00
3.851000e-05	6.042759e-02	6.301158e+00
3.852000e-05	-3.558143e-03	6.458499e+00
3.853000e-05	-1.446042e-03	6.597067e+00
3.854000e-05	1.753366e-02	6.786296e+00
3.855000e-05	1.284997e-02	6.912736e+00
3.856000e-05	2.045363e-02	7.070102e+00
3.857000e-05	-1.283144e-02	7.186368e+00
3.858000e-05	1.987822e-03	7.332760e+00
3.859000e-05	2.148137e-02	7.469586e+00
3.860000e-05	1.919960e-02	7.668499e+00
3.861000e-05	1.041901e-02	7.785915e+00
3.862000e-05	-7.711608e-04	7.931810e+00
3.863000e-05	2.514623e-02	8.060562e+00
3.864000e-05	1.023868e-02	8.224424e+00
3.865000e-05	1.006332e-03	8.322211e+00
3.866000e-05	8.239119e-03	8.427473e+00
3.867000e-05	1.412606e-02	8.483188e+00
3.868000e-05	2.104872e-02	8.596498e+00
3.869000e-05	5.421220e-03	8.691261e+00
3.870000e-05	1.157856e-02	8.787023e+00
3.871000e-05	1.709997e-02	8.869627e+00
3.872000e-05	1.443497e-02	9.014548e+00
3.873000e-05	8.672863e-03	9.112211e+00
3.874000e-05	5.474560e-03	9.226947e+00
3.875000e-05	2.090821e-02	9.260730e+00
3.876000e-05	1.324237e-02	9.355869e+00
3.877000e-05	1.180233e-02	9.468578e+00
3.878000e-05	8.896227e-03	9.511713e+00
3.879000e-05	1.871019e-02	9.605418e+00
3.880000e-05	1.774650e-02	9.670625e+00
3.881000e-05	8.935981e-03	9.755239e+00
3.882000e-05	1.329070e-02	9.787529e+00
3.883000e-05	1.731899e-02	9.921161e+00
3.884000e-05	1.923416e-02	9.954795e+00
3.885000e-05	9.896919e-03	1.002750e+01
3.886000e-05	1.196857e-02	1.003958e+01
3.887000e-05	1.598164e-02	1.009221e+01
3.888000e-05	1.778915e-02	1.011426e+01
3.889000e-05	1.393114e-02	1.017435e+01
3.890000e-05	1.375336e-02	1.017642e+01
3.891000e-05	1.815988e-02	1.021953e+01
3.892000e-05	1.811823e-02	1.024818e+01
3.893000e-05	1.417514e-02	1.029014e+01
3.894000e-05	1.389569e-02	1.029174e+01
3.895000e-05	1.822238e-02	1.029319e+01
3.896000e-05	1.795492e-02	1.029377e+01
3.897000e-05	1.647647e-02	1.033524e+01
3.898000e-05	1.516489e-02	1.031432e+01
3.899000e-05	1.873951e-02	1.034484e+01
3.900000e-05	1.965538e-02	1.032589e+01
3.901000e-05	1.816028e-02	1.033339e+01
3.902000e-05	1.892113e-02	1.030337e+01
3.903000e-05	2.024471e-02	1.030274e+01
3.904000e-05	2.262620e-02	1.027169e+01
3.905000e-05	1.964954e-02	1.029118e+01
3.906000e-05	1.953032e-02	1.027206e+01
3.907000e-05	2.047554e-02	1.020905e+01
3.908000e-05	2.266057e-02	1.018788e+01
3.909000e-05	2.281381e-02	1.012492e+01
3.910000e-05	2.139785e-02	1.013642e+01
3.911000e-05	2.255182e-02	1.007211e+01
3.912000e-05	2.260817e-02	1.006213e+01
3.913000e-05	2.287235e-02	9.979975e+00
3.914000e-05	2.026252e-02	9.926973e+00
3.915000e-05	2.159712e-02	9.871764e+00
3.916000e-05	2.379767e-02	9.770608e+00
3.917000e-05	2.409216e-02	9.714893e+00
3.918000e-05	2.409546e-02	9.671657e+00
3.919000e-05	2.394143e-02	9.568028e+00
3.920000e-05	2.746671e-02	9.473794e+00
3.921000e-05	2.728617e-02	9.441660e+00
3.922000e-05	2.771148e-02	9.356549e+00
3.923000e-05	2.767447e-02	9.304867e+00
3.924000e-05	2.810567e-02	9.211077e+00
3.925000e-05	3.004253e-02	9.116924e+00
3.926000e-05	3.148000e-02	9.009736e+00
3.927000e-05	3.289015e-02	8.884415e+00
3.928000e-05	3.466827e-02	8.770528e+00
3.929000e-05	3.684659e-02	8.693321e+00
3.930000e-05	3.733069e-02	8.570581e+00
3.931000e-05	3.968532e-02	8.485891e+00
3.932000e-05	4.132297e-02	8.400606e+00
3.933000e-05	4.335468e-02	8.286871e+00
3.934000e-05	4.359269e-02	8.139953e+00
3.935000e-05	4.520293e-02	8.002086e+00
3.936000e-05	4.715077e-02	7.925421e+00
3.937000e-05	4.866673e-02	7.790058e+00
3.938000e-05	5.047201e-02	7.673316e+00
3.939000e-05	5.054585e-02	7.508426e+00
3.940000e-05	5.178148e-02	7.378102e+00
3.941000e-05	5.150569e-02	7.201133e+00
3.942000e-05	5.138849e-02	7.034811e+00
3.943000e-05	5.029991e-02	6.937951e+00
3.944000e-05	4.958928e-02	6.791036e+00
3.945000e-05	4.682282e-02	6.662870e+00
3.946000e-05	4.446887e-02	6.465818e+00
3.947000e-05	4.310440e-02	6.316925e+00
3.948000e-05	4.078937e-02	6.171154e+00
3.949000e-05	3.970707e-02	6.024238e+00
3.950000e-05	3.675347e-02	5.936871e+00
3.951000e-05	3.539134e-02	5.715974e+00
3.952000e-05	3.401995e-02	5.528525e+00
3.953000e-05	3.101606e-02	5.362081e+00
3.954000e-05	2.724582e-02	5.181637e+00
3.955000e-05	2.456047e-02	4.981712e+00
3.956000e-05	2.411491e-02	4.771109e+00
3.957000e-05	2.079368e-02	4.612688e+00
3.958000e-05	1.897802e-02	4.445311e+00
3.959000e-05	1.698771e-02	4.317925e+00
3.960000e-05	1.800571e-02	4.105921e+00
3.961000e-05	1.504525e-02	3.929424e+00
3.962000e-05	1.377355e-02	3.761005e+00
3.963000e-05	1.199614e-02	3.599685e+00
3.964000e-05	1.157017e-02	3.393713e+00
3.965000e-05	8.859399e-03	3.201608e+00
3.966000e-05	6.737416e-03	3.014663e+00
3.967000e-05	5.475266e-03	2.825237e+00
3.968000e-05	4.987518e-03	2.688421e+00
3.969000e-05	5.145525e-03	2.446763e+00
3.970000e-05	3.791730e-03	2.285743e+00
3.971000e-05	3.756342e-03	2.068367e+00
3.972000e-05	3.867859e-03	1.939421e+00
3.973000e-05	2.244242e-03	1.697503e+00
3.974000e-05	1.008333e-03	1.556450e+00
3.975000e-05	-6.463832e-04	1.339451e+00
3.976000e-05	-5.960487e-04	1.138950e+00
3.977000e-05	-8.159270e-04	9.079221e-01
3.978000e-05	-2.876861e-03	6.788498e-01
3.979000e-05	-2.318318e-03	5.689762e-01
3.980000e-05	-1.537989e-03	3.695001e-01
3.981000e-05	-1.714520e-03	1.210274e-01
3.982000e-05	4.198760e-04	-4.210257e-02
3.983000e-05	2.789820e-03	-2.290009e-01
3.984000e-05	-3.321192e-03	-3.977922e-01
3.985000e-05	-5.169040e-04	-5.332131e-01
3.986000e-05	-6.777243e-03	-7.758397e-01
3.987000e-05	-3.674199e-03	-9.257357e-01
3.988000e-05	-5.398112e-03	-1.081555e+00
3.989000e-05	1.819517e-03	-1.240453e+00
3.990000e-05	5.807487e-02	-1.480480e+00
3.991000e-05	3.866325e-02	-1.641050e+00
3.992000e-05	-6.420461e-02	-1.931128e+00
3.993000e-05	-4.904405e-02	-2.205787e+00
3.994000e-05	-1.031901e-01	-2.418045e+00
3.995000e-05	4.666966e-02	-2.504235e+00
3.996000e-05	1.199768e-01	-2.618422e+00
3.997000e-05	-1.934210e-01	-2.838342e+00
3.998000e-05	1.042426e-01	-3.027997e+00
3.999000e-05	8.794949e-02	-3.174765e+00
4.000000e-05	-1.246661e-01	-3.363790e+00
4.001000e-05	7.503673e-02	-3.564346e+00
4.002000e-05	-8.768166e-02	-3.660552e+00
4.003000e-05	-9.552920e-02	-3.973284e+00
4.004000e-05	1.779749e-01	-4.049628e+00
4.005000e-05	-8.750364e-02	-4.289080e+00
4.006000e-05	-6.778328e-03	-4.438001e+00
4.007000e-05	2.444060e-02	-4.595714e+00
4.008000e-05	-9.115250e-02	-4.846320e+00
4.009000e-05	1.118162e-01	-4.977415e+00
4.010000e-05	-1.398692e-01	-5.111163e+00
4.011000e-05	1.017712e-03	-5.311680e+00
4.012000e-05	9.542794e-02	-5.521712e+00
4.013000e-05	-6.887667e-02	-5.701182e+00
4.014000e-05	2.015727e-02	-5.810131e+00
4.015000e-05	-1.041425e-01	-5.975370e+00
4.016000e-05	6.174773e-02	-6.145345e+00
4.017000e-05	7.596323e-03	-6.314662e+00
4.018000e-05	-1.036949e-01	-6.502108e+00
4.019000e-05	7.491333e-02	-6.659549e+00
4.020000e-05	-5.913359e-02	-6.784318e+00
4.021000e-05	4.448373e-02	-6.936235e+00
4.022000e-05	-6.082891e-02	-7.090636e+00
4.023000e-05	-4.434157e-02	-7.239078e+00
4.024000e-05	5.877384e-02	-7.356866e+00
4.025000e-05	-6.732648e-02	-7.531662e+00
4.026000e-05	2.336206e-02	-7.650057e+00
4.027000e-05	-6.026789e-02	-7.817903e+00
4.028000e-05	2.953454e-02	-7.975445e+00
4.029000e-05	-1.380412e-02	-8.060633e+00
4.030000e-05	-5.468575e-02	-8.189973e+00
4.031000e-05	9.893174e-03	-8.322742e+00
4.032000e-05	-3.305775e-02	-8.408476e+00
4.033000e-05	2.499438e-02	-8.534217e+00
4.034000e-05	-5.303378e-02	-8.648636e+00
4.035000e-05	-9.506604e-03	-8.777395e+00
4.036000e-05	-6.969296e-03	-8.872132e+00
4.037000e-05	-1.843209e-02	-8.996971e+00
4.038000e-05	-2.000177e-02	-9.050607e+00
4.039000e-05	-3.825985e-02	-9.134892e+00
4.040000e-05	8.526166e-03	-9.248975e+00
4.041000e-05	-2.107411e-02	-9.303687e+00
4.042000e-05	-2.061460e-02	-9.377480e+00
4.043000e-05	-2.769136e-02	-9.451715e+00
4.044000e-05	-7.241920e-03	-9.638051e+00
4.045000e-05	-1.286449e-02	-9.651630e+00
4.046000e-05	-3.053999e-02	-9.703290e+00
4.047000e-05	-2.485328e-02	-9.786475e+00
4.048000e-05	-1.190490e-02	-9.870608e+00
4.049000e-05	-1.096539e-02	-9.932365e+00
4.050000e-05	-3.051011e-02	-9.946367e+00
4.051000e-05	-2.431454e-02	-1.001750e+01
4.052000e-05	-1.486641e-02	-1.002013e+01
4.053000e-05	-1.095786e-02	-1.009326e+01
4.054000e-05	-3.004467e-02	-1.010529e+01
4.055000e-05	-2.647314e-02	-1.014796e+01
4.056000e-05	-1.488533e-02	-1.019006e+01
4.057000e-05	-1.562252e-02	-1.026119e+01
4.058000e-05	-2.755832e-02	-1.031234e+01
4.059000e-05	-3.081970e-02	-1.034492e+01
4.060000e-05	-1.455887e-02	-1.033490e+01
4.061000e-05	-1.745788e-02	-1.038752e+01
4.062000e-05	-2.459784e-02	-1.034750e+01
4.063000e-05	-2.921989e-02	-1.039910e+01
4.064000e-05	-1.937655e-02	-1.041910e+01
4.065000e-05	-1.866292e-02	-1.041106e+01
4.066000e-05	-2.937959e-02	-1.042905e+01
4.067000e-05	-2.912623e-02	-1.039003e+01
4.068000e-05	-2.288951e-02	-1.038853e+01
4.069000e-05	-1.990674e-02	-1.036702e+01
4.070000e-05	-2.974553e-02	-1.034840e+01
4.071000e-05	-3.142622e-02	-1.033500e+01
4.072000e-05	-2.499337e-02	-1.028339e+01
4.073000e-05	-2.288496e-02	-1.023279e+01
4.074000e-05	-2.859201e-02	-1.023916e+01
4.075000e-05	-3.282713e-02	-1.016751e+01
4.076000e-05	-2.617694e-02	-1.016535e+01
4.077000e-05	-2.410117e-02	-1.007322e+01
4.078000e-05	-3.097636e-02	-1.005171e+01
4.079000e-05	-3.321159e-02	-1.001153e+01
4.080000e-05	-2.734865e-02	-9.947450e+00
4.081000e-05	-2.396894e-02	-9.903789e+00
4.082000e-05	-2.991176e-02	-9.863165e+00
4.083000e-05	-3.385779e-02	-9.769653e+00
4.084000e-05	-2.883380e-02	-9.695825e+00
4.085000e-05	-2.765177e-02	-9.652688e+00
4.086000e-05	-3.342198e-02	-9.611006e+00
4.087000e-05	-3.746016e-02	-9.536399e+00
4.088000e-05	-3.345649e-02	-9.412240e+00
4.089000e-05	-3.168749e-02	-9.335929e+00
4.090000e-05	-3.656904e-02	-9.233214e+00
4.091000e-05	-3.993571e-02	-9.139999e+00
4.092000e-05	-3.778429e-02	-9.053216e+00
4.093000e-05	-3.697228e-02	-8.959006e+00
4.094000e-05	-4.124578e-02	-8.863766e+00
4.095000e-05	-4.457377e-02	-8.790105e+00
4.096000e-05	-4.405811e-02	-8.654271e+00
4.097000e-05	-4.422364e-02	-8.536506e+00
4.098000e-05	-4.738681e-02	-8.412185e+00
4.099000e-05	-5.116369e-02	-8.336949e+00
4.100000e-05	-5.148313e-02	-8.211663e+00
4.101000e-05	-5.100444e-02	-8.085847e+00
4.102000e-05	-5.310448e-02	-7.991609e+00
4.103000e-05	-5.609028e-02	-7.894271e+00
4.104000e-05	-5.750398e-02	-7.665820e+00
4.105000e-05	-5.643218e-02	-7.560000e+00
4.106000e-05	-5.734793e-02	-7.421137e+00
4.107000e-05	-5.890160e-02	-7.264844e+00
4.108000e-05	-5.907302e-02	-7.179526e+00
4.109000e-05	-5.724382e-02	-6.960589e+00
4.110000e-05	-5.467942e-02	-6.802162e+00
4.111000e-05	-5.520421e-02	-6.676820e+00
4.112000e-05	-5.282419e-02	-6.560049e+00
4.113000e-05	-5.121786e-02	-6.392636e+00
4.114000e-05	-4.860431e-02	-6.255295e+00
4.115000e-05	-4.925410e-02	-6.095322e+00
4.116000e-05	-4.657546e-02	-5.897424e+00
4.117000e-05	-4.372743e-02	-5.759479e+00
4.118000e-05	-3.965173e-02	-5.623164e+00
4.119000e-05	-3.717960e-02	-5.455868e+00
4.120000e-05	-3.628083e-02	-5.252791e+00
4.121000e-05	-3.451089e-02	-5.045717e+00
4.122000e-05	-3.118322e-02	-4.855867e+00
4.123000e-05	-3.046744e-02	-4.634897e+00
4.124000e-05	-2.902499e-02	-4.467369e+00
4.125000e-05	-2.705242e-02	-4.350976e+00
4.126000e-05	-2.289852e-02	-4.182133e+00
4.127000e-05	-2.340603e-02	-4.033787e+00
4.128000e-05	-2.151602e-02	-3.876347e+00
4.129000e-05	-2.123324e-02	-3.603821e+00
4.130000e-05	-1.783387e-02	-3.466343e+00
4.131000e-05	-1.800930e-02	-3.308374e+00
4.132000e-05	-1.667353e-02	-3.119000e+00
4.133000e-05	-1.751774e-02	-2.889924e+00
4.134000e-05	-1.246819e-02	-2.740450e+00
4.135000e-05	-1.451183e-02	-2.571507e+00
4.136000e-05	-1.185713e-02	-2.401077e+00
4.137000e-05	-1.365260e-02	-2.103688e+00
4.138000e-05	-9.913846e-03	-1.970054e+00
4.139000e-05	-9.493366e-03	-1.804160e+00
4.140000e-05	-9.386392e-03	-1.606212e+00
4.141000e-05	-1.081337e-02	-1.445216e+00
4.142000e-05	-8.085455e-03	-1.161556e+00
4.143000e-05	-5.973501e-03	-1.002607e+00
4.144000e-05	-6.675792e-03	-8.342105e-01
4.145000e-05	-6.174484e-03	-6.151894e-01
4.146000e-05	-4.171925e-03	-3.925318e-01
4.147000e-05	-3.815249e-03	-2.357105e-01
4.148000e-05	-2.153349e-03	-7.623803e-02
4.149000e-05	2.980313e-03	1.626315e-01
4.150000e-05	-3.939919e-03	3.846654e-01
4.151000e-05	2.591430e-03	5.131578e-01
4.152000e-05	-1.745408e-03	6.795465e-01
4.153000e-05	2.187401e-03	8.379238e-01
4.154000e-05	8.199825e-04	1.059394e+00
4.155000e-05	6.222010e-03	1.241500e+00
4.156000e-05	1.959258e-02	1.428495e+00
4.157000e-05	7.293945e-02	1.697995e+00
4.158000e-05	-6.653658e-03	1.942733e+00
4.159000e-05	-4.808124e-02	2.142133e+00
4.160000e-05	-4.493079e-02	2.291152e+00
4.161000e-05	-6.017447e-02	2.397446e+00
4.162000e-05	2.485443e-02	2.523132e+00
4.163000e-05	1.178331e-01	2.772758e+00
4.164000e-05	-1.343047e-01	2.963258e+00
4.165000e-05	7.688284e-02	3.040024e+00
4.166000e-05	7.789444e-02	3.257448e+00
4.167000e-05	-5.609497e-02	3.541106e+00
4.168000e-05	3.628911e-02	3.588471e+00
4.169000e-05	-5.677422e-02	3.836890e+00
4.170000e-05	-2.637617e-02	3.997366e+00
4.171000e-05	1.053891e-01	4.143687e+00
4.172000e-05	-1.875589e-02	4.405290e+00
4.173000e-05	-1.963118e-02	4.542758e+00
4.174000e-05	2.558241e-02	4.702681e+00
4.175000e-05	-1.883650e-02	4.870577e+00
4.176000e-05	5.595068e-02	5.141707e+00
4.177000e-05	-4.991710e-02	5.323636e+00
4.178000e-05	9.080559e-03	5.481158e+00
4.179000e-05	4.011133e-02	5.628499e+00
4.180000e-05	2.864941e-02	5.846417e+00
4.181000e-05	-1.639762e-02	6.006843e+00
4.182000e-05	-3.540265e-02	6.143266e+00
4.183000e-05	5.670457e-02	6.281133e+00
4.184000e-05	5.999575e-03	6.397470e+00
4.185000e-05	-5.672711e-03	6.583317e+00
4.186000e-05	1.953143e-02	6.775791e+00
4.187000e-05	1.099110e-02	6.912207e+00
4.188000e-05	2.134418e-02	7.009527e+00
4.189000e-05	-7.200328e-03	7.174866e+00
4.190000e-05	-4.331013e-03	7.330285e+00
4.191000e-05	2.252940e-02	7.491930e+00
4.192000e-05	1.643103e-02	7.617499e+00
4.193000e-05	1.371025e-02	7.774815e+00
4.194000e-05	-3.891014e-03	7.922186e+00
4.195000e-05	2.473560e-02	8.029605e+00
4.196000e-05	1.174142e-02	8.206866e+00
4.197000e-05	1.570367e-03	8.283215e+00
4.198000e-05	9.266795e-03	8.426973e+00
4.199000e-05	1.338370e-02	8.501685e+00
4.200000e-05	2.228600e-02	8.575470e+00
4.201000e-05	6.269150e-03	8.680258e+00
4.202000e-05	1.208230e-02	8.755945e+00
4.203000e-05	1.536818e-02	8.879604e+00
4.204000e-05	1.369761e-02	9.006395e+00
4.205000e-05	9.572450e-03	9.120057e+00
4.206000e-05	4.370828e-03	9.226473e+00
4.207000e-05	2.179178e-02	9.289657e+00
4.208000e-05	1.520914e-02	9.364795e+00
4.209000e-05	1.327994e-02	9.428553e+00
4.210000e-05	8.936525e-03	9.491736e+00
4.211000e-05	1.686273e-02	9.615398e+00
4.212000e-05	1.681949e-02	9.639578e+00
4.213000e-05	8.794760e-03	9.704339e+00
4.214000e-05	1.244813e-02	9.825472e+00
4.215000e-05	1.724112e-02	9.879730e+00
4.216000e-05	2.194922e-02	9.964919e+00
4.217000e-05	1.078314e-02	9.997495e+00
4.218000e-05	1.249632e-02	1.004958e+01
4.219000e-05	1.567306e-02	1.006268e+01
4.220000e-05	1.902120e-02	1.011384e+01
4.221000e-05	1.194660e-02	1.013582e+01
4.222000e-05	1.235256e-02	1.018597e+01
4.223000e-05	1.912526e-02	1.022863e+01
4.224000e-05	1.994146e-02	1.026948e+01
4.225000e-05	1.572014e-02	1.028219e+01
4.226000e-05	1.250027e-02	1.027171e+01
4.227000e-05	1.942348e-02	1.031331e+01
4.228000e-05	1.895343e-02	1.030427e+01
4.229000e-05	1.615967e-02	1.033531e+01
4.230000e-05	1.199267e-02	1.031489e+01
4.231000e-05	1.797518e-02	1.031484e+01
4.232000e-05	2.016038e-02	1.032487e+01
4.233000e-05	1.715983e-02	1.033229e+01
4.234000e-05	1.823458e-02	1.029481e+01
4.235000e-05	2.108214e-02	1.030384e+01
4.236000e-05	2.439909e-02	1.029161e+01
4.237000e-05	1.963980e-02	1.025164e+01
4.238000e-05	1.736195e-02	1.023008e+01
4.239000e-05	2.066102e-02	1.023908e+01
4.240000e-05	2.345292e-02	1.016955e+01
4.241000e-05	2.176849e-02	1.012595e+01
4.242000e-05	1.921504e-02	1.009484e+01
4.243000e-05	2.262787e-02	1.006374e+01
4.244000e-05	2.426019e-02	1.005213e+01
4.245000e-05	2.307826e-02	1.001000e+01
4.246000e-05	2.032134e-02	9.936998e+00
4.247000e-05	2.228943e-02	9.882242e+00
4.248000e-05	2.441681e-02	9.828558e+00
4.249000e-05	2.300080e-02	9.725422e+00
4.250000e-05	2.200869e-02	9.642134e+00
4.251000e-05	2.380283e-02	9.558076e+00
4.252000e-05	2.848527e-02	9.483817e+00
4.253000e-05	2.788092e-02	9.431730e+00
4.254000e-05	2.677517e-02	9.355999e+00
4.255000e-05	2.865121e-02	9.264218e+00
4.256000e-05	3.061171e-02	9.221054e+00
4.257000e-05	2.975251e-02	9.146971e+00
4.258000e-05	2.980197e-02	9.041262e+00
4.259000e-05	3.154387e-02	8.894419e+00
4.260000e-05	3.596773e-02	8.780031e+00
4.261000e-05	3.574745e-02	8.674844e+00
4.262000e-05	3.651312e-02	8.630107e+00
4.263000e-05	4.022561e-02	8.505843e+00
4.264000e-05	4.241196e-02	8.391582e+00
4.265000e-05	4.322162e-02	8.335446e+00
4.266000e-05	4.278183e-02	8.168028e+00
4.267000e-05	4.469437e-02	8.043259e+00
4.268000e-05	4.788447e-02	7.897395e+00
4.269000e-05	4.768220e-02	7.769629e+00
4.270000e-05	4.795227e-02	7.683817e+00
4.271000e-05	5.053006e-02	7.557548e+00
4.272000e-05	5.252253e-02	7.368629e+00
4.273000e-05	5.190642e-02	7.222611e+00
4.274000e-05	5.075320e-02	7.075819e+00
4.275000e-05	5.008563e-02	6.917526e+00
4.276000e-05	5.000866e-02	6.811531e+00
4.277000e-05	4.713111e-02	6.695772e+00
4.278000e-05	4.487776e-02	6.454219e+00
4.279000e-05	4.381059e-02	6.368424e+00
4.280000e-05	4.252165e-02	6.190584e+00
4.281000e-05	4.053198e-02	6.032715e+00
4.282000e-05	3.665172e-02	5.938946e+00
4.283000e-05	3.465986e-02	5.729529e+00
4.284000e-05	3.347993e-02	5.569949e+00
4.285000e-05	3.036883e-02	5.401609e+00
4.286000e-05	2.711964e-02	5.234656e+00
4.287000e-05	2.590396e-02	5.013761e+00
4.288000e-05	2.513569e-02	4.813112e+00
4.289000e-05	2.203957e-02	4.684238e+00
4.290000e-05	1.923049e-02	4.526343e+00
4.291000e-05	1.731617e-02	4.338474e+00
4.292000e-05	1.696930e-02	4.137923e+00
4.293000e-05	1.498068e-02	3.908472e+00
4.294000e-05	1.165276e-02	3.790576e+00
4.295000e-05	1.124802e-02	3.622159e+00
4.296000e-05	1.144733e-02	3.422836e+00
4.297000e-05	1.070772e-02	3.213106e+00
4.298000e-05	8.254538e-03	3.044713e+00
4.299000e-05	5.546488e-03	2.867345e+00
4.300000e-05	4.999944e-03	2.767945e+00
4.301000e-05	4.397782e-03	2.446795e+00
4.302000e-05	2.233011e-03	2.317393e+00
4.303000e-05	2.473379e-03	2.117870e+00
4.304000e-05	3.861898e-03	1.970001e+00
4.305000e-05	2.934062e-03	1.759955e+00
4.306000e-05	1.642281e-03	1.588979e+00
4.307000e-05	1.374663e-04	1.380523e+00
4.308000e-05	6.970393e-06	1.151030e+00
4.309000e-05	-2.246897e-03	8.889712e-01
4.310000e-05	-3.014595e-03	7.389261e-01
4.311000e-05	-3.085093e-03	5.105237e-01
4.312000e-05	-1.600602e-03	3.906277e-01
4.313000e-05	-2.639995e-03	1.605527e-01
4.314000e-05	-5.620300e-04	-3.952263e-02
4.315000e-05	2.927853e-03	-2.073958e-01
4.316000e-05	-2.344304e-03	-3.848657e-01
4.317000e-05	-1.296318e-03	-5.236569e-01
4.318000e-05	-6.776573e-03	-7.846884e-01
4.319000e-05	-2.838732e-03	-8.816328e-01
4.320000e-05	-5.696026e-03	-1.091530e+00
4.321000e-05	2.239840e-04	-1.257995e+00
4.322000e-05	4.712157e-02	-1.470550e+00
4.323000e-05	5.733293e-02	-1.629495e+00
4.324000e-05	-6.776441e-02	-1.910578e+00
4.325000e-05	-4.504634e-02	-2.184237e+00
4.326000e-05	-1.001104e-01	-2.387366e+00
4.327000e-05	1.549978e-02	-2.533237e+00
4.328000e-05	1.454650e-01	-2.567421e+00
4.329000e-05	-1.763183e-01	-2.765315e+00
4.330000e-05	5.634727e-02	-3.065346e+00
4.331000e-05	1.238590e-01	-3.144289e+00
4.332000e-05	-1.288907e-01	-3.332734e+00
4.333000e-05	6.030987e-02	-3.564266e+00
4.334000e-05	-5.733734e-02	-3.640526e+00
4.335000e-05	-1.270572e-01	-3.920678e+00
4.336000e-05	1.792661e-01	-4.040103e+00
4.337000e-05	-5.876702e-02	-4.228446e+00
4.338000e-05	-3.617040e-02	-4.417896e+00
4.339000e-05	4.344000e-02	-4.544837e+00
4.340000e-05	-1.040105e-01	-4.804265e+00
4.341000e-05	1.121689e-01	-4.954315e+00
4.342000e-05	-1.159563e-01	-5.100657e+00
4.343000e-05	-3.853209e-02	-5.280681e+00
4.344000e-05	1.172093e-01	-5.472610e+00
4.345000e-05	-6.931808e-02	-5.700559e+00
4.346000e-05	2.038740e-02	-5.859629e+00
4.347000e-05	-9.634854e-02	-5.965294e+00
4.348000e-05	3.869040e-02	-6.143318e+00
4.349000e-05	3.745777e-02	-6.331212e+00
4.350000e-05	-1.199627e-01	-6.459604e+00
4.351000e-05	7.292842e-02	-6.607475e+00
4.352000e-05	-5.187692e-02	-6.764890e+00
4.353000e-05	3.335889e-02	-6.923156e+00
4.354000e-05	-3.924345e-02	-7.079184e+00
4.355000e-05	-6.836239e-02	-7.229002e+00
4.356000e-05	6.958890e-02	-7.324769e+00
4.357000e-05	-6.629196e-02	-7.492707e+00
4.358000e-05	2.195705e-02	-7.618600e+00
4.359000e-05	-5.586423e-02	-7.806470e+00
4.360000e-05	1.640953e-02	-8.005888e+00
4.361000e-05	1.415163e-03	-8.062127e+00
4.362000e-05	-6.443392e-02	-8.188471e+00
4.363000e-05	1.095981e-02	-8.261713e+00
4.364000e-05	-3.660362e-02	-8.408424e+00
4.365000e-05	2.638283e-02	-8.502241e+00
4.366000e-05	-4.754925e-02	-8.618607e+00
4.367000e-05	-1.820553e-02	-8.785395e+00
4.368000e-05	-9.887978e-04	-8.871129e+00
4.369000e-05	-1.876683e-02	-8.966923e+00
4.370000e-05	-1.695011e-02	-9.020626e+00
4.371000e-05	-4.299944e-02	-9.144796e+00
4.372000e-05	7.588675e-03	-9.239574e+00
4.373000e-05	-1.705290e-02	-9.271658e+00
4.374000e-05	-2.370118e-02	-9.447453e+00
4.375000e-05	-2.845404e-02	-9.492790e+00
4.376000e-05	-9.510678e-03	-9.617923e+00
4.377000e-05	-8.815406e-03	-9.649633e+00
4.378000e-05	-2.979763e-02	-9.734790e+00
4.379000e-05	-2.615088e-02	-9.777949e+00
4.380000e-05	-1.182172e-02	-9.859656e+00
4.381000e-05	-9.474425e-03	-9.913820e+00
4.382000e-05	-3.073041e-02	-9.924373e+00
4.383000e-05	-2.639290e-02	-9.997950e+00
4.384000e-05	-1.591170e-02	-1.004055e+01
4.385000e-05	-9.814244e-03	-1.009166e+01
4.386000e-05	-2.802067e-02	-1.009387e+01
4.387000e-05	-2.671409e-02	-1.014541e+01
4.388000e-05	-1.416764e-02	-1.016751e+01
4.389000e-05	-1.501339e-02	-1.023214e+01
4.390000e-05	-2.718250e-02	-1.031134e+01
4.391000e-05	-3.236835e-02	-1.030292e+01
4.392000e-05	-1.627005e-02	-1.033590e+01
4.393000e-05	-1.718341e-02	-1.039697e+01
4.394000e-05	-2.472136e-02	-1.039705e+01
4.395000e-05	-2.940112e-02	-1.041705e+01
4.396000e-05	-1.888187e-02	-1.041953e+01
4.397000e-05	-1.717148e-02	-1.041955e+01
4.398000e-05	-2.850843e-02	-1.040005e+01
4.399000e-05	-2.960087e-02	-1.038850e+01
4.400000e-05	-2.402986e-02	-1.038800e+01
4.401000e-05	-1.943883e-02	-1.037698e+01
4.402000e-05	-2.850133e-02	-1.036598e+01
4.403000e-05	-3.204030e-02	-1.033542e+01
4.404000e-05	-2.491711e-02	-1.026444e+01
4.405000e-05	-2.192162e-02	-1.024172e+01
4.406000e-05	-2.864789e-02	-1.021964e+01
4.407000e-05	-3.198922e-02	-1.020703e+01
4.408000e-05	-2.676062e-02	-1.012588e+01
4.409000e-05	-2.424726e-02	-1.008316e+01
4.410000e-05	-2.999699e-02	-1.007313e+01
4.411000e-05	-3.363584e-02	-9.980580e+00
4.412000e-05	-2.897752e-02	-9.927524e+00
4.413000e-05	-2.466616e-02	-9.893844e+00
4.414000e-05	-2.845568e-02	-9.871738e+00
4.415000e-05	-3.328120e-02	-9.799082e+00
4.416000e-05	-2.967116e-02	-9.735371e+00
4.417000e-05	-2.866171e-02	-9.673761e+00
4.418000e-05	-3.229427e-02	-9.611032e+00
4.419000e-05	-3.687917e-02	-9.547476e+00
4.420000e-05	-3.384301e-02	-9.413716e+00
4.421000e-05	-3.180873e-02	-9.326031e+00
4.422000e-05	-3.617950e-02	-9.254217e+00
4.423000e-05	-3.970040e-02	-9.168453e+00
4.424000e-05	-3.858123e-02	-9.073790e+00
4.425000e-05	-3.668643e-02	-9.008031e+00
4.426000e-05	-4.011235e-02	-8.862794e+00
4.427000e-05	-4.380822e-02	-8.791658e+00
4.428000e-05	-4.434883e-02	-8.626345e+00
4.429000e-05	-4.352755e-02	-8.579051e+00
4.430000e-05	-4.725005e-02	-8.461239e+00
4.431000e-05	-5.241646e-02	-8.288401e+00
4.432000e-05	-5.165548e-02	-8.251191e+00
4.433000e-05	-5.060484e-02	-8.127421e+00
4.434000e-05	-5.145593e-02	-8.021135e+00
4.435000e-05	-5.620270e-02	-7.873870e+00
4.436000e-05	-5.714190e-02	-7.715851e+00
4.437000e-05	-5.503235e-02	-7.519029e+00
4.438000e-05	-5.690874e-02	-7.412187e+00
4.439000e-05	-6.034326e-02	-7.273770e+00
4.440000e-05	-6.113881e-02	-7.129580e+00
4.441000e-05	-5.781657e-02	-7.021666e+00
4.442000e-05	-5.511792e-02	-6.824240e+00
4.443000e-05	-5.407830e-02	-6.666945e+00
4.444000e-05	-5.462440e-02	-6.558503e+00
4.445000e-05	-5.082445e-02	-6.402188e+00
4.446000e-05	-4.783897e-02	-6.256322e+00
4.447000e-05	-4.790207e-02	-6.045796e+00
4.448000e-05	-4.752418e-02	-5.957950e+00
4.449000e-05	-4.345973e-02	-5.789632e+00
4.450000e-05	-3.884002e-02	-5.631766e+00
4.451000e-05	-4.035467e-02	-5.454895e+00
4.452000e-05	-3.868647e-02	-5.224866e+00
4.453000e-05	-3.535628e-02	-5.063895e+00
4.454000e-05	-2.888695e-02	-4.886846e+00
4.455000e-05	-3.057444e-02	-4.675425e+00
4.456000e-05	-2.943017e-02	-4.518421e+00
4.457000e-05	-2.660337e-02	-4.349554e+00
4.458000e-05	-2.140950e-02	-4.220661e+00
4.459000e-05	-2.489911e-02	-4.052712e+00
4.460000e-05	-2.320570e-02	-3.906946e+00
4.461000e-05	-2.159662e-02	-3.677321e+00
4.462000e-05	-1.654054e-02	-3.467950e+00
4.463000e-05	-1.969744e-02	-3.307954e+00
4.464000e-05	-1.588744e-02	-3.170500e+00
4.465000e-05	-1.489712e-02	-2.910004e+00
4.466000e-05	-1.322992e-02	-2.779974e+00
4.467000e-05	-1.505179e-02	-2.602182e+00
4.468000e-05	-1.296487e-02	-2.392138e+00
4.469000e-05	-1.144190e-02	-2.173264e+00
4.470000e-05	-9.781343e-03	-2.020554e+00
4.471000e-05	-1.062172e-02	-1.824688e+00
4.472000e-05	-1.011550e-02	-1.686821e+00
4.473000e-05	-8.472413e-03	-1.425666e+00
4.474000e-05	-8.107932e-03	-1.202556e+00
4.475000e-05	-7.916054e-03	-1.013663e+00
4.476000e-05	-7.907252e-03	-8.237142e-01
4.477000e-05	-4.369311e-03	-6.661931e-01
4.478000e-05	-4.203251e-03	-4.136105e-01
4.479000e-05	-4.672263e-03	-2.447430e-01
4.480000e-05	-1.932993e-03	-4.734579e-02
4.481000e-05	4.207025e-03	9.160395e-02
4.482000e-05	-2.383737e-03	3.216792e-01
4.483000e-05	2.083066e-04	4.820778e-01
4.484000e-05	-2.622808e-03	6.905765e-01
4.485000e-05	2.173787e-03	8.179701e-01
4.486000e-05	3.055325e-04	1.066367e+00
4.487000e-05	5.094100e-03	1.257497e+00
4.488000e-05	1.713004e-02	1.416346e+00
4.489000e-05	7.237293e-02	1.677373e+00
4.490000e-05	7.544303e-03	1.932204e+00
4.491000e-05	-5.020374e-02	2.081678e+00
4.492000e-05	-4.704319e-02	2.290503e+00
4.493000e-05	-5.759900e-02	2.417847e+00
4.494000e-05	5.899103e-03	2.471626e+00
4.495000e-05	1.310266e-01	2.722159e+00
4.496000e-05	-1.229969e-01	2.932157e+00
4.497000e-05	4.272078e-02	3.039973e+00
4.498000e-05	1.048969e-01	3.195442e+00
4.499000e-05	-5.375238e-02	3.511654e+00
4.500000e-05	2.479311e-02	3.596948e+00
4.501000e-05	-3.915389e-02	3.805263e+00
4.502000e-05	-4.551142e-02	3.976890e+00
4.503000e-05	1.059794e-01	4.101579e+00
4.504000e-05	-5.113744e-03	4.372287e+00
4.505000e-05	-3.141296e-02	4.531133e+00
4.506000e-05	3.415434e-02	4.721703e+00
4.507000e-05	-2.452655e-02	4.911003e+00
4.508000e-05	5.639479e-02	5.081108e+00
4.509000e-05	-4.415686e-02	5.319182e+00
4.510000e-05	-7.632696e-04	5.469529e+00
4.511000e-05	4.248617e-02	5.626945e+00
4.512000e-05	3.002310e-02	5.806919e+00
4.513000e-05	-1.198514e-02	6.004395e+00
4.514000e-05	-3.847122e-02	6.142783e+00
4.515000e-05	5.035075e-02	6.260628e+00
4.516000e-05	1.450435e-02	6.436446e+00
4.517000e-05	-1.198733e-02	6.582860e+00
4.518000e-05	2.092470e-02	6.762817e+00
4.519000e-05	1.057418e-02	6.892160e+00
4.520000e-05	2.168461e-02	7.040000e+00
4.521000e-05	-1.977517e-03	7.174817e+00
4.522000e-05	-9.340111e-03	7.281131e+00
4.523000e-05	2.476694e-02	7.496553e+00
4.524000e-05	1.366704e-02	7.607446e+00
4.525000e-05	1.637897e-02	7.755339e+00
4.526000e-05	-7.197024e-03	7.912685e+00
4.527000e-05	2.568380e-02	8.049025e+00
4.528000e-05	1.664856e-02	8.184336e+00
4.529000e-05	-4.500975e-04	8.321136e+00
4.530000e-05	1.036157e-02	8.385497e+00
4.531000e-05	1.004529e-02	8.491636e+00
4.532000e-05	2.449378e-02	8.577420e+00
4.533000e-05	2.927934e-03	8.680684e+00
4.534000e-05	1.086848e-02	8.774893e+00
4.535000e-05	1.586309e-02	8.829576e+00
4.536000e-05	1.645434e-02	8.963869e+00
4.537000e-05	1.014161e-02	9.083688e+00
4.538000e-05	3.680400e-03	9.187947e+00
4.539000e-05	2.141283e-02	9.271157e+00
4.540000e-05	1.570889e-02	9.334841e+00
4.541000e-05	1.193068e-02	9.457526e+00
4.542000e-05	7.473127e-03	9.491784e+00
4.543000e-05	1.840721e-02	9.584922e+00
4.544000e-05	1.744193e-02	9.659079e+00
4.545000e-05	9.028990e-03	9.751734e+00
4.546000e-05	1.064700e-02	9.776970e+00
4.547000e-05	1.892785e-02	9.859210e+00
4.548000e-05	2.166216e-02	9.912367e+00
4.549000e-05	9.672250e-03	9.996946e+00
4.550000e-05	1.139222e-02	1.004903e+01
4.551000e-05	1.568298e-02	1.008118e+01
4.552000e-05	1.903194e-02	1.012381e+01
4.553000e-05	1.168964e-02	1.013484e+01
4.554000e-05	1.215823e-02	1.016600e+01
4.555000e-05	1.868487e-02	1.022803e+01
4.556000e-05	2.086982e-02	1.025013e+01
4.557000e-05	1.353536e-02	1.026016e+01
4.558000e-05	1.160518e-02	1.028373e+01
4.559000e-05	1.744425e-02	1.033276e+01
4.560000e-05	2.001753e-02	1.029327e+01
4.561000e-05	1.773645e-02	1.032334e+01
4.562000e-05	1.371916e-02	1.032479e+01
4.563000e-05	1.967958e-02	1.032380e+01
4.564000e-05	2.007913e-02	1.033532e+01
4.565000e-05	1.601895e-02	1.034329e+01
4.566000e-05	1.470913e-02	1.032487e+01
4.567000e-05	1.923859e-02	1.029181e+01
4.568000e-05	2.416010e-02	1.029282e+01
4.569000e-05	2.146405e-02	1.028026e+01
4.570000e-05	2.053084e-02	1.026064e+01
4.571000e-05	2.154570e-02	1.024018e+01
4.572000e-05	2.337486e-02	1.017895e+01
4.573000e-05	2.016747e-02	1.018647e+01
4.574000e-05	1.774176e-02	1.010532e+01
4.575000e-05	2.079227e-02	1.006331e+01
4.576000e-05	2.345863e-02	1.008208e+01
4.577000e-05	2.324846e-02	1.001008e+01
4.578000e-05	2.184480e-02	9.977945e+00
4.579000e-05	2.310104e-02	9.873340e+00
4.580000e-05	2.515726e-02	9.830081e+00
4.581000e-05	2.318636e-02	9.725874e+00
4.582000e-05	2.093022e-02	9.682238e+00
4.583000e-05	2.298245e-02	9.610978e+00
4.584000e-05	2.656971e-02	9.524872e+00
4.585000e-05	2.632014e-02	9.401681e+00
4.586000e-05	2.726135e-02	9.396978e+00
4.587000e-05	2.817748e-02	9.275316e+00
4.588000e-05	3.077556e-02	9.241632e+00
4.589000e-05	3.032668e-02	9.208427e+00
4.590000e-05	3.020113e-02	9.052242e+00
4.591000e-05	3.102561e-02	8.906896e+00
4.592000e-05	3.499256e-02	8.821158e+00
4.593000e-05	3.618275e-02	8.735370e+00
4.594000e-05	3.660749e-02	8.580085e+00
4.595000e-05	3.982854e-02	8.517400e+00
4.596000e-05	4.140705e-02	8.421657e+00
4.597000e-05	4.289767e-02	8.325445e+00
4.598000e-05	4.282686e-02	8.188133e+00
4.599000e-05	4.499502e-02	8.096183e+00
4.600000e-05	4.725113e-02	7.938049e+00
4.601000e-05	4.912224e-02	7.781209e+00
4.602000e-05	4.955690e-02	7.664346e+00
4.603000e-05	5.179455e-02	7.548953e+00
4.604000e-05	5.028960e-02	7.390609e+00
4.605000e-05	5.048580e-02	7.251685e+00
4.606000e-05	5.001492e-02	7.095343e+00
4.607000e-05	5.153846e-02	6.988003e+00
4.608000e-05	4.936047e-02	6.811657e+00
4.609000e-05	4.797592e-02	6.705370e+00
4.610000e-05	4.623384e-02	6.495894e+00
4.611000e-05	4.536840e-02	6.378999e+00
4.612000e-05	4.193246e-02	6.222058e+00
4.613000e-05	3.929924e-02	6.056288e+00
4.614000e-05	3.696994e-02	5.948973e+00
4.615000e-05	3.504438e-02	5.800603e+00
4.616000e-05	3.207544e-02	5.590503e+00
4.617000e-05	3.127928e-02	5.434162e+00
4.618000e-05	2.825686e-02	5.265290e+00
4.619000e-05	2.710025e-02	5.086888e+00
4.620000e-05	2.412784e-02	4.822710e+00
4.621000e-05	2.106784e-02	4.674767e+00
4.622000e-05	1.972436e-02	4.508392e+00
4.623000e-05	1.802520e-02	4.360024e+00
4.624000e-05	1.605310e-02	4.148051e+00
4.625000e-05	1.411466e-02	3.989998e+00
4.626000e-05	1.324616e-02	3.771133e+00
4.627000e-05	1.317792e-02	3.643208e+00
4.628000e-05	1.166412e-02	3.446419e+00
4.629000e-05	8.606220e-03	3.243133e+00
4.630000e-05	7.959730e-03	3.075817e+00
4.631000e-05	8.053982e-03	2.917395e+00
4.632000e-05	6.181180e-03	2.738874e+00
4.633000e-05	3.485706e-03	2.509995e+00
4.634000e-05	2.472107e-03	2.298420e+00
4.635000e-05	3.780173e-03	2.147950e+00
4.636000e-05	3.163219e-03	2.001004e+00
4.637000e-05	1.659585e-03	1.731026e+00
4.638000e-05	1.346053e-03	1.551051e+00
4.639000e-05	2.227215e-03	1.392080e+00
4.640000e-05	8.175355e-04	1.202108e+00
4.641000e-05	-2.188742e-03	9.314499e-01
4.642000e-05	-3.692863e-03	7.590488e-01
4.643000e-05	-1.943613e-03	5.610527e-01
4.644000e-05	-2.677246e-03	3.825788e-01
4.645000e-05	-3.417212e-03	2.031841e-01
4.646000e-05	-1.539400e-03	-7.998735e-03
4.647000e-05	4.923057e-03	-1.663173e-01
4.648000e-05	-8.950864e-04	-3.553132e-01
4.649000e-05	-2.339968e-03	-5.021330e-01
4.650000e-05	-6.661712e-03	-7.531870e-01
4.651000e-05	-2.285347e-03	-8.826316e-01
4.652000e-05	-4.686946e-03	-1.030026e+00
4.653000e-05	-1.577610e-03	-1.237926e+00
4.654000e-05	3.647487e-02	-1.436472e+00
4.655000e-05	7.316274e-02	-1.639525e+00
4.656000e-05	-6.763446e-02	-1.858924e+00
4.657000e-05	-4.278173e-02	-2.102131e+00
4.658000e-05	-9.750146e-02	-2.395842e+00
4.659000e-05	-1.500745e-02	-2.523708e+00
4.660000e-05	1.646062e-01	-2.568894e+00
4.661000e-05	-1.511989e-01	-2.713764e+00
4.662000e-05	4.709340e-03	-2.925770e+00
4.663000e-05	1.533637e-01	-3.133213e+00
4.664000e-05	-1.252331e-01	-3.310580e+00
4.665000e-05	3.922021e-02	-3.512737e+00
4.666000e-05	-2.579349e-02	-3.619028e+00
4.667000e-05	-1.533911e-01	-3.899053e+00
4.668000e-05	1.712803e-01	-4.050049e+00
4.669000e-05	-2.511805e-02	-4.176372e+00
4.670000e-05	-6.438671e-02	-4.408449e+00
4.671000e-05	5.935177e-02	-4.484812e+00
4.672000e-05	-1.079126e-01	-4.804255e+00
4.673000e-05	1.030258e-01	-4.964365e+00
4.674000e-05	-8.484393e-02	-5.050630e+00
4.675000e-05	-7.677273e-02	-5.270083e+00
4.676000e-05	1.319171e-01	-5.481531e+00
4.677000e-05	-6.766336e-02	-5.659579e+00
4.678000e-05	1.613692e-02	-5.829002e+00
4.679000e-05	-8.523135e-02	-5.944791e+00
4.680000e-05	1.358890e-02	-6.132237e+00
4.681000e-05	6.555307e-02	-6.311711e+00
4.682000e-05	-1.300796e-01	-6.500099e+00
4.683000e-05	6.547657e-02	-6.586449e+00
4.684000e-05	-3.869828e-02	-6.785191e+00
4.685000e-05	1.884647e-02	-6.901114e+00
4.686000e-05	-1.868181e-02	-7.120557e+00
4.687000e-05	-8.839508e-02	-7.237977e+00
4.688000e-05	7.549205e-02	-7.324791e+00
4.689000e-05	-6.119869e-02	-7.470628e+00
4.690000e-05	1.572284e-02	-7.657500e+00
4.691000e-05	-4.754714e-02	-7.815396e+00
4.692000e-05	2.767127e-03	-7.973368e+00
4.693000e-05	1.698087e-02	-8.060104e+00
4.694000e-05	-7.107854e-02	-8.155922e+00
4.695000e-05	1.114714e-02	-8.271186e+00
4.696000e-05	-3.690045e-02	-8.407474e+00
4.697000e-05	2.349858e-02	-8.512789e+00
4.698000e-05	-3.998977e-02	-8.608204e+00
4.699000e-05	-2.747786e-02	-8.774349e+00
4.700000e-05	3.372843e-03	-8.840631e+00
4.701000e-05	-2.066772e-02	-8.965945e+00
4.702000e-05	-1.134355e-02	-9.050034e+00
4.703000e-05	-4.392154e-02	-9.134317e+00
4.704000e-05	2.956681e-03	-9.188576e+00
4.705000e-05	-1.374175e-02	-9.292612e+00
4.706000e-05	-2.356968e-02	-9.387472e+00
4.707000e-05	-2.721640e-02	-9.491715e+00
4.708000e-05	-1.358007e-02	-9.605997e+00
4.709000e-05	-6.615216e-03	-9.640660e+00
4.710000e-05	-2.822227e-02	-9.682764e+00
4.711000e-05	-2.600464e-02	-9.766374e+00
4.712000e-05	-1.481282e-02	-9.839129e+00
4.713000e-05	-8.998129e-03	-9.852792e+00
4.714000e-05	-2.784447e-02	-9.925319e+00
4.715000e-05	-2.654072e-02	-9.997447e+00
4.716000e-05	-1.854911e-02	-1.000005e+01
4.717000e-05	-1.009297e-02	-1.009169e+01
4.718000e-05	-2.600389e-02	-1.015342e+01
4.719000e-05	-2.806018e-02	-1.015440e+01
4.720000e-05	-1.702039e-02	-1.018711e+01
4.721000e-05	-1.435685e-02	-1.022961e+01
4.722000e-05	-2.366312e-02	-1.027337e+01
4.723000e-05	-3.185433e-02	-1.030382e+01
4.724000e-05	-1.780617e-02	-1.033492e+01
4.725000e-05	-1.574011e-02	-1.035750e+01
4.726000e-05	-2.203264e-02	-1.039900e+01
4.727000e-05	-2.949120e-02	-1.041808e+01
4.728000e-05	-2.260295e-02	-1.041803e+01
4.729000e-05	-1.773065e-02	-1.041003e+01
4.730000e-05	-2.706732e-02	-1.042868e+01
4.731000e-05	-2.870420e-02	-1.036900e+01
4.732000e-05	-2.493419e-02	-1.040803e+01
4.733000e-05	-1.964755e-02	-1.036945e+01
4.734000e-05	-2.583271e-02	-1.037640e+01
4.735000e-05	-3.160646e-02	-1.033484e+01
4.736000e-05	-2.768440e-02	-1.028527e+01
4.737000e-05	-2.395581e-02	-1.030384e+01
4.738000e-05	-2.774395e-02	-1.023921e+01
4.739000e-05	-3.207817e-02	-1.019798e+01
4.740000e-05	-2.781230e-02	-1.015493e+01
4.741000e-05	-2.396643e-02	-1.009384e+01
4.742000e-05	-2.710532e-02	-1.005216e+01
4.743000e-05	-3.168246e-02	-1.000098e+01
4.744000e-05	-2.906807e-02	-9.947475e+00
4.745000e-05	-2.631886e-02	-9.895346e+00
4.746000e-05	-2.895998e-02	-9.862641e+00
4.747000e-05	-3.365018e-02	-9.821052e+00
4.748000e-05	-3.162553e-02	-9.745474e+00
4.749000e-05	-2.878120e-02	-9.662719e+00
4.750000e-05	-3.066026e-02	-9.611057e+00
4.751000e-05	-3.432473e-02	-9.558502e+00
4.752000e-05	-3.360958e-02	-9.473291e+00
4.753000e-05	-3.220988e-02	-9.367507e+00
4.754000e-05	-3.673670e-02	-9.273767e+00
4.755000e-05	-3.999825e-02	-9.178579e+00
4.756000e-05	-4.109629e-02	-9.103818e+00
4.757000e-05	-3.728162e-02	-8.959059e+00
4.758000e-05	-3.893467e-02	-8.875317e+00
4.759000e-05	-4.229317e-02	-8.811184e+00
4.760000e-05	-4.529532e-02	-8.717398e+00
4.761000e-05	-4.234752e-02	-8.598106e+00
4.762000e-05	-4.578329e-02	-8.432643e+00
4.763000e-05	-5.123105e-02	-8.349497e+00
4.764000e-05	-5.357120e-02	-8.241713e+00
4.765000e-05	-5.241409e-02	-8.136945e+00
4.766000e-05	-5.111959e-02	-8.013185e+00
4.767000e-05	-5.489570e-02	-7.866395e+00
4.768000e-05	-5.713704e-02	-7.737032e+00
4.769000e-05	-5.623095e-02	-7.579154e+00
4.770000e-05	-5.637571e-02	-7.431617e+00
4.771000e-05	-5.766271e-02	-7.317869e+00
4.772000e-05	-6.054388e-02	-7.160559e+00
4.773000e-05	-5.844480e-02	-7.014217e+00
4.774000e-05	-5.597785e-02	-6.853717e+00
4.775000e-05	-5.427056e-02	-6.667896e+00
4.776000e-05	-5.507239e-02	-6.550057e+00
4.777000e-05	-5.277158e-02	-6.423188e+00
4.778000e-05	-4.917714e-02	-6.298421e+00
4.779000e-05	-4.740835e-02	-6.075348e+00
4.780000e-05	-4.652750e-02	-5.948978e+00
4.781000e-05	-4.354273e-02	-5.832232e+00
4.782000e-05	-3.916726e-02	-5.614738e+00
4.783000e-05	-3.768074e-02	-5.507376e+00
4.784000e-05	-3.794437e-02	-5.256400e+00
4.785000e-05	-3.558744e-02	-5.077373e+00
4.786000e-05	-3.118819e-02	-4.928376e+00
4.787000e-05	-3.125353e-02	-4.696946e+00
4.788000e-05	-2.820258e-02	-4.548422e+00
4.789000e-05	-2.806546e-02	-4.391054e+00
4.790000e-05	-2.281928e-02	-4.203711e+00
4.791000e-05	-2.289190e-02	-4.085266e+00
4.792000e-05	-2.114719e-02	-3.938845e+00
4.793000e-05	-2.163092e-02	-3.667976e+00
4.794000e-05	-1.757959e-02	-3.549421e+00
4.795000e-05	-1.857182e-02	-3.351003e+00
4.796000e-05	-1.694034e-02	-3.200080e+00
4.797000e-05	-1.720252e-02	-2.893057e+00
4.798000e-05	-1.342136e-02	-2.781504e+00
4.799000e-05	-1.350284e-02	-2.593082e+00
4.800000e-05	-1.192097e-02	-2.433157e+00
4.801000e-05	-1.225344e-02	-2.225591e+00
4.802000e-05	-8.954404e-03	-1.982609e+00
4.803000e-05	-9.284894e-03	-1.815239e+00
4.804000e-05	-9.559610e-03	-1.646345e+00
4.805000e-05	-1.037462e-02	-1.436246e+00
4.806000e-05	-8.896780e-03	-1.173618e+00
4.807000e-05	-6.764714e-03	-1.005237e+00
4.808000e-05	-7.999914e-03	-8.442942e-01
4.809000e-05	-5.470055e-03	-6.958459e-01
4.810000e-05	-3.830252e-03	-4.147431e-01
4.811000e-05	-3.269865e-03	-2.758456e-01
4.812000e-05	-2.253787e-03	-3.782074e-02
4.813000e-05	3.437701e-03	3.257645e-02
4.814000e-05	-1.660927e-03	3.211506e-01
4.815000e-05	1.365650e-03	4.595514e-01
4.816000e-05	-1.952483e-03	6.583961e-01
4.817000e-05	1.523072e-03	7.863395e-01
4.818000e-05	7.605353e-04	1.003732e+00
4.819000e-05	3.795144e-03	1.226869e+00
4.820000e-05	1.362711e-02	1.385816e+00
4.821000e-05	6.686821e-02	1.706795e+00
4.822000e-05	2.059622e-02	1.900999e+00
4.823000e-05	-5.082417e-02	2.060552e+00
4.824000e-05	-4.695175e-02	2.238549e+00
4.825000e-05	-5.418873e-02	2.397920e+00
4.826000e-05	-1.005151e-02	2.491104e+00
4.827000e-05	1.380337e-01	2.709555e+00
4.828000e-05	-1.042131e-01	2.931580e+00
4.829000e-05	3.275722e-03	3.008450e+00
4.830000e-05	1.278631e-01	3.225887e+00
4.831000e-05	-4.951298e-02	3.529053e+00
4.832000e-05	1.278890e-02	3.616370e+00
4.833000e-05	-2.000015e-02	3.735713e+00
4.834000e-05	-6.254292e-02	3.974811e+00
4.835000e-05	1.030318e-01	4.082106e+00
4.836000e-05	8.710445e-03	4.370707e+00
4.837000e-05	-4.157210e-02	4.521653e+00
4.838000e-05	3.756583e-02	4.721574e+00
4.839000e-05	-2.719730e-02	4.869502e+00
4.840000e-05	5.509620e-02	5.078075e+00
4.841000e-05	-3.449196e-02	5.310102e+00
4.842000e-05	-9.535640e-03	5.468502e+00
4.843000e-05	4.551245e-02	5.576920e+00
4.844000e-05	3.030136e-02	5.764240e+00
4.845000e-05	-6.100668e-03	5.963837e+00
4.846000e-05	-4.165538e-02	6.132757e+00
4.847000e-05	4.201469e-02	6.249527e+00
4.848000e-05	2.384604e-02	6.405870e+00
4.849000e-05	-1.547478e-02	6.532287e+00
4.850000e-05	2.181800e-02	6.781736e+00
4.851000e-05	1.040921e-02	6.861151e+00
4.852000e-05	2.085960e-02	7.027449e+00
4.853000e-05	3.794791e-03	7.132740e+00
4.854000e-05	-1.291706e-02	7.298127e+00
4.855000e-05	2.393966e-02	7.448498e+00
4.856000e-05	1.151582e-02	7.615847e+00
4.857000e-05	2.075190e-02	7.734740e+00
4.858000e-05	-5.933321e-03	7.869182e+00
4.859000e-05	2.224703e-02	8.037977e+00
4.860000e-05	1.690487e-02	8.172841e+00
4.861000e-05	5.518222e-04	8.291683e+00
4.862000e-05	1.114465e-02	8.407372e+00
4.863000e-05	7.886991e-03	8.480680e+00
4.864000e-05	2.488479e-02	8.554916e+00
4.865000e-05	5.149778e-03	8.681181e+00
4.866000e-05	1.155412e-02	8.734868e+00
4.867000e-05	1.378840e-02	8.871102e+00
4.868000e-05	1.633725e-02	8.974387e+00
4.869000e-05	1.100684e-02	9.067658e+00
4.870000e-05	4.503351e-03	9.186419e+00
4.871000e-05	2.007638e-02	9.250129e+00
4.872000e-05	1.690530e-02	9.283838e+00
4.873000e-05	1.373131e-02	9.446526e+00
4.874000e-05	6.669765e-03	9.490635e+00
4.875000e-05	1.691534e-02	9.575344e+00
4.876000e-05	1.845073e-02	9.630052e+00
4.877000e-05	1.193418e-02	9.730734e+00
4.878000e-05	8.656199e-03	9.765897e+00
4.879000e-05	1.682194e-02	9.890661e+00
4.880000e-05	2.143437e-02	9.932893e+00
4.881000e-05	1.280708e-02	1.001544e+01
4.882000e-05	1.025220e-02	1.001855e+01
4.883000e-05	1.400516e-02	1.007163e+01
4.884000e-05	2.010236e-02	1.012371e+01
4.885000e-05	1.394587e-02	1.014429e+01
4.886000e-05	1.210802e-02	1.014698e+01
4.887000e-05	1.650248e-02	1.019853e+01
4.888000e-05	1.982644e-02	1.023863e+01
4.889000e-05	1.480744e-02	1.028263e+01
4.890000e-05	1.157973e-02	1.030171e+01
4.891000e-05	1.791039e-02	1.029369e+01
4.892000e-05	2.032948e-02	1.031536e+01
4.893000e-05	1.780261e-02	1.034374e+01
4.894000e-05	1.298767e-02	1.031389e+01
4.895000e-05	1.761691e-02	1.033534e+01
4.896000e-05	2.003441e-02	1.033487e+01
4.897000e-05	1.747935e-02	1.034434e+01
4.898000e-05	1.575303e-02	1.033332e+01
4.899000e-05	1.908201e-02	1.027381e+01
4.900000e-05	2.527621e-02	1.029216e+01
4.901000e-05	1.916301e-02	1.027274e+01
4.902000e-05	1.858043e-02	1.023119e+01
4.903000e-05	1.887513e-02	1.022963e+01
4.904000e-05	2.518876e-02	1.017803e+01
4.905000e-05	2.349384e-02	1.015797e+01
4.906000e-05	2.093078e-02	1.012439e+01
4.907000e-05	2.133658e-02	1.009324e+01
4.908000e-05	2.276462e-02	1.004221e+01
4.909000e-05	2.207529e-02	1.000963e+01
4.910000e-05	1.707170e-02	9.975949e+00
4.911000e-05	2.030797e-02	9.866296e+00
4.912000e-05	2.465061e-02	9.810552e+00
4.913000e-05	2.733363e-02	9.725022e+00
4.914000e-05	2.464100e-02	9.662793e+00
4.915000e-05	2.410059e-02	9.590504e+00
4.916000e-05	2.620359e-02	9.505945e+00
4.917000e-05	2.455609e-02	9.461112e+00
4.918000e-05	2.399533e-02	9.378532e+00
4.919000e-05	2.548724e-02	9.282769e+00
4.920000e-05	3.136661e-02	9.231134e+00
4.921000e-05	3.133840e-02	9.159448e+00
4.922000e-05	3.430157e-02	9.040715e+00
4.923000e-05	3.195576e-02	8.955996e+00
4.924000e-05	3.557719e-02	8.850152e+00
4.925000e-05	3.482734e-02	8.747346e+00
4.926000e-05	3.517649e-02	8.631714e+00
4.927000e-05	3.614375e-02	8.506974e+00
4.928000e-05	3.984154e-02	8.422162e+00
4.929000e-05	4.359432e-02	8.337500e+00
4.930000e-05	4.479045e-02	8.181059e+00
4.931000e-05	4.662936e-02	8.093691e+00
4.932000e-05	4.868976e-02	7.948526e+00
4.933000e-05	4.889228e-02	7.841633e+00
4.934000e-05	4.821664e-02	7.715792e+00
4.935000e-05	4.916637e-02	7.590005e+00
4.936000e-05	4.924428e-02	7.399609e+00
4.937000e-05	5.243357e-02	7.243137e+00
4.938000e-05	5.079014e-02	7.106869e+00
4.939000e-05	5.108543e-02	7.019553e+00
4.940000e-05	5.074334e-02	6.832184e+00
4.941000e-05	4.892204e-02	6.676920e+00
4.942000e-05	4.533394e-02	6.497450e+00
4.943000e-05	4.365674e-02	6.360504e+00
4.944000e-05	4.160956e-02	6.253138e+00
4.945000e-05	4.071106e-02	6.094844e+00
4.946000e-05	3.788922e-02	5.960049e+00
4.947000e-05	3.519640e-02	5.740153e+00
4.948000e-05	3.367267e-02	5.631108e+00
4.949000e-05	3.166440e-02	5.444159e+00
4.950000e-05	2.696234e-02	5.285317e+00
4.951000e-05	2.516176e-02	5.095872e+00
4.952000e-05	2.482654e-02	4.863286e+00
4.953000e-05	2.271981e-02	4.664793e+00
4.954000e-05	1.940061e-02	4.518449e+00
4.955000e-05	1.761220e-02	4.340980e+00
4.956000e-05	1.774157e-02	4.160182e+00
4.957000e-05	1.573211e-02	3.990028e+00
4.958000e-05	1.257910e-02	3.822712e+00
4.959000e-05	1.026044e-02	3.614291e+00
4.960000e-05	1.122554e-02	3.466369e+00
4.961000e-05	9.619962e-03	3.245739e+00
4.962000e-05	7.969915e-03	3.076820e+00
4.963000e-05	6.325390e-03	2.936900e+00
4.964000e-05	6.628721e-03	2.790524e+00
4.965000e-05	5.424421e-03	2.541407e+00
4.966000e-05	3.736509e-03	2.328950e+00
4.967000e-05	2.864125e-03	2.169504e+00
4.968000e-05	1.945734e-03	2.001583e+00
4.969000e-05	2.260180e-03	1.781680e+00
4.970000e-05	6.081479e-04	1.590104e+00
4.971000e-05	1.015081e-03	1.382508e+00
4.972000e-05	2.741813e-04	1.212607e+00
4.973000e-05	-4.007985e-04	9.421840e-01
4.974000e-05	-1.976901e-03	7.599800e-01
4.975000e-05	-2.763569e-03	5.825763e-01
4.976000e-05	-2.097106e-03	4.132339e-01
4.977000e-05	-2.443278e-03	2.542617e-01
4.978000e-05	-2.374581e-03	-7.444793e-03
4.979000e-05	2.243931e-03	-1.952910e-01
4.980000e-05	-3.613759e-04	-3.452880e-01
4.981000e-05	-1.297692e-03	-4.810541e-01
4.982000e-05	-4.662396e-03	-7.107051e-01
4.983000e-05	-3.198305e-03	-8.910791e-01
4.984000e-05	-4.274377e-03	-1.017949e+00
4.985000e-05	-1.294057e-03	-1.217969e+00
4.986000e-05	2.809780e-02	-1.397367e+00
4.987000e-05	8.377895e-02	-1.617945e+00
4.988000e-05	-6.401395e-02	-1.848418e+00
4.989000e-05	-3.950328e-02	-2.051598e+00
4.990000e-05	-9.284689e-02	-2.364288e+00
4.991000e-05	-4.343817e-02	-2.484107e+00
4.992000e-05	1.750212e-01	-2.546844e+00
4.993000e-05	-1.182770e-01	-2.702161e+00
4.994000e-05	-4.554350e-02	-2.962281e+00
4.995000e-05	1.789126e-01	-3.094687e+00
4.996000e-05	-1.138026e-01	-3.320104e+00
4.997000e-05	1.684328e-02	-3.471734e+00
4.998000e-05	4.584188e-03	-3.618998e+00
4.999000e-05	-1.724787e-01	-3.846399e+00
