# 261001_13:35:48.603366
t	CH1	CH2
0.000000e+00	-2.545123e-03	-4.395576e-01
1.000000e-08	-2.066746e-03	-6.704328e-01
2.000000e-08	-5.845168e-03	-8.090550e-01
3.000000e-08	-1.631862e-03	-9.978761e-01
4.000000e-08	-3.969034e-03	-1.145845e+00
5.000000e-08	4.572614e-03	-1.285816e+00
6.000000e-08	6.107899e-02	-1.536320e+00
7.000000e-08	2.614181e-02	-1.705727e+00
8.000000e-08	-5.963071e-02	-2.039035e+00
9.000000e-08	-5.370697e-02	-2.322045e+00
1.000000e-07	-9.568231e-02	-2.473634e+00
1.100000e-07	5.485416e-02	-2.575948e+00
1.200000e-07	1.091403e-01	-2.660985e+00
1.300000e-07	-1.684790e-01	-2.881614e+00
1.400000e-07	8.596726e-02	-3.124244e+00
1.500000e-07	7.465482e-02	-3.179404e+00
1.600000e-07	-9.669567e-02	-3.430589e+00
1.700000e-07	7.197719e-02	-3.609051e+00
1.800000e-07	-9.806702e-02	-3.736296e+00
1.900000e-07	-7.609547e-02	-3.998504e+00
2.000000e-07	1.640816e-01	-4.095788e+00
2.100000e-07	-7.073042e-02	-4.315745e+00
2.200000e-07	-9.789023e-03	-4.494586e+00
2.300000e-07	1.138387e-02	-4.611409e+00
2.400000e-07	-6.905091e-02	-4.811559e+00
2.500000e-07	1.116431e-01	-5.019903e+00
2.600000e-07	-1.225281e-01	-5.137350e+00
2.700000e-07	-1.576672e-02	-5.438982e+00
2.800000e-07	8.381148e-02	-5.617448e+00
2.900000e-07	-3.710444e-02	-5.767379e+00
3.000000e-07	1.539051e-02	-5.895742e+00
3.100000e-07	-1.033725e-01	-6.041511e+00
3.200000e-07	5.444986e-02	-6.229029e+00
3.300000e-07	2.663933e-02	-6.367478e+00
3.400000e-07	-8.098222e-02	-6.535822e+00
3.500000e-07	3.746629e-02	-6.682212e+00
3.600000e-07	-4.501422e-02	-6.799478e+00
3.700000e-07	5.537611e-02	-6.979448e+00
3.800000e-07	-4.230907e-02	-7.156395e+00
3.900000e-07	-5.641794e-02	-7.262639e+00
4.000000e-07	3.997977e-02	-7.438456e+00
4.100000e-07	-2.977360e-02	-7.576297e+00
4.200000e-07	2.474396e-02	-7.703164e+00
4.300000e-07	-6.352696e-02	-7.852115e+00
4.400000e-07	1.373492e-02	-8.030028e+00
4.500000e-07	9.018690e-03	-8.095791e+00
4.600000e-07	-3.346020e-02	-8.253082e+00
4.700000e-07	-1.205959e-02	-8.326844e+00
4.800000e-07	-3.661066e-02	-8.460581e+00
4.900000e-07	3.473006e-02	-8.537821e+00
5.000000e-07	-3.088679e-02	-8.704688e+00
5.100000e-07	-2.203765e-02	-8.830055e+00
5.200000e-07	-1.686307e-02	-8.913663e+00
5.300000e-07	1.812065e-03	-8.989931e+00
5.400000e-07	-5.905974e-03	-9.062739e+00
5.500000e-07	-4.442404e-02	-9.178346e+00
5.600000e-07	-7.750611e-03	-9.239553e+00
5.700000e-07	-6.640550e-03	-9.344720e+00
5.800000e-07	-4.110643e-03	-9.450179e+00
5.900000e-07	-3.475062e-02	-9.574770e+00
6.000000e-07	-1.959153e-02	-9.640526e+00
6.100000e-07	-2.500529e-03	-9.673136e+00
6.200000e-07	-1.226989e-02	-9.735874e+00
6.300000e-07	-2.828989e-02	-9.798946e+00
6.400000e-07	-2.591377e-02	-9.821080e+00
6.500000e-07	-2.886129e-03	-9.932796e+00
6.600000e-07	-1.337850e-02	-9.977872e+00
6.700000e-07	-2.710381e-02	-1.000965e+01
6.800000e-07	-2.867282e-02	-1.004065e+01
6.900000e-07	-9.680917e-03	-1.010276e+01
7.000000e-07	-1.214646e-02	-1.012569e+01
7.100000e-07	-2.710468e-02	-1.016945e+01
7.200000e-07	-2.749700e-02	-1.020950e+01
7.300000e-07	-1.385104e-02	-1.025266e+01
7.400000e-07	-1.294448e-02	-1.029476e+01
7.500000e-07	-2.886809e-02	-1.029382e+01
7.600000e-07	-3.063735e-02	-1.034637e+01
7.700000e-07	-1.871246e-02	-1.038744e+01
7.800000e-07	-1.291227e-02	-1.039887e+01
7.900000e-07	-2.858676e-02	-1.038840e+01
8.000000e-07	-3.190980e-02	-1.040950e+01
8.100000e-07	-2.297785e-02	-1.038949e+01
8.200000e-07	-1.785380e-02	-1.036797e+01
8.300000e-07	-2.792715e-02	-1.038950e+01
8.400000e-07	-3.619385e-02	-1.034489e+01
8.500000e-07	-2.582978e-02	-1.038739e+01
8.600000e-07	-2.264716e-02	-1.031626e+01
8.700000e-07	-3.077662e-02	-1.027429e+01
8.800000e-07	-3.994134e-02	-1.028223e+01
8.900000e-07	-3.443819e-02	-1.024155e+01
9.000000e-07	-2.594965e-02	-1.016650e+01
9.100000e-07	-3.476034e-02	-1.012747e+01
9.200000e-07	-4.079161e-02	-1.010391e+01
9.300000e-07	-3.907863e-02	-1.004220e+01
9.400000e-07	-3.300860e-02	-1.001012e+01
9.500000e-07	-4.030176e-02	-9.958442e+00
9.600000e-07	-4.895991e-02	-9.936361e+00
9.700000e-07	-4.767621e-02	-9.862654e+00
9.800000e-07	-4.200469e-02	-9.802078e+00
9.900000e-07	-4.766312e-02	-9.716944e+00
1.000000e-06	-5.797687e-02	-9.674708e+00
1.010000e-06	-6.060258e-02	-9.620604e+00
1.020000e-06	-5.663966e-02	-9.568416e+00
1.030000e-06	-6.276678e-02	-9.483156e+00
1.040000e-06	-7.417858e-02	-9.390617e+00
1.050000e-06	-8.000555e-02	-9.273839e+00
1.060000e-06	-7.873627e-02	-9.200101e+00
1.070000e-06	-8.671440e-02	-9.085810e+00
1.080000e-06	-9.880572e-02	-8.991107e+00
1.090000e-06	-1.063139e-01	-8.923815e+00
1.100000e-06	-1.087683e-01	-8.792076e+00
1.110000e-06	-1.141666e-01	-8.758439e+00
1.120000e-06	-1.274288e-01	-8.582598e+00
1.130000e-06	-1.353071e-01	-8.474857e+00
1.140000e-06	-1.365292e-01	-8.377995e+00
1.150000e-06	-1.385993e-01	-8.265261e+00
1.160000e-06	-1.453927e-01	-8.169461e+00
1.170000e-06	-1.479860e-01	-8.043181e+00
1.180000e-06	-1.411741e-01	-7.958316e+00
1.190000e-06	-1.357008e-01	-7.752096e+00
1.200000e-06	-1.341920e-01	-7.622104e+00
1.210000e-06	-1.311464e-01	-7.474783e+00
1.220000e-06	-1.203651e-01	-7.317365e+00
1.230000e-06	-1.096139e-01	-7.222050e+00
1.240000e-06	-1.054125e-01	-7.094783e+00
1.250000e-06	-1.006269e-01	-6.904311e+00
1.260000e-06	-8.972012e-02	-6.788894e+00
1.270000e-06	-7.882152e-02	-6.592575e+00
1.280000e-06	-7.525352e-02	-6.495357e+00
1.290000e-06	-7.144622e-02	-6.346889e+00
1.300000e-06	-6.341615e-02	-6.139515e+00
1.310000e-06	-5.232184e-02	-5.980646e+00
1.320000e-06	-5.271685e-02	-5.855259e+00
1.330000e-06	-4.943051e-02	-5.674810e+00
1.340000e-06	-4.408552e-02	-5.587991e+00
1.350000e-06	-3.565729e-02	-5.309565e+00
1.360000e-06	-3.424449e-02	-5.148990e+00
1.370000e-06	-3.309730e-02	-4.989550e+00
1.380000e-06	-3.074066e-02	-4.750487e+00
1.390000e-06	-2.476881e-02	-4.599566e+00
1.400000e-06	-2.340592e-02	-4.412680e+00
1.410000e-06	-2.685152e-02	-4.294758e+00
1.420000e-06	-2.140369e-02	-4.136436e+00
1.430000e-06	-1.816472e-02	-3.979371e+00
1.440000e-06	-1.363390e-02	-3.749019e+00
1.450000e-06	-1.677057e-02	-3.583095e+00
1.460000e-06	-1.445507e-02	-3.462075e+00
1.470000e-06	-1.395456e-02	-3.244252e+00
1.480000e-06	-1.035732e-02	-3.072725e+00
1.490000e-06	-1.658989e-02	-2.832680e+00
1.500000e-06	-1.266892e-02	-2.654784e+00
1.510000e-06	-1.133277e-02	-2.505336e+00
1.520000e-06	-6.015844e-03	-2.328261e+00
1.530000e-06	-8.204702e-03	-2.075359e+00
1.540000e-06	-7.133669e-03	-1.946862e+00
1.550000e-06	-7.007354e-03	-1.735366e+00
1.560000e-06	-6.607080e-03	-1.588545e+00
1.570000e-06	-8.308355e-03	-1.328984e+00
1.580000e-06	-1.048473e-02	-1.146340e+00
1.590000e-06	-5.361033e-03	-9.273082e-01
1.600000e-06	-4.604461e-03	-7.199361e-01
1.610000e-06	-2.898208e-03	-5.583872e-01
1.620000e-06	-4.587169e-03	-3.083674e-01
1.630000e-06	-2.510545e-03	-1.684661e-01
1.640000e-06	6.204640e-04	1.945624e-02
1.650000e-06	3.599249e-03	1.898061e-01
1.660000e-06	-4.442540e-03	3.984787e-01
1.670000e-06	-1.225697e-03	5.552682e-01
1.680000e-06	-1.259169e-03	7.352682e-01
1.690000e-06	2.203942e-03	8.616102e-01
1.700000e-06	-2.038268e-04	1.163142e+00
1.710000e-06	4.524655e-03	1.284214e+00
1.720000e-06	2.765307e-02	1.514263e+00
1.730000e-06	6.706428e-02	1.776727e+00
1.740000e-06	-1.664981e-02	1.978901e+00
1.750000e-06	-5.111261e-02	2.164372e+00
1.760000e-06	-4.739151e-02	2.375720e+00
1.770000e-06	-5.273757e-02	2.431081e+00
1.780000e-06	4.052332e-02	2.576855e+00
1.790000e-06	8.936895e-02	2.819005e+00
1.800000e-06	-1.268348e-01	2.996898e+00
1.810000e-06	7.613256e-02	3.102693e+00
1.820000e-06	6.478082e-02	3.344674e+00
1.830000e-06	-4.722400e-02	3.556322e+00
1.840000e-06	3.195767e-02	3.652556e+00
1.850000e-06	-6.467948e-02	3.862038e+00
1.860000e-06	-1.663398e-02	4.018980e+00
1.870000e-06	9.398497e-02	4.218830e+00
1.880000e-06	-2.131783e-02	4.407029e+00
1.890000e-06	-2.062817e-02	4.596901e+00
1.900000e-06	1.562259e-02	4.737293e+00
1.910000e-06	-1.153713e-02	4.924745e+00
1.920000e-06	4.719204e-02	5.166371e+00
1.930000e-06	-4.626463e-02	5.356298e+00
1.940000e-06	-1.306849e-03	5.515273e+00
1.950000e-06	3.586030e-02	5.661559e+00
1.960000e-06	3.046702e-02	5.842563e+00
1.970000e-06	-1.881530e-02	5.998505e+00
1.980000e-06	-4.081685e-02	6.146897e+00
1.990000e-06	4.618370e-02	6.273689e+00
2.000000e-06	9.767984e-03	6.419555e+00
2.010000e-06	-4.649020e-03	6.599982e+00
2.020000e-06	1.168669e-03	6.828026e+00
2.030000e-06	6.695568e-03	6.926216e+00
2.040000e-06	2.773287e-02	7.071630e+00
2.050000e-06	-5.213376e-03	7.176446e+00
2.060000e-06	-1.503297e-02	7.305789e+00
2.070000e-06	1.129221e-02	7.475318e+00
2.080000e-06	2.012004e-02	7.660611e+00
2.090000e-06	1.362095e-02	7.788401e+00
2.100000e-06	-1.286929e-02	7.922842e+00
2.110000e-06	1.342364e-02	8.101084e+00
2.120000e-06	1.717234e-02	8.191474e+00
2.130000e-06	5.896345e-03	8.302739e+00
2.140000e-06	-1.755546e-03	8.419003e+00
2.150000e-06	9.764556e-04	8.544214e+00
2.160000e-06	2.366809e-02	8.568470e+00
2.170000e-06	1.022119e-02	8.693239e+00
2.180000e-06	2.690793e-03	8.808403e+00
2.190000e-06	4.029477e-03	8.874657e+00
2.200000e-06	1.762217e-02	8.967801e+00
2.210000e-06	1.350317e-02	9.073238e+00
2.220000e-06	-1.499016e-03	9.229971e+00
2.230000e-06	8.894892e-03	9.252185e+00
2.240000e-06	1.589591e-02	9.396820e+00
2.250000e-06	1.786431e-02	9.440977e+00
2.260000e-06	2.745819e-03	9.494264e+00
2.270000e-06	6.366055e-03	9.596894e+00
2.280000e-06	1.613800e-02	9.650629e+00
2.290000e-06	1.543553e-02	9.671757e+00
2.300000e-06	7.405588e-03	9.798346e+00
2.310000e-06	7.694990e-03	9.853183e+00
2.320000e-06	1.874442e-02	9.904744e+00
2.330000e-06	1.602054e-02	9.958374e+00
2.340000e-06	8.894729e-03	1.001110e+01
2.350000e-06	7.325481e-03	1.001160e+01
2.360000e-06	1.676695e-02	1.009378e+01
2.370000e-06	1.884621e-02	1.012426e+01
2.380000e-06	1.074007e-02	1.017789e+01
2.390000e-06	1.158803e-02	1.017842e+01
2.400000e-06	1.841118e-02	1.020805e+01
2.410000e-06	1.996124e-02	1.023010e+01
2.420000e-06	1.334139e-02	1.025258e+01
2.430000e-06	1.229100e-02	1.027166e+01
2.440000e-06	1.848423e-02	1.027071e+01
2.450000e-06	2.174769e-02	1.024271e+01
2.460000e-06	1.649226e-02	1.027521e+01
2.470000e-06	1.464746e-02	1.025428e+01
2.480000e-06	1.984928e-02	1.029426e+01
2.490000e-06	2.401683e-02	1.029521e+01
2.500000e-06	2.084908e-02	1.026366e+01
2.510000e-06	1.874927e-02	1.026266e+01
2.520000e-06	2.381701e-02	1.024062e+01
2.530000e-06	2.821433e-02	1.021118e+01
2.540000e-06	2.588308e-02	1.016997e+01
2.550000e-06	2.338378e-02	1.014790e+01
2.560000e-06	2.636833e-02	1.010634e+01
2.570000e-06	3.228319e-02	1.006429e+01
2.580000e-06	2.982149e-02	1.007366e+01
2.590000e-06	2.951778e-02	1.002010e+01
2.600000e-06	3.054021e-02	9.987422e+00
2.610000e-06	3.744815e-02	9.945338e+00
2.620000e-06	3.696795e-02	9.955257e+00
2.630000e-06	3.593033e-02	9.829471e+00
2.640000e-06	3.949896e-02	9.693342e+00
2.650000e-06	4.627643e-02	9.630684e+00
2.660000e-06	4.993568e-02	9.608598e+00
2.670000e-06	4.928517e-02	9.515761e+00
2.680000e-06	5.407975e-02	9.412176e+00
2.690000e-06	6.206548e-02	9.367948e+00
2.700000e-06	6.637432e-02	9.285912e+00
2.710000e-06	6.989881e-02	9.220225e+00
2.720000e-06	7.478075e-02	9.189416e+00
2.730000e-06	8.602358e-02	9.036079e+00
2.740000e-06	9.171718e-02	8.908910e+00
2.750000e-06	9.776008e-02	8.832578e+00
2.760000e-06	1.034298e-01	8.706338e+00
2.770000e-06	1.145163e-01	8.619553e+00
2.780000e-06	1.220517e-01	8.496437e+00
2.790000e-06	1.255862e-01	8.442202e+00
2.800000e-06	1.291527e-01	8.358442e+00
2.810000e-06	1.369223e-01	8.210571e+00
2.820000e-06	1.392715e-01	8.085337e+00
2.830000e-06	1.373840e-01	7.977466e+00
2.840000e-06	1.343315e-01	7.822181e+00
2.850000e-06	1.319586e-01	7.706436e+00
2.860000e-06	1.287296e-01	7.639621e+00
2.870000e-06	1.188646e-01	7.434174e+00
2.880000e-06	1.101740e-01	7.244256e+00
2.890000e-06	1.037303e-01	7.167363e+00
2.900000e-06	9.873713e-02	7.000520e+00
2.910000e-06	8.865236e-02	6.843753e+00
2.920000e-06	8.035253e-02	6.758960e+00
2.930000e-06	7.382206e-02	6.518915e+00
2.940000e-06	6.891336e-02	6.390524e+00
2.950000e-06	6.038982e-02	6.244254e+00
2.960000e-06	5.234541e-02	6.124383e+00
2.970000e-06	4.700708e-02	5.980470e+00
2.980000e-06	4.388855e-02	5.822177e+00
2.990000e-06	3.852212e-02	5.633724e+00
3.000000e-06	3.257928e-02	5.463230e+00
3.010000e-06	2.983834e-02	5.335881e+00
3.020000e-06	2.869245e-02	5.105982e+00
3.030000e-06	2.485386e-02	4.884406e+00
3.040000e-06	1.877166e-02	4.715937e+00
3.050000e-06	1.730510e-02	4.517916e+00
3.060000e-06	1.683713e-02	4.411623e+00
3.070000e-06	1.577902e-02	4.242669e+00
3.080000e-06	1.173463e-02	4.014150e+00
3.090000e-06	8.741296e-03	3.873728e+00
3.100000e-06	8.989772e-03	3.684282e+00
3.110000e-06	8.701649e-03	3.538389e+00
3.120000e-06	5.009876e-03	3.308381e+00
3.130000e-06	3.346611e-03	3.127862e+00
3.140000e-06	4.906004e-03	2.968916e+00
3.150000e-06	4.839380e-03	2.801096e+00
3.160000e-06	1.602964e-03	2.641140e+00
3.170000e-06	-8.965728e-04	2.379045e+00
3.180000e-06	1.266719e-03	2.191020e+00
3.190000e-06	2.242435e-03	2.022128e+00
3.200000e-06	-3.041699e-04	1.846231e+00
3.210000e-06	-2.301589e-03	1.642230e+00
3.220000e-06	-9.227375e-04	1.465228e+00
3.230000e-06	-2.733632e-04	1.274782e+00
3.240000e-06	-3.184680e-03	1.021278e+00
3.250000e-06	-4.237494e-03	8.026226e-01
3.260000e-06	-3.917470e-03	6.262227e-01
3.270000e-06	-1.272370e-03	4.238306e-01
3.280000e-06	-2.157462e-03	3.253317e-01
3.290000e-06	-4.068454e-03	4.469908e-02
3.300000e-06	-6.997050e-04	-1.451432e-01
3.310000e-06	2.531621e-03	-3.137142e-01
3.320000e-06	-2.700546e-03	-4.710051e-01
3.330000e-06	-4.025793e-03	-6.103526e-01
3.340000e-06	-6.467701e-03	-8.294800e-01
3.350000e-06	-2.042713e-03	-1.018425e+00
3.360000e-06	-2.090515e-03	-1.168271e+00
3.370000e-06	3.795190e-03	-1.347222e+00
3.380000e-06	6.128701e-02	-1.586744e+00
3.390000e-06	2.806472e-02	-1.764771e+00
3.400000e-06	-5.860031e-02	-2.009413e+00
3.410000e-06	-5.313438e-02	-2.302667e+00
3.420000e-06	-9.641907e-02	-2.472564e+00
3.430000e-06	5.140403e-02	-2.555420e+00
3.440000e-06	1.121498e-01	-2.639983e+00
3.450000e-06	-1.684102e-01	-2.912017e+00
3.460000e-06	8.206225e-02	-3.113842e+00
3.470000e-06	7.804178e-02	-3.219931e+00
3.480000e-06	-9.573357e-02	-3.480060e+00
3.490000e-06	7.205250e-02	-3.599974e+00
3.500000e-06	-9.598308e-02	-3.746290e+00
3.510000e-06	-8.101089e-02	-3.986851e+00
3.520000e-06	1.659083e-01	-4.155767e+00
3.530000e-06	-6.736748e-02	-4.344169e+00
3.540000e-06	-1.133839e-02	-4.484237e+00
3.550000e-06	1.370758e-02	-4.590482e+00
3.560000e-06	-6.992791e-02	-4.852587e+00
3.570000e-06	1.128285e-01	-5.020029e+00
3.580000e-06	-1.217837e-01	-5.165854e+00
3.590000e-06	-2.214490e-02	-5.408454e+00
3.600000e-06	8.709468e-02	-5.576826e+00
3.610000e-06	-3.584935e-02	-5.787822e+00
3.620000e-06	1.820298e-02	-5.873742e+00
3.630000e-06	-1.056453e-01	-6.028980e+00
3.640000e-06	5.217855e-02	-6.188959e+00
3.650000e-06	3.002439e-02	-6.339325e+00
3.660000e-06	-8.320376e-02	-6.545220e+00
3.670000e-06	3.557368e-02	-6.662087e+00
3.680000e-06	-4.539935e-02	-6.838433e+00
3.690000e-06	5.860624e-02	-6.987496e+00
3.700000e-06	-3.986512e-02	-7.144771e+00
3.710000e-06	-6.155946e-02	-7.273641e+00
3.720000e-06	3.902923e-02	-7.408949e+00
3.730000e-06	-2.878447e-02	-7.567248e+00
3.740000e-06	2.617173e-02	-7.703267e+00
3.750000e-06	-6.535421e-02	-7.851088e+00
3.760000e-06	1.184128e-02	-7.999479e+00
3.770000e-06	1.155743e-02	-8.104243e+00
3.780000e-06	-3.317522e-02	-8.242058e+00
3.790000e-06	-1.410167e-02	-8.336770e+00
3.800000e-06	-4.068165e-02	-8.460531e+00
3.810000e-06	3.718473e-02	-8.586397e+00
3.820000e-06	-2.769986e-02	-8.712715e+00
3.830000e-06	-2.349500e-02	-8.810028e+00
3.840000e-06	-1.892254e-02	-8.875266e+00
3.850000e-06	2.807322e-03	-8.989453e+00
3.860000e-06	-1.897117e-03	-9.063663e+00
3.870000e-06	-4.601897e-02	-9.187373e+00
3.880000e-06	-1.007470e-02	-9.271055e+00
3.890000e-06	-6.446392e-03	-9.304347e+00
3.900000e-06	-9.517081e-04	-9.452082e+00
3.910000e-06	-3.483874e-02	-9.515794e+00
3.920000e-06	-2.236571e-02	-9.630130e+00
3.930000e-06	-2.223884e-03	-9.663736e+00
3.940000e-06	-9.791106e-03	-9.766420e+00
3.950000e-06	-2.834491e-02	-9.800425e+00
3.960000e-06	-2.777949e-02	-9.851658e+00
3.970000e-06	-4.768097e-03	-9.935713e+00
3.980000e-06	-1.087874e-02	-9.959417e+00
3.990000e-06	-2.580538e-02	-9.989051e+00
4.000000e-06	-3.042600e-02	-1.007118e+01
4.010000e-06	-1.026043e-02	-1.005426e+01
4.020000e-06	-9.269592e-03	-1.010437e+01
4.030000e-06	-2.577571e-02	-1.015742e+01
4.040000e-06	-2.941214e-02	-1.020005e+01
4.050000e-06	-1.464565e-02	-1.029263e+01
4.060000e-06	-1.193596e-02	-1.032624e+01
4.070000e-06	-2.692088e-02	-1.035229e+01
4.080000e-06	-3.111257e-02	-1.037694e+01
4.090000e-06	-1.906034e-02	-1.038739e+01
4.100000e-06	-1.194235e-02	-1.036897e+01
4.110000e-06	-2.638166e-02	-1.038945e+01
4.120000e-06	-3.305336e-02	-1.038660e+01
4.130000e-06	-2.405409e-02	-1.043948e+01
4.140000e-06	-1.787347e-02	-1.038850e+01
4.150000e-06	-2.564476e-02	-1.034943e+01
4.160000e-06	-3.592860e-02	-1.037797e+01
4.170000e-06	-2.733881e-02	-1.034689e+01
4.180000e-06	-2.177249e-02	-1.032747e+01
4.190000e-06	-2.911782e-02	-1.030496e+01
4.200000e-06	-3.969015e-02	-1.031470e+01
4.210000e-06	-3.550884e-02	-1.024260e+01
4.220000e-06	-2.672048e-02	-1.016702e+01
4.230000e-06	-3.312470e-02	-1.008791e+01
4.240000e-06	-4.194868e-02	-1.007378e+01
4.250000e-06	-4.025377e-02	-1.007223e+01
4.260000e-06	-3.423864e-02	-9.999600e+00
4.270000e-06	-3.749289e-02	-9.968967e+00
4.280000e-06	-4.853430e-02	-9.885841e+00
4.290000e-06	-4.758208e-02	-9.864182e+00
4.300000e-06	-4.305360e-02	-9.819576e+00
4.310000e-06	-4.619177e-02	-9.758990e+00
4.320000e-06	-5.712703e-02	-9.664183e+00
4.330000e-06	-6.103978e-02	-9.631103e+00
4.340000e-06	-5.857327e-02	-9.556919e+00
4.350000e-06	-6.192083e-02	-9.523758e+00
4.360000e-06	-7.326264e-02	-9.371494e+00
4.370000e-06	-7.954555e-02	-9.284759e+00
4.380000e-06	-8.118348e-02	-9.169524e+00
4.390000e-06	-8.585017e-02	-9.106312e+00
4.400000e-06	-9.813774e-02	-9.030578e+00
4.410000e-06	-1.071843e-01	-8.936388e+00
4.420000e-06	-1.102020e-01	-8.830654e+00
4.430000e-06	-1.144414e-01	-8.748514e+00
4.440000e-06	-1.257680e-01	-8.600646e+00
4.450000e-06	-1.354012e-01	-8.496260e+00
4.460000e-06	-1.377815e-01	-8.379474e+00
4.470000e-06	-1.389915e-01	-8.234258e+00
4.480000e-06	-1.438141e-01	-8.159495e+00
4.490000e-06	-1.479370e-01	-8.054704e+00
4.500000e-06	-1.429224e-01	-7.957395e+00
4.510000e-06	-1.359931e-01	-7.720969e+00
4.520000e-06	-1.331198e-01	-7.621673e+00
4.530000e-06	-1.296297e-01	-7.524683e+00
4.540000e-06	-1.221143e-01	-7.337386e+00
4.550000e-06	-1.104451e-01	-7.231603e+00
4.560000e-06	-1.037950e-01	-7.115179e+00
4.570000e-06	-9.919856e-02	-6.864883e+00
4.580000e-06	-9.124990e-02	-6.779491e+00
4.590000e-06	-8.069151e-02	-6.633127e+00
4.600000e-06	-7.439536e-02	-6.474259e+00
4.610000e-06	-7.018120e-02	-6.379392e+00
4.620000e-06	-6.389266e-02	-6.169022e+00
4.630000e-06	-5.510001e-02	-5.990049e+00
4.640000e-06	-5.087729e-02	-5.863832e+00
4.650000e-06	-4.849543e-02	-5.704786e+00
4.660000e-06	-4.314580e-02	-5.578896e+00
4.670000e-06	-3.895575e-02	-5.337987e+00
4.680000e-06	-3.411841e-02	-5.158442e+00
4.690000e-06	-3.371722e-02	-4.980021e+00
4.700000e-06	-3.073066e-02	-4.709117e+00
4.710000e-06	-2.684798e-02	-4.579474e+00
4.720000e-06	-2.261070e-02	-4.414257e+00
4.730000e-06	-2.346416e-02	-4.275257e+00
4.740000e-06	-1.987518e-02	-4.115859e+00
4.750000e-06	-1.889486e-02	-4.000546e+00
4.760000e-06	-1.619896e-02	-3.761666e+00
4.770000e-06	-1.695263e-02	-3.590048e+00
4.780000e-06	-1.467010e-02	-3.421628e+00
4.790000e-06	-1.431019e-02	-3.253174e+00
4.800000e-06	-1.179570e-02	-3.032730e+00
4.810000e-06	-1.254915e-02	-2.844204e+00
4.820000e-06	-1.143975e-02	-2.664834e+00
4.830000e-06	-1.035938e-02	-2.496334e+00
4.840000e-06	-8.467718e-03	-2.327859e+00
4.850000e-06	-8.426016e-03	-2.054984e+00
4.860000e-06	-7.092129e-03	-1.928888e+00
4.870000e-06	-7.149871e-03	-1.717912e+00
4.880000e-06	-6.612043e-03	-1.582467e+00
4.890000e-06	-7.226670e-03	-1.267487e+00
4.900000e-06	-7.961341e-03	-1.105861e+00
4.910000e-06	-6.182436e-03	-9.068670e-01
4.920000e-06	-5.854106e-03	-7.594711e-01
4.930000e-06	-4.719139e-03	-5.089344e-01
4.940000e-06	-4.175466e-03	-3.178911e-01
4.950000e-06	-2.969440e-03	-1.899660e-01
4.960000e-06	1.399259e-03	4.990268e-02
4.970000e-06	3.511473e-03	2.278547e-01
4.980000e-06	-3.195732e-03	4.184511e-01
4.990000e-06	2.335591e-04	5.452460e-01
5.000000e-06	-1.693572e-03	7.241671e-01
5.010000e-06	9.928526e-04	8.326367e-01
5.020000e-06	-1.027533e-03	1.144218e+00
5.030000e-06	4.381773e-03	1.302663e+00
5.040000e-06	2.673100e-02	1.501663e+00
5.050000e-06	6.562608e-02	1.773797e+00
5.060000e-06	-1.578096e-02	1.946800e+00
5.070000e-06	-5.011562e-02	2.166271e+00
5.080000e-06	-4.623215e-02	2.305220e+00
5.090000e-06	-5.429341e-02	2.452154e+00
5.100000e-06	3.746620e-02	2.635345e+00
5.110000e-06	9.025292e-02	2.808951e+00
5.120000e-06	-1.252772e-01	3.005875e+00
5.130000e-06	7.143292e-02	3.072662e+00
5.140000e-06	6.753801e-02	3.332218e+00
5.150000e-06	-4.709441e-02	3.546342e+00
5.160000e-06	3.295639e-02	3.652059e+00
5.170000e-06	-6.405474e-02	3.849510e+00
5.180000e-06	-2.041077e-02	4.039449e+00
5.190000e-06	9.411315e-02	4.186876e+00
5.200000e-06	-2.050703e-02	4.418455e+00
5.210000e-06	-2.246567e-02	4.527897e+00
5.220000e-06	1.499284e-02	4.814793e+00
5.230000e-06	-1.054401e-02	4.935744e+00
5.240000e-06	4.980425e-02	5.152847e+00
5.250000e-06	-4.628598e-02	5.385822e+00
5.260000e-06	-4.418066e-03	5.525721e+00
5.270000e-06	3.478063e-02	5.652111e+00
5.280000e-06	3.167679e-02	5.850087e+00
5.290000e-06	-1.837482e-02	6.001029e+00
5.300000e-06	-4.225268e-02	6.165775e+00
5.310000e-06	4.686044e-02	6.304713e+00
5.320000e-06	1.302776e-02	6.450932e+00
5.330000e-06	-4.515082e-03	6.618475e+00
5.340000e-06	2.736730e-04	6.829404e+00
5.350000e-06	5.010093e-03	6.905293e+00
5.360000e-06	2.945666e-02	7.041111e+00
5.370000e-06	-5.480257e-03	7.208371e+00
5.380000e-06	-1.592399e-02	7.304267e+00
5.390000e-06	1.017089e-02	7.513643e+00
5.400000e-06	2.169335e-02	7.652482e+00
5.410000e-06	1.485646e-02	7.776450e+00
5.420000e-06	-1.382576e-02	7.924844e+00
5.430000e-06	1.255853e-02	8.071188e+00
5.440000e-06	1.878773e-02	8.210350e+00
5.450000e-06	6.764901e-03	8.253243e+00
5.460000e-06	-2.199669e-03	8.419478e+00
5.470000e-06	1.439057e-04	8.464740e+00
5.480000e-06	2.456851e-02	8.596949e+00
5.490000e-06	1.214053e-02	8.664233e+00
5.500000e-06	1.636872e-03	8.776998e+00
5.510000e-06	3.236152e-03	8.852708e+00
5.520000e-06	1.760798e-02	8.965947e+00
5.530000e-06	1.469460e-02	9.082762e+00
5.540000e-06	-1.652662e-03	9.229002e+00
5.550000e-06	7.603114e-03	9.293708e+00
5.560000e-06	1.626062e-02	9.326343e+00
5.570000e-06	1.867957e-02	9.420482e+00
5.580000e-06	3.169738e-03	9.484236e+00
5.590000e-06	5.501956e-03	9.576923e+00
5.600000e-06	1.486767e-02	9.640028e+00
5.610000e-06	1.681361e-02	9.682737e+00
5.620000e-06	6.742504e-03	9.768467e+00
5.630000e-06	7.198877e-03	9.860583e+00
5.640000e-06	1.822138e-02	9.926740e+00
5.650000e-06	1.641611e-02	1.000689e+01
5.660000e-06	1.035822e-02	1.003155e+01
5.670000e-06	6.820919e-03	1.004213e+01
5.680000e-06	1.645062e-02	1.011371e+01
5.690000e-06	1.898467e-02	1.013482e+01
5.700000e-06	1.226849e-02	1.010647e+01
5.710000e-06	1.061961e-02	1.019792e+01
5.720000e-06	1.616721e-02	1.020005e+01
5.730000e-06	1.926478e-02	1.023110e+01
5.740000e-06	1.426200e-02	1.024155e+01
5.750000e-06	1.163049e-02	1.027171e+01
5.760000e-06	1.810436e-02	1.026368e+01
5.770000e-06	2.212975e-02	1.030373e+01
5.780000e-06	1.784328e-02	1.031176e+01
5.790000e-06	1.359719e-02	1.031373e+01
5.800000e-06	1.893722e-02	1.027420e+01
5.810000e-06	2.232869e-02	1.028318e+01
5.820000e-06	2.225180e-02	1.025216e+01
5.830000e-06	1.784863e-02	1.024261e+01
5.840000e-06	2.410057e-02	1.028171e+01
5.850000e-06	2.777872e-02	1.023015e+01
5.860000e-06	2.711206e-02	1.017000e+01
5.870000e-06	2.330804e-02	1.012689e+01
5.880000e-06	2.581324e-02	1.014586e+01
5.890000e-06	3.192063e-02	1.009278e+01
5.900000e-06	3.105565e-02	1.005268e+01
5.910000e-06	2.810374e-02	1.001155e+01
5.920000e-06	3.042609e-02	9.998546e+00
5.930000e-06	3.702382e-02	9.936787e+00
5.940000e-06	3.754683e-02	9.913685e+00
5.950000e-06	3.664884e-02	9.810495e+00
5.960000e-06	3.839380e-02	9.707318e+00
5.970000e-06	4.574013e-02	9.652207e+00
5.980000e-06	5.061454e-02	9.579595e+00
5.990000e-06	5.032431e-02	9.515860e+00
6.000000e-06	5.277736e-02	9.432656e+00
6.010000e-06	6.056941e-02	9.367947e+00
6.020000e-06	6.656800e-02	9.294761e+00
6.030000e-06	7.001017e-02	9.221129e+00
6.040000e-06	7.394017e-02	9.178387e+00
6.050000e-06	8.505868e-02	9.073178e+00
6.060000e-06	9.199066e-02	8.927440e+00
6.070000e-06	9.856364e-02	8.801628e+00
6.080000e-06	1.028438e-01	8.756312e+00
6.090000e-06	1.146629e-01	8.622230e+00
6.100000e-06	1.222003e-01	8.516887e+00
6.110000e-06	1.261640e-01	8.461651e+00
6.120000e-06	1.300731e-01	8.357337e+00
6.130000e-06	1.366845e-01	8.172226e+00
6.140000e-06	1.404437e-01	8.053811e+00
6.150000e-06	1.371447e-01	7.948992e+00
6.160000e-06	1.340355e-01	7.813226e+00
6.170000e-06	1.321711e-01	7.715386e+00
6.180000e-06	1.283576e-01	7.591050e+00
6.190000e-06	1.193496e-01	7.411726e+00
6.200000e-06	1.106462e-01	7.284831e+00
6.210000e-06	1.033475e-01	7.137466e+00
6.220000e-06	9.936295e-02	7.001023e+00
6.230000e-06	8.821440e-02	6.854680e+00
6.240000e-06	8.053038e-02	6.756412e+00
6.250000e-06	7.238300e-02	6.508990e+00
6.260000e-06	6.929471e-02	6.411103e+00
6.270000e-06	6.012754e-02	6.253704e+00
6.280000e-06	5.281313e-02	6.085435e+00
6.290000e-06	4.730372e-02	6.010596e+00
6.300000e-06	4.448286e-02	5.861096e+00
6.310000e-06	3.878275e-02	5.612248e+00
6.320000e-06	3.317488e-02	5.464231e+00
6.330000e-06	2.943482e-02	5.304910e+00
6.340000e-06	2.759951e-02	5.086787e+00
6.350000e-06	2.441094e-02	4.856807e+00
6.360000e-06	1.956719e-02	4.675411e+00
6.370000e-06	1.702682e-02	4.548912e+00
6.380000e-06	1.625339e-02	4.380099e+00
6.390000e-06	1.498739e-02	4.180148e+00
6.400000e-06	1.081412e-02	4.002024e+00
6.410000e-06	9.404980e-03	3.833306e+00
6.420000e-06	8.716254e-03	3.685309e+00
6.430000e-06	9.033839e-03	3.546385e+00
6.440000e-06	5.370425e-03	3.297385e+00
6.450000e-06	3.832460e-03	3.157387e+00
6.460000e-06	3.446042e-03	2.930542e+00
6.470000e-06	4.399008e-03	2.790595e+00
6.480000e-06	1.405748e-03	2.651690e+00
6.490000e-06	1.001967e-03	2.370545e+00
6.500000e-06	-2.174656e-04	2.201024e+00
6.510000e-06	1.277404e-03	2.033679e+00
6.520000e-06	-1.547238e-03	1.854277e+00
6.530000e-06	-2.137024e-03	1.653225e+00
6.540000e-06	-1.687680e-03	1.453225e+00
6.550000e-06	-7.132526e-04	1.244275e+00
6.560000e-06	-2.375107e-03	1.072674e+00
6.570000e-06	-3.521512e-03	8.031711e-01
6.580000e-06	-3.488269e-03	6.232027e-01
6.590000e-06	-2.673911e-03	4.552293e-01
6.600000e-06	-2.957622e-03	3.463092e-01
6.610000e-06	-4.402506e-03	5.580671e-02
6.620000e-06	-4.565193e-04	-1.051430e-01
6.630000e-06	2.815286e-03	-2.936629e-01
6.640000e-06	-2.544475e-03	-4.414826e-01
6.650000e-06	-1.509589e-03	-6.805416e-01
6.660000e-06	-5.686290e-03	-8.195327e-01
6.670000e-06	-1.787285e-03	-9.484524e-01
6.680000e-06	-4.506305e-03	-1.156271e+00
6.690000e-06	3.725123e-03	-1.374767e+00
6.700000e-06	5.892111e-02	-1.556776e+00
6.710000e-06	3.051690e-02	-1.766276e+00
6.720000e-06	-5.982045e-02	-2.017934e+00
6.730000e-06	-5.186091e-02	-2.304167e+00
6.740000e-06	-9.622362e-02	-2.463063e+00
6.750000e-06	4.949434e-02	-2.587423e+00
6.760000e-06	1.138181e-01	-2.632059e+00
6.770000e-06	-1.673461e-01	-2.860069e+00
6.780000e-06	7.909326e-02	-3.113297e+00
6.790000e-06	8.241679e-02	-3.190430e+00
6.800000e-06	-9.836737e-02	-3.462015e+00
6.810000e-06	7.166878e-02	-3.609450e+00
6.820000e-06	-9.311984e-02	-3.726224e+00
6.830000e-06	-8.383995e-02	-3.978527e+00
6.840000e-06	1.662290e-01	-4.096767e+00
6.850000e-06	-6.673961e-02	-4.333215e+00
6.860000e-06	-1.462947e-02	-4.482610e+00
6.870000e-06	1.680638e-02	-4.599381e+00
6.880000e-06	-7.246268e-02	-4.861512e+00
6.890000e-06	1.121985e-01	-5.030028e+00
6.900000e-06	-1.185251e-01	-5.147350e+00
6.910000e-06	-2.370479e-02	-5.418952e+00
6.920000e-06	8.825638e-02	-5.547349e+00
6.930000e-06	-3.841787e-02	-5.756272e+00
6.940000e-06	1.852196e-02	-5.893240e+00
6.950000e-06	-1.037459e-01	-6.040955e+00
6.960000e-06	4.990311e-02	-6.211378e+00
6.970000e-06	3.178519e-02	-6.397949e+00
6.980000e-06	-8.341683e-02	-6.555298e+00
6.990000e-06	3.736804e-02	-6.644109e+00
7.000000e-06	-4.533329e-02	-6.829530e+00
7.010000e-06	5.451826e-02	-6.965881e+00
7.020000e-06	-3.755404e-02	-7.135220e+00
7.030000e-06	-6.306861e-02	-7.262639e+00
7.040000e-06	4.063922e-02	-7.409978e+00
7.050000e-06	-3.177327e-02	-7.555226e+00
7.060000e-06	2.725654e-02	-7.684716e+00
7.070000e-06	-6.379358e-02	-7.850714e+00
7.080000e-06	1.131258e-02	-8.028505e+00
7.090000e-06	1.063760e-02	-8.114764e+00
7.100000e-06	-3.358541e-02	-8.240082e+00
7.110000e-06	-1.274242e-02	-8.345743e+00
7.120000e-06	-3.988576e-02	-8.432009e+00
7.130000e-06	3.511202e-02	-8.546319e+00
7.140000e-06	-2.845926e-02	-8.672161e+00
7.150000e-06	-2.272021e-02	-8.829953e+00
7.160000e-06	-1.777679e-02	-8.891669e+00
7.170000e-06	5.940064e-04	-8.978953e+00
7.180000e-06	-4.784167e-03	-9.064182e+00
7.190000e-06	-4.585758e-02	-9.146346e+00
7.200000e-06	-9.090730e-03	-9.262579e+00
7.210000e-06	-6.261778e-03	-9.334796e+00
7.220000e-06	-2.775488e-03	-9.452152e+00
7.230000e-06	-3.423061e-02	-9.544293e+00
7.240000e-06	-2.168293e-02	-9.608454e+00
7.250000e-06	-2.865067e-03	-9.712686e+00
7.260000e-06	-1.241163e-02	-9.786796e+00
7.270000e-06	-2.764801e-02	-9.808026e+00
7.280000e-06	-2.656930e-02	-9.831132e+00
7.290000e-06	-2.919953e-03	-9.936212e+00
7.300000e-06	-1.167228e-02	-9.967843e+00
7.310000e-06	-2.617688e-02	-9.991075e+00
7.320000e-06	-2.970407e-02	-1.005166e+01
7.330000e-06	-1.066542e-02	-1.004276e+01
7.340000e-06	-1.125468e-02	-1.013439e+01
7.350000e-06	-2.618089e-02	-1.015590e+01
7.360000e-06	-2.784590e-02	-1.021003e+01
7.370000e-06	-1.402653e-02	-1.024261e+01
7.380000e-06	-1.245814e-02	-1.032681e+01
7.390000e-06	-2.756793e-02	-1.031685e+01
7.400000e-06	-3.036360e-02	-1.031684e+01
7.410000e-06	-1.946403e-02	-1.034750e+01
7.420000e-06	-1.170194e-02	-1.040945e+01
7.430000e-06	-2.731042e-02	-1.039802e+01
7.440000e-06	-3.153113e-02	-1.039097e+01
7.450000e-06	-2.408675e-02	-1.040045e+01
7.460000e-06	-1.732460e-02	-1.039855e+01
7.470000e-06	-2.688001e-02	-1.042000e+01
7.480000e-06	-3.524851e-02	-1.036904e+01
7.490000e-06	-2.703131e-02	-1.038837e+01
7.500000e-06	-2.276430e-02	-1.034676e+01
7.510000e-06	-3.009255e-02	-1.028429e+01
7.520000e-06	-3.980153e-02	-1.027371e+01
7.530000e-06	-3.497810e-02	-1.021961e+01
7.540000e-06	-2.728362e-02	-1.017857e+01
7.550000e-06	-3.367674e-02	-1.013539e+01
7.560000e-06	-4.100554e-02	-1.007371e+01
7.570000e-06	-3.927198e-02	-1.007168e+01
7.580000e-06	-3.346458e-02	-1.001155e+01
7.590000e-06	-3.773689e-02	-9.957422e+00
7.600000e-06	-4.870822e-02	-9.916291e+00
7.610000e-06	-4.696536e-02	-9.863683e+00
7.620000e-06	-4.311871e-02	-9.820149e+00
7.630000e-06	-4.613119e-02	-9.748467e+00
7.640000e-06	-5.793479e-02	-9.663335e+00
7.650000e-06	-6.071096e-02	-9.620078e+00
7.660000e-06	-5.755856e-02	-9.558920e+00
7.670000e-06	-6.252670e-02	-9.475763e+00
7.680000e-06	-7.400938e-02	-9.380521e+00
7.690000e-06	-8.075112e-02	-9.283282e+00
7.700000e-06	-8.056065e-02	-9.199096e+00
7.710000e-06	-8.595284e-02	-9.117260e+00
7.720000e-06	-9.838178e-02	-9.001995e+00
7.730000e-06	-1.074368e-01	-8.875808e+00
7.740000e-06	-1.103028e-01	-8.832154e+00
7.750000e-06	-1.141092e-01	-8.776942e+00
7.760000e-06	-1.269058e-01	-8.632600e+00
7.770000e-06	-1.354073e-01	-8.465311e+00
7.780000e-06	-1.370575e-01	-8.339544e+00
7.790000e-06	-1.386738e-01	-8.326185e+00
7.800000e-06	-1.439751e-01	-8.168493e+00
7.810000e-06	-1.479969e-01	-8.064182e+00
7.820000e-06	-1.430859e-01	-7.927442e+00
7.830000e-06	-1.357286e-01	-7.768997e+00
7.840000e-06	-1.342718e-01	-7.632625e+00
7.850000e-06	-1.306099e-01	-7.475728e+00
7.860000e-06	-1.220551e-01	-7.345991e+00
7.870000e-06	-1.099497e-01	-7.202604e+00
7.880000e-06	-1.041614e-01	-7.085207e+00
7.890000e-06	-1.003449e-01	-6.876856e+00
7.900000e-06	-9.138623e-02	-6.778919e+00
7.910000e-06	-7.946073e-02	-6.631150e+00
7.920000e-06	-7.392525e-02	-6.495757e+00
7.930000e-06	-7.080869e-02	-6.358489e+00
7.940000e-06	-6.401051e-02	-6.170015e+00
7.950000e-06	-5.467964e-02	-5.992598e+00
7.960000e-06	-5.022237e-02	-5.862682e+00
7.970000e-06	-4.886309e-02	-5.684810e+00
7.980000e-06	-4.409339e-02	-5.579466e+00
7.990000e-06	-3.740077e-02	-5.317962e+00
8.000000e-06	-3.292881e-02	-5.158939e+00
8.010000e-06	-3.508261e-02	-4.979576e+00
8.020000e-06	-2.959828e-02	-4.718920e+00
8.030000e-06	-2.783172e-02	-4.600548e+00
8.040000e-06	-2.191874e-02	-4.451179e+00
8.050000e-06	-2.483476e-02	-4.285232e+00
8.060000e-06	-2.046187e-02	-4.147861e+00
8.070000e-06	-1.702418e-02	-3.969920e+00
8.080000e-06	-1.467466e-02	-3.740045e+00
8.090000e-06	-1.532694e-02	-3.600119e+00
8.100000e-06	-1.563531e-02	-3.372149e+00
8.110000e-06	-1.425837e-02	-3.244204e+00
8.120000e-06	-1.323962e-02	-3.064748e+00
8.130000e-06	-1.377073e-02	-2.843657e+00
8.140000e-06	-1.088828e-02	-2.675309e+00
8.150000e-06	-9.819338e-03	-2.464307e+00
8.160000e-06	-5.264477e-03	-2.297667e+00
8.170000e-06	-7.119440e-03	-2.066856e+00
8.180000e-06	-7.672165e-03	-1.936865e+00
8.190000e-06	-9.182540e-03	-1.727886e+00
8.200000e-06	-7.459096e-03	-1.570991e+00
8.210000e-06	-8.134071e-03	-1.307086e+00
8.220000e-06	-8.185571e-03	-1.127336e+00
8.230000e-06	-5.551997e-03	-9.288134e-01
8.240000e-06	-3.862238e-03	-7.489149e-01
8.250000e-06	-2.652403e-03	-5.578597e-01
8.260000e-06	-3.827756e-03	-3.279410e-01
8.270000e-06	-4.501246e-03	-1.790437e-01
8.280000e-06	2.087788e-04	-1.059888e-02
8.290000e-06	1.749924e-03	1.784024e-01
8.300000e-06	-3.406442e-03	4.189536e-01
8.310000e-06	-7.906146e-04	5.462934e-01
8.320000e-06	-5.692094e-04	7.447158e-01
8.330000e-06	2.300658e-03	8.521867e-01
8.340000e-06	-2.023305e-05	1.084171e+00
8.350000e-06	3.279067e-03	1.275166e+00
8.360000e-06	2.644042e-02	1.462209e+00
8.370000e-06	6.524718e-02	1.706222e+00
8.380000e-06	-1.492332e-02	1.967897e+00
8.390000e-06	-5.100959e-02	2.177825e+00
8.400000e-06	-4.558017e-02	2.315792e+00
8.410000e-06	-5.305848e-02	2.440683e+00
8.420000e-06	3.500417e-02	2.577779e+00
8.430000e-06	9.412060e-02	2.787976e+00
8.440000e-06	-1.259133e-01	2.996446e+00
8.450000e-06	6.921562e-02	3.072663e+00
8.460000e-06	6.796431e-02	3.303593e+00
8.470000e-06	-4.783874e-02	3.545418e+00
8.480000e-06	3.357754e-02	3.641033e+00
8.490000e-06	-6.084319e-02	3.869984e+00
8.500000e-06	-2.270583e-02	3.999501e+00
8.510000e-06	9.314007e-02	4.175876e+00
8.520000e-06	-1.952835e-02	4.390079e+00
8.530000e-06	-2.522501e-02	4.575874e+00
8.540000e-06	1.504809e-02	4.787921e+00
8.550000e-06	-1.107311e-02	4.924246e+00
8.560000e-06	5.112508e-02	5.175770e+00
8.570000e-06	-4.327600e-02	5.347371e+00
8.580000e-06	-3.598226e-03	5.515316e+00
8.590000e-06	3.264115e-02	5.674106e+00
8.600000e-06	3.172248e-02	5.840084e+00
8.610000e-06	-1.932520e-02	6.018980e+00
8.620000e-06	-4.191062e-02	6.176299e+00
8.630000e-06	4.513565e-02	6.274138e+00
8.640000e-06	1.372947e-02	6.440984e+00
8.650000e-06	-3.568825e-03	6.599002e+00
8.660000e-06	1.026854e-03	6.809425e+00
8.670000e-06	3.851740e-03	6.945217e+00
8.680000e-06	2.689001e-02	7.042085e+00
8.690000e-06	-3.588071e-03	7.215447e+00
8.700000e-06	-1.720117e-02	7.315244e+00
8.710000e-06	1.171652e-02	7.453138e+00
8.720000e-06	2.105320e-02	7.621130e+00
8.730000e-06	1.763563e-02	7.778449e+00
8.740000e-06	-1.478790e-02	7.906721e+00
8.750000e-06	1.239231e-02	8.080584e+00
8.760000e-06	1.704148e-02	8.200476e+00
8.770000e-06	5.826293e-03	8.302691e+00
8.780000e-06	-2.059439e-03	8.439002e+00
8.790000e-06	-1.769096e-04	8.492287e+00
8.800000e-06	2.563512e-02	8.577348e+00
8.810000e-06	1.278654e-02	8.672190e+00
8.820000e-06	3.449606e-03	8.789474e+00
8.830000e-06	2.291330e-03	8.852184e+00
8.840000e-06	1.623528e-02	8.987975e+00
8.850000e-06	1.258038e-02	9.102693e+00
8.860000e-06	-2.726175e-03	9.209972e+00
8.870000e-06	6.340735e-03	9.253683e+00
8.880000e-06	1.686110e-02	9.377941e+00
8.890000e-06	1.950169e-02	9.420029e+00
8.900000e-06	5.756716e-03	9.495312e+00
8.910000e-06	5.819639e-03	9.597948e+00
8.920000e-06	1.571882e-02	9.632083e+00
8.930000e-06	1.385549e-02	9.683712e+00
8.940000e-06	7.099524e-03	9.727924e+00
8.950000e-06	5.053074e-03	9.851055e+00
8.960000e-06	1.834049e-02	9.944339e+00
8.970000e-06	1.730703e-02	9.968421e+00
8.980000e-06	1.206376e-02	1.004055e+01
8.990000e-06	7.767773e-03	1.004316e+01
9.000000e-06	1.631516e-02	1.006364e+01
9.010000e-06	1.725980e-02	1.009629e+01
9.020000e-06	1.214488e-02	1.017682e+01
9.030000e-06	9.396289e-03	1.018840e+01
9.040000e-06	1.568081e-02	1.017058e+01
9.050000e-06	1.945024e-02	1.023107e+01
9.060000e-06	1.508741e-02	1.024063e+01
9.070000e-06	1.244513e-02	1.023271e+01
9.080000e-06	1.784231e-02	1.027161e+01
9.090000e-06	2.163298e-02	1.031274e+01
9.100000e-06	1.668090e-02	1.029426e+01
9.110000e-06	1.319681e-02	1.027329e+01
9.120000e-06	1.722342e-02	1.025421e+01
9.130000e-06	2.275168e-02	1.028526e+01
9.140000e-06	2.190021e-02	1.027271e+01
9.150000e-06	1.916442e-02	1.026468e+01
9.160000e-06	2.419418e-02	1.025005e+01
9.170000e-06	2.777709e-02	1.021108e+01
9.180000e-06	2.712151e-02	1.017805e+01
9.190000e-06	2.249537e-02	1.014797e+01
9.200000e-06	2.543387e-02	1.012534e+01
9.210000e-06	3.144413e-02	1.007374e+01
9.220000e-06	3.139681e-02	1.007321e+01
9.230000e-06	2.885860e-02	1.003208e+01
9.240000e-06	3.117832e-02	1.001005e+01
9.250000e-06	3.766374e-02	9.956361e+00
9.260000e-06	3.712584e-02	9.885203e+00
9.270000e-06	3.506942e-02	9.761545e+00
9.280000e-06	3.877012e-02	9.685365e+00
9.290000e-06	4.608835e-02	9.663756e+00
9.300000e-06	5.034477e-02	9.599072e+00
9.310000e-06	4.943995e-02	9.525761e+00
9.320000e-06	5.303836e-02	9.440606e+00
9.330000e-06	6.150955e-02	9.387996e+00
9.340000e-06	6.625193e-02	9.295261e+00
9.350000e-06	7.052270e-02	9.230654e+00
9.360000e-06	7.371344e-02	9.198542e+00
9.370000e-06	8.587092e-02	9.062653e+00
9.380000e-06	9.142938e-02	8.945410e+00
9.390000e-06	9.937664e-02	8.831579e+00
9.400000e-06	1.038380e-01	8.735915e+00
9.410000e-06	1.141197e-01	8.631629e+00
9.420000e-06	1.209864e-01	8.518389e+00
9.430000e-06	1.261170e-01	8.422153e+00
9.440000e-06	1.296428e-01	8.366412e+00
9.450000e-06	1.359343e-01	8.242173e+00
9.460000e-06	1.386376e-01	8.084231e+00
9.470000e-06	1.383681e-01	7.949992e+00
9.480000e-06	1.343270e-01	7.854182e+00
9.490000e-06	1.322954e-01	7.696862e+00
9.500000e-06	1.279733e-01	7.581068e+00
9.510000e-06	1.197072e-01	7.413077e+00
9.520000e-06	1.122224e-01	7.214883e+00
9.530000e-06	1.039292e-01	7.135415e+00
9.540000e-06	9.851729e-02	7.010668e+00
9.550000e-06	8.872541e-02	6.875682e+00
9.560000e-06	8.072951e-02	6.778014e+00
9.570000e-06	7.385132e-02	6.549441e+00
9.580000e-06	6.812527e-02	6.411523e+00
9.590000e-06	6.021565e-02	6.274231e+00
9.600000e-06	5.396544e-02	6.106360e+00
9.610000e-06	4.795821e-02	5.970549e+00
9.620000e-06	4.300148e-02	5.783145e+00
9.630000e-06	3.727279e-02	5.592226e+00
9.640000e-06	3.376065e-02	5.463781e+00
9.650000e-06	2.996368e-02	5.346861e+00
9.660000e-06	2.762108e-02	5.116853e+00
9.670000e-06	2.395123e-02	4.875884e+00
9.680000e-06	2.031391e-02	4.716909e+00
9.690000e-06	1.822529e-02	4.557542e+00
9.700000e-06	1.664279e-02	4.391026e+00
9.710000e-06	1.369176e-02	4.224127e+00
9.720000e-06	1.112495e-02	4.012600e+00
9.730000e-06	1.048056e-02	3.883755e+00
9.740000e-06	8.768049e-03	3.674833e+00
9.750000e-06	6.790251e-03	3.558906e+00
9.760000e-06	5.463411e-03	3.278910e+00
9.770000e-06	4.267673e-03	3.126963e+00
9.780000e-06	4.839096e-03	2.971419e+00
9.790000e-06	3.138394e-03	2.822124e+00
9.800000e-06	1.522466e-03	2.621119e+00
9.810000e-06	7.857919e-04	2.351416e+00
9.820000e-06	1.046009e-03	2.171024e+00
9.830000e-06	-8.546161e-05	2.012650e+00
9.840000e-06	-1.808337e-03	1.864254e+00
9.850000e-06	-1.578128e-03	1.645174e+00
9.860000e-06	-6.279822e-04	1.463778e+00
9.870000e-06	-1.279267e-03	1.263829e+00
9.880000e-06	-2.134749e-03	1.074699e+00
9.890000e-06	-2.896713e-03	7.845490e-01
9.900000e-06	-2.528917e-03	6.421278e-01
9.910000e-06	-3.179739e-03	4.547267e-01
9.920000e-06	-3.443641e-03	2.843017e-01
9.930000e-06	-4.221422e-03	6.322797e-02
9.940000e-06	1.134382e-03	-1.361445e-01
9.950000e-06	2.670107e-03	-3.221668e-01
9.960000e-06	-3.480268e-03	-4.495513e-01
9.970000e-06	-3.252476e-03	-6.771127e-01
9.980000e-06	-4.703381e-03	-8.215600e-01
9.990000e-06	-1.254237e-03	-9.969499e-01
1.000000e-05	-5.526320e-03	-1.146321e+00
1.001000e-05	3.240523e-03	-1.344319e+00
1.002000e-05	6.080002e-02	-1.567197e+00
1.003000e-05	3.293906e-02	-1.766775e+00
1.004000e-05	-6.077565e-02	-2.020451e+00
1.005000e-05	-5.242554e-02	-2.312723e+00
1.006000e-05	-9.569121e-02	-2.482013e+00
1.007000e-05	4.679331e-02	-2.566370e+00
1.008000e-05	1.164981e-01	-2.631084e+00
1.009000e-05	-1.676734e-01	-2.882138e+00
1.010000e-05	7.587757e-02	-3.093164e+00
1.011000e-05	8.738440e-02	-3.229355e+00
1.012000e-05	-9.970931e-02	-3.440012e+00
1.013000e-05	7.021054e-02	-3.589451e+00
1.014000e-05	-8.971280e-02	-3.725722e+00
1.015000e-05	-8.732883e-02	-3.976879e+00
1.016000e-05	1.666392e-01	-4.105742e+00
1.017000e-05	-6.507287e-02	-4.323725e+00
1.018000e-05	-1.714948e-02	-4.492608e+00
1.019000e-05	2.001408e-02	-4.580502e+00
1.020000e-05	-7.470637e-02	-4.852063e+00
1.021000e-05	1.122149e-01	-5.010076e+00
1.022000e-05	-1.162501e-01	-5.166302e+00
1.023000e-05	-2.645664e-02	-5.375930e+00
1.024000e-05	8.910934e-02	-5.566925e+00
1.025000e-05	-3.919726e-02	-5.756273e+00
1.026000e-05	1.740953e-02	-5.893314e+00
1.027000e-05	-1.029506e-01	-6.060531e+00
1.028000e-05	4.819602e-02	-6.209083e+00
1.029000e-05	3.533061e-02	-6.387898e+00
1.030000e-05	-8.606999e-02	-6.545796e+00
1.031000e-05	3.830857e-02	-6.703107e+00
1.032000e-05	-4.570341e-02	-6.819476e+00
1.033000e-05	5.261759e-02	-6.967852e+00
1.034000e-05	-3.722431e-02	-7.116745e+00
1.035000e-05	-6.452614e-02	-7.303588e+00
1.036000e-05	4.290444e-02	-7.379425e+00
1.037000e-05	-3.097430e-02	-7.546272e+00
1.038000e-05	2.582193e-02	-7.683689e+00
1.039000e-05	-6.350635e-02	-7.881135e+00
1.040000e-05	1.022443e-02	-8.038976e+00
1.041000e-05	1.235346e-02	-8.114189e+00
1.042000e-05	-3.543405e-02	-8.231108e+00
1.043000e-05	-1.173046e-02	-8.336294e+00
1.044000e-05	-3.995516e-02	-8.459528e+00
1.045000e-05	3.542657e-02	-8.555920e+00
1.046000e-05	-2.940687e-02	-8.720712e+00
1.047000e-05	-2.408475e-02	-8.820550e+00
1.048000e-05	-1.710209e-02	-8.892138e+00
1.049000e-05	6.748506e-04	-9.008998e+00
1.050000e-05	-3.197948e-03	-9.052112e+00
1.051000e-05	-4.538156e-02	-9.157322e+00
1.052000e-05	-7.982326e-03	-9.231104e+00
1.053000e-05	-6.499555e-03	-9.325341e+00
1.054000e-05	-3.368582e-03	-9.420582e+00
1.055000e-05	-3.432114e-02	-9.516743e+00
1.056000e-05	-2.198612e-02	-9.611028e+00
1.057000e-05	-2.754879e-03	-9.673185e+00
1.058000e-05	-1.200862e-02	-9.737345e+00
1.059000e-05	-2.765570e-02	-9.788978e+00
1.060000e-05	-2.563453e-02	-9.861628e+00
1.061000e-05	-3.696625e-03	-9.905813e+00
1.062000e-05	-1.169337e-02	-9.968397e+00
1.063000e-05	-2.751290e-02	-9.979553e+00
1.064000e-05	-2.882305e-02	-1.004103e+01
1.065000e-05	-1.021732e-02	-1.010223e+01
1.066000e-05	-1.114260e-02	-1.010526e+01
1.067000e-05	-2.694078e-02	-1.018792e+01
1.068000e-05	-2.707169e-02	-1.020098e+01
1.069000e-05	-1.393752e-02	-1.028266e+01
1.070000e-05	-1.176949e-02	-1.029624e+01
1.071000e-05	-2.762672e-02	-1.030434e+01
1.072000e-05	-2.954437e-02	-1.034680e+01
1.073000e-05	-1.887377e-02	-1.031797e+01
1.074000e-05	-1.180747e-02	-1.038800e+01
1.075000e-05	-2.797037e-02	-1.038805e+01
1.076000e-05	-3.285569e-02	-1.035847e+01
1.077000e-05	-2.357314e-02	-1.038893e+01
1.078000e-05	-1.759648e-02	-1.037850e+01
1.079000e-05	-2.695732e-02	-1.037940e+01
1.080000e-05	-3.622552e-02	-1.035895e+01
1.081000e-05	-2.608943e-02	-1.030935e+01
1.082000e-05	-2.137315e-02	-1.034651e+01
1.083000e-05	-2.973540e-02	-1.031676e+01
1.084000e-05	-4.009234e-02	-1.028466e+01
1.085000e-05	-3.529753e-02	-1.021060e+01
1.086000e-05	-2.780884e-02	-1.015008e+01
1.087000e-05	-3.344054e-02	-1.015797e+01
1.088000e-05	-4.231498e-02	-1.011486e+01
1.089000e-05	-3.950070e-02	-1.007216e+01
1.090000e-05	-3.274909e-02	-1.001158e+01
1.091000e-05	-3.837245e-02	-9.976846e+00
1.092000e-05	-4.865931e-02	-9.886286e+00
1.093000e-05	-4.801091e-02	-9.863680e+00
1.094000e-05	-4.257415e-02	-9.800553e+00
1.095000e-05	-4.698832e-02	-9.716844e+00
1.096000e-05	-5.857463e-02	-9.684683e+00
1.097000e-05	-6.224067e-02	-9.621653e+00
1.098000e-05	-5.646047e-02	-9.588024e+00
1.099000e-05	-6.224879e-02	-9.475710e+00
1.100000e-05	-7.393670e-02	-9.360997e+00
1.101000e-05	-8.153918e-02	-9.275333e+00
1.102000e-05	-7.999254e-02	-9.219522e+00
1.103000e-05	-8.595802e-02	-9.114358e+00
1.104000e-05	-9.854418e-02	-9.009625e+00
1.105000e-05	-1.082006e-01	-8.877286e+00
1.106000e-05	-1.092233e-01	-8.842132e+00
1.107000e-05	-1.137946e-01	-8.737515e+00
1.108000e-05	-1.264799e-01	-8.600150e+00
1.109000e-05	-1.367680e-01	-8.464786e+00
1.110000e-05	-1.366454e-01	-8.369496e+00
1.111000e-05	-1.379141e-01	-8.285733e+00
1.112000e-05	-1.438990e-01	-8.160020e+00
1.113000e-05	-1.490535e-01	-8.065180e+00
1.114000e-05	-1.424776e-01	-7.967410e+00
1.115000e-05	-1.351922e-01	-7.780571e+00
1.116000e-05	-1.339896e-01	-7.612704e+00
1.117000e-05	-1.309269e-01	-7.493756e+00
1.118000e-05	-1.213385e-01	-7.347466e+00
1.119000e-05	-1.093379e-01	-7.241706e+00
1.120000e-05	-1.045036e-01	-7.125254e+00
1.121000e-05	-1.003620e-01	-6.875861e+00
1.122000e-05	-9.077070e-02	-6.749466e+00
1.123000e-05	-7.949109e-02	-6.641575e+00
1.124000e-05	-7.398546e-02	-6.484812e+00
1.125000e-05	-7.124480e-02	-6.368494e+00
1.126000e-05	-6.463003e-02	-6.170545e+00
1.127000e-05	-5.393904e-02	-6.000545e+00
1.128000e-05	-5.075795e-02	-5.854732e+00
1.129000e-05	-4.892996e-02	-5.685811e+00
1.130000e-05	-4.404618e-02	-5.560919e+00
1.131000e-05	-3.652723e-02	-5.356061e+00
1.132000e-05	-3.310687e-02	-5.171463e+00
1.133000e-05	-3.362311e-02	-4.990042e+00
1.134000e-05	-3.136358e-02	-4.732044e+00
1.135000e-05	-2.589323e-02	-4.599972e+00
1.136000e-05	-2.233569e-02	-4.443729e+00
1.137000e-05	-2.323024e-02	-4.285336e+00
1.138000e-05	-2.128484e-02	-4.117439e+00
1.139000e-05	-1.743844e-02	-3.999965e+00
1.140000e-05	-1.436446e-02	-3.788619e+00
1.141000e-05	-1.716827e-02	-3.591545e+00
1.142000e-05	-1.593518e-02	-3.422650e+00
1.143000e-05	-1.362296e-02	-3.253153e+00
1.144000e-05	-9.980140e-03	-3.095183e+00
1.145000e-05	-1.276472e-02	-2.852728e+00
1.146000e-05	-1.285292e-02	-2.665857e+00
1.147000e-05	-1.070967e-02	-2.507302e+00
1.148000e-05	-6.511013e-03	-2.345837e+00
1.149000e-05	-7.618321e-03	-2.076908e+00
1.150000e-05	-8.380191e-03	-1.917886e+00
1.151000e-05	-8.090746e-03	-1.728392e+00
1.152000e-05	-5.208678e-03	-1.570469e+00
1.153000e-05	-7.577791e-03	-1.339960e+00
1.154000e-05	-8.855988e-03	-1.106838e+00
1.155000e-05	-6.920851e-03	-9.473873e-01
1.156000e-05	-3.957678e-03	-7.903462e-01
1.157000e-05	-3.323430e-03	-5.379623e-01
1.158000e-05	-4.773271e-03	-3.688897e-01
1.159000e-05	-4.887827e-03	-1.805162e-01
1.160000e-05	1.217168e-03	8.800000e-03
1.161000e-05	3.217457e-03	1.894074e-01
1.162000e-05	-3.693290e-03	4.194488e-01
1.163000e-05	-8.154998e-04	5.847985e-01
1.164000e-05	-1.618461e-03	7.246934e-01
1.165000e-05	2.228735e-03	8.611591e-01
1.166000e-05	-4.299844e-04	1.143617e+00
1.167000e-05	3.609096e-03	1.274717e+00
1.168000e-05	2.498371e-02	1.492614e+00
1.169000e-05	6.615017e-02	1.763729e+00
1.170000e-05	-1.349207e-02	1.976873e+00
1.171000e-05	-5.073283e-02	2.185873e+00
1.172000e-05	-4.710284e-02	2.296193e+00
1.173000e-05	-5.314378e-02	2.442526e+00
1.174000e-05	3.293814e-02	2.525800e+00
1.175000e-05	9.546432e-02	2.818474e+00
1.176000e-05	-1.249576e-01	2.945846e+00
1.177000e-05	6.667195e-02	3.074264e+00
1.178000e-05	7.113204e-02	3.294169e+00
1.179000e-05	-4.843416e-02	3.533345e+00
1.180000e-05	3.154316e-02	3.642008e+00
1.181000e-05	-5.966951e-02	3.830037e+00
1.182000e-05	-2.512812e-02	3.998401e+00
1.183000e-05	9.558865e-02	4.178834e+00
1.184000e-05	-1.690186e-02	4.420025e+00
1.185000e-05	-2.373633e-02	4.586902e+00
1.186000e-05	1.666582e-02	4.787271e+00
1.187000e-05	-1.346688e-02	4.955223e+00
1.188000e-05	4.946547e-02	5.184775e+00
1.189000e-05	-4.464183e-02	5.375795e+00
1.190000e-05	-6.750404e-03	5.514193e+00
1.191000e-05	3.570660e-02	5.631559e+00
1.192000e-05	3.315156e-02	5.808105e+00
1.193000e-05	-1.571602e-02	6.010029e+00
1.194000e-05	-4.317661e-02	6.176347e+00
1.195000e-05	4.570224e-02	6.262689e+00
1.196000e-05	1.334769e-02	6.449533e+00
1.197000e-05	-4.365258e-03	6.578406e+00
1.198000e-05	5.885252e-04	6.777375e+00
1.199000e-05	4.132381e-03	6.923792e+00
1.200000e-05	2.859884e-02	7.051558e+00
1.201000e-05	-2.671758e-03	7.176823e+00
1.202000e-05	-1.645034e-02	7.285766e+00
1.203000e-05	1.057932e-02	7.531713e+00
1.204000e-05	2.039579e-02	7.631136e+00
1.205000e-05	1.628775e-02	7.795951e+00
1.206000e-05	-1.491545e-02	7.905193e+00
1.207000e-05	1.133746e-02	8.052633e+00
1.208000e-05	1.858392e-02	8.208976e+00
1.209000e-05	6.924793e-03	8.313215e+00
1.210000e-05	-5.784964e-04	8.419452e+00
1.211000e-05	-1.418047e-03	8.484715e+00
1.212000e-05	2.552307e-02	8.577428e+00
1.213000e-05	1.180314e-02	8.692141e+00
1.214000e-05	1.679653e-03	8.799399e+00
1.215000e-05	1.923714e-03	8.891588e+00
1.216000e-05	1.753010e-02	8.925947e+00
1.217000e-05	1.670826e-02	9.084314e+00
1.218000e-05	-1.992937e-03	9.190450e+00
1.219000e-05	7.202776e-03	9.273658e+00
1.220000e-05	1.427643e-02	9.345318e+00
1.221000e-05	1.798413e-02	9.391552e+00
1.222000e-05	2.761243e-03	9.474111e+00
1.223000e-05	5.534393e-03	9.618426e+00
1.224000e-05	1.589865e-02	9.620679e+00
1.225000e-05	1.753906e-02	9.663760e+00
1.226000e-05	7.710575e-03	9.737897e+00
1.227000e-05	5.662459e-03	9.874158e+00
1.228000e-05	1.678740e-02	9.935291e+00
1.229000e-05	1.637977e-02	9.988896e+00
1.230000e-05	9.699109e-03	1.004060e+01
1.231000e-05	6.875439e-03	1.005213e+01
1.232000e-05	1.558860e-02	1.008266e+01
1.233000e-05	1.999668e-02	1.010779e+01
1.234000e-05	1.332073e-02	1.014792e+01
1.235000e-05	9.952616e-03	1.019802e+01
1.236000e-05	1.590950e-02	1.020000e+01
1.237000e-05	1.890362e-02	1.022060e+01
1.238000e-05	1.407339e-02	1.022156e+01
1.239000e-05	9.924854e-03	1.025218e+01
1.240000e-05	1.641117e-02	1.027279e+01
1.241000e-05	2.271199e-02	1.025331e+01
1.242000e-05	1.881686e-02	1.029364e+01
1.243000e-05	1.427669e-02	1.030571e+01
1.244000e-05	1.831340e-02	1.029421e+01
1.245000e-05	2.273924e-02	1.026526e+01
1.246000e-05	2.156394e-02	1.027320e+01
1.247000e-05	1.836630e-02	1.023271e+01
1.248000e-05	2.193585e-02	1.025360e+01
1.249000e-05	2.768998e-02	1.022060e+01
1.250000e-05	2.766319e-02	1.021892e+01
1.251000e-05	2.377185e-02	1.012844e+01
1.252000e-05	2.591300e-02	1.011676e+01
1.253000e-05	3.081775e-02	1.009431e+01
1.254000e-05	3.089850e-02	1.004273e+01
1.255000e-05	2.867497e-02	1.003110e+01
1.256000e-05	3.054888e-02	1.000099e+01
1.257000e-05	3.725899e-02	9.947392e+00
1.258000e-05	3.809200e-02	9.882732e+00
1.259000e-05	3.842298e-02	9.780548e+00
1.260000e-05	3.831479e-02	9.695410e+00
1.261000e-05	4.458218e-02	9.652759e+00
1.262000e-05	4.933014e-02	9.559471e+00
1.263000e-05	4.943768e-02	9.514814e+00
1.264000e-05	5.240662e-02	9.442128e+00
1.265000e-05	6.254697e-02	9.337971e+00
1.266000e-05	6.935118e-02	9.294787e+00
1.267000e-05	7.082518e-02	9.211101e+00
1.268000e-05	7.402339e-02	9.177466e+00
1.269000e-05	8.255664e-02	9.093655e+00
1.270000e-05	9.074486e-02	8.938463e+00
1.271000e-05	9.813822e-02	8.822250e+00
1.272000e-05	1.034361e-01	8.727861e+00
1.273000e-05	1.143973e-01	8.631625e+00
1.274000e-05	1.239582e-01	8.557364e+00
1.275000e-05	1.276281e-01	8.412674e+00
1.276000e-05	1.297670e-01	8.376440e+00
1.277000e-05	1.338687e-01	8.231978e+00
1.278000e-05	1.383708e-01	8.082837e+00
1.279000e-05	1.378837e-01	7.979015e+00
1.280000e-05	1.345846e-01	7.842675e+00
1.281000e-05	1.315924e-01	7.726408e+00
1.282000e-05	1.293480e-01	7.603070e+00
1.283000e-05	1.215546e-01	7.472670e+00
1.284000e-05	1.115988e-01	7.255732e+00
1.285000e-05	1.030366e-01	7.136462e+00
1.286000e-05	9.727929e-02	7.001575e+00
1.287000e-05	8.947872e-02	6.854727e+00
1.288000e-05	7.968047e-02	6.776886e+00
1.289000e-05	7.245858e-02	6.518542e+00
1.290000e-05	6.807635e-02	6.420074e+00
1.291000e-05	6.284009e-02	6.282653e+00
1.292000e-05	5.353915e-02	6.125363e+00
1.293000e-05	4.706543e-02	6.000995e+00
1.294000e-05	4.236053e-02	5.772273e+00
1.295000e-05	3.960906e-02	5.661702e+00
1.296000e-05	3.366891e-02	5.455283e+00
1.297000e-05	2.954701e-02	5.295808e+00
1.298000e-05	2.552291e-02	5.166385e+00
1.299000e-05	2.538031e-02	4.865283e+00
1.300000e-05	2.147366e-02	4.756862e+00
1.301000e-05	1.646606e-02	4.569415e+00
1.302000e-05	1.572896e-02	4.411096e+00
1.303000e-05	1.429992e-02	4.244622e+00
1.304000e-05	1.253604e-02	4.032650e+00
1.305000e-05	8.794425e-03	3.834730e+00
1.306000e-05	7.549794e-03	3.696356e+00
1.307000e-05	8.536297e-03	3.547935e+00
1.308000e-05	6.717365e-03	3.287437e+00
1.309000e-05	4.140743e-03	3.158367e+00
1.310000e-05	2.894538e-03	2.968442e+00
1.311000e-05	3.923350e-03	2.791523e+00
1.312000e-05	3.034286e-03	2.560645e+00
1.313000e-05	1.176397e-03	2.390994e+00
1.314000e-05	2.378604e-04	2.202076e+00
1.315000e-05	1.085811e-03	2.032157e+00
1.316000e-05	1.935672e-04	1.894384e+00
1.317000e-05	-1.177653e-03	1.633802e+00
1.318000e-05	-2.846459e-03	1.456250e+00
1.319000e-05	-2.130057e-03	1.244254e+00
1.320000e-05	-1.830171e-03	1.054725e+00
1.321000e-05	-3.408692e-03	8.220463e-01
1.322000e-05	-3.250906e-03	6.142013e-01
1.323000e-05	-2.286856e-03	4.452803e-01
1.324000e-05	-1.584853e-03	3.148817e-01
1.325000e-05	-3.069186e-03	5.480302e-02
1.326000e-05	-8.682730e-04	-1.341894e-01
1.327000e-05	1.999909e-03	-2.817130e-01
1.328000e-05	-2.415219e-03	-4.005089e-01
1.329000e-05	-1.522691e-03	-6.514640e-01
1.330000e-05	-6.128771e-03	-8.290315e-01
1.331000e-05	-1.935102e-03	-9.884511e-01
1.332000e-05	-3.103940e-03	-1.146245e+00
1.333000e-05	4.591017e-03	-1.335226e+00
1.334000e-05	5.849888e-02	-1.565372e+00
1.335000e-05	3.301420e-02	-1.766250e+00
1.336000e-05	-5.994025e-02	-2.018938e+00
1.337000e-05	-5.118894e-02	-2.283646e+00
1.338000e-05	-9.638640e-02	-2.501113e+00
1.339000e-05	4.163659e-02	-2.547847e+00
1.340000e-05	1.199588e-01	-2.661531e+00
1.341000e-05	-1.652376e-01	-2.900563e+00
1.342000e-05	7.066966e-02	-3.084137e+00
1.343000e-05	8.890625e-02	-3.167379e+00
1.344000e-05	-1.003061e-01	-3.440537e+00
1.345000e-05	7.054718e-02	-3.598552e+00
1.346000e-05	-8.620785e-02	-3.715175e+00
1.347000e-05	-9.245511e-02	-3.997902e+00
1.348000e-05	1.673197e-01	-4.105746e+00
1.349000e-05	-6.180182e-02	-4.323147e+00
1.350000e-05	-1.969523e-02	-4.473664e+00
1.351000e-05	2.003228e-02	-4.660503e+00
1.352000e-05	-7.698187e-02	-4.859612e+00
1.353000e-05	1.139917e-01	-4.991081e+00
1.354000e-05	-1.134683e-01	-5.146302e+00
1.355000e-05	-3.019077e-02	-5.396904e+00
1.356000e-05	9.060463e-02	-5.575350e+00
1.357000e-05	-3.923380e-02	-5.795322e+00
1.358000e-05	1.892347e-02	-5.895736e+00
1.359000e-05	-1.040242e-01	-6.030005e+00
1.360000e-05	4.484038e-02	-6.259426e+00
1.361000e-05	3.839369e-02	-6.377249e+00
1.362000e-05	-8.623662e-02	-6.516295e+00
1.363000e-05	3.961740e-02	-6.662584e+00
1.364000e-05	-4.647042e-02	-6.819029e+00
1.365000e-05	5.147109e-02	-6.988321e+00
1.366000e-05	-3.349104e-02	-7.145370e+00
1.367000e-05	-6.645253e-02	-7.244161e+00
1.368000e-05	4.200456e-02	-7.389454e+00
1.369000e-05	-3.173101e-02	-7.597426e+00
1.370000e-05	2.724041e-02	-7.694187e+00
1.371000e-05	-6.261469e-02	-7.850537e+00
1.372000e-05	7.526936e-03	-8.019501e+00
1.373000e-05	1.252121e-02	-8.104241e+00
1.374000e-05	-3.482754e-02	-8.211056e+00
1.375000e-05	-1.023921e-02	-8.325217e+00
1.376000e-05	-4.034811e-02	-8.411556e+00
1.377000e-05	3.515374e-02	-8.546895e+00
1.378000e-05	-2.700268e-02	-8.705741e+00
1.379000e-05	-2.400639e-02	-8.818074e+00
1.380000e-05	-1.856554e-02	-8.884142e+00
1.381000e-05	-1.222354e-03	-8.990477e+00
1.382000e-05	-1.515898e-03	-9.062108e+00
1.383000e-05	-4.441440e-02	-9.146396e+00
1.384000e-05	-8.286261e-03	-9.230581e+00
1.385000e-05	-6.693661e-03	-9.316395e+00
1.386000e-05	-2.291519e-03	-9.440530e+00
1.387000e-05	-3.310838e-02	-9.525292e+00
1.388000e-05	-2.245591e-02	-9.587975e+00
1.389000e-05	-3.431511e-03	-9.683132e+00
1.390000e-05	-1.092742e-02	-9.775842e+00
1.391000e-05	-2.691858e-02	-9.767974e+00
1.392000e-05	-2.689356e-02	-9.852631e+00
1.393000e-05	-2.917787e-03	-9.903787e+00
1.394000e-05	-1.174857e-02	-9.966842e+00
1.395000e-05	-2.487297e-02	-1.001998e+01
1.396000e-05	-2.981995e-02	-1.002061e+01
1.397000e-05	-1.079030e-02	-1.008371e+01
1.398000e-05	-1.144938e-02	-1.012484e+01
1.399000e-05	-2.570070e-02	-1.011735e+01
1.400000e-05	-2.775812e-02	-1.020848e+01
1.401000e-05	-1.500013e-02	-1.026116e+01
1.402000e-05	-1.224640e-02	-1.029661e+01
1.403000e-05	-2.720778e-02	-1.032624e+01
1.404000e-05	-2.945039e-02	-1.031677e+01
1.405000e-05	-2.011616e-02	-1.036739e+01
1.406000e-05	-1.285217e-02	-1.036857e+01
1.407000e-05	-2.670056e-02	-1.034945e+01
1.408000e-05	-3.175973e-02	-1.038955e+01
1.409000e-05	-2.410801e-02	-1.035895e+01
1.410000e-05	-1.909017e-02	-1.037943e+01
1.411000e-05	-2.630296e-02	-1.038945e+01
1.412000e-05	-3.529584e-02	-1.036792e+01
1.413000e-05	-2.627812e-02	-1.038839e+01
1.414000e-05	-2.258796e-02	-1.033781e+01
1.415000e-05	-2.982459e-02	-1.028276e+01
1.416000e-05	-4.035545e-02	-1.032274e+01
1.417000e-05	-3.521386e-02	-1.020256e+01
1.418000e-05	-2.793073e-02	-1.014848e+01
1.419000e-05	-3.448280e-02	-1.018786e+01
1.420000e-05	-4.185487e-02	-1.012576e+01
1.421000e-05	-3.955962e-02	-1.003376e+01
1.422000e-05	-3.479813e-02	-9.990074e+00
1.423000e-05	-3.869061e-02	-9.988466e+00
1.424000e-05	-4.763024e-02	-9.916287e+00
1.425000e-05	-4.587119e-02	-9.862678e+00
1.426000e-05	-4.286797e-02	-9.801021e+00
1.427000e-05	-4.675405e-02	-9.717965e+00
1.428000e-05	-5.826068e-02	-9.713160e+00
1.429000e-05	-6.124561e-02	-9.621628e+00
1.430000e-05	-5.810012e-02	-9.538918e+00
1.431000e-05	-6.360577e-02	-9.504183e+00
1.432000e-05	-7.340203e-02	-9.389045e+00
1.433000e-05	-7.914018e-02	-9.254310e+00
1.434000e-05	-7.950516e-02	-9.208593e+00
1.435000e-05	-8.579527e-02	-9.134837e+00
1.436000e-05	-9.856505e-02	-9.001578e+00
1.437000e-05	-1.072905e-01	-8.886312e+00
1.438000e-05	-1.100191e-01	-8.851654e+00
1.439000e-05	-1.166226e-01	-8.778018e+00
1.440000e-05	-1.275425e-01	-8.661672e+00
1.441000e-05	-1.350311e-01	-8.473362e+00
1.442000e-05	-1.347571e-01	-8.369449e+00
1.443000e-05	-1.373105e-01	-8.284759e+00
1.444000e-05	-1.438042e-01	-8.160020e+00
1.445000e-05	-1.475190e-01	-8.034203e+00
1.446000e-05	-1.420448e-01	-7.947906e+00
1.447000e-05	-1.382388e-01	-7.781468e+00
1.448000e-05	-1.344256e-01	-7.611081e+00
1.449000e-05	-1.303332e-01	-7.494707e+00
1.450000e-05	-1.208341e-01	-7.358415e+00
1.451000e-05	-1.099103e-01	-7.233651e+00
1.452000e-05	-1.044560e-01	-7.073857e+00
1.453000e-05	-9.917199e-02	-6.905436e+00
1.454000e-05	-9.124854e-02	-6.779044e+00
1.455000e-05	-8.012328e-02	-6.641102e+00
1.456000e-05	-7.557853e-02	-6.486836e+00
1.457000e-05	-7.089682e-02	-6.368014e+00
1.458000e-05	-6.327228e-02	-6.168990e+00
1.459000e-05	-5.385998e-02	-6.001099e+00
1.460000e-05	-5.004472e-02	-5.853656e+00
1.461000e-05	-4.820571e-02	-5.706361e+00
1.462000e-05	-4.286803e-02	-5.507919e+00
1.463000e-05	-3.801975e-02	-5.378490e+00
1.464000e-05	-3.476781e-02	-5.149515e+00
1.465000e-05	-3.383760e-02	-4.970575e+00
1.466000e-05	-3.009111e-02	-4.799668e+00
1.467000e-05	-2.561232e-02	-4.610996e+00
1.468000e-05	-2.256599e-02	-4.433155e+00
1.469000e-05	-2.414497e-02	-4.295783e+00
1.470000e-05	-2.038818e-02	-4.126438e+00
1.471000e-05	-1.841729e-02	-3.990526e+00
1.472000e-05	-1.533555e-02	-3.812142e+00
1.473000e-05	-1.837889e-02	-3.600045e+00
1.474000e-05	-1.409248e-02	-3.412124e+00
1.475000e-05	-1.300992e-02	-3.232705e+00
1.476000e-05	-1.059221e-02	-3.035283e+00
1.477000e-05	-1.225748e-02	-2.834202e+00
1.478000e-05	-1.134195e-02	-2.696332e+00
1.479000e-05	-1.107094e-02	-2.454807e+00
1.480000e-05	-7.641646e-03	-2.337806e+00
1.481000e-05	-9.450114e-03	-2.055883e+00
1.482000e-05	-8.020527e-03	-1.947362e+00
1.483000e-05	-6.883478e-03	-1.738439e+00
1.484000e-05	-6.123546e-03	-1.579896e+00
1.485000e-05	-7.201002e-03	-1.278936e+00
1.486000e-05	-7.840796e-03	-1.116860e+00
1.487000e-05	-5.949324e-03	-9.489086e-01
1.488000e-05	-6.378670e-03	-7.883937e-01
1.489000e-05	-4.619465e-03	-5.689136e-01
1.490000e-05	-4.561138e-03	-3.493884e-01
1.491000e-05	-3.342978e-03	-1.584438e-01
1.492000e-05	4.143610e-04	-2.057158e-02
1.493000e-05	2.659496e-03	2.083784e-01
1.494000e-05	-2.911710e-03	3.983761e-01
1.495000e-05	4.043412e-05	5.582946e-01
1.496000e-05	-1.229960e-03	7.132456e-01
1.497000e-05	3.470648e-04	8.630903e-01
1.498000e-05	-1.431974e-03	1.094641e+00
1.499000e-05	3.638925e-03	1.272637e+00
1.500000e-05	2.476667e-02	1.473117e+00
1.501000e-05	6.461543e-02	1.745748e+00
1.502000e-05	-1.224607e-02	1.985352e+00
1.503000e-05	-5.016961e-02	2.125772e+00
1.504000e-05	-4.586910e-02	2.324719e+00
1.505000e-05	-5.377751e-02	2.411011e+00
1.506000e-05	3.115031e-02	2.556904e+00
1.507000e-05	9.729394e-02	2.808430e+00
1.508000e-05	-1.237557e-01	2.976400e+00
1.509000e-05	6.311789e-02	3.063689e+00
1.510000e-05	7.398879e-02	3.353121e+00
1.511000e-05	-4.970244e-02	3.577221e+00
1.512000e-05	3.199639e-02	3.639483e+00
1.513000e-05	-6.026846e-02	3.819934e+00
1.514000e-05	-2.602413e-02	4.018929e+00
1.515000e-05	9.588879e-02	4.166925e+00
1.516000e-05	-1.461458e-02	4.399425e+00
1.517000e-05	-2.482051e-02	4.557396e+00
1.518000e-05	1.737696e-02	4.755297e+00
1.519000e-05	-1.389835e-02	4.916321e+00
1.520000e-05	5.030891e-02	5.146751e+00
1.521000e-05	-4.454086e-02	5.365301e+00
1.522000e-05	-6.434567e-03	5.524743e+00
1.523000e-05	3.578308e-02	5.652559e+00
1.524000e-05	3.339114e-02	5.810610e+00
1.525000e-05	-1.455632e-02	6.009950e+00
1.526000e-05	-4.379011e-02	6.196394e+00
1.527000e-05	4.610561e-02	6.305263e+00
1.528000e-05	1.369659e-02	6.451558e+00
1.529000e-05	-4.250155e-03	6.577955e+00
1.530000e-05	7.480374e-04	6.809401e+00
1.531000e-05	4.388137e-03	6.904816e+00
1.532000e-05	2.860461e-02	7.072131e+00
1.533000e-05	-2.251163e-03	7.176429e+00
1.534000e-05	-1.655289e-02	7.306194e+00
1.535000e-05	1.107364e-02	7.551792e+00
1.536000e-05	2.114046e-02	7.651584e+00
1.537000e-05	1.711524e-02	7.807449e+00
1.538000e-05	-1.426791e-02	7.874295e+00
1.539000e-05	1.139478e-02	8.061638e+00
1.540000e-05	1.898527e-02	8.197974e+00
1.541000e-05	7.149551e-03	8.295692e+00
1.542000e-05	-2.117056e-03	8.428929e+00
1.543000e-05	-8.941351e-04	8.504138e+00
1.544000e-05	2.446943e-02	8.577399e+00
1.545000e-05	1.253958e-02	8.642086e+00
1.546000e-05	2.518269e-03	8.798401e+00
1.547000e-05	1.633572e-03	8.893604e+00
1.548000e-05	1.661248e-02	8.956927e+00
1.549000e-05	1.475850e-02	9.104087e+00
1.550000e-05	-1.665188e-03	9.228452e+00
1.551000e-05	6.540280e-03	9.253135e+00
1.552000e-05	1.549196e-02	9.366275e+00
1.553000e-05	1.838173e-02	9.420583e+00
1.554000e-05	4.268720e-03	9.514088e+00
1.555000e-05	5.360417e-03	9.577372e+00
1.556000e-05	1.557649e-02	9.641603e+00
1.557000e-05	1.642520e-02	9.692212e+00
1.558000e-05	6.860118e-03	9.737374e+00
1.559000e-05	6.197303e-03	9.810562e+00
1.560000e-05	1.766792e-02	9.906739e+00
1.561000e-05	1.709806e-02	9.949422e+00
1.562000e-05	9.484287e-03	1.001005e+01
1.563000e-05	6.572656e-03	1.006118e+01
1.564000e-05	1.629848e-02	1.007371e+01
1.565000e-05	1.870796e-02	1.012579e+01
1.566000e-05	1.171423e-02	1.014587e+01
1.567000e-05	1.045811e-02	1.016895e+01
1.568000e-05	1.617446e-02	1.020050e+01
1.569000e-05	1.929945e-02	1.023113e+01
1.570000e-05	1.458285e-02	1.023365e+01
1.571000e-05	1.186804e-02	1.026058e+01
1.572000e-05	1.743955e-02	1.026331e+01
1.573000e-05	2.280516e-02	1.028477e+01
1.574000e-05	1.760298e-02	1.030368e+01
1.575000e-05	1.487257e-02	1.026318e+01
1.576000e-05	1.820038e-02	1.027373e+01
1.577000e-05	2.407930e-02	1.027271e+01
1.578000e-05	2.269397e-02	1.026411e+01
1.579000e-05	1.787789e-02	1.022213e+01
1.580000e-05	2.285483e-02	1.028215e+01
1.581000e-05	2.743676e-02	1.021101e+01
1.582000e-05	2.743467e-02	1.018857e+01
1.583000e-05	2.319019e-02	1.013792e+01
1.584000e-05	2.578663e-02	1.012637e+01
1.585000e-05	3.194774e-02	1.011381e+01
1.586000e-05	3.335660e-02	1.009376e+01
1.587000e-05	2.855882e-02	1.004158e+01
1.588000e-05	3.086812e-02	1.000802e+01
1.589000e-05	3.715630e-02	9.965321e+00
1.590000e-05	3.755930e-02	9.892633e+00
1.591000e-05	3.609503e-02	9.829549e+00
1.592000e-05	3.905291e-02	9.716390e+00
1.593000e-05	4.721442e-02	9.642202e+00
1.594000e-05	5.041804e-02	9.569015e+00
1.595000e-05	4.926752e-02	9.517360e+00
1.596000e-05	5.242105e-02	9.422683e+00
1.597000e-05	6.180420e-02	9.368495e+00
1.598000e-05	6.742397e-02	9.284688e+00
1.599000e-05	6.948242e-02	9.230605e+00
1.600000e-05	7.320594e-02	9.176468e+00
1.601000e-05	8.508155e-02	9.073676e+00
1.602000e-05	9.249533e-02	8.917391e+00
1.603000e-05	9.831478e-02	8.853199e+00
1.604000e-05	1.029692e-01	8.736914e+00
1.605000e-05	1.145067e-01	8.632525e+00
1.606000e-05	1.227521e-01	8.546840e+00
1.607000e-05	1.272164e-01	8.445129e+00
1.608000e-05	1.283025e-01	8.377416e+00
1.609000e-05	1.356853e-01	8.193649e+00
1.610000e-05	1.394625e-01	8.055309e+00
1.611000e-05	1.377450e-01	7.998994e+00
1.612000e-05	1.332172e-01	7.863704e+00
1.613000e-05	1.315363e-01	7.727415e+00
1.614000e-05	1.283892e-01	7.602101e+00
1.615000e-05	1.206700e-01	7.394728e+00
1.616000e-05	1.112036e-01	7.234311e+00
1.617000e-05	1.032668e-01	7.117887e+00
1.618000e-05	9.871823e-02	7.001021e+00
1.619000e-05	8.934457e-02	6.853753e+00
1.620000e-05	7.981221e-02	6.796871e+00
1.621000e-05	7.210040e-02	6.578987e+00
1.622000e-05	6.806651e-02	6.410450e+00
1.623000e-05	6.092885e-02	6.244231e+00
1.624000e-05	5.312020e-02	6.127861e+00
1.625000e-05	4.660303e-02	5.970075e+00
1.626000e-05	4.378489e-02	5.881650e+00
1.627000e-05	3.912069e-02	5.605650e+00
1.628000e-05	3.371916e-02	5.475284e+00
1.629000e-05	2.888254e-02	5.346360e+00
1.630000e-05	2.663228e-02	5.095857e+00
1.631000e-05	2.441860e-02	4.876908e+00
1.632000e-05	1.981848e-02	4.705859e+00
1.633000e-05	1.696271e-02	4.557466e+00
1.634000e-05	1.677230e-02	4.412049e+00
1.635000e-05	1.520223e-02	4.211097e+00
1.636000e-05	1.170785e-02	4.021628e+00
1.637000e-05	9.205470e-03	3.835179e+00
1.638000e-05	8.833081e-03	3.684783e+00
1.639000e-05	8.764049e-03	3.558390e+00
1.640000e-05	5.895525e-03	3.296861e+00
1.641000e-05	3.227898e-03	3.138939e+00
1.642000e-05	4.175407e-03	2.959492e+00
1.643000e-05	4.221082e-03	2.802100e+00
1.644000e-05	2.710322e-03	2.590101e+00
1.645000e-05	-1.828046e-04	2.399494e+00
1.646000e-05	3.943902e-04	2.222146e+00
1.647000e-05	1.366148e-03	2.034153e+00
1.648000e-05	-6.103630e-06	1.883730e+00
1.649000e-05	-1.098104e-03	1.664730e+00
1.650000e-05	-2.227055e-03	1.474252e+00
1.651000e-05	-1.044350e-03	1.294253e+00
1.652000e-05	-1.159558e-03	1.053703e+00
1.653000e-05	-3.372782e-03	8.021752e-01
1.654000e-05	-3.850410e-03	6.446764e-01
1.655000e-05	-1.786443e-03	4.653029e-01
1.656000e-05	-1.572817e-03	2.868571e-01
1.657000e-05	-4.120413e-03	3.530295e-02
1.658000e-05	-1.272956e-03	-9.479185e-02
1.659000e-05	3.602032e-03	-2.736405e-01
1.660000e-05	-1.598297e-03	-4.205577e-01
1.661000e-05	-1.782945e-03	-6.609614e-01
1.662000e-05	-6.349693e-03	-8.299836e-01
1.663000e-05	-1.998541e-03	-1.008499e+00
1.664000e-05	-2.800099e-03	-1.136797e+00
1.665000e-05	2.813581e-03	-1.325771e+00
1.666000e-05	5.709396e-02	-1.535921e+00
1.667000e-05	3.612174e-02	-1.735747e+00
1.668000e-05	-5.952481e-02	-2.018960e+00
1.669000e-05	-5.033273e-02	-2.272143e+00
1.670000e-05	-9.660598e-02	-2.441609e+00
1.671000e-05	3.830432e-02	-2.565371e+00
1.672000e-05	1.238156e-01	-2.629559e+00
1.673000e-05	-1.651394e-01	-2.870012e+00
1.674000e-05	6.616233e-02	-3.113662e+00
1.675000e-05	9.214807e-02	-3.188977e+00
1.676000e-05	-1.010214e-01	-3.429412e+00
1.677000e-05	7.016168e-02	-3.589500e+00
1.678000e-05	-8.400461e-02	-3.714741e+00
1.679000e-05	-9.617211e-02	-4.018502e+00
1.680000e-05	1.672322e-01	-4.094765e+00
1.681000e-05	-5.869174e-02	-4.283671e+00
1.682000e-05	-2.251864e-02	-4.453660e+00
1.683000e-05	2.260048e-02	-4.611049e+00
1.684000e-05	-7.845565e-02	-4.862163e+00
1.685000e-05	1.150849e-01	-5.039503e+00
1.686000e-05	-1.116944e-01	-5.165771e+00
1.687000e-05	-3.530501e-02	-5.406969e+00
1.688000e-05	9.318465e-02	-5.566925e+00
1.689000e-05	-3.880776e-02	-5.735275e+00
1.690000e-05	1.923180e-02	-5.893289e+00
1.691000e-05	-1.041321e-01	-6.040531e+00
1.692000e-05	4.303636e-02	-6.249982e+00
1.693000e-05	4.077769e-02	-6.346897e+00
1.694000e-05	-8.825290e-02	-6.545868e+00
1.695000e-05	3.753872e-02	-6.651608e+00
1.696000e-05	-4.573523e-02	-6.799478e+00
1.697000e-05	5.183926e-02	-7.026376e+00
1.698000e-05	-3.114499e-02	-7.146347e+00
1.699000e-05	-6.923192e-02	-7.282214e+00
1.700000e-05	4.365526e-02	-7.409475e+00
1.701000e-05	-3.147447e-02	-7.546371e+00
1.702000e-05	2.844801e-02	-7.681817e+00
1.703000e-05	-6.373978e-02	-7.823063e+00
1.704000e-05	6.194151e-03	-8.029980e+00
1.705000e-05	1.517440e-02	-8.124714e+00
1.706000e-05	-3.426404e-02	-8.261035e+00
1.707000e-05	-1.030843e-02	-8.306790e+00
1.708000e-05	-4.122641e-02	-8.399582e+00
1.709000e-05	3.578201e-02	-8.555896e+00
1.710000e-05	-2.566407e-02	-8.672770e+00
1.711000e-05	-2.583098e-02	-8.810023e+00
1.712000e-05	-1.841508e-02	-8.874159e+00
1.713000e-05	-1.313905e-03	-8.988976e+00
1.714000e-05	8.429939e-04	-9.102185e+00
1.715000e-05	-4.554377e-02	-9.198821e+00
1.716000e-05	-8.581659e-03	-9.250553e+00
1.717000e-05	-6.751746e-03	-9.306344e+00
1.718000e-05	-1.871431e-04	-9.399557e+00
1.719000e-05	-3.304165e-02	-9.514815e+00
1.720000e-05	-2.370466e-02	-9.619050e+00
1.721000e-05	-3.428621e-03	-9.674161e+00
1.722000e-05	-9.819587e-03	-9.775796e+00
1.723000e-05	-2.603662e-02	-9.797474e+00
1.724000e-05	-2.776600e-02	-9.822607e+00
1.725000e-05	-3.647178e-03	-9.893737e+00
1.726000e-05	-9.862022e-03	-9.986871e+00
1.727000e-05	-2.468383e-02	-1.003010e+01
1.728000e-05	-3.055224e-02	-1.003958e+01
1.729000e-05	-1.194693e-02	-1.009576e+01
1.730000e-05	-1.004725e-02	-1.013377e+01
1.731000e-05	-2.492305e-02	-1.013751e+01
1.732000e-05	-2.925156e-02	-1.024150e+01
1.733000e-05	-1.600905e-02	-1.028158e+01
1.734000e-05	-1.078255e-02	-1.027529e+01
1.735000e-05	-2.560328e-02	-1.030734e+01
1.736000e-05	-3.120096e-02	-1.036482e+01
1.737000e-05	-2.050579e-02	-1.035749e+01
1.738000e-05	-1.158917e-02	-1.038802e+01
1.739000e-05	-2.515382e-02	-1.036847e+01
1.740000e-05	-3.282322e-02	-1.037005e+01
1.741000e-05	-2.543652e-02	-1.040952e+01
1.742000e-05	-1.753625e-02	-1.041094e+01
1.743000e-05	-2.568206e-02	-1.035008e+01
1.744000e-05	-3.570396e-02	-1.039797e+01
1.745000e-05	-2.911810e-02	-1.033636e+01
1.746000e-05	-2.177104e-02	-1.034677e+01
1.747000e-05	-2.863416e-02	-1.031477e+01
1.748000e-05	-3.922540e-02	-1.027428e+01
1.749000e-05	-3.665251e-02	-1.020250e+01
1.750000e-05	-2.784574e-02	-1.015890e+01
1.751000e-05	-3.321928e-02	-1.015942e+01
1.752000e-05	-4.151809e-02	-1.009431e+01
1.753000e-05	-4.069281e-02	-1.005168e+01
1.754000e-05	-3.347645e-02	-1.000998e+01
1.755000e-05	-3.736133e-02	-9.967396e+00
1.756000e-05	-4.744565e-02	-9.895812e+00
1.757000e-05	-4.941509e-02	-9.840657e+00
1.758000e-05	-4.340192e-02	-9.832050e+00
1.759000e-05	-4.631070e-02	-9.737345e+00
1.760000e-05	-5.597643e-02	-9.684756e+00
1.761000e-05	-6.245674e-02	-9.623104e+00
1.762000e-05	-5.900508e-02	-9.568970e+00
1.763000e-05	-6.248564e-02	-9.513736e+00
1.764000e-05	-7.292113e-02	-9.389068e+00
1.765000e-05	-8.013631e-02	-9.263784e+00
1.766000e-05	-8.169075e-02	-9.201046e+00
1.767000e-05	-8.512478e-02	-9.096287e+00
1.768000e-05	-9.663533e-02	-9.039598e+00
1.769000e-05	-1.076089e-01	-8.917409e+00
1.770000e-05	-1.104729e-01	-8.811628e+00
1.771000e-05	-1.147964e-01	-8.748516e+00
1.772000e-05	-1.250888e-01	-8.631154e+00
1.773000e-05	-1.354335e-01	-8.454760e+00
1.774000e-05	-1.370288e-01	-8.398018e+00
1.775000e-05	-1.380017e-01	-8.274334e+00
1.776000e-05	-1.431396e-01	-8.179518e+00
1.777000e-05	-1.477227e-01	-8.072782e+00
1.778000e-05	-1.421285e-01	-7.978540e+00
1.779000e-05	-1.367489e-01	-7.768023e+00
1.780000e-05	-1.336933e-01	-7.651724e+00
1.781000e-05	-1.302240e-01	-7.485284e+00
1.782000e-05	-1.223162e-01	-7.355940e+00
1.783000e-05	-1.111999e-01	-7.232154e+00
1.784000e-05	-1.044600e-01	-7.096404e+00
1.785000e-05	-9.902506e-02	-6.895308e+00
1.786000e-05	-9.164573e-02	-6.757966e+00
1.787000e-05	-8.037877e-02	-6.632653e+00
1.788000e-05	-7.415642e-02	-6.467307e+00
1.789000e-05	-6.976076e-02	-6.357421e+00
1.790000e-05	-6.435798e-02	-6.159619e+00
1.791000e-05	-5.585248e-02	-6.011023e+00
1.792000e-05	-5.026189e-02	-5.853303e+00
1.793000e-05	-4.807779e-02	-5.717409e+00
1.794000e-05	-4.394591e-02	-5.569466e+00
1.795000e-05	-3.842721e-02	-5.327990e+00
1.796000e-05	-3.324304e-02	-5.160442e+00
1.797000e-05	-3.300240e-02	-5.001519e+00
1.798000e-05	-3.001671e-02	-4.760994e+00
1.799000e-05	-2.695156e-02	-4.611599e+00
1.800000e-05	-2.285932e-02	-4.431756e+00
1.801000e-05	-2.325795e-02	-4.296333e+00
1.802000e-05	-2.100096e-02	-4.157387e+00
1.803000e-05	-1.987486e-02	-3.980574e+00
1.804000e-05	-1.627221e-02	-3.793144e+00
1.805000e-05	-1.532858e-02	-3.570016e+00
1.806000e-05	-1.464940e-02	-3.421575e+00
1.807000e-05	-1.428943e-02	-3.224228e+00
1.808000e-05	-1.102091e-02	-3.005803e+00
1.809000e-05	-1.259029e-02	-2.823151e+00
1.810000e-05	-1.200435e-02	-2.716780e+00
1.811000e-05	-1.151608e-02	-2.515786e+00
1.812000e-05	-7.277376e-03	-2.298417e+00
1.813000e-05	-8.186338e-03	-2.075283e+00
1.814000e-05	-6.790573e-03	-1.897361e+00
1.815000e-05	-7.621077e-03	-1.769493e+00
1.816000e-05	-6.745192e-03	-1.571499e+00
1.817000e-05	-6.938371e-03	-1.288907e+00
1.818000e-05	-7.956878e-03	-1.146910e+00
1.819000e-05	-5.766658e-03	-9.393897e-01
1.820000e-05	-6.443807e-03	-7.604926e-01
1.821000e-05	-3.782865e-03	-4.874610e-01
1.822000e-05	-5.077206e-03	-3.593684e-01
1.823000e-05	-3.825836e-03	-1.805263e-01
1.824000e-05	-3.162635e-04	-1.112520e-02
1.825000e-05	3.041553e-03	2.267737e-01
1.826000e-05	-3.361718e-03	3.984012e-01
1.827000e-05	5.435252e-04	5.658196e-01
1.828000e-05	-2.004524e-03	6.956157e-01
1.829000e-05	7.264992e-04	8.511367e-01
1.830000e-05	-6.486419e-04	1.112167e+00
1.831000e-05	4.219895e-03	1.264189e+00
1.832000e-05	2.416949e-02	1.432092e+00
1.833000e-05	6.567974e-02	1.756722e+00
1.834000e-05	-1.127601e-02	1.956825e+00
1.835000e-05	-5.062034e-02	2.155771e+00
1.836000e-05	-4.635365e-02	2.324763e+00
1.837000e-05	-5.426336e-02	2.431031e+00
1.838000e-05	2.920724e-02	2.557403e+00
1.839000e-05	1.006131e-01	2.806851e+00
1.840000e-05	-1.230666e-01	2.986348e+00
1.841000e-05	5.885515e-02	3.093261e+00
1.842000e-05	7.676488e-02	3.292167e+00
1.843000e-05	-4.850297e-02	3.545250e+00
1.844000e-05	3.141042e-02	3.631083e+00
1.845000e-05	-5.900374e-02	3.871089e+00
1.846000e-05	-2.998027e-02	3.998977e+00
1.847000e-05	9.677374e-02	4.178779e+00
1.848000e-05	-1.352468e-02	4.420006e+00
1.849000e-05	-2.682690e-02	4.566876e+00
1.850000e-05	1.850513e-02	4.744823e+00
1.851000e-05	-1.421521e-02	4.985247e+00
1.852000e-05	5.155331e-02	5.154747e+00
1.853000e-05	-4.464798e-02	5.367425e+00
1.854000e-05	-7.949727e-03	5.504744e+00
1.855000e-05	3.638336e-02	5.663110e+00
1.856000e-05	3.456783e-02	5.820508e+00
1.857000e-05	-1.513347e-02	6.020407e+00
1.858000e-05	-4.471614e-02	6.177327e+00
1.859000e-05	4.532695e-02	6.272164e+00
1.860000e-05	1.574877e-02	6.430509e+00
1.861000e-05	-6.168898e-03	6.577385e+00
1.862000e-05	7.621734e-04	6.798425e+00
1.863000e-05	4.551583e-03	6.925813e+00
1.864000e-05	2.947556e-02	7.051584e+00
1.865000e-05	-1.041660e-03	7.187474e+00
1.866000e-05	-1.861900e-02	7.333695e+00
1.867000e-05	1.196858e-02	7.472712e+00
1.868000e-05	2.100508e-02	7.642058e+00
1.869000e-05	1.786758e-02	7.786902e+00
1.870000e-05	-1.604972e-02	7.913764e+00
1.871000e-05	1.160474e-02	8.041460e+00
1.872000e-05	1.871221e-02	8.156924e+00
1.873000e-05	6.829767e-03	8.273664e+00
1.874000e-05	-2.696918e-03	8.397928e+00
1.875000e-05	-1.448148e-03	8.463687e+00
1.876000e-05	2.519841e-02	8.586849e+00
1.877000e-05	1.303928e-02	8.663687e+00
1.878000e-05	1.153149e-03	8.798371e+00
1.879000e-05	2.549761e-03	8.901690e+00
1.880000e-05	1.698345e-02	8.956873e+00
1.881000e-05	1.563157e-02	9.091714e+00
1.882000e-05	-2.520854e-03	9.199526e+00
1.883000e-05	6.553942e-03	9.261658e+00
1.884000e-05	1.579406e-02	9.344843e+00
1.885000e-05	1.988905e-02	9.440578e+00
1.886000e-05	2.707692e-03	9.492786e+00
1.887000e-05	5.005222e-03	9.565874e+00
1.888000e-05	1.600070e-02	9.632527e+00
1.889000e-05	1.706996e-02	9.682685e+00
1.890000e-05	5.648331e-03	9.765917e+00
1.891000e-05	5.111160e-03	9.841129e+00
1.892000e-05	1.802344e-02	9.915667e+00
1.893000e-05	1.756799e-02	9.978398e+00
1.894000e-05	9.169269e-03	1.002055e+01
1.895000e-05	4.993157e-03	1.005163e+01
1.896000e-05	1.644901e-02	1.005369e+01
1.897000e-05	1.927628e-02	1.009329e+01
1.898000e-05	1.184359e-02	1.011629e+01
1.899000e-05	9.923217e-03	1.018845e+01
1.900000e-05	1.699792e-02	1.021003e+01
1.901000e-05	1.972787e-02	1.023365e+01
1.902000e-05	1.425165e-02	1.022105e+01
1.903000e-05	1.057891e-02	1.024311e+01
1.904000e-05	1.791667e-02	1.026418e+01
1.905000e-05	2.266024e-02	1.026422e+01
1.906000e-05	1.727755e-02	1.025271e+01
1.907000e-05	1.416287e-02	1.031371e+01
1.908000e-05	1.929688e-02	1.029364e+01
1.909000e-05	2.257274e-02	1.029270e+01
1.910000e-05	2.169881e-02	1.025216e+01
1.911000e-05	1.719837e-02	1.025265e+01
1.912000e-05	2.516990e-02	1.022255e+01
1.913000e-05	2.781871e-02	1.020057e+01
1.914000e-05	2.883418e-02	1.016045e+01
1.915000e-05	2.196861e-02	1.012739e+01
1.916000e-05	2.628772e-02	1.011526e+01
1.917000e-05	3.049065e-02	1.007631e+01
1.918000e-05	3.179547e-02	1.005278e+01
1.919000e-05	2.803520e-02	1.003163e+01
1.920000e-05	3.187112e-02	9.968966e+00
1.921000e-05	3.790166e-02	9.956891e+00
1.922000e-05	3.880824e-02	9.864662e+00
1.923000e-05	3.694641e-02	9.781574e+00
1.924000e-05	3.792468e-02	9.736867e+00
1.925000e-05	4.572054e-02	9.623780e+00
1.926000e-05	4.872026e-02	9.599919e+00
1.927000e-05	4.969969e-02	9.505311e+00
1.928000e-05	5.242396e-02	9.422581e+00
1.929000e-05	6.238560e-02	9.337491e+00
1.930000e-05	6.741228e-02	9.284787e+00
1.931000e-05	7.143427e-02	9.221028e+00
1.932000e-05	7.438092e-02	9.178917e+00
1.933000e-05	8.355347e-02	9.074652e+00
1.934000e-05	9.058709e-02	8.897390e+00
1.935000e-05	9.870994e-02	8.810575e+00
1.936000e-05	1.028855e-01	8.746890e+00
1.937000e-05	1.136117e-01	8.631604e+00
1.938000e-05	1.223091e-01	8.537391e+00
1.939000e-05	1.274715e-01	8.422681e+00
1.940000e-05	1.290452e-01	8.367368e+00
1.941000e-05	1.350688e-01	8.241701e+00
1.942000e-05	1.397055e-01	8.098780e+00
1.943000e-05	1.385918e-01	7.959442e+00
1.944000e-05	1.341924e-01	7.803227e+00
1.945000e-05	1.310857e-01	7.737411e+00
1.946000e-05	1.284117e-01	7.591629e+00
1.947000e-05	1.199905e-01	7.421623e+00
1.948000e-05	1.113590e-01	7.254682e+00
1.949000e-05	1.031255e-01	7.137390e+00
1.950000e-05	9.928109e-02	6.990575e+00
1.951000e-05	9.073824e-02	6.885755e+00
1.952000e-05	8.054283e-02	6.757937e+00
1.953000e-05	7.163912e-02	6.529490e+00
1.954000e-05	6.750329e-02	6.401625e+00
1.955000e-05	6.160853e-02	6.234653e+00
1.956000e-05	5.386853e-02	6.155833e+00
1.957000e-05	4.701400e-02	6.001025e+00
1.958000e-05	4.306044e-02	5.872174e+00
1.959000e-05	3.974581e-02	5.614626e+00
1.960000e-05	3.347711e-02	5.454307e+00
1.961000e-05	2.781628e-02	5.307885e+00
1.962000e-05	2.682073e-02	5.178861e+00
1.963000e-05	2.523703e-02	4.855835e+00
1.964000e-05	2.170413e-02	4.747411e+00
1.965000e-05	1.748733e-02	4.568417e+00
1.966000e-05	1.560094e-02	4.412575e+00
1.967000e-05	1.480087e-02	4.181627e+00
1.968000e-05	1.134906e-02	4.032624e+00
1.969000e-05	9.143458e-03	3.873779e+00
1.970000e-05	8.278463e-03	3.686283e+00
1.971000e-05	9.194890e-03	3.557440e+00
1.972000e-05	6.806929e-03	3.367506e+00
1.973000e-05	3.776351e-03	3.127366e+00
1.974000e-05	3.370188e-03	2.999043e+00
1.975000e-05	3.608417e-03	2.812051e+00
1.976000e-05	2.602485e-03	2.601725e+00
1.977000e-05	1.028588e-03	2.371668e+00
1.978000e-05	1.396354e-04	2.223149e+00
1.979000e-05	2.598507e-03	2.074675e+00
1.980000e-05	-7.351135e-04	1.894806e+00
1.981000e-05	-8.865145e-04	1.633679e+00
1.982000e-05	-3.143333e-03	1.455707e+00
1.983000e-05	3.738345e-04	1.285280e+00
1.984000e-05	-5.360061e-04	1.044754e+00
1.985000e-05	-1.467002e-03	8.236516e-01
1.986000e-05	-4.347320e-03	6.631478e-01
1.987000e-05	-3.066117e-03	4.532542e-01
1.988000e-05	-3.193479e-03	3.073556e-01
1.989000e-05	-4.043886e-03	7.773053e-02
1.990000e-05	-1.449064e-03	-1.141645e-01
1.991000e-05	3.477569e-03	-2.941368e-01
1.992000e-05	-6.128952e-04	-4.405102e-01
1.993000e-05	-6.012462e-04	-6.299588e-01
1.994000e-05	-5.631910e-03	-8.200300e-01
1.995000e-05	-4.200849e-03	-9.883986e-01
1.996000e-05	-3.823217e-03	-1.148221e+00
1.997000e-05	2.131171e-03	-1.305748e+00
1.998000e-05	5.621554e-02	-1.586322e+00
1.999000e-05	3.738072e-02	-1.754696e+00
2.000000e-05	-5.893711e-02	-2.007855e+00
2.001000e-05	-4.869305e-02	-2.312674e+00
2.002000e-05	-9.482815e-02	-2.452638e+00
2.003000e-05	3.310434e-02	-2.548948e+00
2.004000e-05	1.252475e-01	-2.621004e+00
2.005000e-05	-1.649421e-01	-2.840588e+00
2.006000e-05	6.140834e-02	-3.125664e+00
2.007000e-05	9.610392e-02	-3.200379e+00
2.008000e-05	-1.013283e-01	-3.430515e+00
2.009000e-05	7.069655e-02	-3.628473e+00
2.010000e-05	-7.976684e-02	-3.724694e+00
2.011000e-05	-9.952804e-02	-3.996875e+00
2.012000e-05	1.674278e-01	-4.126190e+00
2.013000e-05	-5.736221e-02	-4.333222e+00
2.014000e-05	-2.623038e-02	-4.483608e+00
2.015000e-05	2.403777e-02	-4.570483e+00
2.016000e-05	-7.984113e-02	-4.851538e+00
2.017000e-05	1.150388e-01	-5.059504e+00
2.018000e-05	-1.080024e-01	-5.177351e+00
2.019000e-05	-3.813050e-02	-5.378407e+00
2.020000e-05	9.530825e-02	-5.545896e+00
2.021000e-05	-3.956963e-02	-5.785821e+00
2.022000e-05	1.922868e-02	-5.892288e+00
2.023000e-05	-1.050449e-01	-6.027953e+00
2.024000e-05	4.032536e-02	-6.240883e+00
2.025000e-05	4.349356e-02	-6.388850e+00
2.026000e-05	-8.759236e-02	-6.555792e+00
2.027000e-05	3.869821e-02	-6.652106e+00
2.028000e-05	-4.560153e-02	-6.818451e+00
2.029000e-05	5.037102e-02	-6.945896e+00
2.030000e-05	-2.903544e-02	-7.177371e+00
2.031000e-05	-7.087778e-02	-7.253212e+00
2.032000e-05	4.304847e-02	-7.420403e+00
2.033000e-05	-3.193321e-02	-7.545820e+00
2.034000e-05	2.788241e-02	-7.632188e+00
2.035000e-05	-6.187270e-02	-7.861065e+00
2.036000e-05	4.688395e-03	-8.009002e+00
2.037000e-05	1.614214e-02	-8.113714e+00
2.038000e-05	-3.660749e-02	-8.211580e+00
2.039000e-05	-8.834510e-03	-8.325347e+00
2.040000e-05	-4.192095e-02	-8.442031e+00
2.041000e-05	3.535469e-02	-8.556401e+00
2.042000e-05	-2.573016e-02	-8.674721e+00
2.043000e-05	-2.513918e-02	-8.810025e+00
2.044000e-05	-1.733755e-02	-8.892662e+00
2.045000e-05	-4.234301e-04	-8.998451e+00
2.046000e-05	-1.241791e-04	-9.081660e+00
2.047000e-05	-4.499544e-02	-9.166871e+00
2.048000e-05	-9.340894e-03	-9.240081e+00
2.049000e-05	-6.059630e-03	-9.306323e+00
2.050000e-05	-1.491495e-03	-9.451528e+00
2.051000e-05	-3.255536e-02	-9.505192e+00
2.052000e-05	-2.324544e-02	-9.639499e+00
2.053000e-05	-2.393350e-03	-9.692212e+00
2.054000e-05	-1.008141e-02	-9.775892e+00
2.055000e-05	-2.617983e-02	-9.808919e+00
2.056000e-05	-2.807454e-02	-9.861108e+00
2.057000e-05	-3.907561e-03	-9.943741e+00
2.058000e-05	-1.025229e-02	-9.976793e+00
2.059000e-05	-2.563200e-02	-9.999076e+00
2.060000e-05	-2.916750e-02	-1.005163e+01
2.061000e-05	-1.096368e-02	-1.006271e+01
2.062000e-05	-9.554574e-03	-1.011684e+01
2.063000e-05	-2.668287e-02	-1.014497e+01
2.064000e-05	-2.803002e-02	-1.017903e+01
2.065000e-05	-1.559564e-02	-1.022214e+01
2.066000e-05	-1.171612e-02	-1.032523e+01
2.067000e-05	-2.729406e-02	-1.039524e+01
2.068000e-05	-3.038016e-02	-1.032727e+01
2.069000e-05	-2.043962e-02	-1.035897e+01
2.070000e-05	-1.207802e-02	-1.036850e+01
2.071000e-05	-2.686221e-02	-1.039952e+01
2.072000e-05	-3.248194e-02	-1.044003e+01
2.073000e-05	-2.442872e-02	-1.042095e+01
2.074000e-05	-1.820980e-02	-1.039790e+01
2.075000e-05	-2.640304e-02	-1.040052e+01
2.076000e-05	-3.611439e-02	-1.036897e+01
2.077000e-05	-2.769208e-02	-1.037887e+01
2.078000e-05	-2.217643e-02	-1.030491e+01
2.079000e-05	-2.954154e-02	-1.030624e+01
2.080000e-05	-3.985732e-02	-1.028383e+01
2.081000e-05	-3.531928e-02	-1.025256e+01
2.082000e-05	-2.795544e-02	-1.016005e+01
2.083000e-05	-3.362188e-02	-1.013752e+01
2.084000e-05	-4.199706e-02	-1.008531e+01
2.085000e-05	-4.008958e-02	-1.005321e+01
2.086000e-05	-3.551271e-02	-1.003210e+01
2.087000e-05	-3.791316e-02	-9.997945e+00
2.088000e-05	-4.732783e-02	-9.877311e+00
2.089000e-05	-4.783863e-02	-9.843257e+00
2.090000e-05	-4.345312e-02	-9.852049e+00
2.091000e-05	-4.625421e-02	-9.758969e+00
2.092000e-05	-5.774783e-02	-9.664761e+00
2.093000e-05	-6.159839e-02	-9.622206e+00
2.094000e-05	-5.922875e-02	-9.560045e+00
2.095000e-05	-6.194280e-02	-9.505210e+00
2.096000e-05	-7.282865e-02	-9.391025e+00
2.097000e-05	-7.961176e-02	-9.294785e+00
2.098000e-05	-8.038662e-02	-9.190145e+00
2.099000e-05	-8.470688e-02	-9.126337e+00
2.100000e-05	-9.727724e-02	-9.042128e+00
2.101000e-05	-1.070409e-01	-8.913363e+00
2.102000e-05	-1.103293e-01	-8.842128e+00
2.103000e-05	-1.148620e-01	-8.777966e+00
2.104000e-05	-1.257903e-01	-8.624649e+00
2.105000e-05	-1.357838e-01	-8.466309e+00
2.106000e-05	-1.374828e-01	-8.389572e+00
2.107000e-05	-1.377852e-01	-8.303731e+00
2.108000e-05	-1.420668e-01	-8.158545e+00
2.109000e-05	-1.476577e-01	-8.064224e+00
2.110000e-05	-1.406591e-01	-7.968368e+00
2.111000e-05	-1.359328e-01	-7.778969e+00
2.112000e-05	-1.335093e-01	-7.623705e+00
2.113000e-05	-1.318635e-01	-7.485858e+00
2.114000e-05	-1.215530e-01	-7.356836e+00
2.115000e-05	-1.102849e-01	-7.191631e+00
2.116000e-05	-1.041693e-01	-7.084383e+00
2.117000e-05	-9.932464e-02	-6.897439e+00
2.118000e-05	-9.054518e-02	-6.749020e+00
2.119000e-05	-7.998694e-02	-6.593107e+00
2.120000e-05	-7.466026e-02	-6.515806e+00
2.121000e-05	-7.083151e-02	-6.359467e+00
2.122000e-05	-6.452355e-02	-6.159515e+00
2.123000e-05	-5.491624e-02	-5.991599e+00
2.124000e-05	-5.022057e-02	-5.854734e+00
2.125000e-05	-4.813349e-02	-5.665884e+00
2.126000e-05	-4.263234e-02	-5.567967e+00
2.127000e-05	-3.816683e-02	-5.320064e+00
2.128000e-05	-3.332934e-02	-5.139389e+00
2.129000e-05	-3.390571e-02	-5.011097e+00
2.130000e-05	-3.017628e-02	-4.790565e+00
2.131000e-05	-2.685207e-02	-4.592496e+00
2.132000e-05	-2.283983e-02	-4.455179e+00
2.133000e-05	-2.397649e-02	-4.294859e+00
2.134000e-05	-2.073069e-02	-4.137961e+00
2.135000e-05	-1.997004e-02	-3.991548e+00
2.136000e-05	-1.668355e-02	-3.801046e+00
2.137000e-05	-1.709147e-02	-3.581069e+00
2.138000e-05	-1.464503e-02	-3.433199e+00
2.139000e-05	-1.385884e-02	-3.234280e+00
2.140000e-05	-1.138410e-02	-3.073780e+00
2.141000e-05	-1.247048e-02	-2.823705e+00
2.142000e-05	-1.202965e-02	-2.665858e+00
2.143000e-05	-1.107751e-02	-2.485757e+00
2.144000e-05	-8.389609e-03	-2.337865e+00
2.145000e-05	-8.749078e-03	-2.067358e+00
2.146000e-05	-7.103409e-03	-1.895861e+00
2.147000e-05	-7.325176e-03	-1.760987e+00
2.148000e-05	-6.317071e-03	-1.580493e+00
2.149000e-05	-7.691814e-03	-1.358011e+00
2.150000e-05	-8.303650e-03	-1.158361e+00
2.151000e-05	-6.988275e-03	-9.269109e-01
2.152000e-05	-5.613442e-03	-7.704911e-01
2.153000e-05	-3.832942e-03	-5.189622e-01
2.154000e-05	-5.007611e-03	-3.684187e-01
2.155000e-05	-3.021934e-03	-1.920476e-01
2.156000e-05	-1.724863e-04	-1.212125e-02
2.157000e-05	3.877613e-03	2.097799e-01
2.158000e-05	-3.966108e-03	4.079249e-01
2.159000e-05	5.821779e-04	5.267970e-01
2.160000e-05	-2.001618e-03	7.246905e-01
2.161000e-05	9.499854e-04	8.831616e-01
2.162000e-05	-8.761164e-04	1.092139e+00
2.163000e-05	4.027681e-03	1.293115e+00
2.164000e-05	2.381776e-02	1.471618e+00
2.165000e-05	6.683428e-02	1.735323e+00
2.166000e-05	-1.022280e-02	1.956750e+00
2.167000e-05	-5.071126e-02	2.134823e+00
2.168000e-05	-4.681414e-02	2.334292e+00
2.169000e-05	-5.362844e-02	2.439602e+00
2.170000e-05	2.694122e-02	2.556476e+00
2.171000e-05	1.029037e-01	2.787427e+00
2.172000e-05	-1.225722e-01	2.966848e+00
2.173000e-05	5.660436e-02	3.083664e+00
2.174000e-05	7.966554e-02	3.304695e+00
2.175000e-05	-4.914733e-02	3.546315e+00
2.176000e-05	3.149342e-02	3.631028e+00
2.177000e-05	-5.683562e-02	3.858936e+00
2.178000e-05	-3.072787e-02	4.008601e+00
2.179000e-05	9.702677e-02	4.167249e+00
2.180000e-05	-1.301121e-02	4.427954e+00
2.181000e-05	-2.833538e-02	4.545775e+00
2.182000e-05	1.938951e-02	4.725796e+00
2.183000e-05	-1.558451e-02	4.914091e+00
2.184000e-05	5.164792e-02	5.164699e+00
2.185000e-05	-4.338468e-02	5.345800e+00
2.186000e-05	-8.221378e-03	5.505318e+00
2.187000e-05	3.611025e-02	5.661635e+00
2.188000e-05	3.359533e-02	5.820153e+00
2.189000e-05	-1.483532e-02	6.020404e+00
2.190000e-05	-4.485565e-02	6.115348e+00
2.191000e-05	4.553363e-02	6.293138e+00
2.192000e-05	1.609673e-02	6.459528e+00
2.193000e-05	-6.153719e-03	6.577778e+00
2.194000e-05	9.241344e-04	6.797457e+00
2.195000e-05	3.592320e-03	6.933769e+00
2.196000e-05	2.806550e-02	7.032601e+00
2.197000e-05	-1.504183e-03	7.186851e+00
2.198000e-05	-1.768192e-02	7.263689e+00
2.199000e-05	1.172320e-02	7.514190e+00
2.200000e-05	1.990958e-02	7.641553e+00
2.201000e-05	1.767323e-02	7.766947e+00
2.202000e-05	-1.500627e-02	7.935196e+00
2.203000e-05	1.022050e-02	8.060112e+00
2.204000e-05	1.914326e-02	8.196647e+00
2.205000e-05	7.030016e-03	8.252591e+00
2.206000e-05	-6.685805e-04	8.438952e+00
2.207000e-05	-3.267665e-03	8.473265e+00
2.208000e-05	2.464635e-02	8.607949e+00
2.209000e-05	1.153838e-02	8.682611e+00
2.210000e-05	3.492961e-03	8.788451e+00
2.211000e-05	1.589074e-03	8.873185e+00
2.212000e-05	1.704777e-02	8.927992e+00
2.213000e-05	1.536129e-02	9.153188e+00
2.214000e-05	-1.882734e-03	9.199497e+00
2.215000e-05	5.578798e-03	9.272207e+00
2.216000e-05	1.555579e-02	9.335816e+00
2.217000e-05	1.941562e-02	9.400530e+00
2.218000e-05	2.607379e-03	9.484635e+00
2.219000e-05	5.176171e-03	9.577824e+00
2.220000e-05	1.522544e-02	9.660077e+00
2.221000e-05	1.701863e-02	9.684259e+00
2.222000e-05	6.902496e-03	9.758892e+00
2.223000e-05	5.389042e-03	9.811585e+00
2.224000e-05	1.895324e-02	9.924367e+00
2.225000e-05	1.827075e-02	9.998971e+00
2.226000e-05	9.630476e-03	1.002907e+01
2.227000e-05	5.176364e-03	1.005161e+01
2.228000e-05	1.645002e-02	1.007329e+01
2.229000e-05	1.920268e-02	1.010376e+01
2.230000e-05	1.225226e-02	1.015599e+01
2.231000e-05	1.006721e-02	1.021997e+01
2.232000e-05	1.721252e-02	1.020900e+01
2.233000e-05	2.002321e-02	1.023105e+01
2.234000e-05	1.387956e-02	1.022258e+01
2.235000e-05	1.127906e-02	1.027266e+01
2.236000e-05	1.734248e-02	1.022418e+01
2.237000e-05	2.248580e-02	1.032313e+01
2.238000e-05	1.704106e-02	1.023523e+01
2.239000e-05	1.422781e-02	1.028271e+01
2.240000e-05	1.878183e-02	1.028376e+01
2.241000e-05	2.444369e-02	1.029476e+01
2.242000e-05	2.180756e-02	1.028271e+01
2.243000e-05	1.769817e-02	1.028163e+01
2.244000e-05	2.422755e-02	1.020213e+01
2.245000e-05	2.785857e-02	1.023010e+01
2.246000e-05	2.713361e-02	1.018947e+01
2.247000e-05	2.231457e-02	1.020742e+01
2.248000e-05	2.708689e-02	1.013589e+01
2.249000e-05	3.237193e-02	1.008376e+01
2.250000e-05	3.172698e-02	1.007223e+01
2.251000e-05	2.824402e-02	1.003165e+01
2.252000e-05	3.040330e-02	9.970046e+00
2.253000e-05	3.690240e-02	9.958317e+00
2.254000e-05	3.788482e-02	9.884727e+00
2.255000e-05	3.576607e-02	9.819071e+00
2.256000e-05	3.925834e-02	9.748438e+00
2.257000e-05	4.703924e-02	9.683707e+00
2.258000e-05	5.073814e-02	9.588502e+00
2.259000e-05	4.836475e-02	9.495887e+00
2.260000e-05	5.147367e-02	9.431151e+00
2.261000e-05	6.131456e-02	9.400021e+00
2.262000e-05	6.719277e-02	9.283835e+00
2.263000e-05	7.001052e-02	9.223200e+00
2.264000e-05	7.361531e-02	9.177415e+00
2.265000e-05	8.399166e-02	9.062805e+00
2.266000e-05	9.140493e-02	8.948893e+00
2.267000e-05	9.790771e-02	8.840555e+00
2.268000e-05	1.023892e-01	8.745968e+00
2.269000e-05	1.130444e-01	8.611656e+00
2.270000e-05	1.225184e-01	8.537463e+00
2.271000e-05	1.258465e-01	8.423130e+00
2.272000e-05	1.281280e-01	8.357939e+00
2.273000e-05	1.352053e-01	8.212052e+00
2.274000e-05	1.391582e-01	8.063257e+00
2.275000e-05	1.375775e-01	7.988989e+00
2.276000e-05	1.338313e-01	7.833704e+00
2.277000e-05	1.317785e-01	7.726888e+00
2.278000e-05	1.287092e-01	7.640599e+00
2.279000e-05	1.196952e-01	7.422226e+00
2.280000e-05	1.115646e-01	7.254856e+00
2.281000e-05	1.035297e-01	7.098413e+00
2.282000e-05	9.874308e-02	7.050601e+00
2.283000e-05	8.902677e-02	6.853703e+00
2.284000e-05	8.070460e-02	6.788438e+00
2.285000e-05	7.277690e-02	6.579619e+00
2.286000e-05	6.795221e-02	6.392074e+00
2.287000e-05	6.070599e-02	6.234654e+00
2.288000e-05	5.273505e-02	6.105359e+00
2.289000e-05	4.772243e-02	6.010625e+00
2.290000e-05	4.535860e-02	5.861250e+00
2.291000e-05	3.924516e-02	5.632628e+00
2.292000e-05	3.294763e-02	5.466307e+00
2.293000e-05	2.961881e-02	5.327911e+00
2.294000e-05	2.720835e-02	5.125938e+00
2.295000e-05	2.468557e-02	4.926386e+00
2.296000e-05	1.875679e-02	4.735860e+00
2.297000e-05	1.773904e-02	4.557940e+00
2.298000e-05	1.682537e-02	4.421652e+00
2.299000e-05	1.482328e-02	4.233623e+00
2.300000e-05	1.104065e-02	4.014124e+00
2.301000e-05	9.157636e-03	3.873305e+00
2.302000e-05	1.021495e-02	3.686307e+00
2.303000e-05	8.714287e-03	3.547941e+00
2.304000e-05	5.169901e-03	3.267981e+00
2.305000e-05	3.779186e-03	3.156415e+00
2.306000e-05	4.415917e-03	2.999914e+00
2.307000e-05	3.624052e-03	2.792124e+00
2.308000e-05	2.662691e-03	2.632617e+00
2.309000e-05	2.650962e-04	2.380594e+00
2.310000e-05	1.847325e-03	2.202623e+00
2.311000e-05	1.547636e-03	2.043753e+00
2.312000e-05	3.078671e-04	1.915279e+00
2.313000e-05	-1.335677e-03	1.674223e+00
2.314000e-05	-1.348714e-03	1.503758e+00
2.315000e-05	-6.404651e-04	1.285255e+00
2.316000e-05	-2.719071e-03	1.035280e+00
2.317000e-05	-3.539080e-03	8.021240e-01
2.318000e-05	-3.597202e-03	6.942252e-01
2.319000e-05	-1.612115e-03	4.452790e-01
2.320000e-05	-2.376013e-03	3.054082e-01
2.321000e-05	-3.260311e-03	4.372896e-02
2.322000e-05	-8.690113e-04	-1.141682e-01
2.323000e-05	3.886031e-03	-2.916380e-01
2.324000e-05	-2.228810e-03	-3.899778e-01
2.325000e-05	-2.228935e-03	-6.208076e-01
2.326000e-05	-5.497727e-03	-8.495041e-01
2.327000e-05	-1.297925e-03	-1.008825e+00
2.328000e-05	-3.903380e-03	-1.146250e+00
2.329000e-05	2.039514e-03	-1.315671e+00
2.330000e-05	5.597359e-02	-1.543400e+00
2.331000e-05	3.987220e-02	-1.726196e+00
2.332000e-05	-6.145618e-02	-2.018880e+00
2.333000e-05	-5.052719e-02	-2.252092e+00
2.334000e-05	-9.639626e-02	-2.463135e+00
2.335000e-05	3.326869e-02	-2.507420e+00
2.336000e-05	1.290503e-01	-2.640533e+00
2.337000e-05	-1.620695e-01	-2.852041e+00
2.338000e-05	5.679761e-02	-3.113760e+00
2.339000e-05	9.996696e-02	-3.180377e+00
2.340000e-05	-1.030760e-01	-3.459410e+00
2.341000e-05	6.654707e-02	-3.578925e+00
2.342000e-05	-7.747365e-02	-3.724247e+00
2.343000e-05	-1.018765e-01	-4.007825e+00
2.344000e-05	1.688439e-01	-4.125266e+00
2.345000e-05	-5.473242e-02	-4.302141e+00
2.346000e-05	-2.869104e-02	-4.471082e+00
2.347000e-05	2.595034e-02	-4.636451e+00
2.348000e-05	-8.099717e-02	-4.841087e+00
2.349000e-05	1.144717e-01	-5.039550e+00
2.350000e-05	-1.057041e-01	-5.126825e+00
2.351000e-05	-4.165340e-02	-5.427755e+00
2.352000e-05	9.691853e-02	-5.575922e+00
2.353000e-05	-4.093644e-02	-5.765823e+00
2.354000e-05	2.004833e-02	-5.943738e+00
2.355000e-05	-1.018391e-01	-6.009958e+00
2.356000e-05	3.886209e-02	-6.207554e+00
2.357000e-05	4.633463e-02	-6.377923e+00
2.358000e-05	-9.149034e-02	-6.524797e+00
2.359000e-05	3.880523e-02	-6.662132e+00
2.360000e-05	-4.433106e-02	-6.828430e+00
2.361000e-05	4.896939e-02	-6.998951e+00
2.362000e-05	-2.693672e-02	-7.134772e+00
2.363000e-05	-7.224104e-02	-7.283192e+00
2.364000e-05	4.564355e-02	-7.357903e+00
2.365000e-05	-3.174832e-02	-7.566700e+00
2.366000e-05	2.795250e-02	-7.694188e+00
2.367000e-05	-6.253997e-02	-7.832065e+00
2.368000e-05	4.749461e-03	-8.038876e+00
2.369000e-05	1.747741e-02	-8.124193e+00
2.370000e-05	-3.640370e-02	-8.239554e+00
2.371000e-05	-8.856644e-03	-8.325215e+00
2.372000e-05	-4.206377e-02	-8.461582e+00
2.373000e-05	3.716632e-02	-8.595971e+00
2.374000e-05	-2.478894e-02	-8.673592e+00
2.375000e-05	-2.615892e-02	-8.819403e+00
2.376000e-05	-1.761782e-02	-8.913636e+00
2.377000e-05	-8.366694e-04	-8.988900e+00
2.378000e-05	3.269030e-04	-9.074185e+00
2.379000e-05	-4.565357e-02	-9.137393e+00
2.380000e-05	-1.007092e-02	-9.240130e+00
2.381000e-05	-5.643266e-03	-9.336821e+00
2.382000e-05	-8.243507e-04	-9.440029e+00
2.383000e-05	-3.256271e-02	-9.486245e+00
2.384000e-05	-2.471488e-02	-9.607974e+00
2.385000e-05	-1.679968e-03	-9.662558e+00
2.386000e-05	-1.047898e-02	-9.756871e+00
2.387000e-05	-2.658521e-02	-9.798900e+00
2.388000e-05	-2.812120e-02	-9.872580e+00
2.389000e-05	-2.624748e-03	-9.903216e+00
2.390000e-05	-1.074985e-02	-9.946371e+00
2.391000e-05	-2.522644e-02	-1.001052e+01
2.392000e-05	-3.090801e-02	-1.007060e+01
2.393000e-05	-1.021566e-02	-1.008323e+01
2.394000e-05	-1.084722e-02	-1.010676e+01
2.395000e-05	-2.670132e-02	-1.018940e+01
2.396000e-05	-2.863307e-02	-1.022952e+01
2.397000e-05	-1.479139e-02	-1.027259e+01
2.398000e-05	-1.203645e-02	-1.028628e+01
2.399000e-05	-2.688988e-02	-1.033632e+01
2.400000e-05	-3.087098e-02	-1.039584e+01
2.401000e-05	-1.967090e-02	-1.034845e+01
2.402000e-05	-1.236996e-02	-1.037889e+01
2.403000e-05	-2.624812e-02	-1.043897e+01
2.404000e-05	-3.172831e-02	-1.037148e+01
2.405000e-05	-2.518781e-02	-1.037910e+01
2.406000e-05	-1.825369e-02	-1.037900e+01
2.407000e-05	-2.691962e-02	-1.036997e+01
2.408000e-05	-3.702879e-02	-1.038802e+01
2.409000e-05	-2.615057e-02	-1.038734e+01
2.410000e-05	-2.414273e-02	-1.037537e+01
2.411000e-05	-2.887964e-02	-1.033574e+01
2.412000e-05	-4.147077e-02	-1.030261e+01
2.413000e-05	-3.517891e-02	-1.029048e+01
2.414000e-05	-2.705797e-02	-1.016952e+01
2.415000e-05	-3.228912e-02	-1.019689e+01
2.416000e-05	-4.218324e-02	-1.008629e+01
2.417000e-05	-3.998186e-02	-1.005421e+01
2.418000e-05	-3.609000e-02	-1.001155e+01
2.419000e-05	-3.893236e-02	-9.948920e+00
2.420000e-05	-5.099127e-02	-9.896337e+00
2.421000e-05	-4.753439e-02	-9.853707e+00
2.422000e-05	-4.179381e-02	-9.810621e+00
2.423000e-05	-4.496826e-02	-9.747419e+00
2.424000e-05	-5.581822e-02	-9.675208e+00
2.425000e-05	-6.229117e-02	-9.641632e+00
2.426000e-05	-5.845828e-02	-9.588971e+00
2.427000e-05	-6.465076e-02	-9.506334e+00
2.428000e-05	-7.482564e-02	-9.358018e+00
2.429000e-05	-8.077260e-02	-9.243759e+00
2.430000e-05	-7.933400e-02	-9.199595e+00
2.431000e-05	-8.388900e-02	-9.105887e+00
2.432000e-05	-9.611203e-02	-9.050050e+00
2.433000e-05	-1.069699e-01	-8.876242e+00
2.434000e-05	-1.089878e-01	-8.851124e+00
2.435000e-05	-1.147102e-01	-8.776941e+00
2.436000e-05	-1.275778e-01	-8.622098e+00
2.437000e-05	-1.354170e-01	-8.505835e+00
2.438000e-05	-1.368832e-01	-8.389522e+00
2.439000e-05	-1.371654e-01	-8.255361e+00
2.440000e-05	-1.449292e-01	-8.179948e+00
2.441000e-05	-1.464264e-01	-8.085205e+00
2.442000e-05	-1.416494e-01	-7.934938e+00
2.443000e-05	-1.351637e-01	-7.750616e+00
2.444000e-05	-1.349534e-01	-7.640674e+00
2.445000e-05	-1.309132e-01	-7.465359e+00
2.446000e-05	-1.217879e-01	-7.308466e+00
2.447000e-05	-1.106689e-01	-7.243204e+00
2.448000e-05	-1.049595e-01	-7.063332e+00
2.449000e-05	-9.988446e-02	-6.875335e+00
2.450000e-05	-9.030508e-02	-6.769469e+00
2.451000e-05	-8.038783e-02	-6.633155e+00
2.452000e-05	-7.425008e-02	-6.474782e+00
2.453000e-05	-7.118628e-02	-6.357939e+00
2.454000e-05	-6.360671e-02	-6.141566e+00
2.455000e-05	-5.562743e-02	-5.980629e+00
2.456000e-05	-5.089986e-02	-5.864209e+00
2.457000e-05	-4.967984e-02	-5.745807e+00
2.458000e-05	-4.376111e-02	-5.558917e+00
2.459000e-05	-3.842120e-02	-5.418487e+00
2.460000e-05	-3.365451e-02	-5.149071e+00
2.461000e-05	-3.289237e-02	-4.971075e+00
2.462000e-05	-3.078645e-02	-4.799120e+00
2.463000e-05	-2.739946e-02	-4.591546e+00
2.464000e-05	-2.270443e-02	-4.454157e+00
2.465000e-05	-2.369360e-02	-4.296336e+00
2.466000e-05	-2.069555e-02	-4.137962e+00
2.467000e-05	-2.022944e-02	-3.980972e+00
2.468000e-05	-1.425568e-02	-3.800017e+00
2.469000e-05	-1.726572e-02	-3.602525e+00
2.470000e-05	-1.476365e-02	-3.430551e+00
2.471000e-05	-1.462442e-02	-3.234629e+00
2.472000e-05	-1.099406e-02	-3.066808e+00
2.473000e-05	-1.231132e-02	-2.823253e+00
2.474000e-05	-1.185458e-02	-2.715302e+00
2.475000e-05	-1.245911e-02	-2.515310e+00
2.476000e-05	-8.334672e-03	-2.368368e+00
2.477000e-05	-8.816546e-03	-2.115361e+00
2.478000e-05	-8.744465e-03	-1.947386e+00
2.479000e-05	-8.170947e-03	-1.749917e+00
2.480000e-05	-6.447829e-03	-1.590488e+00
2.481000e-05	-6.832588e-03	-1.318465e+00
2.482000e-05	-7.330650e-03	-1.148337e+00
2.483000e-05	-6.119651e-03	-9.579109e-01
2.484000e-05	-6.394638e-03	-7.879661e-01
2.485000e-05	-4.483937e-03	-5.589633e-01
2.486000e-05	-4.542484e-03	-3.594374e-01
2.487000e-05	-3.161422e-03	-2.215252e-01
2.488000e-05	-7.066776e-04	1.005388e-02
2.489000e-05	2.638930e-03	1.687760e-01
2.490000e-05	-2.573742e-03	3.893247e-01
2.491000e-05	5.771768e-04	5.167221e-01
2.492000e-05	-2.087659e-03	7.047656e-01
2.493000e-05	-2.175315e-04	8.711326e-01
2.494000e-05	2.971323e-04	1.082617e+00
2.495000e-05	4.474286e-03	1.272664e+00
2.496000e-05	2.222597e-02	1.460089e+00
2.497000e-05	6.525486e-02	1.755276e+00
2.498000e-05	-8.226051e-03	1.936796e+00
2.499000e-05	-5.054574e-02	2.116321e+00
2.500000e-05	-4.706819e-02	2.336721e+00
2.501000e-05	-5.470528e-02	2.441583e+00
2.502000e-05	2.612625e-02	2.548327e+00
2.503000e-05	1.058953e-01	2.826876e+00
2.504000e-05	-1.218833e-01	2.966799e+00
2.505000e-05	5.178490e-02	3.062213e+00
2.506000e-05	8.224032e-02	3.273592e+00
2.507000e-05	-4.875941e-02	3.513818e+00
2.508000e-05	2.991817e-02	3.642006e+00
2.509000e-05	-5.612824e-02	3.820941e+00
2.510000e-05	-3.397942e-02	4.017526e+00
2.511000e-05	9.892688e-02	4.176873e+00
2.512000e-05	-1.164861e-02	4.437955e+00
2.513000e-05	-2.949310e-02	4.525348e+00
2.514000e-05	1.927417e-02	4.757772e+00
2.515000e-05	-1.484502e-02	4.915321e+00
2.516000e-05	5.304917e-02	5.126876e+00
2.517000e-05	-4.541396e-02	5.326845e+00
2.518000e-05	-9.316821e-03	5.523215e+00
2.519000e-05	3.589029e-02	5.650506e+00
2.520000e-05	3.523949e-02	5.809011e+00
2.521000e-05	-1.385035e-02	6.018952e+00
2.522000e-05	-4.428651e-02	6.146375e+00
2.523000e-05	4.457287e-02	6.282716e+00
2.524000e-05	1.833032e-02	6.480526e+00
2.525000e-05	-8.873417e-03	6.597406e+00
2.526000e-05	-9.624404e-04	6.808974e+00
2.527000e-05	2.294733e-03	6.904290e+00
2.528000e-05	2.874103e-02	7.022156e+00
2.529000e-05	1.264620e-03	7.248897e+00
2.530000e-05	-1.932551e-02	7.311642e+00
2.531000e-05	1.267058e-02	7.503240e+00
2.532000e-05	1.980035e-02	7.651054e+00
2.533000e-05	1.751531e-02	7.826924e+00
2.534000e-05	-1.955467e-02	7.933213e+00
2.535000e-05	9.641849e-03	8.052162e+00
2.536000e-05	2.047275e-02	8.168975e+00
2.537000e-05	8.775616e-03	8.263712e+00
2.538000e-05	-1.109349e-03	8.420076e+00
2.539000e-05	-1.448213e-03	8.482216e+00
2.540000e-05	2.581612e-02	8.587908e+00
2.541000e-05	1.158316e-02	8.675261e+00
2.542000e-05	-7.230232e-04	8.776375e+00
2.543000e-05	-6.080887e-04	8.872661e+00
2.544000e-05	1.802927e-02	8.937897e+00
2.545000e-05	1.603061e-02	9.142668e+00
2.546000e-05	3.241521e-04	9.220523e+00
2.547000e-05	6.285448e-03	9.262688e+00
2.548000e-05	1.620661e-02	9.316395e+00
2.549000e-05	1.802522e-02	9.420554e+00
2.550000e-05	2.753889e-03	9.492715e+00
2.551000e-05	3.974368e-03	9.587325e+00
2.552000e-05	1.463045e-02	9.630048e+00
2.553000e-05	1.788066e-02	9.703736e+00
2.554000e-05	7.798219e-03	9.747422e+00
2.555000e-05	6.101111e-03	9.860159e+00
2.556000e-05	1.874845e-02	9.956766e+00
2.557000e-05	1.772295e-02	9.978472e+00
2.558000e-05	8.982031e-03	1.003098e+01
2.559000e-05	4.457904e-03	1.004213e+01
2.560000e-05	1.541192e-02	1.010369e+01
2.561000e-05	1.980045e-02	1.011526e+01
2.562000e-05	1.339848e-02	1.009687e+01
2.563000e-05	1.047437e-02	1.020695e+01
2.564000e-05	1.712392e-02	1.020905e+01
2.565000e-05	2.036376e-02	1.021150e+01
2.566000e-05	1.528051e-02	1.026313e+01
2.567000e-05	9.723886e-03	1.026214e+01
2.568000e-05	1.683754e-02	1.024368e+01
2.569000e-05	2.334814e-02	1.027213e+01
2.570000e-05	1.815001e-02	1.028378e+01
2.571000e-05	1.431325e-02	1.027476e+01
2.572000e-05	1.667818e-02	1.028469e+01
2.573000e-05	2.519731e-02	1.027273e+01
2.574000e-05	2.142476e-02	1.027071e+01
2.575000e-05	1.848673e-02	1.023163e+01
2.576000e-05	2.303073e-02	1.024258e+01
2.577000e-05	2.892197e-02	1.022058e+01
2.578000e-05	2.866665e-02	1.016847e+01
2.579000e-05	2.160334e-02	1.012692e+01
2.580000e-05	2.509756e-02	1.011431e+01
2.581000e-05	3.072778e-02	1.009576e+01
2.582000e-05	3.234067e-02	1.009276e+01
2.583000e-05	2.846735e-02	1.003165e+01
2.584000e-05	3.052034e-02	1.000952e+01
2.585000e-05	3.848639e-02	9.937890e+00
2.586000e-05	3.969660e-02	9.863203e+00
2.587000e-05	3.551596e-02	9.761974e+00
2.588000e-05	3.616825e-02	9.706362e+00
2.589000e-05	4.403296e-02	9.642254e+00
2.590000e-05	4.953607e-02	9.609499e+00
2.591000e-05	4.864751e-02	9.505462e+00
2.592000e-05	5.111272e-02	9.442701e+00
2.593000e-05	6.187444e-02	9.359049e+00
2.594000e-05	6.937303e-02	9.266286e+00
2.595000e-05	7.094543e-02	9.230129e+00
2.596000e-05	7.071108e-02	9.146444e+00
2.597000e-05	8.210450e-02	9.053655e+00
2.598000e-05	9.093477e-02	8.956913e+00
2.599000e-05	9.864899e-02	8.812172e+00
2.600000e-05	1.015537e-01	8.775937e+00
2.601000e-05	1.126706e-01	8.642675e+00
2.602000e-05	1.223850e-01	8.547812e+00
2.603000e-05	1.275153e-01	8.462682e+00
2.604000e-05	1.283229e-01	8.367395e+00
2.605000e-05	1.345154e-01	8.222096e+00
2.606000e-05	1.390876e-01	8.074736e+00
2.607000e-05	1.383099e-01	7.999070e+00
2.608000e-05	1.329602e-01	7.831754e+00
2.609000e-05	1.299457e-01	7.737813e+00
2.610000e-05	1.286751e-01	7.580620e+00
2.611000e-05	1.204295e-01	7.443226e+00
2.612000e-05	1.122393e-01	7.243786e+00
2.613000e-05	1.040936e-01	7.097442e+00
2.614000e-05	9.880823e-02	6.981549e+00
2.615000e-05	8.942666e-02	6.864259e+00
2.616000e-05	8.144767e-02	6.759490e+00
2.617000e-05	7.220386e-02	6.537915e+00
2.618000e-05	6.836213e-02	6.411100e+00
2.619000e-05	6.100787e-02	6.283176e+00
2.620000e-05	5.367745e-02	6.106916e+00
2.621000e-05	4.659552e-02	6.020095e+00
2.622000e-05	4.327093e-02	5.823175e+00
2.623000e-05	3.892802e-02	5.633750e+00
2.624000e-05	3.435821e-02	5.474705e+00
2.625000e-05	3.064531e-02	5.347386e+00
2.626000e-05	2.786792e-02	5.144416e+00
2.627000e-05	2.476063e-02	4.875282e+00
2.628000e-05	2.001702e-02	4.718362e+00
2.629000e-05	1.748394e-02	4.558470e+00
2.630000e-05	1.592863e-02	4.423574e+00
2.631000e-05	1.454522e-02	4.253668e+00
2.632000e-05	1.286804e-02	4.022629e+00
2.633000e-05	1.103878e-02	3.895206e+00
2.634000e-05	8.591041e-03	3.675837e+00
2.635000e-05	8.440372e-03	3.567443e+00
2.636000e-05	5.905389e-03	3.327965e+00
2.637000e-05	6.151908e-03	3.137341e+00
2.638000e-05	3.806358e-03	2.968595e+00
2.639000e-05	3.344991e-03	2.832575e+00
2.640000e-05	2.629636e-03	2.620124e+00
2.641000e-05	1.426672e-03	2.389047e+00
2.642000e-05	6.728843e-04	2.201670e+00
2.643000e-05	1.105198e-03	2.053154e+00
2.644000e-05	5.970846e-04	1.885260e+00
2.645000e-05	5.176817e-04	1.661728e+00
2.646000e-05	-5.854335e-04	1.465257e+00
2.647000e-05	-2.432321e-03	1.273862e+00
2.648000e-05	-1.733383e-03	1.042800e+00
2.649000e-05	-4.084543e-03	8.531540e-01
2.650000e-05	-2.844102e-03	6.317554e-01
2.651000e-05	-4.288356e-03	4.542805e-01
2.652000e-05	-6.357498e-04	3.283595e-01
2.653000e-05	-2.169863e-03	4.632571e-02
2.654000e-05	1.455084e-03	-1.136655e-01
2.655000e-05	9.995055e-04	-2.731879e-01
2.656000e-05	-3.829652e-03	-4.120313e-01
2.657000e-05	-2.828045e-03	-6.484889e-01
2.658000e-05	-6.631035e-03	-8.209801e-01
2.659000e-05	-3.641536e-03	-9.783761e-01
2.660000e-05	-3.558369e-03	-1.194775e+00
2.661000e-05	5.923582e-03	-1.304745e+00
2.662000e-05	5.641048e-02	-1.526319e+00
2.663000e-05	4.185720e-02	-1.736275e+00
2.664000e-05	-6.463058e-02	-2.018856e+00
2.665000e-05	-4.951633e-02	-2.261592e+00
2.666000e-05	-9.711907e-02	-2.440085e+00
2.667000e-05	2.778493e-02	-2.577374e+00
2.668000e-05	1.295300e-01	-2.652558e+00
2.669000e-05	-1.593527e-01	-2.869542e+00
2.670000e-05	5.388111e-02	-3.081235e+00
2.671000e-05	1.041033e-01	-3.160376e+00
2.672000e-05	-1.045812e-01	-3.449456e+00
2.673000e-05	6.487128e-02	-3.578500e+00
2.674000e-05	-7.406436e-02	-3.714750e+00
2.675000e-05	-1.080942e-01	-4.028376e+00
2.676000e-05	1.688433e-01	-4.095742e+00
2.677000e-05	-5.160125e-02	-4.291195e+00
2.678000e-05	-2.930305e-02	-4.453734e+00
2.679000e-05	2.956228e-02	-4.639005e+00
2.680000e-05	-8.352213e-02	-4.830538e+00
2.681000e-05	1.131392e-01	-5.019954e+00
2.682000e-05	-1.034087e-01	-5.146297e+00
2.683000e-05	-4.599718e-02	-5.366976e+00
2.684000e-05	9.822216e-02	-5.565876e+00
2.685000e-05	-4.073856e-02	-5.756277e+00
2.686000e-05	2.109887e-02	-5.893638e+00
2.687000e-05	-1.000920e-01	-6.039454e+00
2.688000e-05	3.515170e-02	-6.238532e+00
2.689000e-05	4.911849e-02	-6.397925e+00
2.690000e-05	-9.321647e-02	-6.544744e+00
2.691000e-05	3.932059e-02	-6.639134e+00
2.692000e-05	-4.577820e-02	-6.868406e+00
2.693000e-05	4.768315e-02	-6.967275e+00
2.694000e-05	-2.425292e-02	-7.105295e+00
2.695000e-05	-7.295567e-02	-7.264209e+00
2.696000e-05	4.581321e-02	-7.379953e+00
2.697000e-05	-3.186975e-02	-7.526748e+00
2.698000e-05	2.834922e-02	-7.653136e+00
2.699000e-05	-6.050310e-02	-7.832510e+00
2.700000e-05	1.927827e-03	-8.010003e+00
2.701000e-05	1.877789e-02	-8.086242e+00
2.702000e-05	-3.842276e-02	-8.222628e+00
2.703000e-05	-7.861307e-03	-8.315270e+00
2.704000e-05	-4.333375e-02	-8.440128e+00
2.705000e-05	3.646892e-02	-8.556370e+00
2.706000e-05	-2.418512e-02	-8.680197e+00
2.707000e-05	-2.544126e-02	-8.817525e+00
2.708000e-05	-1.732998e-02	-8.893259e+00
2.709000e-05	-2.175770e-03	-9.007855e+00
2.710000e-05	3.574724e-04	-9.052709e+00
2.711000e-05	-4.614624e-02	-9.156821e+00
2.712000e-05	-9.247308e-03	-9.231055e+00
2.713000e-05	-5.989491e-03	-9.306317e+00
2.714000e-05	-5.268850e-04	-9.431032e+00
2.715000e-05	-3.237725e-02	-9.525219e+00
2.716000e-05	-2.274622e-02	-9.628574e+00
2.717000e-05	-3.495865e-03	-9.672187e+00
2.718000e-05	-1.052373e-02	-9.737869e+00
2.719000e-05	-2.643585e-02	-9.789423e+00
2.720000e-05	-2.765071e-02	-9.841604e+00
2.721000e-05	-4.502304e-03	-9.905267e+00
2.722000e-05	-1.158424e-02	-9.987399e+00
2.723000e-05	-2.460503e-02	-1.002850e+01
2.724000e-05	-2.914364e-02	-1.007058e+01
2.725000e-05	-1.120379e-02	-1.005416e+01
2.726000e-05	-1.002120e-02	-1.010639e+01
2.727000e-05	-2.544755e-02	-1.014690e+01
2.728000e-05	-2.868510e-02	-1.021905e+01
2.729000e-05	-1.600164e-02	-1.026161e+01
2.730000e-05	-1.240136e-02	-1.028571e+01
2.731000e-05	-2.761541e-02	-1.032529e+01
2.732000e-05	-3.102914e-02	-1.036687e+01
2.733000e-05	-1.992677e-02	-1.032842e+01
2.734000e-05	-1.208872e-02	-1.036945e+01
2.735000e-05	-2.636072e-02	-1.040042e+01
2.736000e-05	-3.337593e-02	-1.039900e+01
2.737000e-05	-2.482956e-02	-1.039005e+01
2.738000e-05	-1.748311e-02	-1.039000e+01
2.739000e-05	-2.647947e-02	-1.039845e+01
2.740000e-05	-3.730966e-02	-1.034845e+01
2.741000e-05	-2.708115e-02	-1.037732e+01
2.742000e-05	-2.260567e-02	-1.035642e+01
2.743000e-05	-2.978176e-02	-1.033587e+01
2.744000e-05	-4.143169e-02	-1.028279e+01
2.745000e-05	-3.473385e-02	-1.022013e+01
2.746000e-05	-2.755874e-02	-1.016647e+01
2.747000e-05	-3.282989e-02	-1.013792e+01
2.748000e-05	-4.344343e-02	-1.008331e+01
2.749000e-05	-4.002928e-02	-1.008368e+01
2.750000e-05	-3.382022e-02	-1.000957e+01
2.751000e-05	-3.760475e-02	-1.000945e+01
2.752000e-05	-4.937295e-02	-9.896388e+00
2.753000e-05	-4.797585e-02	-9.892780e+00
2.754000e-05	-4.367131e-02	-9.811600e+00
2.755000e-05	-4.541659e-02	-9.796968e+00
2.756000e-05	-5.811879e-02	-9.684836e+00
2.757000e-05	-6.097020e-02	-9.623178e+00
2.758000e-05	-5.719231e-02	-9.589398e+00
2.759000e-05	-6.087348e-02	-9.524232e+00
2.760000e-05	-7.391594e-02	-9.410569e+00
2.761000e-05	-8.036416e-02	-9.264838e+00
2.762000e-05	-7.953014e-02	-9.189574e+00
2.763000e-05	-8.381184e-02	-9.097359e+00
2.764000e-05	-9.939039e-02	-9.031576e+00
2.765000e-05	-1.071038e-01	-8.916863e+00
2.766000e-05	-1.097212e-01	-8.811652e+00
2.767000e-05	-1.129981e-01	-8.779420e+00
2.768000e-05	-1.259682e-01	-8.614247e+00
2.769000e-05	-1.356086e-01	-8.455311e+00
2.770000e-05	-1.356669e-01	-8.359047e+00
2.771000e-05	-1.377492e-01	-8.284856e+00
2.772000e-05	-1.432737e-01	-8.190046e+00
2.773000e-05	-1.493506e-01	-8.053182e+00
2.774000e-05	-1.431409e-01	-7.987922e+00
2.775000e-05	-1.363371e-01	-7.770593e+00
2.776000e-05	-1.331960e-01	-7.662827e+00
2.777000e-05	-1.305988e-01	-7.475829e+00
2.778000e-05	-1.212710e-01	-7.368516e+00
2.779000e-05	-1.090198e-01	-7.222129e+00
2.780000e-05	-1.041559e-01	-7.114434e+00
2.781000e-05	-1.009090e-01	-6.918963e+00
2.782000e-05	-9.241380e-02	-6.760970e+00
2.783000e-05	-8.094240e-02	-6.642603e+00
2.784000e-05	-7.411462e-02	-6.494361e+00
2.785000e-05	-7.007516e-02	-6.357969e+00
2.786000e-05	-6.375021e-02	-6.161521e+00
2.787000e-05	-5.413158e-02	-6.019700e+00
2.788000e-05	-4.975059e-02	-5.864781e+00
2.789000e-05	-4.959865e-02	-5.717888e+00
2.790000e-05	-4.476419e-02	-5.579368e+00
2.791000e-05	-3.924872e-02	-5.357014e+00
2.792000e-05	-3.449738e-02	-5.170016e+00
2.793000e-05	-3.422728e-02	-5.010596e+00
2.794000e-05	-2.983117e-02	-4.750093e+00
2.795000e-05	-2.556699e-02	-4.590041e+00
2.796000e-05	-2.240462e-02	-4.453678e+00
2.797000e-05	-2.421824e-02	-4.265832e+00
2.798000e-05	-2.153983e-02	-4.166941e+00
2.799000e-05	-1.923524e-02	-3.989970e+00
2.800000e-05	-1.594071e-02	-3.770621e+00
2.801000e-05	-1.739378e-02	-3.592570e+00
2.802000e-05	-1.539471e-02	-3.423648e+00
2.803000e-05	-1.237206e-02	-3.243681e+00
2.804000e-05	-1.111815e-02	-3.065251e+00
2.805000e-05	-1.314871e-02	-2.843730e+00
2.806000e-05	-1.321485e-02	-2.685910e+00
2.807000e-05	-1.146451e-02	-2.496358e+00
2.808000e-05	-8.672208e-03	-2.338416e+00
2.809000e-05	-8.394644e-03	-2.116408e+00
2.810000e-05	-7.115999e-03	-1.937888e+00
2.811000e-05	-6.270163e-03	-1.738463e+00
2.812000e-05	-6.856681e-03	-1.580573e+00
2.813000e-05	-7.378087e-03	-1.307991e+00
2.814000e-05	-8.759339e-03	-1.126887e+00
2.815000e-05	-6.793844e-03	-9.489398e-01
2.816000e-05	-5.264454e-03	-7.789914e-01
2.817000e-05	-3.624049e-03	-5.204907e-01
2.818000e-05	-4.405194e-03	-3.589398e-01
2.819000e-05	-2.131879e-03	-1.694875e-01
2.820000e-05	1.273433e-03	-5.049888e-02
2.821000e-05	2.659347e-03	2.178524e-01
2.822000e-05	-3.586214e-03	3.873747e-01
2.823000e-05	-3.868788e-04	5.262983e-01
2.824000e-05	-2.175139e-03	6.751681e-01
2.825000e-05	1.462253e-03	8.926127e-01
2.826000e-05	-1.524092e-04	1.121168e+00
2.827000e-05	4.007225e-03	1.274110e+00
2.828000e-05	2.396151e-02	1.462112e+00
2.829000e-05	6.703563e-02	1.755167e+00
2.830000e-05	-6.751848e-03	1.947826e+00
2.831000e-05	-5.179043e-02	2.145822e+00
2.832000e-05	-4.718935e-02	2.313645e+00
2.833000e-05	-5.363791e-02	2.433103e+00
2.834000e-05	2.282341e-02	2.567353e+00
2.835000e-05	1.063550e-01	2.817927e+00
2.836000e-05	-1.201013e-01	2.966398e+00
2.837000e-05	5.102713e-02	3.052138e+00
2.838000e-05	8.583145e-02	3.295089e+00
2.839000e-05	-4.972053e-02	3.526145e+00
2.840000e-05	2.868886e-02	3.641055e+00
2.841000e-05	-5.252158e-02	3.829932e+00
2.842000e-05	-3.411760e-02	4.020005e+00
2.843000e-05	9.751879e-02	4.137278e+00
2.844000e-05	-1.136289e-02	4.430375e+00
2.845000e-05	-2.957891e-02	4.596821e+00
2.846000e-05	2.122808e-02	4.713746e+00
2.847000e-05	-1.626078e-02	4.903721e+00
2.848000e-05	5.164893e-02	5.186841e+00
2.849000e-05	-4.241649e-02	5.337821e+00
2.850000e-05	-9.356378e-03	5.544267e+00
2.851000e-05	3.580110e-02	5.641531e+00
2.852000e-05	3.364691e-02	5.817035e+00
2.853000e-05	-1.363699e-02	6.019475e+00
2.854000e-05	-4.513928e-02	6.165847e+00
2.855000e-05	4.371225e-02	6.302712e+00
2.856000e-05	1.639808e-02	6.469930e+00
2.857000e-05	-7.662439e-03	6.557380e+00
2.858000e-05	2.119847e-03	6.796847e+00
2.859000e-05	4.179631e-03	6.914768e+00
2.860000e-05	2.853993e-02	7.051534e+00
2.861000e-05	-5.851828e-05	7.165851e+00
2.862000e-05	-1.952646e-02	7.322708e+00
2.863000e-05	9.927544e-03	7.522666e+00
2.864000e-05	1.921219e-02	7.651081e+00
2.865000e-05	1.831174e-02	7.797350e+00
2.866000e-05	-1.465457e-02	7.914772e+00
2.867000e-05	1.172407e-02	8.072630e+00
2.868000e-05	1.923489e-02	8.188426e+00
2.869000e-05	5.726379e-03	8.262240e+00
2.870000e-05	-2.572492e-03	8.420949e+00
2.871000e-05	-3.585254e-03	8.455143e+00
2.872000e-05	2.450849e-02	8.577449e+00
2.873000e-05	1.182264e-02	8.692686e+00
2.874000e-05	3.254452e-03	8.787924e+00
2.875000e-05	2.091162e-03	8.872187e+00
2.876000e-05	1.809897e-02	8.938873e+00
2.877000e-05	1.438738e-02	9.133765e+00
2.878000e-05	-2.597738e-03	9.229950e+00
2.879000e-05	6.418846e-03	9.253163e+00
2.880000e-05	1.567278e-02	9.367292e+00
2.881000e-05	1.800188e-02	9.409025e+00
2.882000e-05	3.522292e-03	9.473712e+00
2.883000e-05	4.761679e-03	9.606347e+00
2.884000e-05	1.516799e-02	9.601601e+00
2.885000e-05	1.604583e-02	9.673761e+00
2.886000e-05	6.836611e-03	9.747920e+00
2.887000e-05	6.106762e-03	9.871133e+00
2.888000e-05	1.870231e-02	9.913812e+00
2.889000e-05	1.851050e-02	9.997895e+00
2.890000e-05	9.197543e-03	1.002058e+01
2.891000e-05	5.982508e-03	1.005213e+01
2.892000e-05	1.574777e-02	1.007321e+01
2.893000e-05	1.889366e-02	1.009423e+01
2.894000e-05	1.231662e-02	1.016487e+01
2.895000e-05	1.007655e-02	1.018690e+01
2.896000e-05	1.725944e-02	1.024900e+01
2.897000e-05	2.072850e-02	1.025063e+01
2.898000e-05	1.477544e-02	1.023066e+01
2.899000e-05	1.105995e-02	1.025171e+01
2.900000e-05	1.743283e-02	1.028164e+01
2.901000e-05	2.278777e-02	1.024466e+01
2.902000e-05	1.753590e-02	1.028326e+01
2.903000e-05	1.396503e-02	1.026379e+01
2.904000e-05	1.822080e-02	1.027421e+01
2.905000e-05	2.379145e-02	1.027323e+01
2.906000e-05	2.241774e-02	1.026280e+01
2.907000e-05	1.927956e-02	1.023268e+01
2.908000e-05	2.333356e-02	1.025263e+01
2.909000e-05	2.703304e-02	1.025007e+01
2.910000e-05	2.707379e-02	1.020000e+01
2.911000e-05	2.327841e-02	1.016747e+01
2.912000e-05	2.566925e-02	1.010782e+01
2.913000e-05	3.178724e-02	1.011484e+01
2.914000e-05	3.186581e-02	1.004321e+01
2.915000e-05	2.850911e-02	1.005163e+01
2.916000e-05	3.014138e-02	1.002060e+01
2.917000e-05	3.656962e-02	9.977346e+00
2.918000e-05	3.775285e-02	9.863655e+00
2.919000e-05	3.632439e-02	9.782024e+00
2.920000e-05	3.842331e-02	9.698367e+00
2.921000e-05	4.639882e-02	9.663683e+00
2.922000e-05	4.958907e-02	9.589573e+00
2.923000e-05	4.914783e-02	9.505385e+00
2.924000e-05	5.106486e-02	9.450706e+00
2.925000e-05	6.126171e-02	9.397525e+00
2.926000e-05	6.776489e-02	9.286783e+00
2.927000e-05	7.029149e-02	9.232103e+00
2.928000e-05	7.321408e-02	9.168366e+00
2.929000e-05	8.314664e-02	9.114629e+00
2.930000e-05	9.198286e-02	8.909418e+00
2.931000e-05	9.709555e-02	8.822150e+00
2.932000e-05	1.024398e-01	8.755917e+00
2.933000e-05	1.122188e-01	8.630575e+00
2.934000e-05	1.223371e-01	8.547941e+00
2.935000e-05	1.261364e-01	8.433703e+00
2.936000e-05	1.285993e-01	8.378414e+00
2.937000e-05	1.352355e-01	8.231078e+00
2.938000e-05	1.397560e-01	8.055378e+00
2.939000e-05	1.387394e-01	8.007969e+00
2.940000e-05	1.344614e-01	7.854758e+00
2.941000e-05	1.309552e-01	7.767389e+00
2.942000e-05	1.284786e-01	7.600574e+00
2.943000e-05	1.203153e-01	7.452652e+00
2.944000e-05	1.109465e-01	7.275781e+00
2.945000e-05	1.036378e-01	7.137491e+00
2.946000e-05	9.912906e-02	7.021646e+00
2.947000e-05	9.070019e-02	6.853207e+00
2.948000e-05	8.058267e-02	6.755940e+00
2.949000e-05	7.378225e-02	6.591091e+00
2.950000e-05	6.798298e-02	6.391650e+00
2.951000e-05	6.219420e-02	6.274303e+00
2.952000e-05	5.279068e-02	6.136858e+00
2.953000e-05	4.669022e-02	6.020025e+00
2.954000e-05	4.390112e-02	5.853204e+00
2.955000e-05	3.923406e-02	5.624180e+00
2.956000e-05	3.428870e-02	5.503809e+00
2.957000e-05	2.948967e-02	5.326861e+00
2.958000e-05	2.760705e-02	5.117460e+00
2.959000e-05	2.551070e-02	4.905986e+00
2.960000e-05	2.059992e-02	4.746285e+00
2.961000e-05	1.759465e-02	4.559021e+00
2.962000e-05	1.602400e-02	4.441576e+00
2.963000e-05	1.516223e-02	4.252618e+00
2.964000e-05	1.251308e-02	3.992628e+00
2.965000e-05	9.030838e-03	3.883780e+00
2.966000e-05	9.934923e-03	3.696311e+00
2.967000e-05	8.349460e-03	3.557965e+00
2.968000e-05	6.086273e-03	3.318958e+00
2.969000e-05	3.925572e-03	3.117412e+00
2.970000e-05	4.086736e-03	2.969993e+00
2.971000e-05	4.020856e-03	2.811129e+00
2.972000e-05	3.551010e-03	2.601148e+00
2.973000e-05	4.128360e-04	2.380068e+00
2.974000e-05	7.794667e-04	2.242177e+00
2.975000e-05	1.532287e-03	2.044202e+00
2.976000e-05	9.812581e-04	1.856358e+00
2.977000e-05	-1.391399e-03	1.664683e+00
2.978000e-05	-1.607907e-03	1.494403e+00
2.979000e-05	-1.581348e-03	1.295282e+00
2.980000e-05	-8.670111e-04	1.044249e+00
2.981000e-05	-2.813960e-03	8.322239e-01
2.982000e-05	-3.707617e-03	6.443015e-01
2.983000e-05	-2.543495e-03	4.632832e-01
2.984000e-05	-2.434861e-03	3.162810e-01
2.985000e-05	-4.188010e-03	2.680297e-02
2.986000e-05	-4.249022e-04	-1.246706e-01
2.987000e-05	2.996126e-03	-2.721630e-01
2.988000e-05	-2.973659e-03	-4.000537e-01
2.989000e-05	-1.783040e-03	-6.284353e-01
2.990000e-05	-5.496933e-03	-8.115051e-01
2.991000e-05	-1.861631e-03	-9.783722e-01
2.992000e-05	-4.635147e-03	-1.124767e+00
2.993000e-05	1.134570e-03	-1.316793e+00
2.994000e-05	5.363583e-02	-1.565696e+00
2.995000e-05	4.331284e-02	-1.706173e+00
2.996000e-05	-6.211613e-02	-2.027407e+00
2.997000e-05	-4.886916e-02	-2.294170e+00
2.998000e-05	-9.574164e-02	-2.492111e+00
2.999000e-05	2.602079e-02	-2.576321e+00
3.000000e-05	1.342076e-01	-2.641031e+00
3.001000e-05	-1.585202e-01	-2.849086e+00
3.002000e-05	4.810710e-02	-3.064138e+00
3.003000e-05	1.047573e-01	-3.177404e+00
3.004000e-05	-1.029385e-01	-3.437985e+00
3.005000e-05	6.322401e-02	-3.567975e+00
3.006000e-05	-6.924352e-02	-3.745693e+00
3.007000e-05	-1.107333e-01	-3.997900e+00
3.008000e-05	1.700972e-01	-4.093270e+00
3.009000e-05	-4.763471e-02	-4.291620e+00
3.010000e-05	-3.181459e-02	-4.503062e+00
3.011000e-05	3.058203e-02	-4.589379e+00
3.012000e-05	-8.571179e-02	-4.860008e+00
3.013000e-05	1.128841e-01	-5.029474e+00
3.014000e-05	-1.011970e-01	-5.136350e+00
3.015000e-05	-5.082038e-02	-5.376828e+00
3.016000e-05	1.021526e-01	-5.587350e+00
3.017000e-05	-3.900711e-02	-5.766772e+00
3.018000e-05	2.310076e-02	-5.872188e+00
3.019000e-05	-1.002322e-01	-6.040483e+00
3.020000e-05	3.172471e-02	-6.189983e+00
3.021000e-05	5.072537e-02	-6.388400e+00
3.022000e-05	-9.404885e-02	-6.545742e+00
3.023000e-05	3.961909e-02	-6.652557e+00
3.024000e-05	-4.452981e-02	-6.797425e+00
3.025000e-05	4.942255e-02	-6.966426e+00
3.026000e-05	-2.235165e-02	-7.125871e+00
3.027000e-05	-7.541137e-02	-7.274240e+00
3.028000e-05	4.606885e-02	-7.428479e+00
3.029000e-05	-3.206520e-02	-7.555842e+00
3.030000e-05	2.871006e-02	-7.713661e+00
3.031000e-05	-6.022606e-02	-7.842537e+00
3.032000e-05	1.213725e-03	-7.988476e+00
3.033000e-05	1.894558e-02	-8.083193e+00
3.034000e-05	-3.670208e-02	-8.242056e+00
3.035000e-05	-7.500480e-03	-8.356317e+00
3.036000e-05	-4.225189e-02	-8.441008e+00
3.037000e-05	3.644340e-02	-8.566420e+00
3.038000e-05	-2.252818e-02	-8.703736e+00
3.039000e-05	-2.720752e-02	-8.830526e+00
3.040000e-05	-1.803240e-02	-8.892659e+00
3.041000e-05	-2.678798e-03	-9.019451e+00
3.042000e-05	1.594871e-03	-9.063160e+00
3.043000e-05	-4.519164e-02	-9.165772e+00
3.044000e-05	-9.817353e-03	-9.261055e+00
3.045000e-05	-6.743241e-03	-9.313799e+00
3.046000e-05	-8.155578e-04	-9.449008e+00
3.047000e-05	-3.304005e-02	-9.515716e+00
3.048000e-05	-2.505610e-02	-9.608977e+00
3.049000e-05	-2.638098e-03	-9.641184e+00
3.050000e-05	-9.861586e-03	-9.746270e+00
3.051000e-05	-2.524666e-02	-9.779425e+00
3.052000e-05	-2.812073e-02	-9.851558e+00
3.053000e-05	-3.444505e-03	-9.935241e+00
3.054000e-05	-1.117001e-02	-9.957369e+00
3.055000e-05	-2.514713e-02	-1.001953e+01
3.056000e-05	-3.100338e-02	-1.004113e+01
3.057000e-05	-1.179364e-02	-1.009276e+01
3.058000e-05	-1.060473e-02	-1.012382e+01
3.059000e-05	-2.492726e-02	-1.014542e+01
3.060000e-05	-2.814677e-02	-1.020103e+01
3.061000e-05	-1.601468e-02	-1.026064e+01
3.062000e-05	-1.153735e-02	-1.032276e+01
3.063000e-05	-2.670340e-02	-1.034734e+01
3.064000e-05	-3.233201e-02	-1.035789e+01
3.065000e-05	-2.066492e-02	-1.039637e+01
3.066000e-05	-1.233427e-02	-1.039787e+01
3.067000e-05	-2.645583e-02	-1.035747e+01
3.068000e-05	-3.241775e-02	-1.040008e+01
3.069000e-05	-2.492040e-02	-1.039945e+01
3.070000e-05	-1.860311e-02	-1.038945e+01
3.071000e-05	-2.614314e-02	-1.038650e+01
3.072000e-05	-3.563747e-02	-1.038642e+01
3.073000e-05	-2.789844e-02	-1.035632e+01
3.074000e-05	-2.234637e-02	-1.034494e+01
3.075000e-05	-2.889794e-02	-1.037572e+01
3.076000e-05	-3.995473e-02	-1.032376e+01
3.077000e-05	-3.548444e-02	-1.022218e+01
3.078000e-05	-2.817047e-02	-1.020105e+01
3.079000e-05	-3.311777e-02	-1.016487e+01
3.080000e-05	-4.190728e-02	-1.009471e+01
3.081000e-05	-3.977112e-02	-1.005316e+01
3.082000e-05	-3.448424e-02	-1.001012e+01
3.083000e-05	-3.779139e-02	-9.988396e+00
3.084000e-05	-4.795014e-02	-9.924337e+00
3.085000e-05	-4.736497e-02	-9.844703e+00
3.086000e-05	-4.393446e-02	-9.829074e+00
3.087000e-05	-4.659958e-02	-9.747940e+00
3.088000e-05	-5.619571e-02	-9.675733e+00
3.089000e-05	-6.134205e-02	-9.630679e+00
3.090000e-05	-5.725531e-02	-9.618019e+00
3.091000e-05	-6.225744e-02	-9.525261e+00
3.092000e-05	-7.284907e-02	-9.381541e+00
3.093000e-05	-8.071433e-02	-9.264884e+00
3.094000e-05	-8.021154e-02	-9.229049e+00
3.095000e-05	-8.521500e-02	-9.136387e+00
3.096000e-05	-9.774375e-02	-9.010151e+00
3.097000e-05	-1.071849e-01	-8.887341e+00
3.098000e-05	-1.090525e-01	-8.812232e+00
3.099000e-05	-1.133037e-01	-8.776389e+00
3.100000e-05	-1.258968e-01	-8.633682e+00
3.101000e-05	-1.347865e-01	-8.485311e+00
3.102000e-05	-1.365686e-01	-8.388519e+00
3.103000e-05	-1.385185e-01	-8.274811e+00
3.104000e-05	-1.441566e-01	-8.190020e+00
3.105000e-05	-1.479126e-01	-8.043758e+00
3.106000e-05	-1.426300e-01	-7.956938e+00
3.107000e-05	-1.369773e-01	-7.809047e+00
3.108000e-05	-1.338514e-01	-7.641274e+00
3.109000e-05	-1.301935e-01	-7.534358e+00
3.110000e-05	-1.218218e-01	-7.368444e+00
3.111000e-05	-1.114956e-01	-7.232603e+00
3.112000e-05	-1.056636e-01	-7.115781e+00
3.113000e-05	-1.006766e-01	-6.885911e+00
3.114000e-05	-9.131663e-02	-6.788019e+00
3.115000e-05	-8.185185e-02	-6.641651e+00
3.116000e-05	-7.498577e-02	-6.495808e+00
3.117000e-05	-7.011829e-02	-6.338471e+00
3.118000e-05	-6.403893e-02	-6.160643e+00
3.119000e-05	-5.584544e-02	-6.000124e+00
3.120000e-05	-5.121059e-02	-5.864181e+00
3.121000e-05	-4.842314e-02	-5.696362e+00
3.122000e-05	-4.393348e-02	-5.599495e+00
3.123000e-05	-3.854141e-02	-5.320964e+00
3.124000e-05	-3.465120e-02	-5.127494e+00
3.125000e-05	-3.428860e-02	-4.991589e+00
3.126000e-05	-3.054342e-02	-4.771164e+00
3.127000e-05	-2.702389e-02	-4.621583e+00
3.128000e-05	-2.291830e-02	-4.444230e+00
3.129000e-05	-2.433171e-02	-4.294885e+00
3.130000e-05	-2.039382e-02	-4.158865e+00
3.131000e-05	-1.958672e-02	-3.971469e+00
3.132000e-05	-1.585968e-02	-3.789590e+00
3.133000e-05	-1.691572e-02	-3.591050e+00
3.134000e-05	-1.497759e-02	-3.412575e+00
3.135000e-05	-1.418695e-02	-3.234249e+00
3.136000e-05	-1.169465e-02	-3.054756e+00
3.137000e-05	-1.254558e-02	-2.864229e+00
3.138000e-05	-1.167634e-02	-2.686260e+00
3.139000e-05	-1.172603e-02	-2.466357e+00
3.140000e-05	-8.189320e-03	-2.347412e+00
3.141000e-05	-8.557715e-03	-2.108361e+00
3.142000e-05	-7.599511e-03	-1.947438e+00
3.143000e-05	-7.491029e-03	-1.758464e+00
3.144000e-05	-6.640964e-03	-1.591012e+00
3.145000e-05	-7.666497e-03	-1.317940e+00
3.146000e-05	-7.902929e-03	-1.127886e+00
3.147000e-05	-6.228020e-03	-9.569133e-01
3.148000e-05	-5.222418e-03	-7.604924e-01
3.149000e-05	-4.081111e-03	-5.805662e-01
3.150000e-05	-3.772134e-03	-3.599921e-01
3.151000e-05	-3.001855e-03	-1.810475e-01
3.152000e-05	1.773710e-03	-1.109888e-02
3.153000e-05	2.790751e-03	1.383524e-01
3.154000e-05	-3.834392e-03	4.184486e-01
3.155000e-05	-2.225949e-04	5.246921e-01
3.156000e-05	-1.458396e-03	7.226406e-01
3.157000e-05	7.021442e-04	8.531103e-01
3.158000e-05	-1.170078e-03	1.084097e+00
3.159000e-05	4.886285e-03	1.304188e+00
3.160000e-05	2.363217e-02	1.492114e+00
3.161000e-05	6.509158e-02	1.684147e+00
3.162000e-05	-6.440483e-03	1.985773e+00
3.163000e-05	-5.166134e-02	2.144323e+00
3.164000e-05	-4.554813e-02	2.324664e+00
3.165000e-05	-5.397264e-02	2.411056e+00
3.166000e-05	2.110014e-02	2.567406e+00
3.167000e-05	1.083580e-01	2.806379e+00
3.168000e-05	-1.184862e-01	2.977372e+00
3.169000e-05	4.704770e-02	3.062085e+00
3.170000e-05	8.631051e-02	3.293142e+00
3.171000e-05	-4.900257e-02	3.553745e+00
3.172000e-05	2.849157e-02	3.631533e+00
3.173000e-05	-5.059884e-02	3.838408e+00
3.174000e-05	-3.822814e-02	4.019051e+00
3.175000e-05	9.774787e-02	4.164803e+00
3.176000e-05	-7.783745e-03	4.396850e+00
3.177000e-05	-3.055800e-02	4.557771e+00
3.178000e-05	2.087605e-02	4.756317e+00
3.179000e-05	-1.775306e-02	4.934796e+00
3.180000e-05	5.341413e-02	5.124272e+00
3.181000e-05	-4.147935e-02	5.334373e+00
3.182000e-05	-1.235405e-02	5.484196e+00
3.183000e-05	3.502344e-02	5.651557e+00
3.184000e-05	3.438801e-02	5.799483e+00
3.185000e-05	-1.185989e-02	6.008477e+00
3.186000e-05	-4.743038e-02	6.175296e+00
3.187000e-05	4.199640e-02	6.283117e+00
3.188000e-05	1.920786e-02	6.440480e+00
3.189000e-05	-5.874770e-03	6.595350e+00
3.190000e-05	7.179153e-04	6.807925e+00
3.191000e-05	1.693083e-03	6.925243e+00
3.192000e-05	2.801183e-02	7.060585e+00
3.193000e-05	1.239568e-03	7.155399e+00
3.194000e-05	-1.977312e-02	7.314238e+00
3.195000e-05	9.964382e-03	7.483214e+00
3.196000e-05	1.986562e-02	7.641580e+00
3.197000e-05	2.016661e-02	7.765950e+00
3.198000e-05	-1.552797e-02	7.914762e+00
3.199000e-05	9.491287e-03	8.054030e+00
3.200000e-05	1.920257e-02	8.196471e+00
3.201000e-05	7.061810e-03	8.294164e+00
3.202000e-05	-1.188178e-03	8.428902e+00
3.203000e-05	-3.358972e-03	8.442662e+00
3.204000e-05	2.588488e-02	8.549425e+00
3.205000e-05	1.359283e-02	8.692163e+00
3.206000e-05	3.372569e-03	8.767398e+00
3.207000e-05	-5.008996e-04	8.912610e+00
3.208000e-05	1.570383e-02	8.976397e+00
3.209000e-05	1.537734e-02	9.125208e+00
3.210000e-05	-7.510482e-04	9.207521e+00
3.211000e-05	5.122126e-03	9.261635e+00
3.212000e-05	1.670911e-02	9.346342e+00
3.213000e-05	2.077474e-02	9.459005e+00
3.214000e-05	4.824463e-03	9.443287e+00
3.215000e-05	3.224437e-03	9.567848e+00
3.216000e-05	1.321064e-02	9.628978e+00
3.217000e-05	1.755127e-02	9.683184e+00
3.218000e-05	8.330040e-03	9.726891e+00
3.219000e-05	5.003305e-03	9.870064e+00
3.220000e-05	1.864288e-02	9.925290e+00
3.221000e-05	1.961725e-02	9.979423e+00
3.222000e-05	1.255087e-02	9.999951e+00
3.223000e-05	4.153533e-03	1.004108e+01
3.224000e-05	1.443764e-02	1.007116e+01
3.225000e-05	1.867445e-02	1.008524e+01
3.226000e-05	1.336131e-02	1.011637e+01
3.227000e-05	8.701144e-03	1.018885e+01
3.228000e-05	1.556801e-02	1.023958e+01
3.229000e-05	2.199940e-02	1.021103e+01
3.230000e-05	1.730347e-02	1.028303e+01
3.231000e-05	1.105938e-02	1.028116e+01
3.232000e-05	1.617656e-02	1.026263e+01
3.233000e-05	2.261031e-02	1.025226e+01
3.234000e-05	1.908945e-02	1.030618e+01
3.235000e-05	1.323078e-02	1.027266e+01
3.236000e-05	1.723980e-02	1.029423e+01
3.237000e-05	2.404886e-02	1.027274e+01
3.238000e-05	2.318919e-02	1.026315e+01
3.239000e-05	1.834117e-02	1.023273e+01
3.240000e-05	2.177189e-02	1.022016e+01
3.241000e-05	2.744316e-02	1.022105e+01
3.242000e-05	2.870408e-02	1.019052e+01
3.243000e-05	2.370138e-02	1.014689e+01
3.244000e-05	2.427501e-02	1.011689e+01
3.245000e-05	3.174577e-02	1.008526e+01
3.246000e-05	3.203422e-02	1.002268e+01
3.247000e-05	2.896937e-02	1.003170e+01
3.248000e-05	2.889857e-02	1.000852e+01
3.249000e-05	3.597745e-02	9.967365e+00
3.250000e-05	3.847546e-02	9.832681e+00
3.251000e-05	3.683605e-02	9.812024e+00
3.252000e-05	3.796900e-02	9.726811e+00
3.253000e-05	4.467800e-02	9.653209e+00
3.254000e-05	4.974165e-02	9.599070e+00
3.255000e-05	4.993204e-02	9.506435e+00
3.256000e-05	5.217198e-02	9.433175e+00
3.257000e-05	5.977106e-02	9.368498e+00
3.258000e-05	6.614301e-02	9.274282e+00
3.259000e-05	6.987922e-02	9.232151e+00
3.260000e-05	7.298293e-02	9.169419e+00
3.261000e-05	8.318255e-02	9.053274e+00
3.262000e-05	9.185682e-02	8.927366e+00
3.263000e-05	9.886128e-02	8.832227e+00
3.264000e-05	1.027940e-01	8.737940e+00
3.265000e-05	1.128361e-01	8.651577e+00
3.266000e-05	1.212810e-01	8.546866e+00
3.267000e-05	1.263349e-01	8.442653e+00
3.268000e-05	1.293745e-01	8.397964e+00
3.269000e-05	1.340236e-01	8.252224e+00
3.270000e-05	1.387870e-01	8.074260e+00
3.271000e-05	1.390926e-01	7.969469e+00
3.272000e-05	1.345395e-01	7.844704e+00
3.273000e-05	1.310180e-01	7.726263e+00
3.274000e-05	1.285292e-01	7.592175e+00
3.275000e-05	1.205018e-01	7.515049e+00
3.276000e-05	1.113281e-01	7.275385e+00
3.277000e-05	1.038931e-01	7.157465e+00
3.278000e-05	9.835009e-02	6.990646e+00
3.279000e-05	9.079040e-02	6.864233e+00
3.280000e-05	8.223264e-02	6.758912e+00
3.281000e-05	7.316824e-02	6.608915e+00
3.282000e-05	6.845877e-02	6.411222e+00
3.283000e-05	6.159002e-02	6.264258e+00
3.284000e-05	5.308267e-02	6.166889e+00
3.285000e-05	4.736539e-02	6.020170e+00
3.286000e-05	4.297722e-02	5.842649e+00
3.287000e-05	3.922213e-02	5.612727e+00
3.288000e-05	3.454042e-02	5.475809e+00
3.289000e-05	2.971801e-02	5.346411e+00
3.290000e-05	2.701795e-02	5.158385e+00
3.291000e-05	2.512979e-02	4.905361e+00
3.292000e-05	2.130593e-02	4.736912e+00
3.293000e-05	1.733859e-02	4.548519e+00
3.294000e-05	1.645998e-02	4.431077e+00
3.295000e-05	1.479238e-02	4.233300e+00
3.296000e-05	1.253985e-02	4.022603e+00
3.297000e-05	9.395093e-03	3.865277e+00
3.298000e-05	8.184350e-03	3.695857e+00
3.299000e-05	8.053626e-03	3.537818e+00
3.300000e-05	7.219625e-03	3.317337e+00
3.301000e-05	4.894648e-03	3.128360e+00
3.302000e-05	4.115155e-03	2.952017e+00
3.303000e-05	4.028736e-03	2.803624e+00
3.304000e-05	2.943596e-03	2.580168e+00
3.305000e-05	1.141946e-03	2.391149e+00
3.306000e-05	-6.413065e-04	2.232573e+00
3.307000e-05	8.604930e-04	2.043206e+00
3.308000e-05	-3.929855e-04	1.904302e+00
3.309000e-05	-1.222555e-03	1.634332e+00
3.310000e-05	-9.072874e-04	1.484250e+00
3.311000e-05	-1.756855e-03	1.273778e+00
3.312000e-05	-1.204719e-03	1.044876e+00
3.313000e-05	-2.935079e-03	8.121539e-01
3.314000e-05	-2.878198e-03	6.441756e-01
3.315000e-05	-4.618342e-03	4.748067e-01
3.316000e-05	-3.074021e-03	2.862592e-01
3.317000e-05	-4.703320e-03	7.377653e-02
3.318000e-05	-7.117361e-05	-1.146895e-01
3.319000e-05	2.698253e-03	-2.536367e-01
3.320000e-05	-2.186144e-03	-4.285328e-01
3.321000e-05	-2.276288e-03	-6.889891e-01
3.322000e-05	-6.562027e-03	-8.089564e-01
3.323000e-05	-2.279932e-03	-9.572986e-01
3.324000e-05	-3.977791e-03	-1.156293e+00
3.325000e-05	2.946936e-03	-1.366221e+00
3.326000e-05	5.230478e-02	-1.555672e+00
3.327000e-05	4.491046e-02	-1.726199e+00
3.328000e-05	-6.215655e-02	-2.017408e+00
3.329000e-05	-4.798955e-02	-2.321492e+00
3.330000e-05	-9.608805e-02	-2.473584e+00
3.331000e-05	2.125640e-02	-2.547924e+00
3.332000e-05	1.372393e-01	-2.601008e+00
3.333000e-05	-1.557837e-01	-2.859060e+00
3.334000e-05	4.321219e-02	-3.071192e+00
3.335000e-05	1.104483e-01	-3.197906e+00
3.336000e-05	-1.054010e-01	-3.437411e+00
3.337000e-05	6.366643e-02	-3.597950e+00
3.338000e-05	-6.771595e-02	-3.725167e+00
3.339000e-05	-1.133444e-01	-3.998349e+00
3.340000e-05	1.689154e-01	-4.114241e+00
3.341000e-05	-4.533596e-02	-4.294141e+00
3.342000e-05	-3.544800e-02	-4.501062e+00
3.343000e-05	3.388711e-02	-4.599308e+00
3.344000e-05	-8.517381e-02	-4.831562e+00
3.345000e-05	1.132649e-01	-5.038530e+00
3.346000e-05	-9.686636e-02	-5.145845e+00
3.347000e-05	-5.408976e-02	-5.387930e+00
3.348000e-05	1.029735e-01	-5.525824e+00
3.349000e-05	-4.084414e-02	-5.775797e+00
3.350000e-05	2.109806e-02	-5.853088e+00
3.351000e-05	-9.960392e-02	-6.048481e+00
3.352000e-05	2.988285e-02	-6.209005e+00
3.353000e-05	5.486599e-02	-6.396421e+00
3.354000e-05	-9.420081e-02	-6.534844e+00
3.355000e-05	3.983984e-02	-6.631160e+00
3.356000e-05	-4.348619e-02	-6.799904e+00
3.357000e-05	4.660223e-02	-6.976349e+00
3.358000e-05	-2.014589e-02	-7.123322e+00
3.359000e-05	-7.835778e-02	-7.274112e+00
3.360000e-05	4.608994e-02	-7.387953e+00
3.361000e-05	-3.216003e-02	-7.565818e+00
3.362000e-05	2.749335e-02	-7.673188e+00
3.363000e-05	-5.811849e-02	-7.830041e+00
3.364000e-05	-9.115341e-04	-8.029532e+00
3.365000e-05	2.255570e-02	-8.084239e+00
3.366000e-05	-3.852002e-02	-8.230057e+00
3.367000e-05	-6.183196e-03	-8.314270e+00
3.368000e-05	-4.410450e-02	-8.420081e+00
3.369000e-05	3.523516e-02	-8.555474e+00
3.370000e-05	-2.365991e-02	-8.691614e+00
3.371000e-05	-3.012257e-02	-8.829551e+00
3.372000e-05	-1.555849e-02	-8.883161e+00
3.373000e-05	-3.418823e-03	-8.958947e+00
3.374000e-05	4.735001e-03	-9.052638e+00
3.375000e-05	-4.721471e-02	-9.156321e+00
3.376000e-05	-7.660098e-03	-9.230581e+00
3.377000e-05	-7.146760e-03	-9.334903e+00
3.378000e-05	-1.064276e-03	-9.400002e+00
3.379000e-05	-3.500429e-02	-9.515290e+00
3.380000e-05	-2.525740e-02	-9.581027e+00
3.381000e-05	-3.416511e-03	-9.673612e+00
3.382000e-05	-1.017766e-02	-9.736824e+00
3.383000e-05	-2.560811e-02	-9.809973e+00
3.384000e-05	-2.766064e-02	-9.860683e+00
3.385000e-05	-1.867950e-03	-9.925191e+00
3.386000e-05	-1.109008e-02	-9.977944e+00
3.387000e-05	-2.548572e-02	-1.000953e+01
3.388000e-05	-3.439391e-02	-1.004213e+01
3.389000e-05	-1.193745e-02	-1.008281e+01
3.390000e-05	-1.172612e-02	-1.012477e+01
3.391000e-05	-2.347341e-02	-1.016587e+01
3.392000e-05	-2.881322e-02	-1.020103e+01
3.393000e-05	-1.377047e-02	-1.021966e+01
3.394000e-05	-9.978972e-03	-1.032579e+01
3.395000e-05	-2.617344e-02	-1.032584e+01
3.396000e-05	-3.250297e-02	-1.034592e+01
3.397000e-05	-2.284591e-02	-1.036780e+01
3.398000e-05	-1.213245e-02	-1.038905e+01
3.399000e-05	-2.716460e-02	-1.042897e+01
3.400000e-05	-3.152056e-02	-1.039852e+01
3.401000e-05	-2.497871e-02	-1.040855e+01
3.402000e-05	-1.587526e-02	-1.036052e+01
3.403000e-05	-2.590486e-02	-1.040957e+01
3.404000e-05	-3.578397e-02	-1.033697e+01
3.405000e-05	-2.942178e-02	-1.039642e+01
3.406000e-05	-2.278407e-02	-1.031592e+01
3.407000e-05	-2.969746e-02	-1.033631e+01
3.408000e-05	-3.976861e-02	-1.030219e+01
3.409000e-05	-3.597844e-02	-1.024306e+01
3.410000e-05	-2.677458e-02	-1.016907e+01
3.411000e-05	-3.184301e-02	-1.015599e+01
3.412000e-05	-4.158232e-02	-1.006534e+01
3.413000e-05	-4.006619e-02	-1.005223e+01
3.414000e-05	-3.381422e-02	-1.003860e+01
3.415000e-05	-3.848437e-02	-9.988922e+00
3.416000e-05	-4.884562e-02	-9.934838e+00
3.417000e-05	-4.799582e-02	-9.851684e+00
3.418000e-05	-4.258954e-02	-9.820625e+00
3.419000e-05	-4.666833e-02	-9.707945e+00
3.420000e-05	-5.693523e-02	-9.665286e+00
3.421000e-05	-6.075118e-02	-9.642177e+00
3.422000e-05	-5.798944e-02	-9.579022e+00
3.423000e-05	-6.261791e-02	-9.544732e+00
3.424000e-05	-7.383223e-02	-9.380044e+00
3.425000e-05	-7.983300e-02	-9.276287e+00
3.426000e-05	-7.992057e-02	-9.189549e+00
3.427000e-05	-8.460196e-02	-9.126362e+00
3.428000e-05	-9.703448e-02	-9.021128e+00
3.429000e-05	-1.064418e-01	-8.875367e+00
3.430000e-05	-1.097368e-01	-8.842629e+00
3.431000e-05	-1.143196e-01	-8.756866e+00
3.432000e-05	-1.267102e-01	-8.643174e+00
3.433000e-05	-1.346205e-01	-8.476286e+00
3.434000e-05	-1.362716e-01	-8.418522e+00
3.435000e-05	-1.379507e-01	-8.305261e+00
3.436000e-05	-1.446777e-01	-8.179966e+00
3.437000e-05	-1.477497e-01	-8.053255e+00
3.438000e-05	-1.427178e-01	-7.967066e+00
3.439000e-05	-1.367276e-01	-7.830545e+00
3.440000e-05	-1.348547e-01	-7.611178e+00
3.441000e-05	-1.314639e-01	-7.484286e+00
3.442000e-05	-1.219970e-01	-7.338469e+00
3.443000e-05	-1.110215e-01	-7.252626e+00
3.444000e-05	-1.048663e-01	-7.096883e+00
3.445000e-05	-9.988605e-02	-6.898934e+00
3.446000e-05	-9.145684e-02	-6.768996e+00
3.447000e-05	-8.139873e-02	-6.633681e+00
3.448000e-05	-7.495657e-02	-6.476258e+00
3.449000e-05	-7.155676e-02	-6.377916e+00
3.450000e-05	-6.502742e-02	-6.190096e+00
3.451000e-05	-5.573990e-02	-6.031644e+00
3.452000e-05	-5.130884e-02	-5.864309e+00
3.453000e-05	-4.962289e-02	-5.748813e+00
3.454000e-05	-4.364772e-02	-5.589008e+00
3.455000e-05	-3.828698e-02	-5.320544e+00
3.456000e-05	-3.488798e-02	-5.178469e+00
3.457000e-05	-3.427218e-02	-5.029069e+00
3.458000e-05	-3.115153e-02	-4.800096e+00
3.459000e-05	-2.724068e-02	-4.571598e+00
3.460000e-05	-2.339603e-02	-4.463705e+00
3.461000e-05	-2.445683e-02	-4.285808e+00
3.462000e-05	-2.048618e-02	-4.158440e+00
3.463000e-05	-1.842238e-02	-4.001598e+00
3.464000e-05	-1.547348e-02	-3.772091e+00
3.465000e-05	-1.763771e-02	-3.599971e+00
3.466000e-05	-1.544725e-02	-3.433722e+00
3.467000e-05	-1.358225e-02	-3.234758e+00
3.468000e-05	-1.191315e-02	-3.105856e+00
3.469000e-05	-1.312274e-02	-2.824204e+00
3.470000e-05	-1.209350e-02	-2.715858e+00
3.471000e-05	-1.008913e-02	-2.496887e+00
3.472000e-05	-8.299561e-03	-2.338436e+00
3.473000e-05	-8.211595e-03	-2.117355e+00
3.474000e-05	-8.092899e-03	-1.965916e+00
3.475000e-05	-5.844010e-03	-1.747594e+00
3.476000e-05	-5.847036e-03	-1.590540e+00
3.477000e-05	-7.843514e-03	-1.369590e+00
3.478000e-05	-8.999526e-03	-1.109361e+00
3.479000e-05	-5.727827e-03	-9.379910e-01
3.480000e-05	-5.497615e-03	-7.589950e-01
3.481000e-05	-4.125478e-03	-5.589637e-01
3.482000e-05	-4.247941e-03	-3.590461e-01
3.483000e-05	-3.374485e-03	-1.820225e-01
3.484000e-05	1.849119e-03	-2.309781e-02
3.485000e-05	3.140265e-03	1.873259e-01
3.486000e-05	-3.452903e-03	3.884536e-01
3.487000e-05	-2.436272e-04	5.347921e-01
3.488000e-05	-1.672623e-03	7.347692e-01
3.489000e-05	1.590015e-03	8.620352e-01
3.490000e-05	-2.230670e-04	1.082216e+00
3.491000e-05	3.220582e-03	1.284614e+00
3.492000e-05	2.196235e-02	1.503683e+00
3.493000e-05	6.755233e-02	1.724251e+00
3.494000e-05	-4.478799e-03	1.946322e+00
3.495000e-05	-5.171818e-02	2.115223e+00
3.496000e-05	-4.580320e-02	2.306242e+00
3.497000e-05	-5.349684e-02	2.440560e+00
3.498000e-05	1.901900e-02	2.548271e+00
3.499000e-05	1.088127e-01	2.808853e+00
3.500000e-05	-1.191372e-01	2.965848e+00
3.501000e-05	4.269516e-02	3.072609e+00
3.502000e-05	8.954558e-02	3.302164e+00
3.503000e-05	-4.862279e-02	3.563746e+00
3.504000e-05	2.730244e-02	3.640509e+00
3.505000e-05	-4.945891e-02	3.798434e+00
3.506000e-05	-3.927316e-02	4.009476e+00
3.507000e-05	9.830771e-02	4.198225e+00
3.508000e-05	-7.771784e-03	4.427404e+00
3.509000e-05	-3.289836e-02	4.535297e+00
3.510000e-05	2.193735e-02	4.763770e+00
3.511000e-05	-1.804286e-02	4.932796e+00
3.512000e-05	5.209296e-02	5.154351e+00
3.513000e-05	-4.100389e-02	5.335743e+00
3.514000e-05	-1.226356e-02	5.523168e+00
3.515000e-05	3.579140e-02	5.640606e+00
3.516000e-05	3.417684e-02	5.839488e+00
3.517000e-05	-1.083820e-02	6.008451e+00
3.518000e-05	-4.890814e-02	6.154320e+00
3.519000e-05	4.174227e-02	6.302584e+00
3.520000e-05	1.757696e-02	6.448005e+00
3.521000e-05	-7.104030e-03	6.558456e+00
3.522000e-05	2.683272e-03	6.778878e+00
3.523000e-05	3.137344e-03	6.915189e+00
3.524000e-05	2.893203e-02	7.050636e+00
3.525000e-05	2.108612e-03	7.187399e+00
3.526000e-05	-2.074122e-02	7.283091e+00
3.527000e-05	8.786528e-03	7.522588e+00
3.528000e-05	1.890823e-02	7.641056e+00
3.529000e-05	2.047524e-02	7.776823e+00
3.530000e-05	-1.455086e-02	7.894693e+00
3.531000e-05	1.029295e-02	8.064006e+00
3.532000e-05	2.029213e-02	8.187471e+00
3.533000e-05	6.354801e-03	8.272237e+00
3.534000e-05	-9.262945e-04	8.418950e+00
3.535000e-05	-5.704069e-03	8.473688e+00
3.536000e-05	2.507401e-02	8.607949e+00
3.537000e-05	1.386080e-02	8.641212e+00
3.538000e-05	4.964939e-03	8.788346e+00
3.539000e-05	1.527502e-03	8.872687e+00
3.540000e-05	1.617119e-02	8.936424e+00
3.541000e-05	1.615478e-02	9.093064e+00
3.542000e-05	-1.458450e-03	9.197975e+00
3.543000e-05	5.052248e-03	9.283134e+00
3.544000e-05	1.438314e-02	9.366895e+00
3.545000e-05	2.127013e-02	9.420054e+00
3.546000e-05	5.210077e-03	9.463691e+00
3.547000e-05	6.255166e-03	9.597321e+00
3.548000e-05	1.367633e-02	9.640552e+00
3.549000e-05	1.778053e-02	9.702711e+00
3.550000e-05	7.616508e-03	9.746419e+00
3.551000e-05	5.467787e-03	9.830603e+00
3.552000e-05	1.607208e-02	9.944766e+00
3.553000e-05	1.802725e-02	9.968324e+00
3.554000e-05	1.061755e-02	1.005055e+01
3.555000e-05	7.209636e-03	1.004168e+01
3.556000e-05	1.509266e-02	1.006216e+01
3.557000e-05	2.004382e-02	1.009586e+01
3.558000e-05	1.370440e-02	1.014735e+01
3.559000e-05	1.001333e-02	1.015752e+01
3.560000e-05	1.577746e-02	1.022100e+01
3.561000e-05	1.973975e-02	1.022063e+01
3.562000e-05	1.615377e-02	1.023061e+01
3.563000e-05	1.212046e-02	1.024218e+01
3.564000e-05	1.630258e-02	1.028271e+01
3.565000e-05	2.309509e-02	1.027418e+01
3.566000e-05	1.939901e-02	1.029429e+01
3.567000e-05	1.490334e-02	1.026324e+01
3.568000e-05	1.689101e-02	1.028421e+01
3.569000e-05	2.313423e-02	1.026421e+01
3.570000e-05	2.275415e-02	1.026166e+01
3.571000e-05	1.821182e-02	1.025173e+01
3.572000e-05	2.301706e-02	1.024163e+01
3.573000e-05	2.709557e-02	1.022113e+01
3.574000e-05	2.863160e-02	1.023040e+01
3.575000e-05	2.376003e-02	1.017745e+01
3.576000e-05	2.539469e-02	1.015586e+01
3.577000e-05	3.061901e-02	1.010529e+01
3.578000e-05	3.191794e-02	1.005369e+01
3.579000e-05	2.851022e-02	1.002105e+01
3.580000e-05	2.996672e-02	9.997550e+00
3.581000e-05	3.521480e-02	9.967888e+00
3.582000e-05	3.800590e-02	9.872730e+00
3.583000e-05	3.616869e-02	9.803125e+00
3.584000e-05	3.890334e-02	9.735363e+00
3.585000e-05	4.478611e-02	9.651312e+00
3.586000e-05	4.945091e-02	9.608523e+00
3.587000e-05	4.878790e-02	9.494814e+00
3.588000e-05	5.151516e-02	9.443681e+00
3.589000e-05	6.002816e-02	9.388941e+00
3.590000e-05	6.582390e-02	9.295860e+00
3.591000e-05	6.936824e-02	9.210628e+00
3.592000e-05	7.337332e-02	9.178066e+00
3.593000e-05	8.299134e-02	9.071750e+00
3.594000e-05	9.138935e-02	8.959340e+00
3.595000e-05	9.807248e-02	8.832125e+00
3.596000e-05	1.037185e-01	8.776891e+00
3.597000e-05	1.119672e-01	8.631724e+00
3.598000e-05	1.209373e-01	8.547389e+00
3.599000e-05	1.262298e-01	8.453230e+00
3.600000e-05	1.300472e-01	8.408444e+00
3.601000e-05	1.341401e-01	8.222679e+00
3.602000e-05	1.383974e-01	8.064362e+00
3.603000e-05	1.385911e-01	7.958420e+00
3.604000e-05	1.355259e-01	7.833680e+00
3.605000e-05	1.316108e-01	7.755887e+00
3.606000e-05	1.285497e-01	7.600572e+00
3.607000e-05	1.208122e-01	7.421778e+00
3.608000e-05	1.129369e-01	7.244260e+00
3.609000e-05	1.038807e-01	7.147417e+00
3.610000e-05	9.772942e-02	7.031075e+00
3.611000e-05	8.981692e-02	6.845208e+00
3.612000e-05	8.208452e-02	6.777987e+00
3.613000e-05	7.378940e-02	6.558566e+00
3.614000e-05	6.814014e-02	6.411595e+00
3.615000e-05	6.159123e-02	6.264731e+00
3.616000e-05	5.410236e-02	6.125916e+00
3.617000e-05	4.742146e-02	5.979545e+00
3.618000e-05	4.317469e-02	5.863826e+00
3.619000e-05	3.916334e-02	5.644749e+00
3.620000e-05	3.411719e-02	5.516731e+00
3.621000e-05	3.049451e-02	5.307386e+00
3.622000e-05	2.686188e-02	5.137408e+00
3.623000e-05	2.446401e-02	4.866835e+00
3.624000e-05	2.149154e-02	4.767385e+00
3.625000e-05	1.885309e-02	4.568463e+00
3.626000e-05	1.721688e-02	4.423177e+00
3.627000e-05	1.397968e-02	4.273698e+00
3.628000e-05	1.234945e-02	4.043178e+00
3.629000e-05	9.958324e-03	3.875257e+00
3.630000e-05	9.240881e-03	3.684811e+00
3.631000e-05	6.731008e-03	3.576912e+00
3.632000e-05	5.841220e-03	3.297486e+00
3.633000e-05	4.241931e-03	3.167961e+00
3.634000e-05	4.726682e-03	2.961040e+00
3.635000e-05	3.277464e-03	2.842101e+00
3.636000e-05	2.741235e-03	2.701694e+00
3.637000e-05	1.434400e-03	2.389571e+00
3.638000e-05	1.761097e-03	2.222200e+00
3.639000e-05	-1.166427e-04	2.034103e+00
3.640000e-05	2.541665e-04	1.885829e+00
3.641000e-05	-1.310118e-03	1.645257e+00
3.642000e-05	-9.573093e-04	1.454304e+00
3.643000e-05	-2.244470e-03	1.264808e+00
3.644000e-05	-2.488471e-03	1.064756e+00
3.645000e-05	-2.652809e-03	8.122740e-01
3.646000e-05	-2.969417e-03	6.261791e-01
3.647000e-05	-2.909470e-03	4.753045e-01
3.648000e-05	-3.307545e-03	3.153832e-01
3.649000e-05	-3.605176e-03	8.590553e-02
3.650000e-05	-9.745043e-04	-9.316321e-02
3.651000e-05	2.162454e-03	-2.820880e-01
3.652000e-05	-2.754054e-03	-4.290564e-01
3.653000e-05	-2.137914e-03	-6.169638e-01
3.654000e-05	-5.930407e-03	-8.289840e-01
3.655000e-05	-1.615635e-03	-9.467973e-01
3.656000e-05	-3.352892e-03	-1.116192e+00
3.657000e-05	2.913677e-03	-1.333170e+00
3.658000e-05	5.083764e-02	-1.544821e+00
3.659000e-05	4.698464e-02	-1.724721e+00
3.660000e-05	-6.260312e-02	-1.975380e+00
3.661000e-05	-4.866985e-02	-2.262118e+00
3.662000e-05	-9.527881e-02	-2.453058e+00
3.663000e-05	1.815089e-02	-2.566370e+00
3.664000e-05	1.394338e-01	-2.630529e+00
3.665000e-05	-1.549120e-01	-2.869109e+00
3.666000e-05	3.828268e-02	-3.122187e+00
3.667000e-05	1.139345e-01	-3.189849e+00
3.668000e-05	-1.052865e-01	-3.437884e+00
3.669000e-05	6.225121e-02	-3.567925e+00
3.670000e-05	-6.421169e-02	-3.713193e+00
3.671000e-05	-1.160389e-01	-3.975901e+00
3.672000e-05	1.691789e-01	-4.072742e+00
3.673000e-05	-4.310032e-02	-4.253067e+00
3.674000e-05	-3.828459e-02	-4.441634e+00
3.675000e-05	3.637437e-02	-4.609329e+00
3.676000e-05	-8.568274e-02	-4.850511e+00
3.677000e-05	1.130690e-01	-5.040504e+00
3.678000e-05	-9.455163e-02	-5.165273e+00
3.679000e-05	-5.812379e-02	-5.369404e+00
3.680000e-05	1.048453e-01	-5.535922e+00
3.681000e-05	-4.122800e-02	-5.745872e+00
3.682000e-05	2.103178e-02	-5.892159e+00
3.683000e-05	-9.843824e-02	-6.029456e+00
3.684000e-05	2.826691e-02	-6.150429e+00
3.685000e-05	5.656875e-02	-6.407400e+00
3.686000e-05	-9.574118e-02	-6.525267e+00
3.687000e-05	3.894604e-02	-6.671607e+00
3.688000e-05	-4.233691e-02	-6.797979e+00
3.689000e-05	4.515031e-02	-6.946303e+00
3.690000e-05	-1.820442e-02	-7.106767e+00
3.691000e-05	-7.972989e-02	-7.253113e+00
3.692000e-05	4.733420e-02	-7.378979e+00
3.693000e-05	-3.264852e-02	-7.595720e+00
3.694000e-05	2.774774e-02	-7.711714e+00
3.695000e-05	-5.874477e-02	-7.840156e+00
3.696000e-05	-7.747870e-04	-8.008976e+00
3.697000e-05	2.179669e-02	-8.073763e+00
3.698000e-05	-3.942455e-02	-8.240056e+00
3.699000e-05	-6.977595e-03	-8.285713e+00
3.700000e-05	-4.429499e-02	-8.449955e+00
3.701000e-05	3.326023e-02	-8.543872e+00
3.702000e-05	-2.297914e-02	-8.722116e+00
3.703000e-05	-2.797345e-02	-8.808525e+00
3.704000e-05	-1.506378e-02	-8.874137e+00
3.705000e-05	-3.563154e-03	-8.986903e+00
3.706000e-05	2.143817e-03	-9.082158e+00
3.707000e-05	-4.598033e-02	-9.145818e+00
3.708000e-05	-9.991708e-03	-9.240055e+00
3.709000e-05	-6.158963e-03	-9.333772e+00
3.710000e-05	-2.505967e-03	-9.431148e+00
3.711000e-05	-3.211625e-02	-9.505693e+00
3.712000e-05	-2.543469e-02	-9.608476e+00
3.713000e-05	-2.151416e-03	-9.682661e+00
3.714000e-05	-1.039922e-02	-9.716348e+00
3.715000e-05	-2.650428e-02	-9.799445e+00
3.716000e-05	-2.891948e-02	-9.841585e+00
3.717000e-05	-2.434841e-03	-9.895313e+00
3.718000e-05	-1.024436e-02	-9.955369e+00
3.719000e-05	-2.579715e-02	-9.989875e+00
3.720000e-05	-3.143178e-02	-1.005216e+01
3.721000e-05	-1.151222e-02	-1.007478e+01
3.722000e-05	-1.032281e-02	-1.008621e+01
3.723000e-05	-2.546855e-02	-1.016740e+01
3.724000e-05	-2.986545e-02	-1.023943e+01
3.725000e-05	-1.492377e-02	-1.023166e+01
3.726000e-05	-1.086244e-02	-1.029474e+01
3.727000e-05	-2.664950e-02	-1.030491e+01
3.728000e-05	-3.157055e-02	-1.032384e+01
3.729000e-05	-2.022808e-02	-1.038890e+01
3.730000e-05	-1.119636e-02	-1.036792e+01
3.731000e-05	-2.578319e-02	-1.042005e+01
3.732000e-05	-3.332554e-02	-1.038045e+01
3.733000e-05	-2.548811e-02	-1.040907e+01
3.734000e-05	-1.753886e-02	-1.039798e+01
3.735000e-05	-2.636963e-02	-1.035897e+01
3.736000e-05	-3.619843e-02	-1.040884e+01
3.737000e-05	-2.746112e-02	-1.036805e+01
3.738000e-05	-2.075663e-02	-1.034679e+01
3.739000e-05	-2.942805e-02	-1.030636e+01
3.740000e-05	-3.971120e-02	-1.030516e+01
3.741000e-05	-3.630865e-02	-1.022908e+01
3.742000e-05	-2.686097e-02	-1.015857e+01
3.743000e-05	-3.282935e-02	-1.014539e+01
3.744000e-05	-4.169115e-02	-1.008534e+01
3.745000e-05	-4.098279e-02	-1.005181e+01
3.746000e-05	-3.301332e-02	-1.001010e+01
3.747000e-05	-3.763061e-02	-9.999445e+00
3.748000e-05	-4.752143e-02	-9.924341e+00
3.749000e-05	-4.759963e-02	-9.844660e+00
3.750000e-05	-4.260035e-02	-9.831029e+00
3.751000e-05	-4.643309e-02	-9.717917e+00
3.752000e-05	-5.771701e-02	-9.695233e+00
3.753000e-05	-6.132846e-02	-9.632206e+00
3.754000e-05	-5.755990e-02	-9.567547e+00
3.755000e-05	-6.127917e-02	-9.485262e+00
3.756000e-05	-7.296059e-02	-9.348524e+00
3.757000e-05	-7.981302e-02	-9.264308e+00
3.758000e-05	-7.947875e-02	-9.210074e+00
3.759000e-05	-8.475507e-02	-9.137338e+00
3.760000e-05	-9.725947e-02	-9.023078e+00
3.761000e-05	-1.073515e-01	-8.905362e+00
3.762000e-05	-1.097770e-01	-8.822578e+00
3.763000e-05	-1.126677e-01	-8.758491e+00
3.764000e-05	-1.263140e-01	-8.631754e+00
3.765000e-05	-1.355060e-01	-8.466284e+00
3.766000e-05	-1.369019e-01	-8.389052e+00
3.767000e-05	-1.375262e-01	-8.264734e+00
3.768000e-05	-1.442277e-01	-8.209516e+00
3.769000e-05	-1.491436e-01	-8.023205e+00
3.770000e-05	-1.422566e-01	-7.948941e+00
3.771000e-05	-1.363508e-01	-7.769145e+00
3.772000e-05	-1.346126e-01	-7.634196e+00
3.773000e-05	-1.322177e-01	-7.465808e+00
3.774000e-05	-1.213128e-01	-7.348997e+00
3.775000e-05	-1.109586e-01	-7.231178e+00
3.776000e-05	-1.052851e-01	-7.136833e+00
3.777000e-05	-1.015392e-01	-6.918388e+00
3.778000e-05	-9.182520e-02	-6.798446e+00
3.779000e-05	-8.077947e-02	-6.633704e+00
3.780000e-05	-7.488429e-02	-6.535881e+00
3.781000e-05	-7.217218e-02	-6.379019e+00
3.782000e-05	-6.565274e-02	-6.150496e+00
3.783000e-05	-5.575951e-02	-6.011674e+00
3.784000e-05	-5.038665e-02	-5.883728e+00
3.785000e-05	-4.936824e-02	-5.704386e+00
3.786000e-05	-4.441334e-02	-5.599973e+00
3.787000e-05	-3.773247e-02	-5.349542e+00
3.788000e-05	-3.301209e-02	-5.177966e+00
3.789000e-05	-3.399628e-02	-5.021575e+00
3.790000e-05	-3.182022e-02	-4.781618e+00
3.791000e-05	-2.663052e-02	-4.620601e+00
3.792000e-05	-2.245548e-02	-4.464750e+00
3.793000e-05	-2.447333e-02	-4.275860e+00
3.794000e-05	-2.273791e-02	-4.148541e+00
3.795000e-05	-1.891880e-02	-3.971074e+00
3.796000e-05	-1.523602e-02	-3.791042e+00
3.797000e-05	-1.716048e-02	-3.599575e+00
3.798000e-05	-1.484993e-02	-3.423175e+00
3.799000e-05	-1.312710e-02	-3.255304e+00
3.800000e-05	-1.029879e-02	-3.071328e+00
3.801000e-05	-1.278899e-02	-2.844753e+00
3.802000e-05	-1.384493e-02	-2.695832e+00
3.803000e-05	-1.138211e-02	-2.527339e+00
3.804000e-05	-7.384226e-03	-2.337440e+00
3.805000e-05	-7.696933e-03	-2.098434e+00
3.806000e-05	-7.818686e-03	-1.937916e+00
3.807000e-05	-6.802410e-03	-1.761466e+00
3.808000e-05	-4.669984e-03	-1.601102e+00
3.809000e-05	-7.332756e-03	-1.359984e+00
3.810000e-05	-8.802524e-03	-1.148935e+00
3.811000e-05	-8.144462e-03	-9.474161e-01
3.812000e-05	-5.302240e-03	-7.899388e-01
3.813000e-05	-3.649803e-03	-5.404923e-01
3.814000e-05	-5.249773e-03	-3.579398e-01
3.815000e-05	-3.517764e-03	-1.815474e-01
3.816000e-05	1.358807e-03	1.682981e-02
3.817000e-05	4.541052e-03	1.568272e-01
3.818000e-05	-3.402599e-03	4.084261e-01
3.819000e-05	-5.501981e-04	5.357209e-01
3.820000e-05	-1.650708e-03	7.141642e-01
3.821000e-05	2.360058e-03	8.510880e-01
3.822000e-05	-8.162594e-04	1.081713e+00
3.823000e-05	2.568108e-03	1.252563e+00
3.824000e-05	2.122638e-02	1.442136e+00
3.825000e-05	6.681500e-02	1.751647e+00
3.826000e-05	-4.204215e-03	1.965746e+00
3.827000e-05	-5.271093e-02	2.134221e+00
3.828000e-05	-4.672241e-02	2.313814e+00
3.829000e-05	-5.219564e-02	2.419030e+00
3.830000e-05	1.713747e-02	2.547777e+00
3.831000e-05	1.092763e-01	2.817452e+00
3.832000e-05	-1.173310e-01	2.966395e+00
3.833000e-05	3.874497e-02	3.112689e+00
3.834000e-05	9.173683e-02	3.291066e+00
3.835000e-05	-5.012097e-02	3.546318e+00
3.836000e-05	2.597259e-02	3.632005e+00
3.837000e-05	-4.724786e-02	3.828407e+00
3.838000e-05	-4.133204e-02	4.028954e+00
3.839000e-05	9.705467e-02	4.184752e+00
3.840000e-05	-6.370302e-03	4.417430e+00
3.841000e-05	-3.289749e-02	4.566798e+00
3.842000e-05	2.272811e-02	4.725217e+00
3.843000e-05	-1.889142e-02	4.933176e+00
3.844000e-05	5.226739e-02	5.164322e+00
3.845000e-05	-4.035285e-02	5.346221e+00
3.846000e-05	-1.290096e-02	5.483644e+00
3.847000e-05	3.571142e-02	5.641086e+00
3.848000e-05	3.441129e-02	5.841005e+00
3.849000e-05	-1.064489e-02	6.019454e+00
3.850000e-05	-4.652421e-02	6.145797e+00
3.851000e-05	4.046019e-02	6.293658e+00
3.852000e-05	1.920567e-02	6.440931e+00
3.853000e-05	-8.729657e-03	6.557398e+00
3.854000e-05	3.483871e-03	6.776977e+00
3.855000e-05	1.775024e-03	6.954238e+00
3.856000e-05	2.740548e-02	7.021059e+00
3.857000e-05	2.237340e-03	7.146820e+00
3.858000e-05	-1.917188e-02	7.335039e+00
3.859000e-05	1.018679e-02	7.432638e+00
3.860000e-05	1.884307e-02	7.651031e+00
3.861000e-05	2.052765e-02	7.777895e+00
3.862000e-05	-1.527255e-02	7.932187e+00
3.863000e-05	1.041257e-02	8.052139e+00
3.864000e-05	1.880829e-02	8.190377e+00
3.865000e-05	6.716066e-03	8.303211e+00
3.866000e-05	-3.888097e-04	8.428400e+00
3.867000e-05	-2.863370e-03	8.451710e+00
3.868000e-05	2.512571e-02	8.578373e+00
3.869000e-05	1.350744e-02	8.671159e+00
3.870000e-05	2.662410e-03	8.758325e+00
3.871000e-05	1.200579e-03	8.881662e+00
3.872000e-05	1.719969e-02	8.967371e+00
3.873000e-05	1.610968e-02	9.053639e+00
3.874000e-05	-6.880826e-04	9.218424e+00
3.875000e-05	6.220715e-03	9.252609e+00
3.876000e-05	1.612162e-02	9.315817e+00
3.877000e-05	1.942483e-02	9.410952e+00
3.878000e-05	4.400249e-03	9.463688e+00
3.879000e-05	4.676211e-03	9.588424e+00
3.880000e-05	1.547479e-02	9.611025e+00
3.881000e-05	1.628055e-02	9.723768e+00
3.882000e-05	7.629768e-03	9.726820e+00
3.883000e-05	6.200961e-03	9.881107e+00
3.884000e-05	1.934609e-02	9.895764e+00
3.885000e-05	1.672563e-02	9.968449e+00
3.886000e-05	1.047233e-02	1.004108e+01
3.887000e-05	5.285664e-03	1.003166e+01
3.888000e-05	1.606507e-02	1.007316e+01
3.889000e-05	1.866598e-02	1.009526e+01
3.890000e-05	1.392638e-02	1.014787e+01
3.891000e-05	9.872366e-03	1.017852e+01
3.892000e-05	1.708973e-02	1.022100e+01
3.893000e-05	1.989225e-02	1.023003e+01
3.894000e-05	1.412007e-02	1.024166e+01
3.895000e-05	1.054420e-02	1.024266e+01
3.896000e-05	1.617234e-02	1.027266e+01
3.897000e-05	2.340706e-02	1.026321e+01
3.898000e-05	1.798507e-02	1.030471e+01
3.899000e-05	1.500022e-02	1.031531e+01
3.900000e-05	1.802513e-02	1.031368e+01
3.901000e-05	2.408846e-02	1.028571e+01
3.902000e-05	2.227212e-02	1.026360e+01
3.903000e-05	1.723905e-02	1.023261e+01
3.904000e-05	2.196692e-02	1.028108e+01
3.905000e-05	2.835671e-02	1.023111e+01
3.906000e-05	2.679840e-02	1.017002e+01
3.907000e-05	2.288174e-02	1.014842e+01
3.908000e-05	2.583273e-02	1.012632e+01
3.909000e-05	3.245150e-02	1.008386e+01
3.910000e-05	3.126841e-02	1.006328e+01
3.911000e-05	2.851448e-02	1.002210e+01
3.912000e-05	2.948284e-02	9.979499e+00
3.913000e-05	3.664453e-02	9.976365e+00
3.914000e-05	3.620153e-02	9.864757e+00
3.915000e-05	3.609396e-02	9.769546e+00
3.916000e-05	3.778788e-02	9.736912e+00
3.917000e-05	4.553234e-02	9.672656e+00
3.918000e-05	4.929573e-02	9.587497e+00
3.919000e-05	4.932797e-02	9.506837e+00
3.920000e-05	5.396606e-02	9.442176e+00
3.921000e-05	6.221964e-02	9.399919e+00
3.922000e-05	6.853685e-02	9.305236e+00
3.923000e-05	6.731017e-02	9.231635e+00
3.924000e-05	7.245631e-02	9.147942e+00
3.925000e-05	8.191078e-02	9.073677e+00
3.926000e-05	9.054341e-02	8.948915e+00
3.927000e-05	9.725543e-02	8.842130e+00
3.928000e-05	1.039235e-01	8.757917e+00
3.929000e-05	1.156842e-01	8.625132e+00
3.930000e-05	1.228773e-01	8.527839e+00
3.931000e-05	1.264900e-01	8.433182e+00
3.932000e-05	1.279652e-01	8.366441e+00
3.933000e-05	1.343310e-01	8.223126e+00
3.934000e-05	1.387575e-01	8.095884e+00
3.935000e-05	1.378243e-01	7.978465e+00
3.936000e-05	1.340040e-01	7.874150e+00
3.937000e-05	1.337026e-01	7.737913e+00
3.938000e-05	1.295002e-01	7.610597e+00
3.939000e-05	1.216079e-01	7.464201e+00
3.940000e-05	1.104541e-01	7.274258e+00
3.941000e-05	1.047683e-01	7.156388e+00
3.942000e-05	9.875682e-02	7.011045e+00
3.943000e-05	9.096198e-02	6.854208e+00
3.944000e-05	8.085175e-02	6.785938e+00
3.945000e-05	7.373892e-02	6.608540e+00
3.946000e-05	6.856020e-02	6.401600e+00
3.947000e-05	6.122556e-02	6.325229e+00
3.948000e-05	5.241921e-02	6.116362e+00
3.949000e-05	4.810534e-02	5.990023e+00
3.950000e-05	4.543554e-02	5.822147e+00
3.951000e-05	4.007739e-02	5.653225e+00
3.952000e-05	3.432952e-02	5.495284e+00
3.953000e-05	2.932295e-02	5.337861e+00
3.954000e-05	2.776992e-02	5.137360e+00
3.955000e-05	2.373311e-02	4.876807e+00
3.956000e-05	1.922627e-02	4.735511e+00
3.957000e-05	1.646084e-02	4.560019e+00
3.958000e-05	1.738379e-02	4.442077e+00
3.959000e-05	1.570004e-02	4.284774e+00
3.960000e-05	1.348997e-02	4.022125e+00
3.961000e-05	8.730383e-03	3.883804e+00
3.962000e-05	8.714166e-03	3.716336e+00
3.963000e-05	8.269009e-03	3.526961e+00
3.964000e-05	4.734496e-03	3.277436e+00
3.965000e-05	2.518100e-03	3.156966e+00
3.966000e-05	3.291247e-03	2.991016e+00
3.967000e-05	5.006772e-03	2.833177e+00
3.968000e-05	4.215903e-03	2.583649e+00
3.969000e-05	1.097390e-03	2.361044e+00
3.970000e-05	6.400445e-04	2.222150e+00
3.971000e-05	7.351860e-04	2.055182e+00
3.972000e-05	-1.637173e-03	1.864307e+00
3.973000e-05	-2.724139e-03	1.675278e+00
3.974000e-05	-3.099333e-03	1.474232e+00
3.975000e-05	-1.175831e-03	1.286281e+00
3.976000e-05	-1.064222e-03	1.064829e+00
3.977000e-05	-2.963956e-03	7.941253e-01
3.978000e-05	-3.073702e-03	6.528042e-01
3.979000e-05	-2.533363e-03	4.657555e-01
3.980000e-05	-2.921508e-03	3.253806e-01
3.981000e-05	-5.402439e-03	1.053053e-01
3.982000e-05	-1.310783e-03	-1.031918e-01
3.983000e-05	3.402623e-03	-2.630354e-01
3.984000e-05	-2.269529e-03	-3.994839e-01
3.985000e-05	-2.741222e-03	-6.209526e-01
3.986000e-05	-5.277907e-03	-7.790324e-01
3.987000e-05	-2.189716e-03	-9.883734e-01
3.988000e-05	-3.298914e-03	-1.154767e+00
3.989000e-05	9.862247e-04	-1.336698e+00
3.990000e-05	5.026218e-02	-1.546346e+00
3.991000e-05	4.858173e-02	-1.735170e+00
3.992000e-05	-6.164590e-02	-2.007805e+00
3.993000e-05	-4.767829e-02	-2.300617e+00
3.994000e-05	-9.564099e-02	-2.451583e+00
3.995000e-05	1.551978e-02	-2.537395e+00
3.996000e-05	1.422126e-01	-2.620610e+00
3.997000e-05	-1.529836e-01	-2.828513e+00
3.998000e-05	3.305648e-02	-3.063167e+00
3.999000e-05	1.179171e-01	-3.187876e+00
4.000000e-05	-1.033300e-01	-3.409380e+00
4.001000e-05	6.102455e-02	-3.578425e+00
4.002000e-05	-6.135969e-02	-3.694121e+00
4.003000e-05	-1.197011e-01	-4.016377e+00
4.004000e-05	1.676512e-01	-4.084690e+00
4.005000e-05	-3.945133e-02	-4.253142e+00
4.006000e-05	-4.270075e-02	-4.472588e+00
4.007000e-05	3.762683e-02	-4.609404e+00
4.008000e-05	-8.649916e-02	-4.879484e+00
4.009000e-05	1.134576e-01	-5.021001e+00
4.010000e-05	-9.057550e-02	-5.125852e+00
4.011000e-05	-6.207801e-02	-5.407376e+00
4.012000e-05	1.065869e-01	-5.545850e+00
4.013000e-05	-3.969849e-02	-5.746347e+00
4.014000e-05	2.073949e-02	-5.882764e+00
4.015000e-05	-9.835409e-02	-5.999454e+00
4.016000e-05	2.521978e-02	-6.216484e+00
4.017000e-05	5.899200e-02	-6.366924e+00
4.018000e-05	-9.692096e-02	-6.536220e+00
4.019000e-05	3.808688e-02	-6.672063e+00
4.020000e-05	-4.164303e-02	-6.817429e+00
4.021000e-05	4.427673e-02	-6.986331e+00
4.022000e-05	-1.568205e-02	-7.115770e+00
4.023000e-05	-8.184846e-02	-7.272608e+00
4.024000e-05	4.666005e-02	-7.398447e+00
4.025000e-05	-3.254634e-02	-7.556272e+00
4.026000e-05	2.834512e-02	-7.684334e+00
4.027000e-05	-5.793806e-02	-7.862038e+00
4.028000e-05	-3.632355e-03	-8.008025e+00
4.029000e-05	2.413633e-02	-8.093693e+00
4.030000e-05	-3.837037e-02	-8.221505e+00
4.031000e-05	-6.802758e-03	-8.304793e+00
4.032000e-05	-4.460722e-02	-8.460479e+00
4.033000e-05	3.457676e-02	-8.544894e+00
4.034000e-05	-2.018469e-02	-8.673716e+00
4.035000e-05	-2.956591e-02	-8.799000e+00
4.036000e-05	-1.624072e-02	-8.862614e+00
4.037000e-05	-4.140565e-03	-8.998350e+00
4.038000e-05	3.685411e-03	-9.033210e+00
4.039000e-05	-4.646615e-02	-9.175795e+00
4.040000e-05	-1.175557e-02	-9.230030e+00
4.041000e-05	-6.403946e-03	-9.344192e+00
4.042000e-05	-6.022299e-04	-9.429051e+00
4.043000e-05	-3.117744e-02	-9.524243e+00
4.044000e-05	-2.585641e-02	-9.640004e+00
4.045000e-05	-3.317938e-03	-9.681679e+00
4.046000e-05	-9.407076e-03	-9.745269e+00
4.047000e-05	-2.597448e-02	-9.819499e+00
4.048000e-05	-2.817734e-02	-9.841653e+00
4.049000e-05	-3.877626e-03	-9.883288e+00
4.050000e-05	-9.557483e-03	-1.000842e+01
4.051000e-05	-2.596344e-02	-1.003055e+01
4.052000e-05	-3.171078e-02	-1.003111e+01
4.053000e-05	-1.215275e-02	-1.009373e+01
4.054000e-05	-8.996101e-03	-1.009484e+01
4.055000e-05	-2.574519e-02	-1.017649e+01
4.056000e-05	-2.931739e-02	-1.017905e+01
4.057000e-05	-1.549524e-02	-1.026171e+01
4.058000e-05	-1.025561e-02	-1.030224e+01
4.059000e-05	-2.632193e-02	-1.033424e+01
4.060000e-05	-3.099841e-02	-1.033689e+01
4.061000e-05	-2.115555e-02	-1.035737e+01
4.062000e-05	-1.104050e-02	-1.036947e+01
4.063000e-05	-2.519932e-02	-1.038843e+01
4.064000e-05	-3.244284e-02	-1.038700e+01
4.065000e-05	-2.548922e-02	-1.039000e+01
4.066000e-05	-1.810874e-02	-1.041845e+01
4.067000e-05	-2.511073e-02	-1.038844e+01
4.068000e-05	-3.561092e-02	-1.040842e+01
4.069000e-05	-2.781246e-02	-1.037791e+01
4.070000e-05	-2.199769e-02	-1.036828e+01
4.071000e-05	-2.866975e-02	-1.030584e+01
4.072000e-05	-3.905773e-02	-1.033317e+01
4.073000e-05	-3.567095e-02	-1.019268e+01
4.074000e-05	-2.827817e-02	-1.016005e+01
4.075000e-05	-3.276140e-02	-1.011687e+01
4.076000e-05	-4.139543e-02	-1.012529e+01
4.077000e-05	-3.996401e-02	-1.006168e+01
4.078000e-05	-3.412031e-02	-1.003263e+01
4.079000e-05	-3.771906e-02	-9.998992e+00
4.080000e-05	-4.677397e-02	-9.925916e+00
4.081000e-05	-4.770893e-02	-9.903679e+00
4.082000e-05	-4.311435e-02	-9.830100e+00
4.083000e-05	-4.661679e-02	-9.768419e+00
4.084000e-05	-5.634808e-02	-9.705235e+00
4.085000e-05	-6.084069e-02	-9.622154e+00
4.086000e-05	-5.864497e-02	-9.609948e+00
4.087000e-05	-6.214404e-02	-9.494758e+00
4.088000e-05	-7.214545e-02	-9.379945e+00
4.089000e-05	-7.959566e-02	-9.292784e+00
4.090000e-05	-7.970573e-02	-9.210575e+00
4.091000e-05	-8.558607e-02	-9.116887e+00
4.092000e-05	-9.653824e-02	-9.041150e+00
4.093000e-05	-1.068113e-01	-8.926412e+00
4.094000e-05	-1.099163e-01	-8.830205e+00
4.095000e-05	-1.146272e-01	-8.767995e+00
4.096000e-05	-1.259610e-01	-8.621696e+00
4.097000e-05	-1.347217e-01	-8.475784e+00
4.098000e-05	-1.368854e-01	-8.397996e+00
4.099000e-05	-1.386313e-01	-8.315235e+00
4.100000e-05	-1.435297e-01	-8.188970e+00
4.101000e-05	-1.470687e-01	-8.053256e+00
4.102000e-05	-1.419741e-01	-7.976495e+00
4.103000e-05	-1.376537e-01	-7.730621e+00
4.104000e-05	-1.351097e-01	-7.630655e+00
4.105000e-05	-1.318096e-01	-7.468378e+00
4.106000e-05	-1.228056e-01	-7.359491e+00
4.107000e-05	-1.122320e-01	-7.222677e+00
4.108000e-05	-1.059781e-01	-7.117302e+00
4.109000e-05	-1.005546e-01	-6.917861e+00
4.110000e-05	-9.105092e-02	-6.789994e+00
4.111000e-05	-8.167811e-02	-6.663729e+00
4.112000e-05	-7.524136e-02	-6.505836e+00
4.113000e-05	-7.113167e-02	-6.369521e+00
4.114000e-05	-6.441109e-02	-6.200091e+00
4.115000e-05	-5.686182e-02	-6.001679e+00
4.116000e-05	-5.219872e-02	-5.903281e+00
4.117000e-05	-4.921256e-02	-5.727435e+00
4.118000e-05	-4.305783e-02	-5.599072e+00
4.119000e-05	-3.818316e-02	-5.330039e+00
4.120000e-05	-3.414199e-02	-5.159094e+00
4.121000e-05	-3.363777e-02	-5.020073e+00
4.122000e-05	-2.937967e-02	-4.783239e+00
4.123000e-05	-2.740972e-02	-4.622623e+00
4.124000e-05	-2.327106e-02	-4.483705e+00
4.125000e-05	-2.445057e-02	-4.278310e+00
4.126000e-05	-2.064871e-02	-4.168441e+00
4.127000e-05	-1.971647e-02	-3.990598e+00
4.128000e-05	-1.583165e-02	-3.802096e+00
4.129000e-05	-1.715962e-02	-3.612070e+00
4.130000e-05	-1.412147e-02	-3.413724e+00
4.131000e-05	-1.329994e-02	-3.254804e+00
4.132000e-05	-1.140155e-02	-3.095858e+00
4.133000e-05	-1.203091e-02	-2.855283e+00
4.134000e-05	-1.200784e-02	-2.676383e+00
4.135000e-05	-1.080185e-02	-2.516833e+00
4.136000e-05	-8.678975e-03	-2.357985e+00
4.137000e-05	-8.706942e-03	-2.077909e+00
4.138000e-05	-7.416056e-03	-1.948362e+00
4.139000e-05	-7.800840e-03	-1.769470e+00
4.140000e-05	-6.152442e-03	-1.589994e+00
4.141000e-05	-6.750555e-03	-1.368040e+00
4.142000e-05	-6.962988e-03	-1.157867e+00
4.143000e-05	-6.206904e-03	-9.379400e-01
4.144000e-05	-5.276111e-03	-7.895213e-01
4.145000e-05	-4.457645e-03	-5.295371e-01
4.146000e-05	-4.944473e-03	-3.689424e-01
4.147000e-05	-3.568806e-03	-1.705964e-01
4.148000e-05	4.991802e-05	-1.675263e-03
4.149000e-05	3.526855e-03	1.473773e-01
4.150000e-05	-3.000979e-03	4.095012e-01
4.151000e-05	1.784570e-04	5.453172e-01
4.152000e-05	-2.151615e-03	6.742156e-01
4.153000e-05	3.817115e-05	8.306565e-01
4.154000e-05	-9.883992e-04	1.101543e+00
4.155000e-05	3.814252e-03	1.272610e+00
4.156000e-05	2.133600e-02	1.461558e+00
4.157000e-05	6.580118e-02	1.733643e+00
4.158000e-05	-2.574199e-03	1.966277e+00
4.159000e-05	-5.198689e-02	2.145193e+00
4.160000e-05	-4.699733e-02	2.314719e+00
4.161000e-05	-5.314788e-02	2.440528e+00
4.162000e-05	1.514970e-02	2.567751e+00
4.163000e-05	1.118093e-01	2.798852e+00
4.164000e-05	-1.152728e-01	2.985870e+00
4.165000e-05	3.463886e-02	3.062160e+00
4.166000e-05	9.325470e-02	3.302037e+00
4.167000e-05	-4.950876e-02	3.524820e+00
4.168000e-05	2.623044e-02	3.630479e+00
4.169000e-05	-4.570111e-02	3.818382e+00
4.170000e-05	-4.341682e-02	3.997476e+00
4.171000e-05	9.820172e-02	4.148324e+00
4.172000e-05	-4.416462e-03	4.408403e+00
4.173000e-05	-3.528376e-02	4.525770e+00
4.174000e-05	2.193830e-02	4.745796e+00
4.175000e-05	-1.882584e-02	4.902121e+00
4.176000e-05	5.381692e-02	5.153250e+00
4.177000e-05	-3.891587e-02	5.356325e+00
4.178000e-05	-1.490315e-02	5.504714e+00
4.179000e-05	3.663656e-02	5.650059e+00
4.180000e-05	3.473759e-02	5.807934e+00
4.181000e-05	-9.445538e-03	6.009429e+00
4.182000e-05	-4.899513e-02	6.157349e+00
4.183000e-05	4.060317e-02	6.291608e+00
4.184000e-05	2.214318e-02	6.429454e+00
4.185000e-05	-8.001515e-03	6.557352e+00
4.186000e-05	2.117532e-03	6.737902e+00
4.187000e-05	1.192983e-03	6.893768e+00
4.188000e-05	2.687754e-02	7.032583e+00
4.189000e-05	2.891390e-03	7.127350e+00
4.190000e-05	-2.042634e-02	7.283659e+00
4.191000e-05	1.092690e-02	7.490640e+00
4.192000e-05	2.040024e-02	7.651608e+00
4.193000e-05	2.288304e-02	7.755393e+00
4.194000e-05	-1.419612e-02	7.882212e+00
4.195000e-05	8.453521e-03	8.062131e+00
4.196000e-05	1.908717e-02	8.168376e+00
4.197000e-05	6.243956e-03	8.273713e+00
4.198000e-05	-6.111722e-04	8.418400e+00
4.199000e-05	-4.511343e-03	8.493687e+00
4.200000e-05	2.627701e-02	8.618398e+00
4.201000e-05	1.542843e-02	8.651738e+00
4.202000e-05	4.348139e-03	8.788395e+00
4.203000e-05	4.855631e-04	8.861608e+00
4.204000e-05	1.563370e-02	8.955906e+00
4.205000e-05	1.653290e-02	9.124134e+00
4.206000e-05	-1.730331e-03	9.208450e+00
4.207000e-05	5.070817e-03	9.242685e+00
4.208000e-05	1.462946e-02	9.324342e+00
4.209000e-05	2.050464e-02	9.409004e+00
4.210000e-05	5.787430e-03	9.512166e+00
4.211000e-05	5.122480e-03	9.577348e+00
4.212000e-05	1.494510e-02	9.629053e+00
4.213000e-05	1.752614e-02	9.653186e+00
4.214000e-05	8.140670e-03	9.775896e+00
4.215000e-05	5.206973e-03	9.832587e+00
4.216000e-05	1.602210e-02	9.905762e+00
4.217000e-05	1.756085e-02	1.001949e+01
4.218000e-05	1.126812e-02	1.001902e+01
4.219000e-05	5.680463e-03	1.005113e+01
4.220000e-05	1.512066e-02	1.007171e+01
4.221000e-05	1.860773e-02	1.011426e+01
4.222000e-05	1.426941e-02	1.014682e+01
4.223000e-05	9.837651e-03	1.018952e+01
4.224000e-05	1.577435e-02	1.020955e+01
4.225000e-05	1.947651e-02	1.024048e+01
4.226000e-05	1.501810e-02	1.023163e+01
4.227000e-05	1.169225e-02	1.025215e+01
4.228000e-05	1.608734e-02	1.028273e+01
4.229000e-05	2.265986e-02	1.027373e+01
4.230000e-05	1.860251e-02	1.029366e+01
4.231000e-05	1.438251e-02	1.026421e+01
4.232000e-05	1.702662e-02	1.028363e+01
4.233000e-05	2.326172e-02	1.027318e+01
4.234000e-05	2.221673e-02	1.027265e+01
4.235000e-05	1.877199e-02	1.025215e+01
4.236000e-05	2.207420e-02	1.024110e+01
4.237000e-05	2.692928e-02	1.022958e+01
4.238000e-05	2.748537e-02	1.019852e+01
4.239000e-05	2.363388e-02	1.017695e+01
4.240000e-05	2.474738e-02	1.010734e+01
4.241000e-05	3.132874e-02	1.007631e+01
4.242000e-05	3.241711e-02	1.005223e+01
4.243000e-05	2.908455e-02	1.005105e+01
4.244000e-05	2.960577e-02	9.999446e+00
4.245000e-05	3.570989e-02	9.966890e+00
4.246000e-05	3.678250e-02	9.902754e+00
4.247000e-05	3.701113e-02	9.810544e+00
4.248000e-05	3.784961e-02	9.715866e+00
4.249000e-05	4.499075e-02	9.642207e+00
4.250000e-05	4.969855e-02	9.609569e+00
4.251000e-05	4.970145e-02	9.504912e+00
4.252000e-05	5.181725e-02	9.462107e+00
4.253000e-05	6.001479e-02	9.378019e+00
4.254000e-05	6.620092e-02	9.284786e+00
4.255000e-05	7.008951e-02	9.231651e+00
4.256000e-05	7.298407e-02	9.167489e+00
4.257000e-05	8.344570e-02	9.052204e+00
4.258000e-05	9.115239e-02	8.965936e+00
4.259000e-05	9.925295e-02	8.842620e+00
4.260000e-05	1.029174e-01	8.745866e+00
4.261000e-05	1.126714e-01	8.643628e+00
4.262000e-05	1.209954e-01	8.556412e+00
4.263000e-05	1.268767e-01	8.442155e+00
4.264000e-05	1.294875e-01	8.357940e+00
4.265000e-05	1.338762e-01	8.273627e+00
4.266000e-05	1.388097e-01	8.103764e+00
4.267000e-05	1.390377e-01	7.970097e+00
4.268000e-05	1.356965e-01	7.843755e+00
4.269000e-05	1.311989e-01	7.738338e+00
4.270000e-05	1.280883e-01	7.611571e+00
4.271000e-05	1.208426e-01	7.463174e+00
4.272000e-05	1.130374e-01	7.264333e+00
4.273000e-05	1.048453e-01	7.167941e+00
4.274000e-05	9.819390e-02	7.022073e+00
4.275000e-05	9.011991e-02	6.905233e+00
4.276000e-05	8.184104e-02	6.767891e+00
4.277000e-05	7.340235e-02	6.571542e+00
4.278000e-05	6.776652e-02	6.410571e+00
4.279000e-05	6.149011e-02	6.274282e+00
4.280000e-05	5.379198e-02	6.146359e+00
4.281000e-05	4.846794e-02	6.020101e+00
4.282000e-05	4.259364e-02	5.863646e+00
4.283000e-05	3.883763e-02	5.653179e+00
4.284000e-05	3.361228e-02	5.484832e+00
4.285000e-05	2.978343e-02	5.316359e+00
4.286000e-05	2.763352e-02	5.127411e+00
4.287000e-05	2.467814e-02	4.885959e+00
4.288000e-05	2.218479e-02	4.727463e+00
4.289000e-05	1.642287e-02	4.578516e+00
4.290000e-05	1.567986e-02	4.421627e+00
4.291000e-05	1.258920e-02	4.234174e+00
4.292000e-05	1.150441e-02	4.003125e+00
4.293000e-05	1.054257e-02	3.874782e+00
4.294000e-05	9.549455e-03	3.726858e+00
4.295000e-05	8.736718e-03	3.547913e+00
4.296000e-05	6.589425e-03	3.327411e+00
4.297000e-05	2.736354e-03	3.168412e+00
4.298000e-05	2.247176e-03	2.980069e+00
4.299000e-05	8.996669e-04	2.812148e+00
4.300000e-05	2.790726e-03	2.651149e+00
4.301000e-05	1.958202e-03	2.380546e+00
4.302000e-05	2.211382e-03	2.222124e+00
4.303000e-05	1.757036e-03	2.044253e+00
4.304000e-05	6.811582e-04	1.894806e+00
4.305000e-05	-1.038643e-03	1.685757e+00
4.306000e-05	-2.641231e-03	1.463829e+00
4.307000e-05	-2.832281e-03	1.316357e+00
4.308000e-05	-2.491820e-03	1.064282e+00
4.309000e-05	-2.529874e-03	8.132505e-01
4.310000e-05	-3.148493e-03	6.847554e-01
4.311000e-05	-2.787316e-03	4.848080e-01
4.312000e-05	-2.018285e-03	2.878618e-01
4.313000e-05	-3.435016e-03	5.677665e-02
4.314000e-05	-6.044317e-04	-9.466421e-02
4.315000e-05	1.547560e-03	-2.506155e-01
4.316000e-05	-2.152474e-03	-3.995025e-01
4.317000e-05	-2.709729e-03	-6.290088e-01
4.318000e-05	-5.326141e-03	-8.095052e-01
4.319000e-05	-2.547354e-03	-9.973484e-01
4.320000e-05	-3.741972e-03	-1.125213e+00
4.321000e-05	3.220672e-03	-1.345646e+00
4.322000e-05	5.021980e-02	-1.546271e+00
4.323000e-05	4.983575e-02	-1.715173e+00
4.324000e-05	-6.248653e-02	-2.018831e+00
4.325000e-05	-4.667468e-02	-2.293094e+00
4.326000e-05	-9.380909e-02	-2.441610e+00
4.327000e-05	1.216566e-02	-2.547894e+00
4.328000e-05	1.429759e-01	-2.599504e+00
4.329000e-05	-1.495963e-01	-2.840088e+00
4.330000e-05	2.903819e-02	-3.052608e+00
4.331000e-05	1.205679e-01	-3.177925e+00
4.332000e-05	-1.054811e-01	-3.417958e+00
4.333000e-05	5.958444e-02	-3.599424e+00
4.334000e-05	-5.690396e-02	-3.703668e+00
4.335000e-05	-1.220430e-01	-3.997921e+00
4.336000e-05	1.668520e-01	-4.095266e+00
4.337000e-05	-3.607071e-02	-4.292642e+00
4.338000e-05	-4.461292e-02	-4.472608e+00
4.339000e-05	3.954203e-02	-4.579909e+00
4.340000e-05	-8.865087e-02	-4.851062e+00
4.341000e-05	1.112823e-01	-5.019476e+00
4.342000e-05	-8.641397e-02	-5.144268e+00
4.343000e-05	-6.474150e-02	-5.349500e+00
4.344000e-05	1.073860e-01	-5.544821e+00
4.345000e-05	-4.033406e-02	-5.736771e+00
4.346000e-05	2.079405e-02	-5.872666e+00
4.347000e-05	-9.681512e-02	-6.009581e+00
4.348000e-05	2.125623e-02	-6.187955e+00
4.349000e-05	6.188976e-02	-6.368899e+00
4.350000e-05	-9.635270e-02	-6.534693e+00
4.351000e-05	3.785945e-02	-6.651579e+00
4.352000e-05	-4.126209e-02	-6.777905e+00
4.353000e-05	4.192474e-02	-6.944771e+00
4.354000e-05	-1.260640e-02	-7.144296e+00
4.355000e-05	-8.351134e-02	-7.271137e+00
4.356000e-05	4.783589e-02	-7.387925e+00
4.357000e-05	-3.242957e-02	-7.524270e+00
4.358000e-05	2.737442e-02	-7.703178e+00
4.359000e-05	-5.655529e-02	-7.822585e+00
4.360000e-05	-5.600598e-03	-7.999424e+00
4.361000e-05	2.383779e-02	-8.104193e+00
4.362000e-05	-3.912449e-02	-8.240555e+00
4.363000e-05	-5.533006e-03	-8.314342e+00
4.364000e-05	-4.479299e-02	-8.459554e+00
4.365000e-05	3.398543e-02	-8.514294e+00
4.366000e-05	-2.113830e-02	-8.723191e+00
4.367000e-05	-2.931663e-02	-8.788502e+00
4.368000e-05	-1.583836e-02	-8.862189e+00
4.369000e-05	-4.762846e-03	-9.007871e+00
4.370000e-05	3.149398e-03	-9.072159e+00
4.371000e-05	-4.616570e-02	-9.156943e+00
4.372000e-05	-1.159863e-02	-9.251129e+00
4.373000e-05	-5.927405e-03	-9.323795e+00
4.374000e-05	-1.139630e-03	-9.431557e+00
4.375000e-05	-3.047203e-02	-9.523767e+00
4.376000e-05	-2.547174e-02	-9.629927e+00
4.377000e-05	-1.593109e-03	-9.671713e+00
4.378000e-05	-1.105379e-02	-9.736342e+00
4.379000e-05	-2.665933e-02	-9.798424e+00
4.380000e-05	-2.995844e-02	-9.851533e+00
4.381000e-05	-4.713374e-03	-9.905187e+00
4.382000e-05	-9.500297e-03	-9.955795e+00
4.383000e-05	-2.379454e-02	-1.000095e+01
4.384000e-05	-2.927937e-02	-1.003163e+01
4.385000e-05	-1.130339e-02	-1.003326e+01
4.386000e-05	-1.026035e-02	-1.011394e+01
4.387000e-05	-2.593070e-02	-1.014892e+01
4.388000e-05	-2.949993e-02	-1.021752e+01
4.389000e-05	-1.698441e-02	-1.025063e+01
4.390000e-05	-1.080192e-02	-1.031476e+01
4.391000e-05	-2.560246e-02	-1.036576e+01
4.392000e-05	-2.938719e-02	-1.034747e+01
4.393000e-05	-2.085031e-02	-1.034947e+01
4.394000e-05	-1.113934e-02	-1.035835e+01
4.395000e-05	-2.630343e-02	-1.036950e+01
4.396000e-05	-3.191506e-02	-1.037900e+01
4.397000e-05	-2.580920e-02	-1.038960e+01
4.398000e-05	-1.841953e-02	-1.038902e+01
4.399000e-05	-2.587706e-02	-1.037800e+01
4.400000e-05	-3.634148e-02	-1.038739e+01
4.401000e-05	-2.693325e-02	-1.033742e+01
4.402000e-05	-2.204430e-02	-1.032532e+01
4.403000e-05	-2.834946e-02	-1.032737e+01
4.404000e-05	-3.923736e-02	-1.027218e+01
4.405000e-05	-3.507659e-02	-1.024315e+01
4.406000e-05	-2.746808e-02	-1.016952e+01
4.407000e-05	-3.228630e-02	-1.013537e+01
4.408000e-05	-4.221879e-02	-1.010526e+01
4.409000e-05	-4.069844e-02	-1.005430e+01
4.410000e-05	-3.460998e-02	-1.003053e+01
4.411000e-05	-3.782460e-02	-9.978998e+00
4.412000e-05	-4.858400e-02	-9.936314e+00
4.413000e-05	-4.727080e-02	-9.883728e+00
4.414000e-05	-4.256996e-02	-9.811002e+00
4.415000e-05	-4.551837e-02	-9.727963e+00
4.416000e-05	-5.779251e-02	-9.684210e+00
4.417000e-05	-6.149525e-02	-9.641603e+00
4.418000e-05	-5.756071e-02	-9.569495e+00
4.419000e-05	-6.250930e-02	-9.505311e+00
4.420000e-05	-7.389453e-02	-9.400519e+00
4.421000e-05	-8.046386e-02	-9.297285e+00
4.422000e-05	-7.951812e-02	-9.221624e+00
4.423000e-05	-8.499063e-02	-9.135838e+00
4.424000e-05	-9.767211e-02	-9.012603e+00
4.425000e-05	-1.068517e-01	-8.916386e+00
4.426000e-05	-1.088084e-01	-8.852706e+00
4.427000e-05	-1.139919e-01	-8.787994e+00
4.428000e-05	-1.266889e-01	-8.642728e+00
4.429000e-05	-1.359348e-01	-8.464789e+00
4.430000e-05	-1.363766e-01	-8.408547e+00
4.431000e-05	-1.382748e-01	-8.294833e+00
4.432000e-05	-1.441969e-01	-8.208575e+00
4.433000e-05	-1.480276e-01	-8.055282e+00
4.434000e-05	-1.423116e-01	-7.978912e+00
4.435000e-05	-1.360221e-01	-7.730194e+00
4.436000e-05	-1.348857e-01	-7.632706e+00
4.437000e-05	-1.315926e-01	-7.496328e+00
4.438000e-05	-1.226313e-01	-7.369038e+00
4.439000e-05	-1.109622e-01	-7.213680e+00
4.440000e-05	-1.063988e-01	-7.135851e+00
4.441000e-05	-1.010155e-01	-6.917389e+00
4.442000e-05	-9.197641e-02	-6.768545e+00
4.443000e-05	-8.016408e-02	-6.632202e+00
4.444000e-05	-7.562324e-02	-6.495362e+00
4.445000e-05	-7.101085e-02	-6.389471e+00
4.446000e-05	-6.504520e-02	-6.212143e+00
4.447000e-05	-5.526410e-02	-6.011169e+00
4.448000e-05	-5.199578e-02	-5.875231e+00
4.449000e-05	-5.008911e-02	-5.707942e+00
4.450000e-05	-4.352224e-02	-5.579523e+00
4.451000e-05	-3.664613e-02	-5.380096e+00
4.452000e-05	-3.490283e-02	-5.171073e+00
4.453000e-05	-3.465507e-02	-5.020077e+00
4.454000e-05	-3.005130e-02	-4.792668e+00
4.455000e-05	-2.644232e-02	-4.621673e+00
4.456000e-05	-2.251107e-02	-4.453782e+00
4.457000e-05	-2.518672e-02	-4.305911e+00
4.458000e-05	-2.131460e-02	-4.168541e+00
4.459000e-05	-1.880834e-02	-3.971549e+00
4.460000e-05	-1.483587e-02	-3.833171e+00
4.461000e-05	-1.857490e-02	-3.631674e+00
4.462000e-05	-1.389147e-02	-3.433206e+00
4.463000e-05	-1.316947e-02	-3.265204e+00
4.464000e-05	-1.021345e-02	-3.046277e+00
4.465000e-05	-1.431329e-02	-2.864732e+00
4.466000e-05	-1.281331e-02	-2.725282e+00
4.467000e-05	-1.027615e-02	-2.496435e+00
4.468000e-05	-8.996533e-03	-2.349465e+00
4.469000e-05	-8.471978e-03	-2.106010e+00
4.470000e-05	-8.842592e-03	-1.956940e+00
4.471000e-05	-5.264925e-03	-1.729516e+00
4.472000e-05	-5.724307e-03	-1.581073e+00
4.473000e-05	-5.656236e-03	-1.329512e+00
4.474000e-05	-9.391650e-03	-1.098863e+00
4.475000e-05	-6.697543e-03	-9.284136e-01
4.476000e-05	-7.486114e-03	-7.700712e-01
4.477000e-05	-5.126082e-03	-5.795361e-01
4.478000e-05	-6.728904e-03	-3.594663e-01
4.479000e-05	-2.287402e-03	-1.720451e-01
4.480000e-05	2.562413e-03	8.373427e-03
4.481000e-05	3.290359e-03	1.572759e-01
4.482000e-05	-3.080861e-03	3.979723e-01
4.483000e-05	-8.220479e-04	5.252419e-01
4.484000e-05	-9.108212e-04	6.926692e-01
4.485000e-05	-1.349498e-03	8.300276e-01
4.486000e-05	-1.182632e-03	1.061592e+00
4.487000e-05	2.712896e-03	1.273611e+00
4.488000e-05	2.348019e-02	1.470590e+00
4.489000e-05	6.445492e-02	1.724668e+00
4.490000e-05	-2.774470e-03	1.925171e+00
4.491000e-05	-5.309336e-02	2.156219e+00
4.492000e-05	-4.679414e-02	2.313717e+00
4.493000e-05	-5.351651e-02	2.430533e+00
4.494000e-05	1.202771e-02	2.566878e+00
4.495000e-05	1.139767e-01	2.797302e+00
4.496000e-05	-1.121444e-01	2.955222e+00
4.497000e-05	3.317791e-02	3.052588e+00
4.498000e-05	9.406402e-02	3.272594e+00
4.499000e-05	-5.026739e-02	3.515195e+00
4.500000e-05	2.290226e-02	3.631031e+00
4.501000e-05	-4.427303e-02	3.818431e+00
4.502000e-05	-4.694823e-02	4.019450e+00
4.503000e-05	9.898425e-02	4.156797e+00
4.504000e-05	-5.410970e-04	4.408404e+00
4.505000e-05	-3.245688e-02	4.555847e+00
4.506000e-05	2.265080e-02	4.714698e+00
4.507000e-05	-2.048545e-02	4.913715e+00
4.508000e-05	5.151720e-02	5.124692e+00
4.509000e-05	-3.913735e-02	5.336219e+00
4.510000e-05	-1.612719e-02	5.463637e+00
4.511000e-05	3.596789e-02	5.650556e+00
4.512000e-05	3.604408e-02	5.859508e+00
4.513000e-05	-7.364881e-03	6.008455e+00
4.514000e-05	-4.780629e-02	6.186820e+00
4.515000e-05	3.828180e-02	6.271638e+00
4.516000e-05	2.144364e-02	6.429905e+00
4.517000e-05	-7.438731e-03	6.538826e+00
4.518000e-05	1.491591e-03	6.805846e+00
4.519000e-05	1.601244e-03	6.913714e+00
4.520000e-05	2.879336e-02	7.010984e+00
4.521000e-05	5.224628e-03	7.177321e+00
4.522000e-05	-2.046694e-02	7.293164e+00
4.523000e-05	9.444774e-03	7.462640e+00
4.524000e-05	1.815505e-02	7.640581e+00
4.525000e-05	2.083068e-02	7.806895e+00
4.526000e-05	-1.447263e-02	7.903139e+00
4.527000e-05	8.558417e-03	8.019689e+00
4.528000e-05	2.044459e-02	8.175373e+00
4.529000e-05	8.463330e-03	8.262668e+00
4.530000e-05	4.803837e-04	8.426979e+00
4.531000e-05	-5.534944e-03	8.484136e+00
4.532000e-05	2.455165e-02	8.528845e+00
4.533000e-05	1.404688e-02	8.661713e+00
4.534000e-05	4.342719e-03	8.756375e+00
4.535000e-05	-5.267576e-05	8.862560e+00
4.536000e-05	1.629737e-02	8.985901e+00
4.537000e-05	1.660113e-02	9.094192e+00
4.538000e-05	1.285374e-03	9.208449e+00
4.539000e-05	5.336088e-03	9.252630e+00
4.540000e-05	1.492499e-02	9.293767e+00
4.541000e-05	1.993892e-02	9.418502e+00
4.542000e-05	6.304520e-03	9.504190e+00
4.543000e-05	3.979038e-03	9.556874e+00
4.544000e-05	1.323888e-02	9.630980e+00
4.545000e-05	1.726657e-02	9.691286e+00
4.546000e-05	8.590983e-03	9.716924e+00
4.547000e-05	5.366784e-03	9.819957e+00
4.548000e-05	1.622474e-02	9.903167e+00
4.549000e-05	1.813971e-02	9.989347e+00
4.550000e-05	1.159459e-02	1.002055e+01
4.551000e-05	5.488461e-03	1.002210e+01
4.552000e-05	1.575146e-02	1.009363e+01
4.553000e-05	1.896437e-02	1.009435e+01
4.554000e-05	1.275073e-02	1.013626e+01
4.555000e-05	8.596198e-03	1.016790e+01
4.556000e-05	1.538481e-02	1.018942e+01
4.557000e-05	1.997924e-02	1.025213e+01
4.558000e-05	1.563594e-02	1.024161e+01
4.559000e-05	1.227366e-02	1.027161e+01
4.560000e-05	1.657507e-02	1.026323e+01
4.561000e-05	2.272207e-02	1.027324e+01
4.562000e-05	1.648518e-02	1.027319e+01
4.563000e-05	1.407125e-02	1.027211e+01
4.564000e-05	1.733124e-02	1.029323e+01
4.565000e-05	2.530007e-02	1.025269e+01
4.566000e-05	2.243448e-02	1.023163e+01
4.567000e-05	1.855037e-02	1.024266e+01
4.568000e-05	2.318256e-02	1.024308e+01
4.569000e-05	2.744272e-02	1.022103e+01
4.570000e-05	2.673104e-02	1.021947e+01
4.571000e-05	2.232336e-02	1.015795e+01
4.572000e-05	2.589357e-02	1.011734e+01
4.573000e-05	3.229750e-02	1.008483e+01
4.574000e-05	3.251566e-02	1.006321e+01
4.575000e-05	2.977887e-02	1.005160e+01
4.576000e-05	3.027437e-02	1.001097e+01
4.577000e-05	3.604851e-02	9.965966e+00
4.578000e-05	3.658958e-02	9.916687e+00
4.579000e-05	3.583564e-02	9.828994e+00
4.580000e-05	3.864235e-02	9.736866e+00
4.581000e-05	4.575588e-02	9.642732e+00
4.582000e-05	4.981017e-02	9.579072e+00
4.583000e-05	4.862601e-02	9.504836e+00
4.584000e-05	5.216864e-02	9.431178e+00
4.585000e-05	6.095467e-02	9.401052e+00
4.586000e-05	6.684062e-02	9.264759e+00
4.587000e-05	6.896455e-02	9.251203e+00
4.588000e-05	7.268346e-02	9.199015e+00
4.589000e-05	8.377759e-02	9.081709e+00
4.590000e-05	9.108812e-02	8.937887e+00
4.591000e-05	9.711270e-02	8.832655e+00
4.592000e-05	1.028541e-01	8.737439e+00
4.593000e-05	1.131819e-01	8.643131e+00
4.594000e-05	1.213220e-01	8.536889e+00
4.595000e-05	1.264429e-01	8.424181e+00
4.596000e-05	1.290222e-01	8.366916e+00
4.597000e-05	1.352855e-01	8.219651e+00
4.598000e-05	1.385402e-01	8.116856e+00
4.599000e-05	1.391165e-01	7.970417e+00
4.600000e-05	1.348629e-01	7.893229e+00
4.601000e-05	1.325912e-01	7.756389e+00
4.602000e-05	1.283907e-01	7.612151e+00
4.603000e-05	1.207844e-01	7.454705e+00
4.604000e-05	1.126379e-01	7.265236e+00
4.605000e-05	1.041317e-01	7.138916e+00
4.606000e-05	9.867927e-02	7.009623e+00
4.607000e-05	9.037913e-02	6.845234e+00
4.608000e-05	8.251046e-02	6.807491e+00
4.609000e-05	7.424857e-02	6.587913e+00
4.610000e-05	6.915177e-02	6.411570e+00
4.611000e-05	6.085063e-02	6.284282e+00
4.612000e-05	5.344776e-02	6.128486e+00
4.613000e-05	4.775541e-02	6.000600e+00
4.614000e-05	4.277912e-02	5.803651e+00
4.615000e-05	3.901536e-02	5.614280e+00
4.616000e-05	3.350225e-02	5.494335e+00
4.617000e-05	3.036934e-02	5.337334e+00
4.618000e-05	2.750542e-02	5.178969e+00
4.619000e-05	2.468974e-02	4.946986e+00
4.620000e-05	2.071844e-02	4.726959e+00
4.621000e-05	1.794726e-02	4.560494e+00
4.622000e-05	1.654780e-02	4.422153e+00
4.623000e-05	1.352996e-02	4.245773e+00
4.624000e-05	1.067395e-02	4.012676e+00
4.625000e-05	8.451592e-03	3.887281e+00
4.626000e-05	8.966964e-03	3.695283e+00
4.627000e-05	9.065856e-03	3.580966e+00
4.628000e-05	5.867549e-03	3.338437e+00
4.629000e-05	4.677936e-03	3.118415e+00
4.630000e-05	4.179110e-03	2.990494e+00
4.631000e-05	3.109603e-03	2.811651e+00
4.632000e-05	1.166821e-03	2.603679e+00
4.633000e-05	1.639285e-04	2.390574e+00
4.634000e-05	1.220969e-03	2.241752e+00
4.635000e-05	1.447404e-03	2.053253e+00
4.636000e-05	6.211700e-05	1.895258e+00
4.637000e-05	-7.037595e-04	1.644231e+00
4.638000e-05	-9.707986e-04	1.464804e+00
4.639000e-05	-9.839225e-04	1.306855e+00
4.640000e-05	-3.399070e-03	1.106303e+00
4.641000e-05	-4.427332e-03	8.136728e-01
4.642000e-05	-3.950201e-03	6.437580e-01
4.643000e-05	-2.387570e-03	4.743305e-01
4.644000e-05	-2.613690e-03	3.178609e-01
4.645000e-05	-3.447343e-03	6.533328e-02
4.646000e-05	-8.626429e-04	-7.366172e-02
4.647000e-05	4.052777e-03	-2.525868e-01
4.648000e-05	-3.047254e-03	-4.105075e-01
4.649000e-05	-2.986792e-03	-6.314355e-01
4.650000e-05	-5.719451e-03	-7.989551e-01
4.651000e-05	-1.452604e-03	-9.768748e-01
4.652000e-05	-4.399141e-03	-1.105217e+00
4.653000e-05	2.111514e-03	-1.323698e+00
4.654000e-05	4.986440e-02	-1.554198e+00
4.655000e-05	5.328951e-02	-1.715673e+00
4.656000e-05	-6.266973e-02	-2.037356e+00
4.657000e-05	-4.791195e-02	-2.262139e+00
4.658000e-05	-9.436690e-02	-2.453061e+00
4.659000e-05	8.913983e-03	-2.547397e+00
4.660000e-05	1.441701e-01	-2.621032e+00
4.661000e-05	-1.480433e-01	-2.830489e+00
4.662000e-05	2.417100e-02	-3.091586e+00
4.663000e-05	1.246764e-01	-3.167449e+00
4.664000e-05	-1.040989e-01	-3.409855e+00
4.665000e-05	5.674332e-02	-3.599500e+00
4.666000e-05	-5.345395e-02	-3.704119e+00
4.667000e-05	-1.251830e-01	-4.016873e+00
4.668000e-05	1.673148e-01	-4.115764e+00
4.669000e-05	-3.492321e-02	-4.273194e+00
4.670000e-05	-4.756893e-02	-4.441134e+00
4.671000e-05	4.140718e-02	-4.567430e+00
4.672000e-05	-8.916637e-02	-4.840435e+00
4.673000e-05	1.104820e-01	-5.020979e+00
4.674000e-05	-8.338576e-02	-5.115342e+00
4.675000e-05	-6.818592e-02	-5.367327e+00
4.676000e-05	1.085800e-01	-5.517276e+00
4.677000e-05	-4.002452e-02	-5.736247e+00
4.678000e-05	1.969209e-02	-5.844211e+00
4.679000e-05	-9.538461e-02	-6.018404e+00
4.680000e-05	1.964356e-02	-6.239503e+00
4.681000e-05	6.399312e-02	-6.347375e+00
4.682000e-05	-9.818346e-02	-6.505242e+00
4.683000e-05	3.734189e-02	-6.683084e+00
4.684000e-05	-4.002414e-02	-6.817904e+00
4.685000e-05	4.059741e-02	-7.006424e+00
4.686000e-05	-1.072607e-02	-7.144771e+00
4.687000e-05	-8.460981e-02	-7.282237e+00
4.688000e-05	4.711712e-02	-7.407971e+00
4.689000e-05	-3.216184e-02	-7.595846e+00
4.690000e-05	2.681912e-02	-7.672664e+00
4.691000e-05	-5.565898e-02	-7.849582e+00
4.692000e-05	-7.675226e-03	-8.015401e+00
4.693000e-05	2.490830e-02	-8.073191e+00
4.694000e-05	-3.990250e-02	-8.230030e+00
4.695000e-05	-4.979862e-03	-8.314293e+00
4.696000e-05	-4.582112e-02	-8.449559e+00
4.697000e-05	3.434237e-02	-8.536347e+00
4.698000e-05	-1.883434e-02	-8.672610e+00
4.699000e-05	-2.960406e-02	-8.788476e+00
4.700000e-05	-1.584583e-02	-8.884190e+00
4.701000e-05	-5.176519e-03	-8.968400e+00
4.702000e-05	4.180764e-03	-9.072134e+00
4.703000e-05	-4.607941e-02	-9.146319e+00
4.704000e-05	-1.200261e-02	-9.261058e+00
4.705000e-05	-5.568836e-03	-9.344418e+00
4.706000e-05	-1.154906e-03	-9.431129e+00
4.707000e-05	-3.054178e-02	-9.473766e+00
4.708000e-05	-2.609924e-02	-9.607978e+00
4.709000e-05	-1.591479e-03	-9.662687e+00
4.710000e-05	-9.736597e-03	-9.735866e+00
4.711000e-05	-2.570672e-02	-9.787425e+00
4.712000e-05	-2.872745e-02	-9.841108e+00
4.713000e-05	-4.445035e-03	-9.903712e+00
4.714000e-05	-8.234437e-03	-9.928373e+00
4.715000e-05	-2.409169e-02	-9.998549e+00
4.716000e-05	-3.003371e-02	-1.006111e+01
4.717000e-05	-1.144701e-02	-1.008266e+01
4.718000e-05	-8.762855e-03	-1.010442e+01
4.719000e-05	-2.511513e-02	-1.013642e+01
4.720000e-05	-2.919725e-02	-1.021098e+01
4.721000e-05	-1.538451e-02	-1.024371e+01
4.722000e-05	-1.026620e-02	-1.028571e+01
4.723000e-05	-2.606561e-02	-1.036679e+01
4.724000e-05	-3.174624e-02	-1.028739e+01
4.725000e-05	-1.982956e-02	-1.036839e+01
4.726000e-05	-1.060745e-02	-1.040850e+01
4.727000e-05	-2.543096e-02	-1.041840e+01
4.728000e-05	-3.301503e-02	-1.039207e+01
4.729000e-05	-2.449901e-02	-1.042792e+01
4.730000e-05	-1.737650e-02	-1.037900e+01
4.731000e-05	-2.582351e-02	-1.035845e+01
4.732000e-05	-3.643747e-02	-1.037952e+01
4.733000e-05	-2.750245e-02	-1.034697e+01
4.734000e-05	-2.187276e-02	-1.034734e+01
4.735000e-05	-2.840834e-02	-1.031379e+01
4.736000e-05	-3.855330e-02	-1.026473e+01
4.737000e-05	-3.628515e-02	-1.022010e+01
4.738000e-05	-2.760037e-02	-1.016004e+01
4.739000e-05	-3.266488e-02	-1.017682e+01
4.740000e-05	-4.276827e-02	-1.008478e+01
4.741000e-05	-3.964215e-02	-1.005173e+01
4.742000e-05	-3.411902e-02	-1.004162e+01
4.743000e-05	-3.727387e-02	-9.978020e+00
4.744000e-05	-4.837424e-02	-9.914812e+00
4.745000e-05	-4.759143e-02	-9.851709e+00
4.746000e-05	-4.280346e-02	-9.810550e+00
4.747000e-05	-4.595487e-02	-9.716917e+00
4.748000e-05	-5.704964e-02	-9.665287e+00
4.749000e-05	-6.153495e-02	-9.632082e+00
4.750000e-05	-5.779404e-02	-9.587494e+00
4.751000e-05	-6.222418e-02	-9.515288e+00
4.752000e-05	-7.313234e-02	-9.351570e+00
4.753000e-05	-7.997562e-02	-9.274861e+00
4.754000e-05	-7.936038e-02	-9.241152e+00
4.755000e-05	-8.530092e-02	-9.108337e+00
4.756000e-05	-9.754903e-02	-8.992179e+00
4.757000e-05	-1.070213e-01	-8.936790e+00
4.758000e-05	-1.090167e-01	-8.841180e+00
4.759000e-05	-1.133223e-01	-8.779991e+00
4.760000e-05	-1.256554e-01	-8.662271e+00
4.761000e-05	-1.360536e-01	-8.483836e+00
4.762000e-05	-1.367681e-01	-8.400544e+00
4.763000e-05	-1.371122e-01	-8.295257e+00
4.764000e-05	-1.438173e-01	-8.219621e+00
4.765000e-05	-1.482199e-01	-8.104735e+00
4.766000e-05	-1.427072e-01	-7.937870e+00
4.767000e-05	-1.357688e-01	-7.802096e+00
4.768000e-05	-1.346449e-01	-7.633753e+00
4.769000e-05	-1.318072e-01	-7.495388e+00
4.770000e-05	-1.228703e-01	-7.378990e+00
4.771000e-05	-1.098997e-01	-7.221178e+00
4.772000e-05	-1.057694e-01	-7.134236e+00
4.773000e-05	-1.011461e-01	-6.906838e+00
4.774000e-05	-9.163023e-02	-6.778969e+00
4.775000e-05	-7.994965e-02	-6.662679e+00
4.776000e-05	-7.443653e-02	-6.475811e+00
4.777000e-05	-7.081031e-02	-6.359519e+00
4.778000e-05	-6.423117e-02	-6.190095e+00
4.779000e-05	-5.446407e-02	-6.042153e+00
4.780000e-05	-5.105008e-02	-5.914758e+00
4.781000e-05	-5.053356e-02	-5.756911e+00
4.782000e-05	-4.462319e-02	-5.589968e+00
4.783000e-05	-3.740025e-02	-5.401065e+00
4.784000e-05	-3.327323e-02	-5.199542e+00
4.785000e-05	-3.432242e-02	-5.031594e+00
4.786000e-05	-3.085867e-02	-4.802065e+00
4.787000e-05	-2.606443e-02	-4.611154e+00
4.788000e-05	-2.262182e-02	-4.464731e+00
4.789000e-05	-2.412963e-02	-4.306933e+00
4.790000e-05	-2.249432e-02	-4.158390e+00
4.791000e-05	-1.948481e-02	-4.003099e+00
4.792000e-05	-1.403753e-02	-3.804671e+00
4.793000e-05	-1.798374e-02	-3.603100e+00
4.794000e-05	-1.559754e-02	-3.464679e+00
4.795000e-05	-1.289170e-02	-3.274683e+00
4.796000e-05	-9.556959e-03	-3.105328e+00
4.797000e-05	-1.205960e-02	-2.873703e+00
4.798000e-05	-1.302181e-02	-2.727308e+00
4.799000e-05	-1.106475e-02	-2.486861e+00
4.800000e-05	-7.042734e-03	-2.329935e+00
4.801000e-05	-8.615510e-03	-2.117840e+00
4.802000e-05	-9.763039e-03	-1.927937e+00
4.803000e-05	-8.266000e-03	-1.759945e+00
4.804000e-05	-5.507257e-03	-1.582018e+00
4.805000e-05	-6.578196e-03	-1.358510e+00
4.806000e-05	-9.404064e-03	-1.167386e+00
4.807000e-05	-7.159706e-03	-9.689647e-01
4.808000e-05	-5.043631e-03	-7.710936e-01
4.809000e-05	-2.711425e-03	-5.910133e-01
4.810000e-05	-5.567867e-03	-3.589664e-01
4.811000e-05	-4.990419e-03	-2.200249e-01
4.812000e-05	1.816325e-04	-4.210013e-02
4.813000e-05	3.297473e-03	1.953284e-01
4.814000e-05	-3.988689e-03	3.873261e-01
4.815000e-05	-7.358415e-04	5.342447e-01
4.816000e-05	-2.463456e-03	6.856657e-01
4.817000e-05	1.933392e-03	8.820840e-01
4.818000e-05	-9.284887e-04	1.132068e+00
4.819000e-05	2.372972e-03	1.280533e+00
4.820000e-05	1.948954e-02	1.452540e+00
4.821000e-05	6.596813e-02	1.702719e+00
4.822000e-05	-5.693398e-04	1.945721e+00
4.823000e-05	-5.324350e-02	2.125720e+00
4.824000e-05	-4.810101e-02	2.312219e+00
4.825000e-05	-5.187357e-02	2.430555e+00
4.826000e-05	1.206463e-02	2.536251e+00
4.827000e-05	1.131397e-01	2.786302e+00
4.828000e-05	-1.124666e-01	2.985798e+00
4.829000e-05	2.907726e-02	3.081134e+00
4.830000e-05	9.914325e-02	3.273068e+00
4.831000e-05	-4.936255e-02	3.504792e+00
4.832000e-05	2.248092e-02	3.630431e+00
4.833000e-05	-4.147544e-02	3.777431e+00
4.834000e-05	-4.723178e-02	4.008929e+00
4.835000e-05	9.711799e-02	4.135323e+00
4.836000e-05	-2.178406e-03	4.407951e+00
4.837000e-05	-3.490386e-02	4.557272e+00
4.838000e-05	2.506200e-02	4.743797e+00
4.839000e-05	-2.002691e-02	4.881643e+00
4.840000e-05	5.214700e-02	5.114746e+00
4.841000e-05	-3.738507e-02	5.344768e+00
4.842000e-05	-1.497489e-02	5.462189e+00
4.843000e-05	3.542986e-02	5.640430e+00
4.844000e-05	3.463930e-02	5.809003e+00
4.845000e-05	-8.205942e-03	6.019905e+00
4.846000e-05	-4.691874e-02	6.155794e+00
4.847000e-05	3.850909e-02	6.293664e+00
4.848000e-05	2.232493e-02	6.417931e+00
4.849000e-05	-9.126457e-03	6.547349e+00
4.850000e-05	3.334421e-03	6.777347e+00
4.851000e-05	2.063227e-03	6.914766e+00
4.852000e-05	2.635893e-02	7.030077e+00
4.853000e-05	3.849011e-03	7.145821e+00
4.854000e-05	-1.998875e-02	7.274737e+00
4.855000e-05	1.045868e-02	7.491063e+00
4.856000e-05	1.735269e-02	7.641480e+00
4.857000e-05	2.187110e-02	7.774873e+00
4.858000e-05	-1.374256e-02	7.923139e+00
4.859000e-05	9.385991e-03	8.023131e+00
4.860000e-05	1.891892e-02	8.205298e+00
4.861000e-05	6.940533e-03	8.273188e+00
4.862000e-05	5.214140e-04	8.397928e+00
4.863000e-05	-3.824847e-03	8.502187e+00
4.864000e-05	2.604173e-02	8.547024e+00
4.865000e-05	1.283735e-02	8.682663e+00
4.866000e-05	4.137977e-03	8.806424e+00
4.867000e-05	1.378655e-03	8.883130e+00
4.868000e-05	1.655332e-02	8.988400e+00
4.869000e-05	1.495467e-02	9.110664e+00
4.870000e-05	-7.922174e-04	9.218002e+00
4.871000e-05	6.071773e-03	9.252240e+00
4.872000e-05	1.429364e-02	9.315869e+00
4.873000e-05	1.947583e-02	9.408602e+00
4.874000e-05	4.632957e-03	9.473713e+00
4.875000e-05	6.120237e-03	9.547873e+00
4.876000e-05	1.361993e-02	9.619129e+00
4.877000e-05	1.754103e-02	9.652165e+00
4.878000e-05	8.835490e-03	9.736344e+00
4.879000e-05	6.483321e-03	9.831508e+00
4.880000e-05	1.630212e-02	9.914768e+00
4.881000e-05	1.672418e-02	1.000782e+01
4.882000e-05	1.069381e-02	1.003005e+01
4.883000e-05	6.244525e-03	1.004213e+01
4.884000e-05	1.371575e-02	1.005368e+01
4.885000e-05	1.829310e-02	1.008426e+01
4.886000e-05	1.446124e-02	1.013489e+01
4.887000e-05	1.223099e-02	1.017890e+01
4.888000e-05	1.537048e-02	1.020003e+01
4.889000e-05	1.855368e-02	1.019105e+01
4.890000e-05	1.484033e-02	1.023161e+01
4.891000e-05	1.282887e-02	1.023311e+01
4.892000e-05	1.614966e-02	1.025266e+01
4.893000e-05	2.077939e-02	1.029324e+01
4.894000e-05	1.821018e-02	1.027426e+01
4.895000e-05	1.608260e-02	1.031321e+01
4.896000e-05	1.752034e-02	1.027258e+01
4.897000e-05	2.335174e-02	1.028221e+01
4.898000e-05	2.284471e-02	1.027368e+01
4.899000e-05	1.976564e-02	1.024163e+01
4.900000e-05	2.338775e-02	1.023113e+01
4.901000e-05	2.682029e-02	1.025160e+01
4.902000e-05	2.709479e-02	1.018949e+01
4.903000e-05	2.291448e-02	1.014742e+01
4.904000e-05	2.574155e-02	1.010539e+01
4.905000e-05	3.098881e-02	1.007428e+01
4.906000e-05	3.251829e-02	1.006373e+01
4.907000e-05	2.971904e-02	1.002160e+01
4.908000e-05	3.087287e-02	1.001950e+01
4.909000e-05	3.623065e-02	9.976414e+00
4.910000e-05	3.747265e-02	9.914182e+00
4.911000e-05	3.583672e-02	9.759548e+00
4.912000e-05	3.965797e-02	9.735365e+00
4.913000e-05	4.517395e-02	9.632727e+00
4.914000e-05	4.951108e-02	9.579973e+00
4.915000e-05	4.849909e-02	9.506439e+00
4.916000e-05	5.308658e-02	9.432177e+00
4.917000e-05	6.072167e-02	9.359042e+00
4.918000e-05	6.610297e-02	9.305287e+00
4.919000e-05	6.885835e-02	9.222131e+00
4.920000e-05	7.408910e-02	9.167971e+00
4.921000e-05	8.351980e-02	9.053681e+00
4.922000e-05	9.105269e-02	8.936963e+00
4.923000e-05	9.628204e-02	8.812736e+00
4.924000e-05	1.029404e-01	8.747415e+00
4.925000e-05	1.127713e-01	8.622681e+00
4.926000e-05	1.207188e-01	8.567915e+00
4.927000e-05	1.256862e-01	8.413682e+00
4.928000e-05	1.301329e-01	8.396939e+00
4.929000e-05	1.365378e-01	8.263099e+00
4.930000e-05	1.379963e-01	8.116935e+00
4.931000e-05	1.377820e-01	8.020974e+00
4.932000e-05	1.349554e-01	7.864206e+00
4.933000e-05	1.319747e-01	7.717917e+00
4.934000e-05	1.283257e-01	7.580124e+00
4.935000e-05	1.204438e-01	7.491780e+00
4.936000e-05	1.126919e-01	7.274785e+00
4.937000e-05	1.056771e-01	7.148464e+00
4.938000e-05	9.914855e-02	7.001200e+00
4.939000e-05	8.981264e-02	6.865182e+00
4.940000e-05	8.110151e-02	6.757567e+00
4.941000e-05	7.411510e-02	6.559545e+00
4.942000e-05	6.862075e-02	6.400673e+00
4.943000e-05	6.099602e-02	6.255306e+00
4.944000e-05	5.319380e-02	6.147837e+00
4.945000e-05	4.857370e-02	6.010601e+00
4.946000e-05	4.379315e-02	5.884676e+00
4.947000e-05	3.877312e-02	5.653180e+00
4.948000e-05	3.340227e-02	5.487810e+00
4.949000e-05	3.070944e-02	5.346435e+00
4.950000e-05	2.775088e-02	5.137964e+00
4.951000e-05	2.450929e-02	4.908357e+00
4.952000e-05	1.879332e-02	4.757911e+00
4.953000e-05	1.753767e-02	4.570494e+00
4.954000e-05	1.605787e-02	4.432574e+00
4.955000e-05	1.428790e-02	4.264770e+00
4.956000e-05	1.132787e-02	4.013228e+00
4.957000e-05	9.841392e-03	3.864229e+00
4.958000e-05	9.716916e-03	3.706411e+00
4.959000e-05	8.362185e-03	3.567512e+00
4.960000e-05	4.932134e-03	3.308011e+00
4.961000e-05	4.133203e-03	3.147390e+00
4.962000e-05	4.424562e-03	2.969516e+00
4.963000e-05	3.757764e-03	2.802523e+00
4.964000e-05	1.033296e-03	2.683820e+00
4.965000e-05	1.097667e-03	2.411572e+00
4.966000e-05	1.736810e-03	2.232649e+00
4.967000e-05	6.005419e-04	2.054779e+00
4.968000e-05	-1.199211e-03	1.886262e+00
4.969000e-05	-3.605610e-04	1.645755e+00
4.970000e-05	3.448490e-04	1.496406e+00
4.971000e-05	-9.343995e-04	1.265232e+00
4.972000e-05	-2.639626e-03	1.096853e+00
4.973000e-05	-4.136087e-03	8.432303e-01
4.974000e-05	-3.562192e-03	6.552780e-01
4.975000e-05	-3.463172e-03	4.752792e-01
4.976000e-05	-3.046782e-03	3.073557e-01
4.977000e-05	-3.493593e-03	8.630810e-02
4.978000e-05	6.547214e-04	-8.214303e-02
4.979000e-05	4.624952e-03	-2.920891e-01
4.980000e-05	-1.541600e-03	-4.210077e-01
4.981000e-05	-2.747902e-03	-6.303551e-01
4.982000e-05	-6.914963e-03	-8.390564e-01
4.983000e-05	-2.598443e-03	-9.473221e-01
4.984000e-05	-3.993439e-03	-1.115719e+00
4.985000e-05	1.468687e-03	-1.343242e+00
4.986000e-05	4.845015e-02	-1.545718e+00
4.987000e-05	5.464128e-02	-1.724750e+00
4.988000e-05	-6.205145e-02	-1.995851e+00
4.989000e-05	-4.710816e-02	-2.272069e+00
4.990000e-05	-9.362184e-02	-2.441109e+00
4.991000e-05	7.259647e-03	-2.556922e+00
4.992000e-05	1.469608e-01	-2.599459e+00
4.993000e-05	-1.456282e-01	-2.859511e+00
4.994000e-05	1.775730e-02	-3.071535e+00
4.995000e-05	1.261589e-01	-3.208400e+00
4.996000e-05	-1.048580e-01	-3.408432e+00
4.997000e-05	5.495193e-02	-3.588997e+00
4.998000e-05	-5.078619e-02	-3.713145e+00
4.999000e-05	-1.265796e-01	-3.987824e+00
