# 261001_12:28:33.190550
t	CH1	CH2
0.000000e+00	-2.500253e-03	-4.015788e-01
1.000000e-08	-4.051049e-03	-6.335331e-01
2.000000e-08	-5.543748e-03	-8.125040e-01
3.000000e-08	-2.878533e-03	-9.994499e-01
4.000000e-08	-3.573114e-03	-1.158790e+00
5.000000e-08	2.314203e-03	-1.348666e+00
6.000000e-08	6.011483e-02	-1.546887e+00
7.000000e-08	2.312321e-02	-1.759289e+00
8.000000e-08	-5.109663e-02	-2.020498e+00
9.000000e-08	-5.672791e-02	-2.286133e+00
1.000000e-07	-9.560283e-02	-2.462103e+00
1.100000e-07	5.189650e-02	-2.548369e+00
1.200000e-07	9.833091e-02	-2.632004e+00
1.300000e-07	-1.510299e-01	-2.864033e+00
1.400000e-07	6.316778e-02	-3.052681e+00
1.500000e-07	7.325686e-02	-3.209420e+00
1.600000e-07	-8.241075e-02	-3.412425e+00
1.700000e-07	5.294184e-02	-3.578420e+00
1.800000e-07	-8.734138e-02	-3.686686e+00
1.900000e-07	-7.276333e-02	-3.947269e+00
2.000000e-07	1.372225e-01	-4.083659e+00
2.100000e-07	-5.429302e-02	-4.265608e+00
2.200000e-07	-2.162130e-02	-4.433609e+00
2.300000e-07	3.648262e-03	-4.592366e+00
2.400000e-07	-5.330589e-02	-4.841932e+00
2.500000e-07	8.648208e-02	-4.979396e+00
2.600000e-07	-1.127070e-01	-5.096265e+00
2.700000e-07	-2.186625e-02	-5.299716e+00
2.800000e-07	7.054342e-02	-5.517716e+00
2.900000e-07	-3.437718e-02	-5.727213e+00
3.000000e-07	3.910264e-03	-5.863659e+00
3.100000e-07	-9.653942e-02	-5.969421e+00
3.200000e-07	3.808169e-02	-6.169320e+00
3.300000e-07	2.436953e-02	-6.306311e+00
3.400000e-07	-7.648184e-02	-6.476612e+00
3.500000e-07	1.958020e-02	-6.641475e+00
3.600000e-07	-4.175034e-02	-6.758317e+00
3.700000e-07	3.777362e-02	-6.904615e+00
3.800000e-07	-4.255961e-02	-7.075629e+00
3.900000e-07	-6.225547e-02	-7.232527e+00
4.000000e-07	2.760362e-02	-7.358336e+00
4.100000e-07	-2.676223e-02	-7.496111e+00
4.200000e-07	1.206704e-02	-7.602005e+00
4.300000e-07	-6.337013e-02	-7.772946e+00
4.400000e-07	1.158165e-03	-7.947318e+00
4.500000e-07	3.675808e-03	-8.053024e+00
4.600000e-07	-3.920213e-02	-8.169870e+00
4.700000e-07	-2.263629e-02	-8.256081e+00
4.800000e-07	-4.109273e-02	-8.389897e+00
4.900000e-07	2.122180e-02	-8.453633e+00
5.000000e-07	-3.140484e-02	-8.640949e+00
5.100000e-07	-3.267671e-02	-8.747740e+00
5.200000e-07	-2.310190e-02	-8.831053e+00
5.300000e-07	-7.069960e-03	-8.918740e+00
5.400000e-07	-1.171414e-02	-9.000325e+00
5.500000e-07	-5.001400e-02	-9.066109e+00
5.600000e-07	-2.002057e-02	-9.158896e+00
5.700000e-07	-1.336959e-02	-9.263504e+00
5.800000e-07	-1.383229e-02	-9.317791e+00
5.900000e-07	-3.969784e-02	-9.422398e+00
6.000000e-07	-3.209887e-02	-9.496686e+00
6.100000e-07	-1.097433e-02	-9.601401e+00
6.200000e-07	-1.984959e-02	-9.682106e+00
6.300000e-07	-3.629996e-02	-9.706215e+00
6.400000e-07	-3.555419e-02	-9.759341e+00
6.500000e-07	-1.404459e-02	-9.820524e+00
6.600000e-07	-2.118995e-02	-9.876132e+00
6.700000e-07	-3.634920e-02	-9.918265e+00
6.800000e-07	-3.948167e-02	-9.988389e+00
6.900000e-07	-2.091933e-02	-9.989948e+00
7.000000e-07	-2.120798e-02	-1.004103e+01
7.100000e-07	-3.569660e-02	-1.009553e+01
7.200000e-07	-3.860851e-02	-1.009511e+01
7.300000e-07	-2.506417e-02	-1.011064e+01
7.400000e-07	-2.318081e-02	-1.022184e+01
7.500000e-07	-3.871956e-02	-1.023197e+01
7.600000e-07	-4.221695e-02	-1.020302e+01
7.700000e-07	-3.126249e-02	-1.028405e+01
7.800000e-07	-2.449941e-02	-1.029470e+01
7.900000e-07	-3.805568e-02	-1.029565e+01
8.000000e-07	-4.422180e-02	-1.029573e+01
8.100000e-07	-3.556352e-02	-1.028553e+01
8.200000e-07	-3.084892e-02	-1.030818e+01
8.300000e-07	-4.008654e-02	-1.021418e+01
8.400000e-07	-4.961327e-02	-1.030251e+01
8.500000e-07	-4.165619e-02	-1.021352e+01
8.600000e-07	-3.777170e-02	-1.020052e+01
8.700000e-07	-4.601608e-02	-1.017094e+01
8.800000e-07	-5.609189e-02	-1.017979e+01
8.900000e-07	-5.218358e-02	-1.005676e+01
9.000000e-07	-4.459247e-02	-1.010668e+01
9.100000e-07	-5.197827e-02	-1.004308e+01
9.200000e-07	-6.200905e-02	-1.000143e+01
9.300000e-07	-6.216064e-02	-9.978397e+00
9.400000e-07	-5.875425e-02	-9.927266e+00
9.500000e-07	-6.471767e-02	-9.923186e+00
9.600000e-07	-7.729573e-02	-9.853053e+00
9.700000e-07	-7.836006e-02	-9.778920e+00
9.800000e-07	-7.652115e-02	-9.716314e+00
9.900000e-07	-8.222591e-02	-9.665207e+00
1.000000e-06	-9.380782e-02	-9.621024e+00
1.010000e-06	-9.791175e-02	-9.576869e+00
1.020000e-06	-9.489420e-02	-9.497232e+00
1.030000e-06	-9.794179e-02	-9.369920e+00
1.040000e-06	-1.047372e-01	-9.324656e+00
1.050000e-06	-1.065178e-01	-9.179521e+00
1.060000e-06	-1.005376e-01	-9.106289e+00
1.070000e-06	-9.653064e-02	-9.052529e+00
1.080000e-06	-9.928970e-02	-8.907416e+00
1.090000e-06	-9.660040e-02	-8.861007e+00
1.100000e-06	-8.698343e-02	-8.798969e+00
1.110000e-06	-7.852600e-02	-8.673807e+00
1.120000e-06	-7.846873e-02	-8.586832e+00
1.130000e-06	-7.459538e-02	-8.439525e+00
1.140000e-06	-6.974088e-02	-8.316838e+00
1.150000e-06	-6.340437e-02	-8.210551e+00
1.160000e-06	-6.446747e-02	-8.093234e+00
1.170000e-06	-6.083382e-02	-7.967927e+00
1.180000e-06	-5.429431e-02	-7.835131e+00
1.190000e-06	-4.555604e-02	-7.685639e+00
1.200000e-06	-4.431129e-02	-7.586342e+00
1.210000e-06	-4.504452e-02	-7.399451e+00
1.220000e-06	-4.097876e-02	-7.264158e+00
1.230000e-06	-3.728951e-02	-7.157918e+00
1.240000e-06	-3.797076e-02	-7.020518e+00
1.250000e-06	-3.779323e-02	-6.880579e+00
1.260000e-06	-3.398347e-02	-6.726238e+00
1.270000e-06	-2.891499e-02	-6.578947e+00
1.280000e-06	-2.612815e-02	-6.460603e+00
1.290000e-06	-2.871682e-02	-6.286258e+00
1.300000e-06	-2.562794e-02	-6.094234e+00
1.310000e-06	-2.382965e-02	-5.987367e+00
1.320000e-06	-2.287587e-02	-5.820504e+00
1.330000e-06	-2.468388e-02	-5.652580e+00
1.340000e-06	-2.262474e-02	-5.494294e+00
1.350000e-06	-1.817158e-02	-5.294708e+00
1.360000e-06	-1.778606e-02	-5.116237e+00
1.370000e-06	-1.952463e-02	-4.965898e+00
1.380000e-06	-2.010312e-02	-4.705211e+00
1.390000e-06	-1.642518e-02	-4.558446e+00
1.400000e-06	-1.440052e-02	-4.419603e+00
1.410000e-06	-1.555394e-02	-4.262185e+00
1.420000e-06	-1.472027e-02	-4.103763e+00
1.430000e-06	-1.239590e-02	-3.987420e+00
1.440000e-06	-1.152497e-02	-3.725842e+00
1.450000e-06	-1.277360e-02	-3.547447e+00
1.460000e-06	-1.303821e-02	-3.409495e+00
1.470000e-06	-1.221658e-02	-3.230028e+00
1.480000e-06	-1.117907e-02	-3.038578e+00
1.490000e-06	-1.116464e-02	-2.810501e+00
1.500000e-06	-1.047397e-02	-2.671736e+00
1.510000e-06	-9.437853e-03	-2.473181e+00
1.520000e-06	-6.301102e-03	-2.324891e+00
1.530000e-06	-7.252732e-03	-2.061183e+00
1.540000e-06	-7.684370e-03	-1.904342e+00
1.550000e-06	-7.838452e-03	-1.744818e+00
1.560000e-06	-7.367981e-03	-1.587946e+00
1.570000e-06	-7.507886e-03	-1.332386e+00
1.580000e-06	-7.779607e-03	-1.082788e+00
1.590000e-06	-5.472564e-03	-9.058421e-01
1.600000e-06	-4.376366e-03	-7.774234e-01
1.610000e-06	-3.800647e-03	-5.559921e-01
1.620000e-06	-4.444634e-03	-3.564684e-01
1.630000e-06	-3.209764e-03	-1.865211e-01
1.640000e-06	5.562418e-04	2.099745e-02
1.650000e-06	2.177395e-03	1.929202e-01
1.660000e-06	-1.066595e-03	3.805236e-01
1.670000e-06	-1.173899e-04	5.373172e-01
1.680000e-06	6.588683e-05	7.482619e-01
1.690000e-06	1.642607e-03	8.446804e-01
1.700000e-06	4.980885e-04	1.107185e+00
1.710000e-06	4.444000e-03	1.265139e+00
1.720000e-06	2.587024e-02	1.475110e+00
1.730000e-06	6.356701e-02	1.687340e+00
1.740000e-06	-8.596997e-03	1.958865e+00
1.750000e-06	-4.659220e-02	2.129263e+00
1.760000e-06	-4.284517e-02	2.287191e+00
1.770000e-06	-5.129596e-02	2.411950e+00
1.780000e-06	2.868998e-02	2.588261e+00
1.790000e-06	8.604712e-02	2.759342e+00
1.800000e-06	-9.704172e-02	2.947892e+00
1.810000e-06	5.014816e-02	3.074634e+00
1.820000e-06	7.763864e-02	3.264657e+00
1.830000e-06	-3.968759e-02	3.515686e+00
1.840000e-06	2.683765e-02	3.621498e+00
1.850000e-06	-4.552032e-02	3.841446e+00
1.860000e-06	-2.408793e-02	3.969896e+00
1.870000e-06	8.494048e-02	4.147788e+00
1.880000e-06	-2.820600e-03	4.358870e+00
1.890000e-06	-2.128555e-02	4.528715e+00
1.900000e-06	1.204367e-02	4.727212e+00
1.910000e-06	-4.912274e-04	4.877082e+00
1.920000e-06	4.295465e-02	5.106738e+00
1.930000e-06	-3.113652e-02	5.328163e+00
1.940000e-06	-2.079039e-03	5.474682e+00
1.950000e-06	3.736007e-02	5.623001e+00
1.960000e-06	3.223140e-02	5.811845e+00
1.970000e-06	-5.494521e-03	5.979941e+00
1.980000e-06	-3.595952e-02	6.107235e+00
1.990000e-06	4.108593e-02	6.243531e+00
2.000000e-06	2.368688e-02	6.339898e+00
2.010000e-06	1.473610e-03	6.539763e+00
2.020000e-06	4.077071e-03	6.716783e+00
2.030000e-06	1.158632e-02	6.854558e+00
2.040000e-06	3.240777e-02	6.990946e+00
2.050000e-06	4.662836e-03	7.107237e+00
2.060000e-06	-1.099079e-02	7.272480e+00
2.070000e-06	1.531679e-02	7.383524e+00
2.080000e-06	2.754503e-02	7.570837e+00
2.090000e-06	2.211431e-02	7.725235e+00
2.100000e-06	-5.631754e-03	7.813578e+00
2.110000e-06	1.631315e-02	7.992465e+00
2.120000e-06	2.547205e-02	8.095783e+00
2.130000e-06	1.464151e-02	8.255055e+00
2.140000e-06	5.764057e-03	8.338239e+00
2.150000e-06	6.965528e-03	8.432980e+00
2.160000e-06	2.979690e-02	8.496235e+00
2.170000e-06	2.035897e-02	8.611873e+00
2.180000e-06	9.010543e-03	8.688285e+00
2.190000e-06	9.661796e-03	8.788875e+00
2.200000e-06	2.409877e-02	8.885617e+00
2.210000e-06	2.340751e-02	9.002847e+00
2.220000e-06	8.130030e-03	9.126758e+00
2.230000e-06	1.486472e-02	9.169939e+00
2.240000e-06	2.440192e-02	9.255081e+00
2.250000e-06	2.595157e-02	9.326686e+00
2.260000e-06	1.344533e-02	9.412571e+00
2.270000e-06	1.341614e-02	9.476131e+00
2.280000e-06	2.382371e-02	9.566242e+00
2.290000e-06	2.514254e-02	9.602422e+00
2.300000e-06	1.710805e-02	9.685528e+00
2.310000e-06	1.649785e-02	9.778212e+00
2.320000e-06	2.668364e-02	9.840843e+00
2.330000e-06	2.711920e-02	9.854579e+00
2.340000e-06	2.081249e-02	9.937783e+00
2.350000e-06	1.706718e-02	9.967844e+00
2.360000e-06	2.475211e-02	9.988949e+00
2.370000e-06	2.873020e-02	1.004350e+01
2.380000e-06	2.246317e-02	1.003466e+01
2.390000e-06	2.069705e-02	1.008565e+01
2.400000e-06	2.643954e-02	1.013469e+01
2.410000e-06	3.041824e-02	1.013929e+01
2.420000e-06	2.659625e-02	1.016827e+01
2.430000e-06	2.387152e-02	1.018191e+01
2.440000e-06	2.888996e-02	1.014039e+01
2.450000e-06	3.416568e-02	1.018994e+01
2.460000e-06	3.083228e-02	1.019985e+01
2.470000e-06	2.656324e-02	1.020090e+01
2.480000e-06	2.982278e-02	1.019042e+01
2.490000e-06	3.560889e-02	1.018894e+01
2.500000e-06	3.586476e-02	1.019889e+01
2.510000e-06	3.317201e-02	1.014979e+01
2.520000e-06	3.733385e-02	1.014879e+01
2.530000e-06	4.338086e-02	1.015679e+01
2.540000e-06	4.396154e-02	1.009566e+01
2.550000e-06	4.117538e-02	1.007468e+01
2.560000e-06	4.346628e-02	1.003408e+01
2.570000e-06	5.059483e-02	9.981498e+00
2.580000e-06	5.233660e-02	1.000042e+01
2.590000e-06	5.141366e-02	9.916791e+00
2.600000e-06	5.422449e-02	9.886206e+00
2.610000e-06	6.211737e-02	9.832476e+00
2.620000e-06	6.710046e-02	9.786840e+00
2.630000e-06	6.816715e-02	9.682606e+00
2.640000e-06	7.243517e-02	9.601950e+00
2.650000e-06	8.100290e-02	9.578370e+00
2.660000e-06	8.652342e-02	9.505707e+00
2.670000e-06	8.754622e-02	9.441578e+00
2.680000e-06	8.976065e-02	9.378390e+00
2.690000e-06	9.530378e-02	9.315237e+00
2.700000e-06	9.711107e-02	9.240550e+00
2.710000e-06	9.579422e-02	9.138870e+00
2.720000e-06	9.232759e-02	9.072601e+00
2.730000e-06	9.216869e-02	8.947838e+00
2.740000e-06	9.015711e-02	8.842030e+00
2.750000e-06	8.557975e-02	8.697815e+00
2.760000e-06	7.810574e-02	8.663579e+00
2.770000e-06	7.596018e-02	8.557315e+00
2.780000e-06	7.135165e-02	8.452707e+00
2.790000e-06	6.623739e-02	8.409873e+00
2.800000e-06	5.940331e-02	8.306626e+00
2.810000e-06	5.749252e-02	8.145215e+00
2.820000e-06	5.459250e-02	8.012099e+00
2.830000e-06	5.060242e-02	7.936213e+00
2.840000e-06	4.428133e-02	7.778390e+00
2.850000e-06	4.176137e-02	7.652103e+00
2.860000e-06	4.016247e-02	7.565808e+00
2.870000e-06	3.593596e-02	7.378261e+00
2.880000e-06	3.237538e-02	7.208951e+00
2.890000e-06	2.950393e-02	7.083134e+00
2.900000e-06	2.915163e-02	6.895760e+00
2.910000e-06	2.633148e-02	6.821498e+00
2.920000e-06	2.438563e-02	6.691180e+00
2.930000e-06	2.201188e-02	6.474630e+00
2.940000e-06	2.173407e-02	6.326813e+00
2.950000e-06	1.979349e-02	6.189499e+00
2.960000e-06	1.816463e-02	6.052130e+00
2.970000e-06	1.559984e-02	5.915845e+00
2.980000e-06	1.551702e-02	5.728809e+00
2.990000e-06	1.374600e-02	5.549421e+00
3.000000e-06	1.349502e-02	5.440501e+00
3.010000e-06	1.160647e-02	5.243155e+00
3.020000e-06	1.146814e-02	5.012679e+00
3.030000e-06	9.936501e-03	4.849679e+00
3.040000e-06	9.502454e-03	4.683731e+00
3.050000e-06	7.918162e-03	4.504786e+00
3.060000e-06	7.533841e-03	4.399422e+00
3.070000e-06	6.319768e-03	4.136917e+00
3.080000e-06	5.821155e-03	4.048449e+00
3.090000e-06	4.761557e-03	3.801004e+00
3.100000e-06	3.986032e-03	3.662179e+00
3.110000e-06	3.693055e-03	3.505738e+00
3.120000e-06	3.677765e-03	3.283205e+00
3.130000e-06	3.853541e-03	3.105338e+00
3.140000e-06	1.966735e-03	2.926337e+00
3.150000e-06	2.162203e-03	2.778396e+00
3.160000e-06	1.237816e-03	2.517445e+00
3.170000e-06	9.476660e-04	2.366442e+00
3.180000e-06	-1.116733e-03	2.198997e+00
3.190000e-06	-1.532786e-03	2.039550e+00
3.200000e-06	-4.733451e-04	1.829535e+00
3.210000e-06	5.444263e-05	1.682128e+00
3.220000e-06	-5.847198e-04	1.421530e+00
3.230000e-06	-2.617242e-03	1.241733e+00
3.240000e-06	-2.084738e-03	1.020625e+00
3.250000e-06	-2.221319e-03	8.200763e-01
3.260000e-06	-2.789851e-03	6.311313e-01
3.270000e-06	-4.087270e-03	4.722066e-01
3.280000e-06	-2.944859e-03	3.033081e-01
3.290000e-06	-3.682290e-03	5.365640e-02
3.300000e-06	-6.010235e-04	-9.571592e-02
3.310000e-06	7.703226e-04	-2.847120e-01
3.320000e-06	-3.765192e-03	-4.310290e-01
3.330000e-06	-3.051372e-03	-6.334840e-01
3.340000e-06	-4.470307e-03	-8.115540e-01
3.350000e-06	-3.692789e-03	-9.703474e-01
3.360000e-06	-3.123965e-03	-1.148792e+00
3.370000e-06	2.391552e-03	-1.329841e+00
3.380000e-06	5.990798e-02	-1.518317e+00
3.390000e-06	2.215049e-02	-1.719292e+00
3.400000e-06	-5.213188e-02	-1.970926e+00
3.410000e-06	-5.747170e-02	-2.303584e+00
3.420000e-06	-9.464838e-02	-2.461579e+00
3.430000e-06	4.987666e-02	-2.548341e+00
3.440000e-06	1.002321e-01	-2.652004e+00
3.450000e-06	-1.500507e-01	-2.824028e+00
3.460000e-06	6.287858e-02	-3.082083e+00
3.470000e-06	7.454055e-02	-3.198919e+00
3.480000e-06	-8.455885e-02	-3.420901e+00
3.490000e-06	5.196735e-02	-3.578972e+00
3.500000e-06	-8.478599e-02	-3.716687e+00
3.510000e-06	-7.499667e-02	-3.957370e+00
3.520000e-06	1.377552e-01	-4.086586e+00
3.530000e-06	-5.262069e-02	-4.304658e+00
3.540000e-06	-2.156651e-02	-4.432157e+00
3.550000e-06	4.173935e-03	-4.559345e+00
3.560000e-06	-5.579983e-02	-4.841428e+00
3.570000e-06	8.639626e-02	-4.979945e+00
3.580000e-06	-1.097837e-01	-5.128185e+00
3.590000e-06	-2.255528e-02	-5.348844e+00
3.600000e-06	7.244939e-02	-5.517136e+00
3.610000e-06	-3.455322e-02	-5.705238e+00
3.620000e-06	5.565687e-03	-5.833578e+00
3.630000e-06	-9.681253e-02	-5.999371e+00
3.640000e-06	3.634574e-02	-6.146314e+00
3.650000e-06	2.557479e-02	-6.307262e+00
3.660000e-06	-7.716241e-02	-6.505684e+00
3.670000e-06	2.131318e-02	-6.620974e+00
3.680000e-06	-4.143016e-02	-6.758842e+00
3.690000e-06	3.796808e-02	-6.927615e+00
3.700000e-06	-4.096241e-02	-7.065109e+00
3.710000e-06	-6.244607e-02	-7.260927e+00
3.720000e-06	2.745601e-02	-7.307291e+00
3.730000e-06	-2.879821e-02	-7.524207e+00
3.740000e-06	1.220273e-02	-7.631003e+00
3.750000e-06	-6.279587e-02	-7.770870e+00
3.760000e-06	1.045181e-03	-7.977791e+00
3.770000e-06	4.276231e-03	-8.042528e+00
3.780000e-06	-3.919352e-02	-8.209344e+00
3.790000e-06	-2.101866e-02	-8.253607e+00
3.800000e-06	-4.134054e-02	-8.339368e+00
3.810000e-06	2.040333e-02	-8.464105e+00
3.820000e-06	-3.087032e-02	-8.594376e+00
3.830000e-06	-3.199765e-02	-8.727166e+00
3.840000e-06	-2.271933e-02	-8.802476e+00
3.850000e-06	-8.079185e-03	-8.907813e+00
3.860000e-06	-1.225762e-02	-9.009946e+00
3.870000e-06	-4.990077e-02	-9.095634e+00
3.880000e-06	-1.926256e-02	-9.158889e+00
3.890000e-06	-1.395072e-02	-9.262552e+00
3.900000e-06	-1.445899e-02	-9.317716e+00
3.910000e-06	-3.910762e-02	-9.433948e+00
3.920000e-06	-3.092098e-02	-9.516733e+00
3.930000e-06	-1.151298e-02	-9.609423e+00
3.940000e-06	-2.011077e-02	-9.665577e+00
3.950000e-06	-3.574629e-02	-9.736211e+00
3.960000e-06	-3.389100e-02	-9.758793e+00
3.970000e-06	-1.442407e-02	-9.851973e+00
3.980000e-06	-2.079170e-02	-9.876131e+00
3.990000e-06	-3.667773e-02	-9.956786e+00
4.000000e-06	-3.815380e-02	-9.957340e+00
4.010000e-06	-2.118610e-02	-9.999923e+00
4.020000e-06	-2.280074e-02	-1.001096e+01
4.030000e-06	-3.595277e-02	-1.006553e+01
4.040000e-06	-3.701245e-02	-1.012666e+01
4.050000e-06	-2.492920e-02	-1.014874e+01
4.060000e-06	-2.412630e-02	-1.017094e+01
4.070000e-06	-3.894443e-02	-1.023200e+01
4.080000e-06	-4.061433e-02	-1.023248e+01
4.090000e-06	-3.097338e-02	-1.026273e+01
4.100000e-06	-2.555738e-02	-1.027458e+01
4.110000e-06	-3.859669e-02	-1.027455e+01
4.120000e-06	-4.349175e-02	-1.026511e+01
4.130000e-06	-3.514410e-02	-1.032518e+01
4.140000e-06	-3.148892e-02	-1.025271e+01
4.150000e-06	-4.044759e-02	-1.026516e+01
4.160000e-06	-4.868136e-02	-1.024360e+01
4.170000e-06	-4.161762e-02	-1.031405e+01
4.180000e-06	-3.757465e-02	-1.022253e+01
4.190000e-06	-4.671936e-02	-1.018042e+01
4.200000e-06	-5.652703e-02	-1.015874e+01
4.210000e-06	-5.272741e-02	-1.012669e+01
4.220000e-06	-4.485401e-02	-1.010414e+01
4.230000e-06	-5.307310e-02	-1.003151e+01
4.240000e-06	-6.276231e-02	-9.990975e+00
4.250000e-06	-6.123079e-02	-9.988345e+00
4.260000e-06	-5.730845e-02	-9.947818e+00
4.270000e-06	-6.468088e-02	-9.915183e+00
4.280000e-06	-7.699780e-02	-9.863028e+00
4.290000e-06	-7.833310e-02	-9.799921e+00
4.300000e-06	-7.536351e-02	-9.735840e+00
4.310000e-06	-8.336354e-02	-9.664111e+00
4.320000e-06	-9.476192e-02	-9.611479e+00
4.330000e-06	-9.860345e-02	-9.578899e+00
4.340000e-06	-9.452962e-02	-9.454187e+00
4.350000e-06	-9.752554e-02	-9.348987e+00
4.360000e-06	-1.052016e-01	-9.325108e+00
4.370000e-06	-1.065759e-01	-9.239896e+00
4.380000e-06	-9.920200e-02	-9.126813e+00
4.390000e-06	-9.599952e-02	-9.052676e+00
4.400000e-06	-9.942618e-02	-8.935813e+00
4.410000e-06	-9.656672e-02	-8.853031e+00
4.420000e-06	-8.635786e-02	-8.778996e+00
4.430000e-06	-7.913957e-02	-8.684135e+00
4.440000e-06	-8.015104e-02	-8.516840e+00
4.450000e-06	-7.609879e-02	-8.440026e+00
4.460000e-06	-6.785551e-02	-8.325311e+00
4.470000e-06	-6.110633e-02	-8.211053e+00
4.480000e-06	-6.294602e-02	-8.055262e+00
4.490000e-06	-6.133598e-02	-7.999527e+00
4.500000e-06	-5.330905e-02	-7.872683e+00
4.510000e-06	-4.688177e-02	-7.714236e+00
4.520000e-06	-4.707150e-02	-7.557367e+00
4.530000e-06	-4.637043e-02	-7.420103e+00
4.540000e-06	-4.053534e-02	-7.313158e+00
4.550000e-06	-3.600910e-02	-7.188347e+00
4.560000e-06	-3.653640e-02	-7.000029e+00
4.570000e-06	-3.695136e-02	-6.911605e+00
4.580000e-06	-3.303585e-02	-6.705312e+00
4.590000e-06	-2.801458e-02	-6.577975e+00
4.600000e-06	-2.921042e-02	-6.452130e+00
4.610000e-06	-3.128101e-02	-6.303318e+00
4.620000e-06	-2.652758e-02	-6.113312e+00
4.630000e-06	-2.244035e-02	-5.957269e+00
4.640000e-06	-2.264641e-02	-5.821026e+00
4.650000e-06	-2.503286e-02	-5.662154e+00
4.660000e-06	-2.209175e-02	-5.525342e+00
4.670000e-06	-1.782219e-02	-5.313686e+00
4.680000e-06	-1.796837e-02	-5.104688e+00
4.690000e-06	-2.040233e-02	-4.967291e+00
4.700000e-06	-1.873309e-02	-4.722811e+00
4.710000e-06	-1.536684e-02	-4.567918e+00
4.720000e-06	-1.369888e-02	-4.441453e+00
4.730000e-06	-1.704377e-02	-4.262133e+00
4.740000e-06	-1.532500e-02	-4.096238e+00
4.750000e-06	-1.328662e-02	-3.936342e+00
4.760000e-06	-1.070884e-02	-3.746495e+00
4.770000e-06	-1.363545e-02	-3.548474e+00
4.780000e-06	-1.196689e-02	-3.398552e+00
4.790000e-06	-1.121592e-02	-3.240055e+00
4.800000e-06	-8.989600e-03	-3.051703e+00
4.810000e-06	-1.250030e-02	-2.801078e+00
4.820000e-06	-1.127428e-02	-2.672233e+00
4.830000e-06	-1.026705e-02	-2.492212e+00
4.840000e-06	-6.341818e-03	-2.253266e+00
4.850000e-06	-7.991983e-03	-2.092729e+00
4.860000e-06	-8.366858e-03	-1.895293e+00
4.870000e-06	-6.901988e-03	-1.734861e+00
4.880000e-06	-5.628139e-03	-1.548397e+00
4.890000e-06	-7.554039e-03	-1.332342e+00
4.900000e-06	-8.698779e-03	-1.104343e+00
4.910000e-06	-6.649143e-03	-9.443408e-01
4.920000e-06	-4.535039e-03	-7.469234e-01
4.930000e-06	-3.718359e-03	-5.244158e-01
4.940000e-06	-4.134120e-03	-3.359422e-01
4.950000e-06	-2.542515e-03	-1.688721e-01
4.960000e-06	1.793207e-03	-8.602556e-03
4.970000e-06	2.649493e-03	2.108501e-01
4.980000e-06	-2.245735e-03	4.089226e-01
4.990000e-06	-1.540603e-03	5.277909e-01
5.000000e-06	-6.304810e-04	7.357408e-01
5.010000e-06	1.485719e-03	8.441302e-01
5.020000e-06	3.641415e-04	1.095164e+00
5.030000e-06	4.957377e-03	1.293683e+00
5.040000e-06	2.684001e-02	1.492552e+00
5.050000e-06	6.379029e-02	1.717265e+00
5.060000e-06	-7.346363e-03	1.958794e+00
5.070000e-06	-4.763556e-02	2.107241e+00
5.080000e-06	-4.384174e-02	2.316240e+00
5.090000e-06	-5.180824e-02	2.442003e+00
5.100000e-06	2.780578e-02	2.519842e+00
5.110000e-06	8.797532e-02	2.769891e+00
5.120000e-06	-9.639423e-02	2.947366e+00
5.130000e-06	4.874550e-02	3.085104e+00
5.140000e-06	7.865630e-02	3.245202e+00
5.150000e-06	-4.059701e-02	3.507157e+00
5.160000e-06	2.592451e-02	3.622004e+00
5.170000e-06	-4.381295e-02	3.811975e+00
5.180000e-06	-2.572458e-02	3.979943e+00
5.190000e-06	8.557423e-02	4.128813e+00
5.200000e-06	-1.573096e-03	4.398869e+00
5.210000e-06	-2.125569e-02	4.527688e+00
5.220000e-06	1.258581e-02	4.787238e+00
5.230000e-06	-2.324814e-03	4.845161e+00
5.240000e-06	4.263735e-02	5.075110e+00
5.250000e-06	-2.952944e-02	5.307159e+00
5.260000e-06	-1.140015e-03	5.484132e+00
5.270000e-06	3.622575e-02	5.612551e+00
5.280000e-06	3.221220e-02	5.781844e+00
5.290000e-06	-3.779665e-03	5.990836e+00
5.300000e-06	-3.543004e-02	6.126208e+00
5.310000e-06	3.771051e-02	6.243553e+00
5.320000e-06	2.246269e-02	6.379895e+00
5.330000e-06	8.223466e-04	6.528336e+00
5.340000e-06	6.546307e-03	6.696137e+00
5.350000e-06	1.080380e-02	6.853058e+00
5.360000e-06	3.159544e-02	6.991945e+00
5.370000e-06	5.160109e-03	7.117736e+00
5.380000e-06	-8.687545e-03	7.273532e+00
5.390000e-06	1.439420e-02	7.381848e+00
5.400000e-06	2.592150e-02	7.568767e+00
5.410000e-06	2.156114e-02	7.716210e+00
5.420000e-06	-4.168323e-03	7.842002e+00
5.430000e-06	1.643875e-02	8.011291e+00
5.440000e-06	2.374863e-02	8.108260e+00
5.450000e-06	1.408958e-02	8.214452e+00
5.460000e-06	6.551094e-03	8.349315e+00
5.470000e-06	8.210587e-03	8.411578e+00
5.480000e-06	2.904769e-02	8.506260e+00
5.490000e-06	1.977272e-02	8.593494e+00
5.500000e-06	1.122071e-02	8.726207e+00
5.510000e-06	1.059827e-02	8.781398e+00
5.520000e-06	2.261735e-02	8.884660e+00
5.530000e-06	2.187775e-02	9.012393e+00
5.540000e-06	8.107890e-03	9.116180e+00
5.550000e-06	1.538803e-02	9.199390e+00
5.560000e-06	2.322055e-02	9.264529e+00
5.570000e-06	2.617797e-02	9.326737e+00
5.580000e-06	1.436457e-02	9.429945e+00
5.590000e-06	1.536044e-02	9.486160e+00
5.600000e-06	2.341608e-02	9.536762e+00
5.610000e-06	2.338911e-02	9.580899e+00
5.620000e-06	1.788025e-02	9.673055e+00
5.630000e-06	1.752991e-02	9.757691e+00
5.640000e-06	2.599795e-02	9.761969e+00
5.650000e-06	2.618084e-02	9.855128e+00
5.660000e-06	2.070113e-02	9.917240e+00
5.670000e-06	1.789035e-02	9.979895e+00
5.680000e-06	2.505528e-02	1.002090e+01
5.690000e-06	2.836984e-02	1.005353e+01
5.700000e-06	2.372226e-02	9.993658e+00
5.710000e-06	2.056790e-02	1.009521e+01
5.720000e-06	2.742245e-02	1.011629e+01
5.730000e-06	2.923846e-02	1.012676e+01
5.740000e-06	2.588674e-02	1.018881e+01
5.750000e-06	2.427156e-02	1.017939e+01
5.760000e-06	2.967341e-02	1.018979e+01
5.770000e-06	3.347807e-02	1.022037e+01
5.780000e-06	2.973010e-02	1.019150e+01
5.790000e-06	2.643203e-02	1.021292e+01
5.800000e-06	3.060858e-02	1.021045e+01
5.810000e-06	3.630158e-02	1.017084e+01
5.820000e-06	3.537533e-02	1.018032e+01
5.830000e-06	3.280709e-02	1.014779e+01
5.840000e-06	3.858704e-02	1.014779e+01
5.850000e-06	4.298972e-02	1.012674e+01
5.860000e-06	4.278978e-02	1.010569e+01
5.870000e-06	4.042535e-02	1.010471e+01
5.880000e-06	4.478409e-02	1.003360e+01
5.890000e-06	5.124803e-02	1.000148e+01
5.900000e-06	5.131349e-02	9.967840e+00
5.910000e-06	5.228350e-02	9.958812e+00
5.920000e-06	5.540910e-02	9.876678e+00
5.930000e-06	6.255602e-02	9.854520e+00
5.940000e-06	6.540914e-02	9.777768e+00
5.950000e-06	6.735018e-02	9.684129e+00
5.960000e-06	7.330495e-02	9.642474e+00
5.970000e-06	8.242526e-02	9.567771e+00
5.980000e-06	8.551015e-02	9.505162e+00
5.990000e-06	8.690551e-02	9.492024e+00
6.000000e-06	9.129152e-02	9.337843e+00
6.010000e-06	9.605951e-02	9.284209e+00
6.020000e-06	9.659743e-02	9.223053e+00
6.030000e-06	9.429586e-02	9.138387e+00
6.040000e-06	9.237344e-02	9.073623e+00
6.050000e-06	9.423299e-02	8.919335e+00
6.060000e-06	9.016844e-02	8.872576e+00
6.070000e-06	8.514050e-02	8.737791e+00
6.080000e-06	7.763822e-02	8.672653e+00
6.090000e-06	7.605293e-02	8.546893e+00
6.100000e-06	7.188293e-02	8.453180e+00
6.110000e-06	6.517167e-02	8.378472e+00
6.120000e-06	5.940786e-02	8.253531e+00
6.130000e-06	5.815207e-02	8.144912e+00
6.140000e-06	5.476834e-02	8.021576e+00
6.150000e-06	4.919939e-02	7.894738e+00
6.160000e-06	4.376184e-02	7.749441e+00
6.170000e-06	4.241505e-02	7.622032e+00
6.180000e-06	3.966636e-02	7.535766e+00
6.190000e-06	3.496396e-02	7.337841e+00
6.200000e-06	3.297444e-02	7.218978e+00
6.210000e-06	2.980809e-02	7.062178e+00
6.220000e-06	3.033762e-02	6.936862e+00
6.230000e-06	2.503826e-02	6.830474e+00
6.240000e-06	2.357638e-02	6.724683e+00
6.250000e-06	2.260031e-02	6.474656e+00
6.260000e-06	2.313228e-02	6.369313e+00
6.270000e-06	1.923797e-02	6.198999e+00
6.280000e-06	1.715923e-02	6.044627e+00
6.290000e-06	1.651310e-02	5.947395e+00
6.300000e-06	1.623745e-02	5.747367e+00
6.310000e-06	1.358821e-02	5.567872e+00
6.320000e-06	1.193149e-02	5.450025e+00
6.330000e-06	1.109595e-02	5.243183e+00
6.340000e-06	1.192873e-02	5.062604e+00
6.350000e-06	1.056518e-02	4.800056e+00
6.360000e-06	7.916858e-03	4.662705e+00
6.370000e-06	7.419035e-03	4.504287e+00
6.380000e-06	7.809736e-03	4.397896e+00
6.390000e-06	7.368420e-03	4.158475e+00
6.400000e-06	4.825538e-03	3.988422e+00
6.410000e-06	4.033323e-03	3.811050e+00
6.420000e-06	4.958397e-03	3.662655e+00
6.430000e-06	3.961475e-03	3.504288e+00
6.440000e-06	2.472988e-03	3.244058e+00
6.450000e-06	1.971439e-03	3.092712e+00
6.460000e-06	2.907950e-03	2.925293e+00
6.470000e-06	3.110789e-03	2.799522e+00
6.480000e-06	1.503207e-03	2.547967e+00
6.490000e-06	1.525800e-06	2.358375e+00
6.500000e-06	7.123576e-04	2.207072e+00
6.510000e-06	-1.920486e-05	2.030076e+00
6.520000e-06	-1.778873e-03	1.811035e+00
6.530000e-06	-2.366697e-03	1.669133e+00
6.540000e-06	-9.724317e-04	1.440109e+00
6.550000e-06	-1.656316e-03	1.272184e+00
6.560000e-06	-2.335921e-03	1.071129e+00
6.570000e-06	-3.661594e-03	8.400474e-01
6.580000e-06	-2.923702e-03	6.616052e-01
6.590000e-06	-2.171989e-03	4.612104e-01
6.600000e-06	-3.573985e-03	2.832680e-01
6.610000e-06	-4.833514e-03	8.210639e-02
6.620000e-06	-4.213485e-04	-1.067883e-01
6.630000e-06	1.612110e-03	-2.846382e-01
6.640000e-06	-3.428513e-03	-4.116277e-01
6.650000e-06	-3.671367e-03	-6.221057e-01
6.660000e-06	-4.822061e-03	-8.120039e-01
6.670000e-06	-2.137099e-03	-9.698973e-01
6.680000e-06	-4.574396e-03	-1.138292e+00
6.690000e-06	1.237322e-03	-1.336187e+00
6.700000e-06	5.970143e-02	-1.556763e+00
6.710000e-06	2.551507e-02	-1.717265e+00
6.720000e-06	-5.265154e-02	-2.011424e+00
6.730000e-06	-5.804507e-02	-2.275658e+00
6.740000e-06	-9.519804e-02	-2.473031e+00
6.750000e-06	4.947175e-02	-2.547844e+00
6.760000e-06	1.017039e-01	-2.610027e+00
6.770000e-06	-1.507120e-01	-2.854087e+00
6.780000e-06	5.928518e-02	-3.005134e+00
6.790000e-06	7.809194e-02	-3.169347e+00
6.800000e-06	-8.363892e-02	-3.432475e+00
6.810000e-06	4.994576e-02	-3.578398e+00
6.820000e-06	-8.463348e-02	-3.737191e+00
6.830000e-06	-7.750694e-02	-3.969320e+00
6.840000e-06	1.389440e-01	-4.075710e+00
6.850000e-06	-5.274118e-02	-4.286084e+00
6.860000e-06	-2.406949e-02	-4.463032e+00
6.870000e-06	6.172598e-03	-4.539369e+00
6.880000e-06	-5.603085e-02	-4.831477e+00
6.890000e-06	8.679949e-02	-4.979399e+00
6.900000e-06	-1.099208e-01	-5.138715e+00
6.910000e-06	-2.511619e-02	-5.359240e+00
6.920000e-06	7.348644e-02	-5.515687e+00
6.930000e-06	-3.437888e-02	-5.725188e+00
6.940000e-06	5.718159e-03	-5.833081e+00
6.950000e-06	-9.738424e-02	-5.979444e+00
6.960000e-06	3.562417e-02	-6.148741e+00
6.970000e-06	2.766632e-02	-6.326766e+00
6.980000e-06	-7.947781e-02	-6.485184e+00
6.990000e-06	2.129836e-02	-6.630898e+00
7.000000e-06	-4.132145e-02	-6.769341e+00
7.010000e-06	3.884189e-02	-6.896692e+00
7.020000e-06	-4.043382e-02	-7.033581e+00
7.030000e-06	-6.448863e-02	-7.212480e+00
7.040000e-06	2.846848e-02	-7.348219e+00
7.050000e-06	-2.734517e-02	-7.485632e+00
7.060000e-06	1.187957e-02	-7.600403e+00
7.070000e-06	-6.444804e-02	-7.782948e+00
7.080000e-06	2.974598e-04	-7.966838e+00
7.090000e-06	6.441374e-03	-8.043529e+00
7.100000e-06	-3.876061e-02	-8.150392e+00
7.110000e-06	-2.205315e-02	-8.275606e+00
7.120000e-06	-4.206491e-02	-8.369343e+00
7.130000e-06	2.160264e-02	-8.484081e+00
7.140000e-06	-3.077445e-02	-8.601896e+00
7.150000e-06	-3.479706e-02	-8.757190e+00
7.160000e-06	-2.257267e-02	-8.823477e+00
7.170000e-06	-6.728559e-03	-8.958237e+00
7.180000e-06	-1.013138e-02	-9.030874e+00
7.190000e-06	-5.123723e-02	-9.075206e+00
7.200000e-06	-1.950359e-02	-9.169393e+00
7.210000e-06	-1.232525e-02	-9.242054e+00
7.220000e-06	-1.268440e-02	-9.286764e+00
7.230000e-06	-4.087388e-02	-9.382848e+00
7.240000e-06	-3.288942e-02	-9.524735e+00
7.250000e-06	-1.048647e-02	-9.590924e+00
7.260000e-06	-1.880208e-02	-9.683006e+00
7.270000e-06	-3.658386e-02	-9.696239e+00
7.280000e-06	-3.501353e-02	-9.798844e+00
7.290000e-06	-1.385960e-02	-9.823525e+00
7.300000e-06	-2.042399e-02	-9.886558e+00
7.310000e-06	-3.618474e-02	-9.946812e+00
7.320000e-06	-4.106678e-02	-9.908870e+00
7.330000e-06	-2.111267e-02	-9.990921e+00
7.340000e-06	-2.188053e-02	-1.004351e+01
7.350000e-06	-3.470258e-02	-1.007603e+01
7.360000e-06	-3.855090e-02	-1.007566e+01
7.370000e-06	-2.513009e-02	-1.016874e+01
7.380000e-06	-2.175389e-02	-1.022185e+01
7.390000e-06	-3.838486e-02	-1.023257e+01
7.400000e-06	-4.260155e-02	-1.025388e+01
7.410000e-06	-3.209234e-02	-1.025315e+01
7.420000e-06	-2.456047e-02	-1.028410e+01
7.430000e-06	-3.735302e-02	-1.025561e+01
7.440000e-06	-4.519371e-02	-1.031353e+01
7.450000e-06	-3.564412e-02	-1.030469e+01
7.460000e-06	-3.047326e-02	-1.034553e+01
7.470000e-06	-3.968156e-02	-1.024303e+01
7.480000e-06	-4.963760e-02	-1.028403e+01
7.490000e-06	-4.283189e-02	-1.023198e+01
7.500000e-06	-3.665427e-02	-1.022305e+01
7.510000e-06	-4.568077e-02	-1.017042e+01
7.520000e-06	-5.639045e-02	-1.016877e+01
7.530000e-06	-5.223405e-02	-1.009726e+01
7.540000e-06	-4.341871e-02	-1.010513e+01
7.550000e-06	-5.125911e-02	-1.008355e+01
7.560000e-06	-6.361764e-02	-1.000093e+01
7.570000e-06	-6.233467e-02	-9.968371e+00
7.580000e-06	-5.854761e-02	-9.966815e+00
7.590000e-06	-6.382581e-02	-9.916631e+00
7.600000e-06	-7.708833e-02	-9.833051e+00
7.610000e-06	-7.830892e-02	-9.769368e+00
7.620000e-06	-7.503363e-02	-9.727266e+00
7.630000e-06	-8.136735e-02	-9.683683e+00
7.640000e-06	-9.485082e-02	-9.651079e+00
7.650000e-06	-9.882396e-02	-9.568365e+00
7.660000e-06	-9.546056e-02	-9.475180e+00
7.670000e-06	-9.703445e-02	-9.370368e+00
7.680000e-06	-1.055585e-01	-9.324682e+00
7.690000e-06	-1.068759e-01	-9.180474e+00
7.700000e-06	-9.933701e-02	-9.126792e+00
7.710000e-06	-9.580107e-02	-9.010558e+00
7.720000e-06	-9.673179e-02	-8.987712e+00
7.730000e-06	-9.804848e-02	-8.881554e+00
7.740000e-06	-8.676772e-02	-8.729372e+00
7.750000e-06	-7.984884e-02	-8.682629e+00
7.760000e-06	-7.836041e-02	-8.515786e+00
7.770000e-06	-7.623122e-02	-8.441049e+00
7.780000e-06	-6.717564e-02	-8.306213e+00
7.790000e-06	-6.146111e-02	-8.220524e+00
7.800000e-06	-6.019824e-02	-8.084785e+00
7.810000e-06	-6.251898e-02	-7.999072e+00
7.820000e-06	-5.550555e-02	-7.843682e+00
7.830000e-06	-4.904038e-02	-7.712714e+00
7.840000e-06	-4.497482e-02	-7.557791e+00
7.850000e-06	-4.465444e-02	-7.451000e+00
7.860000e-06	-4.126113e-02	-7.254182e+00
7.870000e-06	-3.460143e-02	-7.159371e+00
7.880000e-06	-3.645538e-02	-7.012003e+00
7.890000e-06	-3.662310e-02	-6.861030e+00
7.900000e-06	-3.742767e-02	-6.717262e+00
7.910000e-06	-2.995574e-02	-6.590870e+00
7.920000e-06	-2.764825e-02	-6.442028e+00
7.930000e-06	-2.800845e-02	-6.283307e+00
7.940000e-06	-2.594041e-02	-6.104212e+00
7.950000e-06	-2.335274e-02	-5.936425e+00
7.960000e-06	-2.243093e-02	-5.819478e+00
7.970000e-06	-2.427043e-02	-5.673681e+00
7.980000e-06	-2.351979e-02	-5.534816e+00
7.990000e-06	-2.057978e-02	-5.303284e+00
8.000000e-06	-1.848424e-02	-5.084308e+00
8.010000e-06	-1.851994e-02	-4.936269e+00
8.020000e-06	-1.884961e-02	-4.723834e+00
8.030000e-06	-1.674635e-02	-4.569367e+00
8.040000e-06	-1.329636e-02	-4.411524e+00
8.050000e-06	-1.547173e-02	-4.262606e+00
8.060000e-06	-1.585689e-02	-4.094762e+00
8.070000e-06	-1.512489e-02	-3.978919e+00
8.080000e-06	-1.304291e-02	-3.754889e+00
8.090000e-06	-1.186984e-02	-3.555921e+00
8.100000e-06	-1.239152e-02	-3.408954e+00
8.110000e-06	-1.082359e-02	-3.239050e+00
8.120000e-06	-9.527579e-03	-3.029578e+00
8.130000e-06	-1.102707e-02	-2.829075e+00
8.140000e-06	-1.105356e-02	-2.661109e+00
8.150000e-06	-1.160451e-02	-2.491728e+00
8.160000e-06	-8.121592e-03	-2.305361e+00
8.170000e-06	-7.134712e-03	-2.082713e+00
8.180000e-06	-6.706221e-03	-1.893866e+00
8.190000e-06	-6.798083e-03	-1.743842e+00
8.200000e-06	-6.465643e-03	-1.567450e+00
8.210000e-06	-7.657764e-03	-1.285235e+00
8.220000e-06	-7.634493e-03	-1.163865e+00
8.230000e-06	-6.849304e-03	-9.258133e-01
8.240000e-06	-5.410815e-03	-7.169722e-01
8.250000e-06	-4.805464e-03	-5.248408e-01
8.260000e-06	-3.557388e-03	-3.459409e-01
8.270000e-06	-3.548539e-03	-1.489724e-01
8.280000e-06	6.064880e-04	-7.105131e-02
8.290000e-06	3.626155e-03	2.204501e-01
8.300000e-06	-2.377730e-04	3.794712e-01
8.310000e-06	1.365326e-04	5.268448e-01
8.320000e-06	-1.916814e-03	6.768094e-01
8.330000e-06	1.375315e-03	8.441565e-01
8.340000e-06	7.861339e-04	1.134664e+00
8.350000e-06	4.670050e-03	1.275183e+00
8.360000e-06	2.375999e-02	1.476634e+00
8.370000e-06	6.355311e-02	1.738188e+00
8.380000e-06	-5.801918e-03	1.938769e+00
8.390000e-06	-4.661212e-02	2.137289e+00
8.400000e-06	-4.476977e-02	2.286286e+00
8.410000e-06	-5.136742e-02	2.441528e+00
8.420000e-06	2.765276e-02	2.547845e+00
8.430000e-06	8.939886e-02	2.778793e+00
8.440000e-06	-9.773700e-02	2.938340e+00
8.450000e-06	4.592375e-02	3.054157e+00
8.460000e-06	8.068412e-02	3.225608e+00
8.470000e-06	-3.947296e-02	3.486215e+00
8.480000e-06	2.499066e-02	3.622077e+00
8.490000e-06	-4.366663e-02	3.812873e+00
8.500000e-06	-2.498942e-02	3.968867e+00
8.510000e-06	8.653810e-02	4.150790e+00
8.520000e-06	-2.265189e-03	4.329846e+00
8.530000e-06	-2.321483e-02	4.516812e+00
8.540000e-06	1.272920e-02	4.687762e+00
8.550000e-06	-3.218424e-04	4.875611e+00
8.560000e-06	4.190778e-02	5.095651e+00
8.570000e-06	-3.202414e-02	5.305710e+00
8.580000e-06	-3.419705e-03	5.496133e+00
8.590000e-06	3.829628e-02	5.590449e+00
8.600000e-06	3.179720e-02	5.771346e+00
8.610000e-06	-5.388173e-03	5.968892e+00
8.620000e-06	-3.586633e-02	6.105732e+00
8.630000e-06	4.019610e-02	6.263603e+00
8.640000e-06	2.374948e-02	6.370370e+00
8.650000e-06	-1.008948e-03	6.508233e+00
8.660000e-06	5.303343e-03	6.716808e+00
8.670000e-06	1.097660e-02	6.835608e+00
8.680000e-06	3.234629e-02	7.009870e+00
8.690000e-06	2.984505e-03	7.117135e+00
8.700000e-06	-9.345792e-03	7.242481e+00
8.710000e-06	1.512939e-02	7.413820e+00
8.720000e-06	2.715836e-02	7.618840e+00
8.730000e-06	2.076017e-02	7.706684e+00
8.740000e-06	-4.779842e-03	7.804456e+00
8.750000e-06	1.684860e-02	7.980342e+00
8.760000e-06	2.485597e-02	8.098684e+00
8.770000e-06	1.248790e-02	8.212504e+00
8.780000e-06	4.689636e-03	8.338318e+00
8.790000e-06	8.496373e-03	8.402426e+00
8.800000e-06	3.091686e-02	8.495787e+00
8.810000e-06	2.051276e-02	8.609946e+00
8.820000e-06	1.028348e-02	8.686212e+00
8.830000e-06	1.076334e-02	8.810918e+00
8.840000e-06	2.496868e-02	8.885554e+00
8.850000e-06	1.982844e-02	9.012395e+00
8.860000e-06	8.059552e-03	9.106731e+00
8.870000e-06	1.450171e-02	9.180446e+00
8.880000e-06	2.489737e-02	9.243032e+00
8.890000e-06	2.785405e-02	9.327189e+00
8.900000e-06	1.432998e-02	9.430447e+00
8.910000e-06	1.471372e-02	9.446130e+00
8.920000e-06	2.328145e-02	9.516818e+00
8.930000e-06	2.411456e-02	9.599945e+00
8.940000e-06	1.532728e-02	9.684577e+00
8.950000e-06	1.607992e-02	9.756213e+00
8.960000e-06	2.648475e-02	9.770950e+00
8.970000e-06	2.846764e-02	9.866078e+00
8.980000e-06	2.035127e-02	9.906187e+00
8.990000e-06	1.789544e-02	9.998345e+00
9.000000e-06	2.480579e-02	1.001250e+01
9.010000e-06	2.905084e-02	1.000245e+01
9.020000e-06	2.129874e-02	1.009511e+01
9.030000e-06	1.920087e-02	1.008559e+01
9.040000e-06	2.638745e-02	1.009619e+01
9.050000e-06	3.206789e-02	1.012829e+01
9.060000e-06	2.682777e-02	1.018992e+01
9.070000e-06	2.348107e-02	1.016032e+01
9.080000e-06	2.944712e-02	1.017834e+01
9.090000e-06	3.408559e-02	1.017097e+01
9.100000e-06	3.041476e-02	1.022147e+01
9.110000e-06	2.532683e-02	1.020142e+01
9.120000e-06	3.039914e-02	1.023194e+01
9.130000e-06	3.687756e-02	1.018042e+01
9.140000e-06	3.706499e-02	1.017889e+01
9.150000e-06	3.346629e-02	1.016942e+01
9.160000e-06	3.814590e-02	1.016776e+01
9.170000e-06	4.352705e-02	1.014632e+01
9.180000e-06	4.300896e-02	1.010771e+01
9.190000e-06	4.013230e-02	1.007316e+01
9.200000e-06	4.271320e-02	1.001405e+01
9.210000e-06	5.185095e-02	1.000202e+01
9.220000e-06	5.248576e-02	9.988870e+00
9.230000e-06	5.129210e-02	9.909840e+00
9.240000e-06	5.435294e-02	9.905733e+00
9.250000e-06	6.234463e-02	9.832044e+00
9.260000e-06	6.649331e-02	9.708761e+00
9.270000e-06	6.649384e-02	9.693131e+00
9.280000e-06	7.157698e-02	9.640978e+00
9.290000e-06	8.176705e-02	9.547345e+00
9.300000e-06	8.710427e-02	9.527787e+00
9.310000e-06	8.778993e-02	9.440527e+00
9.320000e-06	8.974285e-02	9.376868e+00
9.330000e-06	9.445647e-02	9.276234e+00
9.340000e-06	9.839080e-02	9.223026e+00
9.350000e-06	9.390503e-02	9.168893e+00
9.360000e-06	9.120237e-02	9.074529e+00
9.370000e-06	9.217818e-02	8.947263e+00
9.380000e-06	9.074534e-02	8.872978e+00
9.390000e-06	8.600116e-02	8.726891e+00
9.400000e-06	7.757483e-02	8.652606e+00
9.410000e-06	7.534669e-02	8.555844e+00
9.420000e-06	7.274918e-02	8.453082e+00
9.430000e-06	6.599545e-02	8.368422e+00
9.440000e-06	5.925201e-02	8.253581e+00
9.450000e-06	5.558557e-02	8.125811e+00
9.460000e-06	5.551120e-02	8.038496e+00
9.470000e-06	5.016611e-02	7.924659e+00
9.480000e-06	4.356541e-02	7.747394e+00
9.490000e-06	4.100238e-02	7.642080e+00
9.500000e-06	4.091958e-02	7.535289e+00
9.510000e-06	3.675879e-02	7.347391e+00
9.520000e-06	3.182520e-02	7.199448e+00
9.530000e-06	2.870087e-02	7.082682e+00
9.540000e-06	2.959159e-02	6.915762e+00
9.550000e-06	2.749519e-02	6.819978e+00
9.560000e-06	2.375842e-02	6.663709e+00
9.570000e-06	2.059805e-02	6.514733e+00
9.580000e-06	2.270214e-02	6.355844e+00
9.590000e-06	2.069028e-02	6.200499e+00
9.600000e-06	1.724513e-02	6.053105e+00
9.610000e-06	1.472355e-02	5.925770e+00
9.620000e-06	1.616136e-02	5.745337e+00
9.630000e-06	1.589179e-02	5.569925e+00
9.640000e-06	1.290700e-02	5.421030e+00
9.650000e-06	1.056977e-02	5.272153e+00
9.660000e-06	1.066623e-02	5.052529e+00
9.670000e-06	1.160429e-02	4.841000e+00
9.680000e-06	1.038235e-02	4.714182e+00
9.690000e-06	5.579115e-03	4.483837e+00
9.700000e-06	7.177166e-03	4.359922e+00
9.710000e-06	6.721206e-03	4.157495e+00
9.720000e-06	7.725029e-03	3.997946e+00
9.730000e-06	4.632677e-03	3.840499e+00
9.740000e-06	5.261215e-03	3.661104e+00
9.750000e-06	5.680439e-03	3.503188e+00
9.760000e-06	4.397155e-03	3.301683e+00
9.770000e-06	-4.092522e-04	3.115762e+00
9.780000e-06	-4.002725e-04	2.946813e+00
9.790000e-06	2.404188e-03	2.808497e+00
9.800000e-06	3.765357e-03	2.558515e+00
9.810000e-06	1.208804e-03	2.387369e+00
9.820000e-06	2.827771e-05	2.178947e+00
9.830000e-06	1.616432e-03	2.031128e+00
9.840000e-06	-1.643239e-03	1.862104e+00
9.850000e-06	-1.896135e-03	1.651101e+00
9.860000e-06	-5.209500e-03	1.451179e+00
9.870000e-06	-6.915348e-04	1.252703e+00
9.880000e-06	-1.414870e-03	1.050603e+00
9.890000e-06	-1.319035e-03	7.895764e-01
9.900000e-06	-2.998197e-03	6.126302e-01
9.910000e-06	-2.302314e-03	4.326815e-01
9.920000e-06	-2.941675e-03	2.732129e-01
9.930000e-06	-5.453240e-03	1.120645e-02
9.940000e-06	-1.930277e-03	-1.162933e-01
9.950000e-06	1.322868e-03	-3.062654e-01
9.960000e-06	-1.845307e-03	-4.010276e-01
9.970000e-06	-3.335716e-03	-6.635012e-01
9.980000e-06	-5.379162e-03	-8.414276e-01
9.990000e-06	-4.374069e-03	-9.989437e-01
1.000000e-05	-3.477694e-03	-1.177845e+00
1.001000e-05	2.222841e-03	-1.347288e+00
1.002000e-05	5.916898e-02	-1.538366e+00
1.003000e-05	2.530414e-02	-1.747816e+00
1.004000e-05	-5.166335e-02	-2.011423e+00
1.005000e-05	-5.639378e-02	-2.265112e+00
1.006000e-05	-9.591032e-02	-2.482127e+00
1.007000e-05	4.619499e-02	-2.508346e+00
1.008000e-05	1.027579e-01	-2.652453e+00
1.009000e-05	-1.482798e-01	-2.836031e+00
1.010000e-05	5.634383e-02	-3.044578e+00
1.011000e-05	7.787254e-02	-3.200370e+00
1.012000e-05	-8.363595e-02	-3.412550e+00
1.013000e-05	5.122107e-02	-3.598947e+00
1.014000e-05	-8.221480e-02	-3.706637e+00
1.015000e-05	-7.934457e-02	-3.927316e+00
1.016000e-05	1.381743e-01	-4.085184e+00
1.017000e-05	-5.023230e-02	-4.285107e+00
1.018000e-05	-2.505451e-02	-4.433581e+00
1.019000e-05	5.621666e-03	-4.540870e+00
1.020000e-05	-5.787913e-02	-4.821956e+00
1.021000e-05	8.797032e-02	-4.959447e+00
1.022000e-05	-1.082150e-01	-5.106764e+00
1.023000e-05	-2.790521e-02	-5.329239e+00
1.024000e-05	7.453294e-02	-5.507234e+00
1.025000e-05	-3.413181e-02	-5.717160e+00
1.026000e-05	6.118313e-03	-5.834061e+00
1.027000e-05	-9.807060e-02	-5.979870e+00
1.028000e-05	3.263379e-02	-6.199767e+00
1.029000e-05	2.849675e-02	-6.306841e+00
1.030000e-05	-7.903402e-02	-6.495061e+00
1.031000e-05	2.133268e-02	-6.611976e+00
1.032000e-05	-4.153329e-02	-6.779766e+00
1.033000e-05	3.899570e-02	-6.917661e+00
1.034000e-05	-3.728528e-02	-7.064031e+00
1.035000e-05	-6.519057e-02	-7.231453e+00
1.036000e-05	2.731212e-02	-7.359315e+00
1.037000e-05	-2.915954e-02	-7.476634e+00
1.038000e-05	1.268967e-02	-7.623949e+00
1.039000e-05	-6.314773e-02	-7.759845e+00
1.040000e-05	-5.777533e-04	-7.928270e+00
1.041000e-05	6.245077e-03	-8.073609e+00
1.042000e-05	-3.854270e-02	-8.158845e+00
1.043000e-05	-1.937243e-02	-8.263157e+00
1.044000e-05	-4.210352e-02	-8.370344e+00
1.045000e-05	2.023836e-02	-8.443510e+00
1.046000e-05	-2.974634e-02	-8.611472e+00
1.047000e-05	-3.375092e-02	-8.739320e+00
1.048000e-05	-2.292448e-02	-8.822952e+00
1.049000e-05	-9.847960e-03	-8.916765e+00
1.050000e-05	-1.017353e-02	-8.970970e+00
1.051000e-05	-5.013618e-02	-9.075658e+00
1.052000e-05	-1.875780e-02	-9.158844e+00
1.053000e-05	-1.416281e-02	-9.242010e+00
1.054000e-05	-1.278841e-02	-9.316763e+00
1.055000e-05	-3.914921e-02	-9.434443e+00
1.056000e-05	-3.253181e-02	-9.515207e+00
1.057000e-05	-1.249584e-02	-9.568920e+00
1.058000e-05	-2.003649e-02	-9.653573e+00
1.059000e-05	-3.542476e-02	-9.718234e+00
1.060000e-05	-3.513579e-02	-9.789865e+00
1.061000e-05	-1.385369e-02	-9.822449e+00
1.062000e-05	-2.136289e-02	-9.876082e+00
1.063000e-05	-3.553197e-02	-9.927263e+00
1.064000e-05	-3.887263e-02	-9.968319e+00
1.065000e-05	-2.055846e-02	-9.990495e+00
1.066000e-05	-2.307830e-02	-1.002258e+01
1.067000e-05	-3.516520e-02	-1.005411e+01
1.068000e-05	-3.911629e-02	-1.004667e+01
1.069000e-05	-2.609456e-02	-1.016877e+01
1.070000e-05	-2.338778e-02	-1.019084e+01
1.071000e-05	-3.796733e-02	-1.023302e+01
1.072000e-05	-4.064499e-02	-1.026355e+01
1.073000e-05	-3.166235e-02	-1.024495e+01
1.074000e-05	-2.451651e-02	-1.029360e+01
1.075000e-05	-3.806453e-02	-1.030515e+01
1.076000e-05	-4.423770e-02	-1.033723e+01
1.077000e-05	-3.757349e-02	-1.026518e+01
1.078000e-05	-3.164591e-02	-1.029620e+01
1.079000e-05	-3.985897e-02	-1.023513e+01
1.080000e-05	-4.854885e-02	-1.027360e+01
1.081000e-05	-4.148349e-02	-1.022205e+01
1.082000e-05	-3.744533e-02	-1.025195e+01
1.083000e-05	-4.519358e-02	-1.016192e+01
1.084000e-05	-5.529245e-02	-1.013941e+01
1.085000e-05	-5.310849e-02	-1.011611e+01
1.086000e-05	-4.605278e-02	-1.007568e+01
1.087000e-05	-5.267940e-02	-1.004306e+01
1.088000e-05	-6.201709e-02	-9.971968e+00
1.089000e-05	-6.154572e-02	-9.998792e+00
1.090000e-05	-5.781873e-02	-9.947288e+00
1.091000e-05	-6.442364e-02	-9.874662e+00
1.092000e-05	-7.654914e-02	-9.851528e+00
1.093000e-05	-7.729525e-02	-9.789441e+00
1.094000e-05	-7.693868e-02	-9.757263e+00
1.095000e-05	-8.221574e-02	-9.674131e+00
1.096000e-05	-9.496655e-02	-9.620503e+00
1.097000e-05	-9.781190e-02	-9.537794e+00
1.098000e-05	-9.375934e-02	-9.506632e+00
1.099000e-05	-9.787272e-02	-9.399394e+00
1.100000e-05	-1.052029e-01	-9.255106e+00
1.101000e-05	-1.060290e-01	-9.229399e+00
1.102000e-05	-1.012686e-01	-9.106787e+00
1.103000e-05	-9.742628e-02	-9.032975e+00
1.104000e-05	-9.932651e-02	-8.937738e+00
1.105000e-05	-9.398979e-02	-8.822128e+00
1.106000e-05	-8.598724e-02	-8.769423e+00
1.107000e-05	-7.938584e-02	-8.663206e+00
1.108000e-05	-7.918995e-02	-8.526292e+00
1.109000e-05	-7.825815e-02	-8.419973e+00
1.110000e-05	-6.974287e-02	-8.304837e+00
1.111000e-05	-6.320736e-02	-8.219445e+00
1.112000e-05	-6.038276e-02	-8.095311e+00
1.113000e-05	-5.991300e-02	-7.988975e+00
1.114000e-05	-5.278681e-02	-7.884807e+00
1.115000e-05	-4.670860e-02	-7.702812e+00
1.116000e-05	-4.651269e-02	-7.538866e+00
1.117000e-05	-4.684769e-02	-7.421546e+00
1.118000e-05	-4.357486e-02	-7.294160e+00
1.119000e-05	-3.683130e-02	-7.168369e+00
1.120000e-05	-3.623458e-02	-7.041451e+00
1.121000e-05	-3.568400e-02	-6.851603e+00
1.122000e-05	-3.345896e-02	-6.706211e+00
1.123000e-05	-2.799654e-02	-6.577921e+00
1.124000e-05	-2.758393e-02	-6.471580e+00
1.125000e-05	-3.013929e-02	-6.286311e+00
1.126000e-05	-2.773555e-02	-6.123834e+00
1.127000e-05	-2.404866e-02	-5.928846e+00
1.128000e-05	-2.282132e-02	-5.820079e+00
1.129000e-05	-2.544341e-02	-5.623678e+00
1.130000e-05	-2.159265e-02	-5.485267e+00
1.131000e-05	-1.802842e-02	-5.315260e+00
1.132000e-05	-1.693570e-02	-5.114833e+00
1.133000e-05	-2.058655e-02	-4.934370e+00
1.134000e-05	-1.964292e-02	-4.706362e+00
1.135000e-05	-1.614048e-02	-4.587396e+00
1.136000e-05	-1.429727e-02	-4.411025e+00
1.137000e-05	-1.753875e-02	-4.241686e+00
1.138000e-05	-1.456163e-02	-4.073290e+00
1.139000e-05	-1.304452e-02	-3.968897e+00
1.140000e-05	-1.049329e-02	-3.733416e+00
1.141000e-05	-1.376322e-02	-3.566920e+00
1.142000e-05	-1.268598e-02	-3.429078e+00
1.143000e-05	-1.035167e-02	-3.231098e+00
1.144000e-05	-8.727306e-03	-3.020183e+00
1.145000e-05	-1.227378e-02	-2.820503e+00
1.146000e-05	-1.192719e-02	-2.663233e+00
1.147000e-05	-1.052781e-02	-2.492287e+00
1.148000e-05	-7.072050e-03	-2.293737e+00
1.149000e-05	-8.229544e-03	-2.082137e+00
1.150000e-05	-7.864772e-03	-1.913287e+00
1.151000e-05	-7.065115e-03	-1.736815e+00
1.152000e-05	-5.234688e-03	-1.565950e+00
1.153000e-05	-8.701351e-03	-1.302387e+00
1.154000e-05	-8.361983e-03	-1.092838e+00
1.155000e-05	-7.098789e-03	-9.248619e-01
1.156000e-05	-4.266079e-03	-7.258496e-01
1.157000e-05	-3.800385e-03	-5.238185e-01
1.158000e-05	-4.827090e-03	-3.379172e-01
1.159000e-05	-2.555988e-03	-1.780747e-01
1.160000e-05	1.428900e-03	-6.038814e-04
1.161000e-05	3.168275e-03	1.513738e-01
1.162000e-05	-3.284807e-03	3.805011e-01
1.163000e-05	-1.198110e-03	5.182411e-01
1.164000e-05	-3.469078e-04	7.167658e-01
1.165000e-05	2.456344e-03	8.941067e-01
1.166000e-05	6.244384e-04	1.124634e+00
1.167000e-05	5.081312e-03	1.293160e+00
1.168000e-05	2.579921e-02	1.454607e+00
1.169000e-05	6.404362e-02	1.718241e+00
1.170000e-05	-8.044859e-03	1.928796e+00
1.171000e-05	-4.917385e-02	2.137262e+00
1.172000e-05	-4.513859e-02	2.295738e+00
1.173000e-05	-5.013243e-02	2.401104e+00
1.174000e-05	2.648445e-02	2.588721e+00
1.175000e-05	9.047308e-02	2.778846e+00
1.176000e-05	-9.398682e-02	2.967290e+00
1.177000e-05	4.669069e-02	3.074130e+00
1.178000e-05	8.020589e-02	3.273153e+00
1.179000e-05	-4.249175e-02	3.516208e+00
1.180000e-05	2.318747e-02	3.600000e+00
1.181000e-05	-4.290860e-02	3.762445e+00
1.182000e-05	-2.675793e-02	3.958945e+00
1.183000e-05	8.602650e-02	4.118760e+00
1.184000e-05	6.697047e-04	4.368945e+00
1.185000e-05	-2.033823e-02	4.508311e+00
1.186000e-05	1.320919e-02	4.698762e+00
1.187000e-05	-3.893691e-03	4.875108e+00
1.188000e-05	4.046452e-02	5.115562e+00
1.189000e-05	-3.123348e-02	5.306132e+00
1.190000e-05	-3.659846e-03	5.445506e+00
1.191000e-05	3.669051e-02	5.610954e+00
1.192000e-05	3.389858e-02	5.800374e+00
1.193000e-05	-2.292535e-03	5.948919e+00
1.194000e-05	-3.675852e-02	6.105237e+00
1.195000e-05	3.775686e-02	6.243477e+00
1.196000e-05	2.233581e-02	6.360295e+00
1.197000e-05	-2.441988e-04	6.529341e+00
1.198000e-05	4.684705e-03	6.687186e+00
1.199000e-05	1.116210e-02	6.854581e+00
1.200000e-05	3.163289e-02	6.990375e+00
1.201000e-05	5.727133e-03	7.135291e+00
1.202000e-05	-9.218002e-03	7.242979e+00
1.203000e-05	1.509697e-02	7.392345e+00
1.204000e-05	2.518896e-02	7.577388e+00
1.205000e-05	2.206225e-02	7.676187e+00
1.206000e-05	-4.912940e-03	7.832426e+00
1.207000e-05	1.550125e-02	8.000446e+00
1.208000e-05	2.325205e-02	8.085259e+00
1.209000e-05	1.519291e-02	8.254554e+00
1.210000e-05	7.230453e-03	8.337739e+00
1.211000e-05	8.004180e-03	8.402478e+00
1.212000e-05	2.809298e-02	8.507186e+00
1.213000e-05	2.014568e-02	8.590949e+00
1.214000e-05	1.159380e-02	8.685232e+00
1.215000e-05	1.120435e-02	8.829396e+00
1.216000e-05	2.249317e-02	8.864660e+00
1.217000e-05	2.268524e-02	8.969941e+00
1.218000e-05	9.840149e-03	9.107234e+00
1.219000e-05	1.407580e-02	9.199446e+00
1.220000e-05	2.336194e-02	9.253532e+00
1.221000e-05	2.576172e-02	9.306763e+00
1.222000e-05	1.577626e-02	9.401497e+00
1.223000e-05	1.482713e-02	9.464206e+00
1.224000e-05	2.395493e-02	9.548714e+00
1.225000e-05	2.433653e-02	9.600470e+00
1.226000e-05	1.805966e-02	9.674952e+00
1.227000e-05	1.739291e-02	9.686762e+00
1.228000e-05	2.614711e-02	9.794370e+00
1.229000e-05	2.593069e-02	9.884127e+00
1.230000e-05	2.046750e-02	9.907235e+00
1.231000e-05	1.744457e-02	9.987820e+00
1.232000e-05	2.537612e-02	9.981919e+00
1.233000e-05	2.943759e-02	1.002155e+01
1.234000e-05	2.452733e-02	1.004411e+01
1.235000e-05	2.134950e-02	1.007618e+01
1.236000e-05	2.699612e-02	1.012666e+01
1.237000e-05	3.038697e-02	1.010769e+01
1.238000e-05	2.577277e-02	1.017889e+01
1.239000e-05	2.346059e-02	1.017941e+01
1.240000e-05	2.826669e-02	1.017937e+01
1.241000e-05	3.448054e-02	1.020084e+01
1.242000e-05	3.064307e-02	1.019042e+01
1.243000e-05	2.713886e-02	1.022945e+01
1.244000e-05	3.150873e-02	1.020000e+01
1.245000e-05	3.652105e-02	1.017940e+01
1.246000e-05	3.480804e-02	1.020044e+01
1.247000e-05	3.262054e-02	1.018734e+01
1.248000e-05	3.799490e-02	1.016776e+01
1.249000e-05	4.302079e-02	1.012826e+01
1.250000e-05	4.282000e-02	1.009418e+01
1.251000e-05	4.080316e-02	1.005413e+01
1.252000e-05	4.323772e-02	1.004205e+01
1.253000e-05	5.139438e-02	1.004148e+01
1.254000e-05	5.268234e-02	1.000090e+01
1.255000e-05	5.197059e-02	9.926813e+00
1.256000e-05	5.485755e-02	9.926684e+00
1.257000e-05	6.256094e-02	9.842023e+00
1.258000e-05	6.589939e-02	9.747790e+00
1.259000e-05	6.678659e-02	9.664611e+00
1.260000e-05	7.205770e-02	9.641974e+00
1.261000e-05	8.117075e-02	9.577345e+00
1.262000e-05	8.643245e-02	9.486285e+00
1.263000e-05	8.743413e-02	9.411504e+00
1.264000e-05	9.085397e-02	9.398897e+00
1.265000e-05	9.592263e-02	9.314183e+00
1.266000e-05	9.739104e-02	9.212028e+00
1.267000e-05	9.403151e-02	9.179414e+00
1.268000e-05	9.230676e-02	9.055505e+00
1.269000e-05	9.361338e-02	8.988361e+00
1.270000e-05	9.050050e-02	8.851976e+00
1.271000e-05	8.478293e-02	8.718315e+00
1.272000e-05	7.810963e-02	8.682107e+00
1.273000e-05	7.658872e-02	8.567816e+00
1.274000e-05	7.208375e-02	8.474132e+00
1.275000e-05	6.536997e-02	8.389368e+00
1.276000e-05	5.925292e-02	8.284605e+00
1.277000e-05	5.738890e-02	8.127741e+00
1.278000e-05	5.521868e-02	8.030025e+00
1.279000e-05	4.973626e-02	7.913682e+00
1.280000e-05	4.282503e-02	7.757845e+00
1.281000e-05	4.117060e-02	7.642104e+00
1.282000e-05	4.030797e-02	7.516363e+00
1.283000e-05	3.577761e-02	7.375796e+00
1.284000e-05	3.178869e-02	7.190525e+00
1.285000e-05	3.000631e-02	7.095131e+00
1.286000e-05	3.026654e-02	6.926835e+00
1.287000e-05	2.710376e-02	6.840550e+00
1.288000e-05	2.338139e-02	6.662736e+00
1.289000e-05	2.175973e-02	6.494232e+00
1.290000e-05	2.258644e-02	6.356890e+00
1.291000e-05	1.924729e-02	6.218528e+00
1.292000e-05	1.682141e-02	6.072131e+00
1.293000e-05	1.590563e-02	5.907371e+00
1.294000e-05	1.739735e-02	5.706863e+00
1.295000e-05	1.520277e-02	5.568448e+00
1.296000e-05	1.272919e-02	5.410104e+00
1.297000e-05	1.095995e-02	5.263604e+00
1.298000e-05	1.225660e-02	5.001180e+00
1.299000e-05	1.074472e-02	4.840627e+00
1.300000e-05	7.521991e-03	4.663683e+00
1.301000e-05	6.714357e-03	4.534812e+00
1.302000e-05	9.139172e-03	4.378969e+00
1.303000e-05	7.907761e-03	4.177912e+00
1.304000e-05	5.127148e-03	3.998923e+00
1.305000e-05	4.120561e-03	3.820603e+00
1.306000e-05	5.532520e-03	3.681057e+00
1.307000e-05	5.171647e-03	3.524791e+00
1.308000e-05	3.115702e-03	3.273313e+00
1.309000e-05	1.747100e-03	3.136286e+00
1.310000e-05	2.886062e-03	2.965838e+00
1.311000e-05	3.466194e-03	2.808425e+00
1.312000e-05	5.234905e-04	2.588497e+00
1.313000e-05	-6.178050e-04	2.368394e+00
1.314000e-05	8.939512e-04	2.189921e+00
1.315000e-05	1.235615e-03	2.041024e+00
1.316000e-05	-6.959985e-04	1.781104e+00
1.317000e-05	-2.637828e-03	1.641104e+00
1.318000e-05	-1.817238e-03	1.462104e+00
1.319000e-05	-1.519596e-03	1.263730e+00
1.320000e-05	-2.609936e-03	1.049655e+00
1.321000e-05	-5.154465e-03	8.300738e-01
1.322000e-05	-2.718273e-03	6.701051e-01
1.323000e-05	-2.147340e-03	4.621304e-01
1.324000e-05	-2.873634e-03	2.723094e-01
1.325000e-05	-5.211057e-03	3.162802e-02
1.326000e-05	-7.305264e-04	-1.272658e-01
1.327000e-05	1.838641e-03	-3.061369e-01
1.328000e-05	-3.387568e-03	-4.120790e-01
1.329000e-05	-4.725620e-03	-6.421292e-01
1.330000e-05	-5.960440e-03	-8.220002e-01
1.331000e-05	-3.703640e-03	-9.694698e-01
1.332000e-05	-4.077724e-03	-1.128269e+00
1.333000e-05	1.628329e-03	-1.328765e+00
1.334000e-05	5.804607e-02	-1.528321e+00
1.335000e-05	2.685836e-02	-1.739838e+00
1.336000e-05	-5.153188e-02	-1.981423e+00
1.337000e-05	-5.688209e-02	-2.265613e+00
1.338000e-05	-9.573655e-02	-2.442977e+00
1.339000e-05	4.468199e-02	-2.568343e+00
1.340000e-05	1.034490e-01	-2.620950e+00
1.341000e-05	-1.489467e-01	-2.814501e+00
1.342000e-05	5.366829e-02	-3.054638e+00
1.343000e-05	8.028037e-02	-3.168869e+00
1.344000e-05	-8.341334e-02	-3.410453e+00
1.345000e-05	5.085656e-02	-3.578946e+00
1.346000e-05	-8.057043e-02	-3.679188e+00
1.347000e-05	-8.145035e-02	-3.938721e+00
1.348000e-05	1.391905e-01	-4.063656e+00
1.349000e-05	-4.940711e-02	-4.283582e+00
1.350000e-05	-2.732652e-02	-4.413529e+00
1.351000e-05	7.128011e-03	-4.590347e+00
1.352000e-05	-5.856968e-02	-4.821924e+00
1.353000e-05	8.819504e-02	-4.989396e+00
1.354000e-05	-1.070725e-01	-5.116639e+00
1.355000e-05	-2.971510e-02	-5.335815e+00
1.356000e-05	7.616424e-02	-5.547641e+00
1.357000e-05	-3.441210e-02	-5.716763e+00
1.358000e-05	6.538551e-03	-5.855032e+00
1.359000e-05	-9.749181e-02	-6.000870e+00
1.360000e-05	3.255735e-02	-6.149794e+00
1.361000e-05	3.050421e-02	-6.297237e+00
1.362000e-05	-8.005102e-02	-6.515560e+00
1.363000e-05	2.080325e-02	-6.611575e+00
1.364000e-05	-4.141229e-02	-6.748317e+00
1.365000e-05	3.801120e-02	-6.927558e+00
1.366000e-05	-3.628717e-02	-7.036531e+00
1.367000e-05	-6.727266e-02	-7.212953e+00
1.368000e-05	2.844636e-02	-7.318290e+00
1.369000e-05	-2.760048e-02	-7.506033e+00
1.370000e-05	1.211529e-02	-7.613454e+00
1.371000e-05	-6.364369e-02	-7.801295e+00
1.372000e-05	-2.413861e-03	-7.948268e+00
1.373000e-05	7.889434e-03	-8.054578e+00
1.374000e-05	-3.964728e-02	-8.170893e+00
1.375000e-05	-2.092311e-02	-8.284156e+00
1.376000e-05	-4.232520e-02	-8.349844e+00
1.377000e-05	2.213508e-02	-8.484584e+00
1.378000e-05	-2.898145e-02	-8.621847e+00
1.379000e-05	-3.492097e-02	-8.737164e+00
1.380000e-05	-2.421721e-02	-8.808947e+00
1.381000e-05	-8.019645e-03	-8.929213e+00
1.382000e-05	-9.667031e-03	-9.022450e+00
1.383000e-05	-5.129073e-02	-9.084661e+00
1.384000e-05	-2.098371e-02	-9.137815e+00
1.385000e-05	-1.216399e-02	-9.252479e+00
1.386000e-05	-1.243474e-02	-9.309764e+00
1.387000e-05	-3.976001e-02	-9.381474e+00
1.388000e-05	-3.405756e-02	-9.516707e+00
1.389000e-05	-1.190197e-02	-9.548923e+00
1.390000e-05	-1.892533e-02	-9.644006e+00
1.391000e-05	-3.637222e-02	-9.676736e+00
1.392000e-05	-3.695956e-02	-9.777868e+00
1.393000e-05	-1.420054e-02	-9.811501e+00
1.394000e-05	-1.865027e-02	-9.875658e+00
1.395000e-05	-3.576813e-02	-9.926363e+00
1.396000e-05	-4.055644e-02	-9.928390e+00
1.397000e-05	-2.177147e-02	-9.970396e+00
1.398000e-05	-2.033960e-02	-1.000308e+01
1.399000e-05	-3.566573e-02	-1.007356e+01
1.400000e-05	-3.987270e-02	-1.009728e+01
1.401000e-05	-2.688349e-02	-1.014726e+01
1.402000e-05	-2.146792e-02	-1.015934e+01
1.403000e-05	-3.758683e-02	-1.023247e+01
1.404000e-05	-4.120897e-02	-1.024100e+01
1.405000e-05	-3.227990e-02	-1.027460e+01
1.406000e-05	-2.293435e-02	-1.028460e+01
1.407000e-05	-3.750549e-02	-1.030675e+01
1.408000e-05	-4.557676e-02	-1.030616e+01
1.409000e-05	-3.836746e-02	-1.023420e+01
1.410000e-05	-3.110087e-02	-1.029471e+01
1.411000e-05	-3.896949e-02	-1.027371e+01
1.412000e-05	-4.993512e-02	-1.025505e+01
1.413000e-05	-4.226726e-02	-1.025355e+01
1.414000e-05	-3.549588e-02	-1.020153e+01
1.415000e-05	-4.506199e-02	-1.020047e+01
1.416000e-05	-5.544602e-02	-1.016774e+01
1.417000e-05	-5.329374e-02	-1.010526e+01
1.418000e-05	-4.517955e-02	-1.005508e+01
1.419000e-05	-5.293755e-02	-1.005160e+01
1.420000e-05	-6.292631e-02	-1.000042e+01
1.421000e-05	-6.284859e-02	-9.989946e+00
1.422000e-05	-5.703127e-02	-9.926288e+00
1.423000e-05	-6.300476e-02	-9.903659e+00
1.424000e-05	-7.604532e-02	-9.842953e+00
1.425000e-05	-7.862247e-02	-9.798944e+00
1.426000e-05	-7.551801e-02	-9.746315e+00
1.427000e-05	-8.195200e-02	-9.663633e+00
1.428000e-05	-9.406172e-02	-9.620479e+00
1.429000e-05	-9.957715e-02	-9.558295e+00
1.430000e-05	-9.530384e-02	-9.474636e+00
1.431000e-05	-9.754521e-02	-9.400369e+00
1.432000e-05	-1.046272e-01	-9.315137e+00
1.433000e-05	-1.066234e-01	-9.190967e+00
1.434000e-05	-9.897820e-02	-9.134787e+00
1.435000e-05	-9.529268e-02	-9.051978e+00
1.436000e-05	-9.717253e-02	-8.955916e+00
1.437000e-05	-9.697284e-02	-8.852506e+00
1.438000e-05	-8.766898e-02	-8.788420e+00
1.439000e-05	-7.927321e-02	-8.673601e+00
1.440000e-05	-7.961351e-02	-8.537365e+00
1.441000e-05	-7.758822e-02	-8.431001e+00
1.442000e-05	-6.877357e-02	-8.295336e+00
1.443000e-05	-6.132233e-02	-8.211924e+00
1.444000e-05	-6.149937e-02	-8.075211e+00
1.445000e-05	-6.124829e-02	-8.038974e+00
1.446000e-05	-5.439655e-02	-7.853279e+00
1.447000e-05	-4.686372e-02	-7.726664e+00
1.448000e-05	-4.543304e-02	-7.566362e+00
1.449000e-05	-4.655603e-02	-7.442078e+00
1.450000e-05	-4.179738e-02	-7.263712e+00
1.451000e-05	-3.594854e-02	-7.178396e+00
1.452000e-05	-3.685613e-02	-7.020080e+00
1.453000e-05	-3.661918e-02	-6.861578e+00
1.454000e-05	-3.459708e-02	-6.716762e+00
1.455000e-05	-2.892047e-02	-6.577920e+00
1.456000e-05	-2.711041e-02	-6.462555e+00
1.457000e-05	-2.886835e-02	-6.304791e+00
1.458000e-05	-2.862846e-02	-6.074706e+00
1.459000e-05	-2.357131e-02	-5.959367e+00
1.460000e-05	-2.213130e-02	-5.829502e+00
1.461000e-05	-2.463058e-02	-5.663207e+00
1.462000e-05	-2.344657e-02	-5.503738e+00
1.463000e-05	-1.933875e-02	-5.273133e+00
1.464000e-05	-1.712082e-02	-5.096817e+00
1.465000e-05	-1.985134e-02	-4.915370e+00
1.466000e-05	-1.993107e-02	-4.693158e+00
1.467000e-05	-1.646645e-02	-4.539920e+00
1.468000e-05	-1.407131e-02	-4.429050e+00
1.469000e-05	-1.623580e-02	-4.262610e+00
1.470000e-05	-1.583124e-02	-4.113862e+00
1.471000e-05	-1.440724e-02	-3.967872e+00
1.472000e-05	-1.147235e-02	-3.718844e+00
1.473000e-05	-1.242056e-02	-3.567895e+00
1.474000e-05	-1.311815e-02	-3.397899e+00
1.475000e-05	-1.178832e-02	-3.221080e+00
1.476000e-05	-9.167652e-03	-3.009653e+00
1.477000e-05	-1.109845e-02	-2.840026e+00
1.478000e-05	-1.121336e-02	-2.681134e+00
1.479000e-05	-1.107336e-02	-2.492308e+00
1.480000e-05	-7.372958e-03	-2.295388e+00
1.481000e-05	-7.455888e-03	-2.073678e+00
1.482000e-05	-7.716465e-03	-1.902785e+00
1.483000e-05	-7.342241e-03	-1.736467e+00
1.484000e-05	-6.034523e-03	-1.596446e+00
1.485000e-05	-6.899544e-03	-1.291867e+00
1.486000e-05	-8.111914e-03	-1.096291e+00
1.487000e-05	-5.781389e-03	-9.253144e-01
1.488000e-05	-5.362323e-03	-7.589209e-01
1.489000e-05	-3.456348e-03	-5.348461e-01
1.490000e-05	-3.872287e-03	-3.268447e-01
1.491000e-05	-2.624023e-03	-1.790235e-01
1.492000e-05	1.370877e-03	6.042137e-02
1.493000e-05	2.993199e-03	2.104236e-01
1.494000e-05	-2.044647e-03	3.700213e-01
1.495000e-05	-2.930324e-05	5.282922e-01
1.496000e-05	-1.623842e-03	7.156871e-01
1.497000e-05	1.439248e-03	8.641292e-01
1.498000e-05	1.103934e-03	1.086259e+00
1.499000e-05	5.330684e-03	1.305187e+00
1.500000e-05	2.454360e-02	1.453152e+00
1.501000e-05	6.367144e-02	1.718191e+00
1.502000e-05	-5.358023e-03	1.936819e+00
1.503000e-05	-4.658156e-02	2.107341e+00
1.504000e-05	-4.441182e-02	2.297219e+00
1.505000e-05	-5.164109e-02	2.411052e+00
1.506000e-05	2.575113e-02	2.537789e+00
1.507000e-05	9.172808e-02	2.767941e+00
1.508000e-05	-9.560020e-02	2.916765e+00
1.509000e-05	4.194812e-02	3.065134e+00
1.510000e-05	8.149145e-02	3.275032e+00
1.511000e-05	-3.965734e-02	3.466208e+00
1.512000e-05	2.385028e-02	3.642999e+00
1.513000e-05	-4.275200e-02	3.793021e+00
1.514000e-05	-2.755405e-02	3.959445e+00
1.515000e-05	8.586325e-02	4.129792e+00
1.516000e-05	6.756562e-04	4.349297e+00
1.517000e-05	-2.446449e-02	4.529263e+00
1.518000e-05	1.384650e-02	4.707136e+00
1.519000e-05	-2.450059e-03	4.886157e+00
1.520000e-05	4.283760e-02	5.095578e+00
1.521000e-05	-3.166629e-02	5.307710e+00
1.522000e-05	-4.291419e-03	5.465652e+00
1.523000e-05	3.730548e-02	5.591499e+00
1.524000e-05	3.274311e-02	5.788369e+00
1.525000e-05	-4.314581e-03	5.948815e+00
1.526000e-05	-3.706395e-02	6.126162e+00
1.527000e-05	3.891338e-02	6.254078e+00
1.528000e-05	2.557512e-02	6.389292e+00
1.529000e-05	-7.964762e-04	6.529187e+00
1.530000e-05	4.499520e-03	6.685187e+00
1.531000e-05	1.097882e-02	6.883559e+00
1.532000e-05	3.185563e-02	6.988971e+00
1.533000e-05	3.733428e-03	7.118713e+00
1.534000e-05	-9.895685e-03	7.230477e+00
1.535000e-05	1.345324e-02	7.381370e+00
1.536000e-05	2.848371e-02	7.579293e+00
1.537000e-05	2.204400e-02	7.695684e+00
1.538000e-05	-4.339051e-03	7.844551e+00
1.539000e-05	1.634523e-02	7.991876e+00
1.540000e-05	2.639354e-02	8.115232e+00
1.541000e-05	1.258171e-02	8.233528e+00
1.542000e-05	4.915953e-03	8.337710e+00
1.543000e-05	4.514277e-03	8.420530e+00
1.544000e-05	3.029432e-02	8.486762e+00
1.545000e-05	2.017880e-02	8.612374e+00
1.546000e-05	1.172998e-02	8.665738e+00
1.547000e-05	1.233953e-02	8.798468e+00
1.548000e-05	2.457998e-02	8.908081e+00
1.549000e-05	2.398534e-02	9.010393e+00
1.550000e-05	5.299977e-03	9.115633e+00
1.551000e-05	1.324138e-02	9.200975e+00
1.552000e-05	2.248510e-02	9.233134e+00
1.553000e-05	2.652929e-02	9.336765e+00
1.554000e-05	1.370397e-02	9.403922e+00
1.555000e-05	1.518225e-02	9.474107e+00
1.556000e-05	2.603191e-02	9.548339e+00
1.557000e-05	2.632158e-02	9.560442e+00
1.558000e-05	1.668557e-02	9.664978e+00
1.559000e-05	1.421070e-02	9.697266e+00
1.560000e-05	2.561450e-02	9.790894e+00
1.561000e-05	2.588363e-02	9.853554e+00
1.562000e-05	2.015429e-02	9.927787e+00
1.563000e-05	1.659086e-02	9.959414e+00
1.564000e-05	2.785302e-02	9.979925e+00
1.565000e-05	3.035068e-02	1.005307e+01
1.566000e-05	2.350430e-02	1.006616e+01
1.567000e-05	1.982308e-02	1.008573e+01
1.568000e-05	2.612870e-02	1.009577e+01
1.569000e-05	3.095414e-02	1.013728e+01
1.570000e-05	2.610307e-02	1.013887e+01
1.571000e-05	2.238975e-02	1.015882e+01
1.572000e-05	2.881337e-02	1.017902e+01
1.573000e-05	3.566928e-02	1.019037e+01
1.574000e-05	3.020106e-02	1.019845e+01
1.575000e-05	2.513627e-02	1.021240e+01
1.576000e-05	2.938442e-02	1.020044e+01
1.577000e-05	3.751431e-02	1.013992e+01
1.578000e-05	3.589950e-02	1.023037e+01
1.579000e-05	3.265831e-02	1.014827e+01
1.580000e-05	3.720092e-02	1.015834e+01
1.581000e-05	4.501701e-02	1.011674e+01
1.582000e-05	4.365036e-02	1.012568e+01
1.583000e-05	3.906009e-02	1.006421e+01
1.584000e-05	4.251912e-02	1.006205e+01
1.585000e-05	5.144934e-02	1.003150e+01
1.586000e-05	5.278745e-02	9.979470e+00
1.587000e-05	5.121270e-02	9.938240e+00
1.588000e-05	5.379692e-02	9.936731e+00
1.589000e-05	6.294126e-02	9.800905e+00
1.590000e-05	6.699338e-02	9.726265e+00
1.591000e-05	6.640593e-02	9.676138e+00
1.592000e-05	7.076965e-02	9.640524e+00
1.593000e-05	8.014774e-02	9.557794e+00
1.594000e-05	8.748603e-02	9.494762e+00
1.595000e-05	8.708193e-02	9.443000e+00
1.596000e-05	8.994265e-02	9.387793e+00
1.597000e-05	9.597788e-02	9.295159e+00
1.598000e-05	9.915724e-02	9.260627e+00
1.599000e-05	9.445739e-02	9.149842e+00
1.600000e-05	9.073829e-02	9.046604e+00
1.601000e-05	9.231298e-02	8.976866e+00
1.602000e-05	9.138741e-02	8.822628e+00
1.603000e-05	8.562900e-02	8.716791e+00
1.604000e-05	7.695571e-02	8.683056e+00
1.605000e-05	7.600802e-02	8.576764e+00
1.606000e-05	7.338947e-02	8.453631e+00
1.607000e-05	6.691653e-02	8.378392e+00
1.608000e-05	5.878052e-02	8.263734e+00
1.609000e-05	5.653702e-02	8.115863e+00
1.610000e-05	5.483296e-02	8.019551e+00
1.611000e-05	5.057601e-02	7.902737e+00
1.612000e-05	4.306391e-02	7.779400e+00
1.613000e-05	4.073751e-02	7.692177e+00
1.614000e-05	3.986609e-02	7.516366e+00
1.615000e-05	3.787059e-02	7.346862e+00
1.616000e-05	3.318973e-02	7.228474e+00
1.617000e-05	2.901207e-02	7.053281e+00
1.618000e-05	2.967059e-02	6.966861e+00
1.619000e-05	2.784170e-02	6.820025e+00
1.620000e-05	2.357520e-02	6.651686e+00
1.621000e-05	2.099984e-02	6.483283e+00
1.622000e-05	2.186806e-02	6.356367e+00
1.623000e-05	2.028301e-02	6.229426e+00
1.624000e-05	1.756755e-02	6.062709e+00
1.625000e-05	1.466426e-02	5.946942e+00
1.626000e-05	1.584747e-02	5.755962e+00
1.627000e-05	1.593997e-02	5.558399e+00
1.628000e-05	1.369948e-02	5.420528e+00
1.629000e-05	1.047103e-02	5.272227e+00
1.630000e-05	1.036596e-02	5.072250e+00
1.631000e-05	1.142197e-02	4.841679e+00
1.632000e-05	1.016706e-02	4.673657e+00
1.633000e-05	6.464673e-03	4.524837e+00
1.634000e-05	5.754639e-03	4.389972e+00
1.635000e-05	7.446726e-03	4.167040e+00
1.636000e-05	7.100505e-03	4.009425e+00
1.637000e-05	3.924979e-03	3.810529e+00
1.638000e-05	3.306407e-03	3.681132e+00
1.639000e-05	5.115929e-03	3.473261e+00
1.640000e-05	4.108971e-03	3.294212e+00
1.641000e-05	1.398061e-03	3.093843e+00
1.642000e-05	9.105783e-04	2.928268e+00
1.643000e-05	1.716468e-03	2.779000e+00
1.644000e-05	2.487687e-03	2.537002e+00
1.645000e-05	-5.802862e-04	2.346395e+00
1.646000e-05	-1.007737e-03	2.198574e+00
1.647000e-05	1.452535e-04	2.010554e+00
1.648000e-05	1.601823e-03	1.831605e+00
1.649000e-05	-1.878847e-03	1.622080e+00
1.650000e-05	-2.798315e-03	1.452755e+00
1.651000e-05	-2.473221e-03	1.271210e+00
1.652000e-05	-7.333607e-04	1.050161e+00
1.653000e-05	-3.283789e-03	8.105774e-01
1.654000e-05	-4.499063e-03	6.017028e-01
1.655000e-05	-3.846188e-03	4.721590e-01
1.656000e-05	-1.919267e-03	2.913407e-01
1.657000e-05	-4.069823e-03	4.225421e-02
1.658000e-05	-2.123189e-03	-1.072383e-01
1.659000e-05	1.188338e-03	-2.846569e-01
1.660000e-05	-1.163717e-03	-4.405513e-01
1.661000e-05	-3.364598e-03	-6.136028e-01
1.662000e-05	-6.759225e-03	-8.330278e-01
1.663000e-05	-5.596262e-03	-9.594198e-01
1.664000e-05	-2.586877e-03	-1.136765e+00
1.665000e-05	2.555183e-03	-1.337409e+00
1.666000e-05	5.825580e-02	-1.538863e+00
1.667000e-05	2.530028e-02	-1.748262e+00
1.668000e-05	-5.085953e-02	-1.979349e+00
1.669000e-05	-5.553572e-02	-2.255132e+00
1.670000e-05	-9.467511e-02	-2.454082e+00
1.671000e-05	4.168501e-02	-2.507841e+00
1.672000e-05	1.046392e-01	-2.609952e+00
1.673000e-05	-1.459905e-01	-2.824553e+00
1.674000e-05	5.237929e-02	-3.013057e+00
1.675000e-05	8.218069e-02	-3.178893e+00
1.676000e-05	-8.474126e-02	-3.402378e+00
1.677000e-05	5.065213e-02	-3.568897e+00
1.678000e-05	-7.767621e-02	-3.695635e+00
1.679000e-05	-8.374341e-02	-3.928395e+00
1.680000e-05	1.376640e-01	-4.065685e+00
1.681000e-05	-4.833493e-02	-4.296158e+00
1.682000e-05	-2.740174e-02	-4.412528e+00
1.683000e-05	9.426549e-03	-4.640342e+00
1.684000e-05	-5.942589e-02	-4.821973e+00
1.685000e-05	8.810980e-02	-4.999469e+00
1.686000e-05	-1.043424e-01	-5.127185e+00
1.687000e-05	-3.255026e-02	-5.308712e+00
1.688000e-05	7.560747e-02	-5.494636e+00
1.689000e-05	-3.513075e-02	-5.726660e+00
1.690000e-05	7.691736e-03	-5.833101e+00
1.691000e-05	-9.612750e-02	-5.999394e+00
1.692000e-05	3.053492e-02	-6.191241e+00
1.693000e-05	3.145191e-02	-6.306235e+00
1.694000e-05	-8.014447e-02	-6.485108e+00
1.695000e-05	2.123231e-02	-6.610925e+00
1.696000e-05	-4.168519e-02	-6.737889e+00
1.697000e-05	3.730279e-02	-6.926212e+00
1.698000e-05	-3.366431e-02	-7.064507e+00
1.699000e-05	-6.683955e-02	-7.231929e+00
1.700000e-05	2.806012e-02	-7.358295e+00
1.701000e-05	-2.908544e-02	-7.474131e+00
1.702000e-05	1.264062e-02	-7.641899e+00
1.703000e-05	-6.238793e-02	-7.741896e+00
1.704000e-05	-3.650878e-03	-7.968215e+00
1.705000e-05	7.034452e-03	-8.062556e+00
1.706000e-05	-3.889772e-02	-8.189396e+00
1.707000e-05	-1.914005e-02	-8.284556e+00
1.708000e-05	-4.304841e-02	-8.399394e+00
1.709000e-05	2.026747e-02	-8.464610e+00
1.710000e-05	-2.993694e-02	-8.630797e+00
1.711000e-05	-3.350690e-02	-8.748334e+00
1.712000e-05	-2.363164e-02	-8.831552e+00
1.713000e-05	-1.038364e-02	-8.907712e+00
1.714000e-05	-1.023022e-02	-8.971871e+00
1.715000e-05	-4.953480e-02	-9.075611e+00
1.716000e-05	-2.070619e-02	-9.148867e+00
1.717000e-05	-1.343257e-02	-9.232031e+00
1.718000e-05	-1.278254e-02	-9.297691e+00
1.719000e-05	-3.782470e-02	-9.395899e+00
1.720000e-05	-3.236428e-02	-9.476135e+00
1.721000e-05	-1.290233e-02	-9.591317e+00
1.722000e-05	-2.076443e-02	-9.672082e+00
1.723000e-05	-3.569477e-02	-9.727163e+00
1.724000e-05	-3.559248e-02	-9.748742e+00
1.725000e-05	-1.569420e-02	-9.841476e+00
1.726000e-05	-2.064725e-02	-9.895207e+00
1.727000e-05	-3.446426e-02	-9.925765e+00
1.728000e-05	-3.883353e-02	-9.956866e+00
1.729000e-05	-2.145663e-02	-1.000035e+01
1.730000e-05	-2.200898e-02	-1.003195e+01
1.731000e-05	-3.504298e-02	-1.002501e+01
1.732000e-05	-3.836548e-02	-1.010766e+01
1.733000e-05	-2.692644e-02	-1.018924e+01
1.734000e-05	-2.398524e-02	-1.015092e+01
1.735000e-05	-3.783338e-02	-1.020284e+01
1.736000e-05	-4.068746e-02	-1.021250e+01
1.737000e-05	-3.158784e-02	-1.027355e+01
1.738000e-05	-2.466102e-02	-1.028450e+01
1.739000e-05	-3.717044e-02	-1.028503e+01
1.740000e-05	-4.403734e-02	-1.028563e+01
1.741000e-05	-3.668822e-02	-1.030561e+01
1.742000e-05	-3.216046e-02	-1.028471e+01
1.743000e-05	-3.975109e-02	-1.029658e+01
1.744000e-05	-4.819024e-02	-1.027366e+01
1.745000e-05	-4.204623e-02	-1.023350e+01
1.746000e-05	-3.787423e-02	-1.025450e+01
1.747000e-05	-4.493235e-02	-1.021945e+01
1.748000e-05	-5.410068e-02	-1.014727e+01
1.749000e-05	-5.216175e-02	-1.009611e+01
1.750000e-05	-4.574914e-02	-1.005411e+01
1.751000e-05	-5.315011e-02	-1.007203e+01
1.752000e-05	-6.126122e-02	-9.990424e+00
1.753000e-05	-6.170438e-02	-9.938896e+00
1.754000e-05	-5.912106e-02	-9.956290e+00
1.755000e-05	-6.385654e-02	-9.904682e+00
1.756000e-05	-7.605800e-02	-9.821577e+00
1.757000e-05	-7.772182e-02	-9.790915e+00
1.758000e-05	-7.645726e-02	-9.717264e+00
1.759000e-05	-8.241907e-02	-9.695583e+00
1.760000e-05	-9.253113e-02	-9.640978e+00
1.761000e-05	-9.762206e-02	-9.567920e+00
1.762000e-05	-9.445848e-02	-9.474633e+00
1.763000e-05	-9.838541e-02	-9.390991e+00
1.764000e-05	-1.052762e-01	-9.305063e+00
1.765000e-05	-1.060085e-01	-9.190449e+00
1.766000e-05	-1.003307e-01	-9.136816e+00
1.767000e-05	-9.749560e-02	-9.051079e+00
1.768000e-05	-9.777431e-02	-8.937320e+00
1.769000e-05	-9.498929e-02	-8.873007e+00
1.770000e-05	-8.607819e-02	-8.798474e+00
1.771000e-05	-8.073333e-02	-8.664607e+00
1.772000e-05	-7.935193e-02	-8.515791e+00
1.773000e-05	-7.654492e-02	-8.391026e+00
1.774000e-05	-6.820693e-02	-8.316312e+00
1.775000e-05	-6.317083e-02	-8.220527e+00
1.776000e-05	-6.166927e-02	-8.073286e+00
1.777000e-05	-6.073485e-02	-7.971501e+00
1.778000e-05	-5.289200e-02	-7.883649e+00
1.779000e-05	-4.792499e-02	-7.716692e+00
1.780000e-05	-4.658258e-02	-7.567417e+00
1.781000e-05	-4.669682e-02	-7.441525e+00
1.782000e-05	-4.076935e-02	-7.305186e+00
1.783000e-05	-3.699629e-02	-7.168419e+00
1.784000e-05	-3.741733e-02	-7.011048e+00
1.785000e-05	-3.766656e-02	-6.820654e+00
1.786000e-05	-3.266029e-02	-6.726288e+00
1.787000e-05	-2.854313e-02	-6.557919e+00
1.788000e-05	-2.937952e-02	-6.441554e+00
1.789000e-05	-2.936404e-02	-6.335743e+00
1.790000e-05	-2.634066e-02	-6.084288e+00
1.791000e-05	-2.375483e-02	-5.938370e+00
1.792000e-05	-2.372136e-02	-5.810598e+00
1.793000e-05	-2.513788e-02	-5.623183e+00
1.794000e-05	-2.182259e-02	-5.495338e+00
1.795000e-05	-1.774320e-02	-5.283786e+00
1.796000e-05	-1.850827e-02	-5.104811e+00
1.797000e-05	-1.985910e-02	-4.937792e+00
1.798000e-05	-1.889198e-02	-4.744740e+00
1.799000e-05	-1.556292e-02	-4.587446e+00
1.800000e-05	-1.508989e-02	-4.390475e+00
1.801000e-05	-1.783910e-02	-4.263336e+00
1.802000e-05	-1.459237e-02	-4.116360e+00
1.803000e-05	-1.325121e-02	-3.966891e+00
1.804000e-05	-1.182682e-02	-3.746846e+00
1.805000e-05	-1.488229e-02	-3.568395e+00
1.806000e-05	-1.213342e-02	-3.379474e+00
1.807000e-05	-1.027858e-02	-3.229553e+00
1.808000e-05	-9.167771e-03	-3.069129e+00
1.809000e-05	-1.225893e-02	-2.870081e+00
1.810000e-05	-1.094971e-02	-2.662162e+00
1.811000e-05	-8.932001e-03	-2.493184e+00
1.812000e-05	-7.312267e-03	-2.304716e+00
1.813000e-05	-9.478494e-03	-2.082210e+00
1.814000e-05	-8.392829e-03	-1.915318e+00
1.815000e-05	-6.108846e-03	-1.705367e+00
1.816000e-05	-5.934206e-03	-1.576921e+00
1.817000e-05	-8.127350e-03	-1.324863e+00
1.818000e-05	-8.334750e-03	-1.095388e+00
1.819000e-05	-5.661949e-03	-9.056896e-01
1.820000e-05	-4.252045e-03	-7.683984e-01
1.821000e-05	-4.437113e-03	-5.453157e-01
1.822000e-05	-5.386113e-03	-3.289696e-01
1.823000e-05	-2.713264e-03	-1.679699e-01
1.824000e-05	1.477165e-03	-1.102250e-02
1.825000e-05	2.653293e-03	1.718736e-01
1.826000e-05	-3.050927e-03	3.889463e-01
1.827000e-05	2.098308e-04	5.282657e-01
1.828000e-05	-2.193438e-04	7.062620e-01
1.829000e-05	2.299838e-03	8.850817e-01
1.830000e-05	-5.498042e-04	1.115161e+00
1.831000e-05	5.499059e-03	1.285134e+00
1.832000e-05	2.597253e-02	1.454631e+00
1.833000e-05	6.361007e-02	1.706340e+00
1.834000e-05	-6.786080e-03	1.948791e+00
1.835000e-05	-4.756886e-02	2.129342e+00
1.836000e-05	-4.332222e-02	2.326261e+00
1.837000e-05	-5.092429e-02	2.410026e+00
1.838000e-05	2.348144e-02	2.497740e+00
1.839000e-05	9.154624e-02	2.749865e+00
1.840000e-05	-9.224598e-02	2.947791e+00
1.841000e-05	4.092085e-02	3.053555e+00
1.842000e-05	8.137936e-02	3.257107e+00
1.843000e-05	-4.112170e-02	3.475108e+00
1.844000e-05	2.369545e-02	3.611497e+00
1.845000e-05	-4.110622e-02	3.861373e+00
1.846000e-05	-3.015652e-02	3.988870e+00
1.847000e-05	8.530713e-02	4.107766e+00
1.848000e-05	3.527112e-03	4.348870e+00
1.849000e-05	-2.294511e-02	4.546762e+00
1.850000e-05	1.297696e-02	4.695213e+00
1.851000e-05	-5.132828e-03	4.885082e+00
1.852000e-05	4.260304e-02	5.125581e+00
1.853000e-05	-3.086571e-02	5.307161e+00
1.854000e-05	-4.906381e-03	5.464655e+00
1.855000e-05	3.656292e-02	5.580469e+00
1.856000e-05	3.398112e-02	5.790216e+00
1.857000e-05	-1.270381e-03	5.958317e+00
1.858000e-05	-3.738273e-02	6.096138e+00
1.859000e-05	3.615221e-02	6.251527e+00
1.860000e-05	2.452365e-02	6.389890e+00
1.861000e-05	1.369591e-04	6.498682e+00
1.862000e-05	5.219945e-03	6.715737e+00
1.863000e-05	9.788441e-03	6.873603e+00
1.864000e-05	3.282438e-02	6.981396e+00
1.865000e-05	8.000400e-03	7.106208e+00
1.866000e-05	-9.841035e-03	7.263553e+00
1.867000e-05	1.296543e-02	7.391374e+00
1.868000e-05	2.525794e-02	7.589269e+00
1.869000e-05	2.343211e-02	7.715684e+00
1.870000e-05	-5.022257e-03	7.794478e+00
1.871000e-05	1.453047e-02	7.949294e+00
1.872000e-05	2.405077e-02	8.167679e+00
1.873000e-05	1.622669e-02	8.202050e+00
1.874000e-05	7.277027e-03	8.338289e+00
1.875000e-05	6.382214e-03	8.430978e+00
1.876000e-05	2.821533e-02	8.486238e+00
1.877000e-05	2.126337e-02	8.611372e+00
1.878000e-05	1.141958e-02	8.695161e+00
1.879000e-05	1.008499e-02	8.780021e+00
1.880000e-05	2.317868e-02	8.875554e+00
1.881000e-05	2.345384e-02	8.990369e+00
1.882000e-05	8.669202e-03	9.095736e+00
1.883000e-05	1.369621e-02	9.179950e+00
1.884000e-05	2.298778e-02	9.254579e+00
1.885000e-05	2.763811e-02	9.326687e+00
1.886000e-05	1.576790e-02	9.411419e+00
1.887000e-05	1.435173e-02	9.445160e+00
1.888000e-05	2.306269e-02	9.538765e+00
1.889000e-05	2.577013e-02	9.599922e+00
1.890000e-05	1.844066e-02	9.645078e+00
1.891000e-05	1.641012e-02	9.747687e+00
1.892000e-05	2.507435e-02	9.813468e+00
1.893000e-05	2.723411e-02	9.863052e+00
1.894000e-05	2.149896e-02	9.927335e+00
1.895000e-05	1.629481e-02	9.959286e+00
1.896000e-05	2.371561e-02	1.000090e+01
1.897000e-05	2.928620e-02	1.003300e+01
1.898000e-05	2.435184e-02	1.005406e+01
1.899000e-05	2.142181e-02	1.009614e+01
1.900000e-05	2.543992e-02	1.011574e+01
1.901000e-05	3.028572e-02	1.014826e+01
1.902000e-05	2.634624e-02	1.011929e+01
1.903000e-05	2.303563e-02	1.014987e+01
1.904000e-05	2.699903e-02	1.021094e+01
1.905000e-05	3.460496e-02	1.022044e+01
1.906000e-05	3.103289e-02	1.017949e+01
1.907000e-05	2.645199e-02	1.018092e+01
1.908000e-05	2.999384e-02	1.020052e+01
1.909000e-05	3.687648e-02	1.019184e+01
1.910000e-05	3.646436e-02	1.019842e+01
1.911000e-05	3.319924e-02	1.015789e+01
1.912000e-05	3.673472e-02	1.013781e+01
1.913000e-05	4.247075e-02	1.015721e+01
1.914000e-05	4.430689e-02	1.009571e+01
1.915000e-05	4.047810e-02	1.006311e+01
1.916000e-05	4.264990e-02	1.006318e+01
1.917000e-05	5.170098e-02	1.001200e+01
1.918000e-05	5.362575e-02	9.989395e+00
1.919000e-05	5.185054e-02	9.948284e+00
1.920000e-05	5.358525e-02	9.843159e+00
1.921000e-05	6.302270e-02	9.831475e+00
1.922000e-05	6.632320e-02	9.739236e+00
1.923000e-05	6.711389e-02	9.705133e+00
1.924000e-05	7.162753e-02	9.600521e+00
1.925000e-05	8.168614e-02	9.576868e+00
1.926000e-05	8.646392e-02	9.484761e+00
1.927000e-05	8.687814e-02	9.462002e+00
1.928000e-05	8.848092e-02	9.388347e+00
1.929000e-05	9.527382e-02	9.295657e+00
1.930000e-05	9.838213e-02	9.212024e+00
1.931000e-05	9.531947e-02	9.158867e+00
1.932000e-05	9.227914e-02	9.032675e+00
1.933000e-05	9.279043e-02	8.925287e+00
1.934000e-05	9.071562e-02	8.832555e+00
1.935000e-05	8.559511e-02	8.718765e+00
1.936000e-05	7.770801e-02	8.661182e+00
1.937000e-05	7.647443e-02	8.560416e+00
1.938000e-05	7.252248e-02	8.463131e+00
1.939000e-05	6.788053e-02	8.390373e+00
1.940000e-05	5.903862e-02	8.293682e+00
1.941000e-05	5.765996e-02	8.114766e+00
1.942000e-05	5.534839e-02	8.031521e+00
1.943000e-05	5.142077e-02	7.905158e+00
1.944000e-05	4.392680e-02	7.788450e+00
1.945000e-05	4.115488e-02	7.682107e+00
1.946000e-05	4.152286e-02	7.546356e+00
1.947000e-05	3.677921e-02	7.326315e+00
1.948000e-05	3.235008e-02	7.189449e+00
1.949000e-05	2.878950e-02	7.053256e+00
1.950000e-05	2.941768e-02	6.937367e+00
1.951000e-05	2.724555e-02	6.808950e+00
1.952000e-05	2.432358e-02	6.694654e+00
1.953000e-05	2.177468e-02	6.493709e+00
1.954000e-05	2.290066e-02	6.345842e+00
1.955000e-05	2.085917e-02	6.201498e+00
1.956000e-05	1.753082e-02	6.073707e+00
1.957000e-05	1.475118e-02	5.965915e+00
1.958000e-05	1.542620e-02	5.766864e+00
1.959000e-05	1.549511e-02	5.598400e+00
1.960000e-05	1.290414e-02	5.431604e+00
1.961000e-05	1.128452e-02	5.260725e+00
1.962000e-05	1.150788e-02	5.071152e+00
1.963000e-05	1.173939e-02	4.843104e+00
1.964000e-05	8.902530e-03	4.663208e+00
1.965000e-05	6.910731e-03	4.534388e+00
1.966000e-05	6.572462e-03	4.408899e+00
1.967000e-05	8.264386e-03	4.178047e+00
1.968000e-05	5.970339e-03	3.999475e+00
1.969000e-05	4.037338e-03	3.840549e+00
1.970000e-05	5.044417e-03	3.631757e+00
1.971000e-05	4.953281e-03	3.515813e+00
1.972000e-05	3.565567e-03	3.282132e+00
1.973000e-05	1.149275e-03	3.084312e+00
1.974000e-05	1.844364e-03	2.967870e+00
1.975000e-05	3.036355e-03	2.787470e+00
1.976000e-05	1.698487e-03	2.567017e+00
1.977000e-05	-1.099200e-04	2.356421e+00
1.978000e-05	-5.064617e-04	2.198547e+00
1.979000e-05	8.110934e-04	2.021101e+00
1.980000e-05	-1.019344e-03	1.851653e+00
1.981000e-05	-2.022744e-03	1.630629e+00
1.982000e-05	-2.471876e-03	1.439651e+00
1.983000e-05	-1.133546e-03	1.283227e+00
1.984000e-05	-2.870507e-03	1.060154e+00
1.985000e-05	-4.088046e-03	8.490538e-01
1.986000e-05	-3.896968e-03	6.526527e-01
1.987000e-05	-2.452579e-03	4.512315e-01
1.988000e-05	-2.936957e-03	3.012894e-01
1.989000e-05	-4.839457e-03	4.265653e-02
1.990000e-05	-2.049918e-03	-1.061897e-01
1.991000e-05	1.519096e-03	-2.561320e-01
1.992000e-05	-2.730621e-03	-4.215514e-01
1.993000e-05	-3.836859e-03	-5.945078e-01
1.994000e-05	-6.701984e-03	-8.105290e-01
1.995000e-05	-3.854996e-03	-9.793749e-01
1.996000e-05	-4.595685e-03	-1.139770e+00
1.997000e-05	1.907725e-03	-1.315266e+00
1.998000e-05	5.725727e-02	-1.517367e+00
1.999000e-05	2.884229e-02	-1.737285e+00
2.000000e-05	-5.108327e-02	-2.001345e+00
2.001000e-05	-5.501644e-02	-2.306577e+00
2.002000e-05	-9.555136e-02	-2.453632e+00
2.003000e-05	4.034300e-02	-2.557366e+00
2.004000e-05	1.068488e-01	-2.611524e+00
2.005000e-05	-1.452063e-01	-2.822629e+00
2.006000e-05	4.929889e-02	-3.054062e+00
2.007000e-05	8.369902e-02	-3.160949e+00
2.008000e-05	-8.478583e-02	-3.373373e+00
2.009000e-05	5.022334e-02	-3.569396e+00
2.010000e-05	-7.646963e-02	-3.698685e+00
2.011000e-05	-8.578515e-02	-3.927340e+00
2.012000e-05	1.389796e-01	-4.083661e+00
2.013000e-05	-4.543383e-02	-4.265108e+00
2.014000e-05	-2.909215e-02	-4.441529e+00
2.015000e-05	8.621026e-03	-4.570867e+00
2.016000e-05	-6.154635e-02	-4.832820e+00
2.017000e-05	8.828245e-02	-4.969924e+00
2.018000e-05	-1.023405e-01	-5.117240e+00
2.019000e-05	-3.313897e-02	-5.319290e+00
2.020000e-05	7.683610e-02	-5.495708e+00
2.021000e-05	-3.391828e-02	-5.725735e+00
2.022000e-05	8.255875e-03	-5.843505e+00
2.023000e-05	-9.618141e-02	-5.978869e+00
2.024000e-05	2.846775e-02	-6.127816e+00
2.025000e-05	3.278479e-02	-6.327215e+00
2.026000e-05	-8.053657e-02	-6.476613e+00
2.027000e-05	2.056996e-02	-6.591973e+00
2.028000e-05	-4.176041e-02	-6.748814e+00
2.029000e-05	3.665280e-02	-6.947585e+00
2.030000e-05	-3.344844e-02	-7.034127e+00
2.031000e-05	-6.864009e-02	-7.242400e+00
2.032000e-05	2.973359e-02	-7.308741e+00
2.033000e-05	-2.829206e-02	-7.505604e+00
2.034000e-05	1.281891e-02	-7.591879e+00
2.035000e-05	-6.196672e-02	-7.801245e+00
2.036000e-05	-4.861541e-03	-7.957715e+00
2.037000e-05	8.377640e-03	-8.063503e+00
2.038000e-05	-3.987200e-02	-8.139872e+00
2.039000e-05	-1.970043e-02	-8.265127e+00
2.040000e-05	-4.349841e-02	-8.359395e+00
2.041000e-05	2.046332e-02	-8.422555e+00
2.042000e-05	-2.834218e-02	-8.622371e+00
2.043000e-05	-3.408991e-02	-8.736239e+00
2.044000e-05	-2.296209e-02	-8.791477e+00
2.045000e-05	-9.381381e-03	-8.906162e+00
2.046000e-05	-9.811823e-03	-9.031471e+00
2.047000e-05	-5.025153e-02	-9.105681e+00
2.048000e-05	-2.153645e-02	-9.179342e+00
2.049000e-05	-1.414749e-02	-9.211502e+00
2.050000e-05	-1.258296e-02	-9.327391e+00
2.051000e-05	-3.906532e-02	-9.383420e+00
2.052000e-05	-3.253910e-02	-9.524661e+00
2.053000e-05	-1.180331e-02	-9.580304e+00
2.054000e-05	-1.928503e-02	-9.674608e+00
2.055000e-05	-3.477515e-02	-9.717211e+00
2.056000e-05	-3.589773e-02	-9.769295e+00
2.057000e-05	-1.562640e-02	-9.831449e+00
2.058000e-05	-2.055436e-02	-9.873710e+00
2.059000e-05	-3.501530e-02	-9.917213e+00
2.060000e-05	-4.042223e-02	-9.937791e+00
2.061000e-05	-2.103120e-02	-9.999971e+00
2.062000e-05	-2.202234e-02	-1.004093e+01
2.063000e-05	-3.378565e-02	-1.004401e+01
2.064000e-05	-3.858655e-02	-1.013561e+01
2.065000e-05	-2.535014e-02	-1.013876e+01
2.066000e-05	-2.318882e-02	-1.015082e+01
2.067000e-05	-3.711438e-02	-1.023090e+01
2.068000e-05	-4.207317e-02	-1.024297e+01
2.069000e-05	-3.171945e-02	-1.026495e+01
2.070000e-05	-2.447072e-02	-1.027508e+01
2.071000e-05	-3.777552e-02	-1.026408e+01
2.072000e-05	-4.512427e-02	-1.032508e+01
2.073000e-05	-3.544420e-02	-1.031470e+01
2.074000e-05	-2.975547e-02	-1.028313e+01
2.075000e-05	-3.849175e-02	-1.025371e+01
2.076000e-05	-4.990356e-02	-1.026160e+01
2.077000e-05	-4.257897e-02	-1.022345e+01
2.078000e-05	-3.699376e-02	-1.025102e+01
2.079000e-05	-4.549776e-02	-1.016877e+01
2.080000e-05	-5.519459e-02	-1.019879e+01
2.081000e-05	-5.212451e-02	-1.009411e+01
2.082000e-05	-4.277073e-02	-1.010466e+01
2.083000e-05	-5.084405e-02	-1.004263e+01
2.084000e-05	-6.211705e-02	-1.001000e+01
2.085000e-05	-6.267637e-02	-9.979465e+00
2.086000e-05	-5.993133e-02	-9.946262e+00
2.087000e-05	-6.342532e-02	-9.904708e+00
2.088000e-05	-7.541617e-02	-9.853054e+00
2.089000e-05	-7.742685e-02	-9.768895e+00
2.090000e-05	-7.391551e-02	-9.717790e+00
2.091000e-05	-8.059164e-02	-9.654662e+00
2.092000e-05	-9.291858e-02	-9.632002e+00
2.093000e-05	-9.887882e-02	-9.548943e+00
2.094000e-05	-9.646432e-02	-9.485758e+00
2.095000e-05	-9.920037e-02	-9.410369e+00
2.096000e-05	-1.056367e-01	-9.313157e+00
2.097000e-05	-1.071113e-01	-9.228949e+00
2.098000e-05	-9.863500e-02	-9.096762e+00
2.099000e-05	-9.515168e-02	-9.022129e+00
2.100000e-05	-9.699135e-02	-8.935290e+00
2.101000e-05	-9.534767e-02	-8.852557e+00
2.102000e-05	-8.810069e-02	-8.799968e+00
2.103000e-05	-8.031718e-02	-8.664129e+00
2.104000e-05	-7.954262e-02	-8.515766e+00
2.105000e-05	-7.754008e-02	-8.440528e+00
2.106000e-05	-6.840812e-02	-8.325740e+00
2.107000e-05	-6.184749e-02	-8.240074e+00
2.108000e-05	-6.036023e-02	-8.095733e+00
2.109000e-05	-6.131368e-02	-8.000973e+00
2.110000e-05	-5.345515e-02	-7.883128e+00
2.111000e-05	-4.824161e-02	-7.694887e+00
2.112000e-05	-4.649705e-02	-7.599294e+00
2.113000e-05	-4.650546e-02	-7.442478e+00
2.114000e-05	-4.210753e-02	-7.304659e+00
2.115000e-05	-3.579334e-02	-7.177896e+00
2.116000e-05	-3.660293e-02	-6.999473e+00
2.117000e-05	-3.710817e-02	-6.832105e+00
2.118000e-05	-3.410952e-02	-6.737812e+00
2.119000e-05	-2.973117e-02	-6.598372e+00
2.120000e-05	-2.830890e-02	-6.432102e+00
2.121000e-05	-2.924101e-02	-6.294235e+00
2.122000e-05	-2.676777e-02	-6.105311e+00
2.123000e-05	-2.276254e-02	-5.967437e+00
2.124000e-05	-2.214820e-02	-5.822579e+00
2.125000e-05	-2.350059e-02	-5.631130e+00
2.126000e-05	-2.425844e-02	-5.505313e+00
2.127000e-05	-2.026797e-02	-5.313163e+00
2.128000e-05	-1.882565e-02	-5.135837e+00
2.129000e-05	-2.050499e-02	-4.986818e+00
2.130000e-05	-1.907498e-02	-4.726360e+00
2.131000e-05	-1.540525e-02	-4.546946e+00
2.132000e-05	-1.291727e-02	-4.441003e+00
2.133000e-05	-1.565477e-02	-4.251728e+00
2.134000e-05	-1.457013e-02	-4.104841e+00
2.135000e-05	-1.491108e-02	-3.968371e+00
2.136000e-05	-1.219602e-02	-3.765792e+00
2.137000e-05	-1.313116e-02	-3.586399e+00
2.138000e-05	-1.238602e-02	-3.389425e+00
2.139000e-05	-1.119058e-02	-3.210604e+00
2.140000e-05	-9.280523e-03	-3.000703e+00
2.141000e-05	-1.080634e-02	-2.822055e+00
2.142000e-05	-1.010159e-02	-2.682155e+00
2.143000e-05	-1.058111e-02	-2.492735e+00
2.144000e-05	-7.576334e-03	-2.305814e+00
2.145000e-05	-8.138506e-03	-2.072185e+00
2.146000e-05	-8.269531e-03	-1.925316e+00
2.147000e-05	-6.781937e-03	-1.756845e+00
2.148000e-05	-5.442740e-03	-1.588923e+00
2.149000e-05	-7.094469e-03	-1.313389e+00
2.150000e-05	-8.357104e-03	-1.073813e+00
2.151000e-05	-6.832871e-03	-9.453184e-01
2.152000e-05	-4.870371e-03	-7.284672e-01
2.153000e-05	-3.421851e-03	-5.643919e-01
2.154000e-05	-4.573991e-03	-3.464696e-01
2.155000e-05	-2.851351e-03	-1.975024e-01
2.156000e-05	7.286074e-04	-3.052481e-02
2.157000e-05	3.460540e-03	1.693448e-01
2.158000e-05	-1.709187e-03	3.699476e-01
2.159000e-05	-5.437171e-04	5.282922e-01
2.160000e-05	-1.170168e-03	6.867620e-01
2.161000e-05	1.176521e-03	8.735317e-01
2.162000e-05	4.498092e-04	1.064639e+00
2.163000e-05	5.032088e-03	1.284605e+00
2.164000e-05	2.478045e-02	1.443584e+00
2.165000e-05	6.356802e-02	1.726243e+00
2.166000e-05	-4.333219e-03	1.938792e+00
2.167000e-05	-4.714198e-02	2.107237e+00
2.168000e-05	-4.454787e-02	2.316158e+00
2.169000e-05	-5.165720e-02	2.450577e+00
2.170000e-05	2.264405e-02	2.498290e+00
2.171000e-05	9.240129e-02	2.749895e+00
2.172000e-05	-9.194120e-02	2.937740e+00
2.173000e-05	3.801814e-02	3.063554e+00
2.174000e-05	8.275629e-02	3.235082e+00
2.175000e-05	-3.909120e-02	3.485113e+00
2.176000e-05	2.298253e-02	3.610475e+00
2.177000e-05	-4.029141e-02	3.791898e+00
2.178000e-05	-3.041830e-02	3.969420e+00
2.179000e-05	8.552038e-02	4.118190e+00
2.180000e-05	2.411913e-03	4.379398e+00
2.181000e-05	-2.491502e-02	4.546737e+00
2.182000e-05	1.222962e-02	4.705159e+00
2.183000e-05	-3.015422e-03	4.925078e+00
2.184000e-05	4.322156e-02	5.046659e+00
2.185000e-05	-2.887631e-02	5.277183e+00
2.186000e-05	-6.514489e-03	5.455608e+00
2.187000e-05	3.748130e-02	5.618948e+00
2.188000e-05	3.208446e-02	5.770321e+00
2.189000e-05	-2.459313e-03	5.939290e+00
2.190000e-05	-3.873312e-02	6.116185e+00
2.191000e-05	3.690304e-02	6.252602e+00
2.192000e-05	2.635670e-02	6.349943e+00
2.193000e-05	4.081350e-04	6.537161e+00
2.194000e-05	4.800134e-03	6.725711e+00
2.195000e-05	9.865059e-03	6.853131e+00
2.196000e-05	3.215356e-02	6.960916e+00
2.197000e-05	5.610628e-03	7.145691e+00
2.198000e-05	-1.083867e-02	7.222003e+00
2.199000e-05	1.305872e-02	7.381895e+00
2.200000e-05	2.742129e-02	7.547867e+00
2.201000e-05	2.403865e-02	7.696231e+00
2.202000e-05	-4.252571e-03	7.823000e+00
2.203000e-05	1.533770e-02	7.971392e+00
2.204000e-05	2.527309e-02	8.164212e+00
2.205000e-05	1.400743e-02	8.211974e+00
2.206000e-05	6.018661e-03	8.317765e+00
2.207000e-05	6.119634e-03	8.412503e+00
2.208000e-05	2.989901e-02	8.516713e+00
2.209000e-05	1.993830e-02	8.611494e+00
2.210000e-05	1.018708e-02	8.714109e+00
2.211000e-05	1.104380e-02	8.799444e+00
2.212000e-05	2.430301e-02	8.896656e+00
2.213000e-05	2.333752e-02	8.981420e+00
2.214000e-05	8.091113e-03	9.096659e+00
2.215000e-05	1.372556e-02	9.188367e+00
2.216000e-05	2.472753e-02	9.263580e+00
2.217000e-05	2.688223e-02	9.297186e+00
2.218000e-05	1.388061e-02	9.420427e+00
2.219000e-05	1.353561e-02	9.473633e+00
2.220000e-05	2.505171e-02	9.567314e+00
2.221000e-05	2.611775e-02	9.570920e+00
2.222000e-05	1.706432e-02	9.672532e+00
2.223000e-05	1.640895e-02	9.727215e+00
2.224000e-05	2.687389e-02	9.802972e+00
2.225000e-05	2.713045e-02	9.876602e+00
2.226000e-05	2.007319e-02	9.947254e+00
2.227000e-05	1.645291e-02	9.958424e+00
2.228000e-05	2.437066e-02	9.990996e+00
2.229000e-05	2.966713e-02	1.005103e+01
2.230000e-05	2.360706e-02	1.007363e+01
2.231000e-05	2.106849e-02	1.010366e+01
2.232000e-05	2.654432e-02	1.010671e+01
2.233000e-05	3.117687e-02	1.015924e+01
2.234000e-05	2.679315e-02	1.014784e+01
2.235000e-05	2.353616e-02	1.015829e+01
2.236000e-05	2.787095e-02	1.020892e+01
2.237000e-05	3.466583e-02	1.017089e+01
2.238000e-05	3.102194e-02	1.022042e+01
2.239000e-05	2.688018e-02	1.023040e+01
2.240000e-05	2.888972e-02	1.018937e+01
2.241000e-05	3.677649e-02	1.017941e+01
2.242000e-05	3.635144e-02	1.020987e+01
2.243000e-05	3.316624e-02	1.018774e+01
2.244000e-05	3.667836e-02	1.014776e+01
2.245000e-05	4.281146e-02	1.011576e+01
2.246000e-05	4.419912e-02	1.010721e+01
2.247000e-05	4.058868e-02	1.007363e+01
2.248000e-05	4.206837e-02	1.002110e+01
2.249000e-05	5.116161e-02	1.003142e+01
2.250000e-05	5.307690e-02	9.979419e+00
2.251000e-05	5.269960e-02	9.977813e+00
2.252000e-05	5.298527e-02	9.886631e+00
2.253000e-05	6.181195e-02	9.802576e+00
2.254000e-05	6.756531e-02	9.736265e+00
2.255000e-05	6.776889e-02	9.666585e+00
2.256000e-05	7.089406e-02	9.622448e+00
2.257000e-05	8.027739e-02	9.548366e+00
2.258000e-05	8.770560e-02	9.505310e+00
2.259000e-05	8.869445e-02	9.452127e+00
2.260000e-05	8.929644e-02	9.367817e+00
2.261000e-05	9.461766e-02	9.295683e+00
2.262000e-05	9.840306e-02	9.231004e+00
2.263000e-05	9.638560e-02	9.157420e+00
2.264000e-05	9.232557e-02	9.023626e+00
2.265000e-05	9.206176e-02	8.976817e+00
2.266000e-05	9.163310e-02	8.851976e+00
2.267000e-05	8.671673e-02	8.756862e+00
2.268000e-05	7.761134e-02	8.653679e+00
2.269000e-05	7.555326e-02	8.566895e+00
2.270000e-05	7.342723e-02	8.443657e+00
2.271000e-05	6.789067e-02	8.427922e+00
2.272000e-05	5.908935e-02	8.272205e+00
2.273000e-05	5.696002e-02	8.156341e+00
2.274000e-05	5.569153e-02	8.001072e+00
2.275000e-05	5.163606e-02	7.896186e+00
2.276000e-05	4.386573e-02	7.777920e+00
2.277000e-05	4.057458e-02	7.653077e+00
2.278000e-05	4.115269e-02	7.517862e+00
2.279000e-05	3.756618e-02	7.366766e+00
2.280000e-05	3.317896e-02	7.180449e+00
2.281000e-05	2.933545e-02	7.093157e+00
2.282000e-05	3.068974e-02	6.926816e+00
2.283000e-05	2.837189e-02	6.830975e+00
2.284000e-05	2.419445e-02	6.663259e+00
2.285000e-05	2.047458e-02	6.503183e+00
2.286000e-05	2.214633e-02	6.346840e+00
2.287000e-05	2.099984e-02	6.210999e+00
2.288000e-05	1.755971e-02	6.063182e+00
2.289000e-05	1.481820e-02	5.945416e+00
2.290000e-05	1.549569e-02	5.778315e+00
2.291000e-05	1.565657e-02	5.607447e+00
2.292000e-05	1.361812e-02	5.411026e+00
2.293000e-05	1.018205e-02	5.240656e+00
2.294000e-05	1.128506e-02	5.030186e+00
2.295000e-05	1.167917e-02	4.892628e+00
2.296000e-05	9.544029e-03	4.672179e+00
2.297000e-05	6.134700e-03	4.554866e+00
2.298000e-05	6.554408e-03	4.368948e+00
2.299000e-05	7.484820e-03	4.176470e+00
2.300000e-05	6.589693e-03	3.948052e+00
2.301000e-05	4.240580e-03	3.830131e+00
2.302000e-05	3.493130e-03	3.662653e+00
2.303000e-05	6.178204e-03	3.523841e+00
2.304000e-05	4.649107e-03	3.281808e+00
2.305000e-05	2.211060e-03	3.104188e+00
2.306000e-05	1.299382e-03	2.957391e+00
2.307000e-05	1.931766e-03	2.778999e+00
2.308000e-05	1.898383e-03	2.545919e+00
2.309000e-05	1.855394e-04	2.377421e+00
2.310000e-05	-1.327494e-03	2.169524e+00
2.311000e-05	-3.690580e-04	2.021128e+00
2.312000e-05	-1.923577e-05	1.860208e+00
2.313000e-05	-3.201744e-04	1.681228e+00
2.314000e-05	-1.895908e-03	1.452081e+00
2.315000e-05	-1.979405e-03	1.242204e+00
2.316000e-05	-1.500956e-03	1.070701e+00
2.317000e-05	-2.262485e-03	8.190738e-01
2.318000e-05	-4.800970e-03	6.506338e-01
2.319000e-05	-4.144428e-03	4.607553e-01
2.320000e-05	-3.112994e-03	3.242880e-01
2.321000e-05	-4.039767e-03	8.173015e-02
2.322000e-05	-2.070932e-03	-1.172383e-01
2.323000e-05	6.192945e-04	-2.756580e-01
2.324000e-05	-1.925784e-03	-4.130527e-01
2.325000e-05	-1.875558e-03	-6.236078e-01
2.326000e-05	-6.611898e-03	-8.215528e-01
2.327000e-05	-4.790132e-03	-9.789212e-01
2.328000e-05	-4.706711e-03	-1.138316e+00
2.329000e-05	2.266618e-03	-1.307766e+00
2.330000e-05	5.677541e-02	-1.537793e+00
2.331000e-05	2.866597e-02	-1.728716e+00
2.332000e-05	-5.240105e-02	-1.980898e+00
2.333000e-05	-5.538653e-02	-2.305510e+00
2.334000e-05	-9.400640e-02	-2.452028e+00
2.335000e-05	3.771925e-02	-2.517796e+00
2.336000e-05	1.075327e-01	-2.601549e+00
2.337000e-05	-1.444151e-01	-2.803082e+00
2.338000e-05	4.752952e-02	-3.041532e+00
2.339000e-05	8.568119e-02	-3.168347e+00
2.340000e-05	-8.496208e-02	-3.411424e+00
2.341000e-05	4.919219e-02	-3.578899e+00
2.342000e-05	-7.498085e-02	-3.704609e+00
2.343000e-05	-8.840211e-02	-3.927820e+00
2.344000e-05	1.376808e-01	-4.075633e+00
2.345000e-05	-4.348060e-02	-4.254132e+00
2.346000e-05	-2.849296e-02	-4.431602e+00
2.347000e-05	1.067485e-02	-4.588796e+00
2.348000e-05	-6.161147e-02	-4.793449e+00
2.349000e-05	8.781734e-02	-4.978424e+00
2.350000e-05	-1.014579e-01	-5.126738e+00
2.351000e-05	-3.649841e-02	-5.317116e+00
2.352000e-05	7.596062e-02	-5.476133e+00
2.353000e-05	-3.475267e-02	-5.686687e+00
2.354000e-05	8.614706e-03	-5.843081e+00
2.355000e-05	-9.535825e-02	-5.970867e+00
2.356000e-05	2.620404e-02	-6.149193e+00
2.357000e-05	3.400757e-02	-6.298213e+00
2.358000e-05	-8.083413e-02	-6.485658e+00
2.359000e-05	2.167727e-02	-6.640976e+00
2.360000e-05	-4.207461e-02	-6.748292e+00
2.361000e-05	3.426512e-02	-6.895611e+00
2.362000e-05	-3.235890e-02	-7.123972e+00
2.363000e-05	-6.857875e-02	-7.221023e+00
2.364000e-05	2.885119e-02	-7.328345e+00
2.365000e-05	-3.057856e-02	-7.465161e+00
2.366000e-05	1.323593e-02	-7.600973e+00
2.367000e-05	-6.068531e-02	-7.741323e+00
2.368000e-05	-5.676617e-03	-7.978765e+00
2.369000e-05	8.090853e-03	-8.032008e+00
2.370000e-05	-4.020901e-02	-8.190317e+00
2.371000e-05	-1.851619e-02	-8.283533e+00
2.372000e-05	-4.352514e-02	-8.379393e+00
2.373000e-05	1.997951e-02	-8.465110e+00
2.374000e-05	-2.911879e-02	-8.570851e+00
2.375000e-05	-3.422555e-02	-8.737661e+00
2.376000e-05	-2.304669e-02	-8.822878e+00
2.377000e-05	-1.052711e-02	-8.888765e+00
2.378000e-05	-9.457950e-03	-8.980899e+00
2.379000e-05	-5.038354e-02	-9.085157e+00
2.380000e-05	-2.025666e-02	-9.148415e+00
2.381000e-05	-1.467876e-02	-9.252502e+00
2.382000e-05	-1.392593e-02	-9.328214e+00
2.383000e-05	-3.840459e-02	-9.382872e+00
2.384000e-05	-3.218866e-02	-9.497180e+00
2.385000e-05	-1.122842e-02	-9.590870e+00
2.386000e-05	-2.049285e-02	-9.645131e+00
2.387000e-05	-3.425065e-02	-9.705189e+00
2.388000e-05	-3.671066e-02	-9.779348e+00
2.389000e-05	-1.673493e-02	-9.840975e+00
2.390000e-05	-2.348331e-02	-9.855661e+00
2.391000e-05	-3.431975e-02	-9.936710e+00
2.392000e-05	-3.768283e-02	-9.988868e+00
2.393000e-05	-2.010761e-02	-9.989399e+00
2.394000e-05	-2.143239e-02	-1.000303e+01
2.395000e-05	-3.369442e-02	-1.006610e+01
2.396000e-05	-3.805427e-02	-1.012711e+01
2.397000e-05	-2.809953e-02	-1.011822e+01
2.398000e-05	-2.460423e-02	-1.018081e+01
2.399000e-05	-3.892881e-02	-1.023335e+01
2.400000e-05	-3.957440e-02	-1.023248e+01
2.401000e-05	-3.238201e-02	-1.024463e+01
2.402000e-05	-2.352912e-02	-1.026503e+01
2.403000e-05	-3.716952e-02	-1.028563e+01
2.404000e-05	-4.218501e-02	-1.029663e+01
2.405000e-05	-3.816398e-02	-1.028520e+01
2.406000e-05	-3.218204e-02	-1.026518e+01
2.407000e-05	-4.033708e-02	-1.029316e+01
2.408000e-05	-4.681562e-02	-1.022555e+01
2.409000e-05	-4.223222e-02	-1.030407e+01
2.410000e-05	-3.620004e-02	-1.019248e+01
2.411000e-05	-4.581376e-02	-1.018035e+01
2.412000e-05	-5.361516e-02	-1.014931e+01
2.413000e-05	-5.341674e-02	-1.014664e+01
2.414000e-05	-4.547128e-02	-1.004423e+01
2.415000e-05	-5.276391e-02	-1.000308e+01
2.416000e-05	-6.056727e-02	-9.990948e+00
2.417000e-05	-6.098235e-02	-9.978372e+00
2.418000e-05	-5.851285e-02	-9.986813e+00
2.419000e-05	-6.454819e-02	-9.895157e+00
2.420000e-05	-7.570048e-02	-9.853055e+00
2.421000e-05	-7.731389e-02	-9.769845e+00
2.422000e-05	-7.685456e-02	-9.727213e+00
2.423000e-05	-8.159358e-02	-9.695160e+00
2.424000e-05	-9.378579e-02	-9.620552e+00
2.425000e-05	-9.751324e-02	-9.558445e+00
2.426000e-05	-9.463363e-02	-9.505631e+00
2.427000e-05	-9.798516e-02	-9.418820e+00
2.428000e-05	-1.050525e-01	-9.285684e+00
2.429000e-05	-1.062098e-01	-9.218447e+00
2.430000e-05	-9.984591e-02	-9.115314e+00
2.431000e-05	-9.765809e-02	-9.023052e+00
2.432000e-05	-9.845497e-02	-8.935320e+00
2.433000e-05	-9.535991e-02	-8.860605e+00
2.434000e-05	-8.632468e-02	-8.808945e+00
2.435000e-05	-7.962967e-02	-8.626135e+00
2.436000e-05	-7.893544e-02	-8.515814e+00
2.437000e-05	-7.627050e-02	-8.420524e+00
2.438000e-05	-6.852880e-02	-8.295788e+00
2.439000e-05	-6.289771e-02	-8.211049e+00
2.440000e-05	-6.227026e-02	-8.104761e+00
2.441000e-05	-6.130673e-02	-8.029501e+00
2.442000e-05	-5.343057e-02	-7.845654e+00
2.443000e-05	-4.745003e-02	-7.724740e+00
2.444000e-05	-4.670830e-02	-7.517814e+00
2.445000e-05	-4.589761e-02	-7.421054e+00
2.446000e-05	-4.077080e-02	-7.253656e+00
2.447000e-05	-3.642714e-02	-7.198396e+00
2.448000e-05	-3.667256e-02	-7.009654e+00
2.449000e-05	-3.676018e-02	-6.861030e+00
2.450000e-05	-3.369964e-02	-6.724259e+00
2.451000e-05	-2.920375e-02	-6.607946e+00
2.452000e-05	-2.850156e-02	-6.423055e+00
2.453000e-05	-2.962664e-02	-6.264815e+00
2.454000e-05	-2.651617e-02	-6.104113e+00
2.455000e-05	-2.355216e-02	-5.935944e+00
2.456000e-05	-2.282206e-02	-5.832000e+00
2.457000e-05	-2.404195e-02	-5.632679e+00
2.458000e-05	-2.210654e-02	-5.495864e+00
2.459000e-05	-1.879724e-02	-5.293861e+00
2.460000e-05	-1.881967e-02	-5.114786e+00
2.461000e-05	-1.909547e-02	-4.928816e+00
2.462000e-05	-1.920703e-02	-4.695212e+00
2.463000e-05	-1.532091e-02	-4.559371e+00
2.464000e-05	-1.424916e-02	-4.440526e+00
2.465000e-05	-1.641676e-02	-4.273211e+00
2.466000e-05	-1.424432e-02	-4.145265e+00
2.467000e-05	-1.367023e-02	-3.967470e+00
2.468000e-05	-1.140280e-02	-3.747467e+00
2.469000e-05	-1.358260e-02	-3.577472e+00
2.470000e-05	-1.141574e-02	-3.408554e+00
2.471000e-05	-1.017900e-02	-3.231080e+00
2.472000e-05	-1.026671e-02	-3.038578e+00
2.473000e-05	-1.241199e-02	-2.800501e+00
2.474000e-05	-1.024762e-02	-2.653681e+00
2.475000e-05	-9.631074e-03	-2.462287e+00
2.476000e-05	-7.304605e-03	-2.323812e+00
2.477000e-05	-9.039710e-03	-2.071189e+00
2.478000e-05	-7.703375e-03	-1.914313e+00
2.479000e-05	-5.586095e-03	-1.726366e+00
2.480000e-05	-6.177839e-03	-1.559875e+00
2.481000e-05	-7.743703e-03	-1.293389e+00
2.482000e-05	-7.870714e-03	-1.095817e+00
2.483000e-05	-5.466607e-03	-9.583695e-01
2.484000e-05	-4.972717e-03	-7.868972e-01
2.485000e-05	-4.938441e-03	-5.153686e-01
2.486000e-05	-4.415688e-03	-3.583946e-01
2.487000e-05	-2.957562e-03	-2.415776e-01
2.488000e-05	1.701321e-03	2.055026e-02
2.489000e-05	3.482513e-03	2.204224e-01
2.490000e-05	-1.714095e-03	3.888987e-01
2.491000e-05	1.947835e-04	5.362659e-01
2.492000e-05	-1.655704e-03	6.956894e-01
2.493000e-05	6.574740e-04	8.140553e-01
2.494000e-05	5.438044e-04	1.105787e+00
2.495000e-05	5.251995e-03	1.264232e+00
2.496000e-05	2.497582e-02	1.475105e+00
2.497000e-05	6.429539e-02	1.717708e+00
2.498000e-05	-3.740845e-03	1.947844e+00
2.499000e-05	-4.771260e-02	2.105840e+00
2.500000e-05	-4.446118e-02	2.278211e+00
2.501000e-05	-5.040901e-02	2.401550e+00
2.502000e-05	1.971484e-02	2.557892e+00
2.503000e-05	9.253954e-02	2.779871e+00
2.504000e-05	-9.075129e-02	2.926866e+00
2.505000e-05	3.798677e-02	3.064080e+00
2.506000e-05	8.406062e-02	3.251607e+00
2.507000e-05	-3.941068e-02	3.525788e+00
2.508000e-05	2.258533e-02	3.611526e+00
2.509000e-05	-3.823575e-02	3.769945e+00
2.510000e-05	-3.287858e-02	3.958945e+00
2.511000e-05	8.423841e-02	4.154688e+00
2.512000e-05	3.032269e-03	4.317822e+00
2.513000e-05	-2.467724e-02	4.505686e+00
2.514000e-05	1.312966e-02	4.698687e+00
2.515000e-05	-4.195238e-03	4.904156e+00
2.516000e-05	4.373200e-02	5.074583e+00
2.517000e-05	-2.874203e-02	5.307161e+00
2.518000e-05	-5.983852e-03	5.504583e+00
2.519000e-05	3.616520e-02	5.599475e+00
2.520000e-05	3.238660e-02	5.740297e+00
2.521000e-05	-1.637072e-03	5.960369e+00
2.522000e-05	-3.749671e-02	6.116135e+00
2.523000e-05	3.556144e-02	6.213504e+00
2.524000e-05	2.647562e-02	6.389369e+00
2.525000e-05	7.539635e-04	6.527739e+00
2.526000e-05	6.375581e-03	6.704712e+00
2.527000e-05	9.012052e-03	6.873103e+00
2.528000e-05	3.202362e-02	6.989945e+00
2.529000e-05	6.640690e-03	7.127660e+00
2.530000e-05	-1.036614e-02	7.232628e+00
2.531000e-05	1.375116e-02	7.422321e+00
2.532000e-05	2.609231e-02	7.568466e+00
2.533000e-05	2.336197e-02	7.693184e+00
2.534000e-05	-4.065628e-03	7.842026e+00
2.535000e-05	1.422540e-02	7.941919e+00
2.536000e-05	2.469442e-02	8.157308e+00
2.537000e-05	1.500034e-02	8.223978e+00
2.538000e-05	7.160635e-03	8.317765e+00
2.539000e-05	7.044660e-03	8.421503e+00
2.540000e-05	2.855777e-02	8.538737e+00
2.541000e-05	2.203075e-02	8.600400e+00
2.542000e-05	1.108822e-02	8.705731e+00
2.543000e-05	1.014320e-02	8.769920e+00
2.544000e-05	2.244828e-02	8.834536e+00
2.545000e-05	2.323715e-02	9.011422e+00
2.546000e-05	8.717436e-03	9.096258e+00
2.547000e-05	1.416505e-02	9.189545e+00
2.548000e-05	2.402151e-02	9.274058e+00
2.549000e-05	2.721553e-02	9.317261e+00
2.550000e-05	1.457875e-02	9.411419e+00
2.551000e-05	1.411697e-02	9.443608e+00
2.552000e-05	2.448846e-02	9.526237e+00
2.553000e-05	2.411579e-02	9.579449e+00
2.554000e-05	1.747594e-02	9.685007e+00
2.555000e-05	1.601834e-02	9.699268e+00
2.556000e-05	2.644964e-02	9.801368e+00
2.557000e-05	2.741920e-02	9.834603e+00
2.558000e-05	2.050687e-02	9.917208e+00
2.559000e-05	1.686060e-02	9.948864e+00
2.560000e-05	2.496973e-02	1.003052e+01
2.561000e-05	2.875785e-02	1.005195e+01
2.562000e-05	2.334260e-02	1.005418e+01
2.563000e-05	2.075508e-02	1.008311e+01
2.564000e-05	2.673920e-02	1.010774e+01
2.565000e-05	3.056040e-02	1.013779e+01
2.566000e-05	2.699835e-02	1.014789e+01
2.567000e-05	2.366830e-02	1.015984e+01
2.568000e-05	2.705346e-02	1.016789e+01
2.569000e-05	3.320793e-02	1.018940e+01
2.570000e-05	3.110947e-02	1.021087e+01
2.571000e-05	2.784366e-02	1.017042e+01
2.572000e-05	3.005278e-02	1.021945e+01
2.573000e-05	3.527703e-02	1.018995e+01
2.574000e-05	3.640668e-02	1.015942e+01
2.575000e-05	3.340117e-02	1.014781e+01
2.576000e-05	3.669861e-02	1.015731e+01
2.577000e-05	4.224392e-02	1.015671e+01
2.578000e-05	4.407632e-02	1.010621e+01
2.579000e-05	4.039818e-02	1.006461e+01
2.580000e-05	4.345787e-02	1.002308e+01
2.581000e-05	5.007573e-02	1.002145e+01
2.582000e-05	5.264328e-02	9.999392e+00
2.583000e-05	5.144888e-02	9.947262e+00
2.584000e-05	5.433023e-02	9.875681e+00
2.585000e-05	6.278265e-02	9.853551e+00
2.586000e-05	6.605450e-02	9.767745e+00
2.587000e-05	6.763446e-02	9.664656e+00
2.588000e-05	7.268265e-02	9.650999e+00
2.589000e-05	8.085310e-02	9.557391e+00
2.590000e-05	8.604450e-02	9.504786e+00
2.591000e-05	8.749084e-02	9.451050e+00
2.592000e-05	8.995167e-02	9.368892e+00
2.593000e-05	9.632362e-02	9.295682e+00
2.594000e-05	9.790103e-02	9.232026e+00
2.595000e-05	9.550256e-02	9.159365e+00
2.596000e-05	9.293621e-02	9.073101e+00
2.597000e-05	9.373054e-02	8.967865e+00
2.598000e-05	9.019210e-02	8.842077e+00
2.599000e-05	8.550248e-02	8.727342e+00
2.600000e-05	7.954147e-02	8.651679e+00
2.601000e-05	7.710526e-02	8.568891e+00
2.602000e-05	7.151379e-02	8.493132e+00
2.603000e-05	6.521941e-02	8.369395e+00
2.604000e-05	5.912010e-02	8.243699e+00
2.605000e-05	5.786995e-02	8.124292e+00
2.606000e-05	5.606527e-02	8.051000e+00
2.607000e-05	5.159000e-02	7.896182e+00
2.608000e-05	4.572129e-02	7.796372e+00
2.609000e-05	4.208571e-02	7.674125e+00
2.610000e-05	4.008822e-02	7.547843e+00
2.611000e-05	3.594090e-02	7.345788e+00
2.612000e-05	3.220356e-02	7.209996e+00
2.613000e-05	3.074651e-02	7.074133e+00
2.614000e-05	3.017062e-02	6.905839e+00
2.615000e-05	2.753522e-02	6.779475e+00
2.616000e-05	2.534713e-02	6.714276e+00
2.617000e-05	2.225950e-02	6.464162e+00
2.618000e-05	2.189642e-02	6.337915e+00
2.619000e-05	1.965177e-02	6.200499e+00
2.620000e-05	1.814172e-02	6.053730e+00
2.621000e-05	1.559986e-02	5.949443e+00
2.622000e-05	1.580950e-02	5.768483e+00
2.623000e-05	1.393820e-02	5.578420e+00
2.624000e-05	1.221784e-02	5.452103e+00
2.625000e-05	1.183006e-02	5.232186e+00
2.626000e-05	1.102820e-02	5.055729e+00
2.627000e-05	1.143388e-02	4.863078e+00
2.628000e-05	9.144768e-03	4.693758e+00
2.629000e-05	8.843136e-03	4.526834e+00
2.630000e-05	6.501554e-03	4.398471e+00
2.631000e-05	7.309260e-03	4.187965e+00
2.632000e-05	5.065949e-03	4.000471e+00
2.633000e-05	4.436353e-03	3.840501e+00
2.634000e-05	4.283792e-03	3.652232e+00
2.635000e-05	3.981980e-03	3.473211e+00
2.636000e-05	2.965110e-03	3.282632e+00
2.637000e-05	2.475890e-03	3.125336e+00
2.638000e-05	2.665961e-03	2.938917e+00
2.639000e-05	2.704300e-03	2.798047e+00
2.640000e-05	6.462795e-04	2.549641e+00
2.641000e-05	2.799627e-04	2.387443e+00
2.642000e-05	1.148880e-04	2.231049e+00
2.643000e-05	6.550140e-04	2.041129e+00
2.644000e-05	-1.511114e-03	1.849782e+00
2.645000e-05	-1.893473e-03	1.602605e+00
2.646000e-05	-1.325501e-03	1.452155e+00
2.647000e-05	-1.520028e-03	1.274708e+00
2.648000e-05	-2.736102e-03	1.071629e+00
2.649000e-05	-2.976541e-03	8.220764e-01
2.650000e-05	-3.324020e-03	6.707064e-01
2.651000e-05	-2.332384e-03	4.516578e-01
2.652000e-05	-3.827342e-03	3.447882e-01
2.653000e-05	-4.126236e-03	4.170914e-02
2.654000e-05	-7.819055e-04	-9.671460e-02
2.655000e-05	1.619034e-03	-2.947119e-01
2.656000e-05	-3.671156e-03	-4.230278e-01
2.657000e-05	-3.559211e-03	-6.329279e-01
2.658000e-05	-4.492946e-03	-8.009776e-01
2.659000e-05	-3.663849e-03	-9.709448e-01
2.660000e-05	-3.916252e-03	-1.135741e+00
2.661000e-05	1.236878e-03	-1.317787e+00
2.662000e-05	5.662816e-02	-1.567342e+00
2.663000e-05	3.147358e-02	-1.718240e+00
2.664000e-05	-5.144306e-02	-1.990849e+00
2.665000e-05	-5.624422e-02	-2.234107e+00
2.666000e-05	-9.429086e-02	-2.433554e+00
2.667000e-05	3.773758e-02	-2.517395e+00
2.668000e-05	1.095971e-01	-2.602975e+00
2.669000e-05	-1.436586e-01	-2.814003e+00
2.670000e-05	4.413152e-02	-3.004582e+00
2.671000e-05	8.816576e-02	-3.179420e+00
2.672000e-05	-8.400354e-02	-3.411375e+00
2.673000e-05	4.737649e-02	-3.558873e+00
2.674000e-05	-7.325066e-02	-3.677112e+00
2.675000e-05	-8.780713e-02	-3.947869e+00
2.676000e-05	1.387173e-01	-4.073184e+00
2.677000e-05	-4.307889e-02	-4.274562e+00
2.678000e-05	-3.256395e-02	-4.402555e+00
2.679000e-05	1.255556e-02	-4.599420e+00
2.680000e-05	-6.091639e-02	-4.791873e+00
2.681000e-05	8.663824e-02	-4.980394e+00
2.682000e-05	-1.006633e-01	-5.097161e+00
2.683000e-05	-3.890024e-02	-5.329162e+00
2.684000e-05	8.029576e-02	-5.515211e+00
2.685000e-05	-3.572387e-02	-5.685639e+00
2.686000e-05	8.309590e-03	-5.844056e+00
2.687000e-05	-9.590270e-02	-5.971441e+00
2.688000e-05	2.890221e-02	-6.159297e+00
2.689000e-05	3.607297e-02	-6.325761e+00
2.690000e-05	-8.055796e-02	-6.463086e+00
2.691000e-05	1.896131e-02	-6.601474e+00
2.692000e-05	-4.040588e-02	-6.737345e+00
2.693000e-05	3.314713e-02	-6.877183e+00
2.694000e-05	-3.180192e-02	-7.034524e+00
2.695000e-05	-7.293961e-02	-7.231980e+00
2.696000e-05	3.182240e-02	-7.326790e+00
2.697000e-05	-2.705126e-02	-7.475158e+00
2.698000e-05	1.527979e-02	-7.632429e+00
2.699000e-05	-5.965690e-02	-7.759787e+00
2.700000e-05	-5.932133e-03	-7.958763e+00
2.701000e-05	9.657875e-03	-8.034026e+00
2.702000e-05	-4.337858e-02	-8.159287e+00
2.703000e-05	-2.198230e-02	-8.284132e+00
2.704000e-05	-4.677178e-02	-8.368818e+00
2.705000e-05	2.322773e-02	-8.446559e+00
2.706000e-05	-2.498049e-02	-8.562297e+00
2.707000e-05	-3.205279e-02	-8.736667e+00
2.708000e-05	-2.210998e-02	-8.820921e+00
2.709000e-05	-8.179697e-03	-8.926688e+00
2.710000e-05	-1.156357e-02	-8.991476e+00
2.711000e-05	-5.337861e-02	-9.064154e+00
2.712000e-05	-2.405346e-02	-9.169313e+00
2.713000e-05	-1.356877e-02	-9.252479e+00
2.714000e-05	-1.199528e-02	-9.339316e+00
2.715000e-05	-3.803451e-02	-9.444452e+00
2.716000e-05	-2.985488e-02	-9.474739e+00
2.717000e-05	-1.054451e-02	-9.598947e+00
2.718000e-05	-1.657016e-02	-9.684557e+00
2.719000e-05	-3.890424e-02	-9.676262e+00
2.720000e-05	-3.709924e-02	-9.758817e+00
2.721000e-05	-1.843074e-02	-9.841350e+00
2.722000e-05	-1.908929e-02	-9.863233e+00
2.723000e-05	-3.625105e-02	-9.925289e+00
2.724000e-05	-3.683326e-02	-9.948392e+00
2.725000e-05	-1.851129e-02	-1.000940e+01
2.726000e-05	-1.873372e-02	-1.001196e+01
2.727000e-05	-3.549469e-02	-1.007659e+01
2.728000e-05	-4.202897e-02	-1.004616e+01
2.729000e-05	-2.685644e-02	-1.012677e+01
2.730000e-05	-2.290757e-02	-1.019002e+01
2.731000e-05	-3.678631e-02	-1.020197e+01
2.732000e-05	-4.145936e-02	-1.021309e+01
2.733000e-05	-2.874012e-02	-1.026202e+01
2.734000e-05	-2.256002e-02	-1.031498e+01
2.735000e-05	-3.695428e-02	-1.028363e+01
2.736000e-05	-4.771798e-02	-1.027520e+01
2.737000e-05	-3.865067e-02	-1.025268e+01
2.738000e-05	-3.094077e-02	-1.028410e+01
2.739000e-05	-3.909836e-02	-1.028556e+01
2.740000e-05	-4.792500e-02	-1.024207e+01
2.741000e-05	-4.085707e-02	-1.024405e+01
2.742000e-05	-3.399908e-02	-1.024255e+01
2.743000e-05	-4.427384e-02	-1.016900e+01
2.744000e-05	-5.662629e-02	-1.017884e+01
2.745000e-05	-5.603043e-02	-1.012721e+01
2.746000e-05	-4.555599e-02	-1.008406e+01
2.747000e-05	-5.233012e-02	-1.007258e+01
2.748000e-05	-6.111223e-02	-1.000992e+01
2.749000e-05	-6.246311e-02	-9.977864e+00
2.750000e-05	-5.437343e-02	-9.916338e+00
2.751000e-05	-6.110449e-02	-9.865635e+00
2.752000e-05	-7.690382e-02	-9.831555e+00
2.753000e-05	-8.028717e-02	-9.777398e+00
2.754000e-05	-7.672839e-02	-9.755240e+00
2.755000e-05	-8.017493e-02	-9.685135e+00
2.756000e-05	-9.519514e-02	-9.610526e+00
2.757000e-05	-9.890312e-02	-9.576943e+00
2.758000e-05	-9.455338e-02	-9.514659e+00
2.759000e-05	-9.466164e-02	-9.380494e+00
2.760000e-05	-1.043553e-01	-9.275186e+00
2.761000e-05	-1.083776e-01	-9.199999e+00
2.762000e-05	-1.007249e-01	-9.136266e+00
2.763000e-05	-9.497224e-02	-9.030953e+00
2.764000e-05	-9.932506e-02	-8.887865e+00
2.765000e-05	-9.786573e-02	-8.861056e+00
2.766000e-05	-8.712585e-02	-8.789394e+00
2.767000e-05	-7.734927e-02	-8.684660e+00
2.768000e-05	-7.633617e-02	-8.517311e+00
2.769000e-05	-7.883424e-02	-8.421977e+00
2.770000e-05	-7.081855e-02	-8.336188e+00
2.771000e-05	-6.355520e-02	-8.229950e+00
2.772000e-05	-6.163916e-02	-8.125284e+00
2.773000e-05	-6.142956e-02	-8.011426e+00
2.774000e-05	-5.368212e-02	-7.896332e+00
2.775000e-05	-4.394916e-02	-7.682660e+00
2.776000e-05	-4.530172e-02	-7.579369e+00
2.777000e-05	-4.737138e-02	-7.420100e+00
2.778000e-05	-4.569245e-02	-7.324212e+00
2.779000e-05	-3.721238e-02	-7.179370e+00
2.780000e-05	-3.630678e-02	-7.029998e+00
2.781000e-05	-3.677465e-02	-6.851632e+00
2.782000e-05	-3.387733e-02	-6.706263e+00
2.783000e-05	-2.633473e-02	-6.588846e+00
2.784000e-05	-2.662584e-02	-6.442579e+00
2.785000e-05	-3.019004e-02	-6.325791e+00
2.786000e-05	-3.011676e-02	-6.124808e+00
2.787000e-05	-2.445996e-02	-5.947321e+00
2.788000e-05	-2.135451e-02	-5.840529e+00
2.789000e-05	-2.250874e-02	-5.673660e+00
2.790000e-05	-2.184249e-02	-5.545843e+00
2.791000e-05	-1.844767e-02	-5.334188e+00
2.792000e-05	-1.663883e-02	-5.125812e+00
2.793000e-05	-2.002041e-02	-4.956895e+00
2.794000e-05	-2.083390e-02	-4.704241e+00
2.795000e-05	-1.842057e-02	-4.578497e+00
2.796000e-05	-1.336769e-02	-4.441001e+00
2.797000e-05	-1.547143e-02	-4.262208e+00
2.798000e-05	-1.412303e-02	-4.104836e+00
2.799000e-05	-1.294343e-02	-4.007470e+00
2.800000e-05	-1.070369e-02	-3.765916e+00
2.801000e-05	-1.262802e-02	-3.568972e+00
2.802000e-05	-1.336968e-02	-3.398552e+00
2.803000e-05	-1.132240e-02	-3.242101e+00
2.804000e-05	-9.425646e-03	-3.040606e+00
2.805000e-05	-1.006327e-02	-2.861082e+00
2.806000e-05	-1.180378e-02	-2.661710e+00
2.807000e-05	-1.079226e-02	-2.470238e+00
2.808000e-05	-6.722177e-03	-2.295738e+00
2.809000e-05	-6.570126e-03	-2.091205e+00
2.810000e-05	-8.099494e-03	-1.924342e+00
2.811000e-05	-8.212333e-03	-1.717293e+00
2.812000e-05	-5.583975e-03	-1.587949e+00
2.813000e-05	-6.556239e-03	-1.302417e+00
2.814000e-05	-7.883271e-03	-1.114917e+00
2.815000e-05	-7.776513e-03	-9.763895e-01
2.816000e-05	-4.212868e-03	-7.378972e-01
2.817000e-05	-3.564046e-03	-5.653434e-01
2.818000e-05	-4.001925e-03	-3.574710e-01
2.819000e-05	-3.582268e-03	-1.994700e-01
2.820000e-05	1.318608e-03	-2.060144e-02
2.821000e-05	4.159731e-03	1.304200e-01
2.822000e-05	-1.587745e-03	3.689749e-01
2.823000e-05	-6.542741e-04	5.387671e-01
2.824000e-05	-1.147590e-03	7.061880e-01
2.825000e-05	1.031262e-03	8.435805e-01
2.826000e-05	1.410413e-05	1.083732e+00
2.827000e-05	3.394334e-03	1.247131e+00
2.828000e-05	2.370335e-02	1.454502e+00
2.829000e-05	6.466034e-02	1.707213e+00
2.830000e-05	-1.861439e-03	1.949341e+00
2.831000e-05	-4.780405e-02	2.127740e+00
2.832000e-05	-4.455854e-02	2.305208e+00
2.833000e-05	-5.076115e-02	2.422526e+00
2.834000e-05	2.071504e-02	2.540239e+00
2.835000e-05	9.236807e-02	2.729319e+00
2.836000e-05	-9.042798e-02	2.967765e+00
2.837000e-05	3.524641e-02	3.044033e+00
2.838000e-05	8.553454e-02	3.284179e+00
2.839000e-05	-3.846362e-02	3.505637e+00
2.840000e-05	2.127267e-02	3.620524e+00
2.841000e-05	-3.921017e-02	3.821870e+00
2.842000e-05	-3.307001e-02	3.939868e+00
2.843000e-05	8.551873e-02	4.118238e+00
2.844000e-05	4.435145e-03	4.358844e+00
2.845000e-05	-2.493862e-02	4.518186e+00
2.846000e-05	1.340255e-02	4.728137e+00
2.847000e-05	-3.229527e-03	4.845032e+00
2.848000e-05	4.264971e-02	5.034059e+00
2.849000e-05	-2.952220e-02	5.323686e+00
2.850000e-05	-6.794645e-03	5.474656e+00
2.851000e-05	3.738726e-02	5.600474e+00
2.852000e-05	3.342176e-02	5.780773e+00
2.853000e-05	-1.624128e-03	5.947839e+00
2.854000e-05	-3.631620e-02	6.105136e+00
2.855000e-05	3.685415e-02	6.232003e+00
2.856000e-05	2.640040e-02	6.408441e+00
2.857000e-05	-1.866143e-03	6.509709e+00
2.858000e-05	5.986661e-03	6.716732e+00
2.859000e-05	9.721341e-03	6.884079e+00
2.860000e-05	3.201492e-02	6.960469e+00
2.861000e-05	6.559500e-03	7.104712e+00
2.862000e-05	-1.086326e-02	7.212505e+00
2.863000e-05	1.411726e-02	7.381350e+00
2.864000e-05	2.621050e-02	7.590291e+00
2.865000e-05	2.319463e-02	7.715157e+00
2.866000e-05	-3.983576e-03	7.823524e+00
2.867000e-05	1.452259e-02	7.971768e+00
2.868000e-05	2.635953e-02	8.055716e+00
2.869000e-05	1.380257e-02	8.241048e+00
2.870000e-05	6.883358e-03	8.358814e+00
2.871000e-05	6.309325e-03	8.442424e+00
2.872000e-05	2.964073e-02	8.515209e+00
2.873000e-05	2.057221e-02	8.609469e+00
2.874000e-05	1.035585e-02	8.695183e+00
2.875000e-05	1.064566e-02	8.819420e+00
2.876000e-05	2.331535e-02	8.886130e+00
2.877000e-05	2.298431e-02	9.010398e+00
2.878000e-05	7.774520e-03	9.126183e+00
2.879000e-05	1.411644e-02	9.190421e+00
2.880000e-05	2.563115e-02	9.233555e+00
2.881000e-05	2.771906e-02	9.337337e+00
2.882000e-05	1.374461e-02	9.401899e+00
2.883000e-05	1.397288e-02	9.514583e+00
2.884000e-05	2.262479e-02	9.556759e+00
2.885000e-05	2.482043e-02	9.601395e+00
2.886000e-05	1.677066e-02	9.643606e+00
2.887000e-05	1.634547e-02	9.747659e+00
2.888000e-05	2.807422e-02	9.811921e+00
2.889000e-05	2.863442e-02	9.884606e+00
2.890000e-05	2.009184e-02	9.937636e+00
2.891000e-05	1.487918e-02	9.958920e+00
2.892000e-05	2.531984e-02	1.002197e+01
2.893000e-05	2.745973e-02	1.002155e+01
2.894000e-05	2.343308e-02	1.007405e+01
2.895000e-05	1.986347e-02	1.010519e+01
2.896000e-05	2.832843e-02	1.007716e+01
2.897000e-05	3.143979e-02	1.011729e+01
2.898000e-05	2.565679e-02	1.017784e+01
2.899000e-05	2.176201e-02	1.017087e+01
2.900000e-05	2.916080e-02	1.018737e+01
2.901000e-05	3.474016e-02	1.019934e+01
2.902000e-05	2.899282e-02	1.017894e+01
2.903000e-05	2.611160e-02	1.020895e+01
2.904000e-05	3.067215e-02	1.015935e+01
2.905000e-05	3.740245e-02	1.017852e+01
2.906000e-05	3.466920e-02	1.018934e+01
2.907000e-05	3.190746e-02	1.015829e+01
2.908000e-05	3.730429e-02	1.015632e+01
2.909000e-05	4.390778e-02	1.012721e+01
2.910000e-05	4.325617e-02	1.010374e+01
2.911000e-05	3.963179e-02	1.007603e+01
2.912000e-05	4.269859e-02	1.005160e+01
2.913000e-05	5.199225e-02	1.003107e+01
2.914000e-05	5.341623e-02	1.000949e+01
2.915000e-05	5.026735e-02	9.916737e+00
2.916000e-05	5.420210e-02	9.913707e+00
2.917000e-05	6.187932e-02	9.821553e+00
2.918000e-05	6.645028e-02	9.729368e+00
2.919000e-05	6.746816e-02	9.726107e+00
2.920000e-05	7.189338e-02	9.620997e+00
2.921000e-05	8.180280e-02	9.576391e+00
2.922000e-05	8.805757e-02	9.514733e+00
2.923000e-05	8.731720e-02	9.462578e+00
2.924000e-05	8.952509e-02	9.369869e+00
2.925000e-05	9.633842e-02	9.305233e+00
2.926000e-05	9.790765e-02	9.242550e+00
2.927000e-05	9.558036e-02	9.207945e+00
2.928000e-05	9.141254e-02	9.074153e+00
2.929000e-05	9.305055e-02	8.926814e+00
2.930000e-05	9.110443e-02	8.842603e+00
2.931000e-05	8.672612e-02	8.767317e+00
2.932000e-05	7.851680e-02	8.642256e+00
2.933000e-05	7.721518e-02	8.568419e+00
2.934000e-05	7.316261e-02	8.462130e+00
2.935000e-05	6.728536e-02	8.398419e+00
2.936000e-05	5.744993e-02	8.273083e+00
2.937000e-05	5.757194e-02	8.158841e+00
2.938000e-05	5.460472e-02	8.051547e+00
2.939000e-05	5.077642e-02	7.894812e+00
2.940000e-05	4.392667e-02	7.806901e+00
2.941000e-05	4.179991e-02	7.633155e+00
2.942000e-05	4.153643e-02	7.576211e+00
2.943000e-05	3.751076e-02	7.349388e+00
2.944000e-05	3.266470e-02	7.209424e+00
2.945000e-05	2.890723e-02	7.044105e+00
2.946000e-05	2.987806e-02	6.926340e+00
2.947000e-05	2.646637e-02	6.820078e+00
2.948000e-05	2.337830e-02	6.684256e+00
2.949000e-05	2.129910e-02	6.493683e+00
2.950000e-05	2.396562e-02	6.377895e+00
2.951000e-05	2.169598e-02	6.209526e+00
2.952000e-05	1.847425e-02	6.101207e+00
2.953000e-05	1.491427e-02	5.948340e+00
2.954000e-05	1.532500e-02	5.757363e+00
2.955000e-05	1.498414e-02	5.578421e+00
2.956000e-05	1.122555e-02	5.430082e+00
2.957000e-05	1.049795e-02	5.252657e+00
2.958000e-05	1.238194e-02	5.072780e+00
2.959000e-05	1.298050e-02	4.831104e+00
2.960000e-05	8.788133e-03	4.664257e+00
2.961000e-05	6.331314e-03	4.504311e+00
2.962000e-05	6.447839e-03	4.367974e+00
2.963000e-05	7.221810e-03	4.138040e+00
2.964000e-05	5.405945e-03	3.999496e+00
2.965000e-05	3.792074e-03	3.850629e+00
2.966000e-05	4.466653e-03	3.681180e+00
2.967000e-05	6.740987e-03	3.524267e+00
2.968000e-05	4.254161e-03	3.281734e+00
2.969000e-05	2.035604e-03	3.115362e+00
2.970000e-05	8.296505e-04	2.925788e+00
2.971000e-05	2.753586e-03	2.809526e+00
2.972000e-05	1.225424e-03	2.598644e+00
2.973000e-05	-1.343345e-03	2.358396e+00
2.974000e-05	-8.969572e-05	2.208945e+00
2.975000e-05	1.540435e-03	2.011126e+00
2.976000e-05	7.338199e-04	1.881659e+00
2.977000e-05	-1.326616e-03	1.632555e+00
2.978000e-05	-3.020956e-03	1.491159e+00
2.979000e-05	-1.580434e-03	1.262207e+00
2.980000e-05	-2.226064e-03	1.051158e+00
2.981000e-05	-4.134149e-03	8.095288e-01
2.982000e-05	-4.366384e-03	6.411577e-01
2.983000e-05	-1.709563e-03	4.511565e-01
2.984000e-05	-3.302231e-03	3.038355e-01
2.985000e-05	-4.845497e-03	4.325153e-02
2.986000e-05	-1.422702e-03	-1.077409e-01
2.987000e-05	3.266836e-03	-2.656344e-01
2.988000e-05	-2.040057e-03	-4.110264e-01
2.989000e-05	-3.990070e-03	-6.139991e-01
2.990000e-05	-6.366801e-03	-8.219753e-01
2.991000e-05	-3.750869e-03	-9.598661e-01
2.992000e-05	-5.026442e-03	-1.147741e+00
2.993000e-05	8.954380e-04	-1.327762e+00
2.994000e-05	5.552912e-02	-1.536265e+00
2.995000e-05	3.211322e-02	-1.707715e+00
2.996000e-05	-5.139071e-02	-1.970894e+00
2.997000e-05	-5.666529e-02	-2.275037e+00
2.998000e-05	-9.416406e-02	-2.464030e+00
2.999000e-05	3.608882e-02	-2.547891e+00
3.000000e-05	1.103241e-01	-2.640525e+00
3.001000e-05	-1.428432e-01	-2.834554e+00
3.002000e-05	4.207186e-02	-3.044684e+00
3.003000e-05	8.917215e-02	-3.178443e+00
3.004000e-05	-8.456052e-02	-3.412376e+00
3.005000e-05	4.563259e-02	-3.579446e+00
3.006000e-05	-7.240003e-02	-3.708159e+00
3.007000e-05	-9.057644e-02	-3.915893e+00
3.008000e-05	1.379584e-01	-4.054680e+00
3.009000e-05	-4.006477e-02	-4.274558e+00
3.010000e-05	-3.334328e-02	-4.423078e+00
3.011000e-05	1.163317e-02	-4.599315e+00
3.012000e-05	-6.222148e-02	-4.840951e+00
3.013000e-05	8.748316e-02	-4.980397e+00
3.014000e-05	-9.807250e-02	-5.096739e+00
3.015000e-05	-4.077597e-02	-5.356815e+00
3.016000e-05	7.932757e-02	-5.464636e+00
3.017000e-05	-3.409039e-02	-5.687687e+00
3.018000e-05	6.995945e-03	-5.844106e+00
3.019000e-05	-9.544521e-02	-5.951399e+00
3.020000e-05	2.456977e-02	-6.168319e+00
3.021000e-05	3.780675e-02	-6.338183e+00
3.022000e-05	-8.164881e-02	-6.485186e+00
3.023000e-05	1.988003e-02	-6.571950e+00
3.024000e-05	-4.000666e-02	-6.747840e+00
3.025000e-05	3.364574e-02	-6.866162e+00
3.026000e-05	-3.016224e-02	-7.063931e+00
3.027000e-05	-7.213261e-02	-7.222478e+00
3.028000e-05	2.869846e-02	-7.316342e+00
3.029000e-05	-2.834654e-02	-7.486581e+00
3.030000e-05	1.293511e-02	-7.602026e+00
3.031000e-05	-6.072029e-02	-7.751367e+00
3.032000e-05	-7.208687e-03	-7.888868e+00
3.033000e-05	1.018615e-02	-8.034605e+00
3.034000e-05	-3.996826e-02	-8.140893e+00
3.035000e-05	-1.957330e-02	-8.253078e+00
3.036000e-05	-4.406565e-02	-8.359868e+00
3.037000e-05	2.089453e-02	-8.466060e+00
3.038000e-05	-2.694957e-02	-8.642347e+00
3.039000e-05	-3.621084e-02	-8.757811e+00
3.040000e-05	-2.405483e-02	-8.811454e+00
3.041000e-05	-1.043644e-02	-8.940289e+00
3.042000e-05	-8.727382e-03	-8.960474e+00
3.043000e-05	-4.997931e-02	-9.095157e+00
3.044000e-05	-2.129877e-02	-9.178866e+00
3.045000e-05	-1.285540e-02	-9.212030e+00
3.046000e-05	-1.238047e-02	-9.328214e+00
3.047000e-05	-3.873498e-02	-9.431473e+00
3.048000e-05	-3.309702e-02	-9.537283e+00
3.049000e-05	-1.250761e-02	-9.609894e+00
3.050000e-05	-1.860632e-02	-9.654631e+00
3.051000e-05	-3.492201e-02	-9.695685e+00
3.052000e-05	-3.647511e-02	-9.769292e+00
3.053000e-05	-1.568906e-02	-9.852448e+00
3.054000e-05	-1.956590e-02	-9.885136e+00
3.055000e-05	-3.554978e-02	-9.897711e+00
3.056000e-05	-3.972838e-02	-9.948344e+00
3.057000e-05	-2.270631e-02	-1.000992e+01
3.058000e-05	-1.945114e-02	-1.002203e+01
3.059000e-05	-3.333397e-02	-1.000501e+01
3.060000e-05	-3.773251e-02	-1.011466e+01
3.061000e-05	-2.795289e-02	-1.014882e+01
3.062000e-05	-2.400546e-02	-1.021184e+01
3.063000e-05	-3.859048e-02	-1.026145e+01
3.064000e-05	-4.257085e-02	-1.025404e+01
3.065000e-05	-3.209666e-02	-1.022405e+01
3.066000e-05	-2.306925e-02	-1.025600e+01
3.067000e-05	-3.475806e-02	-1.027465e+01
3.068000e-05	-4.263654e-02	-1.028518e+01
3.069000e-05	-3.690962e-02	-1.026463e+01
3.070000e-05	-3.307804e-02	-1.028423e+01
3.071000e-05	-4.041256e-02	-1.027458e+01
3.072000e-05	-5.012777e-02	-1.025355e+01
3.073000e-05	-4.271163e-02	-1.021360e+01
3.074000e-05	-3.703129e-02	-1.020140e+01
3.075000e-05	-4.358276e-02	-1.024195e+01
3.076000e-05	-5.290381e-02	-1.013829e+01
3.077000e-05	-5.245409e-02	-1.011669e+01
3.078000e-05	-4.574436e-02	-1.009508e+01
3.079000e-05	-5.367356e-02	-1.005305e+01
3.080000e-05	-6.212385e-02	-9.979924e+00
3.081000e-05	-6.321042e-02	-9.999368e+00
3.082000e-05	-5.864864e-02	-9.926790e+00
3.083000e-05	-6.318383e-02	-9.883709e+00
3.084000e-05	-7.414869e-02	-9.823602e+00
3.085000e-05	-7.726015e-02	-9.819418e+00
3.086000e-05	-7.635378e-02	-9.756290e+00
3.087000e-05	-8.219697e-02	-9.714134e+00
3.088000e-05	-9.447734e-02	-9.611056e+00
3.089000e-05	-9.899733e-02	-9.579444e+00
3.090000e-05	-9.644387e-02	-9.466110e+00
3.091000e-05	-9.656266e-02	-9.408970e+00
3.092000e-05	-1.039638e-01	-9.295208e+00
3.093000e-05	-1.045669e-01	-9.170472e+00
3.094000e-05	-1.001173e-01	-9.106313e+00
3.095000e-05	-9.715688e-02	-9.022478e+00
3.096000e-05	-9.879800e-02	-8.945288e+00
3.097000e-05	-9.589207e-02	-8.852178e+00
3.098000e-05	-8.699066e-02	-8.788919e+00
3.099000e-05	-7.994338e-02	-8.675236e+00
3.100000e-05	-7.809408e-02	-8.536665e+00
3.101000e-05	-7.694934e-02	-8.421053e+00
3.102000e-05	-6.869561e-02	-8.326362e+00
3.103000e-05	-6.355740e-02	-8.228505e+00
3.104000e-05	-6.198771e-02	-8.106733e+00
3.105000e-05	-6.099497e-02	-8.001024e+00
3.106000e-05	-5.373652e-02	-7.852684e+00
3.107000e-05	-4.747187e-02	-7.704207e+00
3.108000e-05	-4.503804e-02	-7.566947e+00
3.109000e-05	-4.705456e-02	-7.419451e+00
3.110000e-05	-4.239476e-02	-7.284758e+00
3.111000e-05	-3.731726e-02	-7.137871e+00
3.112000e-05	-3.582471e-02	-7.020500e+00
3.113000e-05	-3.744857e-02	-6.861607e+00
3.114000e-05	-3.386164e-02	-6.736713e+00
3.115000e-05	-2.851003e-02	-6.589324e+00
3.116000e-05	-2.701515e-02	-6.461029e+00
3.117000e-05	-2.849504e-02	-6.304265e+00
3.118000e-05	-2.798534e-02	-6.126262e+00
3.119000e-05	-2.349651e-02	-5.938471e+00
3.120000e-05	-2.356268e-02	-5.822125e+00
3.121000e-05	-2.377581e-02	-5.654757e+00
3.122000e-05	-2.361845e-02	-5.506239e+00
3.123000e-05	-1.813301e-02	-5.306309e+00
3.124000e-05	-1.788100e-02	-5.104288e+00
3.125000e-05	-1.892996e-02	-4.956891e+00
3.126000e-05	-1.847107e-02	-4.753762e+00
3.127000e-05	-1.538192e-02	-4.587897e+00
3.128000e-05	-1.451837e-02	-4.411529e+00
3.129000e-05	-1.755603e-02	-4.262759e+00
3.130000e-05	-1.436937e-02	-4.094788e+00
3.131000e-05	-1.309062e-02	-3.987942e+00
3.132000e-05	-1.095725e-02	-3.765920e+00
3.133000e-05	-1.335152e-02	-3.568496e+00
3.134000e-05	-1.173654e-02	-3.410001e+00
3.135000e-05	-1.095147e-02	-3.230030e+00
3.136000e-05	-9.850017e-03	-3.030683e+00
3.137000e-05	-1.206786e-02	-2.852128e+00
3.138000e-05	-1.126501e-02	-2.682708e+00
3.139000e-05	-9.699116e-03	-2.503262e+00
3.140000e-05	-7.168579e-03	-2.314887e+00
3.141000e-05	-8.281365e-03	-2.062234e+00
3.142000e-05	-7.523448e-03	-1.915888e+00
3.143000e-05	-6.076432e-03	-1.726392e+00
3.144000e-05	-5.812623e-03	-1.578424e+00
3.145000e-05	-7.663474e-03	-1.334912e+00
3.146000e-05	-8.127366e-03	-1.074762e+00
3.147000e-05	-6.152437e-03	-9.153921e-01
3.148000e-05	-4.477039e-03	-7.559208e-01
3.149000e-05	-4.776997e-03	-5.639424e-01
3.150000e-05	-4.938885e-03	-3.668697e-01
3.151000e-05	-2.990235e-03	-1.984499e-01
3.152000e-05	1.159162e-03	-5.160114e-02
3.153000e-05	2.459611e-03	1.619198e-01
3.154000e-05	-2.472208e-03	3.784738e-01
3.155000e-05	-6.286984e-04	5.577646e-01
3.156000e-05	-2.307503e-04	6.981394e-01
3.157000e-05	1.232427e-03	8.235540e-01
3.158000e-05	7.423762e-05	1.096683e+00
3.159000e-05	4.525408e-03	1.263608e+00
3.160000e-05	2.369970e-02	1.405654e+00
3.161000e-05	6.280921e-02	1.687215e+00
3.162000e-05	-2.945258e-03	1.928740e+00
3.163000e-05	-4.719227e-02	2.117216e+00
3.164000e-05	-4.410278e-02	2.296216e+00
3.165000e-05	-5.122238e-02	2.441576e+00
3.166000e-05	1.873093e-02	2.498716e+00
3.167000e-05	9.268831e-02	2.769318e+00
3.168000e-05	-8.871324e-02	2.957315e+00
3.169000e-05	3.322971e-02	3.093608e+00
3.170000e-05	8.530663e-02	3.284632e+00
3.171000e-05	-3.913110e-02	3.475662e+00
3.172000e-05	2.138339e-02	3.613049e+00
3.173000e-05	-3.769216e-02	3.792821e+00
3.174000e-05	-3.385362e-02	3.989417e+00
3.175000e-05	8.430634e-02	4.098686e+00
3.176000e-05	5.715775e-03	4.368895e+00
3.177000e-05	-2.557922e-02	4.487683e+00
3.178000e-05	1.229875e-02	4.696308e+00
3.179000e-05	-4.286870e-03	4.874634e+00
3.180000e-05	4.298810e-02	5.096676e+00
3.181000e-05	-2.767258e-02	5.275111e+00
3.182000e-05	-7.021842e-03	5.454107e+00
3.183000e-05	3.724644e-02	5.581021e+00
3.184000e-05	3.452519e-02	5.740370e+00
3.185000e-05	-1.621828e-03	5.968287e+00
3.186000e-05	-3.798889e-02	6.125661e+00
3.187000e-05	3.424216e-02	6.253550e+00
3.188000e-05	2.707548e-02	6.370343e+00
3.189000e-05	-1.301904e-03	6.487161e+00
3.190000e-05	4.592982e-03	6.708689e+00
3.191000e-05	8.913975e-03	6.854075e+00
3.192000e-05	3.406249e-02	6.990397e+00
3.193000e-05	8.832509e-03	7.116211e+00
3.194000e-05	-1.071042e-02	7.212051e+00
3.195000e-05	1.264800e-02	7.401319e+00
3.196000e-05	2.452745e-02	7.557416e+00
3.197000e-05	2.336011e-02	7.694634e+00
3.198000e-05	-5.308518e-03	7.804980e+00
3.199000e-05	1.311854e-02	7.979939e+00
3.200000e-05	2.517377e-02	8.137709e+00
3.201000e-05	1.712058e-02	8.202524e+00
3.202000e-05	8.138188e-03	8.338264e+00
3.203000e-05	6.588277e-03	8.462579e+00
3.204000e-05	2.765128e-02	8.495210e+00
3.205000e-05	2.066315e-02	8.611997e+00
3.206000e-05	1.044632e-02	8.676237e+00
3.207000e-05	1.014239e-02	8.798919e+00
3.208000e-05	2.283225e-02	8.866108e+00
3.209000e-05	2.402564e-02	8.981893e+00
3.210000e-05	9.782892e-03	9.145682e+00
3.211000e-05	1.364402e-02	9.188917e+00
3.212000e-05	2.275589e-02	9.244081e+00
3.213000e-05	2.556764e-02	9.288262e+00
3.214000e-05	1.515411e-02	9.420447e+00
3.215000e-05	1.335084e-02	9.496131e+00
3.216000e-05	2.319093e-02	9.518339e+00
3.217000e-05	2.462139e-02	9.609868e+00
3.218000e-05	1.929357e-02	9.654605e+00
3.219000e-05	1.592570e-02	9.736285e+00
3.220000e-05	2.560091e-02	9.822944e+00
3.221000e-05	2.604308e-02	9.874527e+00
3.222000e-05	2.038619e-02	9.926807e+00
3.223000e-05	1.681847e-02	9.939413e+00
3.224000e-05	2.442194e-02	1.000092e+01
3.225000e-05	2.904795e-02	1.002148e+01
3.226000e-05	2.405950e-02	1.005361e+01
3.227000e-05	2.152321e-02	1.010568e+01
3.228000e-05	2.645505e-02	1.012524e+01
3.229000e-05	3.073497e-02	1.016681e+01
3.230000e-05	2.582105e-02	1.015837e+01
3.231000e-05	2.359456e-02	1.016834e+01
3.232000e-05	2.689966e-02	1.017886e+01
3.233000e-05	3.375689e-02	1.018944e+01
3.234000e-05	3.027964e-02	1.018987e+01
3.235000e-05	2.705067e-02	1.023055e+01
3.236000e-05	3.114240e-02	1.020042e+01
3.237000e-05	3.646623e-02	1.020082e+01
3.238000e-05	3.586443e-02	1.015877e+01
3.239000e-05	3.383434e-02	1.019887e+01
3.240000e-05	3.697584e-02	1.018827e+01
3.241000e-05	4.262692e-02	1.012729e+01
3.242000e-05	4.258342e-02	1.012518e+01
3.243000e-05	4.007645e-02	1.006413e+01
3.244000e-05	4.383132e-02	1.006458e+01
3.245000e-05	5.109090e-02	1.001047e+01
3.246000e-05	5.361279e-02	9.980468e+00
3.247000e-05	5.217547e-02	9.967742e+00
3.248000e-05	5.427285e-02	9.865658e+00
3.249000e-05	6.153837e-02	9.833498e+00
3.250000e-05	6.552460e-02	9.719269e+00
3.251000e-05	6.721697e-02	9.682633e+00
3.252000e-05	7.190838e-02	9.622498e+00
3.253000e-05	8.088297e-02	9.576869e+00
3.254000e-05	8.655368e-02	9.495210e+00
3.255000e-05	8.824351e-02	9.452127e+00
3.256000e-05	9.084865e-02	9.358917e+00
3.257000e-05	9.561155e-02	9.305711e+00
3.258000e-05	9.735376e-02	9.261024e+00
3.259000e-05	9.520714e-02	9.189918e+00
3.260000e-05	9.300031e-02	9.084630e+00
3.261000e-05	9.338528e-02	8.979821e+00
3.262000e-05	9.035852e-02	8.851499e+00
3.263000e-05	8.592668e-02	8.757867e+00
3.264000e-05	7.898173e-02	8.623578e+00
3.265000e-05	7.607128e-02	8.558366e+00
3.266000e-05	7.194492e-02	8.464157e+00
3.267000e-05	6.726992e-02	8.399899e+00
3.268000e-05	6.058481e-02	8.294704e+00
3.269000e-05	5.716166e-02	8.145839e+00
3.270000e-05	5.423210e-02	7.999530e+00
3.271000e-05	5.089843e-02	7.905756e+00
3.272000e-05	4.460308e-02	7.798922e+00
3.273000e-05	4.155286e-02	7.662128e+00
3.274000e-05	4.035800e-02	7.507816e+00
3.275000e-05	3.660516e-02	7.345911e+00
3.276000e-05	3.314005e-02	7.239445e+00
3.277000e-05	2.942882e-02	7.024132e+00
3.278000e-05	2.920437e-02	6.964313e+00
3.279000e-05	2.758627e-02	6.819053e+00
3.280000e-05	2.397011e-02	6.662733e+00
3.281000e-05	2.219309e-02	6.506211e+00
3.282000e-05	2.224728e-02	6.368346e+00
3.283000e-05	1.969513e-02	6.180545e+00
3.284000e-05	1.746382e-02	6.093707e+00
3.285000e-05	1.523280e-02	5.966968e+00
3.286000e-05	1.494710e-02	5.766919e+00
3.287000e-05	1.486362e-02	5.587997e+00
3.288000e-05	1.260436e-02	5.422080e+00
3.289000e-05	1.116597e-02	5.232684e+00
3.290000e-05	1.181634e-02	5.041209e+00
3.291000e-05	1.121758e-02	4.871702e+00
3.292000e-05	9.308349e-03	4.703732e+00
3.293000e-05	6.956696e-03	4.496258e+00
3.294000e-05	7.213273e-03	4.368972e+00
3.295000e-05	7.086828e-03	4.177619e+00
3.296000e-05	5.976555e-03	3.979500e+00
3.297000e-05	4.724888e-03	3.840605e+00
3.298000e-05	4.647265e-03	3.671730e+00
3.299000e-05	3.373913e-03	3.504264e+00
3.300000e-05	3.222617e-03	3.294179e+00
3.301000e-05	3.076835e-03	3.105840e+00
3.302000e-05	1.915066e-03	2.965917e+00
3.303000e-05	2.190725e-03	2.778949e+00
3.304000e-05	2.234473e-03	2.587592e+00
3.305000e-05	1.418273e-03	2.407440e+00
3.306000e-05	2.442876e-04	2.239950e+00
3.307000e-05	-2.827305e-04	2.010579e+00
3.308000e-05	-2.842664e-04	1.860156e+00
3.309000e-05	-6.251018e-04	1.633626e+00
3.310000e-05	-1.114070e-03	1.480679e+00
3.311000e-05	-2.777180e-03	1.254709e+00
3.312000e-05	-3.277811e-03	1.103158e+00
3.313000e-05	-1.694749e-03	8.315739e-01
3.314000e-05	-2.982223e-03	6.425815e-01
3.315000e-05	-4.140843e-03	4.527328e-01
3.316000e-05	-3.091556e-03	3.117917e-01
3.317000e-05	-3.828255e-03	7.118408e-02
3.318000e-05	-1.521207e-03	-1.076897e-01
3.319000e-05	1.330292e-03	-2.961131e-01
3.320000e-05	-2.917678e-03	-4.010265e-01
3.321000e-05	-2.731476e-03	-6.009065e-01
3.322000e-05	-5.631128e-03	-8.325502e-01
3.323000e-05	-3.627065e-03	-9.774450e-01
3.324000e-05	-4.331113e-03	-1.108217e+00
3.325000e-05	2.101633e-03	-1.317185e+00
3.326000e-05	5.551841e-02	-1.567721e+00
3.327000e-05	3.316599e-02	-1.727662e+00
3.328000e-05	-5.209623e-02	-1.960399e+00
3.329000e-05	-5.570095e-02	-2.244133e+00
3.330000e-05	-9.436904e-02	-2.444154e+00
3.331000e-05	3.353716e-02	-2.557268e+00
3.332000e-05	1.103168e-01	-2.611001e+00
3.333000e-05	-1.409338e-01	-2.831955e+00
3.334000e-05	3.934403e-02	-3.032162e+00
3.335000e-05	9.017082e-02	-3.179347e+00
3.336000e-05	-8.380218e-02	-3.381849e+00
3.337000e-05	4.538825e-02	-3.578371e+00
3.338000e-05	-7.064980e-02	-3.714678e+00
3.339000e-05	-9.347247e-02	-3.947693e+00
3.340000e-05	1.373043e-01	-4.105607e+00
3.341000e-05	-3.898882e-02	-4.275007e+00
3.342000e-05	-3.388709e-02	-4.402055e+00
3.343000e-05	1.198729e-02	-4.599221e+00
3.344000e-05	-6.305635e-02	-4.779350e+00
3.345000e-05	8.586830e-02	-4.957851e+00
3.346000e-05	-9.694190e-02	-5.116712e+00
3.347000e-05	-4.220864e-02	-5.337295e+00
3.348000e-05	8.019280e-02	-5.527686e+00
3.349000e-05	-3.304799e-02	-5.717212e+00
3.350000e-05	6.919851e-03	-5.834004e+00
3.351000e-05	-9.482045e-02	-5.948868e+00
3.352000e-05	2.223896e-02	-6.139292e+00
3.353000e-05	3.849702e-02	-6.325687e+00
3.354000e-05	-8.252605e-02	-6.475084e+00
3.355000e-05	1.919789e-02	-6.610373e+00
3.356000e-05	-3.932517e-02	-6.747765e+00
3.357000e-05	3.270191e-02	-6.886613e+00
3.358000e-05	-2.850442e-02	-7.074054e+00
3.359000e-05	-7.218722e-02	-7.232023e+00
3.360000e-05	3.003613e-02	-7.307766e+00
3.361000e-05	-2.836555e-02	-7.465108e+00
3.362000e-05	1.165590e-02	-7.590921e+00
3.363000e-05	-6.106687e-02	-7.791788e+00
3.364000e-05	-8.107146e-03	-7.928291e+00
3.365000e-05	1.044229e-02	-8.042080e+00
3.366000e-05	-4.076888e-02	-8.168319e+00
3.367000e-05	-1.763810e-02	-8.264108e+00
3.368000e-05	-4.356105e-02	-8.379370e+00
3.369000e-05	2.077280e-02	-8.445107e+00
3.370000e-05	-2.732091e-02	-8.591424e+00
3.371000e-05	-3.492647e-02	-8.718712e+00
3.372000e-05	-2.275379e-02	-8.812504e+00
3.373000e-05	-1.117345e-02	-8.897737e+00
3.374000e-05	-8.752199e-03	-9.009896e+00
3.375000e-05	-5.076601e-02	-9.085655e+00
3.376000e-05	-2.064285e-02	-9.149342e+00
3.377000e-05	-1.368593e-02	-9.243555e+00
3.378000e-05	-1.215904e-02	-9.338759e+00
3.379000e-05	-3.883571e-02	-9.402395e+00
3.380000e-05	-3.399923e-02	-9.516160e+00
3.381000e-05	-1.127568e-02	-9.569923e+00
3.382000e-05	-1.928395e-02	-9.652481e+00
3.383000e-05	-3.635871e-02	-9.718287e+00
3.384000e-05	-3.571315e-02	-9.728347e+00
3.385000e-05	-1.430121e-02	-9.802045e+00
3.386000e-05	-1.925271e-02	-9.885611e+00
3.387000e-05	-3.579844e-02	-9.916313e+00
3.388000e-05	-4.053204e-02	-9.968345e+00
3.389000e-05	-2.138331e-02	-9.989944e+00
3.390000e-05	-1.962448e-02	-1.001297e+01
3.391000e-05	-3.439565e-02	-1.004563e+01
3.392000e-05	-3.977253e-02	-1.012666e+01
3.393000e-05	-2.748134e-02	-1.014922e+01
3.394000e-05	-2.226613e-02	-1.018082e+01
3.395000e-05	-3.768805e-02	-1.017142e+01
3.396000e-05	-4.166148e-02	-1.023150e+01
3.397000e-05	-3.159730e-02	-1.021458e+01
3.398000e-05	-2.413697e-02	-1.025355e+01
3.399000e-05	-3.706517e-02	-1.031713e+01
3.400000e-05	-4.473599e-02	-1.030616e+01
3.401000e-05	-3.813092e-02	-1.025521e+01
3.402000e-05	-3.176651e-02	-1.030421e+01
3.403000e-05	-3.822709e-02	-1.028516e+01
3.404000e-05	-4.803818e-02	-1.024253e+01
3.405000e-05	-4.236459e-02	-1.023165e+01
3.406000e-05	-3.694563e-02	-1.028050e+01
3.407000e-05	-4.468204e-02	-1.018945e+01
3.408000e-05	-5.557708e-02	-1.013742e+01
3.409000e-05	-5.309724e-02	-1.008471e+01
3.410000e-05	-4.533183e-02	-1.008356e+01
3.411000e-05	-5.142303e-02	-1.003403e+01
3.412000e-05	-6.164419e-02	-9.968949e+00
3.413000e-05	-6.240794e-02	-9.998945e+00
3.414000e-05	-5.819916e-02	-9.947866e+00
3.415000e-05	-6.346762e-02	-9.883709e+00
3.416000e-05	-7.488996e-02	-9.823004e+00
3.417000e-05	-7.835777e-02	-9.778921e+00
3.418000e-05	-7.603837e-02	-9.726341e+00
3.419000e-05	-8.096671e-02	-9.694660e+00
3.420000e-05	-9.322088e-02	-9.631554e+00
3.421000e-05	-9.902992e-02	-9.557824e+00
3.422000e-05	-9.558508e-02	-9.504152e+00
3.423000e-05	-9.770905e-02	-9.409344e+00
3.424000e-05	-1.053423e-01	-9.304734e+00
3.425000e-05	-1.068148e-01	-9.201478e+00
3.426000e-05	-9.992300e-02	-9.115313e+00
3.427000e-05	-9.557169e-02	-9.050579e+00
3.428000e-05	-9.765285e-02	-8.926838e+00
3.429000e-05	-9.627222e-02	-8.852183e+00
3.430000e-05	-8.735525e-02	-8.770349e+00
3.431000e-05	-7.935994e-02	-8.644682e+00
3.432000e-05	-7.880973e-02	-8.538486e+00
3.433000e-05	-7.736567e-02	-8.440499e+00
3.434000e-05	-6.904568e-02	-8.305813e+00
3.435000e-05	-6.230601e-02	-8.231548e+00
3.436000e-05	-6.044290e-02	-8.095315e+00
3.437000e-05	-6.053884e-02	-8.009421e+00
3.438000e-05	-5.352261e-02	-7.942129e+00
3.439000e-05	-4.684379e-02	-7.694662e+00
3.440000e-05	-4.474740e-02	-7.556291e+00
3.441000e-05	-4.621701e-02	-7.430529e+00
3.442000e-05	-4.264404e-02	-7.313184e+00
3.443000e-05	-3.711285e-02	-7.188950e+00
3.444000e-05	-3.587553e-02	-7.029523e+00
3.445000e-05	-3.673045e-02	-6.861682e+00
3.446000e-05	-3.406045e-02	-6.734841e+00
3.447000e-05	-2.873736e-02	-6.579947e+00
3.448000e-05	-2.732752e-02	-6.460605e+00
3.449000e-05	-2.865551e-02	-6.356783e+00
3.450000e-05	-2.786316e-02	-6.115788e+00
3.451000e-05	-2.379376e-02	-5.987367e+00
3.452000e-05	-2.187711e-02	-5.821074e+00
3.453000e-05	-2.403838e-02	-5.673683e+00
3.454000e-05	-2.238497e-02	-5.515366e+00
3.455000e-05	-1.935636e-02	-5.352786e+00
3.456000e-05	-1.760825e-02	-5.105316e+00
3.457000e-05	-2.008668e-02	-4.976321e+00
3.458000e-05	-1.921990e-02	-4.754966e+00
3.459000e-05	-1.551624e-02	-4.577893e+00
3.460000e-05	-1.273510e-02	-4.409530e+00
3.461000e-05	-1.694283e-02	-4.232207e+00
3.462000e-05	-1.482912e-02	-4.124257e+00
3.463000e-05	-1.410974e-02	-3.948396e+00
3.464000e-05	-1.097771e-02	-3.744967e+00
3.465000e-05	-1.295390e-02	-3.546372e+00
3.466000e-05	-1.234546e-02	-3.419577e+00
3.467000e-05	-1.118686e-02	-3.211053e+00
3.468000e-05	-9.135138e-03	-3.001757e+00
3.469000e-05	-1.029890e-02	-2.831052e+00
3.470000e-05	-1.152447e-02	-2.672759e+00
3.471000e-05	-1.007169e-02	-2.491712e+00
3.472000e-05	-7.662988e-03	-2.283242e+00
3.473000e-05	-7.210026e-03	-2.071286e+00
3.474000e-05	-7.649473e-03	-1.926293e+00
3.475000e-05	-7.664176e-03	-1.736417e+00
3.476000e-05	-6.806516e-03	-1.607895e+00
3.477000e-05	-6.856083e-03	-1.304338e+00
3.478000e-05	-8.124753e-03	-1.124316e+00
3.479000e-05	-6.514761e-03	-9.273921e-01
3.480000e-05	-6.653944e-03	-7.769485e-01
3.481000e-05	-2.016502e-03	-4.949446e-01
3.482000e-05	-4.318777e-03	-3.579497e-01
3.483000e-05	-3.653501e-03	-1.878999e-01
3.484000e-05	-5.872198e-04	-4.002744e-02
3.485000e-05	3.624007e-03	1.999201e-01
3.486000e-05	-1.228333e-03	3.794463e-01
3.487000e-05	-5.103525e-05	5.462397e-01
3.488000e-05	-1.745341e-03	7.146322e-01
3.489000e-05	2.324732e-03	8.725291e-01
3.490000e-05	8.446909e-04	1.084633e+00
3.491000e-05	3.988507e-03	1.274629e+00
3.492000e-05	2.247184e-02	1.454631e+00
3.493000e-05	6.248276e-02	1.727166e+00
3.494000e-05	-1.300969e-03	1.947843e+00
3.495000e-05	-4.769851e-02	2.136788e+00
3.496000e-05	-4.403257e-02	2.298135e+00
3.497000e-05	-5.002455e-02	2.410477e+00
3.498000e-05	1.905617e-02	2.519195e+00
3.499000e-05	9.366827e-02	2.739366e+00
3.500000e-05	-8.811041e-02	2.947739e+00
3.501000e-05	3.182303e-02	3.045082e+00
3.502000e-05	8.553959e-02	3.273078e+00
3.503000e-05	-3.924103e-02	3.505230e+00
3.504000e-05	1.901348e-02	3.601549e+00
3.505000e-05	-3.634205e-02	3.771874e+00
3.506000e-05	-3.272021e-02	3.978444e+00
3.507000e-05	8.595619e-02	4.127636e+00
3.508000e-05	6.285202e-03	4.368841e+00
3.509000e-05	-2.575968e-02	4.506161e+00
3.510000e-05	1.252665e-02	4.707253e+00
3.511000e-05	-6.415845e-03	4.874702e+00
3.512000e-05	4.140071e-02	5.085510e+00
3.513000e-05	-2.772615e-02	5.295158e+00
3.514000e-05	-5.960582e-03	5.463557e+00
3.515000e-05	3.820522e-02	5.640402e+00
3.516000e-05	3.417361e-02	5.770341e+00
3.517000e-05	-1.457971e-03	5.949313e+00
3.518000e-05	-3.796202e-02	6.106186e+00
3.519000e-05	3.441377e-02	6.233024e+00
3.520000e-05	2.674079e-02	6.388369e+00
3.521000e-05	-1.262477e-03	6.517812e+00
3.522000e-05	6.170961e-03	6.737608e+00
3.523000e-05	1.186885e-02	6.864129e+00
3.524000e-05	3.228273e-02	6.978821e+00
3.525000e-05	6.224944e-03	7.107211e+00
3.526000e-05	-1.218502e-02	7.252050e+00
3.527000e-05	1.388279e-02	7.391969e+00
3.528000e-05	2.550773e-02	7.558342e+00
3.529000e-05	2.368490e-02	7.704684e+00
3.530000e-05	-4.839767e-03	7.812527e+00
3.531000e-05	1.575641e-02	8.012390e+00
3.532000e-05	2.541514e-02	8.145689e+00
3.533000e-05	1.364181e-02	8.202923e+00
3.534000e-05	5.771148e-03	8.347740e+00
3.535000e-05	6.331796e-03	8.432005e+00
3.536000e-05	2.862497e-02	8.485212e+00
3.537000e-05	2.147235e-02	8.590446e+00
3.538000e-05	1.040459e-02	8.727711e+00
3.539000e-05	1.093547e-02	8.789419e+00
3.540000e-05	2.358443e-02	8.855058e+00
3.541000e-05	2.416035e-02	8.980366e+00
3.542000e-05	8.724691e-03	9.104154e+00
3.543000e-05	1.383544e-02	9.190368e+00
3.544000e-05	2.274265e-02	9.254630e+00
3.545000e-05	2.554236e-02	9.316715e+00
3.546000e-05	1.326400e-02	9.409422e+00
3.547000e-05	1.417657e-02	9.515655e+00
3.548000e-05	2.347862e-02	9.518841e+00
3.549000e-05	2.641089e-02	9.600419e+00
3.550000e-05	1.832542e-02	9.654582e+00
3.551000e-05	1.558074e-02	9.747762e+00
3.552000e-05	2.502001e-02	9.773893e+00
3.553000e-05	2.720869e-02	9.845055e+00
3.554000e-05	1.948981e-02	9.936835e+00
3.555000e-05	1.659866e-02	9.949890e+00
3.556000e-05	2.519918e-02	9.999946e+00
3.557000e-05	2.918441e-02	1.002203e+01
3.558000e-05	2.390807e-02	1.007420e+01
3.559000e-05	2.117669e-02	1.011416e+01
3.560000e-05	2.619356e-02	1.012624e+01
3.561000e-05	2.969355e-02	1.010821e+01
3.562000e-05	2.614986e-02	1.016675e+01
3.563000e-05	2.277751e-02	1.015789e+01
3.564000e-05	2.784792e-02	1.014984e+01
3.565000e-05	3.450556e-02	1.020949e+01
3.566000e-05	3.083488e-02	1.022094e+01
3.567000e-05	2.729783e-02	1.020095e+01
3.568000e-05	3.017302e-02	1.018992e+01
3.569000e-05	3.618960e-02	1.016942e+01
3.570000e-05	3.669554e-02	1.019834e+01
3.571000e-05	3.328577e-02	1.016687e+01
3.572000e-05	3.757707e-02	1.014882e+01
3.573000e-05	4.291447e-02	1.014576e+01
3.574000e-05	4.348415e-02	1.009476e+01
3.575000e-05	4.017939e-02	1.005468e+01
3.576000e-05	4.325706e-02	1.005211e+01
3.577000e-05	5.092929e-02	1.001100e+01
3.578000e-05	5.272107e-02	9.988895e+00
3.579000e-05	5.165166e-02	9.975841e+00
3.580000e-05	5.460908e-02	9.925205e+00
3.581000e-05	6.213201e-02	9.791624e+00
3.582000e-05	6.622673e-02	9.747441e+00
3.583000e-05	6.753285e-02	9.705630e+00
3.584000e-05	7.197933e-02	9.641925e+00
3.585000e-05	8.073206e-02	9.568346e+00
3.586000e-05	8.611656e-02	9.495310e+00
3.587000e-05	8.737004e-02	9.473053e+00
3.588000e-05	8.922471e-02	9.358340e+00
3.589000e-05	9.605495e-02	9.294636e+00
3.590000e-05	9.751581e-02	9.242027e+00
3.591000e-05	9.550883e-02	9.189445e+00
3.592000e-05	9.247705e-02	9.063585e+00
3.593000e-05	9.318596e-02	8.937411e+00
3.594000e-05	9.069942e-02	8.853528e+00
3.595000e-05	8.539517e-02	8.745864e+00
3.596000e-05	7.866215e-02	8.673154e+00
3.597000e-05	7.623812e-02	8.577320e+00
3.598000e-05	7.294662e-02	8.462257e+00
3.599000e-05	6.675827e-02	8.390422e+00
3.600000e-05	5.968513e-02	8.233180e+00
3.601000e-05	5.746547e-02	8.168413e+00
3.602000e-05	5.481993e-02	8.040024e+00
3.603000e-05	5.016194e-02	7.887732e+00
3.604000e-05	4.467723e-02	7.768946e+00
3.605000e-05	4.235818e-02	7.652553e+00
3.606000e-05	4.106314e-02	7.556387e+00
3.607000e-05	3.644688e-02	7.325841e+00
3.608000e-05	3.300771e-02	7.220948e+00
3.609000e-05	3.002736e-02	7.063206e+00
3.610000e-05	3.041365e-02	6.926892e+00
3.611000e-05	2.662753e-02	6.840479e+00
3.612000e-05	2.426196e-02	6.703333e+00
3.613000e-05	2.209069e-02	6.524632e+00
3.614000e-05	2.249605e-02	6.336892e+00
3.615000e-05	2.007210e-02	6.220499e+00
3.616000e-05	1.765352e-02	6.052730e+00
3.617000e-05	1.599268e-02	5.947418e+00
3.618000e-05	1.564800e-02	5.757469e+00
3.619000e-05	1.537803e-02	5.628450e+00
3.620000e-05	1.315750e-02	5.440680e+00
3.621000e-05	1.176918e-02	5.272133e+00
3.622000e-05	1.144459e-02	5.041231e+00
3.623000e-05	1.064099e-02	4.843053e+00
3.624000e-05	7.710155e-03	4.685210e+00
3.625000e-05	7.525924e-03	4.505785e+00
3.626000e-05	7.146110e-03	4.388922e+00
3.627000e-05	7.610503e-03	4.168920e+00
3.628000e-05	5.522098e-03	4.020420e+00
3.629000e-05	4.327541e-03	3.822105e+00
3.630000e-05	4.512784e-03	3.662133e+00
3.631000e-05	5.191344e-03	3.502841e+00
3.632000e-05	3.932773e-03	3.294232e+00
3.633000e-05	2.712318e-03	3.135314e+00
3.634000e-05	1.844227e-03	2.956816e+00
3.635000e-05	2.884812e-03	2.769975e+00
3.636000e-05	1.569020e-03	2.571024e+00
3.637000e-05	1.851751e-04	2.367470e+00
3.638000e-05	-2.341974e-04	2.220025e+00
3.639000e-05	5.106750e-04	2.042181e+00
3.640000e-05	1.651254e-04	1.843233e+00
3.641000e-05	-1.363763e-03	1.662705e+00
3.642000e-05	-1.622639e-03	1.482809e+00
3.643000e-05	-1.544223e-03	1.271258e+00
3.644000e-05	-3.205681e-03	1.013131e+00
3.645000e-05	-3.639978e-03	8.400775e-01
3.646000e-05	-3.210510e-03	6.517291e-01
3.647000e-05	-2.960320e-03	4.612081e-01
3.648000e-05	-2.651445e-03	3.037846e-01
3.649000e-05	-4.766125e-03	7.370789e-02
3.650000e-05	-5.047460e-04	-1.157622e-01
3.651000e-05	2.422754e-03	-2.856343e-01
3.652000e-05	-2.922070e-03	-4.215015e-01
3.653000e-05	-4.427072e-03	-6.419549e-01
3.654000e-05	-5.787892e-03	-8.415265e-01
3.655000e-05	-3.481631e-03	-9.598722e-01
3.656000e-05	-3.530254e-03	-1.137741e+00
3.657000e-05	4.200982e-04	-1.275791e+00
3.658000e-05	5.505873e-02	-1.497790e+00
3.659000e-05	3.320712e-02	-1.718213e+00
3.660000e-05	-5.133615e-02	-1.957820e+00
3.661000e-05	-5.566192e-02	-2.254983e+00
3.662000e-05	-9.402230e-02	-2.433108e+00
3.663000e-05	3.244842e-02	-2.527412e+00
3.664000e-05	1.114690e-01	-2.620971e+00
3.665000e-05	-1.402437e-01	-2.823029e+00
3.666000e-05	3.667663e-02	-3.033559e+00
3.667000e-05	9.165775e-02	-3.138894e+00
3.668000e-05	-8.322729e-02	-3.391847e+00
3.669000e-05	4.423801e-02	-3.559421e+00
3.670000e-05	-6.867942e-02	-3.678086e+00
3.671000e-05	-9.354306e-02	-3.947794e+00
3.672000e-05	1.374012e-01	-4.064706e+00
3.673000e-05	-3.727292e-02	-4.244683e+00
3.674000e-05	-3.610306e-02	-4.432050e+00
3.675000e-05	1.308424e-02	-4.569223e+00
3.676000e-05	-6.462569e-02	-4.779901e+00
3.677000e-05	8.504136e-02	-4.948395e+00
3.678000e-05	-9.526495e-02	-5.118213e+00
3.679000e-05	-4.397314e-02	-5.345740e+00
3.680000e-05	8.116370e-02	-5.476712e+00
3.681000e-05	-3.383111e-02	-5.725762e+00
3.682000e-05	7.178347e-03	-5.822581e+00
3.683000e-05	-9.340637e-02	-5.959866e+00
3.684000e-05	2.107458e-02	-6.158664e+00
3.685000e-05	4.014079e-02	-6.287308e+00
3.686000e-05	-8.321989e-02	-6.465084e+00
3.687000e-05	1.926171e-02	-6.601521e+00
3.688000e-05	-3.871602e-02	-6.737794e+00
3.689000e-05	3.370408e-02	-6.835641e+00
3.690000e-05	-2.792492e-02	-7.063957e+00
3.691000e-05	-7.397528e-02	-7.232974e+00
3.692000e-05	3.054231e-02	-7.337764e+00
3.693000e-05	-2.864704e-02	-7.455583e+00
3.694000e-05	1.251960e-02	-7.632421e+00
3.695000e-05	-6.056935e-02	-7.730290e+00
3.696000e-05	-7.730909e-03	-7.937291e+00
3.697000e-05	1.224383e-02	-8.052952e+00
3.698000e-05	-4.040526e-02	-8.148866e+00
3.699000e-05	-1.828777e-02	-8.243580e+00
3.700000e-05	-4.412246e-02	-8.337841e+00
3.701000e-05	2.097151e-02	-8.426607e+00
3.702000e-05	-2.651343e-02	-8.560245e+00
3.703000e-05	-3.537710e-02	-8.746735e+00
3.704000e-05	-2.214892e-02	-8.821000e+00
3.705000e-05	-1.065811e-02	-8.937712e+00
3.706000e-05	-8.204744e-03	-9.000373e+00
3.707000e-05	-5.053397e-02	-9.075652e+00
3.708000e-05	-2.148973e-02	-9.158868e+00
3.709000e-05	-1.236297e-02	-9.212953e+00
3.710000e-05	-1.291827e-02	-9.309210e+00
3.711000e-05	-3.766182e-02	-9.372901e+00
3.712000e-05	-3.330418e-02	-9.514655e+00
3.713000e-05	-1.102151e-02	-9.600395e+00
3.714000e-05	-1.955086e-02	-9.642457e+00
3.715000e-05	-3.616607e-02	-9.677762e+00
3.716000e-05	-3.618514e-02	-9.768815e+00
3.717000e-05	-1.432470e-02	-9.793423e+00
3.718000e-05	-1.976468e-02	-9.866134e+00
3.719000e-05	-3.534432e-02	-9.906262e+00
3.720000e-05	-3.992187e-02	-9.958342e+00
3.721000e-05	-2.093375e-02	-9.970445e+00
3.722000e-05	-2.045643e-02	-1.001195e+01
3.723000e-05	-3.495821e-02	-1.009405e+01
3.724000e-05	-3.829920e-02	-1.013766e+01
3.725000e-05	-2.642464e-02	-1.011917e+01
3.726000e-05	-2.227172e-02	-1.021232e+01
3.727000e-05	-3.776637e-02	-1.020202e+01
3.728000e-05	-4.251246e-02	-1.019445e+01
3.729000e-05	-3.254163e-02	-1.027658e+01
3.730000e-05	-2.390782e-02	-1.026668e+01
3.731000e-05	-3.675155e-02	-1.029468e+01
3.732000e-05	-4.453875e-02	-1.027508e+01
3.733000e-05	-3.726610e-02	-1.030568e+01
3.734000e-05	-3.154292e-02	-1.028558e+01
3.735000e-05	-3.847742e-02	-1.026713e+01
3.736000e-05	-4.926389e-02	-1.028402e+01
3.737000e-05	-4.233450e-02	-1.026060e+01
3.738000e-05	-3.683020e-02	-1.023353e+01
3.739000e-05	-4.491920e-02	-1.017082e+01
3.740000e-05	-5.507079e-02	-1.011832e+01
3.741000e-05	-5.379157e-02	-1.012519e+01
3.742000e-05	-4.503344e-02	-1.004416e+01
3.743000e-05	-5.187679e-02	-1.003505e+01
3.744000e-05	-6.157550e-02	-9.992948e+00
3.745000e-05	-6.213570e-02	-9.969393e+00
3.746000e-05	-5.811337e-02	-9.917261e+00
3.747000e-05	-6.275736e-02	-9.896709e+00
3.748000e-05	-7.515731e-02	-9.842029e+00
3.749000e-05	-7.860850e-02	-9.779995e+00
3.750000e-05	-7.572706e-02	-9.715811e+00
3.751000e-05	-8.151127e-02	-9.663707e+00
3.752000e-05	-9.291970e-02	-9.602551e+00
3.753000e-05	-9.906203e-02	-9.567869e+00
3.754000e-05	-9.639418e-02	-9.483730e+00
3.755000e-05	-9.822240e-02	-9.371944e+00
3.756000e-05	-1.044282e-01	-9.294182e+00
3.757000e-05	-1.065913e-01	-9.201497e+00
3.758000e-05	-1.003402e-01	-9.084817e+00
3.759000e-05	-9.544101e-02	-9.012050e+00
3.760000e-05	-9.792793e-02	-8.897415e+00
3.761000e-05	-9.630796e-02	-8.842579e+00
3.762000e-05	-8.771784e-02	-8.779896e+00
3.763000e-05	-7.983945e-02	-8.632755e+00
3.764000e-05	-7.912827e-02	-8.556815e+00
3.765000e-05	-7.782683e-02	-8.410051e+00
3.766000e-05	-6.914773e-02	-8.316316e+00
3.767000e-05	-6.350215e-02	-8.211474e+00
3.768000e-05	-6.031721e-02	-8.084287e+00
3.769000e-05	-6.039719e-02	-8.041550e+00
3.770000e-05	-5.364637e-02	-7.855783e+00
3.771000e-05	-4.707321e-02	-7.723766e+00
3.772000e-05	-4.608884e-02	-7.546893e+00
3.773000e-05	-4.568721e-02	-7.430103e+00
3.774000e-05	-4.212490e-02	-7.284158e+00
3.775000e-05	-3.691466e-02	-7.177973e+00
3.776000e-05	-3.603606e-02	-7.001028e+00
3.777000e-05	-3.637675e-02	-6.863054e+00
3.778000e-05	-3.367707e-02	-6.705916e+00
3.779000e-05	-2.899257e-02	-6.599921e+00
3.780000e-05	-2.740410e-02	-6.441155e+00
3.781000e-05	-2.859154e-02	-6.315711e+00
3.782000e-05	-2.725007e-02	-6.115291e+00
3.783000e-05	-2.344749e-02	-5.977416e+00
3.784000e-05	-2.230731e-02	-5.821578e+00
3.785000e-05	-2.394532e-02	-5.684183e+00
3.786000e-05	-2.272697e-02	-5.513767e+00
3.787000e-05	-1.944021e-02	-5.313837e+00
3.788000e-05	-1.807845e-02	-5.116263e+00
3.789000e-05	-1.972448e-02	-4.946365e+00
3.790000e-05	-1.935918e-02	-4.724842e+00
3.791000e-05	-1.636229e-02	-4.577423e+00
3.792000e-05	-1.438746e-02	-4.419501e+00
3.793000e-05	-1.543014e-02	-4.283182e+00
3.794000e-05	-1.458971e-02	-4.115240e+00
3.795000e-05	-1.386525e-02	-3.937972e+00
3.796000e-05	-1.197864e-02	-3.799392e+00
3.797000e-05	-1.308662e-02	-3.577420e+00
3.798000e-05	-1.197713e-02	-3.420073e+00
3.799000e-05	-1.131830e-02	-3.220127e+00
3.800000e-05	-9.893053e-03	-3.049583e+00
3.801000e-05	-1.073676e-02	-2.821054e+00
3.802000e-05	-1.105523e-02	-2.671712e+00
3.803000e-05	-1.020260e-02	-2.472763e+00
3.804000e-05	-7.944288e-03	-2.304740e+00
3.805000e-05	-7.918913e-03	-2.112684e+00
3.806000e-05	-8.169009e-03	-1.945292e+00
3.807000e-05	-7.435658e-03	-1.766870e+00
3.808000e-05	-6.160037e-03	-1.587447e+00
3.809000e-05	-7.738470e-03	-1.295343e+00
3.810000e-05	-7.191661e-03	-1.164317e+00
3.811000e-05	-6.417816e-03	-9.258431e-01
3.812000e-05	-5.486777e-03	-7.559449e-01
3.813000e-05	-3.996491e-03	-5.574683e-01
3.814000e-05	-4.765113e-03	-3.969447e-01
3.815000e-05	-2.674144e-03	-1.879275e-01
3.816000e-05	5.875766e-04	-1.153038e-02
3.817000e-05	2.965412e-03	1.699523e-01
3.818000e-05	-1.646210e-03	3.894238e-01
3.819000e-05	-8.788946e-05	5.282635e-01
3.820000e-05	-1.537038e-03	7.067356e-01
3.821000e-05	1.094293e-03	8.321016e-01
3.822000e-05	8.188694e-05	1.125134e+00
3.823000e-05	5.054635e-03	1.295134e+00
3.824000e-05	2.319167e-02	1.454605e+00
3.825000e-05	6.287394e-02	1.738188e+00
3.826000e-05	-7.738937e-04	1.958766e+00
3.827000e-05	-4.655426e-02	2.118211e+00
3.828000e-05	-4.420105e-02	2.296239e+00
3.829000e-05	-5.055354e-02	2.431549e+00
3.830000e-05	1.762774e-02	2.558236e+00
3.831000e-05	9.459673e-02	2.777815e+00
3.832000e-05	-8.600892e-02	2.937863e+00
3.833000e-05	3.087818e-02	3.042604e+00
3.834000e-05	8.679945e-02	3.276078e+00
3.835000e-05	-3.670399e-02	3.485210e+00
3.836000e-05	2.061066e-02	3.611499e+00
3.837000e-05	-3.548432e-02	3.761373e+00
3.838000e-05	-3.543022e-02	3.998445e+00
3.839000e-05	8.379602e-02	4.127215e+00
3.840000e-05	7.736163e-03	4.368845e+00
3.841000e-05	-2.600395e-02	4.516216e+00
3.842000e-05	1.352566e-02	4.665658e+00
3.843000e-05	-4.311600e-03	4.886628e+00
3.844000e-05	4.281720e-02	5.074128e+00
3.845000e-05	-2.643864e-02	5.267136e+00
3.846000e-05	-7.426675e-03	5.453654e+00
3.847000e-05	3.603600e-02	5.580497e+00
3.848000e-05	3.379871e-02	5.789268e+00
3.849000e-05	-1.015048e-03	5.950313e+00
3.850000e-05	-3.778224e-02	6.117758e+00
3.851000e-05	3.490300e-02	6.233048e+00
3.852000e-05	2.776727e-02	6.359870e+00
3.853000e-05	4.592252e-04	6.505788e+00
3.854000e-05	5.356359e-03	6.706687e+00
3.855000e-05	9.985641e-03	6.873106e+00
3.856000e-05	3.127547e-02	6.988920e+00
3.857000e-05	7.599444e-03	7.147311e+00
3.858000e-05	-1.141203e-02	7.222003e+00
3.859000e-05	1.400237e-02	7.389892e+00
3.860000e-05	2.564249e-02	7.579771e+00
3.861000e-05	2.526394e-02	7.696734e+00
3.862000e-05	-4.747715e-03	7.833103e+00
3.863000e-05	1.392058e-02	8.010320e+00
3.864000e-05	2.442024e-02	8.137109e+00
3.865000e-05	1.478981e-02	8.212028e+00
3.866000e-05	6.840911e-03	8.328215e+00
3.867000e-05	5.604901e-03	8.432503e+00
3.868000e-05	2.904185e-02	8.496685e+00
3.869000e-05	2.229240e-02	8.590972e+00
3.870000e-05	1.092320e-02	8.704686e+00
3.871000e-05	9.984589e-03	8.817949e+00
3.872000e-05	2.237235e-02	8.875129e+00
3.873000e-05	2.377010e-02	8.991842e+00
3.874000e-05	9.160736e-03	9.077254e+00
3.875000e-05	1.359059e-02	9.189945e+00
3.876000e-05	2.316784e-02	9.244055e+00
3.877000e-05	2.675797e-02	9.346234e+00
3.878000e-05	1.545712e-02	9.439874e+00
3.879000e-05	1.387294e-02	9.424231e+00
3.880000e-05	2.192321e-02	9.537266e+00
3.881000e-05	2.518707e-02	9.611445e+00
3.882000e-05	1.845765e-02	9.674557e+00
3.883000e-05	1.703215e-02	9.727809e+00
3.884000e-05	2.561364e-02	9.801973e+00
3.885000e-05	2.613520e-02	9.844174e+00
3.886000e-05	2.020549e-02	9.948186e+00
3.887000e-05	1.771841e-02	9.959840e+00
3.888000e-05	2.495963e-02	9.970944e+00
3.889000e-05	2.829140e-02	1.004203e+01
3.890000e-05	2.462096e-02	1.007463e+01
3.891000e-05	2.150836e-02	1.010468e+01
3.892000e-05	2.613093e-02	1.011573e+01
3.893000e-05	2.898201e-02	1.015829e+01
3.894000e-05	2.664817e-02	1.013777e+01
3.895000e-05	2.303918e-02	1.017937e+01
3.896000e-05	2.818973e-02	1.017942e+01
3.897000e-05	3.416249e-02	1.018992e+01
3.898000e-05	3.178681e-02	1.019037e+01
3.899000e-05	2.714697e-02	1.020092e+01
3.900000e-05	2.839287e-02	1.019889e+01
3.901000e-05	3.546167e-02	1.016894e+01
3.902000e-05	3.665557e-02	1.018034e+01
3.903000e-05	3.425601e-02	1.015737e+01
3.904000e-05	3.651846e-02	1.012884e+01
3.905000e-05	4.261388e-02	1.012682e+01
3.906000e-05	4.419965e-02	1.006478e+01
3.907000e-05	4.091379e-02	1.008426e+01
3.908000e-05	4.257069e-02	1.005313e+01
3.909000e-05	5.095956e-02	1.003203e+01
3.910000e-05	5.351328e-02	1.000989e+01
3.911000e-05	5.303465e-02	9.969363e+00
3.912000e-05	5.468390e-02	9.914153e+00
3.913000e-05	6.152619e-02	9.892543e+00
3.914000e-05	6.549210e-02	9.778844e+00
3.915000e-05	6.726818e-02	9.692654e+00
3.916000e-05	7.239688e-02	9.611999e+00
3.917000e-05	8.041689e-02	9.576444e+00
3.918000e-05	8.617744e-02	9.475710e+00
3.919000e-05	8.779636e-02	9.442052e+00
3.920000e-05	8.895941e-02	9.358394e+00
3.921000e-05	9.620087e-02	9.273784e+00
3.922000e-05	9.805246e-02	9.251055e+00
3.923000e-05	9.684363e-02	9.169917e+00
3.924000e-05	9.283916e-02	9.082728e+00
3.925000e-05	9.299275e-02	8.957891e+00
3.926000e-05	9.000611e-02	8.831604e+00
3.927000e-05	8.491580e-02	8.756841e+00
3.928000e-05	7.808998e-02	8.672152e+00
3.929000e-05	7.626072e-02	8.597366e+00
3.930000e-05	7.272425e-02	8.473682e+00
3.931000e-05	6.648545e-02	8.389922e+00
3.932000e-05	5.951961e-02	8.282682e+00
3.933000e-05	5.663925e-02	8.126961e+00
3.934000e-05	5.502947e-02	8.010925e+00
3.935000e-05	4.934721e-02	7.914281e+00
3.936000e-05	4.468435e-02	7.757922e+00
3.937000e-05	4.222993e-02	7.682580e+00
3.938000e-05	4.096136e-02	7.535866e+00
3.939000e-05	3.667415e-02	7.396840e+00
3.940000e-05	3.282695e-02	7.179429e+00
3.941000e-05	2.983106e-02	7.092683e+00
3.942000e-05	3.044682e-02	6.967315e+00
3.943000e-05	2.660495e-02	6.820053e+00
3.944000e-05	2.429990e-02	6.733682e+00
3.945000e-05	2.199400e-02	6.494211e+00
3.946000e-05	2.198071e-02	6.336866e+00
3.947000e-05	2.036831e-02	6.230130e+00
3.948000e-05	1.801860e-02	6.074707e+00
3.949000e-05	1.637462e-02	5.966969e+00
3.950000e-05	1.572591e-02	5.746911e+00
3.951000e-05	1.523988e-02	5.626999e+00
3.952000e-05	1.319253e-02	5.432103e+00
3.953000e-05	1.065367e-02	5.263732e+00
3.954000e-05	1.140417e-02	5.072337e+00
3.955000e-05	1.102275e-02	4.861150e+00
3.956000e-05	8.846954e-03	4.683710e+00
3.957000e-05	6.844990e-03	4.536340e+00
3.958000e-05	6.972816e-03	4.399447e+00
3.959000e-05	7.938863e-03	4.138549e+00
3.960000e-05	6.371156e-03	3.999996e+00
3.961000e-05	4.511480e-03	3.840654e+00
3.962000e-05	4.246793e-03	3.670709e+00
3.963000e-05	4.828697e-03	3.522314e+00
3.964000e-05	4.240093e-03	3.261730e+00
3.965000e-05	1.644422e-03	3.114838e+00
3.966000e-05	2.374920e-03	2.956364e+00
3.967000e-05	2.806405e-03	2.808450e+00
3.968000e-05	1.604753e-03	2.566047e+00
3.969000e-05	4.567076e-04	2.398420e+00
3.970000e-05	-1.342845e-04	2.188051e+00
3.971000e-05	-2.573420e-04	2.021228e+00
3.972000e-05	4.442882e-04	1.861758e+00
3.973000e-05	-1.302019e-03	1.652604e+00
3.974000e-05	-2.205684e-03	1.442681e+00
3.975000e-05	-1.433862e-03	1.261260e+00
3.976000e-05	-8.996519e-04	1.079707e+00
3.977000e-05	-2.785276e-03	8.390800e-01
3.978000e-05	-4.312635e-03	6.616826e-01
3.979000e-05	-3.521547e-03	4.832342e-01
3.980000e-05	-3.278793e-03	3.058628e-01
3.981000e-05	-3.822615e-03	6.170527e-02
3.982000e-05	-1.915408e-03	-1.162130e-01
3.983000e-05	1.806078e-03	-2.545816e-01
3.984000e-05	-1.970533e-03	-4.195750e-01
3.985000e-05	-2.259670e-03	-6.045026e-01
3.986000e-05	-6.529625e-03	-8.025502e-01
3.987000e-05	-3.823077e-03	-9.373186e-01
3.988000e-05	-4.248968e-03	-1.117213e+00
3.989000e-05	1.000356e-03	-1.318666e+00
3.990000e-05	5.325907e-02	-1.507766e+00
3.991000e-05	3.387319e-02	-1.707788e+00
3.992000e-05	-5.019279e-02	-1.950896e+00
3.993000e-05	-5.496441e-02	-2.295059e+00
3.994000e-05	-9.370343e-02	-2.453159e+00
3.995000e-05	3.023217e-02	-2.526843e+00
3.996000e-05	1.121770e-01	-2.621499e+00
3.997000e-05	-1.393700e-01	-2.863453e+00
3.998000e-05	3.389724e-02	-3.053607e+00
3.999000e-05	9.239269e-02	-3.159371e+00
4.000000e-05	-8.276006e-02	-3.371896e+00
4.001000e-05	4.440021e-02	-3.558949e+00
4.002000e-05	-6.662323e-02	-3.685159e+00
4.003000e-05	-9.636464e-02	-3.938242e+00
4.004000e-05	1.358629e-01	-4.074107e+00
4.005000e-05	-3.593840e-02	-4.254033e+00
4.006000e-05	-3.609095e-02	-4.421554e+00
4.007000e-05	1.485993e-02	-4.559367e+00
4.008000e-05	-6.390834e-02	-4.792969e+00
4.009000e-05	8.587685e-02	-4.968921e+00
4.010000e-05	-9.403639e-02	-5.105636e+00
4.011000e-05	-4.656312e-02	-5.327712e+00
4.012000e-05	8.081048e-02	-5.458616e+00
4.013000e-05	-3.348214e-02	-5.696215e+00
4.014000e-05	7.150264e-03	-5.861929e+00
4.015000e-05	-9.213040e-02	-6.009867e+00
4.016000e-05	1.978236e-02	-6.078312e+00
4.017000e-05	4.050921e-02	-6.356760e+00
4.018000e-05	-8.303160e-02	-6.454108e+00
4.019000e-05	2.016245e-02	-6.572474e+00
4.020000e-05	-3.905887e-02	-6.750266e+00
4.021000e-05	3.275291e-02	-6.876133e+00
4.022000e-05	-2.657856e-02	-7.054574e+00
4.023000e-05	-7.391392e-02	-7.233551e+00
4.024000e-05	2.992838e-02	-7.328264e+00
4.025000e-05	-2.819583e-02	-7.486104e+00
4.026000e-05	1.267695e-02	-7.581995e+00
4.027000e-05	-5.915697e-02	-7.799691e+00
4.028000e-05	-9.258209e-03	-7.947318e+00
4.029000e-05	1.273256e-02	-8.033028e+00
4.030000e-05	-4.138147e-02	-8.159819e+00
4.031000e-05	-1.836050e-02	-8.255079e+00
4.032000e-05	-4.489976e-02	-8.378266e+00
4.033000e-05	2.045694e-02	-8.434056e+00
4.034000e-05	-2.578243e-02	-8.589367e+00
4.035000e-05	-3.641003e-02	-8.745263e+00
4.036000e-05	-2.373381e-02	-8.832953e+00
4.037000e-05	-1.098724e-02	-8.937161e+00
4.038000e-05	-7.362232e-03	-8.960419e+00
4.039000e-05	-5.053800e-02	-9.095082e+00
4.040000e-05	-2.216156e-02	-9.118820e+00
4.041000e-05	-1.219885e-02	-9.232555e+00
4.042000e-05	-1.143681e-02	-9.318266e+00
4.043000e-05	-3.786372e-02	-9.412952e+00
4.044000e-05	-3.457023e-02	-9.497161e+00
4.045000e-05	-1.144833e-02	-9.579850e+00
4.046000e-05	-1.845463e-02	-9.674605e+00
4.047000e-05	-3.518261e-02	-9.697710e+00
4.048000e-05	-3.642722e-02	-9.750340e+00
4.049000e-05	-1.479154e-02	-9.800002e+00
4.050000e-05	-1.887706e-02	-9.874656e+00
4.051000e-05	-3.510119e-02	-9.948741e+00
4.052000e-05	-4.037824e-02	-9.948843e+00
4.053000e-05	-2.177840e-02	-9.978997e+00
4.054000e-05	-2.063330e-02	-1.000153e+01
4.055000e-05	-3.482096e-02	-1.003371e+01
4.056000e-05	-3.932791e-02	-1.007721e+01
4.057000e-05	-2.759238e-02	-1.013764e+01
4.058000e-05	-2.169533e-02	-1.014087e+01
4.059000e-05	-3.718336e-02	-1.025242e+01
4.060000e-05	-4.160571e-02	-1.022205e+01
4.061000e-05	-3.272758e-02	-1.024495e+01
4.062000e-05	-2.351629e-02	-1.026461e+01
4.063000e-05	-3.710735e-02	-1.028456e+01
4.064000e-05	-4.537338e-02	-1.031573e+01
4.065000e-05	-3.784121e-02	-1.027510e+01
4.066000e-05	-3.108640e-02	-1.029623e+01
4.067000e-05	-3.822232e-02	-1.021270e+01
4.068000e-05	-4.960798e-02	-1.026406e+01
4.069000e-05	-4.286523e-02	-1.021150e+01
4.070000e-05	-3.699826e-02	-1.022147e+01
4.071000e-05	-4.477787e-02	-1.018945e+01
4.072000e-05	-5.579542e-02	-1.016824e+01
4.073000e-05	-5.425877e-02	-1.007669e+01
4.074000e-05	-4.470213e-02	-1.006516e+01
4.075000e-05	-5.105740e-02	-1.007258e+01
4.076000e-05	-6.179445e-02	-9.990450e+00
4.077000e-05	-6.227115e-02	-9.947945e+00
4.078000e-05	-5.835899e-02	-9.897840e+00
4.079000e-05	-6.332114e-02	-9.894786e+00
4.080000e-05	-7.534458e-02	-9.843599e+00
4.081000e-05	-7.826489e-02	-9.781423e+00
4.082000e-05	-7.498244e-02	-9.707263e+00
4.083000e-05	-8.135034e-02	-9.695235e+00
4.084000e-05	-9.319997e-02	-9.631103e+00
4.085000e-05	-9.888570e-02	-9.558893e+00
4.086000e-05	-9.499413e-02	-9.465181e+00
4.087000e-05	-9.801236e-02	-9.409945e+00
4.088000e-05	-1.052828e-01	-9.306163e+00
4.089000e-05	-1.072022e-01	-9.241002e+00
4.090000e-05	-9.880264e-02	-9.117289e+00
4.091000e-05	-9.547043e-02	-9.072054e+00
4.092000e-05	-9.887236e-02	-8.937315e+00
4.093000e-05	-9.573294e-02	-8.862557e+00
4.094000e-05	-8.702564e-02	-8.768946e+00
4.095000e-05	-7.987386e-02	-8.705235e+00
4.096000e-05	-7.917367e-02	-8.546812e+00
4.097000e-05	-7.767287e-02	-8.441498e+00
4.098000e-05	-6.937561e-02	-8.305213e+00
4.099000e-05	-6.275633e-02	-8.231498e+00
4.100000e-05	-6.109821e-02	-8.105287e+00
4.101000e-05	-6.070152e-02	-8.010003e+00
4.102000e-05	-5.342265e-02	-7.884661e+00
4.103000e-05	-4.705118e-02	-7.727236e+00
4.104000e-05	-4.601104e-02	-7.528392e+00
4.105000e-05	-4.623367e-02	-7.452150e+00
4.106000e-05	-4.232483e-02	-7.295261e+00
4.107000e-05	-3.645737e-02	-7.199446e+00
4.108000e-05	-3.610557e-02	-7.040625e+00
4.109000e-05	-3.720059e-02	-6.892633e+00
4.110000e-05	-3.430687e-02	-6.745292e+00
4.111000e-05	-2.914131e-02	-6.577995e+00
4.112000e-05	-2.800434e-02	-6.443083e+00
4.113000e-05	-2.963477e-02	-6.305266e+00
4.114000e-05	-2.716601e-02	-6.103211e+00
4.115000e-05	-2.336654e-02	-6.008395e+00
4.116000e-05	-2.221171e-02	-5.842050e+00
4.117000e-05	-2.360541e-02	-5.671783e+00
4.118000e-05	-2.254842e-02	-5.546416e+00
4.119000e-05	-1.914326e-02	-5.296214e+00
4.120000e-05	-1.750445e-02	-5.114916e+00
4.121000e-05	-1.948853e-02	-4.979322e+00
4.122000e-05	-1.995597e-02	-4.715414e+00
4.123000e-05	-1.586286e-02	-4.578421e+00
4.124000e-05	-1.372057e-02	-4.390576e+00
4.125000e-05	-1.643542e-02	-4.274257e+00
4.126000e-05	-1.527298e-02	-4.145891e+00
4.127000e-05	-1.357077e-02	-3.978395e+00
4.128000e-05	-1.143789e-02	-3.757964e+00
4.129000e-05	-1.284809e-02	-3.537941e+00
4.130000e-05	-1.222129e-02	-3.399949e+00
4.131000e-05	-1.166096e-02	-3.242107e+00
4.132000e-05	-9.755963e-03	-3.030255e+00
4.133000e-05	-1.127738e-02	-2.840605e+00
4.134000e-05	-1.145548e-02	-2.672783e+00
4.135000e-05	-1.012850e-02	-2.472684e+00
4.136000e-05	-7.636994e-03	-2.284841e+00
4.137000e-05	-7.341615e-03	-2.073761e+00
4.138000e-05	-7.645785e-03	-1.924867e+00
4.139000e-05	-7.138779e-03	-1.736921e+00
4.140000e-05	-5.618914e-03	-1.558997e+00
4.141000e-05	-7.028142e-03	-1.304261e+00
4.142000e-05	-6.701484e-03	-1.094818e+00
4.143000e-05	-6.987760e-03	-9.163935e-01
4.144000e-05	-5.273707e-03	-7.669699e-01
4.145000e-05	-4.316904e-03	-5.559922e-01
4.146000e-05	-4.386582e-03	-3.589434e-01
4.147000e-05	-2.419072e-03	-1.784999e-01
4.148000e-05	6.044931e-04	-3.010126e-02
4.149000e-05	4.409739e-03	1.804459e-01
4.150000e-05	-1.606643e-03	3.699474e-01
4.151000e-05	-5.524123e-04	5.282409e-01
4.152000e-05	-1.082844e-03	6.872131e-01
4.153000e-05	1.506806e-03	8.330765e-01
4.154000e-05	9.907208e-04	1.056635e+00
4.155000e-05	5.038595e-03	1.285084e+00
4.156000e-05	2.276910e-02	1.461480e+00
4.157000e-05	6.306207e-02	1.716790e+00
4.158000e-05	4.184716e-04	1.948266e+00
4.159000e-05	-4.640453e-02	2.117740e+00
4.160000e-05	-4.487119e-02	2.314162e+00
4.161000e-05	-5.088204e-02	2.420925e+00
4.162000e-05	1.648292e-02	2.507214e+00
4.163000e-05	9.548100e-02	2.758796e+00
4.164000e-05	-8.569227e-02	2.917763e+00
4.165000e-05	2.871835e-02	3.043533e+00
4.166000e-05	8.842716e-02	3.244025e+00
4.167000e-05	-3.724341e-02	3.495158e+00
4.168000e-05	1.924870e-02	3.631974e+00
4.169000e-05	-3.451097e-02	3.810375e+00
4.170000e-05	-3.523551e-02	3.978940e+00
4.171000e-05	8.388811e-02	4.128164e+00
4.172000e-05	8.418642e-03	4.378915e+00
4.173000e-05	-2.671554e-02	4.535688e+00
4.174000e-05	1.468182e-02	4.724687e+00
4.175000e-05	-4.563191e-03	4.874661e+00
4.176000e-05	4.198646e-02	5.094486e+00
4.177000e-05	-2.695360e-02	5.316106e+00
4.178000e-05	-8.519549e-03	5.464604e+00
4.179000e-05	3.699606e-02	5.609401e+00
4.180000e-05	3.244667e-02	5.728791e+00
4.181000e-05	-1.898383e-04	5.919319e+00
4.182000e-05	-3.727514e-02	6.095735e+00
4.183000e-05	3.445609e-02	6.242477e+00
4.184000e-05	2.801814e-02	6.379867e+00
4.185000e-05	-7.979523e-04	6.539712e+00
4.186000e-05	6.017352e-03	6.707231e+00
4.187000e-05	9.897057e-03	6.873633e+00
4.188000e-05	3.154662e-02	6.991869e+00
4.189000e-05	7.584326e-03	7.105235e+00
4.190000e-05	-1.140105e-02	7.241525e+00
4.191000e-05	1.380022e-02	7.391818e+00
4.192000e-05	2.531515e-02	7.537871e+00
4.193000e-05	2.435520e-02	7.686159e+00
4.194000e-05	-4.091589e-03	7.804953e+00
4.195000e-05	1.385234e-02	7.959894e+00
4.196000e-05	2.380528e-02	8.116762e+00
4.197000e-05	1.435228e-02	8.221925e+00
4.198000e-05	7.657747e-03	8.327211e+00
4.199000e-05	5.209063e-03	8.434028e+00
4.200000e-05	2.818355e-02	8.507686e+00
4.201000e-05	2.076664e-02	8.620923e+00
4.202000e-05	1.292441e-02	8.695259e+00
4.203000e-05	1.049186e-02	8.780420e+00
4.204000e-05	2.472619e-02	8.866133e+00
4.205000e-05	2.120073e-02	9.009868e+00
4.206000e-05	7.853291e-03	9.085110e+00
4.207000e-05	1.164842e-02	9.219395e+00
4.208000e-05	2.288909e-02	9.263555e+00
4.209000e-05	2.605298e-02	9.328741e+00
4.210000e-05	1.634854e-02	9.420897e+00
4.211000e-05	1.556790e-02	9.464630e+00
4.212000e-05	2.444887e-02	9.526739e+00
4.213000e-05	2.609070e-02	9.589973e+00
4.214000e-05	1.593408e-02	9.685082e+00
4.215000e-05	1.529100e-02	9.719239e+00
4.216000e-05	2.422971e-02	9.801848e+00
4.217000e-05	2.796917e-02	9.846078e+00
4.218000e-05	1.983861e-02	9.965710e+00
4.219000e-05	1.842467e-02	9.959395e+00
4.220000e-05	2.514025e-02	9.981949e+00
4.221000e-05	2.996457e-02	1.006403e+01
4.222000e-05	2.283224e-02	1.004256e+01
4.223000e-05	1.933835e-02	1.011518e+01
4.224000e-05	2.528483e-02	1.011676e+01
4.225000e-05	3.061716e-02	1.011632e+01
4.226000e-05	2.643579e-02	1.014881e+01
4.227000e-05	2.294038e-02	1.016890e+01
4.228000e-05	2.943160e-02	1.016795e+01
4.229000e-05	3.512691e-02	1.020092e+01
4.230000e-05	3.128642e-02	1.018992e+01
4.231000e-05	2.618180e-02	1.020092e+01
4.232000e-05	2.947160e-02	1.018187e+01
4.233000e-05	3.611432e-02	1.019097e+01
4.234000e-05	3.607773e-02	1.019897e+01
4.235000e-05	3.257303e-02	1.014137e+01
4.236000e-05	3.695482e-02	1.015786e+01
4.237000e-05	4.410729e-02	1.010831e+01
4.238000e-05	4.420232e-02	1.009526e+01
4.239000e-05	3.973888e-02	1.007419e+01
4.240000e-05	4.206876e-02	1.006403e+01
4.241000e-05	5.024523e-02	1.003205e+01
4.242000e-05	5.261768e-02	9.991994e+00
4.243000e-05	5.114644e-02	9.966794e+00
4.244000e-05	5.464212e-02	9.894733e+00
4.245000e-05	6.250157e-02	9.822073e+00
4.246000e-05	6.659782e-02	9.740016e+00
4.247000e-05	6.653332e-02	9.705161e+00
4.248000e-05	7.148339e-02	9.611580e+00
4.249000e-05	8.083628e-02	9.578868e+00
4.250000e-05	8.609851e-02	9.483264e+00
4.251000e-05	8.768475e-02	9.402578e+00
4.252000e-05	9.024613e-02	9.368916e+00
4.253000e-05	9.564342e-02	9.295186e+00
4.254000e-05	9.884141e-02	9.222053e+00
4.255000e-05	9.646884e-02	9.138895e+00
4.256000e-05	9.210605e-02	9.044159e+00
4.257000e-05	9.280986e-02	8.978867e+00
4.258000e-05	9.072066e-02	8.821928e+00
4.259000e-05	8.610419e-02	8.757919e+00
4.260000e-05	7.704918e-02	8.633182e+00
4.261000e-05	7.602150e-02	8.567393e+00
4.262000e-05	7.313548e-02	8.493130e+00
4.263000e-05	6.778516e-02	8.388947e+00
4.264000e-05	5.987919e-02	8.262607e+00
4.265000e-05	5.724019e-02	8.156811e+00
4.266000e-05	5.484411e-02	8.030450e+00
4.267000e-05	5.070569e-02	7.936361e+00
4.268000e-05	4.388153e-02	7.767944e+00
4.269000e-05	4.166461e-02	7.632129e+00
4.270000e-05	4.013781e-02	7.556817e+00
4.271000e-05	3.762912e-02	7.367894e+00
4.272000e-05	3.251213e-02	7.219949e+00
4.273000e-05	2.897900e-02	7.084706e+00
4.274000e-05	3.012368e-02	6.938288e+00
4.275000e-05	2.747668e-02	6.809078e+00
4.276000e-05	2.497313e-02	6.644733e+00
4.277000e-05	2.103731e-02	6.493287e+00
4.278000e-05	2.136992e-02	6.338895e+00
4.279000e-05	2.088661e-02	6.231002e+00
4.280000e-05	1.858417e-02	6.062110e+00
4.281000e-05	1.523184e-02	5.978445e+00
4.282000e-05	1.508177e-02	5.747947e+00
4.283000e-05	1.488597e-02	5.578449e+00
4.284000e-05	1.438015e-02	5.431156e+00
4.285000e-05	1.102730e-02	5.253657e+00
4.286000e-05	1.026864e-02	5.033679e+00
4.287000e-05	1.094329e-02	4.871653e+00
4.288000e-05	9.508273e-03	4.663761e+00
4.289000e-05	7.709994e-03	4.515388e+00
4.290000e-05	6.613283e-03	4.408449e+00
4.291000e-05	8.089258e-03	4.178995e+00
4.292000e-05	7.382035e-03	3.988422e+00
4.293000e-05	4.902906e-03	3.820178e+00
4.294000e-05	3.421775e-03	3.682707e+00
4.295000e-05	3.552008e-03	3.515791e+00
4.296000e-05	3.973723e-03	3.274807e+00
4.297000e-05	2.878068e-03	3.144338e+00
4.298000e-05	1.790999e-03	2.926893e+00
4.299000e-05	2.440866e-03	2.799971e+00
4.300000e-05	3.568708e-03	2.567571e+00
4.301000e-05	1.367465e-03	2.398446e+00
4.302000e-05	-8.465793e-04	2.190498e+00
4.303000e-05	-4.635363e-04	2.020130e+00
4.304000e-05	9.155459e-04	1.852256e+00
4.305000e-05	-1.396159e-03	1.651058e+00
4.306000e-05	-2.200839e-03	1.473180e+00
4.307000e-05	-1.979894e-03	1.281732e+00
4.308000e-05	-2.070085e-03	1.049656e+00
4.309000e-05	-3.404957e-03	8.310788e-01
4.310000e-05	-4.744551e-03	6.607102e-01
4.311000e-05	-2.703868e-03	4.722054e-01
4.312000e-05	-2.641457e-03	3.128355e-01
4.313000e-05	-2.101599e-03	7.273291e-02
4.314000e-05	-3.164123e-03	-8.570828e-02
4.315000e-05	1.033924e-03	-2.636067e-01
4.316000e-05	-4.294041e-03	-4.114753e-01
4.317000e-05	-2.731630e-03	-6.145527e-01
4.318000e-05	-6.659294e-03	-8.414501e-01
4.319000e-05	-2.494459e-03	-9.278924e-01
4.320000e-05	-2.908938e-03	-1.117290e+00
4.321000e-05	3.132598e-03	-1.286733e+00
4.322000e-05	5.186360e-02	-1.507340e+00
4.323000e-05	3.297224e-02	-1.686662e+00
4.324000e-05	-5.212439e-02	-1.999321e+00
4.325000e-05	-5.437516e-02	-2.274484e+00
4.326000e-05	-9.300958e-02	-2.433656e+00
4.327000e-05	2.780726e-02	-2.577340e+00
4.328000e-05	1.139261e-01	-2.613000e+00
4.329000e-05	-1.369351e-01	-2.834024e+00
4.330000e-05	3.215820e-02	-3.063588e+00
4.331000e-05	9.186046e-02	-3.148916e+00
4.332000e-05	-8.247283e-02	-3.382369e+00
4.333000e-05	4.371684e-02	-3.568398e+00
4.334000e-05	-6.494852e-02	-3.675161e+00
4.335000e-05	-9.762929e-02	-3.917269e+00
4.336000e-05	1.353845e-01	-4.064632e+00
4.337000e-05	-3.338800e-02	-4.253109e+00
4.338000e-05	-3.761082e-02	-4.422528e+00
4.339000e-05	1.475085e-02	-4.559291e+00
4.340000e-05	-6.579343e-02	-4.771421e+00
4.341000e-05	8.524500e-02	-4.958971e+00
4.342000e-05	-9.210526e-02	-5.097113e+00
4.343000e-05	-4.852319e-02	-5.318258e+00
4.344000e-05	8.002961e-02	-5.507234e+00
4.345000e-05	-3.225904e-02	-5.665711e+00
4.346000e-05	8.826477e-03	-5.843006e+00
4.347000e-05	-9.156733e-02	-5.969896e+00
4.348000e-05	1.739709e-02	-6.107739e+00
4.349000e-05	4.198532e-02	-6.266237e+00
4.350000e-05	-8.378171e-02	-6.474086e+00
4.351000e-05	1.803563e-02	-6.621870e+00
4.352000e-05	-3.983503e-02	-6.758289e+00
4.353000e-05	3.219179e-02	-6.864662e+00
4.354000e-05	-2.402854e-02	-7.084503e+00
4.355000e-05	-7.355473e-02	-7.200899e+00
4.356000e-05	2.961806e-02	-7.286764e+00
4.357000e-05	-2.823676e-02	-7.444611e+00
4.358000e-05	1.230546e-02	-7.609950e+00
4.359000e-05	-6.002952e-02	-7.761368e+00
4.360000e-05	-1.149462e-02	-7.957340e+00
4.361000e-05	1.268624e-02	-8.013080e+00
4.362000e-05	-4.014963e-02	-8.190871e+00
4.363000e-05	-1.734178e-02	-8.254032e+00
4.364000e-05	-4.361609e-02	-8.358366e+00
4.365000e-05	1.986186e-02	-8.452530e+00
4.366000e-05	-2.524393e-02	-8.571373e+00
4.367000e-05	-3.742752e-02	-8.727186e+00
4.368000e-05	-2.390982e-02	-8.832974e+00
4.369000e-05	-1.204576e-02	-8.926762e+00
4.370000e-05	-7.261491e-03	-8.980423e+00
4.371000e-05	-4.965574e-02	-9.085682e+00
4.372000e-05	-2.161007e-02	-9.147818e+00
4.373000e-05	-1.210288e-02	-9.231479e+00
4.374000e-05	-1.275174e-02	-9.335687e+00
4.375000e-05	-3.962101e-02	-9.371953e+00
4.376000e-05	-3.536815e-02	-9.486182e+00
4.377000e-05	-1.233310e-02	-9.569797e+00
4.378000e-05	-1.966692e-02	-9.674106e+00
4.379000e-05	-3.536486e-02	-9.725662e+00
4.380000e-05	-3.567583e-02	-9.779269e+00
4.381000e-05	-1.411086e-02	-9.812477e+00
4.382000e-05	-1.937301e-02	-9.895081e+00
4.383000e-05	-3.615604e-02	-9.937715e+00
4.384000e-05	-4.079895e-02	-9.968371e+00
4.385000e-05	-2.331236e-02	-1.000992e+01
4.386000e-05	-2.069701e-02	-1.002100e+01
4.387000e-05	-3.489305e-02	-1.009406e+01
4.388000e-05	-3.797367e-02	-1.008768e+01
4.389000e-05	-2.610668e-02	-1.009831e+01
4.390000e-05	-2.302836e-02	-1.021082e+01
4.391000e-05	-3.817408e-02	-1.023100e+01
4.392000e-05	-4.154610e-02	-1.022307e+01
4.393000e-05	-3.329079e-02	-1.026358e+01
4.394000e-05	-2.422944e-02	-1.027460e+01
4.395000e-05	-3.736436e-02	-1.029516e+01
4.396000e-05	-4.412734e-02	-1.028468e+01
4.397000e-05	-3.733547e-02	-1.030668e+01
4.398000e-05	-3.089103e-02	-1.031475e+01
4.399000e-05	-3.965152e-02	-1.028363e+01
4.400000e-05	-4.930694e-02	-1.024405e+01
4.401000e-05	-4.330026e-02	-1.027198e+01
4.402000e-05	-3.632062e-02	-1.022200e+01
4.403000e-05	-4.550763e-02	-1.021997e+01
4.404000e-05	-5.603624e-02	-1.013934e+01
4.405000e-05	-5.320472e-02	-1.010724e+01
4.406000e-05	-4.398647e-02	-1.007561e+01
4.407000e-05	-5.184319e-02	-1.005400e+01
4.408000e-05	-6.237266e-02	-1.001102e+01
4.409000e-05	-6.225832e-02	-9.967897e+00
4.410000e-05	-5.847870e-02	-9.936837e+00
4.411000e-05	-6.366627e-02	-9.865186e+00
4.412000e-05	-7.701587e-02	-9.842104e+00
4.413000e-05	-7.743456e-02	-9.790920e+00
4.414000e-05	-7.435407e-02	-9.725842e+00
4.415000e-05	-8.100525e-02	-9.684208e+00
4.416000e-05	-9.374720e-02	-9.641054e+00
4.417000e-05	-9.862812e-02	-9.548421e+00
4.418000e-05	-9.488450e-02	-9.494208e+00
4.419000e-05	-9.766676e-02	-9.409998e+00
4.420000e-05	-1.053577e-01	-9.306233e+00
4.421000e-05	-1.065607e-01	-9.218923e+00
4.422000e-05	-9.879352e-02	-9.166366e+00
4.423000e-05	-9.494117e-02	-9.022100e+00
4.424000e-05	-9.817339e-02	-8.966817e+00
4.425000e-05	-9.644127e-02	-8.862102e+00
4.426000e-05	-8.804041e-02	-8.789450e+00
4.427000e-05	-7.932331e-02	-8.694708e+00
4.428000e-05	-7.998874e-02	-8.566339e+00
4.429000e-05	-7.762172e-02	-8.480028e+00
4.430000e-05	-6.909102e-02	-8.336791e+00
4.431000e-05	-6.177980e-02	-8.240051e+00
4.432000e-05	-6.091872e-02	-8.096187e+00
4.433000e-05	-6.103974e-02	-8.009525e+00
4.434000e-05	-5.371781e-02	-7.922633e+00
4.435000e-05	-4.649269e-02	-7.734308e+00
4.436000e-05	-4.697729e-02	-7.546846e+00
4.437000e-05	-4.679267e-02	-7.410500e+00
4.438000e-05	-4.202680e-02	-7.274258e+00
4.439000e-05	-3.658292e-02	-7.158944e+00
4.440000e-05	-3.649058e-02	-6.999128e+00
4.441000e-05	-3.767486e-02	-6.843680e+00
4.442000e-05	-3.383879e-02	-6.736263e+00
4.443000e-05	-2.888142e-02	-6.588445e+00
4.444000e-05	-2.755866e-02	-6.452632e+00
4.445000e-05	-2.926025e-02	-6.293868e+00
4.446000e-05	-2.754155e-02	-6.115841e+00
4.447000e-05	-2.390096e-02	-5.967892e+00
4.448000e-05	-2.271149e-02	-5.831157e+00
4.449000e-05	-2.455892e-02	-5.673183e+00
4.450000e-05	-2.304901e-02	-5.514265e+00
4.451000e-05	-1.874728e-02	-5.285266e+00
4.452000e-05	-1.824066e-02	-5.136287e+00
4.453000e-05	-1.953800e-02	-4.917400e+00
4.454000e-05	-1.950410e-02	-4.745288e+00
4.455000e-05	-1.593701e-02	-4.556945e+00
4.456000e-05	-1.430341e-02	-4.419525e+00
4.457000e-05	-1.670496e-02	-4.261206e+00
4.458000e-05	-1.456729e-02	-4.115813e+00
4.459000e-05	-1.386745e-02	-3.958472e+00
4.460000e-05	-1.184197e-02	-3.735990e+00
4.461000e-05	-1.426281e-02	-3.587921e+00
4.462000e-05	-1.235597e-02	-3.411026e+00
4.463000e-05	-9.939312e-03	-3.251604e+00
4.464000e-05	-8.183520e-03	-3.062153e+00
4.465000e-05	-1.015879e-02	-2.832081e+00
4.466000e-05	-1.172403e-02	-2.672683e+00
4.467000e-05	-1.087967e-02	-2.474663e+00
4.468000e-05	-8.711676e-03	-2.283866e+00
4.469000e-05	-8.628759e-03	-2.054260e+00
4.470000e-05	-8.049766e-03	-1.915841e+00
4.471000e-05	-6.518436e-03	-1.777394e+00
4.472000e-05	-4.633821e-03	-1.557947e+00
4.473000e-05	-5.861325e-03	-1.327389e+00
4.474000e-05	-7.722585e-03	-1.105291e+00
4.475000e-05	-7.164567e-03	-9.562907e-01
4.476000e-05	-6.514539e-03	-7.780236e-01
4.477000e-05	-4.861963e-03	-5.459946e-01
4.478000e-05	-4.918924e-03	-3.589485e-01
4.479000e-05	-2.872174e-03	-1.890213e-01
4.480000e-05	1.761536e-03	-2.005139e-02
4.481000e-05	4.080313e-03	1.903411e-01
4.482000e-05	-1.617010e-03	3.679451e-01
4.483000e-05	-4.974026e-04	5.272398e-01
4.484000e-05	-2.406205e-04	7.066318e-01
4.485000e-05	1.101545e-03	8.525515e-01
4.486000e-05	9.350699e-05	1.075635e+00
4.487000e-05	3.636025e-03	1.265132e+00
4.488000e-05	2.315121e-02	1.454004e+00
4.489000e-05	6.368887e-02	1.758716e+00
4.490000e-05	2.414762e-04	1.948316e+00
4.491000e-05	-4.728309e-02	2.126665e+00
4.492000e-05	-4.393233e-02	2.306185e+00
4.493000e-05	-4.934457e-02	2.380000e+00
4.494000e-05	1.457755e-02	2.559785e+00
4.495000e-05	9.478151e-02	2.718365e+00
4.496000e-05	-8.363672e-02	2.947213e+00
4.497000e-05	2.738977e-02	3.053529e+00
4.498000e-05	8.783851e-02	3.265055e+00
4.499000e-05	-3.654191e-02	3.457136e+00
4.500000e-05	1.827968e-02	3.621026e+00
4.501000e-05	-3.284094e-02	3.810820e+00
4.502000e-05	-3.592677e-02	3.989267e+00
4.503000e-05	8.334404e-02	4.107210e+00
4.504000e-05	8.674245e-03	4.368194e+00
4.505000e-05	-2.663459e-02	4.516235e+00
4.506000e-05	1.466048e-02	4.706711e+00
4.507000e-05	-6.145717e-03	4.857578e+00
4.508000e-05	4.150306e-02	5.055056e+00
4.509000e-05	-2.537021e-02	5.277157e+00
4.510000e-05	-8.858938e-03	5.495184e+00
4.511000e-05	3.470521e-02	5.589391e+00
4.512000e-05	3.322660e-02	5.731293e+00
4.513000e-05	5.618739e-04	5.969365e+00
4.514000e-05	-3.701751e-02	6.077157e+00
4.515000e-05	3.249709e-02	6.242478e+00
4.516000e-05	2.861412e-02	6.377944e+00
4.517000e-05	-6.538181e-04	6.537686e+00
4.518000e-05	6.631275e-03	6.707136e+00
4.519000e-05	8.879080e-03	6.863579e+00
4.520000e-05	3.050699e-02	6.969917e+00
4.521000e-05	8.715766e-03	7.097138e+00
4.522000e-05	-1.110354e-02	7.231477e+00
4.523000e-05	1.273308e-02	7.369270e+00
4.524000e-05	2.525691e-02	7.570267e+00
4.525000e-05	2.436743e-02	7.695183e+00
4.526000e-05	-2.961576e-03	7.853924e+00
4.527000e-05	1.331084e-02	8.010368e+00
4.528000e-05	2.478246e-02	8.106209e+00
4.529000e-05	1.441080e-02	8.243075e+00
4.530000e-05	7.236716e-03	8.368241e+00
4.531000e-05	5.356113e-03	8.451528e+00
4.532000e-05	2.795992e-02	8.496658e+00
4.533000e-05	2.171358e-02	8.600472e+00
4.534000e-05	1.175622e-02	8.695682e+00
4.535000e-05	9.199537e-03	8.759395e+00
4.536000e-05	2.242203e-02	8.855083e+00
4.537000e-05	2.299292e-02	9.001869e+00
4.538000e-05	9.460482e-03	9.077133e+00
4.539000e-05	1.273618e-02	9.190393e+00
4.540000e-05	2.332943e-02	9.223030e+00
4.541000e-05	2.700657e-02	9.328286e+00
4.542000e-05	1.488482e-02	9.400971e+00
4.543000e-05	1.298242e-02	9.475607e+00
4.544000e-05	2.296907e-02	9.547264e+00
4.545000e-05	2.499379e-02	9.601898e+00
4.546000e-05	1.825045e-02	9.665102e+00
4.547000e-05	1.561195e-02	9.728310e+00
4.548000e-05	2.608899e-02	9.821919e+00
4.549000e-05	2.666248e-02	9.895125e+00
4.550000e-05	2.028906e-02	9.906787e+00
4.551000e-05	1.622918e-02	9.968315e+00
4.552000e-05	2.511727e-02	9.961475e+00
4.553000e-05	2.915665e-02	1.000245e+01
4.554000e-05	2.354349e-02	1.005403e+01
4.555000e-05	2.069871e-02	1.009521e+01
4.556000e-05	2.658358e-02	1.011619e+01
4.557000e-05	3.061743e-02	1.014684e+01
4.558000e-05	2.587453e-02	1.012874e+01
4.559000e-05	2.309955e-02	1.018039e+01
4.560000e-05	2.855932e-02	1.018989e+01
4.561000e-05	3.437683e-02	1.018137e+01
4.562000e-05	3.090899e-02	1.016034e+01
4.563000e-05	2.653674e-02	1.019984e+01
4.564000e-05	3.053592e-02	1.020092e+01
4.565000e-05	3.647212e-02	1.017091e+01
4.566000e-05	3.597552e-02	1.018884e+01
4.567000e-05	3.217709e-02	1.016884e+01
4.568000e-05	3.673343e-02	1.012776e+01
4.569000e-05	4.270215e-02	1.011928e+01
4.570000e-05	4.294411e-02	1.011623e+01
4.571000e-05	3.944624e-02	1.008458e+01
4.572000e-05	4.210320e-02	1.006356e+01
4.573000e-05	5.058900e-02	1.001097e+01
4.574000e-05	5.308683e-02	9.989345e+00
4.575000e-05	5.141152e-02	9.959365e+00
4.576000e-05	5.417932e-02	9.874262e+00
4.577000e-05	6.174010e-02	9.832469e+00
4.578000e-05	6.579306e-02	9.778967e+00
4.579000e-05	6.671348e-02	9.707160e+00
4.580000e-05	7.108741e-02	9.630475e+00
4.581000e-05	8.028302e-02	9.540390e+00
4.582000e-05	8.640143e-02	9.514235e+00
4.583000e-05	8.758590e-02	9.421528e+00
4.584000e-05	8.936110e-02	9.418320e+00
4.585000e-05	9.564222e-02	9.314734e+00
4.586000e-05	9.786007e-02	9.262554e+00
4.587000e-05	9.548769e-02	9.177892e+00
4.588000e-05	9.178511e-02	9.085154e+00
4.589000e-05	9.297480e-02	8.957893e+00
4.590000e-05	9.020901e-02	8.842555e+00
4.591000e-05	8.552271e-02	8.737869e+00
4.592000e-05	7.758126e-02	8.684080e+00
4.593000e-05	7.576340e-02	8.596870e+00
4.594000e-05	7.317338e-02	8.473153e+00
4.595000e-05	6.774186e-02	8.388900e+00
4.596000e-05	5.939598e-02	8.247208e+00
4.597000e-05	5.687308e-02	8.184786e+00
4.598000e-05	5.502041e-02	8.040550e+00
4.599000e-05	5.020665e-02	7.875837e+00
4.600000e-05	4.445743e-02	7.798895e+00
4.601000e-05	4.077271e-02	7.664106e+00
4.602000e-05	4.046948e-02	7.535812e+00
4.603000e-05	3.687119e-02	7.346921e+00
4.604000e-05	3.233098e-02	7.240024e+00
4.605000e-05	3.028349e-02	7.063634e+00
4.606000e-05	3.040912e-02	6.957837e+00
4.607000e-05	2.713544e-02	6.821024e+00
4.608000e-05	2.404015e-02	6.673232e+00
4.609000e-05	2.179031e-02	6.493233e+00
4.610000e-05	2.249926e-02	6.328319e+00
4.611000e-05	1.991165e-02	6.222075e+00
4.612000e-05	1.726903e-02	6.073130e+00
4.613000e-05	1.620968e-02	5.976319e+00
4.614000e-05	1.661084e-02	5.716391e+00
4.615000e-05	1.599434e-02	5.588947e+00
4.616000e-05	1.289019e-02	5.441055e+00
4.617000e-05	1.171049e-02	5.273210e+00
4.618000e-05	1.169560e-02	5.003633e+00
4.619000e-05	1.110421e-02	4.840683e+00
4.620000e-05	8.525156e-03	4.683784e+00
4.621000e-05	6.581206e-03	4.555814e+00
4.622000e-05	7.473460e-03	4.398495e+00
4.623000e-05	7.377191e-03	4.148543e+00
4.624000e-05	6.418978e-03	3.988947e+00
4.625000e-05	5.543587e-03	3.841601e+00
4.626000e-05	4.724069e-03	3.662233e+00
4.627000e-05	4.814880e-03	3.486292e+00
4.628000e-05	3.066172e-03	3.293258e+00
4.629000e-05	2.168219e-03	3.135841e+00
4.630000e-05	2.113831e-03	2.947371e+00
4.631000e-05	2.479610e-03	2.790049e+00
4.632000e-05	2.116762e-03	2.598576e+00
4.633000e-05	6.947575e-04	2.378895e+00
4.634000e-05	2.729900e-04	2.220548e+00
4.635000e-05	7.153311e-04	2.041630e+00
4.636000e-05	-4.450388e-04	1.863157e+00
4.637000e-05	-1.999680e-03	1.642632e+00
4.638000e-05	-1.536738e-03	1.473160e+00
4.639000e-05	-1.984641e-03	1.292305e+00
4.640000e-05	-1.814554e-03	1.032183e+00
4.641000e-05	-3.163963e-03	8.205262e-01
4.642000e-05	-2.856284e-03	6.422552e-01
4.643000e-05	-2.860319e-03	4.612591e-01
4.644000e-05	-2.583611e-03	3.228119e-01
4.645000e-05	-4.927531e-03	8.263415e-02
4.646000e-05	-1.724554e-03	-7.621209e-02
4.647000e-05	1.543240e-03	-2.631119e-01
4.648000e-05	-2.501712e-03	-4.024815e-01
4.649000e-05	-2.819243e-03	-6.325294e-01
4.650000e-05	-5.461839e-03	-7.905513e-01
4.651000e-05	-3.205645e-03	-9.682974e-01
4.652000e-05	-4.607395e-03	-1.107761e+00
4.653000e-05	1.133019e-03	-1.317663e+00
4.654000e-05	5.126447e-02	-1.516266e+00
4.655000e-05	3.550539e-02	-1.717237e+00
4.656000e-05	-5.171489e-02	-1.979320e+00
4.657000e-05	-5.371854e-02	-2.254033e+00
4.658000e-05	-9.185405e-02	-2.421653e+00
4.659000e-05	2.791867e-02	-2.546345e+00
4.660000e-05	1.135867e-01	-2.581429e+00
4.661000e-05	-1.366006e-01	-2.821528e+00
4.662000e-05	2.832204e-02	-3.062559e+00
4.663000e-05	9.485394e-02	-3.178824e+00
4.664000e-05	-8.268917e-02	-3.390421e+00
4.665000e-05	4.260803e-02	-3.558871e+00
4.666000e-05	-6.214872e-02	-3.665158e+00
4.667000e-05	-9.734000e-02	-3.896816e+00
4.668000e-05	1.343391e-01	-4.034532e+00
4.669000e-05	-3.226808e-02	-4.223079e+00
4.670000e-05	-4.002759e-02	-4.401104e+00
4.671000e-05	1.495661e-02	-4.557363e+00
4.672000e-05	-6.661409e-02	-4.811475e+00
4.673000e-05	8.404906e-02	-4.948874e+00
4.674000e-05	-8.816005e-02	-5.115663e+00
4.675000e-05	-4.827879e-02	-5.297637e+00
4.676000e-05	8.225273e-02	-5.516164e+00
4.677000e-05	-3.267665e-02	-5.665135e+00
4.678000e-05	6.491355e-03	-5.852631e+00
4.679000e-05	-9.196649e-02	-5.959817e+00
4.680000e-05	1.458420e-02	-6.120241e+00
4.681000e-05	4.406561e-02	-6.296760e+00
4.682000e-05	-8.364142e-02	-6.474683e+00
4.683000e-05	2.061925e-02	-6.622524e+00
4.684000e-05	-3.676612e-02	-6.737765e+00
4.685000e-05	3.146042e-02	-6.857636e+00
4.686000e-05	-2.389590e-02	-7.036003e+00
4.687000e-05	-7.685973e-02	-7.171527e+00
4.688000e-05	2.892793e-02	-7.339261e+00
4.689000e-05	-2.915372e-02	-7.476157e+00
4.690000e-05	1.261393e-02	-7.610949e+00
4.691000e-05	-5.701040e-02	-7.769814e+00
4.692000e-05	-9.780843e-03	-7.938338e+00
4.693000e-05	1.431120e-02	-8.031024e+00
4.694000e-05	-4.119968e-02	-8.118870e+00
4.695000e-05	-1.959668e-02	-8.254156e+00
4.696000e-05	-4.550319e-02	-8.379845e+00
4.697000e-05	1.821825e-02	-8.453160e+00
4.698000e-05	-2.428283e-02	-8.612877e+00
4.699000e-05	-3.693226e-02	-8.736812e+00
4.700000e-05	-2.167002e-02	-8.812474e+00
4.701000e-05	-1.125124e-02	-8.917763e+00
4.702000e-05	-7.290375e-03	-9.009368e+00
4.703000e-05	-5.124850e-02	-9.084656e+00
4.704000e-05	-2.430071e-02	-9.167842e+00
4.705000e-05	-1.320844e-02	-9.193555e+00
4.706000e-05	-1.249038e-02	-9.329639e+00
4.707000e-05	-3.634393e-02	-9.422377e+00
4.708000e-05	-3.389310e-02	-9.515710e+00
4.709000e-05	-1.065707e-02	-9.590445e+00
4.710000e-05	-1.908206e-02	-9.652655e+00
4.711000e-05	-3.592363e-02	-9.716691e+00
4.712000e-05	-3.840470e-02	-9.759820e+00
4.713000e-05	-1.603543e-02	-9.831944e+00
4.714000e-05	-1.980701e-02	-9.874559e+00
4.715000e-05	-3.391836e-02	-9.957737e+00
4.716000e-05	-3.973166e-02	-9.969396e+00
4.717000e-05	-2.101867e-02	-9.999921e+00
4.718000e-05	-2.024192e-02	-1.002000e+01
4.719000e-05	-3.514298e-02	-1.006356e+01
4.720000e-05	-4.020586e-02	-1.007718e+01
4.721000e-05	-2.886928e-02	-1.008941e+01
4.722000e-05	-2.260206e-02	-1.017139e+01
4.723000e-05	-3.763030e-02	-1.020052e+01
4.724000e-05	-4.095960e-02	-1.026300e+01
4.725000e-05	-3.233909e-02	-1.020452e+01
4.726000e-05	-2.362952e-02	-1.027318e+01
4.727000e-05	-3.732521e-02	-1.027518e+01
4.728000e-05	-4.538106e-02	-1.028465e+01
4.729000e-05	-3.802801e-02	-1.025618e+01
4.730000e-05	-3.117890e-02	-1.028321e+01
4.731000e-05	-3.811512e-02	-1.030405e+01
4.732000e-05	-4.897405e-02	-1.026348e+01
4.733000e-05	-4.277039e-02	-1.024145e+01
4.734000e-05	-3.731949e-02	-1.024252e+01
4.735000e-05	-4.461540e-02	-1.019837e+01
4.736000e-05	-5.641069e-02	-1.013924e+01
4.737000e-05	-5.339510e-02	-1.013671e+01
4.738000e-05	-4.486418e-02	-1.009468e+01
4.739000e-05	-5.095337e-02	-1.002458e+01
4.740000e-05	-6.079429e-02	-9.989975e+00
4.741000e-05	-6.192719e-02	-9.958920e+00
4.742000e-05	-5.801994e-02	-9.926342e+00
4.743000e-05	-6.403544e-02	-9.875207e+00
4.744000e-05	-7.639436e-02	-9.833052e+00
4.745000e-05	-7.969516e-02	-9.770050e+00
4.746000e-05	-7.540160e-02	-9.746237e+00
4.747000e-05	-8.063844e-02	-9.673609e+00
4.748000e-05	-9.196146e-02	-9.611578e+00
4.749000e-05	-9.816839e-02	-9.558894e+00
4.750000e-05	-9.543559e-02	-9.474235e+00
4.751000e-05	-9.859580e-02	-9.387944e+00
4.752000e-05	-1.059683e-01	-9.285209e+00
4.753000e-05	-1.075933e-01	-9.209977e+00
4.754000e-05	-9.966663e-02	-9.157366e+00
4.755000e-05	-9.478696e-02	-9.031074e+00
4.756000e-05	-9.652046e-02	-8.875292e+00
4.757000e-05	-9.538926e-02	-8.852658e+00
4.758000e-05	-8.689780e-02	-8.809470e+00
4.759000e-05	-7.993742e-02	-8.714708e+00
4.760000e-05	-8.099985e-02	-8.516308e+00
4.761000e-05	-7.802589e-02	-8.431549e+00
4.762000e-05	-6.970140e-02	-8.337289e+00
4.763000e-05	-6.248629e-02	-8.229549e+00
4.764000e-05	-6.110842e-02	-8.095261e+00
4.765000e-05	-5.977262e-02	-8.010003e+00
4.766000e-05	-5.345299e-02	-7.873758e+00
4.767000e-05	-4.713749e-02	-7.694734e+00
4.768000e-05	-4.671644e-02	-7.556345e+00
4.769000e-05	-4.680278e-02	-7.411049e+00
4.770000e-05	-4.216515e-02	-7.274233e+00
4.771000e-05	-3.671458e-02	-7.178450e+00
4.772000e-05	-3.692417e-02	-7.002099e+00
4.773000e-05	-3.684321e-02	-6.832154e+00
4.774000e-05	-3.327569e-02	-6.725840e+00
4.775000e-05	-2.903916e-02	-6.598974e+00
4.776000e-05	-2.891357e-02	-6.442654e+00
4.777000e-05	-2.886875e-02	-6.325313e+00
4.778000e-05	-2.714570e-02	-6.125710e+00
4.779000e-05	-2.243351e-02	-5.977946e+00
4.780000e-05	-2.309646e-02	-5.821553e+00
4.781000e-05	-2.419709e-02	-5.713208e+00
4.782000e-05	-2.269475e-02	-5.495369e+00
4.783000e-05	-1.928276e-02	-5.345361e+00
4.784000e-05	-1.872201e-02	-5.105785e+00
4.785000e-05	-2.003749e-02	-4.907471e+00
4.786000e-05	-1.910050e-02	-4.755316e+00
4.787000e-05	-1.572654e-02	-4.568447e+00
4.788000e-05	-1.456211e-02	-4.450608e+00
4.789000e-05	-1.657621e-02	-4.242706e+00
4.790000e-05	-1.398989e-02	-4.106862e+00
4.791000e-05	-1.344070e-02	-3.988469e+00
4.792000e-05	-1.253742e-02	-3.747441e+00
4.793000e-05	-1.517541e-02	-3.568394e+00
4.794000e-05	-1.194903e-02	-3.408000e+00
4.795000e-05	-1.110044e-02	-3.241158e+00
4.796000e-05	-9.090585e-03	-3.040234e+00
4.797000e-05	-1.211546e-02	-2.841179e+00
4.798000e-05	-1.007920e-02	-2.682235e+00
4.799000e-05	-9.837598e-03	-2.481764e+00
4.800000e-05	-8.134809e-03	-2.304871e+00
4.801000e-05	-9.105872e-03	-2.093209e+00
4.802000e-05	-7.981436e-03	-1.916793e+00
4.803000e-05	-6.537091e-03	-1.736868e+00
4.804000e-05	-5.708584e-03	-1.598450e+00
4.805000e-05	-7.522628e-03	-1.324367e+00
4.806000e-05	-7.643809e-03	-1.114821e+00
4.807000e-05	-5.441826e-03	-9.357435e-01
4.808000e-05	-5.130142e-03	-7.785273e-01
4.809000e-05	-4.609175e-03	-5.458219e-01
4.810000e-05	-4.344795e-03	-3.864222e-01
4.811000e-05	-2.842619e-03	-1.795226e-01
4.812000e-05	6.711586e-04	9.213714e-04
4.813000e-05	3.151014e-03	1.807898e-01
4.814000e-05	-1.670270e-03	3.694950e-01
4.815000e-05	6.437529e-04	5.382645e-01
4.816000e-05	-1.427861e-03	6.967369e-01
4.817000e-05	1.369427e-03	8.520790e-01
4.818000e-05	4.762419e-04	1.085609e+00
4.819000e-05	5.585234e-03	1.265179e+00
4.820000e-05	2.280247e-02	1.412028e+00
4.821000e-05	6.279007e-02	1.726710e+00
4.822000e-05	9.886560e-04	1.937741e+00
4.823000e-05	-4.597801e-02	2.108286e+00
4.824000e-05	-4.392895e-02	2.286083e+00
4.825000e-05	-5.094807e-02	2.411951e+00
4.826000e-05	1.444721e-02	2.487288e+00
4.827000e-05	9.583570e-02	2.738793e+00
4.828000e-05	-8.356495e-02	2.937766e+00
4.829000e-05	2.461128e-02	3.032530e+00
4.830000e-05	8.817568e-02	3.253602e+00
4.831000e-05	-3.531966e-02	3.494708e+00
4.832000e-05	1.953168e-02	3.642000e+00
4.833000e-05	-3.275095e-02	3.769869e+00
4.834000e-05	-3.725937e-02	3.969841e+00
4.835000e-05	8.308738e-02	4.105686e+00
4.836000e-05	1.003114e-02	4.389339e+00
4.837000e-05	-2.817654e-02	4.499162e+00
4.838000e-05	1.249652e-02	4.685236e+00
4.839000e-05	-5.364533e-03	4.835106e+00
4.840000e-05	4.295162e-02	5.094529e+00
4.841000e-05	-2.452799e-02	5.275160e+00
4.842000e-05	-1.009761e-02	5.474604e+00
4.843000e-05	3.561961e-02	5.600896e+00
4.844000e-05	3.411830e-02	5.779291e+00
4.845000e-05	9.564272e-04	5.939265e+00
4.846000e-05	-3.886304e-02	6.095687e+00
4.847000e-05	3.208499e-02	6.204029e+00
4.848000e-05	3.014232e-02	6.388345e+00
4.849000e-05	2.797874e-04	6.487211e+00
4.850000e-05	5.398338e-03	6.686735e+00
4.851000e-05	8.431488e-03	6.843632e+00
4.852000e-05	3.231152e-02	6.999344e+00
4.853000e-05	9.372958e-03	7.064684e+00
4.854000e-05	-1.280806e-02	7.210950e+00
4.855000e-05	1.284818e-02	7.360895e+00
4.856000e-05	2.549510e-02	7.568816e+00
4.857000e-05	2.600273e-02	7.695079e+00
4.858000e-05	-4.525794e-03	7.843974e+00
4.859000e-05	1.185047e-02	7.959342e+00
4.860000e-05	2.594793e-02	8.136529e+00
4.861000e-05	1.535516e-02	8.244054e+00
4.862000e-05	6.029187e-03	8.348340e+00
4.863000e-05	4.252610e-03	8.432051e+00
4.864000e-05	2.881482e-02	8.515636e+00
4.865000e-05	2.314633e-02	8.600920e+00
4.866000e-05	1.085276e-02	8.685661e+00
4.867000e-05	8.900765e-03	8.828420e+00
4.868000e-05	2.268535e-02	8.864553e+00
4.869000e-05	2.470313e-02	8.990796e+00
4.870000e-05	9.093120e-03	9.125631e+00
4.871000e-05	1.248195e-02	9.188493e+00
4.872000e-05	2.369082e-02	9.234530e+00
4.873000e-05	2.728175e-02	9.327239e+00
4.874000e-05	1.557619e-02	9.419994e+00
4.875000e-05	1.236971e-02	9.463127e+00
4.876000e-05	2.331140e-02	9.518311e+00
4.877000e-05	2.655528e-02	9.570869e+00
4.878000e-05	1.921072e-02	9.621532e+00
4.879000e-05	1.533114e-02	9.727291e+00
4.880000e-05	2.490417e-02	9.800919e+00
4.881000e-05	2.739698e-02	9.885029e+00
4.882000e-05	2.145395e-02	9.936286e+00
4.883000e-05	1.583524e-02	9.939842e+00
4.884000e-05	2.440001e-02	1.000195e+01
4.885000e-05	2.988184e-02	1.004242e+01
4.886000e-05	2.522037e-02	1.008466e+01
4.887000e-05	2.022835e-02	1.007619e+01
4.888000e-05	2.540176e-02	1.009581e+01
4.889000e-05	3.112036e-02	1.017883e+01
4.890000e-05	2.721805e-02	1.015784e+01
4.891000e-05	2.234953e-02	1.015829e+01
4.892000e-05	2.732407e-02	1.016985e+01
4.893000e-05	3.315828e-02	1.015992e+01
4.894000e-05	3.179504e-02	1.019987e+01
4.895000e-05	2.517302e-02	1.023140e+01
4.896000e-05	2.947465e-02	1.018100e+01
4.897000e-05	3.795752e-02	1.023992e+01
4.898000e-05	3.787551e-02	1.017092e+01
4.899000e-05	3.354907e-02	1.016934e+01
4.900000e-05	3.637648e-02	1.012731e+01
4.901000e-05	4.230049e-02	1.010586e+01
4.902000e-05	4.234518e-02	1.008674e+01
4.903000e-05	3.877972e-02	1.009513e+01
4.904000e-05	4.226891e-02	1.005351e+01
4.905000e-05	5.051810e-02	1.004100e+01
4.906000e-05	5.462898e-02	9.969891e+00
4.907000e-05	5.276010e-02	9.906814e+00
4.908000e-05	5.344776e-02	9.886732e+00
4.909000e-05	6.213421e-02	9.831648e+00
4.910000e-05	6.474906e-02	9.769313e+00
4.911000e-05	6.635828e-02	9.695136e+00
4.912000e-05	6.964160e-02	9.640976e+00
4.913000e-05	7.961398e-02	9.529396e+00
4.914000e-05	8.684575e-02	9.494661e+00
4.915000e-05	8.837848e-02	9.432128e+00
4.916000e-05	9.019011e-02	9.399366e+00
4.917000e-05	9.474360e-02	9.265738e+00
4.918000e-05	9.836096e-02	9.241554e+00
4.919000e-05	9.550512e-02	9.136469e+00
4.920000e-05	9.187712e-02	9.035225e+00
4.921000e-05	9.164355e-02	8.967365e+00
4.922000e-05	9.170096e-02	8.852030e+00
4.923000e-05	8.549279e-02	8.737340e+00
4.924000e-05	7.870499e-02	8.682657e+00
4.925000e-05	7.534831e-02	8.537915e+00
4.926000e-05	7.330458e-02	8.464135e+00
4.927000e-05	6.667601e-02	8.390422e+00
4.928000e-05	6.013867e-02	8.254157e+00
4.929000e-05	5.606753e-02	8.137013e+00
4.930000e-05	5.446524e-02	8.033048e+00
4.931000e-05	5.113988e-02	7.925683e+00
4.932000e-05	4.453194e-02	7.778944e+00
4.933000e-05	4.138449e-02	7.663680e+00
4.934000e-05	4.116512e-02	7.566842e+00
4.935000e-05	3.692143e-02	7.367866e+00
4.936000e-05	3.326224e-02	7.240025e+00
4.937000e-05	2.886326e-02	7.083234e+00
4.938000e-05	2.886190e-02	6.937865e+00
4.939000e-05	2.819150e-02	6.791053e+00
4.940000e-05	2.522116e-02	6.663113e+00
4.941000e-05	2.198401e-02	6.513335e+00
4.942000e-05	2.164707e-02	6.358919e+00
4.943000e-05	2.027619e-02	6.220549e+00
4.944000e-05	1.806461e-02	6.094231e+00
4.945000e-05	1.524378e-02	5.968871e+00
4.946000e-05	1.558949e-02	5.818321e+00
4.947000e-05	1.504250e-02	5.588451e+00
4.948000e-05	1.369921e-02	5.441599e+00
4.949000e-05	1.179643e-02	5.273782e+00
4.950000e-05	1.081316e-02	5.081657e+00
4.951000e-05	1.095047e-02	4.853083e+00
4.952000e-05	9.573926e-03	4.693287e+00
4.953000e-05	7.407702e-03	4.546838e+00
4.954000e-05	6.546543e-03	4.387998e+00
4.955000e-05	7.301966e-03	4.198473e+00
4.956000e-05	6.361051e-03	3.990927e+00
4.957000e-05	5.105324e-03	3.831105e+00
4.958000e-05	3.429987e-03	3.681707e+00
4.959000e-05	4.429602e-03	3.506312e+00
4.960000e-05	3.714802e-03	3.293734e+00
4.961000e-05	1.959845e-03	3.095765e+00
4.962000e-05	1.918256e-03	2.946445e+00
4.963000e-05	2.199313e-03	2.809475e+00
4.964000e-05	2.070304e-03	2.598049e+00
4.965000e-05	4.348258e-04	2.368472e+00
4.966000e-05	-4.070450e-04	2.230469e+00
4.967000e-05	6.429678e-04	2.020578e+00
4.968000e-05	-5.845426e-04	1.881681e+00
4.969000e-05	-1.499542e-03	1.661656e+00
4.970000e-05	-1.987700e-03	1.472759e+00
4.971000e-05	-2.079315e-03	1.282235e+00
4.972000e-05	-1.648190e-03	1.061280e+00
4.973000e-05	-3.362960e-03	8.101589e-01
4.974000e-05	-3.835478e-03	6.811602e-01
4.975000e-05	-3.809485e-03	4.727605e-01
4.976000e-05	-2.904351e-03	3.038870e-01
4.977000e-05	-4.119267e-03	1.036565e-01
4.978000e-05	-1.745008e-03	-9.471447e-02
4.979000e-05	2.334015e-03	-2.641318e-01
4.980000e-05	-2.110806e-03	-4.005014e-01
4.981000e-05	-4.268029e-03	-6.235089e-01
4.982000e-05	-6.542522e-03	-8.115014e-01
4.983000e-05	-3.675484e-03	-1.008893e+00
4.984000e-05	-4.441060e-03	-1.117263e+00
4.985000e-05	1.562086e-03	-1.324664e+00
4.986000e-05	5.132546e-02	-1.518746e+00
4.987000e-05	3.611343e-02	-1.737188e+00
4.988000e-05	-5.084420e-02	-1.959870e+00
4.989000e-05	-5.447227e-02	-2.265183e+00
4.990000e-05	-9.258495e-02	-2.433580e+00
4.991000e-05	2.555934e-02	-2.537845e+00
4.992000e-05	1.136677e-01	-2.619999e+00
4.993000e-05	-1.346007e-01	-2.782450e+00
4.994000e-05	2.771302e-02	-3.045608e+00
4.995000e-05	9.527327e-02	-3.170920e+00
4.996000e-05	-8.253895e-02	-3.392317e+00
4.997000e-05	4.113008e-02	-3.559391e+00
4.998000e-05	-6.097725e-02	-3.696111e+00
4.999000e-05	-9.943667e-02	-3.938737e+00
