# 261001_12:28:43.275249
t	CH1	CH2
0.000000e+00	-2.807656e-03	-4.016528e-01
1.000000e-08	-1.870641e-03	-5.913568e-01
2.000000e-08	-6.403374e-03	-8.026789e-01
3.000000e-08	-3.443327e-03	-9.691699e-01
4.000000e-08	-3.984772e-03	-1.058465e+00
5.000000e-08	9.558583e-04	-1.288520e+00
6.000000e-08	4.422906e-02	-1.499041e+00
7.000000e-08	5.206079e-02	-1.668041e+00
8.000000e-08	-5.982901e-02	-1.970775e+00
9.000000e-08	-4.858248e-02	-2.255432e+00
1.000000e-07	-9.401557e-02	-2.453207e+00
1.100000e-07	2.325330e-03	-2.497021e+00
1.200000e-07	1.439179e-01	-2.571698e+00
1.300000e-07	-1.403257e-01	-2.793407e+00
1.400000e-07	8.416249e-03	-3.004208e+00
1.500000e-07	1.269400e-01	-3.148674e+00
1.600000e-07	-1.020966e-01	-3.342729e+00
1.700000e-07	4.628227e-02	-3.559497e+00
1.800000e-07	-4.619518e-02	-3.644989e+00
1.900000e-07	-1.338625e-01	-3.910591e+00
2.000000e-07	1.559194e-01	-4.055837e+00
2.100000e-07	-2.310981e-02	-4.265935e+00
2.200000e-07	-5.832548e-02	-4.412353e+00
2.300000e-07	3.731474e-02	-4.558740e+00
2.400000e-07	-9.138898e-02	-4.742674e+00
2.500000e-07	1.023273e-01	-4.938623e+00
2.600000e-07	-7.821785e-02	-5.085565e+00
2.700000e-07	-8.234481e-02	-5.278019e+00
2.800000e-07	1.076409e-01	-5.476989e+00
2.900000e-07	-4.410749e-02	-5.638086e+00
3.000000e-07	1.555415e-02	-5.813754e+00
3.100000e-07	-9.369722e-02	-5.931175e+00
3.200000e-07	2.503639e-03	-6.079193e+00
3.300000e-07	7.072934e-02	-6.298486e+00
3.400000e-07	-1.023322e-01	-6.467435e+00
3.500000e-07	2.890874e-02	-6.571201e+00
3.600000e-07	-4.138597e-02	-6.718643e+00
3.700000e-07	2.562458e-02	-6.867386e+00
3.800000e-07	-5.377385e-03	-6.995461e+00
3.900000e-07	-9.712903e-02	-7.204231e+00
4.000000e-07	4.263046e-02	-7.285966e+00
4.100000e-07	-3.592601e-02	-7.416459e+00
4.200000e-07	1.839878e-02	-7.552777e+00
4.300000e-07	-5.499162e-02	-7.711194e+00
4.400000e-07	-2.165216e-02	-7.918521e+00
4.500000e-07	2.430173e-02	-8.002783e+00
4.600000e-07	-4.911377e-02	-8.129120e+00
4.700000e-07	-1.007249e-02	-8.245207e+00
4.800000e-07	-5.237972e-02	-8.329073e+00
4.900000e-07	2.176127e-02	-8.433306e+00
5.000000e-07	-2.000298e-02	-8.542171e+00
5.100000e-07	-4.124863e-02	-8.608020e+00
5.200000e-07	-2.093026e-02	-8.801177e+00
5.300000e-07	-1.682584e-02	-8.886986e+00
5.400000e-07	-8.909196e-04	-8.931620e+00
5.500000e-07	-5.158881e-02	-9.046831e+00
5.600000e-07	-2.243838e-02	-9.118046e+00
5.700000e-07	-1.363298e-02	-9.183783e+00
5.800000e-07	-1.189687e-02	-9.289487e+00
5.900000e-07	-3.585136e-02	-9.350674e+00
6.000000e-07	-3.790006e-02	-9.417437e+00
6.100000e-07	-1.176868e-02	-9.541647e+00
6.200000e-07	-1.864255e-02	-9.615328e+00
6.300000e-07	-3.331098e-02	-9.675934e+00
6.400000e-07	-3.775275e-02	-9.709024e+00
6.500000e-07	-1.688574e-02	-9.791698e+00
6.600000e-07	-1.852308e-02	-9.834306e+00
6.700000e-07	-3.426488e-02	-9.856964e+00
6.800000e-07	-4.009792e-02	-9.899495e+00
6.900000e-07	-2.419368e-02	-9.970076e+00
7.000000e-07	-2.065512e-02	-9.991752e+00
7.100000e-07	-3.357302e-02	-1.002783e+01
7.200000e-07	-3.934638e-02	-1.006586e+01
7.300000e-07	-2.837110e-02	-1.010999e+01
7.400000e-07	-2.288774e-02	-1.012995e+01
7.500000e-07	-3.638080e-02	-1.015370e+01
7.600000e-07	-4.132525e-02	-1.021465e+01
7.700000e-07	-3.428917e-02	-1.017418e+01
7.800000e-07	-2.560409e-02	-1.019586e+01
7.900000e-07	-3.595914e-02	-1.019593e+01
8.000000e-07	-4.486394e-02	-1.016581e+01
8.100000e-07	-3.820045e-02	-1.021539e+01
8.200000e-07	-3.355170e-02	-1.022686e+01
8.300000e-07	-3.857903e-02	-1.023533e+01
8.400000e-07	-4.885958e-02	-1.018075e+01
8.500000e-07	-4.444441e-02	-1.012413e+01
8.600000e-07	-3.826527e-02	-1.011070e+01
8.700000e-07	-4.553313e-02	-1.014062e+01
8.800000e-07	-5.590546e-02	-1.009644e+01
8.900000e-07	-5.548305e-02	-1.008681e+01
9.000000e-07	-4.909636e-02	-1.000426e+01
9.100000e-07	-5.272483e-02	-1.002318e+01
9.200000e-07	-6.380118e-02	-9.960550e+00
9.300000e-07	-6.450972e-02	-9.927920e+00
9.400000e-07	-6.321204e-02	-9.925866e+00
9.500000e-07	-6.709968e-02	-9.854182e+00
9.600000e-07	-7.934623e-02	-9.781679e+00
9.700000e-07	-8.433287e-02	-9.729021e+00
9.800000e-07	-8.352929e-02	-9.685810e+00
9.900000e-07	-8.840816e-02	-9.673208e+00
1.000000e-06	-9.851130e-02	-9.602029e+00
1.010000e-06	-1.047068e-01	-9.518941e+00
1.020000e-06	-1.018685e-01	-9.413731e+00
1.030000e-06	-1.034985e-01	-9.350545e+00
1.040000e-06	-1.073859e-01	-9.283735e+00
1.050000e-06	-1.089050e-01	-9.170950e+00
1.060000e-06	-1.009437e-01	-9.086313e+00
1.070000e-06	-9.663871e-02	-9.022553e+00
1.080000e-06	-9.559593e-02	-8.914845e+00
1.090000e-06	-9.310689e-02	-8.822079e+00
1.100000e-06	-8.450198e-02	-8.769421e+00
1.110000e-06	-7.674178e-02	-8.645556e+00
1.120000e-06	-7.422665e-02	-8.476113e+00
1.130000e-06	-7.208383e-02	-8.411499e+00
1.140000e-06	-6.493863e-02	-8.304839e+00
1.150000e-06	-5.814704e-02	-8.191026e+00
1.160000e-06	-5.670209e-02	-8.074287e+00
1.170000e-06	-5.631376e-02	-8.001473e+00
1.180000e-06	-4.929110e-02	-7.841632e+00
1.190000e-06	-4.303650e-02	-7.664667e+00
1.200000e-06	-4.259865e-02	-7.538342e+00
1.210000e-06	-4.301927e-02	-7.420970e+00
1.220000e-06	-3.867581e-02	-7.263733e+00
1.230000e-06	-3.361568e-02	-7.158924e+00
1.240000e-06	-3.288314e-02	-7.000975e+00
1.250000e-06	-3.498749e-02	-6.842005e+00
1.260000e-06	-3.048677e-02	-6.695638e+00
1.270000e-06	-2.639383e-02	-6.558343e+00
1.280000e-06	-2.552022e-02	-6.401950e+00
1.290000e-06	-2.825137e-02	-6.294558e+00
1.300000e-06	-2.482958e-02	-6.095736e+00
1.310000e-06	-2.205201e-02	-5.938347e+00
1.320000e-06	-2.107767e-02	-5.810952e+00
1.330000e-06	-2.293779e-02	-5.661606e+00
1.340000e-06	-2.012530e-02	-5.555693e+00
1.350000e-06	-1.652878e-02	-5.253057e+00
1.360000e-06	-1.532304e-02	-5.103713e+00
1.370000e-06	-1.992524e-02	-4.976218e+00
1.380000e-06	-1.807013e-02	-4.693732e+00
1.390000e-06	-1.550917e-02	-4.557843e+00
1.400000e-06	-1.305888e-02	-4.420953e+00
1.410000e-06	-1.673892e-02	-4.253010e+00
1.420000e-06	-1.308910e-02	-4.114136e+00
1.430000e-06	-1.264981e-02	-3.925771e+00
1.440000e-06	-9.637440e-03	-3.766193e+00
1.450000e-06	-1.363513e-02	-3.587297e+00
1.460000e-06	-1.164159e-02	-3.389473e+00
1.470000e-06	-1.063079e-02	-3.231001e+00
1.480000e-06	-8.540380e-03	-3.062928e+00
1.490000e-06	-1.176136e-02	-2.790978e+00
1.500000e-06	-1.088019e-02	-2.643555e+00
1.510000e-06	-9.179149e-03	-2.460963e+00
1.520000e-06	-7.430476e-03	-2.303734e+00
1.530000e-06	-8.071088e-03	-2.102558e+00
1.540000e-06	-7.837982e-03	-1.904161e+00
1.550000e-06	-5.941117e-03	-1.745768e+00
1.560000e-06	-5.583219e-03	-1.588324e+00
1.570000e-06	-7.573284e-03	-1.285567e+00
1.580000e-06	-8.052734e-03	-1.125739e+00
1.590000e-06	-5.684726e-03	-9.456982e-01
1.600000e-06	-4.825115e-03	-7.967923e-01
1.610000e-06	-3.802783e-03	-5.147457e-01
1.620000e-06	-4.304380e-03	-3.767683e-01
1.630000e-06	-2.430893e-03	-1.977483e-01
1.640000e-06	1.278141e-03	-8.400119e-03
1.650000e-06	4.074337e-03	1.532988e-01
1.660000e-06	-3.620372e-03	3.790975e-01
1.670000e-06	9.095447e-04	5.175460e-01
1.680000e-06	-1.986083e-04	7.069108e-01
1.690000e-06	2.672165e-03	8.054291e-01
1.700000e-06	-6.646885e-05	1.056438e+00
1.710000e-06	5.307643e-03	1.235387e+00
1.720000e-06	1.975411e-02	1.441911e+00
1.730000e-06	6.630136e-02	1.668016e+00
1.740000e-06	5.949255e-03	1.938570e+00
1.750000e-06	-4.923575e-02	2.115990e+00
1.760000e-06	-4.543436e-02	2.266886e+00
1.770000e-06	-4.848597e-02	2.421127e+00
1.780000e-06	1.023813e-03	2.509117e+00
1.790000e-06	1.194773e-01	2.749115e+00
1.800000e-06	-9.154101e-02	2.897968e+00
1.810000e-06	8.197472e-03	3.025357e+00
1.820000e-06	1.106463e-01	3.223961e+00
1.830000e-06	-4.359039e-02	3.475786e+00
1.840000e-06	1.615774e-02	3.601677e+00
1.850000e-06	-2.392668e-02	3.751821e+00
1.860000e-06	-5.434758e-02	3.959521e+00
1.870000e-06	9.533009e-02	4.087038e+00
1.880000e-06	1.644135e-02	4.349144e+00
1.890000e-06	-3.607793e-02	4.476615e+00
1.900000e-06	2.516917e-02	4.676911e+00
1.910000e-06	-1.829137e-02	4.805460e+00
1.920000e-06	5.467906e-02	5.084983e+00
1.930000e-06	-2.609844e-02	5.286033e+00
1.940000e-06	-1.597854e-02	5.453808e+00
1.950000e-06	3.985658e-02	5.583149e+00
1.960000e-06	3.678808e-02	5.749545e+00
1.970000e-06	3.996483e-03	5.900120e+00
1.980000e-06	-4.255739e-02	6.086387e+00
1.990000e-06	3.221943e-02	6.202208e+00
2.000000e-06	3.400150e-02	6.338996e+00
2.010000e-06	-3.460687e-03	6.478037e+00
2.020000e-06	8.671363e-03	6.697957e+00
2.030000e-06	5.589559e-03	6.823307e+00
2.040000e-06	3.115385e-02	6.990575e+00
2.050000e-06	1.544190e-02	7.067038e+00
2.060000e-06	-1.612287e-02	7.182853e+00
2.070000e-06	1.365430e-02	7.351196e+00
2.080000e-06	2.133389e-02	7.490519e+00
2.090000e-06	3.114161e-02	7.667335e+00
2.100000e-06	-5.941302e-03	7.763832e+00
2.110000e-06	1.146892e-02	7.900247e+00
2.120000e-06	2.521588e-02	8.078986e+00
2.130000e-06	1.640327e-02	8.202207e+00
2.140000e-06	9.857858e-03	8.278017e+00
2.150000e-06	1.207088e-03	8.372650e+00
2.160000e-06	2.928859e-02	8.467364e+00
2.170000e-06	2.324686e-02	8.561198e+00
2.180000e-06	1.369339e-02	8.676361e+00
2.190000e-06	7.687484e-03	8.779074e+00
2.200000e-06	2.175145e-02	8.866357e+00
2.210000e-06	2.512191e-02	8.951124e+00
2.220000e-06	1.074512e-02	9.026857e+00
2.230000e-06	1.218555e-02	9.130121e+00
2.240000e-06	2.089302e-02	9.213729e+00
2.250000e-06	2.853566e-02	9.256390e+00
2.260000e-06	1.694557e-02	9.350695e+00
2.270000e-06	1.376639e-02	9.455283e+00
2.280000e-06	2.144349e-02	9.518394e+00
2.290000e-06	2.761388e-02	9.551545e+00
2.300000e-06	1.971899e-02	9.604756e+00
2.310000e-06	1.540394e-02	9.656937e+00
2.320000e-06	2.465710e-02	9.740594e+00
2.330000e-06	2.694656e-02	9.814780e+00
2.340000e-06	2.248516e-02	9.858440e+00
2.350000e-06	1.781896e-02	9.909071e+00
2.360000e-06	2.431845e-02	9.980545e+00
2.370000e-06	2.937916e-02	9.991153e+00
2.380000e-06	2.636638e-02	1.006528e+01
2.390000e-06	2.172714e-02	1.006473e+01
2.400000e-06	2.568177e-02	1.007639e+01
2.410000e-06	3.063786e-02	1.009736e+01
2.420000e-06	2.809811e-02	1.009842e+01
2.430000e-06	2.493117e-02	1.013802e+01
2.440000e-06	2.747477e-02	1.011002e+01
2.450000e-06	3.515206e-02	1.014105e+01
2.460000e-06	3.252518e-02	1.014010e+01
2.470000e-06	2.828421e-02	1.012997e+01
2.480000e-06	3.092765e-02	1.016047e+01
2.490000e-06	3.701696e-02	1.015897e+01
2.500000e-06	3.750210e-02	1.014052e+01
2.510000e-06	3.532435e-02	1.011894e+01
2.520000e-06	3.766834e-02	1.008792e+01
2.530000e-06	4.394462e-02	1.011596e+01
2.540000e-06	4.489039e-02	1.002579e+01
2.550000e-06	4.332502e-02	1.005321e+01
2.560000e-06	4.526700e-02	9.990629e+00
2.570000e-06	5.196946e-02	9.980525e+00
2.580000e-06	5.553675e-02	9.958550e+00
2.590000e-06	5.565013e-02	9.887516e+00
2.600000e-06	5.799187e-02	9.825806e+00
2.610000e-06	6.524939e-02	9.801121e+00
2.620000e-06	6.993122e-02	9.718414e+00
2.630000e-06	7.400112e-02	9.682661e+00
2.640000e-06	7.864079e-02	9.610523e+00
2.650000e-06	8.683218e-02	9.528498e+00
2.660000e-06	9.388139e-02	9.476210e+00
2.670000e-06	9.487514e-02	9.431103e+00
2.680000e-06	9.611870e-02	9.356367e+00
2.690000e-06	1.001326e-01	9.255236e+00
2.700000e-06	1.008707e-01	9.231075e+00
2.710000e-06	9.904855e-02	9.117415e+00
2.720000e-06	9.364241e-02	9.065108e+00
2.730000e-06	9.250696e-02	8.896790e+00
2.740000e-06	8.776385e-02	8.831077e+00
2.750000e-06	8.394617e-02	8.728443e+00
2.760000e-06	7.600259e-02	8.641578e+00
2.770000e-06	7.368295e-02	8.536841e+00
2.780000e-06	6.821544e-02	8.472657e+00
2.790000e-06	6.314136e-02	8.339422e+00
2.800000e-06	5.631068e-02	8.283105e+00
2.810000e-06	5.315392e-02	8.095637e+00
2.820000e-06	4.910078e-02	8.071171e+00
2.830000e-06	4.616702e-02	7.885133e+00
2.840000e-06	4.083878e-02	7.799349e+00
2.850000e-06	3.886768e-02	7.662125e+00
2.860000e-06	3.620482e-02	7.496241e+00
2.870000e-06	3.249079e-02	7.337211e+00
2.880000e-06	3.044265e-02	7.218849e+00
2.890000e-06	2.689112e-02	7.064132e+00
2.900000e-06	2.632488e-02	6.905767e+00
2.910000e-06	2.349234e-02	6.819975e+00
2.920000e-06	2.307746e-02	6.682557e+00
2.930000e-06	2.051426e-02	6.453058e+00
2.940000e-06	2.021867e-02	6.376862e+00
2.950000e-06	1.718082e-02	6.190369e+00
2.960000e-06	1.719826e-02	6.053532e+00
2.970000e-06	1.545782e-02	5.957843e+00
2.980000e-06	1.481170e-02	5.747215e+00
2.990000e-06	1.285846e-02	5.557321e+00
3.000000e-06	1.210245e-02	5.430951e+00
3.010000e-06	1.113039e-02	5.262079e+00
3.020000e-06	1.054366e-02	5.041945e+00
3.030000e-06	8.795235e-03	4.791525e+00
3.040000e-06	8.705184e-03	4.682582e+00
3.050000e-06	7.702803e-03	4.523736e+00
3.060000e-06	6.733782e-03	4.368320e+00
3.070000e-06	6.052925e-03	4.195751e+00
3.080000e-06	6.184222e-03	3.996824e+00
3.090000e-06	5.210548e-03	3.821504e+00
3.100000e-06	3.990151e-03	3.651532e+00
3.110000e-06	2.890647e-03	3.524585e+00
3.120000e-06	3.182672e-03	3.262480e+00
3.130000e-06	2.087983e-03	3.133638e+00
3.140000e-06	2.886525e-03	2.945212e+00
3.150000e-06	1.811722e-03	2.788347e+00
3.160000e-06	1.492832e-03	2.636670e+00
3.170000e-06	9.106985e-04	2.377218e+00
3.180000e-06	3.514609e-04	2.178342e+00
3.190000e-06	-8.055128e-04	2.030953e+00
3.200000e-06	-1.924467e-03	1.822530e+00
3.210000e-06	-1.988213e-03	1.660879e+00
3.220000e-06	-9.271210e-04	1.442030e+00
3.230000e-06	-1.206234e-03	1.242557e+00
3.240000e-06	-3.433839e-03	1.070853e+00
3.250000e-06	-4.442169e-03	8.088252e-01
3.260000e-06	-1.895373e-03	6.605289e-01
3.270000e-06	-2.747435e-03	4.730041e-01
3.280000e-06	-2.840107e-03	3.456856e-01
3.290000e-06	-5.216751e-03	6.300909e-02
3.300000e-06	-3.240505e-04	-5.646598e-02
3.310000e-06	2.166259e-03	-2.858357e-01
3.320000e-06	-3.669643e-03	-4.221789e-01
3.330000e-06	-3.838130e-03	-6.237531e-01
3.340000e-06	-5.829699e-03	-8.021778e-01
3.350000e-06	-1.763035e-03	-9.705962e-01
3.360000e-06	-4.906160e-03	-1.118039e+00
3.370000e-06	-4.305991e-04	-1.279547e+00
3.380000e-06	4.439949e-02	-1.507492e+00
3.390000e-06	5.483400e-02	-1.687519e+00
3.400000e-06	-6.104168e-02	-1.971249e+00
3.410000e-06	-4.943484e-02	-2.236385e+00
3.420000e-06	-9.319087e-02	-2.432733e+00
3.430000e-06	1.733507e-04	-2.537421e+00
3.440000e-06	1.461546e-01	-2.582602e+00
3.450000e-06	-1.389223e-01	-2.825258e+00
3.460000e-06	4.444631e-03	-3.054308e+00
3.470000e-06	1.309083e-01	-3.178124e+00
3.480000e-06	-1.023497e-01	-3.351274e+00
3.490000e-06	4.288594e-02	-3.569446e+00
3.500000e-06	-4.297934e-02	-3.654512e+00
3.510000e-06	-1.342690e-01	-3.900077e+00
3.520000e-06	1.561589e-01	-4.034313e+00
3.530000e-06	-2.170854e-02	-4.235984e+00
3.540000e-06	-6.210639e-02	-4.431179e+00
3.550000e-06	3.992080e-02	-4.549617e+00
3.560000e-06	-9.022961e-02	-4.722301e+00
3.570000e-06	9.948128e-02	-4.919547e+00
3.580000e-06	-7.620767e-02	-5.086987e+00
3.590000e-06	-8.363078e-02	-5.278014e+00
3.600000e-06	1.108341e-01	-5.466963e+00
3.610000e-06	-4.530865e-02	-5.657511e+00
3.620000e-06	1.328675e-02	-5.793258e+00
3.630000e-06	-9.148428e-02	-5.930245e+00
3.640000e-06	1.594738e-03	-6.098141e+00
3.650000e-06	7.135486e-02	-6.256515e+00
3.660000e-06	-1.045951e-01	-6.456361e+00
3.670000e-06	2.850778e-02	-6.541173e+00
3.680000e-06	-3.838978e-02	-6.718119e+00
3.690000e-06	2.457655e-02	-6.888884e+00
3.700000e-06	-5.634097e-03	-6.985883e+00
3.710000e-06	-9.885011e-02	-7.192228e+00
3.720000e-06	4.412046e-02	-7.267489e+00
3.730000e-06	-3.572954e-02	-7.435408e+00
3.740000e-06	1.815623e-02	-7.562224e+00
3.750000e-06	-5.377345e-02	-7.670145e+00
3.760000e-06	-1.958388e-02	-7.918567e+00
3.770000e-06	2.570329e-02	-7.962757e+00
3.780000e-06	-5.069150e-02	-8.120147e+00
3.790000e-06	-1.353848e-02	-8.235303e+00
3.800000e-06	-5.119273e-02	-8.349146e+00
3.810000e-06	2.130035e-02	-8.384836e+00
3.820000e-06	-1.850795e-02	-8.511694e+00
3.830000e-06	-4.181499e-02	-8.688492e+00
3.840000e-06	-1.867106e-02	-8.772254e+00
3.850000e-06	-1.545854e-02	-8.866938e+00
3.860000e-06	-3.229130e-03	-8.980120e+00
3.870000e-06	-5.440593e-02	-9.015359e+00
3.880000e-06	-2.429047e-02	-9.128121e+00
3.890000e-06	-1.013350e-02	-9.233325e+00
3.900000e-06	-1.290235e-02	-9.269938e+00
3.910000e-06	-3.596119e-02	-9.352648e+00
3.920000e-06	-3.838035e-02	-9.437310e+00
3.930000e-06	-9.650010e-03	-9.581099e+00
3.940000e-06	-1.896712e-02	-9.633206e+00
3.950000e-06	-3.512274e-02	-9.676391e+00
3.960000e-06	-3.938010e-02	-9.738991e+00
3.970000e-06	-1.424450e-02	-9.782224e+00
3.980000e-06	-1.781526e-02	-9.844852e+00
3.990000e-06	-3.553196e-02	-9.886487e+00
4.000000e-06	-4.206099e-02	-9.928917e+00
4.010000e-06	-2.216115e-02	-9.929575e+00
4.020000e-06	-1.816767e-02	-1.000068e+01
4.030000e-06	-3.526521e-02	-1.004433e+01
4.040000e-06	-4.137203e-02	-1.007539e+01
4.050000e-06	-2.729122e-02	-1.011849e+01
4.060000e-06	-2.118088e-02	-1.011152e+01
4.070000e-06	-3.799712e-02	-1.013167e+01
4.080000e-06	-4.327841e-02	-1.016217e+01
4.090000e-06	-3.256731e-02	-1.020327e+01
4.100000e-06	-2.254559e-02	-1.022533e+01
4.110000e-06	-3.674874e-02	-1.023631e+01
4.120000e-06	-4.706057e-02	-1.027531e+01
4.130000e-06	-3.866608e-02	-1.021476e+01
4.140000e-06	-3.170935e-02	-1.024573e+01
4.150000e-06	-3.860705e-02	-1.020518e+01
4.160000e-06	-5.156004e-02	-1.019361e+01
4.170000e-06	-4.361303e-02	-1.022430e+01
4.180000e-06	-3.585373e-02	-1.014262e+01
4.190000e-06	-4.535193e-02	-1.014952e+01
4.200000e-06	-5.831613e-02	-1.012082e+01
4.210000e-06	-5.669601e-02	-1.008581e+01
4.220000e-06	-4.615146e-02	-1.004518e+01
4.230000e-06	-5.279707e-02	-1.001268e+01
4.240000e-06	-6.560136e-02	-9.961051e+00
4.250000e-06	-6.599476e-02	-9.958494e+00
4.260000e-06	-6.058733e-02	-9.878416e+00
4.270000e-06	-6.606945e-02	-9.865210e+00
4.280000e-06	-8.116470e-02	-9.794153e+00
4.290000e-06	-8.535850e-02	-9.779527e+00
4.300000e-06	-8.157448e-02	-9.696864e+00
4.310000e-06	-8.679911e-02	-9.663161e+00
4.320000e-06	-9.952790e-02	-9.630575e+00
4.330000e-06	-1.067132e-01	-9.518948e+00
4.340000e-06	-1.020256e-01	-9.425252e+00
4.350000e-06	-1.016598e-01	-9.352045e+00
4.360000e-06	-1.082789e-01	-9.263284e+00
4.370000e-06	-1.105636e-01	-9.159501e+00
4.380000e-06	-1.014108e-01	-9.097314e+00
4.390000e-06	-9.383708e-02	-9.012053e+00
4.400000e-06	-9.577003e-02	-8.894312e+00
4.410000e-06	-9.485720e-02	-8.822155e+00
4.420000e-06	-8.531693e-02	-8.789472e+00
4.430000e-06	-7.529765e-02	-8.664659e+00
4.440000e-06	-7.542439e-02	-8.487345e+00
4.450000e-06	-7.409316e-02	-8.441003e+00
4.460000e-06	-6.578377e-02	-8.306662e+00
4.470000e-06	-5.654075e-02	-8.210505e+00
4.480000e-06	-5.632584e-02	-8.105162e+00
4.490000e-06	-5.792869e-02	-8.009953e+00
4.500000e-06	-5.092273e-02	-7.822101e+00
4.510000e-06	-4.262514e-02	-7.673110e+00
4.520000e-06	-4.301304e-02	-7.547297e+00
4.530000e-06	-4.385297e-02	-7.412505e+00
4.540000e-06	-4.002910e-02	-7.284207e+00
4.550000e-06	-3.222791e-02	-7.179374e+00
4.560000e-06	-3.253467e-02	-6.999403e+00
4.570000e-06	-3.502892e-02	-6.831479e+00
4.580000e-06	-3.245145e-02	-6.744689e+00
4.590000e-06	-2.588274e-02	-6.558397e+00
4.600000e-06	-2.435333e-02	-6.452031e+00
4.610000e-06	-2.727363e-02	-6.315238e+00
4.620000e-06	-2.746281e-02	-6.075684e+00
4.630000e-06	-2.195136e-02	-5.938320e+00
4.640000e-06	-1.971709e-02	-5.860000e+00
4.650000e-06	-2.306397e-02	-5.653132e+00
4.660000e-06	-2.227553e-02	-5.533239e+00
4.670000e-06	-1.884068e-02	-5.285657e+00
4.680000e-06	-1.492162e-02	-5.105312e+00
4.690000e-06	-1.863109e-02	-4.955245e+00
4.700000e-06	-1.881272e-02	-4.704607e+00
4.710000e-06	-1.564064e-02	-4.587345e+00
4.720000e-06	-1.146448e-02	-4.421425e+00
4.730000e-06	-1.567372e-02	-4.282580e+00
4.740000e-06	-1.454816e-02	-4.126136e+00
4.750000e-06	-1.424502e-02	-3.967771e+00
4.760000e-06	-9.421070e-03	-3.766815e+00
4.770000e-06	-1.232938e-02	-3.578247e+00
4.780000e-06	-1.142175e-02	-3.388895e+00
4.790000e-06	-1.177928e-02	-3.230507e+00
4.800000e-06	-7.017343e-03	-3.060456e+00
4.810000e-06	-1.018367e-02	-2.830980e+00
4.820000e-06	-1.090947e-02	-2.692935e+00
4.830000e-06	-1.173267e-02	-2.491013e+00
4.840000e-06	-6.296699e-03	-2.365118e+00
4.850000e-06	-7.030336e-03	-2.081583e+00
4.860000e-06	-7.673948e-03	-1.945063e+00
4.870000e-06	-7.795864e-03	-1.757167e+00
4.880000e-06	-5.062365e-03	-1.627291e+00
4.890000e-06	-5.613299e-03	-1.323189e+00
4.900000e-06	-8.147207e-03	-1.125166e+00
4.910000e-06	-7.677311e-03	-9.551907e-01
4.920000e-06	-5.006793e-03	-8.067171e-01
4.930000e-06	-2.600149e-03	-4.960684e-01
4.940000e-06	-4.604487e-03	-3.882209e-01
4.950000e-06	-4.576106e-03	-1.968486e-01
4.960000e-06	7.074081e-04	-9.852445e-03
4.970000e-06	6.060368e-03	1.426726e-01
4.980000e-06	-1.799033e-03	4.010486e-01
4.990000e-06	-4.814809e-04	5.175185e-01
5.000000e-06	-1.050038e-03	6.873869e-01
5.010000e-06	3.173615e-03	8.358567e-01
5.020000e-06	6.482960e-04	1.058405e+00
5.030000e-06	2.577794e-03	1.262859e+00
5.040000e-06	1.823822e-02	1.422880e+00
5.050000e-06	6.701463e-02	1.696487e+00
5.060000e-06	1.069507e-02	1.918040e+00
5.070000e-06	-4.911228e-02	2.117490e+00
5.080000e-06	-4.586441e-02	2.286337e+00
5.090000e-06	-4.809483e-02	2.390104e+00
5.100000e-06	-1.598888e-06	2.477540e+00
5.110000e-06	1.185672e-01	2.760094e+00
5.120000e-06	-9.293001e-02	2.917416e+00
5.130000e-06	3.937740e-03	3.014230e+00
5.140000e-06	1.142894e-01	3.235311e+00
5.150000e-06	-4.266208e-02	3.467388e+00
5.160000e-06	1.469677e-02	3.620698e+00
5.170000e-06	-2.166532e-02	3.753693e+00
5.180000e-06	-5.522081e-02	3.990072e+00
5.190000e-06	9.425879e-02	4.068091e+00
5.200000e-06	1.543591e-02	4.329048e+00
5.210000e-06	-3.843627e-02	4.456862e+00
5.220000e-06	2.527924e-02	4.685863e+00
5.230000e-06	-1.728765e-02	4.845377e+00
5.240000e-06	5.274340e-02	5.034406e+00
5.250000e-06	-2.527855e-02	5.295435e+00
5.260000e-06	-1.578763e-02	5.416781e+00
5.270000e-06	4.165627e-02	5.562129e+00
5.280000e-06	3.527133e-02	5.721139e+00
5.290000e-06	1.785195e-03	5.928642e+00
5.300000e-06	-4.385836e-02	6.067512e+00
5.310000e-06	3.291217e-02	6.173703e+00
5.320000e-06	3.451788e-02	6.330565e+00
5.330000e-06	-4.361960e-03	6.476511e+00
5.340000e-06	9.483898e-03	6.687436e+00
5.350000e-06	6.662432e-03	6.815280e+00
5.360000e-06	3.090548e-02	6.961146e+00
5.370000e-06	1.342198e-02	7.086461e+00
5.380000e-06	-1.746711e-02	7.171277e+00
5.390000e-06	1.625671e-02	7.321194e+00
5.400000e-06	2.318685e-02	7.488640e+00
5.410000e-06	2.977606e-02	7.666483e+00
5.420000e-06	-6.811319e-03	7.784350e+00
5.430000e-06	1.370540e-02	7.921623e+00
5.440000e-06	2.722905e-02	8.097461e+00
5.450000e-06	1.300807e-02	8.172678e+00
5.460000e-06	8.149867e-03	8.267490e+00
5.470000e-06	2.724400e-03	8.401676e+00
5.480000e-06	3.203657e-02	8.475962e+00
5.490000e-06	2.217703e-02	8.570601e+00
5.500000e-06	1.246920e-02	8.656410e+00
5.510000e-06	8.273358e-03	8.750149e+00
5.520000e-06	2.305122e-02	8.826433e+00
5.530000e-06	2.432690e-02	8.921619e+00
5.540000e-06	8.092484e-03	9.097479e+00
5.550000e-06	1.342151e-02	9.149645e+00
5.560000e-06	2.347446e-02	9.232725e+00
5.570000e-06	2.882154e-02	9.306938e+00
5.580000e-06	1.493378e-02	9.371624e+00
5.590000e-06	1.357787e-02	9.455803e+00
5.600000e-06	2.341856e-02	9.487516e+00
5.610000e-06	2.693214e-02	9.580200e+00
5.620000e-06	1.747514e-02	9.593753e+00
5.630000e-06	1.583016e-02	9.697460e+00
5.640000e-06	2.612200e-02	9.732195e+00
5.650000e-06	2.889324e-02	9.793832e+00
5.660000e-06	2.079160e-02	9.888384e+00
5.670000e-06	1.581475e-02	9.949572e+00
5.680000e-06	2.626524e-02	9.982046e+00
5.690000e-06	3.080510e-02	1.002270e+01
5.700000e-06	2.533836e-02	1.003378e+01
5.710000e-06	1.978848e-02	1.005526e+01
5.720000e-06	2.737551e-02	1.007636e+01
5.730000e-06	3.206579e-02	1.009741e+01
5.740000e-06	2.626784e-02	1.008950e+01
5.750000e-06	2.300348e-02	1.011749e+01
5.760000e-06	2.693502e-02	1.011854e+01
5.770000e-06	3.747306e-02	1.012854e+01
5.780000e-06	3.182648e-02	1.017959e+01
5.790000e-06	2.835647e-02	1.015102e+01
5.800000e-06	2.996754e-02	1.013855e+01
5.810000e-06	4.069159e-02	1.017954e+01
5.820000e-06	3.635589e-02	1.012095e+01
5.830000e-06	3.307394e-02	1.008704e+01
5.840000e-06	3.552697e-02	1.008694e+01
5.850000e-06	4.566856e-02	1.007779e+01
5.860000e-06	4.564290e-02	1.008636e+01
5.870000e-06	4.268243e-02	1.001313e+01
5.880000e-06	4.561883e-02	1.005418e+01
5.890000e-06	5.556337e-02	1.000050e+01
5.900000e-06	5.729121e-02	9.948970e+00
5.910000e-06	5.264754e-02	9.949342e+00
5.920000e-06	5.597930e-02	9.863810e+00
5.930000e-06	6.604772e-02	9.813151e+00
5.940000e-06	7.302364e-02	9.699417e+00
5.950000e-06	7.183588e-02	9.684281e+00
5.960000e-06	7.694706e-02	9.621125e+00
5.970000e-06	8.821529e-02	9.538395e+00
5.980000e-06	9.548651e-02	9.456286e+00
5.990000e-06	9.431651e-02	9.400526e+00
6.000000e-06	9.314222e-02	9.316469e+00
6.010000e-06	1.010121e-01	9.285758e+00
6.020000e-06	1.028209e-01	9.221551e+00
6.030000e-06	9.884217e-02	9.148365e+00
6.040000e-06	9.082365e-02	9.062804e+00
6.050000e-06	9.283218e-02	8.935808e+00
6.060000e-06	9.122485e-02	8.812034e+00
6.070000e-06	8.388640e-02	8.718866e+00
6.080000e-06	7.454154e-02	8.653208e+00
6.090000e-06	7.212664e-02	8.539389e+00
6.100000e-06	7.072946e-02	8.452632e+00
6.110000e-06	6.327363e-02	8.368422e+00
6.120000e-06	5.445816e-02	8.235104e+00
6.130000e-06	5.259729e-02	8.137943e+00
6.140000e-06	5.192073e-02	8.042076e+00
6.150000e-06	4.733296e-02	7.885134e+00
6.160000e-06	3.930447e-02	7.759845e+00
6.170000e-06	3.664284e-02	7.661632e+00
6.180000e-06	3.808776e-02	7.505313e+00
6.190000e-06	3.383732e-02	7.304896e+00
6.200000e-06	2.990246e-02	7.149870e+00
6.210000e-06	2.607568e-02	7.064082e+00
6.220000e-06	2.749386e-02	6.946740e+00
6.230000e-06	2.543313e-02	6.821949e+00
6.240000e-06	2.162989e-02	6.682061e+00
6.250000e-06	1.881409e-02	6.463160e+00
6.260000e-06	1.952631e-02	6.326243e+00
6.270000e-06	1.983247e-02	6.200924e+00
6.280000e-06	1.580880e-02	6.112580e+00
6.290000e-06	1.291876e-02	5.959213e+00
6.300000e-06	1.473791e-02	5.728191e+00
6.310000e-06	1.463470e-02	5.587850e+00
6.320000e-06	1.166525e-02	5.430378e+00
6.330000e-06	9.048966e-03	5.262581e+00
6.340000e-06	1.044661e-02	5.062483e+00
6.350000e-06	1.113966e-02	4.841478e+00
6.360000e-06	7.659464e-03	4.692580e+00
6.370000e-06	5.744343e-03	4.506184e+00
6.380000e-06	6.477358e-03	4.380347e+00
6.390000e-06	8.278597e-03	4.187844e+00
6.400000e-06	6.464109e-03	4.027897e+00
6.410000e-06	3.183686e-03	3.831480e+00
6.420000e-06	4.141713e-03	3.662009e+00
6.430000e-06	4.695588e-03	3.494688e+00
6.440000e-06	2.794454e-03	3.262035e+00
6.450000e-06	2.063514e-04	3.103639e+00
6.460000e-06	1.416233e-03	2.946188e+00
6.470000e-06	2.688297e-03	2.799345e+00
6.480000e-06	2.017078e-03	2.616238e+00
6.490000e-06	-3.523557e-04	2.378266e+00
6.500000e-06	-8.932259e-04	2.179850e+00
6.510000e-06	8.238235e-05	2.019501e+00
6.520000e-06	-2.883317e-04	1.900929e+00
6.530000e-06	-1.962930e-03	1.622404e+00
6.540000e-06	-2.906113e-03	1.470978e+00
6.550000e-06	-1.300465e-03	1.282982e+00
6.560000e-06	-1.637103e-03	1.100349e+00
6.570000e-06	-2.820515e-03	8.004275e-01
6.580000e-06	-4.659359e-03	6.514290e-01
6.590000e-06	-3.374572e-03	4.719591e-01
6.600000e-06	-1.942611e-03	3.130865e-01
6.610000e-06	-3.742953e-03	1.135043e-01
6.620000e-06	-2.801125e-03	-8.646203e-02
6.630000e-06	2.190428e-03	-2.463831e-01
6.640000e-06	-2.820757e-03	-4.016001e-01
6.650000e-06	-1.891855e-03	-5.843341e-01
6.660000e-06	-8.232268e-03	-8.211778e-01
6.670000e-06	-4.117998e-03	-9.506699e-01
6.680000e-06	-4.026245e-03	-1.098917e+00
6.690000e-06	1.257148e-03	-1.325597e+00
6.700000e-06	4.200370e-02	-1.469495e+00
6.710000e-06	5.491969e-02	-1.698072e+00
6.720000e-06	-5.944811e-02	-1.940724e+00
6.730000e-06	-4.748360e-02	-2.265906e+00
6.740000e-06	-9.382238e-02	-2.435258e+00
6.750000e-06	-4.879892e-03	-2.549368e+00
6.760000e-06	1.486081e-01	-2.581632e+00
6.770000e-06	-1.352452e-01	-2.781805e+00
6.780000e-06	-8.908430e-04	-2.992755e+00
6.790000e-06	1.316763e-01	-3.159621e+00
6.800000e-06	-1.009753e-01	-3.401225e+00
6.810000e-06	4.279965e-02	-3.540496e+00
6.820000e-06	-4.025465e-02	-3.636013e+00
6.830000e-06	-1.398065e-01	-3.891068e+00
6.840000e-06	1.549996e-01	-4.085855e+00
6.850000e-06	-1.538632e-02	-4.255385e+00
6.860000e-06	-6.303982e-02	-4.402278e+00
6.870000e-06	3.823293e-02	-4.497067e+00
6.880000e-06	-9.182874e-02	-4.752752e+00
6.890000e-06	1.008729e-01	-4.949646e+00
6.900000e-06	-7.017675e-02	-5.046567e+00
6.910000e-06	-8.900021e-02	-5.288010e+00
6.920000e-06	1.097050e-01	-5.486086e+00
6.930000e-06	-4.201649e-02	-5.676412e+00
6.940000e-06	1.444034e-02	-5.813283e+00
6.950000e-06	-9.265860e-02	-5.960074e+00
6.960000e-06	-3.903322e-03	-6.099115e+00
6.970000e-06	7.507786e-02	-6.267540e+00
6.980000e-06	-1.036123e-01	-6.465388e+00
6.990000e-06	2.626030e-02	-6.561676e+00
7.000000e-06	-3.911008e-02	-6.717615e+00
7.010000e-06	2.537675e-02	-6.876341e+00
7.020000e-06	-4.452696e-04	-7.013981e+00
7.030000e-06	-9.971149e-02	-7.174128e+00
7.040000e-06	4.201841e-02	-7.277516e+00
7.050000e-06	-3.391649e-02	-7.424441e+00
7.060000e-06	1.754098e-02	-7.552176e+00
7.070000e-06	-5.495174e-02	-7.700019e+00
7.080000e-06	-2.632665e-02	-7.929065e+00
7.090000e-06	2.779230e-02	-8.013278e+00
7.100000e-06	-4.801602e-02	-8.101097e+00
7.110000e-06	-1.072216e-02	-8.233754e+00
7.120000e-06	-5.176584e-02	-8.329144e+00
7.130000e-06	2.055932e-02	-8.413888e+00
7.140000e-06	-1.689380e-02	-8.532623e+00
7.150000e-06	-4.449511e-02	-8.686940e+00
7.160000e-06	-2.263801e-02	-8.793175e+00
7.170000e-06	-1.814026e-02	-8.887936e+00
7.180000e-06	5.294288e-04	-8.930695e+00
7.190000e-06	-5.078156e-02	-9.064359e+00
7.200000e-06	-2.411758e-02	-9.110667e+00
7.210000e-06	-1.082766e-02	-9.212778e+00
7.220000e-06	-1.101330e-02	-9.288492e+00
7.230000e-06	-3.538861e-02	-9.384148e+00
7.240000e-06	-4.059512e-02	-9.417389e+00
7.250000e-06	-1.265811e-02	-9.531068e+00
7.260000e-06	-1.872170e-02	-9.623731e+00
7.270000e-06	-3.351071e-02	-9.687460e+00
7.280000e-06	-4.010587e-02	-9.729544e+00
7.290000e-06	-1.565417e-02	-9.772127e+00
7.300000e-06	-1.693154e-02	-9.846806e+00
7.310000e-06	-3.335385e-02	-9.866317e+00
7.320000e-06	-4.250565e-02	-9.919995e+00
7.330000e-06	-2.501950e-02	-9.939600e+00
7.340000e-06	-1.944188e-02	-9.991678e+00
7.350000e-06	-3.377301e-02	-1.007473e+01
7.360000e-06	-4.101163e-02	-1.005591e+01
7.370000e-06	-2.919265e-02	-1.007851e+01
7.380000e-06	-2.117356e-02	-1.009054e+01
7.390000e-06	-3.570769e-02	-1.017070e+01
7.400000e-06	-4.315691e-02	-1.017310e+01
7.410000e-06	-3.449037e-02	-1.015223e+01
7.420000e-06	-2.457113e-02	-1.019475e+01
7.430000e-06	-3.484198e-02	-1.022591e+01
7.440000e-06	-4.614651e-02	-1.022578e+01
7.450000e-06	-3.975129e-02	-1.021486e+01
7.460000e-06	-3.225997e-02	-1.025526e+01
7.470000e-06	-3.665879e-02	-1.024531e+01
7.480000e-06	-5.014114e-02	-1.020275e+01
7.490000e-06	-4.467326e-02	-1.020363e+01
7.500000e-06	-3.763872e-02	-1.018305e+01
7.510000e-06	-4.407493e-02	-1.012110e+01
7.520000e-06	-5.570517e-02	-1.010844e+01
7.530000e-06	-5.633779e-02	-1.006679e+01
7.540000e-06	-4.726265e-02	-1.005271e+01
7.550000e-06	-5.193077e-02	-1.000365e+01
7.560000e-06	-6.418561e-02	-9.960052e+00
7.570000e-06	-6.646838e-02	-9.988872e+00
7.580000e-06	-6.169708e-02	-9.886911e+00
7.590000e-06	-6.506973e-02	-9.865758e+00
7.600000e-06	-7.884469e-02	-9.811133e+00
7.610000e-06	-8.584245e-02	-9.750423e+00
7.620000e-06	-8.188069e-02	-9.717311e+00
7.630000e-06	-8.610047e-02	-9.683686e+00
7.640000e-06	-9.810980e-02	-9.621055e+00
7.650000e-06	-1.068836e-01	-9.567444e+00
7.660000e-06	-1.025263e-01	-9.447181e+00
7.670000e-06	-1.019012e-01	-9.350071e+00
7.680000e-06	-1.066854e-01	-9.253161e+00
7.690000e-06	-1.103865e-01	-9.140524e+00
7.700000e-06	-1.017408e-01	-9.086316e+00
7.710000e-06	-9.382114e-02	-9.053127e+00
7.720000e-06	-9.514330e-02	-8.907392e+00
7.730000e-06	-9.438973e-02	-8.832179e+00
7.740000e-06	-8.577186e-02	-8.749445e+00
7.750000e-06	-7.594557e-02	-8.624707e+00
7.760000e-06	-7.482497e-02	-8.487315e+00
7.770000e-06	-7.305064e-02	-8.440427e+00
7.780000e-06	-6.580972e-02	-8.315216e+00
7.790000e-06	-5.833610e-02	-8.210024e+00
7.800000e-06	-5.630401e-02	-8.074736e+00
7.810000e-06	-5.698453e-02	-8.011046e+00
7.820000e-06	-4.982772e-02	-7.864529e+00
7.830000e-06	-4.368738e-02	-7.663684e+00
7.840000e-06	-4.260020e-02	-7.547818e+00
7.850000e-06	-4.339813e-02	-7.411603e+00
7.860000e-06	-3.994804e-02	-7.283159e+00
7.870000e-06	-3.427751e-02	-7.139420e+00
7.880000e-06	-3.281698e-02	-6.981401e+00
7.890000e-06	-3.313662e-02	-6.841604e+00
7.900000e-06	-3.134681e-02	-6.725763e+00
7.910000e-06	-2.673050e-02	-6.569870e+00
7.920000e-06	-2.534408e-02	-6.431530e+00
7.930000e-06	-2.620450e-02	-6.355265e+00
7.940000e-06	-2.679580e-02	-6.124188e+00
7.950000e-06	-2.298222e-02	-5.957394e+00
7.960000e-06	-2.103637e-02	-5.810449e+00
7.970000e-06	-2.160117e-02	-5.614107e+00
7.980000e-06	-2.116569e-02	-5.526267e+00
7.990000e-06	-1.830686e-02	-5.303638e+00
8.000000e-06	-1.620942e-02	-5.095691e+00
8.010000e-06	-1.716369e-02	-4.966892e+00
8.020000e-06	-1.821151e-02	-4.705138e+00
8.030000e-06	-1.627676e-02	-4.565821e+00
8.040000e-06	-1.355633e-02	-4.409975e+00
8.050000e-06	-1.552480e-02	-4.293063e+00
8.060000e-06	-1.359456e-02	-4.125612e+00
8.070000e-06	-1.359628e-02	-3.967796e+00
8.080000e-06	-1.081180e-02	-3.744719e+00
8.090000e-06	-1.309594e-02	-3.587795e+00
8.100000e-06	-1.111812e-02	-3.419451e+00
8.110000e-06	-1.034722e-02	-3.240480e+00
8.120000e-06	-8.045504e-03	-3.070799e+00
8.130000e-06	-9.866974e-03	-2.840930e+00
8.140000e-06	-1.140285e-02	-2.682029e+00
8.150000e-06	-1.000868e-02	-2.482559e+00
8.160000e-06	-8.537286e-03	-2.335613e+00
8.170000e-06	-6.960227e-03	-2.081510e+00
8.180000e-06	-8.532765e-03	-1.945618e+00
8.190000e-06	-5.025309e-03	-1.775118e+00
8.200000e-06	-5.708933e-03	-1.568800e+00
8.210000e-06	-4.186447e-03	-1.354113e+00
8.220000e-06	-9.153030e-03	-1.154715e+00
8.230000e-06	-6.964590e-03	-9.261382e-01
8.240000e-06	-7.012250e-03	-7.777698e-01
8.250000e-06	-3.107410e-03	-5.256157e-01
8.260000e-06	-5.501868e-03	-3.792698e-01
8.270000e-06	-1.721507e-03	-2.187948e-01
8.280000e-06	1.703958e-03	-1.147388e-02
8.290000e-06	5.842811e-03	1.606001e-01
8.300000e-06	-1.697427e-03	3.690486e-01
8.310000e-06	-6.257082e-04	4.889396e-01
8.320000e-06	-8.086352e-04	6.953382e-01
8.330000e-06	5.887010e-04	8.337540e-01
8.340000e-06	1.483486e-03	1.115859e+00
8.350000e-06	3.362668e-03	1.256382e+00
8.360000e-06	2.057648e-02	1.463434e+00
8.370000e-06	6.434028e-02	1.688568e+00
8.380000e-06	1.125381e-02	1.928417e+00
8.390000e-06	-5.071649e-02	2.097963e+00
8.400000e-06	-4.574460e-02	2.296411e+00
8.410000e-06	-5.049763e-02	2.392054e+00
8.420000e-06	-3.058510e-03	2.536017e+00
8.430000e-06	1.197380e-01	2.759622e+00
8.440000e-06	-8.861082e-02	2.916968e+00
8.450000e-06	7.855318e-04	3.041729e+00
8.460000e-06	1.154916e-01	3.244383e+00
8.470000e-06	-4.251783e-02	3.434362e+00
8.480000e-06	1.374162e-02	3.601579e+00
8.490000e-06	-2.095459e-02	3.759173e+00
8.500000e-06	-5.839708e-02	3.969649e+00
8.510000e-06	9.344227e-02	4.086966e+00
8.520000e-06	1.896424e-02	4.351044e+00
8.530000e-06	-3.888708e-02	4.504987e+00
8.540000e-06	2.527332e-02	4.676910e+00
8.550000e-06	-1.745584e-02	4.843907e+00
8.560000e-06	5.475702e-02	5.055431e+00
8.570000e-06	-2.500613e-02	5.296437e+00
8.580000e-06	-1.968379e-02	5.464734e+00
8.590000e-06	3.843920e-02	5.590724e+00
8.600000e-06	3.700531e-02	5.721139e+00
8.610000e-06	4.316293e-03	5.900066e+00
8.620000e-06	-4.437405e-02	6.076333e+00
8.630000e-06	3.183853e-02	6.173177e+00
8.640000e-06	3.669199e-02	6.330069e+00
8.650000e-06	-3.853088e-03	6.487037e+00
8.660000e-06	7.163206e-03	6.665983e+00
8.670000e-06	3.909150e-03	6.855229e+00
8.680000e-06	3.075317e-02	6.931570e+00
8.690000e-06	1.619344e-02	7.107460e+00
8.700000e-06	-1.673167e-02	7.173802e+00
8.710000e-06	1.459354e-02	7.320695e+00
8.720000e-06	2.283465e-02	7.510596e+00
8.730000e-06	3.160313e-02	7.627887e+00
8.740000e-06	-5.618140e-03	7.785325e+00
8.750000e-06	9.922309e-03	7.912068e+00
8.760000e-06	2.555787e-02	8.067814e+00
8.770000e-06	1.595428e-02	8.160725e+00
8.780000e-06	9.848479e-03	8.297989e+00
8.790000e-06	2.603432e-04	8.402153e+00
8.800000e-06	2.972484e-02	8.455859e+00
8.810000e-06	2.393415e-02	8.530122e+00
8.820000e-06	1.398180e-02	8.705412e+00
8.830000e-06	7.824241e-03	8.740173e+00
8.840000e-06	2.177395e-02	8.834383e+00
8.850000e-06	2.646921e-02	8.951148e+00
8.860000e-06	9.245069e-03	9.036888e+00
8.870000e-06	1.119325e-02	9.160645e+00
8.880000e-06	2.163897e-02	9.242303e+00
8.890000e-06	3.021481e-02	9.287415e+00
8.900000e-06	1.680555e-02	9.361648e+00
8.910000e-06	1.309443e-02	9.443307e+00
8.920000e-06	2.178476e-02	9.487494e+00
8.930000e-06	2.850839e-02	9.561570e+00
8.940000e-06	1.916497e-02	9.644928e+00
8.950000e-06	1.454408e-02	9.677360e+00
8.960000e-06	2.445764e-02	9.731646e+00
8.970000e-06	2.927119e-02	9.805828e+00
8.980000e-06	2.266101e-02	9.867392e+00
8.990000e-06	1.545620e-02	9.967992e+00
9.000000e-06	2.402171e-02	9.951050e+00
9.010000e-06	2.921359e-02	1.001163e+01
9.020000e-06	2.810644e-02	1.001368e+01
9.030000e-06	2.004095e-02	1.005531e+01
9.040000e-06	2.563083e-02	1.007736e+01
9.050000e-06	3.119667e-02	1.007641e+01
9.060000e-06	2.855685e-02	1.011792e+01
9.070000e-06	2.317857e-02	1.014102e+01
9.080000e-06	2.632415e-02	1.014002e+01
9.090000e-06	3.566911e-02	1.017955e+01
9.100000e-06	3.246432e-02	1.016157e+01
9.110000e-06	2.805825e-02	1.014950e+01
9.120000e-06	2.988012e-02	1.013010e+01
9.130000e-06	3.816272e-02	1.017957e+01
9.140000e-06	3.912564e-02	1.013852e+01
9.150000e-06	3.356217e-02	1.012889e+01
9.160000e-06	3.691260e-02	1.010647e+01
9.170000e-06	4.397042e-02	1.007631e+01
9.180000e-06	4.648600e-02	1.004326e+01
9.190000e-06	4.232556e-02	1.005473e+01
9.200000e-06	4.385434e-02	1.002262e+01
9.210000e-06	5.268145e-02	1.000005e+01
9.220000e-06	5.726001e-02	9.969971e+00
9.230000e-06	5.565871e-02	9.877316e+00
9.240000e-06	5.712177e-02	9.825278e+00
9.250000e-06	6.602530e-02	9.771043e+00
9.260000e-06	7.185072e-02	9.697493e+00
9.270000e-06	7.285303e-02	9.654106e+00
9.280000e-06	7.645432e-02	9.620503e+00
9.290000e-06	8.695417e-02	9.509943e+00
9.300000e-06	9.433101e-02	9.485232e+00
9.310000e-06	9.563052e-02	9.411557e+00
9.320000e-06	9.470821e-02	9.328366e+00
9.330000e-06	1.007030e-01	9.244812e+00
9.340000e-06	1.023564e-01	9.232028e+00
9.350000e-06	9.945044e-02	9.148445e+00
9.360000e-06	9.220970e-02	9.084254e+00
9.370000e-06	9.192235e-02	8.908838e+00
9.380000e-06	8.913660e-02	8.801003e+00
9.390000e-06	8.450681e-02	8.758369e+00
9.400000e-06	7.471752e-02	8.653181e+00
9.410000e-06	7.221227e-02	8.557320e+00
9.420000e-06	6.982829e-02	8.453131e+00
9.430000e-06	6.410611e-02	8.359423e+00
9.440000e-06	5.575155e-02	8.265556e+00
9.450000e-06	5.289768e-02	8.127763e+00
9.460000e-06	5.132659e-02	8.020545e+00
9.470000e-06	4.720655e-02	7.873633e+00
9.480000e-06	4.052090e-02	7.748974e+00
9.490000e-06	3.779758e-02	7.652001e+00
9.500000e-06	3.716008e-02	7.507338e+00
9.510000e-06	3.384614e-02	7.338315e+00
9.520000e-06	2.970011e-02	7.189448e+00
9.530000e-06	2.708812e-02	7.074133e+00
9.540000e-06	2.747096e-02	6.955188e+00
9.550000e-06	2.480886e-02	6.809925e+00
9.560000e-06	2.309248e-02	6.644132e+00
9.570000e-06	1.853293e-02	6.464162e+00
9.580000e-06	2.031283e-02	6.316738e+00
9.590000e-06	1.739581e-02	6.199974e+00
9.600000e-06	1.677816e-02	6.073007e+00
9.610000e-06	1.533827e-02	5.946867e+00
9.620000e-06	1.601924e-02	5.767166e+00
9.630000e-06	1.489642e-02	5.598891e+00
9.640000e-06	1.179690e-02	5.430976e+00
9.650000e-06	8.571941e-03	5.271029e+00
9.660000e-06	9.209369e-03	5.031456e+00
9.670000e-06	9.179273e-03	4.820028e+00
9.680000e-06	8.853797e-03	4.693134e+00
9.690000e-06	7.302084e-03	4.495185e+00
9.700000e-06	8.006339e-03	4.357851e+00
9.710000e-06	6.746768e-03	4.217691e+00
9.720000e-06	5.272931e-03	3.986346e+00
9.730000e-06	3.519244e-03	3.820504e+00
9.740000e-06	2.809008e-03	3.653557e+00
9.750000e-06	3.416343e-03	3.464162e+00
9.760000e-06	3.131899e-03	3.273059e+00
9.770000e-06	1.756213e-03	3.144111e+00
9.780000e-06	2.849250e-03	2.935691e+00
9.790000e-06	2.333922e-03	2.818397e+00
9.800000e-06	3.380125e-03	2.585643e+00
9.810000e-06	-7.329657e-04	2.346269e+00
9.820000e-06	1.854047e-04	2.197372e+00
9.830000e-06	-2.489351e-03	2.040475e+00
9.840000e-06	-6.206602e-04	1.851983e+00
9.850000e-06	-1.750456e-03	1.652480e+00
9.860000e-06	-1.146435e-03	1.441507e+00
9.870000e-06	-2.380641e-03	1.263532e+00
9.880000e-06	-1.810118e-03	1.059356e+00
9.890000e-06	-3.302904e-03	8.289265e-01
9.900000e-06	-3.504396e-03	6.499040e-01
9.910000e-06	-3.652152e-03	4.810327e-01
9.920000e-06	-3.292719e-03	3.352103e-01
9.930000e-06	-3.870385e-03	1.119814e-01
9.940000e-06	-2.237683e-03	-9.701467e-02
9.950000e-06	2.592202e-03	-2.633068e-01
9.960000e-06	-3.173796e-03	-4.207554e-01
9.970000e-06	-1.659714e-03	-6.031756e-01
9.980000e-06	-6.599125e-03	-7.922264e-01
9.990000e-06	-3.055993e-03	-9.701248e-01
1.000000e-05	-5.657850e-03	-1.108515e+00
1.001000e-05	-1.398479e-04	-1.295515e+00
1.002000e-05	4.248832e-02	-1.537468e+00
1.003000e-05	5.633213e-02	-1.688515e+00
1.004000e-05	-6.008965e-02	-1.960676e+00
1.005000e-05	-4.689503e-02	-2.216852e+00
1.006000e-05	-9.208940e-02	-2.432278e+00
1.007000e-05	-6.747012e-03	-2.519493e+00
1.008000e-05	1.491717e-01	-2.590730e+00
1.009000e-05	-1.344812e-01	-2.803809e+00
1.010000e-05	-5.447430e-03	-3.013728e+00
1.011000e-05	1.341948e-01	-3.109071e+00
1.012000e-05	-1.026099e-01	-3.352754e+00
1.013000e-05	4.071021e-02	-3.549571e+00
1.014000e-05	-3.487492e-02	-3.665464e+00
1.015000e-05	-1.388136e-01	-3.929520e+00
1.016000e-05	1.536123e-01	-4.024358e+00
1.017000e-05	-1.457678e-02	-4.204903e+00
1.018000e-05	-6.701896e-02	-4.431354e+00
1.019000e-05	4.065318e-02	-4.548615e+00
1.020000e-05	-9.442139e-02	-4.761253e+00
1.021000e-05	9.747956e-02	-4.958601e+00
1.022000e-05	-6.608242e-02	-5.048536e+00
1.023000e-05	-8.923575e-02	-5.256991e+00
1.024000e-05	1.117263e-01	-5.447464e+00
1.025000e-05	-4.229034e-02	-5.665492e+00
1.026000e-05	1.378241e-02	-5.812779e+00
1.027000e-05	-9.003249e-02	-5.919669e+00
1.028000e-05	-6.580801e-03	-6.110042e+00
1.029000e-05	7.436437e-02	-6.296069e+00
1.030000e-05	-1.024828e-01	-6.445909e+00
1.031000e-05	2.799785e-02	-6.571174e+00
1.032000e-05	-3.625996e-02	-6.699567e+00
1.033000e-05	2.213216e-02	-6.834955e+00
1.034000e-05	-6.276236e-05	-6.984806e+00
1.035000e-05	-1.012748e-01	-7.134228e+00
1.036000e-05	4.109351e-02	-7.298467e+00
1.037000e-05	-3.505792e-02	-7.425836e+00
1.038000e-05	1.697958e-02	-7.592205e+00
1.039000e-05	-5.092486e-02	-7.691096e+00
1.040000e-05	-2.571851e-02	-7.849020e+00
1.041000e-05	2.747332e-02	-8.023255e+00
1.042000e-05	-5.095451e-02	-8.129571e+00
1.043000e-05	-1.073610e-02	-8.223784e+00
1.044000e-05	-5.271037e-02	-8.320621e+00
1.045000e-05	2.089360e-02	-8.424308e+00
1.046000e-05	-1.684532e-02	-8.530621e+00
1.047000e-05	-4.305226e-02	-8.699539e+00
1.048000e-05	-2.083254e-02	-8.732227e+00
1.049000e-05	-1.741380e-02	-8.867511e+00
1.050000e-05	-4.777810e-04	-8.932123e+00
1.051000e-05	-5.307625e-02	-9.016380e+00
1.052000e-05	-2.503053e-02	-9.129495e+00
1.053000e-05	-1.123439e-02	-9.184705e+00
1.054000e-05	-1.106421e-02	-9.297492e+00
1.055000e-05	-3.451315e-02	-9.361099e+00
1.056000e-05	-3.976002e-02	-9.457362e+00
1.057000e-05	-1.157877e-02	-9.560673e+00
1.058000e-05	-1.812952e-02	-9.664257e+00
1.059000e-05	-3.424897e-02	-9.687490e+00
1.060000e-05	-3.898958e-02	-9.719066e+00
1.061000e-05	-1.686951e-02	-9.782726e+00
1.062000e-05	-1.705702e-02	-9.836858e+00
1.063000e-05	-3.376934e-02	-9.907362e+00
1.064000e-05	-4.141161e-02	-9.929547e+00
1.065000e-05	-2.302554e-02	-9.962520e+00
1.066000e-05	-1.985189e-02	-9.980151e+00
1.067000e-05	-3.332076e-02	-1.004683e+01
1.068000e-05	-4.079279e-02	-1.006686e+01
1.069000e-05	-2.861266e-02	-1.009996e+01
1.070000e-05	-2.215888e-02	-1.010957e+01
1.071000e-05	-3.602708e-02	-1.013414e+01
1.072000e-05	-4.275601e-02	-1.021273e+01
1.073000e-05	-3.379078e-02	-1.021368e+01
1.074000e-05	-2.376611e-02	-1.020273e+01
1.075000e-05	-3.528082e-02	-1.024441e+01
1.076000e-05	-4.568377e-02	-1.022576e+01
1.077000e-05	-3.917939e-02	-1.021683e+01
1.078000e-05	-3.231755e-02	-1.024533e+01
1.079000e-05	-3.754604e-02	-1.022425e+01
1.080000e-05	-4.953858e-02	-1.018363e+01
1.081000e-05	-4.519767e-02	-1.016318e+01
1.082000e-05	-3.792253e-02	-1.018315e+01
1.083000e-05	-4.445911e-02	-1.015252e+01
1.084000e-05	-5.559682e-02	-1.016002e+01
1.085000e-05	-5.503094e-02	-1.007639e+01
1.086000e-05	-4.819282e-02	-1.005514e+01
1.087000e-05	-5.201976e-02	-1.000415e+01
1.088000e-05	-6.497859e-02	-9.979025e+00
1.089000e-05	-6.508608e-02	-9.949945e+00
1.090000e-05	-6.257844e-02	-9.916839e+00
1.091000e-05	-6.617021e-02	-9.874760e+00
1.092000e-05	-8.001642e-02	-9.843554e+00
1.093000e-05	-8.397339e-02	-9.760519e+00
1.094000e-05	-8.242542e-02	-9.695867e+00
1.095000e-05	-8.612497e-02	-9.654732e+00
1.096000e-05	-9.952278e-02	-9.612499e+00
1.097000e-05	-1.043775e-01	-9.548941e+00
1.098000e-05	-1.025692e-01	-9.455308e+00
1.099000e-05	-1.026597e-01	-9.338469e+00
1.100000e-05	-1.086174e-01	-9.254234e+00
1.101000e-05	-1.096415e-01	-9.210945e+00
1.102000e-05	-1.017087e-01	-9.076287e+00
1.103000e-05	-9.472662e-02	-9.002978e+00
1.104000e-05	-9.510795e-02	-8.908412e+00
1.105000e-05	-9.372462e-02	-8.851083e+00
1.106000e-05	-8.543471e-02	-8.770450e+00
1.107000e-05	-7.591793e-02	-8.655684e+00
1.108000e-05	-7.443789e-02	-8.526789e+00
1.109000e-05	-7.306029e-02	-8.409501e+00
1.110000e-05	-6.621326e-02	-8.306689e+00
1.111000e-05	-5.881049e-02	-8.220047e+00
1.112000e-05	-5.603718e-02	-8.094711e+00
1.113000e-05	-5.635865e-02	-7.970426e+00
1.114000e-05	-4.994998e-02	-7.833637e+00
1.115000e-05	-4.375058e-02	-7.714583e+00
1.116000e-05	-4.228414e-02	-7.558321e+00
1.117000e-05	-4.282484e-02	-7.432003e+00
1.118000e-05	-4.096158e-02	-7.296611e+00
1.119000e-05	-3.379114e-02	-7.159920e+00
1.120000e-05	-3.316463e-02	-6.980999e+00
1.121000e-05	-3.349799e-02	-6.842008e+00
1.122000e-05	-3.258575e-02	-6.736216e+00
1.123000e-05	-2.643807e-02	-6.558894e+00
1.124000e-05	-2.459195e-02	-6.440557e+00
1.125000e-05	-2.645452e-02	-6.324237e+00
1.126000e-05	-2.655975e-02	-6.083087e+00
1.127000e-05	-2.182973e-02	-5.928366e+00
1.128000e-05	-2.047581e-02	-5.831002e+00
1.129000e-05	-2.318533e-02	-5.661534e+00
1.130000e-05	-2.205395e-02	-5.494245e+00
1.131000e-05	-1.853271e-02	-5.273563e+00
1.132000e-05	-1.577254e-02	-5.125163e+00
1.133000e-05	-1.786659e-02	-4.976293e+00
1.134000e-05	-1.765831e-02	-4.674142e+00
1.135000e-05	-1.563045e-02	-4.587368e+00
1.136000e-05	-1.338660e-02	-4.410452e+00
1.137000e-05	-1.534448e-02	-4.293057e+00
1.138000e-05	-1.411324e-02	-4.134589e+00
1.139000e-05	-1.404772e-02	-3.967797e+00
1.140000e-05	-1.152273e-02	-3.764196e+00
1.141000e-05	-1.211287e-02	-3.578771e+00
1.142000e-05	-1.166529e-02	-3.388376e+00
1.143000e-05	-1.021748e-02	-3.220979e+00
1.144000e-05	-8.731268e-03	-3.061904e+00
1.145000e-05	-1.025383e-02	-2.841454e+00
1.146000e-05	-1.022286e-02	-2.703980e+00
1.147000e-05	-9.896520e-03	-2.503088e+00
1.148000e-05	-7.234782e-03	-2.365713e+00
1.149000e-05	-7.248487e-03	-2.112587e+00
1.150000e-05	-7.211868e-03	-1.944614e+00
1.151000e-05	-7.468441e-03	-1.745193e+00
1.152000e-05	-5.303215e-03	-1.567296e+00
1.153000e-05	-6.077022e-03	-1.354639e+00
1.154000e-05	-7.690743e-03	-1.124689e+00
1.155000e-05	-6.283940e-03	-9.851882e-01
1.156000e-05	-4.975980e-03	-7.678211e-01
1.157000e-05	-2.679125e-03	-5.860970e-01
1.158000e-05	-3.759710e-03	-3.577459e-01
1.159000e-05	-2.571316e-03	-1.872749e-01
1.160000e-05	4.926025e-04	-2.892751e-02
1.161000e-05	4.102338e-03	1.701947e-01
1.162000e-05	-2.362312e-03	3.905511e-01
1.163000e-05	2.480989e-04	5.270386e-01
1.164000e-05	-4.935399e-04	6.578407e-01
1.165000e-05	1.906871e-03	8.126780e-01
1.166000e-05	1.201521e-03	1.075409e+00
1.167000e-05	4.011988e-03	1.235283e+00
1.168000e-05	1.868555e-02	1.403383e+00
1.169000e-05	6.451532e-02	1.720486e+00
1.170000e-05	1.148144e-02	1.908467e+00
1.171000e-05	-4.944353e-02	2.116965e+00
1.172000e-05	-4.551477e-02	2.264887e+00
1.173000e-05	-4.859466e-02	2.402650e+00
1.174000e-05	-2.808005e-03	2.518040e+00
1.175000e-05	1.214651e-01	2.720072e+00
1.176000e-05	-8.714932e-02	2.909042e+00
1.177000e-05	-3.475416e-03	3.013730e+00
1.178000e-05	1.171914e-01	3.236930e+00
1.179000e-05	-4.147458e-02	3.416336e+00
1.180000e-05	1.283298e-02	3.571126e+00
1.181000e-05	-1.973202e-02	3.760170e+00
1.182000e-05	-5.991905e-02	3.948995e+00
1.183000e-05	9.336683e-02	4.096985e+00
1.184000e-05	1.895767e-02	4.328544e+00
1.185000e-05	-4.025908e-02	4.476011e+00
1.186000e-05	2.582107e-02	4.704937e+00
1.187000e-05	-1.758262e-02	4.835458e+00
1.188000e-05	5.419834e-02	5.045957e+00
1.189000e-05	-2.233955e-02	5.253487e+00
1.190000e-05	-1.876931e-02	5.435806e+00
1.191000e-05	3.892077e-02	5.632648e+00
1.192000e-05	3.622206e-02	5.668590e+00
1.193000e-05	4.646051e-03	5.907516e+00
1.194000e-05	-4.369563e-02	6.066337e+00
1.195000e-05	2.924558e-02	6.162202e+00
1.196000e-05	3.665178e-02	6.320070e+00
1.197000e-05	-3.602639e-03	6.488334e+00
1.198000e-05	9.955244e-03	6.666960e+00
1.199000e-05	4.566197e-03	6.854334e+00
1.200000e-05	2.879723e-02	6.950071e+00
1.201000e-05	1.623133e-02	7.085836e+00
1.202000e-05	-1.798642e-02	7.192226e+00
1.203000e-05	1.424176e-02	7.351671e+00
1.204000e-05	2.194377e-02	7.530618e+00
1.205000e-05	3.213322e-02	7.686936e+00
1.206000e-05	-5.601728e-03	7.822151e+00
1.207000e-05	1.178211e-02	7.919091e+00
1.208000e-05	2.667011e-02	8.065838e+00
1.209000e-05	1.544909e-02	8.171675e+00
1.210000e-05	9.107047e-03	8.297839e+00
1.211000e-05	8.312502e-04	8.401201e+00
1.212000e-05	3.120027e-02	8.466909e+00
1.213000e-05	2.322233e-02	8.551597e+00
1.214000e-05	1.241523e-02	8.675482e+00
1.215000e-05	7.734910e-03	8.769070e+00
1.216000e-05	2.326976e-02	8.865829e+00
1.217000e-05	2.589851e-02	8.940670e+00
1.218000e-05	9.561043e-03	9.066853e+00
1.219000e-05	1.224947e-02	9.109620e+00
1.220000e-05	2.331454e-02	9.233279e+00
1.221000e-05	2.688537e-02	9.296990e+00
1.222000e-05	1.570151e-02	9.340643e+00
1.223000e-05	1.460020e-02	9.454307e+00
1.224000e-05	2.351629e-02	9.497420e+00
1.225000e-05	2.757867e-02	9.540198e+00
1.226000e-05	2.015728e-02	9.633854e+00
1.227000e-05	1.519469e-02	9.677412e+00
1.228000e-05	2.530058e-02	9.731997e+00
1.229000e-05	2.656915e-02	9.804678e+00
1.230000e-05	2.160395e-02	9.887836e+00
1.231000e-05	1.511891e-02	9.878996e+00
1.232000e-05	2.561804e-02	9.961596e+00
1.233000e-05	3.021506e-02	1.000260e+01
1.234000e-05	2.657383e-02	1.001226e+01
1.235000e-05	2.144762e-02	1.003433e+01
1.236000e-05	2.569122e-02	1.007636e+01
1.237000e-05	3.202898e-02	1.008689e+01
1.238000e-05	2.760568e-02	1.011739e+01
1.239000e-05	2.355493e-02	1.012956e+01
1.240000e-05	2.643789e-02	1.013149e+01
1.241000e-05	3.629239e-02	1.015907e+01
1.242000e-05	3.214565e-02	1.016952e+01
1.243000e-05	2.837115e-02	1.017099e+01
1.244000e-05	2.846743e-02	1.017102e+01
1.245000e-05	3.709554e-02	1.017002e+01
1.246000e-05	3.780498e-02	1.013852e+01
1.247000e-05	3.466951e-02	1.010997e+01
1.248000e-05	3.676607e-02	1.008844e+01
1.249000e-05	4.444842e-02	1.010684e+01
1.250000e-05	4.698416e-02	1.007681e+01
1.251000e-05	4.178848e-02	1.002371e+01
1.252000e-05	4.408485e-02	1.003308e+01
1.253000e-05	5.184026e-02	1.001207e+01
1.254000e-05	5.632082e-02	9.938019e+00
1.255000e-05	5.548519e-02	9.897438e+00
1.256000e-05	5.741613e-02	9.834806e+00
1.257000e-05	6.579762e-02	9.790623e+00
1.258000e-05	7.173159e-02	9.699490e+00
1.259000e-05	7.329210e-02	9.632705e+00
1.260000e-05	7.670064e-02	9.602054e+00
1.261000e-05	8.677244e-02	9.548943e+00
1.262000e-05	9.386500e-02	9.485233e+00
1.263000e-05	9.555427e-02	9.392027e+00
1.264000e-05	9.410189e-02	9.388470e+00
1.265000e-05	1.006690e-01	9.305709e+00
1.266000e-05	1.023895e-01	9.251054e+00
1.267000e-05	9.960977e-02	9.148843e+00
1.268000e-05	9.320323e-02	9.034211e+00
1.269000e-05	9.182254e-02	8.918788e+00
1.270000e-05	9.049459e-02	8.811975e+00
1.271000e-05	8.424540e-02	8.728368e+00
1.272000e-05	7.497698e-02	8.669679e+00
1.273000e-05	7.161856e-02	8.538415e+00
1.274000e-05	7.029082e-02	8.442131e+00
1.275000e-05	6.419085e-02	8.390423e+00
1.276000e-05	5.611389e-02	8.254128e+00
1.277000e-05	5.267589e-02	8.137742e+00
1.278000e-05	5.160323e-02	8.039004e+00
1.279000e-05	4.695892e-02	7.914662e+00
1.280000e-05	4.096260e-02	7.787797e+00
1.281000e-05	3.786814e-02	7.611575e+00
1.282000e-05	3.723877e-02	7.546264e+00
1.283000e-05	3.480855e-02	7.334817e+00
1.284000e-05	2.975876e-02	7.179474e+00
1.285000e-05	2.663181e-02	7.054105e+00
1.286000e-05	2.737124e-02	6.906813e+00
1.287000e-05	2.626660e-02	6.790424e+00
1.288000e-05	2.246196e-02	6.643076e+00
1.289000e-05	1.835420e-02	6.514608e+00
1.290000e-05	2.012466e-02	6.327367e+00
1.291000e-05	1.939184e-02	6.199924e+00
1.292000e-05	1.606261e-02	6.093583e+00
1.293000e-05	1.258996e-02	5.946794e+00
1.294000e-05	1.404040e-02	5.787238e+00
1.295000e-05	1.546629e-02	5.577792e+00
1.296000e-05	1.294244e-02	5.461002e+00
1.297000e-05	9.294469e-03	5.201531e+00
1.298000e-05	1.022641e-02	5.082059e+00
1.299000e-05	1.057844e-02	4.831978e+00
1.300000e-05	8.541494e-03	4.683130e+00
1.301000e-05	5.671064e-03	4.516766e+00
1.302000e-05	4.957119e-03	4.358321e+00
1.303000e-05	6.826443e-03	4.197292e+00
1.304000e-05	7.186861e-03	3.978370e+00
1.305000e-05	4.490723e-03	3.810923e+00
1.306000e-05	3.774656e-03	3.702503e+00
1.307000e-05	4.380652e-03	3.535663e+00
1.308000e-05	3.911001e-03	3.313559e+00
1.309000e-05	1.274499e-03	3.124612e+00
1.310000e-05	2.162529e-04	2.947739e+00
1.311000e-05	1.720120e-03	2.798349e+00
1.312000e-05	1.605887e-03	2.607722e+00
1.313000e-05	2.707619e-04	2.368895e+00
1.314000e-05	-9.740454e-04	2.218850e+00
1.315000e-05	4.265808e-04	2.039978e+00
1.316000e-05	7.684687e-04	1.874508e+00
1.317000e-05	-1.020834e-03	1.652430e+00
1.318000e-05	-2.889220e-03	1.511505e+00
1.319000e-05	-1.493986e-03	1.272533e+00
1.320000e-05	-1.819084e-03	1.093852e+00
1.321000e-05	-3.127617e-03	8.304462e-01
1.322000e-05	-4.570400e-03	6.818503e-01
1.323000e-05	-3.126554e-03	4.824840e-01
1.324000e-05	-2.352702e-03	3.535615e-01
1.325000e-05	-3.040597e-03	1.400077e-01
1.326000e-05	-3.134823e-03	-6.583834e-02
1.327000e-05	2.924015e-03	-2.448620e-01
1.328000e-05	-9.736278e-04	-4.117813e-01
1.329000e-05	-2.140649e-03	-6.042528e-01
1.330000e-05	-6.968880e-03	-7.616814e-01
1.331000e-05	-3.994871e-03	-9.790524e-01
1.332000e-05	-5.022664e-03	-1.096995e+00
1.333000e-05	-2.713598e-05	-1.308537e+00
1.334000e-05	4.131620e-02	-1.550966e+00
1.335000e-05	5.805327e-02	-1.677469e+00
1.336000e-05	-5.937048e-02	-1.930202e+00
1.337000e-05	-4.697940e-02	-2.245409e+00
1.338000e-05	-9.218372e-02	-2.414257e+00
1.339000e-05	-9.659691e-03	-2.546817e+00
1.340000e-05	1.520316e-01	-2.591204e+00
1.341000e-05	-1.311655e-01	-2.823307e+00
1.342000e-05	-1.086055e-02	-3.013159e+00
1.343000e-05	1.370802e-01	-3.119574e+00
1.344000e-05	-1.017738e-01	-3.350274e+00
1.345000e-05	3.866475e-02	-3.559020e+00
1.346000e-05	-3.327813e-02	-3.665987e+00
1.347000e-05	-1.427655e-01	-3.919092e+00
1.348000e-05	1.532382e-01	-4.064908e+00
1.349000e-05	-9.652490e-03	-4.225885e+00
1.350000e-05	-6.708882e-02	-4.422205e+00
1.351000e-05	4.193813e-02	-4.509067e+00
1.352000e-05	-9.381647e-02	-4.732697e+00
1.353000e-05	9.603082e-02	-4.949100e+00
1.354000e-05	-6.435566e-02	-5.066938e+00
1.355000e-05	-9.491209e-02	-5.250121e+00
1.356000e-05	1.112557e-01	-5.476034e+00
1.357000e-05	-3.898479e-02	-5.675411e+00
1.358000e-05	1.468090e-02	-5.833781e+00
1.359000e-05	-8.637683e-02	-5.939620e+00
1.360000e-05	-8.831938e-03	-6.117668e+00
1.361000e-05	7.697261e-02	-6.275913e+00
1.362000e-05	-1.049651e-01	-6.445358e+00
1.363000e-05	2.331454e-02	-6.572150e+00
1.364000e-05	-3.718681e-02	-6.697091e+00
1.365000e-05	2.123423e-02	-6.855337e+00
1.366000e-05	4.111944e-03	-7.002853e+00
1.367000e-05	-1.007038e-01	-7.182703e+00
1.368000e-05	4.243548e-02	-7.277987e+00
1.369000e-05	-3.425542e-02	-7.436831e+00
1.370000e-05	1.557098e-02	-7.593324e+00
1.371000e-05	-5.243298e-02	-7.691171e+00
1.372000e-05	-2.803083e-02	-7.918491e+00
1.373000e-05	2.949828e-02	-8.013232e+00
1.374000e-05	-4.906132e-02	-8.129670e+00
1.375000e-05	-9.614556e-03	-8.244805e+00
1.376000e-05	-5.173292e-02	-8.348119e+00
1.377000e-05	2.031225e-02	-8.473882e+00
1.378000e-05	-1.588208e-02	-8.552621e+00
1.379000e-05	-4.418989e-02	-8.666491e+00
1.380000e-05	-2.174630e-02	-8.792651e+00
1.381000e-05	-1.771821e-02	-8.877440e+00
1.382000e-05	7.654145e-04	-8.930626e+00
1.383000e-05	-5.144833e-02	-9.075230e+00
1.384000e-05	-2.491444e-02	-9.089044e+00
1.385000e-05	-1.193811e-02	-9.182279e+00
1.386000e-05	-1.182726e-02	-9.319437e+00
1.387000e-05	-3.484014e-02	-9.381724e+00
1.388000e-05	-3.972479e-02	-9.445387e+00
1.389000e-05	-1.153958e-02	-9.541099e+00
1.390000e-05	-1.651618e-02	-9.642730e+00
1.391000e-05	-3.350671e-02	-9.716938e+00
1.392000e-05	-3.891327e-02	-9.718544e+00
1.393000e-05	-1.735863e-02	-9.771724e+00
1.394000e-05	-1.749704e-02	-9.856759e+00
1.395000e-05	-3.460008e-02	-9.907362e+00
1.396000e-05	-4.132306e-02	-9.948495e+00
1.397000e-05	-2.333307e-02	-9.971603e+00
1.398000e-05	-1.900452e-02	-1.002218e+01
1.399000e-05	-3.386495e-02	-1.003591e+01
1.400000e-05	-3.985615e-02	-1.006836e+01
1.401000e-05	-2.870477e-02	-1.011641e+01
1.402000e-05	-2.205528e-02	-1.012857e+01
1.403000e-05	-3.680525e-02	-1.018362e+01
1.404000e-05	-4.259531e-02	-1.018210e+01
1.405000e-05	-3.348961e-02	-1.016518e+01
1.406000e-05	-2.380256e-02	-1.021381e+01
1.407000e-05	-3.547941e-02	-1.020481e+01
1.408000e-05	-4.449151e-02	-1.025528e+01
1.409000e-05	-3.772589e-02	-1.024415e+01
1.410000e-05	-3.197104e-02	-1.022486e+01
1.411000e-05	-3.874163e-02	-1.024671e+01
1.412000e-05	-4.956985e-02	-1.013368e+01
1.413000e-05	-4.426567e-02	-1.016118e+01
1.414000e-05	-3.896057e-02	-1.020255e+01
1.415000e-05	-4.556322e-02	-1.014057e+01
1.416000e-05	-5.563184e-02	-1.012037e+01
1.417000e-05	-5.378286e-02	-1.009686e+01
1.418000e-05	-4.749864e-02	-1.003471e+01
1.419000e-05	-5.283364e-02	-1.002316e+01
1.420000e-05	-6.412211e-02	-1.000905e+01
1.421000e-05	-6.510529e-02	-9.919521e+00
1.422000e-05	-6.271490e-02	-9.925792e+00
1.423000e-05	-6.736155e-02	-9.874733e+00
1.424000e-05	-7.986724e-02	-9.831728e+00
1.425000e-05	-8.354620e-02	-9.738925e+00
1.426000e-05	-8.182266e-02	-9.695839e+00
1.427000e-05	-8.756768e-02	-9.684732e+00
1.428000e-05	-9.811039e-02	-9.620551e+00
1.429000e-05	-1.046492e-01	-9.568445e+00
1.430000e-05	-1.016878e-01	-9.445260e+00
1.431000e-05	-1.031776e-01	-9.352495e+00
1.432000e-05	-1.081199e-01	-9.274710e+00
1.433000e-05	-1.089926e-01	-9.181001e+00
1.434000e-05	-1.008440e-01	-9.115837e+00
1.435000e-05	-9.664097e-02	-9.020550e+00
1.436000e-05	-9.533523e-02	-8.916341e+00
1.437000e-05	-9.323845e-02	-8.841608e+00
1.438000e-05	-8.440767e-02	-8.769419e+00
1.439000e-05	-7.677883e-02	-8.664232e+00
1.440000e-05	-7.517687e-02	-8.486289e+00
1.441000e-05	-7.390962e-02	-8.430006e+00
1.442000e-05	-6.548872e-02	-8.335733e+00
1.443000e-05	-5.933405e-02	-8.211000e+00
1.444000e-05	-5.586243e-02	-8.095209e+00
1.445000e-05	-5.697119e-02	-8.008952e+00
1.446000e-05	-4.965510e-02	-7.864024e+00
1.447000e-05	-4.402726e-02	-7.672717e+00
1.448000e-05	-4.297876e-02	-7.525840e+00
1.449000e-05	-4.282160e-02	-7.431977e+00
1.450000e-05	-3.928921e-02	-7.294210e+00
1.451000e-05	-3.358949e-02	-7.187345e+00
1.452000e-05	-3.324450e-02	-7.032000e+00
1.453000e-05	-3.437248e-02	-6.842527e+00
1.454000e-05	-3.125836e-02	-6.745241e+00
1.455000e-05	-2.653107e-02	-6.578871e+00
1.456000e-05	-2.667890e-02	-6.440529e+00
1.457000e-05	-2.638863e-02	-6.316186e+00
1.458000e-05	-2.617144e-02	-6.115685e+00
1.459000e-05	-2.102074e-02	-5.948821e+00
1.460000e-05	-2.138346e-02	-5.831528e+00
1.461000e-05	-2.187343e-02	-5.653078e+00
1.462000e-05	-2.020960e-02	-5.556239e+00
1.463000e-05	-1.609972e-02	-5.294636e+00
1.464000e-05	-1.623711e-02	-5.145715e+00
1.465000e-05	-1.908636e-02	-4.936763e+00
1.466000e-05	-1.969378e-02	-4.736039e+00
1.467000e-05	-1.672563e-02	-4.566896e+00
1.468000e-05	-1.325041e-02	-4.401948e+00
1.469000e-05	-1.514225e-02	-4.283633e+00
1.470000e-05	-1.100099e-02	-4.124241e+00
1.471000e-05	-1.196937e-02	-3.958321e+00
1.472000e-05	-8.744311e-03	-3.805699e+00
1.473000e-05	-1.449638e-02	-3.587821e+00
1.474000e-05	-1.244241e-02	-3.409902e+00
1.475000e-05	-1.280383e-02	-3.232029e+00
1.476000e-05	-8.464579e-03	-3.091405e+00
1.477000e-05	-1.074387e-02	-2.831005e+00
1.478000e-05	-9.115115e-03	-2.692534e+00
1.479000e-05	-8.746678e-03	-2.492583e+00
1.480000e-05	-5.421828e-03	-2.295666e+00
1.481000e-05	-7.535722e-03	-2.116109e+00
1.482000e-05	-8.454478e-03	-1.925116e+00
1.483000e-05	-6.840525e-03	-1.757767e+00
1.484000e-05	-6.320657e-03	-1.577296e+00
1.485000e-05	-6.615453e-03	-1.306040e+00
1.486000e-05	-7.718063e-03	-1.124689e+00
1.487000e-05	-4.214705e-03	-9.651194e-01
1.488000e-05	-4.070298e-03	-7.863162e-01
1.489000e-05	-2.431001e-03	-5.466909e-01
1.490000e-05	-4.775192e-03	-3.667436e-01
1.491000e-05	-3.479490e-03	-1.993214e-01
1.492000e-05	3.017127e-04	-1.939763e-02
1.493000e-05	3.659304e-03	1.911987e-01
1.494000e-05	-2.460267e-03	3.915988e-01
1.495000e-05	1.094037e-03	5.079659e-01
1.496000e-05	1.240803e-03	6.864109e-01
1.497000e-05	2.080769e-03	8.448342e-01
1.498000e-05	1.031669e-03	1.075328e+00
1.499000e-05	2.844113e-03	1.243858e+00
1.500000e-05	1.832185e-02	1.403758e+00
1.501000e-05	6.333928e-02	1.747937e+00
1.502000e-05	1.332421e-02	1.918462e+00
1.503000e-05	-4.948447e-02	2.106963e+00
1.504000e-05	-4.652490e-02	2.266486e+00
1.505000e-05	-4.808584e-02	2.403050e+00
1.506000e-05	-5.525145e-03	2.477587e+00
1.507000e-05	1.208221e-01	2.730096e+00
1.508000e-05	-8.465577e-02	2.908465e+00
1.509000e-05	-7.079309e-03	3.023729e+00
1.510000e-05	1.198531e-01	3.204882e+00
1.511000e-05	-4.041104e-02	3.456834e+00
1.512000e-05	1.233216e-02	3.580100e+00
1.513000e-05	-1.785916e-02	3.770196e+00
1.514000e-05	-6.197719e-02	3.948518e+00
1.515000e-05	9.202682e-02	4.026961e+00
1.516000e-05	2.118232e-02	4.329569e+00
1.517000e-05	-4.048836e-02	4.487512e+00
1.518000e-05	2.593886e-02	4.656463e+00
1.519000e-05	-1.668771e-02	4.836382e+00
1.520000e-05	5.409478e-02	5.005538e+00
1.521000e-05	-2.168105e-02	5.285885e+00
1.522000e-05	-2.135465e-02	5.414309e+00
1.523000e-05	3.950431e-02	5.590176e+00
1.524000e-05	3.646545e-02	5.701617e+00
1.525000e-05	5.178132e-03	5.938619e+00
1.526000e-05	-4.402030e-02	6.065937e+00
1.527000e-05	2.896659e-02	6.203751e+00
1.528000e-05	3.755098e-02	6.349668e+00
1.529000e-05	-4.150506e-03	6.467109e+00
1.530000e-05	9.145829e-03	6.667990e+00
1.531000e-05	4.320121e-03	6.834330e+00
1.532000e-05	3.050488e-02	6.952101e+00
1.533000e-05	1.675952e-02	7.084938e+00
1.534000e-05	-1.678868e-02	7.202274e+00
1.535000e-05	1.389373e-02	7.322169e+00
1.536000e-05	2.071652e-02	7.500069e+00
1.537000e-05	3.159419e-02	7.665906e+00
1.538000e-05	-5.756684e-03	7.754173e+00
1.539000e-05	1.188454e-02	7.928995e+00
1.540000e-05	2.778759e-02	8.107862e+00
1.541000e-05	1.599362e-02	8.182672e+00
1.542000e-05	1.004410e-02	8.288015e+00
1.543000e-05	6.407996e-04	8.401702e+00
1.544000e-05	2.959382e-02	8.467440e+00
1.545000e-05	2.387118e-02	8.580147e+00
1.546000e-05	1.320772e-02	8.717335e+00
1.547000e-05	8.545707e-03	8.730169e+00
1.548000e-05	2.214488e-02	8.814929e+00
1.549000e-05	2.673504e-02	8.940640e+00
1.550000e-05	1.017909e-02	9.045384e+00
1.551000e-05	1.279590e-02	9.149096e+00
1.552000e-05	2.185165e-02	9.242701e+00
1.553000e-05	2.872269e-02	9.277938e+00
1.554000e-05	1.627538e-02	9.361597e+00
1.555000e-05	1.326299e-02	9.444784e+00
1.556000e-05	2.118266e-02	9.487413e+00
1.557000e-05	2.697278e-02	9.579123e+00
1.558000e-05	2.014115e-02	9.593832e+00
1.559000e-05	1.682799e-02	9.678440e+00
1.560000e-05	2.408965e-02	9.742069e+00
1.561000e-05	2.807119e-02	9.773782e+00
1.562000e-05	2.210466e-02	9.917465e+00
1.563000e-05	1.596356e-02	9.939990e+00
1.564000e-05	2.414702e-02	9.960098e+00
1.565000e-05	2.871567e-02	1.001258e+01
1.566000e-05	2.624120e-02	1.006378e+01
1.567000e-05	2.088199e-02	1.005586e+01
1.568000e-05	2.618129e-02	1.007738e+01
1.569000e-05	3.078232e-02	1.011746e+01
1.570000e-05	2.844746e-02	1.007844e+01
1.571000e-05	2.367853e-02	1.011959e+01
1.572000e-05	2.752073e-02	1.009151e+01
1.573000e-05	3.519334e-02	1.015954e+01
1.574000e-05	3.178980e-02	1.013110e+01
1.575000e-05	2.817968e-02	1.017204e+01
1.576000e-05	3.021077e-02	1.015197e+01
1.577000e-05	3.754113e-02	1.015997e+01
1.578000e-05	3.724765e-02	1.015144e+01
1.579000e-05	3.480036e-02	1.015954e+01
1.580000e-05	3.788400e-02	1.008839e+01
1.581000e-05	4.424367e-02	1.009684e+01
1.582000e-05	4.615928e-02	1.008725e+01
1.583000e-05	4.218162e-02	1.004476e+01
1.584000e-05	4.450519e-02	1.002305e+01
1.585000e-05	5.296414e-02	1.000155e+01
1.586000e-05	5.569071e-02	9.940465e+00
1.587000e-05	5.507385e-02	9.896937e+00
1.588000e-05	5.773423e-02	9.828181e+00
1.589000e-05	6.632464e-02	9.760593e+00
1.590000e-05	7.102139e-02	9.697315e+00
1.591000e-05	7.308610e-02	9.634756e+00
1.592000e-05	7.767324e-02	9.622075e+00
1.593000e-05	8.668852e-02	9.518891e+00
1.594000e-05	9.386976e-02	9.506257e+00
1.595000e-05	9.437996e-02	9.411451e+00
1.596000e-05	9.554011e-02	9.379420e+00
1.597000e-05	1.011954e-01	9.275261e+00
1.598000e-05	1.017292e-01	9.231979e+00
1.599000e-05	9.926887e-02	9.138418e+00
1.600000e-05	9.401757e-02	9.033179e+00
1.601000e-05	9.284818e-02	8.896288e+00
1.602000e-05	8.961266e-02	8.792050e+00
1.603000e-05	8.350500e-02	8.738370e+00
1.604000e-05	7.543276e-02	8.633004e+00
1.605000e-05	7.277051e-02	8.537468e+00
1.606000e-05	6.881711e-02	8.432630e+00
1.607000e-05	6.348966e-02	8.358847e+00
1.608000e-05	5.665926e-02	8.235150e+00
1.609000e-05	5.429465e-02	8.137813e+00
1.610000e-05	5.193244e-02	8.013450e+00
1.611000e-05	4.667287e-02	7.854234e+00
1.612000e-05	4.042291e-02	7.748370e+00
1.613000e-05	3.828398e-02	7.663079e+00
1.614000e-05	3.655138e-02	7.565190e+00
1.615000e-05	3.300898e-02	7.326287e+00
1.616000e-05	2.948982e-02	7.199403e+00
1.617000e-05	2.788108e-02	7.083580e+00
1.618000e-05	2.846742e-02	6.924841e+00
1.619000e-05	2.511182e-02	6.821024e+00
1.620000e-05	2.156440e-02	6.653083e+00
1.621000e-05	2.033844e-02	6.484657e+00
1.622000e-05	1.980154e-02	6.347818e+00
1.623000e-05	1.761853e-02	6.199398e+00
1.624000e-05	1.582186e-02	6.072111e+00
1.625000e-05	1.419978e-02	5.947346e+00
1.626000e-05	1.482154e-02	5.738121e+00
1.627000e-05	1.356469e-02	5.598800e+00
1.628000e-05	1.164767e-02	5.411973e+00
1.629000e-05	1.064548e-02	5.272979e+00
1.630000e-05	1.064758e-02	5.083607e+00
1.631000e-05	9.805855e-03	4.842454e+00
1.632000e-05	8.175747e-03	4.703557e+00
1.633000e-05	6.689366e-03	4.526689e+00
1.634000e-05	6.094095e-03	4.409371e+00
1.635000e-05	6.116080e-03	4.237689e+00
1.636000e-05	4.766368e-03	3.968871e+00
1.637000e-05	3.748778e-03	3.821451e+00
1.638000e-05	4.386881e-03	3.661583e+00
1.639000e-05	4.494658e-03	3.505088e+00
1.640000e-05	3.353508e-03	3.271108e+00
1.641000e-05	1.792072e-03	3.125161e+00
1.642000e-05	2.540852e-03	2.955741e+00
1.643000e-05	2.126940e-03	2.769795e+00
1.644000e-05	6.724879e-04	2.595768e+00
1.645000e-05	-3.681633e-04	2.387766e+00
1.646000e-05	2.901846e-04	2.188850e+00
1.647000e-05	-1.207128e-03	2.041476e+00
1.648000e-05	-5.220751e-04	1.901480e+00
1.649000e-05	-1.975985e-03	1.662506e+00
1.650000e-05	2.294547e-04	1.484556e+00
1.651000e-05	-2.342898e-03	1.273013e+00
1.652000e-05	-7.263581e-04	1.101432e+00
1.653000e-05	-4.081363e-03	8.309276e-01
1.654000e-05	-2.565735e-03	6.614787e-01
1.655000e-05	-4.989447e-03	4.625328e-01
1.656000e-05	-3.866698e-03	2.951067e-01
1.657000e-05	-5.131703e-03	3.248265e-02
1.658000e-05	-1.033884e-03	-9.693453e-02
1.659000e-05	3.513823e-03	-2.643381e-01
1.660000e-05	-1.462762e-03	-3.621813e-01
1.661000e-05	-1.315260e-03	-6.232768e-01
1.662000e-05	-6.332536e-03	-7.701027e-01
1.663000e-05	-3.162775e-03	-9.500224e-01
1.664000e-05	-6.816883e-03	-1.109566e+00
1.665000e-05	-6.690554e-04	-1.308567e+00
1.666000e-05	4.020522e-02	-1.537942e+00
1.667000e-05	6.103987e-02	-1.695990e+00
1.668000e-05	-5.935294e-02	-1.930174e+00
1.669000e-05	-4.645014e-02	-2.225883e+00
1.670000e-05	-9.297881e-02	-2.433183e+00
1.671000e-05	-1.236839e-02	-2.566413e+00
1.672000e-05	1.523339e-01	-2.581178e+00
1.673000e-05	-1.288654e-01	-2.772255e+00
1.674000e-05	-1.487254e-02	-3.072708e+00
1.675000e-05	1.400746e-01	-3.130069e+00
1.676000e-05	-9.991789e-02	-3.352245e+00
1.677000e-05	3.695755e-02	-3.529021e+00
1.678000e-05	-3.005795e-02	-3.645966e+00
1.679000e-05	-1.452677e-01	-3.928540e+00
1.680000e-05	1.515747e-01	-4.055807e+00
1.681000e-05	-7.401136e-03	-4.233886e+00
1.682000e-05	-7.089820e-02	-4.411679e+00
1.683000e-05	4.400758e-02	-4.519544e+00
1.684000e-05	-9.247441e-02	-4.752700e+00
1.685000e-05	9.577708e-02	-4.939047e+00
1.686000e-05	-6.160151e-02	-5.056912e+00
1.687000e-05	-9.806310e-02	-5.318965e+00
1.688000e-05	1.125374e-01	-5.456463e+00
1.689000e-05	-4.046730e-02	-5.676937e+00
1.690000e-05	1.173101e-02	-5.823255e+00
1.691000e-05	-8.577208e-02	-5.941221e+00
1.692000e-05	-1.044439e-02	-6.086992e+00
1.693000e-05	7.983512e-02	-6.297408e+00
1.694000e-05	-1.047214e-01	-6.426836e+00
1.695000e-05	2.357931e-02	-6.592676e+00
1.696000e-05	-3.558928e-02	-6.709517e+00
1.697000e-05	1.864251e-02	-6.876881e+00
1.698000e-05	3.679074e-03	-6.964879e+00
1.699000e-05	-1.027278e-01	-7.171728e+00
1.700000e-05	4.246008e-02	-7.297990e+00
1.701000e-05	-3.226377e-02	-7.425858e+00
1.702000e-05	1.452177e-02	-7.560730e+00
1.703000e-05	-5.025187e-02	-7.731217e+00
1.704000e-05	-2.936063e-02	-7.927519e+00
1.705000e-05	2.879692e-02	-8.004255e+00
1.706000e-05	-5.173373e-02	-8.129541e+00
1.707000e-05	-1.171559e-02	-8.263778e+00
1.708000e-05	-5.220643e-02	-8.320573e+00
1.709000e-05	2.019898e-02	-8.423862e+00
1.710000e-05	-1.515325e-02	-8.582121e+00
1.711000e-05	-4.386439e-02	-8.697865e+00
1.712000e-05	-1.870926e-02	-8.761203e+00
1.713000e-05	-1.724729e-02	-8.877491e+00
1.714000e-05	-9.620057e-04	-8.990125e+00
1.715000e-05	-5.362445e-02	-9.034762e+00
1.716000e-05	-2.555766e-02	-9.119545e+00
1.717000e-05	-1.101641e-02	-9.203306e+00
1.718000e-05	-1.192302e-02	-9.317966e+00
1.719000e-05	-3.488075e-02	-9.372619e+00
1.720000e-05	-3.847210e-02	-9.505962e+00
1.721000e-05	-9.790421e-03	-9.549600e+00
1.722000e-05	-1.734035e-02	-9.603756e+00
1.723000e-05	-3.488600e-02	-9.686410e+00
1.724000e-05	-3.958062e-02	-9.728096e+00
1.725000e-05	-1.650810e-02	-9.781674e+00
1.726000e-05	-1.728757e-02	-9.843811e+00
1.727000e-05	-3.430986e-02	-9.908515e+00
1.728000e-05	-4.201207e-02	-9.908466e+00
1.729000e-05	-2.341835e-02	-9.940050e+00
1.730000e-05	-1.803229e-02	-9.991252e+00
1.731000e-05	-3.246929e-02	-1.002333e+01
1.732000e-05	-4.006340e-02	-1.008491e+01
1.733000e-05	-2.905507e-02	-1.008547e+01
1.734000e-05	-2.114255e-02	-1.012109e+01
1.735000e-05	-3.710031e-02	-1.014262e+01
1.736000e-05	-4.306360e-02	-1.019413e+01
1.737000e-05	-3.426626e-02	-1.019270e+01
1.738000e-05	-2.361554e-02	-1.020581e+01
1.739000e-05	-3.472323e-02	-1.024731e+01
1.740000e-05	-4.577224e-02	-1.026536e+01
1.741000e-05	-3.905789e-02	-1.024483e+01
1.742000e-05	-3.084942e-02	-1.027575e+01
1.743000e-05	-3.795095e-02	-1.022473e+01
1.744000e-05	-5.048364e-02	-1.018377e+01
1.745000e-05	-4.566658e-02	-1.017315e+01
1.746000e-05	-3.668390e-02	-1.015064e+01
1.747000e-05	-4.428134e-02	-1.016992e+01
1.748000e-05	-5.681910e-02	-1.011634e+01
1.749000e-05	-5.649395e-02	-1.008736e+01
1.750000e-05	-4.668017e-02	-1.008321e+01
1.751000e-05	-5.069990e-02	-1.001221e+01
1.752000e-05	-6.461938e-02	-9.980028e+00
1.753000e-05	-6.624835e-02	-9.989971e+00
1.754000e-05	-6.204417e-02	-9.927842e+00
1.755000e-05	-6.569440e-02	-9.865209e+00
1.756000e-05	-8.045040e-02	-9.833132e+00
1.757000e-05	-8.508008e-02	-9.790020e+00
1.758000e-05	-8.134431e-02	-9.706940e+00
1.759000e-05	-8.669244e-02	-9.632736e+00
1.760000e-05	-9.862203e-02	-9.610978e+00
1.761000e-05	-1.059744e-01	-9.538421e+00
1.762000e-05	-1.016182e-01	-9.445264e+00
1.763000e-05	-1.018609e-01	-9.331099e+00
1.764000e-05	-1.085978e-01	-9.254210e+00
1.765000e-05	-1.104486e-01	-9.189974e+00
1.766000e-05	-1.022224e-01	-9.116259e+00
1.767000e-05	-9.463278e-02	-9.033600e+00
1.768000e-05	-9.752554e-02	-8.876367e+00
1.769000e-05	-9.561899e-02	-8.842554e+00
1.770000e-05	-8.548511e-02	-8.769898e+00
1.771000e-05	-7.360442e-02	-8.654762e+00
1.772000e-05	-7.484955e-02	-8.527869e+00
1.773000e-05	-7.448686e-02	-8.421502e+00
1.774000e-05	-6.718153e-02	-8.315310e+00
1.775000e-05	-5.735399e-02	-8.221474e+00
1.776000e-05	-5.657321e-02	-8.085712e+00
1.777000e-05	-5.858878e-02	-8.020478e+00
1.778000e-05	-5.023316e-02	-7.872683e+00
1.779000e-05	-4.233022e-02	-7.725134e+00
1.780000e-05	-4.110204e-02	-7.576867e+00
1.781000e-05	-4.373539e-02	-7.391529e+00
1.782000e-05	-4.101064e-02	-7.252658e+00
1.783000e-05	-3.375469e-02	-7.168423e+00
1.784000e-05	-3.302338e-02	-7.030970e+00
1.785000e-05	-3.432000e-02	-6.832079e+00
1.786000e-05	-3.213544e-02	-6.726190e+00
1.787000e-05	-2.635570e-02	-6.577947e+00
1.788000e-05	-2.517471e-02	-6.421579e+00
1.789000e-05	-2.769683e-02	-6.314739e+00
1.790000e-05	-2.583173e-02	-6.097113e+00
1.791000e-05	-2.183565e-02	-5.969346e+00
1.792000e-05	-1.963403e-02	-5.852474e+00
1.793000e-05	-2.264743e-02	-5.704086e+00
1.794000e-05	-2.193644e-02	-5.537614e+00
1.795000e-05	-1.792645e-02	-5.303586e+00
1.796000e-05	-1.511603e-02	-5.124741e+00
1.797000e-05	-1.874194e-02	-4.968797e+00
1.798000e-05	-1.869617e-02	-4.704641e+00
1.799000e-05	-1.574777e-02	-4.579345e+00
1.800000e-05	-1.193337e-02	-4.430431e+00
1.801000e-05	-1.498216e-02	-4.274031e+00
1.802000e-05	-1.387127e-02	-4.123189e+00
1.803000e-05	-1.413903e-02	-3.966821e+00
1.804000e-05	-9.095759e-03	-3.777171e+00
1.805000e-05	-1.217109e-02	-3.597870e+00
1.806000e-05	-1.126034e-02	-3.399374e+00
1.807000e-05	-1.150139e-02	-3.251055e+00
1.808000e-05	-7.805760e-03	-3.081901e+00
1.809000e-05	-9.893394e-03	-2.819956e+00
1.810000e-05	-1.061742e-02	-2.713060e+00
1.811000e-05	-1.157987e-02	-2.493534e+00
1.812000e-05	-7.099846e-03	-2.334665e+00
1.813000e-05	-6.938841e-03	-2.082114e+00
1.814000e-05	-6.573664e-03	-1.956239e+00
1.815000e-05	-7.701918e-03	-1.766267e+00
1.816000e-05	-4.368643e-03	-1.578319e+00
1.817000e-05	-6.542292e-03	-1.334512e+00
1.818000e-05	-8.098732e-03	-1.145666e+00
1.819000e-05	-8.225075e-03	-9.466909e-01
1.820000e-05	-5.644887e-03	-7.987949e-01
1.821000e-05	-2.556553e-03	-5.851659e-01
1.822000e-05	-4.406236e-03	-3.988236e-01
1.823000e-05	-3.537159e-03	-2.382725e-01
1.824000e-05	1.725603e-03	-2.092745e-02
1.825000e-05	5.886806e-03	1.301152e-01
1.826000e-05	-1.954973e-03	3.801487e-01
1.827000e-05	-1.840088e-03	4.970147e-01
1.828000e-05	-1.973295e-03	6.558621e-01
1.829000e-05	2.091589e-03	8.113328e-01
1.830000e-05	4.473465e-04	1.085436e+00
1.831000e-05	3.645334e-03	1.263232e+00
1.832000e-05	1.796104e-02	1.425233e+00
1.833000e-05	6.519341e-02	1.696436e+00
1.834000e-05	1.444225e-02	1.897486e+00
1.835000e-05	-4.997685e-02	2.085965e+00
1.836000e-05	-4.690798e-02	2.265883e+00
1.837000e-05	-4.852700e-02	2.382754e+00
1.838000e-05	-6.782034e-03	2.478594e+00
1.839000e-05	1.212563e-01	2.729146e+00
1.840000e-05	-8.323147e-02	2.916511e+00
1.841000e-05	-9.897013e-03	3.012754e+00
1.842000e-05	1.215554e-01	3.203381e+00
1.843000e-05	-3.895102e-02	3.484312e+00
1.844000e-05	1.155818e-02	3.571173e+00
1.845000e-05	-1.586591e-02	3.751195e+00
1.846000e-05	-6.320903e-02	3.959520e+00
1.847000e-05	9.130851e-02	4.087535e+00
1.848000e-05	2.234118e-02	4.289491e+00
1.849000e-05	-4.172174e-02	4.486040e+00
1.850000e-05	2.576823e-02	4.646857e+00
1.851000e-05	-1.569132e-02	4.854332e+00
1.852000e-05	5.387215e-02	4.984932e+00
1.853000e-05	-2.044198e-02	5.265912e+00
1.854000e-05	-2.166700e-02	5.454808e+00
1.855000e-05	3.967314e-02	5.570176e+00
1.856000e-05	3.677357e-02	5.698591e+00
1.857000e-05	5.033198e-03	5.888515e+00
1.858000e-05	-4.379935e-02	6.056410e+00
1.859000e-05	2.875869e-02	6.212201e+00
1.860000e-05	3.929778e-02	6.300616e+00
1.861000e-05	-4.359324e-03	6.484934e+00
1.862000e-05	9.022313e-03	6.637465e+00
1.863000e-05	5.282235e-03	6.813311e+00
1.864000e-05	3.035886e-02	6.971073e+00
1.865000e-05	1.771792e-02	7.046411e+00
1.866000e-05	-1.917169e-02	7.181326e+00
1.867000e-05	1.424445e-02	7.272091e+00
1.868000e-05	2.186419e-02	7.509542e+00
1.869000e-05	3.257064e-02	7.626959e+00
1.870000e-05	-5.289963e-03	7.753729e+00
1.871000e-05	1.207718e-02	7.909516e+00
1.872000e-05	2.691194e-02	8.065984e+00
1.873000e-05	1.489622e-02	8.171679e+00
1.874000e-05	8.507098e-03	8.276990e+00
1.875000e-05	-1.640850e-03	8.382202e+00
1.876000e-05	3.136700e-02	8.447309e+00
1.877000e-05	2.381598e-02	8.540671e+00
1.878000e-05	1.472343e-02	8.695361e+00
1.879000e-05	8.315417e-03	8.749593e+00
1.880000e-05	2.408490e-02	8.815360e+00
1.881000e-05	2.392048e-02	8.949591e+00
1.882000e-05	8.667008e-03	9.027358e+00
1.883000e-05	1.028453e-02	9.140070e+00
1.884000e-05	2.255099e-02	9.213174e+00
1.885000e-05	2.918444e-02	9.278461e+00
1.886000e-05	1.690637e-02	9.370642e+00
1.887000e-05	1.372949e-02	9.394209e+00
1.888000e-05	2.227958e-02	9.496885e+00
1.889000e-05	2.742202e-02	9.559548e+00
1.890000e-05	1.791075e-02	9.614231e+00
1.891000e-05	1.582527e-02	9.687435e+00
1.892000e-05	2.352668e-02	9.759215e+00
1.893000e-05	2.813886e-02	9.813225e+00
1.894000e-05	2.195137e-02	9.866912e+00
1.895000e-05	1.669928e-02	9.928541e+00
1.896000e-05	2.383946e-02	9.960521e+00
1.897000e-05	3.021147e-02	1.000068e+01
1.898000e-05	2.566397e-02	1.002325e+01
1.899000e-05	2.054318e-02	1.007423e+01
1.900000e-05	2.589811e-02	1.007636e+01
1.901000e-05	2.994762e-02	1.010883e+01
1.902000e-05	2.817003e-02	1.008946e+01
1.903000e-05	2.370695e-02	1.015047e+01
1.904000e-05	2.736096e-02	1.010899e+01
1.905000e-05	3.563689e-02	1.015849e+01
1.906000e-05	3.263653e-02	1.020010e+01
1.907000e-05	2.699391e-02	1.013999e+01
1.908000e-05	2.894675e-02	1.013162e+01
1.909000e-05	3.740090e-02	1.013002e+01
1.910000e-05	3.849946e-02	1.012002e+01
1.911000e-05	3.422687e-02	1.011837e+01
1.912000e-05	3.743909e-02	1.009891e+01
1.913000e-05	4.435215e-02	1.009541e+01
1.914000e-05	4.691525e-02	1.004736e+01
1.915000e-05	4.243340e-02	1.002373e+01
1.916000e-05	4.345549e-02	1.004265e+01
1.917000e-05	5.089547e-02	9.970553e+00
1.918000e-05	5.602408e-02	9.957971e+00
1.919000e-05	5.470144e-02	9.926890e+00
1.920000e-05	5.641806e-02	9.814727e+00
1.921000e-05	6.582007e-02	9.773042e+00
1.922000e-05	7.269651e-02	9.707390e+00
1.923000e-05	7.404393e-02	9.633680e+00
1.924000e-05	7.705901e-02	9.601078e+00
1.925000e-05	8.638518e-02	9.548944e+00
1.926000e-05	9.334880e-02	9.486811e+00
1.927000e-05	9.505128e-02	9.401528e+00
1.928000e-05	9.426632e-02	9.358395e+00
1.929000e-05	1.006901e-01	9.264684e+00
1.930000e-05	1.015152e-01	9.211555e+00
1.931000e-05	1.003489e-01	9.159470e+00
1.932000e-05	9.213000e-02	9.063132e+00
1.933000e-05	9.261490e-02	8.917310e+00
1.934000e-05	9.038503e-02	8.852079e+00
1.935000e-05	8.664853e-02	8.736822e+00
1.936000e-05	7.506008e-02	8.633156e+00
1.937000e-05	7.113570e-02	8.567769e+00
1.938000e-05	6.781891e-02	8.424128e+00
1.939000e-05	6.329406e-02	8.359874e+00
1.940000e-05	5.503764e-02	8.246054e+00
1.941000e-05	5.331745e-02	8.157241e+00
1.942000e-05	5.272893e-02	7.990027e+00
1.943000e-05	5.012196e-02	7.914734e+00
1.944000e-05	4.153952e-02	7.727844e+00
1.945000e-05	3.548859e-02	7.641535e+00
1.946000e-05	3.615723e-02	7.534789e+00
1.947000e-05	3.310288e-02	7.316715e+00
1.948000e-05	2.967757e-02	7.199024e+00
1.949000e-05	2.612199e-02	7.064082e+00
1.950000e-05	2.932985e-02	6.936789e+00
1.951000e-05	2.625035e-02	6.809476e+00
1.952000e-05	2.260812e-02	6.694056e+00
1.953000e-05	1.907298e-02	6.505637e+00
1.954000e-05	1.929560e-02	6.326262e+00
1.955000e-05	1.889903e-02	6.198397e+00
1.956000e-05	1.564035e-02	6.073608e+00
1.957000e-05	1.411148e-02	5.947320e+00
1.958000e-05	1.376218e-02	5.756863e+00
1.959000e-05	1.462403e-02	5.557422e+00
1.960000e-05	1.150506e-02	5.412950e+00
1.961000e-05	1.057402e-02	5.262534e+00
1.962000e-05	9.537203e-03	5.062529e+00
1.963000e-05	9.810834e-03	4.843478e+00
1.964000e-05	8.257382e-03	4.684610e+00
1.965000e-05	5.635518e-03	4.545691e+00
1.966000e-05	6.092967e-03	4.388402e+00
1.967000e-05	6.226100e-03	4.196795e+00
1.968000e-05	6.039990e-03	3.957851e+00
1.969000e-05	4.168041e-03	3.841999e+00
1.970000e-05	4.386125e-03	3.662483e+00
1.971000e-05	3.571139e-03	3.525711e+00
1.972000e-05	3.285191e-03	3.284060e+00
1.973000e-05	1.317615e-03	3.164661e+00
1.974000e-05	1.889850e-03	2.966166e+00
1.975000e-05	2.190264e-03	2.778849e+00
1.976000e-05	1.755502e-03	2.636818e+00
1.977000e-05	-2.773392e-04	2.377274e+00
1.978000e-05	-1.166506e-03	2.239799e+00
1.979000e-05	1.203021e-04	2.031951e+00
1.980000e-05	-1.904869e-04	1.841007e+00
1.981000e-05	-1.984626e-03	1.712429e+00
1.982000e-05	-1.323861e-03	1.491030e+00
1.983000e-05	-1.748620e-03	1.302008e+00
1.984000e-05	-1.981097e-03	1.099302e+00
1.985000e-05	-2.765337e-03	8.203502e-01
1.986000e-05	-3.615799e-03	6.904550e-01
1.987000e-05	-3.187597e-03	5.125079e-01
1.988000e-05	-2.875084e-03	3.350131e-01
1.989000e-05	-3.851126e-03	1.009789e-01
1.990000e-05	-2.510157e-03	-6.646235e-02
1.991000e-05	2.545910e-03	-2.648607e-01
1.992000e-05	-2.112708e-03	-3.916278e-01
1.993000e-05	-1.467249e-03	-5.837217e-01
1.994000e-05	-6.739862e-03	-7.811815e-01
1.995000e-05	-3.148879e-03	-9.695475e-01
1.996000e-05	-4.626303e-03	-1.108040e+00
1.997000e-05	-6.796766e-04	-1.275068e+00
1.998000e-05	3.999665e-02	-1.508040e+00
1.999000e-05	6.037719e-02	-1.676565e+00
2.000000e-05	-5.882045e-02	-1.920250e+00
2.001000e-05	-4.697860e-02	-2.205833e+00
2.002000e-05	-9.147493e-02	-2.432783e+00
2.003000e-05	-1.612831e-02	-2.537372e+00
2.004000e-05	1.536526e-01	-2.580077e+00
2.005000e-05	-1.252988e-01	-2.782954e+00
2.006000e-05	-1.978112e-02	-3.023358e+00
2.007000e-05	1.409093e-01	-3.139099e+00
2.008000e-05	-9.936722e-02	-3.320627e+00
2.009000e-05	3.510880e-02	-3.559497e+00
2.010000e-05	-2.742027e-02	-3.635511e+00
2.011000e-05	-1.470906e-01	-3.931045e+00
2.012000e-05	1.496102e-01	-4.054884e+00
2.013000e-05	-3.954492e-03	-4.254282e+00
2.014000e-05	-7.221459e-02	-4.402753e+00
2.015000e-05	4.382216e-02	-4.509091e+00
2.016000e-05	-9.286242e-02	-4.742774e+00
2.017000e-05	9.347186e-02	-4.950076e+00
2.018000e-05	-5.653093e-02	-5.056910e+00
2.019000e-05	-1.003966e-01	-5.247040e+00
2.020000e-05	1.110756e-01	-5.386911e+00
2.021000e-05	-3.953544e-02	-5.676888e+00
2.022000e-05	1.190631e-02	-5.792227e+00
2.023000e-05	-8.531881e-02	-5.929619e+00
2.024000e-05	-1.358624e-02	-6.118038e+00
2.025000e-05	8.099110e-02	-6.205986e+00
2.026000e-05	-1.022757e-01	-6.415811e+00
2.027000e-05	2.195251e-02	-6.581200e+00
2.028000e-05	-3.528265e-02	-6.707590e+00
2.029000e-05	1.715702e-02	-6.877433e+00
2.030000e-05	6.965528e-03	-6.984304e+00
2.031000e-05	-1.046988e-01	-7.173154e+00
2.032000e-05	4.093010e-02	-7.298412e+00
2.033000e-05	-3.254169e-02	-7.433928e+00
2.034000e-05	1.623601e-02	-7.582305e+00
2.035000e-05	-4.876414e-02	-7.701644e+00
2.036000e-05	-3.153591e-02	-7.888365e+00
2.037000e-05	2.963428e-02	-8.013257e+00
2.038000e-05	-4.967568e-02	-8.120071e+00
2.039000e-05	-1.096709e-02	-8.233805e+00
2.040000e-05	-5.356766e-02	-8.328494e+00
2.041000e-05	1.755661e-02	-8.433907e+00
2.042000e-05	-1.359418e-02	-8.562170e+00
2.043000e-05	-4.390531e-02	-8.668490e+00
2.044000e-05	-2.050075e-02	-8.761723e+00
2.045000e-05	-1.854833e-02	-8.887939e+00
2.046000e-05	1.087670e-03	-8.988648e+00
2.047000e-05	-5.140934e-02	-9.065333e+00
2.048000e-05	-2.688879e-02	-9.099496e+00
2.049000e-05	-1.321811e-02	-9.205309e+00
2.050000e-05	-1.103852e-02	-9.286963e+00
2.051000e-05	-3.350745e-02	-9.341621e+00
2.052000e-05	-4.076410e-02	-9.486856e+00
2.053000e-05	-1.251210e-02	-9.551071e+00
2.054000e-05	-1.634469e-02	-9.634204e+00
2.055000e-05	-3.216903e-02	-9.677861e+00
2.056000e-05	-3.917944e-02	-9.740073e+00
2.057000e-05	-1.769686e-02	-9.791202e+00
2.058000e-05	-1.709054e-02	-9.874284e+00
2.059000e-05	-3.375782e-02	-9.886964e+00
2.060000e-05	-4.170610e-02	-9.927565e+00
2.061000e-05	-2.527581e-02	-9.949200e+00
2.062000e-05	-1.832688e-02	-9.991778e+00
2.063000e-05	-3.247055e-02	-9.994807e+00
2.064000e-05	-3.946384e-02	-1.007678e+01
2.065000e-05	-2.986082e-02	-1.010796e+01
2.066000e-05	-2.151364e-02	-1.012804e+01
2.067000e-05	-3.540488e-02	-1.018270e+01
2.068000e-05	-4.256901e-02	-1.018170e+01
2.069000e-05	-3.483449e-02	-1.017375e+01
2.070000e-05	-2.399129e-02	-1.021461e+01
2.071000e-05	-3.469094e-02	-1.024525e+01
2.072000e-05	-4.553973e-02	-1.024738e+01
2.073000e-05	-3.975311e-02	-1.024725e+01
2.074000e-05	-3.206162e-02	-1.027476e+01
2.075000e-05	-3.647378e-02	-1.020628e+01
2.076000e-05	-4.928496e-02	-1.019223e+01
2.077000e-05	-4.556288e-02	-1.022375e+01
2.078000e-05	-3.865627e-02	-1.016265e+01
2.079000e-05	-4.378535e-02	-1.014807e+01
2.080000e-05	-5.586124e-02	-1.009902e+01
2.081000e-05	-5.652040e-02	-1.008694e+01
2.082000e-05	-4.812900e-02	-1.005421e+01
2.083000e-05	-5.109787e-02	-1.000220e+01
2.084000e-05	-6.350562e-02	-9.990596e+00
2.085000e-05	-6.567183e-02	-9.958519e+00
2.086000e-05	-6.270277e-02	-9.878318e+00
2.087000e-05	-6.647084e-02	-9.864257e+00
2.088000e-05	-7.879417e-02	-9.823228e+00
2.089000e-05	-8.515103e-02	-9.730474e+00
2.090000e-05	-8.248558e-02	-9.707340e+00
2.091000e-05	-8.722610e-02	-9.663734e+00
2.092000e-05	-9.787345e-02	-9.611573e+00
2.093000e-05	-1.054539e-01	-9.518423e+00
2.094000e-05	-1.020354e-01	-9.455230e+00
2.095000e-05	-1.027719e-01	-9.370569e+00
2.096000e-05	-1.072182e-01	-9.283712e+00
2.097000e-05	-1.088481e-01	-9.190529e+00
2.098000e-05	-1.025337e-01	-9.095811e+00
2.099000e-05	-9.560285e-02	-9.022175e+00
2.100000e-05	-9.618778e-02	-8.897365e+00
2.101000e-05	-9.378397e-02	-8.853104e+00
2.102000e-05	-8.554669e-02	-8.769473e+00
2.103000e-05	-7.655872e-02	-8.653654e+00
2.104000e-05	-7.446553e-02	-8.506391e+00
2.105000e-05	-7.280036e-02	-8.421502e+00
2.106000e-05	-6.594480e-02	-8.297337e+00
2.107000e-05	-5.943180e-02	-8.212025e+00
2.108000e-05	-5.643207e-02	-8.093807e+00
2.109000e-05	-5.702603e-02	-7.989927e+00
2.110000e-05	-5.091719e-02	-7.835107e+00
2.111000e-05	-4.451196e-02	-7.685111e+00
2.112000e-05	-4.204587e-02	-7.557391e+00
2.113000e-05	-4.259999e-02	-7.410476e+00
2.114000e-05	-3.933308e-02	-7.284138e+00
2.115000e-05	-3.473749e-02	-7.189422e+00
2.116000e-05	-3.250834e-02	-7.041950e+00
2.117000e-05	-3.402145e-02	-6.851577e+00
2.118000e-05	-3.109301e-02	-6.704816e+00
2.119000e-05	-2.751515e-02	-6.577444e+00
2.120000e-05	-2.485443e-02	-6.451480e+00
2.121000e-05	-2.683095e-02	-6.307239e+00
2.122000e-05	-2.587500e-02	-6.126215e+00
2.123000e-05	-2.233461e-02	-5.927839e+00
2.124000e-05	-2.008103e-02	-5.841053e+00
2.125000e-05	-2.255326e-02	-5.694159e+00
2.126000e-05	-2.087864e-02	-5.554187e+00
2.127000e-05	-1.871757e-02	-5.306136e+00
2.128000e-05	-1.607374e-02	-5.145140e+00
2.129000e-05	-1.902955e-02	-4.916743e+00
2.130000e-05	-1.772707e-02	-4.711166e+00
2.131000e-05	-1.541170e-02	-4.548821e+00
2.132000e-05	-1.283108e-02	-4.451455e+00
2.133000e-05	-1.527816e-02	-4.262558e+00
2.134000e-05	-1.268256e-02	-4.143643e+00
2.135000e-05	-1.311253e-02	-3.976892e+00
2.136000e-05	-1.035024e-02	-3.778296e+00
2.137000e-05	-1.350248e-02	-3.576824e+00
2.138000e-05	-1.082891e-02	-3.419924e+00
2.139000e-05	-1.064167e-02	-3.250479e+00
2.140000e-05	-8.979046e-03	-3.061509e+00
2.141000e-05	-1.112449e-02	-2.810979e+00
2.142000e-05	-1.099507e-02	-2.692584e+00
2.143000e-05	-9.644108e-03	-2.482561e+00
2.144000e-05	-6.987866e-03	-2.347641e+00
2.145000e-05	-7.751906e-03	-2.134137e+00
2.146000e-05	-6.253147e-03	-1.944662e+00
2.147000e-05	-5.927145e-03	-1.755766e+00
2.148000e-05	-6.686523e-03	-1.558321e+00
2.149000e-05	-7.644307e-03	-1.335063e+00
2.150000e-05	-8.054392e-03	-1.166141e+00
2.151000e-05	-5.652583e-03	-9.867671e-01
2.152000e-05	-5.988164e-03	-7.997997e-01
2.153000e-05	-3.951883e-03	-5.852173e-01
2.154000e-05	-4.208737e-03	-3.967723e-01
2.155000e-05	-2.253411e-03	-2.283488e-01
2.156000e-05	2.403722e-05	-2.995126e-02
2.157000e-05	3.959298e-03	1.915724e-01
2.158000e-05	-2.668226e-03	3.390237e-01
2.159000e-05	6.760001e-04	5.069634e-01
2.160000e-05	-1.203381e-03	7.074195e-01
2.161000e-05	5.200153e-04	8.057856e-01
2.162000e-05	2.722778e-04	1.025858e+00
2.163000e-05	4.009579e-03	1.244334e+00
2.164000e-05	1.736188e-02	1.413858e+00
2.165000e-05	6.308975e-02	1.717936e+00
2.166000e-05	1.580083e-02	1.898543e+00
2.167000e-05	-4.939049e-02	2.064438e+00
2.168000e-05	-4.588818e-02	2.234912e+00
2.169000e-05	-4.926890e-02	2.400525e+00
2.170000e-05	-8.834364e-03	2.459063e+00
2.171000e-05	1.218928e-01	2.728992e+00
2.172000e-05	-7.985589e-02	2.917887e+00
2.173000e-05	-1.247761e-02	3.023300e+00
2.174000e-05	1.220449e-01	3.204879e+00
2.175000e-05	-3.897483e-02	3.435334e+00
2.176000e-05	9.981517e-03	3.570651e+00
2.177000e-05	-1.431689e-02	3.771196e+00
2.178000e-05	-6.425463e-02	3.950144e+00
2.179000e-05	9.142760e-02	4.064462e+00
2.180000e-05	2.432229e-02	4.340020e+00
2.181000e-05	-4.237308e-02	4.486010e+00
2.182000e-05	2.534122e-02	4.636937e+00
2.183000e-05	-1.684230e-02	4.796278e+00
2.184000e-05	5.234726e-02	5.046883e+00
2.185000e-05	-1.951684e-02	5.276833e+00
2.186000e-05	-2.210945e-02	5.443205e+00
2.187000e-05	4.009534e-02	5.588647e+00
2.188000e-05	3.676678e-02	5.700565e+00
2.189000e-05	4.988743e-03	5.888615e+00
2.190000e-05	-4.487603e-02	6.052912e+00
2.191000e-05	2.781784e-02	6.213775e+00
2.192000e-05	3.959245e-02	6.359071e+00
2.193000e-05	-4.725704e-03	6.437511e+00
2.194000e-05	9.430098e-03	6.696382e+00
2.195000e-05	5.239621e-03	6.813281e+00
2.196000e-05	3.032476e-02	6.909073e+00
2.197000e-05	1.703969e-02	7.055911e+00
2.198000e-05	-1.753116e-02	7.202278e+00
2.199000e-05	1.397510e-02	7.280590e+00
2.200000e-05	2.202801e-02	7.480539e+00
2.201000e-05	3.175221e-02	7.635859e+00
2.202000e-05	-5.065041e-03	7.785798e+00
2.203000e-05	1.163357e-02	7.879070e+00
2.204000e-05	2.650799e-02	8.047961e+00
2.205000e-05	1.513462e-02	8.213650e+00
2.206000e-05	9.380856e-03	8.267437e+00
2.207000e-05	1.331328e-03	8.391703e+00
2.208000e-05	2.984130e-02	8.465810e+00
2.209000e-05	2.339979e-02	8.539172e+00
2.210000e-05	1.335345e-02	8.666835e+00
2.211000e-05	7.374288e-03	8.730969e+00
2.212000e-05	2.188536e-02	8.864782e+00
2.213000e-05	2.555675e-02	8.912543e+00
2.214000e-05	9.440449e-03	9.075883e+00
2.215000e-05	1.334527e-02	9.159546e+00
2.216000e-05	2.230775e-02	9.223678e+00
2.217000e-05	2.896880e-02	9.285862e+00
2.218000e-05	1.536555e-02	9.361599e+00
2.219000e-05	1.268328e-02	9.444307e+00
2.220000e-05	2.145363e-02	9.487889e+00
2.221000e-05	2.718647e-02	9.580097e+00
2.222000e-05	1.936651e-02	9.613753e+00
2.223000e-05	1.574870e-02	9.649436e+00
2.224000e-05	2.410983e-02	9.771568e+00
2.225000e-05	2.800044e-02	9.823354e+00
2.226000e-05	2.275691e-02	9.826912e+00
2.227000e-05	1.619938e-02	9.928546e+00
2.228000e-05	2.408421e-02	1.000109e+01
2.229000e-05	2.898141e-02	9.981602e+00
2.230000e-05	2.628884e-02	1.003273e+01
2.231000e-05	2.006054e-02	1.003428e+01
2.232000e-05	2.630437e-02	1.007631e+01
2.233000e-05	2.939954e-02	1.011581e+01
2.234000e-05	2.772762e-02	1.010894e+01
2.235000e-05	2.380359e-02	1.013944e+01
2.236000e-05	2.820549e-02	1.013952e+01
2.237000e-05	3.499310e-02	1.014055e+01
2.238000e-05	3.163165e-02	1.014307e+01
2.239000e-05	2.736889e-02	1.014005e+01
2.240000e-05	3.001941e-02	1.013005e+01
2.241000e-05	3.707170e-02	1.015994e+01
2.242000e-05	3.673327e-02	1.014902e+01
2.243000e-05	3.482456e-02	1.014851e+01
2.244000e-05	3.821109e-02	1.009646e+01
2.245000e-05	4.391685e-02	1.011631e+01
2.246000e-05	4.575834e-02	1.005629e+01
2.247000e-05	4.210058e-02	1.005373e+01
2.248000e-05	4.552682e-02	1.002215e+01
2.249000e-05	5.211816e-02	1.001007e+01
2.250000e-05	5.621937e-02	9.968994e+00
2.251000e-05	5.496602e-02	9.918965e+00
2.252000e-05	5.802571e-02	9.876728e+00
2.253000e-05	6.479131e-02	9.762577e+00
2.254000e-05	7.070390e-02	9.739866e+00
2.255000e-05	7.398297e-02	9.655708e+00
2.256000e-05	7.840315e-02	9.632052e+00
2.257000e-05	8.643399e-02	9.557448e+00
2.258000e-05	9.302519e-02	9.454257e+00
2.259000e-05	9.476984e-02	9.421004e+00
2.260000e-05	9.579075e-02	9.339914e+00
2.261000e-05	1.010442e-01	9.275209e+00
2.262000e-05	1.016660e-01	9.221628e+00
2.263000e-05	9.846268e-02	9.168393e+00
2.264000e-05	9.406505e-02	9.034657e+00
2.265000e-05	9.290237e-02	8.908765e+00
2.266000e-05	8.943867e-02	8.811525e+00
2.267000e-05	8.403213e-02	8.726842e+00
2.268000e-05	7.632178e-02	8.653556e+00
2.269000e-05	7.333671e-02	8.516915e+00
2.270000e-05	6.868657e-02	8.443157e+00
2.271000e-05	6.257574e-02	8.358922e+00
2.272000e-05	5.579521e-02	8.304675e+00
2.273000e-05	5.344047e-02	8.095888e+00
2.274000e-05	5.104316e-02	8.070971e+00
2.275000e-05	4.584295e-02	7.884787e+00
2.276000e-05	4.139406e-02	7.759469e+00
2.277000e-05	3.841203e-02	7.642525e+00
2.278000e-05	3.726380e-02	7.527312e+00
2.279000e-05	3.321427e-02	7.337315e+00
2.280000e-05	2.994134e-02	7.200473e+00
2.281000e-05	2.722079e-02	7.083583e+00
2.282000e-05	2.641673e-02	6.937238e+00
2.283000e-05	2.455462e-02	6.829999e+00
2.284000e-05	2.264064e-02	6.684580e+00
2.285000e-05	2.041545e-02	6.465109e+00
2.286000e-05	2.001937e-02	6.347268e+00
2.287000e-05	1.737223e-02	6.199471e+00
2.288000e-05	1.617792e-02	6.052580e+00
2.289000e-05	1.406424e-02	5.966746e+00
2.290000e-05	1.381021e-02	5.767271e+00
2.291000e-05	1.322982e-02	5.568868e+00
2.292000e-05	1.206511e-02	5.421999e+00
2.293000e-05	1.110317e-02	5.302978e+00
2.294000e-05	9.919088e-03	5.093030e+00
2.295000e-05	9.249842e-03	4.841477e+00
2.296000e-05	7.730519e-03	4.704083e+00
2.297000e-05	7.206522e-03	4.556188e+00
2.298000e-05	6.919898e-03	4.408346e+00
2.299000e-05	5.719936e-03	4.208321e+00
2.300000e-05	5.250662e-03	3.979445e+00
2.301000e-05	3.936839e-03	3.852052e+00
2.302000e-05	4.430483e-03	3.701582e+00
2.303000e-05	3.905005e-03	3.575662e+00
2.304000e-05	2.808886e-03	3.283059e+00
2.305000e-05	2.559167e-03	3.174661e+00
2.306000e-05	2.919724e-03	2.955768e+00
2.307000e-05	1.694285e-03	2.839345e+00
2.308000e-05	1.169214e-03	2.618239e+00
2.309000e-05	5.857706e-06	2.398295e+00
2.310000e-05	4.469595e-05	2.229449e+00
2.311000e-05	4.324754e-04	2.000925e+00
2.312000e-05	-1.538199e-03	1.902528e+00
2.313000e-05	-1.100245e-03	1.643428e+00
2.314000e-05	-1.171103e-03	1.482556e+00
2.315000e-05	-9.855691e-04	1.302583e+00
2.316000e-05	-2.265335e-03	1.111903e+00
2.317000e-05	-3.561757e-03	8.609001e-01
2.318000e-05	-2.914866e-03	6.200075e-01
2.319000e-05	-2.512855e-03	4.815304e-01
2.320000e-05	-3.943584e-03	3.466594e-01
2.321000e-05	-4.775107e-03	7.240784e-02
2.322000e-05	-2.113204e-03	-1.078871e-01
2.323000e-05	2.546796e-03	-2.338883e-01
2.324000e-05	-2.895351e-03	-3.916790e-01
2.325000e-05	-3.002517e-03	-5.938289e-01
2.326000e-05	-5.308837e-03	-8.216313e-01
2.327000e-05	-1.300536e-03	-9.775461e-01
2.328000e-05	-4.318762e-03	-1.087439e+00
2.329000e-05	-8.407123e-04	-1.277020e+00
2.330000e-05	3.923148e-02	-1.488539e+00
2.331000e-05	6.244263e-02	-1.685486e+00
2.332000e-05	-5.979695e-02	-1.911095e+00
2.333000e-05	-4.867610e-02	-2.204424e+00
2.334000e-05	-9.210455e-02	-2.443734e+00
2.335000e-05	-1.654694e-02	-2.497943e+00
2.336000e-05	1.563198e-01	-2.560651e+00
2.337000e-05	-1.235241e-01	-2.771904e+00
2.338000e-05	-2.391143e-02	-3.036657e+00
2.339000e-05	1.449194e-01	-3.149566e+00
2.340000e-05	-9.824053e-02	-3.360669e+00
2.341000e-05	3.159966e-02	-3.529023e+00
2.342000e-05	-2.623552e-02	-3.665363e+00
2.343000e-05	-1.478485e-01	-3.896571e+00
2.344000e-05	1.482603e-01	-4.033832e+00
2.345000e-05	-9.929639e-04	-4.224831e+00
2.346000e-05	-7.459878e-02	-4.381704e+00
2.347000e-05	4.583212e-02	-4.488116e+00
2.348000e-05	-9.107153e-02	-4.751275e+00
2.349000e-05	9.130239e-02	-4.920624e+00
2.350000e-05	-5.578914e-02	-5.055460e+00
2.351000e-05	-1.037182e-01	-5.267965e+00
2.352000e-05	1.130172e-01	-5.445411e+00
2.353000e-05	-3.949040e-02	-5.646411e+00
2.354000e-05	1.072166e-02	-5.813253e+00
2.355000e-05	-8.336913e-02	-5.898691e+00
2.356000e-05	-1.488106e-02	-6.098491e+00
2.357000e-05	8.276391e-02	-6.297437e+00
2.358000e-05	-1.039443e-01	-6.415356e+00
2.359000e-05	2.098843e-02	-6.551153e+00
2.360000e-05	-3.268075e-02	-6.697566e+00
2.361000e-05	1.589346e-02	-6.834461e+00
2.362000e-05	6.508916e-03	-7.004279e+00
2.363000e-05	-1.051999e-01	-7.163182e+00
2.364000e-05	4.133861e-02	-7.307514e+00
2.365000e-05	-3.118482e-02	-7.445355e+00
2.366000e-05	1.279728e-02	-7.562702e+00
2.367000e-05	-4.758253e-02	-7.728718e+00
2.368000e-05	-3.115170e-02	-7.917517e+00
2.369000e-05	3.234150e-02	-8.003728e+00
2.370000e-05	-5.115550e-02	-8.129594e+00
2.371000e-05	-1.096440e-02	-8.204258e+00
2.372000e-05	-5.204731e-02	-8.318071e+00
2.373000e-05	1.923002e-02	-8.431881e+00
2.374000e-05	-1.421113e-02	-8.521125e+00
2.375000e-05	-4.549498e-02	-8.659011e+00
2.376000e-05	-2.010103e-02	-8.781174e+00
2.377000e-05	-1.668471e-02	-8.888462e+00
2.378000e-05	1.771769e-03	-8.971679e+00
2.379000e-05	-5.153586e-02	-9.044780e+00
2.380000e-05	-2.712246e-02	-9.129518e+00
2.381000e-05	-1.030431e-02	-9.204757e+00
2.382000e-05	-1.196733e-02	-9.277011e+00
2.383000e-05	-3.482434e-02	-9.352146e+00
2.384000e-05	-4.103560e-02	-9.445836e+00
2.385000e-05	-1.090909e-02	-9.541595e+00
2.386000e-05	-1.597920e-02	-9.622702e+00
2.387000e-05	-3.408050e-02	-9.685939e+00
2.388000e-05	-3.968462e-02	-9.739020e+00
2.389000e-05	-1.674208e-02	-9.761725e+00
2.390000e-05	-1.611142e-02	-9.845859e+00
2.391000e-05	-3.460820e-02	-9.898414e+00
2.392000e-05	-4.225669e-02	-9.928975e+00
2.393000e-05	-2.415253e-02	-9.939626e+00
2.394000e-05	-1.759670e-02	-9.971152e+00
2.395000e-05	-3.296294e-02	-1.001523e+01
2.396000e-05	-4.100003e-02	-1.006436e+01
2.397000e-05	-2.890550e-02	-1.010007e+01
2.398000e-05	-2.018658e-02	-1.015154e+01
2.399000e-05	-3.597035e-02	-1.016957e+01
2.400000e-05	-4.365754e-02	-1.015068e+01
2.401000e-05	-3.419888e-02	-1.016375e+01
2.402000e-05	-2.301151e-02	-1.022423e+01
2.403000e-05	-3.568713e-02	-1.024588e+01
2.404000e-05	-4.710026e-02	-1.019423e+01
2.405000e-05	-3.916935e-02	-1.021634e+01
2.406000e-05	-3.080387e-02	-1.023626e+01
2.407000e-05	-3.634265e-02	-1.023423e+01
2.408000e-05	-5.103622e-02	-1.018515e+01
2.409000e-05	-4.511797e-02	-1.019422e+01
2.410000e-05	-3.711065e-02	-1.017165e+01
2.411000e-05	-4.444917e-02	-1.015049e+01
2.412000e-05	-5.710215e-02	-1.010047e+01
2.413000e-05	-5.701581e-02	-1.006646e+01
2.414000e-05	-4.677420e-02	-1.004628e+01
2.415000e-05	-5.085282e-02	-1.001273e+01
2.416000e-05	-6.434194e-02	-1.000150e+01
2.417000e-05	-6.688481e-02	-9.907469e+00
2.418000e-05	-6.232734e-02	-9.898335e+00
2.419000e-05	-6.501938e-02	-9.853762e+00
2.420000e-05	-8.033028e-02	-9.833154e+00
2.421000e-05	-8.481086e-02	-9.749997e+00
2.422000e-05	-8.295251e-02	-9.697314e+00
2.423000e-05	-8.557648e-02	-9.663682e+00
2.424000e-05	-9.906516e-02	-9.611577e+00
2.425000e-05	-1.070871e-01	-9.508895e+00
2.426000e-05	-1.012121e-01	-9.446761e+00
2.427000e-05	-1.009561e-01	-9.351597e+00
2.428000e-05	-1.075923e-01	-9.255763e+00
2.429000e-05	-1.112491e-01	-9.171000e+00
2.430000e-05	-1.017740e-01	-9.097312e+00
2.431000e-05	-9.428844e-02	-9.011553e+00
2.432000e-05	-9.673327e-02	-8.908290e+00
2.433000e-05	-9.590328e-02	-8.852628e+00
2.434000e-05	-8.547615e-02	-8.758398e+00
2.435000e-05	-7.497014e-02	-8.644679e+00
2.436000e-05	-7.502849e-02	-8.507391e+00
2.437000e-05	-7.423191e-02	-8.391969e+00
2.438000e-05	-6.576542e-02	-8.297312e+00
2.439000e-05	-5.830004e-02	-8.200980e+00
2.440000e-05	-5.531453e-02	-8.055788e+00
2.441000e-05	-5.731575e-02	-8.009951e+00
2.442000e-05	-5.147676e-02	-7.856158e+00
2.443000e-05	-4.357905e-02	-7.685163e+00
2.444000e-05	-4.235250e-02	-7.549891e+00
2.445000e-05	-4.333791e-02	-7.401554e+00
2.446000e-05	-4.096702e-02	-7.294609e+00
2.447000e-05	-3.348626e-02	-7.188423e+00
2.448000e-05	-3.060633e-02	-7.012150e+00
2.449000e-05	-3.349646e-02	-6.822582e+00
2.450000e-05	-3.285364e-02	-6.696288e+00
2.451000e-05	-2.741064e-02	-6.609869e+00
2.452000e-05	-2.474221e-02	-6.462958e+00
2.453000e-05	-2.715417e-02	-6.296186e+00
2.454000e-05	-2.595126e-02	-6.085708e+00
2.455000e-05	-2.278249e-02	-5.947420e+00
2.456000e-05	-1.929262e-02	-5.803052e+00
2.457000e-05	-2.204865e-02	-5.664031e+00
2.458000e-05	-2.151545e-02	-5.536215e+00
2.459000e-05	-1.887513e-02	-5.273142e+00
2.460000e-05	-1.478944e-02	-5.135216e+00
2.461000e-05	-1.803279e-02	-4.947172e+00
2.462000e-05	-1.806820e-02	-4.694158e+00
2.463000e-05	-1.615419e-02	-4.567443e+00
2.464000e-05	-1.191189e-02	-4.449929e+00
2.465000e-05	-1.624686e-02	-4.273658e+00
2.466000e-05	-1.371162e-02	-4.104193e+00
2.467000e-05	-1.406737e-02	-3.978845e+00
2.468000e-05	-9.215440e-03	-3.735297e+00
2.469000e-05	-1.173104e-02	-3.588822e+00
2.470000e-05	-1.197810e-02	-3.389850e+00
2.471000e-05	-1.164868e-02	-3.222058e+00
2.472000e-05	-8.157385e-03	-3.104454e+00
2.473000e-05	-9.652610e-03	-2.842428e+00
2.474000e-05	-1.074719e-02	-2.712608e+00
2.475000e-05	-1.121878e-02	-2.493533e+00
2.476000e-05	-6.599595e-03	-2.334662e+00
2.477000e-05	-7.086245e-03	-2.103584e+00
2.478000e-05	-7.452565e-03	-1.944721e+00
2.479000e-05	-7.328787e-03	-1.795718e+00
2.480000e-05	-5.642258e-03	-1.568872e+00
2.481000e-05	-6.294343e-03	-1.363492e+00
2.482000e-05	-8.920676e-03	-1.135215e+00
2.483000e-05	-6.760496e-03	-9.472196e-01
2.484000e-05	-5.226649e-03	-8.072998e-01
2.485000e-05	-2.960311e-03	-5.766194e-01
2.486000e-05	-5.150670e-03	-3.867459e-01
2.487000e-05	-3.283745e-03	-2.205001e-01
2.488000e-05	1.378574e-03	2.210138e-02
2.489000e-05	4.957962e-03	1.406235e-01
2.490000e-05	-3.236465e-03	3.695962e-01
2.491000e-05	-1.322055e-04	4.864384e-01
2.492000e-05	-1.845599e-03	7.178857e-01
2.493000e-05	2.435882e-03	8.137503e-01
2.494000e-05	4.019691e-04	1.065932e+00
2.495000e-05	2.395601e-03	1.233282e+00
2.496000e-05	1.704211e-02	1.421806e+00
2.497000e-05	6.420586e-02	1.688516e+00
2.498000e-05	1.696526e-02	1.919041e+00
2.499000e-05	-5.052127e-02	2.096986e+00
2.500000e-05	-4.653269e-02	2.295886e+00
2.501000e-05	-4.695369e-02	2.421625e+00
2.502000e-05	-9.451578e-03	2.475958e+00
2.503000e-05	1.201390e-01	2.708565e+00
2.504000e-05	-7.879547e-02	2.906965e+00
2.505000e-05	-1.470584e-02	3.023280e+00
2.506000e-05	1.240430e-01	3.183877e+00
2.507000e-05	-3.999748e-02	3.466287e+00
2.508000e-05	9.193411e-03	3.590078e+00
2.509000e-05	-1.186839e-02	3.739191e+00
2.510000e-05	-6.342430e-02	3.939994e+00
2.511000e-05	8.934515e-02	4.086058e+00
2.512000e-05	2.440329e-02	4.339621e+00
2.513000e-05	-4.206144e-02	4.515438e+00
2.514000e-05	2.669480e-02	4.665487e+00
2.515000e-05	-1.738702e-02	4.845779e+00
2.516000e-05	5.185763e-02	5.055852e+00
2.517000e-05	-1.717682e-02	5.224912e+00
2.518000e-05	-2.094393e-02	5.444753e+00
2.519000e-05	3.851545e-02	5.561699e+00
2.520000e-05	3.724590e-02	5.689637e+00
2.521000e-05	6.849599e-03	5.948116e+00
2.522000e-05	-4.319548e-02	6.034834e+00
2.523000e-05	2.615961e-02	6.171703e+00
2.524000e-05	3.952334e-02	6.329521e+00
2.525000e-05	-4.829545e-03	6.439508e+00
2.526000e-05	9.857631e-03	6.666407e+00
2.527000e-05	5.482673e-03	6.792707e+00
2.528000e-05	3.039714e-02	6.949570e+00
2.529000e-05	1.783792e-02	7.076358e+00
2.530000e-05	-1.753979e-02	7.152653e+00
2.531000e-05	1.274695e-02	7.340070e+00
2.532000e-05	2.167575e-02	7.538144e+00
2.533000e-05	3.213085e-02	7.644330e+00
2.534000e-05	-5.062196e-03	7.773330e+00
2.535000e-05	9.671318e-03	7.939094e+00
2.536000e-05	2.680257e-02	8.067485e+00
2.537000e-05	1.609518e-02	8.181176e+00
2.538000e-05	1.007362e-02	8.297985e+00
2.539000e-05	1.134149e-03	8.372674e+00
2.540000e-05	2.931542e-02	8.476864e+00
2.541000e-05	2.416422e-02	8.560172e+00
2.542000e-05	1.283336e-02	8.635360e+00
2.543000e-05	7.417634e-03	8.730644e+00
2.544000e-05	2.140550e-02	8.823381e+00
2.545000e-05	2.555964e-02	8.929091e+00
2.546000e-05	1.116946e-02	9.045912e+00
2.547000e-05	1.253761e-02	9.159096e+00
2.548000e-05	2.254200e-02	9.264679e+00
2.549000e-05	2.773635e-02	9.277941e+00
2.550000e-05	1.513254e-02	9.362117e+00
2.551000e-05	1.237935e-02	9.414280e+00
2.552000e-05	2.146501e-02	9.497414e+00
2.553000e-05	2.779910e-02	9.539543e+00
2.554000e-05	1.950856e-02	9.623377e+00
2.555000e-05	1.647596e-02	9.656432e+00
2.556000e-05	2.462438e-02	9.730546e+00
2.557000e-05	2.739835e-02	9.813274e+00
2.558000e-05	2.020733e-02	9.887912e+00
2.559000e-05	1.468796e-02	9.940016e+00
2.560000e-05	2.447051e-02	9.930521e+00
2.561000e-05	2.948575e-02	1.002368e+01
2.562000e-05	2.649578e-02	1.002126e+01
2.563000e-05	2.058228e-02	1.007628e+01
2.564000e-05	2.609097e-02	1.007791e+01
2.565000e-05	2.964494e-02	1.006746e+01
2.566000e-05	2.702053e-02	1.008845e+01
2.567000e-05	2.311260e-02	1.015852e+01
2.568000e-05	2.709240e-02	1.011002e+01
2.569000e-05	3.582492e-02	1.013999e+01
2.570000e-05	3.319519e-02	1.015102e+01
2.571000e-05	2.856488e-02	1.012954e+01
2.572000e-05	2.959819e-02	1.016057e+01
2.573000e-05	3.684797e-02	1.014002e+01
2.574000e-05	3.681635e-02	1.014846e+01
2.575000e-05	3.452221e-02	1.009849e+01
2.576000e-05	3.760670e-02	1.008799e+01
2.577000e-05	4.412791e-02	1.008733e+01
2.578000e-05	4.691646e-02	1.007476e+01
2.579000e-05	4.331798e-02	1.001371e+01
2.580000e-05	4.478402e-02	1.003365e+01
2.581000e-05	5.166227e-02	1.002157e+01
2.582000e-05	5.618816e-02	9.969967e+00
2.583000e-05	5.476445e-02	9.927315e+00
2.584000e-05	5.680175e-02	9.837337e+00
2.585000e-05	6.550738e-02	9.803075e+00
2.586000e-05	7.166965e-02	9.677315e+00
2.587000e-05	7.420122e-02	9.683181e+00
2.588000e-05	7.769987e-02	9.571577e+00
2.589000e-05	8.589055e-02	9.526920e+00
2.590000e-05	9.331211e-02	9.473761e+00
2.591000e-05	9.443838e-02	9.433076e+00
2.592000e-05	9.514686e-02	9.348369e+00
2.593000e-05	1.001083e-01	9.295708e+00
2.594000e-05	1.029259e-01	9.221505e+00
2.595000e-05	9.987541e-02	9.189944e+00
2.596000e-05	9.291691e-02	9.085154e+00
2.597000e-05	9.216772e-02	8.906812e+00
2.598000e-05	8.902145e-02	8.831602e+00
2.599000e-05	8.558084e-02	8.717891e+00
2.600000e-05	7.468376e-02	8.654153e+00
2.601000e-05	7.289445e-02	8.567896e+00
2.602000e-05	6.850016e-02	8.474105e+00
2.603000e-05	6.427020e-02	8.348896e+00
2.604000e-05	5.739089e-02	8.272627e+00
2.605000e-05	5.429742e-02	8.105921e+00
2.606000e-05	5.131562e-02	7.980097e+00
2.607000e-05	4.720785e-02	7.895191e+00
2.608000e-05	3.992431e-02	7.777918e+00
2.609000e-05	3.628423e-02	7.623080e+00
2.610000e-05	3.599745e-02	7.527338e+00
2.611000e-05	3.476846e-02	7.349341e+00
2.612000e-05	3.092686e-02	7.219946e+00
2.613000e-05	2.764723e-02	7.063132e+00
2.614000e-05	2.846501e-02	6.878265e+00
2.615000e-05	2.407236e-02	6.801955e+00
2.616000e-05	2.201141e-02	6.694688e+00
2.617000e-05	1.722093e-02	6.504134e+00
2.618000e-05	1.938694e-02	6.378369e+00
2.619000e-05	1.844779e-02	6.250525e+00
2.620000e-05	1.690901e-02	6.092607e+00
2.621000e-05	1.561214e-02	5.997872e+00
2.622000e-05	1.425521e-02	5.767771e+00
2.623000e-05	1.374479e-02	5.568846e+00
2.624000e-05	1.182658e-02	5.430924e+00
2.625000e-05	1.021252e-02	5.292584e+00
2.626000e-05	8.649694e-03	5.073008e+00
2.627000e-05	9.457139e-03	4.872558e+00
2.628000e-05	7.512860e-03	4.724682e+00
2.629000e-05	7.193423e-03	4.495668e+00
2.630000e-05	7.056766e-03	4.418896e+00
2.631000e-05	7.218235e-03	4.190272e+00
2.632000e-05	6.431856e-03	3.999828e+00
2.633000e-05	4.686899e-03	3.830381e+00
2.634000e-05	3.985908e-03	3.684105e+00
2.635000e-05	3.033419e-03	3.537160e+00
2.636000e-05	2.900368e-03	3.343034e+00
2.637000e-05	1.814422e-03	3.116164e+00
2.638000e-05	1.891296e-03	2.967767e+00
2.639000e-05	2.402667e-03	2.818371e+00
2.640000e-05	3.155211e-03	2.626817e+00
2.641000e-05	8.405332e-04	2.366820e+00
2.642000e-05	4.449345e-04	2.210873e+00
2.643000e-05	-5.560241e-04	2.051476e+00
2.644000e-05	-2.894067e-04	1.901904e+00
2.645000e-05	-1.034021e-03	1.681456e+00
2.646000e-05	-2.301921e-03	1.482029e+00
2.647000e-05	-2.403985e-03	1.314059e+00
2.648000e-05	-2.503494e-03	1.060481e+00
2.649000e-05	-1.873259e-03	8.793513e-01
2.650000e-05	-3.512223e-03	6.700290e-01
2.651000e-05	-2.987409e-03	4.915803e-01
2.652000e-05	-3.220533e-03	3.351143e-01
2.653000e-05	-2.771406e-03	6.251047e-02
2.654000e-05	-1.706835e-03	-8.583591e-02
2.655000e-05	2.716688e-03	-2.233593e-01
2.656000e-05	-2.450555e-03	-3.812303e-01
2.657000e-05	-1.611490e-03	-5.727492e-01
2.658000e-05	-7.246569e-03	-7.416526e-01
2.659000e-05	-3.607574e-03	-9.395437e-01
2.660000e-05	-4.689627e-03	-1.077987e+00
2.661000e-05	8.549959e-04	-1.266539e+00
2.662000e-05	3.905894e-02	-1.508970e+00
2.663000e-05	6.293582e-02	-1.656986e+00
2.664000e-05	-5.819426e-02	-1.940696e+00
2.665000e-05	-4.677238e-02	-2.223459e+00
2.666000e-05	-9.236446e-02	-2.441783e+00
2.667000e-05	-2.116326e-02	-2.553989e+00
2.668000e-05	1.550219e-01	-2.561123e+00
2.669000e-05	-1.193259e-01	-2.822753e+00
2.670000e-05	-2.869069e-02	-3.033257e+00
2.671000e-05	1.454407e-01	-3.128546e+00
2.672000e-05	-9.655708e-02	-3.349199e+00
2.673000e-05	3.069590e-02	-3.569498e+00
2.674000e-05	-2.190958e-02	-3.615431e+00
2.675000e-05	-1.508831e-01	-3.878441e+00
2.676000e-05	1.448090e-01	-4.044837e+00
2.677000e-05	2.175686e-03	-4.224358e+00
2.678000e-05	-7.663033e-02	-4.392178e+00
2.679000e-05	4.555506e-02	-4.499092e+00
2.680000e-05	-9.180454e-02	-4.753174e+00
2.681000e-05	9.053880e-02	-4.940124e+00
2.682000e-05	-4.987792e-02	-5.066836e+00
2.683000e-05	-1.067268e-01	-5.274915e+00
2.684000e-05	1.117656e-01	-5.466461e+00
2.685000e-05	-3.788064e-02	-5.655787e+00
2.686000e-05	1.073287e-02	-5.794206e+00
2.687000e-05	-8.284966e-02	-5.930097e+00
2.688000e-05	-1.909962e-02	-6.097614e+00
2.689000e-05	8.471557e-02	-6.214986e+00
2.690000e-05	-1.011292e-01	-6.394434e+00
2.691000e-05	2.056359e-02	-6.540124e+00
2.692000e-05	-3.282834e-02	-6.677962e+00
2.693000e-05	1.420354e-02	-6.886288e+00
2.694000e-05	9.426667e-03	-7.003752e+00
2.695000e-05	-1.061675e-01	-7.130173e+00
2.696000e-05	3.925924e-02	-7.299014e+00
2.697000e-05	-3.052163e-02	-7.434833e+00
2.698000e-05	1.407277e-02	-7.529223e+00
2.699000e-05	-4.603258e-02	-7.670619e+00
2.700000e-05	-3.360760e-02	-7.867012e+00
2.701000e-05	3.163972e-02	-7.991754e+00
2.702000e-05	-4.941328e-02	-8.140066e+00
2.703000e-05	-1.085953e-02	-8.241777e+00
2.704000e-05	-5.268450e-02	-8.338140e+00
2.705000e-05	1.715978e-02	-8.434335e+00
2.706000e-05	-1.126013e-02	-8.562689e+00
2.707000e-05	-4.559296e-02	-8.676989e+00
2.708000e-05	-2.067320e-02	-8.771724e+00
2.709000e-05	-1.898108e-02	-8.897965e+00
2.710000e-05	2.837428e-03	-8.981117e+00
2.711000e-05	-5.062778e-02	-9.014778e+00
2.712000e-05	-2.734815e-02	-9.107590e+00
2.713000e-05	-1.169148e-02	-9.191309e+00
2.714000e-05	-1.098812e-02	-9.267963e+00
2.715000e-05	-3.433950e-02	-9.360275e+00
2.716000e-05	-4.068102e-02	-9.446958e+00
2.717000e-05	-1.272120e-02	-9.540144e+00
2.718000e-05	-1.529862e-02	-9.623203e+00
2.719000e-05	-3.190602e-02	-9.678335e+00
2.720000e-05	-3.938418e-02	-9.718516e+00
2.721000e-05	-1.702319e-02	-9.762049e+00
2.722000e-05	-1.660783e-02	-9.825332e+00
2.723000e-05	-3.254532e-02	-9.875862e+00
2.724000e-05	-4.273024e-02	-9.917421e+00
2.725000e-05	-2.466308e-02	-9.970574e+00
2.726000e-05	-1.817052e-02	-9.991254e+00
2.727000e-05	-3.215300e-02	-1.002426e+01
2.728000e-05	-4.060147e-02	-1.005638e+01
2.729000e-05	-2.960580e-02	-1.008741e+01
2.730000e-05	-2.083652e-02	-1.010909e+01
2.731000e-05	-3.551083e-02	-1.017457e+01
2.732000e-05	-4.260956e-02	-1.021263e+01
2.733000e-05	-3.510950e-02	-1.015360e+01
2.734000e-05	-2.296144e-02	-1.020281e+01
2.735000e-05	-3.508972e-02	-1.020581e+01
2.736000e-05	-4.569613e-02	-1.026428e+01
2.737000e-05	-4.107232e-02	-1.023481e+01
2.738000e-05	-3.143754e-02	-1.025580e+01
2.739000e-05	-3.690905e-02	-1.018528e+01
2.740000e-05	-4.961748e-02	-1.023105e+01
2.741000e-05	-4.554924e-02	-1.016420e+01
2.742000e-05	-3.779075e-02	-1.012262e+01
2.743000e-05	-4.386906e-02	-1.013307e+01
2.744000e-05	-5.623274e-02	-1.010899e+01
2.745000e-05	-5.702681e-02	-1.006436e+01
2.746000e-05	-4.828207e-02	-1.004471e+01
2.747000e-05	-5.145191e-02	-9.993129e+00
2.748000e-05	-6.320235e-02	-9.981076e+00
2.749000e-05	-6.603313e-02	-9.928474e+00
2.750000e-05	-6.245185e-02	-9.908341e+00
2.751000e-05	-6.587426e-02	-9.884311e+00
2.752000e-05	-7.863674e-02	-9.803628e+00
2.753000e-05	-8.498153e-02	-9.760516e+00
2.754000e-05	-8.285016e-02	-9.705442e+00
2.755000e-05	-8.683992e-02	-9.655207e+00
2.756000e-05	-9.823500e-02	-9.611549e+00
2.757000e-05	-1.055178e-01	-9.538893e+00
2.758000e-05	-1.025206e-01	-9.457287e+00
2.759000e-05	-1.019382e-01	-9.361545e+00
2.760000e-05	-1.062803e-01	-9.265186e+00
2.761000e-05	-1.095937e-01	-9.191447e+00
2.762000e-05	-1.029007e-01	-9.136812e+00
2.763000e-05	-9.538186e-02	-8.992076e+00
2.764000e-05	-9.680107e-02	-8.936813e+00
2.765000e-05	-9.475534e-02	-8.792105e+00
2.766000e-05	-8.603514e-02	-8.759974e+00
2.767000e-05	-7.551170e-02	-8.654131e+00
2.768000e-05	-7.390938e-02	-8.506766e+00
2.769000e-05	-7.284350e-02	-8.411928e+00
2.770000e-05	-6.642355e-02	-8.285817e+00
2.771000e-05	-5.843420e-02	-8.211050e+00
2.772000e-05	-5.649435e-02	-8.084734e+00
2.773000e-05	-5.811504e-02	-8.001450e+00
2.774000e-05	-5.142836e-02	-7.865707e+00
2.775000e-05	-4.305341e-02	-7.695239e+00
2.776000e-05	-4.156980e-02	-7.558392e+00
2.777000e-05	-4.206024e-02	-7.401004e+00
2.778000e-05	-3.932294e-02	-7.294109e+00
2.779000e-05	-3.335917e-02	-7.179421e+00
2.780000e-05	-3.223383e-02	-7.050428e+00
2.781000e-05	-3.450464e-02	-6.822078e+00
2.782000e-05	-3.203023e-02	-6.725267e+00
2.783000e-05	-2.691685e-02	-6.599520e+00
2.784000e-05	-2.465212e-02	-6.482530e+00
2.785000e-05	-2.615621e-02	-6.305239e+00
2.786000e-05	-2.614977e-02	-6.126687e+00
2.787000e-05	-2.159245e-02	-5.957867e+00
2.788000e-05	-2.082430e-02	-5.841478e+00
2.789000e-05	-2.273303e-02	-5.673060e+00
2.790000e-05	-2.242663e-02	-5.516737e+00
2.791000e-05	-1.826974e-02	-5.304641e+00
2.792000e-05	-1.530120e-02	-5.105242e+00
2.793000e-05	-1.704003e-02	-4.998317e+00
2.794000e-05	-1.747424e-02	-4.705236e+00
2.795000e-05	-1.590205e-02	-4.579348e+00
2.796000e-05	-1.229560e-02	-4.439429e+00
2.797000e-05	-1.588192e-02	-4.243060e+00
2.798000e-05	-1.469351e-02	-4.106611e+00
2.799000e-05	-1.412961e-02	-3.978845e+00
2.800000e-05	-1.021678e-02	-3.757741e+00
2.801000e-05	-1.150068e-02	-3.598347e+00
2.802000e-05	-1.024751e-02	-3.418929e+00
2.803000e-05	-1.021403e-02	-3.240982e+00
2.804000e-05	-8.682334e-03	-3.051984e+00
2.805000e-05	-1.115163e-02	-2.831530e+00
2.806000e-05	-1.200816e-02	-2.713559e+00
2.807000e-05	-1.118871e-02	-2.505137e+00
2.808000e-05	-7.195292e-03	-2.335672e+00
2.809000e-05	-7.886957e-03	-2.104038e+00
2.810000e-05	-6.721371e-03	-1.964716e+00
2.811000e-05	-6.893304e-03	-1.727191e+00
2.812000e-05	-4.691661e-03	-1.599774e+00
2.813000e-05	-7.442164e-03	-1.354117e+00
2.814000e-05	-8.248221e-03	-1.145216e+00
2.815000e-05	-7.261525e-03	-9.667370e-01
2.816000e-05	-5.767877e-03	-7.983486e-01
2.817000e-05	-3.858757e-03	-5.557410e-01
2.818000e-05	-4.272893e-03	-3.783435e-01
2.819000e-05	-3.308857e-03	-1.984261e-01
2.820000e-05	6.282711e-04	-3.150007e-02
2.821000e-05	4.903270e-03	1.191677e-01
2.822000e-05	-1.986558e-03	3.489698e-01
2.823000e-05	1.079961e-04	5.074897e-01
2.824000e-05	-1.557957e-03	6.643630e-01
2.825000e-05	1.726236e-03	8.316041e-01
2.826000e-05	7.168395e-04	1.017902e+00
2.827000e-05	3.669968e-03	1.243307e+00
2.828000e-05	1.610731e-02	1.424680e+00
2.829000e-05	6.281825e-02	1.687007e+00
2.830000e-05	1.755545e-02	1.887466e+00
2.831000e-05	-4.945101e-02	2.085488e+00
2.832000e-05	-4.609962e-02	2.245911e+00
2.833000e-05	-4.725957e-02	2.420578e+00
2.834000e-05	-1.049126e-02	2.466542e+00
2.835000e-05	1.203371e-01	2.729039e+00
2.836000e-05	-7.458118e-02	2.887436e+00
2.837000e-05	-1.954907e-02	3.043227e+00
2.838000e-05	1.246967e-01	3.191777e+00
2.839000e-05	-3.781043e-02	3.476859e+00
2.840000e-05	7.696696e-03	3.601100e+00
2.841000e-05	-1.176884e-02	3.750121e+00
2.842000e-05	-6.594327e-02	3.948549e+00
2.843000e-05	9.094341e-02	4.037913e+00
2.844000e-05	2.728996e-02	4.329570e+00
2.845000e-05	-4.229049e-02	4.456460e+00
2.846000e-05	2.532075e-02	4.674882e+00
2.847000e-05	-1.692264e-02	4.803229e+00
2.848000e-05	5.136117e-02	5.014953e+00
2.849000e-05	-1.721185e-02	5.265860e+00
2.850000e-05	-2.328097e-02	5.433729e+00
2.851000e-05	3.984995e-02	5.559701e+00
2.852000e-05	3.770750e-02	5.659563e+00
2.853000e-05	7.185973e-03	5.898087e+00
2.854000e-05	-4.470648e-02	6.035759e+00
2.855000e-05	2.540658e-02	6.192177e+00
2.856000e-05	4.086035e-02	6.320891e+00
2.857000e-05	-3.774387e-03	6.444958e+00
2.858000e-05	9.774363e-03	6.645033e+00
2.859000e-05	4.108641e-03	6.813257e+00
2.860000e-05	2.966621e-02	6.938194e+00
2.861000e-05	1.776566e-02	7.036359e+00
2.862000e-05	-1.766807e-02	7.174180e+00
2.863000e-05	1.316529e-02	7.331598e+00
2.864000e-05	2.211240e-02	7.518014e+00
2.865000e-05	3.305686e-02	7.665757e+00
2.866000e-05	-4.502918e-03	7.791208e+00
2.867000e-05	9.543495e-03	7.871673e+00
2.868000e-05	2.691947e-02	8.057881e+00
2.869000e-05	1.500066e-02	8.212603e+00
2.870000e-05	9.337504e-03	8.287962e+00
2.871000e-05	5.890426e-04	8.371724e+00
2.872000e-05	3.062387e-02	8.446257e+00
2.873000e-05	2.449606e-02	8.558594e+00
2.874000e-05	1.297962e-02	8.635281e+00
2.875000e-05	6.790690e-03	8.739074e+00
2.876000e-05	2.122321e-02	8.863331e+00
2.877000e-05	2.619375e-02	8.910565e+00
2.878000e-05	9.868801e-03	9.064759e+00
2.879000e-05	1.191582e-02	9.149990e+00
2.880000e-05	2.240195e-02	9.252680e+00
2.881000e-05	2.982198e-02	9.287388e+00
2.882000e-05	1.576886e-02	9.340094e+00
2.883000e-05	1.311141e-02	9.423232e+00
2.884000e-05	2.137959e-02	9.507488e+00
2.885000e-05	2.841021e-02	9.549970e+00
2.886000e-05	1.943866e-02	9.603754e+00
2.887000e-05	1.541436e-02	9.675410e+00
2.888000e-05	2.416429e-02	9.719567e+00
2.889000e-05	2.863540e-02	9.784699e+00
2.890000e-05	2.186960e-02	9.866963e+00
2.891000e-05	1.563230e-02	9.919020e+00
2.892000e-05	2.342418e-02	9.972625e+00
2.893000e-05	3.038493e-02	9.981151e+00
2.894000e-05	2.667815e-02	1.003418e+01
2.895000e-05	2.039428e-02	1.006483e+01
2.896000e-05	2.504729e-02	1.009531e+01
2.897000e-05	3.082981e-02	1.009639e+01
2.898000e-05	2.868584e-02	1.008749e+01
2.899000e-05	2.370492e-02	1.014849e+01
2.900000e-05	2.676692e-02	1.015895e+01
2.901000e-05	3.580294e-02	1.014059e+01
2.902000e-05	3.267817e-02	1.016102e+01
2.903000e-05	2.772790e-02	1.016054e+01
2.904000e-05	2.973889e-02	1.016952e+01
2.905000e-05	3.703666e-02	1.016050e+01
2.906000e-05	3.790062e-02	1.011849e+01
2.907000e-05	3.412844e-02	1.010849e+01
2.908000e-05	3.629723e-02	1.009889e+01
2.909000e-05	4.446976e-02	1.009684e+01
2.910000e-05	4.690568e-02	1.006476e+01
2.911000e-05	4.324536e-02	1.005368e+01
2.912000e-05	4.521568e-02	1.003308e+01
2.913000e-05	5.223512e-02	9.980976e+00
2.914000e-05	5.714436e-02	9.958500e+00
2.915000e-05	5.571086e-02	9.896911e+00
2.916000e-05	5.659663e-02	9.835363e+00
2.917000e-05	6.419326e-02	9.824072e+00
2.918000e-05	7.075633e-02	9.697790e+00
2.919000e-05	7.321430e-02	9.685659e+00
2.920000e-05	7.772295e-02	9.611004e+00
2.921000e-05	8.691260e-02	9.538345e+00
2.922000e-05	9.467313e-02	9.464309e+00
2.923000e-05	9.578124e-02	9.401530e+00
2.924000e-05	9.389728e-02	9.347894e+00
2.925000e-05	9.893678e-02	9.265182e+00
2.926000e-05	1.001500e-01	9.212578e+00
2.927000e-05	1.000796e-01	9.148395e+00
2.928000e-05	9.199449e-02	9.004155e+00
2.929000e-05	9.214558e-02	8.927791e+00
2.930000e-05	9.030036e-02	8.820552e+00
2.931000e-05	8.625102e-02	8.737389e+00
2.932000e-05	7.547287e-02	8.652030e+00
2.933000e-05	7.168339e-02	8.556865e+00
2.934000e-05	6.843539e-02	8.463157e+00
2.935000e-05	6.365423e-02	8.369473e+00
2.936000e-05	5.487945e-02	8.283603e+00
2.937000e-05	5.266266e-02	8.127267e+00
2.938000e-05	5.172240e-02	7.981106e+00
2.939000e-05	4.934336e-02	7.905735e+00
2.940000e-05	4.108790e-02	7.767922e+00
2.941000e-05	3.702329e-02	7.644106e+00
2.942000e-05	3.572738e-02	7.516688e+00
2.943000e-05	3.380431e-02	7.366769e+00
2.944000e-05	2.998398e-02	7.199374e+00
2.945000e-05	2.642329e-02	7.053659e+00
2.946000e-05	2.744148e-02	6.935715e+00
2.947000e-05	2.606136e-02	6.821502e+00
2.948000e-05	2.299219e-02	6.695658e+00
2.949000e-05	1.889537e-02	6.465133e+00
2.950000e-05	1.955441e-02	6.346790e+00
2.951000e-05	1.854963e-02	6.189972e+00
2.952000e-05	1.598890e-02	6.062607e+00
2.953000e-05	1.391753e-02	5.946772e+00
2.954000e-05	1.417633e-02	5.809867e+00
2.955000e-05	1.472254e-02	5.597369e+00
2.956000e-05	1.255844e-02	5.442503e+00
2.957000e-05	1.003390e-02	5.294579e+00
2.958000e-05	9.576651e-03	5.062474e+00
2.959000e-05	9.296864e-03	4.861507e+00
2.960000e-05	8.409428e-03	4.724009e+00
2.961000e-05	6.000688e-03	4.506238e+00
2.962000e-05	5.729113e-03	4.397926e+00
2.963000e-05	6.630369e-03	4.197820e+00
2.964000e-05	5.701049e-03	3.988374e+00
2.965000e-05	4.505919e-03	3.841953e+00
2.966000e-05	3.853094e-03	3.674007e+00
2.967000e-05	3.906538e-03	3.535541e+00
2.968000e-05	3.451026e-03	3.313062e+00
2.969000e-05	2.592838e-03	3.134642e+00
2.970000e-05	1.574811e-03	2.936692e+00
2.971000e-05	1.884915e-03	2.830847e+00
2.972000e-05	2.537079e-03	2.618171e+00
2.973000e-05	8.074006e-04	2.398845e+00
2.974000e-05	-5.693064e-04	2.208822e+00
2.975000e-05	-1.236458e-04	2.071979e+00
2.976000e-05	-9.115262e-05	1.912983e+00
2.977000e-05	-1.565575e-03	1.642133e+00
2.978000e-05	-2.575331e-03	1.472482e+00
2.979000e-05	-1.387849e-03	1.342509e+00
2.980000e-05	-1.272962e-03	1.071335e+00
2.981000e-05	-2.502870e-03	8.593501e-01
2.982000e-05	-3.912499e-03	6.909290e-01
2.983000e-05	-2.795343e-03	5.115318e-01
2.984000e-05	-2.530400e-03	3.556117e-01
2.985000e-05	-3.184600e-03	6.350902e-02
2.986000e-05	-2.596250e-03	-7.781334e-02
2.987000e-05	1.399770e-03	-2.443080e-01
2.988000e-05	-1.633019e-03	-3.917780e-01
2.989000e-05	-2.089589e-03	-5.516825e-01
2.990000e-05	-7.141025e-03	-7.616549e-01
2.991000e-05	-3.399111e-03	-9.690460e-01
2.992000e-05	-4.436478e-03	-1.087365e+00
2.993000e-05	9.530441e-05	-1.245436e+00
2.994000e-05	3.650936e-02	-1.527992e+00
2.995000e-05	6.373422e-02	-1.689088e+00
2.996000e-05	-5.760265e-02	-1.950175e+00
2.997000e-05	-4.636984e-02	-2.213453e+00
2.998000e-05	-9.258870e-02	-2.432779e+00
2.999000e-05	-2.316469e-02	-2.499316e+00
3.000000e-05	1.569103e-01	-2.581670e+00
3.001000e-05	-1.161907e-01	-2.791828e+00
3.002000e-05	-3.487426e-02	-3.002277e+00
3.003000e-05	1.475150e-01	-3.120521e+00
3.004000e-05	-9.610393e-02	-3.350721e+00
3.005000e-05	2.890949e-02	-3.558491e+00
3.006000e-05	-1.972874e-02	-3.634012e+00
3.007000e-05	-1.523825e-01	-3.907541e+00
3.008000e-05	1.437275e-01	-4.054357e+00
3.009000e-05	5.984986e-03	-4.193803e+00
3.010000e-05	-7.973579e-02	-4.401179e+00
3.011000e-05	4.627052e-02	-4.489696e+00
3.012000e-05	-9.145916e-02	-4.740674e+00
3.013000e-05	8.871213e-02	-4.960544e+00
3.014000e-05	-4.717310e-02	-5.055536e+00
3.015000e-05	-1.086872e-01	-5.246084e+00
3.016000e-05	1.124338e-01	-5.466987e+00
3.017000e-05	-3.674212e-02	-5.645908e+00
3.018000e-05	9.529621e-03	-5.822228e+00
3.019000e-05	-8.135074e-02	-5.929095e+00
3.020000e-05	-2.098964e-02	-6.097566e+00
3.021000e-05	8.572599e-02	-6.263966e+00
3.022000e-05	-1.010562e-01	-6.425334e+00
3.023000e-05	1.849236e-02	-6.540650e+00
3.024000e-05	-3.116496e-02	-6.719063e+00
3.025000e-05	1.306915e-02	-6.856832e+00
3.026000e-05	1.180148e-02	-6.981751e+00
3.027000e-05	-1.062269e-01	-7.140154e+00
3.028000e-05	3.975052e-02	-7.297991e+00
3.029000e-05	-2.945257e-02	-7.435304e+00
3.030000e-05	1.254668e-02	-7.570676e+00
3.031000e-05	-4.522589e-02	-7.731521e+00
3.032000e-05	-3.566599e-02	-7.896440e+00
3.033000e-05	3.311809e-02	-7.993804e+00
3.034000e-05	-4.828095e-02	-8.100568e+00
3.035000e-05	-1.022255e-02	-8.212280e+00
3.036000e-05	-5.214348e-02	-8.329068e+00
3.037000e-05	1.582326e-02	-8.424232e+00
3.038000e-05	-1.188076e-02	-8.540016e+00
3.039000e-05	-4.544390e-02	-8.666963e+00
3.040000e-05	-1.980497e-02	-8.771650e+00
3.041000e-05	-1.886128e-02	-8.865988e+00
3.042000e-05	2.716651e-03	-8.971053e+00
3.043000e-05	-4.928169e-02	-9.046785e+00
3.044000e-05	-2.751659e-02	-9.128441e+00
3.045000e-05	-1.193784e-02	-9.171903e+00
3.046000e-05	-1.146250e-02	-9.300436e+00
3.047000e-05	-3.272428e-02	-9.320594e+00
3.048000e-05	-4.092931e-02	-9.455836e+00
3.049000e-05	-1.199203e-02	-9.541094e+00
3.050000e-05	-1.597886e-02	-9.642727e+00
3.051000e-05	-3.302763e-02	-9.665411e+00
3.052000e-05	-3.942025e-02	-9.719069e+00
3.053000e-05	-1.752318e-02	-9.772124e+00
3.054000e-05	-1.641860e-02	-9.854833e+00
3.055000e-05	-3.266616e-02	-9.897362e+00
3.056000e-05	-4.174911e-02	-9.938542e+00
3.057000e-05	-2.556798e-02	-9.969597e+00
3.058000e-05	-1.803052e-02	-9.992178e+00
3.059000e-05	-3.289459e-02	-1.004431e+01
3.060000e-05	-4.106115e-02	-1.008536e+01
3.061000e-05	-2.975054e-02	-1.007841e+01
3.062000e-05	-2.039813e-02	-1.011099e+01
3.063000e-05	-3.424915e-02	-1.018269e+01
3.064000e-05	-4.328762e-02	-1.017167e+01
3.065000e-05	-3.583313e-02	-1.022365e+01
3.066000e-05	-2.314467e-02	-1.020625e+01
3.067000e-05	-3.453172e-02	-1.021388e+01
3.068000e-05	-4.608844e-02	-1.021673e+01
3.069000e-05	-4.097861e-02	-1.023574e+01
3.070000e-05	-3.179036e-02	-1.024375e+01
3.071000e-05	-3.647003e-02	-1.023475e+01
3.072000e-05	-5.065300e-02	-1.023318e+01
3.073000e-05	-4.702289e-02	-1.018215e+01
3.074000e-05	-3.687416e-02	-1.014152e+01
3.075000e-05	-4.305478e-02	-1.019047e+01
3.076000e-05	-5.616610e-02	-1.011844e+01
3.077000e-05	-5.716828e-02	-1.008639e+01
3.078000e-05	-4.721641e-02	-1.004573e+01
3.079000e-05	-5.124681e-02	-1.001118e+01
3.080000e-05	-6.343625e-02	-9.980526e+00
3.081000e-05	-6.691373e-02	-9.929420e+00
3.082000e-05	-6.192548e-02	-9.907362e+00
3.083000e-05	-6.425051e-02	-9.845811e+00
3.084000e-05	-7.840318e-02	-9.822128e+00
3.085000e-05	-8.615288e-02	-9.789974e+00
3.086000e-05	-8.274182e-02	-9.707915e+00
3.087000e-05	-8.663836e-02	-9.663709e+00
3.088000e-05	-9.781708e-02	-9.610503e+00
3.089000e-05	-1.065744e-01	-9.588467e+00
3.090000e-05	-1.019859e-01	-9.455283e+00
3.091000e-05	-1.019702e-01	-9.360469e+00
3.092000e-05	-1.080595e-01	-9.274762e+00
3.093000e-05	-1.094544e-01	-9.189950e+00
3.094000e-05	-1.019025e-01	-9.086892e+00
3.095000e-05	-9.441192e-02	-9.002124e+00
3.096000e-05	-9.667950e-02	-8.928393e+00
3.097000e-05	-9.448406e-02	-8.824034e+00
3.098000e-05	-8.625915e-02	-8.758424e+00
3.099000e-05	-7.547616e-02	-8.633182e+00
3.100000e-05	-7.521031e-02	-8.517790e+00
3.101000e-05	-7.385305e-02	-8.431504e+00
3.102000e-05	-6.649648e-02	-8.336736e+00
3.103000e-05	-5.808653e-02	-8.211501e+00
3.104000e-05	-5.662608e-02	-8.064706e+00
3.105000e-05	-5.656786e-02	-8.000580e+00
3.106000e-05	-5.081931e-02	-7.905109e+00
3.107000e-05	-4.319063e-02	-7.714582e+00
3.108000e-05	-4.293982e-02	-7.539870e+00
3.109000e-05	-4.404476e-02	-7.451601e+00
3.110000e-05	-4.081701e-02	-7.275661e+00
3.111000e-05	-3.249178e-02	-7.157950e+00
3.112000e-05	-3.251337e-02	-7.021154e+00
3.113000e-05	-3.477175e-02	-6.881507e+00
3.114000e-05	-3.250896e-02	-6.726787e+00
3.115000e-05	-2.595480e-02	-6.580899e+00
3.116000e-05	-2.409256e-02	-6.391583e+00
3.117000e-05	-2.747590e-02	-6.323813e+00
3.118000e-05	-2.705456e-02	-6.105712e+00
3.119000e-05	-2.228598e-02	-5.946847e+00
3.120000e-05	-2.033005e-02	-5.842479e+00
3.121000e-05	-2.290528e-02	-5.664633e+00
3.122000e-05	-2.171099e-02	-5.495715e+00
3.123000e-05	-1.774632e-02	-5.314666e+00
3.124000e-05	-1.509687e-02	-5.126238e+00
3.125000e-05	-1.828269e-02	-4.938822e+00
3.126000e-05	-1.887440e-02	-4.754666e+00
3.127000e-05	-1.650880e-02	-4.599346e+00
3.128000e-05	-1.305548e-02	-4.441480e+00
3.129000e-05	-1.542846e-02	-4.273632e+00
3.130000e-05	-1.339392e-02	-4.135816e+00
3.131000e-05	-1.337597e-02	-3.968746e+00
3.132000e-05	-1.147653e-02	-3.777269e+00
3.133000e-05	-1.296117e-02	-3.596846e+00
3.134000e-05	-1.196828e-02	-3.429904e+00
3.135000e-05	-1.105116e-02	-3.230505e+00
3.136000e-05	-7.725429e-03	-3.060430e+00
3.137000e-05	-9.960028e-03	-2.841004e+00
3.138000e-05	-1.079052e-02	-2.693664e+00
3.139000e-05	-1.073521e-02	-2.523112e+00
3.140000e-05	-7.576451e-03	-2.336716e+00
3.141000e-05	-7.490720e-03	-2.152537e+00
3.142000e-05	-7.335532e-03	-1.926693e+00
3.143000e-05	-6.236699e-03	-1.785292e+00
3.144000e-05	-5.751585e-03	-1.598900e+00
3.145000e-05	-6.369291e-03	-1.364158e+00
3.146000e-05	-8.103776e-03	-1.135592e+00
3.147000e-05	-6.826257e-03	-9.657146e-01
3.148000e-05	-5.258571e-03	-7.773423e-01
3.149000e-05	-3.762803e-03	-5.771908e-01
3.150000e-05	-3.833778e-03	-3.479260e-01
3.151000e-05	-4.415274e-03	-2.193250e-01
3.152000e-05	5.933840e-04	-4.992757e-02
3.153000e-05	4.408563e-03	1.790711e-01
3.154000e-05	-1.840810e-03	3.904947e-01
3.155000e-05	5.804579e-04	5.074372e-01
3.156000e-05	-6.896046e-04	6.674580e-01
3.157000e-05	2.123939e-03	8.311288e-01
3.158000e-05	5.778272e-04	1.076861e+00
3.159000e-05	2.421514e-03	1.214230e+00
3.160000e-05	1.589630e-02	1.384305e+00
3.161000e-05	6.310452e-02	1.675986e+00
3.162000e-05	2.028563e-02	1.918015e+00
3.163000e-05	-4.905811e-02	2.087436e+00
3.164000e-05	-4.620002e-02	2.255363e+00
3.165000e-05	-4.714726e-02	2.380575e+00
3.166000e-05	-1.189150e-02	2.528538e+00
3.167000e-05	1.203122e-01	2.718465e+00
3.168000e-05	-7.273684e-02	2.906938e+00
3.169000e-05	-2.172582e-02	3.022228e+00
3.170000e-05	1.258334e-01	3.192832e+00
3.171000e-05	-3.683158e-02	3.465433e+00
3.172000e-05	5.869743e-03	3.579577e+00
3.173000e-05	-8.984036e-03	3.750668e+00
3.174000e-05	-6.555753e-02	3.938949e+00
3.175000e-05	9.002948e-02	4.077487e+00
3.176000e-05	2.888700e-02	4.308517e+00
3.177000e-05	-4.248676e-02	4.475436e+00
3.178000e-05	2.517101e-02	4.634838e+00
3.179000e-05	-1.650210e-02	4.804307e+00
3.180000e-05	4.885550e-02	5.023833e+00
3.181000e-05	-1.575950e-02	5.244863e+00
3.182000e-05	-2.326617e-02	5.414804e+00
3.183000e-05	3.958388e-02	5.561621e+00
3.184000e-05	3.728528e-02	5.698567e+00
3.185000e-05	7.613299e-03	5.908061e+00
3.186000e-05	-4.347227e-02	6.024882e+00
3.187000e-05	2.342373e-02	6.181175e+00
3.188000e-05	4.068934e-02	6.328042e+00
3.189000e-05	-4.730474e-03	6.466387e+00
3.190000e-05	9.061863e-03	6.676062e+00
3.191000e-05	4.052604e-03	6.823157e+00
3.192000e-05	2.929722e-02	6.892097e+00
3.193000e-05	1.882532e-02	7.054885e+00
3.194000e-05	-1.696960e-02	7.212227e+00
3.195000e-05	1.385824e-02	7.328644e+00
3.196000e-05	2.150943e-02	7.500091e+00
3.197000e-05	3.258206e-02	7.655433e+00
3.198000e-05	-4.325946e-03	7.732303e+00
3.199000e-05	8.947607e-03	7.900119e+00
3.200000e-05	2.611224e-02	8.078883e+00
3.201000e-05	1.673956e-02	8.172199e+00
3.202000e-05	8.557081e-03	8.308939e+00
3.203000e-05	1.604422e-03	8.411228e+00
3.204000e-05	2.855488e-02	8.475336e+00
3.205000e-05	2.566716e-02	8.542695e+00
3.206000e-05	1.301538e-02	8.655927e+00
3.207000e-05	9.957994e-03	8.719569e+00
3.208000e-05	2.062348e-02	8.835304e+00
3.209000e-05	2.664679e-02	8.922069e+00
3.210000e-05	7.754924e-03	9.034306e+00
3.211000e-05	1.096236e-02	9.131069e+00
3.212000e-05	2.213363e-02	9.204277e+00
3.213000e-05	3.025366e-02	9.265384e+00
3.214000e-05	1.735117e-02	9.340173e+00
3.215000e-05	1.349933e-02	9.474683e+00
3.216000e-05	2.189771e-02	9.477910e+00
3.217000e-05	2.612019e-02	9.549625e+00
3.218000e-05	1.926650e-02	9.573256e+00
3.219000e-05	1.319251e-02	9.697912e+00
3.220000e-05	2.572305e-02	9.750069e+00
3.221000e-05	2.901985e-02	9.804801e+00
3.222000e-05	2.330736e-02	9.907885e+00
3.223000e-05	1.540361e-02	9.859469e+00
3.224000e-05	2.383734e-02	9.961025e+00
3.225000e-05	2.890425e-02	9.991650e+00
3.226000e-05	2.577988e-02	1.004418e+01
3.227000e-05	2.009392e-02	1.006621e+01
3.228000e-05	2.613031e-02	1.008629e+01
3.229000e-05	3.145136e-02	1.007641e+01
3.230000e-05	2.767795e-02	1.014842e+01
3.231000e-05	2.427473e-02	1.012799e+01
3.232000e-05	2.646027e-02	1.012904e+01
3.233000e-05	3.581354e-02	1.018044e+01
3.234000e-05	3.158155e-02	1.017955e+01
3.235000e-05	2.868226e-02	1.015094e+01
3.236000e-05	3.028738e-02	1.013849e+01
3.237000e-05	3.741652e-02	1.015002e+01
3.238000e-05	3.738794e-02	1.011847e+01
3.239000e-05	3.393437e-02	1.009847e+01
3.240000e-05	3.655888e-02	1.010844e+01
3.241000e-05	4.423455e-02	1.008536e+01
3.242000e-05	4.595603e-02	1.006624e+01
3.243000e-05	4.208238e-02	1.007423e+01
3.244000e-05	4.460140e-02	1.004218e+01
3.245000e-05	5.222321e-02	1.001055e+01
3.246000e-05	5.601009e-02	9.930020e+00
3.247000e-05	5.415868e-02	9.917365e+00
3.248000e-05	5.707581e-02	9.867683e+00
3.249000e-05	6.549055e-02	9.822072e+00
3.250000e-05	7.175444e-02	9.706540e+00
3.251000e-05	7.254754e-02	9.643681e+00
3.252000e-05	7.612086e-02	9.610572e+00
3.253000e-05	8.738577e-02	9.528915e+00
3.254000e-05	9.322801e-02	9.465732e+00
3.255000e-05	9.460936e-02	9.423026e+00
3.256000e-05	9.422373e-02	9.336870e+00
3.257000e-05	1.010794e-01	9.305334e+00
3.258000e-05	1.023863e-01	9.232030e+00
3.259000e-05	9.948333e-02	9.148418e+00
3.260000e-05	9.226790e-02	9.054230e+00
3.261000e-05	9.219612e-02	8.906889e+00
3.262000e-05	8.938216e-02	8.842528e+00
3.263000e-05	8.447670e-02	8.747919e+00
3.264000e-05	7.559263e-02	8.662558e+00
3.265000e-05	7.358391e-02	8.538445e+00
3.266000e-05	6.927890e-02	8.463158e+00
3.267000e-05	6.318802e-02	8.358918e+00
3.268000e-05	5.559288e-02	8.246133e+00
3.269000e-05	5.239819e-02	8.110768e+00
3.270000e-05	5.170065e-02	8.022084e+00
3.271000e-05	4.720194e-02	7.892712e+00
3.272000e-05	4.165673e-02	7.779469e+00
3.273000e-05	3.785274e-02	7.651629e+00
3.274000e-05	3.733039e-02	7.506735e+00
3.275000e-05	3.388527e-02	7.357717e+00
3.276000e-05	2.903031e-02	7.189975e+00
3.277000e-05	2.636535e-02	7.055158e+00
3.278000e-05	2.675298e-02	6.946263e+00
3.279000e-05	2.554584e-02	6.820400e+00
3.280000e-05	2.164713e-02	6.684608e+00
3.281000e-05	1.979663e-02	6.464209e+00
3.282000e-05	2.037281e-02	6.358338e+00
3.283000e-05	1.884956e-02	6.221499e+00
3.284000e-05	1.545724e-02	6.053079e+00
3.285000e-05	1.381785e-02	5.958194e+00
3.286000e-05	1.474280e-02	5.758362e+00
3.287000e-05	1.361241e-02	5.578395e+00
3.288000e-05	1.115168e-02	5.431477e+00
3.289000e-05	9.839457e-03	5.263583e+00
3.290000e-05	1.017177e-02	5.082534e+00
3.291000e-05	1.076500e-02	4.842959e+00
3.292000e-05	7.947051e-03	4.684108e+00
3.293000e-05	7.334689e-03	4.577692e+00
3.294000e-05	5.881283e-03	4.399345e+00
3.295000e-05	7.608836e-03	4.176774e+00
3.296000e-05	4.646782e-03	4.028896e+00
3.297000e-05	4.317892e-03	3.851481e+00
3.298000e-05	4.129967e-03	3.694054e+00
3.299000e-05	4.725541e-03	3.535665e+00
3.300000e-05	2.689236e-03	3.312537e+00
3.301000e-05	2.781194e-03	3.126666e+00
3.302000e-05	1.349501e-03	2.976766e+00
3.303000e-05	2.894309e-03	2.828949e+00
3.304000e-05	1.582004e-03	2.598396e+00
3.305000e-05	-3.301456e-05	2.377745e+00
3.306000e-05	2.674536e-04	2.220400e+00
3.307000e-05	8.170650e-04	2.051954e+00
3.308000e-05	-8.987460e-05	1.921036e+00
3.309000e-05	-1.801496e-03	1.661912e+00
3.310000e-05	-1.732543e-03	1.473039e+00
3.311000e-05	-1.871180e-03	1.273056e+00
3.312000e-05	-2.258770e-03	1.121906e+00
3.313000e-05	-3.808221e-03	8.389514e-01
3.314000e-05	-3.743083e-03	7.019314e-01
3.315000e-05	-2.821660e-03	5.040829e-01
3.316000e-05	-2.050378e-03	3.345856e-01
3.317000e-05	-3.931265e-03	6.250790e-02
3.318000e-05	-2.843008e-03	-7.541434e-02
3.319000e-05	2.350566e-03	-2.352805e-01
3.320000e-05	-1.917121e-03	-3.906514e-01
3.321000e-05	-3.190505e-03	-5.817816e-01
3.322000e-05	-6.332730e-03	-7.726501e-01
3.323000e-05	-3.314506e-03	-9.580722e-01
3.324000e-05	-4.429149e-03	-1.088440e+00
3.325000e-05	-9.013447e-04	-1.265888e+00
3.326000e-05	3.663184e-02	-1.528466e+00
3.327000e-05	6.568032e-02	-1.676465e+00
3.328000e-05	-5.704036e-02	-1.949665e+00
3.329000e-05	-4.688909e-02	-2.193353e+00
3.330000e-05	-9.195964e-02	-2.411307e+00
3.331000e-05	-2.527769e-02	-2.517917e+00
3.332000e-05	1.568539e-01	-2.601649e+00
3.333000e-05	-1.140176e-01	-2.812274e+00
3.334000e-05	-3.914058e-02	-3.015329e+00
3.335000e-05	1.486064e-01	-3.078593e+00
3.336000e-05	-9.419173e-02	-3.331195e+00
3.337000e-05	2.692992e-02	-3.558501e+00
3.338000e-05	-1.690874e-02	-3.634888e+00
3.339000e-05	-1.529963e-01	-3.886568e+00
3.340000e-05	1.416405e-01	-4.024812e+00
3.341000e-05	9.264024e-03	-4.233780e+00
3.342000e-05	-8.065157e-02	-4.422180e+00
3.343000e-05	4.665541e-02	-4.487090e+00
3.344000e-05	-9.158581e-02	-4.740172e+00
3.345000e-05	8.551386e-02	-4.938069e+00
3.346000e-05	-4.319650e-02	-5.074883e+00
3.347000e-05	-1.118379e-01	-5.246040e+00
3.348000e-05	1.126218e-01	-5.466960e+00
3.349000e-05	-3.474595e-02	-5.635461e+00
3.350000e-05	8.371355e-03	-5.813702e+00
3.351000e-05	-7.964732e-02	-5.938566e+00
3.352000e-05	-2.400900e-02	-6.078562e+00
3.353000e-05	8.617054e-02	-6.235507e+00
3.354000e-05	-1.007879e-01	-6.414883e+00
3.355000e-05	1.751029e-02	-6.549645e+00
3.356000e-05	-2.918312e-02	-6.697590e+00
3.357000e-05	1.130673e-02	-6.874865e+00
3.358000e-05	1.298750e-02	-7.014279e+00
3.359000e-05	-1.066220e-01	-7.162656e+00
3.360000e-05	3.806510e-02	-7.297013e+00
3.361000e-05	-2.784041e-02	-7.413908e+00
3.362000e-05	1.212793e-02	-7.581276e+00
3.363000e-05	-4.362065e-02	-7.679641e+00
3.364000e-05	-3.710700e-02	-7.858942e+00
3.365000e-05	3.361828e-02	-7.983154e+00
3.366000e-05	-4.938341e-02	-8.097518e+00
3.367000e-05	-1.102040e-02	-8.214229e+00
3.368000e-05	-5.145314e-02	-8.299120e+00
3.369000e-05	1.608573e-02	-8.404311e+00
3.370000e-05	-9.919928e-03	-8.501699e+00
3.371000e-05	-4.614473e-02	-8.697966e+00
3.372000e-05	-2.050157e-02	-8.742178e+00
3.373000e-05	-1.887035e-02	-8.866015e+00
3.374000e-05	2.072766e-03	-8.920100e+00
3.375000e-05	-4.976508e-02	-9.055259e+00
3.376000e-05	-2.820397e-02	-9.109043e+00
3.377000e-05	-1.007499e-02	-9.182730e+00
3.378000e-05	-1.109899e-02	-9.297561e+00
3.379000e-05	-3.263230e-02	-9.373671e+00
3.380000e-05	-4.163782e-02	-9.446334e+00
3.381000e-05	-1.266494e-02	-9.520119e+00
3.382000e-05	-1.618599e-02	-9.603707e+00
3.383000e-05	-3.281554e-02	-9.655410e+00
3.384000e-05	-3.977149e-02	-9.728039e+00
3.385000e-05	-1.795795e-02	-9.751175e+00
3.386000e-05	-1.550351e-02	-9.865281e+00
3.387000e-05	-3.324326e-02	-9.896865e+00
3.388000e-05	-4.203619e-02	-9.909469e+00
3.389000e-05	-2.598531e-02	-9.941124e+00
3.390000e-05	-1.776380e-02	-1.000265e+01
3.391000e-05	-3.347263e-02	-1.004378e+01
3.392000e-05	-4.150714e-02	-1.005486e+01
3.393000e-05	-3.068632e-02	-1.007954e+01
3.394000e-05	-2.018703e-02	-1.014004e+01
3.395000e-05	-3.507942e-02	-1.012415e+01
3.396000e-05	-4.333351e-02	-1.017420e+01
3.397000e-05	-3.567906e-02	-1.017415e+01
3.398000e-05	-2.367900e-02	-1.022425e+01
3.399000e-05	-3.415645e-02	-1.022686e+01
3.400000e-05	-4.635140e-02	-1.026371e+01
3.401000e-05	-4.008492e-02	-1.022526e+01
3.402000e-05	-3.144828e-02	-1.019426e+01
3.403000e-05	-3.555746e-02	-1.026431e+01
3.404000e-05	-4.931078e-02	-1.022475e+01
3.405000e-05	-4.702066e-02	-1.018716e+01
3.406000e-05	-3.755636e-02	-1.018215e+01
3.407000e-05	-4.330646e-02	-1.015107e+01
3.408000e-05	-5.551671e-02	-1.012007e+01
3.409000e-05	-5.705192e-02	-1.007636e+01
3.410000e-05	-4.737320e-02	-1.004329e+01
3.411000e-05	-5.088502e-02	-1.000468e+01
3.412000e-05	-6.411447e-02	-9.991099e+00
3.413000e-05	-6.667099e-02	-9.970444e+00
3.414000e-05	-6.234069e-02	-9.897315e+00
3.415000e-05	-6.385641e-02	-9.865333e+00
3.416000e-05	-7.932957e-02	-9.833579e+00
3.417000e-05	-8.536144e-02	-9.758996e+00
3.418000e-05	-8.237452e-02	-9.687387e+00
3.419000e-05	-8.603958e-02	-9.666758e+00
3.420000e-05	-9.806758e-02	-9.600507e+00
3.421000e-05	-1.057297e-01	-9.558946e+00
3.422000e-05	-1.014085e-01	-9.476284e+00
3.423000e-05	-1.006409e-01	-9.391545e+00
3.424000e-05	-1.062655e-01	-9.285812e+00
3.425000e-05	-1.105273e-01	-9.190029e+00
3.426000e-05	-1.033913e-01	-9.056316e+00
3.427000e-05	-9.532861e-02	-9.003179e+00
3.428000e-05	-9.569351e-02	-8.956870e+00
3.429000e-05	-9.513523e-02	-8.863159e+00
3.430000e-05	-8.569974e-02	-8.786370e+00
3.431000e-05	-7.492668e-02	-8.635605e+00
3.432000e-05	-7.372204e-02	-8.496771e+00
3.433000e-05	-7.337218e-02	-8.412530e+00
3.434000e-05	-6.750582e-02	-8.305290e+00
3.435000e-05	-5.935691e-02	-8.220047e+00
3.436000e-05	-5.578435e-02	-8.097291e+00
3.437000e-05	-5.667389e-02	-8.000001e+00
3.438000e-05	-5.112387e-02	-7.895334e+00
3.439000e-05	-4.375348e-02	-7.666636e+00
3.440000e-05	-4.120124e-02	-7.526893e+00
3.441000e-05	-4.324761e-02	-7.431024e+00
3.442000e-05	-4.067924e-02	-7.316256e+00
3.443000e-05	-3.384910e-02	-7.177898e+00
3.444000e-05	-3.216620e-02	-7.003574e+00
3.445000e-05	-3.475978e-02	-6.852532e+00
3.446000e-05	-3.306624e-02	-6.705264e+00
3.447000e-05	-2.663863e-02	-6.580922e+00
3.448000e-05	-2.451236e-02	-6.452558e+00
3.449000e-05	-2.658192e-02	-6.315787e+00
3.450000e-05	-2.617671e-02	-6.106235e+00
3.451000e-05	-2.260853e-02	-5.967820e+00
3.452000e-05	-2.031537e-02	-5.871978e+00
3.453000e-05	-2.223976e-02	-5.663183e+00
3.454000e-05	-2.244699e-02	-5.545770e+00
3.455000e-05	-1.816154e-02	-5.337138e+00
3.456000e-05	-1.509669e-02	-5.137692e+00
3.457000e-05	-1.810618e-02	-4.948722e+00
3.458000e-05	-1.864655e-02	-4.726640e+00
3.459000e-05	-1.703090e-02	-4.577871e+00
3.460000e-05	-1.153672e-02	-4.410527e+00
3.461000e-05	-1.523618e-02	-4.283107e+00
3.462000e-05	-1.463438e-02	-4.155717e+00
3.463000e-05	-1.434503e-02	-3.967399e+00
3.464000e-05	-1.020087e-02	-3.777250e+00
3.465000e-05	-1.287140e-02	-3.576349e+00
3.466000e-05	-1.214602e-02	-3.409953e+00
3.467000e-05	-1.238248e-02	-3.281532e+00
3.468000e-05	-7.528925e-03	-3.082084e+00
3.469000e-05	-1.028727e-02	-2.830954e+00
3.470000e-05	-1.043928e-02	-2.694136e+00
3.471000e-05	-1.168211e-02	-2.513460e+00
3.472000e-05	-6.824663e-03	-2.375692e+00
3.473000e-05	-7.084635e-03	-2.104058e+00
3.474000e-05	-7.183176e-03	-1.935168e+00
3.475000e-05	-7.808938e-03	-1.757195e+00
3.476000e-05	-5.340397e-03	-1.569354e+00
3.477000e-05	-5.898254e-03	-1.345166e+00
3.478000e-05	-8.076695e-03	-1.166143e+00
3.479000e-05	-6.953369e-03	-9.562434e-01
3.480000e-05	-5.933994e-03	-7.978738e-01
3.481000e-05	-2.052184e-03	-5.561424e-01
3.482000e-05	-4.625424e-03	-3.682709e-01
3.483000e-05	-3.878698e-03	-2.384749e-01
3.484000e-05	-2.181730e-04	-5.102507e-02
3.485000e-05	5.040549e-03	1.286214e-01
3.486000e-05	-2.119366e-03	3.794961e-01
3.487000e-05	4.957145e-04	4.864397e-01
3.488000e-05	-1.238883e-03	6.553879e-01
3.489000e-05	3.232394e-03	8.212279e-01
3.490000e-05	8.377256e-04	1.014855e+00
3.491000e-05	3.225343e-03	1.243833e+00
3.492000e-05	1.463726e-02	1.413432e+00
3.493000e-05	6.226420e-02	1.657036e+00
3.494000e-05	2.045203e-02	1.897442e+00
3.495000e-05	-4.849378e-02	2.105437e+00
3.496000e-05	-4.672593e-02	2.254808e+00
3.497000e-05	-4.679476e-02	2.380576e+00
3.498000e-05	-1.256834e-02	2.457037e+00
3.499000e-05	1.195160e-01	2.698517e+00
3.500000e-05	-7.038192e-02	2.908062e+00
3.501000e-05	-2.448697e-02	3.012731e+00
3.502000e-05	1.269089e-01	3.191803e+00
3.503000e-05	-3.604490e-02	3.445911e+00
3.504000e-05	4.870304e-03	3.579628e+00
3.505000e-05	-7.977545e-03	3.699121e+00
3.506000e-05	-6.738369e-02	3.938492e+00
3.507000e-05	8.915910e-02	4.084862e+00
3.508000e-05	2.937135e-02	4.299948e+00
3.509000e-05	-4.270317e-02	4.444910e+00
3.510000e-05	2.579721e-02	4.635338e+00
3.511000e-05	-1.533056e-02	4.823378e+00
3.512000e-05	4.843027e-02	5.013323e+00
3.513000e-05	-1.579041e-02	5.245958e+00
3.514000e-05	-2.448831e-02	5.393831e+00
3.515000e-05	3.970266e-02	5.551601e+00
3.516000e-05	3.616349e-02	5.697593e+00
3.517000e-05	7.789439e-03	5.856590e+00
3.518000e-05	-4.287716e-02	6.075461e+00
3.519000e-05	2.396301e-02	6.191725e+00
3.520000e-05	4.174695e-02	6.299069e+00
3.521000e-05	-4.593909e-03	6.455437e+00
3.522000e-05	8.996685e-03	6.618382e+00
3.523000e-05	4.430382e-03	6.793256e+00
3.524000e-05	2.901229e-02	6.919547e+00
3.525000e-05	1.779476e-02	7.056358e+00
3.526000e-05	-1.818947e-02	7.192275e+00
3.527000e-05	1.324459e-02	7.290045e+00
3.528000e-05	2.161700e-02	7.509592e+00
3.529000e-05	3.264588e-02	7.635284e+00
3.530000e-05	-4.691113e-03	7.781155e+00
3.531000e-05	9.607312e-03	7.930137e+00
3.532000e-05	2.715467e-02	8.096936e+00
3.533000e-05	1.468370e-02	8.172203e+00
3.534000e-05	8.520429e-03	8.276940e+00
3.535000e-05	6.520978e-04	8.352176e+00
3.536000e-05	3.009515e-02	8.466308e+00
3.537000e-05	2.433612e-02	8.540545e+00
3.538000e-05	1.233146e-02	8.634759e+00
3.539000e-05	7.738433e-03	8.710569e+00
3.540000e-05	2.337442e-02	8.824304e+00
3.541000e-05	2.518291e-02	8.902116e+00
3.542000e-05	9.221821e-03	9.016885e+00
3.543000e-05	1.226135e-02	9.161046e+00
3.544000e-05	2.347511e-02	9.222129e+00
3.545000e-05	2.986552e-02	9.256364e+00
3.546000e-05	1.615692e-02	9.330572e+00
3.547000e-05	1.352852e-02	9.434230e+00
3.548000e-05	2.186564e-02	9.478389e+00
3.549000e-05	2.752506e-02	9.559549e+00
3.550000e-05	1.766156e-02	9.602228e+00
3.551000e-05	1.607213e-02	9.646464e+00
3.552000e-05	2.546976e-02	9.742491e+00
3.553000e-05	3.100210e-02	9.785181e+00
3.554000e-05	2.272274e-02	9.868388e+00
3.555000e-05	1.503403e-02	9.888967e+00
3.556000e-05	2.350301e-02	9.972049e+00
3.557000e-05	2.909496e-02	9.981700e+00
3.558000e-05	2.609728e-02	1.005275e+01
3.559000e-05	1.972526e-02	1.003530e+01
3.560000e-05	2.649573e-02	1.005638e+01
3.561000e-05	3.113872e-02	1.007739e+01
3.562000e-05	2.993429e-02	1.007697e+01
3.563000e-05	2.318262e-02	1.011952e+01
3.564000e-05	2.774638e-02	1.012897e+01
3.565000e-05	3.522488e-02	1.015152e+01
3.566000e-05	3.286081e-02	1.015062e+01
3.567000e-05	2.722665e-02	1.017147e+01
3.568000e-05	2.920873e-02	1.015854e+01
3.569000e-05	3.804970e-02	1.016002e+01
3.570000e-05	3.878710e-02	1.009947e+01
3.571000e-05	3.480850e-02	1.015002e+01
3.572000e-05	3.735544e-02	1.007942e+01
3.573000e-05	4.469908e-02	1.010681e+01
3.574000e-05	4.597841e-02	1.006531e+01
3.575000e-05	4.138172e-02	1.006171e+01
3.576000e-05	4.410125e-02	1.002268e+01
3.577000e-05	5.277357e-02	1.000060e+01
3.578000e-05	5.720033e-02	9.959993e+00
3.579000e-05	5.435430e-02	9.907887e+00
3.580000e-05	5.672612e-02	9.833687e+00
3.581000e-05	6.608711e-02	9.793179e+00
3.582000e-05	7.185358e-02	9.727416e+00
3.583000e-05	7.127498e-02	9.664156e+00
3.584000e-05	7.640547e-02	9.581652e+00
3.585000e-05	8.653867e-02	9.539395e+00
3.586000e-05	9.447252e-02	9.465261e+00
3.587000e-05	9.373737e-02	9.431102e+00
3.588000e-05	9.468553e-02	9.368920e+00
3.589000e-05	1.006314e-01	9.286758e+00
3.590000e-05	1.030406e-01	9.223050e+00
3.591000e-05	9.879658e-02	9.158394e+00
3.592000e-05	9.241388e-02	9.063109e+00
3.593000e-05	9.230957e-02	8.937368e+00
3.594000e-05	8.970510e-02	8.800504e+00
3.595000e-05	8.390302e-02	8.737841e+00
3.596000e-05	7.578279e-02	8.653157e+00
3.597000e-05	7.209454e-02	8.549394e+00
3.598000e-05	6.964687e-02	8.463057e+00
3.599000e-05	6.380678e-02	8.419448e+00
3.600000e-05	5.599301e-02	8.263656e+00
3.601000e-05	5.363496e-02	8.157741e+00
3.602000e-05	5.132040e-02	8.010999e+00
3.603000e-05	4.801630e-02	7.865241e+00
3.604000e-05	3.933113e-02	7.789896e+00
3.605000e-05	3.707269e-02	7.653083e+00
3.606000e-05	3.704545e-02	7.526262e+00
3.607000e-05	3.418658e-02	7.328339e+00
3.608000e-05	2.972444e-02	7.178995e+00
3.609000e-05	2.671653e-02	7.073658e+00
3.610000e-05	2.853607e-02	6.946840e+00
3.611000e-05	2.583520e-02	6.810532e+00
3.612000e-05	2.123654e-02	6.696632e+00
3.613000e-05	1.927326e-02	6.474633e+00
3.614000e-05	1.970394e-02	6.348844e+00
3.615000e-05	1.923523e-02	6.230901e+00
3.616000e-05	1.503576e-02	6.053612e+00
3.617000e-05	1.276336e-02	5.977364e+00
3.618000e-05	1.473052e-02	5.778925e+00
3.619000e-05	1.574285e-02	5.568374e+00
3.620000e-05	1.288834e-02	5.440953e+00
3.621000e-05	9.370235e-03	5.264007e+00
3.622000e-05	1.041961e-02	5.081508e+00
3.623000e-05	9.829812e-03	4.811032e+00
3.624000e-05	7.468043e-03	4.685105e+00
3.625000e-05	4.690050e-03	4.546766e+00
3.626000e-05	6.796396e-03	4.379397e+00
3.627000e-05	8.044643e-03	4.219820e+00
3.628000e-05	6.667951e-03	3.988897e+00
3.629000e-05	3.697076e-03	3.871981e+00
3.630000e-05	3.488932e-03	3.652558e+00
3.631000e-05	5.355040e-03	3.554193e+00
3.632000e-05	4.444649e-03	3.315540e+00
3.633000e-05	4.954981e-04	3.135245e+00
3.634000e-05	1.187929e-03	2.996268e+00
3.635000e-05	3.050212e-03	2.810475e+00
3.636000e-05	2.252076e-03	2.608721e+00
3.637000e-05	-1.339003e-03	2.359297e+00
3.638000e-05	-8.025072e-04	2.218872e+00
3.639000e-05	1.070361e-03	2.029980e+00
3.640000e-05	1.168004e-03	1.914634e+00
3.641000e-05	-1.711282e-03	1.673982e+00
3.642000e-05	-3.431531e-03	1.463554e+00
3.643000e-05	-1.465379e-03	1.333534e+00
3.644000e-05	-6.259732e-04	1.083003e+00
3.645000e-05	-3.817204e-03	8.729515e-01
3.646000e-05	-4.467702e-03	7.110779e-01
3.647000e-05	-3.048401e-03	5.135855e-01
3.648000e-05	-1.948825e-03	3.146404e-01
3.649000e-05	-4.033824e-03	9.505934e-02
3.650000e-05	-3.128161e-03	-5.486084e-02
3.651000e-05	1.962344e-03	-2.438082e-01
3.652000e-05	-7.307166e-04	-3.907013e-01
3.653000e-05	-2.580985e-03	-5.627304e-01
3.654000e-05	-7.448668e-03	-8.016775e-01
3.655000e-05	-3.404513e-03	-9.680197e-01
3.656000e-05	-4.534167e-03	-1.076986e+00
3.657000e-05	-6.034458e-04	-1.295940e+00
3.658000e-05	3.413372e-02	-1.497467e+00
3.659000e-05	6.600519e-02	-1.656013e+00
3.660000e-05	-5.528820e-02	-1.950072e+00
3.661000e-05	-4.629131e-02	-2.194354e+00
3.662000e-05	-9.225243e-02	-2.423179e+00
3.663000e-05	-2.789971e-02	-2.548891e+00
3.664000e-05	1.573110e-01	-2.560675e+00
3.665000e-05	-1.100960e-01	-2.762804e+00
3.666000e-05	-4.309754e-02	-3.074330e+00
3.667000e-05	1.495811e-01	-3.128521e+00
3.668000e-05	-9.178328e-02	-3.340723e+00
3.669000e-05	2.482733e-02	-3.558444e+00
3.670000e-05	-1.411241e-02	-3.633383e+00
3.671000e-05	-1.554092e-01	-3.910989e+00
3.672000e-05	1.400295e-01	-4.052309e+00
3.673000e-05	1.291299e-02	-4.212882e+00
3.674000e-05	-8.316463e-02	-4.402750e+00
3.675000e-05	4.696029e-02	-4.489592e+00
3.676000e-05	-8.939632e-02	-4.739647e+00
3.677000e-05	8.469628e-02	-4.949049e+00
3.678000e-05	-4.011386e-02	-5.047011e+00
3.679000e-05	-1.143802e-01	-5.216410e+00
3.680000e-05	1.127194e-01	-5.437460e+00
3.681000e-05	-3.289356e-02	-5.646412e+00
3.682000e-05	8.415096e-03	-5.793279e+00
3.683000e-05	-7.801512e-02	-5.930040e+00
3.684000e-05	-2.670200e-02	-6.068032e+00
3.685000e-05	8.882738e-02	-6.245960e+00
3.686000e-05	-1.001153e-01	-6.434407e+00
3.687000e-05	1.562690e-02	-6.550148e+00
3.688000e-05	-2.779968e-02	-6.696515e+00
3.689000e-05	9.583799e-03	-6.816406e+00
3.690000e-05	1.502663e-02	-7.001252e+00
3.691000e-05	-1.083844e-01	-7.162129e+00
3.692000e-05	3.741548e-02	-7.276437e+00
3.693000e-05	-2.704690e-02	-7.415330e+00
3.694000e-05	1.155184e-02	-7.571296e+00
3.695000e-05	-4.311370e-02	-7.679041e+00
3.696000e-05	-3.836461e-02	-7.917943e+00
3.697000e-05	3.360029e-02	-7.983803e+00
3.698000e-05	-4.793172e-02	-8.118120e+00
3.699000e-05	-1.181751e-02	-8.196280e+00
3.700000e-05	-5.155323e-02	-8.309045e+00
3.701000e-05	1.564548e-02	-8.412882e+00
3.702000e-05	-8.221560e-03	-8.531621e+00
3.703000e-05	-4.640848e-02	-8.627490e+00
3.704000e-05	-2.073116e-02	-8.791150e+00
3.705000e-05	-1.909160e-02	-8.876340e+00
3.706000e-05	3.254481e-03	-8.931049e+00
3.707000e-05	-5.024679e-02	-9.085307e+00
3.708000e-05	-2.962981e-02	-9.097993e+00
3.709000e-05	-1.036373e-02	-9.181726e+00
3.710000e-05	-9.891516e-03	-9.256413e+00
3.711000e-05	-3.243639e-02	-9.310166e+00
3.712000e-05	-4.317590e-02	-9.435383e+00
3.713000e-05	-1.192763e-02	-9.529070e+00
3.714000e-05	-1.444937e-02	-9.593755e+00
3.715000e-05	-3.351782e-02	-9.666842e+00
3.716000e-05	-4.071512e-02	-9.699020e+00
3.717000e-05	-1.896688e-02	-9.741126e+00
3.718000e-05	-1.434898e-02	-9.834783e+00
3.719000e-05	-3.337032e-02	-9.897838e+00
3.720000e-05	-4.315747e-02	-9.897490e+00
3.721000e-05	-2.622522e-02	-9.991450e+00
3.722000e-05	-1.682813e-02	-9.963730e+00
3.723000e-05	-3.219510e-02	-1.005523e+01
3.724000e-05	-4.118504e-02	-1.004531e+01
3.725000e-05	-3.147406e-02	-1.009701e+01
3.726000e-05	-2.089320e-02	-1.012059e+01
3.727000e-05	-3.483108e-02	-1.019064e+01
3.728000e-05	-4.295135e-02	-1.022415e+01
3.729000e-05	-3.619592e-02	-1.016518e+01
3.730000e-05	-2.284203e-02	-1.019478e+01
3.731000e-05	-3.348945e-02	-1.026633e+01
3.732000e-05	-4.559729e-02	-1.022663e+01
3.733000e-05	-4.172383e-02	-1.028428e+01
3.734000e-05	-3.148158e-02	-1.023431e+01
3.735000e-05	-3.626396e-02	-1.026630e+01
3.736000e-05	-4.926136e-02	-1.018215e+01
3.737000e-05	-4.761162e-02	-1.018468e+01
3.738000e-05	-3.778723e-02	-1.016263e+01
3.739000e-05	-4.273870e-02	-1.019297e+01
3.740000e-05	-5.597154e-02	-1.009844e+01
3.741000e-05	-5.779522e-02	-1.005633e+01
3.742000e-05	-4.752169e-02	-1.002574e+01
3.743000e-05	-4.917382e-02	-1.000268e+01
3.744000e-05	-6.364990e-02	-1.002205e+01
3.745000e-05	-6.710742e-02	-9.949440e+00
3.746000e-05	-6.283351e-02	-9.925912e+00
3.747000e-05	-6.378058e-02	-9.854838e+00
3.748000e-05	-7.877851e-02	-9.813181e+00
3.749000e-05	-8.545136e-02	-9.799519e+00
3.750000e-05	-8.234624e-02	-9.716364e+00
3.751000e-05	-8.478809e-02	-9.675207e+00
3.752000e-05	-9.712777e-02	-9.602078e+00
3.753000e-05	-1.070072e-01	-9.587970e+00
3.754000e-05	-1.029241e-01	-9.486759e+00
3.755000e-05	-1.011425e-01	-9.410076e+00
3.756000e-05	-1.066153e-01	-9.296787e+00
3.757000e-05	-1.109125e-01	-9.200576e+00
3.758000e-05	-1.032597e-01	-9.126713e+00
3.759000e-05	-9.443591e-02	-9.062576e+00
3.760000e-05	-9.427578e-02	-8.918296e+00
3.761000e-05	-9.489474e-02	-8.853108e+00
3.762000e-05	-8.670856e-02	-8.809948e+00
3.763000e-05	-7.516301e-02	-8.685177e+00
3.764000e-05	-7.388339e-02	-8.488666e+00
3.765000e-05	-7.439343e-02	-8.400953e+00
3.766000e-05	-6.753948e-02	-8.296316e+00
3.767000e-05	-5.806059e-02	-8.201078e+00
3.768000e-05	-5.541367e-02	-8.095234e+00
3.769000e-05	-5.677446e-02	-8.011504e+00
3.770000e-05	-5.197168e-02	-7.874082e+00
3.771000e-05	-4.368285e-02	-7.704307e+00
3.772000e-05	-4.168635e-02	-7.547417e+00
3.773000e-05	-4.400246e-02	-7.423978e+00
3.774000e-05	-4.029322e-02	-7.314737e+00
3.775000e-05	-3.399864e-02	-7.187921e+00
3.776000e-05	-3.175043e-02	-7.050002e+00
3.777000e-05	-3.494437e-02	-6.863007e+00
3.778000e-05	-3.280465e-02	-6.756265e+00
3.779000e-05	-2.685029e-02	-6.589346e+00
3.780000e-05	-2.450888e-02	-6.442957e+00
3.781000e-05	-2.683798e-02	-6.305715e+00
3.782000e-05	-2.687673e-02	-6.116737e+00
3.783000e-05	-2.257574e-02	-5.958353e+00
3.784000e-05	-1.985775e-02	-5.810528e+00
3.785000e-05	-2.232285e-02	-5.694032e+00
3.786000e-05	-2.268720e-02	-5.536267e+00
3.787000e-05	-1.899925e-02	-5.303712e+00
3.788000e-05	-1.552264e-02	-5.136791e+00
3.789000e-05	-1.750563e-02	-4.978295e+00
3.790000e-05	-1.875009e-02	-4.756612e+00
3.791000e-05	-1.694953e-02	-4.587899e+00
3.792000e-05	-1.240232e-02	-4.451501e+00
3.793000e-05	-1.504783e-02	-4.283113e+00
3.794000e-05	-1.410529e-02	-4.115239e+00
3.795000e-05	-1.495134e-02	-3.988794e+00
3.796000e-05	-1.048080e-02	-3.818220e+00
3.797000e-05	-1.254166e-02	-3.577850e+00
3.798000e-05	-1.130425e-02	-3.400925e+00
3.799000e-05	-1.166438e-02	-3.271976e+00
3.800000e-05	-8.797840e-03	-3.101539e+00
3.801000e-05	-9.374420e-03	-2.871956e+00
3.802000e-05	-1.073189e-02	-2.693138e+00
3.803000e-05	-1.099464e-02	-2.544684e+00
3.804000e-05	-7.489396e-03	-2.356719e+00
3.805000e-05	-7.048999e-03	-2.104565e+00
3.806000e-05	-7.175270e-03	-1.956767e+00
3.807000e-05	-7.311329e-03	-1.776797e+00
3.808000e-05	-6.617247e-03	-1.599449e+00
3.809000e-05	-5.518659e-03	-1.356068e+00
3.810000e-05	-7.755835e-03	-1.157719e+00
3.811000e-05	-6.079712e-03	-9.652210e-01
3.812000e-05	-5.770317e-03	-7.383475e-01
3.813000e-05	-2.180963e-03	-5.562210e-01
3.814000e-05	-4.552089e-03	-3.788197e-01
3.815000e-05	-4.212056e-03	-2.294025e-01
3.816000e-05	-7.226895e-04	-7.093127e-02
3.817000e-05	5.122172e-03	1.402186e-01
3.818000e-05	-1.922239e-03	3.795436e-01
3.819000e-05	6.987643e-04	4.858646e-01
3.820000e-05	-1.349328e-03	6.353333e-01
3.821000e-05	3.296351e-03	8.232991e-01
3.822000e-05	-7.468746e-05	1.026883e+00
3.823000e-05	3.511793e-03	1.234279e+00
3.824000e-05	1.417544e-02	1.421283e+00
3.825000e-05	6.323782e-02	1.667436e+00
3.826000e-05	2.206719e-02	1.896940e+00
3.827000e-05	-4.875454e-02	2.105962e+00
3.828000e-05	-4.803390e-02	2.253836e+00
3.829000e-05	-4.622551e-02	2.360603e+00
3.830000e-05	-1.474104e-02	2.526037e+00
3.831000e-05	1.193878e-01	2.708017e+00
3.832000e-05	-6.828611e-02	2.907441e+00
3.833000e-05	-2.658584e-02	3.033254e+00
3.834000e-05	1.278434e-01	3.183854e+00
3.835000e-05	-3.397228e-02	3.443334e+00
3.836000e-05	2.930110e-03	3.580624e+00
3.837000e-05	-6.065810e-03	3.739600e+00
3.838000e-05	-6.917533e-02	3.949545e+00
3.839000e-05	8.668322e-02	4.046411e+00
3.840000e-05	3.059456e-02	4.318511e+00
3.841000e-05	-4.347350e-02	4.444335e+00
3.842000e-05	2.496118e-02	4.654336e+00
3.843000e-05	-1.587667e-02	4.793277e+00
3.844000e-05	4.842518e-02	4.993873e+00
3.845000e-05	-1.276026e-02	5.233838e+00
3.846000e-05	-2.562342e-02	5.413778e+00
3.847000e-05	3.785366e-02	5.560195e+00
3.848000e-05	3.680066e-02	5.717440e+00
3.849000e-05	7.733770e-03	5.918517e+00
3.850000e-05	-4.294515e-02	6.045209e+00
3.851000e-05	2.161582e-02	6.202749e+00
3.852000e-05	4.267074e-02	6.289596e+00
3.853000e-05	-4.936535e-03	6.467961e+00
3.854000e-05	9.028645e-03	6.666887e+00
3.855000e-05	4.116298e-03	6.794203e+00
3.856000e-05	2.824722e-02	6.948470e+00
3.857000e-05	1.974409e-02	7.075338e+00
3.858000e-05	-1.881563e-02	7.192224e+00
3.859000e-05	1.251135e-02	7.279048e+00
3.860000e-05	2.083990e-02	7.478590e+00
3.861000e-05	3.279871e-02	7.683833e+00
3.862000e-05	-4.373762e-03	7.772277e+00
3.863000e-05	8.738334e-03	7.909092e+00
3.864000e-05	2.628724e-02	8.045934e+00
3.865000e-05	1.589862e-02	8.141149e+00
3.866000e-05	9.737434e-03	8.307438e+00
3.867000e-05	7.827810e-04	8.391626e+00
3.868000e-05	2.838449e-02	8.456785e+00
3.869000e-05	2.464130e-02	8.529644e+00
3.870000e-05	1.324851e-02	8.645309e+00
3.871000e-05	7.113772e-03	8.759520e+00
3.872000e-05	2.180053e-02	8.824279e+00
3.873000e-05	2.543677e-02	8.939540e+00
3.874000e-05	1.075942e-02	9.005779e+00
3.875000e-05	1.098227e-02	9.161070e+00
3.876000e-05	2.197898e-02	9.202276e+00
3.877000e-05	2.930975e-02	9.286411e+00
3.878000e-05	1.664145e-02	9.340625e+00
3.879000e-05	1.251458e-02	9.434305e+00
3.880000e-05	2.139211e-02	9.487468e+00
3.881000e-05	2.722760e-02	9.569024e+00
3.882000e-05	1.937169e-02	9.641751e+00
3.883000e-05	1.622741e-02	9.666462e+00
3.884000e-05	2.452588e-02	9.741070e+00
3.885000e-05	2.949151e-02	9.793699e+00
3.886000e-05	2.295789e-02	9.868337e+00
3.887000e-05	1.621502e-02	9.920014e+00
3.888000e-05	2.400228e-02	9.960050e+00
3.889000e-05	2.916042e-02	1.000265e+01
3.890000e-05	2.653549e-02	1.001415e+01
3.891000e-05	2.018982e-02	1.004430e+01
3.892000e-05	2.665071e-02	1.006538e+01
3.893000e-05	3.142300e-02	1.008839e+01
3.894000e-05	2.974453e-02	1.012791e+01
3.895000e-05	2.307879e-02	1.013849e+01
3.896000e-05	2.784024e-02	1.011947e+01
3.897000e-05	3.480431e-02	1.011845e+01
3.898000e-05	3.190081e-02	1.017060e+01
3.899000e-05	2.790831e-02	1.015897e+01
3.900000e-05	2.934717e-02	1.013047e+01
3.901000e-05	3.762145e-02	1.016992e+01
3.902000e-05	3.813796e-02	1.010954e+01
3.903000e-05	3.501996e-02	1.015839e+01
3.904000e-05	3.694603e-02	1.008842e+01
3.905000e-05	4.396921e-02	1.010896e+01
3.906000e-05	4.670165e-02	1.008683e+01
3.907000e-05	4.201201e-02	1.005418e+01
3.908000e-05	4.357147e-02	1.003260e+01
3.909000e-05	5.191253e-02	9.990470e+00
3.910000e-05	5.717009e-02	9.939024e+00
3.911000e-05	5.468414e-02	9.918308e+00
3.912000e-05	5.767044e-02	9.846287e+00
3.913000e-05	6.496787e-02	9.761697e+00
3.914000e-05	7.160695e-02	9.737966e+00
3.915000e-05	7.250171e-02	9.683760e+00
3.916000e-05	7.617685e-02	9.602651e+00
3.917000e-05	8.545526e-02	9.559915e+00
3.918000e-05	9.340908e-02	9.485210e+00
3.919000e-05	9.459212e-02	9.440056e+00
3.920000e-05	9.388852e-02	9.348396e+00
3.921000e-05	1.003243e-01	9.277212e+00
3.922000e-05	1.031473e-01	9.221526e+00
3.923000e-05	1.008917e-01	9.159395e+00
3.924000e-05	9.206920e-02	9.083780e+00
3.925000e-05	9.271756e-02	8.909390e+00
3.926000e-05	8.853945e-02	8.831553e+00
3.927000e-05	8.542781e-02	8.727794e+00
3.928000e-05	7.541359e-02	8.673681e+00
3.929000e-05	7.270994e-02	8.538965e+00
3.930000e-05	6.952999e-02	8.484658e+00
3.931000e-05	6.500221e-02	8.378449e+00
3.932000e-05	5.554206e-02	8.264654e+00
3.933000e-05	5.339572e-02	8.127191e+00
3.934000e-05	5.109834e-02	8.021003e+00
3.935000e-05	4.808218e-02	7.936708e+00
3.936000e-05	4.022209e-02	7.779921e+00
3.937000e-05	3.798946e-02	7.623056e+00
3.938000e-05	3.686070e-02	7.536258e+00
3.939000e-05	3.488468e-02	7.328315e+00
3.940000e-05	2.920789e-02	7.197921e+00
3.941000e-05	2.681568e-02	7.092609e+00
3.942000e-05	2.738539e-02	6.936814e+00
3.943000e-05	2.699471e-02	6.822452e+00
3.944000e-05	2.294577e-02	6.693682e+00
3.945000e-05	1.935339e-02	6.496637e+00
3.946000e-05	1.937164e-02	6.338846e+00
3.947000e-05	1.930280e-02	6.211002e+00
3.948000e-05	1.604450e-02	6.064633e+00
3.949000e-05	1.330325e-02	5.977844e+00
3.950000e-05	1.354900e-02	5.785842e+00
3.951000e-05	1.485167e-02	5.599945e+00
3.952000e-05	1.214197e-02	5.441980e+00
3.953000e-05	1.020458e-02	5.254078e+00
3.954000e-05	1.028749e-02	5.093004e+00
3.955000e-05	1.191658e-02	4.842504e+00
3.956000e-05	7.760546e-03	4.704635e+00
3.957000e-05	5.595074e-03	4.527291e+00
3.958000e-05	6.304285e-03	4.399247e+00
3.959000e-05	7.926641e-03	4.200396e+00
3.960000e-05	6.273099e-03	4.009499e+00
3.961000e-05	3.140660e-03	3.850981e+00
3.962000e-05	3.220031e-03	3.683633e+00
3.963000e-05	5.804082e-03	3.546637e+00
3.964000e-05	3.920116e-03	3.353559e+00
3.965000e-05	1.574598e-03	3.134640e+00
3.966000e-05	8.944177e-04	3.008346e+00
3.967000e-05	3.514810e-03	2.790422e+00
3.968000e-05	1.696969e-03	2.609802e+00
3.969000e-05	-1.806064e-04	2.369871e+00
3.970000e-05	-1.504933e-03	2.210848e+00
3.971000e-05	5.412839e-04	2.032001e+00
3.972000e-05	5.993969e-04	1.863962e+00
3.973000e-05	-9.101752e-04	1.643030e+00
3.974000e-05	-2.280841e-03	1.482005e+00
3.975000e-05	-1.836381e-03	1.293058e+00
3.976000e-05	-2.627703e-03	1.122955e+00
3.977000e-05	-3.269874e-03	8.504778e-01
3.978000e-05	-3.193705e-03	6.719577e-01
3.979000e-05	-3.277584e-03	4.825615e-01
3.980000e-05	-3.277178e-03	3.455867e-01
3.981000e-05	-3.686479e-03	1.135105e-01
3.982000e-05	-3.026072e-03	-8.591215e-02
3.983000e-05	1.829841e-03	-2.542868e-01
3.984000e-05	-2.468054e-03	-4.107003e-01
3.985000e-05	-1.823399e-03	-5.817253e-01
3.986000e-05	-6.182202e-03	-8.006774e-01
3.987000e-05	-3.776580e-03	-9.280411e-01
3.988000e-05	-5.423231e-03	-1.076515e+00
3.989000e-05	-2.949020e-04	-1.227413e+00
3.990000e-05	3.453695e-02	-1.498991e+00
3.991000e-05	6.688452e-02	-1.656461e+00
3.992000e-05	-5.637033e-02	-1.929170e+00
3.993000e-05	-4.644414e-02	-2.224308e+00
3.994000e-05	-9.052797e-02	-2.423655e+00
3.995000e-05	-2.971402e-02	-2.506870e+00
3.996000e-05	1.562992e-01	-2.571652e+00
3.997000e-05	-1.072733e-01	-2.761230e+00
3.998000e-05	-4.721208e-02	-3.012783e+00
3.999000e-05	1.509392e-01	-3.147392e+00
4.000000e-05	-9.067363e-02	-3.350149e+00
4.001000e-05	2.245001e-02	-3.559469e+00
4.002000e-05	-1.073259e-02	-3.643340e+00
4.003000e-05	-1.556744e-01	-3.938515e+00
4.004000e-05	1.375697e-01	-4.043831e+00
4.005000e-05	1.565072e-02	-4.213806e+00
4.006000e-05	-8.552004e-02	-4.414205e+00
4.007000e-05	4.847069e-02	-4.488111e+00
4.008000e-05	-9.061709e-02	-4.720724e+00
4.009000e-05	8.342902e-02	-4.949597e+00
4.010000e-05	-3.601450e-02	-5.037434e+00
4.011000e-05	-1.168443e-01	-5.276060e+00
4.012000e-05	1.109389e-01	-5.434933e+00
4.013000e-05	-3.130911e-02	-5.646460e+00
4.014000e-05	6.925518e-03	-5.822729e+00
4.015000e-05	-7.607767e-02	-5.920069e+00
4.016000e-05	-2.858554e-02	-6.137064e+00
4.017000e-05	9.065066e-02	-6.264912e+00
4.018000e-05	-9.922280e-02	-6.414307e+00
4.019000e-05	1.386894e-02	-6.530648e+00
4.020000e-05	-2.714728e-02	-6.667437e+00
4.021000e-05	7.505805e-03	-6.845385e+00
4.022000e-05	1.724849e-02	-6.980353e+00
4.023000e-05	-1.072669e-01	-7.151700e+00
4.024000e-05	3.723009e-02	-7.285016e+00
4.025000e-05	-2.673548e-02	-7.414309e+00
4.026000e-05	1.096267e-02	-7.560653e+00
4.027000e-05	-4.136555e-02	-7.699614e+00
4.028000e-05	-3.901241e-02	-7.888440e+00
4.029000e-05	3.258824e-02	-7.982680e+00
4.030000e-05	-4.880450e-02	-8.079539e+00
4.031000e-05	-1.184049e-02	-8.253327e+00
4.032000e-05	-5.100412e-02	-8.309042e+00
4.033000e-05	1.304604e-02	-8.435360e+00
4.034000e-05	-7.674051e-03	-8.529092e+00
4.035000e-05	-4.511070e-02	-8.666420e+00
4.036000e-05	-1.828185e-02	-8.771700e+00
4.037000e-05	-1.848560e-02	-8.864990e+00
4.038000e-05	1.736499e-03	-8.942123e+00
4.039000e-05	-4.979051e-02	-9.035308e+00
4.040000e-05	-3.241215e-02	-9.127544e+00
4.041000e-05	-1.173682e-02	-9.213282e+00
4.042000e-05	-1.210668e-02	-9.287537e+00
4.043000e-05	-2.999497e-02	-9.322093e+00
4.044000e-05	-4.060994e-02	-9.425910e+00
4.045000e-05	-1.084213e-02	-9.519622e+00
4.046000e-05	-1.624164e-02	-9.593232e+00
4.047000e-05	-3.410708e-02	-9.676363e+00
4.048000e-05	-4.199163e-02	-9.707544e+00
4.049000e-05	-2.023541e-02	-9.791123e+00
4.050000e-05	-1.541588e-02	-9.855282e+00
4.051000e-05	-3.225113e-02	-9.886916e+00
4.052000e-05	-3.996452e-02	-9.928469e+00
4.053000e-05	-2.508793e-02	-9.951099e+00
4.054000e-05	-1.667324e-02	-9.982226e+00
4.055000e-05	-3.429576e-02	-1.001336e+01
4.056000e-05	-4.182294e-02	-1.007588e+01
4.057000e-05	-3.216791e-02	-1.010744e+01
4.058000e-05	-2.120149e-02	-1.017102e+01
4.059000e-05	-3.468305e-02	-1.018370e+01
4.060000e-05	-4.210363e-02	-1.018160e+01
4.061000e-05	-3.472552e-02	-1.019275e+01
4.062000e-05	-2.293503e-02	-1.020476e+01
4.063000e-05	-3.372128e-02	-1.021586e+01
4.064000e-05	-4.769105e-02	-1.024571e+01
4.065000e-05	-4.078256e-02	-1.021536e+01
4.066000e-05	-3.266006e-02	-1.021673e+01
4.067000e-05	-3.616949e-02	-1.023488e+01
4.068000e-05	-5.036646e-02	-1.024166e+01
4.069000e-05	-4.528245e-02	-1.021312e+01
4.070000e-05	-3.674808e-02	-1.017220e+01
4.071000e-05	-4.365471e-02	-1.018007e+01
4.072000e-05	-5.728045e-02	-1.011907e+01
4.073000e-05	-5.672855e-02	-1.008631e+01
4.074000e-05	-4.705352e-02	-1.006518e+01
4.075000e-05	-5.103213e-02	-1.001365e+01
4.076000e-05	-6.358758e-02	-1.000160e+01
4.077000e-05	-6.601193e-02	-9.938424e+00
4.078000e-05	-6.162580e-02	-9.937440e+00
4.079000e-05	-6.467100e-02	-9.875837e+00
4.080000e-05	-7.887360e-02	-9.842680e+00
4.081000e-05	-8.495213e-02	-9.759495e+00
4.082000e-05	-8.196993e-02	-9.708366e+00
4.083000e-05	-8.583461e-02	-9.664262e+00
4.084000e-05	-9.785786e-02	-9.642151e+00
4.085000e-05	-1.054886e-01	-9.549923e+00
4.086000e-05	-1.014354e-01	-9.485206e+00
4.087000e-05	-1.029186e-01	-9.340699e+00
4.088000e-05	-1.072435e-01	-9.266261e+00
4.089000e-05	-1.097181e-01	-9.220500e+00
4.090000e-05	-1.019207e-01	-9.116867e+00
4.091000e-05	-9.587110e-02	-9.022154e+00
4.092000e-05	-9.617154e-02	-8.956838e+00
4.093000e-05	-9.376366e-02	-8.863634e+00
4.094000e-05	-8.570138e-02	-8.759946e+00
4.095000e-05	-7.656322e-02	-8.665209e+00
4.096000e-05	-7.510709e-02	-8.507314e+00
4.097000e-05	-7.437111e-02	-8.431576e+00
4.098000e-05	-6.687317e-02	-8.346312e+00
4.099000e-05	-5.947938e-02	-8.223080e+00
4.100000e-05	-5.719515e-02	-8.105688e+00
4.101000e-05	-5.679606e-02	-7.980501e+00
4.102000e-05	-5.085442e-02	-7.923813e+00
4.103000e-05	-4.339095e-02	-7.715238e+00
4.104000e-05	-4.254514e-02	-7.581393e+00
4.105000e-05	-4.360310e-02	-7.461956e+00
4.106000e-05	-4.008597e-02	-7.285189e+00
4.107000e-05	-3.430750e-02	-7.199924e+00
4.108000e-05	-3.270809e-02	-7.003055e+00
4.109000e-05	-3.411225e-02	-6.882554e+00
4.110000e-05	-3.195565e-02	-6.726267e+00
4.111000e-05	-2.717132e-02	-6.611425e+00
4.112000e-05	-2.575880e-02	-6.442032e+00
4.113000e-05	-2.676127e-02	-6.355763e+00
4.114000e-05	-2.594175e-02	-6.096790e+00
4.115000e-05	-2.222676e-02	-5.977824e+00
4.116000e-05	-2.072880e-02	-5.830934e+00
4.117000e-05	-2.280226e-02	-5.694205e+00
4.118000e-05	-2.188696e-02	-5.566619e+00
4.119000e-05	-1.961937e-02	-5.323715e+00
4.120000e-05	-1.710053e-02	-5.156216e+00
4.121000e-05	-1.820162e-02	-4.977319e+00
4.122000e-05	-1.827253e-02	-4.797293e+00
4.123000e-05	-1.476832e-02	-4.577917e+00
4.124000e-05	-1.217678e-02	-4.440954e+00
4.125000e-05	-1.579745e-02	-4.273588e+00
4.126000e-05	-1.497806e-02	-4.144712e+00
4.127000e-05	-1.302608e-02	-4.008947e+00
4.128000e-05	-1.033977e-02	-3.788245e+00
4.129000e-05	-1.380777e-02	-3.589848e+00
4.130000e-05	-1.179651e-02	-3.439930e+00
4.131000e-05	-1.080007e-02	-3.261030e+00
4.132000e-05	-8.044554e-03	-3.093061e+00
4.133000e-05	-1.066505e-02	-2.880030e+00
4.134000e-05	-1.118221e-02	-2.705064e+00
4.135000e-05	-9.690679e-03	-2.515138e+00
4.136000e-05	-7.345380e-03	-2.354242e+00
4.137000e-05	-7.326313e-03	-2.093084e+00
4.138000e-05	-7.844905e-03	-1.964668e+00
4.139000e-05	-7.183767e-03	-1.737350e+00
4.140000e-05	-6.146213e-03	-1.589351e+00
4.141000e-05	-6.534420e-03	-1.395641e+00
4.142000e-05	-8.540935e-03	-1.156216e+00
4.143000e-05	-5.461103e-03	-9.572709e-01
4.144000e-05	-5.751234e-03	-7.778736e-01
4.145000e-05	-3.264308e-03	-6.072457e-01
4.146000e-05	-5.304565e-03	-3.982961e-01
4.147000e-05	-2.783215e-03	-2.179061e-01
4.148000e-05	8.194801e-06	-2.998139e-02
4.149000e-05	4.847833e-03	8.704841e-02
4.150000e-05	-1.911513e-03	3.595486e-01
4.151000e-05	4.151998e-04	5.269394e-01
4.152000e-05	-8.874906e-04	6.743345e-01
4.153000e-05	1.567536e-03	8.207038e-01
4.154000e-05	-2.476789e-04	1.024402e+00
4.155000e-05	3.400007e-03	1.243829e+00
4.156000e-05	1.617854e-02	1.433251e+00
4.157000e-05	6.129267e-02	1.646983e+00
4.158000e-05	2.272364e-02	1.907513e+00
4.159000e-05	-4.916967e-02	2.076362e+00
4.160000e-05	-4.681826e-02	2.244811e+00
4.161000e-05	-4.828069e-02	2.380550e+00
4.162000e-05	-1.652217e-02	2.457011e+00
4.163000e-05	1.187305e-01	2.729970e+00
4.164000e-05	-6.339072e-02	2.867336e+00
4.165000e-05	-3.058036e-02	3.002203e+00
4.166000e-05	1.272823e-01	3.202731e+00
4.167000e-05	-3.271411e-02	3.413258e+00
4.168000e-05	2.259816e-03	3.530573e+00
4.169000e-05	-5.034890e-03	3.729615e+00
4.170000e-05	-6.988655e-02	3.929045e+00
4.171000e-05	8.496059e-02	4.025388e+00
4.172000e-05	3.338932e-02	4.318468e+00
4.173000e-05	-4.379320e-02	4.457957e+00
4.174000e-05	2.310791e-02	4.655904e+00
4.175000e-05	-1.609035e-02	4.782878e+00
4.176000e-05	4.808785e-02	4.994856e+00
4.177000e-05	-1.201546e-02	5.245432e+00
4.178000e-05	-2.686025e-02	5.413308e+00
4.179000e-05	3.751932e-02	5.580642e+00
4.180000e-05	3.746578e-02	5.667913e+00
4.181000e-05	8.837885e-03	5.869036e+00
4.182000e-05	-4.373266e-02	6.054857e+00
4.183000e-05	2.024175e-02	6.151152e+00
4.184000e-05	4.338826e-02	6.298519e+00
4.185000e-05	-3.802325e-03	6.455007e+00
4.186000e-05	9.106015e-03	6.635836e+00
4.187000e-05	3.413548e-03	6.804233e+00
4.188000e-05	2.908759e-02	6.930069e+00
4.189000e-05	2.017851e-02	7.044833e+00
4.190000e-05	-1.933932e-02	7.173179e+00
4.191000e-05	1.197817e-02	7.309545e+00
4.192000e-05	2.158235e-02	7.489569e+00
4.193000e-05	3.376795e-02	7.646310e+00
4.194000e-05	-3.572526e-03	7.763724e+00
4.195000e-05	7.614505e-03	7.911186e+00
4.196000e-05	2.619976e-02	8.065856e+00
4.197000e-05	1.695116e-02	8.162200e+00
4.198000e-05	9.893930e-03	8.308461e+00
4.199000e-05	-8.319925e-04	8.381652e+00
4.200000e-05	2.828623e-02	8.484331e+00
4.201000e-05	2.572259e-02	8.549595e+00
4.202000e-05	1.382563e-02	8.684311e+00
4.203000e-05	7.095589e-03	8.749670e+00
4.204000e-05	2.118486e-02	8.812778e+00
4.205000e-05	2.667413e-02	8.941618e+00
4.206000e-05	1.124944e-02	9.037304e+00
4.207000e-05	1.073300e-02	9.119547e+00
4.208000e-05	2.226626e-02	9.222731e+00
4.209000e-05	2.901178e-02	9.266808e+00
4.210000e-05	1.674501e-02	9.323145e+00
4.211000e-05	1.270763e-02	9.443707e+00
4.212000e-05	1.981965e-02	9.457389e+00
4.213000e-05	2.918041e-02	9.559595e+00
4.214000e-05	2.042146e-02	9.603724e+00
4.215000e-05	1.709165e-02	9.696936e+00
4.216000e-05	2.346072e-02	9.731218e+00
4.217000e-05	3.096864e-02	9.783674e+00
4.218000e-05	2.264794e-02	9.836832e+00
4.219000e-05	1.597770e-02	9.928023e+00
4.220000e-05	2.098505e-02	9.940551e+00
4.221000e-05	2.974874e-02	9.991200e+00
4.222000e-05	2.739512e-02	1.003325e+01
4.223000e-05	2.138878e-02	1.004633e+01
4.224000e-05	2.585024e-02	1.008686e+01
4.225000e-05	3.197003e-02	1.007686e+01
4.226000e-05	3.026755e-02	1.010944e+01
4.227000e-05	2.208787e-02	1.014697e+01
4.228000e-05	2.595791e-02	1.014999e+01
4.229000e-05	3.393474e-02	1.013105e+01
4.230000e-05	3.362745e-02	1.014004e+01
4.231000e-05	2.796590e-02	1.013004e+01
4.232000e-05	2.877447e-02	1.014904e+01
4.233000e-05	3.736058e-02	1.012049e+01
4.234000e-05	3.868144e-02	1.015104e+01
4.235000e-05	3.508919e-02	1.012897e+01
4.236000e-05	3.593713e-02	1.011791e+01
4.237000e-05	4.349946e-02	1.006784e+01
4.238000e-05	4.722201e-02	1.006431e+01
4.239000e-05	4.209464e-02	1.007323e+01
4.240000e-05	4.297279e-02	1.002168e+01
4.241000e-05	5.100935e-02	9.992028e+00
4.242000e-05	5.722681e-02	9.949023e+00
4.243000e-05	5.473823e-02	9.918391e+00
4.244000e-05	5.721602e-02	9.805731e+00
4.245000e-05	6.375115e-02	9.793650e+00
4.246000e-05	7.218101e-02	9.697514e+00
4.247000e-05	7.249723e-02	9.645256e+00
4.248000e-05	7.594277e-02	9.580552e+00
4.249000e-05	8.434472e-02	9.558468e+00
4.250000e-05	9.415237e-02	9.474312e+00
4.251000e-05	9.489710e-02	9.431602e+00
4.252000e-05	9.482929e-02	9.308420e+00
4.253000e-05	9.873957e-02	9.265261e+00
4.254000e-05	1.028261e-01	9.222553e+00
4.255000e-05	1.003472e-01	9.179442e+00
4.256000e-05	9.366722e-02	9.024229e+00
4.257000e-05	9.081894e-02	8.896311e+00
4.258000e-05	8.956271e-02	8.820532e+00
4.259000e-05	8.536768e-02	8.728918e+00
4.260000e-05	7.600943e-02	8.664108e+00
4.261000e-05	7.191052e-02	8.578844e+00
4.262000e-05	6.831313e-02	8.454604e+00
4.263000e-05	6.512156e-02	8.369941e+00
4.264000e-05	5.642319e-02	8.234606e+00
4.265000e-05	5.322159e-02	8.167815e+00
4.266000e-05	5.114183e-02	7.981954e+00
4.267000e-05	4.812293e-02	7.905712e+00
4.268000e-05	4.155042e-02	7.779898e+00
4.269000e-05	3.756343e-02	7.673032e+00
4.270000e-05	3.626683e-02	7.537317e+00
4.271000e-05	3.465505e-02	7.377293e+00
4.272000e-05	3.104625e-02	7.190924e+00
4.273000e-05	2.670806e-02	7.105655e+00
4.274000e-05	2.672765e-02	6.966267e+00
4.275000e-05	2.584875e-02	6.820450e+00
4.276000e-05	2.310453e-02	6.655181e+00
4.277000e-05	1.976194e-02	6.485636e+00
4.278000e-05	1.994182e-02	6.357770e+00
4.279000e-05	1.821193e-02	6.220475e+00
4.280000e-05	1.761659e-02	6.093659e+00
4.281000e-05	1.423028e-02	5.938399e+00
4.282000e-05	1.327022e-02	5.808245e+00
4.283000e-05	1.411385e-02	5.589424e+00
4.284000e-05	1.335207e-02	5.441425e+00
4.285000e-05	1.101209e-02	5.323532e+00
4.286000e-05	9.191930e-03	5.074508e+00
4.287000e-05	9.451383e-03	4.862534e+00
4.288000e-05	8.899115e-03	4.713662e+00
4.289000e-05	6.432833e-03	4.525268e+00
4.290000e-05	5.416747e-03	4.409374e+00
4.291000e-05	5.448045e-03	4.189324e+00
4.292000e-05	6.670241e-03	4.001427e+00
4.293000e-05	5.387698e-03	3.830975e+00
4.294000e-05	3.213421e-03	3.703532e+00
4.295000e-05	3.467560e-03	3.534719e+00
4.296000e-05	3.491053e-03	3.322510e+00
4.297000e-05	3.233068e-03	3.128217e+00
4.298000e-05	1.298766e-03	2.968717e+00
4.299000e-05	1.093482e-03	2.818872e+00
4.300000e-05	1.509753e-03	2.649797e+00
4.301000e-05	9.188010e-04	2.388396e+00
4.302000e-05	-6.834825e-04	2.239349e+00
4.303000e-05	-3.503046e-04	2.041454e+00
4.304000e-05	-5.401553e-04	1.914055e+00
4.305000e-05	-4.559414e-04	1.701960e+00
4.306000e-05	-2.244363e-03	1.463058e+00
4.307000e-05	-2.420101e-03	1.302584e+00
4.308000e-05	-3.209624e-03	1.072861e+00
4.309000e-05	-2.734076e-03	8.405014e-01
4.310000e-05	-4.001718e-03	6.815354e-01
4.311000e-05	-4.311796e-03	4.921092e-01
4.312000e-05	-3.337527e-03	3.445892e-01
4.313000e-05	-3.624348e-03	8.303653e-02
4.314000e-05	-1.808071e-03	-6.586189e-02
4.315000e-05	1.622789e-03	-2.338378e-01
4.316000e-05	-2.568855e-03	-3.901500e-01
4.317000e-05	-1.772411e-03	-5.817264e-01
4.318000e-05	-5.286854e-03	-8.006739e-01
4.319000e-05	-3.699245e-03	-9.200449e-01
4.320000e-05	-5.904383e-03	-1.064915e+00
4.321000e-05	-4.290181e-04	-1.256040e+00
4.322000e-05	3.414811e-02	-1.486485e+00
4.323000e-05	6.716469e-02	-1.656012e+00
4.324000e-05	-5.690566e-02	-1.929192e+00
4.325000e-05	-4.528595e-02	-2.201829e+00
4.326000e-05	-8.861779e-02	-2.420730e+00
4.327000e-05	-3.186018e-02	-2.558414e+00
4.328000e-05	1.560493e-01	-2.560599e+00
4.329000e-05	-1.026519e-01	-2.791328e+00
4.330000e-05	-5.027945e-02	-3.022303e+00
4.331000e-05	1.530601e-01	-3.138596e+00
4.332000e-05	-9.123809e-02	-3.320194e+00
4.333000e-05	1.921598e-02	-3.539470e+00
4.334000e-05	-5.974268e-03	-3.625408e+00
4.335000e-05	-1.568327e-01	-3.907442e+00
4.336000e-05	1.330961e-01	-4.085884e+00
4.337000e-05	1.866067e-02	-4.193334e+00
4.338000e-05	-8.478092e-02	-4.362229e+00
4.339000e-05	4.878909e-02	-4.497441e+00
4.340000e-05	-9.013501e-02	-4.739170e+00
4.341000e-05	7.839757e-02	-4.918600e+00
4.342000e-05	-3.190152e-02	-5.035938e+00
4.343000e-05	-1.187052e-01	-5.215986e+00
4.344000e-05	1.109738e-01	-5.414886e+00
4.345000e-05	-3.186722e-02	-5.625459e+00
4.346000e-05	7.100838e-03	-5.772676e+00
4.347000e-05	-7.252492e-02	-5.939118e+00
4.348000e-05	-3.155103e-02	-6.099066e+00
4.349000e-05	9.014427e-02	-6.244413e+00
4.350000e-05	-9.787548e-02	-6.403233e+00
4.351000e-05	1.338310e-02	-6.571172e+00
4.352000e-05	-2.599845e-02	-6.716591e+00
4.353000e-05	5.445257e-03	-6.814837e+00
4.354000e-05	1.799366e-02	-6.984279e+00
4.355000e-05	-1.069595e-01	-7.171675e+00
4.356000e-05	3.675689e-02	-7.275441e+00
4.357000e-05	-2.689787e-02	-7.425858e+00
4.358000e-05	8.738988e-03	-7.570725e+00
4.359000e-05	-3.977927e-02	-7.711537e+00
4.360000e-05	-4.017074e-02	-7.897517e+00
4.361000e-05	3.374200e-02	-7.983755e+00
4.362000e-05	-4.839533e-02	-8.119040e+00
4.363000e-05	-1.147875e-02	-8.203755e+00
4.364000e-05	-5.098369e-02	-8.299020e+00
4.365000e-05	1.219143e-02	-8.395882e+00
4.366000e-05	-7.317191e-03	-8.490072e+00
4.367000e-05	-4.660683e-02	-8.667915e+00
4.368000e-05	-1.861170e-02	-8.762725e+00
4.369000e-05	-2.071022e-02	-8.897490e+00
4.370000e-05	2.511319e-03	-8.951100e+00
4.371000e-05	-4.919559e-02	-8.996279e+00
4.372000e-05	-2.974443e-02	-9.098542e+00
4.373000e-05	-1.129294e-02	-9.182753e+00
4.374000e-05	-1.275271e-02	-9.269038e+00
4.375000e-05	-3.070869e-02	-9.351648e+00
4.376000e-05	-4.101081e-02	-9.434381e+00
4.377000e-05	-1.317922e-02	-9.540093e+00
4.378000e-05	-1.629968e-02	-9.603328e+00
4.379000e-05	-3.182247e-02	-9.695786e+00
4.380000e-05	-3.912276e-02	-9.729565e+00
4.381000e-05	-1.920935e-02	-9.742650e+00
4.382000e-05	-1.597588e-02	-9.845829e+00
4.383000e-05	-3.174399e-02	-9.897413e+00
4.384000e-05	-4.289199e-02	-9.937872e+00
4.385000e-05	-2.561108e-02	-9.933179e+00
4.386000e-05	-1.923698e-02	-1.001210e+01
4.387000e-05	-3.142548e-02	-1.003521e+01
4.388000e-05	-3.884318e-02	-1.004686e+01
4.389000e-05	-2.963754e-02	-1.006004e+01
4.390000e-05	-2.181042e-02	-1.014107e+01
4.391000e-05	-3.557836e-02	-1.014217e+01
4.392000e-05	-4.383783e-02	-1.017270e+01
4.393000e-05	-3.544393e-02	-1.017365e+01
4.394000e-05	-2.570067e-02	-1.019481e+01
4.395000e-05	-3.229983e-02	-1.019371e+01
4.396000e-05	-4.397062e-02	-1.023681e+01
4.397000e-05	-3.839617e-02	-1.023433e+01
4.398000e-05	-3.156930e-02	-1.021533e+01
4.399000e-05	-3.883112e-02	-1.024481e+01
4.400000e-05	-4.874491e-02	-1.020575e+01
4.401000e-05	-4.739292e-02	-1.018268e+01
4.402000e-05	-3.769045e-02	-1.016217e+01
4.403000e-05	-4.516238e-02	-1.014072e+01
4.404000e-05	-5.498063e-02	-1.009802e+01
4.405000e-05	-5.397484e-02	-1.008594e+01
4.406000e-05	-4.610548e-02	-1.012329e+01
4.407000e-05	-5.088618e-02	-1.000223e+01
4.408000e-05	-6.477461e-02	-9.961026e+00
4.409000e-05	-6.571569e-02	-9.949396e+00
4.410000e-05	-6.295295e-02	-9.908391e+00
4.411000e-05	-6.589799e-02	-9.875259e+00
4.412000e-05	-7.883205e-02	-9.823154e+00
4.413000e-05	-8.345139e-02	-9.770970e+00
4.414000e-05	-8.055219e-02	-9.717466e+00
4.415000e-05	-8.513217e-02	-9.663736e+00
4.416000e-05	-9.894319e-02	-9.631603e+00
4.417000e-05	-1.052115e-01	-9.509468e+00
4.418000e-05	-1.015734e-01	-9.462764e+00
4.419000e-05	-1.022484e-01	-9.411550e+00
4.420000e-05	-1.080632e-01	-9.244235e+00
4.421000e-05	-1.091198e-01	-9.179975e+00
4.422000e-05	-1.016647e-01	-9.107313e+00
4.423000e-05	-9.653087e-02	-9.031151e+00
4.424000e-05	-9.720037e-02	-8.946445e+00
4.425000e-05	-9.429815e-02	-8.834104e+00
4.426000e-05	-8.445544e-02	-8.738999e+00
4.427000e-05	-7.678372e-02	-8.664760e+00
4.428000e-05	-7.545023e-02	-8.537919e+00
4.429000e-05	-7.349568e-02	-8.410976e+00
4.430000e-05	-6.546283e-02	-8.316767e+00
4.431000e-05	-5.913318e-02	-8.202549e+00
4.432000e-05	-5.826783e-02	-8.106264e+00
4.433000e-05	-5.812890e-02	-8.019054e+00
4.434000e-05	-5.070239e-02	-7.924660e+00
4.435000e-05	-4.409485e-02	-7.685686e+00
4.436000e-05	-4.327027e-02	-7.558995e+00
4.437000e-05	-4.343165e-02	-7.421028e+00
4.438000e-05	-3.899380e-02	-7.285714e+00
4.439000e-05	-3.355883e-02	-7.211448e+00
4.440000e-05	-3.359027e-02	-7.062530e+00
4.441000e-05	-3.487877e-02	-6.843582e+00
4.442000e-05	-3.151399e-02	-6.755790e+00
4.443000e-05	-2.744860e-02	-6.600396e+00
4.444000e-05	-2.631874e-02	-6.452059e+00
4.445000e-05	-2.746048e-02	-6.325268e+00
4.446000e-05	-2.544628e-02	-6.148814e+00
4.447000e-05	-2.193861e-02	-5.967850e+00
4.448000e-05	-2.116481e-02	-5.840602e+00
4.449000e-05	-2.312680e-02	-5.704613e+00
4.450000e-05	-2.200674e-02	-5.517293e+00
4.451000e-05	-1.757074e-02	-5.346688e+00
4.452000e-05	-1.645601e-02	-5.155316e+00
4.453000e-05	-1.939309e-02	-5.006769e+00
4.454000e-05	-1.848252e-02	-4.776670e+00
4.455000e-05	-1.535410e-02	-4.588025e+00
4.456000e-05	-1.269369e-02	-4.441458e+00
4.457000e-05	-1.650099e-02	-4.293616e+00
4.458000e-05	-1.367739e-02	-4.145819e+00
4.459000e-05	-1.255317e-02	-3.978950e+00
4.460000e-05	-1.090834e-02	-3.749301e+00
4.461000e-05	-1.407702e-02	-3.577848e+00
4.462000e-05	-1.195472e-02	-3.432000e+00
4.463000e-05	-1.001859e-02	-3.292558e+00
4.464000e-05	-7.863686e-03	-3.102984e+00
4.465000e-05	-1.160286e-02	-2.860459e+00
4.466000e-05	-1.129340e-02	-2.703658e+00
4.467000e-05	-8.380343e-03	-2.514616e+00
4.468000e-05	-6.229613e-03	-2.335744e+00
4.469000e-05	-8.398728e-03	-2.114613e+00
4.470000e-05	-8.140785e-03	-1.954717e+00
4.471000e-05	-6.489557e-03	-1.767870e+00
4.472000e-05	-4.864185e-03	-1.588950e+00
4.473000e-05	-6.755342e-03	-1.365194e+00
4.474000e-05	-9.184517e-03	-1.157245e+00
4.475000e-05	-5.891772e-03	-9.582459e-01
4.476000e-05	-3.643652e-03	-8.393711e-01
4.477000e-05	-3.410894e-03	-5.878233e-01
4.478000e-05	-5.731893e-03	-3.877750e-01
4.479000e-05	-2.924606e-03	-2.099037e-01
4.480000e-05	8.062838e-04	-7.000389e-02
4.481000e-05	4.520039e-03	1.404424e-01
4.482000e-05	-3.327770e-03	4.015173e-01
4.483000e-05	4.473513e-04	4.879345e-01
4.484000e-05	-2.436551e-04	6.153567e-01
4.485000e-05	2.488705e-03	8.121766e-01
4.486000e-05	-6.269356e-04	1.034382e+00
4.487000e-05	3.231757e-03	1.233303e+00
4.488000e-05	1.609909e-02	1.402180e+00
4.489000e-05	6.084713e-02	1.645938e+00
4.490000e-05	2.273128e-02	1.867413e+00
4.491000e-05	-4.995312e-02	2.076511e+00
4.492000e-05	-4.626447e-02	2.274329e+00
4.493000e-05	-4.670247e-02	2.400049e+00
4.494000e-05	-1.803645e-02	2.488387e+00
4.495000e-05	1.169586e-01	2.729562e+00
4.496000e-05	-6.047128e-02	2.876886e+00
4.497000e-05	-3.274537e-02	3.001679e+00
4.498000e-05	1.291607e-01	3.161280e+00
4.499000e-05	-3.348580e-02	3.445856e+00
4.500000e-05	1.117840e-03	3.581623e+00
4.501000e-05	-3.116101e-03	3.709594e+00
4.502000e-05	-7.124098e-02	3.918515e+00
4.503000e-05	8.229848e-02	4.056457e+00
4.504000e-05	3.338769e-02	4.297969e+00
4.505000e-05	-4.326001e-02	4.454806e+00
4.506000e-05	2.413763e-02	4.644886e+00
4.507000e-05	-1.653974e-02	4.822829e+00
4.508000e-05	4.657557e-02	4.994426e+00
4.509000e-05	-8.785110e-03	5.233338e+00
4.510000e-05	-2.653413e-02	5.403178e+00
4.511000e-05	3.584447e-02	5.550099e+00
4.512000e-05	3.649764e-02	5.700533e+00
4.513000e-05	1.089752e-02	5.888489e+00
4.514000e-05	-4.217790e-02	6.045359e+00
4.515000e-05	1.824262e-02	6.180727e+00
4.516000e-05	4.311667e-02	6.318515e+00
4.517000e-05	-2.864679e-03	6.445363e+00
4.518000e-05	1.024556e-02	6.614883e+00
4.519000e-05	3.031391e-03	6.813230e+00
4.520000e-05	2.770229e-02	6.930970e+00
4.521000e-05	2.081363e-02	7.085883e+00
4.522000e-05	-1.758661e-02	7.172177e+00
4.523000e-05	1.152150e-02	7.311184e+00
4.524000e-05	2.002111e-02	7.499591e+00
4.525000e-05	3.395937e-02	7.634783e+00
4.526000e-05	-2.915776e-03	7.752696e+00
4.527000e-05	8.499502e-03	7.941041e+00
4.528000e-05	2.616868e-02	8.065884e+00
4.529000e-05	1.654076e-02	8.171722e+00
4.530000e-05	1.074987e-02	8.276937e+00
4.531000e-05	2.982756e-04	8.372154e+00
4.532000e-05	2.769775e-02	8.477785e+00
4.533000e-05	2.513933e-02	8.540120e+00
4.534000e-05	1.338778e-02	8.654261e+00
4.535000e-05	7.627012e-03	8.720074e+00
4.536000e-05	2.100862e-02	8.805329e+00
4.537000e-05	2.603815e-02	8.920889e+00
4.538000e-05	1.206694e-02	9.032832e+00
4.539000e-05	1.270548e-02	9.140120e+00
4.540000e-05	2.150237e-02	9.232751e+00
4.541000e-05	2.820053e-02	9.245287e+00
4.542000e-05	1.809147e-02	9.360598e+00
4.543000e-05	1.351313e-02	9.415253e+00
4.544000e-05	2.012446e-02	9.478437e+00
4.545000e-05	2.682610e-02	9.531021e+00
4.546000e-05	2.007736e-02	9.592803e+00
4.547000e-05	1.727311e-02	9.677861e+00
4.548000e-05	2.446900e-02	9.729515e+00
4.549000e-05	2.825349e-02	9.813708e+00
4.550000e-05	2.310102e-02	9.887307e+00
4.551000e-05	1.628778e-02	9.968546e+00
4.552000e-05	2.312267e-02	9.960575e+00
4.553000e-05	2.798994e-02	1.000223e+01
4.554000e-05	2.673550e-02	1.003218e+01
4.555000e-05	2.134927e-02	1.004475e+01
4.556000e-05	2.749227e-02	1.007736e+01
4.557000e-05	3.055165e-02	1.003734e+01
4.558000e-05	2.870545e-02	1.009844e+01
4.559000e-05	2.389887e-02	1.017897e+01
4.560000e-05	2.649653e-02	1.007002e+01
4.561000e-05	3.431283e-02	1.015752e+01
4.562000e-05	3.117000e-02	1.019205e+01
4.563000e-05	2.839372e-02	1.016262e+01
4.564000e-05	3.056408e-02	1.013952e+01
4.565000e-05	3.857705e-02	1.012945e+01
4.566000e-05	3.736165e-02	1.015949e+01
4.567000e-05	3.519927e-02	1.013792e+01
4.568000e-05	3.641711e-02	1.010841e+01
4.569000e-05	4.419553e-02	1.006687e+01
4.570000e-05	4.374772e-02	1.005531e+01
4.571000e-05	4.264459e-02	1.006375e+01
4.572000e-05	4.420204e-02	1.003315e+01
4.573000e-05	5.297511e-02	1.002113e+01
4.574000e-05	5.586183e-02	9.958496e+00
4.575000e-05	5.487407e-02	9.898362e+00
4.576000e-05	5.722857e-02	9.845657e+00
4.577000e-05	6.465775e-02	9.790544e+00
4.578000e-05	7.096009e-02	9.758468e+00
4.579000e-05	7.150082e-02	9.675653e+00
4.580000e-05	7.747277e-02	9.592020e+00
4.581000e-05	8.564125e-02	9.548894e+00
4.582000e-05	9.280384e-02	9.478364e+00
4.583000e-05	9.369843e-02	9.431597e+00
4.584000e-05	9.514628e-02	9.358421e+00
4.585000e-05	1.006794e-01	9.266186e+00
4.586000e-05	1.017801e-01	9.191603e+00
4.587000e-05	9.874576e-02	9.138966e+00
4.588000e-05	9.313976e-02	9.064183e+00
4.589000e-05	9.326222e-02	8.949362e+00
4.590000e-05	8.973916e-02	8.832108e+00
4.591000e-05	8.378651e-02	8.748845e+00
4.592000e-05	7.652637e-02	8.633603e+00
4.593000e-05	7.315012e-02	8.568368e+00
4.594000e-05	7.009185e-02	8.453656e+00
4.595000e-05	6.252351e-02	8.390448e+00
4.596000e-05	5.574996e-02	8.295605e+00
4.597000e-05	5.454416e-02	8.108239e+00
4.598000e-05	5.188422e-02	8.011548e+00
4.599000e-05	4.681057e-02	7.915687e+00
4.600000e-05	4.100713e-02	7.768894e+00
4.601000e-05	3.940554e-02	7.655107e+00
4.602000e-05	3.732622e-02	7.487341e+00
4.603000e-05	3.307223e-02	7.319291e+00
4.604000e-05	2.867001e-02	7.219974e+00
4.605000e-05	2.815730e-02	7.075137e+00
4.606000e-05	2.883613e-02	6.927370e+00
4.607000e-05	2.522291e-02	6.811002e+00
4.608000e-05	2.155957e-02	6.695130e+00
4.609000e-05	2.107017e-02	6.455183e+00
4.610000e-05	2.182006e-02	6.347366e+00
4.611000e-05	1.872639e-02	6.240474e+00
4.612000e-05	1.516361e-02	6.085161e+00
4.613000e-05	1.417699e-02	5.949818e+00
4.614000e-05	1.550525e-02	5.757470e+00
4.615000e-05	1.357955e-02	5.559900e+00
4.616000e-05	1.036446e-02	5.433077e+00
4.617000e-05	1.019550e-02	5.284534e+00
4.618000e-05	1.177653e-02	5.064183e+00
4.619000e-05	1.087911e-02	4.854032e+00
4.620000e-05	7.475011e-03	4.704159e+00
4.621000e-05	6.427357e-03	4.545241e+00
4.622000e-05	7.324253e-03	4.419426e+00
4.623000e-05	6.418890e-03	4.220322e+00
4.624000e-05	4.047226e-03	3.988920e+00
4.625000e-05	3.919990e-03	3.842478e+00
4.626000e-05	4.865476e-03	3.674060e+00
4.627000e-05	5.087039e-03	3.505136e+00
4.628000e-05	2.717906e-03	3.293666e+00
4.629000e-05	1.805741e-03	3.115241e+00
4.630000e-05	2.484270e-03	2.966841e+00
4.631000e-05	3.325592e-03	2.809376e+00
4.632000e-05	1.252962e-03	2.618751e+00
4.633000e-05	-1.008235e-03	2.438370e+00
4.634000e-05	2.886979e-04	2.200399e+00
4.635000e-05	7.002098e-04	2.051455e+00
4.636000e-05	-1.446777e-03	1.902582e+00
4.637000e-05	-2.518533e-03	1.694457e+00
4.638000e-05	-1.404568e-03	1.484504e+00
4.639000e-05	-1.984875e-04	1.313009e+00
4.640000e-05	-2.272058e-03	1.082932e+00
4.641000e-05	-3.973284e-03	8.609288e-01
4.642000e-05	-3.675284e-03	6.719816e-01
4.643000e-05	-2.534570e-03	5.030129e-01
4.644000e-05	-3.884015e-03	3.855643e-01
4.645000e-05	-4.945125e-03	1.215328e-01
4.646000e-05	-2.049643e-03	-7.588827e-02
4.647000e-05	3.227600e-03	-2.447604e-01
4.648000e-05	-2.172148e-03	-3.795753e-01
4.649000e-05	-4.262878e-03	-5.707052e-01
4.650000e-05	-5.895514e-03	-7.621261e-01
4.651000e-05	-2.233158e-03	-9.280411e-01
4.652000e-05	-4.322848e-03	-1.076890e+00
4.653000e-05	-2.197459e-03	-1.255963e+00
4.654000e-05	3.268059e-02	-1.495468e+00
4.655000e-05	6.953689e-02	-1.655437e+00
4.656000e-05	-5.486606e-02	-1.937594e+00
4.657000e-05	-4.843982e-02	-2.171857e+00
4.658000e-05	-9.034589e-02	-2.432704e+00
4.659000e-05	-3.145198e-02	-2.526336e+00
4.660000e-05	1.603250e-01	-2.589125e+00
4.661000e-05	-1.005764e-01	-2.772304e+00
4.662000e-05	-5.696138e-02	-3.004209e+00
4.663000e-05	1.555151e-01	-3.117491e+00
4.664000e-05	-8.705612e-02	-3.340145e+00
4.665000e-05	1.647471e-02	-3.537995e+00
4.666000e-05	-6.633576e-03	-3.614883e+00
4.667000e-05	-1.565207e-01	-3.868042e+00
4.668000e-05	1.333418e-01	-4.054758e+00
4.669000e-05	2.291095e-02	-4.193302e+00
4.670000e-05	-9.022932e-02	-4.371204e+00
4.671000e-05	4.924051e-02	-4.489542e+00
4.672000e-05	-8.722474e-02	-4.720173e+00
4.673000e-05	7.733531e-02	-4.918072e+00
4.674000e-05	-2.928737e-02	-5.054985e+00
4.675000e-05	-1.219343e-01	-5.295465e+00
4.676000e-05	1.117403e-01	-5.426834e+00
4.677000e-05	-2.933088e-02	-5.625359e+00
4.678000e-05	4.443544e-03	-5.853155e+00
4.679000e-05	-7.212034e-02	-5.898115e+00
4.680000e-05	-3.310451e-02	-6.087096e+00
4.681000e-05	9.211056e-02	-6.247433e+00
4.682000e-05	-9.823661e-02	-6.413333e+00
4.683000e-05	1.144413e-02	-6.560196e+00
4.684000e-05	-2.318206e-02	-6.687516e+00
4.685000e-05	4.077272e-03	-6.836436e+00
4.686000e-05	1.904057e-02	-6.953347e+00
4.687000e-05	-1.091545e-01	-7.161228e+00
4.688000e-05	3.516745e-02	-7.276918e+00
4.689000e-05	-2.439327e-02	-7.404882e+00
4.690000e-05	8.942459e-03	-7.529751e+00
4.691000e-05	-3.873257e-02	-7.660092e+00
4.692000e-05	-4.201650e-02	-7.888469e+00
4.693000e-05	3.537064e-02	-7.992203e+00
4.694000e-05	-4.912571e-02	-8.099165e+00
4.695000e-05	-1.360939e-02	-8.193730e+00
4.696000e-05	-5.092499e-02	-8.330140e+00
4.697000e-05	1.253649e-02	-8.413332e+00
4.698000e-05	-5.496021e-03	-8.501617e+00
4.699000e-05	-4.800451e-02	-8.647512e+00
4.700000e-05	-2.010699e-02	-8.760653e+00
4.701000e-05	-1.876353e-02	-8.886485e+00
4.702000e-05	3.007323e-03	-8.939654e+00
4.703000e-05	-4.957400e-02	-9.035332e+00
4.704000e-05	-3.166423e-02	-9.117939e+00
4.705000e-05	-9.883807e-03	-9.193229e+00
4.706000e-05	-1.087478e-02	-9.258461e+00
4.707000e-05	-3.201405e-02	-9.350565e+00
4.708000e-05	-4.215664e-02	-9.465912e+00
4.709000e-05	-1.197883e-02	-9.508618e+00
4.710000e-05	-1.553903e-02	-9.634207e+00
4.711000e-05	-3.259779e-02	-9.637333e+00
4.712000e-05	-4.096864e-02	-9.719043e+00
4.713000e-05	-1.840122e-02	-9.761599e+00
4.714000e-05	-1.419111e-02	-9.845282e+00
4.715000e-05	-3.433007e-02	-9.886363e+00
4.716000e-05	-4.266285e-02	-9.929490e+00
4.717000e-05	-2.627613e-02	-9.939121e+00
4.718000e-05	-1.640456e-02	-1.000280e+01
4.719000e-05	-3.228614e-02	-1.001226e+01
4.720000e-05	-4.104691e-02	-1.002588e+01
4.721000e-05	-2.968534e-02	-1.011936e+01
4.722000e-05	-1.976448e-02	-1.015045e+01
4.723000e-05	-3.431288e-02	-1.011152e+01
4.724000e-05	-4.381956e-02	-1.019378e+01
4.725000e-05	-3.552151e-02	-1.018318e+01
4.726000e-05	-2.338452e-02	-1.019443e+01
4.727000e-05	-3.312888e-02	-1.021431e+01
4.728000e-05	-4.624249e-02	-1.022776e+01
4.729000e-05	-4.089959e-02	-1.024378e+01
4.730000e-05	-3.046669e-02	-1.025581e+01
4.731000e-05	-3.584022e-02	-1.021586e+01
4.732000e-05	-4.884877e-02	-1.022475e+01
4.733000e-05	-4.708079e-02	-1.021468e+01
4.734000e-05	-3.656034e-02	-1.018212e+01
4.735000e-05	-4.320782e-02	-1.017045e+01
4.736000e-05	-5.587249e-02	-1.016902e+01
4.737000e-05	-5.790771e-02	-1.006794e+01
4.738000e-05	-4.621583e-02	-1.006379e+01
4.739000e-05	-4.961990e-02	-1.004313e+01
4.740000e-05	-6.276679e-02	-9.980051e+00
4.741000e-05	-6.623534e-02	-9.949945e+00
4.742000e-05	-6.067586e-02	-9.908417e+00
4.743000e-05	-6.329715e-02	-9.866260e+00
4.744000e-05	-7.928900e-02	-9.814104e+00
4.745000e-05	-8.570216e-02	-9.780521e+00
4.746000e-05	-8.262891e-02	-9.728365e+00
4.747000e-05	-8.405157e-02	-9.662733e+00
4.748000e-05	-9.787136e-02	-9.642054e+00
4.749000e-05	-1.061248e-01	-9.548443e+00
4.750000e-05	-1.029784e-01	-9.466303e+00
4.751000e-05	-9.950417e-02	-9.401622e+00
4.752000e-05	-1.083345e-01	-9.255211e+00
4.753000e-05	-1.106756e-01	-9.191525e+00
4.754000e-05	-1.039514e-01	-9.127313e+00
4.755000e-05	-9.312376e-02	-9.050679e+00
4.756000e-05	-9.536413e-02	-8.938392e+00
4.757000e-05	-9.444679e-02	-8.853607e+00
4.758000e-05	-8.778074e-02	-8.779928e+00
4.759000e-05	-7.510697e-02	-8.664705e+00
4.760000e-05	-7.559030e-02	-8.507890e+00
4.761000e-05	-7.489942e-02	-8.380607e+00
4.762000e-05	-6.983276e-02	-8.315815e+00
4.763000e-05	-5.764831e-02	-8.231555e+00
4.764000e-05	-5.475241e-02	-8.094759e+00
4.765000e-05	-5.664595e-02	-8.002026e+00
4.766000e-05	-5.033986e-02	-7.855183e+00
4.767000e-05	-4.473118e-02	-7.773713e+00
4.768000e-05	-4.122539e-02	-7.538299e+00
4.769000e-05	-4.530069e-02	-7.442126e+00
4.770000e-05	-4.198078e-02	-7.284688e+00
4.771000e-05	-3.516204e-02	-7.198926e+00
4.772000e-05	-2.988162e-02	-7.061950e+00
4.773000e-05	-3.328607e-02	-6.853084e+00
4.774000e-05	-3.237096e-02	-6.716742e+00
4.775000e-05	-2.719335e-02	-6.619976e+00
4.776000e-05	-2.441964e-02	-6.464130e+00
4.777000e-05	-2.803798e-02	-6.327266e+00
4.778000e-05	-2.815283e-02	-6.105267e+00
4.779000e-05	-2.289355e-02	-5.979349e+00
4.780000e-05	-1.942606e-02	-5.801054e+00
4.781000e-05	-2.070951e-02	-5.704137e+00
4.782000e-05	-2.179153e-02	-5.556767e+00
4.783000e-05	-1.827360e-02	-5.344716e+00
4.784000e-05	-1.605237e-02	-5.157720e+00
4.785000e-05	-1.712587e-02	-4.979874e+00
4.786000e-05	-2.016083e-02	-4.735670e+00
4.787000e-05	-1.767592e-02	-4.597796e+00
4.788000e-05	-1.250900e-02	-4.443009e+00
4.789000e-05	-1.425558e-02	-4.283661e+00
4.790000e-05	-1.385982e-02	-4.157216e+00
4.791000e-05	-1.379609e-02	-3.988396e+00
4.792000e-05	-1.015801e-02	-3.797251e+00
4.793000e-05	-1.182904e-02	-3.589974e+00
4.794000e-05	-1.185817e-02	-3.430929e+00
4.795000e-05	-1.257739e-02	-3.263057e+00
4.796000e-05	-8.861639e-03	-3.063034e+00
4.797000e-05	-9.503327e-03	-2.851006e+00
4.798000e-05	-1.155303e-02	-2.682637e+00
4.799000e-05	-1.067168e-02	-2.525088e+00
4.800000e-05	-6.962026e-03	-2.367692e+00
4.801000e-05	-5.818407e-03	-2.115564e+00
4.802000e-05	-6.881089e-03	-1.935792e+00
4.803000e-05	-6.752421e-03	-1.796826e+00
4.804000e-05	-6.744751e-03	-1.576404e+00
4.805000e-05	-5.473491e-03	-1.355625e+00
4.806000e-05	-7.721147e-03	-1.156718e+00
4.807000e-05	-7.521031e-03	-9.653172e-01
4.808000e-05	-5.592725e-03	-7.873989e-01
4.809000e-05	-2.925174e-03	-5.973197e-01
4.810000e-05	-3.077404e-03	-3.688223e-01
4.811000e-05	-4.021893e-03	-2.714524e-01
4.812000e-05	4.349127e-05	-2.997757e-02
4.813000e-05	4.238269e-03	1.180912e-01
4.814000e-05	-6.891459e-04	3.695212e-01
4.815000e-05	-4.336973e-04	4.459359e-01
4.816000e-05	-1.354359e-03	6.653567e-01
4.817000e-05	1.021213e-03	7.927039e-01
4.818000e-05	1.867897e-03	9.848593e-01
4.819000e-05	1.630965e-03	1.212707e+00
4.820000e-05	1.384623e-02	1.431378e+00
4.821000e-05	6.006752e-02	1.686960e+00
4.822000e-05	2.664798e-02	1.896916e+00
4.823000e-05	-4.816211e-02	2.084388e+00
4.824000e-05	-4.699519e-02	2.276358e+00
4.825000e-05	-4.802433e-02	2.391599e+00
4.826000e-05	-1.785135e-02	2.478036e+00
4.827000e-05	1.168886e-01	2.707489e+00
4.828000e-05	-5.928866e-02	2.886841e+00
4.829000e-05	-3.767166e-02	3.022203e+00
4.830000e-05	1.305102e-01	3.182803e+00
4.831000e-05	-3.068099e-02	3.453282e+00
4.832000e-05	4.868247e-04	3.590052e+00
4.833000e-05	-2.467816e-03	3.710115e+00
4.834000e-05	-7.146220e-02	3.927967e+00
4.835000e-05	8.358412e-02	4.063859e+00
4.836000e-05	3.500924e-02	4.278494e+00
4.837000e-05	-4.555282e-02	4.445383e+00
4.838000e-05	2.319949e-02	4.644384e+00
4.839000e-05	-1.398373e-02	4.812177e+00
4.840000e-05	4.632518e-02	5.003829e+00
4.841000e-05	-9.536434e-03	5.235284e+00
4.842000e-05	-2.785696e-02	5.423278e+00
4.843000e-05	3.724862e-02	5.548095e+00
4.844000e-05	3.777110e-02	5.707616e+00
4.845000e-05	9.171105e-03	5.866537e+00
4.846000e-05	-4.320560e-02	6.045862e+00
4.847000e-05	1.861899e-02	6.201198e+00
4.848000e-05	4.432095e-02	6.298042e+00
4.849000e-05	-5.767125e-03	6.445009e+00
4.850000e-05	8.672809e-03	6.645360e+00
4.851000e-05	5.087395e-03	6.823257e+00
4.852000e-05	2.965514e-02	6.918519e+00
4.853000e-05	2.045315e-02	7.064857e+00
4.854000e-05	-1.858454e-02	7.170700e+00
4.855000e-05	1.168158e-02	7.270591e+00
4.856000e-05	2.144064e-02	7.449016e+00
4.857000e-05	3.240953e-02	7.614357e+00
4.858000e-05	-2.830785e-03	7.761702e+00
4.859000e-05	6.471848e-03	7.911574e+00
4.860000e-05	2.756903e-02	8.065784e+00
4.861000e-05	1.574804e-02	8.161674e+00
4.862000e-05	1.052124e-02	8.277866e+00
4.863000e-05	9.362830e-04	8.420181e+00
4.864000e-05	3.064219e-02	8.463361e+00
4.865000e-05	2.350714e-02	8.540124e+00
4.866000e-05	1.305716e-02	8.634335e+00
4.867000e-05	5.641885e-03	8.739524e+00
4.868000e-05	2.124484e-02	8.842857e+00
4.869000e-05	2.537864e-02	8.880019e+00
4.870000e-05	1.131815e-02	9.035854e+00
4.871000e-05	1.267670e-02	9.141544e+00
4.872000e-05	2.398051e-02	9.212201e+00
4.873000e-05	2.973474e-02	9.275813e+00
4.874000e-05	1.433721e-02	9.301567e+00
4.875000e-05	1.198255e-02	9.443757e+00
4.876000e-05	2.006414e-02	9.475964e+00
4.877000e-05	2.877199e-02	9.570545e+00
4.878000e-05	1.781383e-02	9.582781e+00
4.879000e-05	1.757366e-02	9.688486e+00
4.880000e-05	2.446017e-02	9.710668e+00
4.881000e-05	3.101904e-02	9.774278e+00
4.882000e-05	2.044620e-02	9.826860e+00
4.883000e-05	1.550692e-02	9.928995e+00
4.884000e-05	2.295152e-02	9.931525e+00
4.885000e-05	2.975152e-02	9.981125e+00
4.886000e-05	2.591239e-02	1.004378e+01
4.887000e-05	1.896379e-02	1.006423e+01
4.888000e-05	2.727953e-02	1.007629e+01
4.889000e-05	3.126694e-02	1.006741e+01
4.890000e-05	2.900555e-02	1.010847e+01
4.891000e-05	2.224837e-02	1.011054e+01
4.892000e-05	2.707100e-02	1.012951e+01
4.893000e-05	3.471564e-02	1.012802e+01
4.894000e-05	3.190964e-02	1.013002e+01
4.895000e-05	2.629722e-02	1.014897e+01
4.896000e-05	2.940805e-02	1.015904e+01
4.897000e-05	3.738354e-02	1.012842e+01
4.898000e-05	3.788713e-02	1.016000e+01
4.899000e-05	3.431570e-02	1.011897e+01
4.900000e-05	3.639716e-02	1.012944e+01
4.901000e-05	4.521107e-02	1.008584e+01
4.902000e-05	4.633564e-02	1.007481e+01
4.903000e-05	4.138117e-02	1.005458e+01
4.904000e-05	4.362087e-02	1.001263e+01
4.905000e-05	5.244600e-02	9.991578e+00
4.906000e-05	5.671924e-02	9.959471e+00
4.907000e-05	5.452891e-02	9.916994e+00
4.908000e-05	5.613338e-02	9.865677e+00
4.909000e-05	6.544721e-02	9.785577e+00
4.910000e-05	7.162844e-02	9.739463e+00
4.911000e-05	7.166766e-02	9.665158e+00
4.912000e-05	7.584808e-02	9.620527e+00
4.913000e-05	8.671360e-02	9.559392e+00
4.914000e-05	9.371759e-02	9.476759e+00
4.915000e-05	9.341741e-02	9.393078e+00
4.916000e-05	9.383397e-02	9.337918e+00
4.917000e-05	9.964245e-02	9.266312e+00
4.918000e-05	1.024546e-01	9.241526e+00
4.919000e-05	9.945544e-02	9.179868e+00
4.920000e-05	9.283720e-02	9.014654e+00
4.921000e-05	9.232707e-02	8.939461e+00
4.922000e-05	9.074376e-02	8.842555e+00
4.923000e-05	8.557782e-02	8.728395e+00
4.924000e-05	7.608940e-02	8.643162e+00
4.925000e-05	7.287880e-02	8.527868e+00
4.926000e-05	7.087174e-02	8.464658e+00
4.927000e-05	6.404298e-02	8.369874e+00
4.928000e-05	5.594536e-02	8.304684e+00
4.929000e-05	5.266334e-02	8.129216e+00
4.930000e-05	5.202049e-02	8.012079e+00
4.931000e-05	4.844695e-02	7.927658e+00
4.932000e-05	4.162554e-02	7.770373e+00
4.933000e-05	3.829646e-02	7.654105e+00
4.934000e-05	3.758350e-02	7.527217e+00
4.935000e-05	3.548105e-02	7.316946e+00
4.936000e-05	2.996992e-02	7.212500e+00
4.937000e-05	2.676130e-02	7.084663e+00
4.938000e-05	2.686719e-02	6.946294e+00
4.939000e-05	2.629129e-02	6.831478e+00
4.940000e-05	2.183240e-02	6.713757e+00
4.941000e-05	1.954170e-02	6.535731e+00
4.942000e-05	2.103313e-02	6.357897e+00
4.943000e-05	2.032813e-02	6.221953e+00
4.944000e-05	1.647923e-02	6.094133e+00
4.945000e-05	1.263222e-02	5.948871e+00
4.946000e-05	1.405923e-02	5.747928e+00
4.947000e-05	1.467834e-02	5.578400e+00
4.948000e-05	1.192336e-02	5.481003e+00
4.949000e-05	8.763979e-03	5.304657e+00
4.950000e-05	1.014014e-02	5.082033e+00
4.951000e-05	1.099385e-02	4.904927e+00
4.952000e-05	9.259748e-03	4.695588e+00
4.953000e-05	5.989620e-03	4.546688e+00
4.954000e-05	5.856842e-03	4.410425e+00
4.955000e-05	7.466092e-03	4.248845e+00
4.956000e-05	6.121939e-03	3.999845e+00
4.957000e-05	2.988927e-03	3.842029e+00
4.958000e-05	3.224363e-03	3.712583e+00
4.959000e-05	4.012715e-03	3.525692e+00
4.960000e-05	3.629990e-03	3.343084e+00
4.961000e-05	1.663881e-03	3.156290e+00
4.962000e-05	1.298454e-03	2.998873e+00
4.963000e-05	3.520511e-03	2.829900e+00
4.964000e-05	2.923768e-03	2.610296e+00
4.965000e-05	3.919791e-05	2.380394e+00
4.966000e-05	-1.298010e-03	2.219930e+00
4.967000e-05	-2.056437e-04	2.081931e+00
4.968000e-05	3.327602e-05	1.934958e+00
4.969000e-05	-2.512352e-03	1.712035e+00
4.970000e-05	-3.547057e-03	1.494532e+00
4.971000e-05	-1.013001e-03	1.324612e+00
4.972000e-05	-3.414687e-04	1.093929e+00
4.973000e-05	-3.408457e-03	8.615540e-01
4.974000e-05	-4.548588e-03	6.625603e-01
4.975000e-05	-3.864057e-03	5.236103e-01
4.976000e-05	-2.007861e-03	3.546406e-01
4.977000e-05	-4.339913e-03	9.160666e-02
4.978000e-05	-3.718872e-03	-6.535946e-02
4.979000e-05	2.608551e-03	-2.347341e-01
4.980000e-05	-7.395081e-05	-4.007738e-01
4.981000e-05	-3.129380e-03	-5.596800e-01
4.982000e-05	-6.900561e-03	-7.511802e-01
4.983000e-05	-4.068179e-03	-9.179448e-01
4.984000e-05	-3.846991e-03	-1.075962e+00
4.985000e-05	-2.843947e-04	-1.276912e+00
4.986000e-05	3.224745e-02	-1.476997e+00
4.987000e-05	6.905721e-02	-1.634934e+00
4.988000e-05	-5.303785e-02	-1.928741e+00
4.989000e-05	-4.646978e-02	-2.162804e+00
4.990000e-05	-8.997681e-02	-2.401258e+00
4.991000e-05	-3.644883e-02	-2.527416e+00
4.992000e-05	1.578482e-01	-2.570145e+00
4.993000e-05	-9.548196e-02	-2.789801e+00
4.994000e-05	-6.034782e-02	-2.964203e+00
4.995000e-05	1.563562e-01	-3.098996e+00
4.996000e-05	-8.573702e-02	-3.309669e+00
4.997000e-05	1.600376e-02	-3.529022e+00
4.998000e-05	-2.226165e-03	-3.643906e+00
4.999000e-05	-1.588634e-01	-3.906535e+00
