# 261001_12:24:31.315437
t	CH1	CH2
0.000000e+00	2.344105e-03	-2.293464e-01
1.000000e-08	4.651385e-04	-4.003999e-01
2.000000e-08	-3.199112e-03	-7.205055e-01
3.000000e-08	-4.275510e-03	-8.616305e-01
4.000000e-08	-4.252658e-03	-1.112528e+00
5.000000e-08	-3.260462e-03	-1.313108e+00
6.000000e-08	-3.319488e-03	-1.537336e+00
7.000000e-08	2.925359e-02	-1.774863e+00
8.000000e-08	8.288908e-02	-1.925735e+00
9.000000e-08	-4.558492e-02	-2.318955e+00
1.000000e-07	-4.804642e-02	-2.617345e+00
1.100000e-07	-5.087502e-02	-2.819500e+00
1.200000e-07	-5.650454e-02	-3.079127e+00
1.300000e-07	7.895702e-03	-3.241000e+00
1.400000e-07	1.169786e-01	-3.337336e+00
1.500000e-07	-1.601909e-01	-3.597869e+00
1.600000e-07	1.161807e-01	-3.849949e+00
1.700000e-07	3.362427e-02	-4.039599e+00
1.800000e-07	-9.566623e-02	-4.314632e+00
1.900000e-07	7.911916e-02	-4.452128e+00
2.000000e-07	-1.525443e-01	-4.755603e+00
2.100000e-07	5.330207e-02	-4.948365e+00
2.200000e-07	5.864562e-02	-5.135233e+00
2.300000e-07	-7.983219e-02	-5.441545e+00
2.400000e-07	7.383344e-02	-5.663130e+00
2.500000e-07	-8.993055e-02	-5.882548e+00
2.600000e-07	2.852642e-02	-6.053177e+00
2.700000e-07	8.406682e-03	-6.294210e+00
2.800000e-07	-9.723514e-02	-6.515733e+00
2.900000e-07	9.009839e-02	-6.735710e+00
3.000000e-07	-7.657117e-02	-6.893182e+00
3.100000e-07	7.889581e-02	-7.169440e+00
3.200000e-07	-7.883134e-02	-7.334816e+00
3.300000e-07	-3.421310e-02	-7.587862e+00
3.400000e-07	5.136589e-02	-7.736357e+00
3.500000e-07	-7.149162e-02	-7.989411e+00
3.600000e-07	5.023535e-02	-8.158839e+00
3.700000e-07	-7.761552e-02	-8.335809e+00
3.800000e-07	4.964515e-02	-8.486804e+00
3.900000e-07	-2.655379e-02	-8.734632e+00
4.000000e-07	-3.262921e-02	-8.925683e+00
4.100000e-07	-7.631197e-03	-9.032048e+00
4.200000e-07	-4.075717e-02	-9.220920e+00
4.300000e-07	3.643529e-02	-9.308913e+00
4.400000e-07	-5.722706e-02	-9.518787e+00
4.500000e-07	7.587758e-03	-9.696259e+00
4.600000e-07	-2.718059e-02	-9.832048e+00
4.700000e-07	4.272827e-04	-9.991469e+00
4.800000e-07	-2.773661e-02	-1.014728e+01
4.900000e-07	-3.349187e-02	-1.033721e+01
5.000000e-07	-5.177093e-03	-1.047368e+01
5.100000e-07	-2.019557e-02	-1.059999e+01
5.200000e-07	-8.246587e-03	-1.074631e+01
5.300000e-07	-3.906416e-02	-1.080252e+01
5.400000e-07	-5.345454e-03	-1.089884e+01
5.500000e-07	-2.278129e-02	-1.106470e+01
5.600000e-07	-1.550409e-02	-1.119300e+01
5.700000e-07	-3.858062e-02	-1.130786e+01
5.800000e-07	-1.519090e-02	-1.141202e+01
5.900000e-07	-1.802902e-02	-1.151934e+01
6.000000e-07	-2.290626e-02	-1.162568e+01
6.100000e-07	-3.034701e-02	-1.177094e+01
6.200000e-07	-2.800223e-02	-1.188620e+01
6.300000e-07	-1.397487e-02	-1.198902e+01
6.400000e-07	-2.956929e-02	-1.209468e+01
6.500000e-07	-2.725462e-02	-1.213989e+01
6.600000e-07	-3.160748e-02	-1.219254e+01
6.700000e-07	-1.714950e-02	-1.227478e+01
6.800000e-07	-3.049734e-02	-1.234889e+01
6.900000e-07	-3.439734e-02	-1.240160e+01
7.000000e-07	-3.320625e-02	-1.244273e+01
7.100000e-07	-2.556756e-02	-1.248881e+01
7.200000e-07	-2.759753e-02	-1.255249e+01
7.300000e-07	-3.440678e-02	-1.262550e+01
7.400000e-07	-3.308966e-02	-1.264563e+01
7.500000e-07	-2.978034e-02	-1.270628e+01
7.600000e-07	-3.213153e-02	-1.272936e+01
7.700000e-07	-3.900442e-02	-1.276089e+01
7.800000e-07	-3.926763e-02	-1.278997e+01
7.900000e-07	-3.303444e-02	-1.280355e+01
8.000000e-07	-3.472844e-02	-1.283267e+01
8.100000e-07	-4.110523e-02	-1.282575e+01
8.200000e-07	-4.334220e-02	-1.285320e+01
8.300000e-07	-4.227675e-02	-1.282310e+01
8.400000e-07	-4.139440e-02	-1.285413e+01
8.500000e-07	-4.949541e-02	-1.282322e+01
8.600000e-07	-5.128435e-02	-1.281405e+01
8.700000e-07	-5.076342e-02	-1.279152e+01
8.800000e-07	-5.176512e-02	-1.276946e+01
8.900000e-07	-5.941519e-02	-1.272936e+01
9.000000e-07	-6.679487e-02	-1.270721e+01
9.100000e-07	-6.480006e-02	-1.263720e+01
9.200000e-07	-6.853930e-02	-1.258405e+01
9.300000e-07	-7.786322e-02	-1.255104e+01
9.400000e-07	-8.741842e-02	-1.249036e+01
9.500000e-07	-9.145599e-02	-1.242483e+01
9.600000e-07	-9.859560e-02	-1.239202e+01
9.700000e-07	-1.107302e-01	-1.227939e+01
9.800000e-07	-1.227175e-01	-1.225580e+01
9.900000e-07	-1.283906e-01	-1.218159e+01
1.000000e-06	-1.313544e-01	-1.210989e+01
1.010000e-06	-1.372811e-01	-1.201475e+01
1.020000e-06	-1.401827e-01	-1.195134e+01
1.030000e-06	-1.349450e-01	-1.183665e+01
1.040000e-06	-1.262204e-01	-1.164999e+01
1.050000e-06	-1.194287e-01	-1.160470e+01
1.060000e-06	-1.147010e-01	-1.150934e+01
1.070000e-06	-1.041936e-01	-1.140404e+01
1.080000e-06	-9.405885e-02	-1.127875e+01
1.090000e-06	-8.678580e-02	-1.111192e+01
1.100000e-06	-8.289336e-02	-1.098257e+01
1.110000e-06	-7.513631e-02	-1.086696e+01
1.120000e-06	-6.589269e-02	-1.077007e+01
1.130000e-06	-6.083980e-02	-1.066676e+01
1.140000e-06	-5.729515e-02	-1.056097e+01
1.150000e-06	-5.268436e-02	-1.038262e+01
1.160000e-06	-4.604563e-02	-1.023712e+01
1.170000e-06	-4.250336e-02	-1.002576e+01
1.180000e-06	-4.244610e-02	-9.960392e+00
1.190000e-06	-4.011526e-02	-9.793574e+00
1.200000e-06	-3.431716e-02	-9.655735e+00
1.210000e-06	-3.157270e-02	-9.507865e+00
1.220000e-06	-3.124944e-02	-9.300417e+00
1.230000e-06	-3.015772e-02	-9.191445e+00
1.240000e-06	-2.618746e-02	-8.975153e+00
1.250000e-06	-2.348848e-02	-8.865234e+00
1.260000e-06	-2.513139e-02	-8.655308e+00
1.270000e-06	-2.476141e-02	-8.416310e+00
1.280000e-06	-2.175870e-02	-8.278339e+00
1.290000e-06	-1.944389e-02	-8.098439e+00
1.300000e-06	-1.956999e-02	-7.950941e+00
1.310000e-06	-2.061945e-02	-7.670466e+00
1.320000e-06	-1.711660e-02	-7.489991e+00
1.330000e-06	-1.485698e-02	-7.339946e+00
1.340000e-06	-1.589933e-02	-7.090945e+00
1.350000e-06	-1.739065e-02	-6.897866e+00
1.360000e-06	-1.456727e-02	-6.729415e+00
1.370000e-06	-1.330263e-02	-6.498468e+00
1.380000e-06	-1.284909e-02	-6.348911e+00
1.390000e-06	-1.620939e-02	-6.077358e+00
1.400000e-06	-1.316851e-02	-5.887813e+00
1.410000e-06	-1.131829e-02	-5.646284e+00
1.420000e-06	-1.116270e-02	-5.446764e+00
1.430000e-06	-1.021801e-02	-5.171703e+00
1.440000e-06	-1.169715e-02	-4.971580e+00
1.450000e-06	-7.168078e-03	-4.699914e+00
1.460000e-06	-1.190296e-02	-4.476890e+00
1.470000e-06	-1.072752e-02	-4.298840e+00
1.480000e-06	-1.275058e-02	-4.108319e+00
1.490000e-06	-6.948138e-03	-3.887315e+00
1.500000e-06	-7.437400e-03	-3.645132e+00
1.510000e-06	-7.051166e-03	-3.404156e+00
1.520000e-06	-8.985834e-03	-3.222632e+00
1.530000e-06	-6.318821e-03	-2.950027e+00
1.540000e-06	-8.315409e-03	-2.708791e+00
1.550000e-06	-7.079684e-03	-2.517342e+00
1.560000e-06	-8.789079e-03	-2.245714e+00
1.570000e-06	-4.036521e-03	-2.012628e+00
1.580000e-06	-3.968949e-03	-1.832029e+00
1.590000e-06	-6.006962e-03	-1.589997e+00
1.600000e-06	-6.018145e-03	-1.276789e+00
1.610000e-06	-5.701501e-03	-1.044233e+00
1.620000e-06	-3.761340e-03	-8.126540e-01
1.630000e-06	-5.527050e-03	-5.609723e-01
1.640000e-06	-3.783635e-03	-3.088411e-01
1.650000e-06	-1.330626e-03	-9.532067e-02
1.660000e-06	8.289497e-03	1.226080e-01
1.670000e-06	-1.566936e-04	3.673937e-01
1.680000e-06	1.258972e-03	6.073422e-01
1.690000e-06	-2.350986e-03	7.868396e-01
1.700000e-06	1.847539e-03	1.007324e+00
1.710000e-06	1.295923e-04	1.260550e+00
1.720000e-06	2.550923e-04	1.501605e+00
1.730000e-06	1.681820e-02	1.757366e+00
1.740000e-06	6.277707e-02	1.965841e+00
1.750000e-06	3.108579e-02	2.220096e+00
1.760000e-06	-5.532349e-02	2.481629e+00
1.770000e-06	-4.500990e-02	2.756792e+00
1.780000e-06	-1.806121e-02	2.966316e+00
1.790000e-06	-3.655397e-02	3.103183e+00
1.800000e-06	-2.705586e-03	3.242178e+00
1.810000e-06	9.121723e-02	3.504680e+00
1.820000e-06	-8.790000e-02	3.754786e+00
1.830000e-06	9.853762e-02	3.875258e+00
1.840000e-06	2.662691e-02	4.175868e+00
1.850000e-06	-6.562251e-02	4.400924e+00
1.860000e-06	4.615541e-02	4.628947e+00
1.870000e-06	-5.361126e-02	4.859653e+00
1.880000e-06	3.657039e-02	5.106285e+00
1.890000e-06	1.965486e-02	5.396415e+00
1.900000e-06	-1.611126e-02	5.590492e+00
1.910000e-06	3.234478e-02	5.800491e+00
1.920000e-06	-1.244882e-02	6.062000e+00
1.930000e-06	-1.585336e-03	6.261450e+00
1.940000e-06	1.415406e-03	6.410521e+00
1.950000e-06	7.249745e-03	6.662603e+00
1.960000e-06	2.926929e-02	6.872603e+00
1.970000e-06	-1.739851e-02	7.084633e+00
1.980000e-06	4.148714e-02	7.242128e+00
1.990000e-06	-2.087697e-02	7.433702e+00
2.000000e-06	7.045917e-03	7.684156e+00
2.010000e-06	1.506966e-02	7.864736e+00
2.020000e-06	-8.899453e-04	8.107659e+00
2.030000e-06	2.806183e-02	8.293256e+00
2.040000e-06	-8.279763e-04	8.454154e+00
2.050000e-06	2.267151e-02	8.608500e+00
2.060000e-06	-5.898436e-03	8.789414e+00
2.070000e-06	1.719005e-02	8.907831e+00
2.080000e-06	5.635629e-03	9.107289e+00
2.090000e-06	7.623552e-03	9.305306e+00
2.100000e-06	1.842360e-02	9.402728e+00
2.110000e-06	1.173682e-02	9.581045e+00
2.120000e-06	1.940527e-02	9.768389e+00
2.130000e-06	7.719193e-03	9.946857e+00
2.140000e-06	1.337773e-02	1.008473e+01
2.150000e-06	9.439273e-03	1.019149e+01
2.160000e-06	1.505081e-02	1.034884e+01
2.170000e-06	1.350024e-02	1.041323e+01
2.180000e-06	1.477360e-02	1.064255e+01
2.190000e-06	1.923116e-02	1.074994e+01
2.200000e-06	1.915122e-02	1.087376e+01
2.210000e-06	1.561002e-02	1.097050e+01
2.220000e-06	1.302195e-02	1.111634e+01
2.230000e-06	1.520536e-02	1.118057e+01
2.240000e-06	1.836090e-02	1.130741e+01
2.250000e-06	1.908896e-02	1.149612e+01
2.260000e-06	1.695847e-02	1.158139e+01
2.270000e-06	2.098162e-02	1.168623e+01
2.280000e-06	2.227791e-02	1.175197e+01
2.290000e-06	2.003237e-02	1.188573e+01
2.300000e-06	1.789006e-02	1.190934e+01
2.310000e-06	1.971344e-02	1.201260e+01
2.320000e-06	2.382703e-02	1.204688e+01
2.330000e-06	2.309884e-02	1.215994e+01
2.340000e-06	2.417381e-02	1.220462e+01
2.350000e-06	2.252245e-02	1.232778e+01
2.360000e-06	2.470886e-02	1.237744e+01
2.370000e-06	2.399070e-02	1.240365e+01
2.380000e-06	2.404189e-02	1.245631e+01
2.390000e-06	2.530488e-02	1.248686e+01
2.400000e-06	2.764622e-02	1.254104e+01
2.410000e-06	2.895315e-02	1.255099e+01
2.420000e-06	2.757321e-02	1.259264e+01
2.430000e-06	2.722268e-02	1.261465e+01
2.440000e-06	2.982673e-02	1.264523e+01
2.450000e-06	3.232729e-02	1.262473e+01
2.460000e-06	3.343320e-02	1.266525e+01
2.470000e-06	3.307630e-02	1.267633e+01
2.480000e-06	3.431359e-02	1.266723e+01
2.490000e-06	3.586138e-02	1.268731e+01
2.500000e-06	3.806589e-02	1.268573e+01
2.510000e-06	3.876157e-02	1.267428e+01
2.520000e-06	4.200363e-02	1.263616e+01
2.530000e-06	4.676065e-02	1.264415e+01
2.540000e-06	5.061512e-02	1.259315e+01
2.550000e-06	5.313390e-02	1.257260e+01
2.560000e-06	5.748090e-02	1.254044e+01
2.570000e-06	5.987454e-02	1.248991e+01
2.580000e-06	6.652067e-02	1.245836e+01
2.590000e-06	7.178264e-02	1.245428e+01
2.600000e-06	7.908354e-02	1.242260e+01
2.610000e-06	8.763239e-02	1.236857e+01
2.620000e-06	9.690667e-02	1.227876e+01
2.630000e-06	1.057480e-01	1.217415e+01
2.640000e-06	1.145850e-01	1.209109e+01
2.650000e-06	1.239323e-01	1.202591e+01
2.660000e-06	1.295008e-01	1.196100e+01
2.670000e-06	1.320175e-01	1.184791e+01
2.680000e-06	1.310129e-01	1.182457e+01
2.690000e-06	1.259237e-01	1.170997e+01
2.700000e-06	1.196953e-01	1.162425e+01
2.710000e-06	1.112091e-01	1.149886e+01
2.720000e-06	1.039747e-01	1.136462e+01
2.730000e-06	9.470780e-02	1.126686e+01
2.740000e-06	8.848885e-02	1.113052e+01
2.750000e-06	7.929721e-02	1.102566e+01
2.760000e-06	7.216399e-02	1.093944e+01
2.770000e-06	6.434631e-02	1.080378e+01
2.780000e-06	5.981867e-02	1.069779e+01
2.790000e-06	5.248215e-02	1.053107e+01
2.800000e-06	4.702720e-02	1.036465e+01
2.810000e-06	4.247331e-02	1.027638e+01
2.820000e-06	3.933217e-02	1.010049e+01
2.830000e-06	3.592275e-02	9.983654e+00
2.840000e-06	3.171138e-02	9.855706e+00
2.850000e-06	2.872674e-02	9.688357e+00
2.860000e-06	2.672260e-02	9.519489e+00
2.870000e-06	2.558780e-02	9.390044e+00
2.880000e-06	2.237526e-02	9.203207e+00
2.890000e-06	2.001339e-02	9.086708e+00
2.900000e-06	1.753244e-02	8.846911e+00
2.910000e-06	1.810765e-02	8.700839e+00
2.920000e-06	1.569444e-02	8.510418e+00
2.930000e-06	1.430360e-02	8.371575e+00
2.940000e-06	1.165234e-02	8.173625e+00
2.950000e-06	1.316669e-02	7.982148e+00
2.960000e-06	1.083764e-02	7.823107e+00
2.970000e-06	9.960872e-03	7.593705e+00
2.980000e-06	7.944622e-03	7.334624e+00
2.990000e-06	9.012522e-03	7.180625e+00
3.000000e-06	7.384734e-03	6.972625e+00
3.010000e-06	6.277492e-03	6.813632e+00
3.020000e-06	4.712366e-03	6.574153e+00
3.030000e-06	5.640390e-03	6.372580e+00
3.040000e-06	5.173316e-03	6.153154e+00
3.050000e-06	4.194868e-03	5.993650e+00
3.060000e-06	2.176008e-03	5.743652e+00
3.070000e-06	3.175850e-03	5.560521e+00
3.080000e-06	3.539946e-03	5.339999e+00
3.090000e-06	2.807464e-03	5.040418e+00
3.100000e-06	1.490678e-03	4.823239e+00
3.110000e-06	9.463673e-04	4.603075e+00
3.120000e-06	1.088532e-03	4.431080e+00
3.130000e-06	8.201867e-04	4.153075e+00
3.140000e-06	-9.480137e-04	3.919423e+00
3.150000e-06	-1.109295e-03	3.709395e+00
3.160000e-06	-3.166247e-04	3.499370e+00
3.170000e-06	-2.119687e-04	3.257339e+00
3.180000e-06	-1.763275e-03	3.023158e+00
3.190000e-06	-2.544092e-03	2.802655e+00
3.200000e-06	-2.053033e-03	2.573134e+00
3.210000e-06	-1.759938e-03	2.319445e+00
3.220000e-06	-3.553794e-03	2.057919e+00
3.230000e-06	-3.879626e-03	1.918367e+00
3.240000e-06	-2.148528e-03	1.615863e+00
3.250000e-06	-2.643993e-03	1.394208e+00
3.260000e-06	-4.020892e-03	1.180077e+00
3.270000e-06	-5.020024e-03	8.583965e-01
3.280000e-06	-4.183825e-03	6.136891e-01
3.290000e-06	-3.885369e-03	4.332052e-01
3.300000e-06	-4.379633e-03	1.730638e-01
3.310000e-06	-5.452105e-03	-6.002644e-02
3.320000e-06	4.936764e-03	-2.616039e-01
3.330000e-06	-9.407447e-04	-4.620515e-01
3.340000e-06	-1.137419e-03	-7.857095e-01
3.350000e-06	-7.224473e-03	-9.342371e-01
3.360000e-06	-2.656265e-03	-1.114735e+00
3.370000e-06	-3.743231e-03	-1.434865e+00
3.380000e-06	-1.522117e-03	-1.630948e+00
3.390000e-06	4.502517e-02	-1.829369e+00
3.400000e-06	6.581572e-02	-2.007844e+00
3.410000e-06	-6.098284e-02	-2.355132e+00
3.420000e-06	-4.243501e-02	-2.681025e+00
3.430000e-06	-5.146457e-02	-2.892079e+00
3.440000e-06	-6.357821e-02	-3.164731e+00
3.450000e-06	6.158890e-02	-3.251554e+00
3.460000e-06	6.197802e-02	-3.428995e+00
3.470000e-06	-1.543508e-01	-3.662454e+00
3.480000e-06	1.710703e-01	-3.924600e+00
3.490000e-06	-4.953435e-02	-4.082133e+00
3.500000e-06	-3.517380e-02	-4.367790e+00
3.510000e-06	4.166084e-02	-4.503707e+00
3.520000e-06	-1.584562e-01	-4.807267e+00
3.530000e-06	1.131058e-01	-5.001894e+00
3.540000e-06	-3.951198e-03	-5.207393e+00
3.550000e-06	-4.154859e-02	-5.536657e+00
3.560000e-06	5.516159e-02	-5.714183e+00
3.570000e-06	-1.030004e-01	-5.925283e+00
3.580000e-06	7.490567e-02	-6.166284e+00
3.590000e-06	-5.417226e-02	-6.326839e+00
3.600000e-06	-4.445570e-02	-6.577914e+00
3.610000e-06	6.367804e-02	-6.726790e+00
3.620000e-06	-6.766852e-02	-7.058390e+00
3.630000e-06	8.728075e-02	-7.220949e+00
3.640000e-06	-1.255510e-01	-7.387469e+00
3.650000e-06	2.804028e-02	-7.631518e+00
3.660000e-06	7.109001e-03	-7.797943e+00
3.670000e-06	-3.891995e-02	-8.060424e+00
3.680000e-06	3.142928e-02	-8.210419e+00
3.690000e-06	-7.591352e-02	-8.389417e+00
3.700000e-06	6.559285e-02	-8.629334e+00
3.710000e-06	-5.996731e-02	-8.757863e+00
3.720000e-06	-5.732380e-03	-8.927835e+00
3.730000e-06	-3.187551e-02	-9.093577e+00
3.740000e-06	-1.137103e-02	-9.215049e+00
3.750000e-06	2.050156e-02	-9.421567e+00
3.760000e-06	-5.643428e-02	-9.600947e+00
3.770000e-06	1.222842e-02	-9.758360e+00
3.780000e-06	-3.584357e-02	-9.884131e+00
3.790000e-06	9.437556e-03	-1.001255e+01
3.800000e-06	-4.389488e-02	-1.019144e+01
3.810000e-06	-1.893140e-02	-1.035734e+01
3.820000e-06	-1.278185e-02	-1.046473e+01
3.830000e-06	-1.160955e-02	-1.062157e+01
3.840000e-06	-1.690856e-02	-1.075881e+01
3.850000e-06	-3.554323e-02	-1.086250e+01
3.860000e-06	-6.253543e-03	-1.096086e+01
3.870000e-06	-2.300783e-02	-1.111520e+01
3.880000e-06	-1.814411e-02	-1.124263e+01
3.890000e-06	-4.038638e-02	-1.133886e+01
3.900000e-06	-9.899838e-03	-1.147410e+01
3.910000e-06	-2.094653e-02	-1.157839e+01
3.920000e-06	-1.957417e-02	-1.164626e+01
3.930000e-06	-3.506422e-02	-1.181191e+01
3.940000e-06	-2.346104e-02	-1.188683e+01
3.950000e-06	-1.748923e-02	-1.204200e+01
3.960000e-06	-3.057573e-02	-1.206728e+01
3.970000e-06	-2.937110e-02	-1.214896e+01
3.980000e-06	-3.020170e-02	-1.224215e+01
3.990000e-06	-1.544217e-02	-1.231771e+01
4.000000e-06	-3.120575e-02	-1.235894e+01
4.010000e-06	-3.294436e-02	-1.242215e+01
4.020000e-06	-3.353095e-02	-1.250575e+01
4.030000e-06	-2.437816e-02	-1.251049e+01
4.040000e-06	-2.858893e-02	-1.259154e+01
4.050000e-06	-3.734072e-02	-1.264412e+01
4.060000e-06	-3.227128e-02	-1.263662e+01
4.070000e-06	-3.034734e-02	-1.271678e+01
4.080000e-06	-3.230381e-02	-1.275889e+01
4.090000e-06	-4.041954e-02	-1.278186e+01
4.100000e-06	-3.939703e-02	-1.282410e+01
4.110000e-06	-3.067032e-02	-1.283005e+01
4.120000e-06	-3.518902e-02	-1.281307e+01
4.130000e-06	-4.132266e-02	-1.283473e+01
4.140000e-06	-4.633299e-02	-1.284323e+01
4.150000e-06	-4.182311e-02	-1.281418e+01
4.160000e-06	-4.258162e-02	-1.282410e+01
4.170000e-06	-5.041127e-02	-1.283355e+01
4.180000e-06	-5.109069e-02	-1.280262e+01
4.190000e-06	-4.871430e-02	-1.279107e+01
4.200000e-06	-4.987137e-02	-1.274944e+01
4.210000e-06	-6.032066e-02	-1.272933e+01
4.220000e-06	-6.865694e-02	-1.269680e+01
4.230000e-06	-6.789699e-02	-1.264615e+01
4.240000e-06	-7.050658e-02	-1.254409e+01
4.250000e-06	-7.902997e-02	-1.249194e+01
4.260000e-06	-8.878251e-02	-1.250943e+01
4.270000e-06	-9.342724e-02	-1.241370e+01
4.280000e-06	-9.879372e-02	-1.236104e+01
4.290000e-06	-1.126320e-01	-1.228733e+01
4.300000e-06	-1.248290e-01	-1.220467e+01
4.310000e-06	-1.317747e-01	-1.214249e+01
4.320000e-06	-1.323207e-01	-1.207781e+01
4.330000e-06	-1.378606e-01	-1.203307e+01
4.340000e-06	-1.393395e-01	-1.193739e+01
4.350000e-06	-1.340317e-01	-1.179460e+01
4.360000e-06	-1.237717e-01	-1.165053e+01
4.370000e-06	-1.167712e-01	-1.159170e+01
4.380000e-06	-1.128590e-01	-1.148791e+01
4.390000e-06	-1.034239e-01	-1.132204e+01
4.400000e-06	-9.229628e-02	-1.121768e+01
4.410000e-06	-8.471964e-02	-1.105633e+01
4.420000e-06	-8.146830e-02	-1.101155e+01
4.430000e-06	-7.476485e-02	-1.083480e+01
4.440000e-06	-6.487673e-02	-1.075050e+01
4.450000e-06	-5.906722e-02	-1.062570e+01
4.460000e-06	-5.610368e-02	-1.049939e+01
4.470000e-06	-5.268232e-02	-1.033254e+01
4.480000e-06	-4.573172e-02	-1.017457e+01
4.490000e-06	-4.135316e-02	-1.002523e+01
4.500000e-06	-4.042982e-02	-9.848863e+00
4.510000e-06	-3.948326e-02	-9.771094e+00
4.520000e-06	-3.496342e-02	-9.603707e+00
4.530000e-06	-3.071334e-02	-9.437330e+00
4.540000e-06	-2.969683e-02	-9.267386e+00
4.550000e-06	-2.961149e-02	-9.119890e+00
4.560000e-06	-2.648600e-02	-8.981546e+00
4.570000e-06	-2.310012e-02	-8.814076e+00
4.580000e-06	-2.347041e-02	-8.564224e+00
4.590000e-06	-2.348096e-02	-8.464128e+00
4.600000e-06	-2.260930e-02	-8.275285e+00
4.610000e-06	-1.845219e-02	-8.075862e+00
4.620000e-06	-1.841192e-02	-7.848838e+00
4.630000e-06	-1.878010e-02	-7.677257e+00
4.640000e-06	-1.902661e-02	-7.417279e+00
4.650000e-06	-1.718980e-02	-7.267311e+00
4.660000e-06	-1.625389e-02	-7.059786e+00
4.670000e-06	-1.588520e-02	-6.845208e+00
4.680000e-06	-1.531423e-02	-6.636784e+00
4.690000e-06	-1.213217e-02	-6.467235e+00
4.700000e-06	-1.033038e-02	-6.266734e+00
4.710000e-06	-1.297371e-02	-6.006308e+00
4.720000e-06	-1.419297e-02	-5.824706e+00
4.730000e-06	-1.376923e-02	-5.614708e+00
4.740000e-06	-1.186011e-02	-5.406103e+00
4.750000e-06	-1.203791e-02	-5.171441e+00
4.760000e-06	-1.162973e-02	-4.861391e+00
4.770000e-06	-8.863412e-03	-4.626230e+00
4.780000e-06	-7.168497e-03	-4.444737e+00
4.790000e-06	-8.421065e-03	-4.255713e+00
4.800000e-06	-9.258754e-03	-4.054258e+00
4.810000e-06	-8.990733e-03	-3.814707e+00
4.820000e-06	-8.692261e-03	-3.603074e+00
4.830000e-06	-8.268722e-03	-3.322498e+00
4.840000e-06	-1.075528e-02	-3.179971e+00
4.850000e-06	-7.880063e-03	-2.887441e+00
4.860000e-06	-6.473438e-03	-2.666735e+00
4.870000e-06	-4.168397e-03	-2.444134e+00
4.880000e-06	-5.776008e-03	-2.184107e+00
4.890000e-06	-5.152306e-03	-1.950521e+00
4.900000e-06	-6.039964e-03	-1.710524e+00
4.910000e-06	-5.257434e-03	-1.528918e+00
4.920000e-06	-7.482121e-03	-1.194152e+00
4.930000e-06	-5.656116e-03	-9.805275e-01
4.940000e-06	-6.012518e-03	-7.925010e-01
4.950000e-06	-2.468637e-03	-4.978360e-01
4.960000e-06	-2.506519e-03	-2.658369e-01
4.970000e-06	5.202032e-04	-1.318792e-02
4.980000e-06	5.852874e-03	2.048397e-01
4.990000e-06	-1.460494e-03	3.989251e-01
5.000000e-06	2.388377e-03	6.504227e-01
5.010000e-06	-2.681836e-03	8.594988e-01
5.020000e-06	1.282626e-03	1.082154e+00
5.030000e-06	1.389074e-03	1.363811e+00
5.040000e-06	3.314099e-03	1.553738e+00
5.050000e-06	2.292600e-02	1.778373e+00
5.060000e-06	7.223612e-02	2.028971e+00
5.070000e-06	-1.327409e-03	2.282554e+00
5.080000e-06	-5.051627e-02	2.583736e+00
5.090000e-06	-4.433828e-02	2.788900e+00
5.100000e-06	-1.241111e-02	2.989919e+00
5.110000e-06	-4.656485e-02	3.186342e+00
5.120000e-06	3.329318e-02	3.314632e+00
5.130000e-06	6.248876e-02	3.568394e+00
5.140000e-06	-8.401491e-02	3.768365e+00
5.150000e-06	1.365075e-01	3.965838e+00
5.160000e-06	-2.967356e-02	4.220975e+00
5.170000e-06	-3.388837e-02	4.451052e+00
5.180000e-06	3.090161e-02	4.672627e+00
5.190000e-06	-5.400114e-02	4.916680e+00
5.200000e-06	5.582082e-02	5.208413e+00
5.210000e-06	7.643831e-04	5.419945e+00
5.220000e-06	-2.901963e-03	5.622104e+00
5.230000e-06	2.751913e-02	5.861522e+00
5.240000e-06	-1.982069e-02	6.093081e+00
5.250000e-06	9.366929e-03	6.303127e+00
5.260000e-06	-6.968836e-03	6.493054e+00
5.270000e-06	1.849874e-02	6.745261e+00
5.280000e-06	1.665532e-02	6.924257e+00
5.290000e-06	-5.635617e-03	7.117258e+00
5.300000e-06	3.854607e-02	7.265235e+00
5.310000e-06	-3.440785e-02	7.526756e+00
5.320000e-06	2.232616e-02	7.716337e+00
5.330000e-06	5.200510e-03	7.936340e+00
5.340000e-06	1.015434e-02	8.178888e+00
5.350000e-06	2.043408e-02	8.357289e+00
5.360000e-06	2.461839e-03	8.464734e+00
5.370000e-06	2.319195e-02	8.633624e+00
5.380000e-06	-7.771665e-03	8.840996e+00
5.390000e-06	1.825611e-02	8.937892e+00
5.400000e-06	-7.934360e-04	9.149411e+00
5.410000e-06	1.570519e-02	9.314787e+00
5.420000e-06	1.716422e-02	9.503804e+00
5.430000e-06	1.184683e-02	9.621598e+00
5.440000e-06	1.752777e-02	9.770014e+00
5.450000e-06	8.191207e-03	9.949341e+00
5.460000e-06	1.558718e-02	1.010486e+01
5.470000e-06	7.265691e-03	1.022155e+01
5.480000e-06	1.683276e-02	1.037087e+01
5.490000e-06	1.339203e-02	1.047631e+01
5.500000e-06	1.878582e-02	1.062417e+01
5.510000e-06	1.943379e-02	1.079155e+01
5.520000e-06	1.604758e-02	1.092678e+01
5.530000e-06	1.599940e-02	1.100102e+01
5.540000e-06	1.328390e-02	1.111684e+01
5.550000e-06	1.770232e-02	1.120363e+01
5.560000e-06	1.579192e-02	1.138101e+01
5.570000e-06	2.036377e-02	1.146515e+01
5.580000e-06	1.910576e-02	1.158193e+01
5.590000e-06	2.363307e-02	1.170631e+01
5.600000e-06	1.926048e-02	1.178302e+01
5.610000e-06	1.897311e-02	1.187470e+01
5.620000e-06	1.985047e-02	1.194994e+01
5.630000e-06	2.029286e-02	1.202214e+01
5.640000e-06	2.281159e-02	1.207883e+01
5.650000e-06	2.143476e-02	1.216197e+01
5.660000e-06	2.473391e-02	1.226613e+01
5.670000e-06	2.300040e-02	1.231833e+01
5.680000e-06	2.512946e-02	1.239297e+01
5.690000e-06	2.244523e-02	1.242470e+01
5.700000e-06	2.541603e-02	1.247528e+01
5.710000e-06	2.637015e-02	1.248779e+01
5.720000e-06	2.663318e-02	1.254049e+01
5.730000e-06	2.691890e-02	1.258147e+01
5.740000e-06	2.684417e-02	1.264305e+01
5.750000e-06	2.976017e-02	1.265355e+01
5.760000e-06	2.984820e-02	1.268430e+01
5.770000e-06	3.092897e-02	1.264566e+01
5.780000e-06	3.258723e-02	1.267838e+01
5.790000e-06	3.496779e-02	1.267735e+01
5.800000e-06	3.572769e-02	1.266728e+01
5.810000e-06	3.604525e-02	1.265831e+01
5.820000e-06	3.738565e-02	1.268786e+01
5.830000e-06	4.097629e-02	1.268721e+01
5.840000e-06	4.397786e-02	1.264671e+01
5.850000e-06	4.698399e-02	1.261373e+01
5.860000e-06	5.015041e-02	1.264408e+01
5.870000e-06	5.414544e-02	1.256204e+01
5.880000e-06	5.883668e-02	1.252952e+01
5.890000e-06	6.133293e-02	1.249836e+01
5.900000e-06	6.706935e-02	1.246779e+01
5.910000e-06	7.429464e-02	1.242378e+01
5.920000e-06	8.180892e-02	1.240104e+01
5.930000e-06	8.929217e-02	1.232992e+01
5.940000e-06	9.762091e-02	1.225731e+01
5.950000e-06	1.079189e-01	1.216470e+01
5.960000e-06	1.176914e-01	1.207941e+01
5.970000e-06	1.254305e-01	1.202625e+01
5.980000e-06	1.291818e-01	1.196109e+01
5.990000e-06	1.322908e-01	1.187626e+01
6.000000e-06	1.304885e-01	1.181257e+01
6.010000e-06	1.256110e-01	1.168839e+01
6.020000e-06	1.173402e-01	1.157417e+01
6.030000e-06	1.098867e-01	1.149783e+01
6.040000e-06	1.032230e-01	1.134352e+01
6.050000e-06	9.354376e-02	1.123473e+01
6.060000e-06	8.464343e-02	1.110986e+01
6.070000e-06	7.542672e-02	1.102310e+01
6.080000e-06	7.115540e-02	1.087981e+01
6.090000e-06	6.341050e-02	1.081410e+01
6.100000e-06	5.757671e-02	1.068721e+01
6.110000e-06	5.043691e-02	1.049099e+01
6.120000e-06	4.883307e-02	1.036108e+01
6.130000e-06	4.291108e-02	1.022518e+01
6.140000e-06	3.811918e-02	1.009792e+01
6.150000e-06	3.389161e-02	9.990475e+00
6.160000e-06	3.315680e-02	9.766703e+00
6.170000e-06	2.959967e-02	9.623704e+00
6.180000e-06	2.479044e-02	9.477784e+00
6.190000e-06	2.214021e-02	9.330916e+00
6.200000e-06	2.305497e-02	9.162076e+00
6.210000e-06	2.157389e-02	9.015178e+00
6.220000e-06	1.811263e-02	8.804732e+00
6.230000e-06	1.601502e-02	8.657733e+00
6.240000e-06	1.611493e-02	8.458864e+00
6.250000e-06	1.565895e-02	8.329369e+00
6.260000e-06	1.096794e-02	8.114525e+00
6.270000e-06	9.801879e-03	7.919965e+00
6.280000e-06	1.109131e-02	7.752125e+00
6.290000e-06	1.165297e-02	7.543023e+00
6.300000e-06	8.462188e-03	7.322071e+00
6.310000e-06	7.080550e-03	7.150417e+00
6.320000e-06	6.786694e-03	6.960549e+00
6.330000e-06	7.034916e-03	6.739925e+00
6.340000e-06	5.607796e-03	6.482046e+00
6.350000e-06	4.198246e-03	6.328946e+00
6.360000e-06	4.672109e-03	6.110020e+00
6.370000e-06	4.505879e-03	5.962071e+00
6.380000e-06	4.217581e-03	5.719996e+00
6.390000e-06	1.986997e-03	5.508893e+00
6.400000e-06	2.168353e-03	5.278913e+00
6.410000e-06	1.311155e-03	5.005711e+00
6.420000e-06	2.276299e-03	4.740652e+00
6.430000e-06	1.154120e-03	4.521048e+00
6.440000e-06	1.610517e-04	4.399523e+00
6.450000e-06	4.396313e-04	4.089948e+00
6.460000e-06	6.204197e-04	3.878264e+00
6.470000e-06	-7.347394e-04	3.656312e+00
6.480000e-06	-1.803850e-03	3.436288e+00
6.490000e-06	-1.352817e-03	3.202078e+00
6.500000e-06	-6.942460e-04	2.971679e+00
6.510000e-06	-1.132485e-03	2.771101e+00
6.520000e-06	-2.945628e-03	2.480121e+00
6.530000e-06	-3.304853e-03	2.257289e+00
6.540000e-06	-2.868445e-03	2.025287e+00
6.550000e-06	-2.767536e-03	1.845864e+00
6.560000e-06	-3.752670e-03	1.591583e+00
6.570000e-06	-4.113840e-03	1.338477e+00
6.580000e-06	-2.756138e-03	1.077395e+00
6.590000e-06	-3.794240e-03	8.331300e-01
6.600000e-06	-4.443647e-03	5.326038e-01
6.610000e-06	-4.794193e-03	3.800761e-01
6.620000e-06	-3.159906e-03	1.089948e-01
6.630000e-06	-2.153127e-03	-1.230846e-01
6.640000e-06	4.376215e-03	-3.246356e-01
6.650000e-06	-5.858545e-03	-5.846108e-01
6.660000e-06	-1.362643e-03	-8.078137e-01
6.670000e-06	-5.708924e-03	-9.968172e-01
6.680000e-06	-1.969701e-03	-1.186269e+00
6.690000e-06	-5.200527e-03	-1.499951e+00
6.700000e-06	5.221905e-03	-1.673102e+00
6.710000e-06	6.679862e-02	-1.849499e+00
6.720000e-06	3.463246e-02	-2.091979e+00
6.730000e-06	-6.645037e-02	-2.418324e+00
6.740000e-06	-4.459533e-02	-2.764686e+00
6.750000e-06	-4.844090e-02	-2.905712e+00
6.760000e-06	-6.386672e-02	-3.188791e+00
6.770000e-06	1.082129e-01	-3.302633e+00
6.780000e-06	-1.455018e-02	-3.472023e+00
6.790000e-06	-9.594220e-02	-3.734129e+00
6.800000e-06	1.756765e-01	-3.945805e+00
6.810000e-06	-1.125529e-01	-4.125764e+00
6.820000e-06	2.664921e-02	-4.389444e+00
6.830000e-06	-2.022732e-02	-4.555760e+00
6.840000e-06	-1.196020e-01	-4.870423e+00
6.850000e-06	1.384470e-01	-5.062003e+00
6.860000e-06	-6.067734e-02	-5.270999e+00
6.870000e-06	1.070250e-02	-5.578836e+00
6.880000e-06	1.521946e-02	-5.726835e+00
6.890000e-06	-8.865846e-02	-5.986291e+00
6.900000e-06	9.057913e-02	-6.217386e+00
6.910000e-06	-1.033414e-01	-6.408920e+00
6.920000e-06	2.151783e-02	-6.621569e+00
6.930000e-06	1.705847e-02	-6.799991e+00
6.940000e-06	-3.141650e-02	-7.061422e+00
6.950000e-06	6.213302e-02	-7.235075e+00
6.960000e-06	-1.373186e-01	-7.412020e+00
6.970000e-06	7.056424e-02	-7.663623e+00
6.980000e-06	-4.486678e-02	-7.860649e+00
6.990000e-06	2.688349e-03	-8.085157e+00
7.000000e-06	-1.936075e-03	-8.211023e+00
7.010000e-06	-4.751229e-02	-8.421447e+00
7.020000e-06	5.619516e-02	-8.620965e+00
7.030000e-06	-7.542042e-02	-8.809544e+00
7.040000e-06	1.381110e-02	-8.959387e+00
7.050000e-06	-5.126735e-02	-9.155781e+00
7.060000e-06	1.504158e-02	-9.254532e+00
7.070000e-06	-9.026138e-03	-9.473098e+00
7.080000e-06	-3.875824e-02	-9.652022e+00
7.090000e-06	6.638829e-03	-9.759889e+00
7.100000e-06	-3.309582e-02	-9.907157e+00
7.110000e-06	7.878680e-03	-1.002207e+01
7.120000e-06	-5.116988e-02	-1.021207e+01
7.130000e-06	-6.071969e-03	-1.043044e+01
7.140000e-06	-2.037578e-02	-1.051733e+01
7.150000e-06	-5.812984e-03	-1.064355e+01
7.160000e-06	-2.826922e-02	-1.075989e+01
7.170000e-06	-2.497497e-02	-1.088523e+01
7.180000e-06	-1.019511e-02	-1.095097e+01
7.190000e-06	-2.184432e-02	-1.113926e+01
7.200000e-06	-2.540214e-02	-1.125520e+01
7.210000e-06	-3.605666e-02	-1.139042e+01
7.220000e-06	-8.731879e-03	-1.151821e+01
7.230000e-06	-2.247335e-02	-1.160150e+01
7.240000e-06	-1.953331e-02	-1.167578e+01
7.250000e-06	-3.451679e-02	-1.182417e+01
7.260000e-06	-1.713581e-02	-1.192881e+01
7.270000e-06	-2.312254e-02	-1.201362e+01
7.280000e-06	-3.108621e-02	-1.211671e+01
7.290000e-06	-3.189222e-02	-1.214844e+01
7.300000e-06	-2.439485e-02	-1.223413e+01
7.310000e-06	-1.811328e-02	-1.234731e+01
7.320000e-06	-3.153808e-02	-1.239042e+01
7.330000e-06	-3.240621e-02	-1.241460e+01
7.340000e-06	-2.951682e-02	-1.244481e+01
7.350000e-06	-2.607678e-02	-1.250091e+01
7.360000e-06	-3.329008e-02	-1.257210e+01
7.370000e-06	-3.763422e-02	-1.267465e+01
7.380000e-06	-3.006772e-02	-1.263720e+01
7.390000e-06	-2.997170e-02	-1.270684e+01
7.400000e-06	-3.375253e-02	-1.274144e+01
7.410000e-06	-4.033867e-02	-1.278245e+01
7.420000e-06	-3.551779e-02	-1.281102e+01
7.430000e-06	-3.119801e-02	-1.280355e+01
7.440000e-06	-3.901871e-02	-1.285265e+01
7.450000e-06	-4.301923e-02	-1.284260e+01
7.460000e-06	-4.487493e-02	-1.284465e+01
7.470000e-06	-3.940593e-02	-1.283368e+01
7.480000e-06	-4.521638e-02	-1.280460e+01
7.490000e-06	-5.003931e-02	-1.282410e+01
7.500000e-06	-5.005007e-02	-1.282194e+01
7.510000e-06	-4.909645e-02	-1.276060e+01
7.520000e-06	-5.506993e-02	-1.278036e+01
7.530000e-06	-6.379151e-02	-1.274931e+01
7.540000e-06	-6.627956e-02	-1.263725e+01
7.550000e-06	-6.554971e-02	-1.261610e+01
7.560000e-06	-7.247643e-02	-1.251310e+01
7.570000e-06	-8.237085e-02	-1.252001e+01
7.580000e-06	-8.913262e-02	-1.242836e+01
7.590000e-06	-9.355068e-02	-1.239165e+01
7.600000e-06	-1.027419e-01	-1.233182e+01
7.610000e-06	-1.171891e-01	-1.226681e+01
7.620000e-06	-1.254280e-01	-1.221360e+01
7.630000e-06	-1.299150e-01	-1.213046e+01
7.640000e-06	-1.339290e-01	-1.203633e+01
7.650000e-06	-1.402483e-01	-1.201305e+01
7.660000e-06	-1.377276e-01	-1.190873e+01
7.670000e-06	-1.311057e-01	-1.173605e+01
7.680000e-06	-1.233266e-01	-1.163680e+01
7.690000e-06	-1.176668e-01	-1.151207e+01
7.700000e-06	-1.103094e-01	-1.146513e+01
7.710000e-06	-9.920380e-02	-1.134146e+01
7.720000e-06	-9.078733e-02	-1.116565e+01
7.730000e-06	-8.539540e-02	-1.107733e+01
7.740000e-06	-7.980682e-02	-1.090997e+01
7.750000e-06	-7.093315e-02	-1.081573e+01
7.760000e-06	-6.285894e-02	-1.070941e+01
7.770000e-06	-6.004549e-02	-1.058320e+01
7.780000e-06	-5.547279e-02	-1.046631e+01
7.790000e-06	-5.107672e-02	-1.034041e+01
7.800000e-06	-4.432728e-02	-1.015202e+01
7.810000e-06	-4.319663e-02	-1.004468e+01
7.820000e-06	-3.965044e-02	-9.856783e+00
7.830000e-06	-3.676162e-02	-9.742990e+00
7.840000e-06	-3.136085e-02	-9.571076e+00
7.850000e-06	-3.119635e-02	-9.343178e+00
7.860000e-06	-3.138377e-02	-9.223857e+00
7.870000e-06	-3.028519e-02	-9.067862e+00
7.880000e-06	-2.608485e-02	-8.922492e+00
7.890000e-06	-2.538728e-02	-8.781994e+00
7.900000e-06	-2.369507e-02	-8.521547e+00
7.910000e-06	-2.201865e-02	-8.371544e+00
7.920000e-06	-1.877552e-02	-8.234251e+00
7.930000e-06	-1.704235e-02	-8.035261e+00
7.940000e-06	-1.981768e-02	-7.834736e+00
7.950000e-06	-1.930290e-02	-7.613753e+00
7.960000e-06	-1.798518e-02	-7.402680e+00
7.970000e-06	-1.578388e-02	-7.236729e+00
7.980000e-06	-1.696582e-02	-7.036154e+00
7.990000e-06	-1.434771e-02	-6.823176e+00
8.000000e-06	-1.410455e-02	-6.625130e+00
8.010000e-06	-1.132308e-02	-6.425229e+00
8.020000e-06	-1.360751e-02	-6.206227e+00
8.030000e-06	-1.369288e-02	-5.971623e+00
8.040000e-06	-1.210342e-02	-5.781552e+00
8.050000e-06	-1.159669e-02	-5.532151e+00
8.060000e-06	-1.141220e-02	-5.322597e+00
8.070000e-06	-1.159366e-02	-5.058389e+00
8.080000e-06	-9.926124e-03	-4.806786e+00
8.090000e-06	-9.002549e-03	-4.592125e+00
8.100000e-06	-1.002648e-02	-4.412701e+00
8.110000e-06	-1.114031e-02	-4.202606e+00
8.120000e-06	-8.324860e-03	-3.954600e+00
8.130000e-06	-6.835183e-03	-3.751971e+00
8.140000e-06	-8.170284e-03	-3.517942e+00
8.150000e-06	-8.806644e-03	-3.257968e+00
8.160000e-06	-9.185787e-03	-3.108812e+00
8.170000e-06	-5.586582e-03	-2.803680e+00
8.180000e-06	-8.484809e-03	-2.622682e+00
8.190000e-06	-6.340463e-03	-2.402124e+00
8.200000e-06	-5.567590e-03	-2.131523e+00
8.210000e-06	-3.635765e-03	-1.907290e+00
8.220000e-06	-5.741010e-03	-1.678315e+00
8.230000e-06	-6.251198e-03	-1.444711e+00
8.240000e-06	-6.773886e-03	-1.099876e+00
8.250000e-06	-4.028558e-03	-9.498960e-01
8.260000e-06	-5.103915e-03	-6.978410e-01
8.270000e-06	-3.822875e-03	-4.336805e-01
8.280000e-06	-3.628053e-03	-2.237338e-01
8.290000e-06	2.184443e-03	-3.252901e-02
8.300000e-06	5.785105e-03	2.889800e-01
8.310000e-06	-2.194652e-03	4.715805e-01
8.320000e-06	7.507168e-04	7.116278e-01
8.330000e-06	-2.391986e-03	8.616565e-01
8.340000e-06	2.610709e-03	1.135787e+00
8.350000e-06	9.070253e-04	1.375868e+00
8.360000e-06	6.448307e-03	1.650796e+00
8.370000e-06	3.115701e-02	1.851083e+00
8.380000e-06	7.588856e-02	2.052584e+00
8.390000e-06	-3.133964e-02	2.355338e+00
8.400000e-06	-4.767717e-02	2.637871e+00
8.410000e-06	-3.938845e-02	2.861502e+00
8.420000e-06	-1.181270e-02	3.032499e+00
8.430000e-06	-4.655473e-02	3.199451e+00
8.440000e-06	6.558261e-02	3.334741e+00
8.450000e-06	1.173747e-02	3.621949e+00
8.460000e-06	-4.547101e-02	3.829496e+00
8.470000e-06	1.381445e-01	3.999443e+00
8.480000e-06	-6.983954e-02	4.303256e+00
8.490000e-06	2.226701e-03	4.473156e+00
8.500000e-06	2.764288e-03	4.747658e+00
8.510000e-06	-3.385639e-02	4.999819e+00
8.520000e-06	5.745048e-02	5.212476e+00
8.530000e-06	-1.450071e-02	5.484180e+00
8.540000e-06	1.208890e-02	5.652658e+00
8.550000e-06	2.083386e-02	5.924836e+00
8.560000e-06	-2.107500e-02	6.165263e+00
8.570000e-06	1.412397e-02	6.345686e+00
8.580000e-06	-1.075668e-02	6.545261e+00
8.590000e-06	3.033828e-02	6.808267e+00
8.600000e-06	5.487861e-05	6.997915e+00
8.610000e-06	8.922778e-03	7.146894e+00
8.620000e-06	2.615836e-02	7.347311e+00
8.630000e-06	-3.152070e-02	7.568795e+00
8.640000e-06	3.134966e-02	7.758467e+00
8.650000e-06	-7.478404e-03	8.030510e+00
8.660000e-06	2.104993e-02	8.180452e+00
8.670000e-06	1.165879e-02	8.379439e+00
8.680000e-06	1.084528e-02	8.526282e+00
8.690000e-06	1.427841e-02	8.674253e+00
8.700000e-06	-3.538768e-03	8.831523e+00
8.710000e-06	1.921382e-02	9.020019e+00
8.720000e-06	-6.515826e-05	9.190496e+00
8.730000e-06	1.782417e-02	9.379391e+00
8.740000e-06	1.371781e-02	9.526759e+00
8.750000e-06	1.402734e-02	9.634155e+00
8.760000e-06	1.721119e-02	9.832598e+00
8.770000e-06	7.293958e-03	9.999998e+00
8.780000e-06	1.400099e-02	1.011731e+01
8.790000e-06	8.359014e-03	1.028313e+01
8.800000e-06	1.823837e-02	1.036102e+01
8.810000e-06	1.177351e-02	1.054776e+01
8.820000e-06	1.846026e-02	1.070575e+01
8.830000e-06	1.894539e-02	1.079153e+01
8.840000e-06	1.767421e-02	1.093734e+01
8.850000e-06	1.548439e-02	1.103413e+01
8.860000e-06	1.247943e-02	1.113689e+01
8.870000e-06	1.809523e-02	1.122470e+01
8.880000e-06	1.719025e-02	1.137299e+01
8.890000e-06	2.000613e-02	1.148731e+01
8.900000e-06	1.814290e-02	1.163212e+01
8.910000e-06	2.163332e-02	1.172881e+01
8.920000e-06	2.056909e-02	1.178310e+01
8.930000e-06	1.943183e-02	1.188726e+01
8.940000e-06	1.935692e-02	1.195949e+01
8.950000e-06	2.085078e-02	1.202425e+01
8.960000e-06	2.384709e-02	1.210981e+01
8.970000e-06	2.219928e-02	1.219309e+01
8.980000e-06	2.268667e-02	1.229420e+01
8.990000e-06	2.207574e-02	1.235937e+01
9.000000e-06	2.456774e-02	1.238007e+01
9.010000e-06	2.338691e-02	1.245465e+01
9.020000e-06	2.509941e-02	1.247723e+01
9.030000e-06	2.699422e-02	1.251936e+01
9.040000e-06	2.835319e-02	1.256999e+01
9.050000e-06	2.843564e-02	1.260252e+01
9.060000e-06	2.705436e-02	1.263263e+01
9.070000e-06	2.953612e-02	1.262465e+01
9.080000e-06	2.889869e-02	1.267623e+01
9.090000e-06	3.221746e-02	1.266723e+01
9.100000e-06	3.202241e-02	1.266579e+01
9.110000e-06	3.407863e-02	1.270731e+01
9.120000e-06	3.565850e-02	1.266623e+01
9.130000e-06	3.773645e-02	1.266781e+01
9.140000e-06	3.892813e-02	1.266574e+01
9.150000e-06	4.125015e-02	1.264623e+01
9.160000e-06	4.460817e-02	1.266668e+01
9.170000e-06	4.830039e-02	1.264467e+01
9.180000e-06	5.080276e-02	1.260197e+01
9.190000e-06	5.378498e-02	1.257252e+01
9.200000e-06	5.738550e-02	1.252899e+01
9.210000e-06	6.403719e-02	1.251883e+01
9.220000e-06	6.887010e-02	1.243531e+01
9.230000e-06	7.578800e-02	1.241513e+01
9.240000e-06	8.312498e-02	1.237005e+01
9.250000e-06	9.224721e-02	1.230834e+01
9.260000e-06	1.017044e-01	1.224668e+01
9.270000e-06	1.110193e-01	1.216455e+01
9.280000e-06	1.187675e-01	1.207943e+01
9.290000e-06	1.258741e-01	1.201270e+01
9.300000e-06	1.302784e-01	1.192944e+01
9.310000e-06	1.321441e-01	1.185518e+01
9.320000e-06	1.286570e-01	1.173149e+01
9.330000e-06	1.244537e-01	1.167736e+01
9.340000e-06	1.168187e-01	1.158352e+01
9.350000e-06	1.086319e-01	1.144677e+01
9.360000e-06	9.936258e-02	1.130147e+01
9.370000e-06	9.203613e-02	1.119270e+01
9.380000e-06	8.382744e-02	1.107839e+01
9.390000e-06	7.621932e-02	1.097356e+01
9.400000e-06	6.809940e-02	1.086826e+01
9.410000e-06	6.171373e-02	1.081159e+01
9.420000e-06	5.665310e-02	1.063568e+01
9.430000e-06	5.134164e-02	1.045991e+01
9.440000e-06	4.504574e-02	1.033007e+01
9.450000e-06	4.072640e-02	1.022315e+01
9.460000e-06	3.749714e-02	1.006789e+01
9.470000e-06	3.472133e-02	9.950416e+00
9.480000e-06	3.095938e-02	9.723645e+00
9.490000e-06	2.848180e-02	9.563178e+00
9.500000e-06	2.572373e-02	9.406730e+00
9.510000e-06	2.375614e-02	9.268341e+00
9.520000e-06	2.095970e-02	9.170996e+00
9.530000e-06	1.740496e-02	8.950121e+00
9.540000e-06	1.722060e-02	8.772604e+00
9.550000e-06	1.718019e-02	8.603154e+00
9.560000e-06	1.590964e-02	8.457233e+00
9.570000e-06	1.432333e-02	8.318336e+00
9.580000e-06	1.278408e-02	8.048941e+00
9.590000e-06	1.202418e-02	7.879337e+00
9.600000e-06	1.004306e-02	7.690442e+00
9.610000e-06	7.182996e-03	7.500495e+00
9.620000e-06	7.498530e-03	7.309291e+00
9.630000e-06	8.414992e-03	7.077343e+00
9.640000e-06	8.383158e-03	6.888887e+00
9.650000e-06	6.756630e-03	6.700892e+00
9.660000e-06	5.942828e-03	6.465887e+00
9.670000e-06	5.633713e-03	6.287287e+00
9.680000e-06	3.853478e-03	6.098393e+00
9.690000e-06	2.813744e-03	5.888367e+00
9.700000e-06	2.349095e-03	5.677942e+00
9.710000e-06	2.881347e-03	5.456308e+00
9.720000e-06	3.253560e-03	5.255684e+00
9.730000e-06	2.746055e-03	4.961672e+00
9.740000e-06	1.749058e-03	4.738445e+00
9.750000e-06	8.845637e-04	4.507867e+00
9.760000e-06	6.383920e-04	4.308867e+00
9.770000e-06	-5.033434e-04	4.055236e+00
9.780000e-06	-8.618663e-04	3.822159e+00
9.790000e-06	-8.252582e-05	3.634150e+00
9.800000e-06	-5.011894e-04	3.433130e+00
9.810000e-06	-5.139347e-04	3.130971e+00
9.820000e-06	-9.804645e-04	2.931471e+00
9.830000e-06	-1.901611e-03	2.690396e+00
9.840000e-06	-2.918629e-03	2.425690e+00
9.850000e-06	-2.548214e-03	2.255153e+00
9.860000e-06	-2.932545e-03	1.993180e+00
9.870000e-06	-3.213883e-03	1.773056e+00
9.880000e-06	-3.760956e-03	1.529993e+00
9.890000e-06	-4.082662e-03	1.289265e+00
9.900000e-06	-3.630251e-03	1.015788e+00
9.910000e-06	-4.360980e-03	7.600974e-01
9.920000e-06	-3.774230e-03	5.389485e-01
9.930000e-06	-3.998740e-03	3.289457e-01
9.940000e-06	-3.590503e-03	6.528791e-02
9.950000e-06	-5.907088e-04	-1.543384e-01
9.960000e-06	3.492709e-03	-3.673434e-01
9.970000e-06	-5.007029e-03	-6.254383e-01
9.980000e-06	-1.829125e-03	-8.590276e-01
9.990000e-06	-6.160290e-03	-1.038523e+00
1.000000e-05	-2.974266e-03	-1.211002e+00
1.001000e-05	-4.538281e-03	-1.494730e+00
1.002000e-05	1.338041e-02	-1.683681e+00
1.003000e-05	7.951514e-02	-1.901657e+00
1.004000e-05	-4.292866e-03	-2.173814e+00
1.005000e-05	-5.879866e-02	-2.533103e+00
1.006000e-05	-4.625406e-02	-2.776320e+00
1.007000e-05	-4.916325e-02	-3.047919e+00
1.008000e-05	-4.772131e-02	-3.199999e+00
1.009000e-05	1.332532e-01	-3.344685e+00
1.010000e-05	-9.312114e-02	-3.553207e+00
1.011000e-05	-6.139318e-03	-3.787865e+00
1.012000e-05	1.376893e-01	-3.998843e+00
1.013000e-05	-1.333931e-01	-4.199494e+00
1.014000e-05	7.404075e-02	-4.421548e+00
1.015000e-05	-8.927227e-02	-4.658919e+00
1.016000e-05	-5.207437e-02	-4.903206e+00
1.017000e-05	1.241717e-01	-5.053128e+00
1.018000e-05	-9.047479e-02	-5.384783e+00
1.019000e-05	5.405363e-02	-5.609551e+00
1.020000e-05	-3.472680e-02	-5.797968e+00
1.021000e-05	-4.536099e-02	-6.020974e+00
1.022000e-05	7.521128e-02	-6.260472e+00
1.023000e-05	-1.264246e-01	-6.481499e+00
1.024000e-05	6.803821e-02	-6.652555e+00
1.025000e-05	-3.602864e-02	-6.821448e+00
1.026000e-05	2.232779e-02	-7.116330e+00
1.027000e-05	8.423018e-03	-7.294632e+00
1.028000e-05	-1.107643e-01	-7.502705e+00
1.029000e-05	8.487883e-02	-7.675179e+00
1.030000e-05	-7.500936e-02	-7.945757e+00
1.031000e-05	3.608418e-02	-8.115258e+00
1.032000e-05	-4.562403e-02	-8.284106e+00
1.033000e-05	-4.271631e-03	-8.443602e+00
1.034000e-05	2.657572e-02	-8.653089e+00
1.035000e-05	-6.719980e-02	-8.871997e+00
1.036000e-05	1.407144e-02	-9.000021e+00
1.037000e-05	-5.633948e-02	-9.117388e+00
1.038000e-05	3.659476e-02	-9.306257e+00
1.039000e-05	-3.578222e-02	-9.515181e+00
1.040000e-05	-1.733473e-02	-9.673629e+00
1.041000e-05	-9.296543e-03	-9.799466e+00
1.042000e-05	-2.106310e-02	-9.957839e+00
1.043000e-05	-5.136861e-03	-1.005570e+01
1.044000e-05	-4.877593e-02	-1.027363e+01
1.045000e-05	-6.501084e-04	-1.042308e+01
1.046000e-05	-2.270759e-02	-1.052736e+01
1.047000e-05	-2.831859e-03	-1.067365e+01
1.048000e-05	-3.652082e-02	-1.076887e+01
1.049000e-05	-1.564122e-02	-1.089443e+01
1.050000e-05	-1.754784e-02	-1.098402e+01
1.051000e-05	-1.851627e-02	-1.119996e+01
1.052000e-05	-3.123290e-02	-1.125578e+01
1.053000e-05	-2.756138e-02	-1.141204e+01
1.054000e-05	-1.061026e-02	-1.150626e+01
1.055000e-05	-2.446338e-02	-1.161310e+01
1.056000e-05	-2.372180e-02	-1.171991e+01
1.057000e-05	-3.538707e-02	-1.186477e+01
1.058000e-05	-1.364898e-02	-1.198881e+01
1.059000e-05	-2.640336e-02	-1.206365e+01
1.060000e-05	-2.760543e-02	-1.212841e+01
1.061000e-05	-3.215045e-02	-1.218267e+01
1.062000e-05	-2.071227e-02	-1.222365e+01
1.063000e-05	-2.348461e-02	-1.233833e+01
1.064000e-05	-3.352103e-02	-1.238992e+01
1.065000e-05	-3.352353e-02	-1.242275e+01
1.066000e-05	-2.914818e-02	-1.249736e+01
1.067000e-05	-2.422515e-02	-1.254994e+01
1.068000e-05	-3.366826e-02	-1.255365e+01
1.069000e-05	-3.419073e-02	-1.263563e+01
1.070000e-05	-3.096196e-02	-1.269565e+01
1.071000e-05	-2.993811e-02	-1.274779e+01
1.072000e-05	-3.608073e-02	-1.276992e+01
1.073000e-05	-4.009928e-02	-1.277147e+01
1.074000e-05	-3.503634e-02	-1.281207e+01
1.075000e-05	-3.154615e-02	-1.282207e+01
1.076000e-05	-3.965152e-02	-1.282367e+01
1.077000e-05	-4.330935e-02	-1.283463e+01
1.078000e-05	-4.289620e-02	-1.282520e+01
1.079000e-05	-3.939241e-02	-1.282362e+01
1.080000e-05	-4.552587e-02	-1.284170e+01
1.081000e-05	-5.205074e-02	-1.281365e+01
1.082000e-05	-5.050000e-02	-1.278254e+01
1.083000e-05	-5.043854e-02	-1.279045e+01
1.084000e-05	-5.560229e-02	-1.272894e+01
1.085000e-05	-6.488493e-02	-1.273728e+01
1.086000e-05	-6.551254e-02	-1.265620e+01
1.087000e-05	-6.672609e-02	-1.258562e+01
1.088000e-05	-7.277652e-02	-1.253202e+01
1.089000e-05	-8.500984e-02	-1.252041e+01
1.090000e-05	-9.106107e-02	-1.243578e+01
1.091000e-05	-9.670805e-02	-1.240572e+01
1.092000e-05	-1.057885e-01	-1.232931e+01
1.093000e-05	-1.189034e-01	-1.225671e+01
1.094000e-05	-1.286513e-01	-1.220367e+01
1.095000e-05	-1.304633e-01	-1.205946e+01
1.096000e-05	-1.368770e-01	-1.202523e+01
1.097000e-05	-1.389345e-01	-1.196050e+01
1.098000e-05	-1.383530e-01	-1.185728e+01
1.099000e-05	-1.295685e-01	-1.172204e+01
1.100000e-05	-1.204258e-01	-1.162675e+01
1.101000e-05	-1.157941e-01	-1.155092e+01
1.102000e-05	-1.072743e-01	-1.138458e+01
1.103000e-05	-9.881221e-02	-1.127786e+01
1.104000e-05	-8.951985e-02	-1.113359e+01
1.105000e-05	-8.459342e-02	-1.104421e+01
1.106000e-05	-7.868100e-02	-1.093994e+01
1.107000e-05	-6.776899e-02	-1.082115e+01
1.108000e-05	-6.050538e-02	-1.066776e+01
1.109000e-05	-5.609070e-02	-1.058252e+01
1.110000e-05	-5.412700e-02	-1.044578e+01
1.111000e-05	-4.935001e-02	-1.027786e+01
1.112000e-05	-4.430798e-02	-1.008854e+01
1.113000e-05	-4.353158e-02	-9.982445e+00
1.114000e-05	-4.097525e-02	-9.835753e+00
1.115000e-05	-3.631973e-02	-9.698865e+00
1.116000e-05	-3.102545e-02	-9.561021e+00
1.117000e-05	-2.894704e-02	-9.343523e+00
1.118000e-05	-2.971378e-02	-9.233100e+00
1.119000e-05	-2.708453e-02	-9.036784e+00
1.120000e-05	-2.506867e-02	-8.858310e+00
1.121000e-05	-2.415176e-02	-8.698945e+00
1.122000e-05	-2.611007e-02	-8.499917e+00
1.123000e-05	-2.311081e-02	-8.339494e+00
1.124000e-05	-1.986166e-02	-8.193075e+00
1.125000e-05	-1.767508e-02	-7.993103e+00
1.126000e-05	-1.900621e-02	-7.773702e+00
1.127000e-05	-1.814673e-02	-7.549619e+00
1.128000e-05	-1.572735e-02	-7.382625e+00
1.129000e-05	-1.502601e-02	-7.202626e+00
1.130000e-05	-1.642911e-02	-6.932624e+00
1.131000e-05	-1.710927e-02	-6.722516e+00
1.132000e-05	-1.403942e-02	-6.571000e+00
1.133000e-05	-1.277973e-02	-6.422121e+00
1.134000e-05	-1.237489e-02	-6.160025e+00
1.135000e-05	-1.288461e-02	-5.920445e+00
1.136000e-05	-1.127572e-02	-5.719944e+00
1.137000e-05	-1.181391e-02	-5.539420e+00
1.138000e-05	-1.037348e-02	-5.298914e+00
1.139000e-05	-1.284721e-02	-5.035233e+00
1.140000e-05	-9.889429e-03	-4.750150e+00
1.141000e-05	-1.023714e-02	-4.550048e+00
1.142000e-05	-8.830796e-03	-4.370521e+00
1.143000e-05	-1.025877e-02	-4.142053e+00
1.144000e-05	-7.913061e-03	-3.970475e+00
1.145000e-05	-7.945076e-03	-3.688967e+00
1.146000e-05	-7.234662e-03	-3.476367e+00
1.147000e-05	-8.416544e-03	-3.264761e+00
1.148000e-05	-8.680246e-03	-3.033708e+00
1.149000e-05	-7.699867e-03	-2.781050e+00
1.150000e-05	-6.601481e-03	-2.550950e+00
1.151000e-05	-6.307205e-03	-2.350047e+00
1.152000e-05	-5.788555e-03	-2.075843e+00
1.153000e-05	-5.299731e-03	-1.834762e+00
1.154000e-05	-5.228418e-03	-1.594237e+00
1.155000e-05	-6.340072e-03	-1.363554e+00
1.156000e-05	-7.334766e-03	-1.086267e+00
1.157000e-05	-4.963706e-03	-8.767631e-01
1.158000e-05	-5.442408e-03	-6.242344e-01
1.159000e-05	-2.693407e-03	-3.806039e-01
1.160000e-05	-2.713383e-03	-1.709736e-01
1.161000e-05	4.627133e-03	1.997255e-02
1.162000e-05	2.856725e-03	3.125830e-01
1.163000e-05	5.703111e-04	5.252594e-01
1.164000e-05	-1.218136e-03	7.362307e-01
1.165000e-05	-1.615272e-03	8.942068e-01
1.166000e-05	1.833912e-03	1.186844e+00
1.167000e-05	1.513797e-03	1.399520e+00
1.168000e-05	9.295583e-03	1.702627e+00
1.169000e-05	4.371649e-02	1.914081e+00
1.170000e-05	6.359804e-02	2.135285e+00
1.171000e-05	-4.853998e-02	2.418875e+00
1.172000e-05	-4.589878e-02	2.701577e+00
1.173000e-05	-3.204718e-02	2.923183e+00
1.174000e-05	-1.960232e-02	3.071048e+00
1.175000e-05	-3.413816e-02	3.210018e+00
1.176000e-05	8.963558e-02	3.478546e+00
1.177000e-05	-4.329484e-02	3.693180e+00
1.178000e-05	1.536671e-02	3.821501e+00
1.179000e-05	1.026417e-01	4.052154e+00
1.180000e-05	-8.244040e-02	4.368867e+00
1.181000e-05	3.208463e-02	4.555840e+00
1.182000e-05	-2.835470e-02	4.777891e+00
1.183000e-05	-3.776203e-03	5.091422e+00
1.184000e-05	4.731599e-02	5.285233e+00
1.185000e-05	-2.121396e-02	5.586338e+00
1.186000e-05	2.525854e-02	5.765405e+00
1.187000e-05	5.708551e-03	6.007496e+00
1.188000e-05	-1.539343e-02	6.187944e+00
1.189000e-05	1.339471e-02	6.388365e+00
1.190000e-05	-8.580572e-03	6.609963e+00
1.191000e-05	3.469018e-02	6.789944e+00
1.192000e-05	-1.331185e-02	7.002993e+00
1.193000e-05	2.755650e-02	7.189871e+00
1.194000e-05	5.463927e-03	7.419617e+00
1.195000e-05	-1.812712e-02	7.642573e+00
1.196000e-05	2.897486e-02	7.820922e+00
1.197000e-05	-8.119453e-03	8.073646e+00
1.198000e-05	2.799888e-02	8.273074e+00
1.199000e-05	3.277070e-03	8.401520e+00
1.200000e-05	1.900800e-02	8.588413e+00
1.201000e-05	4.746627e-03	8.704807e+00
1.202000e-05	4.728245e-03	8.884706e+00
1.203000e-05	1.270522e-02	9.093673e+00
1.204000e-05	1.398471e-03	9.214099e+00
1.205000e-05	2.094530e-02	9.409992e+00
1.206000e-05	1.312452e-02	9.548360e+00
1.207000e-05	1.651904e-02	9.716281e+00
1.208000e-05	1.312263e-02	9.854602e+00
1.209000e-05	1.060906e-02	1.000210e+01
1.210000e-05	1.228316e-02	1.017849e+01
1.211000e-05	1.020001e-02	1.025681e+01
1.212000e-05	1.629089e-02	1.042205e+01
1.213000e-05	1.330254e-02	1.052841e+01
1.214000e-05	1.902228e-02	1.072728e+01
1.215000e-05	1.841970e-02	1.084273e+01
1.216000e-05	1.632865e-02	1.094934e+01
1.217000e-05	1.581408e-02	1.103213e+01
1.218000e-05	1.483715e-02	1.121092e+01
1.219000e-05	1.779030e-02	1.131628e+01
1.220000e-05	1.727899e-02	1.139317e+01
1.221000e-05	1.906675e-02	1.151888e+01
1.222000e-05	1.946009e-02	1.163465e+01
1.223000e-05	2.136039e-02	1.176941e+01
1.224000e-05	1.946860e-02	1.184360e+01
1.225000e-05	2.004630e-02	1.195828e+01
1.226000e-05	1.899944e-02	1.198049e+01
1.227000e-05	2.214754e-02	1.204471e+01
1.228000e-05	2.270936e-02	1.211939e+01
1.229000e-05	2.480025e-02	1.223300e+01
1.230000e-05	2.314121e-02	1.230870e+01
1.231000e-05	2.530460e-02	1.235939e+01
1.232000e-05	2.205756e-02	1.241415e+01
1.233000e-05	2.299691e-02	1.245528e+01
1.234000e-05	2.325247e-02	1.248779e+01
1.235000e-05	2.611876e-02	1.255939e+01
1.236000e-05	2.767183e-02	1.255097e+01
1.237000e-05	3.069996e-02	1.260155e+01
1.238000e-05	2.893962e-02	1.262360e+01
1.239000e-05	3.010367e-02	1.262468e+01
1.240000e-05	3.107318e-02	1.267468e+01
1.241000e-05	3.010248e-02	1.264623e+01
1.242000e-05	3.289841e-02	1.268580e+01
1.243000e-05	3.306271e-02	1.268731e+01
1.244000e-05	3.745085e-02	1.271726e+01
1.245000e-05	3.696169e-02	1.265784e+01
1.246000e-05	3.994300e-02	1.267426e+01
1.247000e-05	4.138702e-02	1.266670e+01
1.248000e-05	4.665643e-02	1.265520e+01
1.249000e-05	4.853929e-02	1.262365e+01
1.250000e-05	5.145680e-02	1.259360e+01
1.251000e-05	5.599161e-02	1.258149e+01
1.252000e-05	5.950084e-02	1.251994e+01
1.253000e-05	6.503654e-02	1.246884e+01
1.254000e-05	6.968977e-02	1.245576e+01
1.255000e-05	7.766936e-02	1.243420e+01
1.256000e-05	8.481862e-02	1.235997e+01
1.257000e-05	9.353411e-02	1.232776e+01
1.258000e-05	1.028340e-01	1.225713e+01
1.259000e-05	1.136809e-01	1.214257e+01
1.260000e-05	1.224146e-01	1.206788e+01
1.261000e-05	1.281834e-01	1.200262e+01
1.262000e-05	1.300332e-01	1.193889e+01
1.263000e-05	1.313447e-01	1.184520e+01
1.264000e-05	1.270788e-01	1.174149e+01
1.265000e-05	1.222941e-01	1.165625e+01
1.266000e-05	1.139526e-01	1.155049e+01
1.267000e-05	1.070203e-01	1.139578e+01
1.268000e-05	9.862451e-02	1.129046e+01
1.269000e-05	9.026016e-02	1.118167e+01
1.270000e-05	8.124171e-02	1.103678e+01
1.271000e-05	7.523626e-02	1.096152e+01
1.272000e-05	6.698786e-02	1.087524e+01
1.273000e-05	6.089784e-02	1.073047e+01
1.274000e-05	5.284875e-02	1.055470e+01
1.275000e-05	4.983052e-02	1.042568e+01
1.276000e-05	4.565604e-02	1.027936e+01
1.277000e-05	4.219845e-02	1.017208e+01
1.278000e-05	3.575026e-02	1.003613e+01
1.279000e-05	3.369500e-02	9.918391e+00
1.280000e-05	3.092392e-02	9.701041e+00
1.281000e-05	2.771178e-02	9.563017e+00
1.282000e-05	2.339458e-02	9.414133e+00
1.283000e-05	2.226545e-02	9.265333e+00
1.284000e-05	2.175756e-02	9.108469e+00
1.285000e-05	1.910540e-02	8.912016e+00
1.286000e-05	1.812710e-02	8.771046e+00
1.287000e-05	1.620845e-02	8.530651e+00
1.288000e-05	1.535122e-02	8.426606e+00
1.289000e-05	1.311994e-02	8.245231e+00
1.290000e-05	1.131289e-02	8.038282e+00
1.291000e-05	1.028447e-02	7.855308e+00
1.292000e-05	9.868688e-03	7.666937e+00
1.293000e-05	8.113537e-03	7.439310e+00
1.294000e-05	7.752063e-03	7.205282e+00
1.295000e-05	7.126694e-03	7.046211e+00
1.296000e-05	7.825432e-03	6.855959e+00
1.297000e-05	6.621605e-03	6.636788e+00
1.298000e-05	5.423453e-03	6.456306e+00
1.299000e-05	5.101461e-03	6.246208e+00
1.300000e-05	4.379856e-03	6.046236e+00
1.301000e-05	2.363311e-03	5.836308e+00
1.302000e-05	2.295244e-03	5.602683e+00
1.303000e-05	2.394591e-03	5.403629e+00
1.304000e-05	2.328631e-03	5.162529e+00
1.305000e-05	2.700377e-03	4.875995e+00
1.306000e-05	1.401524e-03	4.646362e+00
1.307000e-05	1.803110e-03	4.445761e+00
1.308000e-05	5.993923e-04	4.287192e+00
1.309000e-05	8.647772e-04	4.002680e+00
1.310000e-05	-1.312113e-03	3.763021e+00
1.311000e-05	-4.700759e-04	3.592651e+00
1.312000e-05	-7.432562e-04	3.310520e+00
1.313000e-05	-1.278031e-03	3.097392e+00
1.314000e-05	-2.173582e-03	2.867371e+00
1.315000e-05	-2.538263e-03	2.705838e+00
1.316000e-05	-1.814090e-03	2.402203e+00
1.317000e-05	-2.244701e-03	2.151054e+00
1.318000e-05	-2.752806e-03	1.951051e+00
1.319000e-05	-3.079202e-03	1.718467e+00
1.320000e-05	-2.782672e-03	1.465334e+00
1.321000e-05	-4.137770e-03	1.214735e+00
1.322000e-05	-3.994478e-03	9.415276e-01
1.323000e-05	-3.652736e-03	6.984182e-01
1.324000e-05	-4.595421e-03	4.768906e-01
1.325000e-05	-4.216473e-03	2.863106e-01
1.326000e-05	-4.411499e-03	3.163271e-02
1.327000e-05	2.702560e-03	-2.079137e-01
1.328000e-05	2.235769e-03	-4.188974e-01
1.329000e-05	-2.415441e-03	-6.884488e-01
1.330000e-05	-4.225744e-03	-8.825328e-01
1.331000e-05	-4.703505e-03	-1.080654e+00
1.332000e-05	-3.263996e-03	-1.301631e+00
1.333000e-05	-4.153513e-03	-1.576263e+00
1.334000e-05	2.353164e-02	-1.766289e+00
1.335000e-05	8.467364e-02	-1.973766e+00
1.336000e-05	-3.755837e-02	-2.251424e+00
1.337000e-05	-4.954577e-02	-2.618791e+00
1.338000e-05	-5.087921e-02	-2.829923e+00
1.339000e-05	-5.189799e-02	-3.080022e+00
1.340000e-05	-8.652349e-03	-3.231001e+00
1.341000e-05	1.272873e-01	-3.356764e+00
1.342000e-05	-1.515048e-01	-3.588340e+00
1.343000e-05	9.051114e-02	-3.871473e+00
1.344000e-05	6.329288e-02	-3.979873e+00
1.345000e-05	-1.131792e-01	-4.303132e+00
1.346000e-05	8.373111e-02	-4.432075e+00
1.347000e-05	-1.422337e-01	-4.673136e+00
1.348000e-05	3.008620e-02	-4.936808e+00
1.349000e-05	7.836591e-02	-5.144206e+00
1.350000e-05	-8.910659e-02	-5.448395e+00
1.351000e-05	7.407844e-02	-5.621604e+00
1.352000e-05	-7.892829e-02	-5.810924e+00
1.353000e-05	1.029140e-02	-6.102654e+00
1.354000e-05	2.691693e-02	-6.295276e+00
1.355000e-05	-1.112390e-01	-6.503655e+00
1.356000e-05	9.076104e-02	-6.685726e+00
1.357000e-05	-7.155345e-02	-6.862155e+00
1.358000e-05	6.630330e-02	-7.189342e+00
1.359000e-05	-5.806045e-02	-7.345761e+00
1.360000e-05	-5.625984e-02	-7.576364e+00
1.361000e-05	6.590946e-02	-7.756780e+00
1.362000e-05	-7.790188e-02	-7.957916e+00
1.363000e-05	5.163658e-02	-8.178312e+00
1.364000e-05	-7.428476e-02	-8.325232e+00
1.365000e-05	3.856047e-02	-8.514185e+00
1.366000e-05	-1.477279e-02	-8.685180e+00
1.367000e-05	-4.353734e-02	-8.895230e+00
1.368000e-05	-1.477371e-03	-9.010522e+00
1.369000e-05	-4.619154e-02	-9.188943e+00
1.370000e-05	3.910489e-02	-9.321285e+00
1.371000e-05	-5.446630e-02	-9.566737e+00
1.372000e-05	3.087969e-03	-9.723256e+00
1.373000e-05	-2.387911e-02	-9.821647e+00
1.374000e-05	-5.070057e-03	-9.969017e+00
1.375000e-05	-2.253509e-02	-1.013576e+01
1.376000e-05	-3.927882e-02	-1.030673e+01
1.377000e-05	-2.807122e-03	-1.040366e+01
1.378000e-05	-2.089783e-02	-1.058942e+01
1.379000e-05	-5.344358e-03	-1.072726e+01
1.380000e-05	-3.974765e-02	-1.081002e+01
1.381000e-05	-7.907846e-03	-1.095736e+01
1.382000e-05	-2.251663e-02	-1.106265e+01
1.383000e-05	-1.605015e-02	-1.123254e+01
1.384000e-05	-3.808379e-02	-1.129676e+01
1.385000e-05	-1.795839e-02	-1.145352e+01
1.386000e-05	-1.531456e-02	-1.157879e+01
1.387000e-05	-2.228245e-02	-1.165665e+01
1.388000e-05	-2.800700e-02	-1.176937e+01
1.389000e-05	-3.156097e-02	-1.188661e+01
1.390000e-05	-1.388405e-02	-1.197037e+01
1.391000e-05	-2.989249e-02	-1.207425e+01
1.392000e-05	-2.725104e-02	-1.213841e+01
1.393000e-05	-3.240113e-02	-1.219260e+01
1.394000e-05	-1.787448e-02	-1.227623e+01
1.395000e-05	-2.712085e-02	-1.234839e+01
1.396000e-05	-3.327928e-02	-1.238097e+01
1.397000e-05	-3.358488e-02	-1.246470e+01
1.398000e-05	-2.626450e-02	-1.246689e+01
1.399000e-05	-2.632762e-02	-1.259151e+01
1.400000e-05	-3.519308e-02	-1.262364e+01
1.401000e-05	-3.382805e-02	-1.267570e+01
1.402000e-05	-2.957669e-02	-1.269768e+01
1.403000e-05	-3.113316e-02	-1.273934e+01
1.404000e-05	-3.816644e-02	-1.272247e+01
1.405000e-05	-4.024376e-02	-1.281102e+01
1.406000e-05	-3.363563e-02	-1.281355e+01
1.407000e-05	-3.275050e-02	-1.279307e+01
1.408000e-05	-4.105475e-02	-1.285370e+01
1.409000e-05	-4.298141e-02	-1.283373e+01
1.410000e-05	-4.226036e-02	-1.284455e+01
1.411000e-05	-4.031197e-02	-1.284463e+01
1.412000e-05	-4.810545e-02	-1.283410e+01
1.413000e-05	-5.234210e-02	-1.281307e+01
1.414000e-05	-5.079086e-02	-1.280195e+01
1.415000e-05	-5.151866e-02	-1.274851e+01
1.416000e-05	-5.847610e-02	-1.274933e+01
1.417000e-05	-6.609971e-02	-1.269823e+01
1.418000e-05	-6.507131e-02	-1.260718e+01
1.419000e-05	-6.790242e-02	-1.259412e+01
1.420000e-05	-7.597443e-02	-1.253402e+01
1.421000e-05	-8.624340e-02	-1.246036e+01
1.422000e-05	-9.247958e-02	-1.244568e+01
1.423000e-05	-9.897859e-02	-1.240262e+01
1.424000e-05	-1.102094e-01	-1.230946e+01
1.425000e-05	-1.220389e-01	-1.224568e+01
1.426000e-05	-1.289570e-01	-1.217307e+01
1.427000e-05	-1.316378e-01	-1.209844e+01
1.428000e-05	-1.360780e-01	-1.201568e+01
1.429000e-05	-1.396281e-01	-1.192987e+01
1.430000e-05	-1.350766e-01	-1.182423e+01
1.431000e-05	-1.275971e-01	-1.170096e+01
1.432000e-05	-1.196704e-01	-1.160565e+01
1.433000e-05	-1.151558e-01	-1.149833e+01
1.434000e-05	-1.055139e-01	-1.138307e+01
1.435000e-05	-9.582136e-02	-1.121723e+01
1.436000e-05	-8.759996e-02	-1.110204e+01
1.437000e-05	-8.294094e-02	-1.099313e+01
1.438000e-05	-7.611376e-02	-1.086738e+01
1.439000e-05	-6.640042e-02	-1.075157e+01
1.440000e-05	-6.058740e-02	-1.067630e+01
1.441000e-05	-5.676802e-02	-1.052894e+01
1.442000e-05	-5.306175e-02	-1.042370e+01
1.443000e-05	-4.714065e-02	-1.022683e+01
1.444000e-05	-4.331175e-02	-1.007639e+01
1.445000e-05	-4.156047e-02	-9.950491e+00
1.446000e-05	-3.992243e-02	-9.793602e+00
1.447000e-05	-3.482373e-02	-9.658787e+00
1.448000e-05	-3.154866e-02	-9.529011e+00
1.449000e-05	-2.976213e-02	-9.301945e+00
1.450000e-05	-3.012273e-02	-9.162521e+00
1.451000e-05	-2.630831e-02	-9.016200e+00
1.452000e-05	-2.394922e-02	-8.826234e+00
1.453000e-05	-2.334151e-02	-8.686806e+00
1.454000e-05	-2.392132e-02	-8.446285e+00
1.455000e-05	-2.168889e-02	-8.317386e+00
1.456000e-05	-1.997498e-02	-8.091441e+00
1.457000e-05	-1.869831e-02	-7.950496e+00
1.458000e-05	-1.877012e-02	-7.701996e+00
1.459000e-05	-1.850577e-02	-7.509912e+00
1.460000e-05	-1.614170e-02	-7.298469e+00
1.461000e-05	-1.482362e-02	-7.182489e+00
1.462000e-05	-1.627090e-02	-6.908441e+00
1.463000e-05	-1.551128e-02	-6.678940e+00
1.464000e-05	-1.350601e-02	-6.510892e+00
1.465000e-05	-1.227895e-02	-6.321499e+00
1.466000e-05	-1.290521e-02	-6.108915e+00
1.467000e-05	-1.393385e-02	-5.876341e+00
1.468000e-05	-1.161631e-02	-5.706783e+00
1.469000e-05	-1.070413e-02	-5.475415e+00
1.470000e-05	-9.883858e-03	-5.246811e+00
1.471000e-05	-1.294223e-02	-5.002128e+00
1.472000e-05	-8.835287e-03	-4.709841e+00
1.473000e-05	-9.446660e-03	-4.488865e+00
1.474000e-05	-8.616171e-03	-4.327914e+00
1.475000e-05	-1.032436e-02	-4.105417e+00
1.476000e-05	-7.742501e-03	-3.875842e+00
1.477000e-05	-7.024472e-03	-3.645808e+00
1.478000e-05	-7.406970e-03	-3.444206e+00
1.479000e-05	-1.034832e-02	-3.244129e+00
1.480000e-05	-8.219513e-03	-2.960474e+00
1.481000e-05	-8.274945e-03	-2.728393e+00
1.482000e-05	-6.298911e-03	-2.487396e+00
1.483000e-05	-6.901518e-03	-2.265290e+00
1.484000e-05	-5.102314e-03	-2.024157e+00
1.485000e-05	-4.917431e-03	-1.802682e+00
1.486000e-05	-5.451192e-03	-1.592129e+00
1.487000e-05	-7.015505e-03	-1.306843e+00
1.488000e-05	-5.887657e-03	-1.023755e+00
1.489000e-05	-4.254890e-03	-8.421365e-01
1.490000e-05	-4.449938e-03	-5.585276e-01
1.491000e-05	-3.184887e-03	-3.483735e-01
1.492000e-05	-2.056243e-03	-1.588658e-01
1.493000e-05	6.288572e-03	9.203031e-02
1.494000e-05	1.286064e-04	3.578384e-01
1.495000e-05	7.680784e-04	5.867658e-01
1.496000e-05	-1.995704e-03	7.763637e-01
1.497000e-05	1.099400e-03	9.853399e-01
1.498000e-05	1.747142e-04	1.250002e+00
1.499000e-05	6.044017e-04	1.451128e+00
1.500000e-05	1.612711e-02	1.746266e+00
1.501000e-05	5.748741e-02	1.955762e+00
1.502000e-05	4.046413e-02	2.198392e+00
1.503000e-05	-5.702961e-02	2.511552e+00
1.504000e-05	-4.339098e-02	2.766210e+00
1.505000e-05	-2.225657e-02	2.944766e+00
1.506000e-05	-3.087846e-02	3.144183e+00
1.507000e-05	-1.338985e-02	3.271551e+00
1.508000e-05	9.654247e-02	3.523660e+00
1.509000e-05	-8.348801e-02	3.735789e+00
1.510000e-05	8.108890e-02	3.903632e+00
1.511000e-05	4.539938e-02	4.175785e+00
1.512000e-05	-7.107574e-02	4.418949e+00
1.513000e-05	4.651143e-02	4.609392e+00
1.514000e-05	-5.016809e-02	4.820544e+00
1.515000e-05	2.752290e-02	5.142182e+00
1.516000e-05	2.543824e-02	5.406337e+00
1.517000e-05	-1.905279e-02	5.589440e+00
1.518000e-05	3.057422e-02	5.807390e+00
1.519000e-05	-7.812601e-03	6.040474e+00
1.520000e-05	-4.545624e-03	6.231499e+00
1.521000e-05	6.916556e-03	6.378422e+00
1.522000e-05	2.627699e-03	6.631473e+00
1.523000e-05	3.261959e-02	6.871602e+00
1.524000e-05	-1.846239e-02	7.063174e+00
1.525000e-05	3.983232e-02	7.221626e+00
1.526000e-05	-1.698060e-02	7.462201e+00
1.527000e-05	-1.628003e-04	7.654128e+00
1.528000e-05	1.943758e-02	7.842726e+00
1.529000e-05	-2.332998e-03	8.115307e+00
1.530000e-05	2.971836e-02	8.304255e+00
1.531000e-05	-9.643042e-04	8.462652e+00
1.532000e-05	2.354464e-02	8.610445e+00
1.533000e-05	-3.605563e-03	8.757763e+00
1.534000e-05	1.514640e-02	8.933705e+00
1.535000e-05	5.677766e-03	9.137209e+00
1.536000e-05	5.635708e-03	9.292683e+00
1.537000e-05	1.819216e-02	9.453578e+00
1.538000e-05	1.213512e-02	9.587970e+00
1.539000e-05	1.839660e-02	9.758432e+00
1.540000e-05	1.083487e-02	9.935306e+00
1.541000e-05	1.348684e-02	1.004518e+01
1.542000e-05	1.116651e-02	1.018052e+01
1.543000e-05	1.351032e-02	1.035786e+01
1.544000e-05	1.428213e-02	1.045468e+01
1.545000e-05	1.427193e-02	1.062164e+01
1.546000e-05	1.915983e-02	1.075829e+01
1.547000e-05	1.794619e-02	1.085578e+01
1.548000e-05	1.531504e-02	1.100044e+01
1.549000e-05	1.342827e-02	1.109476e+01
1.550000e-05	1.580131e-02	1.119157e+01
1.551000e-05	1.698813e-02	1.133586e+01
1.552000e-05	1.738870e-02	1.142462e+01
1.553000e-05	1.849010e-02	1.158046e+01
1.554000e-05	2.122199e-02	1.168778e+01
1.555000e-05	2.208391e-02	1.177236e+01
1.556000e-05	1.829797e-02	1.187468e+01
1.557000e-05	1.846095e-02	1.195831e+01
1.558000e-05	1.972377e-02	1.201060e+01
1.559000e-05	2.263769e-02	1.206623e+01
1.560000e-05	2.116223e-02	1.215196e+01
1.561000e-05	2.331961e-02	1.224562e+01
1.562000e-05	2.298614e-02	1.234881e+01
1.563000e-05	2.506304e-02	1.238095e+01
1.564000e-05	2.313003e-02	1.240357e+01
1.565000e-05	2.419605e-02	1.245671e+01
1.566000e-05	2.505495e-02	1.251883e+01
1.567000e-05	2.750085e-02	1.255992e+01
1.568000e-05	2.734991e-02	1.256150e+01
1.569000e-05	2.728264e-02	1.256250e+01
1.570000e-05	2.770706e-02	1.264362e+01
1.571000e-05	3.031208e-02	1.266371e+01
1.572000e-05	3.063313e-02	1.264724e+01
1.573000e-05	3.149525e-02	1.267631e+01
1.574000e-05	3.275958e-02	1.269721e+01
1.575000e-05	3.542460e-02	1.268676e+01
1.576000e-05	3.691116e-02	1.267733e+01
1.577000e-05	3.702333e-02	1.269728e+01
1.578000e-05	3.997217e-02	1.269578e+01
1.579000e-05	4.242758e-02	1.263476e+01
1.580000e-05	4.677365e-02	1.263570e+01
1.581000e-05	4.949274e-02	1.263410e+01
1.582000e-05	5.196068e-02	1.259262e+01
1.583000e-05	5.720175e-02	1.256099e+01
1.584000e-05	6.053373e-02	1.252794e+01
1.585000e-05	6.567909e-02	1.246784e+01
1.586000e-05	7.097778e-02	1.244723e+01
1.587000e-05	7.932867e-02	1.239414e+01
1.588000e-05	8.790060e-02	1.233002e+01
1.589000e-05	9.623503e-02	1.229981e+01
1.590000e-05	1.051040e-01	1.221465e+01
1.591000e-05	1.139973e-01	1.207999e+01
1.592000e-05	1.246132e-01	1.202581e+01
1.593000e-05	1.297980e-01	1.199104e+01
1.594000e-05	1.312724e-01	1.187736e+01
1.595000e-05	1.303797e-01	1.181360e+01
1.596000e-05	1.261985e-01	1.171944e+01
1.597000e-05	1.218605e-01	1.161408e+01
1.598000e-05	1.117715e-01	1.151841e+01
1.599000e-05	1.051078e-01	1.135562e+01
1.600000e-05	9.583333e-02	1.126738e+01
1.601000e-05	8.975603e-02	1.115199e+01
1.602000e-05	7.786285e-02	1.103518e+01
1.603000e-05	7.271914e-02	1.090997e+01
1.604000e-05	6.472443e-02	1.085465e+01
1.605000e-05	5.992708e-02	1.069991e+01
1.606000e-05	5.113786e-02	1.055160e+01
1.607000e-05	4.895212e-02	1.039312e+01
1.608000e-05	4.414787e-02	1.025881e+01
1.609000e-05	3.954902e-02	1.018149e+01
1.610000e-05	3.529788e-02	1.001413e+01
1.611000e-05	3.274765e-02	9.817732e+00
1.612000e-05	3.063379e-02	9.680389e+00
1.613000e-05	2.632701e-02	9.510916e+00
1.614000e-05	2.321282e-02	9.350997e+00
1.615000e-05	2.054389e-02	9.224705e+00
1.616000e-05	2.051045e-02	9.097789e+00
1.617000e-05	1.858228e-02	8.857812e+00
1.618000e-05	1.756537e-02	8.697812e+00
1.619000e-05	1.470019e-02	8.540448e+00
1.620000e-05	1.587154e-02	8.393100e+00
1.621000e-05	1.329881e-02	8.195126e+00
1.622000e-05	1.176164e-02	7.994104e+00
1.623000e-05	9.652926e-03	7.805630e+00
1.624000e-05	1.065250e-02	7.623758e+00
1.625000e-05	9.316043e-03	7.396230e+00
1.626000e-05	7.164703e-03	7.193103e+00
1.627000e-05	6.148000e-03	7.014604e+00
1.628000e-05	6.390624e-03	6.852703e+00
1.629000e-05	7.366543e-03	6.593734e+00
1.630000e-05	5.640784e-03	6.393079e+00
1.631000e-05	4.737634e-03	6.193578e+00
1.632000e-05	4.244764e-03	6.002209e+00
1.633000e-05	4.247701e-03	5.793605e+00
1.634000e-05	3.112562e-03	5.551628e+00
1.635000e-05	1.700345e-03	5.333522e+00
1.636000e-05	1.450150e-03	5.099475e+00
1.637000e-05	1.874881e-03	4.815286e+00
1.638000e-05	1.361330e-03	4.603159e+00
1.639000e-05	-7.011152e-04	4.373658e+00
1.640000e-05	-2.851497e-05	4.173729e+00
1.641000e-05	1.160768e-03	3.939571e+00
1.642000e-05	1.389152e-03	3.728421e+00
1.643000e-05	-6.717040e-04	3.508914e+00
1.644000e-05	-1.706428e-03	3.245685e+00
1.645000e-05	-7.160556e-04	3.013309e+00
1.646000e-05	-1.388681e-03	2.833732e+00
1.647000e-05	-3.072167e-03	2.604705e+00
1.648000e-05	-3.501143e-03	2.320995e+00
1.649000e-05	-2.410374e-03	2.117948e+00
1.650000e-05	-2.522108e-03	1.898494e+00
1.651000e-05	-3.824182e-03	1.666762e+00
1.652000e-05	-3.538229e-03	1.443754e+00
1.653000e-05	-2.361549e-03	1.181104e+00
1.654000e-05	-3.086646e-03	8.859154e-01
1.655000e-05	-4.639235e-03	6.457841e-01
1.656000e-05	-5.185488e-03	4.441852e-01
1.657000e-05	-2.557770e-03	1.731811e-01
1.658000e-05	-3.658884e-03	-3.004894e-02
1.659000e-05	3.841245e-03	-2.810778e-01
1.660000e-05	-3.233956e-03	-4.610027e-01
1.661000e-05	-1.675965e-03	-7.341055e-01
1.662000e-05	-4.427783e-03	-9.341868e-01
1.663000e-05	-3.764486e-03	-1.142757e+00
1.664000e-05	-4.283161e-03	-1.365267e+00
1.665000e-05	-7.205135e-04	-1.609428e+00
1.666000e-05	4.208756e-02	-1.778816e+00
1.667000e-05	7.387061e-02	-2.008266e+00
1.668000e-05	-5.972648e-02	-2.364206e+00
1.669000e-05	-4.461839e-02	-2.682577e+00
1.670000e-05	-5.125074e-02	-2.882054e+00
1.671000e-05	-6.095962e-02	-3.176204e+00
1.672000e-05	4.269441e-02	-3.262555e+00
1.673000e-05	8.363431e-02	-3.407894e+00
1.674000e-05	-1.617504e-01	-3.639898e+00
1.675000e-05	1.595424e-01	-3.863178e+00
1.676000e-05	-2.518963e-02	-4.070528e+00
1.677000e-05	-5.882007e-02	-4.365712e+00
1.678000e-05	5.800272e-02	-4.473681e+00
1.679000e-05	-1.603258e-01	-4.754789e+00
1.680000e-05	9.656340e-02	-4.997875e+00
1.681000e-05	1.608229e-02	-5.156841e+00
1.682000e-05	-5.599466e-02	-5.526153e+00
1.683000e-05	6.628313e-02	-5.702634e+00
1.684000e-05	-1.030684e-01	-5.912182e+00
1.685000e-05	6.069730e-02	-6.155785e+00
1.686000e-05	-3.462203e-02	-6.357860e+00
1.687000e-05	-6.404371e-02	-6.578342e+00
1.688000e-05	7.661836e-02	-6.746760e+00
1.689000e-05	-7.492757e-02	-6.976310e+00
1.690000e-05	8.933003e-02	-7.200995e+00
1.691000e-05	-1.131644e-01	-7.397839e+00
1.692000e-05	8.504933e-03	-7.579442e+00
1.693000e-05	2.048434e-02	-7.788088e+00
1.694000e-05	-5.273325e-02	-8.042554e+00
1.695000e-05	3.982949e-02	-8.199992e+00
1.696000e-05	-7.937073e-02	-8.388415e+00
1.697000e-05	6.236058e-02	-8.519787e+00
1.698000e-05	-5.085792e-02	-8.739316e+00
1.699000e-05	-1.340491e-02	-8.926313e+00
1.700000e-05	-2.352770e-02	-9.093653e+00
1.701000e-05	-2.203521e-02	-9.222997e+00
1.702000e-05	2.603067e-02	-9.411519e+00
1.703000e-05	-5.790656e-02	-9.569292e+00
1.704000e-05	1.225004e-02	-9.737809e+00
1.705000e-05	-3.469123e-02	-9.852656e+00
1.706000e-05	6.593088e-03	-9.992523e+00
1.707000e-05	-3.889459e-02	-1.014781e+01
1.708000e-05	-2.412105e-02	-1.032831e+01
1.709000e-05	-8.775025e-03	-1.047478e+01
1.710000e-05	-1.499214e-02	-1.060049e+01
1.711000e-05	-1.314790e-02	-1.072729e+01
1.712000e-05	-3.630672e-02	-1.083410e+01
1.713000e-05	-5.506492e-03	-1.097041e+01
1.714000e-05	-2.452016e-02	-1.111623e+01
1.715000e-05	-1.708970e-02	-1.120217e+01
1.716000e-05	-4.048408e-02	-1.134581e+01
1.717000e-05	-1.136770e-02	-1.144458e+01
1.718000e-05	-2.048952e-02	-1.154939e+01
1.719000e-05	-2.042143e-02	-1.162463e+01
1.720000e-05	-3.317718e-02	-1.178207e+01
1.721000e-05	-2.517634e-02	-1.191774e+01
1.722000e-05	-1.615714e-02	-1.200104e+01
1.723000e-05	-2.982077e-02	-1.207626e+01
1.724000e-05	-2.782149e-02	-1.212989e+01
1.725000e-05	-3.028801e-02	-1.221408e+01
1.726000e-05	-1.635591e-02	-1.230573e+01
1.727000e-05	-3.154286e-02	-1.237839e+01
1.728000e-05	-3.347195e-02	-1.241157e+01
1.729000e-05	-3.345571e-02	-1.246421e+01
1.730000e-05	-2.495696e-02	-1.254788e+01
1.731000e-05	-2.867021e-02	-1.256154e+01
1.732000e-05	-3.489287e-02	-1.262565e+01
1.733000e-05	-3.157588e-02	-1.264770e+01
1.734000e-05	-2.868924e-02	-1.266832e+01
1.735000e-05	-3.251185e-02	-1.274931e+01
1.736000e-05	-3.958907e-02	-1.277099e+01
1.737000e-05	-3.966650e-02	-1.279252e+01
1.738000e-05	-3.240977e-02	-1.280302e+01
1.739000e-05	-3.558071e-02	-1.282507e+01
1.740000e-05	-4.244772e-02	-1.284560e+01
1.741000e-05	-4.379284e-02	-1.281365e+01
1.742000e-05	-4.047513e-02	-1.282415e+01
1.743000e-05	-4.229442e-02	-1.283363e+01
1.744000e-05	-4.985363e-02	-1.280310e+01
1.745000e-05	-5.113856e-02	-1.278302e+01
1.746000e-05	-4.993675e-02	-1.279052e+01
1.747000e-05	-5.223513e-02	-1.274892e+01
1.748000e-05	-6.112518e-02	-1.269831e+01
1.749000e-05	-6.675925e-02	-1.270718e+01
1.750000e-05	-6.546175e-02	-1.261413e+01
1.751000e-05	-6.998364e-02	-1.260454e+01
1.752000e-05	-7.876126e-02	-1.252052e+01
1.753000e-05	-8.845721e-02	-1.249846e+01
1.754000e-05	-9.196000e-02	-1.242415e+01
1.755000e-05	-1.000020e-01	-1.238047e+01
1.756000e-05	-1.127240e-01	-1.233676e+01
1.757000e-05	-1.235689e-01	-1.219366e+01
1.758000e-05	-1.293101e-01	-1.215044e+01
1.759000e-05	-1.325186e-01	-1.205884e+01
1.760000e-05	-1.381393e-01	-1.202420e+01
1.761000e-05	-1.395730e-01	-1.192939e+01
1.762000e-05	-1.339117e-01	-1.183415e+01
1.763000e-05	-1.250446e-01	-1.172892e+01
1.764000e-05	-1.187767e-01	-1.159468e+01
1.765000e-05	-1.143202e-01	-1.149738e+01
1.766000e-05	-1.027246e-01	-1.134151e+01
1.767000e-05	-9.305862e-02	-1.125681e+01
1.768000e-05	-8.642708e-02	-1.103646e+01
1.769000e-05	-8.219885e-02	-1.098952e+01
1.770000e-05	-7.265733e-02	-1.086576e+01
1.771000e-05	-6.429214e-02	-1.077089e+01
1.772000e-05	-5.984343e-02	-1.065618e+01
1.773000e-05	-5.778713e-02	-1.051839e+01
1.774000e-05	-5.180205e-02	-1.040107e+01
1.775000e-05	-4.593838e-02	-1.021458e+01
1.776000e-05	-4.211338e-02	-1.005735e+01
1.777000e-05	-4.220230e-02	-9.909364e+00
1.778000e-05	-3.753641e-02	-9.781979e+00
1.779000e-05	-3.424290e-02	-9.634731e+00
1.780000e-05	-3.118006e-02	-9.517234e+00
1.781000e-05	-3.084866e-02	-9.265461e+00
1.782000e-05	-2.862726e-02	-9.149965e+00
1.783000e-05	-2.573412e-02	-8.962045e+00
1.784000e-05	-2.452362e-02	-8.824599e+00
1.785000e-05	-2.452808e-02	-8.615199e+00
1.786000e-05	-2.398691e-02	-8.445332e+00
1.787000e-05	-2.084778e-02	-8.266336e+00
1.788000e-05	-1.844852e-02	-8.089388e+00
1.789000e-05	-1.938169e-02	-7.919767e+00
1.790000e-05	-1.900515e-02	-7.667912e+00
1.791000e-05	-1.669624e-02	-7.466287e+00
1.792000e-05	-1.415858e-02	-7.277913e+00
1.793000e-05	-1.680632e-02	-7.068887e+00
1.794000e-05	-1.640490e-02	-6.847786e+00
1.795000e-05	-1.443932e-02	-6.675287e+00
1.796000e-05	-1.196322e-02	-6.498334e+00
1.797000e-05	-1.337867e-02	-6.278337e+00
1.798000e-05	-1.424688e-02	-6.014761e+00
1.799000e-05	-1.224574e-02	-5.845256e+00
1.800000e-05	-1.015483e-02	-5.623157e+00
1.801000e-05	-1.078402e-02	-5.416159e+00
1.802000e-05	-1.173222e-02	-5.200598e+00
1.803000e-05	-1.108170e-02	-4.908446e+00
1.804000e-05	-7.458740e-03	-4.683581e+00
1.805000e-05	-9.433291e-03	-4.474287e+00
1.806000e-05	-1.099734e-02	-4.255760e+00
1.807000e-05	-9.669475e-03	-4.054757e+00
1.808000e-05	-7.022336e-03	-3.845261e+00
1.809000e-05	-8.002128e-03	-3.591126e+00
1.810000e-05	-8.390268e-03	-3.410576e+00
1.811000e-05	-9.023959e-03	-3.160520e+00
1.812000e-05	-6.204450e-03	-2.909866e+00
1.813000e-05	-7.496813e-03	-2.666262e+00
1.814000e-05	-6.407735e-03	-2.454190e+00
1.815000e-05	-6.818979e-03	-2.243184e+00
1.816000e-05	-3.198620e-03	-1.942075e+00
1.817000e-05	-4.959335e-03	-1.740024e+00
1.818000e-05	-7.379009e-03	-1.479447e+00
1.819000e-05	-8.129991e-03	-1.212763e+00
1.820000e-05	-5.707987e-03	-9.716300e-01
1.821000e-05	-4.427097e-03	-8.005213e-01
1.822000e-05	-4.722301e-03	-4.982184e-01
1.823000e-05	-3.700239e-03	-2.658408e-01
1.824000e-05	1.336790e-03	-3.571291e-02
1.825000e-05	8.495166e-03	1.647347e-01
1.826000e-05	-2.139543e-03	3.893452e-01
1.827000e-05	1.579935e-04	5.979466e-01
1.828000e-05	-2.955188e-03	8.108999e-01
1.829000e-05	1.921323e-03	1.078023e+00
1.830000e-05	2.309555e-04	1.292657e+00
1.831000e-05	1.398439e-03	1.524688e+00
1.832000e-05	2.207690e-02	1.799369e+00
1.833000e-05	7.269015e-02	1.990444e+00
1.834000e-05	7.883181e-03	2.321077e+00
1.835000e-05	-5.357629e-02	2.486237e+00
1.836000e-05	-4.387109e-02	2.790871e+00
1.837000e-05	-1.274202e-02	2.998417e+00
1.838000e-05	-4.462221e-02	3.136838e+00
1.839000e-05	1.929973e-02	3.282202e+00
1.840000e-05	7.526221e-02	3.567337e+00
1.841000e-05	-8.901255e-02	3.774791e+00
1.842000e-05	1.282437e-01	3.957240e+00
1.843000e-05	-1.398377e-02	4.258895e+00
1.844000e-05	-4.449759e-02	4.452028e+00
1.845000e-05	3.932812e-02	4.641650e+00
1.846000e-05	-5.585473e-02	4.924657e+00
1.847000e-05	5.058543e-02	5.188315e+00
1.848000e-05	6.479258e-03	5.410015e+00
1.849000e-05	-7.395191e-03	5.662054e+00
1.850000e-05	3.078047e-02	5.843074e+00
1.851000e-05	-1.923396e-02	6.103629e+00
1.852000e-05	5.809089e-03	6.251576e+00
1.853000e-05	-2.991423e-03	6.453126e+00
1.854000e-05	1.548733e-02	6.746130e+00
1.855000e-05	2.095723e-02	6.903731e+00
1.856000e-05	-1.183478e-02	7.155231e+00
1.857000e-05	4.241874e-02	7.263678e+00
1.858000e-05	-2.951628e-02	7.543753e+00
1.859000e-05	1.776526e-02	7.715733e+00
1.860000e-05	7.586697e-03	7.936282e+00
1.861000e-05	7.361409e-03	8.146787e+00
1.862000e-05	2.462798e-02	8.346239e+00
1.863000e-05	-9.764971e-04	8.444179e+00
1.864000e-05	2.137998e-02	8.672174e+00
1.865000e-05	-6.817274e-03	8.788993e+00
1.866000e-05	2.192531e-02	8.927814e+00
1.867000e-05	1.553466e-03	9.159892e+00
1.868000e-05	1.277957e-02	9.315813e+00
1.869000e-05	1.752718e-02	9.463153e+00
1.870000e-05	1.303598e-02	9.589448e+00
1.871000e-05	1.694102e-02	9.760437e+00
1.872000e-05	6.089135e-03	9.986845e+00
1.873000e-05	1.423237e-02	1.009523e+01
1.874000e-05	8.541539e-03	1.021202e+01
1.875000e-05	1.612037e-02	1.036784e+01
1.876000e-05	1.199720e-02	1.048515e+01
1.877000e-05	1.715194e-02	1.063367e+01
1.878000e-05	1.918011e-02	1.074140e+01
1.879000e-05	1.723198e-02	1.088621e+01
1.880000e-05	1.535746e-02	1.099104e+01
1.881000e-05	1.239045e-02	1.112733e+01
1.882000e-05	1.671223e-02	1.125212e+01
1.883000e-05	1.636201e-02	1.128096e+01
1.884000e-05	1.881400e-02	1.150620e+01
1.885000e-05	1.705886e-02	1.156295e+01
1.886000e-05	2.235828e-02	1.166584e+01
1.887000e-05	2.093782e-02	1.181002e+01
1.888000e-05	1.929565e-02	1.183421e+01
1.889000e-05	1.813494e-02	1.197142e+01
1.890000e-05	1.963710e-02	1.203117e+01
1.891000e-05	2.320672e-02	1.207791e+01
1.892000e-05	2.212645e-02	1.217256e+01
1.893000e-05	2.324353e-02	1.230563e+01
1.894000e-05	2.322335e-02	1.232738e+01
1.895000e-05	2.568408e-02	1.238090e+01
1.896000e-05	2.348221e-02	1.243360e+01
1.897000e-05	2.332216e-02	1.246676e+01
1.898000e-05	2.478606e-02	1.250831e+01
1.899000e-05	2.667450e-02	1.254996e+01
1.900000e-05	2.820878e-02	1.256194e+01
1.901000e-05	2.686577e-02	1.263255e+01
1.902000e-05	2.897621e-02	1.265507e+01
1.903000e-05	3.129027e-02	1.260523e+01
1.904000e-05	3.238003e-02	1.263526e+01
1.905000e-05	3.208236e-02	1.268628e+01
1.906000e-05	3.344400e-02	1.268683e+01
1.907000e-05	3.501806e-02	1.267783e+01
1.908000e-05	3.720970e-02	1.265626e+01
1.909000e-05	3.657273e-02	1.267725e+01
1.910000e-05	3.979437e-02	1.265673e+01
1.911000e-05	4.445378e-02	1.266573e+01
1.912000e-05	4.792389e-02	1.265523e+01
1.913000e-05	5.010820e-02	1.264265e+01
1.914000e-05	5.319747e-02	1.258205e+01
1.915000e-05	5.865115e-02	1.253147e+01
1.916000e-05	6.204096e-02	1.248696e+01
1.917000e-05	6.687038e-02	1.245781e+01
1.918000e-05	7.245914e-02	1.244666e+01
1.919000e-05	8.090664e-02	1.241154e+01
1.920000e-05	8.915776e-02	1.233942e+01
1.921000e-05	9.800410e-02	1.228625e+01
1.922000e-05	1.076559e-01	1.218417e+01
1.923000e-05	1.175098e-01	1.208946e+01
1.924000e-05	1.254279e-01	1.201473e+01
1.925000e-05	1.307182e-01	1.194992e+01
1.926000e-05	1.312254e-01	1.187576e+01
1.927000e-05	1.312533e-01	1.179362e+01
1.928000e-05	1.257719e-01	1.168833e+01
1.929000e-05	1.181319e-01	1.161470e+01
1.930000e-05	1.085469e-01	1.147933e+01
1.931000e-05	1.026539e-01	1.133255e+01
1.932000e-05	9.463681e-02	1.120528e+01
1.933000e-05	8.619180e-02	1.115049e+01
1.934000e-05	7.719073e-02	1.099518e+01
1.935000e-05	7.114086e-02	1.089994e+01
1.936000e-05	6.368952e-02	1.080408e+01
1.937000e-05	5.885702e-02	1.069736e+01
1.938000e-05	5.191492e-02	1.048104e+01
1.939000e-05	4.704999e-02	1.040065e+01
1.940000e-05	4.257033e-02	1.023521e+01
1.941000e-05	3.844201e-02	1.008896e+01
1.942000e-05	3.437001e-02	9.972572e+00
1.943000e-05	3.044509e-02	9.776727e+00
1.944000e-05	2.923714e-02	9.626307e+00
1.945000e-05	2.593177e-02	9.477337e+00
1.946000e-05	2.379808e-02	9.309495e+00
1.947000e-05	2.176581e-02	9.212154e+00
1.948000e-05	2.098681e-02	9.035179e+00
1.949000e-05	1.792877e-02	8.825133e+00
1.950000e-05	1.739911e-02	8.668334e+00
1.951000e-05	1.475871e-02	8.478811e+00
1.952000e-05	1.395972e-02	8.350999e+00
1.953000e-05	1.224963e-02	8.141551e+00
1.954000e-05	1.188496e-02	7.931521e+00
1.955000e-05	1.033529e-02	7.731101e+00
1.956000e-05	9.126437e-03	7.563103e+00
1.957000e-05	8.946259e-03	7.342601e+00
1.958000e-05	8.182890e-03	7.132021e+00
1.959000e-05	7.058729e-03	6.953103e+00
1.960000e-05	6.639190e-03	6.791605e+00
1.961000e-05	6.398141e-03	6.550554e+00
1.962000e-05	4.759156e-03	6.311498e+00
1.963000e-05	3.845104e-03	6.130497e+00
1.964000e-05	3.939855e-03	5.973050e+00
1.965000e-05	4.582927e-03	5.709496e+00
1.966000e-05	2.939609e-03	5.501492e+00
1.967000e-05	2.236625e-03	5.320369e+00
1.968000e-05	2.146546e-03	5.057761e+00
1.969000e-05	2.109114e-03	4.772629e+00
1.970000e-05	1.470024e-03	4.562101e+00
1.971000e-05	-2.710733e-04	4.371548e+00
1.972000e-05	4.281102e-04	4.113972e+00
1.973000e-05	9.355190e-05	3.896918e+00
1.974000e-05	2.263678e-04	3.676287e+00
1.975000e-05	-9.007395e-04	3.478784e+00
1.976000e-05	-7.481132e-04	3.223684e+00
1.977000e-05	-7.590661e-05	2.993606e+00
1.978000e-05	-1.604319e-03	2.812103e+00
1.979000e-05	-3.336974e-03	2.530976e+00
1.980000e-05	-4.107521e-03	2.277369e+00
1.981000e-05	-1.195567e-03	2.076792e+00
1.982000e-05	-2.156185e-03	1.856812e+00
1.983000e-05	-2.778581e-03	1.613633e+00
1.984000e-05	-4.269201e-03	1.392026e+00
1.985000e-05	-2.903948e-03	1.108370e+00
1.986000e-05	-3.507752e-03	8.337628e-01
1.987000e-05	-5.006237e-03	5.621079e-01
1.988000e-05	-5.517619e-03	4.121025e-01
1.989000e-05	-3.657190e-03	1.315022e-01
1.990000e-05	-2.087080e-03	-1.126593e-01
1.991000e-05	5.096990e-03	-3.326045e-01
1.992000e-05	-3.571658e-03	-5.016306e-01
1.993000e-05	-1.793985e-04	-7.673147e-01
1.994000e-05	-6.026366e-03	-9.662635e-01
1.995000e-05	-1.865811e-03	-1.185841e+00
1.996000e-05	-5.089468e-03	-1.468467e+00
1.997000e-05	1.878303e-03	-1.639604e+00
1.998000e-05	5.891699e-02	-1.829970e+00
1.999000e-05	4.591833e-02	-2.019968e+00
2.000000e-05	-6.618109e-02	-2.387973e+00
2.001000e-05	-4.229077e-02	-2.744162e+00
2.002000e-05	-4.985755e-02	-2.893207e+00
2.003000e-05	-6.537483e-02	-3.167291e+00
2.004000e-05	9.405289e-02	-3.282707e+00
2.005000e-05	1.263624e-02	-3.430098e+00
2.006000e-05	-1.219331e-01	-3.633654e+00
2.007000e-05	1.801982e-01	-3.943206e+00
2.008000e-05	-9.550110e-02	-4.142710e+00
2.009000e-05	8.012490e-03	-4.388865e+00
2.010000e-05	1.342143e-03	-4.505786e+00
2.011000e-05	-1.385783e-01	-4.828448e+00
2.012000e-05	1.343271e-01	-5.010525e+00
2.013000e-05	-4.454613e-02	-5.240549e+00
2.014000e-05	-6.411320e-03	-5.577835e+00
2.015000e-05	3.136130e-02	-5.745234e+00
2.016000e-05	-9.653286e-02	-5.967319e+00
2.017000e-05	8.997000e-02	-6.227416e+00
2.018000e-05	-9.012720e-02	-6.397468e+00
2.019000e-05	-2.691849e-03	-6.639520e+00
2.020000e-05	3.412522e-02	-6.769341e+00
2.021000e-05	-4.647720e-02	-7.059463e+00
2.022000e-05	7.521829e-02	-7.251073e+00
2.023000e-05	-1.380965e-01	-7.411474e+00
2.024000e-05	6.070573e-02	-7.642550e+00
2.025000e-05	-2.859868e-02	-7.852074e+00
2.026000e-05	-1.298700e-02	-8.063506e+00
2.027000e-05	8.473883e-03	-8.232019e+00
2.028000e-05	-5.960626e-02	-8.388523e+00
2.029000e-05	6.291332e-02	-8.609462e+00
2.030000e-05	-7.283803e-02	-8.800410e+00
2.031000e-05	8.152198e-03	-8.948865e+00
2.032000e-05	-4.522761e-02	-9.115204e+00
2.033000e-05	8.090881e-03	-9.294102e+00
2.034000e-05	-4.281498e-04	-9.443476e+00
2.035000e-05	-4.677168e-02	-9.593051e+00
2.036000e-05	9.075306e-03	-9.706890e+00
2.037000e-05	-3.378774e-02	-9.906232e+00
2.038000e-05	9.557143e-03	-1.004305e+01
2.039000e-05	-4.955092e-02	-1.018807e+01
2.040000e-05	-9.180519e-03	-1.036090e+01
2.041000e-05	-1.861340e-02	-1.055473e+01
2.042000e-05	-7.835402e-03	-1.063358e+01
2.043000e-05	-2.592656e-02	-1.074791e+01
2.044000e-05	-2.855713e-02	-1.085328e+01
2.045000e-05	-8.788227e-03	-1.096002e+01
2.046000e-05	-2.207428e-02	-1.114636e+01
2.047000e-05	-2.182354e-02	-1.122518e+01
2.048000e-05	-3.734475e-02	-1.137889e+01
2.049000e-05	-8.024895e-03	-1.148628e+01
2.050000e-05	-2.339892e-02	-1.157901e+01
2.051000e-05	-2.020590e-02	-1.165725e+01
2.052000e-05	-3.652644e-02	-1.182357e+01
2.053000e-05	-1.928799e-02	-1.197829e+01
2.054000e-05	-2.099200e-02	-1.204215e+01
2.055000e-05	-2.936471e-02	-1.210728e+01
2.056000e-05	-3.115447e-02	-1.219042e+01
2.057000e-05	-2.628264e-02	-1.223322e+01
2.058000e-05	-1.759626e-02	-1.230678e+01
2.059000e-05	-3.270560e-02	-1.238942e+01
2.060000e-05	-3.330180e-02	-1.241268e+01
2.061000e-05	-3.142172e-02	-1.244735e+01
2.062000e-05	-2.328502e-02	-1.251039e+01
2.063000e-05	-3.199680e-02	-1.255252e+01
2.064000e-05	-3.612016e-02	-1.259559e+01
2.065000e-05	-3.145141e-02	-1.265568e+01
2.066000e-05	-2.945393e-02	-1.277676e+01
2.067000e-05	-3.450418e-02	-1.273936e+01
2.068000e-05	-4.067820e-02	-1.279240e+01
2.069000e-05	-3.735179e-02	-1.280652e+01
2.070000e-05	-3.088059e-02	-1.283260e+01
2.071000e-05	-3.760471e-02	-1.281215e+01
2.072000e-05	-4.242296e-02	-1.285420e+01
2.073000e-05	-4.449601e-02	-1.280515e+01
2.074000e-05	-4.062206e-02	-1.281528e+01
2.075000e-05	-4.340280e-02	-1.281310e+01
2.076000e-05	-5.120875e-02	-1.281367e+01
2.077000e-05	-5.161535e-02	-1.281247e+01
2.078000e-05	-5.062070e-02	-1.282152e+01
2.079000e-05	-5.277691e-02	-1.272091e+01
2.080000e-05	-6.376988e-02	-1.272889e+01
2.081000e-05	-6.634916e-02	-1.269870e+01
2.082000e-05	-6.568641e-02	-1.260462e+01
2.083000e-05	-7.092062e-02	-1.254257e+01
2.084000e-05	-8.127934e-02	-1.249159e+01
2.085000e-05	-9.066947e-02	-1.247686e+01
2.086000e-05	-9.434082e-02	-1.242365e+01
2.087000e-05	-1.021402e-01	-1.235994e+01
2.088000e-05	-1.157003e-01	-1.230571e+01
2.089000e-05	-1.262242e-01	-1.223563e+01
2.090000e-05	-1.298881e-01	-1.208894e+01
2.091000e-05	-1.334128e-01	-1.207686e+01
2.092000e-05	-1.389040e-01	-1.200153e+01
2.093000e-05	-1.392385e-01	-1.187684e+01
2.094000e-05	-1.318511e-01	-1.184305e+01
2.095000e-05	-1.228666e-01	-1.166486e+01
2.096000e-05	-1.166576e-01	-1.157254e+01
2.097000e-05	-1.108703e-01	-1.145588e+01
2.098000e-05	-1.012221e-01	-1.135999e+01
2.099000e-05	-9.085954e-02	-1.120470e+01
2.100000e-05	-8.484267e-02	-1.104678e+01
2.101000e-05	-8.035106e-02	-1.096094e+01
2.102000e-05	-7.234086e-02	-1.081518e+01
2.103000e-05	-6.298594e-02	-1.074937e+01
2.104000e-05	-5.814228e-02	-1.060515e+01
2.105000e-05	-5.527484e-02	-1.043986e+01
2.106000e-05	-5.127107e-02	-1.035002e+01
2.107000e-05	-4.351451e-02	-1.016413e+01
2.108000e-05	-4.159229e-02	-1.003428e+01
2.109000e-05	-4.022397e-02	-9.847786e+00
2.110000e-05	-3.779980e-02	-9.770391e+00
2.111000e-05	-3.337750e-02	-9.573676e+00
2.112000e-05	-3.041907e-02	-9.406152e+00
2.113000e-05	-3.057077e-02	-9.235733e+00
2.114000e-05	-2.847824e-02	-9.128940e+00
2.115000e-05	-2.540149e-02	-8.960970e+00
2.116000e-05	-2.334463e-02	-8.773040e+00
2.117000e-05	-2.355834e-02	-8.572124e+00
2.118000e-05	-2.208553e-02	-8.392125e+00
2.119000e-05	-2.099933e-02	-8.234207e+00
2.120000e-05	-1.880722e-02	-8.046732e+00
2.121000e-05	-1.990938e-02	-7.866335e+00
2.122000e-05	-1.940169e-02	-7.625606e+00
2.123000e-05	-1.770912e-02	-7.405358e+00
2.124000e-05	-1.501597e-02	-7.244734e+00
2.125000e-05	-1.521416e-02	-7.005757e+00
2.126000e-05	-1.541321e-02	-6.822557e+00
2.127000e-05	-1.493558e-02	-6.644206e+00
2.128000e-05	-1.270572e-02	-6.436231e+00
2.129000e-05	-1.167443e-02	-6.234258e+00
2.130000e-05	-1.441483e-02	-5.973699e+00
2.131000e-05	-1.255431e-02	-5.774604e+00
2.132000e-05	-1.148519e-02	-5.592628e+00
2.133000e-05	-1.045610e-02	-5.333103e+00
2.134000e-05	-1.220848e-02	-5.098937e+00
2.135000e-05	-1.181070e-02	-4.847339e+00
2.136000e-05	-9.527154e-03	-4.594229e+00
2.137000e-05	-9.218790e-03	-4.422676e+00
2.138000e-05	-9.384259e-03	-4.175734e+00
2.139000e-05	-9.305311e-03	-4.013157e+00
2.140000e-05	-7.811178e-03	-3.762050e+00
2.141000e-05	-7.052454e-03	-3.539449e+00
2.142000e-05	-7.718232e-03	-3.329018e+00
2.143000e-05	-1.026042e-02	-3.138967e+00
2.144000e-05	-8.026350e-03	-2.815735e+00
2.145000e-05	-7.747284e-03	-2.664632e+00
2.146000e-05	-5.758834e-03	-2.414153e+00
2.147000e-05	-6.724556e-03	-2.132000e+00
2.148000e-05	-4.816671e-03	-1.928968e+00
2.149000e-05	-4.686524e-03	-1.675287e+00
2.150000e-05	-4.974066e-03	-1.457816e+00
2.151000e-05	-7.166566e-03	-1.181976e+00
2.152000e-05	-6.644447e-03	-9.389972e-01
2.153000e-05	-5.149900e-03	-6.589436e-01
2.154000e-05	-3.931024e-03	-4.648054e-01
2.155000e-05	-3.238833e-03	-2.341828e-01
2.156000e-05	1.019427e-03	-2.315389e-02
2.157000e-05	5.912982e-03	2.493728e-01
2.158000e-05	-1.036728e-03	4.410766e-01
2.159000e-05	1.394806e-03	6.419801e-01
2.160000e-05	-3.527773e-03	8.715539e-01
2.161000e-05	2.516576e-03	1.145633e+00
2.162000e-05	1.193044e-03	1.335813e+00
2.163000e-05	4.968992e-03	1.578419e+00
2.164000e-05	2.688930e-02	1.831048e+00
2.165000e-05	7.564076e-02	2.049500e+00
2.166000e-05	-2.226741e-02	2.306709e+00
2.167000e-05	-4.886907e-02	2.617342e+00
2.168000e-05	-4.195260e-02	2.801026e+00
2.169000e-05	-1.123334e-02	3.020002e+00
2.170000e-05	-4.627227e-02	3.167340e+00
2.171000e-05	5.545209e-02	3.346760e+00
2.172000e-05	2.946866e-02	3.609474e+00
2.173000e-05	-6.254914e-02	3.769995e+00
2.174000e-05	1.434669e-01	4.008422e+00
2.175000e-05	-5.806112e-02	4.311156e+00
2.176000e-05	-9.711777e-03	4.513207e+00
2.177000e-05	1.289869e-02	4.714712e+00
2.178000e-05	-4.186279e-02	4.956307e+00
2.179000e-05	5.994561e-02	5.241473e+00
2.180000e-05	-1.085379e-02	5.502654e+00
2.181000e-05	6.056863e-03	5.664178e+00
2.182000e-05	2.327077e-02	5.956208e+00
2.183000e-05	-2.095438e-02	6.134786e+00
2.184000e-05	1.516172e-02	6.315233e+00
2.185000e-05	-1.067199e-02	6.505757e+00
2.186000e-05	2.651253e-02	6.768286e+00
2.187000e-05	4.751122e-03	6.978316e+00
2.188000e-05	4.600752e-03	7.188370e+00
2.189000e-05	3.173383e-02	7.315811e+00
2.190000e-05	-3.427243e-02	7.597887e+00
2.191000e-05	2.881832e-02	7.767890e+00
2.192000e-05	-2.145665e-03	7.978843e+00
2.193000e-05	1.693593e-02	8.171014e+00
2.194000e-05	1.527301e-02	8.357341e+00
2.195000e-05	6.884339e-03	8.515206e+00
2.196000e-05	1.812983e-02	8.674205e+00
2.197000e-05	-5.305036e-03	8.800574e+00
2.198000e-05	1.974451e-02	8.999518e+00
2.199000e-05	-2.069812e-03	9.180970e+00
2.200000e-05	1.838053e-02	9.348338e+00
2.201000e-05	1.392203e-02	9.514732e+00
2.202000e-05	1.342274e-02	9.643181e+00
2.203000e-05	1.616542e-02	9.833569e+00
2.204000e-05	6.667001e-03	9.980392e+00
2.205000e-05	1.484722e-02	1.011681e+01
2.206000e-05	7.775716e-03	1.027365e+01
2.207000e-05	1.683540e-02	1.038007e+01
2.208000e-05	1.265314e-02	1.055788e+01
2.209000e-05	1.873423e-02	1.067515e+01
2.210000e-05	1.914314e-02	1.079152e+01
2.211000e-05	1.628887e-02	1.092684e+01
2.212000e-05	1.454684e-02	1.104265e+01
2.213000e-05	1.319994e-02	1.114884e+01
2.214000e-05	1.755213e-02	1.122420e+01
2.215000e-05	1.576102e-02	1.136151e+01
2.216000e-05	1.893771e-02	1.152735e+01
2.217000e-05	1.887687e-02	1.161349e+01
2.218000e-05	2.171582e-02	1.172891e+01
2.219000e-05	1.926113e-02	1.180167e+01
2.220000e-05	1.925550e-02	1.190671e+01
2.221000e-05	2.040508e-02	1.197997e+01
2.222000e-05	2.017479e-02	1.206325e+01
2.223000e-05	2.256669e-02	1.210844e+01
2.224000e-05	2.164604e-02	1.217405e+01
2.225000e-05	2.346829e-02	1.226613e+01
2.226000e-05	2.244473e-02	1.236936e+01
2.227000e-05	2.392248e-02	1.240150e+01
2.228000e-05	2.395689e-02	1.241368e+01
2.229000e-05	2.601557e-02	1.248578e+01
2.230000e-05	2.611663e-02	1.251834e+01
2.231000e-05	2.708062e-02	1.253092e+01
2.232000e-05	2.817659e-02	1.258204e+01
2.233000e-05	2.692454e-02	1.262360e+01
2.234000e-05	2.811778e-02	1.262418e+01
2.235000e-05	2.999235e-02	1.264528e+01
2.236000e-05	3.187798e-02	1.263475e+01
2.237000e-05	3.295573e-02	1.268730e+01
2.238000e-05	3.484650e-02	1.272828e+01
2.239000e-05	3.585344e-02	1.269881e+01
2.240000e-05	3.744902e-02	1.270783e+01
2.241000e-05	3.846018e-02	1.268631e+01
2.242000e-05	4.095861e-02	1.264481e+01
2.243000e-05	4.435849e-02	1.266523e+01
2.244000e-05	4.801482e-02	1.262565e+01
2.245000e-05	5.149802e-02	1.260507e+01
2.246000e-05	5.405052e-02	1.258004e+01
2.247000e-05	5.792299e-02	1.253097e+01
2.248000e-05	6.293637e-02	1.248836e+01
2.249000e-05	6.901738e-02	1.247786e+01
2.250000e-05	7.567216e-02	1.244515e+01
2.251000e-05	8.322866e-02	1.240302e+01
2.252000e-05	9.133203e-02	1.234888e+01
2.253000e-05	1.003557e-01	1.226715e+01
2.254000e-05	1.103885e-01	1.214304e+01
2.255000e-05	1.188664e-01	1.206996e+01
2.256000e-05	1.248751e-01	1.202370e+01
2.257000e-05	1.307728e-01	1.194839e+01
2.258000e-05	1.321003e-01	1.184681e+01
2.259000e-05	1.293879e-01	1.178357e+01
2.260000e-05	1.245815e-01	1.165733e+01
2.261000e-05	1.170568e-01	1.159357e+01
2.262000e-05	1.087327e-01	1.150728e+01
2.263000e-05	9.948943e-02	1.131296e+01
2.264000e-05	9.188158e-02	1.120270e+01
2.265000e-05	8.387508e-02	1.112936e+01
2.266000e-05	7.623815e-02	1.099512e+01
2.267000e-05	6.825657e-02	1.086679e+01
2.268000e-05	6.278465e-02	1.077310e+01
2.269000e-05	5.524777e-02	1.061770e+01
2.270000e-05	5.161837e-02	1.045947e+01
2.271000e-05	4.642877e-02	1.033954e+01
2.272000e-05	4.241241e-02	1.020121e+01
2.273000e-05	3.728523e-02	1.007876e+01
2.274000e-05	3.517360e-02	9.970422e+00
2.275000e-05	3.148101e-02	9.783568e+00
2.276000e-05	2.761285e-02	9.592603e+00
2.277000e-05	2.460107e-02	9.426208e+00
2.278000e-05	2.264501e-02	9.287892e+00
2.279000e-05	2.305311e-02	9.162547e+00
2.280000e-05	1.969188e-02	8.962125e+00
2.281000e-05	1.771494e-02	8.773723e+00
2.282000e-05	1.691625e-02	8.594654e+00
2.283000e-05	1.495457e-02	8.456285e+00
2.284000e-05	1.428514e-02	8.287967e+00
2.285000e-05	1.115080e-02	8.091345e+00
2.286000e-05	1.183392e-02	7.889841e+00
2.287000e-05	1.067130e-02	7.729492e+00
2.288000e-05	1.022581e-02	7.482067e+00
2.289000e-05	7.469583e-03	7.277070e+00
2.290000e-05	8.472431e-03	7.087894e+00
2.291000e-05	7.117669e-03	6.918942e+00
2.292000e-05	7.171591e-03	6.699872e+00
2.293000e-05	4.630605e-03	6.521946e+00
2.294000e-05	4.961775e-03	6.317344e+00
2.295000e-05	4.975655e-03	6.087918e+00
2.296000e-05	4.518701e-03	5.918492e+00
2.297000e-05	2.994820e-03	5.667792e+00
2.298000e-05	2.724855e-03	5.486893e+00
2.299000e-05	3.250453e-03	5.266333e+00
2.300000e-05	2.413801e-03	4.963654e+00
2.301000e-05	7.469341e-04	4.699970e+00
2.302000e-05	1.307298e-03	4.498945e+00
2.303000e-05	1.216751e-03	4.339494e+00
2.304000e-05	-2.527304e-05	4.066414e+00
2.305000e-05	-5.646690e-04	3.846212e+00
2.306000e-05	-1.187083e-03	3.623709e+00
2.307000e-05	-3.778059e-04	3.424653e+00
2.308000e-05	2.149268e-04	3.161497e+00
2.309000e-05	-1.245046e-03	2.901520e+00
2.310000e-05	-2.027014e-03	2.759497e+00
2.311000e-05	-1.666650e-03	2.456790e+00
2.312000e-05	-1.458649e-03	2.255205e+00
2.313000e-05	-3.412752e-03	2.022658e+00
2.314000e-05	-3.276959e-03	1.831759e+00
2.315000e-05	-3.385251e-03	1.551499e+00
2.316000e-05	-3.010997e-03	1.328392e+00
2.317000e-05	-3.796851e-03	1.088744e+00
2.318000e-05	-4.084436e-03	7.816050e-01
2.319000e-05	-3.352464e-03	5.504746e-01
2.320000e-05	-2.253764e-03	3.505473e-01
2.321000e-05	-3.670194e-03	9.824304e-02
2.322000e-05	-1.404853e-03	-1.542858e-01
2.323000e-05	3.560044e-03	-3.647872e-01
2.324000e-05	-4.319738e-03	-5.462357e-01
2.325000e-05	-1.601112e-03	-8.089977e-01
2.326000e-05	-6.479813e-03	-1.008446e+00
2.327000e-05	-2.999121e-03	-1.229025e+00
2.328000e-05	-4.656440e-03	-1.502152e+00
2.329000e-05	1.046564e-02	-1.733708e+00
2.330000e-05	7.512967e-02	-1.881127e+00
2.331000e-05	8.825728e-03	-2.152704e+00
2.332000e-05	-6.119487e-02	-2.543631e+00
2.333000e-05	-4.441005e-02	-2.786840e+00
2.334000e-05	-4.915435e-02	-2.987414e+00
2.335000e-05	-5.720205e-02	-3.188348e+00
2.336000e-05	1.287756e-01	-3.304308e+00
2.337000e-05	-6.921456e-02	-3.502757e+00
2.338000e-05	-3.753772e-02	-3.747835e+00
2.339000e-05	1.550765e-01	-3.968317e+00
2.340000e-05	-1.314561e-01	-4.207844e+00
2.341000e-05	6.262291e-02	-4.399899e+00
2.342000e-05	-6.785841e-02	-4.616916e+00
2.343000e-05	-7.897345e-02	-4.874153e+00
2.344000e-05	1.325068e-01	-5.071629e+00
2.345000e-05	-8.404866e-02	-5.283078e+00
2.346000e-05	4.166197e-02	-5.580543e+00
2.347000e-05	-1.852716e-02	-5.807390e+00
2.348000e-05	-6.264975e-02	-6.001499e+00
2.349000e-05	8.410303e-02	-6.199493e+00
2.350000e-05	-1.226935e-01	-6.441625e+00
2.351000e-05	5.410719e-02	-6.673577e+00
2.352000e-05	-1.944112e-02	-6.811000e+00
2.353000e-05	4.400222e-03	-7.114678e+00
2.354000e-05	2.890842e-02	-7.254081e+00
2.355000e-05	-1.252400e-01	-7.473076e+00
2.356000e-05	8.315808e-02	-7.653154e+00
2.357000e-05	-6.723331e-02	-7.894235e+00
2.358000e-05	2.721329e-02	-8.154783e+00
2.359000e-05	-3.236857e-02	-8.253577e+00
2.360000e-05	-1.834167e-02	-8.453102e+00
2.361000e-05	3.891055e-02	-8.642543e+00
2.362000e-05	-7.162492e-02	-8.833027e+00
2.363000e-05	1.541412e-02	-8.990992e+00
2.364000e-05	-5.762067e-02	-9.135837e+00
2.365000e-05	3.079460e-02	-9.278158e+00
2.366000e-05	-2.839551e-02	-9.454227e+00
2.367000e-05	-2.520334e-02	-9.654153e+00
2.368000e-05	-3.110462e-03	-9.799894e+00
2.369000e-05	-2.404819e-02	-9.978759e+00
2.370000e-05	2.354693e-03	-1.007618e+01
2.371000e-05	-5.068347e-02	-1.025502e+01
2.372000e-05	-2.051628e-03	-1.040207e+01
2.373000e-05	-2.402052e-02	-1.054791e+01
2.374000e-05	-2.628337e-03	-1.065465e+01
2.375000e-05	-3.472400e-02	-1.078887e+01
2.376000e-05	-1.796456e-02	-1.086476e+01
2.377000e-05	-1.533290e-02	-1.102197e+01
2.378000e-05	-1.771977e-02	-1.114900e+01
2.379000e-05	-2.808563e-02	-1.125523e+01
2.380000e-05	-3.028999e-02	-1.140246e+01
2.381000e-05	-1.068892e-02	-1.148626e+01
2.382000e-05	-2.421858e-02	-1.162152e+01
2.383000e-05	-2.252294e-02	-1.171688e+01
2.384000e-05	-3.650701e-02	-1.189612e+01
2.385000e-05	-1.570653e-02	-1.195927e+01
2.386000e-05	-2.550184e-02	-1.204507e+01
2.387000e-05	-2.652106e-02	-1.208786e+01
2.388000e-05	-3.233951e-02	-1.214201e+01
2.389000e-05	-2.265630e-02	-1.226413e+01
2.390000e-05	-2.185628e-02	-1.234629e+01
2.391000e-05	-3.352204e-02	-1.236042e+01
2.392000e-05	-3.276912e-02	-1.240470e+01
2.393000e-05	-3.119433e-02	-1.247638e+01
2.394000e-05	-2.379589e-02	-1.247849e+01
2.395000e-05	-3.333951e-02	-1.256349e+01
2.396000e-05	-3.476908e-02	-1.261605e+01
2.397000e-05	-3.165026e-02	-1.269713e+01
2.398000e-05	-3.015069e-02	-1.273838e+01
2.399000e-05	-3.576151e-02	-1.277036e+01
2.400000e-05	-3.994526e-02	-1.278404e+01
2.401000e-05	-3.629742e-02	-1.278202e+01
2.402000e-05	-3.251162e-02	-1.284310e+01
2.403000e-05	-3.947465e-02	-1.284373e+01
2.404000e-05	-4.325225e-02	-1.284463e+01
2.405000e-05	-4.428355e-02	-1.284418e+01
2.406000e-05	-4.104386e-02	-1.280415e+01
2.407000e-05	-4.567197e-02	-1.280362e+01
2.408000e-05	-5.089995e-02	-1.281260e+01
2.409000e-05	-5.142205e-02	-1.278107e+01
2.410000e-05	-5.090732e-02	-1.277199e+01
2.411000e-05	-5.579983e-02	-1.274039e+01
2.412000e-05	-6.381256e-02	-1.271736e+01
2.413000e-05	-6.589782e-02	-1.267716e+01
2.414000e-05	-6.803221e-02	-1.262562e+01
2.415000e-05	-7.243824e-02	-1.257252e+01
2.416000e-05	-8.401043e-02	-1.244899e+01
2.417000e-05	-9.055656e-02	-1.246483e+01
2.418000e-05	-9.706041e-02	-1.242313e+01
2.419000e-05	-1.058472e-01	-1.234046e+01
2.420000e-05	-1.180132e-01	-1.223721e+01
2.421000e-05	-1.271225e-01	-1.221357e+01
2.422000e-05	-1.310125e-01	-1.212896e+01
2.423000e-05	-1.348461e-01	-1.200578e+01
2.424000e-05	-1.387096e-01	-1.202999e+01
2.425000e-05	-1.375207e-01	-1.183723e+01
2.426000e-05	-1.308753e-01	-1.175310e+01
2.427000e-05	-1.220993e-01	-1.163438e+01
2.428000e-05	-1.161692e-01	-1.154091e+01
2.429000e-05	-1.085547e-01	-1.144472e+01
2.430000e-05	-9.788299e-02	-1.128839e+01
2.431000e-05	-8.929975e-02	-1.117407e+01
2.432000e-05	-8.284451e-02	-1.101373e+01
2.433000e-05	-7.769352e-02	-1.085991e+01
2.434000e-05	-6.934281e-02	-1.083365e+01
2.435000e-05	-6.289783e-02	-1.068736e+01
2.436000e-05	-5.835147e-02	-1.059358e+01
2.437000e-05	-5.469827e-02	-1.043430e+01
2.438000e-05	-4.933143e-02	-1.034934e+01
2.439000e-05	-4.360052e-02	-1.012059e+01
2.440000e-05	-4.111536e-02	-9.991624e+00
2.441000e-05	-3.939259e-02	-9.846229e+00
2.442000e-05	-3.524872e-02	-9.716861e+00
2.443000e-05	-3.270678e-02	-9.542448e+00
2.444000e-05	-3.052584e-02	-9.362095e+00
2.445000e-05	-3.043939e-02	-9.242228e+00
2.446000e-05	-2.701664e-02	-9.057284e+00
2.447000e-05	-2.604914e-02	-8.847944e+00
2.448000e-05	-2.410112e-02	-8.690893e+00
2.449000e-05	-2.345714e-02	-8.481043e+00
2.450000e-05	-2.116290e-02	-8.352024e+00
2.451000e-05	-2.071440e-02	-8.182549e+00
2.452000e-05	-1.951077e-02	-8.034155e+00
2.453000e-05	-1.887681e-02	-7.745101e+00
2.454000e-05	-1.766829e-02	-7.591652e+00
2.455000e-05	-1.624470e-02	-7.361449e+00
2.456000e-05	-1.633083e-02	-7.233153e+00
2.457000e-05	-1.629568e-02	-6.954107e+00
2.458000e-05	-1.488923e-02	-6.771994e+00
2.459000e-05	-1.431543e-02	-6.572575e+00
2.460000e-05	-1.441331e-02	-6.413100e+00
2.461000e-05	-1.272170e-02	-6.163601e+00
2.462000e-05	-1.271499e-02	-5.960474e+00
2.463000e-05	-1.098756e-02	-5.718000e+00
2.464000e-05	-1.183479e-02	-5.551474e+00
2.465000e-05	-1.051289e-02	-5.297896e+00
2.466000e-05	-1.198439e-02	-5.076286e+00
2.467000e-05	-9.732791e-03	-4.824580e+00
2.468000e-05	-1.072383e-02	-4.570472e+00
2.469000e-05	-8.645734e-03	-4.391526e+00
2.470000e-05	-9.180426e-03	-4.172024e+00
2.471000e-05	-7.344347e-03	-3.991474e+00
2.472000e-05	-8.121789e-03	-3.709446e+00
2.473000e-05	-8.485186e-03	-3.508371e+00
2.474000e-05	-8.319898e-03	-3.285861e+00
2.475000e-05	-8.369662e-03	-3.035238e+00
2.476000e-05	-7.692681e-03	-2.800650e+00
2.477000e-05	-7.693197e-03	-2.601902e+00
2.478000e-05	-5.221122e-03	-2.380924e+00
2.479000e-05	-5.028513e-03	-2.046392e+00
2.480000e-05	-5.471021e-03	-1.876213e+00
2.481000e-05	-6.263954e-03	-1.655715e+00
2.482000e-05	-5.739185e-03	-1.351546e+00
2.483000e-05	-5.962270e-03	-1.099369e+00
2.484000e-05	-5.031695e-03	-8.873432e-01
2.485000e-05	-6.612481e-03	-6.358156e-01
2.486000e-05	-2.808405e-03	-4.015550e-01
2.487000e-05	-2.362298e-03	-2.321038e-01
2.488000e-05	4.024852e-03	4.055138e-02
2.489000e-05	2.649862e-03	2.821280e-01
2.490000e-05	-8.679798e-04	5.236818e-01
2.491000e-05	8.712926e-04	6.947096e-01
2.492000e-05	-5.300554e-04	8.816567e-01
2.493000e-05	4.344356e-04	1.155917e+00
2.494000e-05	4.588850e-04	1.409344e+00
2.495000e-05	9.801230e-03	1.690477e+00
2.496000e-05	3.891232e-02	1.882583e+00
2.497000e-05	6.885291e-02	2.104186e+00
2.498000e-05	-4.577837e-02	2.396392e+00
2.499000e-05	-4.483182e-02	2.700609e+00
2.500000e-05	-3.337310e-02	2.873556e+00
2.501000e-05	-1.589680e-02	3.051052e+00
2.502000e-05	-3.959430e-02	3.190972e+00
2.503000e-05	8.435813e-02	3.427373e+00
2.504000e-05	-2.456894e-02	3.660554e+00
2.505000e-05	-7.048264e-03	3.819573e+00
2.506000e-05	1.168433e-01	4.080004e+00
2.507000e-05	-8.181892e-02	4.368242e+00
2.508000e-05	2.398185e-02	4.533761e+00
2.509000e-05	-1.860121e-02	4.808342e+00
2.510000e-05	-1.600879e-02	5.032945e+00
2.511000e-05	5.345595e-02	5.303057e+00
2.512000e-05	-1.835767e-02	5.526237e+00
2.513000e-05	2.142763e-02	5.713760e+00
2.514000e-05	9.713078e-03	5.977394e+00
2.515000e-05	-1.799176e-02	6.178340e+00
2.516000e-05	1.523746e-02	6.347915e+00
2.517000e-05	-1.058493e-02	6.576862e+00
2.518000e-05	3.212201e-02	6.788946e+00
2.519000e-05	-8.946200e-03	7.010441e+00
2.520000e-05	2.376709e-02	7.187499e+00
2.521000e-05	1.355253e-02	7.377367e+00
2.522000e-05	-2.504666e-02	7.622495e+00
2.523000e-05	3.136132e-02	7.800444e+00
2.524000e-05	-8.308356e-03	8.022045e+00
2.525000e-05	2.536532e-02	8.211672e+00
2.526000e-05	4.666303e-03	8.389447e+00
2.527000e-05	1.608730e-02	8.547390e+00
2.528000e-05	8.165822e-03	8.735756e+00
2.529000e-05	1.002634e-03	8.834628e+00
2.530000e-05	1.425167e-02	9.053069e+00
2.531000e-05	2.283391e-04	9.241498e+00
2.532000e-05	2.086269e-02	9.400394e+00
2.533000e-05	1.486906e-02	9.566864e+00
2.534000e-05	1.622730e-02	9.654760e+00
2.535000e-05	1.386368e-02	9.875179e+00
2.536000e-05	7.876530e-03	1.002165e+01
2.537000e-05	1.355552e-02	1.012891e+01
2.538000e-05	8.651886e-03	1.028571e+01
2.539000e-05	1.627233e-02	1.039160e+01
2.540000e-05	1.347516e-02	1.053744e+01
2.541000e-05	2.005019e-02	1.073778e+01
2.542000e-05	1.836041e-02	1.080110e+01
2.543000e-05	1.502043e-02	1.093891e+01
2.544000e-05	1.507068e-02	1.106618e+01
2.545000e-05	1.476940e-02	1.119004e+01
2.546000e-05	1.845450e-02	1.127625e+01
2.547000e-05	1.640282e-02	1.137105e+01
2.548000e-05	1.893110e-02	1.152739e+01
2.549000e-05	1.932961e-02	1.165322e+01
2.550000e-05	2.161363e-02	1.174944e+01
2.551000e-05	1.852850e-02	1.184315e+01
2.552000e-05	1.950102e-02	1.193726e+01
2.553000e-05	2.159997e-02	1.199002e+01
2.554000e-05	2.245430e-02	1.205623e+01
2.555000e-05	2.266611e-02	1.210891e+01
2.556000e-05	2.159934e-02	1.218557e+01
2.557000e-05	2.377867e-02	1.228626e+01
2.558000e-05	2.284504e-02	1.237044e+01
2.559000e-05	2.376083e-02	1.242258e+01
2.560000e-05	2.219147e-02	1.245683e+01
2.561000e-05	2.628381e-02	1.250778e+01
2.562000e-05	2.764128e-02	1.254994e+01
2.563000e-05	2.763935e-02	1.259054e+01
2.564000e-05	2.738607e-02	1.257205e+01
2.565000e-05	2.842211e-02	1.262455e+01
2.566000e-05	3.002865e-02	1.265615e+01
2.567000e-05	2.970048e-02	1.263525e+01
2.568000e-05	3.073434e-02	1.266676e+01
2.569000e-05	3.370844e-02	1.267618e+01
2.570000e-05	3.595542e-02	1.268833e+01
2.571000e-05	3.555232e-02	1.271729e+01
2.572000e-05	3.580611e-02	1.265681e+01
2.573000e-05	3.935632e-02	1.266818e+01
2.574000e-05	4.346284e-02	1.265721e+01
2.575000e-05	4.599280e-02	1.265468e+01
2.576000e-05	4.736451e-02	1.264318e+01
2.577000e-05	5.256494e-02	1.259260e+01
2.578000e-05	5.527377e-02	1.254097e+01
2.579000e-05	5.846757e-02	1.252886e+01
2.580000e-05	6.261138e-02	1.244784e+01
2.581000e-05	7.121256e-02	1.245726e+01
2.582000e-05	7.818530e-02	1.243270e+01
2.583000e-05	8.659580e-02	1.239045e+01
2.584000e-05	9.143297e-02	1.229729e+01
2.585000e-05	1.015258e-01	1.224518e+01
2.586000e-05	1.108016e-01	1.216307e+01
2.587000e-05	1.223697e-01	1.205841e+01
2.588000e-05	1.261687e-01	1.200362e+01
2.589000e-05	1.318400e-01	1.190842e+01
2.590000e-05	1.333910e-01	1.181625e+01
2.591000e-05	1.297144e-01	1.174150e+01
2.592000e-05	1.240258e-01	1.167673e+01
2.593000e-05	1.120914e-01	1.155192e+01
2.594000e-05	1.065962e-01	1.141613e+01
2.595000e-05	9.706181e-02	1.128044e+01
2.596000e-05	9.066796e-02	1.115202e+01
2.597000e-05	8.072686e-02	1.107581e+01
2.598000e-05	7.607614e-02	1.098107e+01
2.599000e-05	6.803011e-02	1.085781e+01
2.600000e-05	6.192936e-02	1.074954e+01
2.601000e-05	5.164242e-02	1.062413e+01
2.602000e-05	4.886712e-02	1.044874e+01
2.603000e-05	4.498140e-02	1.032791e+01
2.604000e-05	4.187980e-02	1.015357e+01
2.605000e-05	3.760426e-02	1.002521e+01
2.606000e-05	3.270679e-02	9.908339e+00
2.607000e-05	3.122526e-02	9.691494e+00
2.608000e-05	2.846421e-02	9.551000e+00
2.609000e-05	2.358287e-02	9.405708e+00
2.610000e-05	2.047819e-02	9.287810e+00
2.611000e-05	2.136411e-02	9.139868e+00
2.612000e-05	1.955700e-02	8.912043e+00
2.613000e-05	1.874169e-02	8.790996e+00
2.614000e-05	1.462685e-02	8.612124e+00
2.615000e-05	1.604321e-02	8.436131e+00
2.616000e-05	1.414030e-02	8.237762e+00
2.617000e-05	1.209919e-02	8.027736e+00
2.618000e-05	9.149255e-03	7.875712e+00
2.619000e-05	9.585488e-03	7.658314e+00
2.620000e-05	9.159671e-03	7.488860e+00
2.621000e-05	8.275588e-03	7.236411e+00
2.622000e-05	7.144091e-03	7.055786e+00
2.623000e-05	7.331693e-03	6.848363e+00
2.624000e-05	7.702317e-03	6.688815e+00
2.625000e-05	6.137897e-03	6.458286e+00
2.626000e-05	4.882461e-03	6.246760e+00
2.627000e-05	3.728226e-03	6.065785e+00
2.628000e-05	4.057841e-03	5.858213e+00
2.629000e-05	2.730003e-03	5.615758e+00
2.630000e-05	1.822503e-03	5.435134e+00
2.631000e-05	2.283616e-03	5.193229e+00
2.632000e-05	2.717023e-03	4.869998e+00
2.633000e-05	3.279005e-03	4.665388e+00
2.634000e-05	1.684473e-03	4.476886e+00
2.635000e-05	1.289739e-03	4.277741e+00
2.636000e-05	3.684832e-04	4.023584e+00
2.637000e-05	-5.548938e-04	3.832605e+00
2.638000e-05	-1.460619e-03	3.591553e+00
2.639000e-05	-9.376230e-04	3.322075e+00
2.640000e-05	-7.361685e-04	3.159368e+00
2.641000e-05	-6.508291e-04	2.877413e+00
2.642000e-05	-1.165289e-03	2.717391e+00
2.643000e-05	-1.988627e-03	2.442711e+00
2.644000e-05	-2.631210e-03	2.212581e+00
2.645000e-05	-2.211293e-03	2.002075e+00
2.646000e-05	-3.003091e-03	1.761550e+00
2.647000e-05	-4.359374e-03	1.486893e+00
2.648000e-05	-3.546930e-03	1.285314e+00
2.649000e-05	-4.059444e-03	9.440786e-01
2.650000e-05	-3.109107e-03	7.589947e-01
2.651000e-05	-4.370869e-03	4.763132e-01
2.652000e-05	-3.366851e-03	3.069444e-01
2.653000e-05	-3.294913e-03	2.636650e-03
2.654000e-05	1.312126e-03	-1.869174e-01
2.655000e-05	1.732718e-03	-3.988450e-01
2.656000e-05	-5.062372e-03	-6.479653e-01
2.657000e-05	-3.800266e-03	-8.396328e-01
2.658000e-05	-4.864132e-03	-1.080577e+00
2.659000e-05	-2.781608e-03	-1.281080e+00
2.660000e-05	-4.508272e-03	-1.564763e+00
2.661000e-05	2.077174e-02	-1.763287e+00
2.662000e-05	8.486985e-02	-1.935256e+00
2.663000e-05	-2.806504e-02	-2.206873e+00
2.664000e-05	-5.429713e-02	-2.595893e+00
2.665000e-05	-4.939311e-02	-2.799871e+00
2.666000e-05	-4.971123e-02	-3.061474e+00
2.667000e-05	-2.362063e-02	-3.211999e+00
2.668000e-05	1.326937e-01	-3.366312e+00
2.669000e-05	-1.369417e-01	-3.576315e+00
2.670000e-05	6.070004e-02	-3.831915e+00
2.671000e-05	9.103986e-02	-4.019320e+00
2.672000e-05	-1.260208e-01	-4.282495e+00
2.673000e-05	8.424732e-02	-4.423029e+00
2.674000e-05	-1.278563e-01	-4.672073e+00
2.675000e-05	2.836244e-03	-4.895207e+00
2.676000e-05	9.540411e-02	-5.093206e+00
2.677000e-05	-9.398111e-02	-5.446915e+00
2.678000e-05	7.109821e-02	-5.642075e+00
2.679000e-05	-6.616515e-02	-5.850468e+00
2.680000e-05	-9.053472e-03	-6.022627e+00
2.681000e-05	4.539032e-02	-6.262578e+00
2.682000e-05	-1.199797e-01	-6.514154e+00
2.683000e-05	8.796426e-02	-6.676128e+00
2.684000e-05	-6.332671e-02	-6.851152e+00
2.685000e-05	5.414544e-02	-7.169861e+00
2.686000e-05	-3.541733e-02	-7.325710e+00
2.687000e-05	-7.603064e-02	-7.535288e+00
2.688000e-05	7.416637e-02	-7.744881e+00
2.689000e-05	-8.168655e-02	-7.957396e+00
2.690000e-05	5.001985e-02	-8.146811e+00
2.691000e-05	-6.605392e-02	-8.294761e+00
2.692000e-05	2.610211e-02	-8.433730e+00
2.693000e-05	-8.108859e-04	-8.655220e+00
2.694000e-05	-5.263034e-02	-8.885182e+00
2.695000e-05	6.587506e-03	-8.990045e+00
2.696000e-05	-5.159037e-02	-9.190015e+00
2.697000e-05	4.014381e-02	-9.316359e+00
2.698000e-05	-5.021778e-02	-9.516732e+00
2.699000e-05	-1.682064e-03	-9.685206e+00
2.700000e-05	-1.921318e-02	-9.820496e+00
2.701000e-05	-1.112084e-02	-9.969416e+00
2.702000e-05	-1.621087e-02	-1.011683e+01
2.703000e-05	-4.216469e-02	-1.032675e+01
2.704000e-05	-4.904335e-05	-1.048258e+01
2.705000e-05	-2.235216e-02	-1.055891e+01
2.706000e-05	-3.266526e-03	-1.069626e+01
2.707000e-05	-3.954073e-02	-1.079092e+01
2.708000e-05	-9.403491e-03	-1.090641e+01
2.709000e-05	-2.221268e-02	-1.102265e+01
2.710000e-05	-1.737301e-02	-1.120157e+01
2.711000e-05	-3.549664e-02	-1.132723e+01
2.712000e-05	-2.043502e-02	-1.141262e+01
2.713000e-05	-1.237896e-02	-1.156684e+01
2.714000e-05	-2.301970e-02	-1.162320e+01
2.715000e-05	-2.649515e-02	-1.173091e+01
2.716000e-05	-3.217197e-02	-1.188565e+01
2.717000e-05	-1.383104e-02	-1.200041e+01
2.718000e-05	-3.041144e-02	-1.204523e+01
2.719000e-05	-2.761992e-02	-1.210786e+01
2.720000e-05	-3.270857e-02	-1.222097e+01
2.721000e-05	-1.844481e-02	-1.228673e+01
2.722000e-05	-2.743739e-02	-1.231736e+01
2.723000e-05	-3.343735e-02	-1.238042e+01
2.724000e-05	-3.243318e-02	-1.243318e+01
2.725000e-05	-2.606930e-02	-1.245581e+01
2.726000e-05	-2.647576e-02	-1.256106e+01
2.727000e-05	-3.597571e-02	-1.261409e+01
2.728000e-05	-3.442119e-02	-1.265668e+01
2.729000e-05	-2.923842e-02	-1.270626e+01
2.730000e-05	-3.200518e-02	-1.275833e+01
2.731000e-05	-3.880456e-02	-1.278047e+01
2.732000e-05	-3.990846e-02	-1.279055e+01
2.733000e-05	-3.290070e-02	-1.282415e+01
2.734000e-05	-3.327209e-02	-1.282210e+01
2.735000e-05	-4.114295e-02	-1.285475e+01
2.736000e-05	-4.328393e-02	-1.282475e+01
2.737000e-05	-4.198472e-02	-1.281215e+01
2.738000e-05	-4.087457e-02	-1.283363e+01
2.739000e-05	-4.947065e-02	-1.283452e+01
2.740000e-05	-5.187808e-02	-1.279162e+01
2.741000e-05	-5.020735e-02	-1.280294e+01
2.742000e-05	-5.066302e-02	-1.273139e+01
2.743000e-05	-5.895106e-02	-1.275796e+01
2.744000e-05	-6.616250e-02	-1.268875e+01
2.745000e-05	-6.528098e-02	-1.261617e+01
2.746000e-05	-6.692052e-02	-1.260557e+01
2.747000e-05	-7.586905e-02	-1.253204e+01
2.748000e-05	-8.648568e-02	-1.248794e+01
2.749000e-05	-9.123138e-02	-1.242390e+01
2.750000e-05	-9.698156e-02	-1.237107e+01
2.751000e-05	-1.097997e-01	-1.235891e+01
2.752000e-05	-1.213456e-01	-1.224565e+01
2.753000e-05	-1.283404e-01	-1.216257e+01
2.754000e-05	-1.301651e-01	-1.207944e+01
2.755000e-05	-1.369829e-01	-1.203571e+01
2.756000e-05	-1.392248e-01	-1.193102e+01
2.757000e-05	-1.362220e-01	-1.182820e+01
2.758000e-05	-1.265100e-01	-1.170206e+01
2.759000e-05	-1.208200e-01	-1.162521e+01
2.760000e-05	-1.165562e-01	-1.152889e+01
2.761000e-05	-1.070286e-01	-1.139210e+01
2.762000e-05	-9.432372e-02	-1.124926e+01
2.763000e-05	-8.683888e-02	-1.112999e+01
2.764000e-05	-8.351810e-02	-1.106360e+01
2.765000e-05	-7.666835e-02	-1.085881e+01
2.766000e-05	-6.575845e-02	-1.079157e+01
2.767000e-05	-6.047951e-02	-1.065789e+01
2.768000e-05	-5.879594e-02	-1.058154e+01
2.769000e-05	-5.381456e-02	-1.042523e+01
2.770000e-05	-4.666027e-02	-1.023818e+01
2.771000e-05	-4.212405e-02	-1.005994e+01
2.772000e-05	-4.225521e-02	-9.940946e+00
2.773000e-05	-4.000529e-02	-9.803728e+00
2.774000e-05	-3.431604e-02	-9.657834e+00
2.775000e-05	-3.072849e-02	-9.509339e+00
2.776000e-05	-3.090169e-02	-9.299994e+00
2.777000e-05	-2.996578e-02	-9.201474e+00
2.778000e-05	-2.695108e-02	-9.003227e+00
2.779000e-05	-2.443614e-02	-8.805784e+00
2.780000e-05	-2.432037e-02	-8.696235e+00
2.781000e-05	-2.350870e-02	-8.457437e+00
2.782000e-05	-2.119733e-02	-8.297440e+00
2.783000e-05	-1.839364e-02	-8.141420e+00
2.784000e-05	-1.963167e-02	-8.001573e+00
2.785000e-05	-2.016399e-02	-7.712097e+00
2.786000e-05	-1.809997e-02	-7.538917e+00
2.787000e-05	-1.552553e-02	-7.341469e+00
2.788000e-05	-1.599239e-02	-7.142496e+00
2.789000e-05	-1.706597e-02	-6.900571e+00
2.790000e-05	-1.572370e-02	-6.751365e+00
2.791000e-05	-1.258065e-02	-6.529418e+00
2.792000e-05	-1.326553e-02	-6.400974e+00
2.793000e-05	-1.342720e-02	-6.119865e+00
2.794000e-05	-1.312124e-02	-5.879887e+00
2.795000e-05	-1.016965e-02	-5.697315e+00
2.796000e-05	-1.161216e-02	-5.529866e+00
2.797000e-05	-1.091516e-02	-5.274304e+00
2.798000e-05	-1.313883e-02	-5.024129e+00
2.799000e-05	-8.002358e-03	-4.730945e+00
2.800000e-05	-1.032935e-02	-4.528968e+00
2.801000e-05	-9.262658e-03	-4.329443e+00
2.802000e-05	-1.137938e-02	-4.117942e+00
2.803000e-05	-6.694747e-03	-3.959517e+00
2.804000e-05	-7.025332e-03	-3.656234e+00
2.805000e-05	-8.080726e-03	-3.445237e+00
2.806000e-05	-9.532388e-03	-3.234207e+00
2.807000e-05	-7.111797e-03	-3.022003e+00
2.808000e-05	-8.204010e-03	-2.769997e+00
2.809000e-05	-6.546330e-03	-2.539968e+00
2.810000e-05	-7.887460e-03	-2.307918e+00
2.811000e-05	-5.364556e-03	-1.994707e+00
2.812000e-05	-4.668512e-03	-1.823704e+00
2.813000e-05	-5.548337e-03	-1.602155e+00
2.814000e-05	-6.092081e-03	-1.288368e+00
2.815000e-05	-5.894318e-03	-1.025764e+00
2.816000e-05	-3.766958e-03	-8.156294e-01
2.817000e-05	-4.907318e-03	-6.022053e-01
2.818000e-05	-3.530999e-03	-3.699209e-01
2.819000e-05	-2.508510e-03	-1.079485e-01
2.820000e-05	5.798527e-03	8.212775e-02
2.821000e-05	1.121578e-03	3.547922e-01
2.822000e-05	4.111871e-04	5.457671e-01
2.823000e-05	-2.262850e-03	7.673145e-01
2.824000e-05	9.328525e-04	9.648386e-01
2.825000e-05	2.072637e-03	1.229979e+00
2.826000e-05	9.748252e-04	1.450551e+00
2.827000e-05	1.415007e-02	1.723736e+00
2.828000e-05	5.314688e-02	1.965263e+00
2.829000e-05	4.996266e-02	2.185366e+00
2.830000e-05	-5.575092e-02	2.450501e+00
2.831000e-05	-4.540848e-02	2.736189e+00
2.832000e-05	-2.501173e-02	2.944286e+00
2.833000e-05	-2.782241e-02	3.083229e+00
2.834000e-05	-2.020923e-02	3.211026e+00
2.835000e-05	9.562450e-02	3.473007e+00
2.836000e-05	-7.037562e-02	3.722686e+00
2.837000e-05	6.020793e-02	3.902654e+00
2.838000e-05	6.700117e-02	4.134214e+00
2.839000e-05	-7.923092e-02	4.418895e+00
2.840000e-05	4.352271e-02	4.577322e+00
2.841000e-05	-4.414209e-02	4.842071e+00
2.842000e-05	1.719235e-02	5.095183e+00
2.843000e-05	3.346312e-02	5.355263e+00
2.844000e-05	-1.929921e-02	5.616967e+00
2.845000e-05	3.179373e-02	5.799391e+00
2.846000e-05	-3.017480e-03	6.021074e+00
2.847000e-05	-9.000000e-03	6.210448e+00
2.848000e-05	8.331812e-03	6.408971e+00
2.849000e-05	-1.707598e-03	6.649473e+00
2.850000e-05	3.253978e-02	6.831077e+00
2.851000e-05	-1.780739e-02	7.062552e+00
2.852000e-05	3.614779e-02	7.221125e+00
2.853000e-05	-8.456518e-03	7.440045e+00
2.854000e-05	-6.195005e-03	7.675128e+00
2.855000e-05	2.372808e-02	7.842672e+00
2.856000e-05	-5.617737e-03	8.124804e+00
2.857000e-05	2.979362e-02	8.274654e+00
2.858000e-05	-1.876662e-05	8.422551e+00
2.859000e-05	2.180221e-02	8.568422e+00
2.860000e-05	-2.740903e-03	8.756841e+00
2.861000e-05	1.085754e-02	8.895805e+00
2.862000e-05	8.331067e-03	9.065756e+00
2.863000e-05	4.835319e-03	9.274201e+00
2.864000e-05	2.072928e-02	9.402122e+00
2.865000e-05	1.286203e-02	9.569941e+00
2.866000e-05	1.808952e-02	9.757359e+00
2.867000e-05	9.149640e-03	9.886708e+00
2.868000e-05	1.055249e-02	1.005310e+01
2.869000e-05	8.942422e-03	1.016849e+01
2.870000e-05	1.184148e-02	1.030776e+01
2.871000e-05	1.463776e-02	1.043221e+01
2.872000e-05	1.668100e-02	1.061197e+01
2.873000e-05	2.037163e-02	1.074787e+01
2.874000e-05	2.049352e-02	1.084468e+01
2.875000e-05	1.534051e-02	1.095942e+01
2.876000e-05	1.341630e-02	1.111533e+01
2.877000e-05	1.305700e-02	1.121165e+01
2.878000e-05	1.653191e-02	1.126631e+01
2.879000e-05	1.778331e-02	1.142609e+01
2.880000e-05	1.984419e-02	1.154934e+01
2.881000e-05	2.229261e-02	1.168565e+01
2.882000e-05	2.271280e-02	1.177994e+01
2.883000e-05	2.090828e-02	1.185415e+01
2.884000e-05	1.719444e-02	1.196746e+01
2.885000e-05	1.952385e-02	1.197055e+01
2.886000e-05	2.115973e-02	1.207726e+01
2.887000e-05	2.297288e-02	1.215949e+01
2.888000e-05	2.305936e-02	1.225307e+01
2.889000e-05	2.421094e-02	1.232633e+01
2.890000e-05	2.363776e-02	1.236947e+01
2.891000e-05	2.436030e-02	1.238158e+01
2.892000e-05	2.320622e-02	1.247680e+01
2.893000e-05	2.641993e-02	1.249829e+01
2.894000e-05	2.682999e-02	1.253896e+01
2.895000e-05	2.837209e-02	1.257004e+01
2.896000e-05	2.761590e-02	1.259210e+01
2.897000e-05	2.815365e-02	1.261315e+01
2.898000e-05	3.047905e-02	1.263523e+01
2.899000e-05	3.103171e-02	1.265678e+01
2.900000e-05	3.294903e-02	1.268683e+01
2.901000e-05	3.294709e-02	1.267723e+01
2.902000e-05	3.533130e-02	1.269733e+01
2.903000e-05	3.591657e-02	1.267731e+01
2.904000e-05	3.775876e-02	1.268628e+01
2.905000e-05	3.890646e-02	1.266630e+01
2.906000e-05	4.309535e-02	1.269620e+01
2.907000e-05	4.607104e-02	1.261368e+01
2.908000e-05	5.035897e-02	1.258368e+01
2.909000e-05	5.066305e-02	1.261410e+01
2.910000e-05	5.630391e-02	1.254052e+01
2.911000e-05	5.951206e-02	1.252944e+01
2.912000e-05	6.571143e-02	1.247836e+01
2.913000e-05	7.043639e-02	1.244665e+01
2.914000e-05	7.892845e-02	1.239307e+01
2.915000e-05	8.686818e-02	1.237984e+01
2.916000e-05	9.522369e-02	1.228726e+01
2.917000e-05	1.038417e-01	1.221467e+01
2.918000e-05	1.135715e-01	1.213302e+01
2.919000e-05	1.242911e-01	1.206628e+01
2.920000e-05	1.292301e-01	1.196360e+01
2.921000e-05	1.310846e-01	1.188838e+01
2.922000e-05	1.309856e-01	1.184510e+01
2.923000e-05	1.272208e-01	1.171054e+01
2.924000e-05	1.218835e-01	1.162416e+01
2.925000e-05	1.120788e-01	1.155099e+01
2.926000e-05	1.056737e-01	1.138410e+01
2.927000e-05	9.629003e-02	1.124791e+01
2.928000e-05	8.912988e-02	1.113252e+01
2.929000e-05	7.920873e-02	1.104724e+01
2.930000e-05	7.284477e-02	1.090102e+01
2.931000e-05	6.587932e-02	1.083573e+01
2.932000e-05	5.900823e-02	1.077842e+01
2.933000e-05	5.282288e-02	1.054357e+01
2.934000e-05	4.827117e-02	1.042475e+01
2.935000e-05	4.444255e-02	1.030776e+01
2.936000e-05	3.965159e-02	1.011254e+01
2.937000e-05	3.625394e-02	1.001573e+01
2.938000e-05	3.240509e-02	9.867289e+00
2.939000e-05	3.085634e-02	9.658420e+00
2.940000e-05	2.628662e-02	9.550421e+00
2.941000e-05	2.449742e-02	9.392128e+00
2.942000e-05	2.196810e-02	9.237183e+00
2.943000e-05	2.107352e-02	9.087392e+00
2.944000e-05	1.779856e-02	8.879940e+00
2.945000e-05	1.739536e-02	8.698994e+00
2.946000e-05	1.576270e-02	8.540975e+00
2.947000e-05	1.542941e-02	8.393178e+00
2.948000e-05	1.410455e-02	8.194725e+00
2.949000e-05	1.249931e-02	7.994685e+00
2.950000e-05	1.098365e-02	7.823658e+00
2.951000e-05	1.049295e-02	7.656784e+00
2.952000e-05	9.388475e-03	7.464709e+00
2.953000e-05	6.945256e-03	7.195731e+00
2.954000e-05	6.944433e-03	7.005708e+00
2.955000e-05	7.139127e-03	6.813632e+00
2.956000e-05	6.678654e-03	6.653733e+00
2.957000e-05	5.175353e-03	6.373255e+00
2.958000e-05	4.570907e-03	6.194682e+00
2.959000e-05	4.593025e-03	6.024234e+00
2.960000e-05	3.315559e-03	5.795630e+00
2.961000e-05	2.982156e-03	5.603128e+00
2.962000e-05	2.291687e-03	5.362580e+00
2.963000e-05	3.521835e-03	5.101046e+00
2.964000e-05	2.695988e-03	4.835333e+00
2.965000e-05	1.994606e-03	4.623157e+00
2.966000e-05	1.463935e-03	4.454233e+00
2.967000e-05	6.910960e-04	4.174227e+00
2.968000e-05	8.476573e-04	3.981499e+00
2.969000e-05	-3.696099e-04	3.729976e+00
2.970000e-05	-1.181501e-03	3.549024e+00
2.971000e-05	-5.461431e-04	3.306990e+00
2.972000e-05	-8.079093e-04	3.095763e+00
2.973000e-05	-1.093202e-03	2.854181e+00
2.974000e-05	-2.365247e-03	2.674337e+00
2.975000e-05	-2.064192e-03	2.350603e+00
2.976000e-05	-2.408830e-03	2.129474e+00
2.977000e-05	-2.803591e-03	1.938969e+00
2.978000e-05	-3.158873e-03	1.718371e+00
2.979000e-05	-2.772809e-03	1.425235e+00
2.980000e-05	-3.413930e-03	1.231581e+00
2.981000e-05	-4.320396e-03	8.995032e-01
2.982000e-05	-4.696007e-03	6.863155e-01
2.983000e-05	-3.952951e-03	4.537315e-01
2.984000e-05	-2.908988e-03	2.147128e-01
2.985000e-05	-3.179681e-03	-3.994519e-02
2.986000e-05	4.127009e-03	-2.604988e-01
2.987000e-05	-1.207397e-03	-4.499464e-01
2.988000e-05	-2.707023e-03	-7.032094e-01
2.989000e-05	-5.843365e-03	-8.931855e-01
2.990000e-05	-4.213345e-03	-1.132729e+00
2.991000e-05	-3.610308e-03	-1.356207e+00
2.992000e-05	-2.101024e-03	-1.619314e+00
2.993000e-05	3.513937e-02	-1.768293e+00
2.994000e-05	7.935570e-02	-2.016339e+00
2.995000e-05	-5.414842e-02	-2.322560e+00
2.996000e-05	-4.540222e-02	-2.640970e+00
2.997000e-05	-5.158200e-02	-2.831600e+00
2.998000e-05	-5.704296e-02	-3.112704e+00
2.999000e-05	2.498221e-02	-3.252552e+00
3.000000e-05	1.015429e-01	-3.388392e+00
3.001000e-05	-1.646937e-01	-3.647895e+00
3.002000e-05	1.396722e-01	-3.873127e+00
3.003000e-05	3.442140e-03	-4.041524e+00
3.004000e-05	-7.997330e-02	-4.356760e+00
3.005000e-05	7.056832e-02	-4.462153e+00
3.006000e-05	-1.595441e-01	-4.748213e+00
3.007000e-05	7.824452e-02	-4.998867e+00
3.008000e-05	3.970689e-02	-5.166736e+00
3.009000e-05	-6.937376e-02	-5.534599e+00
3.010000e-05	7.360482e-02	-5.673706e+00
3.011000e-05	-9.989404e-02	-5.884153e+00
3.012000e-05	4.483900e-02	-6.063682e+00
3.013000e-05	-1.649503e-02	-6.345709e+00
3.014000e-05	-8.294562e-02	-6.585338e+00
3.015000e-05	8.600201e-02	-6.706236e+00
3.016000e-05	-7.594031e-02	-6.975258e+00
3.017000e-05	8.778650e-02	-7.168944e+00
3.018000e-05	-9.669799e-02	-7.348389e+00
3.019000e-05	-1.188874e-02	-7.628890e+00
3.020000e-05	3.545218e-02	-7.759416e+00
3.021000e-05	-6.542998e-02	-8.010946e+00
3.022000e-05	4.583691e-02	-8.168915e+00
3.023000e-05	-8.084010e-02	-8.355837e+00
3.024000e-05	5.729418e-02	-8.525760e+00
3.025000e-05	-3.858034e-02	-8.756157e+00
3.026000e-05	-2.228276e-02	-8.925807e+00
3.027000e-05	-1.487609e-02	-9.062599e+00
3.028000e-05	-3.253502e-02	-9.180974e+00
3.029000e-05	3.126014e-02	-9.369968e+00
3.030000e-05	-5.974834e-02	-9.598869e+00
3.031000e-05	1.065688e-02	-9.716759e+00
3.032000e-05	-3.260989e-02	-9.893554e+00
3.033000e-05	4.417519e-03	-1.001237e+01
3.034000e-05	-3.199592e-02	-1.015688e+01
3.035000e-05	-2.887974e-02	-1.034678e+01
3.036000e-05	-7.141939e-03	-1.048413e+01
3.037000e-05	-1.908088e-02	-1.061002e+01
3.038000e-05	-9.580678e-03	-1.073629e+01
3.039000e-05	-3.865873e-02	-1.080265e+01
3.040000e-05	-4.881557e-03	-1.096043e+01
3.041000e-05	-2.417887e-02	-1.107522e+01
3.042000e-05	-1.535192e-02	-1.127265e+01
3.043000e-05	-4.040263e-02	-1.129826e+01
3.044000e-05	-1.365867e-02	-1.143317e+01
3.045000e-05	-1.950580e-02	-1.156889e+01
3.046000e-05	-2.137011e-02	-1.164373e+01
3.047000e-05	-3.115891e-02	-1.176299e+01
3.048000e-05	-2.767663e-02	-1.189568e+01
3.049000e-05	-1.473311e-02	-1.199147e+01
3.050000e-05	-3.054025e-02	-1.207578e+01
3.051000e-05	-2.731223e-02	-1.213944e+01
3.052000e-05	-3.128856e-02	-1.223314e+01
3.053000e-05	-1.634984e-02	-1.229618e+01
3.054000e-05	-3.114288e-02	-1.236082e+01
3.055000e-05	-3.354423e-02	-1.244402e+01
3.056000e-05	-3.432636e-02	-1.243628e+01
3.057000e-05	-2.491604e-02	-1.250841e+01
3.058000e-05	-2.811812e-02	-1.257342e+01
3.059000e-05	-3.523291e-02	-1.259509e+01
3.060000e-05	-3.321971e-02	-1.264523e+01
3.061000e-05	-3.034185e-02	-1.272775e+01
3.062000e-05	-3.325780e-02	-1.272977e+01
3.063000e-05	-3.941718e-02	-1.279097e+01
3.064000e-05	-3.966845e-02	-1.278052e+01
3.065000e-05	-3.324461e-02	-1.280354e+01
3.066000e-05	-3.450565e-02	-1.282312e+01
3.067000e-05	-4.151828e-02	-1.284410e+01
3.068000e-05	-4.389556e-02	-1.280463e+01
3.069000e-05	-4.178579e-02	-1.282508e+01
3.070000e-05	-4.198139e-02	-1.283510e+01
3.071000e-05	-4.973831e-02	-1.283310e+01
3.072000e-05	-5.105824e-02	-1.281307e+01
3.073000e-05	-5.119881e-02	-1.279042e+01
3.074000e-05	-5.195932e-02	-1.275792e+01
3.075000e-05	-5.985024e-02	-1.273026e+01
3.076000e-05	-6.574332e-02	-1.268821e+01
3.077000e-05	-6.485427e-02	-1.261615e+01
3.078000e-05	-6.926673e-02	-1.256410e+01
3.079000e-05	-7.801557e-02	-1.251941e+01
3.080000e-05	-8.855187e-02	-1.246086e+01
3.081000e-05	-9.264350e-02	-1.240418e+01
3.082000e-05	-1.001537e-01	-1.236209e+01
3.083000e-05	-1.122924e-01	-1.230828e+01
3.084000e-05	-1.235628e-01	-1.224575e+01
3.085000e-05	-1.285144e-01	-1.220202e+01
3.086000e-05	-1.327632e-01	-1.208833e+01
3.087000e-05	-1.381960e-01	-1.205368e+01
3.088000e-05	-1.392380e-01	-1.191989e+01
3.089000e-05	-1.332661e-01	-1.178565e+01
3.090000e-05	-1.258835e-01	-1.169238e+01
3.091000e-05	-1.203891e-01	-1.158368e+01
3.092000e-05	-1.143722e-01	-1.147779e+01
3.093000e-05	-1.034057e-01	-1.137254e+01
3.094000e-05	-9.320877e-02	-1.122623e+01
3.095000e-05	-8.677399e-02	-1.108999e+01
3.096000e-05	-8.070865e-02	-1.103305e+01
3.097000e-05	-7.350043e-02	-1.085828e+01
3.098000e-05	-6.490825e-02	-1.078202e+01
3.099000e-05	-6.090174e-02	-1.064676e+01
3.100000e-05	-5.639441e-02	-1.048836e+01
3.101000e-05	-5.247605e-02	-1.036252e+01
3.102000e-05	-4.581221e-02	-1.021718e+01
3.103000e-05	-4.266752e-02	-1.006581e+01
3.104000e-05	-4.089815e-02	-9.908365e+00
3.105000e-05	-3.919802e-02	-9.772524e+00
3.106000e-05	-3.410075e-02	-9.655177e+00
3.107000e-05	-3.103123e-02	-9.497764e+00
3.108000e-05	-2.932202e-02	-9.268938e+00
3.109000e-05	-2.879552e-02	-9.169363e+00
3.110000e-05	-2.688674e-02	-8.994101e+00
3.111000e-05	-2.438020e-02	-8.805603e+00
3.112000e-05	-2.351508e-02	-8.615733e+00
3.113000e-05	-2.383359e-02	-8.445805e+00
3.114000e-05	-2.238784e-02	-8.266735e+00
3.115000e-05	-1.961828e-02	-8.099892e+00
3.116000e-05	-1.834019e-02	-7.910944e+00
3.117000e-05	-1.878938e-02	-7.687337e+00
3.118000e-05	-1.756456e-02	-7.506786e+00
3.119000e-05	-1.582794e-02	-7.318862e+00
3.120000e-05	-1.454094e-02	-7.117866e+00
3.121000e-05	-1.630200e-02	-6.879358e+00
3.122000e-05	-1.553718e-02	-6.667286e+00
3.123000e-05	-1.353646e-02	-6.498316e+00
3.124000e-05	-1.321069e-02	-6.328412e+00
3.125000e-05	-1.310495e-02	-6.067784e+00
3.126000e-05	-1.283235e-02	-5.855687e+00
3.127000e-05	-1.124209e-02	-5.644682e+00
3.128000e-05	-1.103959e-02	-5.424656e+00
3.129000e-05	-1.085352e-02	-5.183531e+00
3.130000e-05	-1.185946e-02	-4.921047e+00
3.131000e-05	-8.667472e-03	-4.656264e+00
3.132000e-05	-9.949098e-03	-4.466714e+00
3.133000e-05	-9.315640e-03	-4.296863e+00
3.134000e-05	-1.044933e-02	-4.065790e+00
3.135000e-05	-7.015874e-03	-3.865834e+00
3.136000e-05	-7.544988e-03	-3.602682e+00
3.137000e-05	-7.800909e-03	-3.442585e+00
3.138000e-05	-1.087906e-02	-3.172028e+00
3.139000e-05	-6.491451e-03	-2.918472e+00
3.140000e-05	-7.554034e-03	-2.685341e+00
3.141000e-05	-5.541262e-03	-2.465287e+00
3.142000e-05	-7.057167e-03	-2.246658e+00
3.143000e-05	-4.679714e-03	-2.002080e+00
3.144000e-05	-4.122156e-03	-1.761501e+00
3.145000e-05	-5.959972e-03	-1.539475e+00
3.146000e-05	-6.747282e-03	-1.245686e+00
3.147000e-05	-6.074745e-03	-1.023708e+00
3.148000e-05	-4.400082e-03	-7.830984e-01
3.149000e-05	-4.515776e-03	-5.184221e-01
3.150000e-05	-2.167368e-03	-2.889397e-01
3.151000e-05	-1.282303e-03	-8.522054e-02
3.152000e-05	7.727140e-03	1.237146e-01
3.153000e-05	-1.539173e-03	3.888724e-01
3.154000e-05	1.421447e-03	5.778951e-01
3.155000e-05	-2.573719e-03	8.004424e-01
3.156000e-05	2.157727e-03	9.968690e-01
3.157000e-05	2.089990e-03	1.303679e+00
3.158000e-05	1.498272e-03	1.542183e+00
3.159000e-05	2.024719e-02	1.795342e+00
3.160000e-05	6.721964e-02	1.988442e+00
3.161000e-05	2.012733e-02	2.250478e+00
3.162000e-05	-5.556026e-02	2.512613e+00
3.163000e-05	-4.552888e-02	2.778892e+00
3.164000e-05	-1.628894e-02	2.977942e+00
3.165000e-05	-3.946769e-02	3.114755e+00
3.166000e-05	1.047431e-02	3.262129e+00
3.167000e-05	8.558911e-02	3.567308e+00
3.168000e-05	-9.019229e-02	3.748839e+00
3.169000e-05	1.158732e-01	3.954806e+00
3.170000e-05	4.893374e-03	4.197399e+00
3.171000e-05	-5.708656e-02	4.441027e+00
3.172000e-05	4.273817e-02	4.639519e+00
3.173000e-05	-5.539780e-02	4.864082e+00
3.174000e-05	4.524691e-02	5.147294e+00
3.175000e-05	1.286322e-02	5.408470e+00
3.176000e-05	-1.192910e-02	5.650520e+00
3.177000e-05	3.271432e-02	5.841575e+00
3.178000e-05	-1.519406e-02	6.054129e+00
3.179000e-05	1.445000e-03	6.241527e+00
3.180000e-05	-1.915842e-03	6.442102e+00
3.181000e-05	1.041572e-02	6.704702e+00
3.182000e-05	2.584398e-02	6.884181e+00
3.183000e-05	-1.504209e-02	7.124756e+00
3.184000e-05	4.245039e-02	7.282704e+00
3.185000e-05	-2.655121e-02	7.533729e+00
3.186000e-05	1.325749e-02	7.715782e+00
3.187000e-05	1.154181e-02	7.964760e+00
3.188000e-05	2.059617e-03	8.127883e+00
3.189000e-05	2.645372e-02	8.336261e+00
3.190000e-05	-1.059554e-03	8.462777e+00
3.191000e-05	2.291294e-02	8.632552e+00
3.192000e-05	-7.433854e-03	8.809026e+00
3.193000e-05	1.849030e-02	8.956809e+00
3.194000e-05	2.500016e-03	9.158886e+00
3.195000e-05	1.013504e-02	9.345209e+00
3.196000e-05	1.752593e-02	9.464105e+00
3.197000e-05	1.207507e-02	9.620547e+00
3.198000e-05	1.835778e-02	9.778935e+00
3.199000e-05	7.150661e-03	9.947286e+00
3.200000e-05	1.421990e-02	1.006576e+01
3.201000e-05	9.109063e-03	1.020250e+01
3.202000e-05	1.578928e-02	1.034842e+01
3.203000e-05	1.269077e-02	1.048473e+01
3.204000e-05	1.526882e-02	1.064397e+01
3.205000e-05	1.939467e-02	1.078841e+01
3.206000e-05	1.768421e-02	1.091513e+01
3.207000e-05	1.571091e-02	1.101250e+01
3.208000e-05	1.228277e-02	1.110874e+01
3.209000e-05	1.716306e-02	1.123210e+01
3.210000e-05	1.658389e-02	1.131746e+01
3.211000e-05	1.865418e-02	1.149527e+01
3.212000e-05	1.700850e-02	1.159999e+01
3.213000e-05	2.267247e-02	1.168766e+01
3.214000e-05	2.110804e-02	1.177052e+01
3.215000e-05	1.918902e-02	1.183425e+01
3.216000e-05	1.852629e-02	1.196889e+01
3.217000e-05	2.109740e-02	1.199260e+01
3.218000e-05	2.348384e-02	1.206683e+01
3.219000e-05	2.226784e-02	1.220149e+01
3.220000e-05	2.265678e-02	1.224518e+01
3.221000e-05	2.309501e-02	1.232741e+01
3.222000e-05	2.558940e-02	1.241147e+01
3.223000e-05	2.272679e-02	1.241365e+01
3.224000e-05	2.412331e-02	1.247375e+01
3.225000e-05	2.607443e-02	1.250784e+01
3.226000e-05	2.781916e-02	1.255844e+01
3.227000e-05	2.839572e-02	1.260152e+01
3.228000e-05	2.596304e-02	1.257065e+01
3.229000e-05	2.806439e-02	1.260410e+01
3.230000e-05	3.136119e-02	1.265522e+01
3.231000e-05	3.117619e-02	1.267571e+01
3.232000e-05	3.222352e-02	1.263578e+01
3.233000e-05	3.386580e-02	1.266629e+01
3.234000e-05	3.690361e-02	1.272731e+01
3.235000e-05	3.684445e-02	1.267678e+01
3.236000e-05	3.628841e-02	1.268676e+01
3.237000e-05	3.908231e-02	1.267621e+01
3.238000e-05	4.261880e-02	1.263575e+01
3.239000e-05	4.731445e-02	1.264465e+01
3.240000e-05	5.022372e-02	1.261510e+01
3.241000e-05	5.279500e-02	1.259207e+01
3.242000e-05	5.852834e-02	1.253049e+01
3.243000e-05	6.125690e-02	1.253939e+01
3.244000e-05	6.553023e-02	1.244734e+01
3.245000e-05	7.084163e-02	1.245573e+01
3.246000e-05	8.055402e-02	1.240415e+01
3.247000e-05	8.931645e-02	1.234997e+01
3.248000e-05	9.729350e-02	1.225781e+01
3.249000e-05	1.063386e-01	1.219460e+01
3.250000e-05	1.158620e-01	1.208994e+01
3.251000e-05	1.255702e-01	1.204623e+01
3.252000e-05	1.310489e-01	1.198095e+01
3.253000e-05	1.321429e-01	1.183831e+01
3.254000e-05	1.304306e-01	1.178315e+01
3.255000e-05	1.260652e-01	1.170994e+01
3.256000e-05	1.190479e-01	1.162467e+01
3.257000e-05	1.094191e-01	1.150874e+01
3.258000e-05	1.024802e-01	1.132260e+01
3.259000e-05	9.558134e-02	1.124634e+01
3.260000e-05	8.754252e-02	1.111054e+01
3.261000e-05	7.690117e-02	1.102372e+01
3.262000e-05	7.045246e-02	1.086947e+01
3.263000e-05	6.411672e-02	1.084415e+01
3.264000e-05	5.926628e-02	1.066786e+01
3.265000e-05	5.143754e-02	1.053110e+01
3.266000e-05	4.759131e-02	1.040413e+01
3.267000e-05	4.442065e-02	1.024683e+01
3.268000e-05	3.877106e-02	1.010997e+01
3.269000e-05	3.358071e-02	9.973551e+00
3.270000e-05	3.066789e-02	9.806202e+00
3.271000e-05	3.084481e-02	9.648312e+00
3.272000e-05	2.637743e-02	9.467886e+00
3.273000e-05	2.467175e-02	9.351546e+00
3.274000e-05	2.144536e-02	9.214154e+00
3.275000e-05	2.152240e-02	9.015732e+00
3.276000e-05	1.859403e-02	8.836836e+00
3.277000e-05	1.699005e-02	8.657912e+00
3.278000e-05	1.433443e-02	8.498394e+00
3.279000e-05	1.491718e-02	8.361024e+00
3.280000e-05	1.345572e-02	8.133100e+00
3.281000e-05	1.207561e-02	7.950628e+00
3.282000e-05	1.021653e-02	7.782704e+00
3.283000e-05	1.008539e-02	7.574229e+00
3.284000e-05	8.538404e-03	7.383647e+00
3.285000e-05	8.116192e-03	7.150049e+00
3.286000e-05	6.133139e-03	6.962603e+00
3.287000e-05	6.676735e-03	6.763123e+00
3.288000e-05	6.996650e-03	6.565076e+00
3.289000e-05	5.910116e-03	6.340044e+00
3.290000e-05	4.912853e-03	6.140528e+00
3.291000e-05	3.444670e-03	5.970576e+00
3.292000e-05	3.763496e-03	5.743524e+00
3.293000e-05	3.043652e-03	5.540542e+00
3.294000e-05	2.181471e-03	5.309497e+00
3.295000e-05	1.569796e-03	5.057341e+00
3.296000e-05	2.905816e-03	4.763655e+00
3.297000e-05	2.211359e-03	4.571574e+00
3.298000e-05	5.540929e-04	4.352626e+00
3.299000e-05	5.726708e-05	4.103721e+00
3.300000e-05	2.605488e-04	3.896916e+00
3.301000e-05	2.189247e-05	3.676913e+00
3.302000e-05	-1.391963e-03	3.446942e+00
3.303000e-05	-6.450408e-04	3.223257e+00
3.304000e-05	-1.065959e-03	2.985131e+00
3.305000e-05	-1.886875e-03	2.803130e+00
3.306000e-05	-2.753796e-03	2.511554e+00
3.307000e-05	-3.316163e-03	2.278445e+00
3.308000e-05	-2.402085e-03	2.066343e+00
3.309000e-05	-2.756159e-03	1.877868e+00
3.310000e-05	-2.867001e-03	1.633758e+00
3.311000e-05	-3.639591e-03	1.371577e+00
3.312000e-05	-3.540462e-03	1.138946e+00
3.313000e-05	-4.104943e-03	8.453339e-01
3.314000e-05	-3.704576e-03	6.026827e-01
3.315000e-05	-5.186351e-03	4.126587e-01
3.316000e-05	-4.450524e-03	1.610510e-01
3.317000e-05	-2.713810e-03	-8.155664e-02
3.318000e-05	4.563408e-03	-3.320804e-01
3.319000e-05	-4.038035e-03	-4.730556e-01
3.320000e-05	-6.747685e-04	-7.567607e-01
3.321000e-05	-6.350974e-03	-9.667634e-01
3.322000e-05	-2.059583e-03	-1.186340e+00
3.323000e-05	-4.681018e-03	-1.414919e+00
3.324000e-05	1.194266e-03	-1.650552e+00
3.325000e-05	5.347093e-02	-1.849898e+00
3.326000e-05	5.823144e-02	-2.069970e+00
3.327000e-05	-6.650631e-02	-2.405340e+00
3.328000e-05	-4.287572e-02	-2.713581e+00
3.329000e-05	-5.084700e-02	-2.913133e+00
3.330000e-05	-6.346211e-02	-3.137332e+00
3.331000e-05	7.863331e-02	-3.283080e+00
3.332000e-05	3.836871e-02	-3.450499e+00
3.333000e-05	-1.404291e-01	-3.670677e+00
3.334000e-05	1.791991e-01	-3.924253e+00
3.335000e-05	-7.432292e-02	-4.152680e+00
3.336000e-05	-1.550414e-02	-4.388319e+00
3.337000e-05	2.322557e-02	-4.515757e+00
3.338000e-05	-1.504551e-01	-4.838968e+00
3.339000e-05	1.260305e-01	-5.019944e+00
3.340000e-05	-2.550652e-02	-5.238919e+00
3.341000e-05	-2.511790e-02	-5.567788e+00
3.342000e-05	4.605913e-02	-5.725181e+00
3.343000e-05	-1.025135e-01	-5.965286e+00
3.344000e-05	8.455702e-02	-6.186311e+00
3.345000e-05	-7.405515e-02	-6.407362e+00
3.346000e-05	-2.060735e-02	-6.610971e+00
3.347000e-05	5.060498e-02	-6.789865e+00
3.348000e-05	-5.882695e-02	-7.039991e+00
3.349000e-05	8.026330e-02	-7.223002e+00
3.350000e-05	-1.344426e-01	-7.430441e+00
3.351000e-05	4.527176e-02	-7.583997e+00
3.352000e-05	-1.093446e-02	-7.862867e+00
3.353000e-05	-2.600515e-02	-8.082529e+00
3.354000e-05	2.278105e-02	-8.221494e+00
3.355000e-05	-6.727486e-02	-8.389893e+00
3.356000e-05	6.468188e-02	-8.581942e+00
3.357000e-05	-6.999976e-02	-8.759369e+00
3.358000e-05	1.333821e-03	-8.947865e+00
3.359000e-05	-3.798095e-02	-9.083706e+00
3.360000e-05	-2.282790e-03	-9.263651e+00
3.361000e-05	1.118229e-02	-9.422568e+00
3.362000e-05	-5.199442e-02	-9.600949e+00
3.363000e-05	1.456754e-02	-9.728789e+00
3.364000e-05	-3.713229e-02	-9.894206e+00
3.365000e-05	9.413504e-03	-1.005307e+01
3.366000e-05	-4.877623e-02	-1.017044e+01
3.367000e-05	-1.408596e-02	-1.039784e+01
3.368000e-05	-1.534441e-02	-1.049524e+01
3.369000e-05	-1.082326e-02	-1.061360e+01
3.370000e-05	-1.988366e-02	-1.073789e+01
3.371000e-05	-3.146419e-02	-1.081365e+01
3.372000e-05	-6.532975e-03	-1.094049e+01
3.373000e-05	-2.471912e-02	-1.116633e+01
3.374000e-05	-2.050320e-02	-1.127416e+01
3.375000e-05	-3.946685e-02	-1.137889e+01
3.376000e-05	-9.383581e-03	-1.151668e+01
3.377000e-05	-2.266097e-02	-1.156196e+01
3.378000e-05	-1.956089e-02	-1.167723e+01
3.379000e-05	-3.515963e-02	-1.183307e+01
3.380000e-05	-2.135324e-02	-1.191776e+01
3.381000e-05	-1.956414e-02	-1.203107e+01
3.382000e-05	-3.086128e-02	-1.208723e+01
3.383000e-05	-2.932070e-02	-1.215047e+01
3.384000e-05	-2.832697e-02	-1.224360e+01
3.385000e-05	-1.747620e-02	-1.231678e+01
3.386000e-05	-3.305189e-02	-1.237949e+01
3.387000e-05	-3.313867e-02	-1.243167e+01
3.388000e-05	-3.254103e-02	-1.248486e+01
3.389000e-05	-2.455080e-02	-1.251096e+01
3.390000e-05	-3.111262e-02	-1.258107e+01
3.391000e-05	-3.661059e-02	-1.263457e+01
3.392000e-05	-3.173106e-02	-1.268615e+01
3.393000e-05	-2.917490e-02	-1.272728e+01
3.394000e-05	-3.396740e-02	-1.275879e+01
3.395000e-05	-4.009523e-02	-1.281942e+01
3.396000e-05	-3.866140e-02	-1.282150e+01
3.397000e-05	-3.144218e-02	-1.281205e+01
3.398000e-05	-3.736269e-02	-1.283462e+01
3.399000e-05	-4.307522e-02	-1.281468e+01
3.400000e-05	-4.477832e-02	-1.286620e+01
3.401000e-05	-4.016917e-02	-1.283365e+01
3.402000e-05	-4.293241e-02	-1.283313e+01
3.403000e-05	-5.025739e-02	-1.282307e+01
3.404000e-05	-5.155808e-02	-1.280053e+01
3.405000e-05	-5.033300e-02	-1.279999e+01
3.406000e-05	-5.288328e-02	-1.273037e+01
3.407000e-05	-6.297583e-02	-1.272881e+01
3.408000e-05	-6.799343e-02	-1.269673e+01
3.409000e-05	-6.638235e-02	-1.260618e+01
3.410000e-05	-6.993325e-02	-1.256309e+01
3.411000e-05	-7.998120e-02	-1.249952e+01
3.412000e-05	-8.923525e-02	-1.245786e+01
3.413000e-05	-9.315153e-02	-1.241325e+01
3.414000e-05	-1.018778e-01	-1.235205e+01
3.415000e-05	-1.154705e-01	-1.229831e+01
3.416000e-05	-1.266903e-01	-1.224565e+01
3.417000e-05	-1.307391e-01	-1.216899e+01
3.418000e-05	-1.331779e-01	-1.207631e+01
3.419000e-05	-1.384806e-01	-1.203215e+01
3.420000e-05	-1.388089e-01	-1.189031e+01
3.421000e-05	-1.316661e-01	-1.182560e+01
3.422000e-05	-1.232303e-01	-1.166641e+01
3.423000e-05	-1.171281e-01	-1.157350e+01
3.424000e-05	-1.125386e-01	-1.146673e+01
3.425000e-05	-1.019524e-01	-1.137894e+01
3.426000e-05	-9.236986e-02	-1.119716e+01
3.427000e-05	-8.575114e-02	-1.106731e+01
3.428000e-05	-8.072170e-02	-1.097142e+01
3.429000e-05	-7.276453e-02	-1.083478e+01
3.430000e-05	-6.300308e-02	-1.075984e+01
3.431000e-05	-5.910644e-02	-1.063515e+01
3.432000e-05	-5.633617e-02	-1.050783e+01
3.433000e-05	-5.104593e-02	-1.036139e+01
3.434000e-05	-4.559563e-02	-1.019355e+01
3.435000e-05	-4.223929e-02	-1.001421e+01
3.436000e-05	-4.206200e-02	-9.857783e+00
3.437000e-05	-3.821152e-02	-9.720919e+00
3.438000e-05	-3.329231e-02	-9.604154e+00
3.439000e-05	-3.045570e-02	-9.436178e+00
3.440000e-05	-3.153435e-02	-9.255858e+00
3.441000e-05	-2.944421e-02	-9.117887e+00
3.442000e-05	-2.610557e-02	-8.922015e+00
3.443000e-05	-2.267805e-02	-8.771198e+00
3.444000e-05	-2.410438e-02	-8.551598e+00
3.445000e-05	-2.353736e-02	-8.372604e+00
3.446000e-05	-2.102942e-02	-8.235256e+00
3.447000e-05	-1.812988e-02	-8.056336e+00
3.448000e-05	-2.046456e-02	-7.807758e+00
3.449000e-05	-1.988325e-02	-7.676258e+00
3.450000e-05	-1.735192e-02	-7.426231e+00
3.451000e-05	-1.489396e-02	-7.266136e+00
3.452000e-05	-1.516696e-02	-7.038263e+00
3.453000e-05	-1.639987e-02	-6.794307e+00
3.454000e-05	-1.420805e-02	-6.655709e+00
3.455000e-05	-1.243052e-02	-6.456282e+00
3.456000e-05	-1.226666e-02	-6.245784e+00
3.457000e-05	-1.368032e-02	-6.005181e+00
3.458000e-05	-1.281712e-02	-5.832679e+00
3.459000e-05	-1.140361e-02	-5.612153e+00
3.460000e-05	-1.136660e-02	-5.365130e+00
3.461000e-05	-1.233601e-02	-5.118919e+00
3.462000e-05	-1.163589e-02	-4.858810e+00
3.463000e-05	-8.730480e-03	-4.635177e+00
3.464000e-05	-1.003344e-02	-4.434734e+00
3.465000e-05	-8.882794e-03	-4.223611e+00
3.466000e-05	-9.511870e-03	-4.013134e+00
3.467000e-05	-6.282095e-03	-3.782058e+00
3.468000e-05	-7.823761e-03	-3.560048e+00
3.469000e-05	-8.095398e-03	-3.351526e+00
3.470000e-05	-1.078103e-02	-3.138974e+00
3.471000e-05	-7.046286e-03	-2.842764e+00
3.472000e-05	-7.426635e-03	-2.615208e+00
3.473000e-05	-5.613735e-03	-2.432635e+00
3.474000e-05	-6.917490e-03	-2.182524e+00
3.475000e-05	-3.939863e-03	-1.938946e+00
3.476000e-05	-4.675394e-03	-1.718868e+00
3.477000e-05	-5.913890e-03	-1.519388e+00
3.478000e-05	-6.939049e-03	-1.171079e+00
3.479000e-05	-7.087990e-03	-9.704474e-01
3.480000e-05	-2.028913e-03	-7.388962e-01
3.481000e-05	-8.057997e-03	-4.478605e-01
3.482000e-05	-8.486372e-04	-2.447117e-01
3.483000e-05	-1.409278e-03	-2.373384e-02
3.484000e-05	1.018910e-02	2.169448e-01
3.485000e-05	-1.076695e-03	4.304763e-01
3.486000e-05	4.991392e-03	6.705739e-01
3.487000e-05	-2.330690e-03	8.309989e-01
3.488000e-05	1.570255e-03	1.132679e+00
3.489000e-05	-1.547960e-03	1.345313e+00
3.490000e-05	2.671796e-03	1.595367e+00
3.491000e-05	2.398986e-02	1.829004e+00
3.492000e-05	7.707614e-02	2.049974e+00
3.493000e-05	-1.031125e-02	2.313633e+00
3.494000e-05	-4.617627e-02	2.577815e+00
3.495000e-05	-4.025341e-02	2.820524e+00
3.496000e-05	-1.350595e-02	3.010548e+00
3.497000e-05	-4.776498e-02	3.198340e+00
3.498000e-05	3.978688e-02	3.314811e+00
3.499000e-05	4.647466e-02	3.588394e+00
3.500000e-05	-7.492132e-02	3.787918e+00
3.501000e-05	1.440905e-01	3.987364e+00
3.502000e-05	-4.253688e-02	4.303006e+00
3.503000e-05	-1.897955e-02	4.442629e+00
3.504000e-05	2.372450e-02	4.693156e+00
3.505000e-05	-5.111879e-02	4.985311e+00
3.506000e-05	5.845213e-02	5.170098e+00
3.507000e-05	-9.419252e-03	5.491073e+00
3.508000e-05	9.667776e-04	5.631625e+00
3.509000e-05	2.484143e-02	5.925149e+00
3.510000e-05	-1.838463e-02	6.134205e+00
3.511000e-05	1.348697e-02	6.285156e+00
3.512000e-05	-7.523250e-03	6.494656e+00
3.513000e-05	2.327242e-02	6.745788e+00
3.514000e-05	1.208914e-02	6.944759e+00
3.515000e-05	-2.753015e-03	7.147291e+00
3.516000e-05	3.358977e-02	7.293884e+00
3.517000e-05	-3.539097e-02	7.608335e+00
3.518000e-05	2.621430e-02	7.766889e+00
3.519000e-05	8.668125e-04	8.008390e+00
3.520000e-05	1.372431e-02	8.179497e+00
3.521000e-05	1.905773e-02	8.388391e+00
3.522000e-05	4.467645e-03	8.496181e+00
3.523000e-05	1.997003e-02	8.663152e+00
3.524000e-05	-8.861759e-03	8.791995e+00
3.525000e-05	1.975329e-02	8.980490e+00
3.526000e-05	-1.474100e-03	9.200566e+00
3.527000e-05	1.735411e-02	9.307364e+00
3.528000e-05	1.593635e-02	9.545207e+00
3.529000e-05	1.275539e-02	9.642722e+00
3.530000e-05	1.802821e-02	9.803020e+00
3.531000e-05	6.288730e-03	9.949495e+00
3.532000e-05	1.534831e-02	1.013731e+01
3.533000e-05	7.132938e-03	1.025315e+01
3.534000e-05	1.736567e-02	1.038145e+01
3.535000e-05	1.251697e-02	1.048931e+01
3.536000e-05	1.782593e-02	1.069563e+01
3.537000e-05	1.846035e-02	1.079052e+01
3.538000e-05	1.598150e-02	1.093731e+01
3.539000e-05	1.562565e-02	1.100158e+01
3.540000e-05	1.239305e-02	1.110936e+01
3.541000e-05	1.736593e-02	1.125517e+01
3.542000e-05	1.694213e-02	1.132944e+01
3.543000e-05	2.074297e-02	1.148578e+01
3.544000e-05	1.856394e-02	1.162207e+01
3.545000e-05	2.172867e-02	1.172879e+01
3.546000e-05	2.047556e-02	1.180249e+01
3.547000e-05	1.933282e-02	1.187728e+01
3.548000e-05	1.820385e-02	1.196841e+01
3.549000e-05	1.973973e-02	1.203420e+01
3.550000e-05	2.367470e-02	1.212785e+01
3.551000e-05	2.205938e-02	1.220049e+01
3.552000e-05	2.347429e-02	1.229615e+01
3.553000e-05	2.271623e-02	1.232734e+01
3.554000e-05	2.659706e-02	1.235045e+01
3.555000e-05	2.380612e-02	1.244418e+01
3.556000e-05	2.435127e-02	1.249638e+01
3.557000e-05	2.579324e-02	1.251789e+01
3.558000e-05	2.669407e-02	1.256102e+01
3.559000e-05	2.833147e-02	1.258155e+01
3.560000e-05	2.643888e-02	1.262310e+01
3.561000e-05	2.871364e-02	1.264565e+01
3.562000e-05	3.158313e-02	1.267618e+01
3.563000e-05	3.329499e-02	1.267673e+01
3.564000e-05	3.263320e-02	1.269728e+01
3.565000e-05	3.355819e-02	1.269778e+01
3.566000e-05	3.426218e-02	1.269836e+01
3.567000e-05	3.677631e-02	1.269526e+01
3.568000e-05	3.742282e-02	1.267828e+01
3.569000e-05	4.040297e-02	1.267631e+01
3.570000e-05	4.472796e-02	1.265620e+01
3.571000e-05	4.856859e-02	1.264523e+01
3.572000e-05	5.105916e-02	1.262253e+01
3.573000e-05	5.252015e-02	1.259050e+01
3.574000e-05	5.783285e-02	1.254102e+01
3.575000e-05	6.219026e-02	1.249841e+01
3.576000e-05	6.779992e-02	1.245631e+01
3.577000e-05	7.369459e-02	1.242561e+01
3.578000e-05	8.264890e-02	1.240110e+01
3.579000e-05	9.168780e-02	1.237034e+01
3.580000e-05	9.933560e-02	1.228731e+01
3.581000e-05	1.096115e-01	1.221359e+01
3.582000e-05	1.170247e-01	1.209849e+01
3.583000e-05	1.256922e-01	1.200373e+01
3.584000e-05	1.303866e-01	1.197944e+01
3.585000e-05	1.328317e-01	1.183776e+01
3.586000e-05	1.290873e-01	1.177307e+01
3.587000e-05	1.243438e-01	1.165883e+01
3.588000e-05	1.164888e-01	1.158260e+01
3.589000e-05	1.080440e-01	1.150873e+01
3.590000e-05	1.004327e-01	1.131200e+01
3.591000e-05	9.331697e-02	1.125520e+01
3.592000e-05	8.552443e-02	1.112946e+01
3.593000e-05	7.580779e-02	1.101408e+01
3.594000e-05	6.974004e-02	1.089689e+01
3.595000e-05	6.291692e-02	1.079413e+01
3.596000e-05	5.715117e-02	1.063771e+01
3.597000e-05	5.005253e-02	1.050954e+01
3.598000e-05	4.530618e-02	1.034005e+01
3.599000e-05	4.244742e-02	1.020620e+01
3.600000e-05	3.852399e-02	1.008839e+01
3.601000e-05	3.331415e-02	9.970970e+00
3.602000e-05	3.082633e-02	9.734650e+00
3.603000e-05	2.919747e-02	9.615150e+00
3.604000e-05	2.655672e-02	9.455758e+00
3.605000e-05	2.321136e-02	9.339965e+00
3.606000e-05	2.061578e-02	9.182094e+00
3.607000e-05	2.042706e-02	8.974678e+00
3.608000e-05	1.791127e-02	8.803130e+00
3.609000e-05	1.636312e-02	8.624760e+00
3.610000e-05	1.428866e-02	8.448364e+00
3.611000e-05	1.470582e-02	8.318791e+00
3.612000e-05	1.279036e-02	8.090044e+00
3.613000e-05	1.199584e-02	7.909867e+00
3.614000e-05	1.071539e-02	7.730444e+00
3.615000e-05	1.065885e-02	7.542551e+00
3.616000e-05	8.968065e-03	7.301547e+00
3.617000e-05	8.031009e-03	7.108950e+00
3.618000e-05	6.202548e-03	6.899951e+00
3.619000e-05	6.205942e-03	6.760920e+00
3.620000e-05	6.490677e-03	6.529996e+00
3.621000e-05	5.070698e-03	6.309469e+00
3.622000e-05	5.290817e-03	6.099416e+00
3.623000e-05	4.229811e-03	5.921394e+00
3.624000e-05	4.409761e-03	5.699866e+00
3.625000e-05	2.388926e-03	5.507841e+00
3.626000e-05	2.471363e-03	5.267859e+00
3.627000e-05	2.390740e-03	5.022683e+00
3.628000e-05	2.435213e-03	4.709897e+00
3.629000e-05	1.209889e-03	4.520971e+00
3.630000e-05	2.085545e-04	4.330995e+00
3.631000e-05	6.361481e-05	4.077389e+00
3.632000e-05	-4.466170e-06	3.834689e+00
3.633000e-05	-5.744741e-04	3.644762e+00
3.634000e-05	-1.314048e-04	3.416238e+00
3.635000e-05	-8.412735e-04	3.180028e+00
3.636000e-05	-8.039535e-04	2.982552e+00
3.637000e-05	-1.352488e-03	2.760076e+00
3.638000e-05	-3.394265e-03	2.489322e+00
3.639000e-05	-3.388089e-03	2.256809e+00
3.640000e-05	-3.752116e-03	2.034658e+00
3.641000e-05	-2.731856e-03	1.844234e+00
3.642000e-05	-3.928303e-03	1.550980e+00
3.643000e-05	-3.099608e-03	1.318548e+00
3.644000e-05	-3.792169e-03	1.078417e+00
3.645000e-05	-4.242202e-03	8.011561e-01
3.646000e-05	-4.788453e-03	5.715288e-01
3.647000e-05	-3.624963e-03	3.600488e-01
3.648000e-05	-3.401911e-03	8.786443e-02
3.649000e-05	-2.171239e-03	-1.452607e-01
3.650000e-05	3.061992e-03	-3.862109e-01
3.651000e-05	-4.914634e-03	-5.233107e-01
3.652000e-05	-1.370822e-03	-7.793900e-01
3.653000e-05	-6.104020e-03	-1.029871e+00
3.654000e-05	-2.650273e-03	-1.210444e+00
3.655000e-05	-4.397590e-03	-1.492020e+00
3.656000e-05	7.982420e-03	-1.701056e+00
3.657000e-05	7.073957e-02	-1.862554e+00
3.658000e-05	2.188082e-02	-2.091179e+00
3.659000e-05	-6.365840e-02	-2.450998e+00
3.660000e-05	-4.380294e-02	-2.765841e+00
3.661000e-05	-4.919169e-02	-2.984714e+00
3.662000e-05	-6.070707e-02	-3.198396e+00
3.663000e-05	1.192549e-01	-3.284732e+00
3.664000e-05	-4.131239e-02	-3.493180e+00
3.665000e-05	-6.864931e-02	-3.713781e+00
3.666000e-05	1.695258e-01	-3.918710e+00
3.667000e-05	-1.232904e-01	-4.185344e+00
3.668000e-05	4.599500e-02	-4.400001e+00
3.669000e-05	-4.374080e-02	-4.597389e+00
3.670000e-05	-1.009343e-01	-4.852154e+00
3.671000e-05	1.375715e-01	-5.052624e+00
3.672000e-05	-7.347159e-02	-5.293156e+00
3.673000e-05	2.734000e-02	-5.587916e+00
3.674000e-05	-7.455139e-04	-5.776814e+00
3.675000e-05	-7.558765e-02	-6.008870e+00
3.676000e-05	8.954174e-02	-6.219993e+00
3.677000e-05	-1.148313e-01	-6.450975e+00
3.678000e-05	3.820663e-02	-6.621598e+00
3.679000e-05	-9.864230e-04	-6.779420e+00
3.680000e-05	-1.412301e-02	-7.074576e+00
3.681000e-05	4.692237e-02	-7.253527e+00
3.682000e-05	-1.328895e-01	-7.473578e+00
3.683000e-05	7.959032e-02	-7.703678e+00
3.684000e-05	-5.691841e-02	-7.935151e+00
3.685000e-05	1.547901e-02	-8.105207e+00
3.686000e-05	-1.729646e-02	-8.253623e+00
3.687000e-05	-3.327139e-02	-8.429526e+00
3.688000e-05	4.873095e-02	-8.642968e+00
3.689000e-05	-7.549116e-02	-8.830545e+00
3.690000e-05	1.498207e-02	-8.968344e+00
3.691000e-05	-5.374724e-02	-9.136758e+00
3.692000e-05	2.467351e-02	-9.275281e+00
3.693000e-05	-1.851990e-02	-9.516122e+00
3.694000e-05	-3.261418e-02	-9.673099e+00
3.695000e-05	2.157848e-03	-9.798965e+00
3.696000e-05	-2.995621e-02	-9.927290e+00
3.697000e-05	5.200149e-03	-1.009465e+01
3.698000e-05	-5.157660e-02	-1.021062e+01
3.699000e-05	-3.448251e-03	-1.039045e+01
3.700000e-05	-2.311138e-02	-1.050828e+01
3.701000e-05	-4.425967e-03	-1.067415e+01
3.702000e-05	-3.214274e-02	-1.075834e+01
3.703000e-05	-2.171143e-02	-1.088663e+01
3.704000e-05	-1.223034e-02	-1.099405e+01
3.705000e-05	-1.971473e-02	-1.119142e+01
3.706000e-05	-2.574441e-02	-1.128373e+01
3.707000e-05	-3.382046e-02	-1.142010e+01
3.708000e-05	-8.671682e-03	-1.147623e+01
3.709000e-05	-2.587234e-02	-1.159159e+01
3.710000e-05	-2.197969e-02	-1.172736e+01
3.711000e-05	-3.721648e-02	-1.187410e+01
3.712000e-05	-1.488471e-02	-1.194826e+01
3.713000e-05	-2.292146e-02	-1.202255e+01
3.714000e-05	-2.816675e-02	-1.211778e+01
3.715000e-05	-3.215926e-02	-1.216194e+01
3.716000e-05	-2.357741e-02	-1.222518e+01
3.717000e-05	-2.048665e-02	-1.235778e+01
3.718000e-05	-3.474191e-02	-1.238039e+01
3.719000e-05	-3.368106e-02	-1.244260e+01
3.720000e-05	-2.986467e-02	-1.247681e+01
3.721000e-05	-2.362450e-02	-1.252944e+01
3.722000e-05	-3.301594e-02	-1.261257e+01
3.723000e-05	-3.556253e-02	-1.266415e+01
3.724000e-05	-3.078254e-02	-1.270673e+01
3.725000e-05	-3.023136e-02	-1.274778e+01
3.726000e-05	-3.580064e-02	-1.276034e+01
3.727000e-05	-3.914991e-02	-1.282147e+01
3.728000e-05	-3.605149e-02	-1.277200e+01
3.729000e-05	-3.079658e-02	-1.282252e+01
3.730000e-05	-3.978210e-02	-1.284310e+01
3.731000e-05	-4.355306e-02	-1.282318e+01
3.732000e-05	-4.485811e-02	-1.283473e+01
3.733000e-05	-3.977298e-02	-1.283460e+01
3.734000e-05	-4.520033e-02	-1.282462e+01
3.735000e-05	-5.069577e-02	-1.283260e+01
3.736000e-05	-5.004994e-02	-1.280187e+01
3.737000e-05	-5.105751e-02	-1.274149e+01
3.738000e-05	-5.422992e-02	-1.275784e+01
3.739000e-05	-6.509058e-02	-1.271768e+01
3.740000e-05	-6.578184e-02	-1.266625e+01
3.741000e-05	-6.704510e-02	-1.259510e+01
3.742000e-05	-7.311181e-02	-1.255399e+01
3.743000e-05	-8.305785e-02	-1.250046e+01
3.744000e-05	-9.070001e-02	-1.247779e+01
3.745000e-05	-9.397832e-02	-1.240162e+01
3.746000e-05	-1.051425e-01	-1.233092e+01
3.747000e-05	-1.177659e-01	-1.224721e+01
3.748000e-05	-1.266103e-01	-1.220360e+01
3.749000e-05	-1.307554e-01	-1.216839e+01
3.750000e-05	-1.347800e-01	-1.205721e+01
3.751000e-05	-1.395754e-01	-1.197247e+01
3.752000e-05	-1.380856e-01	-1.193821e+01
3.753000e-05	-1.313792e-01	-1.175460e+01
3.754000e-05	-1.221908e-01	-1.165726e+01
3.755000e-05	-1.173262e-01	-1.155109e+01
3.756000e-05	-1.082083e-01	-1.146516e+01
3.757000e-05	-9.864010e-02	-1.132929e+01
3.758000e-05	-8.999998e-02	-1.115410e+01
3.759000e-05	-8.490816e-02	-1.103636e+01
3.760000e-05	-7.782201e-02	-1.094049e+01
3.761000e-05	-7.028995e-02	-1.083418e+01
3.762000e-05	-6.269345e-02	-1.070886e+01
3.763000e-05	-5.919431e-02	-1.061257e+01
3.764000e-05	-5.482044e-02	-1.047328e+01
3.765000e-05	-4.995297e-02	-1.032127e+01
3.766000e-05	-4.498644e-02	-1.013252e+01
3.767000e-05	-4.205102e-02	-1.000302e+01
3.768000e-05	-3.955762e-02	-9.866232e+00
3.769000e-05	-3.747611e-02	-9.708413e+00
3.770000e-05	-3.314139e-02	-9.572124e+00
3.771000e-05	-3.089568e-02	-9.423549e+00
3.772000e-05	-3.056141e-02	-9.214632e+00
3.773000e-05	-2.824942e-02	-9.076735e+00
3.774000e-05	-2.586696e-02	-8.899939e+00
3.775000e-05	-2.384129e-02	-8.759968e+00
3.776000e-05	-2.353379e-02	-8.501023e+00
3.777000e-05	-2.325563e-02	-8.361398e+00
3.778000e-05	-1.990800e-02	-8.224102e+00
3.779000e-05	-1.904799e-02	-8.025232e+00
3.780000e-05	-2.047784e-02	-7.793678e+00
3.781000e-05	-1.959543e-02	-7.592603e+00
3.782000e-05	-1.568318e-02	-7.421202e+00
3.783000e-05	-1.474384e-02	-7.214054e+00
3.784000e-05	-1.621623e-02	-7.023203e+00
3.785000e-05	-1.621861e-02	-6.811473e+00
3.786000e-05	-1.337143e-02	-6.593123e+00
3.787000e-05	-1.258682e-02	-6.453578e+00
3.788000e-05	-1.330171e-02	-6.163576e+00
3.789000e-05	-1.363826e-02	-5.961949e+00
3.790000e-05	-1.129785e-02	-5.760046e+00
3.791000e-05	-1.130957e-02	-5.570125e+00
3.792000e-05	-1.074590e-02	-5.347924e+00
3.793000e-05	-1.250215e-02	-5.087768e+00
3.794000e-05	-9.010601e-03	-4.794203e+00
3.795000e-05	-9.582622e-03	-4.571126e+00
3.796000e-05	-8.969003e-03	-4.391603e+00
3.797000e-05	-9.937674e-03	-4.202603e+00
3.798000e-05	-8.629642e-03	-4.021079e+00
3.799000e-05	-6.322679e-03	-3.749468e+00
3.800000e-05	-8.639389e-03	-3.507870e+00
3.801000e-05	-9.564849e-03	-3.297790e+00
3.802000e-05	-9.024554e-03	-3.076763e+00
3.803000e-05	-6.938365e-03	-2.843083e+00
3.804000e-05	-6.418190e-03	-2.583105e+00
3.805000e-05	-8.045470e-03	-2.362624e+00
3.806000e-05	-3.092735e-03	-2.098943e+00
3.807000e-05	-3.916302e-03	-1.906915e+00
3.808000e-05	-1.992434e-03	-1.644239e+00
3.809000e-05	-9.388130e-03	-1.403603e+00
3.810000e-05	-6.597409e-03	-1.138920e+00
3.811000e-05	-7.081687e-03	-9.178409e-01
3.812000e-05	-4.697235e-03	-6.563444e-01
3.813000e-05	-5.076847e-03	-4.026540e-01
3.814000e-05	-2.294325e-03	-2.026065e-01
3.815000e-05	6.881931e-03	-1.060514e-02
3.816000e-05	6.940175e-03	2.810813e-01
3.817000e-05	-5.985484e-04	4.836792e-01
3.818000e-05	-1.792957e-03	6.642080e-01
3.819000e-05	-1.839894e-03	8.911291e-01
3.820000e-05	1.427064e-04	1.186792e+00
3.821000e-05	3.152717e-04	1.388345e+00
3.822000e-05	5.310719e-03	1.652951e+00
3.823000e-05	3.819259e-02	1.870582e+00
3.824000e-05	7.423808e-02	2.103657e+00
3.825000e-05	-3.794075e-02	2.377367e+00
3.826000e-05	-4.736728e-02	2.650448e+00
3.827000e-05	-3.695326e-02	2.852629e+00
3.828000e-05	-1.381239e-02	3.041650e+00
3.829000e-05	-4.418153e-02	3.209449e+00
3.830000e-05	7.318096e-02	3.386945e+00
3.831000e-05	-4.499192e-03	3.681051e+00
3.832000e-05	-2.565923e-02	3.819521e+00
3.833000e-05	1.305443e-01	4.021501e+00
3.834000e-05	-7.665934e-02	4.317713e+00
3.835000e-05	1.286239e-02	4.492182e+00
3.836000e-05	-5.581002e-03	4.766284e+00
3.837000e-05	-2.627984e-02	5.038892e+00
3.838000e-05	5.560332e-02	5.281578e+00
3.839000e-05	-1.780106e-02	5.524183e+00
3.840000e-05	1.877721e-02	5.682606e+00
3.841000e-05	1.515764e-02	5.934885e+00
3.842000e-05	-2.009421e-02	6.166886e+00
3.843000e-05	1.460402e-02	6.376290e+00
3.844000e-05	-9.801285e-03	6.546859e+00
3.845000e-05	3.246126e-02	6.770891e+00
3.846000e-05	-5.047792e-03	6.989940e+00
3.847000e-05	1.567915e-02	7.197966e+00
3.848000e-05	2.111056e-02	7.356860e+00
3.849000e-05	-2.839321e-02	7.601419e+00
3.850000e-05	3.059574e-02	7.810441e+00
3.851000e-05	-7.463214e-03	8.062570e+00
3.852000e-05	2.407488e-02	8.211998e+00
3.853000e-05	9.421233e-03	8.378925e+00
3.854000e-05	1.265339e-02	8.537365e+00
3.855000e-05	1.087870e-02	8.706230e+00
3.856000e-05	-5.501598e-04	8.834607e+00
3.857000e-05	1.802432e-02	9.062073e+00
3.858000e-05	-1.091344e-03	9.192574e+00
3.859000e-05	1.962558e-02	9.389417e+00
3.860000e-05	1.332512e-02	9.556335e+00
3.861000e-05	1.549089e-02	9.686231e+00
3.862000e-05	1.505158e-02	9.872198e+00
3.863000e-05	6.834738e-03	1.000102e+01
3.864000e-05	1.362931e-02	1.013781e+01
3.865000e-05	9.239602e-03	1.026573e+01
3.866000e-05	1.817156e-02	1.043097e+01
3.867000e-05	1.329571e-02	1.055736e+01
3.868000e-05	1.881488e-02	1.066818e+01
3.869000e-05	1.906756e-02	1.083260e+01
3.870000e-05	1.602303e-02	1.095836e+01
3.871000e-05	1.436911e-02	1.101418e+01
3.872000e-05	1.311935e-02	1.115942e+01
3.873000e-05	1.857653e-02	1.127523e+01
3.874000e-05	1.671296e-02	1.140152e+01
3.875000e-05	1.901266e-02	1.154878e+01
3.876000e-05	1.790070e-02	1.165457e+01
3.877000e-05	2.219472e-02	1.173739e+01
3.878000e-05	1.948557e-02	1.183360e+01
3.879000e-05	1.869222e-02	1.189721e+01
3.880000e-05	1.885825e-02	1.200897e+01
3.881000e-05	2.173135e-02	1.201328e+01
3.882000e-05	2.394971e-02	1.212944e+01
3.883000e-05	2.269400e-02	1.223355e+01
3.884000e-05	2.201322e-02	1.229681e+01
3.885000e-05	2.252002e-02	1.237894e+01
3.886000e-05	2.466739e-02	1.241302e+01
3.887000e-05	2.401375e-02	1.243571e+01
3.888000e-05	2.448942e-02	1.247589e+01
3.889000e-05	2.659976e-02	1.252939e+01
3.890000e-05	2.765211e-02	1.258159e+01
3.891000e-05	2.857506e-02	1.259252e+01
3.892000e-05	2.528102e-02	1.263468e+01
3.893000e-05	2.904042e-02	1.261416e+01
3.894000e-05	3.091970e-02	1.264525e+01
3.895000e-05	3.303210e-02	1.268633e+01
3.896000e-05	3.244256e-02	1.267578e+01
3.897000e-05	3.443909e-02	1.268726e+01
3.898000e-05	3.707248e-02	1.271833e+01
3.899000e-05	3.695565e-02	1.269731e+01
3.900000e-05	3.783711e-02	1.263723e+01
3.901000e-05	4.148003e-02	1.267571e+01
3.902000e-05	4.620562e-02	1.264568e+01
3.903000e-05	4.874749e-02	1.266363e+01
3.904000e-05	5.065770e-02	1.259312e+01
3.905000e-05	5.439470e-02	1.258057e+01
3.906000e-05	5.899412e-02	1.251099e+01
3.907000e-05	6.440152e-02	1.250834e+01
3.908000e-05	6.904842e-02	1.244731e+01
3.909000e-05	7.568455e-02	1.242413e+01
3.910000e-05	8.438973e-02	1.239002e+01
3.911000e-05	9.258548e-02	1.232837e+01
3.912000e-05	1.012568e-01	1.222720e+01
3.913000e-05	1.103851e-01	1.214302e+01
3.914000e-05	1.201998e-01	1.204248e+01
3.915000e-05	1.269699e-01	1.199267e+01
3.916000e-05	1.299574e-01	1.195084e+01
3.917000e-05	1.316318e-01	1.186623e+01
3.918000e-05	1.291355e-01	1.172105e+01
3.919000e-05	1.247235e-01	1.167573e+01
3.920000e-05	1.148305e-01	1.158102e+01
3.921000e-05	1.072623e-01	1.143525e+01
3.922000e-05	9.725179e-02	1.130047e+01
3.923000e-05	9.143383e-02	1.117417e+01
3.924000e-05	8.256645e-02	1.108828e+01
3.925000e-05	7.525579e-02	1.097207e+01
3.926000e-05	6.718389e-02	1.085823e+01
3.927000e-05	6.213731e-02	1.080110e+01
3.928000e-05	5.587658e-02	1.062518e+01
3.929000e-05	4.997288e-02	1.046734e+01
3.930000e-05	4.472131e-02	1.032055e+01
3.931000e-05	4.118751e-02	1.019312e+01
3.932000e-05	3.762268e-02	1.004729e+01
3.933000e-05	3.319116e-02	9.887373e+00
3.934000e-05	2.967019e-02	9.732123e+00
3.935000e-05	2.790579e-02	9.562578e+00
3.936000e-05	2.643575e-02	9.475183e+00
3.937000e-05	2.233920e-02	9.267359e+00
3.938000e-05	2.079900e-02	9.160420e+00
3.939000e-05	1.965127e-02	8.932551e+00
3.940000e-05	1.889049e-02	8.771979e+00
3.941000e-05	1.652326e-02	8.584155e+00
3.942000e-05	1.337929e-02	8.424783e+00
3.943000e-05	1.341991e-02	8.266236e+00
3.944000e-05	1.268001e-02	8.027813e+00
3.945000e-05	1.137539e-02	7.856790e+00
3.946000e-05	9.912670e-03	7.728938e+00
3.947000e-05	1.005496e-02	7.469922e+00
3.948000e-05	9.445668e-03	7.237833e+00
3.949000e-05	8.764999e-03	7.018840e+00
3.950000e-05	6.859109e-03	6.888388e+00
3.951000e-05	5.191572e-03	6.646868e+00
3.952000e-05	5.723072e-03	6.466434e+00
3.953000e-05	4.882952e-03	6.267312e+00
3.954000e-05	3.791678e-03	6.067287e+00
3.955000e-05	2.748319e-03	5.906864e+00
3.956000e-05	4.097006e-03	5.685284e+00
3.957000e-05	4.438093e-03	5.443712e+00
3.958000e-05	2.985566e-03	5.235660e+00
3.959000e-05	1.310440e-03	4.942571e+00
3.960000e-05	1.818088e-03	4.677288e+00
3.961000e-05	1.636636e-03	4.476389e+00
3.962000e-05	-6.540722e-04	4.267817e+00
3.963000e-05	-1.578645e-03	4.004180e+00
3.964000e-05	-6.015281e-05	3.803109e+00
3.965000e-05	1.099439e-03	3.573257e+00
3.966000e-05	-4.324150e-04	3.352450e+00
3.967000e-05	-1.676767e-03	3.128420e+00
3.968000e-05	-1.588457e-03	2.890941e+00
3.969000e-05	-1.626907e-03	2.729414e+00
3.970000e-05	-2.786568e-03	2.454178e+00
3.971000e-05	-4.123516e-03	2.203707e+00
3.972000e-05	-3.385516e-03	1.993106e+00
3.973000e-05	-2.570846e-03	1.771630e+00
3.974000e-05	-2.094684e-03	1.539322e+00
3.975000e-05	-4.258592e-03	1.286763e+00
3.976000e-05	-3.822086e-03	9.941887e-01
3.977000e-05	-3.730337e-03	7.389998e-01
3.978000e-05	-4.156341e-03	5.389209e-01
3.979000e-05	-5.418737e-03	3.369434e-01
3.980000e-05	-4.771648e-03	6.418534e-02
3.981000e-05	5.753218e-04	-1.973424e-01
3.982000e-05	3.374573e-03	-3.873423e-01
3.983000e-05	-5.659889e-03	-6.064436e-01
3.984000e-05	-3.500353e-03	-8.415517e-01
3.985000e-05	-3.855247e-03	-1.062549e+00
3.986000e-05	-1.626290e-03	-1.251047e+00
3.987000e-05	-5.542338e-03	-1.573763e+00
3.988000e-05	1.607156e-02	-1.723158e+00
3.989000e-05	8.238482e-02	-1.903607e+00
3.990000e-05	-1.592835e-02	-2.247239e+00
3.991000e-05	-5.736795e-02	-2.565265e+00
3.992000e-05	-4.903766e-02	-2.808445e+00
3.993000e-05	-4.889813e-02	-3.027948e+00
3.994000e-05	-3.495680e-02	-3.209449e+00
3.995000e-05	1.352465e-01	-3.325338e+00
3.996000e-05	-1.166883e-01	-3.575264e+00
3.997000e-05	2.733467e-02	-3.819394e+00
3.998000e-05	1.175347e-01	-3.989398e+00
3.999000e-05	-1.317481e-01	-4.249518e+00
4.000000e-05	7.885623e-02	-4.411026e+00
4.001000e-05	-1.088538e-01	-4.651000e+00
4.002000e-05	-2.455925e-02	-4.905736e+00
4.003000e-05	1.133290e-01	-5.102708e+00
4.004000e-05	-9.436787e-02	-5.436340e+00
4.005000e-05	6.360149e-02	-5.662474e+00
4.006000e-05	-4.934701e-02	-5.849943e+00
4.007000e-05	-2.693158e-02	-6.012102e+00
4.008000e-05	6.085333e-02	-6.272624e+00
4.009000e-05	-1.258621e-01	-6.482629e+00
4.010000e-05	8.161400e-02	-6.694653e+00
4.011000e-05	-4.933186e-02	-6.849101e+00
4.012000e-05	3.755789e-02	-7.167785e+00
4.013000e-05	-1.465220e-02	-7.334707e+00
4.014000e-05	-9.396697e-02	-7.544756e+00
4.015000e-05	8.315351e-02	-7.704332e+00
4.016000e-05	-7.958023e-02	-7.967340e+00
4.017000e-05	4.420151e-02	-8.117787e+00
4.018000e-05	-5.515539e-02	-8.304183e+00
4.019000e-05	1.295482e-02	-8.481655e+00
4.020000e-05	1.272421e-02	-8.663621e+00
4.021000e-05	-6.285447e-02	-8.852679e+00
4.022000e-05	1.057282e-02	-9.022494e+00
4.023000e-05	-5.340645e-02	-9.177916e+00
4.024000e-05	3.874619e-02	-9.317859e+00
4.025000e-05	-4.463413e-02	-9.537735e+00
4.026000e-05	-9.885450e-03	-9.675180e+00
4.027000e-05	-1.254674e-02	-9.799967e+00
4.028000e-05	-1.506734e-02	-9.988491e+00
4.029000e-05	-1.082020e-02	-1.008823e+01
4.030000e-05	-4.647347e-02	-1.027517e+01
4.031000e-05	1.352371e-03	-1.043210e+01
4.032000e-05	-2.293894e-02	-1.055839e+01
4.033000e-05	-3.876647e-03	-1.070571e+01
4.034000e-05	-3.969065e-02	-1.079944e+01
4.035000e-05	-1.222176e-02	-1.093731e+01
4.036000e-05	-1.913190e-02	-1.102152e+01
4.037000e-05	-1.789236e-02	-1.119199e+01
4.038000e-05	-3.380490e-02	-1.130628e+01
4.039000e-05	-2.369644e-02	-1.141057e+01
4.040000e-05	-1.175240e-02	-1.150784e+01
4.041000e-05	-2.374905e-02	-1.163410e+01
4.042000e-05	-2.623991e-02	-1.172898e+01
4.043000e-05	-3.449363e-02	-1.185520e+01
4.044000e-05	-1.309014e-02	-1.194894e+01
4.045000e-05	-2.848226e-02	-1.206473e+01
4.046000e-05	-2.742922e-02	-1.213781e+01
4.047000e-05	-3.338840e-02	-1.217095e+01
4.048000e-05	-1.830301e-02	-1.225473e+01
4.049000e-05	-2.423292e-02	-1.236774e+01
4.050000e-05	-3.227691e-02	-1.238047e+01
4.051000e-05	-3.390581e-02	-1.246310e+01
4.052000e-05	-2.832006e-02	-1.250829e+01
4.053000e-05	-2.541097e-02	-1.253041e+01
4.054000e-05	-3.498659e-02	-1.260357e+01
4.055000e-05	-3.529695e-02	-1.262620e+01
4.056000e-05	-3.037135e-02	-1.271770e+01
4.057000e-05	-3.021847e-02	-1.275978e+01
4.058000e-05	-3.709271e-02	-1.279089e+01
4.059000e-05	-4.068748e-02	-1.275102e+01
4.060000e-05	-3.433262e-02	-1.283312e+01
4.061000e-05	-3.226887e-02	-1.282262e+01
4.062000e-05	-3.951214e-02	-1.283312e+01
4.063000e-05	-4.445510e-02	-1.284312e+01
4.064000e-05	-4.207791e-02	-1.282560e+01
4.065000e-05	-3.990836e-02	-1.282475e+01
4.066000e-05	-4.790766e-02	-1.283265e+01
4.067000e-05	-5.226368e-02	-1.281218e+01
4.068000e-05	-5.009917e-02	-1.280204e+01
4.069000e-05	-5.052962e-02	-1.277147e+01
4.070000e-05	-5.617683e-02	-1.275991e+01
4.071000e-05	-6.642940e-02	-1.270978e+01
4.072000e-05	-6.527102e-02	-1.265673e+01
4.073000e-05	-6.752333e-02	-1.256460e+01
4.074000e-05	-7.428784e-02	-1.253202e+01
4.075000e-05	-8.579896e-02	-1.248844e+01
4.076000e-05	-9.195161e-02	-1.244580e+01
4.077000e-05	-9.560333e-02	-1.239102e+01
4.078000e-05	-1.081620e-01	-1.231839e+01
4.079000e-05	-1.205180e-01	-1.229571e+01
4.080000e-05	-1.286894e-01	-1.220155e+01
4.081000e-05	-1.307591e-01	-1.213941e+01
4.082000e-05	-1.351984e-01	-1.206628e+01
4.083000e-05	-1.400975e-01	-1.201092e+01
4.084000e-05	-1.375980e-01	-1.186865e+01
4.085000e-05	-1.282273e-01	-1.171101e+01
4.086000e-05	-1.203835e-01	-1.164468e+01
4.087000e-05	-1.164594e-01	-1.151996e+01
4.088000e-05	-1.071144e-01	-1.141454e+01
4.089000e-05	-9.669627e-02	-1.128981e+01
4.090000e-05	-8.806395e-02	-1.114195e+01
4.091000e-05	-8.313203e-02	-1.102370e+01
4.092000e-05	-7.721103e-02	-1.088789e+01
4.093000e-05	-6.802579e-02	-1.082310e+01
4.094000e-05	-6.162603e-02	-1.066721e+01
4.095000e-05	-5.794521e-02	-1.057255e+01
4.096000e-05	-5.554812e-02	-1.042365e+01
4.097000e-05	-4.907248e-02	-1.033886e+01
4.098000e-05	-4.280526e-02	-1.009101e+01
4.099000e-05	-4.081001e-02	-9.949969e+00
4.100000e-05	-3.990798e-02	-9.826204e+00
4.101000e-05	-3.569888e-02	-9.658359e+00
4.102000e-05	-3.201786e-02	-9.550994e+00
4.103000e-05	-3.031962e-02	-9.331991e+00
4.104000e-05	-3.074356e-02	-9.211545e+00
4.105000e-05	-2.776311e-02	-9.046708e+00
4.106000e-05	-2.469074e-02	-8.867807e+00
4.107000e-05	-2.323798e-02	-8.728839e+00
4.108000e-05	-2.405782e-02	-8.478386e+00
4.109000e-05	-2.223085e-02	-8.339417e+00
4.110000e-05	-2.057921e-02	-8.170994e+00
4.111000e-05	-1.883892e-02	-8.002577e+00
4.112000e-05	-2.013799e-02	-7.742049e+00
4.113000e-05	-1.873696e-02	-7.560542e+00
4.114000e-05	-1.701793e-02	-7.362024e+00
4.115000e-05	-1.525570e-02	-7.181448e+00
4.116000e-05	-1.694646e-02	-6.941971e+00
4.117000e-05	-1.581781e-02	-6.740491e+00
4.118000e-05	-1.295289e-02	-6.569946e+00
4.119000e-05	-1.244732e-02	-6.342996e+00
4.120000e-05	-1.315638e-02	-6.119519e+00
4.121000e-05	-1.273793e-02	-5.928417e+00
4.122000e-05	-1.281353e-02	-5.718941e+00
4.123000e-05	-1.036952e-02	-5.518845e+00
4.124000e-05	-1.200264e-02	-5.267385e+00
4.125000e-05	-9.123720e-03	-5.014653e+00
4.126000e-05	-1.150261e-02	-4.722497e+00
4.127000e-05	-7.083092e-03	-4.529367e+00
4.128000e-05	-1.122271e-02	-4.341020e+00
4.129000e-05	-9.610325e-03	-4.139919e+00
4.130000e-05	-9.554786e-03	-3.970019e+00
4.131000e-05	-6.712844e-03	-3.666342e+00
4.132000e-05	-8.124931e-03	-3.465762e+00
4.133000e-05	-7.846740e-03	-3.256184e+00
4.134000e-05	-7.335853e-03	-3.014229e+00
4.135000e-05	-7.332140e-03	-2.770500e+00
4.136000e-05	-6.403154e-03	-2.519447e+00
4.137000e-05	-7.656207e-03	-2.338894e+00
4.138000e-05	-6.577367e-03	-2.044787e+00
4.139000e-05	-5.274986e-03	-1.823184e+00
4.140000e-05	-4.228772e-03	-1.644730e+00
4.141000e-05	-5.466317e-03	-1.299901e+00
4.142000e-05	-4.949663e-03	-1.096761e+00
4.143000e-05	-4.626632e-03	-8.447868e-01
4.144000e-05	-3.834118e-03	-6.037316e-01
4.145000e-05	-4.430281e-03	-3.795725e-01
4.146000e-05	-2.601736e-03	-1.584724e-01
4.147000e-05	4.659582e-03	4.160138e-02
4.148000e-05	2.750768e-03	2.932630e-01
4.149000e-05	5.737731e-04	5.247145e-01
4.150000e-05	-1.884732e-03	7.452619e-01
4.151000e-05	4.177741e-04	9.572118e-01
4.152000e-05	2.401727e-03	1.217896e+00
4.153000e-05	1.725731e-03	1.420080e+00
4.154000e-05	1.120789e-02	1.733213e+00
4.155000e-05	4.746747e-02	1.913709e+00
4.156000e-05	5.706486e-02	2.165839e+00
4.157000e-05	-5.358287e-02	2.449948e+00
4.158000e-05	-4.512831e-02	2.703757e+00
4.159000e-05	-2.796729e-02	2.932708e+00
4.160000e-05	-2.225534e-02	3.072104e+00
4.161000e-05	-2.673203e-02	3.239974e+00
4.162000e-05	9.272927e-02	3.500551e+00
4.163000e-05	-5.740000e-02	3.683609e+00
4.164000e-05	3.700592e-02	3.832553e+00
4.165000e-05	8.624859e-02	4.064081e+00
4.166000e-05	-8.182762e-02	4.389345e+00
4.167000e-05	3.807963e-02	4.578839e+00
4.168000e-05	-3.568690e-02	4.819969e+00
4.169000e-05	6.245315e-03	5.062624e+00
4.170000e-05	4.115651e-02	5.294231e+00
4.171000e-05	-2.155585e-02	5.565838e+00
4.172000e-05	2.881653e-02	5.755811e+00
4.173000e-05	2.443532e-03	6.009950e+00
4.174000e-05	-1.173143e-02	6.190446e+00
4.175000e-05	1.002006e-02	6.408392e+00
4.176000e-05	-5.956500e-03	6.629448e+00
4.177000e-05	3.416727e-02	6.809548e+00
4.178000e-05	-1.501977e-02	7.042022e+00
4.179000e-05	3.266347e-02	7.210078e+00
4.180000e-05	-7.944026e-04	7.380945e+00
4.181000e-05	-1.195300e-02	7.663104e+00
4.182000e-05	2.763004e-02	7.832151e+00
4.183000e-05	-8.331659e-03	8.043654e+00
4.184000e-05	2.807500e-02	8.243154e+00
4.185000e-05	1.156977e-03	8.410552e+00
4.186000e-05	2.105901e-02	8.578993e+00
4.187000e-05	1.690327e-03	8.737814e+00
4.188000e-05	7.558096e-03	8.895258e+00
4.189000e-05	1.127946e-02	9.065697e+00
4.190000e-05	4.166379e-03	9.234579e+00
4.191000e-05	2.052206e-02	9.412021e+00
4.192000e-05	1.171686e-02	9.558939e+00
4.193000e-05	1.725547e-02	9.697257e+00
4.194000e-05	1.223077e-02	9.866209e+00
4.195000e-05	1.046680e-02	1.005258e+01
4.196000e-05	1.137122e-02	1.017049e+01
4.197000e-05	1.122532e-02	1.031678e+01
4.198000e-05	1.690936e-02	1.042157e+01
4.199000e-05	1.434190e-02	1.057092e+01
4.200000e-05	1.926907e-02	1.070938e+01
4.201000e-05	1.854342e-02	1.086470e+01
4.202000e-05	1.669806e-02	1.095942e+01
4.203000e-05	1.497857e-02	1.109415e+01
4.204000e-05	1.432371e-02	1.120996e+01
4.205000e-05	1.709762e-02	1.129938e+01
4.206000e-05	1.775112e-02	1.144362e+01
4.207000e-05	1.921463e-02	1.153137e+01
4.208000e-05	1.927274e-02	1.167575e+01
4.209000e-05	2.233136e-02	1.176989e+01
4.210000e-05	1.956496e-02	1.185215e+01
4.211000e-05	1.956368e-02	1.193784e+01
4.212000e-05	1.965295e-02	1.200005e+01
4.213000e-05	2.222505e-02	1.205478e+01
4.214000e-05	2.348741e-02	1.209096e+01
4.215000e-05	2.264090e-02	1.225408e+01
4.216000e-05	2.232458e-02	1.229726e+01
4.217000e-05	2.341776e-02	1.238894e+01
4.218000e-05	2.429540e-02	1.240305e+01
4.219000e-05	2.352995e-02	1.246623e+01
4.220000e-05	2.520449e-02	1.249731e+01
4.221000e-05	2.635799e-02	1.254939e+01
4.222000e-05	2.721908e-02	1.257105e+01
4.223000e-05	2.811647e-02	1.260303e+01
4.224000e-05	2.693434e-02	1.261412e+01
4.225000e-05	2.831492e-02	1.265575e+01
4.226000e-05	2.905003e-02	1.264468e+01
4.227000e-05	3.182595e-02	1.268573e+01
4.228000e-05	3.349403e-02	1.266576e+01
4.229000e-05	3.528711e-02	1.268726e+01
4.230000e-05	3.583909e-02	1.268781e+01
4.231000e-05	3.772822e-02	1.265573e+01
4.232000e-05	3.961467e-02	1.267671e+01
4.233000e-05	4.186339e-02	1.264526e+01
4.234000e-05	4.527844e-02	1.263370e+01
4.235000e-05	4.966702e-02	1.259370e+01
4.236000e-05	5.176883e-02	1.259208e+01
4.237000e-05	5.624496e-02	1.255102e+01
4.238000e-05	5.914010e-02	1.252894e+01
4.239000e-05	6.497964e-02	1.245834e+01
4.240000e-05	7.094539e-02	1.245526e+01
4.241000e-05	7.920353e-02	1.243463e+01
4.242000e-05	8.574740e-02	1.235947e+01
4.243000e-05	9.457256e-02	1.227836e+01
4.244000e-05	1.039803e-01	1.222515e+01
4.245000e-05	1.143171e-01	1.213102e+01
4.246000e-05	1.229215e-01	1.206581e+01
4.247000e-05	1.275947e-01	1.199362e+01
4.248000e-05	1.305724e-01	1.188886e+01
4.249000e-05	1.320937e-01	1.183368e+01
4.250000e-05	1.272863e-01	1.174947e+01
4.251000e-05	1.216306e-01	1.165480e+01
4.252000e-05	1.129769e-01	1.155187e+01
4.253000e-05	1.068970e-01	1.140515e+01
4.254000e-05	9.556568e-02	1.125591e+01
4.255000e-05	8.896721e-02	1.119259e+01
4.256000e-05	7.956853e-02	1.106731e+01
4.257000e-05	7.389983e-02	1.096049e+01
4.258000e-05	6.569126e-02	1.085581e+01
4.259000e-05	5.934660e-02	1.073934e+01
4.260000e-05	5.305760e-02	1.056257e+01
4.261000e-05	5.067174e-02	1.043725e+01
4.262000e-05	4.407588e-02	1.031836e+01
4.263000e-05	4.050471e-02	1.019152e+01
4.264000e-05	3.595436e-02	1.001415e+01
4.265000e-05	3.335345e-02	9.897835e+00
4.266000e-05	3.032903e-02	9.667915e+00
4.267000e-05	2.660550e-02	9.538944e+00
4.268000e-05	2.490681e-02	9.403025e+00
4.269000e-05	2.262105e-02	9.246259e+00
4.270000e-05	2.104953e-02	9.087416e+00
4.271000e-05	1.884721e-02	8.860941e+00
4.272000e-05	1.736923e-02	8.719943e+00
4.273000e-05	1.621996e-02	8.562497e+00
4.274000e-05	1.482245e-02	8.392128e+00
4.275000e-05	1.335655e-02	8.216703e+00
4.276000e-05	1.148009e-02	8.035081e+00
4.277000e-05	1.135666e-02	7.796758e+00
4.278000e-05	1.115320e-02	7.655858e+00
4.279000e-05	8.682199e-03	7.435283e+00
4.280000e-05	7.677899e-03	7.213224e+00
4.281000e-05	7.361607e-03	7.036232e+00
4.282000e-05	7.851019e-03	6.854809e+00
4.283000e-05	6.049963e-03	6.596308e+00
4.284000e-05	4.759536e-03	6.403655e+00
4.285000e-05	4.029582e-03	6.224684e+00
4.286000e-05	4.538845e-03	6.035730e+00
4.287000e-05	4.005751e-03	5.835707e+00
4.288000e-05	1.809755e-03	5.582655e+00
4.289000e-05	2.278141e-03	5.362625e+00
4.290000e-05	3.244757e-03	5.119973e+00
4.291000e-05	2.525492e-03	4.866439e+00
4.292000e-05	1.676985e-03	4.625784e+00
4.293000e-05	2.608148e-04	4.426234e+00
4.294000e-05	1.322881e-03	4.225758e+00
4.295000e-05	-2.862559e-06	3.941056e+00
4.296000e-05	-5.298738e-04	3.750948e+00
4.297000e-05	-1.609503e-03	3.552124e+00
4.298000e-05	-5.978863e-04	3.318940e+00
4.299000e-05	-7.189021e-04	3.076361e+00
4.300000e-05	-1.111722e-03	2.875363e+00
4.301000e-05	-2.596916e-03	2.616764e+00
4.302000e-05	-2.005615e-03	2.390528e+00
4.303000e-05	-2.332628e-03	2.139530e+00
4.304000e-05	-3.054074e-03	1.959996e+00
4.305000e-05	-4.594400e-03	1.718887e+00
4.306000e-05	-3.952457e-03	1.435837e+00
4.307000e-05	-3.056458e-03	1.203108e+00
4.308000e-05	-3.423509e-03	9.299498e-01
4.309000e-05	-4.428679e-03	6.853894e-01
4.310000e-05	-4.376888e-03	4.562155e-01
4.311000e-05	-2.824263e-03	2.462677e-01
4.312000e-05	-3.363887e-03	-2.692500e-02
4.313000e-05	1.763468e-03	-2.599941e-01
4.314000e-05	-3.741195e-04	-3.889489e-01
4.315000e-05	-2.306259e-03	-7.021769e-01
4.316000e-05	-4.141635e-03	-8.931544e-01
4.317000e-05	-4.701882e-03	-1.102681e+00
4.318000e-05	-3.801433e-03	-1.302186e+00
4.319000e-05	-2.536547e-03	-1.587890e+00
4.320000e-05	3.114876e-02	-1.786787e+00
4.321000e-05	8.296681e-02	-1.986786e+00
4.322000e-05	-4.740539e-02	-2.300649e+00
4.323000e-05	-4.745725e-02	-2.649422e+00
4.324000e-05	-4.985800e-02	-2.841553e+00
4.325000e-05	-5.421545e-02	-3.103128e+00
4.326000e-05	6.224567e-03	-3.221053e+00
4.327000e-05	1.152430e-01	-3.378839e+00
4.328000e-05	-1.579221e-01	-3.598839e+00
4.329000e-05	1.157090e-01	-3.881578e+00
4.330000e-05	3.308067e-02	-4.041503e+00
4.331000e-05	-9.822895e-02	-4.344630e+00
4.332000e-05	8.072486e-02	-4.442703e+00
4.333000e-05	-1.507715e-01	-4.735137e+00
4.334000e-05	5.331082e-02	-4.988391e+00
4.335000e-05	5.967516e-02	-5.145735e+00
4.336000e-05	-8.011339e-02	-5.510520e+00
4.337000e-05	7.370534e-02	-5.671706e+00
4.338000e-05	-9.026101e-02	-5.892602e+00
4.339000e-05	2.656535e-02	-6.143654e+00
4.340000e-05	9.802799e-03	-6.335130e+00
4.341000e-05	-9.705316e-02	-6.544310e+00
4.342000e-05	9.108511e-02	-6.715286e+00
4.343000e-05	-7.746294e-02	-6.934132e+00
4.344000e-05	7.838591e-02	-7.179367e+00
4.345000e-05	-7.739954e-02	-7.376310e+00
4.346000e-05	-3.512952e-02	-7.576914e+00
4.347000e-05	5.168825e-02	-7.808334e+00
4.348000e-05	-7.233623e-02	-8.040419e+00
4.349000e-05	5.213644e-02	-8.168915e+00
4.350000e-05	-7.827115e-02	-8.376284e+00
4.351000e-05	4.730486e-02	-8.487757e+00
4.352000e-05	-2.683686e-02	-8.745236e+00
4.353000e-05	-3.335855e-02	-8.915682e+00
4.354000e-05	-7.339497e-03	-9.031026e+00
4.355000e-05	-4.062149e-02	-9.200523e+00
4.356000e-05	3.740395e-02	-9.368941e+00
4.357000e-05	-5.690296e-02	-9.557413e+00
4.358000e-05	8.511040e-03	-9.696757e+00
4.359000e-05	-2.915815e-02	-9.853048e+00
4.360000e-05	-5.466146e-04	-9.981945e+00
4.361000e-05	-2.804682e-02	-1.016676e+01
4.362000e-05	-3.402882e-02	-1.035626e+01
4.363000e-05	-4.863619e-03	-1.048313e+01
4.364000e-05	-2.018328e-02	-1.059044e+01
4.365000e-05	-6.258463e-03	-1.068674e+01
4.366000e-05	-3.938172e-02	-1.081210e+01
4.367000e-05	-7.513664e-03	-1.096938e+01
4.368000e-05	-2.459969e-02	-1.112512e+01
4.369000e-05	-1.574625e-02	-1.123312e+01
4.370000e-05	-3.828719e-02	-1.132733e+01
4.371000e-05	-1.688912e-02	-1.144313e+01
4.372000e-05	-1.715417e-02	-1.159841e+01
4.373000e-05	-2.009596e-02	-1.166470e+01
4.374000e-05	-2.890409e-02	-1.178044e+01
4.375000e-05	-3.040650e-02	-1.192570e+01
4.376000e-05	-1.483468e-02	-1.200105e+01
4.377000e-05	-2.967432e-02	-1.208475e+01
4.378000e-05	-2.776215e-02	-1.213839e+01
4.379000e-05	-3.258136e-02	-1.219400e+01
4.380000e-05	-1.811162e-02	-1.227626e+01
4.381000e-05	-2.723695e-02	-1.235939e+01
4.382000e-05	-3.355301e-02	-1.241404e+01
4.383000e-05	-3.386858e-02	-1.247720e+01
4.384000e-05	-2.688291e-02	-1.250836e+01
4.385000e-05	-2.670687e-02	-1.258204e+01
4.386000e-05	-3.521508e-02	-1.261362e+01
4.387000e-05	-3.422428e-02	-1.265510e+01
4.388000e-05	-2.981342e-02	-1.271826e+01
4.389000e-05	-3.186917e-02	-1.275989e+01
4.390000e-05	-3.867455e-02	-1.281144e+01
4.391000e-05	-4.006044e-02	-1.281199e+01
4.392000e-05	-3.292276e-02	-1.284257e+01
4.393000e-05	-3.366390e-02	-1.284351e+01
4.394000e-05	-4.054489e-02	-1.283308e+01
4.395000e-05	-4.388733e-02	-1.285460e+01
4.396000e-05	-4.319313e-02	-1.283253e+01
4.397000e-05	-4.086947e-02	-1.284310e+01
4.398000e-05	-4.920803e-02	-1.284212e+01
4.399000e-05	-5.157435e-02	-1.283355e+01
4.400000e-05	-5.134306e-02	-1.275202e+01
4.401000e-05	-5.170910e-02	-1.280039e+01
4.402000e-05	-5.851937e-02	-1.273978e+01
4.403000e-05	-6.602613e-02	-1.271669e+01
4.404000e-05	-6.545496e-02	-1.264575e+01
4.405000e-05	-6.824310e-02	-1.259415e+01
4.406000e-05	-7.729060e-02	-1.252052e+01
4.407000e-05	-8.734176e-02	-1.246841e+01
4.408000e-05	-9.288537e-02	-1.245370e+01
4.409000e-05	-9.818813e-02	-1.238999e+01
4.410000e-05	-1.113600e-01	-1.234838e+01
4.411000e-05	-1.222282e-01	-1.226615e+01
4.412000e-05	-1.295970e-01	-1.215252e+01
4.413000e-05	-1.320804e-01	-1.208931e+01
4.414000e-05	-1.379814e-01	-1.201618e+01
4.415000e-05	-1.389580e-01	-1.196994e+01
4.416000e-05	-1.350568e-01	-1.187418e+01
4.417000e-05	-1.259328e-01	-1.169194e+01
4.418000e-05	-1.200683e-01	-1.161515e+01
4.419000e-05	-1.144738e-01	-1.151836e+01
4.420000e-05	-1.052762e-01	-1.139100e+01
4.421000e-05	-9.337049e-02	-1.124723e+01
4.422000e-05	-8.801340e-02	-1.109896e+01
4.423000e-05	-8.099903e-02	-1.098202e+01
4.424000e-05	-7.669622e-02	-1.087733e+01
4.425000e-05	-6.461499e-02	-1.078157e+01
4.426000e-05	-6.177138e-02	-1.066578e+01
4.427000e-05	-5.640514e-02	-1.053050e+01
4.428000e-05	-5.254640e-02	-1.040268e+01
4.429000e-05	-4.409344e-02	-1.024718e+01
4.430000e-05	-4.330490e-02	-1.007639e+01
4.431000e-05	-4.208598e-02	-9.949442e+00
4.432000e-05	-4.071779e-02	-9.812599e+00
4.433000e-05	-3.558592e-02	-9.676233e+00
4.434000e-05	-3.233785e-02	-9.488387e+00
4.435000e-05	-3.029892e-02	-9.298965e+00
4.436000e-05	-2.841538e-02	-9.169918e+00
4.437000e-05	-2.515059e-02	-9.003100e+00
4.438000e-05	-2.328382e-02	-8.844179e+00
4.439000e-05	-2.590040e-02	-8.666302e+00
4.440000e-05	-2.364090e-02	-8.456735e+00
4.441000e-05	-2.363248e-02	-8.266262e+00
4.442000e-05	-1.928253e-02	-8.128966e+00
4.443000e-05	-2.056300e-02	-7.941043e+00
4.444000e-05	-1.795872e-02	-7.698891e+00
4.445000e-05	-1.722698e-02	-7.496913e+00
4.446000e-05	-1.461375e-02	-7.309435e+00
4.447000e-05	-1.597368e-02	-7.110416e+00
4.448000e-05	-1.621750e-02	-6.888315e+00
4.449000e-05	-1.572808e-02	-6.718388e+00
4.450000e-05	-1.375097e-02	-6.488915e+00
4.451000e-05	-1.346755e-02	-6.318415e+00
4.452000e-05	-1.436652e-02	-6.105858e+00
4.453000e-05	-1.123929e-02	-5.855290e+00
4.454000e-05	-9.457131e-03	-5.665811e+00
4.455000e-05	-1.147633e-02	-5.467860e+00
4.456000e-05	-1.095270e-02	-5.244575e+00
4.457000e-05	-1.173043e-02	-4.921624e+00
4.458000e-05	-8.338970e-03	-4.697916e+00
4.459000e-05	-1.145409e-02	-4.485789e+00
4.460000e-05	-1.022059e-02	-4.307317e+00
4.461000e-05	-1.004300e-02	-4.097362e+00
4.462000e-05	-5.686519e-03	-3.877837e+00
4.463000e-05	-8.183514e-03	-3.624179e+00
4.464000e-05	-6.788377e-03	-3.403655e+00
4.465000e-05	-9.566964e-03	-3.212679e+00
4.466000e-05	-6.735424e-03	-2.999445e+00
4.467000e-05	-8.058216e-03	-2.717943e+00
4.468000e-05	-7.267496e-03	-2.497339e+00
4.469000e-05	-7.642214e-03	-2.275787e+00
4.470000e-05	-4.787610e-03	-1.991125e+00
4.471000e-05	-4.318824e-03	-1.802080e+00
4.472000e-05	-5.858387e-03	-1.580979e+00
4.473000e-05	-6.232990e-03	-1.244308e+00
4.474000e-05	-5.141963e-03	-9.931564e-01
4.475000e-05	-4.198111e-03	-8.316027e-01
4.476000e-05	-5.815014e-03	-4.918987e-01
4.477000e-05	-4.028366e-03	-3.283409e-01
4.478000e-05	-1.138443e-03	-1.078408e-01
4.479000e-05	6.960002e-03	1.236805e-01
4.480000e-05	-8.308957e-04	3.682911e-01
4.481000e-05	1.331696e-03	5.783461e-01
4.482000e-05	-1.268076e-03	7.873436e-01
4.483000e-05	1.882611e-03	1.057370e+00
4.484000e-05	9.238381e-04	1.250074e+00
4.485000e-05	6.693852e-04	1.512107e+00
4.486000e-05	1.816639e-02	1.738315e+00
4.487000e-05	6.227039e-02	1.966342e+00
4.488000e-05	3.036322e-02	2.209573e+00
4.489000e-05	-5.575987e-02	2.481080e+00
4.490000e-05	-4.460335e-02	2.786889e+00
4.491000e-05	-1.916173e-02	2.957365e+00
4.492000e-05	-3.666648e-02	3.115237e+00
4.493000e-05	-1.208822e-03	3.231604e+00
4.494000e-05	9.131414e-02	3.545185e+00
4.495000e-05	-8.630432e-02	3.726291e+00
4.496000e-05	9.834651e-02	3.903134e+00
4.497000e-05	2.608381e-02	4.205814e+00
4.498000e-05	-6.568954e-02	4.411526e+00
4.499000e-05	4.462437e-02	4.609443e+00
4.500000e-05	-5.377269e-02	4.874548e+00
4.501000e-05	3.639447e-02	5.157242e+00
4.502000e-05	1.975843e-02	5.407394e+00
4.503000e-05	-1.443996e-02	5.569550e+00
4.504000e-05	3.304109e-02	5.860966e+00
4.505000e-05	-1.155622e-02	6.062149e+00
4.506000e-05	-1.458729e-03	6.252552e+00
4.507000e-05	2.019453e-03	6.450995e+00
4.508000e-05	6.502542e-03	6.654670e+00
4.509000e-05	2.834715e-02	6.852651e+00
4.510000e-05	-1.725903e-02	7.074625e+00
4.511000e-05	4.178483e-02	7.252127e+00
4.512000e-05	-2.114306e-02	7.442629e+00
4.513000e-05	6.559773e-03	7.694179e+00
4.514000e-05	1.615130e-02	7.875730e+00
4.515000e-05	-1.898900e-04	8.117313e+00
4.516000e-05	2.843578e-02	8.325261e+00
4.517000e-05	-8.232931e-04	8.453680e+00
4.518000e-05	2.376030e-02	8.610999e+00
4.519000e-05	-6.937282e-03	8.769317e+00
4.520000e-05	1.800801e-02	8.897810e+00
4.521000e-05	2.076075e-03	9.126259e+00
4.522000e-05	1.025979e-02	9.295705e+00
4.523000e-05	1.807347e-02	9.435101e+00
4.524000e-05	1.349631e-02	9.571523e+00
4.525000e-05	1.927707e-02	9.768883e+00
4.526000e-05	1.068986e-02	9.938261e+00
4.527000e-05	1.292004e-02	1.008421e+01
4.528000e-05	8.897269e-03	1.019197e+01
4.529000e-05	1.282831e-02	1.035839e+01
4.530000e-05	1.226438e-02	1.046523e+01
4.531000e-05	1.560139e-02	1.058107e+01
4.532000e-05	2.125049e-02	1.072992e+01
4.533000e-05	2.011914e-02	1.087618e+01
4.534000e-05	1.684296e-02	1.098192e+01
4.535000e-05	1.389099e-02	1.111728e+01
4.536000e-05	1.428235e-02	1.122067e+01
4.537000e-05	1.671578e-02	1.132041e+01
4.538000e-05	1.649705e-02	1.147665e+01
4.539000e-05	1.925252e-02	1.157045e+01
4.540000e-05	2.060552e-02	1.171668e+01
4.541000e-05	2.222622e-02	1.178102e+01
4.542000e-05	2.025314e-02	1.186478e+01
4.543000e-05	1.879757e-02	1.194839e+01
4.544000e-05	2.000783e-02	1.199148e+01
4.545000e-05	2.213669e-02	1.206681e+01
4.546000e-05	2.272123e-02	1.213252e+01
4.547000e-05	2.249407e-02	1.226362e+01
4.548000e-05	2.167591e-02	1.230781e+01
4.549000e-05	2.477668e-02	1.237889e+01
4.550000e-05	2.387943e-02	1.242155e+01
4.551000e-05	2.469867e-02	1.243576e+01
4.552000e-05	2.575371e-02	1.248781e+01
4.553000e-05	2.758328e-02	1.252939e+01
4.554000e-05	2.895940e-02	1.258105e+01
4.555000e-05	2.795492e-02	1.258155e+01
4.556000e-05	2.591400e-02	1.264520e+01
4.557000e-05	2.972673e-02	1.265576e+01
4.558000e-05	3.070014e-02	1.264578e+01
4.559000e-05	3.337774e-02	1.268628e+01
4.560000e-05	3.304211e-02	1.269528e+01
4.561000e-05	3.566200e-02	1.271774e+01
4.562000e-05	3.716504e-02	1.270879e+01
4.563000e-05	3.725389e-02	1.267678e+01
4.564000e-05	3.799043e-02	1.267676e+01
4.565000e-05	4.204560e-02	1.269523e+01
4.566000e-05	4.703838e-02	1.263521e+01
4.567000e-05	5.070172e-02	1.261408e+01
4.568000e-05	5.227147e-02	1.258262e+01
4.569000e-05	5.688492e-02	1.256097e+01
4.570000e-05	6.110132e-02	1.248842e+01
4.571000e-05	6.684161e-02	1.247581e+01
4.572000e-05	7.101761e-02	1.243618e+01
4.573000e-05	7.973893e-02	1.238363e+01
4.574000e-05	8.839165e-02	1.236892e+01
4.575000e-05	9.738651e-02	1.225878e+01
4.576000e-05	1.065437e-01	1.225557e+01
4.577000e-05	1.147394e-01	1.209092e+01
4.578000e-05	1.247876e-01	1.200580e+01
4.579000e-05	1.309160e-01	1.197152e+01
4.580000e-05	1.310877e-01	1.185976e+01
4.581000e-05	1.312545e-01	1.184410e+01
4.582000e-05	1.265087e-01	1.170039e+01
4.583000e-05	1.209559e-01	1.161520e+01
4.584000e-05	1.113391e-01	1.147836e+01
4.585000e-05	1.042467e-01	1.136362e+01
4.586000e-05	9.478586e-02	1.125523e+01
4.587000e-05	8.776703e-02	1.118044e+01
4.588000e-05	7.727576e-02	1.103368e+01
4.589000e-05	7.166720e-02	1.091944e+01
4.590000e-05	6.437821e-02	1.082421e+01
4.591000e-05	5.922913e-02	1.069989e+01
4.592000e-05	5.206775e-02	1.051310e+01
4.593000e-05	4.777147e-02	1.039308e+01
4.594000e-05	4.358298e-02	1.022783e+01
4.595000e-05	4.010499e-02	1.012947e+01
4.596000e-05	3.528189e-02	9.984125e+00
4.597000e-05	3.193059e-02	9.855706e+00
4.598000e-05	2.895543e-02	9.656285e+00
4.599000e-05	2.567517e-02	9.498370e+00
4.600000e-05	2.378497e-02	9.352046e+00
4.601000e-05	2.125673e-02	9.224679e+00
4.602000e-05	2.102379e-02	9.077208e+00
4.603000e-05	1.825592e-02	8.835783e+00
4.604000e-05	1.787892e-02	8.658312e+00
4.605000e-05	1.584979e-02	8.499969e+00
4.606000e-05	1.452904e-02	8.381502e+00
4.607000e-05	1.245741e-02	8.172598e+00
4.608000e-05	1.108214e-02	7.973154e+00
4.609000e-05	1.043096e-02	7.822651e+00
4.610000e-05	9.515915e-03	7.595156e+00
4.611000e-05	9.060092e-03	7.395100e+00
4.612000e-05	7.605470e-03	7.183002e+00
4.613000e-05	7.084961e-03	6.982029e+00
4.614000e-05	5.784029e-03	6.793629e+00
4.615000e-05	6.540228e-03	6.594655e+00
4.616000e-05	5.071850e-03	6.361551e+00
4.617000e-05	4.846122e-03	6.181555e+00
4.618000e-05	3.450787e-03	6.001581e+00
4.619000e-05	3.269047e-03	5.751602e+00
4.620000e-05	2.839985e-03	5.550496e+00
4.621000e-05	3.127848e-03	5.309497e+00
4.622000e-05	2.058704e-03	5.068916e+00
4.623000e-05	1.619637e-03	4.804130e+00
4.624000e-05	1.451350e-03	4.583104e+00
4.625000e-05	1.025918e-03	4.421080e+00
4.626000e-05	1.063276e-03	4.143079e+00
4.627000e-05	-3.827649e-04	3.899392e+00
4.628000e-05	-6.885419e-04	3.708871e+00
4.629000e-05	-1.251561e-03	3.517893e+00
4.630000e-05	-1.226262e-03	3.245266e+00
4.631000e-05	-2.315642e-03	3.005759e+00
4.632000e-05	-1.633925e-03	2.834679e+00
4.633000e-05	-2.277974e-03	2.573206e+00
4.634000e-05	-2.601799e-03	2.338445e+00
4.635000e-05	-3.915353e-03	2.098342e+00
4.636000e-05	-2.766826e-03	1.907944e+00
4.637000e-05	-2.444786e-03	1.654213e+00
4.638000e-05	-3.142151e-03	1.403605e+00
4.639000e-05	-4.252295e-03	1.190600e+00
4.640000e-05	-4.259616e-03	8.558866e-01
4.641000e-05	-4.333090e-03	6.252379e-01
4.642000e-05	-4.059158e-03	4.131339e-01
4.643000e-05	-3.778064e-03	1.610048e-01
4.644000e-05	-4.031629e-03	-7.062645e-02
4.645000e-05	5.362836e-03	-2.716068e-01
4.646000e-05	-2.071448e-03	-4.710553e-01
4.647000e-05	-8.345782e-04	-7.572585e-01
4.648000e-05	-6.361443e-03	-9.636609e-01
4.649000e-05	-2.389216e-03	-1.156215e+00
4.650000e-05	-4.169644e-03	-1.375786e+00
4.651000e-05	-1.016858e-04	-1.630523e+00
4.652000e-05	4.748769e-02	-1.809444e+00
4.653000e-05	6.662892e-02	-2.039349e+00
4.654000e-05	-6.287520e-02	-2.387267e+00
4.655000e-05	-4.317642e-02	-2.691052e+00
4.656000e-05	-5.086345e-02	-2.881157e+00
4.657000e-05	-6.148443e-02	-3.155312e+00
4.658000e-05	6.085605e-02	-3.243602e+00
4.659000e-05	6.174369e-02	-3.419444e+00
4.660000e-05	-1.539480e-01	-3.663628e+00
4.661000e-05	1.720180e-01	-3.895034e+00
4.662000e-05	-4.824448e-02	-4.072129e+00
4.663000e-05	-3.786781e-02	-4.367740e+00
4.664000e-05	4.220394e-02	-4.554658e+00
4.665000e-05	-1.563077e-01	-4.808816e+00
4.666000e-05	1.150482e-01	-5.020396e+00
4.667000e-05	-5.545924e-03	-5.208968e+00
4.668000e-05	-4.177125e-02	-5.546605e+00
4.669000e-05	5.578130e-02	-5.713158e+00
4.670000e-05	-1.024443e-01	-5.965232e+00
4.671000e-05	7.248933e-02	-6.166285e+00
4.672000e-05	-5.426955e-02	-6.388362e+00
4.673000e-05	-4.399866e-02	-6.577894e+00
4.674000e-05	6.670996e-02	-6.757365e+00
4.675000e-05	-6.883668e-02	-7.017965e+00
4.676000e-05	8.705649e-02	-7.211448e+00
4.677000e-05	-1.248588e-01	-7.398416e+00
4.678000e-05	2.871035e-02	-7.651016e+00
4.679000e-05	4.203775e-03	-7.790997e+00
4.680000e-05	-4.132559e-02	-8.053553e+00
4.681000e-05	3.180984e-02	-8.221518e+00
4.682000e-05	-7.489461e-02	-8.357865e+00
4.683000e-05	6.547932e-02	-8.567859e+00
4.684000e-05	-6.117522e-02	-8.788842e+00
4.685000e-05	-4.945018e-03	-8.916411e+00
4.686000e-05	-3.012777e-02	-9.074229e+00
4.687000e-05	-1.175777e-02	-9.213578e+00
4.688000e-05	1.715066e-02	-9.370994e+00
4.689000e-05	-5.527092e-02	-9.571947e+00
4.690000e-05	1.355678e-02	-9.749311e+00
4.691000e-05	-3.607793e-02	-9.896707e+00
4.692000e-05	7.806480e-03	-1.002358e+01
4.693000e-05	-4.388289e-02	-1.019996e+01
4.694000e-05	-1.808195e-02	-1.035039e+01
4.695000e-05	-1.204729e-02	-1.050668e+01
4.696000e-05	-1.314221e-02	-1.064160e+01
4.697000e-05	-1.663909e-02	-1.074883e+01
4.698000e-05	-3.514786e-02	-1.085463e+01
4.699000e-05	-5.936247e-03	-1.099089e+01
4.700000e-05	-2.513395e-02	-1.113629e+01
4.701000e-05	-1.806197e-02	-1.125410e+01
4.702000e-05	-3.968058e-02	-1.136986e+01
4.703000e-05	-9.366250e-03	-1.145415e+01
4.704000e-05	-2.182495e-02	-1.158091e+01
4.705000e-05	-1.937251e-02	-1.169623e+01
4.706000e-05	-3.410386e-02	-1.181207e+01
4.707000e-05	-2.195248e-02	-1.191878e+01
4.708000e-05	-1.871888e-02	-1.201202e+01
4.709000e-05	-3.060808e-02	-1.210633e+01
4.710000e-05	-2.851614e-02	-1.212134e+01
4.711000e-05	-2.902407e-02	-1.224365e+01
4.712000e-05	-1.700980e-02	-1.229626e+01
4.713000e-05	-3.201608e-02	-1.235091e+01
4.714000e-05	-3.240937e-02	-1.244210e+01
4.715000e-05	-3.271760e-02	-1.242483e+01
4.716000e-05	-2.490258e-02	-1.249986e+01
4.717000e-05	-2.962609e-02	-1.259199e+01
4.718000e-05	-3.557580e-02	-1.266412e+01
4.719000e-05	-3.164651e-02	-1.266768e+01
4.720000e-05	-3.001679e-02	-1.272973e+01
4.721000e-05	-3.421280e-02	-1.276092e+01
4.722000e-05	-4.021603e-02	-1.280055e+01
4.723000e-05	-3.859722e-02	-1.280299e+01
4.724000e-05	-3.126201e-02	-1.283248e+01
4.725000e-05	-3.600965e-02	-1.282408e+01
4.726000e-05	-4.256659e-02	-1.285468e+01
4.727000e-05	-4.422155e-02	-1.284418e+01
4.728000e-05	-4.103396e-02	-1.286373e+01
4.729000e-05	-4.353720e-02	-1.282408e+01
4.730000e-05	-5.123451e-02	-1.284463e+01
4.731000e-05	-5.158967e-02	-1.281103e+01
4.732000e-05	-5.004752e-02	-1.279202e+01
4.733000e-05	-5.210774e-02	-1.277986e+01
4.734000e-05	-6.232976e-02	-1.273978e+01
4.735000e-05	-6.708531e-02	-1.264730e+01
4.736000e-05	-6.565630e-02	-1.263609e+01
4.737000e-05	-7.080593e-02	-1.257410e+01
4.738000e-05	-8.047698e-02	-1.250141e+01
4.739000e-05	-8.990884e-02	-1.248033e+01
4.740000e-05	-9.303370e-02	-1.243725e+01
4.741000e-05	-1.011581e-01	-1.236946e+01
4.742000e-05	-1.154045e-01	-1.229881e+01
4.743000e-05	-1.256927e-01	-1.224658e+01
4.744000e-05	-1.298703e-01	-1.216059e+01
4.745000e-05	-1.328024e-01	-1.209778e+01
4.746000e-05	-1.390929e-01	-1.202516e+01
4.747000e-05	-1.397449e-01	-1.198834e+01
4.748000e-05	-1.325431e-01	-1.176652e+01
4.749000e-05	-1.242340e-01	-1.169946e+01
4.750000e-05	-1.195891e-01	-1.162260e+01
4.751000e-05	-1.134098e-01	-1.145778e+01
4.752000e-05	-1.021796e-01	-1.137150e+01
4.753000e-05	-9.159127e-02	-1.123718e+01
4.754000e-05	-8.574140e-02	-1.106784e+01
4.755000e-05	-8.160678e-02	-1.095100e+01
4.756000e-05	-7.229704e-02	-1.083631e+01
4.757000e-05	-6.358231e-02	-1.076047e+01
4.758000e-05	-6.066773e-02	-1.065615e+01
4.759000e-05	-5.708297e-02	-1.050826e+01
4.760000e-05	-5.152722e-02	-1.037247e+01
4.761000e-05	-4.522604e-02	-1.021505e+01
4.762000e-05	-4.265028e-02	-1.005571e+01
4.763000e-05	-4.260837e-02	-9.919365e+00
4.764000e-05	-3.733149e-02	-9.751945e+00
4.765000e-05	-3.225250e-02	-9.644651e+00
4.766000e-05	-2.995605e-02	-9.457707e+00
4.767000e-05	-3.176768e-02	-9.278361e+00
4.768000e-05	-2.906619e-02	-9.099888e+00
4.769000e-05	-2.498627e-02	-8.931468e+00
4.770000e-05	-2.398631e-02	-8.792599e+00
4.771000e-05	-2.524255e-02	-8.614600e+00
4.772000e-05	-2.392883e-02	-8.446155e+00
4.773000e-05	-2.042361e-02	-8.254833e+00
4.774000e-05	-1.849384e-02	-8.088837e+00
4.775000e-05	-2.009367e-02	-7.927887e+00
4.776000e-05	-2.008062e-02	-7.648231e+00
4.777000e-05	-1.606771e-02	-7.446635e+00
4.778000e-05	-1.397151e-02	-7.236337e+00
4.779000e-05	-1.623474e-02	-7.076741e+00
4.780000e-05	-1.686007e-02	-6.856734e+00
4.781000e-05	-1.454049e-02	-6.675684e+00
4.782000e-05	-1.311272e-02	-6.476710e+00
4.783000e-05	-1.308613e-02	-6.248263e+00
4.784000e-05	-1.357266e-02	-6.074759e+00
4.785000e-05	-1.216571e-02	-5.835128e+00
4.786000e-05	-1.074157e-02	-5.614708e+00
4.787000e-05	-1.127823e-02	-5.414107e+00
4.788000e-05	-1.190286e-02	-5.150948e+00
4.789000e-05	-1.076390e-02	-4.908415e+00
4.790000e-05	-9.170223e-03	-4.645304e+00
4.791000e-05	-1.012050e-02	-4.444710e+00
4.792000e-05	-9.416887e-03	-4.266261e+00
4.793000e-05	-9.905810e-03	-4.045208e+00
4.794000e-05	-6.224955e-03	-3.833734e+00
4.795000e-05	-8.976352e-03	-3.581051e+00
4.796000e-05	-8.604865e-03	-3.351498e+00
4.797000e-05	-9.900094e-03	-3.101045e+00
4.798000e-05	-6.182502e-03	-2.887266e+00
4.799000e-05	-7.760030e-03	-2.655288e+00
4.800000e-05	-6.634421e-03	-2.434211e+00
4.801000e-05	-6.301201e-03	-2.202654e+00
4.802000e-05	-3.907669e-03	-1.959523e+00
4.803000e-05	-6.018922e-03	-1.738945e+00
4.804000e-05	-6.410869e-03	-1.468872e+00
4.805000e-05	-6.675354e-03	-1.213154e+00
4.806000e-05	-5.037804e-03	-9.705750e-01
4.807000e-05	-5.249044e-03	-7.594512e-01
4.808000e-05	-4.133340e-03	-4.648656e-01
4.809000e-05	-2.958066e-03	-2.857142e-01
4.810000e-05	4.580218e-04	-5.521179e-02
4.811000e-05	7.397031e-03	2.364211e-01
4.812000e-05	-3.051007e-03	4.199724e-01
4.813000e-05	1.452991e-03	6.199950e-01
4.814000e-05	-3.436645e-03	8.009999e-01
4.815000e-05	2.223007e-03	1.147981e+00
4.816000e-05	1.536980e-03	1.303812e+00
4.817000e-05	3.286232e-03	1.604337e+00
4.818000e-05	2.421233e-02	1.820496e+00
4.819000e-05	7.310233e-02	2.019998e+00
4.820000e-05	-2.492369e-03	2.312604e+00
4.821000e-05	-5.199407e-02	2.555735e+00
4.822000e-05	-4.332294e-02	2.800972e+00
4.823000e-05	-1.246959e-02	2.999924e+00
4.824000e-05	-4.541199e-02	3.146816e+00
4.825000e-05	3.142952e-02	3.263683e+00
4.826000e-05	6.328909e-02	3.578369e+00
4.827000e-05	-8.220979e-02	3.768392e+00
4.828000e-05	1.366520e-01	3.997341e+00
4.829000e-05	-3.058583e-02	4.282577e+00
4.830000e-05	-3.314797e-02	4.433079e+00
4.831000e-05	3.157184e-02	4.692102e+00
4.832000e-05	-5.336973e-02	4.874784e+00
4.833000e-05	5.380761e-02	5.209940e+00
4.834000e-05	2.653072e-04	5.431475e+00
4.835000e-05	-1.786292e-03	5.632602e+00
4.836000e-05	2.916184e-02	5.892652e+00
4.837000e-05	-2.067406e-02	6.103083e+00
4.838000e-05	8.607488e-03	6.273607e+00
4.839000e-05	-5.874928e-03	6.484178e+00
4.840000e-05	2.035641e-02	6.734287e+00
4.841000e-05	1.591446e-02	6.934733e+00
4.842000e-05	-7.348274e-03	7.144809e+00
4.843000e-05	4.048437e-02	7.313756e+00
4.844000e-05	-3.286872e-02	7.556782e+00
4.845000e-05	2.222748e-02	7.727816e+00
4.846000e-05	3.567853e-03	7.976836e+00
4.847000e-05	1.042243e-02	8.190367e+00
4.848000e-05	2.364978e-02	8.347236e+00
4.849000e-05	2.709322e-03	8.505206e+00
4.850000e-05	2.197035e-02	8.661606e+00
4.851000e-05	-8.443971e-03	8.780519e+00
4.852000e-05	2.003265e-02	8.988914e+00
4.853000e-05	-4.407973e-04	9.189446e+00
4.854000e-05	1.407600e-02	9.336760e+00
4.855000e-05	1.646526e-02	9.503758e+00
4.856000e-05	1.310441e-02	9.642623e+00
4.857000e-05	1.869466e-02	9.800994e+00
4.858000e-05	7.750073e-03	9.959472e+00
4.859000e-05	1.490581e-02	1.008628e+01
4.860000e-05	7.233956e-03	1.025263e+01
4.861000e-05	1.624575e-02	1.036991e+01
4.862000e-05	1.214760e-02	1.047778e+01
4.863000e-05	1.767029e-02	1.067420e+01
4.864000e-05	1.979234e-02	1.079247e+01
4.865000e-05	1.775773e-02	1.091681e+01
4.866000e-05	1.576852e-02	1.103205e+01
4.867000e-05	1.329496e-02	1.116736e+01
4.868000e-05	1.717895e-02	1.121415e+01
4.869000e-05	1.650127e-02	1.135096e+01
4.870000e-05	1.937117e-02	1.147427e+01
4.871000e-05	1.775355e-02	1.165200e+01
4.872000e-05	2.177676e-02	1.171678e+01
4.873000e-05	2.028679e-02	1.181305e+01
4.874000e-05	1.944311e-02	1.187626e+01
4.875000e-05	1.810170e-02	1.197842e+01
4.876000e-05	2.064899e-02	1.200460e+01
4.877000e-05	2.397773e-02	1.207791e+01
4.878000e-05	2.296400e-02	1.217202e+01
4.879000e-05	2.363686e-02	1.229565e+01
4.880000e-05	2.109402e-02	1.234889e+01
4.881000e-05	2.506274e-02	1.241192e+01
4.882000e-05	2.212879e-02	1.239368e+01
4.883000e-05	2.442615e-02	1.246771e+01
4.884000e-05	2.536820e-02	1.252794e+01
4.885000e-05	2.746303e-02	1.257849e+01
4.886000e-05	2.912352e-02	1.259202e+01
4.887000e-05	2.677165e-02	1.260312e+01
4.888000e-05	2.800127e-02	1.263412e+01
4.889000e-05	2.899643e-02	1.264568e+01
4.890000e-05	3.203726e-02	1.268568e+01
4.891000e-05	3.247997e-02	1.269723e+01
4.892000e-05	3.297666e-02	1.267728e+01
4.893000e-05	3.491182e-02	1.267629e+01
4.894000e-05	3.641690e-02	1.266786e+01
4.895000e-05	3.770358e-02	1.269673e+01
4.896000e-05	3.988052e-02	1.264576e+01
4.897000e-05	4.425432e-02	1.265666e+01
4.898000e-05	4.850035e-02	1.264415e+01
4.899000e-05	5.103406e-02	1.263308e+01
4.900000e-05	5.257861e-02	1.259255e+01
4.901000e-05	5.764613e-02	1.252944e+01
4.902000e-05	6.151847e-02	1.253934e+01
4.903000e-05	6.801118e-02	1.247676e+01
4.904000e-05	7.305822e-02	1.244223e+01
4.905000e-05	8.186734e-02	1.239110e+01
4.906000e-05	9.084803e-02	1.233834e+01
4.907000e-05	9.813149e-02	1.228668e+01
4.908000e-05	1.090769e-01	1.217359e+01
4.909000e-05	1.143819e-01	1.209052e+01
4.910000e-05	1.283280e-01	1.203570e+01
4.911000e-05	1.296111e-01	1.195996e+01
4.912000e-05	1.353080e-01	1.185691e+01
4.913000e-05	1.282390e-01	1.180302e+01
4.914000e-05	1.266420e-01	1.167936e+01
4.915000e-05	1.147931e-01	1.162315e+01
4.916000e-05	1.083952e-01	1.151786e+01
4.917000e-05	9.842724e-02	1.133154e+01
4.918000e-05	9.577732e-02	1.122323e+01
4.919000e-05	8.621804e-02	1.112987e+01
4.920000e-05	7.891149e-02	1.101416e+01
4.921000e-05	7.097827e-02	1.089892e+01
4.922000e-05	6.179302e-02	1.081365e+01
4.923000e-05	5.744652e-02	1.068728e+01
4.924000e-05	4.751195e-02	1.048049e+01
4.925000e-05	4.690416e-02	1.037058e+01
4.926000e-05	4.080004e-02	1.023473e+01
4.927000e-05	4.161397e-02	1.009894e+01
4.928000e-05	3.429523e-02	9.992996e+00
4.929000e-05	3.329383e-02	9.784100e+00
4.930000e-05	2.798379e-02	9.614731e+00
4.931000e-05	2.713215e-02	9.487305e+00
4.932000e-05	2.206533e-02	9.329440e+00
4.933000e-05	1.998279e-02	9.213601e+00
4.934000e-05	1.859118e-02	9.015182e+00
4.935000e-05	1.870674e-02	8.824232e+00
4.936000e-05	1.764171e-02	8.644282e+00
4.937000e-05	1.603265e-02	8.486836e+00
4.938000e-05	1.492024e-02	8.340444e+00
4.939000e-05	1.319779e-02	8.111516e+00
4.940000e-05	1.245546e-02	7.960921e+00
4.941000e-05	9.611895e-03	7.750447e+00
4.942000e-05	7.967592e-03	7.601024e+00
4.943000e-05	7.390004e-03	7.329570e+00
4.944000e-05	6.941511e-03	7.158417e+00
4.945000e-05	6.850116e-03	6.939974e+00
4.946000e-05	6.189511e-03	6.780602e+00
4.947000e-05	6.405003e-03	6.522045e+00
4.948000e-05	6.603183e-03	6.309895e+00
4.949000e-05	4.127330e-03	6.129444e+00
4.950000e-05	2.967324e-03	5.961950e+00
4.951000e-05	2.678035e-03	5.668521e+00
4.952000e-05	2.309575e-03	5.489444e+00
4.953000e-05	2.660503e-03	5.278413e+00
4.954000e-05	1.369380e-03	5.004762e+00
4.955000e-05	1.364350e-03	4.749996e+00
4.956000e-05	3.320703e-03	4.581000e+00
4.957000e-05	1.547594e-03	4.358495e+00
4.958000e-05	5.579126e-04	4.096894e+00
4.959000e-05	-1.080859e-03	3.876784e+00
4.960000e-05	3.253826e-04	3.665839e+00
4.961000e-05	-6.146891e-04	3.446210e+00
4.962000e-05	-1.327747e-03	3.171626e+00
4.963000e-05	-2.367885e-03	3.001579e+00
4.964000e-05	-1.689425e-03	2.769599e+00
4.965000e-05	-1.467214e-03	2.498946e+00
4.966000e-05	-2.671591e-03	2.286809e+00
4.967000e-05	-2.687122e-03	2.055263e+00
4.968000e-05	-3.432121e-03	1.825812e+00
4.969000e-05	-2.957610e-03	1.583654e+00
4.970000e-05	-4.099116e-03	1.360526e+00
4.971000e-05	-3.613968e-03	1.098892e+00
4.972000e-05	-4.418955e-03	7.922075e-01
4.973000e-05	-4.650707e-03	5.925787e-01
4.974000e-05	-4.111215e-03	3.901036e-01
4.975000e-05	-3.662491e-03	1.208697e-01
4.976000e-05	-3.128135e-03	-1.035357e-01
4.977000e-05	5.057418e-03	-3.727157e-01
4.978000e-05	-4.095343e-03	-4.937094e-01
4.979000e-05	-4.827789e-04	-7.883662e-01
4.980000e-05	-7.124493e-03	-9.888685e-01
4.981000e-05	-1.890753e-03	-1.217920e+00
4.982000e-05	-4.065359e-03	-1.472449e+00
4.983000e-05	4.882929e-03	-1.650627e+00
4.984000e-05	6.273394e-02	-1.841000e+00
4.985000e-05	3.549483e-02	-2.071578e+00
4.986000e-05	-6.495122e-02	-2.460502e+00
4.987000e-05	-4.228853e-02	-2.735686e+00
4.988000e-05	-5.134873e-02	-2.965733e+00
4.989000e-05	-6.249902e-02	-3.190295e+00
4.990000e-05	1.080261e-01	-3.275132e+00
4.991000e-05	-1.252215e-02	-3.472003e+00
4.992000e-05	-9.867568e-02	-3.743208e+00
4.993000e-05	1.761317e-01	-3.996279e+00
4.994000e-05	-1.100444e-01	-4.174266e+00
4.995000e-05	2.688196e-02	-4.388471e+00
4.996000e-05	-2.183674e-02	-4.584311e+00
4.997000e-05	-1.225681e-01	-4.850571e+00
4.998000e-05	1.396713e-01	-5.032524e+00
4.999000e-05	-5.774405e-02	-5.290602e+00
