# 261001_15:55:00.635614
t	CH1	CH2
0.000000e+00	-2.576315e-03	1.902777e-01
1.000000e-08	2.521963e-04	-1.453604e-01
2.000000e-08	2.923275e-03	-3.780145e-01
3.000000e-08	-6.729684e-03	-6.441711e-01
4.000000e-08	-1.716526e-03	-9.358580e-01
5.000000e-08	-2.622614e-03	-1.170562e+00
6.000000e-08	-2.327040e-03	-1.475900e+00
7.000000e-08	1.614522e-04	-1.706934e+00
8.000000e-08	3.115719e-02	-1.948488e+00
9.000000e-08	9.381480e-02	-2.243113e+00
1.000000e-07	-5.991801e-02	-2.580035e+00
1.100000e-07	-4.523045e-02	-2.948556e+00
1.200000e-07	-4.775027e-02	-3.223775e+00
1.300000e-07	-1.628913e-02	-3.515361e+00
1.400000e-07	-8.395813e-02	-3.738540e+00
1.500000e-07	1.165187e-01	-4.010549e+00
1.600000e-07	-3.217748e-02	-4.220590e+00
1.700000e-07	-2.092972e-02	-4.484330e+00
1.800000e-07	1.436435e-01	-4.697857e+00
1.900000e-07	-1.667534e-01	-5.022842e+00
2.000000e-07	7.959508e-02	-5.338982e+00
2.100000e-07	-9.960394e-02	-5.651667e+00
2.200000e-07	1.436622e-02	-5.936885e+00
2.300000e-07	6.280395e-02	-6.126434e+00
2.400000e-07	-9.227955e-02	-6.444745e+00
2.500000e-07	1.140103e-01	-6.686806e+00
2.600000e-07	-8.705691e-02	-6.957986e+00
2.700000e-07	9.772091e-03	-7.254280e+00
2.800000e-07	-2.029902e-02	-7.535906e+00
2.900000e-07	-4.389520e-02	-7.812144e+00
3.000000e-07	8.151808e-02	-8.055328e+00
3.100000e-07	-9.794086e-02	-8.318407e+00
3.200000e-07	8.562966e-02	-8.540464e+00
3.300000e-07	-7.131227e-02	-8.840567e+00
3.400000e-07	1.031997e-02	-9.085751e+00
3.500000e-07	-1.443221e-02	-9.263798e+00
3.600000e-07	-3.095978e-02	-9.497828e+00
3.700000e-07	4.209097e-02	-9.717335e+00
3.800000e-07	-5.710508e-02	-9.928960e+00
3.900000e-07	4.613373e-02	-1.017999e+01
4.000000e-07	-6.532098e-02	-1.042159e+01
4.100000e-07	2.898890e-02	-1.063310e+01
4.200000e-07	-4.630816e-02	-1.081167e+01
4.300000e-07	7.883779e-03	-1.103165e+01
4.400000e-07	-1.716284e-02	-1.124267e+01
4.500000e-07	-2.821450e-03	-1.143465e+01
4.600000e-07	-6.943451e-03	-1.162323e+01
4.700000e-07	-2.235021e-02	-1.188668e+01
4.800000e-07	-4.181883e-03	-1.205460e+01
4.900000e-07	-2.813606e-02	-1.225417e+01
5.000000e-07	4.159455e-03	-1.241310e+01
5.100000e-07	-3.082135e-02	-1.259207e+01
5.200000e-07	5.284487e-03	-1.276247e+01
5.300000e-07	-2.696125e-02	-1.290841e+01
5.400000e-07	3.177225e-03	-1.306676e+01
5.500000e-07	-2.920986e-02	-1.320310e+01
5.600000e-07	-8.498675e-03	-1.338249e+01
5.700000e-07	-1.729272e-02	-1.352826e+01
5.800000e-07	-1.195859e-02	-1.367433e+01
5.900000e-07	-1.857635e-02	-1.379208e+01
6.000000e-07	-2.011386e-02	-1.395843e+01
6.100000e-07	-9.606341e-03	-1.408673e+01
6.200000e-07	-1.834819e-02	-1.422210e+01
6.300000e-07	-1.688410e-02	-1.432129e+01
6.400000e-07	-2.283146e-02	-1.447462e+01
6.500000e-07	-1.238395e-02	-1.452989e+01
6.600000e-07	-1.787038e-02	-1.463410e+01
6.700000e-07	-1.923973e-02	-1.471982e+01
6.800000e-07	-2.176483e-02	-1.478517e+01
6.900000e-07	-1.638249e-02	-1.489638e+01
7.000000e-07	-2.075810e-02	-1.504144e+01
7.100000e-07	-2.219046e-02	-1.507462e+01
7.200000e-07	-2.535968e-02	-1.513879e+01
7.300000e-07	-1.863947e-02	-1.522181e+01
7.400000e-07	-1.996811e-02	-1.524468e+01
7.500000e-07	-2.192894e-02	-1.528673e+01
7.600000e-07	-2.574481e-02	-1.535089e+01
7.700000e-07	-2.336777e-02	-1.538244e+01
7.800000e-07	-2.096218e-02	-1.542300e+01
7.900000e-07	-2.579427e-02	-1.544445e+01
8.000000e-07	-2.681381e-02	-1.544523e+01
8.100000e-07	-2.629326e-02	-1.546521e+01
8.200000e-07	-2.345873e-02	-1.547763e+01
8.300000e-07	-2.752635e-02	-1.551774e+01
8.400000e-07	-3.010958e-02	-1.552634e+01
8.500000e-07	-2.881484e-02	-1.544674e+01
8.600000e-07	-2.629292e-02	-1.544613e+01
8.700000e-07	-2.897503e-02	-1.546561e+01
8.800000e-07	-3.340856e-02	-1.547353e+01
8.900000e-07	-3.340403e-02	-1.542248e+01
9.000000e-07	-3.258934e-02	-1.536247e+01
9.100000e-07	-3.456456e-02	-1.534039e+01
9.200000e-07	-3.755679e-02	-1.529829e+01
9.300000e-07	-3.772002e-02	-1.525608e+01
9.400000e-07	-3.650202e-02	-1.523105e+01
9.500000e-07	-3.996015e-02	-1.512936e+01
9.600000e-07	-4.553612e-02	-1.511606e+01
9.700000e-07	-4.921294e-02	-1.498195e+01
9.800000e-07	-5.171321e-02	-1.495981e+01
9.900000e-07	-5.726656e-02	-1.481456e+01
1.000000e-06	-6.793097e-02	-1.475935e+01
1.010000e-06	-7.540492e-02	-1.465668e+01
1.020000e-06	-8.609769e-02	-1.457935e+01
1.030000e-06	-1.018895e-01	-1.447568e+01
1.040000e-06	-1.245187e-01	-1.436990e+01
1.050000e-06	-1.493873e-01	-1.425310e+01
1.060000e-06	-1.785829e-01	-1.409974e+01
1.070000e-06	-2.136354e-01	-1.398140e+01
1.080000e-06	-2.415996e-01	-1.389453e+01
1.090000e-06	-2.499945e-01	-1.368724e+01
1.100000e-06	-2.500000e-01	-1.359238e+01
1.110000e-06	-2.500000e-01	-1.345301e+01
1.120000e-06	-2.500000e-01	-1.328671e+01
1.130000e-06	-2.500000e-01	-1.313777e+01
1.140000e-06	-2.500000e-01	-1.301990e+01
1.150000e-06	-2.486310e-01	-1.284161e+01
1.160000e-06	-2.317771e-01	-1.268604e+01
1.170000e-06	-1.998169e-01	-1.250719e+01
1.180000e-06	-1.672318e-01	-1.229822e+01
1.190000e-06	-1.389515e-01	-1.213827e+01
1.200000e-06	-1.164151e-01	-1.199927e+01
1.210000e-06	-9.810680e-02	-1.175775e+01
1.220000e-06	-8.007153e-02	-1.150722e+01
1.230000e-06	-6.573594e-02	-1.128572e+01
1.240000e-06	-5.507652e-02	-1.103549e+01
1.250000e-06	-4.790193e-02	-1.088569e+01
1.260000e-06	-4.030256e-02	-1.071614e+01
1.270000e-06	-3.422053e-02	-1.050612e+01
1.280000e-06	-3.055806e-02	-1.030554e+01
1.290000e-06	-2.785327e-02	-1.007446e+01
1.300000e-06	-2.443392e-02	-9.812632e+00
1.310000e-06	-2.112265e-02	-9.612031e+00
1.320000e-06	-1.886628e-02	-9.362454e+00
1.330000e-06	-1.869258e-02	-9.158824e+00
1.340000e-06	-1.696231e-02	-8.899324e+00
1.350000e-06	-1.479562e-02	-8.715215e+00
1.360000e-06	-1.218346e-02	-8.434457e+00
1.370000e-06	-1.442710e-02	-8.200955e+00
1.380000e-06	-1.467717e-02	-7.988877e+00
1.390000e-06	-1.204502e-02	-7.684147e+00
1.400000e-06	-1.019882e-02	-7.431934e+00
1.410000e-06	-1.138591e-02	-7.159382e+00
1.420000e-06	-1.295346e-02	-6.886217e+00
1.430000e-06	-9.299491e-03	-6.651958e+00
1.440000e-06	-8.407323e-03	-6.389928e+00
1.450000e-06	-7.905077e-03	-6.105697e+00
1.460000e-06	-1.085117e-02	-5.822161e+00
1.470000e-06	-9.052534e-03	-5.609303e+00
1.480000e-06	-7.630077e-03	-5.267617e+00
1.490000e-06	-7.867528e-03	-4.979829e+00
1.500000e-06	-9.379749e-03	-4.654086e+00
1.510000e-06	-7.443436e-03	-4.421507e+00
1.520000e-06	-6.579841e-03	-4.169803e+00
1.530000e-06	-6.457944e-03	-3.915071e+00
1.540000e-06	-8.375184e-03	-3.620937e+00
1.550000e-06	-7.835590e-03	-3.367771e+00
1.560000e-06	-5.361197e-03	-3.013590e+00
1.570000e-06	-4.763615e-03	-2.776878e+00
1.580000e-06	-6.525075e-03	-2.495169e+00
1.590000e-06	-6.184608e-03	-2.189905e+00
1.600000e-06	-4.538757e-03	-1.925668e+00
1.610000e-06	-6.843724e-03	-1.642387e+00
1.620000e-06	-7.267235e-03	-1.315099e+00
1.630000e-06	-5.164236e-03	-1.019383e+00
1.640000e-06	-2.459083e-03	-7.370949e-01
1.650000e-06	-3.063594e-03	-4.114817e-01
1.660000e-06	-8.230713e-04	-1.463262e-01
1.670000e-06	8.277879e-03	1.048828e-01
1.680000e-06	2.201356e-03	4.200724e-01
1.690000e-06	7.048797e-04	6.752001e-01
1.700000e-06	-2.076746e-03	9.770058e-01
1.710000e-06	2.201363e-03	1.253199e+00
1.720000e-06	1.821774e-03	1.546984e+00
1.730000e-06	3.545509e-03	1.841675e+00
1.740000e-06	2.115782e-02	2.043750e+00
1.750000e-06	7.801913e-02	2.309408e+00
1.760000e-06	9.601648e-03	2.705354e+00
1.770000e-06	-5.935700e-02	3.010122e+00
1.780000e-06	-4.115540e-02	3.283699e+00
1.790000e-06	-6.099586e-03	3.547382e+00
1.800000e-06	-2.251386e-02	3.769013e+00
1.810000e-06	-5.614295e-02	3.937392e+00
1.820000e-06	7.830508e-02	4.221038e+00
1.830000e-06	1.222191e-02	4.546408e+00
1.840000e-06	1.044349e-02	4.759042e+00
1.850000e-06	7.848192e-02	5.073848e+00
1.860000e-06	-1.029071e-01	5.442744e+00
1.870000e-06	4.981469e-02	5.684199e+00
1.880000e-06	-1.527146e-02	6.009460e+00
1.890000e-06	9.695660e-03	6.201019e+00
1.900000e-06	8.817938e-03	6.512252e+00
1.910000e-06	-2.017297e-02	6.768962e+00
1.920000e-06	7.379684e-02	7.012093e+00
1.930000e-06	-3.734207e-02	7.327829e+00
1.940000e-06	-6.069108e-03	7.581017e+00
1.950000e-06	-1.951272e-02	7.883199e+00
1.960000e-06	4.496811e-02	8.145837e+00
1.970000e-06	1.944634e-02	8.348965e+00
1.980000e-06	-4.004281e-02	8.620564e+00
1.990000e-06	4.198786e-02	8.881519e+00
2.000000e-06	-6.488022e-03	9.054724e+00
2.010000e-06	1.302420e-02	9.296303e+00
2.020000e-06	-1.910395e-02	9.528333e+00
2.030000e-06	1.668963e-02	9.759460e+00
2.040000e-06	2.198847e-02	1.001204e+01
2.050000e-06	6.252954e-03	1.019059e+01
2.060000e-06	6.606224e-03	1.042162e+01
2.070000e-06	-1.295848e-02	1.065315e+01
2.080000e-06	2.752651e-02	1.083363e+01
2.090000e-06	-4.261539e-03	1.105415e+01
2.100000e-06	8.893195e-03	1.123528e+01
2.110000e-06	6.233249e-04	1.149625e+01
2.120000e-06	2.575418e-02	1.168730e+01
2.130000e-06	4.513898e-03	1.188418e+01
2.140000e-06	3.552601e-03	1.211518e+01
2.150000e-06	4.370038e-03	1.226467e+01
2.160000e-06	1.473215e-02	1.244417e+01
2.170000e-06	1.224241e-02	1.258352e+01
2.180000e-06	1.491130e-03	1.272846e+01
2.190000e-06	1.399934e-02	1.294733e+01
2.200000e-06	1.084227e-02	1.308668e+01
2.210000e-06	1.697146e-02	1.323360e+01
2.220000e-06	-1.930834e-03	1.341307e+01
2.230000e-06	1.413083e-02	1.353891e+01
2.240000e-06	1.180473e-02	1.368673e+01
2.250000e-06	1.745461e-02	1.379195e+01
2.260000e-06	4.043289e-03	1.394886e+01
2.270000e-06	1.177623e-02	1.411771e+01
2.280000e-06	1.605551e-02	1.423613e+01
2.290000e-06	1.231889e-02	1.438894e+01
2.300000e-06	8.385893e-03	1.448526e+01
2.310000e-06	1.083750e-02	1.460194e+01
2.320000e-06	2.190893e-02	1.469561e+01
2.330000e-06	1.510966e-02	1.473942e+01
2.340000e-06	1.265786e-02	1.486315e+01
2.350000e-06	1.064702e-02	1.490831e+01
2.360000e-06	1.880074e-02	1.498095e+01
2.370000e-06	1.426306e-02	1.505621e+01
2.380000e-06	1.209126e-02	1.511731e+01
2.390000e-06	1.404651e-02	1.519150e+01
2.400000e-06	2.057868e-02	1.527463e+01
2.410000e-06	2.046200e-02	1.530873e+01
2.420000e-06	1.366131e-02	1.536979e+01
2.430000e-06	1.631984e-02	1.539049e+01
2.440000e-06	1.971850e-02	1.540290e+01
2.450000e-06	2.060679e-02	1.544305e+01
2.460000e-06	1.547987e-02	1.548614e+01
2.470000e-06	1.795593e-02	1.550363e+01
2.480000e-06	2.385040e-02	1.547619e+01
2.490000e-06	2.279424e-02	1.549661e+01
2.500000e-06	1.975370e-02	1.552623e+01
2.510000e-06	2.018882e-02	1.548664e+01
2.520000e-06	2.597800e-02	1.549571e+01
2.530000e-06	2.708315e-02	1.549610e+01
2.540000e-06	2.358351e-02	1.547250e+01
2.550000e-06	2.297578e-02	1.545190e+01
2.560000e-06	2.837589e-02	1.539984e+01
2.570000e-06	3.171524e-02	1.532977e+01
2.580000e-06	2.849834e-02	1.525668e+01
2.590000e-06	2.903973e-02	1.526401e+01
2.600000e-06	3.489321e-02	1.517083e+01
2.610000e-06	3.805131e-02	1.511674e+01
2.620000e-06	3.577655e-02	1.504611e+01
2.630000e-06	3.860144e-02	1.496935e+01
2.640000e-06	4.672629e-02	1.489526e+01
2.650000e-06	5.669444e-02	1.485198e+01
2.660000e-06	6.151560e-02	1.474622e+01
2.670000e-06	7.130902e-02	1.462205e+01
2.680000e-06	8.694739e-02	1.454921e+01
2.690000e-06	1.037399e-01	1.443446e+01
2.700000e-06	1.229717e-01	1.434881e+01
2.710000e-06	1.483452e-01	1.423146e+01
2.720000e-06	1.839283e-01	1.405369e+01
2.730000e-06	2.218184e-01	1.396824e+01
2.740000e-06	2.445950e-01	1.376135e+01
2.750000e-06	2.499972e-01	1.367558e+01
2.760000e-06	2.500000e-01	1.352822e+01
2.770000e-06	2.500000e-01	1.337133e+01
2.780000e-06	2.500000e-01	1.320311e+01
2.790000e-06	2.500000e-01	1.306444e+01
2.800000e-06	2.499850e-01	1.292671e+01
2.810000e-06	2.426414e-01	1.271072e+01
2.820000e-06	2.154132e-01	1.263193e+01
2.830000e-06	1.799754e-01	1.240246e+01
2.840000e-06	1.499262e-01	1.226503e+01
2.850000e-06	1.230011e-01	1.210561e+01
2.860000e-06	1.010880e-01	1.189364e+01
2.870000e-06	8.192200e-02	1.168561e+01
2.880000e-06	6.814877e-02	1.145504e+01
2.890000e-06	5.526106e-02	1.129561e+01
2.900000e-06	4.474288e-02	1.106301e+01
2.910000e-06	3.505754e-02	1.085509e+01
2.920000e-06	2.941601e-02	1.068309e+01
2.930000e-06	2.444121e-02	1.045499e+01
2.940000e-06	2.046293e-02	1.021251e+01
2.950000e-06	1.670744e-02	9.998530e+00
2.960000e-06	1.451798e-02	9.771777e+00
2.970000e-06	1.271427e-02	9.518748e+00
2.980000e-06	9.848129e-03	9.317192e+00
2.990000e-06	8.357392e-03	9.085143e+00
3.000000e-06	6.725922e-03	8.862987e+00
3.010000e-06	5.682899e-03	8.641460e+00
3.020000e-06	4.370636e-03	8.428831e+00
3.030000e-06	4.111082e-03	8.168225e+00
3.040000e-06	3.593410e-03	7.873567e+00
3.050000e-06	3.383935e-03	7.662558e+00
3.060000e-06	1.820728e-03	7.317155e+00
3.070000e-06	1.682325e-03	7.063690e+00
3.080000e-06	1.772550e-03	6.843464e+00
3.090000e-06	1.562445e-03	6.549830e+00
3.100000e-06	-1.314953e-04	6.295670e+00
3.110000e-06	-5.650425e-04	6.084113e+00
3.120000e-06	-2.258016e-04	5.820458e+00
3.130000e-06	-7.680856e-04	5.535626e+00
3.140000e-06	-1.476946e-03	5.200337e+00
3.150000e-06	-1.383870e-03	4.885722e+00
3.160000e-06	-9.740868e-04	4.621354e+00
3.170000e-06	-7.449048e-04	4.386776e+00
3.180000e-06	-2.345267e-03	4.053013e+00
3.190000e-06	-2.618245e-03	3.791304e+00
3.200000e-06	-2.292946e-03	3.534271e+00
3.210000e-06	-3.001811e-03	3.230512e+00
3.220000e-06	-4.618299e-03	2.948727e+00
3.230000e-06	-4.201141e-03	2.674688e+00
3.240000e-06	-3.233818e-03	2.409378e+00
3.250000e-06	-3.938273e-03	2.076166e+00
3.260000e-06	-4.135814e-03	1.850537e+00
3.270000e-06	-3.703905e-03	1.526293e+00
3.280000e-06	-4.751897e-03	1.261036e+00
3.290000e-06	-4.368315e-03	9.150973e-01
3.300000e-06	-5.075796e-03	6.099378e-01
3.310000e-06	-5.015706e-03	3.762500e-01
3.320000e-06	-4.175284e-03	7.093433e-02
3.330000e-06	5.486201e-03	-2.421698e-01
3.340000e-06	-2.565425e-03	-4.638015e-01
3.350000e-06	-1.487862e-03	-7.490183e-01
3.360000e-06	-5.997064e-03	-1.000124e+00
3.370000e-06	-1.413975e-03	-1.286903e+00
3.380000e-06	-4.602520e-03	-1.609626e+00
3.390000e-06	8.584647e-03	-1.822620e+00
3.400000e-06	6.344084e-02	-2.030750e+00
3.410000e-06	4.739596e-02	-2.369482e+00
3.420000e-06	-7.674447e-02	-2.715879e+00
3.430000e-06	-3.611108e-02	-3.125375e+00
3.440000e-06	-3.461202e-02	-3.339016e+00
3.450000e-06	-3.919747e-02	-3.612095e+00
3.460000e-06	-3.927209e-02	-3.885251e+00
3.470000e-06	1.383394e-01	-4.071779e+00
3.480000e-06	-1.411369e-01	-4.286381e+00
3.490000e-06	1.241980e-01	-4.558991e+00
3.500000e-06	-6.853590e-03	-4.834217e+00
3.510000e-06	-9.596435e-02	-5.157539e+00
3.520000e-06	7.167715e-02	-5.455199e+00
3.530000e-06	-1.487832e-01	-5.716483e+00
3.540000e-06	1.215318e-01	-5.993619e+00
3.550000e-06	-5.812545e-02	-6.255247e+00
3.560000e-06	4.269014e-03	-6.570385e+00
3.570000e-06	6.613376e-02	-6.742570e+00
3.580000e-06	-1.011727e-01	-7.115803e+00
3.590000e-06	6.017219e-02	-7.372511e+00
3.600000e-06	-9.473611e-02	-7.602640e+00
3.610000e-06	5.374817e-02	-7.948887e+00
3.620000e-06	-6.266097e-03	-8.120432e+00
3.630000e-06	-3.722655e-02	-8.460668e+00
3.640000e-06	6.572312e-02	-8.655123e+00
3.650000e-06	-9.823600e-02	-8.926807e+00
3.660000e-06	6.080765e-02	-9.158459e+00
3.670000e-06	-7.900297e-02	-9.348486e+00
3.680000e-06	4.272697e-02	-9.593016e+00
3.690000e-06	-2.611924e-02	-9.802569e+00
3.700000e-06	1.402463e-03	-1.005278e+01
3.710000e-06	2.419801e-03	-1.027464e+01
3.720000e-06	-4.100069e-02	-1.050543e+01
3.730000e-06	2.027168e-02	-1.068575e+01
3.740000e-06	-5.129425e-02	-1.089735e+01
3.750000e-06	2.433009e-02	-1.110683e+01
3.760000e-06	-3.879200e-02	-1.130891e+01
3.770000e-06	2.093528e-02	-1.151890e+01
3.780000e-06	-3.243407e-02	-1.173991e+01
3.790000e-06	3.789264e-03	-1.196144e+01
3.800000e-06	-2.915903e-02	-1.210839e+01
3.810000e-06	-4.982055e-03	-1.232731e+01
3.820000e-06	-1.516598e-02	-1.246576e+01
3.830000e-06	-1.433260e-02	-1.271570e+01
3.840000e-06	-7.873943e-03	-1.279362e+01
3.850000e-06	-1.925723e-02	-1.299307e+01
3.860000e-06	-2.624475e-03	-1.313749e+01
3.870000e-06	-2.889060e-02	-1.328673e+01
3.880000e-06	-4.485565e-03	-1.348315e+01
3.890000e-06	-2.571376e-02	-1.360192e+01
3.900000e-06	-4.325231e-03	-1.371839e+01
3.910000e-06	-2.411418e-02	-1.384278e+01
3.920000e-06	-1.157493e-02	-1.403299e+01
3.930000e-06	-1.800727e-02	-1.409786e+01
3.940000e-06	-1.565286e-02	-1.429620e+01
3.950000e-06	-2.141839e-02	-1.440144e+01
3.960000e-06	-1.884671e-02	-1.449778e+01
3.970000e-06	-1.703251e-02	-1.460250e+01
3.980000e-06	-1.740540e-02	-1.468671e+01
3.990000e-06	-1.963586e-02	-1.475204e+01
4.000000e-06	-1.875487e-02	-1.488867e+01
4.010000e-06	-1.913740e-02	-1.494994e+01
4.020000e-06	-2.107077e-02	-1.504145e+01
4.030000e-06	-2.149416e-02	-1.508666e+01
4.040000e-06	-2.397135e-02	-1.518027e+01
4.050000e-06	-2.027022e-02	-1.522352e+01
4.060000e-06	-2.313921e-02	-1.529560e+01
4.070000e-06	-2.136215e-02	-1.529833e+01
4.080000e-06	-2.519184e-02	-1.537042e+01
4.090000e-06	-2.254825e-02	-1.540192e+01
4.100000e-06	-2.322274e-02	-1.542353e+01
4.110000e-06	-2.390963e-02	-1.546461e+01
4.120000e-06	-2.670336e-02	-1.548518e+01
4.130000e-06	-2.677007e-02	-1.547523e+01
4.140000e-06	-2.624499e-02	-1.549776e+01
4.150000e-06	-2.713818e-02	-1.548733e+01
4.160000e-06	-2.931380e-02	-1.546718e+01
4.170000e-06	-2.950851e-02	-1.549629e+01
4.180000e-06	-2.745525e-02	-1.548563e+01
4.190000e-06	-2.906884e-02	-1.543466e+01
4.200000e-06	-3.209177e-02	-1.543353e+01
4.210000e-06	-3.402382e-02	-1.539198e+01
4.220000e-06	-3.441682e-02	-1.534040e+01
4.230000e-06	-3.548059e-02	-1.533932e+01
4.240000e-06	-3.720687e-02	-1.528511e+01
4.250000e-06	-3.817450e-02	-1.523443e+01
4.260000e-06	-3.872012e-02	-1.520142e+01
4.270000e-06	-4.065756e-02	-1.513864e+01
4.280000e-06	-4.583746e-02	-1.505251e+01
4.290000e-06	-5.002409e-02	-1.496087e+01
4.300000e-06	-5.444061e-02	-1.488726e+01
4.310000e-06	-6.033556e-02	-1.483253e+01
4.320000e-06	-6.895337e-02	-1.470877e+01
4.330000e-06	-7.992997e-02	-1.467250e+01
4.340000e-06	-9.298572e-02	-1.454029e+01
4.350000e-06	-1.098428e-01	-1.445403e+01
4.360000e-06	-1.331289e-01	-1.434764e+01
4.370000e-06	-1.598403e-01	-1.418233e+01
4.380000e-06	-1.927177e-01	-1.407869e+01
4.390000e-06	-2.285493e-01	-1.394772e+01
4.400000e-06	-2.463285e-01	-1.381148e+01
4.410000e-06	-2.499993e-01	-1.365711e+01
4.420000e-06	-2.500000e-01	-1.356874e+01
4.430000e-06	-2.500000e-01	-1.340040e+01
4.440000e-06	-2.500000e-01	-1.321295e+01
4.450000e-06	-2.500000e-01	-1.305509e+01
4.460000e-06	-2.500000e-01	-1.290825e+01
4.470000e-06	-2.433377e-01	-1.276940e+01
4.480000e-06	-2.196508e-01	-1.259050e+01
4.490000e-06	-1.848945e-01	-1.243446e+01
4.500000e-06	-1.558020e-01	-1.226453e+01
4.510000e-06	-1.295495e-01	-1.207519e+01
4.520000e-06	-1.085074e-01	-1.190604e+01
4.530000e-06	-9.070847e-02	-1.169609e+01
4.540000e-06	-7.491771e-02	-1.142398e+01
4.550000e-06	-6.270101e-02	-1.125348e+01
4.560000e-06	-5.226832e-02	-1.099340e+01
4.570000e-06	-4.373558e-02	-1.080050e+01
4.580000e-06	-3.811306e-02	-1.063203e+01
4.590000e-06	-3.164823e-02	-1.043198e+01
4.600000e-06	-2.804630e-02	-1.016037e+01
4.610000e-06	-2.650872e-02	-9.959351e+00
4.620000e-06	-2.379898e-02	-9.769299e+00
4.630000e-06	-2.127692e-02	-9.536674e+00
4.640000e-06	-1.839517e-02	-9.255596e+00
4.650000e-06	-1.683026e-02	-9.052639e+00
4.660000e-06	-1.767638e-02	-8.853088e+00
4.670000e-06	-1.568914e-02	-8.600405e+00
4.680000e-06	-1.138811e-02	-8.356820e+00
4.690000e-06	-1.182846e-02	-8.106149e+00
4.700000e-06	-1.488987e-02	-7.895162e+00
4.710000e-06	-1.296423e-02	-7.578804e+00
4.720000e-06	-9.451529e-03	-7.306716e+00
4.730000e-06	-9.392562e-03	-7.053461e+00
4.740000e-06	-1.334768e-02	-6.781385e+00
4.750000e-06	-1.244224e-02	-6.528225e+00
4.760000e-06	-7.261614e-03	-6.303695e+00
4.770000e-06	-7.237772e-03	-6.020884e+00
4.780000e-06	-1.138779e-02	-5.757696e+00
4.790000e-06	-8.544436e-03	-5.453569e+00
4.800000e-06	-7.297508e-03	-5.198803e+00
4.810000e-06	-6.138656e-03	-4.874486e+00
4.820000e-06	-1.021703e-02	-4.587324e+00
4.830000e-06	-7.680863e-03	-4.326696e+00
4.840000e-06	-7.236794e-03	-4.082989e+00
4.850000e-06	-6.212650e-03	-3.777980e+00
4.860000e-06	-1.054548e-02	-3.504146e+00
4.870000e-06	-8.003621e-03	-3.242538e+00
4.880000e-06	-5.606634e-03	-2.895649e+00
4.890000e-06	-3.607160e-03	-2.623037e+00
4.900000e-06	-6.288723e-03	-2.399282e+00
4.910000e-06	-5.613465e-03	-2.094143e+00
4.920000e-06	-3.945372e-03	-1.830383e+00
4.930000e-06	-4.334512e-03	-1.575322e+00
4.940000e-06	-7.619744e-03	-1.198796e+00
4.950000e-06	-6.634087e-03	-9.160970e-01
4.960000e-06	-3.080675e-03	-5.998327e-01
4.970000e-06	-2.375238e-03	-2.962460e-01
4.980000e-06	5.307568e-04	-3.348815e-02
4.990000e-06	8.906455e-03	2.521962e-01
5.000000e-06	2.902073e-04	5.262832e-01
5.010000e-06	3.996760e-03	7.404882e-01
5.020000e-06	-2.021615e-03	1.043219e+00
5.030000e-06	1.550080e-03	1.339439e+00
5.040000e-06	-8.208918e-04	1.683896e+00
5.050000e-06	1.175282e-02	1.937334e+00
5.060000e-06	3.472072e-02	2.117889e+00
5.070000e-06	8.022859e-02	2.444271e+00
5.080000e-06	-4.464125e-02	2.861219e+00
5.090000e-06	-4.664718e-02	3.106352e+00
5.100000e-06	-3.438441e-02	3.361066e+00
5.110000e-06	5.997094e-03	3.621150e+00
5.120000e-06	-4.974353e-02	3.862728e+00
5.130000e-06	-2.047470e-02	4.034673e+00
5.140000e-06	1.089431e-01	4.348885e+00
5.150000e-06	-6.082014e-02	4.643197e+00
5.160000e-06	1.054706e-01	4.864879e+00
5.170000e-06	-3.023412e-02	5.253720e+00
5.180000e-06	-4.848970e-02	5.506308e+00
5.190000e-06	5.152378e-02	5.809140e+00
5.200000e-06	-3.940401e-02	6.084730e+00
5.210000e-06	4.266713e-02	6.287885e+00
5.220000e-06	-3.592260e-02	6.602612e+00
5.230000e-06	3.466787e-02	6.873752e+00
5.240000e-06	3.335156e-02	7.087887e+00
5.250000e-06	-3.697782e-02	7.413145e+00
5.260000e-06	-4.407851e-03	7.717804e+00
5.270000e-06	-6.124060e-03	7.949482e+00
5.280000e-06	5.561038e-02	8.255094e+00
5.290000e-06	-1.932118e-02	8.453223e+00
5.300000e-06	-1.126730e-02	8.665204e+00
5.310000e-06	3.820148e-02	8.896355e+00
5.320000e-06	-1.496733e-02	9.157911e+00
5.330000e-06	1.480871e-02	9.381041e+00
5.340000e-06	-2.418668e-02	9.630595e+00
5.350000e-06	3.389088e-02	9.834173e+00
5.360000e-06	6.941745e-03	1.012420e+01
5.370000e-06	1.179147e-02	1.027680e+01
5.380000e-06	-4.379531e-03	1.055688e+01
5.390000e-06	2.643895e-04	1.074786e+01
5.400000e-06	2.500269e-02	1.091583e+01
5.410000e-06	-9.320124e-03	1.113741e+01
5.420000e-06	1.382625e-02	1.131836e+01
5.430000e-06	3.327450e-03	1.158089e+01
5.440000e-06	2.662674e-02	1.177039e+01
5.450000e-06	-2.879681e-03	1.194942e+01
5.460000e-06	5.070271e-03	1.215846e+01
5.470000e-06	6.286767e-03	1.232979e+01
5.480000e-06	1.403638e-02	1.247576e+01
5.490000e-06	9.755064e-03	1.266418e+01
5.500000e-06	4.113019e-03	1.284320e+01
5.510000e-06	1.743677e-02	1.300299e+01
5.520000e-06	1.288867e-02	1.313036e+01
5.530000e-06	1.160369e-02	1.330781e+01
5.540000e-06	8.208497e-04	1.344465e+01
5.550000e-06	1.222059e-02	1.357052e+01
5.560000e-06	1.408139e-02	1.371886e+01
5.570000e-06	1.099123e-02	1.387575e+01
5.580000e-06	7.721853e-03	1.401310e+01
5.590000e-06	1.404264e-02	1.414094e+01
5.600000e-06	2.081078e-02	1.429723e+01
5.610000e-06	9.895917e-03	1.440152e+01
5.620000e-06	7.877621e-03	1.451776e+01
5.630000e-06	1.292571e-02	1.460250e+01
5.640000e-06	1.972626e-02	1.468839e+01
5.650000e-06	1.203854e-02	1.479145e+01
5.660000e-06	8.881214e-03	1.486521e+01
5.670000e-06	1.660021e-02	1.494779e+01
5.680000e-06	1.846068e-02	1.501355e+01
5.690000e-06	1.604720e-02	1.511518e+01
5.700000e-06	1.027958e-02	1.513879e+01
5.710000e-06	1.776181e-02	1.519300e+01
5.720000e-06	2.043196e-02	1.528520e+01
5.730000e-06	1.727582e-02	1.531771e+01
5.740000e-06	1.240910e-02	1.535034e+01
5.750000e-06	1.696264e-02	1.538142e+01
5.760000e-06	2.244357e-02	1.542355e+01
5.770000e-06	1.896283e-02	1.545355e+01
5.780000e-06	1.736420e-02	1.552358e+01
5.790000e-06	1.821174e-02	1.547563e+01
5.800000e-06	2.513217e-02	1.552658e+01
5.810000e-06	2.123606e-02	1.552566e+01
5.820000e-06	1.922769e-02	1.549721e+01
5.830000e-06	2.002591e-02	1.549511e+01
5.840000e-06	2.609167e-02	1.545418e+01
5.850000e-06	2.685180e-02	1.546453e+01
5.860000e-06	2.259006e-02	1.547253e+01
5.870000e-06	2.595796e-02	1.541240e+01
5.880000e-06	2.791219e-02	1.537079e+01
5.890000e-06	3.147417e-02	1.528771e+01
5.900000e-06	2.709010e-02	1.525708e+01
5.910000e-06	3.112033e-02	1.520292e+01
5.920000e-06	3.536119e-02	1.511942e+01
5.930000e-06	3.788562e-02	1.503666e+01
5.940000e-06	3.790723e-02	1.503293e+01
5.950000e-06	4.161119e-02	1.492972e+01
5.960000e-06	4.985975e-02	1.486368e+01
5.970000e-06	5.719843e-02	1.477082e+01
5.980000e-06	6.280948e-02	1.466466e+01
5.990000e-06	7.573818e-02	1.463095e+01
6.000000e-06	9.326577e-02	1.453716e+01
6.010000e-06	1.121918e-01	1.438188e+01
6.020000e-06	1.317714e-01	1.430716e+01
6.030000e-06	1.627210e-01	1.416834e+01
6.040000e-06	1.983326e-01	1.401253e+01
6.050000e-06	2.348801e-01	1.391664e+01
6.060000e-06	2.478299e-01	1.375982e+01
6.070000e-06	2.499999e-01	1.359248e+01
6.080000e-06	2.500000e-01	1.346506e+01
6.090000e-06	2.500000e-01	1.330817e+01
6.100000e-06	2.500000e-01	1.314935e+01
6.110000e-06	2.500000e-01	1.301136e+01
6.120000e-06	2.496538e-01	1.285506e+01
6.130000e-06	2.349808e-01	1.268469e+01
6.140000e-06	2.015097e-01	1.251922e+01
6.150000e-06	1.661260e-01	1.238837e+01
6.160000e-06	1.387300e-01	1.217985e+01
6.170000e-06	1.138728e-01	1.201095e+01
6.180000e-06	9.337858e-02	1.181245e+01
6.190000e-06	7.524469e-02	1.161088e+01
6.200000e-06	6.387006e-02	1.141186e+01
6.210000e-06	5.092191e-02	1.116237e+01
6.220000e-06	4.211611e-02	1.096943e+01
6.230000e-06	3.281787e-02	1.075728e+01
6.240000e-06	2.934579e-02	1.057983e+01
6.250000e-06	2.242449e-02	1.030870e+01
6.260000e-06	1.763984e-02	1.013880e+01
6.270000e-06	1.547725e-02	9.946117e+00
6.280000e-06	1.494079e-02	9.654137e+00
6.290000e-06	1.154438e-02	9.433086e+00
6.300000e-06	9.244502e-03	9.252033e+00
6.310000e-06	8.499850e-03	8.971850e+00
6.320000e-06	7.426597e-03	8.747198e+00
6.330000e-06	5.278351e-03	8.526222e+00
6.340000e-06	3.097898e-03	8.324692e+00
6.350000e-06	3.085514e-03	8.023488e+00
6.360000e-06	4.025813e-03	7.780306e+00
6.370000e-06	1.602967e-03	7.566722e+00
6.380000e-06	1.110704e-03	7.242941e+00
6.390000e-06	1.135762e-03	6.990378e+00
6.400000e-06	3.196526e-03	6.747747e+00
6.410000e-06	2.510744e-03	6.454038e+00
6.420000e-06	-3.554855e-04	6.211387e+00
6.430000e-06	6.539659e-04	5.968828e+00
6.440000e-06	-2.239422e-04	5.686541e+00
6.450000e-06	-1.543412e-03	5.410482e+00
6.460000e-06	-3.837182e-03	5.115593e+00
6.470000e-06	-2.190901e-03	4.808831e+00
6.480000e-06	-3.767611e-04	4.506066e+00
6.490000e-06	-8.199325e-04	4.212961e+00
6.500000e-06	-1.506092e-03	3.996776e+00
6.510000e-06	-2.269159e-03	3.684615e+00
6.520000e-06	-1.346779e-03	3.380385e+00
6.530000e-06	-4.151636e-03	3.105641e+00
6.540000e-06	-6.100246e-03	2.853038e+00
6.550000e-06	-5.921634e-03	2.528254e+00
6.560000e-06	-3.638827e-03	2.272564e+00
6.570000e-06	-4.405272e-03	2.010404e+00
6.580000e-06	-4.916612e-03	1.704176e+00
6.590000e-06	-4.378462e-03	1.440433e+00
6.600000e-06	-3.233293e-03	1.126146e+00
6.610000e-06	-3.546853e-03	7.573804e-01
6.620000e-06	-6.146242e-03	4.856932e-01
6.630000e-06	-5.031420e-03	2.309655e-01
6.640000e-06	-1.344922e-03	-7.272896e-02
6.650000e-06	6.275231e-03	-3.358566e-01
6.660000e-06	-6.623065e-03	-5.791409e-01
6.670000e-06	-1.838434e-03	-8.532015e-01
6.680000e-06	-5.358205e-03	-1.118506e+00
6.690000e-06	1.958599e-04	-1.432166e+00
6.700000e-06	-4.760795e-03	-1.683282e+00
6.710000e-06	2.096663e-02	-1.916907e+00
6.720000e-06	9.744671e-02	-2.136984e+00
6.730000e-06	-2.580565e-02	-2.493880e+00
6.740000e-06	-5.874121e-02	-2.862325e+00
6.750000e-06	-4.737501e-02	-3.231150e+00
6.760000e-06	-1.974085e-02	-3.443702e+00
6.770000e-06	-7.520209e-02	-3.756405e+00
6.780000e-06	6.544040e-02	-3.970915e+00
6.790000e-06	4.519461e-02	-4.128886e+00
6.800000e-06	-1.011643e-01	-4.449195e+00
6.810000e-06	1.873273e-01	-4.684329e+00
6.820000e-06	-1.446549e-01	-4.997556e+00
6.830000e-06	3.616250e-02	-5.305880e+00
6.840000e-06	-3.813588e-02	-5.570437e+00
6.850000e-06	-5.835494e-02	-5.864228e+00
6.860000e-06	1.123151e-01	-6.105353e+00
6.870000e-06	-1.113058e-01	-6.390561e+00
6.880000e-06	9.648961e-02	-6.645727e+00
6.890000e-06	-3.879767e-02	-6.895280e+00
6.900000e-06	-3.411250e-02	-7.222098e+00
6.910000e-06	2.402564e-02	-7.446326e+00
6.920000e-06	-8.506111e-02	-7.779033e+00
6.930000e-06	9.941157e-02	-8.042701e+00
6.940000e-06	-8.884524e-02	-8.235225e+00
6.950000e-06	5.439224e-02	-8.528356e+00
6.960000e-06	-2.504806e-02	-8.720384e+00
6.970000e-06	-3.532482e-02	-9.032643e+00
6.980000e-06	2.802597e-02	-9.191644e+00
6.990000e-06	-6.883860e-02	-9.475675e+00
7.000000e-06	6.240383e-02	-9.666283e+00
7.010000e-06	-6.392092e-02	-9.906803e+00
7.020000e-06	4.915050e-02	-1.009788e+01
7.030000e-06	-5.299821e-02	-1.034144e+01
7.040000e-06	1.063463e-02	-1.059052e+01
7.050000e-06	-2.604366e-02	-1.071996e+01
7.060000e-06	-1.350568e-02	-1.099854e+01
7.070000e-06	-6.843993e-04	-1.117052e+01
7.080000e-06	-2.225513e-02	-1.141207e+01
7.090000e-06	1.110607e-02	-1.160357e+01
7.100000e-06	-3.130191e-02	-1.186162e+01
7.110000e-06	6.158037e-03	-1.205452e+01
7.120000e-06	-3.780917e-02	-1.219207e+01
7.130000e-06	7.569309e-03	-1.237249e+01
7.140000e-06	-3.087059e-02	-1.259951e+01
7.150000e-06	2.225912e-03	-1.277031e+01
7.160000e-06	-2.526851e-02	-1.288630e+01
7.170000e-06	-2.525935e-03	-1.307568e+01
7.180000e-06	-1.852044e-02	-1.320159e+01
7.190000e-06	-1.619802e-02	-1.337951e+01
7.200000e-06	-1.430606e-02	-1.352728e+01
7.210000e-06	-2.015993e-02	-1.361563e+01
7.220000e-06	-8.615431e-03	-1.380157e+01
7.230000e-06	-2.308449e-02	-1.389886e+01
7.240000e-06	-9.141694e-03	-1.402523e+01
7.250000e-06	-2.104839e-02	-1.420104e+01
7.260000e-06	-1.412950e-02	-1.431776e+01
7.270000e-06	-2.313305e-02	-1.444302e+01
7.280000e-06	-1.660348e-02	-1.455734e+01
7.290000e-06	-1.908186e-02	-1.466505e+01
7.300000e-06	-1.650704e-02	-1.469721e+01
7.310000e-06	-2.044460e-02	-1.482252e+01
7.320000e-06	-1.819028e-02	-1.490725e+01
7.330000e-06	-2.228712e-02	-1.501199e+01
7.340000e-06	-2.057718e-02	-1.504260e+01
7.350000e-06	-2.371398e-02	-1.511776e+01
7.360000e-06	-2.052885e-02	-1.519134e+01
7.370000e-06	-2.205126e-02	-1.527498e+01
7.380000e-06	-2.194517e-02	-1.529820e+01
7.390000e-06	-2.250129e-02	-1.532886e+01
7.400000e-06	-2.423506e-02	-1.535195e+01
7.410000e-06	-2.274985e-02	-1.538403e+01
7.420000e-06	-2.490497e-02	-1.544355e+01
7.430000e-06	-2.354953e-02	-1.547423e+01
7.440000e-06	-2.548646e-02	-1.550726e+01
7.450000e-06	-2.595515e-02	-1.547728e+01
7.460000e-06	-2.803512e-02	-1.553719e+01
7.470000e-06	-2.815991e-02	-1.548679e+01
7.480000e-06	-2.888471e-02	-1.549579e+01
7.490000e-06	-2.849464e-02	-1.548768e+01
7.500000e-06	-2.921612e-02	-1.549615e+01
7.510000e-06	-2.964818e-02	-1.544408e+01
7.520000e-06	-3.213005e-02	-1.542298e+01
7.530000e-06	-3.279790e-02	-1.538242e+01
7.540000e-06	-3.537707e-02	-1.533987e+01
7.550000e-06	-3.519140e-02	-1.531579e+01
7.560000e-06	-3.719945e-02	-1.525565e+01
7.570000e-06	-3.836210e-02	-1.518395e+01
7.580000e-06	-4.085564e-02	-1.520034e+01
7.590000e-06	-4.410157e-02	-1.511716e+01
7.600000e-06	-4.676622e-02	-1.503248e+01
7.610000e-06	-5.127789e-02	-1.494929e+01
7.620000e-06	-5.676237e-02	-1.488563e+01
7.630000e-06	-6.349050e-02	-1.478190e+01
7.640000e-06	-7.179161e-02	-1.467523e+01
7.650000e-06	-8.377937e-02	-1.459337e+01
7.660000e-06	-1.003463e-01	-1.449776e+01
7.670000e-06	-1.208531e-01	-1.440144e+01
7.680000e-06	-1.427991e-01	-1.429451e+01
7.690000e-06	-1.715577e-01	-1.412877e+01
7.700000e-06	-2.079902e-01	-1.402388e+01
7.710000e-06	-2.381808e-01	-1.388664e+01
7.720000e-06	-2.485889e-01	-1.376932e+01
7.730000e-06	-2.500000e-01	-1.358145e+01
7.740000e-06	-2.500000e-01	-1.349554e+01
7.750000e-06	-2.500000e-01	-1.332974e+01
7.760000e-06	-2.500000e-01	-1.315990e+01
7.770000e-06	-2.500000e-01	-1.302148e+01
7.780000e-06	-2.498490e-01	-1.285461e+01
7.790000e-06	-2.370568e-01	-1.270671e+01
7.800000e-06	-2.066387e-01	-1.251732e+01
7.810000e-06	-1.725775e-01	-1.235937e+01
7.820000e-06	-1.450807e-01	-1.218933e+01
7.830000e-06	-1.203921e-01	-1.202045e+01
7.840000e-06	-1.005092e-01	-1.178288e+01
7.850000e-06	-8.181779e-02	-1.157337e+01
7.860000e-06	-6.960733e-02	-1.133675e+01
7.870000e-06	-5.918490e-02	-1.112875e+01
7.880000e-06	-5.117164e-02	-1.091917e+01
7.890000e-06	-4.231195e-02	-1.073880e+01
7.900000e-06	-3.518040e-02	-1.058980e+01
7.910000e-06	-3.139425e-02	-1.033772e+01
7.920000e-06	-2.774918e-02	-1.011609e+01
7.930000e-06	-2.424878e-02	-9.854586e+00
7.940000e-06	-2.068307e-02	-9.655063e+00
7.950000e-06	-2.133996e-02	-9.383057e+00
7.960000e-06	-1.938815e-02	-9.232958e+00
7.970000e-06	-1.714614e-02	-8.990830e+00
7.980000e-06	-1.454510e-02	-8.757323e+00
7.990000e-06	-1.397072e-02	-8.486119e+00
8.000000e-06	-1.377692e-02	-8.262533e+00
8.010000e-06	-1.262161e-02	-8.050410e+00
8.020000e-06	-1.092937e-02	-7.767778e+00
8.030000e-06	-1.196849e-02	-7.456462e+00
8.040000e-06	-1.140071e-02	-7.231482e+00
8.050000e-06	-1.164713e-02	-6.928225e+00
8.060000e-06	-8.767856e-03	-6.694543e+00
8.070000e-06	-1.139928e-02	-6.454006e+00
8.080000e-06	-9.955154e-03	-6.161329e+00
8.090000e-06	-1.069169e-02	-5.914195e+00
8.100000e-06	-7.027744e-03	-5.624011e+00
8.110000e-06	-7.744711e-03	-5.328225e+00
8.120000e-06	-8.864578e-03	-5.062412e+00
8.130000e-06	-8.794359e-03	-4.708122e+00
8.140000e-06	-5.929047e-03	-4.464018e+00
8.150000e-06	-6.754537e-03	-4.240513e+00
8.160000e-06	-7.694735e-03	-3.968854e+00
8.170000e-06	-7.561383e-03	-3.672538e+00
8.180000e-06	-7.509140e-03	-3.440982e+00
8.190000e-06	-6.243925e-03	-3.155747e+00
8.200000e-06	-7.188132e-03	-2.831960e+00
8.210000e-06	-4.868639e-03	-2.537226e+00
8.220000e-06	-3.571555e-03	-2.274569e+00
8.230000e-06	-3.500282e-03	-1.968351e+00
8.240000e-06	-5.383865e-03	-1.675592e+00
8.250000e-06	-6.093187e-03	-1.328409e+00
8.260000e-06	-5.591786e-03	-1.054091e+00
8.270000e-06	-4.323088e-03	-7.889303e-01
8.280000e-06	-3.875416e-03	-5.046670e-01
8.290000e-06	-2.750841e-03	-2.394339e-01
8.300000e-06	4.960163e-03	4.372625e-02
8.310000e-06	6.305630e-03	3.189370e-01
8.320000e-06	6.151998e-04	5.901173e-01
8.330000e-06	4.731752e-04	8.533266e-01
8.340000e-06	2.466999e-04	1.180987e+00
8.350000e-06	2.824590e-03	1.504245e+00
8.360000e-06	6.614697e-04	1.759966e+00
8.370000e-06	1.596593e-02	1.951519e+00
8.380000e-06	6.262847e-02	2.203775e+00
8.390000e-06	4.331442e-02	2.631615e+00
8.400000e-06	-6.194641e-02	2.946459e+00
8.410000e-06	-4.231476e-02	3.201144e+00
8.420000e-06	-1.720885e-02	3.494302e+00
8.430000e-06	-4.922774e-03	3.736859e+00
8.440000e-06	-5.972287e-02	3.917387e+00
8.450000e-06	4.262412e-02	4.187961e+00
8.460000e-06	5.983165e-02	4.485302e+00
8.470000e-06	-3.913227e-02	4.746334e+00
8.480000e-06	1.164292e-01	5.020040e+00
8.490000e-06	-1.018669e-01	5.348616e+00
8.500000e-06	2.401925e-02	5.591695e+00
8.510000e-06	9.962875e-03	5.906778e+00
8.520000e-06	-1.445739e-02	6.148912e+00
8.530000e-06	3.155089e-02	6.371117e+00
8.540000e-06	-3.990545e-02	6.746854e+00
8.550000e-06	7.522121e-02	6.978463e+00
8.560000e-06	-1.994580e-02	7.243224e+00
8.570000e-06	-1.559331e-02	7.539304e+00
8.580000e-06	-1.732947e-02	7.820521e+00
8.590000e-06	2.708414e-02	8.096152e+00
8.600000e-06	3.747675e-02	8.316907e+00
8.610000e-06	-4.259815e-02	8.576957e+00
8.620000e-06	2.958374e-02	8.759465e+00
8.630000e-06	8.586555e-03	9.042995e+00
8.640000e-06	4.606946e-03	9.233200e+00
8.650000e-06	-5.556433e-03	9.444723e+00
8.660000e-06	-8.350719e-04	9.736882e+00
8.670000e-06	2.856845e-02	9.958363e+00
8.680000e-06	4.203490e-03	1.016891e+01
8.690000e-06	1.176734e-02	1.038949e+01
8.700000e-06	-1.381788e-02	1.061305e+01
8.710000e-06	1.796146e-02	1.082252e+01
8.720000e-06	5.698346e-03	1.101202e+01
8.730000e-06	5.433758e-03	1.119062e+01
8.740000e-06	5.253732e-03	1.144367e+01
8.750000e-06	1.610270e-02	1.165353e+01
8.760000e-06	1.239292e-02	1.183415e+01
8.770000e-06	2.859790e-03	1.199268e+01
8.780000e-06	4.036287e-03	1.221355e+01
8.790000e-06	9.016704e-03	1.239147e+01
8.800000e-06	1.221018e-02	1.254949e+01
8.810000e-06	7.587602e-03	1.270779e+01
8.820000e-06	1.039132e-02	1.289428e+01
8.830000e-06	1.149707e-02	1.306365e+01
8.840000e-06	1.733345e-02	1.326394e+01
8.850000e-06	6.819313e-03	1.340046e+01
8.860000e-06	8.693470e-03	1.352581e+01
8.870000e-06	8.520808e-03	1.364563e+01
8.880000e-06	1.524414e-02	1.382947e+01
8.890000e-06	8.857301e-03	1.391684e+01
8.900000e-06	1.188300e-02	1.408563e+01
8.910000e-06	1.431896e-02	1.421407e+01
8.920000e-06	1.539331e-02	1.440931e+01
8.930000e-06	1.196094e-02	1.447418e+01
8.940000e-06	1.077078e-02	1.455034e+01
8.950000e-06	1.688341e-02	1.462763e+01
8.960000e-06	1.416674e-02	1.474736e+01
8.970000e-06	1.463428e-02	1.482212e+01
8.980000e-06	1.115431e-02	1.491719e+01
8.990000e-06	1.764107e-02	1.499989e+01
9.000000e-06	1.373670e-02	1.500316e+01
9.010000e-06	1.504500e-02	1.511628e+01
9.020000e-06	1.377948e-02	1.516891e+01
9.030000e-06	1.743817e-02	1.523255e+01
9.040000e-06	1.918088e-02	1.528713e+01
9.050000e-06	1.510213e-02	1.535934e+01
9.060000e-06	1.759169e-02	1.536044e+01
9.070000e-06	1.706030e-02	1.543195e+01
9.080000e-06	2.027704e-02	1.546258e+01
9.090000e-06	1.659954e-02	1.546605e+01
9.100000e-06	1.955059e-02	1.550514e+01
9.110000e-06	2.070051e-02	1.550801e+01
9.120000e-06	2.053372e-02	1.553621e+01
9.130000e-06	2.014553e-02	1.550667e+01
9.140000e-06	2.085831e-02	1.548563e+01
9.150000e-06	2.408786e-02	1.549516e+01
9.160000e-06	2.449363e-02	1.546358e+01
9.170000e-06	2.526063e-02	1.545203e+01
9.180000e-06	2.437336e-02	1.543335e+01
9.190000e-06	2.717191e-02	1.539090e+01
9.200000e-06	2.714099e-02	1.534936e+01
9.210000e-06	2.799703e-02	1.529719e+01
9.220000e-06	3.044247e-02	1.523503e+01
9.230000e-06	3.362570e-02	1.519237e+01
9.240000e-06	3.573216e-02	1.513924e+01
9.250000e-06	3.616326e-02	1.504608e+01
9.260000e-06	4.076243e-02	1.498985e+01
9.270000e-06	4.434020e-02	1.489674e+01
9.280000e-06	5.305536e-02	1.486403e+01
9.290000e-06	5.797931e-02	1.474985e+01
9.300000e-06	6.940164e-02	1.465406e+01
9.310000e-06	8.331210e-02	1.459932e+01
9.320000e-06	9.923340e-02	1.447561e+01
9.330000e-06	1.194375e-01	1.433884e+01
9.340000e-06	1.435231e-01	1.420350e+01
9.350000e-06	1.766565e-01	1.409817e+01
9.360000e-06	2.128603e-01	1.399937e+01
9.370000e-06	2.416376e-01	1.383345e+01
9.380000e-06	2.495922e-01	1.368769e+01
9.390000e-06	2.500000e-01	1.352930e+01
9.400000e-06	2.500000e-01	1.342196e+01
9.410000e-06	2.500000e-01	1.325709e+01
9.420000e-06	2.500000e-01	1.316619e+01
9.430000e-06	2.500000e-01	1.295075e+01
9.440000e-06	2.465919e-01	1.281985e+01
9.450000e-06	2.218073e-01	1.265250e+01
9.460000e-06	1.880288e-01	1.244516e+01
9.470000e-06	1.548994e-01	1.228563e+01
9.480000e-06	1.301167e-01	1.214729e+01
9.490000e-06	1.066787e-01	1.193674e+01
9.500000e-06	8.591382e-02	1.171822e+01
9.510000e-06	6.982142e-02	1.151914e+01
9.520000e-06	5.618546e-02	1.131717e+01
9.530000e-06	4.667940e-02	1.109707e+01
9.540000e-06	3.801812e-02	1.089767e+01
9.550000e-06	3.212756e-02	1.073564e+01
9.560000e-06	2.708835e-02	1.049564e+01
9.570000e-06	2.298725e-02	1.026506e+01
9.580000e-06	1.744474e-02	1.006151e+01
9.590000e-06	1.459329e-02	9.842906e+00
9.600000e-06	1.134519e-02	9.640829e+00
9.610000e-06	1.085138e-02	9.368800e+00
9.620000e-06	7.818115e-03	9.158799e+00
9.630000e-06	6.958435e-03	8.905145e+00
9.640000e-06	6.743568e-03	8.643086e+00
9.650000e-06	7.022623e-03	8.453510e+00
9.660000e-06	5.392008e-03	8.211404e+00
9.670000e-06	2.860039e-03	7.948201e+00
9.680000e-06	2.536932e-03	7.693567e+00
9.690000e-06	2.546150e-03	7.442004e+00
9.700000e-06	1.171959e-03	7.136775e+00
9.710000e-06	-6.140424e-04	6.906142e+00
9.720000e-06	5.565737e-04	6.661482e+00
9.730000e-06	1.228363e-03	6.338746e+00
9.740000e-06	1.882767e-03	6.107695e+00
9.750000e-06	-8.581846e-04	5.893590e+00
9.760000e-06	-1.068325e-03	5.589305e+00
9.770000e-06	-2.913379e-04	5.306097e+00
9.780000e-06	-1.115833e-03	4.968254e+00
9.790000e-06	-3.179575e-03	4.654063e+00
9.800000e-06	-3.172526e-03	4.410355e+00
9.810000e-06	-2.404732e-03	4.096146e+00
9.820000e-06	-2.855788e-03	3.823488e+00
9.830000e-06	-3.565937e-03	3.588381e+00
9.840000e-06	-3.463460e-03	3.283543e+00
9.850000e-06	-1.589616e-03	3.009383e+00
9.860000e-06	-3.826216e-03	2.766251e+00
9.870000e-06	-3.309520e-03	2.431439e+00
9.880000e-06	-7.318161e-03	2.175753e+00
9.890000e-06	-3.131362e-03	1.915171e+00
9.900000e-06	-6.620102e-03	1.569434e+00
9.910000e-06	-4.646258e-03	1.293596e+00
9.920000e-06	-4.912802e-03	9.277798e-01
9.930000e-06	-2.101952e-03	6.840455e-01
9.940000e-06	-3.659099e-03	3.989052e-01
9.950000e-06	-5.212572e-03	1.156695e-01
9.960000e-06	4.531031e-04	-1.585382e-01
9.970000e-06	-2.613515e-04	-3.910673e-01
9.980000e-06	-2.956838e-03	-6.748569e-01
9.990000e-06	-3.190140e-03	-9.590132e-01
1.000000e-05	-2.287775e-03	-1.213720e+00
1.001000e-05	-3.040480e-03	-1.528491e+00
1.002000e-05	5.214008e-03	-1.790586e+00
1.003000e-05	4.207079e-02	-1.990067e+00
1.004000e-05	7.881522e-02	-2.294869e+00
1.005000e-05	-7.681620e-02	-2.662793e+00
1.006000e-05	-3.337088e-02	-3.032686e+00
1.007000e-05	-4.249697e-02	-3.317382e+00
1.008000e-05	-2.094354e-02	-3.538513e+00
1.009000e-05	-7.560437e-02	-3.804166e+00
1.010000e-05	1.428784e-01	-4.032624e+00
1.011000e-05	-9.883949e-02	-4.245198e+00
1.012000e-05	5.750627e-02	-4.515482e+00
1.013000e-05	7.916347e-02	-4.759537e+00
1.014000e-05	-1.476795e-01	-5.096352e+00
1.015000e-05	9.533636e-02	-5.391590e+00
1.016000e-05	-1.372270e-01	-5.675803e+00
1.017000e-05	7.560178e-02	-5.929440e+00
1.018000e-05	5.327999e-03	-6.171095e+00
1.019000e-05	-5.461289e-02	-6.526382e+00
1.020000e-05	1.028013e-01	-6.739015e+00
1.021000e-05	-1.080087e-01	-7.044195e+00
1.022000e-05	4.281780e-02	-7.336888e+00
1.023000e-05	-5.796922e-02	-7.569563e+00
1.024000e-05	3.943903e-03	-7.864198e+00
1.025000e-05	4.739541e-02	-8.087383e+00
1.026000e-05	-7.934040e-02	-8.319040e+00
1.027000e-05	9.034110e-02	-8.601994e+00
1.028000e-05	-9.732460e-02	-8.843172e+00
1.029000e-05	4.249135e-02	-9.096253e+00
1.030000e-05	-5.180813e-02	-9.307882e+00
1.031000e-05	7.591802e-03	-9.570466e+00
1.032000e-05	1.111729e-02	-9.771537e+00
1.033000e-05	-3.332662e-02	-9.992090e+00
1.034000e-05	3.129299e-02	-1.023212e+01
1.035000e-05	-5.969708e-02	-1.042415e+01
1.036000e-05	3.267998e-02	-1.067470e+01
1.037000e-05	-5.571719e-02	-1.085325e+01
1.038000e-05	2.178547e-02	-1.104420e+01
1.039000e-05	-3.174800e-02	-1.128583e+01
1.040000e-05	1.086468e-02	-1.151680e+01
1.041000e-05	-2.238071e-02	-1.170520e+01
1.042000e-05	-9.393864e-03	-1.192686e+01
1.043000e-05	-1.556873e-02	-1.210783e+01
1.044000e-05	-1.730310e-02	-1.230525e+01
1.045000e-05	-3.044314e-03	-1.241170e+01
1.046000e-05	-2.484709e-02	-1.267312e+01
1.047000e-05	5.104653e-05	-1.281297e+01
1.048000e-05	-2.666693e-02	-1.296097e+01
1.049000e-05	2.212198e-03	-1.309631e+01
1.050000e-05	-3.269943e-02	-1.324617e+01
1.051000e-05	-4.588451e-03	-1.345158e+01
1.052000e-05	-2.384839e-02	-1.355886e+01
1.053000e-05	-7.412718e-03	-1.369778e+01
1.054000e-05	-2.119998e-02	-1.383353e+01
1.055000e-05	-1.548726e-02	-1.394302e+01
1.056000e-05	-1.446147e-02	-1.409776e+01
1.057000e-05	-1.791125e-02	-1.426362e+01
1.058000e-05	-1.877405e-02	-1.441091e+01
1.059000e-05	-2.186518e-02	-1.447826e+01
1.060000e-05	-1.513337e-02	-1.457937e+01
1.061000e-05	-1.943860e-02	-1.466515e+01
1.062000e-05	-1.897033e-02	-1.474941e+01
1.063000e-05	-2.166880e-02	-1.484410e+01
1.064000e-05	-1.665785e-02	-1.489884e+01
1.065000e-05	-2.227059e-02	-1.499205e+01
1.066000e-05	-2.058780e-02	-1.509468e+01
1.067000e-05	-2.426097e-02	-1.514034e+01
1.068000e-05	-1.782997e-02	-1.522252e+01
1.069000e-05	-2.252791e-02	-1.526412e+01
1.070000e-05	-2.157701e-02	-1.528773e+01
1.071000e-05	-2.586112e-02	-1.536989e+01
1.072000e-05	-2.291207e-02	-1.540142e+01
1.073000e-05	-2.408969e-02	-1.542308e+01
1.074000e-05	-2.539401e-02	-1.541460e+01
1.075000e-05	-2.454144e-02	-1.547571e+01
1.076000e-05	-2.434303e-02	-1.546616e+01
1.077000e-05	-2.352984e-02	-1.551721e+01
1.078000e-05	-2.721386e-02	-1.551671e+01
1.079000e-05	-2.951261e-02	-1.547681e+01
1.080000e-05	-3.017786e-02	-1.550623e+01
1.081000e-05	-2.842095e-02	-1.549625e+01
1.082000e-05	-2.995895e-02	-1.544416e+01
1.083000e-05	-3.186736e-02	-1.541355e+01
1.084000e-05	-3.342297e-02	-1.541185e+01
1.085000e-05	-3.240284e-02	-1.534987e+01
1.086000e-05	-3.396380e-02	-1.530832e+01
1.087000e-05	-3.591780e-02	-1.528669e+01
1.088000e-05	-3.757735e-02	-1.526457e+01
1.089000e-05	-3.762405e-02	-1.519210e+01
1.090000e-05	-4.218308e-02	-1.515826e+01
1.091000e-05	-4.476317e-02	-1.510458e+01
1.092000e-05	-5.016892e-02	-1.499044e+01
1.093000e-05	-5.397989e-02	-1.493926e+01
1.094000e-05	-5.941620e-02	-1.483506e+01
1.095000e-05	-6.633197e-02	-1.473989e+01
1.096000e-05	-7.596697e-02	-1.464406e+01
1.097000e-05	-9.023916e-02	-1.454135e+01
1.098000e-05	-1.061938e-01	-1.445413e+01
1.099000e-05	-1.276087e-01	-1.436934e+01
1.100000e-05	-1.541634e-01	-1.421145e+01
1.101000e-05	-1.871229e-01	-1.408714e+01
1.102000e-05	-2.226268e-01	-1.394977e+01
1.103000e-05	-2.442974e-01	-1.385348e+01
1.104000e-05	-2.499968e-01	-1.369769e+01
1.105000e-05	-2.500000e-01	-1.355874e+01
1.106000e-05	-2.500000e-01	-1.341293e+01
1.107000e-05	-2.500000e-01	-1.327506e+01
1.108000e-05	-2.500000e-01	-1.308614e+01
1.109000e-05	-2.500000e-01	-1.295984e+01
1.110000e-05	-2.475890e-01	-1.279202e+01
1.111000e-05	-2.263825e-01	-1.263301e+01
1.112000e-05	-1.921198e-01	-1.247459e+01
1.113000e-05	-1.622075e-01	-1.229656e+01
1.114000e-05	-1.364043e-01	-1.216869e+01
1.115000e-05	-1.117620e-01	-1.189727e+01
1.116000e-05	-9.235307e-02	-1.168777e+01
1.117000e-05	-7.770174e-02	-1.147822e+01
1.118000e-05	-6.570536e-02	-1.128506e+01
1.119000e-05	-5.387324e-02	-1.105453e+01
1.120000e-05	-4.558829e-02	-1.084306e+01
1.121000e-05	-4.045724e-02	-1.070603e+01
1.122000e-05	-3.512461e-02	-1.044506e+01
1.123000e-05	-2.971646e-02	-1.021243e+01
1.124000e-05	-2.494744e-02	-1.000098e+01
1.125000e-05	-2.311768e-02	-9.801330e+00
1.126000e-05	-2.189875e-02	-9.579980e+00
1.127000e-05	-1.891119e-02	-9.378275e+00
1.128000e-05	-1.708712e-02	-9.126716e+00
1.129000e-05	-1.636619e-02	-8.836164e+00
1.130000e-05	-1.593132e-02	-8.695038e+00
1.131000e-05	-1.371917e-02	-8.422377e+00
1.132000e-05	-1.203533e-02	-8.179849e+00
1.133000e-05	-1.314690e-02	-7.955711e+00
1.134000e-05	-1.202075e-02	-7.652032e+00
1.135000e-05	-1.082234e-02	-7.398328e+00
1.136000e-05	-9.466710e-03	-7.116794e+00
1.137000e-05	-1.146187e-02	-6.863014e+00
1.138000e-05	-9.819158e-03	-6.618929e+00
1.139000e-05	-1.075453e-02	-6.358346e+00
1.140000e-05	-7.418805e-03	-6.054064e+00
1.141000e-05	-1.089468e-02	-5.791408e+00
1.142000e-05	-8.908229e-03	-5.526216e+00
1.143000e-05	-8.500467e-03	-5.230915e+00
1.144000e-05	-6.588064e-03	-4.916178e+00
1.145000e-05	-7.842740e-03	-4.629950e+00
1.146000e-05	-5.811702e-03	-4.406852e+00
1.147000e-05	-6.742587e-03	-4.166674e+00
1.148000e-05	-5.708363e-03	-3.832490e+00
1.149000e-05	-8.873876e-03	-3.568775e+00
1.150000e-05	-7.452641e-03	-3.315671e+00
1.151000e-05	-7.440314e-03	-3.010453e+00
1.152000e-05	-4.971130e-03	-2.685724e+00
1.153000e-05	-5.200174e-03	-2.451013e+00
1.154000e-05	-4.013510e-03	-2.107680e+00
1.155000e-05	-4.719617e-03	-1.853559e+00
1.156000e-05	-5.082007e-03	-1.588975e+00
1.157000e-05	-4.731942e-03	-1.282989e+00
1.158000e-05	-5.269123e-03	-9.482998e-01
1.159000e-05	-5.209961e-03	-6.856407e-01
1.160000e-05	-2.996544e-03	-3.393503e-01
1.161000e-05	1.340474e-04	-1.146972e-01
1.162000e-05	8.438560e-03	1.885644e-01
1.163000e-05	-8.386906e-04	4.426713e-01
1.164000e-05	2.619486e-03	7.259319e-01
1.165000e-05	1.306438e-04	1.000091e+00
1.166000e-05	2.083124e-03	1.296757e+00
1.167000e-05	-8.946863e-05	1.600115e+00
1.168000e-05	7.858292e-03	1.875300e+00
1.169000e-05	2.669733e-02	2.083929e+00
1.170000e-05	8.338399e-02	2.329137e+00
1.171000e-05	-2.111147e-02	2.738441e+00
1.172000e-05	-5.464891e-02	3.062149e+00
1.173000e-05	-3.901677e-02	3.304808e+00
1.174000e-05	2.040238e-03	3.580017e+00
1.175000e-05	-3.808381e-02	3.840567e+00
1.176000e-05	-4.421031e-02	3.980068e+00
1.177000e-05	1.018815e-01	4.243780e+00
1.178000e-05	-2.979130e-02	4.578014e+00
1.179000e-05	5.860242e-02	4.812046e+00
1.180000e-05	2.795746e-02	5.190957e+00
1.181000e-05	-8.631254e-02	5.465276e+00
1.182000e-05	5.823801e-02	5.696834e+00
1.183000e-05	-3.342882e-02	6.002647e+00
1.184000e-05	2.831698e-02	6.255223e+00
1.185000e-05	-1.461132e-02	6.557007e+00
1.186000e-05	4.206678e-03	6.853071e+00
1.187000e-05	5.937597e-02	7.086725e+00
1.188000e-05	-4.170016e-02	7.337988e+00
1.189000e-05	-1.854125e-03	7.644196e+00
1.190000e-05	-1.640182e-02	7.926334e+00
1.191000e-05	5.340066e-02	8.181086e+00
1.192000e-05	-7.608191e-05	8.400544e+00
1.193000e-05	-3.054377e-02	8.613644e+00
1.194000e-05	4.432364e-02	8.874754e+00
1.195000e-05	-1.411347e-02	9.106723e+00
1.196000e-05	1.773014e-02	9.318407e+00
1.197000e-05	-2.527861e-02	9.571039e+00
1.198000e-05	2.842838e-02	9.841015e+00
1.199000e-05	1.483041e-02	1.004355e+01
1.200000e-05	8.971219e-03	1.025262e+01
1.201000e-05	2.618933e-04	1.047473e+01
1.202000e-05	-1.001749e-02	1.069568e+01
1.203000e-05	2.940299e-02	1.088523e+01
1.204000e-05	-9.521265e-03	1.107468e+01
1.205000e-05	1.365555e-02	1.128580e+01
1.206000e-05	2.574182e-04	1.150776e+01
1.207000e-05	3.021216e-02	1.170786e+01
1.208000e-05	8.163396e-04	1.194681e+01
1.209000e-05	5.583178e-03	1.210591e+01
1.210000e-05	4.343848e-03	1.233675e+01
1.211000e-05	1.500372e-02	1.244323e+01
1.212000e-05	1.105704e-02	1.263460e+01
1.213000e-05	1.530564e-03	1.281249e+01
1.214000e-05	1.497614e-02	1.300954e+01
1.215000e-05	1.357605e-02	1.309683e+01
1.216000e-05	1.684943e-02	1.327470e+01
1.217000e-05	-5.872595e-05	1.342250e+01
1.218000e-05	1.220521e-02	1.353934e+01
1.219000e-05	1.300062e-02	1.367741e+01
1.220000e-05	1.357012e-02	1.388518e+01
1.221000e-05	6.705160e-03	1.400149e+01
1.222000e-05	1.271874e-02	1.417039e+01
1.223000e-05	1.955716e-02	1.426605e+01
1.224000e-05	1.194085e-02	1.441192e+01
1.225000e-05	9.657899e-03	1.450711e+01
1.226000e-05	1.092335e-02	1.461197e+01
1.227000e-05	2.009404e-02	1.468578e+01
1.228000e-05	1.371171e-02	1.479197e+01
1.229000e-05	1.148007e-02	1.485463e+01
1.230000e-05	1.393262e-02	1.488634e+01
1.231000e-05	1.787243e-02	1.497192e+01
1.232000e-05	1.569682e-02	1.505616e+01
1.233000e-05	1.136671e-02	1.513884e+01
1.234000e-05	1.510039e-02	1.519152e+01
1.235000e-05	1.970545e-02	1.526558e+01
1.236000e-05	1.946950e-02	1.529819e+01
1.237000e-05	1.257891e-02	1.537934e+01
1.238000e-05	1.693841e-02	1.540147e+01
1.239000e-05	2.038392e-02	1.543255e+01
1.240000e-05	2.015680e-02	1.547155e+01
1.241000e-05	1.600731e-02	1.547558e+01
1.242000e-05	1.758475e-02	1.548613e+01
1.243000e-05	2.319782e-02	1.551466e+01
1.244000e-05	2.169262e-02	1.551765e+01
1.245000e-05	1.863486e-02	1.548561e+01
1.246000e-05	1.954746e-02	1.553668e+01
1.247000e-05	2.558999e-02	1.551561e+01
1.248000e-05	2.663822e-02	1.547510e+01
1.249000e-05	2.419986e-02	1.547245e+01
1.250000e-05	2.418369e-02	1.544237e+01
1.251000e-05	2.800957e-02	1.536929e+01
1.252000e-05	2.894272e-02	1.532821e+01
1.253000e-05	2.653542e-02	1.526661e+01
1.254000e-05	2.994429e-02	1.523352e+01
1.255000e-05	3.422675e-02	1.515837e+01
1.256000e-05	3.815327e-02	1.508718e+01
1.257000e-05	3.767719e-02	1.500350e+01
1.258000e-05	4.164776e-02	1.496935e+01
1.259000e-05	4.947463e-02	1.488611e+01
1.260000e-05	5.665216e-02	1.480995e+01
1.261000e-05	6.288089e-02	1.473861e+01
1.262000e-05	7.373332e-02	1.464298e+01
1.263000e-05	8.913619e-02	1.453672e+01
1.264000e-05	1.065855e-01	1.442246e+01
1.265000e-05	1.272523e-01	1.432771e+01
1.266000e-05	1.557747e-01	1.418133e+01
1.267000e-05	1.926233e-01	1.405308e+01
1.268000e-05	2.299981e-01	1.393579e+01
1.269000e-05	2.470883e-01	1.379077e+01
1.270000e-05	2.499987e-01	1.367396e+01
1.271000e-05	2.500000e-01	1.351621e+01
1.272000e-05	2.500000e-01	1.334880e+01
1.273000e-05	2.500000e-01	1.321045e+01
1.274000e-05	2.500000e-01	1.306293e+01
1.275000e-05	2.499893e-01	1.291614e+01
1.276000e-05	2.394696e-01	1.271724e+01
1.277000e-05	2.094255e-01	1.259025e+01
1.278000e-05	1.739566e-01	1.242198e+01
1.279000e-05	1.452927e-01	1.223245e+01
1.280000e-05	1.187736e-01	1.204411e+01
1.281000e-05	9.631846e-02	1.187391e+01
1.282000e-05	7.790019e-02	1.167356e+01
1.283000e-05	6.532926e-02	1.147348e+01
1.284000e-05	5.381481e-02	1.124145e+01
1.285000e-05	4.337184e-02	1.102188e+01
1.286000e-05	3.448846e-02	1.080151e+01
1.287000e-05	2.980584e-02	1.062046e+01
1.288000e-05	2.431452e-02	1.042041e+01
1.289000e-05	2.002307e-02	1.019138e+01
1.290000e-05	1.652481e-02	1.000775e+01
1.291000e-05	1.468811e-02	9.736694e+00
1.292000e-05	1.211148e-02	9.485741e+00
1.293000e-05	1.033908e-02	9.276542e+00
1.294000e-05	7.583609e-03	9.054032e+00
1.295000e-05	5.453922e-03	8.812827e+00
1.296000e-05	5.683915e-03	8.590355e+00
1.297000e-05	5.647997e-03	8.366273e+00
1.298000e-05	3.873178e-03	8.055620e+00
1.299000e-05	2.956206e-03	7.833959e+00
1.300000e-05	3.028177e-03	7.578404e+00
1.301000e-05	3.315113e-03	7.296095e+00
1.302000e-05	8.992792e-04	7.052984e+00
1.303000e-05	2.246902e-05	6.799454e+00
1.304000e-05	-5.679266e-04	6.507172e+00
1.305000e-05	8.272730e-04	6.272568e+00
1.306000e-05	-1.057344e-04	6.049983e+00
1.307000e-05	-1.256736e-03	5.719700e+00
1.308000e-05	-5.360959e-04	5.473617e+00
1.309000e-05	-1.365213e-03	5.178355e+00
1.310000e-05	-1.678977e-03	4.821884e+00
1.311000e-05	-2.786804e-03	4.569779e+00
1.312000e-05	-2.878753e-03	4.294790e+00
1.313000e-05	-2.046507e-03	4.008432e+00
1.314000e-05	-3.054552e-03	3.726696e+00
1.315000e-05	-4.044648e-03	3.452619e+00
1.316000e-05	-4.177127e-03	3.178249e+00
1.317000e-05	-3.909986e-03	2.883619e+00
1.318000e-05	-3.230455e-03	2.621563e+00
1.319000e-05	-4.082880e-03	2.336717e+00
1.320000e-05	-4.494506e-03	2.072566e+00
1.321000e-05	-4.051173e-03	1.788809e+00
1.322000e-05	-4.918839e-03	1.473541e+00
1.323000e-05	-5.625625e-03	1.207804e+00
1.324000e-05	-5.640622e-03	8.420133e-01
1.325000e-05	-4.748559e-03	5.678011e-01
1.326000e-05	-4.164739e-03	2.631683e-01
1.327000e-05	-2.683506e-03	1.727638e-02
1.328000e-05	6.966083e-03	-3.033028e-01
1.329000e-05	-4.276736e-03	-4.954080e-01
1.330000e-05	-1.333280e-04	-7.806226e-01
1.331000e-05	-7.300727e-03	-1.094251e+00
1.332000e-05	-1.816089e-03	-1.408086e+00
1.333000e-05	-4.820953e-03	-1.643200e+00
1.334000e-05	1.456095e-02	-1.895830e+00
1.335000e-05	8.219127e-02	-2.044251e+00
1.336000e-05	1.155730e-02	-2.431718e+00
1.337000e-05	-6.979945e-02	-2.818463e+00
1.338000e-05	-3.699770e-02	-3.189990e+00
1.339000e-05	-2.701558e-02	-3.402144e+00
1.340000e-05	-5.578681e-02	-3.684200e+00
1.341000e-05	5.704319e-03	-3.908258e+00
1.342000e-05	1.096839e-01	-4.085407e+00
1.343000e-05	-1.459867e-01	-4.359039e+00
1.344000e-05	1.714067e-01	-4.621121e+00
1.345000e-05	-8.339307e-02	-4.905275e+00
1.346000e-05	-2.988721e-02	-5.232219e+00
1.347000e-05	2.695495e-02	-5.494804e+00
1.348000e-05	-1.183696e-01	-5.801614e+00
1.349000e-05	1.335073e-01	-6.022275e+00
1.350000e-05	-9.503984e-02	-6.307879e+00
1.351000e-05	5.520705e-02	-6.611119e+00
1.352000e-05	1.828011e-02	-6.883198e+00
1.353000e-05	-7.854016e-02	-7.170014e+00
1.354000e-05	5.452337e-02	-7.413046e+00
1.355000e-05	-1.011351e-01	-7.735747e+00
1.356000e-05	8.457065e-02	-7.979469e+00
1.357000e-05	-5.324710e-02	-8.233066e+00
1.358000e-05	7.022967e-03	-8.463727e+00
1.359000e-05	2.977578e-02	-8.696729e+00
1.360000e-05	-7.737274e-02	-8.951035e+00
1.361000e-05	5.692478e-02	-9.150015e+00
1.362000e-05	-8.609575e-02	-9.402064e+00
1.363000e-05	6.408085e-02	-9.644172e+00
1.364000e-05	-5.433001e-02	-9.895203e+00
1.365000e-05	2.817377e-02	-1.008486e+01
1.366000e-05	-2.848624e-02	-1.027633e+01
1.367000e-05	-1.527192e-02	-1.055996e+01
1.368000e-05	1.212470e-03	-1.074838e+01
1.369000e-05	-3.595167e-02	-1.096701e+01
1.370000e-05	1.740498e-02	-1.113786e+01
1.371000e-05	-3.459030e-02	-1.136951e+01
1.372000e-05	1.967285e-02	-1.152999e+01
1.373000e-05	-3.870702e-02	-1.179052e+01
1.374000e-05	8.186626e-03	-1.200247e+01
1.375000e-05	-3.763252e-02	-1.209951e+01
1.376000e-05	3.720955e-03	-1.235941e+01
1.377000e-05	-2.534504e-02	-1.250643e+01
1.378000e-05	-5.441846e-03	-1.274028e+01
1.379000e-05	-1.671762e-02	-1.286513e+01
1.380000e-05	-1.151418e-02	-1.301555e+01
1.381000e-05	-9.762962e-03	-1.311844e+01
1.382000e-05	-2.493998e-02	-1.333936e+01
1.383000e-05	-7.215474e-03	-1.348560e+01
1.384000e-05	-2.561834e-02	-1.363505e+01
1.385000e-05	-6.620244e-03	-1.374043e+01
1.386000e-05	-2.655685e-02	-1.385633e+01
1.387000e-05	-9.457403e-03	-1.403260e+01
1.388000e-05	-2.058507e-02	-1.415996e+01
1.389000e-05	-1.248882e-02	-1.430618e+01
1.390000e-05	-2.144040e-02	-1.438302e+01
1.391000e-05	-1.705882e-02	-1.452781e+01
1.392000e-05	-1.837267e-02	-1.460205e+01
1.393000e-05	-1.618738e-02	-1.469533e+01
1.394000e-05	-2.012744e-02	-1.477254e+01
1.395000e-05	-2.005793e-02	-1.488673e+01
1.396000e-05	-2.123248e-02	-1.497094e+01
1.397000e-05	-2.011829e-02	-1.503408e+01
1.398000e-05	-2.273640e-02	-1.513621e+01
1.399000e-05	-2.293010e-02	-1.520084e+01
1.400000e-05	-1.961394e-02	-1.521200e+01
1.401000e-05	-2.094266e-02	-1.527620e+01
1.402000e-05	-2.109034e-02	-1.533674e+01
1.403000e-05	-2.400180e-02	-1.536149e+01
1.404000e-05	-2.190948e-02	-1.538403e+01
1.405000e-05	-2.462902e-02	-1.544601e+01
1.406000e-05	-2.402885e-02	-1.540306e+01
1.407000e-05	-2.671268e-02	-1.543668e+01
1.408000e-05	-2.515657e-02	-1.550826e+01
1.409000e-05	-2.580688e-02	-1.551674e+01
1.410000e-05	-2.648698e-02	-1.547673e+01
1.411000e-05	-2.959548e-02	-1.547671e+01
1.412000e-05	-2.773864e-02	-1.547318e+01
1.413000e-05	-2.580783e-02	-1.548566e+01
1.414000e-05	-2.903180e-02	-1.546513e+01
1.415000e-05	-3.514443e-02	-1.541456e+01
1.416000e-05	-3.526693e-02	-1.539350e+01
1.417000e-05	-3.364583e-02	-1.537087e+01
1.418000e-05	-3.428970e-02	-1.530779e+01
1.419000e-05	-3.672941e-02	-1.527568e+01
1.420000e-05	-3.631382e-02	-1.526148e+01
1.421000e-05	-3.656253e-02	-1.515989e+01
1.422000e-05	-4.167449e-02	-1.507664e+01
1.423000e-05	-4.888851e-02	-1.504250e+01
1.424000e-05	-5.318711e-02	-1.493142e+01
1.425000e-05	-5.575507e-02	-1.490666e+01
1.426000e-05	-6.159535e-02	-1.479087e+01
1.427000e-05	-7.095951e-02	-1.473581e+01
1.428000e-05	-8.107445e-02	-1.460245e+01
1.429000e-05	-9.406598e-02	-1.450921e+01
1.430000e-05	-1.126376e-01	-1.442060e+01
1.431000e-05	-1.384368e-01	-1.431461e+01
1.432000e-05	-1.682218e-01	-1.419025e+01
1.433000e-05	-2.008257e-01	-1.400406e+01
1.434000e-05	-2.333053e-01	-1.390826e+01
1.435000e-05	-2.489523e-01	-1.382133e+01
1.436000e-05	-2.499999e-01	-1.360318e+01
1.437000e-05	-2.500000e-01	-1.350713e+01
1.438000e-05	-2.500000e-01	-1.334980e+01
1.439000e-05	-2.500000e-01	-1.321293e+01
1.440000e-05	-2.500000e-01	-1.305405e+01
1.441000e-05	-2.499700e-01	-1.289571e+01
1.442000e-05	-2.413409e-01	-1.271827e+01
1.443000e-05	-2.141021e-01	-1.259987e+01
1.444000e-05	-1.804560e-01	-1.239048e+01
1.445000e-05	-1.504706e-01	-1.219198e+01
1.446000e-05	-1.238179e-01	-1.205148e+01
1.447000e-05	-1.047273e-01	-1.186484e+01
1.448000e-05	-8.814996e-02	-1.163501e+01
1.449000e-05	-7.214432e-02	-1.143142e+01
1.450000e-05	-5.981013e-02	-1.118083e+01
1.451000e-05	-5.053052e-02	-1.097032e+01
1.452000e-05	-4.323316e-02	-1.078037e+01
1.453000e-05	-3.639953e-02	-1.061198e+01
1.454000e-05	-3.151299e-02	-1.038880e+01
1.455000e-05	-2.839179e-02	-1.014924e+01
1.456000e-05	-2.600301e-02	-9.915692e+00
1.457000e-05	-2.276789e-02	-9.705244e+00
1.458000e-05	-1.994785e-02	-9.524667e+00
1.459000e-05	-1.881997e-02	-9.273932e+00
1.460000e-05	-1.705542e-02	-9.011482e+00
1.461000e-05	-1.472940e-02	-8.772004e+00
1.462000e-05	-1.369765e-02	-8.539778e+00
1.463000e-05	-1.307554e-02	-8.326641e+00
1.464000e-05	-1.352936e-02	-8.084040e+00
1.465000e-05	-1.191508e-02	-7.861430e+00
1.466000e-05	-1.112373e-02	-7.566745e+00
1.467000e-05	-1.143370e-02	-7.275145e+00
1.468000e-05	-1.134778e-02	-6.961483e+00
1.469000e-05	-1.003643e-02	-6.777774e+00
1.470000e-05	-9.164598e-03	-6.507618e+00
1.471000e-05	-8.516449e-03	-6.213511e+00
1.472000e-05	-7.918393e-03	-5.959379e+00
1.473000e-05	-8.545866e-03	-5.696120e+00
1.474000e-05	-7.649678e-03	-5.390335e+00
1.475000e-05	-8.905839e-03	-5.105142e+00
1.476000e-05	-7.730239e-03	-4.769806e+00
1.477000e-05	-6.656791e-03	-4.545242e+00
1.478000e-05	-6.799711e-03	-4.245092e+00
1.479000e-05	-8.228921e-03	-4.041434e+00
1.480000e-05	-6.066091e-03	-3.725175e+00
1.481000e-05	-7.617606e-03	-3.443512e+00
1.482000e-05	-5.879840e-03	-3.208954e+00
1.483000e-05	-6.231306e-03	-2.894066e+00
1.484000e-05	-4.288624e-03	-2.600360e+00
1.485000e-05	-4.772493e-03	-2.365719e+00
1.486000e-05	-5.224865e-03	-2.030483e+00
1.487000e-05	-5.384466e-03	-1.739225e+00
1.488000e-05	-5.133257e-03	-1.454517e+00
1.489000e-05	-5.896881e-03	-1.167225e+00
1.490000e-05	-5.087943e-03	-8.410908e-01
1.491000e-05	-2.707233e-03	-5.288262e-01
1.492000e-05	-2.059409e-03	-2.935645e-01
1.493000e-05	1.511757e-03	-7.959069e-03
1.494000e-05	7.754587e-03	2.953743e-01
1.495000e-05	-6.825107e-04	5.280094e-01
1.496000e-05	3.499926e-03	8.000961e-01
1.497000e-05	-2.546571e-03	1.134930e+00
1.498000e-05	7.288788e-04	1.371213e+00
1.499000e-05	-6.953643e-04	1.745837e+00
1.500000e-05	1.483325e-02	1.948887e+00
1.501000e-05	4.759113e-02	2.190141e+00
1.502000e-05	6.812200e-02	2.557911e+00
1.503000e-05	-5.901589e-02	2.915282e+00
1.504000e-05	-4.307638e-02	3.149967e+00
1.505000e-05	-2.904136e-02	3.502719e+00
1.506000e-05	2.638563e-03	3.685828e+00
1.507000e-05	-5.781022e-02	3.866282e+00
1.508000e-05	7.199977e-03	4.034278e+00
1.509000e-05	9.557002e-02	4.401642e+00
1.510000e-05	-6.488516e-02	4.686802e+00
1.511000e-05	1.257483e-01	4.940527e+00
1.512000e-05	-7.569802e-02	5.297879e+00
1.513000e-05	-1.301955e-02	5.548538e+00
1.514000e-05	3.503664e-02	5.795368e+00
1.515000e-05	-3.251790e-02	6.116859e+00
1.516000e-05	4.318060e-02	6.397436e+00
1.517000e-05	-4.569437e-02	6.685173e+00
1.518000e-05	5.963763e-02	6.897382e+00
1.519000e-05	6.865120e-03	7.139040e+00
1.520000e-05	-2.693331e-02	7.495748e+00
1.521000e-05	-8.944274e-03	7.746884e+00
1.522000e-05	8.645178e-03	8.022077e+00
1.523000e-05	5.066955e-02	8.304204e+00
1.524000e-05	-3.416306e-02	8.485304e+00
1.525000e-05	9.319742e-03	8.725331e+00
1.526000e-05	2.561497e-02	8.979985e+00
1.527000e-05	-7.681416e-03	9.161990e+00
1.528000e-05	6.785518e-03	9.432094e+00
1.529000e-05	-1.504100e-02	9.655727e+00
1.530000e-05	3.509369e-02	9.905757e+00
1.531000e-05	4.296271e-03	1.010691e+01
1.532000e-05	1.293786e-02	1.031783e+01
1.533000e-05	-9.003975e-03	1.057796e+01
1.534000e-05	9.710908e-03	1.075197e+01
1.535000e-05	1.819725e-02	1.096051e+01
1.536000e-05	-5.021440e-03	1.115999e+01
1.537000e-05	1.072661e-02	1.138956e+01
1.538000e-05	9.259639e-03	1.160255e+01
1.539000e-05	2.261381e-02	1.186252e+01
1.540000e-05	-8.508393e-04	1.199159e+01
1.541000e-05	4.795656e-03	1.219051e+01
1.542000e-05	8.660043e-03	1.236984e+01
1.543000e-05	1.540698e-02	1.253836e+01
1.544000e-05	8.493704e-03	1.270628e+01
1.545000e-05	6.324488e-03	1.286470e+01
1.546000e-05	1.466252e-02	1.305260e+01
1.547000e-05	1.595410e-02	1.319192e+01
1.548000e-05	8.310786e-03	1.335821e+01
1.549000e-05	4.334497e-03	1.344668e+01
1.550000e-05	1.288694e-02	1.360163e+01
1.551000e-05	1.621669e-02	1.376139e+01
1.552000e-05	9.441434e-03	1.394828e+01
1.553000e-05	1.031959e-02	1.402455e+01
1.554000e-05	1.456388e-02	1.419052e+01
1.555000e-05	1.863584e-02	1.431823e+01
1.556000e-05	8.777082e-03	1.447403e+01
1.557000e-05	9.245195e-03	1.454021e+01
1.558000e-05	1.484895e-02	1.465370e+01
1.559000e-05	1.682081e-02	1.473681e+01
1.560000e-05	1.197386e-02	1.484152e+01
1.561000e-05	1.025507e-02	1.486620e+01
1.562000e-05	1.795153e-02	1.495989e+01
1.563000e-05	1.689706e-02	1.500308e+01
1.564000e-05	1.472108e-02	1.507671e+01
1.565000e-05	1.160420e-02	1.513791e+01
1.566000e-05	1.672109e-02	1.522260e+01
1.567000e-05	1.963387e-02	1.526657e+01
1.568000e-05	1.362047e-02	1.535124e+01
1.569000e-05	1.433627e-02	1.537936e+01
1.570000e-05	1.863973e-02	1.544052e+01
1.571000e-05	2.263007e-02	1.546347e+01
1.572000e-05	1.586763e-02	1.546460e+01
1.573000e-05	1.663947e-02	1.552610e+01
1.574000e-05	2.196012e-02	1.549818e+01
1.575000e-05	2.383565e-02	1.551678e+01
1.576000e-05	1.784275e-02	1.550563e+01
1.577000e-05	1.808317e-02	1.549561e+01
1.578000e-05	2.346748e-02	1.549616e+01
1.579000e-05	2.582411e-02	1.551410e+01
1.580000e-05	2.454905e-02	1.548505e+01
1.581000e-05	2.294646e-02	1.546000e+01
1.582000e-05	2.900227e-02	1.539195e+01
1.583000e-05	2.769570e-02	1.538779e+01
1.584000e-05	2.818701e-02	1.531921e+01
1.585000e-05	2.865469e-02	1.525556e+01
1.586000e-05	3.296319e-02	1.518200e+01
1.587000e-05	3.518593e-02	1.512879e+01
1.588000e-05	3.509017e-02	1.507561e+01
1.589000e-05	4.003968e-02	1.501093e+01
1.590000e-05	4.546818e-02	1.492824e+01
1.591000e-05	5.110559e-02	1.483358e+01
1.592000e-05	5.531930e-02	1.478130e+01
1.593000e-05	6.730206e-02	1.467511e+01
1.594000e-05	8.109941e-02	1.459134e+01
1.595000e-05	9.541002e-02	1.451714e+01
1.596000e-05	1.127312e-01	1.434888e+01
1.597000e-05	1.376526e-01	1.422506e+01
1.598000e-05	1.717719e-01	1.416824e+01
1.599000e-05	2.061258e-01	1.403205e+01
1.600000e-05	2.386598e-01	1.389503e+01
1.601000e-05	2.488766e-01	1.373869e+01
1.602000e-05	2.500000e-01	1.359940e+01
1.603000e-05	2.500000e-01	1.346443e+01
1.604000e-05	2.500000e-01	1.330617e+01
1.605000e-05	2.500000e-01	1.318879e+01
1.606000e-05	2.500000e-01	1.297035e+01
1.607000e-05	2.492202e-01	1.286405e+01
1.608000e-05	2.289234e-01	1.268558e+01
1.609000e-05	1.944503e-01	1.248719e+01
1.610000e-05	1.633453e-01	1.235782e+01
1.611000e-05	1.343947e-01	1.215780e+01
1.612000e-05	1.086204e-01	1.194034e+01
1.613000e-05	9.021456e-02	1.181030e+01
1.614000e-05	7.403588e-02	1.158780e+01
1.615000e-05	6.126679e-02	1.131785e+01
1.616000e-05	4.863552e-02	1.116872e+01
1.617000e-05	4.005424e-02	1.095927e+01
1.618000e-05	3.227944e-02	1.073582e+01
1.619000e-05	2.763358e-02	1.048872e+01
1.620000e-05	2.187775e-02	1.032569e+01
1.621000e-05	1.820155e-02	1.010620e+01
1.622000e-05	1.576868e-02	9.925011e+00
1.623000e-05	1.246243e-02	9.634955e+00
1.624000e-05	1.126574e-02	9.401430e+00
1.625000e-05	8.776257e-03	9.208478e+00
1.626000e-05	6.827307e-03	8.919700e+00
1.627000e-05	8.885831e-03	8.715715e+00
1.628000e-05	5.228958e-03	8.483623e+00
1.629000e-05	6.562877e-03	8.293458e+00
1.630000e-05	1.461057e-03	7.991879e+00
1.631000e-05	1.545924e-03	7.778269e+00
1.632000e-05	-5.986744e-04	7.454090e+00
1.633000e-05	8.835454e-04	7.188929e+00
1.634000e-05	2.884264e-03	6.956699e+00
1.635000e-05	1.812729e-03	6.705063e+00
1.636000e-05	2.187732e-03	6.402982e+00
1.637000e-05	8.991009e-04	6.179899e+00
1.638000e-05	-6.200240e-04	5.956221e+00
1.639000e-05	-3.367924e-03	5.600938e+00
1.640000e-05	-4.288443e-03	5.356729e+00
1.641000e-05	-1.969487e-03	5.011339e+00
1.642000e-05	-9.920887e-04	4.716149e+00
1.643000e-05	-1.065145e-03	4.473038e+00
1.644000e-05	-1.430329e-03	4.170709e+00
1.645000e-05	1.796326e-04	3.865167e+00
1.646000e-05	-1.546556e-03	3.630010e+00
1.647000e-05	-5.266539e-03	3.358699e+00
1.648000e-05	-6.516742e-03	3.071513e+00
1.649000e-05	-4.701073e-03	2.818883e+00
1.650000e-05	-3.573247e-03	2.525520e+00
1.651000e-05	-4.363625e-03	2.239408e+00
1.652000e-05	-3.520249e-03	1.967800e+00
1.653000e-05	-2.731374e-03	1.693064e+00
1.654000e-05	-3.460653e-03	1.377301e+00
1.655000e-05	-5.840958e-03	1.031414e+00
1.656000e-05	-6.991034e-03	7.358235e-01
1.657000e-05	-4.137657e-03	4.630106e-01
1.658000e-05	-3.213280e-03	1.698501e-01
1.659000e-05	2.301791e-04	-1.053818e-01
1.660000e-05	2.374199e-03	-3.589895e-01
1.661000e-05	-3.897665e-03	-6.821988e-01
1.662000e-05	-7.346813e-04	-9.073342e-01
1.663000e-05	-4.279676e-03	-1.160588e+00
1.664000e-05	-4.189973e-03	-1.463179e+00
1.665000e-05	-7.096327e-04	-1.717456e+00
1.666000e-05	3.221927e-02	-1.948388e+00
1.667000e-05	9.587489e-02	-2.212165e+00
1.668000e-05	-5.752490e-02	-2.570031e+00
1.669000e-05	-4.632154e-02	-2.907061e+00
1.670000e-05	-4.357633e-02	-3.253175e+00
1.671000e-05	-1.852347e-02	-3.506908e+00
1.672000e-05	-8.395875e-02	-3.761538e+00
1.673000e-05	1.096121e-01	-3.980468e+00
1.674000e-05	-2.051469e-02	-4.150566e+00
1.675000e-05	-3.157191e-02	-4.474278e+00
1.676000e-05	1.522807e-01	-4.726837e+00
1.677000e-05	-1.692295e-01	-5.041237e+00
1.678000e-05	7.967830e-02	-5.347836e+00
1.679000e-05	-9.602276e-02	-5.591616e+00
1.680000e-05	4.415979e-03	-5.908361e+00
1.681000e-05	6.844126e-02	-6.158909e+00
1.682000e-05	-9.489370e-02	-6.423675e+00
1.683000e-05	1.173450e-01	-6.677330e+00
1.684000e-05	-8.115208e-02	-6.979090e+00
1.685000e-05	6.115420e-03	-7.256279e+00
1.686000e-05	-1.540047e-02	-7.485330e+00
1.687000e-05	-4.940371e-02	-7.794016e+00
1.688000e-05	8.294452e-02	-8.065228e+00
1.689000e-05	-9.910135e-02	-8.305878e+00
1.690000e-05	8.396655e-02	-8.559912e+00
1.691000e-05	-6.595703e-02	-8.812494e+00
1.692000e-05	6.187166e-03	-9.074698e+00
1.693000e-05	-8.809410e-03	-9.232176e+00
1.694000e-05	-3.701825e-02	-9.486906e+00
1.695000e-05	4.469266e-02	-9.728432e+00
1.696000e-05	-5.955649e-02	-9.948461e+00
1.697000e-05	4.577757e-02	-1.015849e+01
1.698000e-05	-6.415857e-02	-1.041259e+01
1.699000e-05	2.706602e-02	-1.062210e+01
1.700000e-05	-4.435444e-02	-1.081155e+01
1.701000e-05	4.042503e-03	-1.103310e+01
1.702000e-05	-1.560101e-02	-1.120515e+01
1.703000e-05	-5.348232e-03	-1.145365e+01
1.704000e-05	-4.598760e-03	-1.163570e+01
1.705000e-05	-2.322456e-02	-1.188678e+01
1.706000e-05	-2.884777e-03	-1.204518e+01
1.707000e-05	-3.129676e-02	-1.224468e+01
1.708000e-05	4.061145e-03	-1.242167e+01
1.709000e-05	-3.254627e-02	-1.262256e+01
1.710000e-05	4.639467e-03	-1.275947e+01
1.711000e-05	-2.833575e-02	-1.292778e+01
1.712000e-05	3.100627e-03	-1.309426e+01
1.713000e-05	-2.756381e-02	-1.319265e+01
1.714000e-05	-1.196106e-02	-1.339146e+01
1.715000e-05	-1.869216e-02	-1.353824e+01
1.716000e-05	-1.477745e-02	-1.366475e+01
1.717000e-05	-1.577351e-02	-1.380360e+01
1.718000e-05	-2.075153e-02	-1.397036e+01
1.719000e-05	-1.089883e-02	-1.409826e+01
1.720000e-05	-1.877627e-02	-1.421302e+01
1.721000e-05	-1.586670e-02	-1.434937e+01
1.722000e-05	-2.370319e-02	-1.443515e+01
1.723000e-05	-1.406263e-02	-1.455892e+01
1.724000e-05	-1.879383e-02	-1.465368e+01
1.725000e-05	-1.861170e-02	-1.472986e+01
1.726000e-05	-2.125580e-02	-1.483310e+01
1.727000e-05	-1.628269e-02	-1.489883e+01
1.728000e-05	-2.079507e-02	-1.500352e+01
1.729000e-05	-2.106795e-02	-1.504510e+01
1.730000e-05	-2.459548e-02	-1.515974e+01
1.731000e-05	-1.837605e-02	-1.519239e+01
1.732000e-05	-2.159611e-02	-1.523263e+01
1.733000e-05	-2.149314e-02	-1.530676e+01
1.734000e-05	-2.367043e-02	-1.532937e+01
1.735000e-05	-2.199046e-02	-1.538289e+01
1.736000e-05	-2.232644e-02	-1.542400e+01
1.737000e-05	-2.540654e-02	-1.544465e+01
1.738000e-05	-2.412424e-02	-1.543473e+01
1.739000e-05	-2.500276e-02	-1.551511e+01
1.740000e-05	-2.412810e-02	-1.549734e+01
1.741000e-05	-2.788186e-02	-1.549719e+01
1.742000e-05	-2.830170e-02	-1.551673e+01
1.743000e-05	-2.783104e-02	-1.547686e+01
1.744000e-05	-2.778849e-02	-1.547573e+01
1.745000e-05	-2.926516e-02	-1.548511e+01
1.746000e-05	-3.195720e-02	-1.546456e+01
1.747000e-05	-3.216309e-02	-1.542353e+01
1.748000e-05	-3.213334e-02	-1.536092e+01
1.749000e-05	-3.398459e-02	-1.532987e+01
1.750000e-05	-3.711963e-02	-1.529771e+01
1.751000e-05	-3.818206e-02	-1.525513e+01
1.752000e-05	-3.836463e-02	-1.521093e+01
1.753000e-05	-4.063839e-02	-1.517924e+01
1.754000e-05	-4.469762e-02	-1.507501e+01
1.755000e-05	-4.845877e-02	-1.502147e+01
1.756000e-05	-5.121830e-02	-1.492876e+01
1.757000e-05	-5.699182e-02	-1.488410e+01
1.758000e-05	-6.619592e-02	-1.475034e+01
1.759000e-05	-7.565769e-02	-1.467623e+01
1.760000e-05	-8.763457e-02	-1.459135e+01
1.761000e-05	-1.026393e-01	-1.448471e+01
1.762000e-05	-1.239365e-01	-1.437995e+01
1.763000e-05	-1.486924e-01	-1.424605e+01
1.764000e-05	-1.783999e-01	-1.411829e+01
1.765000e-05	-2.144287e-01	-1.401345e+01
1.766000e-05	-2.411452e-01	-1.388516e+01
1.767000e-05	-2.496940e-01	-1.369824e+01
1.768000e-05	-2.500000e-01	-1.361990e+01
1.769000e-05	-2.500000e-01	-1.347303e+01
1.770000e-05	-2.500000e-01	-1.328673e+01
1.771000e-05	-2.500000e-01	-1.314877e+01
1.772000e-05	-2.500000e-01	-1.301130e+01
1.773000e-05	-2.490265e-01	-1.284308e+01
1.774000e-05	-2.319941e-01	-1.270406e+01
1.775000e-05	-1.998954e-01	-1.254667e+01
1.776000e-05	-1.669893e-01	-1.235827e+01
1.777000e-05	-1.394649e-01	-1.213785e+01
1.778000e-05	-1.162252e-01	-1.200027e+01
1.779000e-05	-9.735880e-02	-1.176682e+01
1.780000e-05	-8.107267e-02	-1.152980e+01
1.781000e-05	-6.747755e-02	-1.130621e+01
1.782000e-05	-5.606363e-02	-1.110717e+01
1.783000e-05	-4.788092e-02	-1.087666e+01
1.784000e-05	-4.092408e-02	-1.066561e+01
1.785000e-05	-3.509490e-02	-1.049627e+01
1.786000e-05	-2.964339e-02	-1.032669e+01
1.787000e-05	-2.676989e-02	-1.003406e+01
1.788000e-05	-2.422842e-02	-9.873479e+00
1.789000e-05	-2.170981e-02	-9.613010e+00
1.790000e-05	-1.966708e-02	-9.372352e+00
1.791000e-05	-1.806844e-02	-9.148325e+00
1.792000e-05	-1.655849e-02	-8.938297e+00
1.793000e-05	-1.482422e-02	-8.716642e+00
1.794000e-05	-1.362227e-02	-8.464512e+00
1.795000e-05	-1.267504e-02	-8.221084e+00
1.796000e-05	-1.227298e-02	-8.009854e+00
1.797000e-05	-1.132233e-02	-7.665669e+00
1.798000e-05	-1.028482e-02	-7.452934e+00
1.799000e-05	-1.099865e-02	-7.177326e+00
1.800000e-05	-1.056214e-02	-6.856671e+00
1.801000e-05	-9.629027e-03	-6.642037e+00
1.802000e-05	-9.557836e-03	-6.400380e+00
1.803000e-05	-9.013844e-03	-6.127221e+00
1.804000e-05	-1.002599e-02	-5.862559e+00
1.805000e-05	-7.522278e-03	-5.608381e+00
1.806000e-05	-8.052060e-03	-5.284621e+00
1.807000e-05	-6.609344e-03	-5.020857e+00
1.808000e-05	-8.057706e-03	-4.594514e+00
1.809000e-05	-5.789977e-03	-4.411483e+00
1.810000e-05	-7.838421e-03	-4.179378e+00
1.811000e-05	-6.320009e-03	-3.877173e+00
1.812000e-05	-7.526898e-03	-3.589457e+00
1.813000e-05	-8.011929e-03	-3.337724e+00
1.814000e-05	-6.626292e-03	-3.071566e+00
1.815000e-05	-4.394672e-03	-2.748324e+00
1.816000e-05	-4.974624e-03	-2.484017e+00
1.817000e-05	-4.304847e-03	-2.179435e+00
1.818000e-05	-5.322926e-03	-1.945193e+00
1.819000e-05	-4.812821e-03	-1.651987e+00
1.820000e-05	-6.132044e-03	-1.286701e+00
1.821000e-05	-6.423089e-03	-1.029937e+00
1.822000e-05	-4.561787e-03	-7.267261e-01
1.823000e-05	-3.698590e-03	-4.620116e-01
1.824000e-05	-1.282589e-03	-1.593036e-01
1.825000e-05	6.517563e-03	1.274043e-01
1.826000e-05	3.666112e-03	4.116212e-01
1.827000e-05	1.569314e-03	6.627289e-01
1.828000e-05	-2.148434e-04	9.369544e-01
1.829000e-05	1.353012e-03	1.242651e+00
1.830000e-05	2.559558e-04	1.515457e+00
1.831000e-05	1.514807e-03	1.841646e+00
1.832000e-05	1.837733e-02	2.052703e+00
1.833000e-05	7.582947e-02	2.345436e+00
1.834000e-05	1.358198e-02	2.644804e+00
1.835000e-05	-6.135439e-02	3.000567e+00
1.836000e-05	-3.963683e-02	3.251775e+00
1.837000e-05	-7.045702e-03	3.547960e+00
1.838000e-05	-2.087742e-02	3.759466e+00
1.839000e-05	-5.908056e-02	3.947488e+00
1.840000e-05	7.476635e-02	4.199616e+00
1.841000e-05	1.690059e-02	4.528482e+00
1.842000e-05	3.773105e-03	4.759941e+00
1.843000e-05	8.395587e-02	5.033775e+00
1.844000e-05	-1.053190e-01	5.431120e+00
1.845000e-05	4.915688e-02	5.703801e+00
1.846000e-05	-1.471295e-02	5.938961e+00
1.847000e-05	5.359830e-03	6.231069e+00
1.848000e-05	1.175401e-02	6.474750e+00
1.849000e-05	-2.303388e-02	6.799410e+00
1.850000e-05	7.501781e-02	7.012594e+00
1.851000e-05	-3.732139e-02	7.283279e+00
1.852000e-05	-7.009397e-03	7.589991e+00
1.853000e-05	-1.852099e-02	7.842696e+00
1.854000e-05	4.239017e-02	8.107381e+00
1.855000e-05	2.031894e-02	8.349537e+00
1.856000e-05	-4.130370e-02	8.590013e+00
1.857000e-05	4.274616e-02	8.821197e+00
1.858000e-05	-4.961051e-03	9.041624e+00
1.859000e-05	1.299511e-02	9.265354e+00
1.860000e-05	-1.783623e-02	9.516858e+00
1.861000e-05	1.567203e-02	9.737432e+00
1.862000e-05	2.199067e-02	1.001094e+01
1.863000e-05	5.442103e-03	1.020007e+01
1.864000e-05	6.663718e-03	1.043315e+01
1.865000e-05	-1.250479e-02	1.067555e+01
1.866000e-05	2.890594e-02	1.087515e+01
1.867000e-05	-2.001610e-03	1.103460e+01
1.868000e-05	9.504237e-03	1.126372e+01
1.869000e-05	1.027561e-03	1.148567e+01
1.870000e-05	2.533068e-02	1.167528e+01
1.871000e-05	4.663563e-03	1.188518e+01
1.872000e-05	4.021630e-03	1.206373e+01
1.873000e-05	4.107634e-03	1.226460e+01
1.874000e-05	1.398186e-02	1.240363e+01
1.875000e-05	1.335494e-02	1.261149e+01
1.876000e-05	3.149118e-03	1.272796e+01
1.877000e-05	1.334290e-02	1.294838e+01
1.878000e-05	1.230544e-02	1.309780e+01
1.879000e-05	1.792116e-02	1.326355e+01
1.880000e-05	3.978532e-04	1.338159e+01
1.881000e-05	1.170850e-02	1.354887e+01
1.882000e-05	1.128987e-02	1.364571e+01
1.883000e-05	1.529803e-02	1.378552e+01
1.884000e-05	4.905777e-03	1.398049e+01
1.885000e-05	1.152235e-02	1.409976e+01
1.886000e-05	1.828098e-02	1.426463e+01
1.887000e-05	1.389008e-02	1.439984e+01
1.888000e-05	9.618308e-03	1.449465e+01
1.889000e-05	8.316167e-03	1.460037e+01
1.890000e-05	2.006109e-02	1.467571e+01
1.891000e-05	1.243104e-02	1.476937e+01
1.892000e-05	1.090940e-02	1.485207e+01
1.893000e-05	1.098805e-02	1.493726e+01
1.894000e-05	1.895552e-02	1.498152e+01
1.895000e-05	1.537013e-02	1.501363e+01
1.896000e-05	1.278042e-02	1.512574e+01
1.897000e-05	1.479020e-02	1.519200e+01
1.898000e-05	1.917781e-02	1.524467e+01
1.899000e-05	1.835454e-02	1.531613e+01
1.900000e-05	1.176699e-02	1.534981e+01
1.901000e-05	1.560210e-02	1.539047e+01
1.902000e-05	1.834195e-02	1.546137e+01
1.903000e-05	2.128884e-02	1.548303e+01
1.904000e-05	1.571229e-02	1.548403e+01
1.905000e-05	1.805847e-02	1.550515e+01
1.906000e-05	2.286197e-02	1.552573e+01
1.907000e-05	2.172652e-02	1.550568e+01
1.908000e-05	1.990896e-02	1.548626e+01
1.909000e-05	1.923460e-02	1.553568e+01
1.910000e-05	2.491223e-02	1.550518e+01
1.911000e-05	2.431222e-02	1.551506e+01
1.912000e-05	2.466448e-02	1.548298e+01
1.913000e-05	2.298713e-02	1.546285e+01
1.914000e-05	2.787957e-02	1.536037e+01
1.915000e-05	2.982695e-02	1.534929e+01
1.916000e-05	2.848374e-02	1.528821e+01
1.917000e-05	3.008726e-02	1.523408e+01
1.918000e-05	3.373533e-02	1.520185e+01
1.919000e-05	3.730074e-02	1.511821e+01
1.920000e-05	3.435151e-02	1.505408e+01
1.921000e-05	4.171082e-02	1.497037e+01
1.922000e-05	4.394022e-02	1.489821e+01
1.923000e-05	5.742921e-02	1.483195e+01
1.924000e-05	5.988343e-02	1.475921e+01
1.925000e-05	7.306128e-02	1.466298e+01
1.926000e-05	8.846944e-02	1.453975e+01
1.927000e-05	1.047816e-01	1.447453e+01
1.928000e-05	1.246299e-01	1.435926e+01
1.929000e-05	1.468471e-01	1.422086e+01
1.930000e-05	1.835201e-01	1.410463e+01
1.931000e-05	2.196264e-01	1.398782e+01
1.932000e-05	2.444421e-01	1.381286e+01
1.933000e-05	2.497960e-01	1.368661e+01
1.934000e-05	2.500000e-01	1.354622e+01
1.935000e-05	2.500000e-01	1.338030e+01
1.936000e-05	2.500000e-01	1.325301e+01
1.937000e-05	2.500000e-01	1.311706e+01
1.938000e-05	2.496000e-01	1.292719e+01
1.939000e-05	2.419304e-01	1.275885e+01
1.940000e-05	2.165748e-01	1.262090e+01
1.941000e-05	1.811971e-01	1.245053e+01
1.942000e-05	1.519607e-01	1.229346e+01
1.943000e-05	1.253185e-01	1.205506e+01
1.944000e-05	1.019457e-01	1.191264e+01
1.945000e-05	8.171216e-02	1.170506e+01
1.946000e-05	6.651167e-02	1.147654e+01
1.947000e-05	5.585529e-02	1.125611e+01
1.948000e-05	4.525101e-02	1.105301e+01
1.949000e-05	3.694074e-02	1.085419e+01
1.950000e-05	2.996167e-02	1.065354e+01
1.951000e-05	2.686120e-02	1.046443e+01
1.952000e-05	2.071360e-02	1.021293e+01
1.953000e-05	1.568714e-02	1.000140e+01
1.954000e-05	1.275203e-02	9.789874e+00
1.955000e-05	1.102000e-02	9.518697e+00
1.956000e-05	1.026375e-02	9.307220e+00
1.957000e-05	8.500525e-03	9.094715e+00
1.958000e-05	6.536302e-03	8.822541e+00
1.959000e-05	6.583783e-03	8.612358e+00
1.960000e-05	5.119714e-03	8.399905e+00
1.961000e-05	3.175942e-03	8.148220e+00
1.962000e-05	2.261763e-03	7.944564e+00
1.963000e-05	1.416730e-03	7.652059e+00
1.964000e-05	2.426824e-03	7.379321e+00
1.965000e-05	1.186761e-03	7.066166e+00
1.966000e-05	1.077333e-03	6.862964e+00
1.967000e-05	8.303481e-04	6.550824e+00
1.968000e-05	9.065994e-04	6.335670e+00
1.969000e-05	2.497363e-04	6.072036e+00
1.970000e-05	-1.243018e-03	5.778955e+00
1.971000e-05	-1.765567e-03	5.546222e+00
1.972000e-05	-2.842174e-03	5.263438e+00
1.973000e-05	-2.305659e-03	4.877097e+00
1.974000e-05	-2.382566e-03	4.599933e+00
1.975000e-05	-1.740672e-03	4.418252e+00
1.976000e-05	-1.338828e-03	4.023016e+00
1.977000e-05	-1.886137e-03	3.799329e+00
1.978000e-05	-3.057162e-03	3.566224e+00
1.979000e-05	-3.925960e-03	3.240480e+00
1.980000e-05	-3.838441e-03	2.947323e+00
1.981000e-05	-3.950450e-03	2.733143e+00
1.982000e-05	-4.436122e-03	2.358358e+00
1.983000e-05	-4.097506e-03	2.114721e+00
1.984000e-05	-4.039316e-03	1.873988e+00
1.985000e-05	-4.181072e-03	1.547297e+00
1.986000e-05	-4.325044e-03	1.250992e+00
1.987000e-05	-5.131754e-03	8.967222e-01
1.988000e-05	-4.674834e-03	6.119615e-01
1.989000e-05	-3.805394e-03	3.571750e-01
1.990000e-05	-2.781144e-03	8.140921e-02
1.991000e-05	5.202289e-03	-2.315937e-01
1.992000e-05	-1.670625e-03	-4.627488e-01
1.993000e-05	-6.962670e-04	-7.689634e-01
1.994000e-05	-5.348752e-03	-1.009172e+00
1.995000e-05	-2.658645e-03	-1.265802e+00
1.996000e-05	-5.245865e-03	-1.619066e+00
1.997000e-05	9.048200e-03	-1.803150e+00
1.998000e-05	6.293144e-02	-2.032224e+00
1.999000e-05	5.144732e-02	-2.328480e+00
2.000000e-05	-7.746631e-02	-2.706903e+00
2.001000e-05	-3.170532e-02	-3.066802e+00
2.002000e-05	-3.677117e-02	-3.359988e+00
2.003000e-05	-3.631273e-02	-3.601067e+00
2.004000e-05	-4.601084e-02	-3.864324e+00
2.005000e-05	1.438746e-01	-4.072753e+00
2.006000e-05	-1.415254e-01	-4.277355e+00
2.007000e-05	1.197450e-01	-4.590017e+00
2.008000e-05	8.648176e-04	-4.821739e+00
2.009000e-05	-9.981432e-02	-5.129036e+00
2.010000e-05	7.667984e-02	-5.433644e+00
2.011000e-05	-1.469260e-01	-5.729406e+00
2.012000e-05	1.167970e-01	-6.000594e+00
2.013000e-05	-5.068864e-02	-6.235250e+00
2.014000e-05	-3.473398e-03	-6.539985e+00
2.015000e-05	7.077154e-02	-6.751142e+00
2.016000e-05	-1.044578e-01	-7.096751e+00
2.017000e-05	6.192098e-02	-7.340444e+00
2.018000e-05	-9.071835e-02	-7.642116e+00
2.019000e-05	4.838819e-02	-7.936852e+00
2.020000e-05	-1.639463e-03	-8.156957e+00
2.021000e-05	-4.432743e-02	-8.401590e+00
2.022000e-05	7.131119e-02	-8.672650e+00
2.023000e-05	-1.013680e-01	-8.896381e+00
2.024000e-05	6.024190e-02	-9.136413e+00
2.025000e-05	-7.899623e-02	-9.339036e+00
2.026000e-05	4.158245e-02	-9.593115e+00
2.027000e-05	-2.288886e-02	-9.812621e+00
2.028000e-05	-4.392426e-03	-1.011270e+01
2.029000e-05	5.207545e-03	-1.031567e+01
2.030000e-05	-4.431965e-02	-1.050580e+01
2.031000e-05	2.280830e-02	-1.069630e+01
2.032000e-05	-5.347256e-02	-1.087533e+01
2.033000e-05	2.488020e-02	-1.110675e+01
2.034000e-05	-3.898862e-02	-1.132735e+01
2.035000e-05	2.052435e-02	-1.149736e+01
2.036000e-05	-3.397282e-02	-1.170935e+01
2.037000e-05	8.035902e-04	-1.197091e+01
2.038000e-05	-2.740897e-02	-1.213891e+01
2.039000e-05	-6.174179e-03	-1.232821e+01
2.040000e-05	-1.464897e-02	-1.245375e+01
2.041000e-05	-1.525094e-02	-1.268373e+01
2.042000e-05	-5.812332e-03	-1.286519e+01
2.043000e-05	-2.169985e-02	-1.298352e+01
2.044000e-05	-3.366203e-03	-1.312734e+01
2.045000e-05	-3.107879e-02	-1.327631e+01
2.046000e-05	-3.899144e-03	-1.347415e+01
2.047000e-05	-2.687425e-02	-1.361387e+01
2.048000e-05	-5.142272e-03	-1.372791e+01
2.049000e-05	-2.343228e-02	-1.386420e+01
2.050000e-05	-1.070795e-02	-1.401364e+01
2.051000e-05	-1.825836e-02	-1.418983e+01
2.052000e-05	-1.654873e-02	-1.424463e+01
2.053000e-05	-2.072778e-02	-1.436139e+01
2.054000e-05	-1.880674e-02	-1.451736e+01
2.055000e-05	-1.691884e-02	-1.460302e+01
2.056000e-05	-1.684057e-02	-1.466623e+01
2.057000e-05	-1.936043e-02	-1.473994e+01
2.058000e-05	-1.892038e-02	-1.488563e+01
2.059000e-05	-1.838576e-02	-1.494834e+01
2.060000e-05	-2.125280e-02	-1.503300e+01
2.061000e-05	-2.088871e-02	-1.507523e+01
2.062000e-05	-2.395802e-02	-1.520084e+01
2.063000e-05	-1.908376e-02	-1.516552e+01
2.064000e-05	-2.216701e-02	-1.526418e+01
2.065000e-05	-2.098550e-02	-1.532718e+01
2.066000e-05	-2.543427e-02	-1.535992e+01
2.067000e-05	-2.194680e-02	-1.539297e+01
2.068000e-05	-2.325072e-02	-1.541203e+01
2.069000e-05	-2.398084e-02	-1.541455e+01
2.070000e-05	-2.442549e-02	-1.551674e+01
2.071000e-05	-2.553038e-02	-1.545773e+01
2.072000e-05	-2.586197e-02	-1.552624e+01
2.073000e-05	-2.817894e-02	-1.550631e+01
2.074000e-05	-2.869127e-02	-1.549619e+01
2.075000e-05	-2.789866e-02	-1.548469e+01
2.076000e-05	-2.823279e-02	-1.548663e+01
2.077000e-05	-2.974569e-02	-1.551468e+01
2.078000e-05	-3.179644e-02	-1.544413e+01
2.079000e-05	-3.336112e-02	-1.539345e+01
2.080000e-05	-3.278025e-02	-1.540089e+01
2.081000e-05	-3.461840e-02	-1.532979e+01
2.082000e-05	-3.694414e-02	-1.527628e+01
2.083000e-05	-3.792902e-02	-1.523355e+01
2.084000e-05	-3.925668e-02	-1.518095e+01
2.085000e-05	-4.273635e-02	-1.515969e+01
2.086000e-05	-4.592135e-02	-1.509400e+01
2.087000e-05	-5.040374e-02	-1.498995e+01
2.088000e-05	-5.431632e-02	-1.488816e+01
2.089000e-05	-5.995672e-02	-1.483303e+01
2.090000e-05	-6.873010e-02	-1.473672e+01
2.091000e-05	-8.023347e-02	-1.465353e+01
2.092000e-05	-9.353790e-02	-1.454919e+01
2.093000e-05	-1.108158e-01	-1.442492e+01
2.094000e-05	-1.334739e-01	-1.437874e+01
2.095000e-05	-1.603275e-01	-1.421048e+01
2.096000e-05	-1.928709e-01	-1.409506e+01
2.097000e-05	-2.290232e-01	-1.396889e+01
2.098000e-05	-2.463264e-01	-1.379293e+01
2.099000e-05	-2.499992e-01	-1.367616e+01
2.100000e-05	-2.500000e-01	-1.356824e+01
2.101000e-05	-2.500000e-01	-1.339232e+01
2.102000e-05	-2.500000e-01	-1.319351e+01
2.103000e-05	-2.500000e-01	-1.308506e+01
2.104000e-05	-2.499900e-01	-1.293772e+01
2.105000e-05	-2.453594e-01	-1.280840e+01
2.106000e-05	-2.209811e-01	-1.259238e+01
2.107000e-05	-1.866853e-01	-1.246341e+01
2.108000e-05	-1.559481e-01	-1.229263e+01
2.109000e-05	-1.300753e-01	-1.211504e+01
2.110000e-05	-1.085078e-01	-1.193516e+01
2.111000e-05	-9.053155e-02	-1.171699e+01
2.112000e-05	-7.514179e-02	-1.143601e+01
2.113000e-05	-6.304097e-02	-1.116188e+01
2.114000e-05	-5.286675e-02	-1.100186e+01
2.115000e-05	-4.548999e-02	-1.081251e+01
2.116000e-05	-3.835483e-02	-1.065293e+01
2.117000e-05	-3.290168e-02	-1.043398e+01
2.118000e-05	-2.882884e-02	-1.018085e+01
2.119000e-05	-2.419398e-02	-9.959271e+00
2.120000e-05	-2.278998e-02	-9.761326e+00
2.121000e-05	-2.031968e-02	-9.546273e+00
2.122000e-05	-1.836308e-02	-9.295142e+00
2.123000e-05	-1.725674e-02	-9.093613e+00
2.124000e-05	-1.559869e-02	-8.850959e+00
2.125000e-05	-1.522522e-02	-8.632279e+00
2.126000e-05	-1.282329e-02	-8.350326e+00
2.127000e-05	-1.281837e-02	-8.128197e+00
2.128000e-05	-1.222631e-02	-7.924115e+00
2.129000e-05	-1.152209e-02	-7.580328e+00
2.130000e-05	-1.114220e-02	-7.306696e+00
2.131000e-05	-9.419186e-03	-7.073465e+00
2.132000e-05	-1.012194e-02	-6.810353e+00
2.133000e-05	-1.025509e-02	-6.579820e+00
2.134000e-05	-9.384200e-03	-6.284091e+00
2.135000e-05	-8.075045e-03	-6.030956e+00
2.136000e-05	-9.063013e-03	-5.749325e+00
2.137000e-05	-7.648561e-03	-5.472566e+00
2.138000e-05	-8.447164e-03	-5.189831e+00
2.139000e-05	-6.663560e-03	-4.844991e+00
2.140000e-05	-6.471922e-03	-4.578298e+00
2.141000e-05	-5.909225e-03	-4.326795e+00
2.142000e-05	-8.901768e-03	-4.055114e+00
2.143000e-05	-6.780491e-03	-3.778434e+00
2.144000e-05	-7.555924e-03	-3.526620e+00
2.145000e-05	-7.234561e-03	-3.243537e+00
2.146000e-05	-8.164135e-03	-2.946699e+00
2.147000e-05	-5.792883e-03	-2.654591e+00
2.148000e-05	-3.560752e-03	-2.439305e+00
2.149000e-05	-4.032765e-03	-2.077018e+00
2.150000e-05	-6.060060e-03	-1.800913e+00
2.151000e-05	-5.367637e-03	-1.456297e+00
2.152000e-05	-4.885985e-03	-1.169902e+00
2.153000e-05	-5.479928e-03	-9.061447e-01
2.154000e-05	-5.386911e-03	-5.824418e-01
2.155000e-05	-4.414924e-03	-3.362472e-01
2.156000e-05	1.324867e-03	-7.010934e-02
2.157000e-05	9.160962e-03	2.621724e-01
2.158000e-05	-1.939603e-03	5.048816e-01
2.159000e-05	2.239047e-03	7.584124e-01
2.160000e-05	-1.197752e-03	1.033219e+00
2.161000e-05	3.650432e-03	1.329383e+00
2.162000e-05	-2.202512e-03	1.643670e+00
2.163000e-05	9.699971e-03	1.905808e+00
2.164000e-05	3.416956e-02	2.136434e+00
2.165000e-05	8.108845e-02	2.442198e+00
2.166000e-05	-4.537103e-02	2.852170e+00
2.167000e-05	-4.899173e-02	3.117329e+00
2.168000e-05	-3.450904e-02	3.387512e+00
2.169000e-05	7.850191e-03	3.662148e+00
2.170000e-05	-4.941391e-02	3.843176e+00
2.171000e-05	-2.358514e-02	4.031672e+00
2.172000e-05	1.098900e-01	4.327881e+00
2.173000e-05	-5.913248e-02	4.643150e+00
2.174000e-05	1.000414e-01	4.856296e+00
2.175000e-05	-2.738158e-02	5.241171e+00
2.176000e-05	-5.324378e-02	5.516862e+00
2.177000e-05	5.412790e-02	5.761584e+00
2.178000e-05	-3.903928e-02	6.064700e+00
2.179000e-05	4.235542e-02	6.316832e+00
2.180000e-05	-3.366098e-02	6.631641e+00
2.181000e-05	3.292052e-02	6.864250e+00
2.182000e-05	3.633984e-02	7.127337e+00
2.183000e-05	-3.905736e-02	7.412690e+00
2.184000e-05	-3.150112e-03	7.696253e+00
2.185000e-05	-6.337450e-03	7.978415e+00
2.186000e-05	5.597948e-02	8.243594e+00
2.187000e-05	-1.836473e-02	8.474226e+00
2.188000e-05	-1.231203e-02	8.695181e+00
2.189000e-05	4.002047e-02	8.946853e+00
2.190000e-05	-1.545160e-02	9.178864e+00
2.191000e-05	1.641319e-02	9.359566e+00
2.192000e-05	-2.437157e-02	9.592748e+00
2.193000e-05	3.585321e-02	9.853120e+00
2.194000e-05	8.132968e-03	1.010375e+01
2.195000e-05	1.015614e-02	1.030530e+01
2.196000e-05	-4.769846e-03	1.053733e+01
2.197000e-05	-1.006002e-03	1.072881e+01
2.198000e-05	2.786548e-02	1.092736e+01
2.199000e-05	-9.268631e-03	1.110823e+01
2.200000e-05	1.297159e-02	1.133683e+01
2.201000e-05	3.837190e-03	1.157033e+01
2.202000e-05	2.865766e-02	1.179046e+01
2.203000e-05	-1.861676e-03	1.195738e+01
2.204000e-05	3.966510e-03	1.214788e+01
2.205000e-05	6.828404e-03	1.235878e+01
2.206000e-05	1.531704e-02	1.248580e+01
2.207000e-05	9.463433e-03	1.266465e+01
2.208000e-05	2.156580e-03	1.284362e+01
2.209000e-05	1.697435e-02	1.301057e+01
2.210000e-05	1.458117e-02	1.314937e+01
2.211000e-05	1.398600e-02	1.332668e+01
2.212000e-05	-1.241506e-03	1.343465e+01
2.213000e-05	1.324212e-02	1.363044e+01
2.214000e-05	1.415323e-02	1.376833e+01
2.215000e-05	1.113889e-02	1.390470e+01
2.216000e-05	6.453148e-03	1.400255e+01
2.217000e-05	1.280805e-02	1.419249e+01
2.218000e-05	1.969965e-02	1.426716e+01
2.219000e-05	1.012051e-02	1.442202e+01
2.220000e-05	9.397993e-03	1.453718e+01
2.221000e-05	1.109103e-02	1.464442e+01
2.222000e-05	1.879396e-02	1.466676e+01
2.223000e-05	1.328016e-02	1.480052e+01
2.224000e-05	8.704922e-03	1.484618e+01
2.225000e-05	1.562608e-02	1.493831e+01
2.226000e-05	1.660966e-02	1.500299e+01
2.227000e-05	1.593065e-02	1.504581e+01
2.228000e-05	8.371884e-03	1.515936e+01
2.229000e-05	1.859814e-02	1.521100e+01
2.230000e-05	1.706598e-02	1.531461e+01
2.231000e-05	1.941535e-02	1.529976e+01
2.232000e-05	1.078123e-02	1.542091e+01
2.233000e-05	1.945741e-02	1.540197e+01
2.234000e-05	2.114997e-02	1.544555e+01
2.235000e-05	2.014264e-02	1.544255e+01
2.236000e-05	1.484884e-02	1.551663e+01
2.237000e-05	1.805716e-02	1.548566e+01
2.238000e-05	2.111054e-02	1.550463e+01
2.239000e-05	1.932606e-02	1.549661e+01
2.240000e-05	1.847797e-02	1.552561e+01
2.241000e-05	2.347514e-02	1.551608e+01
2.242000e-05	2.765521e-02	1.549608e+01
2.243000e-05	2.808633e-02	1.545298e+01
2.244000e-05	2.261859e-02	1.543300e+01
2.245000e-05	2.360418e-02	1.542145e+01
2.246000e-05	2.618753e-02	1.538929e+01
2.247000e-05	2.756167e-02	1.530919e+01
2.248000e-05	2.702843e-02	1.526558e+01
2.249000e-05	3.271502e-02	1.523292e+01
2.250000e-05	3.805361e-02	1.516984e+01
2.251000e-05	3.995628e-02	1.508616e+01
2.252000e-05	3.780100e-02	1.501188e+01
2.253000e-05	4.081830e-02	1.493939e+01
2.254000e-05	4.998778e-02	1.485614e+01
2.255000e-05	5.681904e-02	1.480995e+01
2.256000e-05	6.362955e-02	1.472766e+01
2.257000e-05	7.539436e-02	1.464047e+01
2.258000e-05	9.466651e-02	1.450669e+01
2.259000e-05	1.124983e-01	1.442150e+01
2.260000e-05	1.332448e-01	1.427709e+01
2.261000e-05	1.618457e-01	1.414035e+01
2.262000e-05	1.993168e-01	1.405505e+01
2.263000e-05	2.347092e-01	1.389664e+01
2.264000e-05	2.478488e-01	1.373930e+01
2.265000e-05	2.499991e-01	1.362142e+01
2.266000e-05	2.500000e-01	1.344458e+01
2.267000e-05	2.500000e-01	1.333779e+01
2.268000e-05	2.500000e-01	1.316790e+01
2.269000e-05	2.500000e-01	1.301293e+01
2.270000e-05	2.496490e-01	1.285356e+01
2.271000e-05	2.351377e-01	1.269566e+01
2.272000e-05	2.022646e-01	1.251770e+01
2.273000e-05	1.664609e-01	1.239838e+01
2.274000e-05	1.391424e-01	1.218835e+01
2.275000e-05	1.152270e-01	1.198046e+01
2.276000e-05	9.455761e-02	1.183141e+01
2.277000e-05	7.486378e-02	1.160208e+01
2.278000e-05	6.207568e-02	1.138135e+01
2.279000e-05	5.118266e-02	1.117133e+01
2.280000e-05	4.240872e-02	1.096090e+01
2.281000e-05	3.261991e-02	1.082048e+01
2.282000e-05	2.730459e-02	1.056038e+01
2.283000e-05	2.351426e-02	1.038980e+01
2.284000e-05	2.015084e-02	1.012980e+01
2.285000e-05	1.504404e-02	9.937721e+00
2.286000e-05	1.238293e-02	9.665592e+00
2.287000e-05	1.027633e-02	9.422060e+00
2.288000e-05	9.584604e-03	9.232034e+00
2.289000e-05	6.717989e-03	8.981805e+00
2.290000e-05	6.051094e-03	8.759273e+00
2.291000e-05	5.736111e-03	8.537720e+00
2.292000e-05	4.995525e-03	8.313666e+00
2.293000e-05	3.203066e-03	8.064912e+00
2.294000e-05	1.834588e-03	7.799929e+00
2.295000e-05	2.567145e-03	7.544249e+00
2.296000e-05	1.740002e-03	7.233539e+00
2.297000e-05	5.482596e-04	7.020880e+00
2.298000e-05	-3.838727e-04	6.745724e+00
2.299000e-05	1.220159e-03	6.482562e+00
2.300000e-05	5.829419e-04	6.182462e+00
2.301000e-05	-6.066107e-04	5.968928e+00
2.302000e-05	-1.698763e-03	5.654668e+00
2.303000e-05	-9.451167e-04	5.430934e+00
2.304000e-05	-2.269226e-03	5.144647e+00
2.305000e-05	-1.532895e-03	4.829330e+00
2.306000e-05	-4.092453e-03	4.506169e+00
2.307000e-05	-2.138971e-03	4.212542e+00
2.308000e-05	-2.336378e-03	3.965202e+00
2.309000e-05	-2.348800e-03	3.652566e+00
2.310000e-05	-2.725515e-03	3.409962e+00
2.311000e-05	-2.114974e-03	3.085622e+00
2.312000e-05	-2.874908e-03	2.843514e+00
2.313000e-05	-4.250258e-03	2.607707e+00
2.314000e-05	-4.571048e-03	2.293142e+00
2.315000e-05	-4.613781e-03	2.038937e+00
2.316000e-05	-4.735516e-03	1.706205e+00
2.317000e-05	-4.728416e-03	1.431885e+00
2.318000e-05	-3.973864e-03	1.094694e+00
2.319000e-05	-4.318256e-03	8.108288e-01
2.320000e-05	-4.016115e-03	4.941722e-01
2.321000e-05	-2.497923e-03	2.029891e-01
2.322000e-05	-1.505500e-03	-6.425021e-02
2.323000e-05	7.249634e-03	-3.273580e-01
2.324000e-05	-5.890875e-03	-6.195572e-01
2.325000e-05	-6.058400e-04	-8.517026e-01
2.326000e-05	-6.786445e-03	-1.115827e+00
2.327000e-05	-6.787251e-04	-1.421644e+00
2.328000e-05	-2.936384e-03	-1.655825e+00
2.329000e-05	2.225320e-02	-1.947805e+00
2.330000e-05	9.589273e-02	-2.146929e+00
2.331000e-05	-2.429432e-02	-2.476355e+00
2.332000e-05	-5.889914e-02	-2.865298e+00
2.333000e-05	-4.404548e-02	-3.262547e+00
2.334000e-05	-1.955918e-02	-3.473699e+00
2.335000e-05	-7.439390e-02	-3.686828e+00
2.336000e-05	6.014309e-02	-3.959958e+00
2.337000e-05	5.440764e-02	-4.097909e+00
2.338000e-05	-1.080094e-01	-4.420595e+00
2.339000e-05	1.896333e-01	-4.664804e+00
2.340000e-05	-1.408555e-01	-4.958438e+00
2.341000e-05	3.061597e-02	-5.274775e+00
2.342000e-05	-3.140769e-02	-5.550037e+00
2.343000e-05	-6.633903e-02	-5.866250e+00
2.344000e-05	1.175364e-01	-6.103329e+00
2.345000e-05	-1.113591e-01	-6.380085e+00
2.346000e-05	9.435708e-02	-6.665754e+00
2.347000e-05	-3.499059e-02	-6.926952e+00
2.348000e-05	-3.887572e-02	-7.251573e+00
2.349000e-05	2.900169e-02	-7.465153e+00
2.350000e-05	-8.858418e-02	-7.761482e+00
2.351000e-05	9.821322e-02	-8.042671e+00
2.352000e-05	-8.711226e-02	-8.234699e+00
2.353000e-05	5.197368e-02	-8.506381e+00
2.354000e-05	-2.000339e-02	-8.729309e+00
2.355000e-05	-4.146913e-02	-9.002570e+00
2.356000e-05	3.249591e-02	-9.192996e+00
2.357000e-05	-7.200968e-02	-9.483700e+00
2.358000e-05	6.375401e-02	-9.675807e+00
2.359000e-05	-6.712370e-02	-9.917352e+00
2.360000e-05	4.661010e-02	-1.013688e+01
2.361000e-05	-5.228011e-02	-1.035093e+01
2.362000e-05	9.363386e-03	-1.059087e+01
2.363000e-05	-2.326669e-02	-1.075848e+01
2.364000e-05	-1.675056e-02	-1.096001e+01
2.365000e-05	2.172017e-03	-1.117191e+01
2.366000e-05	-2.445556e-02	-1.138959e+01
2.367000e-05	1.022532e-02	-1.162259e+01
2.368000e-05	-3.429065e-02	-1.183162e+01
2.369000e-05	6.635329e-03	-1.202310e+01
2.370000e-05	-3.712323e-02	-1.222312e+01
2.371000e-05	7.613754e-03	-1.237047e+01
2.372000e-05	-3.066187e-02	-1.258046e+01
2.373000e-05	1.251102e-03	-1.277129e+01
2.374000e-05	-2.367545e-02	-1.292775e+01
2.375000e-05	-3.869440e-03	-1.302310e+01
2.376000e-05	-1.860935e-02	-1.318207e+01
2.377000e-05	-1.770443e-02	-1.333099e+01
2.378000e-05	-1.221195e-02	-1.349720e+01
2.379000e-05	-2.013097e-02	-1.365460e+01
2.380000e-05	-8.844192e-03	-1.376302e+01
2.381000e-05	-2.364296e-02	-1.392891e+01
2.382000e-05	-8.720985e-03	-1.405468e+01
2.383000e-05	-2.107906e-02	-1.420302e+01
2.384000e-05	-1.428215e-02	-1.433776e+01
2.385000e-05	-2.239901e-02	-1.440312e+01
2.386000e-05	-1.524442e-02	-1.452789e+01
2.387000e-05	-1.854240e-02	-1.461455e+01
2.388000e-05	-1.685881e-02	-1.471781e+01
2.389000e-05	-2.059098e-02	-1.481160e+01
2.390000e-05	-1.700893e-02	-1.489823e+01
2.391000e-05	-2.178694e-02	-1.497152e+01
2.392000e-05	-2.013485e-02	-1.506355e+01
2.393000e-05	-2.240142e-02	-1.512923e+01
2.394000e-05	-2.011691e-02	-1.517129e+01
2.395000e-05	-2.068444e-02	-1.522362e+01
2.396000e-05	-2.213682e-02	-1.527671e+01
2.397000e-05	-2.218962e-02	-1.536039e+01
2.398000e-05	-2.434910e-02	-1.538285e+01
2.399000e-05	-2.287564e-02	-1.541455e+01
2.400000e-05	-2.510465e-02	-1.543508e+01
2.401000e-05	-2.294174e-02	-1.541520e+01
2.402000e-05	-2.481534e-02	-1.546618e+01
2.403000e-05	-2.493593e-02	-1.552619e+01
2.404000e-05	-2.737766e-02	-1.553769e+01
2.405000e-05	-2.827165e-02	-1.549681e+01
2.406000e-05	-2.938456e-02	-1.551668e+01
2.407000e-05	-2.845624e-02	-1.549661e+01
2.408000e-05	-2.849571e-02	-1.547516e+01
2.409000e-05	-3.057697e-02	-1.543653e+01
2.410000e-05	-3.304680e-02	-1.543403e+01
2.411000e-05	-3.266496e-02	-1.544245e+01
2.412000e-05	-3.392499e-02	-1.533187e+01
2.413000e-05	-3.585710e-02	-1.532976e+01
2.414000e-05	-3.737985e-02	-1.524516e+01
2.415000e-05	-3.809766e-02	-1.522247e+01
2.416000e-05	-4.041396e-02	-1.519982e+01
2.417000e-05	-4.362031e-02	-1.512568e+01
2.418000e-05	-4.868482e-02	-1.502300e+01
2.419000e-05	-5.295109e-02	-1.495082e+01
2.420000e-05	-5.641373e-02	-1.486613e+01
2.421000e-05	-6.430361e-02	-1.481242e+01
2.422000e-05	-7.282831e-02	-1.469618e+01
2.423000e-05	-8.506888e-02	-1.460240e+01
2.424000e-05	-1.004667e-01	-1.447779e+01
2.425000e-05	-1.201849e-01	-1.443033e+01
2.426000e-05	-1.421625e-01	-1.430603e+01
2.427000e-05	-1.711534e-01	-1.420132e+01
2.428000e-05	-2.092806e-01	-1.401195e+01
2.429000e-05	-2.372900e-01	-1.387614e+01
2.430000e-05	-2.492865e-01	-1.371929e+01
2.431000e-05	-2.500000e-01	-1.359201e+01
2.432000e-05	-2.500000e-01	-1.348556e+01
2.433000e-05	-2.500000e-01	-1.334922e+01
2.434000e-05	-2.500000e-01	-1.317190e+01
2.435000e-05	-2.500000e-01	-1.303243e+01
2.436000e-05	-2.499540e-01	-1.287513e+01
2.437000e-05	-2.381432e-01	-1.275722e+01
2.438000e-05	-2.067668e-01	-1.253077e+01
2.439000e-05	-1.738381e-01	-1.239090e+01
2.440000e-05	-1.461158e-01	-1.219140e+01
2.441000e-05	-1.216167e-01	-1.202190e+01
2.442000e-05	-1.002054e-01	-1.185335e+01
2.443000e-05	-8.327201e-02	-1.161337e+01
2.444000e-05	-6.932894e-02	-1.135885e+01
2.445000e-05	-5.799460e-02	-1.116875e+01
2.446000e-05	-4.894771e-02	-1.093929e+01
2.447000e-05	-4.123740e-02	-1.074882e+01
2.448000e-05	-3.715540e-02	-1.055970e+01
2.449000e-05	-3.147837e-02	-1.036727e+01
2.450000e-05	-2.591718e-02	-1.011864e+01
2.451000e-05	-2.366559e-02	-9.884588e+00
2.452000e-05	-2.326799e-02	-9.676611e+00
2.453000e-05	-2.083707e-02	-9.463981e+00
2.454000e-05	-1.606059e-02	-9.201482e+00
2.455000e-05	-1.486140e-02	-9.000379e+00
2.456000e-05	-1.703124e-02	-8.796820e+00
2.457000e-05	-1.480956e-02	-8.465140e+00
2.458000e-05	-1.113316e-02	-8.264109e+00
2.459000e-05	-1.185718e-02	-8.002935e+00
2.460000e-05	-1.339089e-02	-7.738725e+00
2.461000e-05	-1.265386e-02	-7.485166e+00
2.462000e-05	-8.937185e-03	-7.240509e+00
2.463000e-05	-9.259499e-03	-6.949797e+00
2.464000e-05	-1.069040e-02	-6.696140e+00
2.465000e-05	-1.091659e-02	-6.455084e+00
2.466000e-05	-7.313752e-03	-6.182201e+00
2.467000e-05	-8.214428e-03	-5.917695e+00
2.468000e-05	-9.192670e-03	-5.664484e+00
2.469000e-05	-8.579294e-03	-5.325771e+00
2.470000e-05	-6.685542e-03	-5.071440e+00
2.471000e-05	-7.240732e-03	-4.708600e+00
2.472000e-05	-7.472265e-03	-4.463139e+00
2.473000e-05	-7.200101e-03	-4.241487e+00
2.474000e-05	-6.407465e-03	-3.958824e+00
2.475000e-05	-6.180556e-03	-3.634539e+00
2.476000e-05	-9.628747e-03	-3.410909e+00
2.477000e-05	-6.930054e-03	-3.137196e+00
2.478000e-05	-5.838533e-03	-2.840983e+00
2.479000e-05	-3.942052e-03	-2.538300e+00
2.480000e-05	-6.404400e-03	-2.233117e+00
2.481000e-05	-6.025324e-03	-1.998823e+00
2.482000e-05	-5.076595e-03	-1.697220e+00
2.483000e-05	-4.690223e-03	-1.390385e+00
2.484000e-05	-6.676689e-03	-1.054116e+00
2.485000e-05	-5.690657e-03	-8.084079e-01
2.486000e-05	-4.117382e-03	-5.040934e-01
2.487000e-05	-1.105810e-03	-2.625869e-01
2.488000e-05	3.974950e-03	5.270546e-02
2.489000e-05	3.360465e-03	3.380145e-01
2.490000e-05	6.057175e-04	5.795999e-01
2.491000e-05	2.343887e-03	8.422277e-01
2.492000e-05	-1.363766e-03	1.169565e+00
2.493000e-05	3.963405e-04	1.462250e+00
2.494000e-05	8.298572e-04	1.789512e+00
2.495000e-05	1.642703e-02	1.970067e+00
2.496000e-05	6.071007e-02	2.262748e+00
2.497000e-05	4.499218e-02	2.613166e+00
2.498000e-05	-6.274284e-02	2.917436e+00
2.499000e-05	-4.061815e-02	3.210645e+00
2.500000e-05	-1.915943e-02	3.455298e+00
2.501000e-05	-6.619429e-03	3.707911e+00
2.502000e-05	-6.079063e-02	3.907361e+00
2.503000e-05	4.080639e-02	4.147908e+00
2.504000e-05	6.478434e-02	4.442799e+00
2.505000e-05	-4.361302e-02	4.706836e+00
2.506000e-05	1.195207e-01	5.031646e+00
2.507000e-05	-1.019895e-01	5.429963e+00
2.508000e-05	2.162951e-02	5.592095e+00
2.509000e-05	1.194760e-02	5.906883e+00
2.510000e-05	-1.710810e-02	6.136885e+00
2.511000e-05	3.410593e-02	6.370721e+00
2.512000e-05	-4.174933e-02	6.727306e+00
2.513000e-05	7.505716e-02	6.997517e+00
2.514000e-05	-1.644025e-02	7.241671e+00
2.515000e-05	-1.532931e-02	7.539379e+00
2.516000e-05	-1.695472e-02	7.789562e+00
2.517000e-05	2.555185e-02	8.066252e+00
2.518000e-05	4.115513e-02	8.306882e+00
2.519000e-05	-4.118681e-02	8.566285e+00
2.520000e-05	2.638244e-02	8.778515e+00
2.521000e-05	1.022482e-02	9.022115e+00
2.522000e-05	3.430777e-03	9.232699e+00
2.523000e-05	-3.644528e-03	9.454304e+00
2.524000e-05	-2.430528e-03	9.695406e+00
2.525000e-05	3.045168e-02	9.909882e+00
2.526000e-05	5.335888e-03	1.014886e+01
2.527000e-05	1.105905e-02	1.034999e+01
2.528000e-05	-1.364130e-02	1.062107e+01
2.529000e-05	1.855136e-02	1.080297e+01
2.530000e-05	8.528099e-03	1.104152e+01
2.531000e-05	1.802825e-03	1.120260e+01
2.532000e-05	5.297160e-03	1.143015e+01
2.533000e-05	1.789228e-02	1.168472e+01
2.534000e-05	1.502090e-02	1.183410e+01
2.535000e-05	1.444169e-03	1.199365e+01
2.536000e-05	2.668590e-03	1.222205e+01
2.537000e-05	1.059438e-02	1.240244e+01
2.538000e-05	1.411739e-02	1.258051e+01
2.539000e-05	6.016640e-03	1.270543e+01
2.540000e-05	8.470984e-03	1.288683e+01
2.541000e-05	1.371533e-02	1.305412e+01
2.542000e-05	1.797579e-02	1.320262e+01
2.543000e-05	3.992901e-03	1.332894e+01
2.544000e-05	6.230698e-03	1.350631e+01
2.545000e-05	1.038709e-02	1.367217e+01
2.546000e-05	1.748604e-02	1.380204e+01
2.547000e-05	6.863667e-03	1.393833e+01
2.548000e-05	8.481954e-03	1.407616e+01
2.549000e-05	1.621449e-02	1.419109e+01
2.550000e-05	1.718641e-02	1.435941e+01
2.551000e-05	9.458820e-03	1.445358e+01
2.552000e-05	7.198274e-03	1.455934e+01
2.553000e-05	1.677178e-02	1.462660e+01
2.554000e-05	1.550484e-02	1.476837e+01
2.555000e-05	1.259134e-02	1.477400e+01
2.556000e-05	8.920457e-03	1.489778e+01
2.557000e-05	1.867341e-02	1.498057e+01
2.558000e-05	1.630364e-02	1.502461e+01
2.559000e-05	1.395799e-02	1.507628e+01
2.560000e-05	1.190636e-02	1.514039e+01
2.561000e-05	1.749847e-02	1.521407e+01
2.562000e-05	1.931784e-02	1.527671e+01
2.563000e-05	1.357917e-02	1.534881e+01
2.564000e-05	1.505119e-02	1.538137e+01
2.565000e-05	1.807313e-02	1.542305e+01
2.566000e-05	2.227699e-02	1.546352e+01
2.567000e-05	1.662811e-02	1.550406e+01
2.568000e-05	1.757463e-02	1.547610e+01
2.569000e-05	2.045286e-02	1.551623e+01
2.570000e-05	2.231376e-02	1.550660e+01
2.571000e-05	2.047710e-02	1.550818e+01
2.572000e-05	1.845940e-02	1.552463e+01
2.573000e-05	2.422660e-02	1.549513e+01
2.574000e-05	2.617310e-02	1.549601e+01
2.575000e-05	2.657626e-02	1.550398e+01
2.576000e-05	2.315586e-02	1.543198e+01
2.577000e-05	2.795439e-02	1.538089e+01
2.578000e-05	2.893056e-02	1.536832e+01
2.579000e-05	2.944859e-02	1.525611e+01
2.580000e-05	2.866291e-02	1.525453e+01
2.581000e-05	3.257702e-02	1.519240e+01
2.582000e-05	3.722151e-02	1.510729e+01
2.583000e-05	3.675339e-02	1.506463e+01
2.584000e-05	4.096531e-02	1.497100e+01
2.585000e-05	4.445070e-02	1.490779e+01
2.586000e-05	5.311579e-02	1.485250e+01
2.587000e-05	5.832967e-02	1.474932e+01
2.588000e-05	7.010625e-02	1.467461e+01
2.589000e-05	8.359038e-02	1.455977e+01
2.590000e-05	1.002040e-01	1.446361e+01
2.591000e-05	1.179161e-01	1.436082e+01
2.592000e-05	1.427747e-01	1.427298e+01
2.593000e-05	1.778677e-01	1.408519e+01
2.594000e-05	2.146131e-01	1.399989e+01
2.595000e-05	2.423539e-01	1.384443e+01
2.596000e-05	2.495907e-01	1.371816e+01
2.597000e-05	2.500000e-01	1.355932e+01
2.598000e-05	2.500000e-01	1.345288e+01
2.599000e-05	2.500000e-01	1.328569e+01
2.600000e-05	2.500000e-01	1.309614e+01
2.601000e-05	2.500000e-01	1.294880e+01
2.602000e-05	2.478130e-01	1.278038e+01
2.603000e-05	2.229370e-01	1.263248e+01
2.604000e-05	1.873331e-01	1.247414e+01
2.605000e-05	1.566127e-01	1.232454e+01
2.606000e-05	1.291775e-01	1.209766e+01
2.607000e-05	1.043793e-01	1.191679e+01
2.608000e-05	8.643769e-02	1.174722e+01
2.609000e-05	7.202747e-02	1.154564e+01
2.610000e-05	5.808492e-02	1.128672e+01
2.611000e-05	4.482995e-02	1.112471e+01
2.612000e-05	3.585131e-02	1.089672e+01
2.613000e-05	3.123085e-02	1.073457e+01
2.614000e-05	2.583942e-02	1.052569e+01
2.615000e-05	2.069163e-02	1.025422e+01
2.616000e-05	1.825325e-02	1.004404e+01
2.617000e-05	1.595230e-02	9.864859e+00
2.618000e-05	1.244558e-02	9.608328e+00
2.619000e-05	7.875814e-03	9.370329e+00
2.620000e-05	6.914707e-03	9.188297e+00
2.621000e-05	6.602417e-03	8.886118e+00
2.622000e-05	6.134765e-03	8.693088e+00
2.623000e-05	4.265769e-03	8.423535e+00
2.624000e-05	4.587558e-03	8.262504e+00
2.625000e-05	4.872001e-03	7.936247e+00
2.626000e-05	2.770039e-03	7.675086e+00
2.627000e-05	6.767331e-04	7.392384e+00
2.628000e-05	-7.410060e-05	7.115799e+00
2.629000e-05	8.802536e-04	6.905642e+00
2.630000e-05	7.695484e-04	6.631389e+00
2.631000e-05	-1.470385e-04	6.338279e+00
2.632000e-05	-1.996008e-04	6.127172e+00
2.633000e-05	-4.819833e-04	5.873113e+00
2.634000e-05	5.010936e-05	5.598903e+00
2.635000e-05	-2.042585e-03	5.317717e+00
2.636000e-05	-2.319773e-03	5.000106e+00
2.637000e-05	-1.974600e-03	4.665566e+00
2.638000e-05	-1.533640e-03	4.421509e+00
2.639000e-05	-2.499435e-03	4.137572e+00
2.640000e-05	-2.816806e-03	3.840487e+00
2.641000e-05	-2.657985e-03	3.617830e+00
2.642000e-05	-1.857771e-03	3.313018e+00
2.643000e-05	-3.445757e-03	3.010960e+00
2.644000e-05	-4.363734e-03	2.796896e+00
2.645000e-05	-4.789189e-03	2.452489e+00
2.646000e-05	-3.168749e-03	2.158281e+00
2.647000e-05	-5.330537e-03	1.903141e+00
2.648000e-05	-4.831002e-03	1.659332e+00
2.649000e-05	-3.895456e-03	1.274172e+00
2.650000e-05	-3.645845e-03	9.493326e-01
2.651000e-05	-3.986300e-03	6.646409e-01
2.652000e-05	-5.241003e-03	4.298564e-01
2.653000e-05	-3.616700e-03	1.041985e-01
2.654000e-05	4.020341e-03	-1.589907e-01
2.655000e-05	1.595971e-03	-4.021198e-01
2.656000e-05	-3.415592e-03	-7.369514e-01
2.657000e-05	-2.766462e-03	-9.584369e-01
2.658000e-05	-1.836546e-03	-1.211145e+00
2.659000e-05	-3.036927e-03	-1.547437e+00
2.660000e-05	3.067297e-03	-1.748942e+00
2.661000e-05	4.246287e-02	-1.999540e+00
2.662000e-05	8.316729e-02	-2.275169e+00
2.663000e-05	-7.378284e-02	-2.631721e+00
2.664000e-05	-3.695807e-02	-3.023163e+00
2.665000e-05	-4.456998e-02	-3.306933e+00
2.666000e-05	-2.018667e-02	-3.539483e+00
2.667000e-05	-7.571239e-02	-3.803719e+00
2.668000e-05	1.409084e-01	-4.000074e+00
2.669000e-05	-9.297496e-02	-4.263719e+00
2.670000e-05	5.022790e-02	-4.525886e+00
2.671000e-05	8.835678e-02	-4.761987e+00
2.672000e-05	-1.515236e-01	-5.106725e+00
2.673000e-05	9.510027e-02	-5.431614e+00
2.674000e-05	-1.368746e-01	-5.645852e+00
2.675000e-05	6.844178e-02	-5.940911e+00
2.676000e-05	1.197392e-02	-6.190639e+00
2.677000e-05	-6.005825e-02	-6.475904e+00
2.678000e-05	1.046522e-01	-6.729456e+00
2.679000e-05	-1.069410e-01	-7.033199e+00
2.680000e-05	4.106667e-02	-7.316358e+00
2.681000e-05	-5.471502e-02	-7.580513e+00
2.682000e-05	-4.019079e-03	-7.886324e+00
2.683000e-05	5.121913e-02	-8.126831e+00
2.684000e-05	-8.371279e-02	-8.368960e+00
2.685000e-05	9.194742e-02	-8.600545e+00
2.686000e-05	-9.809948e-02	-8.844674e+00
2.687000e-05	3.962127e-02	-9.086780e+00
2.688000e-05	-4.917430e-02	-9.346356e+00
2.689000e-05	5.809574e-03	-9.561412e+00
2.690000e-05	1.184742e-02	-9.752013e+00
2.691000e-05	-3.732998e-02	-1.002259e+01
2.692000e-05	3.177758e-02	-1.020259e+01
2.693000e-05	-6.048277e-02	-1.045522e+01
2.694000e-05	3.324407e-02	-1.067420e+01
2.695000e-05	-5.551022e-02	-1.086330e+01
2.696000e-05	2.106937e-02	-1.105670e+01
2.697000e-05	-3.015421e-02	-1.126425e+01
2.698000e-05	7.618817e-03	-1.149528e+01
2.699000e-05	-2.259088e-02	-1.168630e+01
2.700000e-05	-1.238304e-02	-1.188788e+01
2.701000e-05	-1.198545e-02	-1.211873e+01
2.702000e-05	-1.808714e-02	-1.229425e+01
2.703000e-05	-1.201948e-03	-1.247570e+01
2.704000e-05	-2.409417e-02	-1.264410e+01
2.705000e-05	6.117301e-04	-1.280139e+01
2.706000e-05	-2.741570e-02	-1.296941e+01
2.707000e-05	-3.119441e-04	-1.311673e+01
2.708000e-05	-3.150442e-02	-1.328418e+01
2.709000e-05	-4.185317e-03	-1.343309e+01
2.710000e-05	-2.182125e-02	-1.356989e+01
2.711000e-05	-8.182068e-03	-1.370728e+01
2.712000e-05	-1.938909e-02	-1.383408e+01
2.713000e-05	-1.346610e-02	-1.399199e+01
2.714000e-05	-1.462880e-02	-1.414728e+01
2.715000e-05	-1.841501e-02	-1.428405e+01
2.716000e-05	-1.970178e-02	-1.436026e+01
2.717000e-05	-2.007071e-02	-1.450623e+01
2.718000e-05	-1.627600e-02	-1.457199e+01
2.719000e-05	-1.802555e-02	-1.465468e+01
2.720000e-05	-1.771490e-02	-1.477989e+01
2.721000e-05	-1.890537e-02	-1.482415e+01
2.722000e-05	-1.737776e-02	-1.498831e+01
2.723000e-05	-2.313516e-02	-1.501247e+01
2.724000e-05	-2.020824e-02	-1.508623e+01
2.725000e-05	-2.353363e-02	-1.514934e+01
2.726000e-05	-1.738236e-02	-1.521237e+01
2.727000e-05	-2.335777e-02	-1.526358e+01
2.728000e-05	-2.081983e-02	-1.531828e+01
2.729000e-05	-2.370992e-02	-1.536089e+01
2.730000e-05	-2.157589e-02	-1.539300e+01
2.731000e-05	-2.475514e-02	-1.542450e+01
2.732000e-05	-2.405416e-02	-1.543413e+01
2.733000e-05	-2.346136e-02	-1.544555e+01
2.734000e-05	-2.396830e-02	-1.547523e+01
2.735000e-05	-2.707545e-02	-1.548631e+01
2.736000e-05	-2.867831e-02	-1.551676e+01
2.737000e-05	-2.750463e-02	-1.549673e+01
2.738000e-05	-2.835795e-02	-1.545519e+01
2.739000e-05	-2.916297e-02	-1.547671e+01
2.740000e-05	-3.112630e-02	-1.545508e+01
2.741000e-05	-3.139732e-02	-1.541313e+01
2.742000e-05	-3.208261e-02	-1.539303e+01
2.743000e-05	-3.395913e-02	-1.537235e+01
2.744000e-05	-3.593699e-02	-1.532032e+01
2.745000e-05	-3.604016e-02	-1.533669e+01
2.746000e-05	-3.706471e-02	-1.521415e+01
2.747000e-05	-3.932853e-02	-1.521135e+01
2.748000e-05	-4.372458e-02	-1.516726e+01
2.749000e-05	-4.489987e-02	-1.507355e+01
2.750000e-05	-4.943992e-02	-1.500190e+01
2.751000e-05	-5.366028e-02	-1.489779e+01
2.752000e-05	-5.888076e-02	-1.479450e+01
2.753000e-05	-6.693294e-02	-1.475884e+01
2.754000e-05	-7.690948e-02	-1.466461e+01
2.755000e-05	-9.126805e-02	-1.452235e+01
2.756000e-05	-1.067616e-01	-1.445506e+01
2.757000e-05	-1.289599e-01	-1.440889e+01
2.758000e-05	-1.537498e-01	-1.424443e+01
2.759000e-05	-1.852168e-01	-1.413566e+01
2.760000e-05	-2.214858e-01	-1.397080e+01
2.761000e-05	-2.434502e-01	-1.383340e+01
2.762000e-05	-2.499976e-01	-1.369664e+01
2.763000e-05	-2.500000e-01	-1.359890e+01
2.764000e-05	-2.500000e-01	-1.343195e+01
2.765000e-05	-2.500000e-01	-1.326716e+01
2.766000e-05	-2.500000e-01	-1.311672e+01
2.767000e-05	-2.500000e-01	-1.294190e+01
2.768000e-05	-2.479175e-01	-1.279040e+01
2.769000e-05	-2.267332e-01	-1.270453e+01
2.770000e-05	-1.936562e-01	-1.248661e+01
2.771000e-05	-1.614222e-01	-1.229616e+01
2.772000e-05	-1.352449e-01	-1.210878e+01
2.773000e-05	-1.133454e-01	-1.194672e+01
2.774000e-05	-9.324723e-02	-1.173875e+01
2.775000e-05	-7.644061e-02	-1.152454e+01
2.776000e-05	-6.448053e-02	-1.127551e+01
2.777000e-05	-5.570908e-02	-1.106498e+01
2.778000e-05	-4.669933e-02	-1.087314e+01
2.779000e-05	-3.858003e-02	-1.068208e+01
2.780000e-05	-3.377257e-02	-1.044356e+01
2.781000e-05	-2.970735e-02	-1.022408e+01
2.782000e-05	-2.544170e-02	-1.002286e+01
2.783000e-05	-2.116320e-02	-9.821407e+00
2.784000e-05	-2.120732e-02	-9.620929e+00
2.785000e-05	-2.041393e-02	-9.359696e+00
2.786000e-05	-1.799652e-02	-9.105690e+00
2.787000e-05	-1.509247e-02	-8.896140e+00
2.788000e-05	-1.380897e-02	-8.694087e+00
2.789000e-05	-1.436929e-02	-8.412304e+00
2.790000e-05	-1.184271e-02	-8.189878e+00
2.791000e-05	-1.121315e-02	-7.967799e+00
2.792000e-05	-1.073279e-02	-7.644034e+00
2.793000e-05	-1.250895e-02	-7.390800e+00
2.794000e-05	-1.121570e-02	-7.146271e+00
2.795000e-05	-9.221289e-03	-6.863561e+00
2.796000e-05	-1.090855e-02	-6.611458e+00
2.797000e-05	-8.497304e-03	-6.398298e+00
2.798000e-05	-8.929107e-03	-6.065592e+00
2.799000e-05	-1.018202e-02	-5.810929e+00
2.800000e-05	-7.627923e-03	-5.564797e+00
2.801000e-05	-8.964166e-03	-5.241486e+00
2.802000e-05	-7.082974e-03	-4.947248e+00
2.803000e-05	-8.890196e-03	-4.633908e+00
2.804000e-05	-6.310049e-03	-4.427928e+00
2.805000e-05	-7.876920e-03	-4.145245e+00
2.806000e-05	-7.160237e-03	-3.843442e+00
2.807000e-05	-9.143443e-03	-3.567823e+00
2.808000e-05	-6.733294e-03	-3.317069e+00
2.809000e-05	-7.134150e-03	-2.990883e+00
2.810000e-05	-4.955826e-03	-2.755673e+00
2.811000e-05	-6.831537e-03	-2.422562e+00
2.812000e-05	-5.217005e-03	-2.126678e+00
2.813000e-05	-5.151419e-03	-1.874067e+00
2.814000e-05	-4.886666e-03	-1.600379e+00
2.815000e-05	-6.539225e-03	-1.264014e+00
2.816000e-05	-5.656547e-03	-9.667762e-01
2.817000e-05	-3.273286e-03	-6.751699e-01
2.818000e-05	-3.992087e-03	-3.994013e-01
2.819000e-05	-1.888736e-03	-1.147435e-01
2.820000e-05	8.079336e-03	1.494620e-01
2.821000e-05	4.538180e-04	4.137514e-01
2.822000e-05	2.436291e-03	7.162617e-01
2.823000e-05	-1.586616e-03	9.700409e-01
2.824000e-05	1.280568e-03	1.306782e+00
2.825000e-05	4.238553e-04	1.630118e+00
2.826000e-05	7.364140e-03	1.885378e+00
2.827000e-05	2.434800e-02	2.074904e+00
2.828000e-05	8.245361e-02	2.369465e+00
2.829000e-05	-1.749798e-02	2.757932e+00
2.830000e-05	-5.506516e-02	3.073726e+00
2.831000e-05	-4.044524e-02	3.325354e+00
2.832000e-05	8.744144e-04	3.599467e+00
2.833000e-05	-3.528072e-02	3.810547e+00
2.834000e-05	-4.488962e-02	3.990991e+00
2.835000e-05	1.006743e-01	4.293747e+00
2.836000e-05	-2.598390e-02	4.579563e+00
2.837000e-05	5.412360e-02	4.750649e+00
2.838000e-05	3.544271e-02	5.150958e+00
2.839000e-05	-8.978775e-02	5.483725e+00
2.840000e-05	5.773457e-02	5.715858e+00
2.841000e-05	-3.153879e-02	6.032067e+00
2.842000e-05	2.937118e-02	6.215249e+00
2.843000e-05	-1.135698e-02	6.527959e+00
2.844000e-05	1.937786e-03	6.843570e+00
2.845000e-05	6.310154e-02	7.054200e+00
2.846000e-05	-4.256775e-02	7.348432e+00
2.847000e-05	-2.313945e-03	7.673174e+00
2.848000e-05	-1.889656e-02	7.916899e+00
2.849000e-05	5.311343e-02	8.191040e+00
2.850000e-05	3.442944e-03	8.401996e+00
2.851000e-05	-3.062207e-02	8.612048e+00
2.852000e-05	4.563664e-02	8.845701e+00
2.853000e-05	-1.379208e-02	9.085243e+00
2.854000e-05	1.881875e-02	9.326933e+00
2.855000e-05	-2.461874e-02	9.586914e+00
2.856000e-05	2.678388e-02	9.819515e+00
2.857000e-05	1.474893e-02	1.003410e+01
2.858000e-05	9.937480e-03	1.021257e+01
2.859000e-05	2.618604e-03	1.049327e+01
2.860000e-05	-9.496631e-03	1.067630e+01
2.861000e-05	2.885611e-02	1.086525e+01
2.862000e-05	-8.527821e-03	1.108525e+01
2.863000e-05	1.374788e-02	1.130535e+01
2.864000e-05	3.693617e-04	1.152683e+01
2.865000e-05	2.826857e-02	1.175778e+01
2.866000e-05	1.052858e-03	1.190683e+01
2.867000e-05	4.482650e-03	1.210786e+01
2.868000e-05	3.174830e-03	1.227623e+01
2.869000e-05	1.300939e-02	1.247417e+01
2.870000e-05	1.159562e-02	1.262359e+01
2.871000e-05	1.397705e-03	1.277104e+01
2.872000e-05	1.596443e-02	1.296989e+01
2.873000e-05	1.174636e-02	1.310683e+01
2.874000e-05	1.659315e-02	1.326625e+01
2.875000e-05	-9.195283e-04	1.338404e+01
2.876000e-05	1.257616e-02	1.356942e+01
2.877000e-05	1.161605e-02	1.368679e+01
2.878000e-05	1.327913e-02	1.385310e+01
2.879000e-05	6.009795e-03	1.396836e+01
2.880000e-05	1.220480e-02	1.412874e+01
2.881000e-05	1.822230e-02	1.425471e+01
2.882000e-05	1.057527e-02	1.440092e+01
2.883000e-05	1.004564e-02	1.451515e+01
2.884000e-05	1.082415e-02	1.462245e+01
2.885000e-05	1.914251e-02	1.468623e+01
2.886000e-05	1.387698e-02	1.479147e+01
2.887000e-05	1.054933e-02	1.487510e+01
2.888000e-05	1.248873e-02	1.491739e+01
2.889000e-05	1.693153e-02	1.500160e+01
2.890000e-05	1.612993e-02	1.504518e+01
2.891000e-05	1.136827e-02	1.512833e+01
2.892000e-05	1.486002e-02	1.520054e+01
2.893000e-05	1.858977e-02	1.524418e+01
2.894000e-05	1.971272e-02	1.527773e+01
2.895000e-05	1.325902e-02	1.540041e+01
2.896000e-05	1.664001e-02	1.540994e+01
2.897000e-05	1.929295e-02	1.539297e+01
2.898000e-05	2.070537e-02	1.549253e+01
2.899000e-05	1.659513e-02	1.546511e+01
2.900000e-05	1.852392e-02	1.552613e+01
2.901000e-05	2.405086e-02	1.551571e+01
2.902000e-05	2.175873e-02	1.549815e+01
2.903000e-05	2.014768e-02	1.550716e+01
2.904000e-05	1.883035e-02	1.553763e+01
2.905000e-05	2.599652e-02	1.549518e+01
2.906000e-05	2.599703e-02	1.551408e+01
2.907000e-05	2.418280e-02	1.550407e+01
2.908000e-05	2.523292e-02	1.543998e+01
2.909000e-05	2.865462e-02	1.537027e+01
2.910000e-05	3.039215e-02	1.533923e+01
2.911000e-05	2.775789e-02	1.526716e+01
2.912000e-05	3.085161e-02	1.519403e+01
2.913000e-05	3.352014e-02	1.517182e+01
2.914000e-05	3.727293e-02	1.506613e+01
2.915000e-05	3.746344e-02	1.504350e+01
2.916000e-05	4.194959e-02	1.495882e+01
2.917000e-05	4.985211e-02	1.487669e+01
2.918000e-05	5.762033e-02	1.480150e+01
2.919000e-05	6.349493e-02	1.473766e+01
2.920000e-05	7.342262e-02	1.463208e+01
2.921000e-05	8.856537e-02	1.451731e+01
2.922000e-05	1.074661e-01	1.444445e+01
2.923000e-05	1.267296e-01	1.429668e+01
2.924000e-05	1.566066e-01	1.417090e+01
2.925000e-05	1.913156e-01	1.405263e+01
2.926000e-05	2.301115e-01	1.392666e+01
2.927000e-05	2.467007e-01	1.379237e+01
2.928000e-05	2.499985e-01	1.363456e+01
2.929000e-05	2.500000e-01	1.352561e+01
2.930000e-05	2.500000e-01	1.333975e+01
2.931000e-05	2.500000e-01	1.321100e+01
2.932000e-05	2.500000e-01	1.306448e+01
2.933000e-05	2.499643e-01	1.287519e+01
2.934000e-05	2.399716e-01	1.271621e+01
2.935000e-05	2.092752e-01	1.254930e+01
2.936000e-05	1.738066e-01	1.241200e+01
2.937000e-05	1.451392e-01	1.224345e+01
2.938000e-05	1.188073e-01	1.202551e+01
2.939000e-05	9.638937e-02	1.188356e+01
2.940000e-05	7.752502e-02	1.171309e+01
2.941000e-05	6.546162e-02	1.141411e+01
2.942000e-05	5.421894e-02	1.127449e+01
2.943000e-05	4.365146e-02	1.105343e+01
2.944000e-05	3.432518e-02	1.082351e+01
2.945000e-05	2.849229e-02	1.064296e+01
2.946000e-05	2.394950e-02	1.043086e+01
2.947000e-05	1.880550e-02	1.023030e+01
2.948000e-05	1.572325e-02	9.968349e+00
2.949000e-05	1.355887e-02	9.708719e+00
2.950000e-05	1.210722e-02	9.503640e+00
2.951000e-05	9.554342e-03	9.305166e+00
2.952000e-05	8.001248e-03	9.054487e+00
2.953000e-05	6.434225e-03	8.812428e+00
2.954000e-05	5.606731e-03	8.580754e+00
2.955000e-05	3.927951e-03	8.367849e+00
2.956000e-05	2.934874e-03	8.086217e+00
2.957000e-05	2.933802e-03	7.854009e+00
2.958000e-05	2.333227e-03	7.579858e+00
2.959000e-05	1.825498e-03	7.325066e+00
2.960000e-05	4.534076e-04	7.102117e+00
2.961000e-05	1.062470e-03	6.821434e+00
2.962000e-05	1.631000e-03	6.517646e+00
2.963000e-05	-3.734623e-04	6.264088e+00
2.964000e-05	-5.763132e-04	6.031913e+00
2.965000e-05	-1.703646e-04	5.748250e+00
2.966000e-05	2.497982e-04	5.492167e+00
2.967000e-05	-1.993649e-03	5.178806e+00
2.968000e-05	-9.838127e-04	4.852461e+00
2.969000e-05	-2.648981e-03	4.568850e+00
2.970000e-05	-1.372075e-03	4.324599e+00
2.971000e-05	-2.702251e-03	3.998882e+00
2.972000e-05	-2.473420e-03	3.747751e+00
2.973000e-05	-2.764817e-03	3.482568e+00
2.974000e-05	-3.185871e-03	3.207851e+00
2.975000e-05	-3.009590e-03	2.905672e+00
2.976000e-05	-3.908722e-03	2.621463e+00
2.977000e-05	-3.498478e-03	2.326197e+00
2.978000e-05	-5.058484e-03	2.043566e+00
2.979000e-05	-3.715081e-03	1.828305e+00
2.980000e-05	-3.731644e-03	1.484613e+00
2.981000e-05	-4.048097e-03	1.188330e+00
2.982000e-05	-5.305929e-03	8.509920e-01
2.983000e-05	-4.250665e-03	5.288511e-01
2.984000e-05	-3.095516e-03	2.431698e-01
2.985000e-05	-2.126860e-03	-5.008963e-02
2.986000e-05	6.206316e-03	-3.032278e-01
2.987000e-05	-4.208655e-03	-5.378818e-01
2.988000e-05	6.392828e-04	-8.205225e-01
2.989000e-05	-6.407763e-03	-1.063748e+00
2.990000e-05	-2.087740e-03	-1.390513e+00
2.991000e-05	-5.126697e-03	-1.631124e+00
2.992000e-05	1.479484e-02	-1.843224e+00
2.993000e-05	8.042180e-02	-2.073776e+00
2.994000e-05	1.656037e-02	-2.370611e+00
2.995000e-05	-7.141295e-02	-2.780187e+00
2.996000e-05	-3.735182e-02	-3.129409e+00
2.997000e-05	-2.892598e-02	-3.429521e+00
2.998000e-05	-5.307063e-02	-3.683828e+00
2.999000e-05	1.595844e-03	-3.945287e+00
3.000000e-05	1.144799e-01	-4.096854e+00
3.001000e-05	-1.497972e-01	-4.359363e+00
3.002000e-05	1.698084e-01	-4.642670e+00
3.003000e-05	-7.599912e-02	-4.906378e+00
3.004000e-05	-3.770916e-02	-5.242692e+00
3.005000e-05	3.268170e-02	-5.476774e+00
3.006000e-05	-1.225267e-01	-5.801567e+00
3.007000e-05	1.346942e-01	-6.062700e+00
3.008000e-05	-9.375741e-02	-6.285325e+00
3.009000e-05	4.794643e-02	-6.622642e+00
3.010000e-05	2.331414e-02	-6.843248e+00
3.011000e-05	-8.217222e-02	-7.209912e+00
3.012000e-05	5.754478e-02	-7.432216e+00
3.013000e-05	-1.037629e-01	-7.694828e+00
3.014000e-05	8.393266e-02	-7.961338e+00
3.015000e-05	-4.878854e-02	-8.190541e+00
3.016000e-05	1.241353e-03	-8.463704e+00
3.017000e-05	3.299678e-02	-8.697284e+00
3.018000e-05	-8.293052e-02	-8.990987e+00
3.019000e-05	5.845615e-02	-9.139536e+00
3.020000e-05	-8.785828e-02	-9.380065e+00
3.021000e-05	6.274168e-02	-9.663673e+00
3.022000e-05	-5.184612e-02	-9.865225e+00
3.023000e-05	2.567856e-02	-1.010431e+01
3.024000e-05	-2.450045e-02	-1.028728e+01
3.025000e-05	-1.893730e-02	-1.056894e+01
3.026000e-05	3.499645e-03	-1.073878e+01
3.027000e-05	-3.962920e-02	-1.091841e+01
3.028000e-05	1.824738e-02	-1.116738e+01
3.029000e-05	-3.716716e-02	-1.132051e+01
3.030000e-05	2.112642e-02	-1.157037e+01
3.031000e-05	-3.820901e-02	-1.179149e+01
3.032000e-05	8.444959e-03	-1.200294e+01
3.033000e-05	-3.558403e-02	-1.216146e+01
3.034000e-05	3.892193e-03	-1.235938e+01
3.035000e-05	-2.411071e-02	-1.253728e+01
3.036000e-05	-6.509621e-03	-1.273873e+01
3.037000e-05	-1.561999e-02	-1.288363e+01
3.038000e-05	-1.163869e-02	-1.305364e+01
3.039000e-05	-9.468778e-03	-1.316944e+01
3.040000e-05	-2.525379e-02	-1.332033e+01
3.041000e-05	-7.536921e-03	-1.350472e+01
3.042000e-05	-2.377852e-02	-1.364452e+01
3.043000e-05	-5.034013e-03	-1.376147e+01
3.044000e-05	-2.590542e-02	-1.388773e+01
3.045000e-05	-9.827257e-03	-1.400552e+01
3.046000e-05	-1.896415e-02	-1.413146e+01
3.047000e-05	-1.243312e-02	-1.427671e+01
3.048000e-05	-2.183046e-02	-1.442295e+01
3.049000e-05	-1.804415e-02	-1.451878e+01
3.050000e-05	-1.748748e-02	-1.461303e+01
3.051000e-05	-1.607633e-02	-1.469676e+01
3.052000e-05	-2.076663e-02	-1.476147e+01
3.053000e-05	-1.921893e-02	-1.487471e+01
3.054000e-05	-1.977789e-02	-1.496039e+01
3.055000e-05	-1.948188e-02	-1.505360e+01
3.056000e-05	-2.237559e-02	-1.510876e+01
3.057000e-05	-2.276297e-02	-1.518942e+01
3.058000e-05	-1.905933e-02	-1.520252e+01
3.059000e-05	-2.131920e-02	-1.528763e+01
3.060000e-05	-2.176612e-02	-1.532886e+01
3.061000e-05	-2.687683e-02	-1.536079e+01
3.062000e-05	-2.151416e-02	-1.537450e+01
3.063000e-05	-2.363650e-02	-1.546253e+01
3.064000e-05	-2.356041e-02	-1.545566e+01
3.065000e-05	-2.610530e-02	-1.544461e+01
3.066000e-05	-2.500287e-02	-1.550473e+01
3.067000e-05	-2.592775e-02	-1.550671e+01
3.068000e-05	-2.901511e-02	-1.551826e+01
3.069000e-05	-3.013661e-02	-1.550718e+01
3.070000e-05	-2.876028e-02	-1.549728e+01
3.071000e-05	-2.842861e-02	-1.548611e+01
3.072000e-05	-3.049079e-02	-1.542563e+01
3.073000e-05	-3.319233e-02	-1.546155e+01
3.074000e-05	-3.311338e-02	-1.540297e+01
3.075000e-05	-3.453504e-02	-1.535240e+01
3.076000e-05	-3.587383e-02	-1.528678e+01
3.077000e-05	-3.736665e-02	-1.530615e+01
3.078000e-05	-3.800459e-02	-1.520247e+01
3.079000e-05	-3.960556e-02	-1.516937e+01
3.080000e-05	-4.312250e-02	-1.510816e+01
3.081000e-05	-4.742683e-02	-1.503405e+01
3.082000e-05	-5.150807e-02	-1.499932e+01
3.083000e-05	-5.504916e-02	-1.488668e+01
3.084000e-05	-6.266720e-02	-1.478292e+01
3.085000e-05	-7.043403e-02	-1.470669e+01
3.086000e-05	-8.203583e-02	-1.463450e+01
3.087000e-05	-9.574779e-02	-1.452926e+01
3.088000e-05	-1.145830e-01	-1.442300e+01
3.089000e-05	-1.377844e-01	-1.432709e+01
3.090000e-05	-1.663278e-01	-1.421185e+01
3.091000e-05	-1.993434e-01	-1.404403e+01
3.092000e-05	-2.327817e-01	-1.392821e+01
3.093000e-05	-2.483595e-01	-1.378130e+01
3.094000e-05	-2.499998e-01	-1.365356e+01
3.095000e-05	-2.500000e-01	-1.352558e+01
3.096000e-05	-2.500000e-01	-1.336037e+01
3.097000e-05	-2.500000e-01	-1.318395e+01
3.098000e-05	-2.500000e-01	-1.305403e+01
3.099000e-05	-2.499700e-01	-1.288819e+01
3.100000e-05	-2.412533e-01	-1.275777e+01
3.101000e-05	-2.129177e-01	-1.257085e+01
3.102000e-05	-1.800960e-01	-1.238090e+01
3.103000e-05	-1.516720e-01	-1.224141e+01
3.104000e-05	-1.243467e-01	-1.204161e+01
3.105000e-05	-1.028164e-01	-1.188451e+01
3.106000e-05	-8.637499e-02	-1.161648e+01
3.107000e-05	-7.384807e-02	-1.142990e+01
3.108000e-05	-6.044112e-02	-1.121087e+01
3.109000e-05	-5.002283e-02	-1.091983e+01
3.110000e-05	-4.312602e-02	-1.079042e+01
3.111000e-05	-3.787908e-02	-1.061040e+01
3.112000e-05	-3.189406e-02	-1.040877e+01
3.113000e-05	-2.668946e-02	-1.008830e+01
3.114000e-05	-2.479537e-02	-9.948216e+00
3.115000e-05	-2.321848e-02	-9.697717e+00
3.116000e-05	-1.930220e-02	-9.496166e+00
3.117000e-05	-1.665266e-02	-9.234066e+00
3.118000e-05	-1.690164e-02	-9.051958e+00
3.119000e-05	-1.562852e-02	-8.780908e+00
3.120000e-05	-1.443883e-02	-8.529773e+00
3.121000e-05	-1.186739e-02	-8.306691e+00
3.122000e-05	-1.285194e-02	-8.066663e+00
3.123000e-05	-1.215962e-02	-7.841827e+00
3.124000e-05	-1.174277e-02	-7.537273e+00
3.125000e-05	-9.535959e-03	-7.294640e+00
3.126000e-05	-1.065257e-02	-7.021934e+00
3.127000e-05	-1.070484e-02	-6.787775e+00
3.128000e-05	-9.962549e-03	-6.495638e+00
3.129000e-05	-8.282660e-03	-6.212512e+00
3.130000e-05	-9.190190e-03	-5.989876e+00
3.131000e-05	-9.291108e-03	-5.697668e+00
3.132000e-05	-8.138470e-03	-5.462009e+00
3.133000e-05	-8.236321e-03	-5.146695e+00
3.134000e-05	-8.607797e-03	-4.790359e+00
3.135000e-05	-8.035185e-03	-4.514693e+00
3.136000e-05	-7.155724e-03	-4.294167e+00
3.137000e-05	-6.364270e-03	-4.010459e+00
3.138000e-05	-6.917433e-03	-3.757700e+00
3.139000e-05	-8.976006e-03	-3.463065e+00
3.140000e-05	-7.106737e-03	-3.239857e+00
3.141000e-05	-6.240929e-03	-2.893140e+00
3.142000e-05	-6.038813e-03	-2.611408e+00
3.143000e-05	-6.334643e-03	-2.354240e+00
3.144000e-05	-5.078490e-03	-2.022459e+00
3.145000e-05	-5.637828e-03	-1.768251e+00
3.146000e-05	-5.456489e-03	-1.451567e+00
3.147000e-05	-6.771119e-03	-1.126172e+00
3.148000e-05	-4.066602e-03	-8.430419e-01
3.149000e-05	-4.161570e-03	-5.881976e-01
3.150000e-05	-2.674899e-03	-2.540920e-01
3.151000e-05	1.839082e-03	-1.145651e-02
3.152000e-05	6.985609e-03	3.048779e-01
3.153000e-05	-2.115120e-03	5.279821e-01
3.154000e-05	2.298616e-03	8.301686e-01
3.155000e-05	-2.411559e-03	1.116892e+00
3.156000e-05	4.024175e-03	1.390990e+00
3.157000e-05	1.678847e-04	1.695882e+00
3.158000e-05	1.347528e-02	1.927439e+00
3.159000e-05	4.524000e-02	2.180067e+00
3.160000e-05	7.038687e-02	2.556458e+00
3.161000e-05	-5.845495e-02	2.894776e+00
3.162000e-05	-4.509670e-02	3.146937e+00
3.163000e-05	-2.915552e-02	3.431143e+00
3.164000e-05	5.954966e-03	3.694780e+00
3.165000e-05	-5.552624e-02	3.863330e+00
3.166000e-05	4.406890e-03	4.125802e+00
3.167000e-05	9.889046e-02	4.401064e+00
3.168000e-05	-6.437919e-02	4.653659e+00
3.169000e-05	1.253553e-01	4.947483e+00
3.170000e-05	-7.342698e-02	5.306831e+00
3.171000e-05	-1.718275e-02	5.539912e+00
3.172000e-05	3.806284e-02	5.844717e+00
3.173000e-05	-3.310022e-02	6.085861e+00
3.174000e-05	4.344034e-02	6.348432e+00
3.175000e-05	-4.450298e-02	6.645148e+00
3.176000e-05	6.046266e-02	6.886907e+00
3.177000e-05	1.119407e-02	7.181590e+00
3.178000e-05	-2.938382e-02	7.485124e+00
3.179000e-05	-8.050970e-03	7.746982e+00
3.180000e-05	8.194992e-03	8.062065e+00
3.181000e-05	5.234760e-02	8.286179e+00
3.182000e-05	-3.498231e-02	8.485810e+00
3.183000e-05	7.273468e-03	8.667827e+00
3.184000e-05	2.979550e-02	8.978515e+00
3.185000e-05	-8.371987e-03	9.193045e+00
3.186000e-05	7.974244e-03	9.371543e+00
3.187000e-05	-1.782297e-02	9.655776e+00
3.188000e-05	3.618743e-02	9.876202e+00
3.189000e-05	4.369893e-03	1.010588e+01
3.190000e-05	1.174360e-02	1.032643e+01
3.191000e-05	-1.011114e-02	1.056653e+01
3.192000e-05	9.154432e-03	1.079041e+01
3.193000e-05	1.931976e-02	1.094898e+01
3.194000e-05	-6.071750e-03	1.117996e+01
3.195000e-05	1.018020e-02	1.136946e+01
3.196000e-05	9.153744e-03	1.160397e+01
3.197000e-05	2.304776e-02	1.180352e+01
3.198000e-05	-1.889326e-03	1.196054e+01
3.199000e-05	4.017773e-03	1.219049e+01
3.200000e-05	8.541238e-03	1.237992e+01
3.201000e-05	1.408384e-02	1.250834e+01
3.202000e-05	6.828718e-03	1.273725e+01
3.203000e-05	4.189087e-03	1.285470e+01
3.204000e-05	1.577998e-02	1.304259e+01
3.205000e-05	1.434827e-02	1.316082e+01
3.206000e-05	8.408418e-03	1.332788e+01
3.207000e-05	3.341114e-03	1.347761e+01
3.208000e-05	1.245128e-02	1.357562e+01
3.209000e-05	1.534650e-02	1.374038e+01
3.210000e-05	7.726766e-03	1.392776e+01
3.211000e-05	8.725572e-03	1.405553e+01
3.212000e-05	1.353788e-02	1.416097e+01
3.213000e-05	1.879080e-02	1.430731e+01
3.214000e-05	9.381447e-03	1.446257e+01
3.215000e-05	8.629671e-03	1.451831e+01
3.216000e-05	1.447742e-02	1.464355e+01
3.217000e-05	1.654757e-02	1.472736e+01
3.218000e-05	1.233854e-02	1.483097e+01
3.219000e-05	9.765703e-03	1.485726e+01
3.220000e-05	1.666184e-02	1.494986e+01
3.221000e-05	1.610406e-02	1.505402e+01
3.222000e-05	1.501562e-02	1.509526e+01
3.223000e-05	1.120578e-02	1.517791e+01
3.224000e-05	1.636766e-02	1.520357e+01
3.225000e-05	1.970865e-02	1.530618e+01
3.226000e-05	1.650963e-02	1.528676e+01
3.227000e-05	1.554560e-02	1.537939e+01
3.228000e-05	1.628215e-02	1.544390e+01
3.229000e-05	2.223372e-02	1.542350e+01
3.230000e-05	1.788587e-02	1.548555e+01
3.231000e-05	1.855487e-02	1.546466e+01
3.232000e-05	1.931579e-02	1.551621e+01
3.233000e-05	2.262765e-02	1.552419e+01
3.234000e-05	2.093104e-02	1.550668e+01
3.235000e-05	1.965707e-02	1.550660e+01
3.236000e-05	2.279930e-02	1.549716e+01
3.237000e-05	2.571282e-02	1.552563e+01
3.238000e-05	2.678868e-02	1.546358e+01
3.239000e-05	2.414423e-02	1.545345e+01
3.240000e-05	2.764431e-02	1.540237e+01
3.241000e-05	2.795124e-02	1.536781e+01
3.242000e-05	2.948894e-02	1.532766e+01
3.243000e-05	2.818719e-02	1.525713e+01
3.244000e-05	3.346979e-02	1.518345e+01
3.245000e-05	3.607139e-02	1.513874e+01
3.246000e-05	3.744928e-02	1.508563e+01
3.247000e-05	4.037836e-02	1.498347e+01
3.248000e-05	4.395225e-02	1.494029e+01
3.249000e-05	5.128513e-02	1.483510e+01
3.250000e-05	5.720507e-02	1.479090e+01
3.251000e-05	6.684955e-02	1.467514e+01
3.252000e-05	8.015390e-02	1.458989e+01
3.253000e-05	9.612922e-02	1.447671e+01
3.254000e-05	1.130935e-01	1.436039e+01
3.255000e-05	1.378299e-01	1.427368e+01
3.256000e-05	1.705593e-01	1.410635e+01
3.257000e-05	2.064955e-01	1.398047e+01
3.258000e-05	2.379904e-01	1.386611e+01
3.259000e-05	2.487808e-01	1.373824e+01
3.260000e-05	2.499999e-01	1.359185e+01
3.261000e-05	2.500000e-01	1.344393e+01
3.262000e-05	2.500000e-01	1.330724e+01
3.263000e-05	2.500000e-01	1.318772e+01
3.264000e-05	2.500000e-01	1.300135e+01
3.265000e-05	2.490240e-01	1.284191e+01
3.266000e-05	2.301504e-01	1.266451e+01
3.267000e-05	1.948913e-01	1.249677e+01
3.268000e-05	1.616277e-01	1.237724e+01
3.269000e-05	1.343395e-01	1.214785e+01
3.270000e-05	1.084866e-01	1.201975e+01
3.271000e-05	8.947340e-02	1.182078e+01
3.272000e-05	7.259652e-02	1.161030e+01
3.273000e-05	6.052851e-02	1.134975e+01
3.274000e-05	4.835347e-02	1.113677e+01
3.275000e-05	3.947592e-02	1.092677e+01
3.276000e-05	3.231125e-02	1.077835e+01
3.277000e-05	2.673852e-02	1.052872e+01
3.278000e-05	2.218017e-02	1.031567e+01
3.279000e-05	1.842282e-02	1.008604e+01
3.280000e-05	1.543691e-02	9.854613e+00
3.281000e-05	1.276156e-02	9.622033e+00
3.282000e-05	9.674252e-03	9.431879e+00
3.283000e-05	7.988417e-03	9.189454e+00
3.284000e-05	6.483135e-03	8.968275e+00
3.285000e-05	5.345139e-03	8.706266e+00
3.286000e-05	6.075531e-03	8.485167e+00
3.287000e-05	5.807501e-03	8.263008e+00
3.288000e-05	4.405103e-03	8.041429e+00
3.289000e-05	2.855423e-03	7.768246e+00
3.290000e-05	2.029492e-03	7.494168e+00
3.291000e-05	4.067142e-04	7.190403e+00
3.292000e-05	-5.501708e-04	6.959251e+00
3.293000e-05	-1.442913e-04	6.695063e+00
3.294000e-05	1.797045e-03	6.410929e+00
3.295000e-05	8.118916e-04	6.177823e+00
3.296000e-05	2.060695e-04	5.964246e+00
3.297000e-05	9.494330e-04	5.693088e+00
3.298000e-05	-8.679869e-04	5.395804e+00
3.299000e-05	-1.854427e-03	5.051489e+00
3.300000e-05	-3.097753e-03	4.736746e+00
3.301000e-05	-2.424829e-03	4.484513e+00
3.302000e-05	-1.905343e-03	4.220263e+00
3.303000e-05	-1.095548e-03	3.895648e+00
3.304000e-05	-2.178370e-03	3.661010e+00
3.305000e-05	-2.131842e-03	3.346703e+00
3.306000e-05	-1.027763e-03	3.031568e+00
3.307000e-05	-2.814750e-03	2.862980e+00
3.308000e-05	-5.827333e-03	2.535696e+00
3.309000e-05	-5.297013e-03	2.240383e+00
3.310000e-05	-3.295972e-03	2.006252e+00
3.311000e-05	-2.301598e-03	1.682040e+00
3.312000e-05	-5.084632e-03	1.356800e+00
3.313000e-05	-5.356140e-03	1.020414e+00
3.314000e-05	-3.006250e-03	7.461961e-01
3.315000e-05	-3.912651e-03	4.720429e-01
3.316000e-05	-5.074616e-03	1.987291e-01
3.317000e-05	-1.161280e-03	-9.685666e-02
3.318000e-05	5.727305e-03	-3.595097e-01
3.319000e-05	-4.346000e-03	-6.527186e-01
3.320000e-05	-1.058171e-03	-9.153592e-01
3.321000e-05	-5.174711e-03	-1.150461e+00
3.322000e-05	-8.910024e-04	-1.465851e+00
3.323000e-05	-1.688862e-03	-1.737856e+00
3.324000e-05	2.813555e-02	-1.938941e+00
3.325000e-05	9.668557e-02	-2.171162e+00
3.326000e-05	-5.535123e-02	-2.539484e+00
3.327000e-05	-4.630662e-02	-2.948003e+00
3.328000e-05	-4.664988e-02	-3.302754e+00
3.329000e-05	-1.485615e-02	-3.517281e+00
3.330000e-05	-8.373610e-02	-3.738986e+00
3.331000e-05	1.061378e-01	-3.998446e+00
3.332000e-05	-1.753321e-02	-4.158466e+00
3.333000e-05	-3.986336e-02	-4.474378e+00
3.334000e-05	1.586086e-01	-4.704331e+00
3.335000e-05	-1.701207e-01	-4.991141e+00
3.336000e-05	7.693444e-02	-5.346932e+00
3.337000e-05	-8.853535e-02	-5.602169e+00
3.338000e-05	1.745040e-04	-5.908306e+00
3.339000e-05	7.536529e-02	-6.135828e+00
3.340000e-05	-1.018209e-01	-6.424120e+00
3.341000e-05	1.150121e-01	-6.717306e+00
3.342000e-05	-8.048681e-02	-7.000010e+00
3.343000e-05	1.315884e-03	-7.306303e+00
3.344000e-05	-9.571925e-03	-7.517278e+00
3.345000e-05	-5.327011e-02	-7.792518e+00
3.346000e-05	8.934466e-02	-8.083252e+00
3.347000e-05	-1.006102e-01	-8.287380e+00
3.348000e-05	8.224209e-02	-8.586885e+00
3.349000e-05	-6.561629e-02	-8.812042e+00
3.350000e-05	1.464495e-03	-9.094625e+00
3.351000e-05	-5.516093e-03	-9.225724e+00
3.352000e-05	-3.998650e-02	-9.536307e+00
3.353000e-05	4.900443e-02	-9.728377e+00
3.354000e-05	-6.033258e-02	-9.948958e+00
3.355000e-05	4.809808e-02	-1.017844e+01
3.356000e-05	-6.622859e-02	-1.042349e+01
3.357000e-05	2.810656e-02	-1.060155e+01
3.358000e-05	-4.264297e-02	-1.077204e+01
3.359000e-05	4.922185e-03	-1.102215e+01
3.360000e-05	-1.486151e-02	-1.120109e+01
3.361000e-05	-7.026129e-03	-1.147462e+01
3.362000e-05	-2.823131e-03	-1.162522e+01
3.363000e-05	-2.492886e-02	-1.189562e+01
3.364000e-05	-2.050050e-03	-1.206517e+01
3.365000e-05	-3.095278e-02	-1.227467e+01
3.366000e-05	7.030871e-03	-1.241360e+01
3.367000e-05	-3.031245e-02	-1.259301e+01
3.368000e-05	3.892095e-03	-1.279246e+01
3.369000e-05	-2.836604e-02	-1.291981e+01
3.370000e-05	2.112700e-03	-1.310673e+01
3.371000e-05	-2.664663e-02	-1.321463e+01
3.372000e-05	-1.083842e-02	-1.340251e+01
3.373000e-05	-1.916449e-02	-1.355981e+01
3.374000e-05	-1.277607e-02	-1.367530e+01
3.375000e-05	-1.401254e-02	-1.380354e+01
3.376000e-05	-1.994276e-02	-1.398036e+01
3.377000e-05	-1.074603e-02	-1.409773e+01
3.378000e-05	-1.804053e-02	-1.423297e+01
3.379000e-05	-1.530216e-02	-1.437989e+01
3.380000e-05	-2.242333e-02	-1.442423e+01
3.381000e-05	-1.533943e-02	-1.455029e+01
3.382000e-05	-1.904168e-02	-1.463358e+01
3.383000e-05	-1.577844e-02	-1.472834e+01
3.384000e-05	-2.219306e-02	-1.480262e+01
3.385000e-05	-1.678149e-02	-1.489886e+01
3.386000e-05	-2.166287e-02	-1.505242e+01
3.387000e-05	-1.909289e-02	-1.508560e+01
3.388000e-05	-2.506924e-02	-1.516879e+01
3.389000e-05	-1.893952e-02	-1.516099e+01
3.390000e-05	-2.166918e-02	-1.525412e+01
3.391000e-05	-2.078644e-02	-1.531818e+01
3.392000e-05	-2.485846e-02	-1.534086e+01
3.393000e-05	-2.433593e-02	-1.538152e+01
3.394000e-05	-2.308309e-02	-1.540452e+01
3.395000e-05	-2.514253e-02	-1.544408e+01
3.396000e-05	-2.374977e-02	-1.548473e+01
3.397000e-05	-2.621052e-02	-1.548718e+01
3.398000e-05	-2.455871e-02	-1.550724e+01
3.399000e-05	-2.839302e-02	-1.552773e+01
3.400000e-05	-2.812424e-02	-1.548823e+01
3.401000e-05	-2.947718e-02	-1.551571e+01
3.402000e-05	-2.852846e-02	-1.551611e+01
3.403000e-05	-2.989939e-02	-1.547563e+01
3.404000e-05	-3.123725e-02	-1.545408e+01
3.405000e-05	-3.308812e-02	-1.542195e+01
3.406000e-05	-3.403513e-02	-1.542245e+01
3.407000e-05	-3.481898e-02	-1.537779e+01
3.408000e-05	-3.551870e-02	-1.528921e+01
3.409000e-05	-3.736271e-02	-1.528462e+01
3.410000e-05	-3.864357e-02	-1.521347e+01
3.411000e-05	-4.139625e-02	-1.518932e+01
3.412000e-05	-4.449461e-02	-1.513608e+01
3.413000e-05	-4.762929e-02	-1.503200e+01
3.414000e-05	-5.263639e-02	-1.492129e+01
3.415000e-05	-5.835470e-02	-1.487701e+01
3.416000e-05	-6.636216e-02	-1.474139e+01
3.417000e-05	-7.329563e-02	-1.468566e+01
3.418000e-05	-8.759187e-02	-1.462087e+01
3.419000e-05	-1.026853e-01	-1.448778e+01
3.420000e-05	-1.235233e-01	-1.441047e+01
3.421000e-05	-1.471823e-01	-1.426456e+01
3.422000e-05	-1.785430e-01	-1.415769e+01
3.423000e-05	-2.151296e-01	-1.398335e+01
3.424000e-05	-2.413326e-01	-1.388663e+01
3.425000e-05	-2.497920e-01	-1.369975e+01
3.426000e-05	-2.500000e-01	-1.359045e+01
3.427000e-05	-2.500000e-01	-1.346498e+01
3.428000e-05	-2.500000e-01	-1.328619e+01
3.429000e-05	-2.500000e-01	-1.313929e+01
3.430000e-05	-2.500000e-01	-1.301235e+01
3.431000e-05	-2.492300e-01	-1.283558e+01
3.432000e-05	-2.326589e-01	-1.268601e+01
3.433000e-05	-2.000926e-01	-1.253764e+01
3.434000e-05	-1.676340e-01	-1.230829e+01
3.435000e-05	-1.405826e-01	-1.215987e+01
3.436000e-05	-1.167043e-01	-1.202872e+01
3.437000e-05	-9.604196e-02	-1.176030e+01
3.438000e-05	-7.996188e-02	-1.153015e+01
3.439000e-05	-6.735369e-02	-1.132767e+01
3.440000e-05	-5.563371e-02	-1.107714e+01
3.441000e-05	-4.772484e-02	-1.088517e+01
3.442000e-05	-3.989746e-02	-1.067662e+01
3.443000e-05	-3.546352e-02	-1.051665e+01
3.444000e-05	-3.061109e-02	-1.031664e+01
3.445000e-05	-2.546726e-02	-1.002351e+01
3.446000e-05	-2.276769e-02	-9.862512e+00
3.447000e-05	-2.173809e-02	-9.641961e+00
3.448000e-05	-1.960461e-02	-9.382852e+00
3.449000e-05	-1.658753e-02	-9.181304e+00
3.450000e-05	-1.625386e-02	-8.978297e+00
3.451000e-05	-1.612523e-02	-8.746218e+00
3.452000e-05	-1.427699e-02	-8.423538e+00
3.453000e-05	-1.377811e-02	-8.210383e+00
3.454000e-05	-9.986090e-03	-7.987879e+00
3.455000e-05	-1.463451e-02	-7.716042e+00
3.456000e-05	-1.135827e-02	-7.411457e+00
3.457000e-05	-1.151509e-02	-7.199879e+00
3.458000e-05	-9.076657e-03	-6.886095e+00
3.459000e-05	-8.894293e-03	-6.654539e+00
3.460000e-05	-8.635529e-03	-6.450877e+00
3.461000e-05	-8.652632e-03	-6.117272e+00
3.462000e-05	-1.033159e-02	-5.864662e+00
3.463000e-05	-1.087270e-02	-5.610331e+00
3.464000e-05	-1.193876e-02	-5.295618e+00
3.465000e-05	-8.912400e-03	-5.020426e+00
3.466000e-05	-7.305837e-03	-4.675442e+00
3.467000e-05	-4.858499e-03	-4.442460e+00
3.468000e-05	-4.730037e-03	-4.230453e+00
3.469000e-05	-5.409121e-03	-3.927170e+00
3.470000e-05	-8.998874e-03	-3.631959e+00
3.471000e-05	-9.681930e-03	-3.367275e+00
3.472000e-05	-1.064844e-02	-3.083168e+00
3.473000e-05	-5.734901e-03	-2.808825e+00
3.474000e-05	-4.946567e-03	-2.496670e+00
3.475000e-05	-1.874457e-03	-2.219455e+00
3.476000e-05	-3.169211e-03	-1.927745e+00
3.477000e-05	-4.305047e-03	-1.651990e+00
3.478000e-05	-6.590676e-03	-1.324709e+00
3.479000e-05	-8.092854e-03	-1.010362e+00
3.480000e-05	-6.810901e-03	-7.562247e-01
3.481000e-05	-5.923696e-03	-4.709843e-01
3.482000e-05	-1.644829e-03	-1.578011e-01
3.483000e-05	7.587654e-03	1.448590e-01
3.484000e-05	5.759443e-03	4.001498e-01
3.485000e-05	2.579289e-03	6.712540e-01
3.486000e-05	-1.107831e-04	9.259056e-01
3.487000e-05	-6.115813e-04	1.231695e+00
3.488000e-05	-7.297037e-04	1.505381e+00
3.489000e-05	2.267239e-03	1.835100e+00
3.490000e-05	1.902376e-02	2.062675e+00
3.491000e-05	7.666311e-02	2.306879e+00
3.492000e-05	1.753893e-02	2.705850e+00
3.493000e-05	-6.031492e-02	2.959591e+00
3.494000e-05	-4.224285e-02	3.252177e+00
3.495000e-05	-9.562538e-03	3.517881e+00
3.496000e-05	-1.959274e-02	3.768940e+00
3.497000e-05	-5.852704e-02	3.907888e+00
3.498000e-05	7.171942e-02	4.181119e+00
3.499000e-05	2.322796e-02	4.527305e+00
3.500000e-05	3.278662e-05	4.749017e+00
3.501000e-05	9.152812e-02	5.095825e+00
3.502000e-05	-1.081908e-01	5.462596e+00
3.503000e-05	4.686674e-02	5.663274e+00
3.504000e-05	-1.077838e-02	5.969913e+00
3.505000e-05	4.098274e-03	6.211046e+00
3.506000e-05	1.303547e-02	6.513277e+00
3.507000e-05	-2.676003e-02	6.767991e+00
3.508000e-05	7.890937e-02	7.010549e+00
3.509000e-05	-3.507518e-02	7.244927e+00
3.510000e-05	-7.236070e-03	7.569891e+00
3.511000e-05	-1.960831e-02	7.852245e+00
3.512000e-05	4.328199e-02	8.158429e+00
3.513000e-05	2.344764e-02	8.298945e+00
3.514000e-05	-4.372668e-02	8.577943e+00
3.515000e-05	4.130154e-02	8.811619e+00
3.516000e-05	-2.532284e-03	9.033624e+00
3.517000e-05	1.196435e-02	9.265277e+00
3.518000e-05	-1.752274e-02	9.497757e+00
3.519000e-05	1.398295e-02	9.758961e+00
3.520000e-05	2.463274e-02	9.960511e+00
3.521000e-05	5.788437e-03	1.019062e+01
3.522000e-05	5.862259e-03	1.043212e+01
3.523000e-05	-1.411342e-02	1.065455e+01
3.524000e-05	2.703416e-02	1.082460e+01
3.525000e-05	-1.815549e-03	1.103320e+01
3.526000e-05	6.798945e-03	1.123520e+01
3.527000e-05	2.044854e-03	1.147520e+01
3.528000e-05	2.542611e-02	1.170673e+01
3.529000e-05	6.888032e-03	1.186425e+01
3.530000e-05	2.195845e-03	1.205365e+01
3.531000e-05	2.935307e-03	1.227458e+01
3.532000e-05	1.303333e-02	1.242300e+01
3.533000e-05	1.196374e-02	1.261157e+01
3.534000e-05	2.046061e-03	1.272989e+01
3.535000e-05	1.247385e-02	1.295690e+01
3.536000e-05	1.277236e-02	1.310473e+01
3.537000e-05	1.834038e-02	1.322407e+01
3.538000e-05	-5.474731e-04	1.338094e+01
3.539000e-05	1.033301e-02	1.355743e+01
3.540000e-05	1.116884e-02	1.361670e+01
3.541000e-05	1.513922e-02	1.379247e+01
3.542000e-05	5.019252e-03	1.397091e+01
3.543000e-05	1.135461e-02	1.410573e+01
3.544000e-05	1.750288e-02	1.426413e+01
3.545000e-05	1.433521e-02	1.441941e+01
3.546000e-05	9.017910e-03	1.443420e+01
3.547000e-05	8.074974e-03	1.457132e+01
3.548000e-05	1.973889e-02	1.467571e+01
3.549000e-05	1.351296e-02	1.472839e+01
3.550000e-05	1.186210e-02	1.485315e+01
3.551000e-05	1.200757e-02	1.493668e+01
3.552000e-05	1.970830e-02	1.497102e+01
3.553000e-05	1.537958e-02	1.508668e+01
3.554000e-05	1.261573e-02	1.513668e+01
3.555000e-05	1.381088e-02	1.519847e+01
3.556000e-05	1.874384e-02	1.525507e+01
3.557000e-05	1.989987e-02	1.527661e+01
3.558000e-05	1.308338e-02	1.533976e+01
3.559000e-05	1.654053e-02	1.536034e+01
3.560000e-05	1.883982e-02	1.544252e+01
3.561000e-05	2.183740e-02	1.543455e+01
3.562000e-05	1.615746e-02	1.548408e+01
3.563000e-05	1.811275e-02	1.550613e+01
3.564000e-05	2.228158e-02	1.551716e+01
3.565000e-05	2.208004e-02	1.550568e+01
3.566000e-05	1.947195e-02	1.547716e+01
3.567000e-05	1.948291e-02	1.549610e+01
3.568000e-05	2.618372e-02	1.549613e+01
3.569000e-05	2.708244e-02	1.549455e+01
3.570000e-05	2.513609e-02	1.542252e+01
3.571000e-05	2.408213e-02	1.539197e+01
3.572000e-05	2.817529e-02	1.537079e+01
3.573000e-05	2.901664e-02	1.532772e+01
3.574000e-05	2.848322e-02	1.530764e+01
3.575000e-05	2.969067e-02	1.527557e+01
3.576000e-05	3.344351e-02	1.518039e+01
3.577000e-05	3.744172e-02	1.513763e+01
3.578000e-05	3.718600e-02	1.504455e+01
3.579000e-05	4.133154e-02	1.496087e+01
3.580000e-05	4.681126e-02	1.490564e+01
3.581000e-05	5.363294e-02	1.484258e+01
3.582000e-05	6.104156e-02	1.472719e+01
3.583000e-05	7.180138e-02	1.464353e+01
3.584000e-05	8.620992e-02	1.456984e+01
3.585000e-05	1.015888e-01	1.444445e+01
3.586000e-05	1.227456e-01	1.434616e+01
3.587000e-05	1.500722e-01	1.425243e+01
3.588000e-05	1.848229e-01	1.405616e+01
3.589000e-05	2.201669e-01	1.396777e+01
3.590000e-05	2.447751e-01	1.377093e+01
3.591000e-05	2.498952e-01	1.364653e+01
3.592000e-05	2.500000e-01	1.350682e+01
3.593000e-05	2.500000e-01	1.335135e+01
3.594000e-05	2.500000e-01	1.323263e+01
3.595000e-05	2.500000e-01	1.306566e+01
3.596000e-05	2.499900e-01	1.292819e+01
3.597000e-05	2.438599e-01	1.277780e+01
3.598000e-05	2.159226e-01	1.260038e+01
3.599000e-05	1.813813e-01	1.244156e+01
3.600000e-05	1.512172e-01	1.227400e+01
3.601000e-05	1.230227e-01	1.205569e+01
3.602000e-05	9.954995e-02	1.186371e+01
3.603000e-05	8.325851e-02	1.172469e+01
3.604000e-05	6.886438e-02	1.148611e+01
3.605000e-05	5.510007e-02	1.130559e+01
3.606000e-05	4.407910e-02	1.104358e+01
3.607000e-05	3.663423e-02	1.086464e+01
3.608000e-05	3.054633e-02	1.068248e+01
3.609000e-05	2.449811e-02	1.045540e+01
3.610000e-05	1.935058e-02	1.022288e+01
3.611000e-05	1.805029e-02	1.003046e+01
3.612000e-05	1.532222e-02	9.760355e+00
3.613000e-05	1.122982e-02	9.536719e+00
3.614000e-05	9.007111e-03	9.326267e+00
3.615000e-05	8.518392e-03	9.125041e+00
3.616000e-05	7.802743e-03	8.864013e+00
3.617000e-05	5.239954e-03	8.640431e+00
3.618000e-05	4.414828e-03	8.420453e+00
3.619000e-05	4.395757e-03	8.146777e+00
3.620000e-05	5.142706e-03	7.906062e+00
3.621000e-05	2.431461e-03	7.653459e+00
3.622000e-05	5.340170e-04	7.389703e+00
3.623000e-05	1.413867e-03	7.124692e+00
3.624000e-05	3.389375e-03	6.853588e+00
3.625000e-05	1.504583e-03	6.579283e+00
3.626000e-05	-1.011604e-03	6.296243e+00
3.627000e-05	1.681019e-04	6.053547e+00
3.628000e-05	1.253266e-03	5.800983e+00
3.629000e-05	6.146926e-04	5.538221e+00
3.630000e-05	-4.030230e-03	5.242538e+00
3.631000e-05	-1.525138e-03	4.913995e+00
3.632000e-05	5.258010e-04	4.630433e+00
3.633000e-05	-2.950254e-04	4.397324e+00
3.634000e-05	-3.679170e-03	4.073063e+00
3.635000e-05	-3.691804e-03	3.799850e+00
3.636000e-05	-1.022718e-03	3.536721e+00
3.637000e-05	-1.764415e-03	3.240939e+00
3.638000e-05	-4.681844e-03	2.936800e+00
3.639000e-05	-4.428815e-03	2.664171e+00
3.640000e-05	-1.289013e-03	2.387882e+00
3.641000e-05	-2.574158e-03	2.094172e+00
3.642000e-05	-5.613609e-03	1.901488e+00
3.643000e-05	-6.010145e-03	1.537749e+00
3.644000e-05	-3.128082e-03	1.240589e+00
3.645000e-05	-3.105353e-03	9.152686e-01
3.646000e-05	-5.629105e-03	6.099353e-01
3.647000e-05	-5.773076e-03	3.673262e-01
3.648000e-05	-2.050462e-03	4.206189e-02
3.649000e-05	6.589219e-03	-2.411224e-01
3.650000e-05	-2.758709e-03	-4.226238e-01
3.651000e-05	-2.321963e-03	-7.500646e-01
3.652000e-05	-5.299580e-03	-9.720923e-01
3.653000e-05	-1.172576e-03	-1.296874e+00
3.654000e-05	-6.022525e-03	-1.551568e+00
3.655000e-05	6.670940e-03	-1.862067e+00
3.656000e-05	6.147168e-02	-2.022619e+00
3.657000e-05	5.666518e-02	-2.328412e+00
3.658000e-05	-8.049099e-02	-2.713429e+00
3.659000e-05	-3.438061e-02	-3.096296e+00
3.660000e-05	-3.756785e-02	-3.359016e+00
3.661000e-05	-3.204386e-02	-3.572071e+00
3.662000e-05	-5.039921e-02	-3.876279e+00
3.663000e-05	1.441201e-01	-4.062778e+00
3.664000e-05	-1.404587e-01	-4.297380e+00
3.665000e-05	1.153240e-01	-4.617565e+00
3.666000e-05	7.989243e-03	-4.843792e+00
3.667000e-05	-1.103015e-01	-5.149485e+00
3.668000e-05	8.134287e-02	-5.422720e+00
3.669000e-05	-1.472588e-01	-5.728933e+00
3.670000e-05	1.160823e-01	-5.970545e+00
3.671000e-05	-4.734412e-02	-6.243173e+00
3.672000e-05	-1.128656e-02	-6.580508e+00
3.673000e-05	7.756615e-02	-6.761069e+00
3.674000e-05	-1.075413e-01	-7.076800e+00
3.675000e-05	6.084713e-02	-7.379438e+00
3.676000e-05	-8.993769e-02	-7.612266e+00
3.677000e-05	4.518027e-02	-7.899359e+00
3.678000e-05	4.104670e-03	-8.179960e+00
3.679000e-05	-5.055564e-02	-8.380521e+00
3.680000e-05	7.450202e-02	-8.664597e+00
3.681000e-05	-1.026959e-01	-8.917354e+00
3.682000e-05	6.265774e-02	-9.148336e+00
3.683000e-05	-7.789063e-02	-9.339530e+00
3.684000e-05	3.834138e-02	-9.620519e+00
3.685000e-05	-2.009210e-02	-9.832037e+00
3.686000e-05	-6.651272e-03	-1.001317e+01
3.687000e-05	9.005319e-03	-1.027567e+01
3.688000e-05	-4.710164e-02	-1.050728e+01
3.689000e-05	2.543402e-02	-1.069575e+01
3.690000e-05	-5.409326e-02	-1.089435e+01
3.691000e-05	2.536184e-02	-1.111736e+01
3.692000e-05	-3.863327e-02	-1.133833e+01
3.693000e-05	2.007193e-02	-1.152894e+01
3.694000e-05	-2.947666e-02	-1.175788e+01
3.695000e-05	7.771385e-04	-1.197239e+01
3.696000e-05	-2.588209e-02	-1.214891e+01
3.697000e-05	-8.300807e-03	-1.231731e+01
3.698000e-05	-1.273802e-02	-1.247633e+01
3.699000e-05	-1.825649e-02	-1.267670e+01
3.700000e-05	-5.569235e-03	-1.286302e+01
3.701000e-05	-2.166181e-02	-1.298202e+01
3.702000e-05	1.328005e-03	-1.313736e+01
3.703000e-05	-2.932555e-02	-1.329673e+01
3.704000e-05	-3.061725e-03	-1.344458e+01
3.705000e-05	-2.724594e-02	-1.360097e+01
3.706000e-05	-6.141845e-03	-1.374838e+01
3.707000e-05	-2.512074e-02	-1.382373e+01
3.708000e-05	-1.175928e-02	-1.401310e+01
3.709000e-05	-1.750966e-02	-1.417981e+01
3.710000e-05	-1.563318e-02	-1.432413e+01
3.711000e-05	-1.784612e-02	-1.438239e+01
3.712000e-05	-1.908826e-02	-1.448715e+01
3.713000e-05	-1.658799e-02	-1.460304e+01
3.714000e-05	-1.973760e-02	-1.468521e+01
3.715000e-05	-1.831851e-02	-1.475144e+01
3.716000e-05	-1.976088e-02	-1.484557e+01
3.717000e-05	-1.947367e-02	-1.494234e+01
3.718000e-05	-2.348178e-02	-1.502359e+01
3.719000e-05	-1.991175e-02	-1.511576e+01
3.720000e-05	-2.046175e-02	-1.518026e+01
3.721000e-05	-1.905957e-02	-1.518505e+01
3.722000e-05	-2.467472e-02	-1.525568e+01
3.723000e-05	-2.103243e-02	-1.532884e+01
3.724000e-05	-2.485506e-02	-1.534992e+01
3.725000e-05	-2.453464e-02	-1.538300e+01
3.726000e-05	-2.642898e-02	-1.541453e+01
3.727000e-05	-2.348588e-02	-1.545568e+01
3.728000e-05	-2.328245e-02	-1.550713e+01
3.729000e-05	-2.497837e-02	-1.548673e+01
3.730000e-05	-2.682270e-02	-1.550574e+01
3.731000e-05	-2.818999e-02	-1.550773e+01
3.732000e-05	-2.855524e-02	-1.549826e+01
3.733000e-05	-2.937074e-02	-1.546671e+01
3.734000e-05	-3.084774e-02	-1.548559e+01
3.735000e-05	-3.022274e-02	-1.549463e+01
3.736000e-05	-3.108266e-02	-1.546453e+01
3.737000e-05	-3.294731e-02	-1.543405e+01
3.738000e-05	-3.456563e-02	-1.536185e+01
3.739000e-05	-3.514511e-02	-1.533926e+01
3.740000e-05	-3.627386e-02	-1.526616e+01
3.741000e-05	-3.730333e-02	-1.524400e+01
3.742000e-05	-4.062168e-02	-1.519132e+01
3.743000e-05	-4.263281e-02	-1.512821e+01
3.744000e-05	-4.574249e-02	-1.508403e+01
3.745000e-05	-4.989819e-02	-1.500284e+01
3.746000e-05	-5.579560e-02	-1.488766e+01
3.747000e-05	-6.085816e-02	-1.483398e+01
3.748000e-05	-6.774911e-02	-1.477734e+01
3.749000e-05	-7.765296e-02	-1.466458e+01
3.750000e-05	-9.365182e-02	-1.455879e+01
3.751000e-05	-1.099506e-01	-1.444411e+01
3.752000e-05	-1.316483e-01	-1.435772e+01
3.753000e-05	-1.582236e-01	-1.417127e+01
3.754000e-05	-1.937394e-01	-1.405419e+01
3.755000e-05	-2.288393e-01	-1.396027e+01
3.756000e-05	-2.462755e-01	-1.380338e+01
3.757000e-05	-2.499985e-01	-1.366563e+01
3.758000e-05	-2.500000e-01	-1.352819e+01
3.759000e-05	-2.500000e-01	-1.341340e+01
3.760000e-05	-2.500000e-01	-1.324656e+01
3.761000e-05	-2.500000e-01	-1.309461e+01
3.762000e-05	-2.499900e-01	-1.290871e+01
3.763000e-05	-2.452600e-01	-1.278943e+01
3.764000e-05	-2.202091e-01	-1.260343e+01
3.765000e-05	-1.863075e-01	-1.244444e+01
3.766000e-05	-1.561706e-01	-1.227604e+01
3.767000e-05	-1.306824e-01	-1.203916e+01
3.768000e-05	-1.086009e-01	-1.191409e+01
3.769000e-05	-8.918264e-02	-1.166651e+01
3.770000e-05	-7.518908e-02	-1.146306e+01
3.771000e-05	-6.241721e-02	-1.123340e+01
3.772000e-05	-5.284977e-02	-1.101388e+01
3.773000e-05	-4.429221e-02	-1.084206e+01
3.774000e-05	-3.837275e-02	-1.065306e+01
3.775000e-05	-3.331688e-02	-1.044098e+01
3.776000e-05	-2.887426e-02	-1.023242e+01
3.777000e-05	-2.461795e-02	-9.958803e+00
3.778000e-05	-2.286646e-02	-9.769296e+00
3.779000e-05	-2.024085e-02	-9.575248e+00
3.780000e-05	-1.893225e-02	-9.276720e+00
3.781000e-05	-1.704409e-02	-9.074188e+00
3.782000e-05	-1.704259e-02	-8.854087e+00
3.783000e-05	-1.547860e-02	-8.593353e+00
3.784000e-05	-1.278655e-02	-8.346772e+00
3.785000e-05	-1.206251e-02	-8.089197e+00
3.786000e-05	-1.324544e-02	-7.937091e+00
3.787000e-05	-1.301916e-02	-7.601304e+00
3.788000e-05	-1.109592e-02	-7.317722e+00
3.789000e-05	-9.633439e-03	-7.074063e+00
3.790000e-05	-1.064335e-02	-6.773380e+00
3.791000e-05	-1.080914e-02	-6.557770e+00
3.792000e-05	-9.467601e-03	-6.354217e+00
3.793000e-05	-8.732960e-03	-6.051410e+00
3.794000e-05	-1.053976e-02	-5.759299e+00
3.795000e-05	-8.497476e-03	-5.504590e+00
3.796000e-05	-9.261889e-03	-5.228405e+00
3.797000e-05	-6.786408e-03	-4.863086e+00
3.798000e-05	-7.275137e-03	-4.558801e+00
3.799000e-05	-7.101623e-03	-4.356696e+00
3.800000e-05	-8.323496e-03	-4.093668e+00
3.801000e-05	-6.833933e-03	-3.779384e+00
3.802000e-05	-8.936461e-03	-3.537142e+00
3.803000e-05	-7.490013e-03	-3.254036e+00
3.804000e-05	-7.561251e-03	-2.928121e+00
3.805000e-05	-5.191125e-03	-2.672537e+00
3.806000e-05	-5.471669e-03	-2.427880e+00
3.807000e-05	-4.534578e-03	-2.085591e+00
3.808000e-05	-4.999180e-03	-1.822409e+00
3.809000e-05	-5.381001e-03	-1.537276e+00
3.810000e-05	-5.615441e-03	-1.238380e+00
3.811000e-05	-5.686340e-03	-8.956935e-01
3.812000e-05	-4.287617e-03	-6.199879e-01
3.813000e-05	-3.466690e-03	-3.167486e-01
3.814000e-05	5.368636e-04	-6.453834e-02
3.815000e-05	9.657780e-03	2.312675e-01
3.816000e-05	-1.088635e-03	5.053305e-01
3.817000e-05	2.424546e-03	7.479131e-01
3.818000e-05	-1.187771e-03	1.071218e+00
3.819000e-05	2.400176e-03	1.335936e+00
3.820000e-05	-7.009379e-04	1.645253e+00
3.821000e-05	1.032760e-02	1.905857e+00
3.822000e-05	3.375035e-02	2.116883e+00
3.823000e-05	8.315149e-02	2.450672e+00
3.824000e-05	-4.280600e-02	2.832167e+00
3.825000e-05	-4.951689e-02	3.085304e+00
3.826000e-05	-3.552805e-02	3.357513e+00
3.827000e-05	6.786814e-03	3.661123e+00
3.828000e-05	-4.805442e-02	3.850175e+00
3.829000e-05	-2.520881e-02	3.993171e+00
3.830000e-05	1.113631e-01	4.317829e+00
3.831000e-05	-5.811766e-02	4.632171e+00
3.832000e-05	9.886306e-02	4.863248e+00
3.833000e-05	-1.847482e-02	5.232720e+00
3.834000e-05	-5.894741e-02	5.495904e+00
3.835000e-05	5.422752e-02	5.780036e+00
3.836000e-05	-4.018062e-02	6.064752e+00
3.837000e-05	4.217565e-02	6.305755e+00
3.838000e-05	-3.264992e-02	6.592091e+00
3.839000e-05	2.984720e-02	6.853748e+00
3.840000e-05	4.093401e-02	7.126803e+00
3.841000e-05	-3.900037e-02	7.432741e+00
3.842000e-05	-2.608575e-03	7.655825e+00
3.843000e-05	-9.307148e-03	7.970108e+00
3.844000e-05	5.768017e-02	8.233596e+00
3.845000e-05	-1.777476e-02	8.442648e+00
3.846000e-05	-1.625403e-02	8.673202e+00
3.847000e-05	4.124641e-02	8.915828e+00
3.848000e-05	-1.451871e-02	9.119908e+00
3.849000e-05	1.739285e-02	9.388961e+00
3.850000e-05	-2.558863e-02	9.610144e+00
3.851000e-05	3.471370e-02	9.843673e+00
3.852000e-05	9.401994e-03	1.006475e+01
3.853000e-05	1.084442e-02	1.028623e+01
3.854000e-05	-6.161421e-03	1.051681e+01
3.855000e-05	-3.693018e-03	1.068581e+01
3.856000e-05	2.719180e-02	1.087641e+01
3.857000e-05	-9.254896e-03	1.108788e+01
3.858000e-05	1.445904e-02	1.131896e+01
3.859000e-05	3.605897e-03	1.156891e+01
3.860000e-05	2.878860e-02	1.174991e+01
3.861000e-05	-3.466429e-03	1.190949e+01
3.862000e-05	4.096707e-03	1.214788e+01
3.863000e-05	4.734252e-03	1.232678e+01
3.864000e-05	1.431262e-02	1.245728e+01
3.865000e-05	1.006186e-02	1.267418e+01
3.866000e-05	1.952396e-03	1.281312e+01
3.867000e-05	1.711344e-02	1.300154e+01
3.868000e-05	1.373002e-02	1.312989e+01
3.869000e-05	1.394835e-02	1.332735e+01
3.870000e-05	-1.069140e-03	1.343465e+01
3.871000e-05	1.289451e-02	1.356046e+01
3.872000e-05	1.397590e-02	1.370731e+01
3.873000e-05	1.062387e-02	1.388470e+01
3.874000e-05	6.268224e-03	1.401352e+01
3.875000e-05	1.345529e-02	1.418097e+01
3.876000e-05	2.020496e-02	1.428531e+01
3.877000e-05	1.033920e-02	1.443151e+01
3.878000e-05	8.667746e-03	1.450773e+01
3.879000e-05	1.219340e-02	1.460195e+01
3.880000e-05	2.000398e-02	1.471723e+01
3.881000e-05	1.275162e-02	1.479100e+01
3.882000e-05	9.138167e-03	1.487461e+01
3.883000e-05	1.549265e-02	1.492681e+01
3.884000e-05	1.817130e-02	1.501205e+01
3.885000e-05	1.622610e-02	1.509516e+01
3.886000e-05	1.035885e-02	1.514883e+01
3.887000e-05	1.748208e-02	1.520099e+01
3.888000e-05	1.901730e-02	1.525415e+01
3.889000e-05	1.762933e-02	1.532021e+01
3.890000e-05	1.346792e-02	1.537037e+01
3.891000e-05	1.746920e-02	1.539149e+01
3.892000e-05	2.148410e-02	1.543093e+01
3.893000e-05	1.858532e-02	1.544255e+01
3.894000e-05	1.708619e-02	1.549555e+01
3.895000e-05	2.015294e-02	1.550561e+01
3.896000e-05	2.237315e-02	1.549766e+01
3.897000e-05	1.919525e-02	1.549658e+01
3.898000e-05	1.923606e-02	1.548813e+01
3.899000e-05	2.260958e-02	1.549323e+01
3.900000e-05	2.700063e-02	1.548658e+01
3.901000e-05	2.549329e-02	1.546205e+01
3.902000e-05	2.341740e-02	1.542305e+01
3.903000e-05	2.693620e-02	1.539190e+01
3.904000e-05	2.734157e-02	1.535829e+01
3.905000e-05	2.831146e-02	1.532876e+01
3.906000e-05	2.650225e-02	1.527565e+01
3.907000e-05	3.248837e-02	1.523290e+01
3.908000e-05	3.531228e-02	1.512781e+01
3.909000e-05	3.645025e-02	1.509616e+01
3.910000e-05	3.809386e-02	1.500195e+01
3.911000e-05	4.323958e-02	1.495782e+01
3.912000e-05	5.068229e-02	1.485366e+01
3.913000e-05	5.520667e-02	1.479182e+01
3.914000e-05	6.371846e-02	1.471718e+01
3.915000e-05	7.569511e-02	1.460140e+01
3.916000e-05	9.239547e-02	1.450711e+01
3.917000e-05	1.091401e-01	1.439192e+01
3.918000e-05	1.313532e-01	1.426459e+01
3.919000e-05	1.635050e-01	1.414940e+01
3.920000e-05	1.999138e-01	1.405205e+01
3.921000e-05	2.327879e-01	1.390659e+01
3.922000e-05	2.476412e-01	1.373082e+01
3.923000e-05	2.499997e-01	1.361305e+01
3.924000e-05	2.500000e-01	1.350408e+01
3.925000e-05	2.500000e-01	1.330722e+01
3.926000e-05	2.500000e-01	1.319985e+01
3.927000e-05	2.500000e-01	1.302196e+01
3.928000e-05	2.499440e-01	1.284496e+01
3.929000e-05	2.338620e-01	1.268519e+01
3.930000e-05	2.013829e-01	1.254675e+01
3.931000e-05	1.697904e-01	1.238830e+01
3.932000e-05	1.413556e-01	1.216135e+01
3.933000e-05	1.134008e-01	1.200938e+01
3.934000e-05	9.137809e-02	1.183238e+01
3.935000e-05	7.606074e-02	1.163148e+01
3.936000e-05	6.291219e-02	1.136138e+01
3.937000e-05	4.986795e-02	1.120037e+01
3.938000e-05	4.053491e-02	1.098093e+01
3.939000e-05	3.523196e-02	1.079043e+01
3.940000e-05	3.035979e-02	1.054233e+01
3.941000e-05	2.306444e-02	1.035930e+01
3.942000e-05	1.817155e-02	1.014772e+01
3.943000e-05	1.543265e-02	9.936195e+00
3.944000e-05	1.331007e-02	9.687091e+00
3.945000e-05	9.837659e-03	9.423987e+00
3.946000e-05	8.478841e-03	9.222063e+00
3.947000e-05	8.090390e-03	9.000404e+00
3.948000e-05	9.165580e-03	8.747821e+00
3.949000e-05	5.549235e-03	8.557294e+00
3.950000e-05	4.442801e-03	8.313715e+00
3.951000e-05	3.497058e-03	8.042886e+00
3.952000e-05	2.977166e-03	7.780976e+00
3.953000e-05	1.774987e-03	7.545245e+00
3.954000e-05	1.165286e-03	7.251440e+00
3.955000e-05	7.766836e-04	6.990357e+00
3.956000e-05	3.954140e-03	6.796670e+00
3.957000e-05	-1.264582e-03	6.483490e+00
3.958000e-05	9.498804e-04	6.241979e+00
3.959000e-05	-1.224993e-03	5.998349e+00
3.960000e-05	2.611242e-03	5.704618e+00
3.961000e-05	-2.124151e-03	5.421988e+00
3.962000e-05	-4.239654e-04	5.124646e+00
3.963000e-05	-1.812860e-03	4.768402e+00
3.964000e-05	-5.842830e-04	4.515720e+00
3.965000e-05	-3.718693e-03	4.243035e+00
3.966000e-05	-4.369197e-03	3.947849e+00
3.967000e-05	-3.970164e-03	3.665118e+00
3.968000e-05	-9.349359e-04	3.369364e+00
3.969000e-05	-1.838511e-03	3.096096e+00
3.970000e-05	-2.822884e-03	2.854014e+00
3.971000e-05	-3.185154e-03	2.566230e+00
3.972000e-05	-4.560014e-03	2.284591e+00
3.973000e-05	-4.239581e-03	2.019383e+00
3.974000e-05	-6.979410e-03	1.735175e+00
3.975000e-05	-5.029941e-03	1.400459e+00
3.976000e-05	-5.015243e-03	1.115649e+00
3.977000e-05	-2.061786e-03	7.583489e-01
3.978000e-05	-5.069876e-03	4.946999e-01
3.979000e-05	-3.299884e-03	2.304405e-01
3.980000e-05	-1.409023e-03	-7.327757e-02
3.981000e-05	7.402356e-03	-2.973818e-01
3.982000e-05	-7.035874e-03	-6.010157e-01
3.983000e-05	-2.139160e-03	-8.437289e-01
3.984000e-05	-6.902292e-03	-1.105834e+00
3.985000e-05	-1.862747e-03	-1.452671e+00
3.986000e-05	-3.566497e-03	-1.674303e+00
3.987000e-05	2.025040e-02	-1.906833e+00
3.988000e-05	9.552007e-02	-2.128382e+00
3.989000e-05	-2.118035e-02	-2.506355e+00
3.990000e-05	-6.104095e-02	-2.892248e+00
3.991000e-05	-4.432648e-02	-3.220094e+00
3.992000e-05	-2.151680e-02	-3.436253e+00
3.993000e-05	-7.248491e-02	-3.724432e+00
3.994000e-05	5.254675e-02	-3.978987e+00
3.995000e-05	6.214504e-02	-4.116883e+00
3.996000e-05	-1.174883e-01	-4.422170e+00
3.997000e-05	1.935100e-01	-4.665302e+00
3.998000e-05	-1.390782e-01	-4.947581e+00
3.999000e-05	2.455595e-02	-5.274854e+00
4.000000e-05	-2.505509e-02	-5.557929e+00
4.001000e-05	-7.306042e-02	-5.894223e+00
4.002000e-05	1.230357e-01	-6.085829e+00
4.003000e-05	-1.128244e-01	-6.401615e+00
4.004000e-05	9.260421e-02	-6.636223e+00
4.005000e-05	-3.059219e-02	-6.885930e+00
4.006000e-05	-4.566998e-02	-7.231096e+00
4.007000e-05	3.324076e-02	-7.465251e+00
4.008000e-05	-9.247157e-02	-7.778510e+00
4.009000e-05	1.013966e-01	-8.023248e+00
4.010000e-05	-8.561849e-02	-8.245174e+00
4.011000e-05	4.979602e-02	-8.508931e+00
4.012000e-05	-1.491615e-02	-8.741386e+00
4.013000e-05	-4.663263e-02	-9.022594e+00
4.014000e-05	3.685486e-02	-9.221116e+00
4.015000e-05	-7.434563e-02	-9.465723e+00
4.016000e-05	6.629356e-02	-9.684278e+00
4.017000e-05	-6.785264e-02	-9.927774e+00
4.018000e-05	4.659537e-02	-1.013746e+01
4.019000e-05	-4.902384e-02	-1.035036e+01
4.020000e-05	8.145562e-03	-1.058994e+01
4.021000e-05	-2.110035e-02	-1.078151e+01
4.022000e-05	-1.880325e-02	-1.100004e+01
4.023000e-05	5.569038e-03	-1.119202e+01
4.024000e-05	-2.617114e-02	-1.138309e+01
4.025000e-05	1.160877e-02	-1.161159e+01
4.026000e-05	-3.526255e-02	-1.183404e+01
4.027000e-05	8.884247e-03	-1.202357e+01
4.028000e-05	-3.683204e-02	-1.219257e+01
4.029000e-05	7.817534e-03	-1.235954e+01
4.030000e-05	-3.031660e-02	-1.252898e+01
4.031000e-05	1.649134e-03	-1.274083e+01
4.032000e-05	-2.295041e-02	-1.288633e+01
4.033000e-05	-4.958703e-03	-1.304513e+01
4.034000e-05	-1.875620e-02	-1.318052e+01
4.035000e-05	-1.786183e-02	-1.336988e+01
4.036000e-05	-1.107575e-02	-1.352773e+01
4.037000e-05	-2.125390e-02	-1.365518e+01
4.038000e-05	-9.314540e-03	-1.381302e+01
4.039000e-05	-2.410694e-02	-1.393034e+01
4.040000e-05	-8.335822e-03	-1.406520e+01
4.041000e-05	-2.105615e-02	-1.423149e+01
4.042000e-05	-1.431468e-02	-1.436928e+01
4.043000e-05	-2.234377e-02	-1.442355e+01
4.044000e-05	-1.726528e-02	-1.454983e+01
4.045000e-05	-1.882466e-02	-1.464405e+01
4.046000e-05	-1.679115e-02	-1.474933e+01
4.047000e-05	-2.168330e-02	-1.480402e+01
4.048000e-05	-1.936133e-02	-1.489626e+01
4.049000e-05	-2.064173e-02	-1.498297e+01
4.050000e-05	-1.961007e-02	-1.506315e+01
4.051000e-05	-2.466753e-02	-1.514673e+01
4.052000e-05	-2.124779e-02	-1.519144e+01
4.053000e-05	-1.953114e-02	-1.523358e+01
4.054000e-05	-2.121421e-02	-1.530768e+01
4.055000e-05	-2.351474e-02	-1.532086e+01
4.056000e-05	-2.587823e-02	-1.536149e+01
4.057000e-05	-2.243125e-02	-1.541195e+01
4.058000e-05	-2.525508e-02	-1.542508e+01
4.059000e-05	-2.417524e-02	-1.548508e+01
4.060000e-05	-2.619022e-02	-1.548613e+01
4.061000e-05	-2.442830e-02	-1.547571e+01
4.062000e-05	-2.755899e-02	-1.549719e+01
4.063000e-05	-2.811975e-02	-1.551668e+01
4.064000e-05	-2.964983e-02	-1.549629e+01
4.065000e-05	-2.853527e-02	-1.551668e+01
4.066000e-05	-2.998244e-02	-1.549415e+01
4.067000e-05	-3.135771e-02	-1.547458e+01
4.068000e-05	-3.239531e-02	-1.543455e+01
4.069000e-05	-3.237834e-02	-1.537193e+01
4.070000e-05	-3.415617e-02	-1.537187e+01
4.071000e-05	-3.620813e-02	-1.530624e+01
4.072000e-05	-3.682080e-02	-1.527465e+01
4.073000e-05	-3.846734e-02	-1.521247e+01
4.074000e-05	-4.061892e-02	-1.519182e+01
4.075000e-05	-4.395196e-02	-1.513568e+01
4.076000e-05	-4.685040e-02	-1.501350e+01
4.077000e-05	-5.236993e-02	-1.496089e+01
4.078000e-05	-5.701956e-02	-1.485661e+01
4.079000e-05	-6.408272e-02	-1.476197e+01
4.080000e-05	-7.179500e-02	-1.470761e+01
4.081000e-05	-8.373222e-02	-1.462297e+01
4.082000e-05	-9.862563e-02	-1.452619e+01
4.083000e-05	-1.183691e-01	-1.442247e+01
4.084000e-05	-1.419309e-01	-1.428611e+01
4.085000e-05	-1.712416e-01	-1.411127e+01
4.086000e-05	-2.070812e-01	-1.406498e+01
4.087000e-05	-2.373529e-01	-1.390566e+01
4.088000e-05	-2.489749e-01	-1.374982e+01
4.089000e-05	-2.500000e-01	-1.363052e+01
4.090000e-05	-2.500000e-01	-1.347599e+01
4.091000e-05	-2.500000e-01	-1.331777e+01
4.092000e-05	-2.500000e-01	-1.317080e+01
4.093000e-05	-2.500000e-01	-1.302293e+01
4.094000e-05	-2.499590e-01	-1.288568e+01
4.095000e-05	-2.379768e-01	-1.270769e+01
4.096000e-05	-2.079609e-01	-1.252024e+01
4.097000e-05	-1.741681e-01	-1.238882e+01
4.098000e-05	-1.458428e-01	-1.221085e+01
4.099000e-05	-1.208353e-01	-1.204095e+01
4.100000e-05	-1.007187e-01	-1.184246e+01
4.101000e-05	-8.475875e-02	-1.160983e+01
4.102000e-05	-6.885744e-02	-1.140038e+01
4.103000e-05	-5.682398e-02	-1.113977e+01
4.104000e-05	-4.999566e-02	-1.095782e+01
4.105000e-05	-4.402414e-02	-1.077028e+01
4.106000e-05	-3.585911e-02	-1.057988e+01
4.107000e-05	-3.008026e-02	-1.034679e+01
4.108000e-05	-2.800735e-02	-1.010704e+01
4.109000e-05	-2.694531e-02	-9.885183e+00
4.110000e-05	-2.134620e-02	-9.655064e+00
4.111000e-05	-1.903282e-02	-9.474561e+00
4.112000e-05	-1.871358e-02	-9.212437e+00
4.113000e-05	-1.829223e-02	-9.010432e+00
4.114000e-05	-1.530922e-02	-8.756801e+00
4.115000e-05	-1.369346e-02	-8.497618e+00
4.116000e-05	-1.486863e-02	-8.253112e+00
4.117000e-05	-1.483238e-02	-8.043057e+00
4.118000e-05	-1.171366e-02	-7.788251e+00
4.119000e-05	-1.060361e-02	-7.514517e+00
4.120000e-05	-1.124542e-02	-7.241938e+00
4.121000e-05	-1.167004e-02	-6.930275e+00
4.122000e-05	-8.275565e-03	-6.695671e+00
4.123000e-05	-9.745419e-03	-6.454009e+00
4.124000e-05	-9.426074e-03	-6.209902e+00
4.125000e-05	-1.056266e-02	-5.927270e+00
4.126000e-05	-8.144570e-03	-5.693988e+00
4.127000e-05	-7.955350e-03	-5.378700e+00
4.128000e-05	-8.706711e-03	-5.044016e+00
4.129000e-05	-9.679470e-03	-4.748145e+00
4.130000e-05	-6.148497e-03	-4.515062e+00
4.131000e-05	-5.558111e-03	-4.233091e+00
4.132000e-05	-8.078183e-03	-4.028902e+00
4.133000e-05	-7.925959e-03	-3.673516e+00
4.134000e-05	-8.070671e-03	-3.420407e+00
4.135000e-05	-5.455225e-03	-3.178224e+00
4.136000e-05	-7.139123e-03	-2.849937e+00
4.137000e-05	-6.154366e-03	-2.538799e+00
4.138000e-05	-5.011822e-03	-2.263117e+00
4.139000e-05	-3.758784e-03	-1.969330e+00
4.140000e-05	-5.781781e-03	-1.716195e+00
4.141000e-05	-5.640105e-03	-1.389410e+00
4.142000e-05	-6.394827e-03	-1.084589e+00
4.143000e-05	-3.141400e-03	-8.013578e-01
4.144000e-05	-3.996127e-03	-5.141220e-01
4.145000e-05	-2.821247e-03	-2.219154e-01
4.146000e-05	4.765172e-03	5.072126e-02
4.147000e-05	7.022916e-03	3.185108e-01
4.148000e-05	-1.295685e-04	5.906224e-01
4.149000e-05	3.642922e-04	8.217740e-01
4.150000e-05	-3.931403e-04	1.188462e+00
4.151000e-05	3.206597e-03	1.473200e+00
4.152000e-05	7.430866e-04	1.738487e+00
4.153000e-05	1.586090e-02	1.989568e+00
4.154000e-05	6.061257e-02	2.281746e+00
4.155000e-05	4.936559e-02	2.600640e+00
4.156000e-05	-6.329005e-02	2.947408e+00
4.157000e-05	-4.303109e-02	3.169066e+00
4.158000e-05	-1.982207e-02	3.465178e+00
4.159000e-05	-1.921852e-03	3.707335e+00
4.160000e-05	-5.996604e-02	3.937787e+00
4.161000e-05	3.546338e-02	4.157957e+00
4.162000e-05	6.848178e-02	4.463748e+00
4.163000e-05	-4.634969e-02	4.715811e+00
4.164000e-05	1.256872e-01	4.983040e+00
4.165000e-05	-1.027045e-01	5.358466e+00
4.166000e-05	1.913389e-02	5.600117e+00
4.167000e-05	1.517558e-02	5.895353e+00
4.168000e-05	-1.971274e-02	6.148389e+00
4.169000e-05	3.492383e-02	6.399190e+00
4.170000e-05	-4.279854e-02	6.708429e+00
4.171000e-05	7.552882e-02	6.946912e+00
4.172000e-05	-1.523189e-02	7.241640e+00
4.173000e-05	-1.873260e-02	7.517727e+00
4.174000e-05	-1.555122e-02	7.789638e+00
4.175000e-05	2.547904e-02	8.084200e+00
4.176000e-05	4.098120e-02	8.316330e+00
4.177000e-05	-4.414935e-02	8.536359e+00
4.178000e-05	2.620072e-02	8.747967e+00
4.179000e-05	1.418056e-02	9.010991e+00
4.180000e-05	1.284157e-03	9.213627e+00
4.181000e-05	-5.607600e-03	9.463699e+00
4.182000e-05	-3.574379e-03	9.705302e+00
4.183000e-05	3.381333e-02	9.939333e+00
4.184000e-05	4.549305e-03	1.012994e+01
4.185000e-05	9.649228e-03	1.036898e+01
4.186000e-05	-1.438983e-02	1.061049e+01
4.187000e-05	1.865850e-02	1.078201e+01
4.188000e-05	9.476217e-03	1.099251e+01
4.189000e-05	-4.215020e-04	1.115149e+01
4.190000e-05	6.042460e-03	1.141161e+01
4.191000e-05	1.698491e-02	1.167359e+01
4.192000e-05	1.563505e-02	1.182415e+01
4.193000e-05	-2.669886e-04	1.200362e+01
4.194000e-05	3.418298e-03	1.223204e+01
4.195000e-05	1.143579e-02	1.240347e+01
4.196000e-05	1.352900e-02	1.254999e+01
4.197000e-05	5.000955e-03	1.269581e+01
4.198000e-05	8.533810e-03	1.293580e+01
4.199000e-05	1.448433e-02	1.306410e+01
4.200000e-05	1.665256e-02	1.323247e+01
4.201000e-05	4.678114e-03	1.333791e+01
4.202000e-05	7.205772e-03	1.350683e+01
4.203000e-05	1.203186e-02	1.365413e+01
4.204000e-05	1.679532e-02	1.382146e+01
4.205000e-05	7.236304e-03	1.394973e+01
4.206000e-05	9.800826e-03	1.404570e+01
4.207000e-05	1.518132e-02	1.419405e+01
4.208000e-05	1.752352e-02	1.436831e+01
4.209000e-05	8.955940e-03	1.445360e+01
4.210000e-05	9.443495e-03	1.457982e+01
4.211000e-05	1.719337e-02	1.465413e+01
4.212000e-05	1.579316e-02	1.477987e+01
4.213000e-05	1.371587e-02	1.482160e+01
4.214000e-05	9.516961e-03	1.486673e+01
4.215000e-05	1.934623e-02	1.497144e+01
4.216000e-05	1.595295e-02	1.504463e+01
4.217000e-05	1.421137e-02	1.511731e+01
4.218000e-05	1.156699e-02	1.514986e+01
4.219000e-05	1.814733e-02	1.525252e+01
4.220000e-05	2.048899e-02	1.528920e+01
4.221000e-05	1.378491e-02	1.535826e+01
4.222000e-05	1.679507e-02	1.539136e+01
4.223000e-05	1.744837e-02	1.543197e+01
4.224000e-05	2.177239e-02	1.544197e+01
4.225000e-05	1.591483e-02	1.545465e+01
4.226000e-05	1.778526e-02	1.546458e+01
4.227000e-05	2.407324e-02	1.550673e+01
4.228000e-05	2.188868e-02	1.552666e+01
4.229000e-05	2.198425e-02	1.552663e+01
4.230000e-05	1.749927e-02	1.550569e+01
4.231000e-05	2.431208e-02	1.551621e+01
4.232000e-05	2.242440e-02	1.548508e+01
4.233000e-05	2.543687e-02	1.547252e+01
4.234000e-05	2.370886e-02	1.542395e+01
4.235000e-05	3.021668e-02	1.543097e+01
4.236000e-05	2.936204e-02	1.532971e+01
4.237000e-05	2.886980e-02	1.529764e+01
4.238000e-05	2.876892e-02	1.523453e+01
4.239000e-05	3.188832e-02	1.517047e+01
4.240000e-05	3.446646e-02	1.512729e+01
4.241000e-05	3.477495e-02	1.505359e+01
4.242000e-05	3.960135e-02	1.496245e+01
4.243000e-05	4.533575e-02	1.490728e+01
4.244000e-05	5.515464e-02	1.483353e+01
4.245000e-05	5.963325e-02	1.471887e+01
4.246000e-05	6.822884e-02	1.462410e+01
4.247000e-05	8.106025e-02	1.455927e+01
4.248000e-05	9.881337e-02	1.448463e+01
4.249000e-05	1.169989e-01	1.436679e+01
4.250000e-05	1.414848e-01	1.423653e+01
4.251000e-05	1.758872e-01	1.411724e+01
4.252000e-05	2.151423e-01	1.397982e+01
4.253000e-05	2.424900e-01	1.384593e+01
4.254000e-05	2.495902e-01	1.369714e+01
4.255000e-05	2.500000e-01	1.355037e+01
4.256000e-05	2.500000e-01	1.345290e+01
4.257000e-05	2.500000e-01	1.324313e+01
4.258000e-05	2.500000e-01	1.314519e+01
4.259000e-05	2.500000e-01	1.292780e+01
4.260000e-05	2.467857e-01	1.274990e+01
4.261000e-05	2.230996e-01	1.265348e+01
4.262000e-05	1.880509e-01	1.246264e+01
4.263000e-05	1.581353e-01	1.228506e+01
4.264000e-05	1.306841e-01	1.212674e+01
4.265000e-05	1.037941e-01	1.190617e+01
4.266000e-05	8.414653e-02	1.175927e+01
4.267000e-05	7.066514e-02	1.154664e+01
4.268000e-05	5.925588e-02	1.129869e+01
4.269000e-05	4.593519e-02	1.111567e+01
4.270000e-05	3.737135e-02	1.091712e+01
4.271000e-05	3.223040e-02	1.072574e+01
4.272000e-05	2.852508e-02	1.047514e+01
4.273000e-05	2.116900e-02	1.029559e+01
4.274000e-05	1.629447e-02	1.007259e+01
4.275000e-05	1.440010e-02	9.792906e+00
4.276000e-05	1.384548e-02	9.620329e+00
4.277000e-05	1.068027e-02	9.358349e+00
4.278000e-05	7.715465e-03	9.149225e+00
4.279000e-05	7.483318e-03	8.876168e+00
4.280000e-05	8.184320e-03	8.673037e+00
4.281000e-05	4.989592e-03	8.443536e+00
4.282000e-05	3.245352e-03	8.181307e+00
4.283000e-05	3.119268e-03	7.977797e+00
4.284000e-05	4.263163e-03	7.695214e+00
4.285000e-05	2.446018e-03	7.391357e+00
4.286000e-05	-5.179815e-05	7.166770e+00
4.287000e-05	9.981686e-04	6.916117e+00
4.288000e-05	1.454231e-03	6.593013e+00
4.289000e-05	1.232106e-03	6.328849e+00
4.290000e-05	-1.013620e-03	6.117165e+00
4.291000e-05	9.949039e-04	5.893064e+00
4.292000e-05	3.649231e-04	5.619924e+00
4.293000e-05	-7.442672e-04	5.295671e+00
4.294000e-05	-3.250366e-03	4.927258e+00
4.295000e-05	-1.962783e-03	4.664615e+00
4.296000e-05	-1.449489e-03	4.410930e+00
4.297000e-05	-2.097421e-03	4.114701e+00
4.298000e-05	-3.192305e-03	3.851534e+00
4.299000e-05	-2.604435e-03	3.589355e+00
4.300000e-05	-2.927711e-03	3.285641e+00
4.301000e-05	-3.321425e-03	3.029409e+00
4.302000e-05	-4.930706e-03	2.806325e+00
4.303000e-05	-3.789968e-03	2.501420e+00
4.304000e-05	-3.225825e-03	2.128300e+00
4.305000e-05	-5.142154e-03	1.903646e+00
4.306000e-05	-5.236509e-03	1.578984e+00
4.307000e-05	-5.289406e-03	1.344645e+00
4.308000e-05	-3.810011e-03	9.172578e-01
4.309000e-05	-4.966098e-03	6.721645e-01
4.310000e-05	-5.157132e-03	4.314340e-01
4.311000e-05	-3.806808e-03	8.567122e-02
4.312000e-05	2.879379e-03	-1.399619e-01
4.313000e-05	1.472143e-03	-4.016211e-01
4.314000e-05	-3.811532e-03	-6.958530e-01
4.315000e-05	-3.808072e-03	-9.484647e-01
4.316000e-05	-3.666525e-03	-1.241695e+00
4.317000e-05	-3.336420e-03	-1.536388e+00
4.318000e-05	2.672908e-03	-1.769491e+00
4.319000e-05	4.123926e-02	-1.959590e+00
4.320000e-05	8.332971e-02	-2.285795e+00
4.321000e-05	-7.441156e-02	-2.633645e+00
4.322000e-05	-3.531273e-02	-3.013590e+00
4.323000e-05	-4.502044e-02	-3.316332e+00
4.324000e-05	-2.019860e-02	-3.538413e+00
4.325000e-05	-7.968587e-02	-3.822571e+00
4.326000e-05	1.410446e-01	-4.012699e+00
4.327000e-05	-8.702084e-02	-4.274250e+00
4.328000e-05	4.072206e-02	-4.536007e+00
4.329000e-05	9.717154e-02	-4.771561e+00
4.330000e-05	-1.572590e-01	-5.085922e+00
4.331000e-05	9.659905e-02	-5.411540e+00
4.332000e-05	-1.338910e-01	-5.645326e+00
4.333000e-05	6.324435e-02	-5.938987e+00
4.334000e-05	2.032131e-02	-6.202115e+00
4.335000e-05	-6.713490e-02	-6.506330e+00
4.336000e-05	1.106682e-01	-6.748987e+00
4.337000e-05	-1.070471e-01	-7.034119e+00
4.338000e-05	3.913332e-02	-7.316881e+00
4.339000e-05	-5.178280e-02	-7.599060e+00
4.340000e-05	-8.589986e-03	-7.856670e+00
4.341000e-05	5.750550e-02	-8.126258e+00
4.342000e-05	-8.825557e-02	-8.338936e+00
4.343000e-05	9.408365e-02	-8.589517e+00
4.344000e-05	-9.629947e-02	-8.865221e+00
4.345000e-05	3.889727e-02	-9.075753e+00
4.346000e-05	-4.379601e-02	-9.315753e+00
4.347000e-05	-4.562039e-04	-9.579886e+00
4.348000e-05	1.829946e-02	-9.760411e+00
4.349000e-05	-4.153276e-02	-9.961137e+00
4.350000e-05	3.726106e-02	-1.023257e+01
4.351000e-05	-6.389893e-02	-1.044370e+01
4.352000e-05	3.505453e-02	-1.065362e+01
4.353000e-05	-5.578696e-02	-1.080523e+01
4.354000e-05	2.008080e-02	-1.109362e+01
4.355000e-05	-2.960598e-02	-1.127775e+01
4.356000e-05	9.136665e-03	-1.149575e+01
4.357000e-05	-1.909523e-02	-1.171733e+01
4.358000e-05	-1.228843e-02	-1.192828e+01
4.359000e-05	-1.275166e-02	-1.209630e+01
4.360000e-05	-2.027851e-02	-1.230675e+01
4.361000e-05	-1.416903e-03	-1.245420e+01
4.362000e-05	-2.664549e-02	-1.265310e+01
4.363000e-05	2.071155e-03	-1.280296e+01
4.364000e-05	-2.773572e-02	-1.295838e+01
4.365000e-05	2.722296e-03	-1.310831e+01
4.366000e-05	-3.125962e-02	-1.322518e+01
4.367000e-05	-5.637871e-03	-1.343207e+01
4.368000e-05	-2.331959e-02	-1.356091e+01
4.369000e-05	-9.568276e-03	-1.369926e+01
4.370000e-05	-2.009015e-02	-1.384410e+01
4.371000e-05	-1.589135e-02	-1.399154e+01
4.372000e-05	-1.292287e-02	-1.409773e+01
4.373000e-05	-1.895703e-02	-1.425410e+01
4.374000e-05	-1.831186e-02	-1.434931e+01
4.375000e-05	-2.175602e-02	-1.449570e+01
4.376000e-05	-1.409811e-02	-1.456989e+01
4.377000e-05	-2.138372e-02	-1.466670e+01
4.378000e-05	-1.800018e-02	-1.477081e+01
4.379000e-05	-2.233944e-02	-1.485520e+01
4.380000e-05	-1.533125e-02	-1.494926e+01
4.381000e-05	-2.172739e-02	-1.501254e+01
4.382000e-05	-1.935805e-02	-1.509520e+01
4.383000e-05	-2.453211e-02	-1.517728e+01
4.384000e-05	-1.886744e-02	-1.518089e+01
4.385000e-05	-2.397406e-02	-1.524514e+01
4.386000e-05	-2.326851e-02	-1.532783e+01
4.387000e-05	-2.563926e-02	-1.539092e+01
4.388000e-05	-2.203521e-02	-1.537145e+01
4.389000e-05	-2.195148e-02	-1.543405e+01
4.390000e-05	-2.437095e-02	-1.543418e+01
4.391000e-05	-2.428371e-02	-1.546616e+01
4.392000e-05	-2.686032e-02	-1.547626e+01
4.393000e-05	-2.595718e-02	-1.549728e+01
4.394000e-05	-3.041150e-02	-1.547776e+01
4.395000e-05	-2.802991e-02	-1.548576e+01
4.396000e-05	-2.912514e-02	-1.552768e+01
4.397000e-05	-2.659344e-02	-1.551713e+01
4.398000e-05	-2.984582e-02	-1.545563e+01
4.399000e-05	-3.108682e-02	-1.547513e+01
4.400000e-05	-3.294391e-02	-1.542302e+01
4.401000e-05	-3.295371e-02	-1.539190e+01
4.402000e-05	-3.531824e-02	-1.533929e+01
4.403000e-05	-3.714030e-02	-1.529826e+01
4.404000e-05	-3.652822e-02	-1.526260e+01
4.405000e-05	-3.800150e-02	-1.522144e+01
4.406000e-05	-4.158794e-02	-1.516077e+01
4.407000e-05	-4.605810e-02	-1.505506e+01
4.408000e-05	-4.904024e-02	-1.500397e+01
4.409000e-05	-5.279331e-02	-1.492819e+01
4.410000e-05	-5.825023e-02	-1.482450e+01
4.411000e-05	-6.807466e-02	-1.476832e+01
4.412000e-05	-7.678534e-02	-1.467308e+01
4.413000e-05	-8.877186e-02	-1.458027e+01
4.414000e-05	-1.057116e-01	-1.446408e+01
4.415000e-05	-1.281226e-01	-1.436817e+01
4.416000e-05	-1.540623e-01	-1.424188e+01
4.417000e-05	-1.833534e-01	-1.408821e+01
4.418000e-05	-2.208051e-01	-1.394237e+01
4.419000e-05	-2.440737e-01	-1.383351e+01
4.420000e-05	-2.498944e-01	-1.366714e+01
4.421000e-05	-2.500000e-01	-1.356934e+01
4.422000e-05	-2.500000e-01	-1.343338e+01
4.423000e-05	-2.500000e-01	-1.325566e+01
4.424000e-05	-2.500000e-01	-1.312616e+01
4.425000e-05	-2.500000e-01	-1.295029e+01
4.426000e-05	-2.476110e-01	-1.282247e+01
4.427000e-05	-2.273095e-01	-1.266395e+01
4.428000e-05	-1.944611e-01	-1.247671e+01
4.429000e-05	-1.623160e-01	-1.231611e+01
4.430000e-05	-1.358557e-01	-1.215727e+01
4.431000e-05	-1.130137e-01	-1.195767e+01
4.432000e-05	-9.517070e-02	-1.172822e+01
4.433000e-05	-7.697973e-02	-1.147719e+01
4.434000e-05	-6.453084e-02	-1.129559e+01
4.435000e-05	-5.515237e-02	-1.104503e+01
4.436000e-05	-4.748490e-02	-1.087454e+01
4.437000e-05	-4.018779e-02	-1.067358e+01
4.438000e-05	-3.346353e-02	-1.047506e+01
4.439000e-05	-2.977078e-02	-1.021501e+01
4.440000e-05	-2.692890e-02	-1.003191e+01
4.441000e-05	-2.245273e-02	-9.841979e+00
4.442000e-05	-2.169947e-02	-9.600854e+00
4.443000e-05	-1.968934e-02	-9.319225e+00
4.444000e-05	-1.891792e-02	-9.126695e+00
4.445000e-05	-1.713824e-02	-8.907665e+00
4.446000e-05	-1.468099e-02	-8.682109e+00
4.447000e-05	-1.339947e-02	-8.382354e+00
4.448000e-05	-1.302308e-02	-8.208876e+00
4.449000e-05	-1.321396e-02	-7.936779e+00
4.450000e-05	-1.104599e-02	-7.643906e+00
4.451000e-05	-1.130615e-02	-7.400404e+00
4.452000e-05	-1.142193e-02	-7.147321e+00
4.453000e-05	-1.163092e-02	-6.864537e+00
4.454000e-05	-9.445614e-03	-6.609955e+00
4.455000e-05	-1.008738e-02	-6.378851e+00
4.456000e-05	-9.520270e-03	-6.076015e+00
4.457000e-05	-1.049038e-02	-5.811959e+00
4.458000e-05	-7.514923e-03	-5.589274e+00
4.459000e-05	-9.083013e-03	-5.274462e+00
4.460000e-05	-7.145733e-03	-4.937269e+00
4.461000e-05	-8.508684e-03	-4.652484e+00
4.462000e-05	-6.305918e-03	-4.409401e+00
4.463000e-05	-7.210479e-03	-4.148253e+00
4.464000e-05	-7.034050e-03	-3.873993e+00
4.465000e-05	-8.507950e-03	-3.579949e+00
4.466000e-05	-7.145243e-03	-3.295667e+00
4.467000e-05	-6.330727e-03	-3.010437e+00
4.468000e-05	-5.404327e-03	-2.745199e+00
4.469000e-05	-5.172489e-03	-2.443037e+00
4.470000e-05	-3.968667e-03	-2.118327e+00
4.471000e-05	-3.954799e-03	-1.884613e+00
4.472000e-05	-5.768378e-03	-1.611927e+00
4.473000e-05	-6.299545e-03	-1.262021e+00
4.474000e-05	-4.897600e-03	-9.868776e-01
4.475000e-05	-3.917741e-03	-6.725957e-01
4.476000e-05	-3.974350e-03	-3.889013e-01
4.477000e-05	-1.972878e-03	-1.266972e-01
4.478000e-05	9.374632e-03	1.575144e-01
4.479000e-05	5.138797e-04	4.527027e-01
4.480000e-05	2.236997e-03	6.953028e-01
4.481000e-05	-9.883496e-04	1.009010e+00
4.482000e-05	1.780424e-03	1.264754e+00
4.483000e-05	1.230355e-04	1.629581e+00
4.484000e-05	7.021507e-03	1.854275e+00
4.485000e-05	2.444634e-02	2.084779e+00
4.486000e-05	8.292232e-02	2.361040e+00
4.487000e-05	-1.408066e-02	2.738507e+00
4.488000e-05	-5.587442e-02	3.061245e+00
4.489000e-05	-4.082614e-02	3.284925e+00
4.490000e-05	7.676544e-04	3.599590e+00
4.491000e-05	-3.293873e-02	3.800545e+00
4.492000e-05	-4.712487e-02	3.979519e+00
4.493000e-05	9.810905e-02	4.215199e+00
4.494000e-05	-2.243140e-02	4.578465e+00
4.495000e-05	4.893155e-02	4.810648e+00
4.496000e-05	4.146528e-02	5.119481e+00
4.497000e-05	-9.361404e-02	5.484225e+00
4.498000e-05	5.842171e-02	5.736903e+00
4.499000e-05	-2.980506e-02	6.020594e+00
4.500000e-05	2.574849e-02	6.233696e+00
4.501000e-05	-1.049215e-02	6.537431e+00
4.502000e-05	-1.777253e-03	6.824094e+00
4.503000e-05	6.596578e-02	7.074250e+00
4.504000e-05	-4.368296e-02	7.327954e+00
4.505000e-05	-1.869704e-03	7.662094e+00
4.506000e-05	-1.880278e-02	7.897451e+00
4.507000e-05	5.291980e-02	8.199489e+00
4.508000e-05	2.880764e-03	8.400598e+00
4.509000e-05	-3.334940e-02	8.613598e+00
4.510000e-05	4.592049e-02	8.872699e+00
4.511000e-05	-1.299679e-02	9.096150e+00
4.512000e-05	1.795153e-02	9.317884e+00
4.513000e-05	-2.556291e-02	9.538964e+00
4.514000e-05	2.669564e-02	9.799536e+00
4.515000e-05	1.494265e-02	9.983097e+00
4.516000e-05	8.773373e-03	1.022455e+01
4.517000e-05	1.903179e-03	1.044467e+01
4.518000e-05	-1.049540e-02	1.066572e+01
4.519000e-05	2.994302e-02	1.090423e+01
4.520000e-05	-8.795891e-03	1.105568e+01
4.521000e-05	1.299799e-02	1.129673e+01
4.522000e-05	-1.319348e-04	1.150876e+01
4.523000e-05	2.907624e-02	1.170844e+01
4.524000e-05	-5.063494e-04	1.189681e+01
4.525000e-05	4.544660e-03	1.210686e+01
4.526000e-05	3.762055e-03	1.230673e+01
4.527000e-05	1.419909e-02	1.244523e+01
4.528000e-05	1.116802e-02	1.261255e+01
4.529000e-05	2.041760e-03	1.277051e+01
4.530000e-05	1.684590e-02	1.296946e+01
4.531000e-05	1.233657e-02	1.311778e+01
4.532000e-05	1.676098e-02	1.325508e+01
4.533000e-05	-1.301067e-03	1.340354e+01
4.534000e-05	1.371794e-02	1.351992e+01
4.535000e-05	1.260247e-02	1.373776e+01
4.536000e-05	1.370526e-02	1.383310e+01
4.537000e-05	5.735332e-03	1.399392e+01
4.538000e-05	1.268739e-02	1.419936e+01
4.539000e-05	1.961873e-02	1.425568e+01
4.540000e-05	1.234374e-02	1.439096e+01
4.541000e-05	9.753472e-03	1.450710e+01
4.542000e-05	1.112676e-02	1.462160e+01
4.543000e-05	2.080028e-02	1.469663e+01
4.544000e-05	1.306512e-02	1.477047e+01
4.545000e-05	1.102234e-02	1.489458e+01
4.546000e-05	1.361362e-02	1.489731e+01
4.547000e-05	1.838040e-02	1.497252e+01
4.548000e-05	1.492793e-02	1.505503e+01
4.549000e-05	1.049119e-02	1.514883e+01
4.550000e-05	1.666003e-02	1.520097e+01
4.551000e-05	1.939444e-02	1.523405e+01
4.552000e-05	1.981133e-02	1.529816e+01
4.553000e-05	1.280272e-02	1.537986e+01
4.554000e-05	1.818785e-02	1.538094e+01
4.555000e-05	1.967070e-02	1.545300e+01
4.556000e-05	1.977532e-02	1.543403e+01
4.557000e-05	1.514534e-02	1.548458e+01
4.558000e-05	1.846014e-02	1.550463e+01
4.559000e-05	2.267729e-02	1.552563e+01
4.560000e-05	2.080452e-02	1.549463e+01
4.561000e-05	2.050267e-02	1.551616e+01
4.562000e-05	2.133065e-02	1.552516e+01
4.563000e-05	2.637875e-02	1.550605e+01
4.564000e-05	2.497209e-02	1.549463e+01
4.565000e-05	2.269399e-02	1.546300e+01
4.566000e-05	2.367524e-02	1.545097e+01
4.567000e-05	2.727978e-02	1.537932e+01
4.568000e-05	2.903001e-02	1.535881e+01
4.569000e-05	2.757520e-02	1.531761e+01
4.570000e-05	3.092241e-02	1.521355e+01
4.571000e-05	3.488802e-02	1.517182e+01
4.572000e-05	3.751540e-02	1.505618e+01
4.573000e-05	3.657665e-02	1.499298e+01
4.574000e-05	4.000970e-02	1.491987e+01
4.575000e-05	4.804200e-02	1.488616e+01
4.576000e-05	5.529749e-02	1.481255e+01
4.577000e-05	6.265176e-02	1.469621e+01
4.578000e-05	7.283763e-02	1.461250e+01
4.579000e-05	8.879745e-02	1.452826e+01
4.580000e-05	1.075748e-01	1.441990e+01
4.581000e-05	1.256338e-01	1.429866e+01
4.582000e-05	1.551811e-01	1.420082e+01
4.583000e-05	1.921925e-01	1.403311e+01
4.584000e-05	2.287348e-01	1.394721e+01
4.585000e-05	2.446820e-01	1.380093e+01
4.586000e-05	2.499981e-01	1.364368e+01
4.587000e-05	2.500000e-01	1.352621e+01
4.588000e-05	2.500000e-01	1.334027e+01
4.589000e-05	2.500000e-01	1.319140e+01
4.590000e-05	2.500000e-01	1.304398e+01
4.591000e-05	2.499798e-01	1.288518e+01
4.592000e-05	2.408778e-01	1.269672e+01
4.593000e-05	2.090200e-01	1.256924e+01
4.594000e-05	1.751924e-01	1.238993e+01
4.595000e-05	1.463608e-01	1.226293e+01
4.596000e-05	1.201015e-01	1.204406e+01
4.597000e-05	9.540659e-02	1.184345e+01
4.598000e-05	7.712480e-02	1.171463e+01
4.599000e-05	6.705709e-02	1.144299e+01
4.600000e-05	5.511274e-02	1.118395e+01
4.601000e-05	4.380609e-02	1.103183e+01
4.602000e-05	3.428775e-02	1.085151e+01
4.603000e-05	3.100801e-02	1.060249e+01
4.604000e-05	2.447734e-02	1.041093e+01
4.605000e-05	1.846540e-02	1.017138e+01
4.606000e-05	1.487072e-02	1.001735e+01
4.607000e-05	1.360931e-02	9.717745e+00
4.608000e-05	1.322827e-02	9.465644e+00
4.609000e-05	9.769776e-03	9.304640e+00
4.610000e-05	8.745530e-03	9.064484e+00
4.611000e-05	7.290177e-03	8.811404e+00
4.612000e-05	6.671622e-03	8.569876e+00
4.613000e-05	4.625906e-03	8.357399e+00
4.614000e-05	2.645215e-03	8.085141e+00
4.615000e-05	3.878794e-03	7.844011e+00
4.616000e-05	2.812967e-03	7.599901e+00
4.617000e-05	2.574895e-03	7.296549e+00
4.618000e-05	3.272468e-04	7.062541e+00
4.619000e-05	9.667435e-04	6.819430e+00
4.620000e-05	1.673073e-03	6.498596e+00
4.621000e-05	-1.839118e-04	6.251542e+00
4.622000e-05	-1.325384e-03	6.033037e+00
4.623000e-05	1.981786e-05	5.778226e+00
4.624000e-05	-3.360621e-04	5.443592e+00
4.625000e-05	-1.127645e-03	5.208731e+00
4.626000e-05	-1.222127e-03	4.851436e+00
4.627000e-05	-2.100634e-03	4.599298e+00
4.628000e-05	-2.052393e-03	4.316270e+00
4.629000e-05	-1.261674e-03	4.009382e+00
4.630000e-05	-4.362048e-03	3.737224e+00
4.631000e-05	-4.707743e-03	3.523116e+00
4.632000e-05	-2.217891e-03	3.178349e+00
4.633000e-05	-2.204649e-03	2.915672e+00
4.634000e-05	-3.539827e-03	2.620942e+00
4.635000e-05	-4.910048e-03	2.337722e+00
4.636000e-05	-4.846457e-03	2.063588e+00
4.637000e-05	-4.766359e-03	1.789779e+00
4.638000e-05	-6.130757e-03	1.443070e+00
4.639000e-05	-6.001884e-03	1.208337e+00
4.640000e-05	-5.078032e-03	8.809858e-01
4.641000e-05	-3.325821e-03	6.098576e-01
4.642000e-05	-3.943606e-03	3.246499e-01
4.643000e-05	-2.849834e-03	-1.056725e-02
4.644000e-05	6.447510e-03	-2.542527e-01
4.645000e-05	-4.600283e-03	-5.148341e-01
4.646000e-05	-1.227749e-03	-8.216201e-01
4.647000e-05	-7.783571e-03	-1.043272e+00
4.648000e-05	-1.987229e-03	-1.348984e+00
4.649000e-05	-4.932450e-03	-1.631651e+00
4.650000e-05	1.388110e-02	-1.864228e+00
4.651000e-05	7.934637e-02	-2.064379e+00
4.652000e-05	1.959201e-02	-2.431721e+00
4.653000e-05	-7.349741e-02	-2.760138e+00
4.654000e-05	-3.626447e-02	-3.168484e+00
4.655000e-05	-3.009221e-02	-3.410616e+00
4.656000e-05	-5.212829e-02	-3.663802e+00
4.657000e-05	-6.269099e-03	-3.907880e+00
4.658000e-05	1.216309e-01	-4.084881e+00
4.659000e-05	-1.531002e-01	-4.339508e+00
4.660000e-05	1.699835e-01	-4.623166e+00
4.661000e-05	-6.923206e-02	-4.895248e+00
4.662000e-05	-4.435790e-02	-5.222568e+00
4.663000e-05	4.238158e-02	-5.475278e+00
4.664000e-05	-1.299403e-01	-5.800641e+00
4.665000e-05	1.372370e-01	-6.023701e+00
4.666000e-05	-9.210558e-02	-6.298302e+00
4.667000e-05	4.463141e-02	-6.582194e+00
4.668000e-05	2.788780e-02	-6.823669e+00
4.669000e-05	-8.566116e-02	-7.128431e+00
4.670000e-05	5.931621e-02	-7.401067e+00
4.671000e-05	-1.027493e-01	-7.695798e+00
4.672000e-05	8.069977e-02	-7.950491e+00
4.673000e-05	-4.370830e-02	-8.232044e+00
4.674000e-05	-7.780061e-04	-8.454297e+00
4.675000e-05	4.121697e-02	-8.687279e+00
4.676000e-05	-8.651463e-02	-8.979486e+00
4.677000e-05	6.121979e-02	-9.158883e+00
4.678000e-05	-9.028770e-02	-9.392564e+00
4.679000e-05	6.174618e-02	-9.654674e+00
4.680000e-05	-5.082280e-02	-9.854248e+00
4.681000e-05	2.307521e-02	-1.006575e+01
4.682000e-05	-2.026335e-02	-1.029775e+01
4.683000e-05	-1.793153e-02	-1.051891e+01
4.684000e-05	8.324453e-03	-1.071631e+01
4.685000e-05	-4.335645e-02	-1.091795e+01
4.686000e-05	1.905225e-02	-1.115041e+01
4.687000e-05	-4.024232e-02	-1.134943e+01
4.688000e-05	2.214917e-02	-1.156101e+01
4.689000e-05	-3.971052e-02	-1.179249e+01
4.690000e-05	9.591554e-03	-1.198191e+01
4.691000e-05	-3.307123e-02	-1.213044e+01
4.692000e-05	3.521085e-03	-1.236896e+01
4.693000e-05	-2.285030e-02	-1.248723e+01
4.694000e-05	-9.832125e-03	-1.275978e+01
4.695000e-05	-1.486103e-02	-1.288368e+01
4.696000e-05	-1.563294e-02	-1.301414e+01
4.697000e-05	-8.406838e-03	-1.318042e+01
4.698000e-05	-2.634369e-02	-1.335983e+01
4.699000e-05	-4.477068e-03	-1.348617e+01
4.700000e-05	-2.604488e-02	-1.363354e+01
4.701000e-05	-5.895321e-03	-1.376094e+01
4.702000e-05	-2.629876e-02	-1.391778e+01
4.703000e-05	-8.273592e-03	-1.404457e+01
4.704000e-05	-2.079019e-02	-1.421034e+01
4.705000e-05	-1.440688e-02	-1.433616e+01
4.706000e-05	-2.127207e-02	-1.440294e+01
4.707000e-05	-1.709715e-02	-1.452825e+01
4.708000e-05	-1.878232e-02	-1.462355e+01
4.709000e-05	-1.870637e-02	-1.467681e+01
4.710000e-05	-2.039234e-02	-1.475047e+01
4.711000e-05	-1.958201e-02	-1.489623e+01
4.712000e-05	-2.020608e-02	-1.499184e+01
4.713000e-05	-2.118357e-02	-1.506415e+01
4.714000e-05	-2.109363e-02	-1.512721e+01
4.715000e-05	-2.169430e-02	-1.519134e+01
4.716000e-05	-1.983456e-02	-1.520255e+01
4.717000e-05	-2.407001e-02	-1.526611e+01
4.718000e-05	-2.215936e-02	-1.533931e+01
4.719000e-05	-2.461082e-02	-1.534132e+01
4.720000e-05	-2.232475e-02	-1.541250e+01
4.721000e-05	-2.629050e-02	-1.544352e+01
4.722000e-05	-2.354764e-02	-1.547353e+01
4.723000e-05	-2.385559e-02	-1.548423e+01
4.724000e-05	-2.431713e-02	-1.547815e+01
4.725000e-05	-2.694698e-02	-1.555668e+01
4.726000e-05	-2.784957e-02	-1.550774e+01
4.727000e-05	-2.872301e-02	-1.549671e+01
4.728000e-05	-2.922067e-02	-1.548521e+01
4.729000e-05	-3.093101e-02	-1.545611e+01
4.730000e-05	-2.970017e-02	-1.547508e+01
4.731000e-05	-3.002542e-02	-1.545398e+01
4.732000e-05	-3.379256e-02	-1.541240e+01
4.733000e-05	-3.542872e-02	-1.534187e+01
4.734000e-05	-3.419221e-02	-1.535871e+01
4.735000e-05	-3.522107e-02	-1.525416e+01
4.736000e-05	-3.865432e-02	-1.525205e+01
4.737000e-05	-4.179689e-02	-1.520082e+01
4.738000e-05	-4.302766e-02	-1.512624e+01
4.739000e-05	-4.411404e-02	-1.507355e+01
4.740000e-05	-5.162251e-02	-1.495797e+01
4.741000e-05	-5.716426e-02	-1.485923e+01
4.742000e-05	-6.074363e-02	-1.480202e+01
4.743000e-05	-6.810809e-02	-1.473774e+01
4.744000e-05	-8.200323e-02	-1.461200e+01
4.745000e-05	-9.702378e-02	-1.452019e+01
4.746000e-05	-1.139593e-01	-1.440345e+01
4.747000e-05	-1.354078e-01	-1.431616e+01
4.748000e-05	-1.661057e-01	-1.418085e+01
4.749000e-05	-2.012909e-01	-1.402453e+01
4.750000e-05	-2.322734e-01	-1.395972e+01
4.751000e-05	-2.468519e-01	-1.378087e+01
4.752000e-05	-2.499998e-01	-1.366366e+01
4.753000e-05	-2.500000e-01	-1.348516e+01
4.754000e-05	-2.500000e-01	-1.339932e+01
4.755000e-05	-2.500000e-01	-1.318250e+01
4.756000e-05	-2.500000e-01	-1.306246e+01
4.757000e-05	-2.499700e-01	-1.290761e+01
4.758000e-05	-2.427629e-01	-1.276782e+01
4.759000e-05	-2.134629e-01	-1.257082e+01
4.760000e-05	-1.816761e-01	-1.241148e+01
4.761000e-05	-1.526452e-01	-1.221301e+01
4.762000e-05	-1.253490e-01	-1.206203e+01
4.763000e-05	-1.043722e-01	-1.183449e+01
4.764000e-05	-8.665529e-02	-1.165445e+01
4.765000e-05	-7.421883e-02	-1.140091e+01
4.766000e-05	-6.042206e-02	-1.122193e+01
4.767000e-05	-5.093109e-02	-1.097988e+01
4.768000e-05	-4.410966e-02	-1.081043e+01
4.769000e-05	-3.888733e-02	-1.060193e+01
4.770000e-05	-3.262813e-02	-1.041136e+01
4.771000e-05	-2.812754e-02	-1.015720e+01
4.772000e-05	-2.518148e-02	-9.938742e+00
4.773000e-05	-2.330647e-02	-9.727742e+00
4.774000e-05	-1.972983e-02	-9.534616e+00
4.775000e-05	-1.794429e-02	-9.283461e+00
4.776000e-05	-1.678920e-02	-9.051505e+00
4.777000e-05	-1.738219e-02	-8.812479e+00
4.778000e-05	-1.518771e-02	-8.551324e+00
4.779000e-05	-1.394209e-02	-8.327165e+00
4.780000e-05	-1.311858e-02	-8.104640e+00
4.781000e-05	-1.234904e-02	-7.802381e+00
4.782000e-05	-1.163932e-02	-7.509271e+00
4.783000e-05	-9.952304e-03	-7.274038e+00
4.784000e-05	-9.874242e-03	-6.992409e+00
4.785000e-05	-1.019612e-02	-6.757297e+00
4.786000e-05	-1.044607e-02	-6.496648e+00
4.787000e-05	-8.722923e-03	-6.273036e+00
4.788000e-05	-8.752871e-03	-5.961353e+00
4.789000e-05	-9.989210e-03	-5.717145e+00
4.790000e-05	-7.507444e-03	-5.450910e+00
4.791000e-05	-8.565642e-03	-5.146146e+00
4.792000e-05	-7.225659e-03	-4.792382e+00
4.793000e-05	-6.575059e-03	-4.526323e+00
4.794000e-05	-5.981867e-03	-4.295197e+00
4.795000e-05	-7.153717e-03	-4.041982e+00
4.796000e-05	-6.256637e-03	-3.745676e+00
4.797000e-05	-8.725283e-03	-3.473516e+00
4.798000e-05	-6.221248e-03	-3.221905e+00
4.799000e-05	-7.556964e-03	-2.892068e+00
4.800000e-05	-4.937464e-03	-2.601408e+00
4.801000e-05	-4.654188e-03	-2.369248e+00
4.802000e-05	-4.216833e-03	-2.072932e+00
4.803000e-05	-4.802533e-03	-1.727778e+00
4.804000e-05	-5.215228e-03	-1.483068e+00
4.805000e-05	-5.508275e-03	-1.177701e+00
4.806000e-05	-4.641082e-03	-8.640418e-01
4.807000e-05	-3.052960e-03	-5.492776e-01
4.808000e-05	-3.827149e-03	-2.825908e-01
4.809000e-05	9.073945e-04	-4.100926e-02
4.810000e-05	9.593126e-03	3.237766e-01
4.811000e-05	-1.948696e-04	5.194606e-01
4.812000e-05	1.914372e-03	7.795184e-01
4.813000e-05	-2.599405e-03	1.084353e+00
4.814000e-05	3.383804e-03	1.370615e+00
4.815000e-05	-5.789393e-04	1.736829e+00
4.816000e-05	1.371528e-02	1.937912e+00
4.817000e-05	4.523555e-02	2.148544e+00
4.818000e-05	7.191732e-02	2.526452e+00
4.819000e-05	-5.911507e-02	2.883853e+00
4.820000e-05	-4.407952e-02	3.138938e+00
4.821000e-05	-2.954405e-02	3.431640e+00
4.822000e-05	6.238682e-03	3.674704e+00
4.823000e-05	-5.771117e-02	3.865232e+00
4.824000e-05	7.311094e-04	4.074823e+00
4.825000e-05	1.037319e-01	4.409613e+00
4.826000e-05	-6.831371e-02	4.672730e+00
4.827000e-05	1.247560e-01	4.956532e+00
4.828000e-05	-6.972752e-02	5.296378e+00
4.829000e-05	-2.083722e-02	5.549487e+00
4.830000e-05	3.963189e-02	5.842689e+00
4.831000e-05	-3.705944e-02	6.086854e+00
4.832000e-05	4.607744e-02	6.327887e+00
4.833000e-05	-4.575686e-02	6.651646e+00
4.834000e-05	5.639322e-02	6.916403e+00
4.835000e-05	1.333115e-02	7.160407e+00
4.836000e-05	-3.012479e-02	7.485650e+00
4.837000e-05	-7.314413e-03	7.717958e+00
4.838000e-05	4.466155e-03	8.012594e+00
4.839000e-05	5.256110e-02	8.226227e+00
4.840000e-05	-3.418594e-02	8.454778e+00
4.841000e-05	3.118450e-03	8.726833e+00
4.842000e-05	3.035560e-02	8.918036e+00
4.843000e-05	-1.001473e-02	9.201992e+00
4.844000e-05	1.125173e-02	9.433093e+00
4.845000e-05	-1.870418e-02	9.683227e+00
4.846000e-05	3.713535e-02	9.876199e+00
4.847000e-05	4.253344e-03	1.011528e+01
4.848000e-05	1.224610e-02	1.028941e+01
4.849000e-05	-1.054408e-02	1.055896e+01
4.850000e-05	6.631889e-03	1.075044e+01
4.851000e-05	1.995754e-02	1.093997e+01
4.852000e-05	-7.263098e-03	1.114948e+01
4.853000e-05	1.156531e-02	1.140944e+01
4.854000e-05	9.073874e-03	1.158254e+01
4.855000e-05	2.559942e-02	1.186152e+01
4.856000e-05	-1.479504e-03	1.197001e+01
4.857000e-05	5.137628e-03	1.216991e+01
4.858000e-05	8.066378e-03	1.237086e+01
4.859000e-05	1.404086e-02	1.251788e+01
4.860000e-05	6.519537e-03	1.269575e+01
4.861000e-05	3.685688e-03	1.289623e+01
4.862000e-05	1.628964e-02	1.302267e+01
4.863000e-05	1.604554e-02	1.318042e+01
4.864000e-05	1.064905e-02	1.335788e+01
4.865000e-05	4.858139e-03	1.345623e+01
4.866000e-05	1.470677e-02	1.361263e+01
4.867000e-05	1.555388e-02	1.374841e+01
4.868000e-05	7.621594e-03	1.389670e+01
4.869000e-05	7.005075e-03	1.401520e+01
4.870000e-05	1.335799e-02	1.417099e+01
4.871000e-05	1.919157e-02	1.431785e+01
4.872000e-05	9.316616e-03	1.446305e+01
4.873000e-05	1.051339e-02	1.454779e+01
4.874000e-05	1.639610e-02	1.461200e+01
4.875000e-05	1.899521e-02	1.473778e+01
4.876000e-05	1.222461e-02	1.481200e+01
4.877000e-05	9.810714e-03	1.488778e+01
4.878000e-05	1.651127e-02	1.495844e+01
4.879000e-05	1.553435e-02	1.504300e+01
4.880000e-05	1.506145e-02	1.508720e+01
4.881000e-05	1.144522e-02	1.516039e+01
4.882000e-05	1.788609e-02	1.520302e+01
4.883000e-05	1.899505e-02	1.523618e+01
4.884000e-05	1.725290e-02	1.534019e+01
4.885000e-05	1.613944e-02	1.534094e+01
4.886000e-05	1.620148e-02	1.541244e+01
4.887000e-05	1.989733e-02	1.543102e+01
4.888000e-05	1.724165e-02	1.543413e+01
4.889000e-05	1.884194e-02	1.546716e+01
4.890000e-05	1.805162e-02	1.552466e+01
4.891000e-05	2.437155e-02	1.550766e+01
4.892000e-05	1.781817e-02	1.553916e+01
4.893000e-05	2.074135e-02	1.546771e+01
4.894000e-05	2.082981e-02	1.551561e+01
4.895000e-05	2.578895e-02	1.551455e+01
4.896000e-05	2.701296e-02	1.546353e+01
4.897000e-05	2.502931e-02	1.545195e+01
4.898000e-05	2.663274e-02	1.545092e+01
4.899000e-05	2.601210e-02	1.536924e+01
4.900000e-05	2.687860e-02	1.531823e+01
4.901000e-05	2.676805e-02	1.527457e+01
4.902000e-05	3.035564e-02	1.520343e+01
4.903000e-05	3.640903e-02	1.514679e+01
4.904000e-05	3.770463e-02	1.505511e+01
4.905000e-05	4.209714e-02	1.501147e+01
4.906000e-05	4.443012e-02	1.489877e+01
4.907000e-05	5.221039e-02	1.486463e+01
4.908000e-05	5.657233e-02	1.477142e+01
4.909000e-05	6.309691e-02	1.470508e+01
4.910000e-05	7.748157e-02	1.457130e+01
4.911000e-05	9.637709e-02	1.450766e+01
4.912000e-05	1.146272e-01	1.436985e+01
4.913000e-05	1.367975e-01	1.427309e+01
4.914000e-05	1.701311e-01	1.413929e+01
4.915000e-05	2.085022e-01	1.403997e+01
4.916000e-05	2.385954e-01	1.388458e+01
4.917000e-05	2.489501e-01	1.371824e+01
4.918000e-05	2.499999e-01	1.356243e+01
4.919000e-05	2.500000e-01	1.343398e+01
4.920000e-05	2.500000e-01	1.333669e+01
4.921000e-05	2.500000e-01	1.315782e+01
4.922000e-05	2.500000e-01	1.298083e+01
4.923000e-05	2.497153e-01	1.281386e+01
4.924000e-05	2.308905e-01	1.269459e+01
4.925000e-05	1.961026e-01	1.255716e+01
4.926000e-05	1.624430e-01	1.236725e+01
4.927000e-05	1.345373e-01	1.215025e+01
4.928000e-05	1.078062e-01	1.196042e+01
4.929000e-05	8.910490e-02	1.180985e+01
4.930000e-05	7.460342e-02	1.160935e+01
4.931000e-05	6.216428e-02	1.133732e+01
4.932000e-05	4.932346e-02	1.118827e+01
4.933000e-05	3.954635e-02	1.094725e+01
4.934000e-05	3.344138e-02	1.077867e+01
4.935000e-05	2.764824e-02	1.053824e+01
4.936000e-05	2.262223e-02	1.028569e+01
4.937000e-05	1.796294e-02	1.010717e+01
4.938000e-05	1.703651e-02	9.884563e+00
4.939000e-05	1.369047e-02	9.632011e+00
4.940000e-05	1.045228e-02	9.411382e+00
4.941000e-05	7.256892e-03	9.200957e+00
4.942000e-05	6.877144e-03	8.928220e+00
4.943000e-05	7.806262e-03	8.727217e+00
4.944000e-05	5.109504e-03	8.497114e+00
4.945000e-05	5.290701e-03	8.232487e+00
4.946000e-05	3.591665e-03	8.002884e+00
4.947000e-05	4.161964e-03	7.717296e+00
4.948000e-05	8.191860e-04	7.496044e+00
4.949000e-05	4.309853e-07	7.219879e+00
4.950000e-05	4.477522e-04	6.959773e+00
4.951000e-05	1.515861e-03	6.704141e+00
4.952000e-05	5.207564e-04	6.431905e+00
4.953000e-05	-1.304499e-04	6.180350e+00
4.954000e-05	5.626899e-04	5.986795e+00
4.955000e-05	-7.672597e-04	5.663009e+00
4.956000e-05	-1.232245e-03	5.369877e+00
4.957000e-05	-2.933267e-03	5.022065e+00
4.958000e-05	-2.302185e-03	4.697748e+00
4.959000e-05	-2.187308e-03	4.444489e+00
4.960000e-05	-2.731576e-03	4.168834e+00
4.961000e-05	-3.358736e-03	3.892621e+00
4.962000e-05	-2.666222e-03	3.661537e+00
4.963000e-05	-3.559228e-03	3.368723e+00
4.964000e-05	-3.587909e-03	3.052989e+00
4.965000e-05	-4.588509e-03	2.821485e+00
4.966000e-05	-3.703044e-03	2.495700e+00
4.967000e-05	-3.200155e-03	2.209980e+00
4.968000e-05	-5.191509e-03	1.997324e+00
4.969000e-05	-3.646606e-03	1.682613e+00
4.970000e-05	-7.251224e-03	1.387826e+00
4.971000e-05	-4.747982e-03	1.050563e+00
4.972000e-05	-6.183434e-03	7.292974e-01
4.973000e-05	-5.020722e-03	4.640645e-01
4.974000e-05	-1.258711e-03	1.572577e-01
4.975000e-05	1.123862e-03	-1.058779e-01
4.976000e-05	6.781527e-03	-3.469895e-01
4.977000e-05	-7.110464e-03	-6.535937e-01
4.978000e-05	-2.011345e-03	-9.258305e-01
4.979000e-05	-8.052236e-03	-1.168512e+00
4.980000e-05	-3.197993e-03	-1.496244e+00
4.981000e-05	-1.635129e-03	-1.716383e+00
4.982000e-05	3.071450e-02	-1.908363e+00
4.983000e-05	1.004383e-01	-2.213137e+00
4.984000e-05	-5.224967e-02	-2.538013e+00
4.985000e-05	-4.828680e-02	-2.966433e+00
4.986000e-05	-4.761023e-02	-3.273728e+00
4.987000e-05	-1.798826e-02	-3.526882e+00
4.988000e-05	-8.392092e-02	-3.758011e+00
4.989000e-05	1.031608e-01	-3.979995e+00
4.990000e-05	-6.473258e-03	-4.200567e+00
4.991000e-05	-4.986959e-02	-4.445778e+00
4.992000e-05	1.670583e-01	-4.716359e+00
4.993000e-05	-1.727388e-01	-5.033111e+00
4.994000e-05	7.345839e-02	-5.306407e+00
4.995000e-05	-8.411194e-02	-5.601665e+00
4.996000e-05	-8.911350e-03	-5.886332e+00
4.997000e-05	8.498527e-02	-6.108413e+00
4.998000e-05	-1.046833e-01	-6.402620e+00
4.999000e-05	1.183238e-01	-6.707202e+00
