# 261001_15:54:57.868424
t	CH1	CH2
0.000000e+00	-2.628853e-03	1.814462e-01
1.000000e-08	-3.469890e-05	-1.157904e-01
2.000000e-08	5.812544e-03	-3.958733e-01
3.000000e-08	-5.364220e-03	-6.900826e-01
4.000000e-08	-1.818118e-03	-8.826893e-01
5.000000e-08	-6.268437e-03	-1.196319e+00
6.000000e-08	-2.163442e-03	-1.504159e+00
7.000000e-08	-5.713492e-04	-1.743738e+00
8.000000e-08	3.033043e-02	-1.956846e+00
9.000000e-08	9.934291e-02	-2.207272e+00
1.000000e-07	-5.963946e-02	-2.584818e+00
1.100000e-07	-4.397995e-02	-2.944116e+00
1.200000e-07	-4.761322e-02	-3.270607e+00
1.300000e-07	-1.544868e-02	-3.534663e+00
1.400000e-07	-8.114934e-02	-3.796268e+00
1.500000e-07	1.045603e-01	-4.009797e+00
1.600000e-07	-9.534978e-03	-4.208397e+00
1.700000e-07	-5.403000e-02	-4.483583e+00
1.800000e-07	1.617257e-01	-4.694738e+00
1.900000e-07	-1.755251e-01	-5.039401e+00
2.000000e-07	8.045283e-02	-5.385640e+00
2.100000e-07	-8.604644e-02	-5.636849e+00
2.200000e-07	-7.250388e-03	-5.933639e+00
2.300000e-07	8.023341e-02	-6.164639e+00
2.400000e-07	-1.068439e-01	-6.449381e+00
2.500000e-07	1.173403e-01	-6.722610e+00
2.600000e-07	-8.568674e-02	-6.994168e+00
2.700000e-07	4.731371e-03	-7.282508e+00
2.800000e-07	-5.144421e-03	-7.493009e+00
2.900000e-07	-5.828432e-02	-7.826224e+00
3.000000e-07	9.253962e-02	-8.091055e+00
3.100000e-07	-1.062920e-01	-8.343059e+00
3.200000e-07	8.506779e-02	-8.574618e+00
3.300000e-07	-6.722986e-02	-8.837320e+00
3.400000e-07	8.664748e-05	-9.061428e+00
3.500000e-07	-3.324900e-03	-9.279378e+00
3.600000e-07	-4.280876e-02	-9.480989e+00
3.700000e-07	5.305030e-02	-9.733589e+00
3.800000e-07	-6.584385e-02	-9.965118e+00
3.900000e-07	5.310394e-02	-1.014504e+01
4.000000e-07	-6.947789e-02	-1.043717e+01
4.100000e-07	3.095179e-02	-1.063925e+01
4.200000e-07	-4.834147e-02	-1.082682e+01
4.300000e-07	6.214922e-03	-1.103935e+01
4.400000e-07	-1.529249e-02	-1.126825e+01
4.500000e-07	-5.696339e-03	-1.149983e+01
4.600000e-07	-3.479798e-03	-1.168825e+01
4.700000e-07	-2.431840e-02	-1.187078e+01
4.800000e-07	-7.244622e-04	-1.208936e+01
4.900000e-07	-3.269038e-02	-1.226028e+01
5.000000e-07	6.900536e-03	-1.247967e+01
5.100000e-07	-3.254981e-02	-1.262412e+01
5.200000e-07	6.199689e-03	-1.280752e+01
5.300000e-07	-2.843315e-02	-1.290394e+01
5.400000e-07	1.494432e-03	-1.311391e+01
5.500000e-07	-2.837846e-02	-1.325925e+01
5.600000e-07	-9.975341e-03	-1.338865e+01
5.700000e-07	-1.952044e-02	-1.354397e+01
5.800000e-07	-1.383029e-02	-1.371228e+01
5.900000e-07	-1.385760e-02	-1.381014e+01
6.000000e-07	-1.896369e-02	-1.400602e+01
6.100000e-07	-1.036622e-02	-1.412231e+01
6.200000e-07	-1.990720e-02	-1.422912e+01
6.300000e-07	-1.628936e-02	-1.436547e+01
6.400000e-07	-2.225758e-02	-1.451170e+01
6.500000e-07	-1.648692e-02	-1.458610e+01
6.600000e-07	-2.049032e-02	-1.468933e+01
6.700000e-07	-1.570772e-02	-1.477454e+01
6.800000e-07	-1.960634e-02	-1.487022e+01
6.900000e-07	-1.752993e-02	-1.494239e+01
7.000000e-07	-2.334417e-02	-1.499562e+01
7.100000e-07	-1.851028e-02	-1.505183e+01
7.200000e-07	-2.463354e-02	-1.516394e+01
7.300000e-07	-2.075848e-02	-1.517707e+01
7.400000e-07	-2.454972e-02	-1.526973e+01
7.500000e-07	-1.985422e-02	-1.537283e+01
7.600000e-07	-2.306114e-02	-1.538599e+01
7.700000e-07	-2.292726e-02	-1.542898e+01
7.800000e-07	-2.317965e-02	-1.545868e+01
7.900000e-07	-2.428172e-02	-1.547028e+01
8.000000e-07	-2.397388e-02	-1.553191e+01
8.100000e-07	-2.677764e-02	-1.552238e+01
8.200000e-07	-2.763350e-02	-1.559486e+01
8.300000e-07	-2.793334e-02	-1.561449e+01
8.400000e-07	-2.781084e-02	-1.553286e+01
8.500000e-07	-2.792710e-02	-1.557348e+01
8.600000e-07	-2.835952e-02	-1.552246e+01
8.700000e-07	-2.876685e-02	-1.550291e+01
8.800000e-07	-3.113660e-02	-1.550084e+01
8.900000e-07	-3.362072e-02	-1.547985e+01
9.000000e-07	-3.603558e-02	-1.542817e+01
9.100000e-07	-3.506337e-02	-1.542710e+01
9.200000e-07	-3.458749e-02	-1.534499e+01
9.300000e-07	-3.638417e-02	-1.527080e+01
9.400000e-07	-3.713160e-02	-1.522912e+01
9.500000e-07	-3.950341e-02	-1.515756e+01
9.600000e-07	-4.223768e-02	-1.512481e+01
9.700000e-07	-4.811888e-02	-1.502970e+01
9.800000e-07	-5.130123e-02	-1.491549e+01
9.900000e-07	-5.306487e-02	-1.488133e+01
1.000000e-06	-6.065002e-02	-1.477612e+01
1.010000e-06	-6.755393e-02	-1.472344e+01
1.020000e-06	-7.531522e-02	-1.459965e+01
1.030000e-06	-8.787125e-02	-1.450286e+01
1.040000e-06	-1.034086e-01	-1.438762e+01
1.050000e-06	-1.275219e-01	-1.432278e+01
1.060000e-06	-1.447444e-01	-1.415447e+01
1.070000e-06	-1.750085e-01	-1.403870e+01
1.080000e-06	-2.050912e-01	-1.390083e+01
1.090000e-06	-2.329164e-01	-1.376609e+01
1.100000e-06	-2.485290e-01	-1.361910e+01
1.110000e-06	-2.499857e-01	-1.350183e+01
1.120000e-06	-2.500000e-01	-1.332499e+01
1.130000e-06	-2.500000e-01	-1.316659e+01
1.140000e-06	-2.500000e-01	-1.303080e+01
1.150000e-06	-2.500000e-01	-1.286130e+01
1.160000e-06	-2.478000e-01	-1.269243e+01
1.170000e-06	-2.349989e-01	-1.255604e+01
1.180000e-06	-2.039659e-01	-1.237607e+01
1.190000e-06	-1.752428e-01	-1.214822e+01
1.200000e-06	-1.494790e-01	-1.203912e+01
1.210000e-06	-1.285937e-01	-1.176570e+01
1.220000e-06	-1.076421e-01	-1.157612e+01
1.230000e-06	-8.967981e-02	-1.132569e+01
1.240000e-06	-7.718954e-02	-1.112346e+01
1.250000e-06	-6.406853e-02	-1.093461e+01
1.260000e-06	-5.360966e-02	-1.073714e+01
1.270000e-06	-4.505462e-02	-1.052707e+01
1.280000e-06	-3.969867e-02	-1.029201e+01
1.290000e-06	-3.645689e-02	-1.010349e+01
1.300000e-06	-3.033528e-02	-9.883905e+00
1.310000e-06	-2.789691e-02	-9.673980e+00
1.320000e-06	-2.526768e-02	-9.458850e+00
1.330000e-06	-2.303824e-02	-9.227274e+00
1.340000e-06	-1.966455e-02	-8.936269e+00
1.350000e-06	-1.828016e-02	-8.768113e+00
1.360000e-06	-1.690057e-02	-8.484460e+00
1.370000e-06	-1.534889e-02	-8.232424e+00
1.380000e-06	-1.416249e-02	-7.981327e+00
1.390000e-06	-1.279295e-02	-7.746616e+00
1.400000e-06	-1.400733e-02	-7.463906e+00
1.410000e-06	-1.150412e-02	-7.229450e+00
1.420000e-06	-1.274151e-02	-6.947610e+00
1.430000e-06	-1.182734e-02	-6.683958e+00
1.440000e-06	-1.126208e-02	-6.462454e+00
1.450000e-06	-8.914025e-03	-6.177746e+00
1.460000e-06	-9.725275e-03	-5.885062e+00
1.470000e-06	-7.890706e-03	-5.651402e+00
1.480000e-06	-9.662892e-03	-5.287792e+00
1.490000e-06	-8.409009e-03	-5.013381e+00
1.500000e-06	-8.576341e-03	-4.674161e+00
1.510000e-06	-6.730771e-03	-4.463079e+00
1.520000e-06	-8.151984e-03	-4.190402e+00
1.530000e-06	-8.264241e-03	-3.937222e+00
1.540000e-06	-6.682040e-03	-3.633604e+00
1.550000e-06	-7.927721e-03	-3.379316e+00
1.560000e-06	-7.031899e-03	-3.085537e+00
1.570000e-06	-6.384608e-03	-2.779902e+00
1.580000e-06	-5.575922e-03	-2.526766e+00
1.590000e-06	-5.119232e-03	-2.241500e+00
1.600000e-06	-5.933921e-03	-1.947818e+00
1.610000e-06	-7.519398e-03	-1.684233e+00
1.620000e-06	-4.973830e-03	-1.358318e+00
1.630000e-06	-4.580997e-03	-1.023653e+00
1.640000e-06	-6.511012e-03	-7.908722e-01
1.650000e-06	-5.450353e-03	-4.541865e-01
1.660000e-06	5.830273e-04	-1.800512e-01
1.670000e-06	7.672177e-03	9.213416e-02
1.680000e-06	9.272745e-04	4.083736e-01
1.690000e-06	-1.320446e-03	6.310004e-01
1.700000e-06	2.278588e-03	8.821155e-01
1.710000e-06	2.499738e-03	1.200475e+00
1.720000e-06	-6.319576e-04	1.502709e+00
1.730000e-06	1.031930e-03	1.810450e+00
1.740000e-06	2.161398e-02	1.991025e+00
1.750000e-06	7.587231e-02	2.272209e+00
1.760000e-06	1.675481e-02	2.732532e+00
1.770000e-06	-6.427683e-02	2.965871e+00
1.780000e-06	-3.978822e-02	3.231982e+00
1.790000e-06	-7.131546e-03	3.494292e+00
1.800000e-06	-1.811988e-02	3.726192e+00
1.810000e-06	-5.775657e-02	3.933191e+00
1.820000e-06	7.079784e-02	4.208242e+00
1.830000e-06	3.146065e-02	4.521562e+00
1.840000e-06	-1.157454e-02	4.745768e+00
1.850000e-06	9.680243e-02	5.058906e+00
1.860000e-06	-1.141726e-01	5.418824e+00
1.870000e-06	5.074098e-02	5.660629e+00
1.880000e-06	-8.744689e-03	5.964116e+00
1.890000e-06	-4.249973e-05	6.206769e+00
1.900000e-06	1.848106e-02	6.480004e+00
1.910000e-06	-2.873297e-02	6.784163e+00
1.920000e-06	7.966154e-02	7.007697e+00
1.930000e-06	-4.192433e-02	7.301406e+00
1.940000e-06	-2.464459e-03	7.605593e+00
1.950000e-06	-1.817902e-02	7.889328e+00
1.960000e-06	4.313385e-02	8.103513e+00
1.970000e-06	2.345718e-02	8.366570e+00
1.980000e-06	-4.375358e-02	8.585667e+00
1.990000e-06	3.986464e-02	8.847269e+00
2.000000e-06	-2.010695e-03	9.029800e+00
2.010000e-06	1.237616e-02	9.291555e+00
2.020000e-06	-1.841860e-02	9.523513e+00
2.030000e-06	1.419516e-02	9.751567e+00
2.040000e-06	2.554592e-02	9.976146e+00
2.050000e-06	7.482588e-03	1.022614e+01
2.060000e-06	5.341268e-03	1.043762e+01
2.070000e-06	-1.413190e-02	1.063872e+01
2.080000e-06	2.850830e-02	1.088033e+01
2.090000e-06	-1.651840e-03	1.102980e+01
2.100000e-06	5.919794e-03	1.126922e+01
2.110000e-06	1.721473e-03	1.147830e+01
2.120000e-06	2.596695e-02	1.170038e+01
2.130000e-06	6.548153e-03	1.188030e+01
2.140000e-06	2.842049e-03	1.205883e+01
2.150000e-06	2.713121e-03	1.225923e+01
2.160000e-06	1.373188e-02	1.246877e+01
2.170000e-06	1.234085e-02	1.263712e+01
2.180000e-06	1.926452e-03	1.277417e+01
2.190000e-06	1.290564e-02	1.294291e+01
2.200000e-06	1.255239e-02	1.310183e+01
2.210000e-06	1.812680e-02	1.322867e+01
2.220000e-06	-4.688336e-04	1.338457e+01
2.230000e-06	1.124445e-02	1.358347e+01
2.240000e-06	1.203315e-02	1.372975e+01
2.250000e-06	1.546843e-02	1.384660e+01
2.260000e-06	4.218665e-03	1.400448e+01
2.270000e-06	1.116645e-02	1.415133e+01
2.280000e-06	1.818853e-02	1.424712e+01
2.290000e-06	1.498612e-02	1.437297e+01
2.300000e-06	7.380706e-03	1.446031e+01
2.310000e-06	8.613922e-03	1.459707e+01
2.320000e-06	2.108904e-02	1.468021e+01
2.330000e-06	1.412623e-02	1.479502e+01
2.340000e-06	1.071165e-02	1.485762e+01
2.350000e-06	9.471912e-03	1.495238e+01
2.360000e-06	2.004314e-02	1.501662e+01
2.370000e-06	1.771781e-02	1.508073e+01
2.380000e-06	1.316553e-02	1.514283e+01
2.390000e-06	1.210882e-02	1.518597e+01
2.400000e-06	1.837790e-02	1.529873e+01
2.410000e-06	2.094304e-02	1.532025e+01
2.420000e-06	1.302136e-02	1.533539e+01
2.430000e-06	1.631000e-02	1.538545e+01
2.440000e-06	1.899808e-02	1.541764e+01
2.450000e-06	2.345565e-02	1.547723e+01
2.460000e-06	1.615425e-02	1.549973e+01
2.470000e-06	1.661868e-02	1.552028e+01
2.480000e-06	2.108253e-02	1.549031e+01
2.490000e-06	2.283263e-02	1.552436e+01
2.500000e-06	1.974819e-02	1.551286e+01
2.510000e-06	1.863075e-02	1.552375e+01
2.520000e-06	2.494764e-02	1.545930e+01
2.530000e-06	2.635135e-02	1.548070e+01
2.540000e-06	2.540694e-02	1.542818e+01
2.550000e-06	2.235515e-02	1.540820e+01
2.560000e-06	2.784992e-02	1.536452e+01
2.570000e-06	2.900619e-02	1.533446e+01
2.580000e-06	2.680197e-02	1.529125e+01
2.590000e-06	2.951944e-02	1.526965e+01
2.600000e-06	3.263458e-02	1.522594e+01
2.610000e-06	3.658419e-02	1.514394e+01
2.620000e-06	3.540051e-02	1.509023e+01
2.630000e-06	3.764928e-02	1.500710e+01
2.640000e-06	4.431035e-02	1.492288e+01
2.650000e-06	5.067748e-02	1.482915e+01
2.660000e-06	5.410146e-02	1.474344e+01
2.670000e-06	6.360377e-02	1.468025e+01
2.680000e-06	7.427181e-02	1.455349e+01
2.690000e-06	8.813046e-02	1.445968e+01
2.700000e-06	1.013911e-01	1.434299e+01
2.710000e-06	1.209070e-01	1.420017e+01
2.720000e-06	1.482314e-01	1.409173e+01
2.730000e-06	1.794508e-01	1.391597e+01
2.740000e-06	2.130533e-01	1.385717e+01
2.750000e-06	2.330877e-01	1.371186e+01
2.760000e-06	2.495250e-01	1.355402e+01
2.770000e-06	2.499979e-01	1.336867e+01
2.780000e-06	2.500000e-01	1.323875e+01
2.790000e-06	2.500000e-01	1.310286e+01
2.800000e-06	2.500000e-01	1.293509e+01
2.810000e-06	2.500000e-01	1.278704e+01
2.820000e-06	2.432069e-01	1.261928e+01
2.830000e-06	2.178341e-01	1.244128e+01
2.840000e-06	1.867618e-01	1.227186e+01
2.850000e-06	1.613643e-01	1.208334e+01
2.860000e-06	1.349601e-01	1.192348e+01
2.870000e-06	1.096906e-01	1.171334e+01
2.880000e-06	9.060718e-02	1.150288e+01
2.890000e-06	7.694564e-02	1.131089e+01
2.900000e-06	6.486268e-02	1.109286e+01
2.910000e-06	5.115640e-02	1.089349e+01
2.920000e-06	4.180088e-02	1.067086e+01
2.930000e-06	3.599090e-02	1.048240e+01
2.940000e-06	3.104582e-02	1.024037e+01
2.950000e-06	2.398195e-02	1.004972e+01
2.960000e-06	1.940114e-02	9.766272e+00
2.970000e-06	1.848687e-02	9.546643e+00
2.980000e-06	1.505675e-02	9.365567e+00
2.990000e-06	1.195680e-02	9.096436e+00
3.000000e-06	9.296523e-03	8.871957e+00
3.010000e-06	8.761627e-03	8.632427e+00
3.020000e-06	8.207623e-03	8.420875e+00
3.030000e-06	5.416530e-03	8.188163e+00
3.040000e-06	4.388149e-03	7.893459e+00
3.050000e-06	4.091610e-03	7.642507e+00
3.060000e-06	3.873684e-03	7.377267e+00
3.070000e-06	2.467357e-03	7.126962e+00
3.080000e-06	1.726933e-03	6.872658e+00
3.090000e-06	1.958099e-03	6.598896e+00
3.100000e-06	2.401196e-03	6.275088e+00
3.110000e-06	-2.672548e-04	6.093610e+00
3.120000e-06	3.096820e-04	5.829346e+00
3.130000e-06	8.241996e-05	5.528768e+00
3.140000e-06	-7.412292e-04	5.272554e+00
3.150000e-06	-1.064222e-03	4.914137e+00
3.160000e-06	-1.411238e-03	4.621926e+00
3.170000e-06	-9.950049e-04	4.358797e+00
3.180000e-06	-1.071627e-03	4.052983e+00
3.190000e-06	-3.027267e-03	3.808922e+00
3.200000e-06	-2.963355e-03	3.496761e+00
3.210000e-06	-1.626059e-03	3.213530e+00
3.220000e-06	-3.256828e-03	2.949322e+00
3.230000e-06	-4.405962e-03	2.715660e+00
3.240000e-06	-3.876798e-03	2.360999e+00
3.250000e-06	-3.486134e-03	2.065690e+00
3.260000e-06	-3.591185e-03	1.874659e+00
3.270000e-06	-5.232433e-03	1.547390e+00
3.280000e-06	-4.648230e-03	1.253104e+00
3.290000e-06	-3.925997e-03	9.162896e-01
3.300000e-06	-3.580947e-03	6.115778e-01
3.310000e-06	-5.270633e-03	3.594510e-01
3.320000e-06	-3.738473e-03	2.262801e-02
3.330000e-06	5.425579e-03	-2.290262e-01
3.340000e-06	-1.000198e-03	-4.795803e-01
3.350000e-06	-2.027091e-03	-7.768934e-01
3.360000e-06	-6.594351e-03	-1.018926e+00
3.370000e-06	-1.484719e-03	-1.302138e+00
3.380000e-06	-3.824729e-03	-1.588400e+00
3.390000e-06	7.291174e-03	-1.839525e+00
3.400000e-06	5.887476e-02	-2.029526e+00
3.410000e-06	5.876854e-02	-2.353843e+00
3.420000e-06	-8.322341e-02	-2.723687e+00
3.430000e-06	-3.261623e-02	-3.094137e+00
3.440000e-06	-4.029972e-02	-3.386296e+00
3.450000e-06	-3.094383e-02	-3.628945e+00
3.460000e-06	-5.292495e-02	-3.872061e+00
3.470000e-06	1.490417e-01	-4.050609e+00
3.480000e-06	-1.392716e-01	-4.333109e+00
3.490000e-06	1.186636e-01	-4.596918e+00
3.500000e-06	1.718867e-02	-4.879800e+00
3.510000e-06	-1.203242e-01	-5.185746e+00
3.520000e-06	8.953315e-02	-5.449426e+00
3.530000e-06	-1.503154e-01	-5.734166e+00
3.540000e-06	1.204030e-01	-6.028347e+00
3.550000e-06	-4.631535e-02	-6.248927e+00
3.560000e-06	-1.209789e-02	-6.565715e+00
3.570000e-06	7.805926e-02	-6.797348e+00
3.580000e-06	-1.155515e-01	-7.123112e+00
3.590000e-06	6.542772e-02	-7.375693e+00
3.600000e-06	-9.198281e-02	-7.679253e+00
3.610000e-06	4.930281e-02	-7.953664e+00
3.620000e-06	7.231370e-03	-8.166191e+00
3.630000e-06	-5.338828e-02	-8.448226e+00
3.640000e-06	7.730273e-02	-8.641450e+00
3.650000e-06	-1.084560e-01	-8.963008e+00
3.660000e-06	6.518606e-02	-9.152590e+00
3.670000e-06	-7.985919e-02	-9.374060e+00
3.680000e-06	4.235364e-02	-9.678775e+00
3.690000e-06	-2.075868e-02	-9.858227e+00
3.700000e-06	-7.360458e-03	-1.006083e+01
3.710000e-06	9.467383e-03	-1.024135e+01
3.720000e-06	-4.846252e-02	-1.053299e+01
3.730000e-06	2.712855e-02	-1.069351e+01
3.740000e-06	-5.808879e-02	-1.094041e+01
3.750000e-06	2.963470e-02	-1.109190e+01
3.760000e-06	-4.184846e-02	-1.135296e+01
3.770000e-06	2.299239e-02	-1.156456e+01
3.780000e-06	-3.513777e-02	-1.175287e+01
3.790000e-06	4.542244e-03	-1.198512e+01
3.800000e-06	-2.854559e-02	-1.213406e+01
3.810000e-06	-6.980011e-03	-1.233498e+01
3.820000e-06	-1.384578e-02	-1.252041e+01
3.830000e-06	-1.708293e-02	-1.265988e+01
3.840000e-06	-4.309292e-03	-1.284923e+01
3.850000e-06	-2.324878e-02	-1.300867e+01
3.860000e-06	-2.694155e-04	-1.321354e+01
3.870000e-06	-3.147559e-02	-1.332201e+01
3.880000e-06	-7.204677e-04	-1.348180e+01
3.890000e-06	-2.767192e-02	-1.362702e+01
3.900000e-06	-5.871284e-03	-1.379609e+01
3.910000e-06	-2.476673e-02	-1.393128e+01
3.920000e-06	-1.043740e-02	-1.403970e+01
3.930000e-06	-1.847587e-02	-1.415442e+01
3.940000e-06	-1.666169e-02	-1.430133e+01
3.950000e-06	-2.131441e-02	-1.439812e+01
3.960000e-06	-1.790205e-02	-1.457381e+01
3.970000e-06	-1.574123e-02	-1.464965e+01
3.980000e-06	-1.717661e-02	-1.475286e+01
3.990000e-06	-1.939797e-02	-1.480662e+01
4.000000e-06	-2.073346e-02	-1.485983e+01
4.010000e-06	-1.984214e-02	-1.497442e+01
4.020000e-06	-2.323274e-02	-1.501933e+01
4.030000e-06	-2.208300e-02	-1.513381e+01
4.040000e-06	-2.324975e-02	-1.520557e+01
4.050000e-06	-1.777056e-02	-1.525662e+01
4.060000e-06	-2.253887e-02	-1.534170e+01
4.070000e-06	-2.011437e-02	-1.537336e+01
4.080000e-06	-2.662689e-02	-1.542657e+01
4.090000e-06	-2.343922e-02	-1.544725e+01
4.100000e-06	-2.627169e-02	-1.549020e+01
4.110000e-06	-2.459955e-02	-1.549126e+01
4.120000e-06	-2.391554e-02	-1.551193e+01
4.130000e-06	-2.463322e-02	-1.551394e+01
4.140000e-06	-2.642438e-02	-1.553246e+01
4.150000e-06	-2.732982e-02	-1.553436e+01
4.160000e-06	-2.902882e-02	-1.553398e+01
4.170000e-06	-2.925400e-02	-1.557339e+01
4.180000e-06	-3.015726e-02	-1.554286e+01
4.190000e-06	-2.926993e-02	-1.548436e+01
4.200000e-06	-3.167587e-02	-1.548128e+01
4.210000e-06	-3.273509e-02	-1.542925e+01
4.220000e-06	-3.460485e-02	-1.542907e+01
4.230000e-06	-3.404238e-02	-1.538654e+01
4.240000e-06	-3.565263e-02	-1.529244e+01
4.250000e-06	-3.753436e-02	-1.524115e+01
4.260000e-06	-3.799743e-02	-1.520810e+01
4.270000e-06	-4.090749e-02	-1.514639e+01
4.280000e-06	-4.439299e-02	-1.509030e+01
4.290000e-06	-4.946186e-02	-1.502820e+01
4.300000e-06	-5.106252e-02	-1.492296e+01
4.310000e-06	-5.588776e-02	-1.484018e+01
4.320000e-06	-6.275108e-02	-1.477454e+01
4.330000e-06	-7.241203e-02	-1.472126e+01
4.340000e-06	-8.101948e-02	-1.457559e+01
4.350000e-06	-9.397644e-02	-1.447188e+01
4.360000e-06	-1.110405e-01	-1.434742e+01
4.370000e-06	-1.321820e-01	-1.426918e+01
4.380000e-06	-1.576402e-01	-1.409328e+01
4.390000e-06	-1.838940e-01	-1.398457e+01
4.400000e-06	-2.180988e-01	-1.385878e+01
4.410000e-06	-2.418338e-01	-1.373236e+01
4.420000e-06	-2.497975e-01	-1.356547e+01
4.430000e-06	-2.499995e-01	-1.340927e+01
4.440000e-06	-2.500000e-01	-1.327086e+01
4.450000e-06	-2.500000e-01	-1.313403e+01
4.460000e-06	-2.500000e-01	-1.294714e+01
4.470000e-06	-2.500000e-01	-1.282820e+01
4.480000e-06	-2.450700e-01	-1.263968e+01
4.490000e-06	-2.267344e-01	-1.248133e+01
4.500000e-06	-1.967629e-01	-1.233293e+01
4.510000e-06	-1.634659e-01	-1.212249e+01
4.520000e-06	-1.394683e-01	-1.190541e+01
4.530000e-06	-1.160194e-01	-1.170394e+01
4.540000e-06	-9.958117e-02	-1.152343e+01
4.550000e-06	-8.305885e-02	-1.127285e+01
4.560000e-06	-7.197450e-02	-1.105976e+01
4.570000e-06	-6.297443e-02	-1.085183e+01
4.580000e-06	-5.166944e-02	-1.069147e+01
4.590000e-06	-4.294869e-02	-1.045141e+01
4.600000e-06	-3.797798e-02	-1.025830e+01
4.610000e-06	-3.295342e-02	-9.980775e+00
4.620000e-06	-2.901300e-02	-9.788776e+00
4.630000e-06	-2.380059e-02	-9.556723e+00
4.640000e-06	-2.544420e-02	-9.364172e+00
4.650000e-06	-2.367170e-02	-9.076610e+00
4.660000e-06	-2.128845e-02	-8.892535e+00
4.670000e-06	-1.551975e-02	-8.630253e+00
4.680000e-06	-1.575717e-02	-8.368723e+00
4.690000e-06	-1.487499e-02	-8.146692e+00
4.700000e-06	-1.364324e-02	-7.935006e+00
4.710000e-06	-1.277656e-02	-7.598801e+00
4.720000e-06	-1.394028e-02	-7.347668e+00
4.730000e-06	-1.381928e-02	-7.117083e+00
4.740000e-06	-1.172979e-02	-6.832926e+00
4.750000e-06	-1.075512e-02	-6.598246e+00
4.760000e-06	-9.663127e-03	-6.325718e+00
4.770000e-06	-1.038287e-02	-6.062009e+00
4.780000e-06	-9.735374e-03	-5.769921e+00
4.790000e-06	-8.014866e-03	-5.475092e+00
4.800000e-06	-9.380330e-03	-5.220851e+00
4.810000e-06	-8.918391e-03	-4.853156e+00
4.820000e-06	-8.552415e-03	-4.570371e+00
4.830000e-06	-6.835467e-03	-4.348266e+00
4.840000e-06	-8.136654e-03	-4.065214e+00
4.850000e-06	-7.837351e-03	-3.830449e+00
4.860000e-06	-8.732384e-03	-3.548821e+00
4.870000e-06	-6.686388e-03	-3.255162e+00
4.880000e-06	-7.804254e-03	-2.949395e+00
4.890000e-06	-5.196311e-03	-2.675736e+00
4.900000e-06	-6.170735e-03	-2.401579e+00
4.910000e-06	-4.272281e-03	-2.104341e+00
4.920000e-06	-5.339002e-03	-1.811659e+00
4.930000e-06	-5.776245e-03	-1.560046e+00
4.940000e-06	-7.012075e-03	-1.193131e+00
4.950000e-06	-4.646548e-03	-9.373957e-01
4.960000e-06	-4.376781e-03	-6.641605e-01
4.970000e-06	-3.389736e-03	-3.489697e-01
4.980000e-06	-1.031389e-04	-8.573552e-02
4.990000e-06	9.589026e-03	2.210273e-01
5.000000e-06	-1.615817e-03	4.946879e-01
5.010000e-06	4.284629e-03	7.332657e-01
5.020000e-06	-1.531992e-03	1.027153e+00
5.030000e-06	3.469864e-03	1.353263e+00
5.040000e-06	-1.459023e-03	1.628954e+00
5.050000e-06	1.036898e-02	1.894163e+00
5.060000e-06	3.229667e-02	2.133662e+00
5.070000e-06	8.422885e-02	2.430398e+00
5.080000e-06	-4.452968e-02	2.840396e+00
5.090000e-06	-4.538611e-02	3.122033e+00
5.100000e-06	-3.576753e-02	3.354166e+00
5.110000e-06	7.307695e-03	3.609501e+00
5.120000e-06	-4.841682e-02	3.840454e+00
5.130000e-06	-2.569342e-02	4.008473e+00
5.140000e-06	1.099747e-01	4.323138e+00
5.150000e-06	-5.691797e-02	4.639373e+00
5.160000e-06	9.538820e-02	4.879427e+00
5.170000e-06	-1.615444e-02	5.298872e+00
5.180000e-06	-6.102503e-02	5.522508e+00
5.190000e-06	5.975239e-02	5.785767e+00
5.200000e-06	-4.086250e-02	6.049455e+00
5.210000e-06	4.226843e-02	6.302105e+00
5.220000e-06	-3.292094e-02	6.576218e+00
5.230000e-06	2.938063e-02	6.871928e+00
5.240000e-06	4.065270e-02	7.123185e+00
5.250000e-06	-4.171473e-02	7.414144e+00
5.260000e-06	1.364196e-03	7.681458e+00
5.270000e-06	-1.192286e-02	7.952066e+00
5.280000e-06	6.091356e-02	8.255872e+00
5.290000e-06	-1.716437e-02	8.460449e+00
5.300000e-06	-1.567327e-02	8.670930e+00
5.310000e-06	4.135392e-02	8.919906e+00
5.320000e-06	-1.644075e-02	9.145063e+00
5.330000e-06	1.877488e-02	9.385066e+00
5.340000e-06	-2.768987e-02	9.605172e+00
5.350000e-06	3.844442e-02	9.806802e+00
5.360000e-06	7.652800e-03	1.006128e+01
5.370000e-06	1.235450e-02	1.034133e+01
5.380000e-06	-3.905775e-03	1.050148e+01
5.390000e-06	-2.552878e-03	1.071146e+01
5.400000e-06	2.808579e-02	1.092341e+01
5.410000e-06	-1.236980e-02	1.112196e+01
5.420000e-06	1.581229e-02	1.136184e+01
5.430000e-06	1.598729e-03	1.155501e+01
5.440000e-06	2.927406e-02	1.179452e+01
5.450000e-06	-3.350228e-03	1.197356e+01
5.460000e-06	6.830340e-03	1.215307e+01
5.470000e-06	6.077372e-03	1.231344e+01
5.480000e-06	1.456190e-02	1.251138e+01
5.490000e-06	9.663500e-03	1.268073e+01
5.500000e-06	2.725397e-03	1.282865e+01
5.510000e-06	1.780507e-02	1.299657e+01
5.520000e-06	1.155800e-02	1.315239e+01
5.530000e-06	1.276064e-02	1.327088e+01
5.540000e-06	-8.288879e-04	1.347820e+01
5.550000e-06	1.406701e-02	1.360652e+01
5.560000e-06	1.303255e-02	1.371296e+01
5.570000e-06	1.166423e-02	1.388940e+01
5.580000e-06	7.483358e-03	1.400709e+01
5.590000e-06	1.383152e-02	1.423499e+01
5.600000e-06	1.961679e-02	1.429028e+01
5.610000e-06	8.781266e-03	1.439603e+01
5.620000e-06	9.563540e-03	1.448333e+01
5.630000e-06	1.143349e-02	1.465665e+01
5.640000e-06	1.950752e-02	1.473331e+01
5.650000e-06	1.160479e-02	1.481610e+01
5.660000e-06	1.080335e-02	1.487828e+01
5.670000e-06	1.731596e-02	1.497549e+01
5.680000e-06	1.780742e-02	1.500665e+01
5.690000e-06	1.558228e-02	1.511081e+01
5.700000e-06	1.081046e-02	1.515242e+01
5.710000e-06	1.736743e-02	1.525649e+01
5.720000e-06	1.926647e-02	1.525913e+01
5.730000e-06	1.694898e-02	1.535236e+01
5.740000e-06	1.365107e-02	1.536389e+01
5.750000e-06	1.771303e-02	1.538664e+01
5.760000e-06	2.152804e-02	1.540860e+01
5.770000e-06	1.880371e-02	1.544713e+01
5.780000e-06	1.660700e-02	1.548176e+01
5.790000e-06	1.984868e-02	1.551131e+01
5.800000e-06	2.416566e-02	1.554183e+01
5.810000e-06	1.950790e-02	1.553179e+01
5.820000e-06	1.917763e-02	1.551276e+01
5.830000e-06	2.056772e-02	1.547181e+01
5.840000e-06	2.562344e-02	1.548123e+01
5.850000e-06	2.453211e-02	1.548070e+01
5.860000e-06	2.296701e-02	1.544970e+01
5.870000e-06	2.646033e-02	1.539612e+01
5.880000e-06	2.799386e-02	1.536494e+01
5.890000e-06	2.933932e-02	1.533298e+01
5.900000e-06	2.647957e-02	1.524965e+01
5.910000e-06	3.068665e-02	1.522760e+01
5.920000e-06	3.365895e-02	1.515444e+01
5.930000e-06	3.551550e-02	1.510223e+01
5.940000e-06	3.553602e-02	1.506070e+01
5.950000e-06	3.985686e-02	1.498399e+01
5.960000e-06	4.753630e-02	1.488124e+01
5.970000e-06	5.284854e-02	1.479857e+01
5.980000e-06	5.770854e-02	1.468388e+01
5.990000e-06	6.648756e-02	1.460757e+01
6.000000e-06	8.005108e-02	1.452333e+01
6.010000e-06	9.324995e-02	1.440912e+01
6.020000e-06	1.079900e-01	1.428131e+01
6.030000e-06	1.314930e-01	1.413545e+01
6.040000e-06	1.595546e-01	1.405858e+01
6.050000e-06	1.922127e-01	1.390236e+01
6.060000e-06	2.193133e-01	1.379492e+01
6.070000e-06	2.431686e-01	1.361912e+01
6.080000e-06	2.498980e-01	1.347336e+01
6.090000e-06	2.500000e-01	1.335304e+01
6.100000e-06	2.500000e-01	1.318702e+01
6.110000e-06	2.500000e-01	1.307130e+01
6.120000e-06	2.500000e-01	1.286123e+01
6.130000e-06	2.489000e-01	1.272283e+01
6.140000e-06	2.355602e-01	1.254770e+01
6.150000e-06	2.058877e-01	1.241859e+01
6.160000e-06	1.774183e-01	1.220720e+01
6.170000e-06	1.480077e-01	1.200075e+01
6.180000e-06	1.242999e-01	1.186918e+01
6.190000e-06	1.021493e-01	1.159965e+01
6.200000e-06	8.750871e-02	1.144772e+01
6.210000e-06	7.169124e-02	1.118772e+01
6.220000e-06	5.888458e-02	1.100024e+01
6.230000e-06	4.758139e-02	1.084920e+01
6.240000e-06	4.002997e-02	1.057769e+01
6.250000e-06	3.369866e-02	1.036715e+01
6.260000e-06	2.772603e-02	1.018619e+01
6.270000e-06	2.269292e-02	9.965113e+00
6.280000e-06	1.944578e-02	9.684433e+00
6.290000e-06	1.766421e-02	9.473454e+00
6.300000e-06	1.437356e-02	9.220928e+00
6.310000e-06	1.140567e-02	8.999872e+00
6.320000e-06	9.014331e-03	8.799644e+00
6.330000e-06	8.077455e-03	8.527115e+00
6.340000e-06	8.293905e-03	8.306059e+00
6.350000e-06	4.705095e-03	8.061909e+00
6.360000e-06	3.794437e-03	7.809747e+00
6.370000e-06	4.316964e-03	7.515589e+00
6.380000e-06	4.581293e-03	7.293433e+00
6.390000e-06	2.447150e-03	6.979352e+00
6.400000e-06	1.146304e-03	6.719268e+00
6.410000e-06	1.405591e-03	6.464458e+00
6.420000e-06	2.670213e-03	6.241453e+00
6.430000e-06	-2.091859e-04	5.980321e+00
6.440000e-06	-1.496746e-03	5.683638e+00
6.450000e-06	-1.126895e-03	5.402931e+00
6.460000e-06	-1.112867e-04	5.086138e+00
6.470000e-06	-1.272572e-03	4.760319e+00
6.480000e-06	-1.563447e-03	4.495664e+00
6.490000e-06	-1.843850e-03	4.242033e+00
6.500000e-06	-7.016465e-04	3.948895e+00
6.510000e-06	-2.866386e-03	3.684679e+00
6.520000e-06	-3.358244e-03	3.431401e+00
6.530000e-06	-3.526829e-03	3.116762e+00
6.540000e-06	-3.266077e-03	2.882583e+00
6.550000e-06	-4.014991e-03	2.529846e+00
6.560000e-06	-4.089236e-03	2.274211e+00
6.570000e-06	-3.594439e-03	2.010979e+00
6.580000e-06	-3.512688e-03	1.704297e+00
6.590000e-06	-4.246536e-03	1.401533e+00
6.600000e-06	-4.476958e-03	1.118345e+00
6.610000e-06	-5.311357e-03	7.724537e-01
6.620000e-06	-4.733506e-03	5.057872e-01
6.630000e-06	-3.958729e-03	2.345829e-01
6.640000e-06	-3.276910e-03	-6.263397e-02
6.650000e-06	6.600422e-03	-3.047670e-01
6.660000e-06	-6.405882e-03	-5.853709e-01
6.670000e-06	8.833069e-04	-8.810816e-01
6.680000e-06	-6.481995e-03	-1.103237e+00
6.690000e-06	-1.643903e-03	-1.458948e+00
6.700000e-06	-4.289857e-03	-1.682133e+00
6.710000e-06	2.059351e-02	-1.905739e+00
6.720000e-06	9.304109e-02	-2.143213e+00
6.730000e-06	-2.448164e-02	-2.491130e+00
6.740000e-06	-5.947480e-02	-2.861034e+00
6.750000e-06	-4.176191e-02	-3.230504e+00
6.760000e-06	-1.934105e-02	-3.471506e+00
6.770000e-06	-7.052331e-02	-3.714089e+00
6.780000e-06	4.646635e-02	-3.975297e+00
6.790000e-06	6.916504e-02	-4.155268e+00
6.800000e-06	-1.279080e-01	-4.398877e+00
6.810000e-06	1.943710e-01	-4.691428e+00
6.820000e-06	-1.414829e-01	-4.955617e+00
6.830000e-06	2.353456e-02	-5.341513e+00
6.840000e-06	-1.804837e-02	-5.594139e+00
6.850000e-06	-8.160548e-02	-5.871029e+00
6.860000e-06	1.268940e-01	-6.111536e+00
6.870000e-06	-1.181246e-01	-6.375269e+00
6.880000e-06	9.494284e-02	-6.671451e+00
6.890000e-06	-3.324747e-02	-6.912062e+00
6.900000e-06	-4.575726e-02	-7.228900e+00
6.910000e-06	3.740371e-02	-7.511430e+00
6.920000e-06	-9.520242e-02	-7.775085e+00
6.930000e-06	1.058160e-01	-8.070327e+00
6.940000e-06	-8.932746e-02	-8.261456e+00
6.950000e-06	4.794263e-02	-8.562537e+00
6.960000e-06	-1.501082e-02	-8.724168e+00
6.970000e-06	-4.889409e-02	-9.049377e+00
6.980000e-06	3.958285e-02	-9.238221e+00
6.990000e-06	-7.818530e-02	-9.489252e+00
7.000000e-06	7.244551e-02	-9.692034e+00
7.010000e-06	-6.811238e-02	-9.942535e+00
7.020000e-06	4.771149e-02	-1.015404e+01
7.030000e-06	-5.552704e-02	-1.031556e+01
7.040000e-06	8.162216e-03	-1.060730e+01
7.050000e-06	-2.174246e-02	-1.075359e+01
7.060000e-06	-1.725274e-02	-1.099460e+01
7.070000e-06	5.553085e-03	-1.120560e+01
7.080000e-06	-2.617527e-02	-1.142615e+01
7.090000e-06	1.685371e-02	-1.161675e+01
7.100000e-06	-3.717979e-02	-1.180558e+01
7.110000e-06	8.204093e-03	-1.205975e+01
7.120000e-06	-4.166215e-02	-1.222870e+01
7.130000e-06	1.106040e-02	-1.243769e+01
7.140000e-06	-3.170656e-02	-1.258600e+01
7.150000e-06	3.575958e-03	-1.277449e+01
7.160000e-06	-2.492385e-02	-1.289281e+01
7.170000e-06	-2.516358e-03	-1.307186e+01
7.180000e-06	-1.907760e-02	-1.322720e+01
7.190000e-06	-1.822719e-02	-1.339504e+01
7.200000e-06	-1.270723e-02	-1.352346e+01
7.210000e-06	-2.179240e-02	-1.369978e+01
7.220000e-06	-8.871991e-03	-1.383917e+01
7.230000e-06	-2.424590e-02	-1.398449e+01
7.240000e-06	-7.917975e-03	-1.409973e+01
7.250000e-06	-2.036136e-02	-1.421655e+01
7.260000e-06	-1.386232e-02	-1.432344e+01
7.270000e-06	-2.330422e-02	-1.446910e+01
7.280000e-06	-1.579423e-02	-1.460496e+01
7.290000e-06	-1.971823e-02	-1.466932e+01
7.300000e-06	-1.707113e-02	-1.476594e+01
7.310000e-06	-2.100382e-02	-1.485870e+01
7.320000e-06	-1.779312e-02	-1.493243e+01
7.330000e-06	-2.155031e-02	-1.497562e+01
7.340000e-06	-1.997336e-02	-1.510176e+01
7.350000e-06	-2.368631e-02	-1.516444e+01
7.360000e-06	-2.062139e-02	-1.516592e+01
7.370000e-06	-2.164358e-02	-1.525023e+01
7.380000e-06	-2.083930e-02	-1.535128e+01
7.390000e-06	-2.214006e-02	-1.539441e+01
7.400000e-06	-2.522736e-02	-1.542662e+01
7.410000e-06	-2.312103e-02	-1.545072e+01
7.420000e-06	-2.583714e-02	-1.550128e+01
7.430000e-06	-2.360168e-02	-1.550231e+01
7.440000e-06	-2.591630e-02	-1.551283e+01
7.450000e-06	-2.567474e-02	-1.548042e+01
7.460000e-06	-2.740109e-02	-1.556391e+01
7.470000e-06	-2.840020e-02	-1.555391e+01
7.480000e-06	-2.990495e-02	-1.554391e+01
7.490000e-06	-2.885480e-02	-1.554246e+01
7.500000e-06	-2.992579e-02	-1.552146e+01
7.510000e-06	-2.984206e-02	-1.550083e+01
7.520000e-06	-3.155837e-02	-1.546026e+01
7.530000e-06	-3.191503e-02	-1.542913e+01
7.540000e-06	-3.452597e-02	-1.540715e+01
7.550000e-06	-3.490626e-02	-1.535407e+01
7.560000e-06	-3.859655e-02	-1.532188e+01
7.570000e-06	-3.687132e-02	-1.524967e+01
7.580000e-06	-4.051657e-02	-1.517802e+01
7.590000e-06	-4.304582e-02	-1.513244e+01
7.600000e-06	-4.421839e-02	-1.507073e+01
7.610000e-06	-4.856893e-02	-1.495714e+01
7.620000e-06	-5.158676e-02	-1.495228e+01
7.630000e-06	-5.892229e-02	-1.482710e+01
7.640000e-06	-6.554342e-02	-1.471344e+01
7.650000e-06	-7.571697e-02	-1.463928e+01
7.660000e-06	-8.768531e-02	-1.455451e+01
7.670000e-06	-1.018632e-01	-1.440812e+01
7.680000e-06	-1.185588e-01	-1.429496e+01
7.690000e-06	-1.398757e-01	-1.416610e+01
7.700000e-06	-1.665439e-01	-1.406918e+01
7.710000e-06	-1.984188e-01	-1.395344e+01
7.720000e-06	-2.279832e-01	-1.377814e+01
7.730000e-06	-2.457057e-01	-1.364930e+01
7.740000e-06	-2.499655e-01	-1.354343e+01
7.750000e-06	-2.500000e-01	-1.334612e+01
7.760000e-06	-2.500000e-01	-1.322822e+01
7.770000e-06	-2.500000e-01	-1.306233e+01
7.780000e-06	-2.500000e-01	-1.288386e+01
7.790000e-06	-2.496000e-01	-1.277646e+01
7.800000e-06	-2.386533e-01	-1.257714e+01
7.810000e-06	-2.123873e-01	-1.238725e+01
7.820000e-06	-1.829114e-01	-1.218930e+01
7.830000e-06	-1.566317e-01	-1.203026e+01
7.840000e-06	-1.310792e-01	-1.181125e+01
7.850000e-06	-1.094396e-01	-1.160973e+01
7.860000e-06	-9.291339e-02	-1.139915e+01
7.870000e-06	-8.030583e-02	-1.117812e+01
7.880000e-06	-6.636068e-02	-1.095769e+01
7.890000e-06	-5.392798e-02	-1.072870e+01
7.900000e-06	-4.919833e-02	-1.061777e+01
7.910000e-06	-4.362413e-02	-1.036817e+01
7.920000e-06	-3.559791e-02	-1.015407e+01
7.930000e-06	-2.950642e-02	-9.936066e+00
7.940000e-06	-2.833450e-02	-9.675089e+00
7.950000e-06	-2.705031e-02	-9.481930e+00
7.960000e-06	-2.300550e-02	-9.270380e+00
7.970000e-06	-1.869755e-02	-9.002873e+00
7.980000e-06	-1.991634e-02	-8.787746e+00
7.990000e-06	-1.867264e-02	-8.517716e+00
8.000000e-06	-1.652799e-02	-8.274060e+00
8.010000e-06	-1.174726e-02	-8.053980e+00
8.020000e-06	-1.353910e-02	-7.798771e+00
8.030000e-06	-1.483777e-02	-7.505489e+00
8.040000e-06	-1.386651e-02	-7.262480e+00
8.050000e-06	-1.033391e-02	-7.018871e+00
8.060000e-06	-1.067012e-02	-6.716642e+00
8.070000e-06	-1.262025e-02	-6.484612e+00
8.080000e-06	-1.037572e-02	-6.218426e+00
8.090000e-06	-9.035135e-03	-5.927248e+00
8.100000e-06	-8.424899e-03	-5.724108e+00
8.110000e-06	-1.033236e-02	-5.389392e+00
8.120000e-06	-9.899358e-03	-5.055089e+00
8.130000e-06	-7.493882e-03	-4.747291e+00
8.140000e-06	-6.529441e-03	-4.484562e+00
8.150000e-06	-8.132348e-03	-4.232587e+00
8.160000e-06	-8.691586e-03	-3.970352e+00
8.170000e-06	-7.496486e-03	-3.705190e+00
8.180000e-06	-7.317021e-03	-3.442453e+00
8.190000e-06	-7.392106e-03	-3.178873e+00
8.200000e-06	-6.980809e-03	-2.842110e+00
8.210000e-06	-3.970699e-03	-2.549950e+00
8.220000e-06	-4.734038e-03	-2.316788e+00
8.230000e-06	-5.755344e-03	-2.011979e+00
8.240000e-06	-6.475797e-03	-1.728344e+00
8.250000e-06	-4.904059e-03	-1.414028e+00
8.260000e-06	-5.870889e-03	-1.076764e+00
8.270000e-06	-5.457177e-03	-8.211551e-01
8.280000e-06	-4.939028e-03	-4.883632e-01
8.290000e-06	-8.040804e-04	-2.432066e-01
8.300000e-06	4.100644e-03	2.002526e-02
8.310000e-06	6.057007e-03	3.447171e-01
8.320000e-06	1.073399e-03	6.063975e-01
8.330000e-06	2.496277e-03	8.415252e-01
8.340000e-06	-1.352899e-03	1.185768e+00
8.350000e-06	1.241653e-03	1.490950e+00
8.360000e-06	4.738420e-04	1.765792e+00
8.370000e-06	1.755770e-02	1.987342e+00
8.380000e-06	5.877832e-02	2.219550e+00
8.390000e-06	4.959910e-02	2.616872e+00
8.400000e-06	-6.483281e-02	2.902691e+00
8.410000e-06	-4.043564e-02	3.167819e+00
8.420000e-06	-2.150865e-02	3.453183e+00
8.430000e-06	-1.825778e-03	3.713037e+00
8.440000e-06	-6.104062e-02	3.942687e+00
8.450000e-06	3.449083e-02	4.113581e+00
8.460000e-06	7.201920e-02	4.429429e+00
8.470000e-06	-5.420087e-02	4.712583e+00
8.480000e-06	1.304266e-01	4.985667e+00
8.490000e-06	-1.061566e-01	5.364638e+00
8.500000e-06	2.063658e-02	5.597821e+00
8.510000e-06	1.882895e-02	5.901508e+00
8.520000e-06	-2.057359e-02	6.163221e+00
8.530000e-06	3.698247e-02	6.436271e+00
8.540000e-06	-4.780633e-02	6.702035e+00
8.550000e-06	7.333598e-02	6.954117e+00
8.560000e-06	-1.913080e-02	7.268705e+00
8.570000e-06	-1.539142e-02	7.491486e+00
8.580000e-06	-1.320730e-02	7.796198e+00
8.590000e-06	2.589277e-02	8.099807e+00
8.600000e-06	4.538534e-02	8.330982e+00
8.610000e-06	-4.355951e-02	8.572067e+00
8.620000e-06	2.274678e-02	8.754620e+00
8.630000e-06	1.025876e-02	8.975743e+00
8.640000e-06	-2.992280e-05	9.249300e+00
8.650000e-06	-2.976864e-03	9.437825e+00
8.660000e-06	-4.399542e-03	9.681408e+00
8.670000e-06	3.483619e-02	9.953036e+00
8.680000e-06	5.236689e-03	1.013606e+01
8.690000e-06	1.131073e-02	1.039606e+01
8.700000e-06	-1.512560e-02	1.057567e+01
8.710000e-06	1.713002e-02	1.081667e+01
8.720000e-06	8.709733e-03	1.104659e+01
8.730000e-06	-1.551880e-03	1.121767e+01
8.740000e-06	7.157112e-03	1.143564e+01
8.750000e-06	1.671460e-02	1.162918e+01
8.760000e-06	1.752552e-02	1.185970e+01
8.770000e-06	1.005347e-03	1.203820e+01
8.780000e-06	3.818862e-03	1.220674e+01
8.790000e-06	9.731508e-03	1.238854e+01
8.800000e-06	1.305754e-02	1.257501e+01
8.810000e-06	5.293326e-03	1.272045e+01
8.820000e-06	7.977355e-03	1.290178e+01
8.830000e-06	1.500160e-02	1.303873e+01
8.840000e-06	1.720696e-02	1.321757e+01
8.850000e-06	5.473117e-03	1.337446e+01
8.860000e-06	6.375822e-03	1.351033e+01
8.870000e-06	9.900979e-03	1.366970e+01
8.880000e-06	1.739804e-02	1.376604e+01
8.890000e-06	7.946746e-03	1.391241e+01
8.900000e-06	9.874103e-03	1.409128e+01
8.910000e-06	1.539235e-02	1.422504e+01
8.920000e-06	1.789494e-02	1.434236e+01
8.930000e-06	1.042371e-02	1.446826e+01
8.940000e-06	8.422921e-03	1.458447e+01
8.950000e-06	1.661819e-02	1.470988e+01
8.960000e-06	1.643238e-02	1.475339e+01
8.970000e-06	1.324612e-02	1.484877e+01
8.980000e-06	9.225647e-03	1.493086e+01
8.990000e-06	1.843063e-02	1.500509e+01
9.000000e-06	1.628830e-02	1.509870e+01
9.010000e-06	1.598032e-02	1.518239e+01
9.020000e-06	1.298597e-02	1.518494e+01
9.030000e-06	1.753529e-02	1.524705e+01
9.040000e-06	1.824656e-02	1.527973e+01
9.050000e-06	1.417233e-02	1.532288e+01
9.060000e-06	1.698017e-02	1.539554e+01
9.070000e-06	1.811525e-02	1.542812e+01
9.080000e-06	2.070906e-02	1.548057e+01
9.090000e-06	1.576733e-02	1.546170e+01
9.100000e-06	2.013152e-02	1.547026e+01
9.110000e-06	2.078659e-02	1.551283e+01
9.120000e-06	2.177966e-02	1.554181e+01
9.130000e-06	1.829276e-02	1.554431e+01
9.140000e-06	2.110783e-02	1.551129e+01
9.150000e-06	2.395246e-02	1.546186e+01
9.160000e-06	2.403690e-02	1.546975e+01
9.170000e-06	2.430746e-02	1.546015e+01
9.180000e-06	2.443361e-02	1.541760e+01
9.190000e-06	2.768268e-02	1.541700e+01
9.200000e-06	2.668355e-02	1.537447e+01
9.210000e-06	2.818956e-02	1.533191e+01
9.220000e-06	2.896342e-02	1.526108e+01
9.230000e-06	3.215745e-02	1.523552e+01
9.240000e-06	3.385781e-02	1.514496e+01
9.250000e-06	3.455158e-02	1.508083e+01
9.260000e-06	3.871555e-02	1.501717e+01
9.270000e-06	4.069323e-02	1.494238e+01
9.280000e-06	4.852187e-02	1.488968e+01
9.290000e-06	5.399028e-02	1.479697e+01
9.300000e-06	6.155479e-02	1.465988e+01
9.310000e-06	7.123903e-02	1.458707e+01
9.320000e-06	8.412428e-02	1.446221e+01
9.330000e-06	9.829265e-02	1.437444e+01
9.340000e-06	1.169272e-01	1.422872e+01
9.350000e-06	1.427224e-01	1.413439e+01
9.360000e-06	1.708041e-01	1.400854e+01
9.370000e-06	2.047108e-01	1.386075e+01
9.380000e-06	2.301958e-01	1.375338e+01
9.390000e-06	2.480004e-01	1.360600e+01
9.400000e-06	2.499645e-01	1.343032e+01
9.410000e-06	2.500000e-01	1.328173e+01
9.420000e-06	2.500000e-01	1.312441e+01
9.430000e-06	2.500000e-01	1.296622e+01
9.440000e-06	2.500000e-01	1.283865e+01
9.450000e-06	2.445900e-01	1.264135e+01
9.460000e-06	2.256601e-01	1.249285e+01
9.470000e-06	1.945858e-01	1.230391e+01
9.480000e-06	1.660932e-01	1.216599e+01
9.490000e-06	1.384547e-01	1.195399e+01
9.500000e-06	1.147895e-01	1.177551e+01
9.510000e-06	9.664003e-02	1.156697e+01
9.520000e-06	8.038850e-02	1.134501e+01
9.530000e-06	6.628411e-02	1.117301e+01
9.540000e-06	5.286642e-02	1.093656e+01
9.550000e-06	4.503190e-02	1.072604e+01
9.560000e-06	3.761841e-02	1.051554e+01
9.570000e-06	3.092374e-02	1.029290e+01
9.580000e-06	2.533429e-02	1.009291e+01
9.590000e-06	2.116480e-02	9.820750e+00
9.600000e-06	1.886471e-02	9.640674e+00
9.610000e-06	1.532185e-02	9.388694e+00
9.620000e-06	1.225310e-02	9.156664e+00
9.630000e-06	1.034387e-02	8.948066e+00
9.640000e-06	9.690326e-03	8.653009e+00
9.650000e-06	8.804103e-03	8.482906e+00
9.660000e-06	6.038193e-03	8.218748e+00
9.670000e-06	4.783189e-03	7.977671e+00
9.680000e-06	4.480511e-03	7.704588e+00
9.690000e-06	3.500468e-03	7.428974e+00
9.700000e-06	2.139268e-03	7.138291e+00
9.710000e-06	2.078513e-03	6.895087e+00
9.720000e-06	1.548157e-03	6.652428e+00
9.730000e-06	2.095654e-03	6.357221e+00
9.740000e-06	4.242053e-04	6.095142e+00
9.750000e-06	-9.511525e-04	5.845528e+00
9.760000e-06	-9.524435e-05	5.599376e+00
9.770000e-06	-5.516281e-04	5.346586e+00
9.780000e-06	-1.571546e-03	4.957422e+00
9.790000e-06	-1.504258e-03	4.674708e+00
9.800000e-06	-1.428297e-03	4.432902e+00
9.810000e-06	-1.275554e-03	4.156166e+00
9.820000e-06	-2.645759e-03	3.843554e+00
9.830000e-06	-3.159103e-03	3.599926e+00
9.840000e-06	-2.433728e-03	3.286689e+00
9.850000e-06	-2.873704e-03	3.001950e+00
9.860000e-06	-3.407468e-03	2.757846e+00
9.870000e-06	-3.813919e-03	2.453555e+00
9.880000e-06	-3.637456e-03	2.158820e+00
9.890000e-06	-3.576261e-03	1.896165e+00
9.900000e-06	-4.340624e-03	1.621978e+00
9.910000e-06	-5.630253e-03	1.335791e+00
9.920000e-06	-4.889244e-03	9.919450e-01
9.930000e-06	-4.497216e-03	6.752094e-01
9.940000e-06	-4.661612e-03	3.810263e-01
9.950000e-06	-4.117196e-03	1.068145e-01
9.960000e-06	1.820194e-03	-1.748445e-01
9.970000e-06	2.661902e-03	-3.988736e-01
9.980000e-06	-4.037420e-03	-7.231141e-01
9.990000e-06	-4.610636e-03	-9.063183e-01
1.000000e-05	-3.749350e-03	-1.218445e+00
1.001000e-05	-3.761949e-03	-1.572842e+00
1.002000e-05	2.149600e-03	-1.754896e+00
1.003000e-05	4.116818e-02	-1.988901e+00
1.004000e-05	8.851552e-02	-2.261530e+00
1.005000e-05	-7.843269e-02	-2.609979e+00
1.006000e-05	-3.497504e-02	-2.987418e+00
1.007000e-05	-4.858580e-02	-3.303710e+00
1.008000e-05	-1.846461e-02	-3.546765e+00
1.009000e-05	-7.844897e-02	-3.848426e+00
1.010000e-05	1.412467e-01	-4.030979e+00
1.011000e-05	-8.299223e-02	-4.279434e+00
1.012000e-05	2.917386e-02	-4.565138e+00
1.013000e-05	1.067717e-01	-4.738241e+00
1.014000e-05	-1.666168e-01	-5.131534e+00
1.015000e-05	1.036081e-01	-5.385343e+00
1.016000e-05	-1.347963e-01	-5.682550e+00
1.017000e-05	6.417441e-02	-5.964791e+00
1.018000e-05	2.086425e-02	-6.197248e+00
1.019000e-05	-7.124314e-02	-6.510986e+00
1.020000e-05	1.139677e-01	-6.753140e+00
1.021000e-05	-1.119965e-01	-7.029531e+00
1.022000e-05	4.437223e-02	-7.355062e+00
1.023000e-05	-5.350970e-02	-7.575218e+00
1.024000e-05	-8.704985e-03	-7.879882e+00
1.025000e-05	6.003355e-02	-8.134613e+00
1.026000e-05	-9.272739e-02	-8.395619e+00
1.027000e-05	9.509379e-02	-8.636274e+00
1.028000e-05	-9.898037e-02	-8.891905e+00
1.029000e-05	4.315312e-02	-9.112986e+00
1.030000e-05	-4.552662e-02	-9.332985e+00
1.031000e-05	-1.945689e-03	-9.596619e+00
1.032000e-05	1.942707e-02	-9.764669e+00
1.033000e-05	-4.189429e-02	-1.004720e+01
1.034000e-05	3.856629e-02	-1.023875e+01
1.035000e-05	-6.827186e-02	-1.049080e+01
1.036000e-05	3.750446e-02	-1.064086e+01
1.037000e-05	-5.837077e-02	-1.084986e+01
1.038000e-05	2.294545e-02	-1.110186e+01
1.039000e-05	-3.351690e-02	-1.131045e+01
1.040000e-05	1.126210e-02	-1.155288e+01
1.041000e-05	-2.105466e-02	-1.172181e+01
1.042000e-05	-1.166695e-02	-1.193244e+01
1.043000e-05	-1.362623e-02	-1.214246e+01
1.044000e-05	-2.050705e-02	-1.231238e+01
1.045000e-05	-1.772676e-03	-1.247078e+01
1.046000e-05	-2.844906e-02	-1.264778e+01
1.047000e-05	4.749488e-03	-1.282912e+01
1.048000e-05	-2.820882e-02	-1.297659e+01
1.049000e-05	2.808153e-03	-1.315449e+01
1.050000e-05	-3.343734e-02	-1.331085e+01
1.051000e-05	-3.598627e-03	-1.341908e+01
1.052000e-05	-2.454624e-02	-1.360596e+01
1.053000e-05	-9.842274e-03	-1.375446e+01
1.054000e-05	-2.019053e-02	-1.388080e+01
1.055000e-05	-1.411712e-02	-1.402760e+01
1.056000e-05	-1.494533e-02	-1.417288e+01
1.057000e-05	-1.819559e-02	-1.425780e+01
1.058000e-05	-1.854900e-02	-1.439599e+01
1.059000e-05	-2.042626e-02	-1.452028e+01
1.060000e-05	-1.539275e-02	-1.458662e+01
1.061000e-05	-1.971752e-02	-1.468228e+01
1.062000e-05	-1.799940e-02	-1.480802e+01
1.063000e-05	-2.150912e-02	-1.488973e+01
1.064000e-05	-1.754178e-02	-1.495443e+01
1.065000e-05	-2.449654e-02	-1.503870e+01
1.066000e-05	-2.037710e-02	-1.508281e+01
1.067000e-05	-2.423323e-02	-1.518494e+01
1.068000e-05	-1.971655e-02	-1.523712e+01
1.069000e-05	-2.054398e-02	-1.527025e+01
1.070000e-05	-2.344711e-02	-1.537243e+01
1.071000e-05	-2.238865e-02	-1.542646e+01
1.072000e-05	-2.539203e-02	-1.542620e+01
1.073000e-05	-2.357788e-02	-1.543930e+01
1.074000e-05	-2.604729e-02	-1.548130e+01
1.075000e-05	-2.504710e-02	-1.553186e+01
1.076000e-05	-2.316522e-02	-1.554331e+01
1.077000e-05	-2.922516e-02	-1.555286e+01
1.078000e-05	-2.586455e-02	-1.556391e+01
1.079000e-05	-3.007030e-02	-1.552444e+01
1.080000e-05	-2.701321e-02	-1.553386e+01
1.081000e-05	-2.684112e-02	-1.551283e+01
1.082000e-05	-3.004893e-02	-1.548136e+01
1.083000e-05	-3.157053e-02	-1.547125e+01
1.084000e-05	-3.252206e-02	-1.545078e+01
1.085000e-05	-3.516513e-02	-1.542919e+01
1.086000e-05	-3.756154e-02	-1.538601e+01
1.087000e-05	-3.807790e-02	-1.533293e+01
1.088000e-05	-3.201844e-02	-1.524080e+01
1.089000e-05	-3.527395e-02	-1.521857e+01
1.090000e-05	-4.045253e-02	-1.516491e+01
1.091000e-05	-4.304587e-02	-1.510178e+01
1.092000e-05	-4.858273e-02	-1.499775e+01
1.093000e-05	-5.022187e-02	-1.497299e+01
1.094000e-05	-5.884982e-02	-1.488920e+01
1.095000e-05	-6.145273e-02	-1.479712e+01
1.096000e-05	-6.860735e-02	-1.469283e+01
1.097000e-05	-7.601021e-02	-1.459822e+01
1.098000e-05	-9.040649e-02	-1.451183e+01
1.099000e-05	-1.080446e-01	-1.438747e+01
1.100000e-05	-1.272811e-01	-1.426133e+01
1.101000e-05	-1.508843e-01	-1.413399e+01
1.102000e-05	-1.811381e-01	-1.399612e+01
1.103000e-05	-2.098611e-01	-1.390135e+01
1.104000e-05	-2.369188e-01	-1.373394e+01
1.105000e-05	-2.491146e-01	-1.358707e+01
1.106000e-05	-2.499979e-01	-1.346125e+01
1.107000e-05	-2.500000e-01	-1.330239e+01
1.108000e-05	-2.500000e-01	-1.316651e+01
1.109000e-05	-2.500000e-01	-1.295872e+01
1.110000e-05	-2.500000e-01	-1.284877e+01
1.111000e-05	-2.476900e-01	-1.267228e+01
1.112000e-05	-2.306360e-01	-1.249191e+01
1.113000e-05	-2.014863e-01	-1.236354e+01
1.114000e-05	-1.732730e-01	-1.217664e+01
1.115000e-05	-1.428484e-01	-1.200654e+01
1.116000e-05	-1.216765e-01	-1.174709e+01
1.117000e-05	-9.962776e-02	-1.155551e+01
1.118000e-05	-8.829565e-02	-1.131498e+01
1.119000e-05	-7.490318e-02	-1.112496e+01
1.120000e-05	-6.448596e-02	-1.082493e+01
1.121000e-05	-5.538982e-02	-1.070498e+01
1.122000e-05	-4.585709e-02	-1.051494e+01
1.123000e-05	-3.917392e-02	-1.029233e+01
1.124000e-05	-3.212391e-02	-1.004040e+01
1.125000e-05	-2.856728e-02	-9.832402e+00
1.126000e-05	-2.743762e-02	-9.630299e+00
1.127000e-05	-2.514700e-02	-9.370344e+00
1.128000e-05	-2.373472e-02	-9.168115e+00
1.129000e-05	-2.076664e-02	-8.916167e+00
1.130000e-05	-1.910584e-02	-8.714509e+00
1.131000e-05	-1.664969e-02	-8.432779e+00
1.132000e-05	-1.500298e-02	-8.210401e+00
1.133000e-05	-1.342913e-02	-7.948189e+00
1.134000e-05	-1.203871e-02	-7.703935e+00
1.135000e-05	-1.456593e-02	-7.399874e+00
1.136000e-05	-1.347915e-02	-7.169222e+00
1.137000e-05	-1.104273e-02	-6.943986e+00
1.138000e-05	-1.040093e-02	-6.602451e+00
1.139000e-05	-1.127467e-02	-6.360348e+00
1.140000e-05	-9.955299e-03	-6.123188e+00
1.141000e-05	-9.558578e-03	-5.852958e+00
1.142000e-05	-6.659003e-03	-5.547396e+00
1.143000e-05	-1.054123e-02	-5.252483e+00
1.144000e-05	-9.064031e-03	-4.917271e+00
1.145000e-05	-8.415916e-03	-4.640401e+00
1.146000e-05	-5.950917e-03	-4.370425e+00
1.147000e-05	-8.681868e-03	-4.148793e+00
1.148000e-05	-7.495824e-03	-3.895159e+00
1.149000e-05	-7.733399e-03	-3.570400e+00
1.150000e-05	-5.829534e-03	-3.317791e+00
1.151000e-05	-7.336803e-03	-3.065500e+00
1.152000e-05	-6.567496e-03	-2.738820e+00
1.153000e-05	-5.659775e-03	-2.464583e+00
1.154000e-05	-4.760857e-03	-2.179850e+00
1.155000e-05	-5.452787e-03	-1.886213e+00
1.156000e-05	-5.887178e-03	-1.621631e+00
1.157000e-05	-4.828034e-03	-1.246283e+00
1.158000e-05	-4.827817e-03	-9.704497e-01
1.159000e-05	-3.524324e-03	-6.972920e-01
1.160000e-05	-4.252698e-03	-3.920487e-01
1.161000e-05	-7.242100e-04	-1.278671e-01
1.162000e-05	8.570002e-03	1.647133e-01
1.163000e-05	-9.745150e-04	4.510303e-01
1.164000e-05	2.551046e-03	7.011581e-01
1.165000e-05	-1.182859e-03	9.857645e-01
1.166000e-05	3.019422e-03	1.271058e+00
1.167000e-05	4.586248e-04	1.575821e+00
1.168000e-05	6.008434e-03	1.861055e+00
1.169000e-05	2.396952e-02	2.070533e+00
1.170000e-05	8.451196e-02	2.375795e+00
1.171000e-05	-1.581353e-02	2.735191e+00
1.172000e-05	-5.491472e-02	3.030479e+00
1.173000e-05	-4.035687e-02	3.291508e+00
1.174000e-05	1.760070e-03	3.607297e+00
1.175000e-05	-3.263871e-02	3.767321e+00
1.176000e-05	-4.661765e-02	3.966725e+00
1.177000e-05	9.605119e-02	4.268853e+00
1.178000e-05	-1.571390e-02	4.585171e+00
1.179000e-05	3.988154e-02	4.826424e+00
1.180000e-05	4.760438e-02	5.164184e+00
1.181000e-05	-9.849988e-02	5.470955e+00
1.182000e-05	6.395964e-02	5.731083e+00
1.183000e-05	-2.953887e-02	6.007823e+00
1.184000e-05	2.238983e-02	6.229903e+00
1.185000e-05	-6.453757e-03	6.533482e+00
1.186000e-05	-3.581287e-03	6.847797e+00
1.187000e-05	6.735886e-02	7.070404e+00
1.188000e-05	-4.798144e-02	7.362042e+00
1.189000e-05	1.911775e-03	7.648847e+00
1.190000e-05	-2.009951e-02	7.931907e+00
1.191000e-05	5.601893e-02	8.187670e+00
1.192000e-05	3.835721e-03	8.406746e+00
1.193000e-05	-3.460158e-02	8.628271e+00
1.194000e-05	4.566350e-02	8.880730e+00
1.195000e-05	-1.430533e-02	9.072886e+00
1.196000e-05	1.828010e-02	9.353458e+00
1.197000e-05	-2.604437e-02	9.543091e+00
1.198000e-05	2.831736e-02	9.783648e+00
1.199000e-05	1.603891e-02	1.003827e+01
1.200000e-05	9.490062e-03	1.023877e+01
1.201000e-05	1.540139e-03	1.047735e+01
1.202000e-05	-1.060770e-02	1.068230e+01
1.203000e-05	3.018072e-02	1.088035e+01
1.204000e-05	-9.490092e-03	1.112233e+01
1.205000e-05	1.377397e-02	1.131173e+01
1.206000e-05	-2.725193e-05	1.153125e+01
1.207000e-05	3.055931e-02	1.174336e+01
1.208000e-05	-6.227261e-04	1.193358e+01
1.209000e-05	6.307950e-03	1.210233e+01
1.210000e-05	2.773939e-03	1.226873e+01
1.211000e-05	1.513521e-02	1.248078e+01
1.212000e-05	1.232758e-02	1.267720e+01
1.213000e-05	1.924069e-03	1.284612e+01
1.214000e-05	1.628052e-02	1.293504e+01
1.215000e-05	1.192852e-02	1.308239e+01
1.216000e-05	1.705680e-02	1.327977e+01
1.217000e-05	-2.024558e-03	1.343670e+01
1.218000e-05	1.352996e-02	1.360289e+01
1.219000e-05	1.236818e-02	1.372181e+01
1.220000e-05	1.552265e-02	1.382971e+01
1.221000e-05	6.613250e-03	1.398352e+01
1.222000e-05	1.225441e-02	1.416233e+01
1.223000e-05	1.893858e-02	1.424882e+01
1.224000e-05	1.228027e-02	1.437357e+01
1.225000e-05	6.354344e-03	1.451131e+01
1.226000e-05	1.056455e-02	1.466657e+01
1.227000e-05	2.018772e-02	1.471136e+01
1.228000e-05	1.527838e-02	1.481549e+01
1.229000e-05	1.277019e-02	1.484975e+01
1.230000e-05	1.403010e-02	1.496292e+01
1.231000e-05	1.868049e-02	1.502617e+01
1.232000e-05	1.443117e-02	1.508026e+01
1.233000e-05	1.039607e-02	1.515439e+01
1.234000e-05	1.358923e-02	1.522504e+01
1.235000e-05	1.799225e-02	1.525720e+01
1.236000e-05	2.063251e-02	1.531176e+01
1.237000e-05	1.494630e-02	1.536492e+01
1.238000e-05	1.819594e-02	1.544662e+01
1.239000e-05	1.998695e-02	1.542910e+01
1.240000e-05	1.874134e-02	1.546667e+01
1.241000e-05	1.613891e-02	1.547963e+01
1.242000e-05	1.710116e-02	1.550323e+01
1.243000e-05	2.222520e-02	1.546185e+01
1.244000e-05	2.122011e-02	1.550129e+01
1.245000e-05	2.097611e-02	1.550133e+01
1.246000e-05	1.860840e-02	1.552035e+01
1.247000e-05	2.623883e-02	1.551165e+01
1.248000e-05	2.489968e-02	1.548925e+01
1.249000e-05	2.347491e-02	1.542910e+01
1.250000e-05	2.438762e-02	1.539807e+01
1.251000e-05	2.793309e-02	1.537549e+01
1.252000e-05	3.025803e-02	1.535391e+01
1.253000e-05	2.566715e-02	1.531173e+01
1.254000e-05	2.834744e-02	1.525965e+01
1.255000e-05	3.217054e-02	1.519499e+01
1.256000e-05	3.599899e-02	1.512339e+01
1.257000e-05	3.481031e-02	1.506073e+01
1.258000e-05	3.831510e-02	1.498454e+01
1.259000e-05	4.538611e-02	1.487281e+01
1.260000e-05	5.077905e-02	1.481710e+01
1.261000e-05	5.546452e-02	1.474393e+01
1.262000e-05	6.302674e-02	1.466020e+01
1.263000e-05	7.705373e-02	1.454489e+01
1.264000e-05	9.061779e-02	1.443010e+01
1.265000e-05	1.048244e-01	1.432339e+01
1.266000e-05	1.250441e-01	1.420810e+01
1.267000e-05	1.531069e-01	1.408070e+01
1.268000e-05	1.850550e-01	1.395389e+01
1.269000e-05	2.152897e-01	1.379662e+01
1.270000e-05	2.385710e-01	1.369175e+01
1.271000e-05	2.498583e-01	1.353436e+01
1.272000e-05	2.499992e-01	1.339655e+01
1.273000e-05	2.500000e-01	1.320812e+01
1.274000e-05	2.500000e-01	1.308183e+01
1.275000e-05	2.500000e-01	1.290139e+01
1.276000e-05	2.498000e-01	1.274551e+01
1.277000e-05	2.388741e-01	1.258822e+01
1.278000e-05	2.132029e-01	1.243960e+01
1.279000e-05	1.840998e-01	1.226177e+01
1.280000e-05	1.546638e-01	1.207186e+01
1.281000e-05	1.285471e-01	1.186328e+01
1.282000e-05	1.065679e-01	1.163280e+01
1.283000e-05	9.007721e-02	1.149193e+01
1.284000e-05	7.387256e-02	1.127078e+01
1.285000e-05	6.058228e-02	1.104135e+01
1.286000e-05	4.963857e-02	1.082190e+01
1.287000e-05	4.297065e-02	1.064937e+01
1.288000e-05	3.483326e-02	1.043025e+01
1.289000e-05	2.810001e-02	1.020927e+01
1.290000e-05	2.419882e-02	9.938617e+00
1.291000e-05	2.118415e-02	9.776093e+00
1.292000e-05	1.790352e-02	9.495985e+00
1.293000e-05	1.329671e-02	9.294533e+00
1.294000e-05	1.110522e-02	9.062430e+00
1.295000e-05	1.043619e-02	8.830775e+00
1.296000e-05	9.209455e-03	8.619322e+00
1.297000e-05	6.653591e-03	8.388742e+00
1.298000e-05	5.861401e-03	8.114614e+00
1.299000e-05	5.193644e-03	7.823930e+00
1.300000e-05	4.586041e-03	7.631299e+00
1.301000e-05	2.918226e-03	7.334039e+00
1.302000e-05	1.879777e-03	7.062405e+00
1.303000e-05	2.633897e-03	6.821401e+00
1.304000e-05	9.646479e-04	6.537742e+00
1.305000e-05	9.644816e-04	6.273556e+00
1.306000e-05	1.011051e-03	6.032059e+00
1.307000e-05	-8.827983e-04	5.767742e+00
1.308000e-05	-8.306098e-04	5.507660e+00
1.309000e-05	-9.372211e-04	5.188875e+00
1.310000e-05	-5.968518e-04	4.811988e+00
1.311000e-05	-8.903167e-04	4.558850e+00
1.312000e-05	-1.843099e-03	4.296136e+00
1.313000e-05	-1.582685e-03	4.023871e+00
1.314000e-05	-2.629061e-03	3.715687e+00
1.315000e-05	-3.545036e-03	3.435168e+00
1.316000e-05	-3.577544e-03	3.181925e+00
1.317000e-05	-3.158591e-03	2.927238e+00
1.318000e-05	-3.905186e-03	2.602604e+00
1.319000e-05	-3.812624e-03	2.356766e+00
1.320000e-05	-4.178450e-03	2.043157e+00
1.321000e-05	-3.804850e-03	1.809429e+00
1.322000e-05	-4.515377e-03	1.485184e+00
1.323000e-05	-5.047840e-03	1.191475e+00
1.324000e-05	-5.517013e-03	8.336843e-01
1.325000e-05	-4.556607e-03	5.293750e-01
1.326000e-05	-4.410633e-03	3.277658e-01
1.327000e-05	-3.767113e-03	-1.049731e-02
1.328000e-05	6.298353e-03	-2.730814e-01
1.329000e-05	-4.384132e-03	-4.742342e-01
1.330000e-05	2.068064e-04	-8.290250e-01
1.331000e-05	-7.008086e-03	-1.000555e+00
1.332000e-05	-2.044308e-03	-1.344270e+00
1.333000e-05	-5.001146e-03	-1.640453e+00
1.334000e-05	1.405722e-02	-1.852605e+00
1.335000e-05	7.533763e-02	-2.081580e+00
1.336000e-05	2.022305e-02	-2.440924e+00
1.337000e-05	-7.496258e-02	-2.776367e+00
1.338000e-05	-3.282471e-02	-3.156734e+00
1.339000e-05	-3.085792e-02	-3.390397e+00
1.340000e-05	-5.031271e-02	-3.651005e+00
1.341000e-05	-1.160069e-02	-3.933735e+00
1.342000e-05	1.281923e-01	-4.122563e+00
1.343000e-05	-1.566343e-01	-4.366292e+00
1.344000e-05	1.794473e-01	-4.629998e+00
1.345000e-05	-7.128165e-02	-4.900908e+00
1.346000e-05	-5.109836e-02	-5.288900e+00
1.347000e-05	4.872200e-02	-5.493058e+00
1.348000e-05	-1.366550e-01	-5.788773e+00
1.349000e-05	1.419459e-01	-6.080905e+00
1.350000e-05	-9.328064e-02	-6.302061e+00
1.351000e-05	4.885186e-02	-6.649272e+00
1.352000e-05	2.845328e-02	-6.859474e+00
1.353000e-05	-9.181823e-02	-7.204721e+00
1.354000e-05	6.487115e-02	-7.409249e+00
1.355000e-05	-1.078358e-01	-7.702009e+00
1.356000e-05	8.626651e-02	-8.027670e+00
1.357000e-05	-4.793352e-02	-8.227773e+00
1.358000e-05	-2.791510e-03	-8.492880e+00
1.359000e-05	4.153594e-02	-8.692986e+00
1.360000e-05	-8.869854e-02	-9.005143e+00
1.361000e-05	6.342040e-02	-9.186694e+00
1.362000e-05	-9.228154e-02	-9.436668e+00
1.363000e-05	6.919492e-02	-9.659327e+00
1.364000e-05	-5.259978e-02	-9.911381e+00
1.365000e-05	2.323379e-02	-1.013388e+01
1.366000e-05	-2.390291e-02	-1.033294e+01
1.367000e-05	-1.986550e-02	-1.059456e+01
1.368000e-05	6.434729e-03	-1.076458e+01
1.369000e-05	-4.527443e-02	-1.095457e+01
1.370000e-05	2.337335e-02	-1.110596e+01
1.371000e-05	-3.767043e-02	-1.141357e+01
1.372000e-05	2.547445e-02	-1.162657e+01
1.373000e-05	-4.324180e-02	-1.178657e+01
1.374000e-05	1.022847e-02	-1.202767e+01
1.375000e-05	-3.765818e-02	-1.220412e+01
1.376000e-05	2.837209e-03	-1.239757e+01
1.377000e-05	-2.512466e-02	-1.255299e+01
1.378000e-05	-9.024010e-03	-1.273341e+01
1.379000e-05	-1.093534e-02	-1.291978e+01
1.380000e-05	-1.440303e-02	-1.307873e+01
1.381000e-05	-7.317214e-03	-1.321609e+01
1.382000e-05	-2.694888e-02	-1.336244e+01
1.383000e-05	-3.338853e-03	-1.351083e+01
1.384000e-05	-2.676172e-02	-1.366015e+01
1.385000e-05	-6.495516e-03	-1.382802e+01
1.386000e-05	-2.880937e-02	-1.390291e+01
1.387000e-05	-8.658840e-03	-1.407120e+01
1.388000e-05	-2.119720e-02	-1.422392e+01
1.389000e-05	-1.328472e-02	-1.434186e+01
1.390000e-05	-2.222645e-02	-1.444609e+01
1.391000e-05	-1.439764e-02	-1.454236e+01
1.392000e-05	-1.720946e-02	-1.464820e+01
1.393000e-05	-1.937691e-02	-1.475384e+01
1.394000e-05	-2.209146e-02	-1.483818e+01
1.395000e-05	-2.094639e-02	-1.491136e+01
1.396000e-05	-1.925615e-02	-1.497457e+01
1.397000e-05	-2.148394e-02	-1.507875e+01
1.398000e-05	-2.203348e-02	-1.514289e+01
1.399000e-05	-2.062641e-02	-1.517607e+01
1.400000e-05	-1.857812e-02	-1.527707e+01
1.401000e-05	-2.318344e-02	-1.534188e+01
1.402000e-05	-2.355736e-02	-1.534384e+01
1.403000e-05	-2.584095e-02	-1.542552e+01
1.404000e-05	-2.216032e-02	-1.547974e+01
1.405000e-05	-2.502093e-02	-1.549928e+01
1.406000e-05	-2.426215e-02	-1.550181e+01
1.407000e-05	-2.486036e-02	-1.552281e+01
1.408000e-05	-2.434341e-02	-1.553196e+01
1.409000e-05	-2.709650e-02	-1.552388e+01
1.410000e-05	-2.884994e-02	-1.554342e+01
1.411000e-05	-2.830076e-02	-1.554387e+01
1.412000e-05	-2.681272e-02	-1.552186e+01
1.413000e-05	-2.944459e-02	-1.550391e+01
1.414000e-05	-3.139769e-02	-1.550081e+01
1.415000e-05	-3.168648e-02	-1.548075e+01
1.416000e-05	-3.075774e-02	-1.546023e+01
1.417000e-05	-3.491095e-02	-1.542857e+01
1.418000e-05	-3.637128e-02	-1.537656e+01
1.419000e-05	-3.663671e-02	-1.532141e+01
1.420000e-05	-3.556527e-02	-1.526970e+01
1.421000e-05	-3.883565e-02	-1.518754e+01
1.422000e-05	-4.294238e-02	-1.516433e+01
1.423000e-05	-4.312185e-02	-1.508230e+01
1.424000e-05	-4.786242e-02	-1.501662e+01
1.425000e-05	-5.203402e-02	-1.493394e+01
1.426000e-05	-5.981810e-02	-1.484818e+01
1.427000e-05	-6.418236e-02	-1.475554e+01
1.428000e-05	-7.153564e-02	-1.464131e+01
1.429000e-05	-8.370077e-02	-1.458602e+01
1.430000e-05	-9.837415e-02	-1.444018e+01
1.431000e-05	-1.153817e-01	-1.436246e+01
1.432000e-05	-1.344519e-01	-1.423765e+01
1.433000e-05	-1.605220e-01	-1.410176e+01
1.434000e-05	-1.931811e-01	-1.398599e+01
1.435000e-05	-2.234211e-01	-1.377117e+01
1.436000e-05	-2.436137e-01	-1.363125e+01
1.437000e-05	-2.499220e-01	-1.352594e+01
1.438000e-05	-2.499995e-01	-1.337772e+01
1.439000e-05	-2.500000e-01	-1.322873e+01
1.440000e-05	-2.500000e-01	-1.310336e+01
1.441000e-05	-2.500000e-01	-1.292404e+01
1.442000e-05	-2.497000e-01	-1.277759e+01
1.443000e-05	-2.423298e-01	-1.262825e+01
1.444000e-05	-2.192382e-01	-1.247083e+01
1.445000e-05	-1.884556e-01	-1.227283e+01
1.446000e-05	-1.611089e-01	-1.207288e+01
1.447000e-05	-1.378428e-01	-1.186138e+01
1.448000e-05	-1.156761e-01	-1.165278e+01
1.449000e-05	-9.500109e-02	-1.144030e+01
1.450000e-05	-7.941465e-02	-1.123128e+01
1.451000e-05	-6.903551e-02	-1.099020e+01
1.452000e-05	-5.972947e-02	-1.081978e+01
1.453000e-05	-5.007789e-02	-1.062885e+01
1.454000e-05	-4.264939e-02	-1.040032e+01
1.455000e-05	-3.763490e-02	-1.019822e+01
1.456000e-05	-3.427498e-02	-9.977668e+00
1.457000e-05	-2.886195e-02	-9.735139e+00
1.458000e-05	-2.590774e-02	-9.505614e+00
1.459000e-05	-2.296042e-02	-9.324484e+00
1.460000e-05	-2.184029e-02	-9.022906e+00
1.461000e-05	-1.934727e-02	-8.833305e+00
1.462000e-05	-1.646359e-02	-8.608771e+00
1.463000e-05	-1.617733e-02	-8.306671e+00
1.464000e-05	-1.538987e-02	-8.105110e+00
1.465000e-05	-1.468220e-02	-7.861950e+00
1.466000e-05	-1.382201e-02	-7.578748e+00
1.467000e-05	-1.248738e-02	-7.305533e+00
1.468000e-05	-1.308219e-02	-7.041378e+00
1.469000e-05	-1.140570e-02	-6.740797e+00
1.470000e-05	-1.056879e-02	-6.546666e+00
1.471000e-05	-9.220853e-03	-6.254033e+00
1.472000e-05	-9.886966e-03	-5.999874e+00
1.473000e-05	-1.085887e-02	-5.717739e+00
1.474000e-05	-8.045826e-03	-5.434451e+00
1.475000e-05	-1.005869e-02	-5.118290e+00
1.476000e-05	-8.021359e-03	-4.820895e+00
1.477000e-05	-8.640935e-03	-4.525290e+00
1.478000e-05	-6.259100e-03	-4.315763e+00
1.479000e-05	-8.090675e-03	-4.052185e+00
1.480000e-05	-7.557059e-03	-3.737842e+00
1.481000e-05	-9.321454e-03	-3.485660e+00
1.482000e-05	-6.511937e-03	-3.221629e+00
1.483000e-05	-4.521306e-03	-2.895738e+00
1.484000e-05	-5.210824e-03	-2.613078e+00
1.485000e-05	-2.931322e-03	-2.351427e+00
1.486000e-05	-6.518318e-03	-2.064655e+00
1.487000e-05	-5.429832e-03	-1.779451e+00
1.488000e-05	-8.396671e-03	-1.517741e+00
1.489000e-05	-7.594532e-03	-1.147871e+00
1.490000e-05	-5.189008e-03	-8.537605e-01
1.491000e-05	-2.550672e-03	-5.399475e-01
1.492000e-05	-3.675041e-04	-2.863118e-01
1.493000e-05	3.588687e-03	-1.310269e-02
1.494000e-05	9.430955e-03	2.641342e-01
1.495000e-05	-4.047318e-03	5.637395e-01
1.496000e-05	1.483303e-03	7.669250e-01
1.497000e-05	-3.393025e-03	1.112637e+00
1.498000e-05	2.465337e-03	1.376846e+00
1.499000e-05	-1.416739e-03	1.712134e+00
1.500000e-05	1.609641e-02	1.914266e+00
1.501000e-05	4.597776e-02	2.188818e+00
1.502000e-05	7.508312e-02	2.541108e+00
1.503000e-05	-6.235351e-02	2.892080e+00
1.504000e-05	-4.230026e-02	3.155741e+00
1.505000e-05	-3.077364e-02	3.435846e+00
1.506000e-05	5.462345e-03	3.652083e+00
1.507000e-05	-6.071990e-02	3.903032e+00
1.508000e-05	-1.043098e-03	4.053098e+00
1.509000e-05	1.047173e-01	4.354218e+00
1.510000e-05	-6.957764e-02	4.682051e+00
1.511000e-05	1.272098e-01	4.931484e+00
1.512000e-05	-6.906839e-02	5.312009e+00
1.513000e-05	-2.113455e-02	5.554713e+00
1.514000e-05	4.420461e-02	5.828271e+00
1.515000e-05	-4.047827e-02	6.102513e+00
1.516000e-05	4.607081e-02	6.335142e+00
1.517000e-05	-4.635028e-02	6.630356e+00
1.518000e-05	5.790553e-02	6.911534e+00
1.519000e-05	1.077845e-02	7.194646e+00
1.520000e-05	-3.052722e-02	7.459877e+00
1.521000e-05	-4.679938e-03	7.713117e+00
1.522000e-05	3.637091e-03	8.005699e+00
1.523000e-05	5.591629e-02	8.240828e+00
1.524000e-05	-3.453675e-02	8.510982e+00
1.525000e-05	3.307509e-03	8.722005e+00
1.526000e-05	3.027349e-02	8.953092e+00
1.527000e-05	-1.108429e-02	9.206669e+00
1.528000e-05	1.046491e-02	9.407196e+00
1.529000e-05	-1.986055e-02	9.640400e+00
1.530000e-05	3.935260e-02	9.899885e+00
1.531000e-05	4.668930e-03	1.015296e+01
1.532000e-05	1.198325e-02	1.033308e+01
1.533000e-05	-9.373601e-03	1.054501e+01
1.534000e-05	6.882642e-03	1.078564e+01
1.535000e-05	2.148602e-02	1.096449e+01
1.536000e-05	-9.312156e-03	1.117304e+01
1.537000e-05	1.289498e-02	1.139454e+01
1.538000e-05	8.507448e-03	1.159557e+01
1.539000e-05	2.554457e-02	1.182662e+01
1.540000e-05	-2.814712e-03	1.201662e+01
1.541000e-05	6.468261e-03	1.217659e+01
1.542000e-05	8.687290e-03	1.241442e+01
1.543000e-05	1.510137e-02	1.254346e+01
1.544000e-05	7.608433e-03	1.273286e+01
1.545000e-05	3.802087e-03	1.287778e+01
1.546000e-05	1.875585e-02	1.306673e+01
1.547000e-05	1.476576e-02	1.319497e+01
1.548000e-05	9.246348e-03	1.335294e+01
1.549000e-05	1.816508e-03	1.350021e+01
1.550000e-05	1.434662e-02	1.366712e+01
1.551000e-05	1.538245e-02	1.374294e+01
1.552000e-05	9.389072e-03	1.388926e+01
1.553000e-05	9.751255e-03	1.406755e+01
1.554000e-05	1.536581e-02	1.423700e+01
1.555000e-05	1.976186e-02	1.432983e+01
1.556000e-05	6.810888e-03	1.444860e+01
1.557000e-05	9.741894e-03	1.455388e+01
1.558000e-05	1.502281e-02	1.463862e+01
1.559000e-05	1.828092e-02	1.476449e+01
1.560000e-05	1.111408e-02	1.480657e+01
1.561000e-05	9.433313e-03	1.493181e+01
1.562000e-05	1.983886e-02	1.499504e+01
1.563000e-05	1.766718e-02	1.507872e+01
1.564000e-05	1.384864e-02	1.512136e+01
1.565000e-05	1.037561e-02	1.515439e+01
1.566000e-05	1.882289e-02	1.525712e+01
1.567000e-05	1.934296e-02	1.528917e+01
1.568000e-05	1.522015e-02	1.534428e+01
1.569000e-05	1.408473e-02	1.533446e+01
1.570000e-05	1.808035e-02	1.541717e+01
1.571000e-05	2.220090e-02	1.545967e+01
1.572000e-05	1.639765e-02	1.545920e+01
1.573000e-05	1.808089e-02	1.548123e+01
1.574000e-05	2.089671e-02	1.549241e+01
1.575000e-05	2.401986e-02	1.553236e+01
1.576000e-05	1.885649e-02	1.548133e+01
1.577000e-05	1.784821e-02	1.549241e+01
1.578000e-05	2.149785e-02	1.549218e+01
1.579000e-05	2.571343e-02	1.547067e+01
1.580000e-05	2.490540e-02	1.546868e+01
1.581000e-05	2.299935e-02	1.543768e+01
1.582000e-05	2.780723e-02	1.538854e+01
1.583000e-05	2.804603e-02	1.538347e+01
1.584000e-05	2.899283e-02	1.531239e+01
1.585000e-05	2.581158e-02	1.527963e+01
1.586000e-05	3.095124e-02	1.521705e+01
1.587000e-05	3.462834e-02	1.517339e+01
1.588000e-05	3.516991e-02	1.510283e+01
1.589000e-05	3.616001e-02	1.504765e+01
1.590000e-05	4.032699e-02	1.494499e+01
1.591000e-05	4.839726e-02	1.487170e+01
1.592000e-05	5.310761e-02	1.479762e+01
1.593000e-05	5.874437e-02	1.469035e+01
1.594000e-05	6.823465e-02	1.460807e+01
1.595000e-05	8.228421e-02	1.452186e+01
1.596000e-05	9.538470e-02	1.439599e+01
1.597000e-05	1.124779e-01	1.426186e+01
1.598000e-05	1.370694e-01	1.418551e+01
1.599000e-05	1.651248e-01	1.398857e+01
1.600000e-05	1.970755e-01	1.388083e+01
1.601000e-05	2.256272e-01	1.376592e+01
1.602000e-05	2.458304e-01	1.362055e+01
1.603000e-05	2.499282e-01	1.347078e+01
1.604000e-05	2.500000e-01	1.335344e+01
1.605000e-05	2.500000e-01	1.317599e+01
1.606000e-05	2.500000e-01	1.302717e+01
1.607000e-05	2.500000e-01	1.287923e+01
1.608000e-05	2.465000e-01	1.271138e+01
1.609000e-05	2.302663e-01	1.252354e+01
1.610000e-05	2.009819e-01	1.234647e+01
1.611000e-05	1.731032e-01	1.217612e+01
1.612000e-05	1.424061e-01	1.200012e+01
1.613000e-05	1.208747e-01	1.175915e+01
1.614000e-05	9.978307e-02	1.161727e+01
1.615000e-05	8.457942e-02	1.138609e+01
1.616000e-05	6.858791e-02	1.116559e+01
1.617000e-05	5.621904e-02	1.097822e+01
1.618000e-05	4.589992e-02	1.077812e+01
1.619000e-05	3.866053e-02	1.056709e+01
1.620000e-05	3.180718e-02	1.036654e+01
1.621000e-05	2.727755e-02	1.013709e+01
1.622000e-05	2.317301e-02	9.882410e+00
1.623000e-05	1.958407e-02	9.670358e+00
1.624000e-05	1.494778e-02	9.450901e+00
1.625000e-05	1.264603e-02	9.208424e+00
1.626000e-05	1.066761e-02	8.967194e+00
1.627000e-05	1.014339e-02	8.726065e+00
1.628000e-05	7.083616e-03	8.495038e+00
1.629000e-05	5.770229e-03	8.262534e+00
1.630000e-05	4.856726e-03	8.020294e+00
1.631000e-05	5.001418e-03	7.748718e+00
1.632000e-05	4.089937e-03	7.454005e+00
1.633000e-05	2.349176e-03	7.189826e+00
1.634000e-05	1.285303e-03	6.967193e+00
1.635000e-05	3.772457e-03	6.703609e+00
1.636000e-05	1.156841e-03	6.412429e+00
1.637000e-05	-7.280041e-04	6.167320e+00
1.638000e-05	-1.584096e-03	5.886618e+00
1.639000e-05	-1.151369e-03	5.634034e+00
1.640000e-05	3.143850e-04	5.389323e+00
1.641000e-05	-2.202778e-03	5.040479e+00
1.642000e-05	-1.119457e-03	4.727738e+00
1.643000e-05	1.782997e-04	4.474038e+00
1.644000e-05	-9.945852e-04	4.199423e+00
1.645000e-05	-3.442125e-03	3.893736e+00
1.646000e-05	-3.842020e-03	3.642132e+00
1.647000e-05	-3.049552e-03	3.348422e+00
1.648000e-05	-2.930505e-03	3.104184e+00
1.649000e-05	-5.089066e-03	2.810951e+00
1.650000e-05	-5.424074e-03	2.565812e+00
1.651000e-05	-2.902700e-03	2.212057e+00
1.652000e-05	-3.689543e-03	1.949349e+00
1.653000e-05	-4.673970e-03	1.672762e+00
1.654000e-05	-4.757558e-03	1.370371e+00
1.655000e-05	-3.429683e-03	1.052165e+00
1.656000e-05	-4.880501e-03	7.373697e-01
1.657000e-05	-5.703219e-03	4.636318e-01
1.658000e-05	-5.336840e-03	1.789440e-01
1.659000e-05	6.706708e-05	-9.463904e-02
1.660000e-05	5.104993e-03	-3.568445e-01
1.661000e-05	-6.902131e-03	-6.610037e-01
1.662000e-05	-1.035692e-03	-9.147155e-01
1.663000e-05	-4.714831e-03	-1.156368e+00
1.664000e-05	-8.454852e-04	-1.520236e+00
1.665000e-05	-1.954956e-03	-1.723765e+00
1.666000e-05	2.866193e-02	-1.945367e+00
1.667000e-05	9.985170e-02	-2.246422e+00
1.668000e-05	-5.708551e-02	-2.564266e+00
1.669000e-05	-4.663205e-02	-2.945164e+00
1.670000e-05	-4.713602e-02	-3.292084e+00
1.671000e-05	-1.340044e-02	-3.513162e+00
1.672000e-05	-8.078111e-02	-3.786769e+00
1.673000e-05	1.002783e-01	-4.037851e+00
1.674000e-05	-2.664220e-03	-4.156868e+00
1.675000e-05	-6.142903e-02	-4.492635e+00
1.676000e-05	1.682532e-01	-4.754643e+00
1.677000e-05	-1.777536e-01	-4.978423e+00
1.678000e-05	7.798237e-02	-5.404718e+00
1.679000e-05	-8.077769e-02	-5.598950e+00
1.680000e-05	-1.306221e-02	-5.923585e+00
1.681000e-05	8.557675e-02	-6.134164e+00
1.682000e-05	-1.107832e-01	-6.449799e+00
1.683000e-05	1.203069e-01	-6.693984e+00
1.684000e-05	-8.028377e-02	-6.995668e+00
1.685000e-05	9.670965e-04	-7.310461e+00
1.686000e-05	-4.281185e-03	-7.483085e+00
1.687000e-05	-6.078271e-02	-7.827799e+00
1.688000e-05	9.679183e-02	-8.070981e+00
1.689000e-05	-1.068719e-01	-8.304088e+00
1.690000e-05	8.205281e-02	-8.574166e+00
1.691000e-05	-6.236645e-02	-8.806223e+00
1.692000e-05	-1.537366e-03	-9.079431e+00
1.693000e-05	1.059725e-04	-9.290780e+00
1.694000e-05	-4.647460e-02	-9.521460e+00
1.695000e-05	5.555804e-02	-9.733087e+00
1.696000e-05	-6.647769e-02	-1.000459e+01
1.697000e-05	5.357440e-02	-1.019512e+01
1.698000e-05	-6.913402e-02	-1.042667e+01
1.699000e-05	2.947262e-02	-1.062123e+01
1.700000e-05	-4.549695e-02	-1.082670e+01
1.701000e-05	3.344978e-03	-1.103718e+01
1.702000e-05	-1.255889e-02	-1.125920e+01
1.703000e-05	-7.834501e-03	-1.146023e+01
1.704000e-05	-6.920370e-04	-1.164970e+01
1.705000e-05	-2.687898e-02	-1.186983e+01
1.706000e-05	8.498580e-04	-1.209990e+01
1.707000e-05	-3.505073e-02	-1.228035e+01
1.708000e-05	7.161004e-03	-1.246865e+01
1.709000e-05	-3.450929e-02	-1.261602e+01
1.710000e-05	6.592375e-03	-1.281707e+01
1.711000e-05	-2.942164e-02	-1.297231e+01
1.712000e-05	1.839330e-03	-1.310143e+01
1.713000e-05	-2.742510e-02	-1.326875e+01
1.714000e-05	-1.059330e-02	-1.339857e+01
1.715000e-05	-1.811662e-02	-1.359449e+01
1.716000e-05	-1.515261e-02	-1.369181e+01
1.717000e-05	-1.415032e-02	-1.384814e+01
1.718000e-05	-2.140754e-02	-1.401400e+01
1.719000e-05	-1.083314e-02	-1.411130e+01
1.720000e-05	-2.146561e-02	-1.425765e+01
1.721000e-05	-1.539388e-02	-1.436542e+01
1.722000e-05	-2.324502e-02	-1.451173e+01
1.723000e-05	-1.387094e-02	-1.457499e+01
1.724000e-05	-1.893246e-02	-1.467128e+01
1.725000e-05	-1.714410e-02	-1.478549e+01
1.726000e-05	-2.231995e-02	-1.488012e+01
1.727000e-05	-1.707796e-02	-1.497244e+01
1.728000e-05	-2.370576e-02	-1.502802e+01
1.729000e-05	-1.930513e-02	-1.511128e+01
1.730000e-05	-2.418377e-02	-1.517496e+01
1.731000e-05	-1.915264e-02	-1.522804e+01
1.732000e-05	-2.166079e-02	-1.525012e+01
1.733000e-05	-2.074102e-02	-1.533379e+01
1.734000e-05	-2.365428e-02	-1.540706e+01
1.735000e-05	-2.323968e-02	-1.542662e+01
1.736000e-05	-2.311164e-02	-1.544967e+01
1.737000e-05	-2.482995e-02	-1.548173e+01
1.738000e-05	-2.312793e-02	-1.557086e+01
1.739000e-05	-2.574093e-02	-1.550383e+01
1.740000e-05	-2.575746e-02	-1.555391e+01
1.741000e-05	-2.714126e-02	-1.554281e+01
1.742000e-05	-2.761051e-02	-1.556238e+01
1.743000e-05	-2.803380e-02	-1.554294e+01
1.744000e-05	-2.966015e-02	-1.553331e+01
1.745000e-05	-2.985652e-02	-1.549244e+01
1.746000e-05	-2.827256e-02	-1.551086e+01
1.747000e-05	-3.163453e-02	-1.549028e+01
1.748000e-05	-3.287425e-02	-1.543817e+01
1.749000e-05	-3.600694e-02	-1.539005e+01
1.750000e-05	-3.404494e-02	-1.539253e+01
1.751000e-05	-3.543197e-02	-1.530241e+01
1.752000e-05	-3.847140e-02	-1.522007e+01
1.753000e-05	-4.093219e-02	-1.517694e+01
1.754000e-05	-4.029948e-02	-1.513183e+01
1.755000e-05	-4.617336e-02	-1.502920e+01
1.756000e-05	-4.966449e-02	-1.497489e+01
1.757000e-05	-5.607836e-02	-1.490221e+01
1.758000e-05	-5.872730e-02	-1.480802e+01
1.759000e-05	-6.715204e-02	-1.473439e+01
1.760000e-05	-7.810618e-02	-1.466067e+01
1.761000e-05	-8.843316e-02	-1.451229e+01
1.762000e-05	-1.042812e-01	-1.440957e+01
1.763000e-05	-1.199565e-01	-1.428280e+01
1.764000e-05	-1.463888e-01	-1.415644e+01
1.765000e-05	-1.742813e-01	-1.402857e+01
1.766000e-05	-2.055168e-01	-1.391136e+01
1.767000e-05	-2.324163e-01	-1.371404e+01
1.768000e-05	-2.481992e-01	-1.360805e+01
1.769000e-05	-2.499728e-01	-1.347338e+01
1.770000e-05	-2.500000e-01	-1.329437e+01
1.771000e-05	-2.500000e-01	-1.317604e+01
1.772000e-05	-2.500000e-01	-1.302978e+01
1.773000e-05	-2.500000e-01	-1.288036e+01
1.774000e-05	-2.481950e-01	-1.270538e+01
1.775000e-05	-2.348466e-01	-1.251561e+01
1.776000e-05	-2.076389e-01	-1.238707e+01
1.777000e-05	-1.773166e-01	-1.219765e+01
1.778000e-05	-1.500174e-01	-1.200074e+01
1.779000e-05	-1.268442e-01	-1.178719e+01
1.780000e-05	-1.060450e-01	-1.160659e+01
1.781000e-05	-9.168765e-02	-1.133811e+01
1.782000e-05	-7.628961e-02	-1.112544e+01
1.783000e-05	-6.513454e-02	-1.094614e+01
1.784000e-05	-5.572709e-02	-1.074611e+01
1.785000e-05	-4.848082e-02	-1.055614e+01
1.786000e-05	-4.023248e-02	-1.034649e+01
1.787000e-05	-3.455319e-02	-1.009501e+01
1.788000e-05	-3.154840e-02	-9.873980e+00
1.789000e-05	-2.746770e-02	-9.672430e+00
1.790000e-05	-2.424967e-02	-9.431325e+00
1.791000e-05	-2.194410e-02	-9.220774e+00
1.792000e-05	-2.190474e-02	-8.958297e+00
1.793000e-05	-1.968553e-02	-8.746093e+00
1.794000e-05	-1.734789e-02	-8.493458e+00
1.795000e-05	-1.497971e-02	-8.232403e+00
1.796000e-05	-1.457322e-02	-8.001719e+00
1.797000e-05	-1.312995e-02	-7.734588e+00
1.798000e-05	-1.230423e-02	-7.442379e+00
1.799000e-05	-1.068099e-02	-7.210877e+00
1.800000e-05	-1.392367e-02	-6.916618e+00
1.801000e-05	-1.147753e-02	-6.672554e+00
1.802000e-05	-1.088490e-02	-6.420434e+00
1.803000e-05	-9.238970e-03	-6.187265e+00
1.804000e-05	-1.120367e-02	-5.885112e+00
1.805000e-05	-9.096260e-03	-5.642456e+00
1.806000e-05	-7.766119e-03	-5.337742e+00
1.807000e-05	-7.489477e-03	-5.003951e+00
1.808000e-05	-8.374362e-03	-4.725614e+00
1.809000e-05	-8.169838e-03	-4.433055e+00
1.810000e-05	-7.378834e-03	-4.190475e+00
1.811000e-05	-6.837680e-03	-3.956191e+00
1.812000e-05	-7.956451e-03	-3.662084e+00
1.813000e-05	-9.527717e-03	-3.337429e+00
1.814000e-05	-6.449894e-03	-3.077163e+00
1.815000e-05	-5.008361e-03	-2.781949e+00
1.816000e-05	-4.212464e-03	-2.534815e+00
1.817000e-05	-5.702877e-03	-2.283060e+00
1.818000e-05	-5.178991e-03	-1.938471e+00
1.819000e-05	-5.432035e-03	-1.693686e+00
1.820000e-05	-5.646448e-03	-1.337861e+00
1.821000e-05	-7.142111e-03	-1.033130e+00
1.822000e-05	-5.073521e-03	-7.699237e-01
1.823000e-05	-3.637516e-03	-4.431330e-01
1.824000e-05	-6.472672e-04	-1.915410e-01
1.825000e-05	5.230990e-03	8.260778e-02
1.826000e-05	2.873916e-03	3.989210e-01
1.827000e-05	2.057757e-03	6.510038e-01
1.828000e-05	8.347752e-04	8.720893e-01
1.829000e-05	-4.096353e-04	1.239574e+00
1.830000e-05	-1.624823e-04	1.493161e+00
1.831000e-05	2.754889e-03	1.828428e+00
1.832000e-05	1.969795e-02	1.988901e+00
1.833000e-05	7.205090e-02	2.281662e+00
1.834000e-05	1.935599e-02	2.702001e+00
1.835000e-05	-6.133616e-02	2.986297e+00
1.836000e-05	-3.994387e-02	3.230449e+00
1.837000e-05	-1.051835e-02	3.523187e+00
1.838000e-05	-1.651145e-02	3.774817e+00
1.839000e-05	-5.687516e-02	3.936192e+00
1.840000e-05	6.575071e-02	4.194641e+00
1.841000e-05	3.247594e-02	4.523060e+00
1.842000e-05	-1.734051e-02	4.755266e+00
1.843000e-05	1.039076e-01	5.068404e+00
1.844000e-05	-1.155163e-01	5.447822e+00
1.845000e-05	4.790173e-02	5.668952e+00
1.846000e-05	-7.206065e-03	5.966690e+00
1.847000e-05	-8.147130e-04	6.186222e+00
1.848000e-05	1.995899e-02	6.480479e+00
1.849000e-05	-3.350170e-02	6.814644e+00
1.850000e-05	8.054995e-02	6.996245e+00
1.851000e-05	-3.805798e-02	7.321431e+00
1.852000e-05	-4.117634e-03	7.576114e+00
1.853000e-05	-2.157752e-02	7.838701e+00
1.854000e-05	4.134860e-02	8.150460e+00
1.855000e-05	2.699418e-02	8.364663e+00
1.856000e-05	-4.297208e-02	8.545143e+00
1.857000e-05	3.813452e-02	8.805321e+00
1.858000e-05	-3.845559e-03	9.037275e+00
1.859000e-05	1.257626e-02	9.311404e+00
1.860000e-05	-1.560999e-02	9.469931e+00
1.861000e-05	1.156305e-02	9.735435e+00
1.862000e-05	2.229382e-02	9.983718e+00
1.863000e-05	7.375510e-03	1.019509e+01
1.864000e-05	9.260842e-03	1.042617e+01
1.865000e-05	-1.368999e-02	1.063777e+01
1.866000e-05	2.500950e-02	1.087930e+01
1.867000e-05	-6.226414e-04	1.105923e+01
1.868000e-05	9.104461e-03	1.124823e+01
1.869000e-05	1.679191e-03	1.147833e+01
1.870000e-05	2.379679e-02	1.169081e+01
1.871000e-05	7.504869e-03	1.188081e+01
1.872000e-05	4.656962e-03	1.209977e+01
1.873000e-05	2.958198e-03	1.221928e+01
1.874000e-05	1.276843e-02	1.244820e+01
1.875000e-05	1.240502e-02	1.262612e+01
1.876000e-05	5.127525e-03	1.279409e+01
1.877000e-05	1.313021e-02	1.292196e+01
1.878000e-05	1.325264e-02	1.311988e+01
1.879000e-05	1.816093e-02	1.326672e+01
1.880000e-05	6.555979e-04	1.341564e+01
1.881000e-05	1.145398e-02	1.353348e+01
1.882000e-05	1.045929e-02	1.367986e+01
1.883000e-05	1.636705e-02	1.383764e+01
1.884000e-05	6.799765e-03	1.399294e+01
1.885000e-05	1.265664e-02	1.414278e+01
1.886000e-05	1.752435e-02	1.424865e+01
1.887000e-05	1.473888e-02	1.436496e+01
1.888000e-05	8.624708e-03	1.445971e+01
1.889000e-05	9.399024e-03	1.461544e+01
1.890000e-05	1.863230e-02	1.467026e+01
1.891000e-05	1.315322e-02	1.475449e+01
1.892000e-05	1.279177e-02	1.482820e+01
1.893000e-05	1.249469e-02	1.493241e+01
1.894000e-05	1.966304e-02	1.502707e+01
1.895000e-05	1.461961e-02	1.511820e+01
1.896000e-05	1.306180e-02	1.513241e+01
1.897000e-05	1.424067e-02	1.515552e+01
1.898000e-05	1.891124e-02	1.526868e+01
1.899000e-05	1.929175e-02	1.529121e+01
1.900000e-05	1.320750e-02	1.532286e+01
1.901000e-05	1.702210e-02	1.539354e+01
1.902000e-05	1.794417e-02	1.541604e+01
1.903000e-05	2.146254e-02	1.542967e+01
1.904000e-05	1.517710e-02	1.544875e+01
1.905000e-05	1.926963e-02	1.552026e+01
1.906000e-05	2.166538e-02	1.550326e+01
1.907000e-05	2.175799e-02	1.550331e+01
1.908000e-05	1.929373e-02	1.550281e+01
1.909000e-05	1.848811e-02	1.552279e+01
1.910000e-05	2.482197e-02	1.549078e+01
1.911000e-05	2.375416e-02	1.551025e+01
1.912000e-05	2.520178e-02	1.546962e+01
1.913000e-05	2.304402e-02	1.543862e+01
1.914000e-05	2.799779e-02	1.540699e+01
1.915000e-05	2.827637e-02	1.532584e+01
1.916000e-05	2.734804e-02	1.530183e+01
1.917000e-05	2.814781e-02	1.522863e+01
1.918000e-05	3.284503e-02	1.522650e+01
1.919000e-05	3.601799e-02	1.512184e+01
1.920000e-05	3.496164e-02	1.507021e+01
1.921000e-05	3.816967e-02	1.504762e+01
1.922000e-05	4.282987e-02	1.487191e+01
1.923000e-05	4.983648e-02	1.485815e+01
1.924000e-05	5.391753e-02	1.470642e+01
1.925000e-05	6.326758e-02	1.466025e+01
1.926000e-05	7.413630e-02	1.453499e+01
1.927000e-05	8.892017e-02	1.444973e+01
1.928000e-05	1.014719e-01	1.435446e+01
1.929000e-05	1.209886e-01	1.425870e+01
1.930000e-05	1.478217e-01	1.410138e+01
1.931000e-05	1.777400e-01	1.398847e+01
1.932000e-05	2.107305e-01	1.381710e+01
1.933000e-05	2.333348e-01	1.366278e+01
1.934000e-05	2.493029e-01	1.355451e+01
1.935000e-05	2.499783e-01	1.338765e+01
1.936000e-05	2.500000e-01	1.328973e+01
1.937000e-05	2.500000e-01	1.310185e+01
1.938000e-05	2.500000e-01	1.293459e+01
1.939000e-05	2.500000e-01	1.281617e+01
1.940000e-05	2.414850e-01	1.264078e+01
1.941000e-05	2.202499e-01	1.246228e+01
1.942000e-05	1.893872e-01	1.231080e+01
1.943000e-05	1.601169e-01	1.211293e+01
1.944000e-05	1.333204e-01	1.191398e+01
1.945000e-05	1.108816e-01	1.166398e+01
1.946000e-05	9.436972e-02	1.150583e+01
1.947000e-05	7.807088e-02	1.128136e+01
1.948000e-05	6.445224e-02	1.105241e+01
1.949000e-05	5.241375e-02	1.093251e+01
1.950000e-05	4.341307e-02	1.068241e+01
1.951000e-05	3.515930e-02	1.048140e+01
1.952000e-05	2.845855e-02	1.021133e+01
1.953000e-05	2.522260e-02	1.004977e+01
1.954000e-05	2.227308e-02	9.800243e+00
1.955000e-05	1.741549e-02	9.554667e+00
1.956000e-05	1.456863e-02	9.315563e+00
1.957000e-05	1.280022e-02	9.093509e+00
1.958000e-05	1.124158e-02	8.883480e+00
1.959000e-05	8.180273e-03	8.621325e+00
1.960000e-05	6.354587e-03	8.380402e+00
1.961000e-05	6.315363e-03	8.168794e+00
1.962000e-05	5.485796e-03	7.895587e+00
1.963000e-05	3.490705e-03	7.643431e+00
1.964000e-05	2.318168e-03	7.378721e+00
1.965000e-05	2.171002e-03	7.126557e+00
1.966000e-05	3.311161e-03	6.873955e+00
1.967000e-05	1.395016e-03	6.580745e+00
1.968000e-05	8.650566e-04	6.296213e+00
1.969000e-05	1.120422e-03	6.083112e+00
1.970000e-05	1.059038e-03	5.769449e+00
1.971000e-05	-1.251752e-03	5.537212e+00
1.972000e-05	-2.402902e-03	5.273082e+00
1.973000e-05	-2.344555e-03	4.905687e+00
1.974000e-05	-9.205803e-04	4.621526e+00
1.975000e-05	-1.720811e-03	4.368821e+00
1.976000e-05	-2.492393e-03	4.083554e+00
1.977000e-05	-2.635869e-03	3.759351e+00
1.978000e-05	-2.481837e-03	3.518719e+00
1.979000e-05	-3.208041e-03	3.264053e+00
1.980000e-05	-4.546633e-03	2.949321e+00
1.981000e-05	-3.728804e-03	2.715245e+00
1.982000e-05	-3.947446e-03	2.380424e+00
1.983000e-05	-4.465849e-03	2.106265e+00
1.984000e-05	-4.427422e-03	1.823678e+00
1.985000e-05	-4.729614e-03	1.559045e+00
1.986000e-05	-4.287356e-03	1.243161e+00
1.987000e-05	-4.818039e-03	8.967370e-01
1.988000e-05	-5.259569e-03	6.005291e-01
1.989000e-05	-3.651946e-03	3.599211e-01
1.990000e-05	-3.240756e-03	2.273170e-02
1.991000e-05	5.191846e-03	-2.395012e-01
1.992000e-05	-2.333449e-03	-4.720526e-01
1.993000e-05	-1.995716e-03	-7.783158e-01
1.994000e-05	-5.504407e-03	-1.019901e+00
1.995000e-05	-1.865466e-03	-1.313154e+00
1.996000e-05	-5.085746e-03	-1.579868e+00
1.997000e-05	7.891734e-03	-1.809952e+00
1.998000e-05	5.818405e-02	-2.039426e+00
1.999000e-05	6.381116e-02	-2.343666e+00
2.000000e-05	-8.461944e-02	-2.695138e+00
2.001000e-05	-3.260246e-02	-3.100581e+00
2.002000e-05	-4.138076e-02	-3.386791e+00
2.003000e-05	-2.876918e-02	-3.598448e+00
2.004000e-05	-5.687147e-02	-3.892486e+00
2.005000e-05	1.516244e-01	-4.062081e+00
2.006000e-05	-1.353896e-01	-4.304060e+00
2.007000e-05	1.136229e-01	-4.616744e+00
2.008000e-05	2.604815e-02	-4.809849e+00
2.009000e-05	-1.265320e-01	-5.176242e+00
2.010000e-05	9.460661e-02	-5.419972e+00
2.011000e-05	-1.528400e-01	-5.744063e+00
2.012000e-05	1.174303e-01	-5.989302e+00
2.013000e-05	-4.145874e-02	-6.276848e+00
2.014000e-05	-1.624416e-02	-6.524668e+00
2.015000e-05	8.371858e-02	-6.807767e+00
2.016000e-05	-1.172760e-01	-7.072584e+00
2.017000e-05	6.526007e-02	-7.397170e+00
2.018000e-05	-8.874542e-02	-7.619324e+00
2.019000e-05	4.477084e-02	-7.965984e+00
2.020000e-05	1.096566e-02	-8.156072e+00
2.021000e-05	-5.884664e-02	-8.478720e+00
2.022000e-05	8.093819e-02	-8.659930e+00
2.023000e-05	-1.093407e-01	-8.941514e+00
2.024000e-05	6.424717e-02	-9.154611e+00
2.025000e-05	-7.789910e-02	-9.385685e+00
2.026000e-05	3.979553e-02	-9.626798e+00
2.027000e-05	-1.751840e-02	-9.837798e+00
2.028000e-05	-1.072849e-02	-1.010038e+01
2.029000e-05	1.149394e-02	-1.027186e+01
2.030000e-05	-5.083245e-02	-1.051289e+01
2.031000e-05	2.844558e-02	-1.070096e+01
2.032000e-05	-5.823567e-02	-1.093281e+01
2.033000e-05	2.894153e-02	-1.114443e+01
2.034000e-05	-4.165297e-02	-1.135136e+01
2.035000e-05	2.105384e-02	-1.159409e+01
2.036000e-05	-3.388977e-02	-1.179196e+01
2.037000e-05	1.314412e-03	-1.200552e+01
2.038000e-05	-2.723116e-02	-1.217399e+01
2.039000e-05	-8.265762e-03	-1.234299e+01
2.040000e-05	-1.277308e-02	-1.251186e+01
2.041000e-05	-1.892708e-02	-1.268093e+01
2.042000e-05	-4.072833e-03	-1.287913e+01
2.043000e-05	-2.386837e-02	-1.300614e+01
2.044000e-05	2.449905e-04	-1.316649e+01
2.045000e-05	-3.279464e-02	-1.334133e+01
2.046000e-05	-2.362499e-03	-1.343880e+01
2.047000e-05	-2.707537e-02	-1.362709e+01
2.048000e-05	-5.289380e-03	-1.378449e+01
2.049000e-05	-2.523708e-02	-1.390130e+01
2.050000e-05	-1.109257e-02	-1.406667e+01
2.051000e-05	-1.677989e-02	-1.415392e+01
2.052000e-05	-1.691715e-02	-1.429978e+01
2.053000e-05	-2.215591e-02	-1.439699e+01
2.054000e-05	-1.912412e-02	-1.454183e+01
2.055000e-05	-1.470816e-02	-1.461905e+01
2.056000e-05	-1.817042e-02	-1.473286e+01
2.057000e-05	-2.092929e-02	-1.484607e+01
2.058000e-05	-1.947902e-02	-1.493026e+01
2.059000e-05	-1.779416e-02	-1.497395e+01
2.060000e-05	-2.158617e-02	-1.500877e+01
2.061000e-05	-2.239444e-02	-1.508183e+01
2.062000e-05	-2.310881e-02	-1.518644e+01
2.063000e-05	-1.768807e-02	-1.525762e+01
2.064000e-05	-2.251667e-02	-1.528976e+01
2.065000e-05	-2.154861e-02	-1.535341e+01
2.066000e-05	-2.489683e-02	-1.541714e+01
2.067000e-05	-2.179121e-02	-1.543915e+01
2.068000e-05	-2.439088e-02	-1.547067e+01
2.069000e-05	-2.516162e-02	-1.551091e+01
2.070000e-05	-2.385833e-02	-1.550186e+01
2.071000e-05	-2.398853e-02	-1.552486e+01
2.072000e-05	-2.679398e-02	-1.555389e+01
2.073000e-05	-2.908456e-02	-1.556391e+01
2.074000e-05	-2.851962e-02	-1.552485e+01
2.075000e-05	-2.752065e-02	-1.553394e+01
2.076000e-05	-2.869853e-02	-1.550191e+01
2.077000e-05	-2.991526e-02	-1.551236e+01
2.078000e-05	-3.197764e-02	-1.552078e+01
2.079000e-05	-3.039568e-02	-1.544973e+01
2.080000e-05	-3.325394e-02	-1.541717e+01
2.081000e-05	-3.517371e-02	-1.541602e+01
2.082000e-05	-3.671423e-02	-1.536536e+01
2.083000e-05	-3.659778e-02	-1.526965e+01
2.084000e-05	-3.748350e-02	-1.520712e+01
2.085000e-05	-4.168380e-02	-1.517589e+01
2.086000e-05	-4.368436e-02	-1.509070e+01
2.087000e-05	-4.758010e-02	-1.504867e+01
2.088000e-05	-5.045089e-02	-1.492584e+01
2.089000e-05	-5.606221e-02	-1.485973e+01
2.090000e-05	-6.195192e-02	-1.476452e+01
2.091000e-05	-7.119740e-02	-1.466183e+01
2.092000e-05	-8.025706e-02	-1.461664e+01
2.093000e-05	-9.478042e-02	-1.444186e+01
2.094000e-05	-1.120655e-01	-1.438644e+01
2.095000e-05	-1.323043e-01	-1.420870e+01
2.096000e-05	-1.556411e-01	-1.411138e+01
2.097000e-05	-1.852972e-01	-1.395599e+01
2.098000e-05	-2.171269e-01	-1.386075e+01
2.099000e-05	-2.394670e-01	-1.371388e+01
2.100000e-05	-2.498802e-01	-1.358599e+01
2.101000e-05	-2.499990e-01	-1.343870e+01
2.102000e-05	-2.500000e-01	-1.324083e+01
2.103000e-05	-2.500000e-01	-1.311293e+01
2.104000e-05	-2.500000e-01	-1.296662e+01
2.105000e-05	-2.500000e-01	-1.279970e+01
2.106000e-05	-2.446900e-01	-1.264130e+01
2.107000e-05	-2.240233e-01	-1.249180e+01
2.108000e-05	-1.938635e-01	-1.231293e+01
2.109000e-05	-1.655003e-01	-1.212346e+01
2.110000e-05	-1.405963e-01	-1.192391e+01
2.111000e-05	-1.190399e-01	-1.173388e+01
2.112000e-05	-1.004595e-01	-1.148389e+01
2.113000e-05	-8.608243e-02	-1.125330e+01
2.114000e-05	-7.218750e-02	-1.105138e+01
2.115000e-05	-5.966052e-02	-1.085985e+01
2.116000e-05	-5.004856e-02	-1.066341e+01
2.117000e-05	-4.326905e-02	-1.045253e+01
2.118000e-05	-3.853057e-02	-1.023187e+01
2.119000e-05	-3.428193e-02	-1.004127e+01
2.120000e-05	-2.918738e-02	-9.818273e+00
2.121000e-05	-2.660663e-02	-9.599573e+00
2.122000e-05	-2.391955e-02	-9.336614e+00
2.123000e-05	-2.146111e-02	-9.073511e+00
2.124000e-05	-1.988335e-02	-8.885583e+00
2.125000e-05	-1.722508e-02	-8.640378e+00
2.126000e-05	-1.569164e-02	-8.378744e+00
2.127000e-05	-1.511535e-02	-8.156692e+00
2.128000e-05	-1.402557e-02	-7.905536e+00
2.129000e-05	-1.292461e-02	-7.620332e+00
2.130000e-05	-1.389778e-02	-7.369267e+00
2.131000e-05	-1.137579e-02	-7.094614e+00
2.132000e-05	-1.258244e-02	-6.821434e+00
2.133000e-05	-9.896704e-03	-6.589847e+00
2.134000e-05	-1.145932e-02	-6.307642e+00
2.135000e-05	-9.352513e-03	-6.042483e+00
2.136000e-05	-7.637037e-03	-5.769374e+00
2.137000e-05	-9.296679e-03	-5.473665e+00
2.138000e-05	-8.805998e-03	-5.201380e+00
2.139000e-05	-8.686152e-03	-4.894084e+00
2.140000e-05	-8.682521e-03	-4.569821e+00
2.141000e-05	-8.254482e-03	-4.347796e+00
2.142000e-05	-8.160991e-03	-4.086735e+00
2.143000e-05	-5.530835e-03	-3.801472e+00
2.144000e-05	-6.808277e-03	-3.527817e+00
2.145000e-05	-4.932505e-03	-3.274184e+00
2.146000e-05	-7.981888e-03	-2.969868e+00
2.147000e-05	-5.566386e-03	-2.704717e+00
2.148000e-05	-6.911297e-03	-2.441977e+00
2.149000e-05	-6.647641e-03	-2.096263e+00
2.150000e-05	-5.668758e-03	-1.813580e+00
2.151000e-05	-4.268398e-03	-1.569899e+00
2.152000e-05	-3.914001e-03	-1.191585e+00
2.153000e-05	-3.718894e-03	-9.278944e-01
2.154000e-05	-4.533536e-03	-6.360569e-01
2.155000e-05	-3.407837e-03	-3.493459e-01
2.156000e-05	-1.505546e-03	-6.625452e-02
2.157000e-05	7.911550e-03	2.069823e-01
2.158000e-05	-2.845352e-03	4.931317e-01
2.159000e-05	4.245402e-03	7.357895e-01
2.160000e-05	-2.035465e-04	1.068479e+00
2.161000e-05	3.746052e-03	1.303238e+00
2.162000e-05	-1.643122e-03	1.638574e+00
2.163000e-05	1.061438e-02	1.912108e+00
2.164000e-05	3.114661e-02	2.144635e+00
2.165000e-05	8.342816e-02	2.448398e+00
2.166000e-05	-4.378388e-02	2.797850e+00
2.167000e-05	-4.764573e-02	3.091663e+00
2.168000e-05	-3.689665e-02	3.354662e+00
2.169000e-05	6.625812e-03	3.629451e+00
2.170000e-05	-4.697034e-02	3.790430e+00
2.171000e-05	-2.834143e-02	4.017900e+00
2.172000e-05	1.099176e-01	4.322110e+00
2.173000e-05	-5.568509e-02	4.649849e+00
2.174000e-05	9.079181e-02	4.848451e+00
2.175000e-05	-1.302742e-02	5.218325e+00
2.176000e-05	-6.634531e-02	5.512558e+00
2.177000e-05	6.083515e-02	5.794589e+00
2.178000e-05	-4.010330e-02	6.059930e+00
2.179000e-05	4.190792e-02	6.350957e+00
2.180000e-05	-2.981693e-02	6.613668e+00
2.181000e-05	2.681041e-02	6.870379e+00
2.182000e-05	4.236267e-02	7.104579e+00
2.183000e-05	-4.369995e-02	7.397642e+00
2.184000e-05	2.808273e-04	7.691403e+00
2.185000e-05	-1.305750e-02	7.974135e+00
2.186000e-05	6.077195e-02	8.248300e+00
2.187000e-05	-1.454971e-02	8.449752e+00
2.188000e-05	-1.815560e-02	8.659850e+00
2.189000e-05	4.214693e-02	8.891480e+00
2.190000e-05	-1.686679e-02	9.143087e+00
2.191000e-05	1.885121e-02	9.344041e+00
2.192000e-05	-2.684071e-02	9.626140e+00
2.193000e-05	3.725489e-02	9.809176e+00
2.194000e-05	8.379981e-03	1.010980e+01
2.195000e-05	1.210334e-02	1.026935e+01
2.196000e-05	-3.915135e-03	1.052141e+01
2.197000e-05	-4.359686e-03	1.072501e+01
2.198000e-05	2.888870e-02	1.093246e+01
2.199000e-05	-1.157402e-02	1.113038e+01
2.200000e-05	1.636876e-02	1.132243e+01
2.201000e-05	1.820280e-03	1.154346e+01
2.202000e-05	3.051975e-02	1.178349e+01
2.203000e-05	-2.798326e-03	1.195549e+01
2.204000e-05	7.079277e-03	1.219306e+01
2.205000e-05	4.350388e-03	1.237291e+01
2.206000e-05	1.538728e-02	1.253076e+01
2.207000e-05	1.014378e-02	1.266925e+01
2.208000e-05	1.717703e-03	1.284812e+01
2.209000e-05	1.814655e-02	1.299517e+01
2.210000e-05	1.323439e-02	1.315396e+01
2.211000e-05	1.375194e-02	1.332131e+01
2.212000e-05	-1.812667e-03	1.347020e+01
2.213000e-05	1.499103e-02	1.362472e+01
2.214000e-05	1.435791e-02	1.374339e+01
2.215000e-05	1.151205e-02	1.391068e+01
2.216000e-05	6.203101e-03	1.404654e+01
2.217000e-05	1.436711e-02	1.420579e+01
2.218000e-05	2.056657e-02	1.426931e+01
2.219000e-05	9.114750e-03	1.440645e+01
2.220000e-05	8.801288e-03	1.450131e+01
2.221000e-05	1.318910e-02	1.461812e+01
2.222000e-05	2.056983e-02	1.473244e+01
2.223000e-05	1.226162e-02	1.484557e+01
2.224000e-05	9.809960e-03	1.488975e+01
2.225000e-05	1.640743e-02	1.498446e+01
2.226000e-05	1.792819e-02	1.503815e+01
2.227000e-05	1.484999e-02	1.514191e+01
2.228000e-05	9.677801e-03	1.515396e+01
2.229000e-05	1.840425e-02	1.524502e+01
2.230000e-05	2.025962e-02	1.528020e+01
2.231000e-05	1.828700e-02	1.535133e+01
2.232000e-05	1.208447e-02	1.535237e+01
2.233000e-05	1.778902e-02	1.544704e+01
2.234000e-05	2.188981e-02	1.543865e+01
2.235000e-05	1.733674e-02	1.546920e+01
2.236000e-05	1.559496e-02	1.549073e+01
2.237000e-05	1.810262e-02	1.550133e+01
2.238000e-05	2.379805e-02	1.549983e+01
2.239000e-05	1.988151e-02	1.549183e+01
2.240000e-05	1.892903e-02	1.549374e+01
2.241000e-05	2.089851e-02	1.553028e+01
2.242000e-05	2.692694e-02	1.546023e+01
2.243000e-05	2.505800e-02	1.550070e+01
2.244000e-05	2.202439e-02	1.541817e+01
2.245000e-05	2.456644e-02	1.541715e+01
2.246000e-05	2.842184e-02	1.537549e+01
2.247000e-05	2.982120e-02	1.533243e+01
2.248000e-05	2.556943e-02	1.530980e+01
2.249000e-05	3.027224e-02	1.521705e+01
2.250000e-05	3.448616e-02	1.517494e+01
2.251000e-05	3.639136e-02	1.515236e+01
2.252000e-05	3.550513e-02	1.505862e+01
2.253000e-05	3.946822e-02	1.499499e+01
2.254000e-05	4.826679e-02	1.490080e+01
2.255000e-05	5.163540e-02	1.482862e+01
2.256000e-05	5.692494e-02	1.475236e+01
2.257000e-05	6.605158e-02	1.461862e+01
2.258000e-05	8.012224e-02	1.455483e+01
2.259000e-05	9.330189e-02	1.440667e+01
2.260000e-05	1.077636e-01	1.434191e+01
2.261000e-05	1.328499e-01	1.420554e+01
2.262000e-05	1.597567e-01	1.403973e+01
2.263000e-05	1.918584e-01	1.391386e+01
2.264000e-05	2.196786e-01	1.378554e+01
2.265000e-05	2.424579e-01	1.363812e+01
2.266000e-05	2.498830e-01	1.351333e+01
2.267000e-05	2.499891e-01	1.338507e+01
2.268000e-05	2.500000e-01	1.317765e+01
2.269000e-05	2.500000e-01	1.305085e+01
2.270000e-05	2.500000e-01	1.289133e+01
2.271000e-05	2.487000e-01	1.275401e+01
2.272000e-05	2.354612e-01	1.258654e+01
2.273000e-05	2.071943e-01	1.240809e+01
2.274000e-05	1.791018e-01	1.218774e+01
2.275000e-05	1.491673e-01	1.203872e+01
2.276000e-05	1.239781e-01	1.187030e+01
2.277000e-05	1.018061e-01	1.164118e+01
2.278000e-05	8.732653e-02	1.143975e+01
2.279000e-05	7.166081e-02	1.122870e+01
2.280000e-05	5.944639e-02	1.099075e+01
2.281000e-05	4.764236e-02	1.081930e+01
2.282000e-05	4.107122e-02	1.059772e+01
2.283000e-05	3.396351e-02	1.034872e+01
2.284000e-05	2.744741e-02	1.016819e+01
2.285000e-05	2.293789e-02	9.934986e+00
2.286000e-05	1.962345e-02	9.692985e+00
2.287000e-05	1.649461e-02	9.440955e+00
2.288000e-05	1.276975e-02	9.241455e+00
2.289000e-05	1.116692e-02	9.050324e+00
2.290000e-05	1.013022e-02	8.717219e+00
2.291000e-05	8.834055e-03	8.546244e+00
2.292000e-05	6.975492e-03	8.295590e+00
2.293000e-05	4.739051e-03	8.070459e+00
2.294000e-05	4.695652e-03	7.790376e+00
2.295000e-05	3.595392e-03	7.526642e+00
2.296000e-05	2.091067e-03	7.262008e+00
2.297000e-05	1.572160e-03	7.059824e+00
2.298000e-05	2.410427e-03	6.756745e+00
2.299000e-05	1.951561e-03	6.504584e+00
2.300000e-05	-4.394516e-04	6.200950e+00
2.301000e-05	-5.310530e-04	5.980873e+00
2.302000e-05	2.301709e-04	5.715641e+00
2.303000e-05	-3.229368e-04	5.453503e+00
2.304000e-05	-1.828848e-03	5.124757e+00
2.305000e-05	-1.510247e-03	4.788904e+00
2.306000e-05	-2.760902e-03	4.517717e+00
2.307000e-05	-1.877130e-03	4.214555e+00
2.308000e-05	-3.266718e-03	3.958316e+00
2.309000e-05	-3.313070e-03	3.674187e+00
2.310000e-05	-3.135682e-03	3.422399e+00
2.311000e-05	-2.164314e-03	3.108262e+00
2.312000e-05	-4.167087e-03	2.873086e+00
2.313000e-05	-3.693292e-03	2.569825e+00
2.314000e-05	-3.965610e-03	2.265210e+00
2.315000e-05	-4.212322e-03	2.011051e+00
2.316000e-05	-5.338072e-03	1.690343e+00
2.317000e-05	-4.011330e-03	1.391530e+00
2.318000e-05	-4.516891e-03	1.127716e+00
2.319000e-05	-4.431229e-03	7.910465e-01
2.320000e-05	-4.957473e-03	4.962922e-01
2.321000e-05	-3.356810e-03	2.747281e-01
2.322000e-05	-1.773060e-03	-5.158146e-02
2.323000e-05	7.463970e-03	-3.352654e-01
2.324000e-05	-6.147722e-03	-5.173221e-01
2.325000e-05	6.723361e-04	-8.626037e-01
2.326000e-05	-6.945925e-03	-1.133210e+00
2.327000e-05	-5.520270e-04	-1.436845e+00
2.328000e-05	-5.439349e-03	-1.684083e+00
2.329000e-05	2.018026e-02	-1.934664e+00
2.330000e-05	9.329065e-02	-2.114735e+00
2.331000e-05	-1.861365e-02	-2.493105e+00
2.332000e-05	-6.102425e-02	-2.869475e+00
2.333000e-05	-4.009748e-02	-3.229752e+00
2.334000e-05	-1.987578e-02	-3.470556e+00
2.335000e-05	-6.819722e-02	-3.715135e+00
2.336000e-05	4.199892e-02	-3.986791e+00
2.337000e-05	7.473303e-02	-4.144111e+00
2.338000e-05	-1.331465e-01	-4.429425e+00
2.339000e-05	1.943693e-01	-4.652456e+00
2.340000e-05	-1.388510e-01	-4.934239e+00
2.341000e-05	1.883686e-02	-5.333054e+00
2.342000e-05	-1.136728e-02	-5.524092e+00
2.343000e-05	-8.786356e-02	-5.871400e+00
2.344000e-05	1.325264e-01	-6.121503e+00
2.345000e-05	-1.179524e-01	-6.376244e+00
2.346000e-05	9.213376e-02	-6.661404e+00
2.347000e-05	-2.887090e-02	-6.912960e+00
2.348000e-05	-5.117427e-02	-7.238851e+00
2.349000e-05	4.104371e-02	-7.481426e+00
2.350000e-05	-9.868415e-02	-7.794036e+00
2.351000e-05	1.066778e-01	-8.039752e+00
2.352000e-05	-8.665180e-02	-8.239376e+00
2.353000e-05	4.531994e-02	-8.531459e+00
2.354000e-05	-9.064616e-03	-8.775540e+00
2.355000e-05	-5.384357e-02	-9.029696e+00
2.356000e-05	4.089627e-02	-9.247821e+00
2.357000e-05	-8.313791e-02	-9.510279e+00
2.358000e-05	7.473418e-02	-9.731433e+00
2.359000e-05	-6.945971e-02	-9.903459e+00
2.360000e-05	4.650054e-02	-1.017399e+01
2.361000e-05	-5.330427e-02	-1.036606e+01
2.362000e-05	7.905176e-03	-1.059622e+01
2.363000e-05	-1.977335e-02	-1.079516e+01
2.364000e-05	-2.159191e-02	-1.101464e+01
2.365000e-05	5.774164e-03	-1.117814e+01
2.366000e-05	-2.721291e-02	-1.144669e+01
2.367000e-05	1.666665e-02	-1.165967e+01
2.368000e-05	-3.858071e-02	-1.182528e+01
2.369000e-05	7.160884e-03	-1.206880e+01
2.370000e-05	-4.089500e-02	-1.224820e+01
2.371000e-05	1.186220e-02	-1.241767e+01
2.372000e-05	-3.183565e-02	-1.255357e+01
2.373000e-05	-3.452566e-04	-1.276544e+01
2.374000e-05	-2.369142e-02	-1.292221e+01
2.375000e-05	-2.425841e-03	-1.309033e+01
2.376000e-05	-1.717026e-02	-1.323862e+01
2.377000e-05	-2.225228e-02	-1.336594e+01
2.378000e-05	-1.226589e-02	-1.351188e+01
2.379000e-05	-2.063014e-02	-1.367123e+01
2.380000e-05	-7.491085e-03	-1.385762e+01
2.381000e-05	-2.687103e-02	-1.396441e+01
2.382000e-05	-7.934053e-03	-1.407975e+01
2.383000e-05	-1.876175e-02	-1.420612e+01
2.384000e-05	-1.330201e-02	-1.433589e+01
2.385000e-05	-2.485845e-02	-1.441920e+01
2.386000e-05	-1.671466e-02	-1.458497e+01
2.387000e-05	-1.736665e-02	-1.468073e+01
2.388000e-05	-1.681275e-02	-1.478499e+01
2.389000e-05	-2.364752e-02	-1.486817e+01
2.390000e-05	-1.826267e-02	-1.492283e+01
2.391000e-05	-1.991055e-02	-1.503552e+01
2.392000e-05	-1.839605e-02	-1.508130e+01
2.393000e-05	-2.449254e-02	-1.513436e+01
2.394000e-05	-2.046362e-02	-1.520600e+01
2.395000e-05	-1.971457e-02	-1.529967e+01
2.396000e-05	-2.116986e-02	-1.531286e+01
2.397000e-05	-2.399018e-02	-1.539539e+01
2.398000e-05	-2.515310e-02	-1.542707e+01
2.399000e-05	-2.147157e-02	-1.545010e+01
2.400000e-05	-2.412556e-02	-1.547975e+01
2.401000e-05	-2.432559e-02	-1.551983e+01
2.402000e-05	-2.568818e-02	-1.549329e+01
2.403000e-05	-2.296102e-02	-1.552391e+01
2.404000e-05	-2.597318e-02	-1.558248e+01
2.405000e-05	-2.939676e-02	-1.557349e+01
2.406000e-05	-2.897944e-02	-1.551494e+01
2.407000e-05	-2.888121e-02	-1.554237e+01
2.408000e-05	-2.774017e-02	-1.554139e+01
2.409000e-05	-3.036422e-02	-1.552233e+01
2.410000e-05	-3.313163e-02	-1.546180e+01
2.411000e-05	-3.318964e-02	-1.545865e+01
2.412000e-05	-3.208944e-02	-1.540854e+01
2.413000e-05	-3.432436e-02	-1.533448e+01
2.414000e-05	-3.788735e-02	-1.533135e+01
2.415000e-05	-3.853563e-02	-1.521865e+01
2.416000e-05	-3.841402e-02	-1.521702e+01
2.417000e-05	-4.113024e-02	-1.511278e+01
2.418000e-05	-4.620883e-02	-1.509173e+01
2.419000e-05	-5.014503e-02	-1.498609e+01
2.420000e-05	-5.321929e-02	-1.490281e+01
2.421000e-05	-5.806846e-02	-1.483762e+01
2.422000e-05	-6.531102e-02	-1.472389e+01
2.423000e-05	-7.497337e-02	-1.462065e+01
2.424000e-05	-8.650231e-02	-1.451551e+01
2.425000e-05	-1.010676e-01	-1.445915e+01
2.426000e-05	-1.184101e-01	-1.431381e+01
2.427000e-05	-1.414154e-01	-1.420614e+01
2.428000e-05	-1.694037e-01	-1.405067e+01
2.429000e-05	-1.994209e-01	-1.392444e+01
2.430000e-05	-2.279932e-01	-1.381562e+01
2.431000e-05	-2.454588e-01	-1.366120e+01
2.432000e-05	-2.499500e-01	-1.356244e+01
2.433000e-05	-2.499997e-01	-1.338659e+01
2.434000e-05	-2.500000e-01	-1.323760e+01
2.435000e-05	-2.500000e-01	-1.306235e+01
2.436000e-05	-2.500000e-01	-1.291451e+01
2.437000e-05	-2.493000e-01	-1.276454e+01
2.438000e-05	-2.377191e-01	-1.257617e+01
2.439000e-05	-2.111241e-01	-1.244972e+01
2.440000e-05	-1.827924e-01	-1.221933e+01
2.441000e-05	-1.560325e-01	-1.205112e+01
2.442000e-05	-1.325602e-01	-1.183875e+01
2.443000e-05	-1.120956e-01	-1.165867e+01
2.444000e-05	-9.396513e-02	-1.140915e+01
2.445000e-05	-8.054028e-02	-1.118672e+01
2.446000e-05	-6.480310e-02	-1.098907e+01
2.447000e-05	-5.614261e-02	-1.077725e+01
2.448000e-05	-4.620099e-02	-1.056921e+01
2.449000e-05	-4.338795e-02	-1.033712e+01
2.450000e-05	-3.779218e-02	-1.011609e+01
2.451000e-05	-3.214459e-02	-9.915560e+00
2.452000e-05	-3.040199e-02	-9.715634e+00
2.453000e-05	-2.564428e-02	-9.453909e+00
2.454000e-05	-2.224245e-02	-9.261881e+00
2.455000e-05	-1.782909e-02	-9.031325e+00
2.456000e-05	-1.739781e-02	-8.798750e+00
2.457000e-05	-1.785187e-02	-8.556643e+00
2.458000e-05	-1.596676e-02	-8.294057e+00
2.459000e-05	-1.553044e-02	-8.052958e+00
2.460000e-05	-1.457301e-02	-7.789326e+00
2.461000e-05	-1.467902e-02	-7.505563e+00
2.462000e-05	-1.084770e-02	-7.295005e+00
2.463000e-05	-1.015652e-02	-6.988300e+00
2.464000e-05	-9.714972e-03	-6.726089e+00
2.465000e-05	-9.995731e-03	-6.465134e+00
2.466000e-05	-9.374115e-03	-6.209326e+00
2.467000e-05	-1.013180e-02	-5.957763e+00
2.468000e-05	-1.094543e-02	-5.704484e+00
2.469000e-05	-1.067125e-02	-5.429322e+00
2.470000e-05	-9.627030e-03	-5.096162e+00
2.471000e-05	-7.023438e-03	-4.779362e+00
2.472000e-05	-6.889717e-03	-4.465686e+00
2.473000e-05	-5.179728e-03	-4.263583e+00
2.474000e-05	-8.827272e-03	-3.990974e+00
2.475000e-05	-6.708631e-03	-3.666262e+00
2.476000e-05	-9.160911e-03	-3.454579e+00
2.477000e-05	-6.754020e-03	-3.138874e+00
2.478000e-05	-8.683574e-03	-2.862081e+00
2.479000e-05	-4.804494e-03	-2.579974e+00
2.480000e-05	-4.863833e-03	-2.306816e+00
2.481000e-05	-4.037092e-03	-1.970501e+00
2.482000e-05	-6.565965e-03	-1.738345e+00
2.483000e-05	-6.027558e-03	-1.434050e+00
2.484000e-05	-4.721694e-03	-1.115738e+00
2.485000e-05	-3.657967e-03	-8.131564e-01
2.486000e-05	-4.142544e-03	-4.853642e-01
2.487000e-05	-4.385081e-03	-2.847356e-01
2.488000e-05	3.882811e-03	2.255534e-02
2.489000e-05	7.268004e-03	3.542146e-01
2.490000e-05	-8.747025e-04	6.268710e-01
2.491000e-05	5.656254e-04	8.405340e-01
2.492000e-05	-4.954180e-04	1.185395e+00
2.493000e-05	2.865778e-03	1.428425e+00
2.494000e-05	-4.191489e-04	1.767297e+00
2.495000e-05	1.560310e-02	1.966867e+00
2.496000e-05	5.668106e-02	2.239429e+00
2.497000e-05	5.323555e-02	2.563917e+00
2.498000e-05	-6.760658e-02	2.964663e+00
2.499000e-05	-4.187746e-02	3.186420e+00
2.500000e-05	-2.170870e-02	3.459555e+00
2.501000e-05	-3.191034e-04	3.733160e+00
2.502000e-05	-6.194466e-02	3.904083e+00
2.503000e-05	2.942028e-02	4.112586e+00
2.504000e-05	7.864616e-02	4.470954e+00
2.505000e-05	-5.711565e-02	4.703085e+00
2.506000e-05	1.313713e-01	4.993744e+00
2.507000e-05	-1.069656e-01	5.394593e+00
2.508000e-05	1.755860e-02	5.598220e+00
2.509000e-05	2.146959e-02	5.880934e+00
2.510000e-05	-2.449915e-02	6.164616e+00
2.511000e-05	3.895779e-02	6.434645e+00
2.512000e-05	-4.740092e-02	6.701534e+00
2.513000e-05	7.666031e-02	6.954197e+00
2.514000e-05	-1.785652e-02	7.238274e+00
2.515000e-05	-1.733967e-02	7.521434e+00
2.516000e-05	-1.243826e-02	7.777121e+00
2.517000e-05	2.353306e-02	8.068730e+00
2.518000e-05	4.404768e-02	8.293505e+00
2.519000e-05	-4.391190e-02	8.533540e+00
2.520000e-05	2.229752e-02	8.784668e+00
2.521000e-05	1.583783e-02	9.006215e+00
2.522000e-05	-4.696905e-04	9.278299e+00
2.523000e-05	-1.328631e-03	9.469875e+00
2.524000e-05	-5.507400e-03	9.721308e+00
2.525000e-05	3.519978e-02	9.922463e+00
2.526000e-05	4.245619e-03	1.014446e+01
2.527000e-05	1.016762e-02	1.040511e+01
2.528000e-05	-1.332032e-02	1.059560e+01
2.529000e-05	1.708940e-02	1.083812e+01
2.530000e-05	1.087620e-02	1.099615e+01
2.531000e-05	-1.392224e-03	1.121567e+01
2.532000e-05	7.492451e-03	1.143617e+01
2.533000e-05	1.728199e-02	1.166907e+01
2.534000e-05	1.866331e-02	1.186822e+01
2.535000e-05	1.995422e-04	1.206820e+01
2.536000e-05	3.904357e-03	1.223657e+01
2.537000e-05	1.111917e-02	1.238702e+01
2.538000e-05	1.443751e-02	1.255449e+01
2.539000e-05	4.498509e-03	1.273188e+01
2.540000e-05	7.143227e-03	1.290133e+01
2.541000e-05	1.566445e-02	1.305020e+01
2.542000e-05	1.747725e-02	1.320662e+01
2.543000e-05	5.119226e-03	1.335549e+01
2.544000e-05	6.388255e-03	1.351341e+01
2.545000e-05	1.319954e-02	1.366770e+01
2.546000e-05	1.720633e-02	1.380654e+01
2.547000e-05	6.542885e-03	1.394226e+01
2.548000e-05	9.774235e-03	1.408883e+01
2.549000e-05	1.515669e-02	1.423787e+01
2.550000e-05	1.805052e-02	1.438236e+01
2.551000e-05	8.090617e-03	1.446918e+01
2.552000e-05	8.622609e-03	1.454539e+01
2.553000e-05	1.682461e-02	1.469920e+01
2.554000e-05	1.668895e-02	1.476444e+01
2.555000e-05	1.344231e-02	1.482823e+01
2.556000e-05	9.165099e-03	1.492183e+01
2.557000e-05	1.850189e-02	1.499554e+01
2.558000e-05	1.495813e-02	1.507967e+01
2.559000e-05	1.364710e-02	1.515179e+01
2.560000e-05	1.124714e-02	1.516444e+01
2.561000e-05	1.801905e-02	1.524770e+01
2.562000e-05	2.017412e-02	1.530225e+01
2.563000e-05	1.450177e-02	1.535181e+01
2.564000e-05	1.604705e-02	1.541597e+01
2.565000e-05	1.732399e-02	1.543909e+01
2.566000e-05	2.197862e-02	1.546815e+01
2.567000e-05	1.643783e-02	1.546960e+01
2.568000e-05	1.832040e-02	1.549178e+01
2.569000e-05	2.007883e-02	1.550226e+01
2.570000e-05	2.208899e-02	1.548274e+01
2.571000e-05	1.950242e-02	1.551181e+01
2.572000e-05	1.832596e-02	1.553331e+01
2.573000e-05	2.384793e-02	1.550126e+01
2.574000e-05	2.494299e-02	1.543920e+01
2.575000e-05	2.648520e-02	1.546075e+01
2.576000e-05	2.328004e-02	1.543655e+01
2.577000e-05	2.756292e-02	1.539597e+01
2.578000e-05	2.727674e-02	1.538284e+01
2.579000e-05	2.800179e-02	1.530333e+01
2.580000e-05	2.788183e-02	1.525958e+01
2.581000e-05	3.181407e-02	1.522907e+01
2.582000e-05	3.449399e-02	1.515396e+01
2.583000e-05	3.610959e-02	1.508075e+01
2.584000e-05	3.848079e-02	1.506861e+01
2.585000e-05	4.222466e-02	1.492294e+01
2.586000e-05	4.884897e-02	1.486120e+01
2.587000e-05	5.302106e-02	1.477594e+01
2.588000e-05	6.207968e-02	1.469237e+01
2.589000e-05	7.140264e-02	1.456552e+01
2.590000e-05	8.514223e-02	1.449981e+01
2.591000e-05	9.797935e-02	1.439654e+01
2.592000e-05	1.171573e-01	1.427175e+01
2.593000e-05	1.437010e-01	1.412384e+01
2.594000e-05	1.715612e-01	1.401797e+01
2.595000e-05	2.046055e-01	1.387025e+01
2.596000e-05	2.294114e-01	1.373384e+01
2.597000e-05	2.478761e-01	1.359857e+01
2.598000e-05	2.499697e-01	1.344130e+01
2.599000e-05	2.500000e-01	1.328233e+01
2.600000e-05	2.500000e-01	1.314491e+01
2.601000e-05	2.500000e-01	1.299710e+01
2.602000e-05	2.500000e-01	1.280977e+01
2.603000e-05	2.445700e-01	1.266086e+01
2.604000e-05	2.264667e-01	1.250386e+01
2.605000e-05	1.952798e-01	1.233236e+01
2.606000e-05	1.670206e-01	1.214744e+01
2.607000e-05	1.376203e-01	1.195544e+01
2.608000e-05	1.154056e-01	1.174417e+01
2.609000e-05	9.641389e-02	1.155406e+01
2.610000e-05	8.109669e-02	1.135399e+01
2.611000e-05	6.490210e-02	1.113649e+01
2.612000e-05	5.488339e-02	1.091504e+01
2.613000e-05	4.616010e-02	1.073402e+01
2.614000e-05	3.701838e-02	1.052499e+01
2.615000e-05	3.032974e-02	1.032438e+01
2.616000e-05	2.544856e-02	1.011296e+01
2.617000e-05	2.282196e-02	9.871350e+00
2.618000e-05	1.852680e-02	9.601346e+00
2.619000e-05	1.375527e-02	9.417745e+00
2.620000e-05	1.266041e-02	9.139141e+00
2.621000e-05	1.057970e-02	8.954967e+00
2.622000e-05	8.949780e-03	8.694905e+00
2.623000e-05	7.040384e-03	8.453032e+00
2.624000e-05	5.975386e-03	8.192870e+00
2.625000e-05	5.892209e-03	7.947746e+00
2.626000e-05	4.738994e-03	7.725164e+00
2.627000e-05	3.028633e-03	7.431395e+00
2.628000e-05	2.955690e-03	7.158716e+00
2.629000e-05	2.736906e-03	6.914566e+00
2.630000e-05	1.322599e-03	6.683452e+00
2.631000e-05	-5.131673e-04	6.358271e+00
2.632000e-05	1.818988e-03	6.106266e+00
2.633000e-05	1.296456e-03	5.843035e+00
2.634000e-05	-1.255407e-03	5.600297e+00
2.635000e-05	-2.304962e-03	5.326665e+00
2.636000e-05	-1.221419e-03	4.957896e+00
2.637000e-05	-4.096015e-04	4.655584e+00
2.638000e-05	-2.016918e-03	4.442504e+00
2.639000e-05	-3.687632e-03	4.158241e+00
2.640000e-05	-2.028252e-03	3.853084e+00
2.641000e-05	-2.849199e-03	3.581375e+00
2.642000e-05	-3.568764e-03	3.344136e+00
2.643000e-05	-4.752472e-03	3.003950e+00
2.644000e-05	-4.197237e-03	2.759271e+00
2.645000e-05	-3.110562e-03	2.454208e+00
2.646000e-05	-3.957933e-03	2.190392e+00
2.647000e-05	-3.894581e-03	1.927840e+00
2.648000e-05	-4.511275e-03	1.580549e+00
2.649000e-05	-4.215178e-03	1.296265e+00
2.650000e-05	-5.123049e-03	9.799204e-01
2.651000e-05	-5.326711e-03	7.048372e-01
2.652000e-05	-5.162698e-03	4.125064e-01
2.653000e-05	-2.540764e-03	9.674352e-02
2.654000e-05	2.532033e-03	-1.358658e-01
2.655000e-05	2.848094e-03	-3.989724e-01
2.656000e-05	-4.146412e-03	-7.132139e-01
2.657000e-05	-3.039019e-03	-9.868444e-01
2.658000e-05	-3.846806e-03	-1.199926e+00
2.659000e-05	-3.950696e-03	-1.473717e+00
2.660000e-05	1.855207e-03	-1.784370e+00
2.661000e-05	4.105452e-02	-1.989395e+00
2.662000e-05	9.130736e-02	-2.239561e+00
2.663000e-05	-7.837393e-02	-2.629401e+00
2.664000e-05	-3.574940e-02	-3.007350e+00
2.665000e-05	-4.747481e-02	-3.312665e+00
2.666000e-05	-1.673500e-02	-3.556372e+00
2.667000e-05	-7.979187e-02	-3.849427e+00
2.668000e-05	1.397241e-01	-4.019946e+00
2.669000e-05	-7.637925e-02	-4.240452e+00
2.670000e-05	2.201340e-02	-4.534115e+00
2.671000e-05	1.138436e-01	-4.787666e+00
2.672000e-05	-1.715800e-01	-5.112030e+00
2.673000e-05	1.032515e-01	-5.386347e+00
2.674000e-05	-1.307894e-01	-5.701880e+00
2.675000e-05	5.944698e-02	-5.975694e+00
2.676000e-05	2.733516e-02	-6.217693e+00
2.677000e-05	-7.490236e-02	-6.522510e+00
2.678000e-05	1.146769e-01	-6.747092e+00
2.679000e-05	-1.106625e-01	-7.058323e+00
2.680000e-05	3.907048e-02	-7.351588e+00
2.681000e-05	-4.738853e-02	-7.566109e+00
2.682000e-05	-1.445408e-02	-7.890855e+00
2.683000e-05	6.522656e-02	-8.112983e+00
2.684000e-05	-9.570779e-02	-8.364667e+00
2.685000e-05	9.548599e-02	-8.637274e+00
2.686000e-05	-9.901792e-02	-8.880828e+00
2.687000e-05	3.784343e-02	-9.143062e+00
2.688000e-05	-4.121949e-02	-9.311454e+00
2.689000e-05	-5.379501e-03	-9.584643e+00
2.690000e-05	2.286535e-02	-9.774668e+00
2.691000e-05	-4.584498e-02	-1.003820e+01
2.692000e-05	4.007373e-02	-1.022775e+01
2.693000e-05	-6.873969e-02	-1.043985e+01
2.694000e-05	3.578370e-02	-1.066138e+01
2.695000e-05	-5.908158e-02	-1.085980e+01
2.696000e-05	2.269298e-02	-1.110238e+01
2.697000e-05	-3.127695e-02	-1.126880e+01
2.698000e-05	8.620503e-03	-1.150183e+01
2.699000e-05	-1.897818e-02	-1.171088e+01
2.700000e-05	-1.227875e-02	-1.192293e+01
2.701000e-05	-1.433571e-02	-1.209293e+01
2.702000e-05	-2.269305e-02	-1.230086e+01
2.703000e-05	-1.130776e-04	-1.249080e+01
2.704000e-05	-2.781729e-02	-1.266830e+01
2.705000e-05	3.271980e-03	-1.281907e+01
2.706000e-05	-2.926673e-02	-1.296554e+01
2.707000e-05	3.522756e-03	-1.317504e+01
2.708000e-05	-3.263355e-02	-1.329933e+01
2.709000e-05	-4.941092e-03	-1.344918e+01
2.710000e-05	-2.498939e-02	-1.355489e+01
2.711000e-05	-8.649359e-03	-1.373343e+01
2.712000e-05	-2.032363e-02	-1.391922e+01
2.713000e-05	-1.595018e-02	-1.400409e+01
2.714000e-05	-1.419211e-02	-1.415236e+01
2.715000e-05	-1.605159e-02	-1.429028e+01
2.716000e-05	-1.747642e-02	-1.435349e+01
2.717000e-05	-2.085139e-02	-1.451121e+01
2.718000e-05	-1.524641e-02	-1.464660e+01
2.719000e-05	-1.898613e-02	-1.470086e+01
2.720000e-05	-1.922611e-02	-1.477607e+01
2.721000e-05	-2.136330e-02	-1.489975e+01
2.722000e-05	-1.754304e-02	-1.497249e+01
2.723000e-05	-2.132824e-02	-1.501920e+01
2.724000e-05	-1.954103e-02	-1.510088e+01
2.725000e-05	-2.324087e-02	-1.515447e+01
2.726000e-05	-1.773806e-02	-1.520810e+01
2.727000e-05	-2.271644e-02	-1.532073e+01
2.728000e-05	-2.228286e-02	-1.538443e+01
2.729000e-05	-2.459409e-02	-1.536604e+01
2.730000e-05	-2.199802e-02	-1.542764e+01
2.731000e-05	-2.310592e-02	-1.547875e+01
2.732000e-05	-2.434604e-02	-1.549081e+01
2.733000e-05	-2.415195e-02	-1.549190e+01
2.734000e-05	-2.469957e-02	-1.554441e+01
2.735000e-05	-2.572945e-02	-1.555441e+01
2.736000e-05	-2.819567e-02	-1.556491e+01
2.737000e-05	-2.815907e-02	-1.554541e+01
2.738000e-05	-2.759912e-02	-1.555439e+01
2.739000e-05	-2.837956e-02	-1.556246e+01
2.740000e-05	-3.001049e-02	-1.548186e+01
2.741000e-05	-3.192980e-02	-1.547085e+01
2.742000e-05	-3.177475e-02	-1.543080e+01
2.743000e-05	-3.240328e-02	-1.542860e+01
2.744000e-05	-3.524072e-02	-1.537604e+01
2.745000e-05	-3.580732e-02	-1.534401e+01
2.746000e-05	-3.610026e-02	-1.526125e+01
2.747000e-05	-3.678142e-02	-1.522919e+01
2.748000e-05	-4.122598e-02	-1.516592e+01
2.749000e-05	-4.466269e-02	-1.512183e+01
2.750000e-05	-4.666430e-02	-1.503867e+01
2.751000e-05	-4.989470e-02	-1.494494e+01
2.752000e-05	-5.618955e-02	-1.488877e+01
2.753000e-05	-6.139230e-02	-1.476657e+01
2.754000e-05	-6.929758e-02	-1.469328e+01
2.755000e-05	-7.819968e-02	-1.461857e+01
2.756000e-05	-9.313137e-02	-1.452241e+01
2.757000e-05	-1.081225e-01	-1.440549e+01
2.758000e-05	-1.254304e-01	-1.426178e+01
2.759000e-05	-1.503983e-01	-1.410698e+01
2.760000e-05	-1.819016e-01	-1.402754e+01
2.761000e-05	-2.122536e-01	-1.389326e+01
2.762000e-05	-2.352072e-01	-1.372504e+01
2.763000e-05	-2.494133e-01	-1.359809e+01
2.764000e-05	-2.499967e-01	-1.348025e+01
2.765000e-05	-2.500000e-01	-1.329396e+01
2.766000e-05	-2.500000e-01	-1.315596e+01
2.767000e-05	-2.500000e-01	-1.300080e+01
2.768000e-05	-2.500000e-01	-1.286030e+01
2.769000e-05	-2.467845e-01	-1.268128e+01
2.770000e-05	-2.292622e-01	-1.248454e+01
2.771000e-05	-2.010826e-01	-1.236556e+01
2.772000e-05	-1.728304e-01	-1.217515e+01
2.773000e-05	-1.444201e-01	-1.196506e+01
2.774000e-05	-1.211371e-01	-1.174562e+01
2.775000e-05	-1.014575e-01	-1.156296e+01
2.776000e-05	-8.958848e-02	-1.130401e+01
2.777000e-05	-7.487211e-02	-1.110141e+01
2.778000e-05	-6.283671e-02	-1.090353e+01
2.779000e-05	-5.358809e-02	-1.070456e+01
2.780000e-05	-4.561576e-02	-1.049504e+01
2.781000e-05	-3.828249e-02	-1.031191e+01
2.782000e-05	-3.176813e-02	-1.005236e+01
2.783000e-05	-3.014675e-02	-9.829929e+00
2.784000e-05	-2.738196e-02	-9.652305e+00
2.785000e-05	-2.490057e-02	-9.418718e+00
2.786000e-05	-2.206395e-02	-9.127618e+00
2.787000e-05	-1.957889e-02	-8.947086e+00
2.788000e-05	-1.900343e-02	-8.704480e+00
2.789000e-05	-1.566127e-02	-8.441855e+00
2.790000e-05	-1.478218e-02	-8.210401e+00
2.791000e-05	-1.365034e-02	-7.947715e+00
2.792000e-05	-1.346437e-02	-7.692959e+00
2.793000e-05	-1.327111e-02	-7.398397e+00
2.794000e-05	-1.105440e-02	-7.147696e+00
2.795000e-05	-1.211010e-02	-6.915535e+00
2.796000e-05	-1.077713e-02	-6.650428e+00
2.797000e-05	-1.053672e-02	-6.369872e+00
2.798000e-05	-8.541232e-03	-6.114665e+00
2.799000e-05	-1.080925e-02	-5.842408e+00
2.800000e-05	-8.995419e-03	-5.592342e+00
2.801000e-05	-9.281304e-03	-5.273136e+00
2.802000e-05	-7.845338e-03	-4.969672e+00
2.803000e-05	-8.353364e-03	-4.653379e+00
2.804000e-05	-6.990056e-03	-4.410380e+00
2.805000e-05	-6.981508e-03	-4.168317e+00
2.806000e-05	-7.722002e-03	-3.886588e+00
2.807000e-05	-8.026442e-03	-3.590404e+00
2.808000e-05	-8.457860e-03	-3.335288e+00
2.809000e-05	-6.368515e-03	-3.002026e+00
2.810000e-05	-5.561237e-03	-2.727341e+00
2.811000e-05	-5.194579e-03	-2.434682e+00
2.812000e-05	-5.089329e-03	-2.170925e+00
2.813000e-05	-6.176020e-03	-1.895286e+00
2.814000e-05	-5.114298e-03	-1.643605e+00
2.815000e-05	-6.476637e-03	-1.255807e+00
2.816000e-05	-6.234875e-03	-9.605499e-01
2.817000e-05	-4.189607e-03	-7.173194e-01
2.818000e-05	-3.761727e-03	-4.220500e-01
2.819000e-05	-1.700859e-03	-1.479435e-01
2.820000e-05	7.286464e-03	1.452658e-01
2.821000e-05	-4.922124e-04	4.585040e-01
2.822000e-05	2.249217e-03	6.631855e-01
2.823000e-05	-1.822038e-03	9.752921e-01
2.824000e-05	1.401232e-03	1.269531e+00
2.825000e-05	1.707637e-04	1.565743e+00
2.826000e-05	5.351020e-03	1.860507e+00
2.827000e-05	2.462133e-02	2.042005e+00
2.828000e-05	8.065922e-02	2.365667e+00
2.829000e-05	-1.184126e-02	2.724739e+00
2.830000e-05	-5.727144e-02	3.068955e+00
2.831000e-05	-4.094830e-02	3.321032e+00
2.832000e-05	1.275469e-03	3.586870e+00
2.833000e-05	-3.046660e-02	3.828347e+00
2.834000e-05	-4.628594e-02	3.997773e+00
2.835000e-05	9.284617e-02	4.267474e+00
2.836000e-05	-1.400762e-02	4.617191e+00
2.837000e-05	3.545608e-02	4.805920e+00
2.838000e-05	5.169790e-02	5.112087e+00
2.839000e-05	-1.024770e-01	5.471478e+00
2.840000e-05	6.421694e-02	5.742528e+00
2.841000e-05	-2.519062e-02	6.018777e+00
2.842000e-05	2.230297e-02	6.219450e+00
2.843000e-05	-6.092675e-03	6.502011e+00
2.844000e-05	-7.419901e-03	6.808748e+00
2.845000e-05	6.773587e-02	7.079928e+00
2.846000e-05	-4.768922e-02	7.382034e+00
2.847000e-05	1.426094e-03	7.608822e+00
2.848000e-05	-1.760440e-02	7.900380e+00
2.849000e-05	5.804642e-02	8.165592e+00
2.850000e-05	6.687084e-03	8.417245e+00
2.851000e-05	-3.746859e-02	8.627270e+00
2.852000e-05	4.411998e-02	8.887931e+00
2.853000e-05	-1.461792e-02	9.102429e+00
2.854000e-05	1.782303e-02	9.332509e+00
2.855000e-05	-2.435715e-02	9.535113e+00
2.856000e-05	2.937582e-02	9.837096e+00
2.857000e-05	1.752932e-02	1.007725e+01
2.858000e-05	1.035291e-02	1.024917e+01
2.859000e-05	1.513426e-03	1.047927e+01
2.860000e-05	-1.236178e-02	1.069823e+01
2.861000e-05	2.936103e-02	1.087133e+01
2.862000e-05	-9.442725e-03	1.105880e+01
2.863000e-05	1.369362e-02	1.127028e+01
2.864000e-05	2.592803e-04	1.151028e+01
2.865000e-05	3.098320e-02	1.174296e+01
2.866000e-05	2.099713e-03	1.193293e+01
2.867000e-05	6.751977e-03	1.211138e+01
2.868000e-05	2.964299e-03	1.230025e+01
2.869000e-05	1.389739e-02	1.250073e+01
2.870000e-05	1.186695e-02	1.263718e+01
2.871000e-05	1.116285e-03	1.279659e+01
2.872000e-05	1.574980e-02	1.293404e+01
2.873000e-05	1.157933e-02	1.316184e+01
2.874000e-05	1.825810e-02	1.330025e+01
2.875000e-05	-1.291816e-03	1.342712e+01
2.876000e-05	1.423805e-02	1.358496e+01
2.877000e-05	1.154367e-02	1.372131e+01
2.878000e-05	1.419537e-02	1.385112e+01
2.879000e-05	4.904776e-03	1.399594e+01
2.880000e-05	1.164974e-02	1.416233e+01
2.881000e-05	1.855914e-02	1.427813e+01
2.882000e-05	1.144313e-02	1.439547e+01
2.883000e-05	9.451998e-03	1.448181e+01
2.884000e-05	1.081756e-02	1.458556e+01
2.885000e-05	2.073992e-02	1.471228e+01
2.886000e-05	1.161525e-02	1.482504e+01
2.887000e-05	1.045869e-02	1.485923e+01
2.888000e-05	1.287528e-02	1.496291e+01
2.889000e-05	1.909414e-02	1.502754e+01
2.890000e-05	1.485597e-02	1.509925e+01
2.891000e-05	1.032100e-02	1.516286e+01
2.892000e-05	1.521696e-02	1.521642e+01
2.893000e-05	2.024521e-02	1.526970e+01
2.894000e-05	1.811274e-02	1.532228e+01
2.895000e-05	1.169797e-02	1.538544e+01
2.896000e-05	1.699469e-02	1.540707e+01
2.897000e-05	2.067348e-02	1.548817e+01
2.898000e-05	2.020481e-02	1.548020e+01
2.899000e-05	1.546044e-02	1.548918e+01
2.900000e-05	1.815528e-02	1.550175e+01
2.901000e-05	2.350216e-02	1.551133e+01
2.902000e-05	2.023770e-02	1.552328e+01
2.903000e-05	1.969514e-02	1.556336e+01
2.904000e-05	2.004730e-02	1.551128e+01
2.905000e-05	2.674869e-02	1.547171e+01
2.906000e-05	2.386504e-02	1.549068e+01
2.907000e-05	2.429558e-02	1.545020e+01
2.908000e-05	2.450185e-02	1.542915e+01
2.909000e-05	2.937417e-02	1.539609e+01
2.910000e-05	2.954883e-02	1.535551e+01
2.911000e-05	2.571403e-02	1.531031e+01
2.912000e-05	3.027482e-02	1.525868e+01
2.913000e-05	3.264509e-02	1.514599e+01
2.914000e-05	3.709446e-02	1.511334e+01
2.915000e-05	3.501202e-02	1.506973e+01
2.916000e-05	3.953769e-02	1.497504e+01
2.917000e-05	4.719891e-02	1.492178e+01
2.918000e-05	5.144369e-02	1.482872e+01
2.919000e-05	5.531568e-02	1.477386e+01
2.920000e-05	6.459887e-02	1.463715e+01
2.921000e-05	7.772043e-02	1.453444e+01
2.922000e-05	8.982238e-02	1.442867e+01
2.923000e-05	1.038793e-01	1.435189e+01
2.924000e-05	1.263289e-01	1.422802e+01
2.925000e-05	1.552144e-01	1.405073e+01
2.926000e-05	1.863304e-01	1.394694e+01
2.927000e-05	2.155563e-01	1.381707e+01
2.928000e-05	2.382691e-01	1.365125e+01
2.929000e-05	2.496769e-01	1.354344e+01
2.930000e-05	2.499989e-01	1.335762e+01
2.931000e-05	2.500000e-01	1.324825e+01
2.932000e-05	2.500000e-01	1.308185e+01
2.933000e-05	2.500000e-01	1.290348e+01
2.934000e-05	2.494000e-01	1.273606e+01
2.935000e-05	2.391891e-01	1.259775e+01
2.936000e-05	2.137059e-01	1.241920e+01
2.937000e-05	1.844285e-01	1.224127e+01
2.938000e-05	1.558519e-01	1.208038e+01
2.939000e-05	1.272791e-01	1.186380e+01
2.940000e-05	1.076469e-01	1.169080e+01
2.941000e-05	8.737864e-02	1.147033e+01
2.942000e-05	7.637180e-02	1.126133e+01
2.943000e-05	5.886542e-02	1.103133e+01
2.944000e-05	5.098741e-02	1.086288e+01
2.945000e-05	4.419195e-02	1.065235e+01
2.946000e-05	3.602116e-02	1.039182e+01
2.947000e-05	2.812724e-02	1.018977e+01
2.948000e-05	2.325219e-02	9.991295e+00
2.949000e-05	1.892086e-02	9.736169e+00
2.950000e-05	1.483796e-02	9.494486e+00
2.951000e-05	1.219843e-02	9.336562e+00
2.952000e-05	1.237585e-02	9.062505e+00
2.953000e-05	1.159011e-02	8.850300e+00
2.954000e-05	1.045405e-02	8.597772e+00
2.955000e-05	8.825576e-03	8.367744e+00
2.956000e-05	4.354383e-03	8.127562e+00
2.957000e-05	3.848598e-03	7.843880e+00
2.958000e-05	2.647822e-04	7.600848e+00
2.959000e-05	2.728776e-03	7.325088e+00
2.960000e-05	8.483204e-04	7.053453e+00
2.961000e-05	3.990786e-03	6.811880e+00
2.962000e-05	2.761394e-03	6.526767e+00
2.963000e-05	2.412555e-03	6.283030e+00
2.964000e-05	3.926608e-04	6.032480e+00
2.965000e-05	-4.800521e-04	5.786716e+00
2.966000e-05	-1.386075e-03	5.483634e+00
2.967000e-05	-3.876990e-03	5.210875e+00
2.968000e-05	-1.947668e-03	4.835483e+00
2.969000e-05	-1.498504e-03	4.548847e+00
2.970000e-05	1.045941e-03	4.337609e+00
2.971000e-05	-2.118880e-03	4.022403e+00
2.972000e-05	-3.569570e-03	3.717791e+00
2.973000e-05	-3.063637e-03	3.485591e+00
2.974000e-05	-2.082747e-03	3.159900e+00
2.975000e-05	-5.652861e-03	2.925740e+00
2.976000e-05	-5.330480e-03	2.643608e+00
2.977000e-05	-3.411552e-03	2.366242e+00
2.978000e-05	-2.095233e-03	2.073684e+00
2.979000e-05	-3.646338e-03	1.809473e+00
2.980000e-05	-5.246861e-03	1.496209e+00
2.981000e-05	-4.818465e-03	1.221976e+00
2.982000e-05	-4.051014e-03	8.441566e-01
2.983000e-05	-5.688741e-03	5.699724e-01
2.984000e-05	-5.207085e-03	3.172898e-01
2.985000e-05	-2.341561e-03	-9.926062e-03
2.986000e-05	7.539522e-03	-2.707102e-01
2.987000e-05	-4.188351e-03	-4.952093e-01
2.988000e-05	7.858198e-04	-8.199761e-01
2.989000e-05	-7.013466e-03	-1.070558e+00
2.990000e-05	-1.608413e-03	-1.373818e+00
2.991000e-05	-6.002620e-03	-1.610453e+00
2.992000e-05	1.346241e-02	-1.852085e+00
2.993000e-05	7.569084e-02	-2.060054e+00
2.994000e-05	2.563066e-02	-2.408450e+00
2.995000e-05	-7.670425e-02	-2.756766e+00
2.996000e-05	-3.465297e-02	-3.186217e+00
2.997000e-05	-3.085442e-02	-3.419000e+00
2.998000e-05	-4.604788e-02	-3.630030e+00
2.999000e-05	-1.719348e-02	-3.935659e+00
3.000000e-05	1.308926e-01	-4.084035e+00
3.001000e-05	-1.580438e-01	-4.355295e+00
3.002000e-05	1.789940e-01	-4.659852e+00
3.003000e-05	-6.460295e-02	-4.900980e+00
3.004000e-05	-5.976136e-02	-5.249402e+00
3.005000e-05	5.361088e-02	-5.482085e+00
3.006000e-05	-1.372178e-01	-5.797246e+00
3.007000e-05	1.423674e-01	-6.080330e+00
3.008000e-05	-9.133136e-02	-6.332532e+00
3.009000e-05	4.086514e-02	-6.627219e+00
3.010000e-05	3.453676e-02	-6.879401e+00
3.011000e-05	-9.653111e-02	-7.196640e+00
3.012000e-05	6.402101e-02	-7.458794e+00
3.013000e-05	-1.073038e-01	-7.691454e+00
3.014000e-05	8.526382e-02	-7.997169e+00
3.015000e-05	-4.074605e-02	-8.207300e+00
3.016000e-05	-1.130740e-02	-8.460376e+00
3.017000e-05	4.461590e-02	-8.681383e+00
3.018000e-05	-9.336961e-02	-9.005618e+00
3.019000e-05	6.618263e-02	-9.176694e+00
3.020000e-05	-9.345939e-02	-9.426671e+00
3.021000e-05	6.688402e-02	-9.691329e+00
3.022000e-05	-4.982736e-02	-9.849901e+00
3.023000e-05	2.051020e-02	-1.014190e+01
3.024000e-05	-2.196476e-02	-1.028193e+01
3.025000e-05	-2.425361e-02	-1.058603e+01
3.026000e-05	8.787275e-03	-1.074404e+01
3.027000e-05	-4.500374e-02	-1.098401e+01
3.028000e-05	2.344878e-02	-1.116502e+01
3.029000e-05	-3.849648e-02	-1.141364e+01
3.030000e-05	2.394189e-02	-1.164504e+01
3.031000e-05	-4.327961e-02	-1.177550e+01
3.032000e-05	8.894334e-03	-1.199865e+01
3.033000e-05	-3.559346e-02	-1.218664e+01
3.034000e-05	3.690780e-03	-1.239554e+01
3.035000e-05	-2.521780e-02	-1.253296e+01
3.036000e-05	-7.403284e-03	-1.275331e+01
3.037000e-05	-1.213761e-02	-1.286026e+01
3.038000e-05	-1.328656e-02	-1.303820e+01
3.039000e-05	-8.938653e-03	-1.319560e+01
3.040000e-05	-2.868847e-02	-1.333451e+01
3.041000e-05	-4.904087e-03	-1.349136e+01
3.042000e-05	-2.614224e-02	-1.364765e+01
3.043000e-05	-6.857512e-03	-1.381509e+01
3.044000e-05	-2.680290e-02	-1.395288e+01
3.045000e-05	-7.974104e-03	-1.407775e+01
3.046000e-05	-1.837422e-02	-1.417256e+01
3.047000e-05	-1.375646e-02	-1.429133e+01
3.048000e-05	-2.204185e-02	-1.443807e+01
3.049000e-05	-1.661706e-02	-1.457346e+01
3.050000e-05	-1.790487e-02	-1.461918e+01
3.051000e-05	-1.818161e-02	-1.472379e+01
3.052000e-05	-2.202023e-02	-1.484710e+01
3.053000e-05	-1.807044e-02	-1.491136e+01
3.054000e-05	-1.862711e-02	-1.498499e+01
3.055000e-05	-1.918681e-02	-1.506875e+01
3.056000e-05	-2.249996e-02	-1.514246e+01
3.057000e-05	-2.093884e-02	-1.520702e+01
3.058000e-05	-1.925909e-02	-1.522867e+01
3.059000e-05	-2.379506e-02	-1.533173e+01
3.060000e-05	-2.296546e-02	-1.537484e+01
3.061000e-05	-2.566511e-02	-1.537604e+01
3.062000e-05	-2.098854e-02	-1.544868e+01
3.063000e-05	-2.438617e-02	-1.546073e+01
3.064000e-05	-2.414530e-02	-1.550278e+01
3.065000e-05	-2.508266e-02	-1.549233e+01
3.066000e-05	-2.334025e-02	-1.555394e+01
3.067000e-05	-2.657685e-02	-1.558486e+01
3.068000e-05	-2.841721e-02	-1.555541e+01
3.069000e-05	-2.925335e-02	-1.556291e+01
3.070000e-05	-2.748843e-02	-1.553288e+01
3.071000e-05	-2.887294e-02	-1.557286e+01
3.072000e-05	-3.076890e-02	-1.552091e+01
3.073000e-05	-3.224218e-02	-1.545128e+01
3.074000e-05	-3.254279e-02	-1.544825e+01
3.075000e-05	-3.354007e-02	-1.543659e+01
3.076000e-05	-3.578682e-02	-1.537549e+01
3.077000e-05	-3.653775e-02	-1.532376e+01
3.078000e-05	-3.691236e-02	-1.528017e+01
3.079000e-05	-3.826246e-02	-1.518697e+01
3.080000e-05	-4.287837e-02	-1.514444e+01
3.081000e-05	-4.533235e-02	-1.507030e+01
3.082000e-05	-4.876716e-02	-1.497867e+01
3.083000e-05	-5.207843e-02	-1.490491e+01
3.084000e-05	-5.711549e-02	-1.485867e+01
3.085000e-05	-6.398691e-02	-1.475399e+01
3.086000e-05	-7.172412e-02	-1.466033e+01
3.087000e-05	-8.341460e-02	-1.456504e+01
3.088000e-05	-9.858918e-02	-1.446021e+01
3.089000e-05	-1.152645e-01	-1.433384e+01
3.090000e-05	-1.360698e-01	-1.420909e+01
3.091000e-05	-1.610374e-01	-1.410228e+01
3.092000e-05	-1.924623e-01	-1.398542e+01
3.093000e-05	-2.239403e-01	-1.387972e+01
3.094000e-05	-2.434515e-01	-1.366126e+01
3.095000e-05	-2.499092e-01	-1.351591e+01
3.096000e-05	-2.500000e-01	-1.339864e+01
3.097000e-05	-2.500000e-01	-1.324772e+01
3.098000e-05	-2.500000e-01	-1.307341e+01
3.099000e-05	-2.500000e-01	-1.293601e+01
3.100000e-05	-2.497000e-01	-1.278664e+01
3.101000e-05	-2.425000e-01	-1.259875e+01
3.102000e-05	-2.199075e-01	-1.247078e+01
3.103000e-05	-1.895635e-01	-1.225280e+01
3.104000e-05	-1.605436e-01	-1.208393e+01
3.105000e-05	-1.352451e-01	-1.190238e+01
3.106000e-05	-1.140925e-01	-1.168481e+01
3.107000e-05	-9.625286e-02	-1.144228e+01
3.108000e-05	-8.100707e-02	-1.124023e+01
3.109000e-05	-6.885082e-02	-1.102932e+01
3.110000e-05	-5.871420e-02	-1.083030e+01
3.111000e-05	-5.010602e-02	-1.062073e+01
3.112000e-05	-4.297334e-02	-1.039022e+01
3.113000e-05	-3.773557e-02	-1.018872e+01
3.114000e-05	-3.232435e-02	-9.937118e+00
3.115000e-05	-2.899315e-02	-9.776218e+00
3.116000e-05	-2.508518e-02	-9.515489e+00
3.117000e-05	-2.319094e-02	-9.322486e+00
3.118000e-05	-2.019040e-02	-9.041980e+00
3.119000e-05	-1.960070e-02	-8.853856e+00
3.120000e-05	-1.752806e-02	-8.598299e+00
3.121000e-05	-1.583751e-02	-8.337192e+00
3.122000e-05	-1.534404e-02	-8.125714e+00
3.123000e-05	-1.456736e-02	-7.892455e+00
3.124000e-05	-1.379132e-02	-7.568721e+00
3.125000e-05	-1.176548e-02	-7.304638e+00
3.126000e-05	-1.093176e-02	-7.010907e+00
3.127000e-05	-1.041453e-02	-6.750243e+00
3.128000e-05	-1.152312e-02	-6.527168e+00
3.129000e-05	-9.477161e-03	-6.263585e+00
3.130000e-05	-9.490082e-03	-5.981426e+00
3.131000e-05	-9.896339e-03	-5.735792e+00
3.132000e-05	-8.760823e-03	-5.426153e+00
3.133000e-05	-8.720586e-03	-5.157820e+00
3.134000e-05	-8.065622e-03	-4.851471e+00
3.135000e-05	-8.973738e-03	-4.528794e+00
3.136000e-05	-6.773784e-03	-4.295237e+00
3.137000e-05	-6.471514e-03	-4.092555e+00
3.138000e-05	-6.095180e-03	-3.787866e+00
3.139000e-05	-1.009396e-02	-3.524212e+00
3.140000e-05	-7.604186e-03	-3.191454e+00
3.141000e-05	-6.249098e-03	-2.877287e+00
3.142000e-05	-5.242899e-03	-2.663080e+00
3.143000e-05	-7.117963e-03	-2.370423e+00
3.144000e-05	-6.372517e-03	-2.073658e+00
3.145000e-05	-5.048539e-03	-1.791425e+00
3.146000e-05	-4.870009e-03	-1.458215e+00
3.147000e-05	-6.851885e-03	-1.178846e+00
3.148000e-05	-6.213126e-03	-8.647106e-01
3.149000e-05	-3.415770e-03	-5.704726e-01
3.150000e-05	-2.799892e-03	-2.862658e-01
3.151000e-05	1.347641e-03	-3.218022e-02
3.152000e-05	7.374662e-03	2.626852e-01
3.153000e-05	-2.902034e-03	5.457432e-01
3.154000e-05	3.291648e-03	8.283671e-01
3.155000e-05	-2.734477e-03	1.111135e+00
3.156000e-05	3.126875e-03	1.375817e+00
3.157000e-05	-1.768186e-03	1.694036e+00
3.158000e-05	1.421116e-02	1.954142e+00
3.159000e-05	4.204406e-02	2.176241e+00
3.160000e-05	7.550016e-02	2.561608e+00
3.161000e-05	-6.093320e-02	2.863006e+00
3.162000e-05	-4.283924e-02	3.154189e+00
3.163000e-05	-3.237004e-02	3.388343e+00
3.164000e-05	6.064890e-03	3.672479e+00
3.165000e-05	-5.826673e-02	3.892936e+00
3.166000e-05	-3.569674e-03	4.100430e+00
3.167000e-05	1.070787e-01	4.374690e+00
3.168000e-05	-7.008253e-02	4.681531e+00
3.169000e-05	1.265314e-01	4.932003e+00
3.170000e-05	-6.684496e-02	5.342483e+00
3.171000e-05	-2.474103e-02	5.537168e+00
3.172000e-05	4.501228e-02	5.846249e+00
3.173000e-05	-4.025359e-02	6.102533e+00
3.174000e-05	4.799220e-02	6.383588e+00
3.175000e-05	-4.387043e-02	6.619346e+00
3.176000e-05	5.635764e-02	6.942459e+00
3.177000e-05	1.378434e-02	7.183572e+00
3.178000e-05	-3.244266e-02	7.477302e+00
3.179000e-05	-3.293903e-03	7.742533e+00
3.180000e-05	2.553806e-03	8.008173e+00
3.181000e-05	5.534996e-02	8.270777e+00
3.182000e-05	-3.260135e-02	8.511406e+00
3.183000e-05	2.572652e-03	8.700429e+00
3.184000e-05	3.298777e-02	8.954138e+00
3.185000e-05	-1.409898e-02	9.177665e+00
3.186000e-05	1.121203e-02	9.437743e+00
3.187000e-05	-1.828561e-02	9.699772e+00
3.188000e-05	4.142686e-02	9.900352e+00
3.189000e-05	3.773254e-03	1.013038e+01
3.190000e-05	1.117954e-02	1.037336e+01
3.191000e-05	-8.263502e-03	1.054314e+01
3.192000e-05	6.247600e-03	1.076501e+01
3.193000e-05	2.125014e-02	1.097454e+01
3.194000e-05	-1.053301e-02	1.123554e+01
3.195000e-05	1.514234e-02	1.140351e+01
3.196000e-05	8.030147e-03	1.162812e+01
3.197000e-05	2.617453e-02	1.181912e+01
3.198000e-05	-4.269362e-03	1.201657e+01
3.199000e-05	6.845628e-03	1.216557e+01
3.200000e-05	8.162239e-03	1.243696e+01
3.201000e-05	1.446374e-02	1.254196e+01
3.202000e-05	7.092559e-03	1.273193e+01
3.203000e-05	3.325644e-03	1.288920e+01
3.204000e-05	1.750074e-02	1.304665e+01
3.205000e-05	1.301337e-02	1.319344e+01
3.206000e-05	9.795636e-03	1.331433e+01
3.207000e-05	2.760782e-03	1.348025e+01
3.208000e-05	1.517991e-02	1.367757e+01
3.209000e-05	1.560773e-02	1.376493e+01
3.210000e-05	8.336419e-03	1.390888e+01
3.211000e-05	8.290032e-03	1.400947e+01
3.212000e-05	1.317640e-02	1.420949e+01
3.213000e-05	1.897750e-02	1.436184e+01
3.214000e-05	6.851567e-03	1.445710e+01
3.215000e-05	9.175549e-03	1.455181e+01
3.216000e-05	1.557662e-02	1.462762e+01
3.217000e-05	1.893435e-02	1.476243e+01
3.218000e-05	1.276112e-02	1.482753e+01
3.219000e-05	8.796244e-03	1.490130e+01
3.220000e-05	1.747067e-02	1.499696e+01
3.221000e-05	1.640886e-02	1.507865e+01
3.222000e-05	1.572266e-02	1.512188e+01
3.223000e-05	9.872492e-03	1.518347e+01
3.224000e-05	1.655848e-02	1.526810e+01
3.225000e-05	1.939973e-02	1.528915e+01
3.226000e-05	1.668555e-02	1.532376e+01
3.227000e-05	1.388771e-02	1.535501e+01
3.228000e-05	1.794878e-02	1.541667e+01
3.229000e-05	2.284494e-02	1.544117e+01
3.230000e-05	1.755172e-02	1.543070e+01
3.231000e-05	1.731893e-02	1.550173e+01
3.232000e-05	1.891071e-02	1.551035e+01
3.233000e-05	2.227766e-02	1.552183e+01
3.234000e-05	1.991272e-02	1.550229e+01
3.235000e-05	1.946129e-02	1.554333e+01
3.236000e-05	2.228859e-02	1.551082e+01
3.237000e-05	2.538597e-02	1.550220e+01
3.238000e-05	2.684784e-02	1.543170e+01
3.239000e-05	2.309811e-02	1.546922e+01
3.240000e-05	2.713957e-02	1.538607e+01
3.241000e-05	2.716847e-02	1.540586e+01
3.242000e-05	2.964160e-02	1.532230e+01
3.243000e-05	2.673498e-02	1.530020e+01
3.244000e-05	3.027820e-02	1.519860e+01
3.245000e-05	3.456960e-02	1.518249e+01
3.246000e-05	3.711289e-02	1.508233e+01
3.247000e-05	3.792119e-02	1.504912e+01
3.248000e-05	4.026874e-02	1.498509e+01
3.249000e-05	4.814898e-02	1.483968e+01
3.250000e-05	5.401326e-02	1.481704e+01
3.251000e-05	6.061235e-02	1.465283e+01
3.252000e-05	6.764037e-02	1.462604e+01
3.253000e-05	8.190333e-02	1.448284e+01
3.254000e-05	9.601266e-02	1.439644e+01
3.255000e-05	1.129304e-01	1.430323e+01
3.256000e-05	1.350556e-01	1.414591e+01
3.257000e-05	1.664144e-01	1.402857e+01
3.258000e-05	1.973810e-01	1.387235e+01
3.259000e-05	2.268995e-01	1.376454e+01
3.260000e-05	2.437556e-01	1.362662e+01
3.261000e-05	2.499389e-01	1.349180e+01
3.262000e-05	2.499990e-01	1.332396e+01
3.263000e-05	2.500000e-01	1.316612e+01
3.264000e-05	2.500000e-01	1.302912e+01
3.265000e-05	2.500000e-01	1.285075e+01
3.266000e-05	2.469000e-01	1.268283e+01
3.267000e-05	2.306577e-01	1.252456e+01
3.268000e-05	2.006018e-01	1.234597e+01
3.269000e-05	1.731931e-01	1.216669e+01
3.270000e-05	1.458942e-01	1.200767e+01
3.271000e-05	1.217756e-01	1.176822e+01
3.272000e-05	9.877936e-02	1.155564e+01
3.273000e-05	8.260374e-02	1.135712e+01
3.274000e-05	6.883925e-02	1.116614e+01
3.275000e-05	5.419485e-02	1.099714e+01
3.276000e-05	4.617784e-02	1.074769e+01
3.277000e-05	3.882463e-02	1.054559e+01
3.278000e-05	3.463916e-02	1.031607e+01
3.279000e-05	2.661230e-02	1.013609e+01
3.280000e-05	2.173389e-02	9.842483e+00
3.281000e-05	1.912105e-02	9.642024e+00
3.282000e-05	1.547163e-02	9.430328e+00
3.283000e-05	1.324901e-02	9.240749e+00
3.284000e-05	8.891396e-03	8.977718e+00
3.285000e-05	9.877595e-03	8.716613e+00
3.286000e-05	8.359436e-03	8.514562e+00
3.287000e-05	7.161381e-03	8.283007e+00
3.288000e-05	4.592050e-03	8.009877e+00
3.289000e-05	4.783475e-03	7.766720e+00
3.290000e-05	4.126075e-03	7.495509e+00
3.291000e-05	2.734746e-03	7.191399e+00
3.292000e-05	1.461201e-03	6.969767e+00
3.293000e-05	3.238023e-05	6.676586e+00
3.294000e-05	4.892330e-04	6.442403e+00
3.295000e-05	7.912318e-04	6.189318e+00
3.296000e-05	9.495040e-04	5.908288e+00
3.297000e-05	3.317469e-04	5.701531e+00
3.298000e-05	-6.066320e-04	5.422321e+00
3.299000e-05	-1.900545e-03	5.112503e+00
3.300000e-05	-1.924712e-04	4.728241e+00
3.301000e-05	-1.079897e-03	4.464159e+00
3.302000e-05	-3.184024e-03	4.199392e+00
3.303000e-05	-3.474654e-03	3.896183e+00
3.304000e-05	-3.017980e-03	3.663057e+00
3.305000e-05	-1.298889e-03	3.337820e+00
3.306000e-05	-4.019535e-03	3.065608e+00
3.307000e-05	-3.528941e-03	2.812029e+00
3.308000e-05	-2.988351e-03	2.536167e+00
3.309000e-05	-2.150404e-03	2.251079e+00
3.310000e-05	-4.013975e-03	1.978419e+00
3.311000e-05	-4.970290e-03	1.663234e+00
3.312000e-05	-4.900459e-03	1.389446e+00
3.313000e-05	-4.080791e-03	1.023533e+00
3.314000e-05	-4.013403e-03	7.199174e-01
3.315000e-05	-6.109421e-03	4.741832e-01
3.316000e-05	-3.700843e-03	1.505041e-01
3.317000e-05	-8.615755e-04	-7.321166e-02
3.318000e-05	6.088816e-03	-3.773157e-01
3.319000e-05	-6.115047e-03	-6.220547e-01
3.320000e-05	2.990314e-04	-9.032130e-01
3.321000e-05	-5.791796e-03	-1.156792e+00
3.322000e-05	-1.498233e-03	-1.482053e+00
3.323000e-05	-2.628477e-03	-1.714263e+00
3.324000e-05	2.719935e-02	-1.966267e+00
3.325000e-05	9.878531e-02	-2.234846e+00
3.326000e-05	-5.464882e-02	-2.544765e+00
3.327000e-05	-4.548132e-02	-2.962038e+00
3.328000e-05	-4.608719e-02	-3.292011e+00
3.329000e-05	-1.348969e-02	-3.495712e+00
3.330000e-05	-8.108783e-02	-3.754767e+00
3.331000e-05	9.552767e-02	-4.017867e+00
3.332000e-05	2.639547e-03	-4.167370e+00
3.333000e-05	-6.964346e-02	-4.492037e+00
3.334000e-05	1.713202e-01	-4.704080e+00
3.335000e-05	-1.773850e-01	-5.038326e+00
3.336000e-05	7.408573e-02	-5.324167e+00
3.337000e-05	-7.562931e-02	-5.627750e+00
3.338000e-05	-1.913265e-02	-5.922088e+00
3.339000e-05	8.969159e-02	-6.154088e+00
3.340000e-05	-1.132800e-01	-6.479848e+00
3.341000e-05	1.191016e-01	-6.692509e+00
3.342000e-05	-7.813729e-02	-6.984690e+00
3.343000e-05	-4.975409e-03	-7.272505e+00
3.344000e-05	-3.552475e-04	-7.512957e+00
3.345000e-05	-6.606345e-02	-7.806698e+00
3.346000e-05	9.909129e-02	-8.069954e+00
3.347000e-05	-1.066656e-01	-8.332009e+00
3.348000e-05	8.134025e-02	-8.564118e+00
3.349000e-05	-5.917214e-02	-8.805645e+00
3.350000e-05	-5.931572e-03	-9.061329e+00
3.351000e-05	3.623408e-03	-9.290776e+00
3.352000e-05	-5.238737e-02	-9.542410e+00
3.353000e-05	5.805500e-02	-9.734509e+00
3.354000e-05	-6.739607e-02	-1.000412e+01
3.355000e-05	5.271274e-02	-1.019617e+01
3.356000e-05	-6.958183e-02	-1.043874e+01
3.357000e-05	2.862703e-02	-1.062775e+01
3.358000e-05	-4.314114e-02	-1.085817e+01
3.359000e-05	1.317858e-03	-1.105975e+01
3.360000e-05	-1.130833e-02	-1.122817e+01
3.361000e-05	-8.730973e-03	-1.148072e+01
3.362000e-05	4.105245e-04	-1.167878e+01
3.363000e-05	-2.811865e-02	-1.186130e+01
3.364000e-05	7.221081e-04	-1.209080e+01
3.365000e-05	-3.421655e-02	-1.223122e+01
3.366000e-05	7.488546e-03	-1.243775e+01
3.367000e-05	-3.460087e-02	-1.259462e+01
3.368000e-05	6.219346e-03	-1.277605e+01
3.369000e-05	-2.743662e-02	-1.297248e+01
3.370000e-05	3.280887e-03	-1.310281e+01
3.371000e-05	-2.631956e-02	-1.326965e+01
3.372000e-05	-1.111612e-02	-1.338815e+01
3.373000e-05	-1.730368e-02	-1.354151e+01
3.374000e-05	-1.624437e-02	-1.370230e+01
3.375000e-05	-1.366242e-02	-1.383715e+01
3.376000e-05	-2.180605e-02	-1.399606e+01
3.377000e-05	-1.078720e-02	-1.410181e+01
3.378000e-05	-1.976367e-02	-1.419754e+01
3.379000e-05	-1.470988e-02	-1.438539e+01
3.380000e-05	-2.144560e-02	-1.446020e+01
3.381000e-05	-1.569034e-02	-1.455652e+01
3.382000e-05	-1.863098e-02	-1.468983e+01
3.383000e-05	-1.610823e-02	-1.480504e+01
3.384000e-05	-2.101141e-02	-1.488819e+01
3.385000e-05	-1.853693e-02	-1.494336e+01
3.386000e-05	-2.323199e-02	-1.502912e+01
3.387000e-05	-1.982053e-02	-1.509180e+01
3.388000e-05	-2.324342e-02	-1.514594e+01
3.389000e-05	-1.874708e-02	-1.521707e+01
3.390000e-05	-2.147934e-02	-1.526971e+01
3.391000e-05	-2.025165e-02	-1.534341e+01
3.392000e-05	-2.332409e-02	-1.542602e+01
3.393000e-05	-2.468029e-02	-1.543767e+01
3.394000e-05	-2.453026e-02	-1.548025e+01
3.395000e-05	-2.458595e-02	-1.549031e+01
3.396000e-05	-2.295806e-02	-1.553333e+01
3.397000e-05	-2.478703e-02	-1.549539e+01
3.398000e-05	-2.616101e-02	-1.557343e+01
3.399000e-05	-2.732041e-02	-1.553494e+01
3.400000e-05	-2.738498e-02	-1.556433e+01
3.401000e-05	-2.792937e-02	-1.555389e+01
3.402000e-05	-2.910326e-02	-1.555336e+01
3.403000e-05	-2.960711e-02	-1.551230e+01
3.404000e-05	-3.020577e-02	-1.548225e+01
3.405000e-05	-3.237556e-02	-1.545120e+01
3.406000e-05	-3.497720e-02	-1.544120e+01
3.407000e-05	-3.598771e-02	-1.538751e+01
3.408000e-05	-3.500668e-02	-1.533491e+01
3.409000e-05	-3.527893e-02	-1.531318e+01
3.410000e-05	-3.739629e-02	-1.522863e+01
3.411000e-05	-4.017288e-02	-1.519751e+01
3.412000e-05	-4.255073e-02	-1.514486e+01
3.413000e-05	-4.632843e-02	-1.505872e+01
3.414000e-05	-5.050235e-02	-1.498707e+01
3.415000e-05	-5.583035e-02	-1.490133e+01
3.416000e-05	-5.989892e-02	-1.480862e+01
3.417000e-05	-6.690504e-02	-1.470391e+01
3.418000e-05	-7.770060e-02	-1.462965e+01
3.419000e-05	-8.978488e-02	-1.452384e+01
3.420000e-05	-1.025653e-01	-1.439807e+01
3.421000e-05	-1.215511e-01	-1.428973e+01
3.422000e-05	-1.462774e-01	-1.413654e+01
3.423000e-05	-1.743312e-01	-1.404115e+01
3.424000e-05	-2.044032e-01	-1.389284e+01
3.425000e-05	-2.308576e-01	-1.379599e+01
3.426000e-05	-2.479953e-01	-1.362865e+01
3.427000e-05	-2.499734e-01	-1.349280e+01
3.428000e-05	-2.500000e-01	-1.331554e+01
3.429000e-05	-2.500000e-01	-1.322657e+01
3.430000e-05	-2.500000e-01	-1.304082e+01
3.431000e-05	-2.500000e-01	-1.287233e+01
3.432000e-05	-2.481000e-01	-1.269391e+01
3.433000e-05	-2.351585e-01	-1.255559e+01
3.434000e-05	-2.061628e-01	-1.238662e+01
3.435000e-05	-1.782470e-01	-1.219077e+01
3.436000e-05	-1.535849e-01	-1.197914e+01
3.437000e-05	-1.282747e-01	-1.179912e+01
3.438000e-05	-1.054928e-01	-1.154759e+01
3.439000e-05	-8.859806e-02	-1.136709e+01
3.440000e-05	-7.670643e-02	-1.115457e+01
3.441000e-05	-6.465306e-02	-1.093511e+01
3.442000e-05	-5.330860e-02	-1.072709e+01
3.443000e-05	-4.647142e-02	-1.055607e+01
3.444000e-05	-4.358359e-02	-1.035551e+01
3.445000e-05	-3.624207e-02	-1.012349e+01
3.446000e-05	-2.935191e-02	-9.882985e+00
3.447000e-05	-2.681110e-02	-9.674559e+00
3.448000e-05	-2.557516e-02	-9.419324e+00
3.449000e-05	-2.269880e-02	-9.229846e+00
3.450000e-05	-1.797678e-02	-8.998872e+00
3.451000e-05	-1.738372e-02	-8.677666e+00
3.452000e-05	-1.893119e-02	-8.474457e+00
3.453000e-05	-1.594300e-02	-8.243051e+00
3.454000e-05	-1.245346e-02	-8.011380e+00
3.455000e-05	-1.258947e-02	-7.765538e+00
3.456000e-05	-1.574837e-02	-7.452485e+00
3.457000e-05	-1.321560e-02	-7.240896e+00
3.458000e-05	-9.322785e-03	-6.917687e+00
3.459000e-05	-9.302559e-03	-6.675059e+00
3.460000e-05	-1.391198e-02	-6.453008e+00
3.461000e-05	-1.023979e-02	-6.167272e+00
3.462000e-05	-8.151301e-03	-5.876135e+00
3.463000e-05	-6.325601e-03	-5.632005e+00
3.464000e-05	-1.159931e-02	-5.376736e+00
3.465000e-05	-1.097299e-02	-5.033954e+00
3.466000e-05	-7.512555e-03	-4.726142e+00
3.467000e-05	-5.738540e-03	-4.462534e+00
3.468000e-05	-8.771146e-03	-4.191978e+00
3.469000e-05	-9.729282e-03	-3.928372e+00
3.470000e-05	-6.160094e-03	-3.603609e+00
3.471000e-05	-6.801785e-03	-3.360475e+00
3.472000e-05	-8.061750e-03	-3.106187e+00
3.473000e-05	-8.500235e-03	-2.791426e+00
3.474000e-05	-4.964534e-03	-2.519741e+00
3.475000e-05	-3.323366e-03	-2.243134e+00
3.476000e-05	-6.040616e-03	-1.988870e+00
3.477000e-05	-7.492251e-03	-1.695629e+00
3.478000e-05	-5.104039e-03	-1.390415e+00
3.479000e-05	-4.282421e-03	-1.024183e+00
3.480000e-05	-4.827245e-03	-7.504738e-01
3.481000e-05	-5.989408e-03	-4.132344e-01
3.482000e-05	-1.554634e-03	-1.825299e-01
3.483000e-05	7.958841e-03	7.118422e-02
3.484000e-05	3.591154e-03	3.868486e-01
3.485000e-05	-7.375734e-04	6.185252e-01
3.486000e-05	-9.727792e-04	9.220541e-01
3.487000e-05	2.542300e-03	1.248424e+00
3.488000e-05	1.613250e-03	1.473132e+00
3.489000e-05	1.344724e-03	1.799970e+00
3.490000e-05	1.842344e-02	2.030352e+00
3.491000e-05	7.358048e-02	2.323107e+00
3.492000e-05	2.345799e-02	2.708949e+00
3.493000e-05	-6.557392e-02	2.993821e+00
3.494000e-05	-4.242316e-02	3.249895e+00
3.495000e-05	-8.960477e-03	3.523611e+00
3.496000e-05	-1.269401e-02	3.755641e+00
3.497000e-05	-5.876061e-02	3.985091e+00
3.498000e-05	6.275460e-02	4.203745e+00
3.499000e-05	3.922936e-02	4.504534e+00
3.500000e-05	-1.970294e-02	4.746639e+00
3.501000e-05	1.065285e-01	5.089855e+00
3.502000e-05	-1.180546e-01	5.418296e+00
3.503000e-05	4.731983e-02	5.630405e+00
3.504000e-05	-3.309684e-03	5.966160e+00
3.505000e-05	-4.246824e-03	6.176195e+00
3.506000e-05	2.051876e-02	6.503931e+00
3.507000e-05	-3.382141e-02	6.744663e+00
3.508000e-05	8.314081e-02	7.006845e+00
3.509000e-05	-3.776338e-02	7.269873e+00
3.510000e-05	-6.113568e-03	7.594640e+00
3.511000e-05	-1.953008e-02	7.857800e+00
3.512000e-05	4.236039e-02	8.102935e+00
3.513000e-05	2.780057e-02	8.354620e+00
3.514000e-05	-4.485796e-02	8.605092e+00
3.515000e-05	3.618271e-02	8.798195e+00
3.516000e-05	-4.997266e-04	9.069251e+00
3.517000e-05	1.154284e-02	9.322379e+00
3.518000e-05	-1.623163e-02	9.531879e+00
3.519000e-05	1.005175e-02	9.743035e+00
3.520000e-05	2.663943e-02	9.985090e+00
3.521000e-05	8.118947e-03	1.018559e+01
3.522000e-05	6.662884e-03	1.039662e+01
3.523000e-05	-1.498256e-02	1.062970e+01
3.524000e-05	2.558820e-02	1.083770e+01
3.525000e-05	1.689614e-03	1.102675e+01
3.526000e-05	5.998128e-03	1.122922e+01
3.527000e-05	1.265477e-03	1.150868e+01
3.528000e-05	2.393727e-02	1.168080e+01
3.529000e-05	9.742244e-03	1.187031e+01
3.530000e-05	2.479226e-03	1.206823e+01
3.531000e-05	1.970607e-03	1.224965e+01
3.532000e-05	1.319110e-02	1.244767e+01
3.533000e-05	1.381229e-02	1.262607e+01
3.534000e-05	2.932513e-03	1.277511e+01
3.535000e-05	1.169186e-02	1.293183e+01
3.536000e-05	1.275162e-02	1.311231e+01
3.537000e-05	1.808775e-02	1.323912e+01
3.538000e-05	4.496703e-04	1.341559e+01
3.539000e-05	9.790177e-03	1.357144e+01
3.540000e-05	1.090289e-02	1.367123e+01
3.541000e-05	1.720875e-02	1.381757e+01
3.542000e-05	4.953474e-03	1.398486e+01
3.543000e-05	1.094061e-02	1.410976e+01
3.544000e-05	1.677453e-02	1.425665e+01
3.545000e-05	1.537074e-02	1.435402e+01
3.546000e-05	9.476619e-03	1.450071e+01
3.547000e-05	8.532385e-03	1.459697e+01
3.548000e-05	1.885136e-02	1.472921e+01
3.549000e-05	1.414320e-02	1.479649e+01
3.550000e-05	1.277539e-02	1.485767e+01
3.551000e-05	1.035140e-02	1.495241e+01
3.552000e-05	1.864258e-02	1.503700e+01
3.553000e-05	1.593373e-02	1.508028e+01
3.554000e-05	1.336916e-02	1.513298e+01
3.555000e-05	1.330725e-02	1.520344e+01
3.556000e-05	1.801094e-02	1.528920e+01
3.557000e-05	1.931504e-02	1.530028e+01
3.558000e-05	1.402282e-02	1.536388e+01
3.559000e-05	1.685381e-02	1.538439e+01
3.560000e-05	1.858082e-02	1.538712e+01
3.561000e-05	2.182300e-02	1.545967e+01
3.562000e-05	1.677500e-02	1.547125e+01
3.563000e-05	1.907312e-02	1.553025e+01
3.564000e-05	2.071363e-02	1.548273e+01
3.565000e-05	2.210420e-02	1.553178e+01
3.566000e-05	2.034241e-02	1.548178e+01
3.567000e-05	1.984187e-02	1.551185e+01
3.568000e-05	2.453649e-02	1.550175e+01
3.569000e-05	2.489203e-02	1.549020e+01
3.570000e-05	2.581736e-02	1.546966e+01
3.571000e-05	2.485527e-02	1.543917e+01
3.572000e-05	2.784918e-02	1.539697e+01
3.573000e-05	2.856354e-02	1.535449e+01
3.574000e-05	2.823845e-02	1.532173e+01
3.575000e-05	3.001800e-02	1.525963e+01
3.576000e-05	3.250838e-02	1.517607e+01
3.577000e-05	3.505337e-02	1.515292e+01
3.578000e-05	3.496495e-02	1.509020e+01
3.579000e-05	4.016786e-02	1.500717e+01
3.580000e-05	4.421923e-02	1.489294e+01
3.581000e-05	4.846810e-02	1.483920e+01
3.582000e-05	5.308564e-02	1.477291e+01
3.583000e-05	6.511198e-02	1.468070e+01
3.584000e-05	7.584835e-02	1.453554e+01
3.585000e-05	8.636727e-02	1.447122e+01
3.586000e-05	1.005339e-01	1.437451e+01
3.587000e-05	1.223196e-01	1.423873e+01
3.588000e-05	1.491338e-01	1.412326e+01
3.589000e-05	1.768248e-01	1.399394e+01
3.590000e-05	2.089757e-01	1.384115e+01
3.591000e-05	2.340207e-01	1.372233e+01
3.592000e-05	2.489741e-01	1.358404e+01
3.593000e-05	2.499851e-01	1.339872e+01
3.594000e-05	2.500000e-01	1.330125e+01
3.595000e-05	2.500000e-01	1.310341e+01
3.596000e-05	2.500000e-01	1.295559e+01
3.597000e-05	2.500000e-01	1.278667e+01
3.598000e-05	2.417149e-01	1.262978e+01
3.599000e-05	2.212886e-01	1.247020e+01
3.600000e-05	1.911359e-01	1.227283e+01
3.601000e-05	1.603357e-01	1.212439e+01
3.602000e-05	1.327140e-01	1.189246e+01
3.603000e-05	1.107578e-01	1.169391e+01
3.604000e-05	9.494017e-02	1.151441e+01
3.605000e-05	7.714458e-02	1.130296e+01
3.606000e-05	6.246594e-02	1.106193e+01
3.607000e-05	5.126056e-02	1.092401e+01
3.608000e-05	4.539048e-02	1.070448e+01
3.609000e-05	3.581192e-02	1.047336e+01
3.610000e-05	2.860015e-02	1.024043e+01
3.611000e-05	2.409144e-02	1.006080e+01
3.612000e-05	2.296699e-02	9.810747e+00
3.613000e-05	1.848153e-02	9.557597e+00
3.614000e-05	1.345726e-02	9.336113e+00
3.615000e-05	1.086461e-02	9.116037e+00
3.616000e-05	1.132778e-02	8.933107e+00
3.617000e-05	9.898159e-03	8.612401e+00
3.618000e-05	6.030821e-03	8.419305e+00
3.619000e-05	4.971532e-03	8.168222e+00
3.620000e-05	5.876285e-03	7.904608e+00
3.621000e-05	4.726295e-03	7.672408e+00
3.622000e-05	2.792677e-03	7.407268e+00
3.623000e-05	1.390066e-03	7.085237e+00
3.624000e-05	3.362578e-03	6.873579e+00
3.625000e-05	2.690126e-03	6.599744e+00
3.626000e-05	1.396546e-03	6.346716e+00
3.627000e-05	-3.502590e-04	6.113157e+00
3.628000e-05	9.371009e-04	5.811850e+00
3.629000e-05	1.749915e-04	5.537290e+00
3.630000e-05	-8.302303e-04	5.263634e+00
3.631000e-05	-2.355712e-03	4.927191e+00
3.632000e-05	-1.138723e-03	4.624001e+00
3.633000e-05	9.624236e-05	4.369346e+00
3.634000e-05	-1.714072e-03	4.032184e+00
3.635000e-05	-3.165171e-03	3.780898e+00
3.636000e-05	-1.953101e-03	3.537771e+00
3.637000e-05	-2.451573e-03	3.223105e+00
3.638000e-05	-4.394587e-03	2.958820e+00
3.639000e-05	-4.116481e-03	2.676282e+00
3.640000e-05	-2.605780e-03	2.413499e+00
3.641000e-05	-3.631612e-03	2.086765e+00
3.642000e-05	-4.863926e-03	1.864086e+00
3.643000e-05	-4.715097e-03	1.538449e+00
3.644000e-05	-4.020488e-03	1.263181e+00
3.645000e-05	-4.116282e-03	9.673899e-01
3.646000e-05	-5.179204e-03	6.421530e-01
3.647000e-05	-4.838964e-03	3.800475e-01
3.648000e-05	-2.799338e-03	4.706822e-03
3.649000e-05	4.449920e-03	-2.079759e-01
3.650000e-05	-1.152665e-03	-4.690613e-01
3.651000e-05	-1.464812e-03	-7.578946e-01
3.652000e-05	-5.237970e-03	-1.008451e+00
3.653000e-05	-2.611494e-03	-1.282606e+00
3.654000e-05	-4.262943e-03	-1.579295e+00
3.655000e-05	6.931518e-03	-1.838425e+00
3.656000e-05	5.600083e-02	-2.039453e+00
3.657000e-05	6.479103e-02	-2.363990e+00
3.658000e-05	-8.340255e-02	-2.702589e+00
3.659000e-05	-3.192268e-02	-3.069553e+00
3.660000e-05	-4.360088e-02	-3.356245e+00
3.661000e-05	-2.878893e-02	-3.618351e+00
3.662000e-05	-6.067475e-02	-3.892057e+00
3.663000e-05	1.533778e-01	-4.021479e+00
3.664000e-05	-1.340068e-01	-4.323589e+00
3.665000e-05	1.077049e-01	-4.587367e+00
3.666000e-05	3.454517e-02	-4.878325e+00
3.667000e-05	-1.311145e-01	-5.124189e+00
3.668000e-05	9.604554e-02	-5.399379e+00
3.669000e-05	-1.552831e-01	-5.712567e+00
3.670000e-05	1.150939e-01	-6.018797e+00
3.671000e-05	-3.657732e-02	-6.277293e+00
3.672000e-05	-2.214905e-02	-6.573638e+00
3.673000e-05	8.522074e-02	-6.817223e+00
3.674000e-05	-1.172439e-01	-7.102007e+00
3.675000e-05	6.460165e-02	-7.406067e+00
3.676000e-05	-8.714824e-02	-7.617748e+00
3.677000e-05	3.859455e-02	-7.943539e+00
3.678000e-05	1.554861e-02	-8.165118e+00
3.679000e-05	-6.249725e-02	-8.399775e+00
3.680000e-05	8.244169e-02	-8.638306e+00
3.681000e-05	-1.102664e-01	-8.912459e+00
3.682000e-05	6.307499e-02	-9.133584e+00
3.683000e-05	-7.433935e-02	-9.384561e+00
3.684000e-05	3.664832e-02	-9.627147e+00
3.685000e-05	-1.480463e-02	-9.838275e+00
3.686000e-05	-1.477679e-02	-1.004130e+01
3.687000e-05	1.468414e-02	-1.025890e+01
3.688000e-05	-5.257763e-02	-1.050346e+01
3.689000e-05	2.933204e-02	-1.072048e+01
3.690000e-05	-5.969114e-02	-1.090243e+01
3.691000e-05	2.924915e-02	-1.113533e+01
3.692000e-05	-3.983978e-02	-1.132131e+01
3.693000e-05	2.129491e-02	-1.154346e+01
3.694000e-05	-3.338169e-02	-1.173451e+01
3.695000e-05	1.524029e-03	-1.194399e+01
3.696000e-05	-2.497098e-02	-1.217506e+01
3.697000e-05	-9.813676e-03	-1.232294e+01
3.698000e-05	-1.290262e-02	-1.251341e+01
3.699000e-05	-1.876871e-02	-1.267025e+01
3.700000e-05	-2.274874e-03	-1.289867e+01
3.701000e-05	-2.246287e-02	-1.300717e+01
3.702000e-05	-5.046970e-04	-1.313606e+01
3.703000e-05	-3.280512e-02	-1.331085e+01
3.704000e-05	-1.717845e-03	-1.349033e+01
3.705000e-05	-2.608653e-02	-1.361857e+01
3.706000e-05	-6.301451e-03	-1.378544e+01
3.707000e-05	-2.409665e-02	-1.389978e+01
3.708000e-05	-1.035859e-02	-1.403717e+01
3.709000e-05	-1.640456e-02	-1.413334e+01
3.710000e-05	-1.765803e-02	-1.427968e+01
3.711000e-05	-2.100067e-02	-1.441802e+01
3.712000e-05	-1.828072e-02	-1.452228e+01
3.713000e-05	-1.603647e-02	-1.460910e+01
3.714000e-05	-1.893962e-02	-1.471336e+01
3.715000e-05	-2.023950e-02	-1.482552e+01
3.716000e-05	-1.998930e-02	-1.489030e+01
3.717000e-05	-1.773945e-02	-1.495544e+01
3.718000e-05	-2.282644e-02	-1.506918e+01
3.719000e-05	-2.181474e-02	-1.513181e+01
3.720000e-05	-2.322287e-02	-1.517647e+01
3.721000e-05	-1.801311e-02	-1.520820e+01
3.722000e-05	-2.344588e-02	-1.526215e+01
3.723000e-05	-2.216802e-02	-1.537386e+01
3.724000e-05	-2.520002e-02	-1.538694e+01
3.725000e-05	-2.180709e-02	-1.543962e+01
3.726000e-05	-2.472358e-02	-1.546923e+01
3.727000e-05	-2.522048e-02	-1.549135e+01
3.728000e-05	-2.410875e-02	-1.551178e+01
3.729000e-05	-2.481403e-02	-1.551443e+01
3.730000e-05	-2.645870e-02	-1.553294e+01
3.731000e-05	-2.927504e-02	-1.555494e+01
3.732000e-05	-2.906000e-02	-1.558191e+01
3.733000e-05	-2.772678e-02	-1.556386e+01
3.734000e-05	-2.805611e-02	-1.553238e+01
3.735000e-05	-3.025213e-02	-1.550280e+01
3.736000e-05	-3.176162e-02	-1.552023e+01
3.737000e-05	-3.171271e-02	-1.547073e+01
3.738000e-05	-3.326902e-02	-1.547757e+01
3.739000e-05	-3.637584e-02	-1.537552e+01
3.740000e-05	-3.725816e-02	-1.532383e+01
3.741000e-05	-3.664593e-02	-1.527115e+01
3.742000e-05	-3.742334e-02	-1.517757e+01
3.743000e-05	-4.170255e-02	-1.515392e+01
3.744000e-05	-4.507913e-02	-1.510131e+01
3.745000e-05	-4.770134e-02	-1.503767e+01
3.746000e-05	-4.992958e-02	-1.490544e+01
3.747000e-05	-5.631669e-02	-1.483115e+01
3.748000e-05	-6.406409e-02	-1.478694e+01
3.749000e-05	-7.027600e-02	-1.468078e+01
3.750000e-05	-8.044645e-02	-1.456959e+01
3.751000e-05	-9.514274e-02	-1.447170e+01
3.752000e-05	-1.122274e-01	-1.437699e+01
3.753000e-05	-1.301215e-01	-1.428922e+01
3.754000e-05	-1.544813e-01	-1.408423e+01
3.755000e-05	-1.851822e-01	-1.400551e+01
3.756000e-05	-2.174832e-01	-1.389078e+01
3.757000e-05	-2.399576e-01	-1.372188e+01
3.758000e-05	-2.498562e-01	-1.356502e+01
3.759000e-05	-2.499987e-01	-1.341073e+01
3.760000e-05	-2.500000e-01	-1.328236e+01
3.761000e-05	-2.500000e-01	-1.315296e+01
3.762000e-05	-2.500000e-01	-1.295762e+01
3.763000e-05	-2.500000e-01	-1.280917e+01
3.764000e-05	-2.445550e-01	-1.265028e+01
3.765000e-05	-2.257409e-01	-1.246185e+01
3.766000e-05	-1.941660e-01	-1.230396e+01
3.767000e-05	-1.658726e-01	-1.213454e+01
3.768000e-05	-1.412795e-01	-1.191296e+01
3.769000e-05	-1.192103e-01	-1.170396e+01
3.770000e-05	-9.868393e-02	-1.149391e+01
3.771000e-05	-8.334144e-02	-1.127238e+01
3.772000e-05	-7.171167e-02	-1.107126e+01
3.773000e-05	-6.111567e-02	-1.086138e+01
3.774000e-05	-5.068340e-02	-1.067348e+01
3.775000e-05	-4.350129e-02	-1.046283e+01
3.776000e-05	-3.876183e-02	-1.022178e+01
3.777000e-05	-3.410673e-02	-1.001080e+01
3.778000e-05	-2.915920e-02	-9.799821e+00
3.779000e-05	-2.595418e-02	-9.579197e+00
3.780000e-05	-2.404384e-02	-9.347639e+00
3.781000e-05	-2.183980e-02	-9.145609e+00
3.782000e-05	-1.866749e-02	-8.923563e+00
3.783000e-05	-1.745787e-02	-8.633400e+00
3.784000e-05	-1.676673e-02	-8.399299e+00
3.785000e-05	-1.588322e-02	-8.178218e+00
3.786000e-05	-1.485034e-02	-7.855534e+00
3.787000e-05	-1.267244e-02	-7.601327e+00
3.788000e-05	-1.239933e-02	-7.356794e+00
3.789000e-05	-1.183012e-02	-7.095588e+00
3.790000e-05	-1.150669e-02	-6.852429e+00
3.791000e-05	-9.701701e-03	-6.579322e+00
3.792000e-05	-9.749737e-03	-6.318214e+00
3.793000e-05	-9.972261e-03	-6.074505e+00
3.794000e-05	-1.058107e-02	-5.790398e+00
3.795000e-05	-8.387051e-03	-5.476685e+00
3.796000e-05	-1.087521e-02	-5.212426e+00
3.797000e-05	-8.406535e-03	-4.886633e+00
3.798000e-05	-7.614557e-03	-4.559902e+00
3.799000e-05	-6.566280e-03	-4.368794e+00
3.800000e-05	-8.699159e-03	-4.126791e+00
3.801000e-05	-7.122746e-03	-3.801525e+00
3.802000e-05	-8.801894e-03	-3.548847e+00
3.803000e-05	-7.127322e-03	-3.284684e+00
3.804000e-05	-7.984284e-03	-2.957919e+00
3.805000e-05	-6.151001e-03	-2.705163e+00
3.806000e-05	-5.444388e-03	-2.422605e+00
3.807000e-05	-4.715947e-03	-2.117315e+00
3.808000e-05	-6.057438e-03	-1.834107e+00
3.809000e-05	-4.526827e-03	-1.570421e+00
3.810000e-05	-8.244613e-03	-1.233203e+00
3.811000e-05	-4.848143e-03	-8.868684e-01
3.812000e-05	-5.892100e-03	-6.563103e-01
3.813000e-05	-1.355795e-03	-3.384162e-01
3.814000e-05	-8.727461e-04	-1.057643e-01
3.815000e-05	1.112047e-02	2.153961e-01
3.816000e-05	-3.025901e-03	4.821617e-01
3.817000e-05	4.054050e-03	7.452907e-01
3.818000e-05	-3.661197e-03	1.039400e+00
3.819000e-05	1.935088e-03	1.344162e+00
3.820000e-05	-1.615376e-03	1.617951e+00
3.821000e-05	1.207807e-02	1.882183e+00
3.822000e-05	3.250127e-02	2.082632e+00
3.823000e-05	8.510524e-02	2.416921e+00
3.824000e-05	-4.077034e-02	2.827272e+00
3.825000e-05	-4.786616e-02	3.132010e+00
3.826000e-05	-3.782032e-02	3.334237e+00
3.827000e-05	4.795810e-03	3.601351e+00
3.828000e-05	-4.671958e-02	3.849927e+00
3.829000e-05	-2.954090e-02	4.018326e+00
3.830000e-05	1.115878e-01	4.342058e+00
3.831000e-05	-5.252557e-02	4.627800e+00
3.832000e-05	8.910066e-02	4.858929e+00
3.833000e-05	-7.479421e-03	5.217797e+00
3.834000e-05	-6.882125e-02	5.522584e+00
3.835000e-05	6.122310e-02	5.774118e+00
3.836000e-05	-4.013584e-02	6.060430e+00
3.837000e-05	4.096702e-02	6.301026e+00
3.838000e-05	-2.826593e-02	6.585114e+00
3.839000e-05	2.470405e-02	6.869899e+00
3.840000e-05	4.511580e-02	7.121504e+00
3.841000e-05	-4.449971e-02	7.365197e+00
3.842000e-05	6.807963e-04	7.690405e+00
3.843000e-05	-1.432333e-02	7.975512e+00
3.844000e-05	6.107334e-02	8.227719e+00
3.845000e-05	-1.452371e-02	8.469799e+00
3.846000e-05	-1.905836e-02	8.638376e+00
3.847000e-05	4.312827e-02	8.932379e+00
3.848000e-05	-1.865483e-02	9.163561e+00
3.849000e-05	1.902479e-02	9.353117e+00
3.850000e-05	-2.756845e-02	9.636217e+00
3.851000e-05	3.748393e-02	9.827678e+00
3.852000e-05	8.635549e-03	1.009040e+01
3.853000e-05	1.075780e-02	1.026033e+01
3.854000e-05	-3.111835e-03	1.050086e+01
3.855000e-05	-4.936391e-03	1.069239e+01
3.856000e-05	2.923702e-02	1.089194e+01
3.857000e-05	-1.264766e-02	1.111136e+01
3.858000e-05	1.651401e-02	1.135093e+01
3.859000e-05	1.578184e-03	1.155451e+01
3.860000e-05	3.101420e-02	1.177401e+01
3.861000e-05	-4.236465e-03	1.198494e+01
3.862000e-05	6.428858e-03	1.215296e+01
3.863000e-05	4.708605e-03	1.231186e+01
3.864000e-05	1.471166e-02	1.249983e+01
3.865000e-05	8.509096e-03	1.265025e+01
3.866000e-05	2.344497e-03	1.286815e+01
3.867000e-05	1.838776e-02	1.302497e+01
3.868000e-05	1.234066e-02	1.316541e+01
3.869000e-05	1.432369e-02	1.327080e+01
3.870000e-05	-1.494230e-03	1.348875e+01
3.871000e-05	1.578230e-02	1.362554e+01
3.872000e-05	1.231431e-02	1.373986e+01
3.873000e-05	1.144545e-02	1.387122e+01
3.874000e-05	5.849075e-03	1.403691e+01
3.875000e-05	1.331110e-02	1.418436e+01
3.876000e-05	2.004976e-02	1.431076e+01
3.877000e-05	8.278181e-03	1.441656e+01
3.878000e-05	9.555783e-03	1.448386e+01
3.879000e-05	1.208148e-02	1.460805e+01
3.880000e-05	2.120825e-02	1.474201e+01
3.881000e-05	1.166286e-02	1.476709e+01
3.882000e-05	1.013046e-02	1.490021e+01
3.883000e-05	1.593828e-02	1.496391e+01
3.884000e-05	1.826224e-02	1.500810e+01
3.885000e-05	1.420289e-02	1.512028e+01
3.886000e-05	8.935612e-03	1.518541e+01
3.887000e-05	1.771804e-02	1.524702e+01
3.888000e-05	2.015314e-02	1.528872e+01
3.889000e-05	1.830382e-02	1.532176e+01
3.890000e-05	1.227703e-02	1.537444e+01
3.891000e-05	1.816748e-02	1.540607e+01
3.892000e-05	2.195459e-02	1.544760e+01
3.893000e-05	1.853902e-02	1.549012e+01
3.894000e-05	1.511679e-02	1.551220e+01
3.895000e-05	1.935184e-02	1.551228e+01
3.896000e-05	2.410538e-02	1.549228e+01
3.897000e-05	2.074375e-02	1.552078e+01
3.898000e-05	1.899206e-02	1.553183e+01
3.899000e-05	2.034495e-02	1.551180e+01
3.900000e-05	2.732522e-02	1.549220e+01
3.901000e-05	2.535389e-02	1.550115e+01
3.902000e-05	2.339394e-02	1.543015e+01
3.903000e-05	2.500964e-02	1.540755e+01
3.904000e-05	2.858556e-02	1.539644e+01
3.905000e-05	2.946714e-02	1.535429e+01
3.906000e-05	2.670402e-02	1.529023e+01
3.907000e-05	3.070143e-02	1.521857e+01
3.908000e-05	3.518516e-02	1.516444e+01
3.909000e-05	3.721047e-02	1.512131e+01
3.910000e-05	3.563713e-02	1.506017e+01
3.911000e-05	3.942046e-02	1.493844e+01
3.912000e-05	4.690936e-02	1.492081e+01
3.913000e-05	5.253276e-02	1.482902e+01
3.914000e-05	5.723788e-02	1.475341e+01
3.915000e-05	6.544660e-02	1.463862e+01
3.916000e-05	8.021025e-02	1.454236e+01
3.917000e-05	9.371815e-02	1.442867e+01
3.918000e-05	1.082311e-01	1.431431e+01
3.919000e-05	1.310746e-01	1.420647e+01
3.920000e-05	1.591501e-01	1.404063e+01
3.921000e-05	1.924084e-01	1.392383e+01
3.922000e-05	2.197275e-01	1.376592e+01
3.923000e-05	2.409590e-01	1.361967e+01
3.924000e-05	2.498941e-01	1.353188e+01
3.925000e-05	2.499990e-01	1.334701e+01
3.926000e-05	2.500000e-01	1.318859e+01
3.927000e-05	2.500000e-01	1.301975e+01
3.928000e-05	2.500000e-01	1.286188e+01
3.929000e-05	2.489000e-01	1.270341e+01
3.930000e-05	2.353805e-01	1.256667e+01
3.931000e-05	2.066638e-01	1.237754e+01
3.932000e-05	1.774773e-01	1.221967e+01
3.933000e-05	1.495664e-01	1.203873e+01
3.934000e-05	1.249318e-01	1.183027e+01
3.935000e-05	1.021667e-01	1.166175e+01
3.936000e-05	8.748725e-02	1.142070e+01
3.937000e-05	7.246955e-02	1.119873e+01
3.938000e-05	6.091836e-02	1.098930e+01
3.939000e-05	4.748305e-02	1.082017e+01
3.940000e-05	3.980252e-02	1.058830e+01
3.941000e-05	3.344389e-02	1.035764e+01
3.942000e-05	2.917008e-02	1.016819e+01
3.943000e-05	2.337386e-02	9.926591e+00
3.944000e-05	1.888176e-02	9.693959e+00
3.945000e-05	1.669850e-02	9.444403e+00
3.946000e-05	1.430046e-02	9.242456e+00
3.947000e-05	1.167636e-02	9.051297e+00
3.948000e-05	8.631181e-03	8.809718e+00
3.949000e-05	8.297475e-03	8.536690e+00
3.950000e-05	7.703904e-03	8.265083e+00
3.951000e-05	7.199584e-03	8.082382e+00
3.952000e-05	4.600352e-03	7.812379e+00
3.953000e-05	2.922801e-03	7.528192e+00
3.954000e-05	3.174770e-03	7.251979e+00
3.955000e-05	2.962585e-03	7.040899e+00
3.956000e-05	1.281597e-03	6.769795e+00
3.957000e-05	2.145562e-03	6.514509e+00
3.958000e-05	2.079680e-03	6.221928e+00
3.959000e-05	2.093900e-03	5.988796e+00
3.960000e-05	-3.443512e-04	5.673763e+00
3.961000e-05	-5.294000e-04	5.451982e+00
3.962000e-05	-1.061139e-03	5.117615e+00
3.963000e-05	-1.167266e-04	4.799376e+00
3.964000e-05	-1.469083e-03	4.537267e+00
3.965000e-05	-2.302599e-03	4.234529e+00
3.966000e-05	-1.782356e-03	3.928797e+00
3.967000e-05	-2.085075e-03	3.695736e+00
3.968000e-05	-2.647064e-03	3.431552e+00
3.969000e-05	-4.092105e-03	3.126741e+00
3.970000e-05	-2.771644e-03	2.875234e+00
3.971000e-05	-2.786513e-03	2.572370e+00
3.972000e-05	-3.397269e-03	2.276208e+00
3.973000e-05	-4.955911e-03	2.032005e+00
3.974000e-05	-3.604499e-03	1.748344e+00
3.975000e-05	-4.179246e-03	1.401606e+00
3.976000e-05	-5.152449e-03	1.108340e+00
3.977000e-05	-5.405781e-03	7.610990e-01
3.978000e-05	-3.940012e-03	5.363649e-01
3.979000e-05	-3.696642e-03	2.336306e-01
3.980000e-05	-2.505752e-03	-6.858270e-02
3.981000e-05	7.572157e-03	-3.137366e-01
3.982000e-05	-5.483393e-03	-5.748197e-01
3.983000e-05	7.489057e-04	-8.420775e-01
3.984000e-05	-9.244974e-03	-1.153188e+00
3.985000e-05	-1.597748e-03	-1.419344e+00
3.986000e-05	-4.263523e-03	-1.673106e+00
3.987000e-05	1.965769e-02	-1.893163e+00
3.988000e-05	8.988351e-02	-2.133209e+00
3.989000e-05	-1.740915e-02	-2.491583e+00
3.990000e-05	-6.174152e-02	-2.858984e+00
3.991000e-05	-3.940128e-02	-3.199930e+00
3.992000e-05	-1.974626e-02	-3.461033e+00
3.993000e-05	-6.760604e-02	-3.722584e+00
3.994000e-05	3.566310e-02	-3.977819e+00
3.995000e-05	8.116128e-02	-4.133589e+00
3.996000e-05	-1.379446e-01	-4.469325e+00
3.997000e-05	1.934584e-01	-4.702458e+00
3.998000e-05	-1.343568e-01	-4.923139e+00
3.999000e-05	1.490393e-02	-5.291981e+00
4.000000e-05	-4.455073e-03	-5.556769e+00
4.001000e-05	-9.278321e-02	-5.870455e+00
4.002000e-05	1.338343e-01	-6.102481e+00
4.003000e-05	-1.175073e-01	-6.406270e+00
4.004000e-05	8.719062e-02	-6.650980e+00
4.005000e-05	-2.582905e-02	-6.893112e+00
4.006000e-05	-5.607079e-02	-7.239873e+00
4.007000e-05	4.366601e-02	-7.481352e+00
4.008000e-05	-9.883778e-02	-7.765039e+00
4.009000e-05	1.057769e-01	-8.040325e+00
4.010000e-05	-8.132707e-02	-8.269401e+00
4.011000e-05	4.120275e-02	-8.543007e+00
4.012000e-05	-5.528684e-03	-8.745117e+00
4.013000e-05	-5.944058e-02	-9.027701e+00
4.014000e-05	4.292304e-02	-9.246698e+00
4.015000e-05	-8.423199e-02	-9.469880e+00
4.016000e-05	7.332288e-02	-9.671433e+00
4.017000e-05	-6.820687e-02	-9.910910e+00
4.018000e-05	4.758986e-02	-1.013403e+01
4.019000e-05	-4.819674e-02	-1.032302e+01
4.020000e-05	4.575040e-03	-1.059717e+01
4.021000e-05	-1.784892e-02	-1.080709e+01
4.022000e-05	-2.396309e-02	-1.099764e+01
4.023000e-05	7.687934e-03	-1.118755e+01
4.024000e-05	-2.973225e-02	-1.143767e+01
4.025000e-05	1.743595e-02	-1.168717e+01
4.026000e-05	-3.786087e-02	-1.185875e+01
4.027000e-05	9.926360e-03	-1.205920e+01
4.028000e-05	-4.066855e-02	-1.223562e+01
4.029000e-05	9.441414e-03	-1.240622e+01
4.030000e-05	-3.081097e-02	-1.257449e+01
4.031000e-05	1.487060e-03	-1.278399e+01
4.032000e-05	-2.259141e-02	-1.292088e+01
4.033000e-05	-3.794520e-03	-1.313028e+01
4.034000e-05	-1.718880e-02	-1.320865e+01
4.035000e-05	-2.230017e-02	-1.337554e+01
4.036000e-05	-1.169615e-02	-1.352438e+01
4.037000e-05	-2.129335e-02	-1.372070e+01
4.038000e-05	-7.475567e-03	-1.382610e+01
4.039000e-05	-2.541693e-02	-1.396446e+01
4.040000e-05	-8.035127e-03	-1.409968e+01
4.041000e-05	-1.871448e-02	-1.420760e+01
4.042000e-05	-1.376707e-02	-1.434438e+01
4.043000e-05	-2.422019e-02	-1.451913e+01
4.044000e-05	-1.745731e-02	-1.456594e+01
4.045000e-05	-1.888819e-02	-1.470970e+01
4.046000e-05	-1.785574e-02	-1.474444e+01
4.047000e-05	-2.189776e-02	-1.486864e+01
4.048000e-05	-1.764544e-02	-1.493193e+01
4.049000e-05	-1.918244e-02	-1.501612e+01
4.050000e-05	-1.884390e-02	-1.506126e+01
4.051000e-05	-2.423858e-02	-1.514591e+01
4.052000e-05	-2.200298e-02	-1.519759e+01
4.053000e-05	-2.207472e-02	-1.526115e+01
4.054000e-05	-2.226043e-02	-1.533178e+01
4.055000e-05	-2.470949e-02	-1.538597e+01
4.056000e-05	-2.532003e-02	-1.541692e+01
4.057000e-05	-2.183028e-02	-1.546055e+01
4.058000e-05	-2.376224e-02	-1.548985e+01
4.059000e-05	-2.407692e-02	-1.552138e+01
4.060000e-05	-2.550899e-02	-1.551286e+01
4.061000e-05	-2.536383e-02	-1.554591e+01
4.062000e-05	-2.776389e-02	-1.555341e+01
4.063000e-05	-2.893666e-02	-1.556546e+01
4.064000e-05	-2.904669e-02	-1.552391e+01
4.065000e-05	-2.891453e-02	-1.555439e+01
4.066000e-05	-3.054361e-02	-1.550336e+01
4.067000e-05	-3.038704e-02	-1.549136e+01
4.068000e-05	-3.087660e-02	-1.545970e+01
4.069000e-05	-3.230911e-02	-1.546867e+01
4.070000e-05	-3.550636e-02	-1.541615e+01
4.071000e-05	-3.588102e-02	-1.540489e+01
4.072000e-05	-3.548536e-02	-1.533183e+01
4.073000e-05	-3.766833e-02	-1.521925e+01
4.074000e-05	-4.002702e-02	-1.518816e+01
4.075000e-05	-4.307153e-02	-1.515393e+01
4.076000e-05	-4.459384e-02	-1.506125e+01
4.077000e-05	-4.880721e-02	-1.500709e+01
4.078000e-05	-5.387306e-02	-1.489438e+01
4.079000e-05	-5.840354e-02	-1.482605e+01
4.080000e-05	-6.463070e-02	-1.472341e+01
4.081000e-05	-7.435066e-02	-1.467030e+01
4.082000e-05	-8.663004e-02	-1.456349e+01
4.083000e-05	-1.007462e-01	-1.442920e+01
4.084000e-05	-1.169025e-01	-1.432283e+01
4.085000e-05	-1.396486e-01	-1.421909e+01
4.086000e-05	-1.685670e-01	-1.403070e+01
4.087000e-05	-1.981658e-01	-1.395341e+01
4.088000e-05	-2.273784e-01	-1.383770e+01
4.089000e-05	-2.447235e-01	-1.364068e+01
4.090000e-05	-2.499248e-01	-1.354283e+01
4.091000e-05	-2.500000e-01	-1.337809e+01
4.092000e-05	-2.500000e-01	-1.323862e+01
4.093000e-05	-2.500000e-01	-1.306188e+01
4.094000e-05	-2.500000e-01	-1.290446e+01
4.095000e-05	-2.491000e-01	-1.274543e+01
4.096000e-05	-2.377576e-01	-1.261719e+01
4.097000e-05	-2.127253e-01	-1.241870e+01
4.098000e-05	-1.840325e-01	-1.224082e+01
4.099000e-05	-1.561799e-01	-1.204128e+01
4.100000e-05	-1.311058e-01	-1.189122e+01
4.101000e-05	-1.099284e-01	-1.161925e+01
4.102000e-05	-9.458499e-02	-1.138914e+01
4.103000e-05	-7.960264e-02	-1.119722e+01
4.104000e-05	-6.657113e-02	-1.096764e+01
4.105000e-05	-5.556567e-02	-1.078920e+01
4.106000e-05	-4.823711e-02	-1.056935e+01
4.107000e-05	-4.290985e-02	-1.034820e+01
4.108000e-05	-3.600119e-02	-1.011704e+01
4.109000e-05	-3.122415e-02	-9.895513e+00
4.110000e-05	-2.828744e-02	-9.726038e+00
4.111000e-05	-2.557566e-02	-9.473479e+00
4.112000e-05	-2.247231e-02	-9.262830e+00
4.113000e-05	-2.004943e-02	-9.010950e+00
4.114000e-05	-1.921258e-02	-8.800324e+00
4.115000e-05	-1.663566e-02	-8.557642e+00
4.116000e-05	-1.647776e-02	-8.286533e+00
4.117000e-05	-1.431036e-02	-8.094006e+00
4.118000e-05	-1.365298e-02	-7.789320e+00
4.119000e-05	-1.489435e-02	-7.495060e+00
4.120000e-05	-1.224857e-02	-7.273008e+00
4.121000e-05	-1.184147e-02	-6.960921e+00
4.122000e-05	-1.055252e-02	-6.737166e+00
4.123000e-05	-1.160522e-02	-6.515556e+00
4.124000e-05	-9.753209e-03	-6.213452e+00
4.125000e-05	-1.071195e-02	-5.948742e+00
4.126000e-05	-9.692275e-03	-5.714613e+00
4.127000e-05	-9.503921e-03	-5.389899e+00
4.128000e-05	-9.480384e-03	-5.105638e+00
4.129000e-05	-8.507186e-03	-4.759294e+00
4.130000e-05	-6.452268e-03	-4.505209e+00
4.131000e-05	-7.622133e-03	-4.274133e+00
4.132000e-05	-7.362498e-03	-4.061901e+00
4.133000e-05	-7.989938e-03	-3.743734e+00
4.134000e-05	-9.331697e-03	-3.451130e+00
4.135000e-05	-6.922144e-03	-3.150372e+00
4.136000e-05	-7.583605e-03	-2.835583e+00
4.137000e-05	-4.649101e-03	-2.549472e+00
4.138000e-05	-5.167728e-03	-2.327818e+00
4.139000e-05	-4.571325e-03	-1.989479e+00
4.140000e-05	-5.540654e-03	-1.716796e+00
4.141000e-05	-4.979912e-03	-1.443507e+00
4.142000e-05	-6.716387e-03	-1.097738e+00
4.143000e-05	-3.870847e-03	-8.236315e-01
4.144000e-05	-4.613063e-03	-4.878435e-01
4.145000e-05	-2.988321e-03	-2.441578e-01
4.146000e-05	3.934457e-03	3.942238e-02
4.147000e-05	7.348156e-03	3.127406e-01
4.148000e-05	-1.148336e-03	5.768973e-01
4.149000e-05	1.306798e-03	8.094763e-01
4.150000e-05	-5.113030e-04	1.155191e+00
4.151000e-05	2.438461e-03	1.418899e+00
4.152000e-05	-7.162978e-04	1.736245e+00
4.153000e-05	1.590439e-02	1.956847e+00
4.154000e-05	5.691929e-02	2.237450e+00
4.155000e-05	5.437301e-02	2.595242e+00
4.156000e-05	-6.665251e-02	2.944616e+00
4.157000e-05	-4.080515e-02	3.177344e+00
4.158000e-05	-2.083026e-02	3.500455e+00
4.159000e-05	-1.662318e-04	3.683089e+00
4.160000e-05	-6.172992e-02	3.904085e+00
4.161000e-05	2.680420e-02	4.074059e+00
4.162000e-05	8.349953e-02	4.468925e+00
4.163000e-05	-6.011478e-02	4.714107e+00
4.164000e-05	1.334960e-01	4.964618e+00
4.165000e-05	-1.047714e-01	5.325116e+00
4.166000e-05	1.552406e-02	5.606294e+00
4.167000e-05	2.349111e-02	5.870480e+00
4.168000e-05	-2.796261e-02	6.124114e+00
4.169000e-05	4.015709e-02	6.397247e+00
4.170000e-05	-4.798306e-02	6.711005e+00
4.171000e-05	7.589575e-02	6.923618e+00
4.172000e-05	-1.591442e-02	7.226721e+00
4.173000e-05	-1.584725e-02	7.480906e+00
4.174000e-05	-1.548889e-02	7.784118e+00
4.175000e-05	2.264940e-02	8.038275e+00
4.176000e-05	4.405578e-02	8.291984e+00
4.177000e-05	-4.081432e-02	8.522038e+00
4.178000e-05	2.196919e-02	8.714587e+00
4.179000e-05	1.785523e-02	9.025693e+00
4.180000e-05	-2.263411e-03	9.258750e+00
4.181000e-05	-1.851467e-03	9.477776e+00
4.182000e-05	-8.694972e-03	9.702306e+00
4.183000e-05	3.351387e-02	9.933436e+00
4.184000e-05	2.920244e-03	1.015358e+01
4.185000e-05	1.209406e-02	1.037504e+01
4.186000e-05	-1.147294e-02	1.057509e+01
4.187000e-05	1.736362e-02	1.080665e+01
4.188000e-05	1.241908e-02	1.100717e+01
4.189000e-05	-5.560736e-03	1.119661e+01
4.190000e-05	7.967379e-03	1.143612e+01
4.191000e-05	1.208459e-02	1.164110e+01
4.192000e-05	1.890851e-02	1.185825e+01
4.193000e-05	-1.127040e-03	1.203667e+01
4.194000e-05	5.779098e-03	1.219717e+01
4.195000e-05	1.183585e-02	1.236749e+01
4.196000e-05	1.350306e-02	1.255549e+01
4.197000e-05	4.777009e-03	1.273396e+01
4.198000e-05	6.131369e-03	1.288980e+01
4.199000e-05	1.484849e-02	1.307922e+01
4.200000e-05	1.384202e-02	1.320857e+01
4.201000e-05	4.728741e-03	1.337352e+01
4.202000e-05	7.590384e-03	1.353286e+01
4.203000e-05	1.465829e-02	1.366825e+01
4.204000e-05	1.562255e-02	1.376552e+01
4.205000e-05	5.816260e-03	1.392234e+01
4.206000e-05	1.147398e-02	1.412063e+01
4.207000e-05	1.628037e-02	1.422654e+01
4.208000e-05	1.532514e-02	1.436281e+01
4.209000e-05	5.841194e-03	1.443820e+01
4.210000e-05	1.069145e-02	1.452494e+01
4.211000e-05	1.786499e-02	1.465915e+01
4.212000e-05	1.553309e-02	1.476454e+01
4.213000e-05	1.298814e-02	1.483817e+01
4.214000e-05	1.218522e-02	1.490335e+01
4.215000e-05	2.018001e-02	1.499499e+01
4.216000e-05	1.376823e-02	1.505868e+01
4.217000e-05	1.236037e-02	1.513341e+01
4.218000e-05	1.264944e-02	1.517494e+01
4.219000e-05	1.915854e-02	1.525808e+01
4.220000e-05	1.934382e-02	1.530116e+01
4.221000e-05	1.476372e-02	1.537228e+01
4.222000e-05	1.761764e-02	1.539497e+01
4.223000e-05	1.899634e-02	1.540764e+01
4.224000e-05	2.224807e-02	1.546817e+01
4.225000e-05	1.450816e-02	1.551070e+01
4.226000e-05	1.957325e-02	1.552070e+01
4.227000e-05	2.051303e-02	1.553125e+01
4.228000e-05	2.141648e-02	1.553086e+01
4.229000e-05	1.893925e-02	1.553285e+01
4.230000e-05	2.005246e-02	1.550281e+01
4.231000e-05	2.519738e-02	1.548025e+01
4.232000e-05	2.514307e-02	1.548971e+01
4.233000e-05	2.486403e-02	1.544018e+01
4.234000e-05	2.388361e-02	1.543909e+01
4.235000e-05	2.753310e-02	1.539809e+01
4.236000e-05	2.718234e-02	1.538394e+01
4.237000e-05	2.729559e-02	1.534181e+01
4.238000e-05	2.813777e-02	1.529055e+01
4.239000e-05	3.245459e-02	1.521660e+01
4.240000e-05	3.526927e-02	1.516396e+01
4.241000e-05	3.542187e-02	1.509181e+01
4.242000e-05	3.820163e-02	1.501814e+01
4.243000e-05	4.171821e-02	1.494294e+01
4.244000e-05	4.819195e-02	1.484013e+01
4.245000e-05	5.209511e-02	1.477654e+01
4.246000e-05	6.130190e-02	1.464043e+01
4.247000e-05	7.180557e-02	1.459607e+01
4.248000e-05	8.344194e-02	1.445220e+01
4.249000e-05	9.762590e-02	1.440751e+01
4.250000e-05	1.171186e-01	1.426027e+01
4.251000e-05	1.425162e-01	1.414499e+01
4.252000e-05	1.683098e-01	1.402604e+01
4.253000e-05	2.042888e-01	1.386025e+01
4.254000e-05	2.282933e-01	1.371138e+01
4.255000e-05	2.471536e-01	1.359452e+01
4.256000e-05	2.499416e-01	1.342075e+01
4.257000e-05	2.500000e-01	1.330188e+01
4.258000e-05	2.500000e-01	1.312396e+01
4.259000e-05	2.500000e-01	1.297707e+01
4.260000e-05	2.492000e-01	1.281878e+01
4.261000e-05	2.452850e-01	1.265191e+01
4.262000e-05	2.276107e-01	1.249291e+01
4.263000e-05	1.960670e-01	1.228394e+01
4.264000e-05	1.659510e-01	1.213493e+01
4.265000e-05	1.386869e-01	1.196501e+01
4.266000e-05	1.163582e-01	1.175604e+01
4.267000e-05	9.649949e-02	1.156602e+01
4.268000e-05	8.049034e-02	1.133502e+01
4.269000e-05	6.559663e-02	1.110451e+01
4.270000e-05	5.545289e-02	1.095609e+01
4.271000e-05	4.624322e-02	1.074561e+01
4.272000e-05	3.741633e-02	1.052397e+01
4.273000e-05	3.130537e-02	1.029396e+01
4.274000e-05	2.574273e-02	1.007201e+01
4.275000e-05	2.254130e-02	9.830301e+00
4.276000e-05	1.810842e-02	9.610224e+00
4.277000e-05	1.554794e-02	9.397797e+00
4.278000e-05	1.294636e-02	9.197168e+00
4.279000e-05	1.124463e-02	8.946014e+00
4.280000e-05	9.464958e-03	8.673530e+00
4.281000e-05	7.738111e-03	8.462029e+00
4.282000e-05	6.031509e-03	8.241428e+00
4.283000e-05	6.140876e-03	7.946243e+00
4.284000e-05	4.660413e-03	7.725585e+00
4.285000e-05	3.847851e-03	7.410401e+00
4.286000e-05	3.773302e-03	7.147695e+00
4.287000e-05	2.276771e-03	6.914641e+00
4.288000e-05	2.251757e-03	6.643957e+00
4.289000e-05	-2.035338e-04	6.339866e+00
4.290000e-05	3.333730e-04	6.126238e+00
4.291000e-05	2.960548e-04	5.863059e+00
4.292000e-05	-7.363676e-05	5.600872e+00
4.293000e-05	7.119550e-04	5.297190e+00
4.294000e-05	2.925201e-04	4.976871e+00
4.295000e-05	-1.749730e-03	4.674239e+00
4.296000e-05	-2.287417e-03	4.453080e+00
4.297000e-05	-2.434217e-03	4.126342e+00
4.298000e-05	-1.329936e-03	3.832587e+00
4.299000e-05	-2.853354e-03	3.599977e+00
4.300000e-05	-2.896927e-03	3.263238e+00
4.301000e-05	-3.214919e-03	2.981529e+00
4.302000e-05	-2.783676e-03	2.790976e+00
4.303000e-05	-4.060513e-03	2.382187e+00
4.304000e-05	-3.794184e-03	2.149525e+00
4.305000e-05	-4.600139e-03	1.937290e+00
4.306000e-05	-4.330938e-03	1.622578e+00
4.307000e-05	-5.395921e-03	1.296867e+00
4.308000e-05	-5.145687e-03	9.305004e-01
4.309000e-05	-3.994609e-03	6.852845e-01
4.310000e-05	-4.698547e-03	4.331053e-01
4.311000e-05	-2.768092e-03	8.738853e-02
4.312000e-05	9.755118e-04	-1.458121e-01
4.313000e-05	3.625411e-03	-3.993986e-01
4.314000e-05	-5.851659e-03	-7.456617e-01
4.315000e-05	-3.482395e-03	-9.852933e-01
4.316000e-05	-4.827358e-03	-1.179447e+00
4.317000e-05	-3.779362e-03	-1.535793e+00
4.318000e-05	2.111958e-03	-1.755866e+00
4.319000e-05	3.986875e-02	-2.007845e+00
4.320000e-05	9.242900e-02	-2.280604e+00
4.321000e-05	-7.746597e-02	-2.628399e+00
4.322000e-05	-3.619067e-02	-3.076843e+00
4.323000e-05	-4.818782e-02	-3.303213e+00
4.324000e-05	-1.702809e-02	-3.546739e+00
4.325000e-05	-8.217423e-02	-3.848395e+00
4.326000e-05	1.370031e-01	-4.030427e+00
4.327000e-05	-7.113812e-02	-4.229977e+00
4.328000e-05	1.740470e-02	-4.543210e+00
4.329000e-05	1.180579e-01	-4.757593e+00
4.330000e-05	-1.735302e-01	-5.112955e+00
4.331000e-05	1.032109e-01	-5.407774e+00
4.332000e-05	-1.282246e-01	-5.710906e+00
4.333000e-05	5.337993e-02	-5.975693e+00
4.334000e-05	3.091147e-02	-6.166192e+00
4.335000e-05	-7.748413e-02	-6.522508e+00
4.336000e-05	1.171627e-01	-6.755089e+00
4.337000e-05	-1.101988e-01	-7.057800e+00
4.338000e-05	3.739625e-02	-7.304488e+00
4.339000e-05	-4.502636e-02	-7.544543e+00
4.340000e-05	-1.738572e-02	-7.870931e+00
4.341000e-05	6.707543e-02	-8.134063e+00
4.342000e-05	-9.688567e-02	-8.394640e+00
4.343000e-05	9.672041e-02	-8.608248e+00
4.344000e-05	-9.477769e-02	-8.850351e+00
4.345000e-05	3.448782e-02	-9.102459e+00
4.346000e-05	-3.740775e-02	-9.312532e+00
4.347000e-05	-8.861299e-03	-9.596090e+00
4.348000e-05	2.543699e-02	-9.804637e+00
4.349000e-05	-4.787905e-02	-1.004820e+01
4.350000e-05	4.261165e-02	-1.024777e+01
4.351000e-05	-6.836013e-02	-1.046081e+01
4.352000e-05	3.562642e-02	-1.067033e+01
4.353000e-05	-5.779371e-02	-1.085872e+01
4.354000e-05	2.211640e-02	-1.112028e+01
4.355000e-05	-2.838674e-02	-1.131026e+01
4.356000e-05	6.467093e-03	-1.149133e+01
4.357000e-05	-1.784665e-02	-1.170078e+01
4.358000e-05	-1.294556e-02	-1.192241e+01
4.359000e-05	-1.148220e-02	-1.212133e+01
4.360000e-05	-2.471409e-02	-1.230138e+01
4.361000e-05	-6.060905e-04	-1.247022e+01
4.362000e-05	-2.731860e-02	-1.264922e+01
4.363000e-05	4.981740e-03	-1.281910e+01
4.364000e-05	-2.854316e-02	-1.297561e+01
4.365000e-05	3.769629e-03	-1.312336e+01
4.366000e-05	-3.093264e-02	-1.333128e+01
4.367000e-05	-5.581899e-03	-1.344912e+01
4.368000e-05	-2.431869e-02	-1.357644e+01
4.369000e-05	-1.020258e-02	-1.374339e+01
4.370000e-05	-1.895867e-02	-1.389928e+01
4.371000e-05	-1.618026e-02	-1.401704e+01
4.372000e-05	-1.441704e-02	-1.417381e+01
4.373000e-05	-1.834984e-02	-1.427015e+01
4.374000e-05	-1.670792e-02	-1.439649e+01
4.375000e-05	-2.114153e-02	-1.446125e+01
4.376000e-05	-1.533104e-02	-1.461709e+01
4.377000e-05	-2.041601e-02	-1.472135e+01
4.378000e-05	-1.842415e-02	-1.476651e+01
4.379000e-05	-2.185397e-02	-1.490025e+01
4.380000e-05	-1.768579e-02	-1.498491e+01
4.381000e-05	-2.273113e-02	-1.501823e+01
4.382000e-05	-2.005604e-02	-1.509333e+01
4.383000e-05	-2.388603e-02	-1.518494e+01
4.384000e-05	-1.801560e-02	-1.523957e+01
4.385000e-05	-2.363471e-02	-1.531020e+01
4.386000e-05	-2.093464e-02	-1.536386e+01
4.387000e-05	-2.454659e-02	-1.538654e+01
4.388000e-05	-2.280186e-02	-1.543918e+01
4.389000e-05	-2.488912e-02	-1.548072e+01
4.390000e-05	-2.455891e-02	-1.552231e+01
4.391000e-05	-2.446118e-02	-1.550238e+01
4.392000e-05	-2.505943e-02	-1.552239e+01
4.393000e-05	-2.598337e-02	-1.557286e+01
4.394000e-05	-2.833056e-02	-1.558446e+01
4.395000e-05	-2.779911e-02	-1.556491e+01
4.396000e-05	-2.818213e-02	-1.555444e+01
4.397000e-05	-2.864389e-02	-1.552238e+01
4.398000e-05	-3.019892e-02	-1.550289e+01
4.399000e-05	-3.193247e-02	-1.549130e+01
4.400000e-05	-3.259029e-02	-1.546021e+01
4.401000e-05	-3.425191e-02	-1.543912e+01
4.402000e-05	-3.583533e-02	-1.539404e+01
4.403000e-05	-3.575527e-02	-1.531443e+01
4.404000e-05	-3.494453e-02	-1.526970e+01
4.405000e-05	-3.672032e-02	-1.521815e+01
4.406000e-05	-3.990713e-02	-1.520747e+01
4.407000e-05	-4.453715e-02	-1.508131e+01
4.408000e-05	-4.723007e-02	-1.503772e+01
4.409000e-05	-5.083801e-02	-1.494499e+01
4.410000e-05	-5.564767e-02	-1.491133e+01
4.411000e-05	-6.159538e-02	-1.479804e+01
4.412000e-05	-6.694520e-02	-1.471291e+01
4.413000e-05	-7.761847e-02	-1.462712e+01
4.414000e-05	-9.202983e-02	-1.448186e+01
4.415000e-05	-1.077553e-01	-1.444000e+01
4.416000e-05	-1.253414e-01	-1.429176e+01
4.417000e-05	-1.513992e-01	-1.414541e+01
4.418000e-05	-1.805896e-01	-1.402004e+01
4.419000e-05	-2.109265e-01	-1.391285e+01
4.420000e-05	-2.337662e-01	-1.376451e+01
4.421000e-05	-2.490698e-01	-1.359704e+01
4.422000e-05	-2.499861e-01	-1.345170e+01
4.423000e-05	-2.500000e-01	-1.330246e+01
4.424000e-05	-2.500000e-01	-1.316646e+01
4.425000e-05	-2.500000e-01	-1.299870e+01
4.426000e-05	-2.500000e-01	-1.287128e+01
4.427000e-05	-2.471935e-01	-1.266226e+01
4.428000e-05	-2.293704e-01	-1.254643e+01
4.429000e-05	-2.013715e-01	-1.233448e+01
4.430000e-05	-1.731718e-01	-1.215709e+01
4.431000e-05	-1.463361e-01	-1.202602e+01
4.432000e-05	-1.212388e-01	-1.176507e+01
4.433000e-05	-1.029431e-01	-1.153739e+01
4.434000e-05	-8.874391e-02	-1.130346e+01
4.435000e-05	-7.433793e-02	-1.106493e+01
4.436000e-05	-6.163349e-02	-1.087546e+01
4.437000e-05	-5.270132e-02	-1.070309e+01
4.438000e-05	-4.578433e-02	-1.048443e+01
4.439000e-05	-4.004404e-02	-1.030399e+01
4.440000e-05	-3.330205e-02	-1.003285e+01
4.441000e-05	-2.969943e-02	-9.841429e+00
4.442000e-05	-2.734971e-02	-9.639780e+00
4.443000e-05	-2.483465e-02	-9.408796e+00
4.444000e-05	-2.199784e-02	-9.179266e+00
4.445000e-05	-1.884437e-02	-8.937266e+00
4.446000e-05	-1.816937e-02	-8.674489e+00
4.447000e-05	-1.777253e-02	-8.422359e+00
4.448000e-05	-1.568080e-02	-8.199326e+00
4.449000e-05	-1.412965e-02	-7.967244e+00
4.450000e-05	-1.415584e-02	-7.683484e+00
4.451000e-05	-1.371719e-02	-7.419876e+00
4.452000e-05	-1.219731e-02	-7.150222e+00
4.453000e-05	-1.105386e-02	-6.895090e+00
4.454000e-05	-1.082058e-02	-6.653874e+00
4.455000e-05	-1.112954e-02	-6.401901e+00
4.456000e-05	-9.439262e-03	-6.105666e+00
4.457000e-05	-9.846735e-03	-5.813531e+00
4.458000e-05	-8.452968e-03	-5.558925e+00
4.459000e-05	-1.023688e-02	-5.243037e+00
4.460000e-05	-8.795793e-03	-4.950321e+00
4.461000e-05	-8.184035e-03	-4.643434e+00
4.462000e-05	-6.914389e-03	-4.402451e+00
4.463000e-05	-8.117541e-03	-4.189894e+00
4.464000e-05	-6.688556e-03	-3.884735e+00
4.465000e-05	-7.558301e-03	-3.570900e+00
4.466000e-05	-7.399157e-03	-3.327819e+00
4.467000e-05	-8.430006e-03	-3.034504e+00
4.468000e-05	-5.711323e-03	-2.727792e+00
4.469000e-05	-4.523549e-03	-2.504659e+00
4.470000e-05	-6.108945e-03	-2.189499e+00
4.471000e-05	-5.870337e-03	-1.896217e+00
4.472000e-05	-4.939445e-03	-1.642555e+00
4.473000e-05	-5.210996e-03	-1.286236e+00
4.474000e-05	-6.224419e-03	-9.924014e-01
4.475000e-05	-4.898102e-03	-7.298698e-01
4.476000e-05	-2.426606e-03	-4.031526e-01
4.477000e-05	6.569410e-05	-1.474212e-01
4.478000e-05	7.241366e-03	1.152656e-01
4.479000e-05	1.107804e-03	4.290251e-01
4.480000e-05	2.584511e-03	6.821866e-01
4.481000e-05	-9.582606e-04	9.527407e-01
4.482000e-05	4.376731e-04	1.280528e+00
4.483000e-05	-2.097936e-04	1.594839e+00
4.484000e-05	8.011267e-03	1.828926e+00
4.485000e-05	2.404281e-02	2.081530e+00
4.486000e-05	8.187168e-02	2.344738e+00
4.487000e-05	-1.059923e-02	2.772663e+00
4.488000e-05	-5.476649e-02	3.050951e+00
4.489000e-05	-4.040155e-02	3.291957e+00
4.490000e-05	-2.347021e-03	3.576720e+00
4.491000e-05	-2.988975e-02	3.766348e+00
4.492000e-05	-4.790871e-02	3.946264e+00
4.493000e-05	9.293350e-02	4.258297e+00
4.494000e-05	-1.072921e-02	4.595263e+00
4.495000e-05	3.199080e-02	4.786271e+00
4.496000e-05	5.741998e-02	5.102565e+00
4.497000e-05	-1.034411e-01	5.469979e+00
4.498000e-05	6.146128e-02	5.671032e+00
4.499000e-05	-2.558225e-02	6.039800e+00
4.500000e-05	2.102195e-02	6.230376e+00
4.501000e-05	-3.343097e-03	6.494034e+00
4.502000e-05	-1.032722e-02	6.827221e+00
4.503000e-05	7.131761e-02	7.050326e+00
4.504000e-05	-4.581027e-02	7.342487e+00
4.505000e-05	1.831822e-03	7.617723e+00
4.506000e-05	-2.340548e-02	7.910403e+00
4.507000e-05	5.549937e-02	8.135067e+00
4.508000e-05	8.500119e-03	8.406619e+00
4.509000e-05	-3.639238e-02	8.626719e+00
4.510000e-05	4.312920e-02	8.868773e+00
4.511000e-05	-1.306984e-02	9.102383e+00
4.512000e-05	1.891516e-02	9.320908e+00
4.513000e-05	-2.603550e-02	9.563534e+00
4.514000e-05	2.506773e-02	9.766090e+00
4.515000e-05	1.723701e-02	1.003724e+01
4.516000e-05	1.008062e-02	1.022873e+01
4.517000e-05	2.831164e-03	1.046925e+01
4.518000e-05	-1.307203e-02	1.067078e+01
4.519000e-05	2.930817e-02	1.085940e+01
4.520000e-05	-7.710595e-03	1.107033e+01
4.521000e-05	1.293573e-02	1.127928e+01
4.522000e-05	-2.674786e-03	1.149038e+01
4.523000e-05	3.001217e-02	1.173191e+01
4.524000e-05	2.963031e-03	1.192181e+01
4.525000e-05	5.204531e-03	1.210831e+01
4.526000e-05	3.651795e-04	1.229028e+01
4.527000e-05	1.451068e-02	1.245982e+01
4.528000e-05	1.419610e-02	1.262663e+01
4.529000e-05	1.770084e-03	1.276712e+01
4.530000e-05	1.332916e-02	1.296446e+01
4.531000e-05	1.223318e-02	1.311288e+01
4.532000e-05	1.914279e-02	1.328030e+01
4.533000e-05	-2.295028e-03	1.339720e+01
4.534000e-05	1.269714e-02	1.360249e+01
4.535000e-05	1.141283e-02	1.371325e+01
4.536000e-05	1.676141e-02	1.383718e+01
4.537000e-05	6.235021e-03	1.399557e+01
4.538000e-05	1.142060e-02	1.417333e+01
4.539000e-05	1.885690e-02	1.427720e+01
4.540000e-05	1.222100e-02	1.438444e+01
4.541000e-05	9.584317e-03	1.450128e+01
4.542000e-05	8.247786e-03	1.460604e+01
4.543000e-05	2.057124e-02	1.473221e+01
4.544000e-05	1.358975e-02	1.482407e+01
4.545000e-05	1.274465e-02	1.483065e+01
4.546000e-05	1.281340e-02	1.496244e+01
4.547000e-05	1.887240e-02	1.501872e+01
4.548000e-05	1.531350e-02	1.510175e+01
4.549000e-05	1.149180e-02	1.518341e+01
4.550000e-05	1.491041e-02	1.522696e+01
4.551000e-05	1.825347e-02	1.527923e+01
4.552000e-05	1.899454e-02	1.529078e+01
4.553000e-05	1.304761e-02	1.535286e+01
4.554000e-05	1.685993e-02	1.538597e+01
4.555000e-05	1.933239e-02	1.545862e+01
4.556000e-05	2.025304e-02	1.548872e+01
4.557000e-05	1.596629e-02	1.548180e+01
4.558000e-05	1.901092e-02	1.551231e+01
4.559000e-05	2.260876e-02	1.551278e+01
4.560000e-05	2.052923e-02	1.552375e+01
4.561000e-05	1.891346e-02	1.551178e+01
4.562000e-05	1.904895e-02	1.550128e+01
4.563000e-05	2.580147e-02	1.547320e+01
4.564000e-05	2.491875e-02	1.548878e+01
4.565000e-05	2.452632e-02	1.545070e+01
4.566000e-05	2.587813e-02	1.542762e+01
4.567000e-05	2.740876e-02	1.539549e+01
4.568000e-05	2.908987e-02	1.535083e+01
4.569000e-05	2.623836e-02	1.530075e+01
4.570000e-05	3.037770e-02	1.524757e+01
4.571000e-05	3.287906e-02	1.520604e+01
4.572000e-05	3.621206e-02	1.511231e+01
4.573000e-05	3.492735e-02	1.507872e+01
4.574000e-05	3.878217e-02	1.499707e+01
4.575000e-05	4.585499e-02	1.490243e+01
4.576000e-05	5.121430e-02	1.478760e+01
4.577000e-05	5.453058e-02	1.475298e+01
4.578000e-05	6.356124e-02	1.466223e+01
4.579000e-05	7.757544e-02	1.456541e+01
4.580000e-05	9.102589e-02	1.443015e+01
4.581000e-05	1.032858e-01	1.435238e+01
4.582000e-05	1.237518e-01	1.421657e+01
4.583000e-05	1.531687e-01	1.409067e+01
4.584000e-05	1.853465e-01	1.397487e+01
4.585000e-05	2.144905e-01	1.379862e+01
4.586000e-05	2.362863e-01	1.368076e+01
4.587000e-05	2.498533e-01	1.355349e+01
4.588000e-05	2.499974e-01	1.339667e+01
4.589000e-05	2.500000e-01	1.321867e+01
4.590000e-05	2.500000e-01	1.309128e+01
4.591000e-05	2.500000e-01	1.291396e+01
4.592000e-05	2.496000e-01	1.277549e+01
4.593000e-05	2.388486e-01	1.261922e+01
4.594000e-05	2.125043e-01	1.241868e+01
4.595000e-05	1.851195e-01	1.227085e+01
4.596000e-05	1.564212e-01	1.206025e+01
4.597000e-05	1.303269e-01	1.190236e+01
4.598000e-05	1.060756e-01	1.167236e+01
4.599000e-05	9.101113e-02	1.145228e+01
4.600000e-05	7.612140e-02	1.126031e+01
4.601000e-05	6.144505e-02	1.105088e+01
4.602000e-05	4.828033e-02	1.084133e+01
4.603000e-05	4.273934e-02	1.063985e+01
4.604000e-05	3.524107e-02	1.039935e+01
4.605000e-05	2.902861e-02	1.020980e+01
4.606000e-05	2.361950e-02	9.987616e+00
4.607000e-05	2.052848e-02	9.755566e+00
4.608000e-05	1.898886e-02	9.496111e+00
4.609000e-05	1.468584e-02	9.294567e+00
4.610000e-05	1.081493e-02	9.064477e+00
4.611000e-05	1.038230e-02	8.819304e+00
4.612000e-05	9.892434e-03	8.608826e+00
4.613000e-05	8.066703e-03	8.388219e+00
4.614000e-05	5.789669e-03	8.125537e+00
4.615000e-05	3.869554e-03	7.842958e+00
4.616000e-05	4.436586e-03	7.580821e+00
4.617000e-05	4.603206e-03	7.316638e+00
4.618000e-05	2.234308e-03	7.052529e+00
4.619000e-05	2.395845e-03	6.851403e+00
4.620000e-05	1.895431e-03	6.557191e+00
4.621000e-05	1.691273e-03	6.285109e+00
4.622000e-05	1.199654e-03	6.032029e+00
4.623000e-05	-5.730396e-04	5.768721e+00
4.624000e-05	-6.877913e-04	5.505664e+00
4.625000e-05	-1.070735e-03	5.189823e+00
4.626000e-05	-1.050734e-03	4.873960e+00
4.627000e-05	-1.378943e-03	4.548821e+00
4.628000e-05	-1.813744e-03	4.286221e+00
4.629000e-05	-2.222316e-03	4.019451e+00
4.630000e-05	-2.214471e-03	3.727371e+00
4.631000e-05	-2.625183e-03	3.505213e+00
4.632000e-05	-3.769867e-03	3.149349e+00
4.633000e-05	-3.058003e-03	2.916789e+00
4.634000e-05	-3.569877e-03	2.693578e+00
4.635000e-05	-3.350256e-03	2.328292e+00
4.636000e-05	-4.111777e-03	2.074211e+00
4.637000e-05	-3.533351e-03	1.772553e+00
4.638000e-05	-3.828248e-03	1.465686e+00
4.639000e-05	-4.429166e-03	1.181605e+00
4.640000e-05	-5.888362e-03	8.521304e-01
4.641000e-05	-5.228503e-03	5.604501e-01
4.642000e-05	-3.401883e-03	2.878672e-01
4.643000e-05	-3.266625e-03	-2.884618e-02
4.644000e-05	5.055504e-03	-2.925838e-01
4.645000e-05	-4.430789e-03	-5.231091e-01
4.646000e-05	1.369803e-03	-7.899224e-01
4.647000e-05	-7.316929e-03	-1.040554e+00
4.648000e-05	-3.222833e-03	-1.354839e+00
4.649000e-05	-5.199837e-03	-1.609499e+00
4.650000e-05	1.421756e-02	-1.861581e+00
4.651000e-05	7.269067e-02	-2.071050e+00
4.652000e-05	2.637417e-02	-2.407347e+00
4.653000e-05	-7.748692e-02	-2.775693e+00
4.654000e-05	-3.295421e-02	-3.156664e+00
4.655000e-05	-3.322965e-02	-3.428873e+00
4.656000e-05	-4.710411e-02	-3.659976e+00
4.657000e-05	-2.038315e-02	-3.964688e+00
4.658000e-05	1.361451e-01	-4.093158e+00
4.659000e-05	-1.596179e-01	-4.376766e+00
4.660000e-05	1.741350e-01	-4.650874e+00
4.661000e-05	-5.757859e-02	-4.871504e+00
4.662000e-05	-6.360806e-02	-5.297800e+00
4.663000e-05	5.663928e-02	-5.504956e+00
4.664000e-05	-1.432921e-01	-5.776248e+00
4.665000e-05	1.432305e-01	-6.061879e+00
4.666000e-05	-8.699431e-02	-6.312586e+00
4.667000e-05	3.771382e-02	-6.598198e+00
4.668000e-05	3.678167e-02	-6.830327e+00
4.669000e-05	-9.750835e-02	-7.216542e+00
4.670000e-05	6.594846e-02	-7.417301e+00
4.671000e-05	-1.064988e-01	-7.690928e+00
4.672000e-05	8.171735e-02	-8.007194e+00
4.673000e-05	-3.660031e-02	-8.208297e+00
4.674000e-05	-1.262099e-02	-8.480379e+00
4.675000e-05	4.839683e-02	-8.691410e+00
4.676000e-05	-9.609803e-02	-8.975070e+00
4.677000e-05	6.662751e-02	-9.206090e+00
4.678000e-05	-9.182836e-02	-9.405619e+00
4.679000e-05	6.426862e-02	-9.690754e+00
4.680000e-05	-4.695876e-02	-9.879826e+00
4.681000e-05	1.957934e-02	-1.012238e+01
4.682000e-05	-1.769397e-02	-1.032091e+01
4.683000e-05	-2.805118e-02	-1.057457e+01
4.684000e-05	9.967651e-03	-1.078454e+01
4.685000e-05	-4.651018e-02	-1.098294e+01
4.686000e-05	2.543907e-02	-1.113609e+01
4.687000e-05	-3.951896e-02	-1.136461e+01
4.688000e-05	2.424720e-02	-1.162506e+01
4.689000e-05	-4.016800e-02	-1.179609e+01
4.690000e-05	8.356280e-03	-1.201707e+01
4.691000e-05	-3.730901e-02	-1.217659e+01
4.692000e-05	1.488348e-03	-1.243599e+01
4.693000e-05	-2.189276e-02	-1.253491e+01
4.694000e-05	-7.692104e-03	-1.273386e+01
4.695000e-05	-1.150422e-02	-1.289078e+01
4.696000e-05	-1.568514e-02	-1.303712e+01
4.697000e-05	-7.413992e-03	-1.323657e+01
4.698000e-05	-2.996073e-02	-1.335392e+01
4.699000e-05	-4.703163e-03	-1.352283e+01
4.700000e-05	-2.668474e-02	-1.364973e+01
4.701000e-05	-4.735138e-03	-1.381559e+01
4.702000e-05	-2.673227e-02	-1.393281e+01
4.703000e-05	-7.781565e-03	-1.405020e+01
4.704000e-05	-2.060463e-02	-1.416651e+01
4.705000e-05	-1.525285e-02	-1.435291e+01
4.706000e-05	-2.303846e-02	-1.445654e+01
4.707000e-05	-1.819035e-02	-1.454384e+01
4.708000e-05	-1.805415e-02	-1.462815e+01
4.709000e-05	-1.816128e-02	-1.474344e+01
4.710000e-05	-2.010533e-02	-1.482757e+01
4.711000e-05	-1.986359e-02	-1.492079e+01
4.712000e-05	-1.942358e-02	-1.501559e+01
4.713000e-05	-2.218807e-02	-1.506128e+01
4.714000e-05	-2.198357e-02	-1.516286e+01
4.715000e-05	-2.273349e-02	-1.521652e+01
4.716000e-05	-1.944445e-02	-1.524013e+01
4.717000e-05	-2.367069e-02	-1.532371e+01
4.718000e-05	-2.216270e-02	-1.534484e+01
4.719000e-05	-2.584407e-02	-1.542864e+01
4.720000e-05	-2.122637e-02	-1.550912e+01
4.721000e-05	-2.462449e-02	-1.546978e+01
4.722000e-05	-2.449417e-02	-1.552131e+01
4.723000e-05	-2.573967e-02	-1.551391e+01
4.724000e-05	-2.374118e-02	-1.552443e+01
4.725000e-05	-2.572481e-02	-1.555549e+01
4.726000e-05	-2.979973e-02	-1.555491e+01
4.727000e-05	-3.000535e-02	-1.556543e+01
4.728000e-05	-2.698290e-02	-1.554434e+01
4.729000e-05	-2.737810e-02	-1.553379e+01
4.730000e-05	-3.144286e-02	-1.550333e+01
4.731000e-05	-3.263586e-02	-1.546075e+01
4.732000e-05	-3.181844e-02	-1.545017e+01
4.733000e-05	-3.177757e-02	-1.539911e+01
4.734000e-05	-3.650960e-02	-1.537499e+01
4.735000e-05	-3.652869e-02	-1.529341e+01
4.736000e-05	-3.579041e-02	-1.524020e+01
4.737000e-05	-3.744146e-02	-1.520654e+01
4.738000e-05	-4.268680e-02	-1.512541e+01
4.739000e-05	-4.597986e-02	-1.508032e+01
4.740000e-05	-4.713157e-02	-1.498709e+01
4.741000e-05	-5.099258e-02	-1.493441e+01
4.742000e-05	-5.699292e-02	-1.483918e+01
4.743000e-05	-6.480881e-02	-1.477499e+01
4.744000e-05	-7.139487e-02	-1.468230e+01
4.745000e-05	-8.268732e-02	-1.452754e+01
4.746000e-05	-9.737096e-02	-1.447028e+01
4.747000e-05	-1.155864e-01	-1.435436e+01
4.748000e-05	-1.352116e-01	-1.425023e+01
4.749000e-05	-1.599710e-01	-1.406281e+01
4.750000e-05	-1.916229e-01	-1.397549e+01
4.751000e-05	-2.219088e-01	-1.384074e+01
4.752000e-05	-2.421494e-01	-1.368181e+01
4.753000e-05	-2.498868e-01	-1.352549e+01
4.754000e-05	-2.499995e-01	-1.337867e+01
4.755000e-05	-2.500000e-01	-1.323172e+01
4.756000e-05	-2.500000e-01	-1.310346e+01
4.757000e-05	-2.500000e-01	-1.291609e+01
4.758000e-05	-2.497000e-01	-1.277812e+01
4.759000e-05	-2.431195e-01	-1.262928e+01
4.760000e-05	-2.202988e-01	-1.243183e+01
4.761000e-05	-1.878954e-01	-1.229343e+01
4.762000e-05	-1.609056e-01	-1.209538e+01
4.763000e-05	-1.383481e-01	-1.187283e+01
4.764000e-05	-1.153439e-01	-1.168139e+01
4.765000e-05	-9.610681e-02	-1.147288e+01
4.766000e-05	-8.099219e-02	-1.124085e+01
4.767000e-05	-7.104258e-02	-1.099925e+01
4.768000e-05	-5.899968e-02	-1.080082e+01
4.769000e-05	-4.926289e-02	-1.062040e+01
4.770000e-05	-4.272973e-02	-1.046130e+01
4.771000e-05	-3.898957e-02	-1.019922e+01
4.772000e-05	-3.345405e-02	-9.968793e+00
4.773000e-05	-2.775499e-02	-9.758250e+00
4.774000e-05	-2.528627e-02	-9.547138e+00
4.775000e-05	-2.475414e-02	-9.315056e+00
4.776000e-05	-2.174037e-02	-9.054030e+00
4.777000e-05	-1.884082e-02	-8.883529e+00
4.778000e-05	-1.733805e-02	-8.611820e+00
4.779000e-05	-1.716767e-02	-8.357187e+00
4.780000e-05	-1.534726e-02	-8.117585e+00
4.781000e-05	-1.333961e-02	-7.862453e+00
4.782000e-05	-1.246662e-02	-7.579737e+00
4.783000e-05	-1.264018e-02	-7.316187e+00
4.784000e-05	-1.239256e-02	-7.063504e+00
4.785000e-05	-1.081937e-02	-6.800771e+00
4.786000e-05	-1.096399e-02	-6.566766e+00
4.787000e-05	-1.093676e-02	-6.276159e+00
4.788000e-05	-1.029607e-02	-6.021351e+00
4.789000e-05	-9.625371e-03	-5.747318e+00
4.790000e-05	-7.646631e-03	-5.493076e+00
4.791000e-05	-9.430784e-03	-5.167821e+00
4.792000e-05	-7.650342e-03	-4.831480e+00
4.793000e-05	-7.526118e-03	-4.547713e+00
4.794000e-05	-6.426142e-03	-4.296737e+00
4.795000e-05	-8.515376e-03	-4.075110e+00
4.796000e-05	-6.248989e-03	-3.789942e+00
4.797000e-05	-9.812676e-03	-3.508237e+00
4.798000e-05	-6.957765e-03	-3.231455e+00
4.799000e-05	-6.031911e-03	-2.908312e+00
4.800000e-05	-3.558679e-03	-2.643658e+00
4.801000e-05	-5.238036e-03	-2.351449e+00
4.802000e-05	-5.772338e-03	-2.064631e+00
4.803000e-05	-5.264163e-03	-1.791500e+00
4.804000e-05	-4.699951e-03	-1.489766e+00
4.805000e-05	-6.156149e-03	-1.160969e+00
4.806000e-05	-6.018701e-03	-8.962607e-01
4.807000e-05	-3.946564e-03	-5.905751e-01
4.808000e-05	-1.522357e-03	-2.862647e-01
4.809000e-05	1.401863e-03	-3.468057e-02
4.810000e-05	8.527448e-03	3.010528e-01
4.811000e-05	-2.268014e-03	5.342882e-01
4.812000e-05	4.596115e-03	7.458434e-01
4.813000e-05	-2.212789e-03	1.112606e+00
4.814000e-05	2.332522e-03	1.354241e+00
4.815000e-05	-2.246164e-03	1.702085e+00
4.816000e-05	1.440315e-02	1.944239e+00
4.817000e-05	4.268437e-02	2.166293e+00
4.818000e-05	7.526655e-02	2.541084e+00
4.819000e-05	-6.044273e-02	2.852483e+00
4.820000e-05	-4.178988e-02	3.154191e+00
4.821000e-05	-3.108651e-02	3.424771e+00
4.822000e-05	6.786517e-03	3.661853e+00
4.823000e-05	-5.781442e-02	3.870483e+00
4.824000e-05	-4.744324e-03	4.108974e+00
4.825000e-05	1.085694e-01	4.344218e+00
4.826000e-05	-7.212359e-02	4.660952e+00
4.827000e-05	1.242571e-01	4.921458e+00
4.828000e-05	-6.285633e-02	5.291459e+00
4.829000e-05	-2.684884e-02	5.504638e+00
4.830000e-05	4.651981e-02	5.826750e+00
4.831000e-05	-4.149456e-02	6.112507e+00
4.832000e-05	4.824924e-02	6.333084e+00
4.833000e-05	-4.388088e-02	6.656797e+00
4.834000e-05	5.290456e-02	6.881458e+00
4.835000e-05	1.539697e-02	7.174062e+00
4.836000e-05	-3.402894e-02	7.428725e+00
4.837000e-05	-4.345597e-03	7.732981e+00
4.838000e-05	-4.985702e-04	8.004618e+00
4.839000e-05	5.643681e-02	8.289377e+00
4.840000e-05	-3.069757e-02	8.450432e+00
4.841000e-05	8.104358e-04	8.712457e+00
4.842000e-05	3.258309e-02	8.963513e+00
4.843000e-05	-1.354348e-02	9.195689e+00
4.844000e-05	1.274595e-02	9.436198e+00
4.845000e-05	-2.128481e-02	9.667800e+00
4.846000e-05	3.895642e-02	9.902276e+00
4.847000e-05	3.240749e-03	1.014143e+01
4.848000e-05	1.200799e-02	1.031339e+01
4.849000e-05	-8.538377e-03	1.052503e+01
4.850000e-05	6.198435e-03	1.075399e+01
4.851000e-05	2.142978e-02	1.098361e+01
4.852000e-05	-1.076996e-02	1.118499e+01
4.853000e-05	1.420962e-02	1.138299e+01
4.854000e-05	7.158045e-03	1.158652e+01
4.855000e-05	2.610067e-02	1.182557e+01
4.856000e-05	-4.038242e-03	1.199609e+01
4.857000e-05	5.609026e-03	1.216589e+01
4.858000e-05	7.980134e-03	1.236502e+01
4.859000e-05	1.399339e-02	1.254386e+01
4.860000e-05	7.507285e-03	1.271181e+01
4.861000e-05	2.896455e-03	1.287778e+01
4.862000e-05	1.883972e-02	1.305670e+01
4.863000e-05	1.407671e-02	1.315352e+01
4.864000e-05	1.047817e-02	1.333336e+01
4.865000e-05	1.623971e-03	1.347878e+01
4.866000e-05	1.486880e-02	1.366717e+01
4.867000e-05	1.314380e-02	1.375436e+01
4.868000e-05	8.192117e-03	1.394136e+01
4.869000e-05	8.484296e-03	1.406807e+01
4.870000e-05	1.563850e-02	1.422497e+01
4.871000e-05	2.015791e-02	1.431131e+01
4.872000e-05	7.860403e-03	1.442897e+01
4.873000e-05	8.269026e-03	1.456183e+01
4.874000e-05	1.479738e-02	1.466010e+01
4.875000e-05	1.836906e-02	1.475144e+01
4.876000e-05	1.185856e-02	1.482914e+01
4.877000e-05	9.495034e-03	1.492028e+01
4.878000e-05	1.869210e-02	1.501544e+01
4.879000e-05	1.647135e-02	1.505820e+01
4.880000e-05	1.455677e-02	1.512281e+01
4.881000e-05	9.768814e-03	1.516398e+01
4.882000e-05	1.815732e-02	1.521814e+01
4.883000e-05	1.895833e-02	1.532020e+01
4.884000e-05	1.613953e-02	1.531236e+01
4.885000e-05	1.463878e-02	1.537591e+01
4.886000e-05	1.787546e-02	1.540705e+01
4.887000e-05	2.145716e-02	1.543862e+01
4.888000e-05	1.638143e-02	1.542923e+01
4.889000e-05	1.662727e-02	1.551075e+01
4.890000e-05	2.039801e-02	1.552373e+01
4.891000e-05	2.396252e-02	1.551228e+01
4.892000e-05	1.917476e-02	1.550076e+01
4.893000e-05	1.736178e-02	1.551381e+01
4.894000e-05	2.271246e-02	1.552433e+01
4.895000e-05	2.722575e-02	1.545020e+01
4.896000e-05	2.569760e-02	1.547075e+01
4.897000e-05	2.066055e-02	1.542920e+01
4.898000e-05	2.610939e-02	1.540657e+01
4.899000e-05	2.845522e-02	1.535649e+01
4.900000e-05	2.892250e-02	1.527281e+01
4.901000e-05	2.524869e-02	1.525018e+01
4.902000e-05	3.126809e-02	1.522710e+01
4.903000e-05	3.631405e-02	1.512547e+01
4.904000e-05	3.599462e-02	1.511131e+01
4.905000e-05	3.471259e-02	1.502964e+01
4.906000e-05	4.095362e-02	1.494301e+01
4.907000e-05	4.778394e-02	1.488173e+01
4.908000e-05	5.116731e-02	1.481710e+01
4.909000e-05	5.803190e-02	1.469431e+01
4.910000e-05	6.871910e-02	1.458767e+01
4.911000e-05	8.283138e-02	1.449286e+01
4.912000e-05	9.486649e-02	1.439707e+01
4.913000e-05	1.116158e-01	1.432073e+01
4.914000e-05	1.362669e-01	1.417639e+01
4.915000e-05	1.649322e-01	1.401957e+01
4.916000e-05	1.966882e-01	1.388033e+01
4.917000e-05	2.236070e-01	1.377454e+01
4.918000e-05	2.445836e-01	1.359807e+01
4.919000e-05	2.499121e-01	1.348280e+01
4.920000e-05	2.500000e-01	1.335439e+01
4.921000e-05	2.500000e-01	1.316604e+01
4.922000e-05	2.500000e-01	1.302115e+01
4.923000e-05	2.500000e-01	1.282965e+01
4.924000e-05	2.476000e-01	1.269340e+01
4.925000e-05	2.319682e-01	1.253344e+01
4.926000e-05	2.020621e-01	1.235601e+01
4.927000e-05	1.733053e-01	1.218714e+01
4.928000e-05	1.442771e-01	1.200672e+01
4.929000e-05	1.202387e-01	1.177812e+01
4.930000e-05	9.987010e-02	1.159859e+01
4.931000e-05	8.475720e-02	1.138967e+01
4.932000e-05	6.950470e-02	1.113612e+01
4.933000e-05	5.738459e-02	1.096617e+01
4.934000e-05	4.754459e-02	1.075720e+01
4.935000e-05	3.957005e-02	1.056659e+01
4.936000e-05	3.158781e-02	1.035564e+01
4.937000e-05	2.639959e-02	1.013401e+01
4.938000e-05	2.281820e-02	9.864457e+00
4.939000e-05	1.953617e-02	9.670380e+00
4.940000e-05	1.546215e-02	9.439350e+00
4.941000e-05	1.379634e-02	9.207275e+00
4.942000e-05	1.141563e-02	8.980845e+00
4.943000e-05	1.031349e-02	8.707095e+00
4.944000e-05	7.133437e-03	8.535715e+00
4.945000e-05	7.379596e-03	8.271983e+00
4.946000e-05	6.960410e-03	8.030878e+00
4.947000e-05	4.393218e-03	7.747696e+00
4.948000e-05	2.090314e-03	7.475132e+00
4.949000e-05	2.428786e-03	7.200375e+00
4.950000e-05	4.214052e-03	6.957322e+00
4.951000e-05	1.359760e-03	6.737688e+00
4.952000e-05	8.239394e-04	6.462929e+00
4.953000e-05	8.742046e-04	6.178841e+00
4.954000e-05	2.954126e-03	5.916786e+00
4.955000e-05	-4.198227e-04	5.633505e+00
4.956000e-05	-2.088855e-03	5.400899e+00
4.957000e-05	-1.821699e-03	5.042480e+00
4.958000e-05	3.997720e-04	4.728770e+00
4.959000e-05	-1.782312e-03	4.474136e+00
4.960000e-05	-4.390367e-03	4.200924e+00
4.961000e-05	-2.526456e-03	3.914714e+00
4.962000e-05	4.244939e-04	3.634107e+00
4.963000e-05	-2.117245e-03	3.357344e+00
4.964000e-05	-5.739258e-03	3.054659e+00
4.965000e-05	-4.780071e-03	2.811104e+00
4.966000e-05	-1.793263e-03	2.536266e+00
4.967000e-05	-3.515252e-03	2.241533e+00
4.968000e-05	-5.746769e-03	1.960001e+00
4.969000e-05	-5.332767e-03	1.695192e+00
4.970000e-05	-2.891759e-03	1.368420e+00
4.971000e-05	-4.878756e-03	1.015658e+00
4.972000e-05	-6.072359e-03	7.278649e-01
4.973000e-05	-5.516168e-03	4.546607e-01
4.974000e-05	-1.327895e-03	2.120464e-01
4.975000e-05	-6.441945e-04	-1.122615e-01
4.976000e-05	4.787567e-03	-3.473446e-01
4.977000e-05	-7.662972e-03	-6.400511e-01
4.978000e-05	5.137014e-04	-9.137367e-01
4.979000e-05	-6.673720e-03	-1.168318e+00
4.980000e-05	-3.866449e-03	-1.544033e+00
4.981000e-05	-3.136067e-03	-1.733688e+00
4.982000e-05	2.913922e-02	-1.945766e+00
4.983000e-05	1.000372e-01	-2.176393e+00
4.984000e-05	-5.357895e-02	-2.545213e+00
4.985000e-05	-4.788955e-02	-2.913659e+00
4.986000e-05	-4.554017e-02	-3.272501e+00
4.987000e-05	-1.471074e-02	-3.502659e+00
4.988000e-05	-8.082448e-02	-3.795113e+00
4.989000e-05	9.183905e-02	-3.969798e+00
4.990000e-05	1.044182e-02	-4.197265e+00
4.991000e-05	-7.813417e-02	-4.531033e+00
4.992000e-05	1.762489e-01	-4.732636e+00
4.993000e-05	-1.752585e-01	-5.039722e+00
4.994000e-05	7.303032e-02	-5.355614e+00
4.995000e-05	-7.142582e-02	-5.618747e+00
4.996000e-05	-2.613574e-02	-5.893082e+00
4.997000e-05	9.468114e-02	-6.133163e+00
4.998000e-05	-1.145372e-01	-6.448301e+00
4.999000e-05	1.172747e-01	-6.712534e+00
