# 261001_13:24:13.482975
t	CH1	CH2
0.000000e+00	-1.588065e-03	-1.143122e-01
1.000000e-08	4.380001e-03	-3.563434e-01
2.000000e-08	-5.184556e-03	-5.348664e-01
3.000000e-08	3.606967e-04	-8.090711e-01
4.000000e-08	-4.394338e-03	-1.030025e+00
5.000000e-08	-1.212831e-04	-1.210576e+00
6.000000e-08	-3.413369e-03	-1.443616e+00
7.000000e-08	1.063683e-02	-1.695734e+00
8.000000e-08	6.452799e-02	-1.912636e+00
9.000000e-08	2.252049e-02	-2.146764e+00
1.000000e-07	-6.045564e-02	-2.494237e+00
1.100000e-07	-3.943363e-02	-2.766896e+00
1.200000e-07	-4.576936e-02	-2.997896e+00
1.300000e-07	-4.110923e-02	-3.200550e+00
1.400000e-07	1.017364e-01	-3.314217e+00
1.500000e-07	-3.244846e-02	-3.544212e+00
1.600000e-07	-5.954593e-02	-3.786371e+00
1.700000e-07	1.579463e-01	-3.927975e+00
1.800000e-07	-9.843072e-02	-4.220476e+00
1.900000e-07	3.819763e-02	-4.431081e+00
2.000000e-07	-4.452838e-02	-4.608506e+00
2.100000e-07	-8.602825e-02	-4.934816e+00
2.200000e-07	1.274494e-01	-5.093717e+00
2.300000e-07	-6.034960e-02	-5.345841e+00
2.400000e-07	3.163013e-02	-5.641509e+00
2.500000e-07	2.058421e-03	-5.808480e+00
2.600000e-07	-5.669907e-02	-6.071610e+00
2.700000e-07	7.635906e-02	-6.250064e+00
2.800000e-07	-9.366342e-02	-6.451165e+00
2.900000e-07	2.991588e-02	-6.702214e+00
3.000000e-07	1.025881e-02	-6.831187e+00
3.100000e-07	-5.808821e-03	-7.145796e+00
3.200000e-07	4.618242e-02	-7.295722e+00
3.300000e-07	-1.114801e-01	-7.485269e+00
3.400000e-07	7.575591e-02	-7.745293e+00
3.500000e-07	-4.260215e-02	-7.976323e+00
3.600000e-07	1.997237e-02	-8.115352e+00
3.700000e-07	-1.160447e-02	-8.302719e+00
3.800000e-07	-2.021573e-02	-8.503696e+00
3.900000e-07	4.945248e-02	-8.692647e+00
4.000000e-07	-5.735316e-02	-8.873113e+00
4.100000e-07	2.199097e-02	-9.011061e+00
4.200000e-07	-4.228664e-02	-9.176953e+00
4.300000e-07	3.406190e-02	-9.377836e+00
4.400000e-07	-1.142428e-02	-9.553801e+00
4.500000e-07	-1.444921e-02	-9.724249e+00
4.600000e-07	7.583010e-03	-9.850065e+00
4.700000e-07	-1.414178e-02	-9.997401e+00
4.800000e-07	1.453408e-02	-1.015333e+01
4.900000e-07	-3.575861e-02	-1.028425e+01
5.000000e-07	8.904200e-03	-1.047067e+01
5.100000e-07	-1.170448e-02	-1.056693e+01
5.200000e-07	1.107742e-02	-1.071275e+01
5.300000e-07	-1.830115e-02	-1.077994e+01
5.400000e-07	-5.835431e-03	-1.094443e+01
5.500000e-07	9.723027e-04	-1.106162e+01
5.600000e-07	-4.656546e-03	-1.122957e+01
5.700000e-07	-8.742306e-03	-1.132583e+01
5.800000e-07	-1.694766e-02	-1.143962e+01
5.900000e-07	6.403661e-03	-1.155788e+01
6.000000e-07	-7.077878e-03	-1.169205e+01
6.100000e-07	-3.010620e-03	-1.179892e+01
6.200000e-07	-1.753693e-02	-1.192373e+01
6.300000e-07	2.151972e-03	-1.206949e+01
6.400000e-07	-6.400164e-03	-1.211362e+01
6.500000e-07	-6.438533e-03	-1.219886e+01
6.600000e-07	-1.243543e-02	-1.225257e+01
6.700000e-07	-2.922261e-03	-1.232378e+01
6.800000e-07	-9.732313e-04	-1.237636e+01
6.900000e-07	-1.039153e-02	-1.242952e+01
7.000000e-07	-9.680421e-03	-1.251218e+01
7.100000e-07	-9.065483e-03	-1.257679e+01
7.200000e-07	-8.735172e-04	-1.258992e+01
7.300000e-07	-9.827529e-03	-1.268167e+01
7.400000e-07	-8.872030e-03	-1.267180e+01
7.500000e-07	-7.128137e-03	-1.272636e+01
7.600000e-07	-3.773790e-03	-1.279851e+01
7.700000e-07	-8.562209e-03	-1.278794e+01
7.800000e-07	-1.203125e-02	-1.284062e+01
7.900000e-07	-7.955723e-03	-1.287180e+01
8.000000e-07	-3.413987e-03	-1.288212e+01
8.100000e-07	-8.377401e-03	-1.288215e+01
8.200000e-07	-1.200332e-02	-1.288215e+01
8.300000e-07	-9.771579e-03	-1.290263e+01
8.400000e-07	-5.199086e-03	-1.289275e+01
8.500000e-07	-8.512157e-03	-1.288165e+01
8.600000e-07	-1.219362e-02	-1.289215e+01
8.700000e-07	-1.007960e-02	-1.283107e+01
8.800000e-07	-7.350438e-03	-1.282010e+01
8.900000e-07	-8.134536e-03	-1.281889e+01
9.000000e-07	-1.394630e-02	-1.276433e+01
9.100000e-07	-1.253034e-02	-1.270466e+01
9.200000e-07	-8.161593e-03	-1.270373e+01
9.300000e-07	-9.469802e-03	-1.263200e+01
9.400000e-07	-1.395749e-02	-1.259837e+01
9.500000e-07	-1.415291e-02	-1.254529e+01
9.600000e-07	-1.129495e-02	-1.249208e+01
9.700000e-07	-1.227647e-02	-1.238884e+01
9.800000e-07	-1.584754e-02	-1.232531e+01
9.900000e-07	-1.704786e-02	-1.225110e+01
1.000000e-06	-1.447674e-02	-1.216688e+01
1.010000e-06	-1.475317e-02	-1.213518e+01
1.020000e-06	-1.903653e-02	-1.203709e+01
1.030000e-06	-2.105781e-02	-1.193483e+01
1.040000e-06	-1.935497e-02	-1.184062e+01
1.050000e-06	-2.112883e-02	-1.171328e+01
1.060000e-06	-2.466524e-02	-1.159846e+01
1.070000e-06	-2.781837e-02	-1.145215e+01
1.080000e-06	-2.704688e-02	-1.133586e+01
1.090000e-06	-2.756846e-02	-1.123010e+01
1.100000e-06	-3.098480e-02	-1.111315e+01
1.110000e-06	-3.413251e-02	-1.093684e+01
1.120000e-06	-3.257312e-02	-1.084265e+01
1.130000e-06	-3.086656e-02	-1.074586e+01
1.140000e-06	-3.336249e-02	-1.066007e+01
1.150000e-06	-3.370714e-02	-1.049425e+01
1.160000e-06	-3.158416e-02	-1.035683e+01
1.170000e-06	-2.830931e-02	-1.019901e+01
1.180000e-06	-2.938878e-02	-1.001851e+01
1.190000e-06	-2.890691e-02	-9.873677e+00
1.200000e-06	-2.622483e-02	-9.745881e+00
1.210000e-06	-2.259582e-02	-9.589039e+00
1.220000e-06	-2.166665e-02	-9.430147e+00
1.230000e-06	-2.289134e-02	-9.253599e+00
1.240000e-06	-1.967439e-02	-9.115249e+00
1.250000e-06	-1.703922e-02	-8.925402e+00
1.260000e-06	-1.546171e-02	-8.756306e+00
1.270000e-06	-1.790715e-02	-8.578407e+00
1.280000e-06	-1.539054e-02	-8.377455e+00
1.290000e-06	-1.214235e-02	-8.220065e+00
1.300000e-06	-1.225080e-02	-8.053615e+00
1.310000e-06	-1.350213e-02	-7.842096e+00
1.320000e-06	-1.210511e-02	-7.638464e+00
1.330000e-06	-8.055729e-03	-7.402110e+00
1.340000e-06	-9.190495e-03	-7.222114e+00
1.350000e-06	-9.416082e-03	-7.029563e+00
1.360000e-06	-9.806143e-03	-6.799985e+00
1.370000e-06	-6.416071e-03	-6.619484e+00
1.380000e-06	-7.584307e-03	-6.420510e+00
1.390000e-06	-9.020259e-03	-6.169482e+00
1.400000e-06	-8.938994e-03	-5.958354e+00
1.410000e-06	-5.691940e-03	-5.775802e+00
1.420000e-06	-5.816286e-03	-5.567926e+00
1.430000e-06	-6.971965e-03	-5.315793e+00
1.440000e-06	-7.950848e-03	-5.062744e+00
1.450000e-06	-5.592732e-03	-4.799956e+00
1.460000e-06	-5.018551e-03	-4.557882e+00
1.470000e-06	-6.713582e-03	-4.379451e+00
1.480000e-06	-7.147282e-03	-4.189458e+00
1.490000e-06	-5.287762e-03	-3.938927e+00
1.500000e-06	-3.782001e-03	-3.737899e+00
1.510000e-06	-5.954529e-03	-3.515195e+00
1.520000e-06	-7.241674e-03	-3.324194e+00
1.530000e-06	-7.036351e-03	-3.041164e+00
1.540000e-06	-4.286266e-03	-2.769452e+00
1.550000e-06	-5.098956e-03	-2.548448e+00
1.560000e-06	-5.697129e-03	-2.347424e+00
1.570000e-06	-4.489007e-03	-2.083714e+00
1.580000e-06	-2.332001e-03	-1.844114e+00
1.590000e-06	-3.722816e-03	-1.651683e+00
1.600000e-06	-6.166526e-03	-1.410026e+00
1.610000e-06	-6.684889e-03	-1.136266e+00
1.620000e-06	-3.614895e-03	-8.836880e-01
1.630000e-06	-4.060888e-03	-6.426865e-01
1.640000e-06	-4.221481e-03	-3.710011e-01
1.650000e-06	-3.666927e-03	-1.489234e-01
1.660000e-06	3.096659e-03	4.153026e-02
1.670000e-06	5.814397e-03	3.342395e-01
1.680000e-06	-2.745057e-03	5.156869e-01
1.690000e-06	-2.031621e-03	7.562897e-01
1.700000e-06	-2.564298e-03	9.262721e-01
1.710000e-06	2.108198e-03	1.220499e+00
1.720000e-06	-1.386707e-05	1.441130e+00
1.730000e-06	4.327540e-03	1.716818e+00
1.740000e-06	3.412080e-02	1.904186e+00
1.750000e-06	6.319618e-02	2.094797e+00
1.760000e-06	-3.901539e-02	2.388508e+00
1.770000e-06	-4.566474e-02	2.722762e+00
1.780000e-06	-3.769170e-02	2.926243e+00
1.790000e-06	-1.240812e-02	3.062690e+00
1.800000e-06	-3.923343e-02	3.232033e+00
1.810000e-06	5.614001e-02	3.460633e+00
1.820000e-06	-4.651728e-04	3.664139e+00
1.830000e-06	-2.511169e-02	3.874169e+00
1.840000e-06	1.203871e-01	4.113163e+00
1.850000e-06	-7.668577e-02	4.398925e+00
1.860000e-06	6.812647e-03	4.598403e+00
1.870000e-06	-1.337012e-02	4.829630e+00
1.880000e-06	-2.744891e-02	5.083771e+00
1.890000e-06	4.883894e-02	5.355795e+00
1.900000e-06	-2.580392e-02	5.586401e+00
1.910000e-06	1.546781e-02	5.797900e+00
1.920000e-06	1.255977e-02	6.020030e+00
1.930000e-06	-2.446311e-02	6.269983e+00
1.940000e-06	2.108984e-03	6.418457e+00
1.950000e-06	-1.261158e-02	6.639463e+00
1.960000e-06	2.093574e-02	6.841088e+00
1.970000e-06	-7.657070e-03	7.040494e+00
1.980000e-06	6.997509e-03	7.229512e+00
1.990000e-06	1.163468e-02	7.471042e+00
2.000000e-06	-3.291947e-02	7.703646e+00
2.010000e-06	2.232171e-02	7.893098e+00
2.020000e-06	-1.650872e-02	8.124822e+00
2.030000e-06	1.380125e-02	8.283674e+00
2.040000e-06	2.241983e-03	8.462116e+00
2.050000e-06	3.000513e-03	8.639911e+00
2.060000e-06	1.404657e-03	8.757330e+00
2.070000e-06	-1.263625e-02	8.945778e+00
2.080000e-06	8.702620e-03	9.133803e+00
2.090000e-06	-1.132629e-02	9.303146e+00
2.100000e-06	9.445962e-03	9.440141e+00
2.110000e-06	-6.903443e-04	9.629410e+00
2.120000e-06	5.469890e-03	9.756410e+00
2.130000e-06	2.366608e-03	9.945377e+00
2.140000e-06	-5.371021e-03	1.010270e+01
2.150000e-06	2.555599e-04	1.023804e+01
2.160000e-06	-2.313476e-03	1.034738e+01
2.170000e-06	4.362225e-03	1.054418e+01
2.180000e-06	-1.837194e-03	1.062062e+01
2.190000e-06	3.341815e-03	1.078699e+01
2.200000e-06	2.325178e-03	1.090472e+01
2.210000e-06	2.589391e-03	1.106052e+01
2.220000e-06	-2.402188e-03	1.116633e+01
2.230000e-06	-2.943085e-03	1.120363e+01
2.240000e-06	1.272485e-03	1.136734e+01
2.250000e-06	1.689501e-03	1.148516e+01
2.260000e-06	1.197514e-03	1.162904e+01
2.270000e-06	-2.647364e-04	1.174478e+01
2.280000e-06	3.392312e-03	1.183200e+01
2.290000e-06	1.591642e-03	1.189375e+01
2.300000e-06	-1.868321e-04	1.200839e+01
2.310000e-06	-1.284564e-03	1.211211e+01
2.320000e-06	5.697099e-04	1.217799e+01
2.330000e-06	2.802305e-03	1.224102e+01
2.340000e-06	2.422579e-03	1.229271e+01
2.350000e-06	3.513941e-04	1.232784e+01
2.360000e-06	2.347627e-04	1.246052e+01
2.370000e-06	2.637296e-03	1.253375e+01
2.380000e-06	6.281147e-04	1.252638e+01
2.390000e-06	4.342893e-04	1.258794e+01
2.400000e-06	6.246915e-04	1.262097e+01
2.410000e-06	2.799462e-03	1.266007e+01
2.420000e-06	2.714806e-03	1.268417e+01
2.430000e-06	6.388426e-05	1.274421e+01
2.440000e-06	1.125394e-03	1.270423e+01
2.450000e-06	1.997834e-03	1.274583e+01
2.460000e-06	3.414140e-03	1.274679e+01
2.470000e-06	1.479986e-03	1.273589e+01
2.480000e-06	1.799607e-03	1.272793e+01
2.490000e-06	2.421120e-03	1.277642e+01
2.500000e-06	2.727097e-03	1.276744e+01
2.510000e-06	1.385948e-03	1.271836e+01
2.520000e-06	2.849061e-03	1.272486e+01
2.530000e-06	3.642224e-03	1.274430e+01
2.540000e-06	4.602009e-03	1.269371e+01
2.550000e-06	4.305001e-03	1.266320e+01
2.560000e-06	3.672523e-03	1.266107e+01
2.570000e-06	3.791992e-03	1.265000e+01
2.580000e-06	4.432960e-03	1.258986e+01
2.590000e-06	4.894750e-03	1.252686e+01
2.600000e-06	4.329575e-03	1.252273e+01
2.610000e-06	5.761335e-03	1.249262e+01
2.620000e-06	5.841886e-03	1.239842e+01
2.630000e-06	7.689778e-03	1.230531e+01
2.640000e-06	6.653268e-03	1.227113e+01
2.650000e-06	8.120079e-03	1.218837e+01
2.660000e-06	8.725711e-03	1.211413e+01
2.670000e-06	1.187683e-02	1.199839e+01
2.680000e-06	1.152360e-02	1.191428e+01
2.690000e-06	1.245980e-02	1.183109e+01
2.700000e-06	1.466139e-02	1.176778e+01
2.710000e-06	1.618735e-02	1.164937e+01
2.720000e-06	1.746228e-02	1.149629e+01
2.730000e-06	1.856830e-02	1.139742e+01
2.740000e-06	2.121674e-02	1.127355e+01
2.750000e-06	2.414278e-02	1.116638e+01
2.760000e-06	2.406676e-02	1.106155e+01
2.770000e-06	2.438812e-02	1.091635e+01
2.780000e-06	2.538232e-02	1.081999e+01
2.790000e-06	2.580816e-02	1.069265e+01
2.800000e-06	2.488118e-02	1.052789e+01
2.810000e-06	2.417864e-02	1.036897e+01
2.820000e-06	2.329172e-02	1.024167e+01
2.830000e-06	2.341698e-02	1.011530e+01
2.840000e-06	2.136940e-02	9.967412e+00
2.850000e-06	1.947245e-02	9.809094e+00
2.860000e-06	1.750233e-02	9.640047e+00
2.870000e-06	1.644716e-02	9.483600e+00
2.880000e-06	1.511512e-02	9.326278e+00
2.890000e-06	1.198172e-02	9.207861e+00
2.900000e-06	1.086373e-02	8.991020e+00
2.910000e-06	9.899145e-03	8.840068e+00
2.920000e-06	9.638322e-03	8.640569e+00
2.930000e-06	7.689299e-03	8.514270e+00
2.940000e-06	5.805670e-03	8.325254e+00
2.950000e-06	4.994482e-03	8.115335e+00
2.960000e-06	5.692403e-03	7.924804e+00
2.970000e-06	3.187042e-03	7.747334e+00
2.980000e-06	2.098117e-03	7.568882e+00
2.990000e-06	1.421145e-03	7.305681e+00
3.000000e-06	2.266774e-03	7.136250e+00
3.010000e-06	1.343585e-03	6.906351e+00
3.020000e-06	1.479305e-05	6.716776e+00
3.030000e-06	-7.986934e-04	6.522797e+00
3.040000e-06	1.123054e-03	6.304175e+00
3.050000e-06	-1.909969e-04	6.124727e+00
3.060000e-06	-2.348249e-03	5.915357e+00
3.070000e-06	-1.761018e-03	5.694253e+00
3.080000e-06	-8.215086e-04	5.463144e+00
3.090000e-06	-1.196465e-03	5.241569e+00
3.100000e-06	-2.978468e-03	4.915451e+00
3.110000e-06	-3.366270e-03	4.703852e+00
3.120000e-06	-1.806035e-03	4.494745e+00
3.130000e-06	-1.756028e-03	4.305796e+00
3.140000e-06	-3.280254e-03	4.012091e+00
3.150000e-06	-4.350835e-03	3.791484e+00
3.160000e-06	-3.098674e-03	3.581086e+00
3.170000e-06	-2.371345e-03	3.339432e+00
3.180000e-06	-3.682370e-03	3.136400e+00
3.190000e-06	-4.601376e-03	2.905272e+00
3.200000e-06	-3.981642e-03	2.717820e+00
3.210000e-06	-2.645934e-03	2.443133e+00
3.220000e-06	-4.071874e-03	2.222083e+00
3.230000e-06	-4.965881e-03	1.991530e+00
3.240000e-06	-4.999984e-03	1.757926e+00
3.250000e-06	-3.356136e-03	1.496793e+00
3.260000e-06	-3.799515e-03	1.273188e+00
3.270000e-06	-5.216300e-03	1.002630e+00
3.280000e-06	-4.715224e-03	7.358996e-01
3.290000e-06	-3.707136e-03	4.747444e-01
3.300000e-06	-3.459575e-03	2.882620e-01
3.310000e-06	-4.435423e-03	5.208145e-02
3.320000e-06	-3.899097e-04	-2.199949e-01
3.330000e-06	3.914043e-03	-3.974737e-01
3.340000e-06	-2.853331e-03	-5.990753e-01
3.350000e-06	-1.533884e-03	-8.525303e-01
3.360000e-06	-5.521304e-03	-1.072605e+00
3.370000e-06	1.702741e-04	-1.284181e+00
3.380000e-06	-8.395590e-04	-1.586871e+00
3.390000e-06	2.070559e-02	-1.755317e+00
3.400000e-06	7.168034e-02	-1.965795e+00
3.410000e-06	-1.416701e-02	-2.240605e+00
3.420000e-06	-4.934336e-02	-2.600374e+00
3.430000e-06	-4.263025e-02	-2.819053e+00
3.440000e-06	-4.512544e-02	-3.065157e+00
3.450000e-06	-2.402709e-02	-3.220532e+00
3.460000e-06	1.157628e-01	-3.355893e+00
3.470000e-06	-9.542737e-02	-3.597899e+00
3.480000e-06	2.960875e-02	-3.861664e+00
3.490000e-06	1.065155e-01	-4.020029e+00
3.500000e-06	-1.068875e-01	-4.283662e+00
3.510000e-06	7.202950e-02	-4.480685e+00
3.520000e-06	-1.057244e-01	-4.694089e+00
3.530000e-06	-1.289316e-02	-4.997299e+00
3.540000e-06	9.795838e-02	-5.135345e+00
3.550000e-06	-7.304746e-02	-5.451060e+00
3.560000e-06	6.385638e-02	-5.631584e+00
3.570000e-06	-4.347626e-02	-5.861117e+00
3.580000e-06	-1.410916e-02	-6.103691e+00
3.590000e-06	5.273286e-02	-6.294218e+00
3.600000e-06	-1.051234e-01	-6.515821e+00
3.610000e-06	6.826531e-02	-6.695773e+00
3.620000e-06	-3.319654e-02	-6.883847e+00
3.630000e-06	4.560832e-02	-7.190426e+00
3.640000e-06	-1.067230e-02	-7.346853e+00
3.650000e-06	-7.627594e-02	-7.574854e+00
3.660000e-06	7.529923e-02	-7.776386e+00
3.670000e-06	-6.118680e-02	-8.000406e+00
3.680000e-06	4.819726e-02	-8.176979e+00
3.690000e-06	-4.705004e-02	-8.336296e+00
3.700000e-06	2.308620e-02	-8.555278e+00
3.710000e-06	1.511916e-02	-8.774776e+00
3.720000e-06	-4.134443e-02	-8.895223e+00
3.730000e-06	1.216872e-02	-9.033617e+00
3.740000e-06	-3.930077e-02	-9.231515e+00
3.750000e-06	4.802080e-02	-9.389510e+00
3.760000e-06	-3.190967e-02	-9.587004e+00
3.770000e-06	5.027903e-03	-9.715276e+00
3.780000e-06	-1.119907e-02	-9.880213e+00
3.790000e-06	2.580208e-03	-1.003001e+01
3.800000e-06	-9.568775e-04	-1.016791e+01
3.810000e-06	-2.895295e-02	-1.035481e+01
3.820000e-06	9.574471e-03	-1.051272e+01
3.830000e-06	-9.513312e-03	-1.060049e+01
3.840000e-06	1.407935e-02	-1.073792e+01
3.850000e-06	-2.565297e-02	-1.082952e+01
3.860000e-06	1.815969e-03	-1.102786e+01
3.870000e-06	-6.206412e-03	-1.106480e+01
3.880000e-06	1.196170e-03	-1.127312e+01
3.890000e-06	-1.661201e-02	-1.135528e+01
3.900000e-06	-9.376523e-03	-1.149367e+01
3.910000e-06	2.835191e-03	-1.155707e+01
3.920000e-06	-4.085300e-03	-1.172571e+01
3.930000e-06	-6.557659e-03	-1.180806e+01
3.940000e-06	-1.651790e-02	-1.193331e+01
3.950000e-06	3.385495e-03	-1.207160e+01
3.960000e-06	-7.265247e-03	-1.210423e+01
3.970000e-06	-5.110297e-03	-1.217939e+01
3.980000e-06	-1.466611e-02	-1.225107e+01
3.990000e-06	3.579560e-04	-1.231628e+01
4.000000e-06	-3.829790e-03	-1.235742e+01
4.010000e-06	-7.883158e-03	-1.246107e+01
4.020000e-06	-1.285062e-02	-1.251318e+01
4.030000e-06	-6.540279e-03	-1.260887e+01
4.040000e-06	-1.451309e-03	-1.262054e+01
4.050000e-06	-9.120696e-03	-1.268265e+01
4.060000e-06	-9.355261e-03	-1.272413e+01
4.070000e-06	-8.589795e-03	-1.270389e+01
4.080000e-06	-3.030007e-03	-1.279852e+01
4.090000e-06	-9.277334e-03	-1.281991e+01
4.100000e-06	-1.155978e-02	-1.285060e+01
4.110000e-06	-8.490423e-03	-1.288120e+01
4.120000e-06	-3.779175e-03	-1.288172e+01
4.130000e-06	-8.398239e-03	-1.289467e+01
4.140000e-06	-1.151962e-02	-1.290270e+01
4.150000e-06	-1.125256e-02	-1.288372e+01
4.160000e-06	-4.617543e-03	-1.291375e+01
4.170000e-06	-8.139571e-03	-1.286063e+01
4.180000e-06	-1.139802e-02	-1.287057e+01
4.190000e-06	-1.137824e-02	-1.284107e+01
4.200000e-06	-7.855641e-03	-1.284054e+01
4.210000e-06	-8.319278e-03	-1.277801e+01
4.220000e-06	-1.377577e-02	-1.278586e+01
4.230000e-06	-1.229905e-02	-1.269431e+01
4.240000e-06	-1.081221e-02	-1.267313e+01
4.250000e-06	-8.807969e-03	-1.262010e+01
4.260000e-06	-1.329093e-02	-1.257644e+01
4.270000e-06	-1.411277e-02	-1.252409e+01
4.280000e-06	-1.313245e-02	-1.244102e+01
4.290000e-06	-1.252309e-02	-1.234643e+01
4.300000e-06	-1.482577e-02	-1.231478e+01
4.310000e-06	-1.764633e-02	-1.222050e+01
4.320000e-06	-1.599249e-02	-1.217896e+01
4.330000e-06	-1.600049e-02	-1.210370e+01
4.340000e-06	-1.821453e-02	-1.199989e+01
4.350000e-06	-2.064952e-02	-1.188373e+01
4.360000e-06	-2.176302e-02	-1.179909e+01
4.370000e-06	-2.132598e-02	-1.167313e+01
4.380000e-06	-2.369675e-02	-1.155684e+01
4.390000e-06	-2.755153e-02	-1.145050e+01
4.400000e-06	-2.915466e-02	-1.133613e+01
4.410000e-06	-2.952155e-02	-1.118792e+01
4.420000e-06	-3.032221e-02	-1.106349e+01
4.430000e-06	-3.287878e-02	-1.092486e+01
4.440000e-06	-3.355463e-02	-1.083204e+01
4.450000e-06	-3.276098e-02	-1.072575e+01
4.460000e-06	-3.189530e-02	-1.058899e+01
4.470000e-06	-3.283109e-02	-1.046217e+01
4.480000e-06	-3.175944e-02	-1.035575e+01
4.490000e-06	-3.041878e-02	-1.016641e+01
4.500000e-06	-2.852766e-02	-9.968436e+00
4.510000e-06	-2.652805e-02	-9.851070e+00
4.520000e-06	-2.615100e-02	-9.695828e+00
4.530000e-06	-2.513631e-02	-9.557332e+00
4.540000e-06	-2.150488e-02	-9.359941e+00
4.550000e-06	-2.001237e-02	-9.219509e+00
4.560000e-06	-1.994369e-02	-9.063619e+00
4.570000e-06	-1.921241e-02	-8.855227e+00
4.580000e-06	-1.544284e-02	-8.675675e+00
4.590000e-06	-1.548906e-02	-8.526306e+00
4.600000e-06	-1.434700e-02	-8.316304e+00
4.610000e-06	-1.485643e-02	-8.178457e+00
4.620000e-06	-1.160965e-02	-7.987935e+00
4.630000e-06	-1.074751e-02	-7.777512e+00
4.640000e-06	-1.099088e-02	-7.536880e+00
4.650000e-06	-1.145913e-02	-7.367907e+00
4.660000e-06	-9.511185e-03	-7.149908e+00
4.670000e-06	-8.645227e-03	-6.968807e+00
4.680000e-06	-9.110019e-03	-6.716903e+00
4.690000e-06	-8.901884e-03	-6.557879e+00
4.700000e-06	-8.000640e-03	-6.367907e+00
4.710000e-06	-6.446352e-03	-6.116403e+00
4.720000e-06	-7.468133e-03	-5.917801e+00
4.730000e-06	-8.268480e-03	-5.695219e+00
4.740000e-06	-8.590259e-03	-5.494773e+00
4.750000e-06	-5.316934e-03	-5.221088e+00
4.760000e-06	-5.885834e-03	-5.021034e+00
4.770000e-06	-6.197864e-03	-4.726348e+00
4.780000e-06	-7.356146e-03	-4.526368e+00
4.790000e-06	-5.406732e-03	-4.325800e+00
4.800000e-06	-5.193451e-03	-4.135793e+00
4.810000e-06	-5.338284e-03	-3.916772e+00
4.820000e-06	-6.065653e-03	-3.653162e+00
4.830000e-06	-4.890673e-03	-3.421189e+00
4.840000e-06	-4.963207e-03	-3.201056e+00
4.850000e-06	-6.302372e-03	-2.978405e+00
4.860000e-06	-6.552684e-03	-2.746847e+00
4.870000e-06	-5.655974e-03	-2.536271e+00
4.880000e-06	-2.744226e-03	-2.295673e+00
4.890000e-06	-4.077825e-03	-2.031085e+00
4.900000e-06	-5.224677e-03	-1.792105e+00
4.910000e-06	-5.122824e-03	-1.579556e+00
4.920000e-06	-4.433491e-03	-1.285244e+00
4.930000e-06	-5.293982e-03	-1.023133e+00
4.940000e-06	-6.002464e-03	-7.915788e-01
4.950000e-06	-5.350646e-03	-5.989736e-01
4.960000e-06	-2.575844e-03	-3.068432e-01
4.970000e-06	-9.895521e-04	-1.243432e-01
4.980000e-06	2.944436e-03	9.420922e-02
4.990000e-06	7.632332e-04	3.978424e-01
5.000000e-06	5.878502e-05	6.098670e-01
5.010000e-06	-1.134952e-03	7.769500e-01
5.020000e-06	-2.853507e-03	9.895024e-01
5.030000e-06	-7.818785e-04	1.282630e+00
5.040000e-06	6.187343e-04	1.465238e+00
5.050000e-06	1.304732e-02	1.796394e+00
5.060000e-06	4.488706e-02	1.967917e+00
5.070000e-06	4.551488e-02	2.240024e+00
5.080000e-06	-5.576843e-02	2.483138e+00
5.090000e-06	-4.092628e-02	2.786875e+00
5.100000e-06	-2.888767e-02	2.946872e+00
5.110000e-06	-2.318906e-02	3.166341e+00
5.120000e-06	-2.477088e-02	3.251181e+00
5.130000e-06	7.384842e-02	3.525292e+00
5.140000e-06	-4.879661e-02	3.746798e+00
5.150000e-06	3.464473e-02	3.924770e+00
5.160000e-06	7.440690e-02	4.177876e+00
5.170000e-06	-7.535205e-02	4.430509e+00
5.180000e-06	3.052204e-02	4.671056e+00
5.190000e-06	-4.392747e-02	4.863768e+00
5.200000e-06	5.517250e-03	5.156780e+00
5.210000e-06	3.147635e-02	5.388455e+00
5.220000e-06	-2.255469e-02	5.641035e+00
5.230000e-06	2.516187e-02	5.890713e+00
5.240000e-06	-2.753965e-03	6.093660e+00
5.250000e-06	-1.749186e-02	6.262114e+00
5.260000e-06	2.781567e-03	6.482089e+00
5.270000e-06	-6.836829e-03	6.741722e+00
5.280000e-06	2.032540e-02	6.903244e+00
5.290000e-06	-1.770691e-02	7.133798e+00
5.300000e-06	2.609965e-02	7.254738e+00
5.310000e-06	-9.090896e-03	7.534724e+00
5.320000e-06	-2.213507e-02	7.755797e+00
5.330000e-06	1.551202e-02	7.974278e+00
5.340000e-06	-1.508851e-02	8.186328e+00
5.350000e-06	2.069019e-02	8.345225e+00
5.360000e-06	-6.227128e-03	8.534723e+00
5.370000e-06	1.157792e-02	8.681543e+00
5.380000e-06	-6.786260e-03	8.819437e+00
5.390000e-06	-1.560615e-03	8.998336e+00
5.400000e-06	-1.903804e-03	9.218962e+00
5.410000e-06	-9.103560e-03	9.345881e+00
5.420000e-06	1.008777e-02	9.503697e+00
5.430000e-06	9.409874e-05	9.672065e+00
5.440000e-06	6.513450e-03	9.868441e+00
5.450000e-06	-1.561253e-03	9.975885e+00
5.460000e-06	-2.856973e-05	1.015583e+01
5.470000e-06	-1.271383e-03	1.029259e+01
5.480000e-06	-1.469738e-03	1.039036e+01
5.490000e-06	-3.995816e-04	1.054691e+01
5.500000e-06	3.680231e-04	1.069457e+01
5.510000e-06	4.769566e-03	1.084059e+01
5.520000e-06	2.853973e-03	1.095680e+01
5.530000e-06	-7.484941e-04	1.107060e+01
5.540000e-06	-1.355228e-03	1.118843e+01
5.550000e-06	1.526454e-04	1.132166e+01
5.560000e-06	1.640859e-03	1.139797e+01
5.570000e-06	-8.313647e-04	1.156486e+01
5.580000e-06	6.511048e-04	1.166052e+01
5.590000e-06	2.620089e-03	1.177584e+01
5.600000e-06	2.580945e-03	1.186007e+01
5.610000e-06	-7.500493e-04	1.195720e+01
5.620000e-06	-1.435445e-03	1.208799e+01
5.630000e-06	2.835729e-03	1.211265e+01
5.640000e-06	1.971602e-03	1.218942e+01
5.650000e-06	8.977432e-04	1.226110e+01
5.660000e-06	-7.378927e-04	1.234378e+01
5.670000e-06	1.806336e-03	1.242689e+01
5.680000e-06	1.794222e-03	1.247260e+01
5.690000e-06	3.045722e-04	1.253418e+01
5.700000e-06	-6.853549e-04	1.251583e+01
5.710000e-06	2.348190e-03	1.259737e+01
5.720000e-06	3.014648e-03	1.264050e+01
5.730000e-06	1.281398e-03	1.265105e+01
5.740000e-06	-1.884588e-04	1.270360e+01
5.750000e-06	1.061079e-04	1.272528e+01
5.760000e-06	3.279058e-03	1.273586e+01
5.770000e-06	1.972422e-03	1.273578e+01
5.780000e-06	8.458558e-04	1.274888e+01
5.790000e-06	2.455029e-03	1.275679e+01
5.800000e-06	3.783497e-03	1.277594e+01
5.810000e-06	2.767166e-03	1.276641e+01
5.820000e-06	5.950042e-04	1.278694e+01
5.830000e-06	1.820098e-03	1.274689e+01
5.840000e-06	3.753654e-03	1.273586e+01
5.850000e-06	3.886672e-03	1.272676e+01
5.860000e-06	2.261129e-03	1.269328e+01
5.870000e-06	3.299751e-03	1.269255e+01
5.880000e-06	6.057004e-03	1.263117e+01
5.890000e-06	4.415329e-03	1.262747e+01
5.900000e-06	4.041075e-03	1.259691e+01
5.910000e-06	3.073882e-03	1.251431e+01
5.920000e-06	6.147428e-03	1.248520e+01
5.930000e-06	5.947585e-03	1.243902e+01
5.940000e-06	5.294564e-03	1.235884e+01
5.950000e-06	5.667737e-03	1.230315e+01
5.960000e-06	7.979888e-03	1.221102e+01
5.970000e-06	1.025178e-02	1.214684e+01
5.980000e-06	8.669881e-03	1.210213e+01
5.990000e-06	9.987076e-03	1.200797e+01
6.000000e-06	1.223708e-02	1.191370e+01
6.010000e-06	1.293308e-02	1.183000e+01
6.020000e-06	1.444232e-02	1.171381e+01
6.030000e-06	1.347868e-02	1.161894e+01
6.040000e-06	1.887517e-02	1.151316e+01
6.050000e-06	1.967269e-02	1.138689e+01
6.060000e-06	2.234279e-02	1.126102e+01
6.070000e-06	2.229311e-02	1.110478e+01
6.080000e-06	2.489030e-02	1.107041e+01
6.090000e-06	2.521745e-02	1.089423e+01
6.100000e-06	2.411100e-02	1.082134e+01
6.110000e-06	2.302899e-02	1.065263e+01
6.120000e-06	2.515787e-02	1.054666e+01
6.130000e-06	2.594357e-02	1.034887e+01
6.140000e-06	2.464058e-02	1.022147e+01
6.150000e-06	2.206836e-02	1.006365e+01
6.160000e-06	2.093691e-02	9.955253e+00
6.170000e-06	1.982440e-02	9.778417e+00
6.180000e-06	1.759851e-02	9.578965e+00
6.190000e-06	1.366968e-02	9.452017e+00
6.200000e-06	1.231249e-02	9.294201e+00
6.210000e-06	1.190981e-02	9.146729e+00
6.220000e-06	1.221933e-02	8.936360e+00
6.230000e-06	1.177472e-02	8.778386e+00
6.240000e-06	7.837566e-03	8.619384e+00
6.250000e-06	8.693738e-03	8.432068e+00
6.260000e-06	7.347539e-03	8.275072e+00
6.270000e-06	3.556160e-03	8.113153e+00
6.280000e-06	8.308975e-04	7.883150e+00
6.290000e-06	8.529462e-04	7.684201e+00
6.300000e-06	3.854274e-03	7.484645e+00
6.310000e-06	2.963432e-03	7.262622e+00
6.320000e-06	3.818354e-03	7.082595e+00
6.330000e-06	1.375894e-03	6.893099e+00
6.340000e-06	9.224610e-04	6.695744e+00
6.350000e-06	-1.651015e-03	6.450563e+00
6.360000e-06	-2.126666e-03	6.261088e+00
6.370000e-06	-4.497892e-03	6.042567e+00
6.380000e-06	-6.743626e-04	5.861617e+00
6.390000e-06	-4.687415e-04	5.630438e+00
6.400000e-06	1.098372e-03	5.411511e+00
6.410000e-06	-1.550903e-03	5.197955e+00
6.420000e-06	-1.141322e-03	4.893772e+00
6.430000e-06	-2.838503e-03	4.664117e+00
6.440000e-06	-4.232606e-03	4.452684e+00
6.450000e-06	-6.041443e-03	4.263613e+00
6.460000e-06	-3.620142e-03	3.979480e+00
6.470000e-06	-1.295178e-03	3.757503e+00
6.480000e-06	-1.295655e-03	3.589926e+00
6.490000e-06	-1.987344e-03	3.327249e+00
6.500000e-06	-2.590977e-03	3.064147e+00
6.510000e-06	-2.659462e-03	2.865214e+00
6.520000e-06	-5.648805e-03	2.662635e+00
6.530000e-06	-6.263420e-03	2.370406e+00
6.540000e-06	-5.902171e-03	2.160901e+00
6.550000e-06	-2.472037e-03	1.968450e+00
6.560000e-06	-3.069580e-03	1.673247e+00
6.570000e-06	-3.477843e-03	1.444109e+00
6.580000e-06	-4.832882e-03	1.190534e+00
6.590000e-06	-2.187465e-03	9.377218e-01
6.600000e-06	-3.935462e-03	6.951632e-01
6.610000e-06	-5.161305e-03	4.331379e-01
6.620000e-06	-5.016587e-03	2.611130e-01
6.630000e-06	-2.494473e-03	-3.059644e-02
6.640000e-06	4.173201e-03	-2.515765e-01
6.650000e-06	-7.817270e-04	-4.500766e-01
6.660000e-06	-2.940761e-03	-6.947345e-01
6.670000e-06	-3.642811e-03	-9.242382e-01
6.680000e-06	-1.136210e-03	-1.113716e+00
6.690000e-06	-2.696675e-03	-1.387412e+00
6.700000e-06	-6.241993e-04	-1.639975e+00
6.710000e-06	3.489441e-02	-1.806998e+00
6.720000e-06	7.269305e-02	-2.017471e+00
6.730000e-06	-4.576608e-02	-2.295737e+00
6.740000e-06	-4.227710e-02	-2.671178e+00
6.750000e-06	-4.710680e-02	-2.864237e+00
6.760000e-06	-4.272123e-02	-3.125318e+00
6.770000e-06	1.445527e-02	-3.282184e+00
6.780000e-06	9.202547e-02	-3.390001e+00
6.790000e-06	-1.306783e-01	-3.603055e+00
6.800000e-06	1.190649e-01	-3.873718e+00
6.810000e-06	2.661887e-02	-4.072612e+00
6.820000e-06	-7.711615e-02	-4.328895e+00
6.830000e-06	6.203887e-02	-4.514767e+00
6.840000e-06	-1.385437e-01	-4.777325e+00
6.850000e-06	6.639262e-02	-4.990009e+00
6.860000e-06	4.176379e-02	-5.218455e+00
6.870000e-06	-5.572483e-02	-5.514248e+00
6.880000e-06	6.954255e-02	-5.704292e+00
6.890000e-06	-7.380120e-02	-5.935796e+00
6.900000e-06	3.208120e-02	-6.116375e+00
6.910000e-06	6.032391e-04	-6.357902e+00
6.920000e-06	-7.878476e-02	-6.577931e+00
6.930000e-06	8.217555e-02	-6.766902e+00
6.940000e-06	-5.878540e-02	-6.938480e+00
6.950000e-06	7.807086e-02	-7.241035e+00
6.960000e-06	-7.241696e-02	-7.408484e+00
6.970000e-06	-1.345660e-02	-7.590465e+00
6.980000e-06	4.447189e-02	-7.809612e+00
6.990000e-06	-5.343560e-02	-8.060663e+00
7.000000e-06	5.155934e-02	-8.209561e+00
7.010000e-06	-6.357608e-02	-8.396857e+00
7.020000e-06	5.820473e-02	-8.618409e+00
7.030000e-06	-2.847199e-02	-8.807431e+00
7.040000e-06	-1.407173e-02	-8.956880e+00
7.050000e-06	-7.550249e-03	-9.102720e+00
7.060000e-06	-1.812676e-02	-9.272119e+00
7.070000e-06	3.969864e-02	-9.452019e+00
7.080000e-06	-4.057079e-02	-9.649088e+00
7.090000e-06	2.074151e-02	-9.807331e+00
7.100000e-06	-2.146177e-02	-9.904272e+00
7.110000e-06	1.452189e-02	-1.006120e+01
7.120000e-06	-2.145349e-02	-1.020844e+01
7.130000e-06	-1.286250e-02	-1.041901e+01
7.140000e-06	4.219844e-03	-1.051222e+01
7.150000e-06	-4.277731e-03	-1.066109e+01
7.160000e-06	4.522383e-03	-1.075688e+01
7.170000e-06	-2.348190e-02	-1.092363e+01
7.180000e-06	9.044513e-03	-1.097802e+01
7.190000e-06	-9.885380e-03	-1.116429e+01
7.200000e-06	1.186724e-03	-1.129375e+01
7.210000e-06	-2.185019e-02	-1.137689e+01
7.220000e-06	1.233576e-03	-1.153525e+01
7.230000e-06	-2.456885e-03	-1.160105e+01
7.240000e-06	-3.386562e-03	-1.172786e+01
7.250000e-06	-1.142750e-02	-1.182207e+01
7.260000e-06	-8.331345e-03	-1.194789e+01
7.270000e-06	2.448924e-03	-1.206052e+01
7.280000e-06	-9.982017e-03	-1.215528e+01
7.290000e-06	-6.745863e-03	-1.220794e+01
7.300000e-06	-1.111984e-02	-1.229215e+01
7.310000e-06	3.567545e-03	-1.235683e+01
7.320000e-06	-8.018926e-03	-1.241899e+01
7.330000e-06	-9.261705e-03	-1.250962e+01
7.340000e-06	-1.163521e-02	-1.253571e+01
7.350000e-06	-2.511386e-03	-1.259852e+01
7.360000e-06	-6.206778e-03	-1.261955e+01
7.370000e-06	-1.115096e-02	-1.268218e+01
7.380000e-06	-7.321239e-03	-1.272566e+01
7.390000e-06	-5.586312e-03	-1.275041e+01
7.400000e-06	-4.887473e-03	-1.279894e+01
7.410000e-06	-1.227165e-02	-1.282849e+01
7.420000e-06	-8.430694e-03	-1.286059e+01
7.430000e-06	-4.604539e-03	-1.288065e+01
7.440000e-06	-3.756952e-03	-1.287365e+01
7.450000e-06	-1.277406e-02	-1.287275e+01
7.460000e-06	-1.089400e-02	-1.288215e+01
7.470000e-06	-9.372889e-03	-1.291323e+01
7.480000e-06	-6.990439e-03	-1.291258e+01
7.490000e-06	-1.268156e-02	-1.287212e+01
7.500000e-06	-1.024706e-02	-1.285007e+01
7.510000e-06	-5.993100e-03	-1.284009e+01
7.520000e-06	-5.780160e-03	-1.282892e+01
7.530000e-06	-1.131641e-02	-1.279981e+01
7.540000e-06	-1.435726e-02	-1.274588e+01
7.550000e-06	-1.072261e-02	-1.270121e+01
7.560000e-06	-1.072555e-02	-1.264166e+01
7.570000e-06	-1.364967e-02	-1.261952e+01
7.580000e-06	-1.481414e-02	-1.258674e+01
7.590000e-06	-9.429208e-03	-1.251471e+01
7.600000e-06	-9.362695e-03	-1.241052e+01
7.610000e-06	-1.387570e-02	-1.234631e+01
7.620000e-06	-1.785988e-02	-1.228217e+01
7.630000e-06	-1.494074e-02	-1.221107e+01
7.640000e-06	-1.501781e-02	-1.213839e+01
7.650000e-06	-1.870826e-02	-1.208312e+01
7.660000e-06	-2.155066e-02	-1.196681e+01
7.670000e-06	-2.018646e-02	-1.188513e+01
7.680000e-06	-1.858581e-02	-1.177791e+01
7.690000e-06	-2.210172e-02	-1.168157e+01
7.700000e-06	-2.788412e-02	-1.153433e+01
7.710000e-06	-2.755160e-02	-1.142112e+01
7.720000e-06	-2.619718e-02	-1.130323e+01
7.730000e-06	-2.989582e-02	-1.118734e+01
7.740000e-06	-3.362492e-02	-1.102807e+01
7.750000e-06	-3.390340e-02	-1.088530e+01
7.760000e-06	-3.078261e-02	-1.081901e+01
7.770000e-06	-3.259779e-02	-1.070370e+01
7.780000e-06	-3.408562e-02	-1.055793e+01
7.790000e-06	-3.301258e-02	-1.037954e+01
7.800000e-06	-2.951365e-02	-1.023268e+01
7.810000e-06	-2.828303e-02	-1.011478e+01
7.820000e-06	-3.033317e-02	-9.957381e+00
7.830000e-06	-2.777037e-02	-9.810462e+00
7.840000e-06	-2.321577e-02	-9.660649e+00
7.850000e-06	-2.129857e-02	-9.516803e+00
7.860000e-06	-2.378740e-02	-9.377811e+00
7.870000e-06	-2.164736e-02	-9.158485e+00
7.880000e-06	-1.768590e-02	-9.019615e+00
7.890000e-06	-1.561474e-02	-8.821072e+00
7.900000e-06	-1.754726e-02	-8.644620e+00
7.910000e-06	-1.689782e-02	-8.483297e+00
7.920000e-06	-1.376772e-02	-8.345776e+00
7.930000e-06	-1.089647e-02	-8.127877e+00
7.940000e-06	-1.338676e-02	-7.935777e+00
7.950000e-06	-1.319812e-02	-7.715378e+00
7.960000e-06	-1.053132e-02	-7.494829e+00
7.970000e-06	-8.217043e-03	-7.292753e+00
7.980000e-06	-9.715329e-03	-7.125351e+00
7.990000e-06	-9.877613e-03	-6.853714e+00
8.000000e-06	-8.653757e-03	-6.684723e+00
8.010000e-06	-6.915264e-03	-6.525768e+00
8.020000e-06	-8.370751e-03	-6.294273e+00
8.030000e-06	-9.284054e-03	-6.075645e+00
8.040000e-06	-8.083883e-03	-5.874643e+00
8.050000e-06	-5.752399e-03	-5.671139e+00
8.060000e-06	-7.593632e-03	-5.443640e+00
8.070000e-06	-7.681608e-03	-5.178884e+00
8.080000e-06	-6.637158e-03	-4.906224e+00
8.090000e-06	-5.055336e-03	-4.653118e+00
8.100000e-06	-4.931439e-03	-4.464742e+00
8.110000e-06	-6.203872e-03	-4.293718e+00
8.120000e-06	-6.707425e-03	-4.032710e+00
8.130000e-06	-4.921183e-03	-3.874668e+00
8.140000e-06	-5.494787e-03	-3.609951e+00
8.150000e-06	-6.712320e-03	-3.379055e+00
8.160000e-06	-6.018552e-03	-3.159951e+00
8.170000e-06	-6.206245e-03	-2.873768e+00
8.180000e-06	-4.737930e-03	-2.645191e+00
8.190000e-06	-5.205635e-03	-2.482739e+00
8.200000e-06	-4.785851e-03	-2.220056e+00
8.210000e-06	-4.026159e-03	-1.958525e+00
8.220000e-06	-2.931744e-03	-1.729372e+00
8.230000e-06	-5.422267e-03	-1.506345e+00
8.240000e-06	-6.474018e-03	-1.242108e+00
8.250000e-06	-5.951003e-03	-9.890036e-01
8.260000e-06	-3.467320e-03	-7.594713e-01
8.270000e-06	-4.127766e-03	-5.047907e-01
8.280000e-06	-3.215348e-03	-3.057092e-01
8.290000e-06	-4.660539e-04	-8.413278e-02
8.300000e-06	6.161588e-03	1.978700e-01
8.310000e-06	-5.666357e-04	4.320540e-01
8.320000e-06	-2.544653e-04	6.404989e-01
8.330000e-06	-3.956848e-03	8.395715e-01
8.340000e-06	3.204041e-04	1.073085e+00
8.350000e-06	-7.024332e-04	1.324713e+00
8.360000e-06	-2.298596e-04	1.566480e+00
8.370000e-06	1.787332e-02	1.819929e+00
8.380000e-06	5.798863e-02	2.030978e+00
8.390000e-06	2.037185e-02	2.294114e+00
8.400000e-06	-5.795245e-02	2.556824e+00
8.410000e-06	-4.395419e-02	2.809552e+00
8.420000e-06	-1.992854e-02	3.000104e+00
8.430000e-06	-3.487479e-02	3.168375e+00
8.440000e-06	2.116728e-03	3.335242e+00
8.450000e-06	6.956300e-02	3.587425e+00
8.460000e-06	-7.882993e-02	3.767899e+00
8.470000e-06	9.506432e-02	4.015975e+00
8.480000e-06	1.097031e-02	4.271163e+00
8.490000e-06	-5.577253e-02	4.471635e+00
8.500000e-06	3.270336e-02	4.694662e+00
8.510000e-06	-5.914014e-02	4.947674e+00
8.520000e-06	3.797909e-02	5.210082e+00
8.530000e-06	5.117421e-03	5.441618e+00
8.540000e-06	-1.431679e-02	5.683089e+00
8.550000e-06	2.894484e-02	5.943695e+00
8.560000e-06	-1.477564e-02	6.125673e+00
8.570000e-06	-9.302253e-03	6.335671e+00
8.580000e-06	-5.287550e-03	6.535172e+00
8.590000e-06	3.737396e-03	6.734852e+00
8.600000e-06	1.649623e-02	6.945825e+00
8.610000e-06	-2.089628e-02	7.177351e+00
8.620000e-06	3.295797e-02	7.325227e+00
8.630000e-06	-2.734510e-02	7.607928e+00
8.640000e-06	2.377443e-03	7.787932e+00
8.650000e-06	6.057882e-03	7.988909e+00
8.660000e-06	-9.520841e-03	8.229988e+00
8.670000e-06	1.783995e-02	8.397881e+00
8.680000e-06	-8.856736e-03	8.555224e+00
8.690000e-06	1.384519e-02	8.695722e+00
8.700000e-06	-1.677383e-02	8.861519e+00
8.710000e-06	7.602914e-03	9.051091e+00
8.720000e-06	-6.436989e-03	9.238467e+00
8.730000e-06	5.246585e-04	9.377413e+00
8.740000e-06	5.434154e-03	9.565803e+00
8.750000e-06	7.882831e-04	9.714122e+00
8.760000e-06	7.042871e-03	9.861599e+00
8.770000e-06	-4.852642e-03	1.000896e+01
8.780000e-06	3.891846e-05	1.017741e+01
8.790000e-06	-5.048405e-03	1.031270e+01
8.800000e-06	3.859959e-03	1.044960e+01
8.810000e-06	-4.712035e-04	1.054936e+01
8.820000e-06	2.394778e-03	1.073583e+01
8.830000e-06	2.388232e-03	1.086100e+01
8.840000e-06	3.232289e-03	1.100785e+01
8.850000e-06	3.579122e-04	1.108220e+01
8.860000e-06	-3.311665e-03	1.121694e+01
8.870000e-06	-3.324751e-05	1.130521e+01
8.880000e-06	5.963743e-04	1.143063e+01
8.890000e-06	2.545032e-03	1.158594e+01
8.900000e-06	3.447121e-04	1.167058e+01
8.910000e-06	1.938775e-03	1.180794e+01
8.920000e-06	1.285790e-03	1.189267e+01
8.930000e-06	9.085187e-04	1.193633e+01
8.940000e-06	-1.146691e-03	1.207200e+01
8.950000e-06	1.502054e-04	1.212464e+01
8.960000e-06	1.865519e-03	1.219944e+01
8.970000e-06	3.184540e-03	1.226112e+01
8.980000e-06	1.404284e-03	1.232628e+01
8.990000e-06	9.711466e-05	1.241839e+01
9.000000e-06	1.919726e-03	1.249350e+01
9.010000e-06	5.555658e-05	1.251330e+01
9.020000e-06	8.052509e-04	1.256783e+01
9.030000e-06	2.199289e-04	1.257939e+01
9.040000e-06	1.692908e-03	1.266150e+01
9.050000e-06	2.558034e-03	1.267108e+01
9.060000e-06	1.429818e-03	1.268275e+01
9.070000e-06	3.966424e-05	1.270476e+01
9.080000e-06	1.623484e-03	1.274483e+01
9.090000e-06	2.727095e-03	1.276631e+01
9.100000e-06	2.931041e-03	1.280736e+01
9.110000e-06	2.195478e-03	1.277734e+01
9.120000e-06	2.021358e-03	1.275789e+01
9.130000e-06	2.149102e-03	1.277591e+01
9.140000e-06	1.840544e-03	1.274489e+01
9.150000e-06	1.502678e-03	1.274579e+01
9.160000e-06	2.616010e-03	1.276631e+01
9.170000e-06	4.560869e-03	1.271386e+01
9.180000e-06	5.356323e-03	1.268383e+01
9.190000e-06	2.878132e-03	1.265362e+01
9.200000e-06	3.912067e-03	1.264005e+01
9.210000e-06	3.570541e-03	1.259837e+01
9.220000e-06	5.335638e-03	1.254736e+01
9.230000e-06	4.619631e-03	1.254528e+01
9.240000e-06	4.326167e-03	1.244167e+01
9.250000e-06	5.784838e-03	1.241947e+01
9.260000e-06	6.596828e-03	1.239678e+01
9.270000e-06	6.777159e-03	1.226365e+01
9.280000e-06	6.782539e-03	1.219902e+01
9.290000e-06	9.316836e-03	1.218574e+01
9.300000e-06	1.060534e-02	1.208048e+01
9.310000e-06	1.089016e-02	1.196583e+01
9.320000e-06	1.100046e-02	1.187272e+01
9.330000e-06	1.292026e-02	1.179787e+01
9.340000e-06	1.590451e-02	1.165166e+01
9.350000e-06	1.705768e-02	1.160787e+01
9.360000e-06	1.788223e-02	1.146002e+01
9.370000e-06	1.852336e-02	1.137531e+01
9.380000e-06	2.339441e-02	1.119994e+01
9.390000e-06	2.301613e-02	1.110368e+01
9.400000e-06	2.470073e-02	1.096687e+01
9.410000e-06	2.473231e-02	1.088472e+01
9.420000e-06	2.681906e-02	1.074633e+01
9.430000e-06	2.591515e-02	1.061904e+01
9.440000e-06	2.573702e-02	1.051255e+01
9.450000e-06	2.394791e-02	1.031373e+01
9.460000e-06	2.361962e-02	1.018794e+01
9.470000e-06	2.260274e-02	1.004207e+01
9.480000e-06	1.956412e-02	9.923675e+00
9.490000e-06	1.853516e-02	9.705682e+00
9.500000e-06	1.654230e-02	9.597360e+00
9.510000e-06	1.603752e-02	9.407461e+00
9.520000e-06	1.249283e-02	9.233147e+00
9.530000e-06	1.267421e-02	9.115252e+00
9.540000e-06	1.056849e-02	8.955682e+00
9.550000e-06	1.095083e-02	8.765802e+00
9.560000e-06	7.597917e-03	8.578885e+00
9.570000e-06	6.358129e-03	8.388864e+00
9.580000e-06	5.774084e-03	8.271016e+00
9.590000e-06	4.826487e-03	8.032066e+00
9.600000e-06	3.601718e-03	7.842019e+00
9.610000e-06	2.752910e-03	7.622095e+00
9.620000e-06	2.273322e-03	7.389614e+00
9.630000e-06	2.534123e-03	7.198911e+00
9.640000e-06	1.029168e-03	7.010990e+00
9.650000e-06	-4.211384e-04	6.849015e+00
9.660000e-06	-3.596341e-05	6.590069e+00
9.670000e-06	3.484517e-04	6.378935e+00
9.680000e-06	-4.709313e-04	6.219009e+00
9.690000e-06	-1.941555e-03	6.030538e+00
9.700000e-06	-2.186104e-03	5.810487e+00
9.710000e-06	-8.253115e-04	5.578407e+00
9.720000e-06	-1.078267e-03	5.348402e+00
9.730000e-06	-2.596081e-03	5.057250e+00
9.740000e-06	-1.936214e-03	4.852136e+00
9.750000e-06	-1.888287e-03	4.631556e+00
9.760000e-06	-1.277016e-03	4.411535e+00
9.770000e-06	-2.958028e-03	4.178960e+00
9.780000e-06	-4.176879e-03	3.907374e+00
9.790000e-06	-3.790149e-03	3.724793e+00
9.800000e-06	-1.579512e-03	3.536776e+00
9.810000e-06	-2.429645e-03	3.282638e+00
9.820000e-06	-4.056614e-03	3.012088e+00
9.830000e-06	-4.043137e-03	2.811556e+00
9.840000e-06	-3.512942e-03	2.610460e+00
9.850000e-06	-3.617255e-03	2.346750e+00
9.860000e-06	-4.463367e-03	2.114721e+00
9.870000e-06	-4.901902e-03	1.955264e+00
9.880000e-06	-3.636362e-03	1.599590e+00
9.890000e-06	-3.340833e-03	1.381004e+00
9.900000e-06	-4.782414e-03	1.158325e+00
9.910000e-06	-5.269617e-03	8.831390e-01
9.920000e-06	-4.421336e-03	6.115825e-01
9.930000e-06	-2.986229e-03	3.930276e-01
9.940000e-06	-3.464125e-03	1.594260e-01
9.950000e-06	-3.633183e-03	-6.473190e-02
9.960000e-06	4.304382e-03	-2.842369e-01
9.970000e-06	-1.030660e-03	-4.937581e-01
9.980000e-06	-1.332840e-03	-7.882907e-01
9.990000e-06	-5.892143e-03	-9.568210e-01
1.000000e-05	-7.140147e-04	-1.198470e+00
1.001000e-05	-2.410742e-03	-1.399700e+00
1.002000e-05	3.275163e-03	-1.651575e+00
1.003000e-05	4.971146e-02	-1.800580e+00
1.004000e-05	5.496344e-02	-2.081109e+00
1.005000e-05	-6.003398e-02	-2.450055e+00
1.006000e-05	-3.749353e-02	-2.725716e+00
1.007000e-05	-4.866946e-02	-2.925313e+00
1.008000e-05	-4.645095e-02	-3.167375e+00
1.009000e-05	6.438127e-02	-3.264259e+00
1.010000e-05	3.807620e-02	-3.461612e+00
1.011000e-05	-1.229234e-01	-3.715216e+00
1.012000e-05	1.664988e-01	-3.955743e+00
1.013000e-05	-5.077315e-02	-4.127796e+00
1.014000e-05	-1.488550e-02	-4.408426e+00
1.015000e-05	1.897380e-02	-4.558269e+00
1.016000e-05	-1.358779e-01	-4.862103e+00
1.017000e-05	1.184661e-01	-5.021081e+00
1.018000e-05	-1.725088e-02	-5.292685e+00
1.019000e-05	-1.602773e-02	-5.558421e+00
1.020000e-05	4.285498e-02	-5.745823e+00
1.021000e-05	-8.079984e-02	-5.967429e+00
1.022000e-05	7.265457e-02	-6.217961e+00
1.023000e-05	-5.468766e-02	-6.430033e+00
1.024000e-05	-2.609587e-02	-6.640611e+00
1.025000e-05	5.398746e-02	-6.829930e+00
1.026000e-05	-4.423491e-02	-7.061742e+00
1.027000e-05	8.045331e-02	-7.252688e+00
1.028000e-05	-1.122061e-01	-7.482617e+00
1.029000e-05	4.310270e-02	-7.672514e+00
1.030000e-05	-3.184472e-05	-7.902697e+00
1.031000e-05	-1.866997e-02	-8.093667e+00
1.032000e-05	2.560012e-02	-8.251088e+00
1.033000e-05	-5.622698e-02	-8.410083e+00
1.034000e-05	6.980099e-02	-8.651117e+00
1.035000e-05	-5.219669e-02	-8.860084e+00
1.036000e-05	1.169065e-02	-8.998982e+00
1.037000e-05	-3.189474e-02	-9.135274e+00
1.038000e-05	1.124126e-02	-9.335823e+00
1.039000e-05	1.811697e-02	-9.482223e+00
1.040000e-05	-3.522190e-02	-9.680143e+00
1.041000e-05	1.772720e-02	-9.777457e+00
1.042000e-05	-2.304824e-02	-9.924851e+00
1.043000e-05	2.368195e-02	-1.010360e+01
1.044000e-05	-3.503950e-02	-1.024150e+01
1.045000e-05	3.937145e-04	-1.042109e+01
1.046000e-05	-5.508653e-03	-1.053633e+01
1.047000e-05	7.589447e-03	-1.069415e+01
1.048000e-05	-7.510190e-03	-1.077743e+01
1.049000e-05	-1.840580e-02	-1.092425e+01
1.050000e-05	6.419781e-03	-1.104107e+01
1.051000e-05	-8.495877e-03	-1.115841e+01
1.052000e-05	-2.717067e-04	-1.133528e+01
1.053000e-05	-2.489266e-02	-1.138799e+01
1.054000e-05	7.265743e-03	-1.153543e+01
1.055000e-05	-6.313629e-03	-1.166947e+01
1.056000e-05	2.403878e-03	-1.177797e+01
1.057000e-05	-1.844619e-02	-1.189318e+01
1.058000e-05	-1.468792e-03	-1.199846e+01
1.059000e-05	-1.998939e-03	-1.208320e+01
1.060000e-05	-8.404913e-03	-1.216681e+01
1.061000e-05	-1.368982e-02	-1.222946e+01
1.062000e-05	-9.078813e-03	-1.226272e+01
1.063000e-05	1.791301e-03	-1.234687e+01
1.064000e-05	-6.344385e-03	-1.242114e+01
1.065000e-05	-7.641913e-03	-1.251200e+01
1.066000e-05	-1.095973e-02	-1.254734e+01
1.067000e-05	-5.000097e-06	-1.261759e+01
1.068000e-05	-8.442667e-03	-1.263117e+01
1.069000e-05	-1.083088e-02	-1.267418e+01
1.070000e-05	-1.126656e-02	-1.272573e+01
1.071000e-05	-4.195976e-03	-1.274839e+01
1.072000e-05	-5.129361e-03	-1.279799e+01
1.073000e-05	-9.965988e-03	-1.281912e+01
1.074000e-05	-9.763879e-03	-1.285072e+01
1.075000e-05	-3.211407e-03	-1.289272e+01
1.076000e-05	-6.042702e-03	-1.291373e+01
1.077000e-05	-1.068953e-02	-1.289267e+01
1.078000e-05	-1.422354e-02	-1.287328e+01
1.079000e-05	-8.789536e-03	-1.288325e+01
1.080000e-05	-5.727257e-03	-1.289167e+01
1.081000e-05	-9.416845e-03	-1.287070e+01
1.082000e-05	-1.065767e-02	-1.285064e+01
1.083000e-05	-8.411052e-03	-1.278110e+01
1.084000e-05	-7.042357e-03	-1.281004e+01
1.085000e-05	-1.173525e-02	-1.274791e+01
1.086000e-05	-1.466753e-02	-1.273436e+01
1.087000e-05	-1.083835e-02	-1.265220e+01
1.088000e-05	-8.286448e-03	-1.262163e+01
1.089000e-05	-1.086562e-02	-1.254802e+01
1.090000e-05	-1.430133e-02	-1.255686e+01
1.091000e-05	-1.244843e-02	-1.248413e+01
1.092000e-05	-1.162291e-02	-1.242944e+01
1.093000e-05	-1.385085e-02	-1.233633e+01
1.094000e-05	-1.775563e-02	-1.228258e+01
1.095000e-05	-1.561526e-02	-1.220007e+01
1.096000e-05	-1.460476e-02	-1.213783e+01
1.097000e-05	-1.634980e-02	-1.203065e+01
1.098000e-05	-2.145697e-02	-1.195541e+01
1.099000e-05	-2.162791e-02	-1.184163e+01
1.100000e-05	-1.934849e-02	-1.178892e+01
1.101000e-05	-2.183730e-02	-1.162897e+01
1.102000e-05	-2.640531e-02	-1.152325e+01
1.103000e-05	-2.871273e-02	-1.134644e+01
1.104000e-05	-2.785905e-02	-1.124570e+01
1.105000e-05	-2.890347e-02	-1.114321e+01
1.106000e-05	-3.323109e-02	-1.098954e+01
1.107000e-05	-3.464969e-02	-1.086423e+01
1.108000e-05	-3.146750e-02	-1.076833e+01
1.109000e-05	-3.091108e-02	-1.066267e+01
1.110000e-05	-3.250654e-02	-1.049428e+01
1.111000e-05	-3.361911e-02	-1.037839e+01
1.112000e-05	-3.053095e-02	-1.020159e+01
1.113000e-05	-2.744211e-02	-1.003110e+01
1.114000e-05	-2.821249e-02	-9.915827e+00
1.115000e-05	-2.881111e-02	-9.778459e+00
1.116000e-05	-2.517792e-02	-9.653118e+00
1.117000e-05	-2.092256e-02	-9.463674e+00
1.118000e-05	-2.039670e-02	-9.273698e+00
1.119000e-05	-2.113105e-02	-9.125954e+00
1.120000e-05	-1.941827e-02	-8.948910e+00
1.121000e-05	-1.533859e-02	-8.831465e+00
1.122000e-05	-1.558616e-02	-8.589543e+00
1.123000e-05	-1.677579e-02	-8.390585e+00
1.124000e-05	-1.552900e-02	-8.252695e+00
1.125000e-05	-1.148924e-02	-8.067272e+00
1.126000e-05	-9.055402e-03	-7.885274e+00
1.127000e-05	-1.252127e-02	-7.643165e+00
1.128000e-05	-1.211923e-02	-7.451593e+00
1.129000e-05	-1.007372e-02	-7.244168e+00
1.130000e-05	-7.985705e-03	-7.054167e+00
1.131000e-05	-1.035118e-02	-6.840140e+00
1.132000e-05	-1.038099e-02	-6.643143e+00
1.133000e-05	-7.371114e-03	-6.452643e+00
1.134000e-05	-4.691586e-03	-6.241091e+00
1.135000e-05	-7.744951e-03	-6.021088e+00
1.136000e-05	-9.462650e-03	-5.801509e+00
1.137000e-05	-7.799065e-03	-5.631034e+00
1.138000e-05	-6.415451e-03	-5.378407e+00
1.139000e-05	-6.516328e-03	-5.126775e+00
1.140000e-05	-8.421658e-03	-4.862717e+00
1.141000e-05	-6.039986e-03	-4.620089e+00
1.142000e-05	-5.643177e-03	-4.441558e+00
1.143000e-05	-5.414813e-03	-4.232660e+00
1.144000e-05	-6.980015e-03	-3.999160e+00
1.145000e-05	-5.436986e-03	-3.779926e+00
1.146000e-05	-4.607124e-03	-3.538948e+00
1.147000e-05	-4.295446e-03	-3.346871e+00
1.148000e-05	-7.225613e-03	-3.125744e+00
1.149000e-05	-6.978051e-03	-2.813660e+00
1.150000e-05	-6.051693e-03	-2.612109e+00
1.151000e-05	-3.768512e-03	-2.368979e+00
1.152000e-05	-4.954640e-03	-2.155999e+00
1.153000e-05	-3.964943e-03	-1.896320e+00
1.154000e-05	-3.655629e-03	-1.684813e+00
1.155000e-05	-4.817856e-03	-1.464134e+00
1.156000e-05	-5.471594e-03	-1.156947e+00
1.157000e-05	-6.650532e-03	-9.358183e-01
1.158000e-05	-3.688122e-03	-7.367408e-01
1.159000e-05	-3.702608e-03	-4.430778e-01
1.160000e-05	-2.081984e-03	-2.016028e-01
1.161000e-05	-6.409475e-04	-1.025009e-03
1.162000e-05	4.738239e-03	2.435313e-01
1.163000e-05	-2.615777e-03	4.635578e-01
1.164000e-05	1.296006e-03	6.647342e-01
1.165000e-05	-3.527208e-03	9.032129e-01
1.166000e-05	1.455270e-03	1.186872e+00
1.167000e-05	2.717671e-04	1.357877e+00
1.168000e-05	2.764814e-03	1.692004e+00
1.169000e-05	2.525570e-02	1.892634e+00
1.170000e-05	6.482883e-02	2.073710e+00
1.171000e-05	-1.177038e-02	2.325397e+00
1.172000e-05	-5.009306e-02	2.637557e+00
1.173000e-05	-4.266483e-02	2.862114e+00
1.174000e-05	-1.483714e-02	3.062609e+00
1.175000e-05	-4.404384e-02	3.189002e+00
1.176000e-05	3.358034e-02	3.369881e+00
1.177000e-05	4.521302e-02	3.660532e+00
1.178000e-05	-7.164645e-02	3.850059e+00
1.179000e-05	1.291685e-01	4.050482e+00
1.180000e-05	-4.495716e-02	4.356345e+00
1.181000e-05	-2.330492e-02	4.543693e+00
1.182000e-05	1.567904e-02	4.767875e+00
1.183000e-05	-5.506117e-02	5.009013e+00
1.184000e-05	5.443827e-02	5.292141e+00
1.185000e-05	-1.644767e-02	5.535244e+00
1.186000e-05	-1.387087e-03	5.746848e+00
1.187000e-05	2.255997e-02	5.969327e+00
1.188000e-05	-2.333530e-02	6.187855e+00
1.189000e-05	7.489162e-04	6.365801e+00
1.190000e-05	-1.319479e-02	6.565334e+00
1.191000e-05	1.410000e-02	6.798406e+00
1.192000e-05	6.389225e-03	6.998011e+00
1.193000e-05	-1.025706e-02	7.227428e+00
1.194000e-05	2.682090e-02	7.417864e+00
1.195000e-05	-3.864197e-02	7.689493e+00
1.196000e-05	1.903567e-02	7.849988e+00
1.197000e-05	-5.980835e-03	8.071143e+00
1.198000e-05	1.729627e-03	8.259139e+00
1.199000e-05	9.891499e-03	8.429008e+00
1.200000e-05	-5.346421e-03	8.567430e+00
1.201000e-05	1.205319e-02	8.733775e+00
1.202000e-05	-1.866152e-02	8.943206e+00
1.203000e-05	9.920672e-03	9.100148e+00
1.204000e-05	-1.206198e-02	9.283072e+00
1.205000e-05	7.887592e-03	9.457417e+00
1.206000e-05	2.644272e-03	9.556386e+00
1.207000e-05	1.699764e-03	9.715780e+00
1.208000e-05	4.635582e-03	9.893200e+00
1.209000e-05	-4.244731e-03	1.006009e+01
1.210000e-05	2.177815e-03	1.019794e+01
1.211000e-05	-5.640790e-03	1.034370e+01
1.212000e-05	4.379406e-03	1.048160e+01
1.213000e-05	-1.932956e-03	1.063044e+01
1.214000e-05	4.527156e-03	1.075681e+01
1.215000e-05	1.688276e-03	1.089262e+01
1.216000e-05	2.491180e-03	1.102092e+01
1.217000e-05	-8.338984e-04	1.110425e+01
1.218000e-05	-2.491015e-03	1.125002e+01
1.219000e-05	4.295031e-04	1.135679e+01
1.220000e-05	9.488101e-05	1.144315e+01
1.221000e-05	2.983336e-03	1.160752e+01
1.222000e-05	-7.782892e-04	1.172375e+01
1.223000e-05	3.099943e-03	1.178846e+01
1.224000e-05	5.489147e-04	1.188263e+01
1.225000e-05	1.421288e-03	1.193696e+01
1.226000e-05	-2.667251e-04	1.210200e+01
1.227000e-05	3.777023e-04	1.216577e+01
1.228000e-05	1.229573e-03	1.224052e+01
1.229000e-05	1.151868e-03	1.227260e+01
1.230000e-05	2.314484e-03	1.237636e+01
1.231000e-05	9.240558e-05	1.246907e+01
1.232000e-05	2.227413e-03	1.249373e+01
1.233000e-05	-1.076064e-04	1.253628e+01
1.234000e-05	2.641647e-03	1.256749e+01
1.235000e-05	7.110636e-04	1.262841e+01
1.236000e-05	1.985505e-03	1.264215e+01
1.237000e-05	2.103381e-03	1.266268e+01
1.238000e-05	4.942627e-04	1.271281e+01
1.239000e-05	1.361096e-03	1.274573e+01
1.240000e-05	1.752337e-03	1.276634e+01
1.241000e-05	2.378326e-03	1.276681e+01
1.242000e-05	1.988377e-03	1.280589e+01
1.243000e-05	2.066185e-03	1.274489e+01
1.244000e-05	2.075988e-03	1.273837e+01
1.245000e-05	1.835900e-03	1.274534e+01
1.246000e-05	2.355009e-03	1.277739e+01
1.247000e-05	2.293704e-03	1.274636e+01
1.248000e-05	3.515547e-03	1.274678e+01
1.249000e-05	4.011436e-03	1.268326e+01
1.250000e-05	3.985514e-03	1.269313e+01
1.251000e-05	2.473414e-03	1.266263e+01
1.252000e-05	3.770463e-03	1.264152e+01
1.253000e-05	3.643118e-03	1.257738e+01
1.254000e-05	4.564838e-03	1.255738e+01
1.255000e-05	5.420080e-03	1.251318e+01
1.256000e-05	5.904817e-03	1.246162e+01
1.257000e-05	6.487246e-03	1.240796e+01
1.258000e-05	6.338107e-03	1.234576e+01
1.259000e-05	6.825336e-03	1.223110e+01
1.260000e-05	6.805450e-03	1.218742e+01
1.261000e-05	8.594157e-03	1.214628e+01
1.262000e-05	1.036987e-02	1.203945e+01
1.263000e-05	1.038162e-02	1.194586e+01
1.264000e-05	1.200644e-02	1.187207e+01
1.265000e-05	1.337727e-02	1.176796e+01
1.266000e-05	1.587589e-02	1.164210e+01
1.267000e-05	1.600866e-02	1.157524e+01
1.268000e-05	1.877198e-02	1.142152e+01
1.269000e-05	2.028888e-02	1.132369e+01
1.270000e-05	2.308164e-02	1.114941e+01
1.271000e-05	2.246531e-02	1.107308e+01
1.272000e-05	2.469724e-02	1.097585e+01
1.273000e-05	2.438628e-02	1.084107e+01
1.274000e-05	2.598479e-02	1.068576e+01
1.275000e-05	2.474585e-02	1.057889e+01
1.276000e-05	2.554196e-02	1.048152e+01
1.277000e-05	2.410858e-02	1.029167e+01
1.278000e-05	2.378874e-02	1.015633e+01
1.279000e-05	2.176207e-02	1.000942e+01
1.280000e-05	1.960343e-02	9.863146e+00
1.281000e-05	1.887523e-02	9.673602e+00
1.282000e-05	1.607112e-02	9.515732e+00
1.283000e-05	1.504234e-02	9.357908e+00
1.284000e-05	1.223788e-02	9.229040e+00
1.285000e-05	1.218550e-02	9.062624e+00
1.286000e-05	1.060924e-02	8.912550e+00
1.287000e-05	7.973950e-03	8.703675e+00
1.288000e-05	6.691097e-03	8.525355e+00
1.289000e-05	7.606739e-03	8.367851e+00
1.290000e-05	6.049179e-03	8.217816e+00
1.291000e-05	5.097884e-03	7.966884e+00
1.292000e-05	3.107486e-03	7.831081e+00
1.293000e-05	2.820313e-03	7.578986e+00
1.294000e-05	2.042531e-03	7.388335e+00
1.295000e-05	1.397322e-03	7.178330e+00
1.296000e-05	1.903959e-04	6.968805e+00
1.297000e-05	7.295743e-04	6.799936e+00
1.298000e-05	1.519009e-03	6.547429e+00
1.299000e-05	-9.262105e-05	6.377850e+00
1.300000e-05	-1.301702e-03	6.188326e+00
1.301000e-05	-1.052342e-03	5.968877e+00
1.302000e-05	-1.122975e-03	5.737806e+00
1.303000e-05	-1.451445e-03	5.514276e+00
1.304000e-05	-2.538913e-03	5.305198e+00
1.305000e-05	-2.345016e-03	5.053515e+00
1.306000e-05	-1.003910e-03	4.746880e+00
1.307000e-05	-1.333282e-03	4.549380e+00
1.308000e-05	-2.609915e-03	4.339927e+00
1.309000e-05	-4.209517e-03	4.166801e+00
1.310000e-05	-3.319142e-03	3.883768e+00
1.311000e-05	-2.566093e-03	3.653690e+00
1.312000e-05	-3.628843e-03	3.472669e+00
1.313000e-05	-3.266731e-03	3.209955e+00
1.314000e-05	-3.374560e-03	2.967932e+00
1.315000e-05	-2.668905e-03	2.779451e+00
1.316000e-05	-4.226602e-03	2.506220e+00
1.317000e-05	-4.932891e-03	2.294137e+00
1.318000e-05	-4.261518e-03	2.032639e+00
1.319000e-05	-3.376605e-03	1.862610e+00
1.320000e-05	-4.109370e-03	1.538951e+00
1.321000e-05	-3.946901e-03	1.337266e+00
1.322000e-05	-4.199379e-03	1.073566e+00
1.323000e-05	-3.866577e-03	7.805286e-01
1.324000e-05	-4.520058e-03	5.594497e-01
1.325000e-05	-4.389022e-03	3.604248e-01
1.326000e-05	-3.452184e-03	1.272154e-01
1.327000e-05	-4.351672e-04	-1.563895e-01
1.328000e-05	4.063614e-03	-3.473383e-01
1.329000e-05	-4.205504e-03	-5.962936e-01
1.330000e-05	-3.240375e-04	-8.094501e-01
1.331000e-05	-4.822346e-03	-1.031001e+00
1.332000e-05	-2.014922e-03	-1.240529e+00
1.333000e-05	-4.219708e-03	-1.492287e+00
1.334000e-05	1.021262e-02	-1.724736e+00
1.335000e-05	6.659429e-02	-1.864135e+00
1.336000e-05	2.291416e-02	-2.136295e+00
1.337000e-05	-6.021363e-02	-2.525817e+00
1.338000e-05	-3.964643e-02	-2.758395e+00
1.339000e-05	-4.595744e-02	-2.999504e+00
1.340000e-05	-4.456510e-02	-3.210529e+00
1.341000e-05	1.038519e-01	-3.294795e+00
1.342000e-05	-3.459916e-02	-3.505766e+00
1.343000e-05	-6.042315e-02	-3.716352e+00
1.344000e-05	1.628990e-01	-3.989473e+00
1.345000e-05	-1.020616e-01	-4.229033e+00
1.346000e-05	4.186242e-02	-4.420055e+00
1.347000e-05	-4.583004e-02	-4.648534e+00
1.348000e-05	-8.776350e-02	-4.905267e+00
1.349000e-05	1.297321e-01	-5.103137e+00
1.350000e-05	-6.335937e-02	-5.355945e+00
1.351000e-05	3.312266e-02	-5.620533e+00
1.352000e-05	1.880136e-03	-5.798931e+00
1.353000e-05	-5.891502e-02	-6.050461e+00
1.354000e-05	7.902644e-02	-6.220216e+00
1.355000e-05	-9.579374e-02	-6.483639e+00
1.356000e-05	3.290316e-02	-6.683717e+00
1.357000e-05	9.075218e-03	-6.851188e+00
1.358000e-05	-4.610809e-03	-7.145746e+00
1.359000e-05	4.683481e-02	-7.314273e+00
1.360000e-05	-1.128168e-01	-7.534241e+00
1.361000e-05	7.871843e-02	-7.753348e+00
1.362000e-05	-4.430036e-02	-7.966851e+00
1.363000e-05	2.205349e-02	-8.134846e+00
1.364000e-05	-1.221579e-02	-8.333194e+00
1.365000e-05	-2.106796e-02	-8.523192e+00
1.366000e-05	5.062640e-02	-8.663121e+00
1.367000e-05	-5.889924e-02	-8.893642e+00
1.368000e-05	2.431288e-02	-8.999439e+00
1.369000e-05	-4.304918e-02	-9.168383e+00
1.370000e-05	3.727486e-02	-9.345884e+00
1.371000e-05	-1.176805e-02	-9.541777e+00
1.372000e-05	-1.396478e-02	-9.715247e+00
1.373000e-05	6.483592e-03	-9.839514e+00
1.374000e-05	-1.557098e-02	-9.975880e+00
1.375000e-05	1.560506e-02	-1.014475e+01
1.376000e-05	-3.638403e-02	-1.027330e+01
1.377000e-05	1.129574e-02	-1.048212e+01
1.378000e-05	-1.187236e-02	-1.059838e+01
1.379000e-05	1.259193e-02	-1.070430e+01
1.380000e-05	-1.869172e-02	-1.078796e+01
1.381000e-05	-6.359223e-03	-1.097633e+01
1.382000e-05	3.767625e-04	-1.104062e+01
1.383000e-05	-4.931364e-03	-1.123754e+01
1.384000e-05	-7.628344e-03	-1.129373e+01
1.385000e-05	-1.737448e-02	-1.145057e+01
1.386000e-05	6.467539e-03	-1.154738e+01
1.387000e-05	-7.492437e-03	-1.169410e+01
1.388000e-05	-1.984996e-03	-1.181097e+01
1.389000e-05	-1.734359e-02	-1.190473e+01
1.390000e-05	1.669868e-03	-1.198049e+01
1.391000e-05	-6.198833e-03	-1.207425e+01
1.392000e-05	-6.809202e-03	-1.216941e+01
1.393000e-05	-1.245392e-02	-1.221907e+01
1.394000e-05	-2.970599e-03	-1.231680e+01
1.395000e-05	-1.345152e-03	-1.235693e+01
1.396000e-05	-1.043033e-02	-1.245103e+01
1.397000e-05	-1.005202e-02	-1.254323e+01
1.398000e-05	-9.010299e-03	-1.256902e+01
1.399000e-05	-5.686096e-04	-1.260994e+01
1.400000e-05	-9.344718e-03	-1.267160e+01
1.401000e-05	-9.625751e-03	-1.270278e+01
1.402000e-05	-7.053354e-03	-1.275786e+01
1.403000e-05	-3.215167e-03	-1.277847e+01
1.404000e-05	-8.853117e-03	-1.285007e+01
1.405000e-05	-1.204057e-02	-1.281859e+01
1.406000e-05	-7.658914e-03	-1.286165e+01
1.407000e-05	-3.978045e-03	-1.288210e+01
1.408000e-05	-7.744978e-03	-1.287320e+01
1.409000e-05	-1.130008e-02	-1.290368e+01
1.410000e-05	-1.127507e-02	-1.291368e+01
1.411000e-05	-5.824310e-03	-1.289470e+01
1.412000e-05	-8.411986e-03	-1.286215e+01
1.413000e-05	-1.265240e-02	-1.289112e+01
1.414000e-05	-9.774234e-03	-1.289005e+01
1.415000e-05	-6.725578e-03	-1.283149e+01
1.416000e-05	-7.970116e-03	-1.280739e+01
1.417000e-05	-1.399918e-02	-1.276571e+01
1.418000e-05	-1.270394e-02	-1.268488e+01
1.419000e-05	-8.797756e-03	-1.270321e+01
1.420000e-05	-8.938102e-03	-1.259005e+01
1.421000e-05	-1.432103e-02	-1.259847e+01
1.422000e-05	-1.395973e-02	-1.253578e+01
1.423000e-05	-1.135302e-02	-1.246220e+01
1.424000e-05	-1.210175e-02	-1.237989e+01
1.425000e-05	-1.640181e-02	-1.231531e+01
1.426000e-05	-1.714460e-02	-1.224012e+01
1.427000e-05	-1.444652e-02	-1.218039e+01
1.428000e-05	-1.492060e-02	-1.208523e+01
1.429000e-05	-1.941664e-02	-1.202102e+01
1.430000e-05	-2.110128e-02	-1.188490e+01
1.431000e-05	-1.978560e-02	-1.182060e+01
1.432000e-05	-1.966296e-02	-1.176529e+01
1.433000e-05	-2.480096e-02	-1.160942e+01
1.434000e-05	-2.811581e-02	-1.147070e+01
1.435000e-05	-2.741543e-02	-1.137931e+01
1.436000e-05	-2.817745e-02	-1.121007e+01
1.437000e-05	-3.130490e-02	-1.107222e+01
1.438000e-05	-3.409404e-02	-1.097694e+01
1.439000e-05	-3.108243e-02	-1.085270e+01
1.440000e-05	-3.035745e-02	-1.070633e+01
1.441000e-05	-3.125353e-02	-1.063052e+01
1.442000e-05	-3.509146e-02	-1.046328e+01
1.443000e-05	-3.299504e-02	-1.030788e+01
1.444000e-05	-3.017064e-02	-1.014847e+01
1.445000e-05	-2.856324e-02	-1.001957e+01
1.446000e-05	-3.021930e-02	-9.853745e+00
1.447000e-05	-2.604708e-02	-9.747355e+00
1.448000e-05	-2.116864e-02	-9.629013e+00
1.449000e-05	-2.077258e-02	-9.451521e+00
1.450000e-05	-2.211742e-02	-9.271515e+00
1.451000e-05	-2.123525e-02	-9.114675e+00
1.452000e-05	-1.764820e-02	-8.935349e+00
1.453000e-05	-1.673256e-02	-8.737755e+00
1.454000e-05	-1.803827e-02	-8.566933e+00
1.455000e-05	-1.640656e-02	-8.358459e+00
1.456000e-05	-1.263819e-02	-8.211035e+00
1.457000e-05	-1.073671e-02	-8.041564e+00
1.458000e-05	-1.264168e-02	-7.842618e+00
1.459000e-05	-1.330213e-02	-7.599458e+00
1.460000e-05	-9.625187e-03	-7.420059e+00
1.461000e-05	-8.393868e-03	-7.190536e+00
1.462000e-05	-1.017024e-02	-7.018036e+00
1.463000e-05	-1.169538e-02	-6.778984e+00
1.464000e-05	-8.390254e-03	-6.571057e+00
1.465000e-05	-6.579144e-03	-6.420459e+00
1.466000e-05	-7.904999e-03	-6.220486e+00
1.467000e-05	-9.791601e-03	-5.948378e+00
1.468000e-05	-7.866989e-03	-5.768902e+00
1.469000e-05	-5.126235e-03	-5.559478e+00
1.470000e-05	-6.346746e-03	-5.295218e+00
1.471000e-05	-7.871120e-03	-5.051069e+00
1.472000e-05	-7.574542e-03	-4.759004e+00
1.473000e-05	-4.517653e-03	-4.569403e+00
1.474000e-05	-6.639014e-03	-4.378929e+00
1.475000e-05	-6.092367e-03	-4.197956e+00
1.476000e-05	-7.009524e-03	-3.929806e+00
1.477000e-05	-3.585790e-03	-3.675876e+00
1.478000e-05	-5.658526e-03	-3.516249e+00
1.479000e-05	-5.860132e-03	-3.274739e+00
1.480000e-05	-8.211229e-03	-3.051589e+00
1.481000e-05	-3.352486e-03	-2.769529e+00
1.482000e-05	-5.039383e-03	-2.568478e+00
1.483000e-05	-4.504491e-03	-2.358874e+00
1.484000e-05	-6.431575e-03	-2.073113e+00
1.485000e-05	-3.100288e-03	-1.871685e+00
1.486000e-05	-3.957437e-03	-1.642611e+00
1.487000e-05	-6.417888e-03	-1.378882e+00
1.488000e-05	-6.593288e-03	-1.095817e+00
1.489000e-05	-4.439241e-03	-8.848142e-01
1.490000e-05	-2.888501e-03	-6.131065e-01
1.491000e-05	-3.777756e-03	-4.103735e-01
1.492000e-05	-2.898945e-03	-1.569485e-01
1.493000e-05	3.112640e-03	4.055657e-02
1.494000e-05	5.356123e-03	3.453633e-01
1.495000e-05	-3.088357e-03	4.947420e-01
1.496000e-05	-1.637771e-03	7.447682e-01
1.497000e-05	-3.449828e-03	9.348580e-01
1.498000e-05	2.545356e-03	1.230526e+00
1.499000e-05	-1.123678e-03	1.459533e+00
1.500000e-05	4.816984e-03	1.685156e+00
1.501000e-05	3.393380e-02	1.934316e+00
1.502000e-05	6.507009e-02	2.116821e+00
1.503000e-05	-4.052478e-02	2.440504e+00
1.504000e-05	-4.520354e-02	2.714741e+00
1.505000e-05	-3.674297e-02	2.885242e+00
1.506000e-05	-1.267025e-02	3.102090e+00
1.507000e-05	-4.121269e-02	3.239983e+00
1.508000e-05	5.939389e-02	3.421608e+00
1.509000e-05	-1.063000e-03	3.684737e+00
1.510000e-05	-2.718921e-02	3.931164e+00
1.511000e-05	1.219211e-01	4.113689e+00
1.512000e-05	-7.690470e-02	4.410002e+00
1.513000e-05	8.369959e-03	4.577930e+00
1.514000e-05	-1.390864e-02	4.830029e+00
1.515000e-05	-2.880539e-02	5.103221e+00
1.516000e-05	5.086165e-02	5.336297e+00
1.517000e-05	-2.601352e-02	5.588430e+00
1.518000e-05	1.458628e-02	5.787956e+00
1.519000e-05	1.218650e-02	6.001005e+00
1.520000e-05	-2.370018e-02	6.228984e+00
1.521000e-05	4.555392e-03	6.429505e+00
1.522000e-05	-1.455931e-02	6.640566e+00
1.523000e-05	2.083699e-02	6.860518e+00
1.524000e-05	-8.196310e-03	7.071344e+00
1.525000e-05	7.364401e-03	7.250535e+00
1.526000e-05	1.187269e-02	7.420547e+00
1.527000e-05	-3.452864e-02	7.712144e+00
1.528000e-05	2.358272e-02	7.912748e+00
1.529000e-05	-1.579728e-02	8.105250e+00
1.530000e-05	1.324159e-02	8.313098e+00
1.531000e-05	2.673333e-04	8.491089e+00
1.532000e-05	3.237127e-03	8.641435e+00
1.533000e-05	2.225033e-03	8.746856e+00
1.534000e-05	-1.267346e-02	8.996205e+00
1.535000e-05	6.961050e-03	9.105302e+00
1.536000e-05	-1.122444e-02	9.303149e+00
1.537000e-05	1.161859e-02	9.450121e+00
1.538000e-05	-7.312611e-04	9.617962e+00
1.539000e-05	5.003246e-03	9.767362e+00
1.540000e-05	1.771792e-03	9.964802e+00
1.541000e-05	-2.169776e-03	1.010420e+01
1.542000e-05	9.961800e-05	1.023999e+01
1.543000e-05	-4.709425e-03	1.037786e+01
1.544000e-05	2.639317e-03	1.051516e+01
1.545000e-05	-1.409235e-03	1.065107e+01
1.546000e-05	5.079226e-03	1.080831e+01
1.547000e-05	2.644010e-03	1.095517e+01
1.548000e-05	1.370618e-03	1.102957e+01
1.549000e-05	-1.212784e-03	1.115623e+01
1.550000e-05	-2.708782e-03	1.131108e+01
1.551000e-05	1.337697e-03	1.135842e+01
1.552000e-05	8.204688e-05	1.152313e+01
1.553000e-05	2.131014e-03	1.169902e+01
1.554000e-05	8.595339e-04	1.172578e+01
1.555000e-05	2.220368e-03	1.179994e+01
1.556000e-05	8.931427e-04	1.193473e+01
1.557000e-05	-9.406718e-04	1.198891e+01
1.558000e-05	8.993634e-04	1.213260e+01
1.559000e-05	2.604407e-04	1.215736e+01
1.560000e-05	3.476462e-03	1.224160e+01
1.561000e-05	1.836377e-03	1.231319e+01
1.562000e-05	1.560836e-03	1.239839e+01
1.563000e-05	-7.675033e-04	1.244955e+01
1.564000e-05	1.465675e-03	1.249423e+01
1.565000e-05	5.090324e-04	1.254529e+01
1.566000e-05	1.284653e-03	1.259789e+01
1.567000e-05	8.327441e-04	1.262997e+01
1.568000e-05	3.174179e-03	1.266110e+01
1.569000e-05	3.442358e-03	1.268218e+01
1.570000e-05	7.269172e-04	1.268430e+01
1.571000e-05	1.882471e-03	1.273629e+01
1.572000e-05	1.667977e-03	1.276576e+01
1.573000e-05	3.262761e-03	1.276581e+01
1.574000e-05	1.222266e-03	1.279734e+01
1.575000e-05	1.199754e-03	1.276589e+01
1.576000e-05	1.902781e-03	1.279826e+01
1.577000e-05	2.343571e-03	1.274636e+01
1.578000e-05	2.843497e-03	1.272679e+01
1.579000e-05	1.713223e-03	1.278531e+01
1.580000e-05	3.576592e-03	1.270468e+01
1.581000e-05	4.711843e-03	1.272275e+01
1.582000e-05	3.262978e-03	1.270315e+01
1.583000e-05	3.218008e-03	1.265157e+01
1.584000e-05	3.180789e-03	1.261944e+01
1.585000e-05	5.111137e-03	1.258639e+01
1.586000e-05	4.023212e-03	1.253585e+01
1.587000e-05	4.480223e-03	1.249480e+01
1.588000e-05	5.239524e-03	1.247060e+01
1.589000e-05	7.305312e-03	1.239847e+01
1.590000e-05	6.433510e-03	1.233573e+01
1.591000e-05	6.611146e-03	1.223152e+01
1.592000e-05	7.363262e-03	1.218784e+01
1.593000e-05	9.733047e-03	1.210466e+01
1.594000e-05	1.041424e-02	1.202937e+01
1.595000e-05	1.093871e-02	1.190473e+01
1.596000e-05	1.241395e-02	1.189005e+01
1.597000e-05	1.462084e-02	1.178778e+01
1.598000e-05	1.589697e-02	1.157997e+01
1.599000e-05	1.665901e-02	1.148471e+01
1.600000e-05	1.863675e-02	1.142147e+01
1.601000e-05	2.116926e-02	1.130465e+01
1.602000e-05	2.304586e-02	1.111681e+01
1.603000e-05	2.340997e-02	1.108257e+01
1.604000e-05	2.420418e-02	1.093433e+01
1.605000e-05	2.569746e-02	1.084052e+01
1.606000e-05	2.673068e-02	1.072310e+01
1.607000e-05	2.485465e-02	1.056639e+01
1.608000e-05	2.478826e-02	1.039841e+01
1.609000e-05	2.412971e-02	1.026267e+01
1.610000e-05	2.379705e-02	1.013473e+01
1.611000e-05	2.108402e-02	9.997910e+00
1.612000e-05	1.858317e-02	9.838446e+00
1.613000e-05	1.759817e-02	9.610542e+00
1.614000e-05	1.655516e-02	9.484649e+00
1.615000e-05	1.473067e-02	9.326351e+00
1.616000e-05	1.238786e-02	9.199407e+00
1.617000e-05	1.120736e-02	9.030540e+00
1.618000e-05	1.072048e-02	8.831012e+00
1.619000e-05	1.035197e-02	8.622019e+00
1.620000e-05	6.477696e-03	8.494145e+00
1.621000e-05	6.381223e-03	8.326301e+00
1.622000e-05	5.421710e-03	8.168285e+00
1.623000e-05	5.219997e-03	7.927229e+00
1.624000e-05	3.598972e-03	7.777327e+00
1.625000e-05	2.527364e-03	7.587383e+00
1.626000e-05	1.114082e-03	7.306277e+00
1.627000e-05	2.069698e-03	7.116252e+00
1.628000e-05	1.714661e-03	6.936276e+00
1.629000e-05	2.033395e-04	6.726279e+00
1.630000e-05	8.694870e-04	6.534252e+00
1.631000e-05	6.035340e-04	6.295246e+00
1.632000e-05	-8.009555e-04	6.064249e+00
1.633000e-05	-2.502079e-03	5.966250e+00
1.634000e-05	-2.137168e-03	5.731648e+00
1.635000e-05	-1.255705e-03	5.462642e+00
1.636000e-05	-6.853288e-04	5.241990e+00
1.637000e-05	-2.267592e-03	4.958410e+00
1.638000e-05	-1.707751e-03	4.715299e+00
1.639000e-05	-1.620005e-03	4.507221e+00
1.640000e-05	-2.721063e-03	4.326747e+00
1.641000e-05	-3.707870e-03	4.051638e+00
1.642000e-05	-3.313394e-03	3.821931e+00
1.643000e-05	-2.902529e-03	3.600609e+00
1.644000e-05	-3.700735e-03	3.400879e+00
1.645000e-05	-3.037818e-03	3.137823e+00
1.646000e-05	-3.968462e-03	2.934773e+00
1.647000e-05	-3.699343e-03	2.737844e+00
1.648000e-05	-3.542589e-03	2.434664e+00
1.649000e-05	-4.636102e-03	2.219958e+00
1.650000e-05	-3.065763e-03	1.991976e+00
1.651000e-05	-4.386322e-03	1.798802e+00
1.652000e-05	-3.480986e-03	1.486744e+00
1.653000e-05	-4.642490e-03	1.303158e+00
1.654000e-05	-4.547825e-03	1.020476e+00
1.655000e-05	-4.385143e-03	7.383184e-01
1.656000e-05	-4.641038e-03	5.367430e-01
1.657000e-05	-4.362786e-03	3.362206e-01
1.658000e-05	-3.016297e-03	1.105283e-02
1.659000e-05	3.146177e-04	-1.784512e-01
1.660000e-05	3.482617e-03	-4.094736e-01
1.661000e-05	-3.966191e-03	-6.116453e-01
1.662000e-05	-1.715637e-03	-8.316303e-01
1.663000e-05	-5.670077e-03	-1.053632e+00
1.664000e-05	-5.078045e-04	-1.262659e+00
1.665000e-05	-2.386871e-03	-1.537871e+00
1.666000e-05	1.988403e-02	-1.706842e+00
1.667000e-05	7.372127e-02	-1.924869e+00
1.668000e-05	-1.524471e-02	-2.252578e+00
1.669000e-05	-4.933574e-02	-2.557473e+00
1.670000e-05	-4.227491e-02	-2.829028e+00
1.671000e-05	-4.694902e-02	-3.092158e+00
1.672000e-05	-2.527754e-02	-3.250054e+00
1.673000e-05	1.188793e-01	-3.337397e+00
1.674000e-05	-9.754949e-02	-3.577394e+00
1.675000e-05	3.012036e-02	-3.851164e+00
1.676000e-05	1.090434e-01	-4.029554e+00
1.677000e-05	-1.118834e-01	-4.285213e+00
1.678000e-05	7.585398e-02	-4.451113e+00
1.679000e-05	-1.111419e-01	-4.713693e+00
1.680000e-05	-1.046399e-02	-4.938400e+00
1.681000e-05	9.958330e-02	-5.173797e+00
1.682000e-05	-7.436028e-02	-5.431063e+00
1.683000e-05	6.757596e-02	-5.672663e+00
1.684000e-05	-4.395406e-02	-5.883138e+00
1.685000e-05	-1.331569e-02	-6.113792e+00
1.686000e-05	5.226579e-02	-6.302771e+00
1.687000e-05	-1.063082e-01	-6.535748e+00
1.688000e-05	7.171776e-02	-6.734270e+00
1.689000e-05	-3.627799e-02	-6.914273e+00
1.690000e-05	4.609438e-02	-7.179957e+00
1.691000e-05	-1.083801e-02	-7.366827e+00
1.692000e-05	-7.617475e-02	-7.546905e+00
1.693000e-05	7.914959e-02	-7.764861e+00
1.694000e-05	-6.389177e-02	-8.029429e+00
1.695000e-05	5.018626e-02	-8.188885e+00
1.696000e-05	-4.945127e-02	-8.325899e+00
1.697000e-05	2.359206e-02	-8.537731e+00
1.698000e-05	1.470688e-02	-8.715877e+00
1.699000e-05	-4.131626e-02	-8.944797e+00
1.700000e-05	1.523065e-02	-9.052067e+00
1.701000e-05	-4.071470e-02	-9.240040e+00
1.702000e-05	4.923545e-02	-9.396990e+00
1.703000e-05	-3.446891e-02	-9.575383e+00
1.704000e-05	6.762258e-03	-9.756777e+00
1.705000e-05	-1.159170e-02	-9.872698e+00
1.706000e-05	3.156637e-03	-1.002846e+01
1.707000e-05	-2.101559e-03	-1.018836e+01
1.708000e-05	-2.784603e-02	-1.032591e+01
1.709000e-05	9.894752e-03	-1.051222e+01
1.710000e-05	-7.971987e-03	-1.062054e+01
1.711000e-05	1.308016e-02	-1.074635e+01
1.712000e-05	-2.472481e-02	-1.083062e+01
1.713000e-05	2.112753e-03	-1.098789e+01
1.714000e-05	-7.293886e-03	-1.113383e+01
1.715000e-05	-1.179382e-03	-1.128160e+01
1.716000e-05	-1.776654e-02	-1.136633e+01
1.717000e-05	-7.636400e-03	-1.150175e+01
1.718000e-05	4.674910e-03	-1.161039e+01
1.719000e-05	-2.917041e-03	-1.174268e+01
1.720000e-05	-5.813053e-03	-1.181107e+01
1.721000e-05	-1.465333e-02	-1.192526e+01
1.722000e-05	2.318932e-03	-1.203147e+01
1.723000e-05	-1.017176e-02	-1.214528e+01
1.724000e-05	-7.652739e-03	-1.221894e+01
1.725000e-05	-1.461622e-02	-1.226249e+01
1.726000e-05	1.740144e-03	-1.231675e+01
1.727000e-05	-3.457523e-03	-1.240641e+01
1.728000e-05	-7.549694e-03	-1.246108e+01
1.729000e-05	-1.091023e-02	-1.251473e+01
1.730000e-05	-7.362916e-03	-1.258797e+01
1.731000e-05	-2.675580e-03	-1.264097e+01
1.732000e-05	-1.173726e-02	-1.264165e+01
1.733000e-05	-9.459364e-03	-1.269330e+01
1.734000e-05	-6.996231e-03	-1.279591e+01
1.735000e-05	-3.328962e-03	-1.277647e+01
1.736000e-05	-8.354674e-03	-1.279847e+01
1.737000e-05	-1.076185e-02	-1.282957e+01
1.738000e-05	-7.573631e-03	-1.286270e+01
1.739000e-05	-5.087138e-03	-1.290220e+01
1.740000e-05	-9.475048e-03	-1.291310e+01
1.741000e-05	-1.168055e-02	-1.290318e+01
1.742000e-05	-9.442527e-03	-1.289473e+01
1.743000e-05	-6.222526e-03	-1.287218e+01
1.744000e-05	-8.549393e-03	-1.289173e+01
1.745000e-05	-1.087270e-02	-1.287260e+01
1.746000e-05	-1.013918e-02	-1.286057e+01
1.747000e-05	-8.667310e-03	-1.281004e+01
1.748000e-05	-1.011651e-02	-1.277489e+01
1.749000e-05	-1.453193e-02	-1.278828e+01
1.750000e-05	-1.036529e-02	-1.267528e+01
1.751000e-05	-9.112315e-03	-1.267213e+01
1.752000e-05	-8.669670e-03	-1.261097e+01
1.753000e-05	-1.285673e-02	-1.258692e+01
1.754000e-05	-1.303998e-02	-1.255476e+01
1.755000e-05	-1.254473e-02	-1.246355e+01
1.756000e-05	-1.458216e-02	-1.237729e+01
1.757000e-05	-1.618668e-02	-1.232375e+01
1.758000e-05	-1.693183e-02	-1.224010e+01
1.759000e-05	-1.459305e-02	-1.216789e+01
1.760000e-05	-1.608112e-02	-1.208218e+01
1.761000e-05	-1.740288e-02	-1.197794e+01
1.762000e-05	-2.166698e-02	-1.193480e+01
1.763000e-05	-2.122419e-02	-1.179804e+01
1.764000e-05	-2.314803e-02	-1.168413e+01
1.765000e-05	-2.362128e-02	-1.155733e+01
1.766000e-05	-2.683262e-02	-1.144105e+01
1.767000e-05	-2.612957e-02	-1.134379e+01
1.768000e-05	-2.968059e-02	-1.117802e+01
1.769000e-05	-3.118152e-02	-1.109307e+01
1.770000e-05	-3.508778e-02	-1.094580e+01
1.771000e-05	-3.206086e-02	-1.081106e+01
1.772000e-05	-3.266091e-02	-1.072531e+01
1.773000e-05	-3.089087e-02	-1.056844e+01
1.774000e-05	-3.138870e-02	-1.045260e+01
1.775000e-05	-3.029841e-02	-1.030418e+01
1.776000e-05	-3.060205e-02	-1.014828e+01
1.777000e-05	-3.107122e-02	-9.997883e+00
1.778000e-05	-2.890693e-02	-9.863096e+00
1.779000e-05	-2.628734e-02	-9.704753e+00
1.780000e-05	-2.200781e-02	-9.557837e+00
1.781000e-05	-2.265192e-02	-9.390387e+00
1.782000e-05	-1.938778e-02	-9.208961e+00
1.783000e-05	-1.992439e-02	-9.052722e+00
1.784000e-05	-1.695890e-02	-8.893776e+00
1.785000e-05	-1.847515e-02	-8.752826e+00
1.786000e-05	-1.679668e-02	-8.504200e+00
1.787000e-05	-1.491399e-02	-8.356327e+00
1.788000e-05	-1.237766e-02	-8.168909e+00
1.789000e-05	-1.242521e-02	-7.979380e+00
1.790000e-05	-1.194683e-02	-7.767062e+00
1.791000e-05	-1.045104e-02	-7.596855e+00
1.792000e-05	-1.027302e-02	-7.356905e+00
1.793000e-05	-1.103772e-02	-7.168380e+00
1.794000e-05	-1.044258e-02	-6.967908e+00
1.795000e-05	-9.646457e-03	-6.746355e+00
1.796000e-05	-7.876581e-03	-6.557951e+00
1.797000e-05	-8.585889e-03	-6.358405e+00
1.798000e-05	-6.820244e-03	-6.145850e+00
1.799000e-05	-7.552095e-03	-5.926247e+00
1.800000e-05	-6.252681e-03	-5.624248e+00
1.801000e-05	-7.891008e-03	-5.536771e+00
1.802000e-05	-6.586133e-03	-5.241638e+00
1.803000e-05	-7.396217e-03	-5.011008e+00
1.804000e-05	-5.333592e-03	-4.735801e+00
1.805000e-05	-6.090341e-03	-4.526318e+00
1.806000e-05	-6.266286e-03	-4.337896e+00
1.807000e-05	-5.267008e-03	-4.133217e+00
1.808000e-05	-5.182324e-03	-3.925874e+00
1.809000e-05	-3.557001e-03	-3.652611e+00
1.810000e-05	-5.898885e-03	-3.450635e+00
1.811000e-05	-5.957401e-03	-3.231561e+00
1.812000e-05	-6.993190e-03	-2.978001e+00
1.813000e-05	-4.547663e-03	-2.715847e+00
1.814000e-05	-6.400764e-03	-2.545266e+00
1.815000e-05	-4.663747e-03	-2.244289e+00
1.816000e-05	-4.382407e-03	-2.020629e+00
1.817000e-05	-2.902553e-03	-1.842131e+00
1.818000e-05	-4.968951e-03	-1.590026e+00
1.819000e-05	-5.476035e-03	-1.285213e+00
1.820000e-05	-4.104781e-03	-1.041634e+00
1.821000e-05	-3.855776e-03	-8.324713e-01
1.822000e-05	-5.165242e-03	-5.674661e-01
1.823000e-05	-5.244557e-03	-3.473370e-01
1.824000e-05	-1.755715e-03	-1.163132e-01
1.825000e-05	5.121850e-03	1.237093e-01
1.826000e-05	9.011649e-04	3.679499e-01
1.827000e-05	-1.229329e-03	5.969487e-01
1.828000e-05	-8.414758e-04	8.104197e-01
1.829000e-05	-2.899352e-04	1.028928e+00
1.830000e-05	3.274607e-04	1.283607e+00
1.831000e-05	-7.838830e-04	1.504242e+00
1.832000e-05	1.125671e-02	1.786792e+00
1.833000e-05	4.572129e-02	1.936350e+00
1.834000e-05	4.740025e-02	2.229000e+00
1.835000e-05	-5.660060e-02	2.472142e+00
1.836000e-05	-4.293136e-02	2.767427e+00
1.837000e-05	-2.769733e-02	2.967947e+00
1.838000e-05	-2.143235e-02	3.126292e+00
1.839000e-05	-2.518004e-02	3.282736e+00
1.840000e-05	7.527039e-02	3.533772e+00
1.841000e-05	-5.172589e-02	3.755923e+00
1.842000e-05	3.658067e-02	3.916321e+00
1.843000e-05	7.462461e-02	4.187381e+00
1.844000e-05	-7.855004e-02	4.430606e+00
1.845000e-05	3.105487e-02	4.641036e+00
1.846000e-05	-4.417483e-02	4.861742e+00
1.847000e-05	6.806215e-03	5.154875e+00
1.848000e-05	3.023904e-02	5.408533e+00
1.849000e-05	-2.428481e-02	5.620988e+00
1.850000e-05	2.713778e-02	5.842164e+00
1.851000e-05	-2.202483e-03	6.051714e+00
1.852000e-05	-1.924338e-02	6.263137e+00
1.853000e-05	1.608582e-03	6.442066e+00
1.854000e-05	-7.292035e-03	6.743218e+00
1.855000e-05	2.168263e-02	6.924248e+00
1.856000e-05	-1.976650e-02	7.123321e+00
1.857000e-05	2.506595e-02	7.294194e+00
1.858000e-05	-9.149759e-03	7.544826e+00
1.859000e-05	-1.909346e-02	7.746824e+00
1.860000e-05	1.660095e-02	7.956310e+00
1.861000e-05	-1.689317e-02	8.178356e+00
1.862000e-05	2.007663e-02	8.344400e+00
1.863000e-05	-5.953977e-03	8.494248e+00
1.864000e-05	1.062407e-02	8.651616e+00
1.865000e-05	-9.782749e-03	8.839539e+00
1.866000e-05	-1.108510e-03	8.988012e+00
1.867000e-05	6.112054e-04	9.218381e+00
1.868000e-05	-7.286891e-03	9.336304e+00
1.869000e-05	9.107995e-03	9.512701e+00
1.870000e-05	-3.406830e-04	9.650593e+00
1.871000e-05	6.697823e-03	9.840544e+00
1.872000e-05	-1.300783e-03	9.996405e+00
1.873000e-05	-2.909555e-03	1.014578e+01
1.874000e-05	-2.377787e-03	1.028162e+01
1.875000e-05	-2.888689e-04	1.042939e+01
1.876000e-05	2.253407e-03	1.055724e+01
1.877000e-05	1.526279e-03	1.069268e+01
1.878000e-05	3.933806e-03	1.082004e+01
1.879000e-05	3.597411e-03	1.096636e+01
1.880000e-05	-1.086733e-04	1.107305e+01
1.881000e-05	-2.263663e-03	1.116839e+01
1.882000e-05	-3.688677e-03	1.129366e+01
1.883000e-05	9.118790e-04	1.140897e+01
1.884000e-05	1.343209e-03	1.154478e+01
1.885000e-05	1.952999e-03	1.164060e+01
1.886000e-05	3.052337e-03	1.177633e+01
1.887000e-05	3.574471e-03	1.184110e+01
1.888000e-05	7.880591e-04	1.195491e+01
1.889000e-05	-2.860511e-03	1.201894e+01
1.890000e-05	-1.052692e-03	1.212469e+01
1.891000e-05	2.579398e-03	1.222736e+01
1.892000e-05	3.124497e-03	1.229010e+01
1.893000e-05	9.124839e-04	1.234328e+01
1.894000e-05	1.020254e-03	1.237839e+01
1.895000e-05	2.349146e-03	1.245115e+01
1.896000e-05	1.424296e-03	1.250561e+01
1.897000e-05	-3.708015e-04	1.253639e+01
1.898000e-05	3.248905e-04	1.258839e+01
1.899000e-05	2.737784e-03	1.264154e+01
1.900000e-05	3.090155e-03	1.265162e+01
1.901000e-05	3.939293e-04	1.268260e+01
1.902000e-05	9.860924e-04	1.271425e+01
1.903000e-05	2.320949e-03	1.274531e+01
1.904000e-05	2.331469e-03	1.274484e+01
1.905000e-05	1.706382e-03	1.275681e+01
1.906000e-05	1.809386e-03	1.275634e+01
1.907000e-05	3.092708e-03	1.281641e+01
1.908000e-05	2.937882e-03	1.272589e+01
1.909000e-05	1.157233e-03	1.279694e+01
1.910000e-05	1.262587e-03	1.273479e+01
1.911000e-05	3.594523e-03	1.272531e+01
1.912000e-05	3.518531e-03	1.272378e+01
1.913000e-05	4.347030e-03	1.271463e+01
1.914000e-05	2.750632e-03	1.265965e+01
1.915000e-05	4.555350e-03	1.266017e+01
1.916000e-05	3.971727e-03	1.261942e+01
1.917000e-05	4.731653e-03	1.259634e+01
1.918000e-05	3.156379e-03	1.251431e+01
1.919000e-05	5.381940e-03	1.248273e+01
1.920000e-05	6.649236e-03	1.245157e+01
1.921000e-05	6.801112e-03	1.238639e+01
1.922000e-05	5.767799e-03	1.228270e+01
1.923000e-05	5.768037e-03	1.221955e+01
1.924000e-05	9.421586e-03	1.215739e+01
1.925000e-05	9.524744e-03	1.209958e+01
1.926000e-05	1.045910e-02	1.198692e+01
1.927000e-05	1.122100e-02	1.188425e+01
1.928000e-05	1.347390e-02	1.181897e+01
1.929000e-05	1.504539e-02	1.174630e+01
1.930000e-05	1.512082e-02	1.162802e+01
1.931000e-05	1.722124e-02	1.149168e+01
1.932000e-05	1.975798e-02	1.134842e+01
1.933000e-05	2.243747e-02	1.127102e+01
1.934000e-05	2.134374e-02	1.111526e+01
1.935000e-05	2.382513e-02	1.101999e+01
1.936000e-05	2.496735e-02	1.091420e+01
1.937000e-05	2.595533e-02	1.076749e+01
1.938000e-05	2.465588e-02	1.065260e+01
1.939000e-05	2.434022e-02	1.053421e+01
1.940000e-05	2.512089e-02	1.036636e+01
1.941000e-05	2.524379e-02	1.022047e+01
1.942000e-05	2.310833e-02	1.007267e+01
1.943000e-05	1.965744e-02	9.935279e+00
1.944000e-05	1.913392e-02	9.756964e+00
1.945000e-05	1.749055e-02	9.568944e+00
1.946000e-05	1.590931e-02	9.472642e+00
1.947000e-05	1.227236e-02	9.262676e+00
1.948000e-05	1.254571e-02	9.156827e+00
1.949000e-05	1.173039e-02	8.977437e+00
1.950000e-05	1.129994e-02	8.816936e+00
1.951000e-05	7.982287e-03	8.620462e+00
1.952000e-05	6.084109e-03	8.431544e+00
1.953000e-05	5.734569e-03	8.284222e+00
1.954000e-05	6.467741e-03	8.062149e+00
1.955000e-05	5.273402e-03	7.864199e+00
1.956000e-05	2.849848e-03	7.683174e+00
1.957000e-05	2.189158e-03	7.496752e+00
1.958000e-05	2.338272e-03	7.282168e+00
1.959000e-05	1.549149e-03	7.053622e+00
1.960000e-05	1.092218e-04	6.862647e+00
1.961000e-05	-8.537131e-05	6.694694e+00
1.962000e-05	1.982426e-03	6.441592e+00
1.963000e-05	3.533472e-04	6.262143e+00
1.964000e-05	-1.634647e-03	6.062120e+00
1.965000e-05	-2.458406e-03	5.881095e+00
1.966000e-05	-1.126320e-03	5.641087e+00
1.967000e-05	-1.656292e-03	5.419536e+00
1.968000e-05	-2.830574e-03	5.188405e+00
1.969000e-05	-2.536113e-03	4.883647e+00
1.970000e-05	-1.503062e-03	4.662068e+00
1.971000e-05	-1.911530e-03	4.453590e+00
1.972000e-05	-2.762091e-03	4.221615e+00
1.973000e-05	-4.564395e-03	3.998479e+00
1.974000e-05	-3.129820e-03	3.759452e+00
1.975000e-05	-2.741029e-03	3.568027e+00
1.976000e-05	-3.850391e-03	3.306745e+00
1.977000e-05	-3.637578e-03	3.083218e+00
1.978000e-05	-3.935609e-03	2.842194e+00
1.979000e-05	-2.867307e-03	2.672638e+00
1.980000e-05	-3.869397e-03	2.399452e+00
1.981000e-05	-4.565874e-03	2.188878e+00
1.982000e-05	-4.841830e-03	1.966873e+00
1.983000e-05	-3.114530e-03	1.704793e+00
1.984000e-05	-5.554037e-03	1.444662e+00
1.985000e-05	-4.536575e-03	1.201056e+00
1.986000e-05	-5.465589e-03	9.363681e-01
1.987000e-05	-3.920575e-03	7.056881e-01
1.988000e-05	-5.161771e-03	4.736565e-01
1.989000e-05	-3.804575e-03	2.500800e-01
1.990000e-05	-1.806095e-03	-1.051570e-03
1.991000e-05	4.400469e-03	-2.420740e-01
1.992000e-05	1.904116e-03	-4.505289e-01
1.993000e-05	-3.998243e-03	-7.137618e-01
1.994000e-05	-6.427388e-03	-8.953132e-01
1.995000e-05	-3.400797e-03	-1.146788e+00
1.996000e-05	-2.975405e-03	-1.357316e+00
1.997000e-05	-7.508830e-04	-1.580500e+00
1.998000e-05	3.553104e-02	-1.758426e+00
1.999000e-05	7.622833e-02	-1.997976e+00
2.000000e-05	-4.528116e-02	-2.356268e+00
2.001000e-05	-3.965114e-02	-2.643733e+00
2.002000e-05	-4.883501e-02	-2.852659e+00
2.003000e-05	-4.603675e-02	-3.113817e+00
2.004000e-05	1.129495e-02	-3.251111e+00
2.005000e-05	9.802520e-02	-3.358951e+00
2.006000e-05	-1.381671e-01	-3.620078e+00
2.007000e-05	1.236828e-01	-3.905237e+00
2.008000e-05	2.579693e-02	-4.081612e+00
2.009000e-05	-7.456592e-02	-4.346376e+00
2.010000e-05	6.446673e-02	-4.494318e+00
2.011000e-05	-1.453533e-01	-4.777430e+00
2.012000e-05	6.729152e-02	-4.980009e+00
2.013000e-05	4.287188e-02	-5.208428e+00
2.014000e-05	-5.734766e-02	-5.474792e+00
2.015000e-05	7.255312e-02	-5.715194e+00
2.016000e-05	-7.471490e-02	-5.925247e+00
2.017000e-05	3.395625e-02	-6.126348e+00
2.018000e-05	1.115424e-03	-6.386753e+00
2.019000e-05	-8.287660e-02	-6.598931e+00
2.020000e-05	8.335811e-02	-6.766350e+00
2.021000e-05	-5.969257e-02	-6.968951e+00
2.022000e-05	8.327121e-02	-7.258485e+00
2.023000e-05	-7.413157e-02	-7.388457e+00
2.024000e-05	-1.345407e-02	-7.650086e+00
2.025000e-05	4.644144e-02	-7.830072e+00
2.026000e-05	-5.434530e-02	-8.082170e+00
2.027000e-05	5.094541e-02	-8.231056e+00
2.028000e-05	-6.761466e-02	-8.398406e+00
2.029000e-05	6.040400e-02	-8.617488e+00
2.030000e-05	-2.644804e-02	-8.786881e+00
2.031000e-05	-1.232587e-02	-8.986381e+00
2.032000e-05	-7.911754e-03	-9.104270e+00
2.033000e-05	-1.647538e-02	-9.243123e+00
2.034000e-05	4.087458e-02	-9.469068e+00
2.035000e-05	-4.252515e-02	-9.590614e+00
2.036000e-05	1.978941e-02	-9.756356e+00
2.037000e-05	-2.334688e-02	-9.923772e+00
2.038000e-05	1.823019e-02	-1.007205e+01
2.039000e-05	-2.168690e-02	-1.018954e+01
2.040000e-05	-1.228587e-02	-1.042741e+01
2.041000e-05	4.096281e-03	-1.051525e+01
2.042000e-05	-1.582782e-03	-1.064102e+01
2.043000e-05	4.891638e-03	-1.075643e+01
2.044000e-05	-2.638914e-02	-1.088207e+01
2.045000e-05	7.893076e-03	-1.102849e+01
2.046000e-05	-1.000757e-02	-1.115483e+01
2.047000e-05	1.849831e-03	-1.129365e+01
2.048000e-05	-2.300144e-02	-1.137887e+01
2.049000e-05	2.140539e-03	-1.152280e+01
2.050000e-05	-9.692811e-04	-1.162947e+01
2.051000e-05	-1.996931e-03	-1.175581e+01
2.052000e-05	-1.392043e-02	-1.184062e+01
2.053000e-05	-9.849064e-03	-1.198789e+01
2.054000e-05	2.743695e-03	-1.206152e+01
2.055000e-05	-8.897932e-03	-1.212536e+01
2.056000e-05	-8.063027e-03	-1.221849e+01
2.057000e-05	-1.254085e-02	-1.229270e+01
2.058000e-05	4.388285e-03	-1.234485e+01
2.059000e-05	-8.719327e-03	-1.240892e+01
2.060000e-05	-9.239545e-03	-1.248058e+01
2.061000e-05	-1.316477e-02	-1.256623e+01
2.062000e-05	-1.953268e-03	-1.260889e+01
2.063000e-05	-4.080168e-03	-1.262047e+01
2.064000e-05	-1.161608e-02	-1.269315e+01
2.065000e-05	-7.484822e-03	-1.269331e+01
2.066000e-05	-5.405999e-03	-1.276851e+01
2.067000e-05	-3.159587e-03	-1.282892e+01
2.068000e-05	-1.281666e-02	-1.284992e+01
2.069000e-05	-1.018970e-02	-1.289012e+01
2.070000e-05	-5.844662e-03	-1.287365e+01
2.071000e-05	-2.610993e-03	-1.287222e+01
2.072000e-05	-1.113181e-02	-1.289265e+01
2.073000e-05	-1.197221e-02	-1.290328e+01
2.074000e-05	-8.723077e-03	-1.288470e+01
2.075000e-05	-4.133711e-03	-1.289270e+01
2.076000e-05	-1.112342e-02	-1.287068e+01
2.077000e-05	-1.206086e-02	-1.286150e+01
2.078000e-05	-9.279043e-03	-1.282165e+01
2.079000e-05	-5.847474e-03	-1.285989e+01
2.080000e-05	-1.036406e-02	-1.277641e+01
2.081000e-05	-1.473983e-02	-1.272576e+01
2.082000e-05	-1.145666e-02	-1.271523e+01
2.083000e-05	-7.151919e-03	-1.264060e+01
2.084000e-05	-1.072910e-02	-1.262097e+01
2.085000e-05	-1.598816e-02	-1.255691e+01
2.086000e-05	-1.324483e-02	-1.249223e+01
2.087000e-05	-9.442726e-03	-1.248297e+01
2.088000e-05	-1.225406e-02	-1.231589e+01
2.089000e-05	-1.822192e-02	-1.231325e+01
2.090000e-05	-1.738628e-02	-1.223999e+01
2.091000e-05	-1.225575e-02	-1.211783e+01
2.092000e-05	-1.592396e-02	-1.204053e+01
2.093000e-05	-2.087880e-02	-1.193683e+01
2.094000e-05	-2.203746e-02	-1.189320e+01
2.095000e-05	-1.916419e-02	-1.177834e+01
2.096000e-05	-2.079194e-02	-1.159857e+01
2.097000e-05	-2.864785e-02	-1.154474e+01
2.098000e-05	-2.723514e-02	-1.142907e+01
2.099000e-05	-2.645036e-02	-1.128575e+01
2.100000e-05	-2.691650e-02	-1.115532e+01
2.101000e-05	-3.365381e-02	-1.099849e+01
2.102000e-05	-3.497186e-02	-1.091430e+01
2.103000e-05	-3.263055e-02	-1.077984e+01
2.104000e-05	-3.019769e-02	-1.069522e+01
2.105000e-05	-3.444541e-02	-1.058743e+01
2.106000e-05	-3.387260e-02	-1.041107e+01
2.107000e-05	-3.015949e-02	-1.028257e+01
2.108000e-05	-2.730235e-02	-1.010523e+01
2.109000e-05	-2.994821e-02	-9.935382e+00
2.110000e-05	-2.948065e-02	-9.831988e+00
2.111000e-05	-2.447395e-02	-9.713746e+00
2.112000e-05	-2.021077e-02	-9.515829e+00
2.113000e-05	-2.111061e-02	-9.345856e+00
2.114000e-05	-2.236106e-02	-9.187435e+00
2.115000e-05	-2.039156e-02	-9.011569e+00
2.116000e-05	-1.638425e-02	-8.853121e+00
2.117000e-05	-1.638304e-02	-8.651642e+00
2.118000e-05	-1.657107e-02	-8.471519e+00
2.119000e-05	-1.533107e-02	-8.315751e+00
2.120000e-05	-1.152761e-02	-8.137280e+00
2.121000e-05	-1.154492e-02	-7.936901e+00
2.122000e-05	-1.265635e-02	-7.725702e+00
2.123000e-05	-1.153687e-02	-7.534801e+00
2.124000e-05	-8.823428e-03	-7.315277e+00
2.125000e-05	-8.869381e-03	-7.136723e+00
2.126000e-05	-1.031257e-02	-6.893223e+00
2.127000e-05	-9.648136e-03	-6.696198e+00
2.128000e-05	-7.822305e-03	-6.484794e+00
2.129000e-05	-7.750805e-03	-6.335224e+00
2.130000e-05	-7.907822e-03	-6.072167e+00
2.131000e-05	-8.034154e-03	-5.873090e+00
2.132000e-05	-6.124239e-03	-5.662564e+00
2.133000e-05	-5.784245e-03	-5.420115e+00
2.134000e-05	-6.207037e-03	-5.177506e+00
2.135000e-05	-8.168864e-03	-4.928769e+00
2.136000e-05	-5.716120e-03	-4.652734e+00
2.137000e-05	-6.361191e-03	-4.503167e+00
2.138000e-05	-6.085721e-03	-4.283168e+00
2.139000e-05	-8.247016e-03	-4.050660e+00
2.140000e-05	-4.675410e-03	-3.862189e+00
2.141000e-05	-4.128701e-03	-3.599483e+00
2.142000e-05	-5.077437e-03	-3.411000e+00
2.143000e-05	-6.775149e-03	-3.177955e+00
2.144000e-05	-5.850467e-03	-2.894248e+00
2.145000e-05	-4.981067e-03	-2.674718e+00
2.146000e-05	-3.779904e-03	-2.392685e+00
2.147000e-05	-5.129795e-03	-2.219680e+00
2.148000e-05	-4.351617e-03	-1.948875e+00
2.149000e-05	-3.731151e-03	-1.737398e+00
2.150000e-05	-4.880490e-03	-1.487372e+00
2.151000e-05	-5.878885e-03	-1.210053e+00
2.152000e-05	-6.077903e-03	-9.905486e-01
2.153000e-05	-3.974583e-03	-7.288986e-01
2.154000e-05	-3.901055e-03	-4.958391e-01
2.155000e-05	-2.958100e-03	-2.651654e-01
2.156000e-05	-1.509219e-03	-3.420539e-02
2.157000e-05	5.127559e-03	1.878435e-01
2.158000e-05	1.964074e-05	4.325264e-01
2.159000e-05	2.170925e-04	6.295514e-01
2.160000e-05	-4.056450e-03	8.219775e-01
2.161000e-05	-2.753513e-04	1.102179e+00
2.162000e-05	9.874694e-04	1.334288e+00
2.163000e-05	-5.207618e-04	1.536368e+00
2.164000e-05	1.722923e-02	1.791004e+00
2.165000e-05	5.821310e-02	2.030980e+00
2.166000e-05	2.125455e-02	2.263608e+00
2.167000e-05	-5.795905e-02	2.577871e+00
2.168000e-05	-4.439994e-02	2.829555e+00
2.169000e-05	-1.948833e-02	3.040054e+00
2.170000e-05	-3.562307e-02	3.188347e+00
2.171000e-05	2.142527e-03	3.316766e+00
2.172000e-05	7.063041e-02	3.589051e+00
2.173000e-05	-8.251665e-02	3.809554e+00
2.174000e-05	9.852178e-02	3.987376e+00
2.175000e-05	1.082756e-02	4.261613e+00
2.176000e-05	-5.738396e-02	4.452708e+00
2.177000e-05	3.421763e-02	4.733617e+00
2.178000e-05	-6.099398e-02	4.977448e+00
2.179000e-05	3.951113e-02	5.199460e+00
2.180000e-05	4.463324e-03	5.482645e+00
2.181000e-05	-1.392862e-02	5.663140e+00
2.182000e-05	2.912447e-02	5.894193e+00
2.183000e-05	-1.482624e-02	6.114750e+00
2.184000e-05	-9.730239e-03	6.293317e+00
2.185000e-05	-5.958087e-03	6.535173e+00
2.186000e-05	2.330800e-03	6.755377e+00
2.187000e-05	1.692322e-02	6.927876e+00
2.188000e-05	-2.243807e-02	7.157810e+00
2.189000e-05	3.479255e-02	7.334748e+00
2.190000e-05	-3.064877e-02	7.547909e+00
2.191000e-05	3.794974e-03	7.798437e+00
2.192000e-05	5.070451e-03	8.039461e+00
2.193000e-05	-8.566977e-03	8.209536e+00
2.194000e-05	1.923777e-02	8.379431e+00
2.195000e-05	-8.964541e-03	8.526801e+00
2.196000e-05	1.479607e-02	8.674750e+00
2.197000e-05	-1.864060e-02	8.892540e+00
2.198000e-05	5.935305e-03	9.019573e+00
2.199000e-05	-9.221188e-03	9.221011e+00
2.200000e-05	3.596149e-04	9.378460e+00
2.201000e-05	7.188896e-03	9.546300e+00
2.202000e-05	2.267676e-03	9.702624e+00
2.203000e-05	8.038742e-03	9.832669e+00
2.204000e-05	-3.020414e-03	1.002094e+01
2.205000e-05	-1.213315e-03	1.014891e+01
2.206000e-05	-5.817717e-03	1.028368e+01
2.207000e-05	8.323228e-04	1.041049e+01
2.208000e-05	2.387962e-04	1.057781e+01
2.209000e-05	3.167532e-03	1.073528e+01
2.210000e-05	4.675073e-03	1.088207e+01
2.211000e-05	3.258958e-03	1.096791e+01
2.212000e-05	1.502968e-03	1.110260e+01
2.213000e-05	-3.159817e-03	1.118901e+01
2.214000e-05	-1.581363e-03	1.132473e+01
2.215000e-05	-4.022610e-04	1.142372e+01
2.216000e-05	2.875931e-03	1.156586e+01
2.217000e-05	1.428277e-03	1.169213e+01
2.218000e-05	2.567896e-03	1.180689e+01
2.219000e-05	2.399653e-03	1.186362e+01
2.220000e-05	9.679335e-04	1.194578e+01
2.221000e-05	-8.325903e-04	1.205905e+01
2.222000e-05	-3.142141e-04	1.213476e+01
2.223000e-05	1.709010e-03	1.221935e+01
2.224000e-05	3.454042e-03	1.225268e+01
2.225000e-05	1.677448e-03	1.231536e+01
2.226000e-05	-6.719237e-05	1.240909e+01
2.227000e-05	1.950427e-03	1.247062e+01
2.228000e-05	6.091407e-04	1.253313e+01
2.229000e-05	1.215087e-03	1.255384e+01
2.230000e-05	6.870253e-04	1.259942e+01
2.231000e-05	1.794366e-03	1.264952e+01
2.232000e-05	2.581876e-03	1.264055e+01
2.233000e-05	1.428047e-03	1.270363e+01
2.234000e-05	9.720496e-04	1.271528e+01
2.235000e-05	1.704090e-03	1.272471e+01
2.236000e-05	3.046703e-03	1.271683e+01
2.237000e-05	2.029775e-03	1.271679e+01
2.238000e-05	1.078827e-03	1.277637e+01
2.239000e-05	1.691742e-03	1.277691e+01
2.240000e-05	2.405266e-03	1.280734e+01
2.241000e-05	2.089196e-03	1.271686e+01
2.242000e-05	2.390483e-03	1.272634e+01
2.243000e-05	3.081786e-03	1.272339e+01
2.244000e-05	3.927244e-03	1.272523e+01
2.245000e-05	4.527026e-03	1.269415e+01
2.246000e-05	2.979393e-03	1.268213e+01
2.247000e-05	3.177189e-03	1.266050e+01
2.248000e-05	3.591249e-03	1.259939e+01
2.249000e-05	4.180649e-03	1.252681e+01
2.250000e-05	4.723771e-03	1.253533e+01
2.251000e-05	5.350687e-03	1.252310e+01
2.252000e-05	6.369230e-03	1.241854e+01
2.253000e-05	6.374670e-03	1.230879e+01
2.254000e-05	7.259435e-03	1.229370e+01
2.255000e-05	7.448121e-03	1.223103e+01
2.256000e-05	8.564853e-03	1.218624e+01
2.257000e-05	8.804549e-03	1.209155e+01
2.258000e-05	1.031027e-02	1.193634e+01
2.259000e-05	1.139755e-02	1.190310e+01
2.260000e-05	1.292165e-02	1.178892e+01
2.261000e-05	1.435846e-02	1.167425e+01
2.262000e-05	1.627086e-02	1.159837e+01
2.263000e-05	1.924732e-02	1.145053e+01
2.264000e-05	1.916035e-02	1.136526e+01
2.265000e-05	2.205052e-02	1.119947e+01
2.266000e-05	2.225940e-02	1.106320e+01
2.267000e-05	2.528159e-02	1.098946e+01
2.268000e-05	2.395016e-02	1.088315e+01
2.269000e-05	2.577401e-02	1.074586e+01
2.270000e-05	2.473368e-02	1.058860e+01
2.271000e-05	2.633450e-02	1.050410e+01
2.272000e-05	2.490020e-02	1.031575e+01
2.273000e-05	2.385346e-02	1.020889e+01
2.274000e-05	2.215254e-02	1.000100e+01
2.275000e-05	2.001895e-02	9.873222e+00
2.276000e-05	1.852830e-02	9.743281e+00
2.277000e-05	1.747688e-02	9.546787e+00
2.278000e-05	1.561198e-02	9.420441e+00
2.279000e-05	1.264965e-02	9.243067e+00
2.280000e-05	1.229151e-02	9.124703e+00
2.281000e-05	1.100018e-02	8.894177e+00
2.282000e-05	1.002822e-02	8.776356e+00
2.283000e-05	7.578160e-03	8.586834e+00
2.284000e-05	7.425258e-03	8.410962e+00
2.285000e-05	6.292472e-03	8.231045e+00
2.286000e-05	5.493643e-03	8.049465e+00
2.287000e-05	2.752918e-03	7.829614e+00
2.288000e-05	3.098481e-03	7.611066e+00
2.289000e-05	2.020107e-03	7.410047e+00
2.290000e-05	2.388375e-03	7.238493e+00
2.291000e-05	1.568609e-03	7.019560e+00
2.292000e-05	1.775013e-03	6.831088e+00
2.293000e-05	3.817410e-04	6.641041e+00
2.294000e-05	-1.357749e-05	6.409936e+00
2.295000e-05	-1.039608e-03	6.229959e+00
2.296000e-05	-1.575915e-04	5.991036e+00
2.297000e-05	-2.454070e-03	5.810486e+00
2.298000e-05	-1.533368e-03	5.569407e+00
2.299000e-05	-1.605620e-03	5.378932e+00
2.300000e-05	-7.410397e-04	5.087297e+00
2.301000e-05	-3.117003e-03	4.820542e+00
2.302000e-05	-3.448051e-03	4.610437e+00
2.303000e-05	-3.151961e-03	4.381482e+00
2.304000e-05	-1.674304e-03	4.186905e+00
2.305000e-05	-2.445306e-03	3.957299e+00
2.306000e-05	-3.853905e-03	3.714321e+00
2.307000e-05	-3.493621e-03	3.547371e+00
2.308000e-05	-2.960759e-03	3.211614e+00
2.309000e-05	-3.433733e-03	3.031560e+00
2.310000e-05	-4.433077e-03	2.820982e+00
2.311000e-05	-3.962955e-03	2.590931e+00
2.312000e-05	-3.372405e-03	2.346824e+00
2.313000e-05	-3.373570e-03	2.095267e+00
2.314000e-05	-4.203603e-03	1.907164e+00
2.315000e-05	-4.250143e-03	1.633610e+00
2.316000e-05	-4.448542e-03	1.370034e+00
2.317000e-05	-4.632915e-03	1.138272e+00
2.318000e-05	-5.150530e-03	7.811579e-01
2.319000e-05	-5.136664e-03	6.125550e-01
2.320000e-05	-3.856067e-03	3.905540e-01
2.321000e-05	-2.976415e-03	1.894259e-01
2.322000e-05	-2.522629e-03	-8.308309e-02
2.323000e-05	3.542062e-03	-2.857833e-01
2.324000e-05	-2.271807e-03	-5.016869e-01
2.325000e-05	-9.401707e-05	-7.689962e-01
2.326000e-05	-4.732570e-03	-9.683684e-01
2.327000e-05	-2.336665e-03	-1.167471e+00
2.328000e-05	-3.839590e-03	-1.411198e+00
2.329000e-05	3.222771e-03	-1.640079e+00
2.330000e-05	5.137176e-02	-1.850552e+00
2.331000e-05	5.527615e-02	-2.061137e+00
2.332000e-05	-6.116567e-02	-2.432030e+00
2.333000e-05	-3.647026e-02	-2.735688e+00
2.334000e-05	-4.630360e-02	-2.934142e+00
2.335000e-05	-4.840106e-02	-3.167374e+00
2.336000e-05	6.398998e-02	-3.303216e+00
2.337000e-05	3.937112e-02	-3.452034e+00
2.338000e-05	-1.253212e-01	-3.674687e+00
2.339000e-05	1.714009e-01	-3.913770e+00
2.340000e-05	-5.498420e-02	-4.125846e+00
2.341000e-05	-1.498100e-02	-4.388424e+00
2.342000e-05	2.289320e-02	-4.535976e+00
2.343000e-05	-1.383941e-01	-4.873163e+00
2.344000e-05	1.214187e-01	-5.041660e+00
2.345000e-05	-1.993973e-02	-5.254142e+00
2.346000e-05	-1.418040e-02	-5.599901e+00
2.347000e-05	4.500330e-02	-5.756872e+00
2.348000e-05	-8.447719e-02	-5.978875e+00
2.349000e-05	7.332825e-02	-6.258433e+00
2.350000e-05	-5.592735e-02	-6.410006e+00
2.351000e-05	-2.533735e-02	-6.670513e+00
2.352000e-05	5.558069e-02	-6.829530e+00
2.353000e-05	-4.746163e-02	-7.080573e+00
2.354000e-05	8.517670e-02	-7.263692e+00
2.355000e-05	-1.137212e-01	-7.501120e+00
2.356000e-05	4.556661e-02	-7.681664e+00
2.357000e-05	-2.686110e-03	-7.885197e+00
2.358000e-05	-1.902244e-02	-8.093747e+00
2.359000e-05	2.712964e-02	-8.261563e+00
2.360000e-05	-5.796902e-02	-8.421083e+00
2.361000e-05	6.925661e-02	-8.619012e+00
2.362000e-05	-5.338830e-02	-8.840038e+00
2.363000e-05	1.456435e-02	-9.008385e+00
2.364000e-05	-3.116392e-02	-9.155301e+00
2.365000e-05	1.014738e-02	-9.306302e+00
2.366000e-05	1.827593e-02	-9.442252e+00
2.367000e-05	-3.400330e-02	-9.682167e+00
2.368000e-05	1.892940e-02	-9.788931e+00
2.369000e-05	-2.648521e-02	-9.915876e+00
2.370000e-05	2.289648e-02	-1.008320e+01
2.371000e-05	-3.405172e-02	-1.023310e+01
2.372000e-05	2.821969e-03	-1.042801e+01
2.373000e-05	-6.332476e-03	-1.056633e+01
2.374000e-05	7.519585e-03	-1.068225e+01
2.375000e-05	-5.756499e-03	-1.075741e+01
2.376000e-05	-1.793619e-02	-1.091483e+01
2.377000e-05	5.390956e-03	-1.102115e+01
2.378000e-05	-1.005323e-02	-1.122989e+01
2.379000e-05	-1.083977e-04	-1.129475e+01
2.380000e-05	-2.290639e-02	-1.140949e+01
2.381000e-05	6.751471e-03	-1.156533e+01
2.382000e-05	-6.033471e-03	-1.163953e+01
2.383000e-05	9.304904e-04	-1.180809e+01
2.384000e-05	-1.668952e-02	-1.187175e+01
2.385000e-05	-4.402692e-03	-1.197701e+01
2.386000e-05	-2.173912e-03	-1.210067e+01
2.387000e-05	-7.910602e-03	-1.213746e+01
2.388000e-05	-9.203942e-03	-1.220801e+01
2.389000e-05	-9.132950e-03	-1.229322e+01
2.390000e-05	2.244864e-03	-1.233688e+01
2.391000e-05	-9.524381e-03	-1.240899e+01
2.392000e-05	-7.944783e-03	-1.250365e+01
2.393000e-05	-1.237764e-02	-1.255329e+01
2.394000e-05	-1.691897e-03	-1.260807e+01
2.395000e-05	-6.922641e-03	-1.264905e+01
2.396000e-05	-8.658399e-03	-1.270415e+01
2.397000e-05	-8.324410e-03	-1.270478e+01
2.398000e-05	-5.188716e-03	-1.278744e+01
2.399000e-05	-5.419545e-03	-1.279794e+01
2.400000e-05	-1.174599e-02	-1.287010e+01
2.401000e-05	-1.011235e-02	-1.288055e+01
2.402000e-05	-6.127765e-03	-1.287270e+01
2.403000e-05	-5.557592e-03	-1.288320e+01
2.404000e-05	-9.617254e-03	-1.291162e+01
2.405000e-05	-1.068459e-02	-1.289380e+01
2.406000e-05	-7.329941e-03	-1.288318e+01
2.407000e-05	-5.997803e-03	-1.288172e+01
2.408000e-05	-1.063308e-02	-1.286165e+01
2.409000e-05	-1.170488e-02	-1.282257e+01
2.410000e-05	-1.010101e-02	-1.284052e+01
2.411000e-05	-7.796080e-03	-1.282799e+01
2.412000e-05	-1.183782e-02	-1.276644e+01
2.413000e-05	-1.262522e-02	-1.273423e+01
2.414000e-05	-9.768887e-03	-1.267318e+01
2.415000e-05	-8.466997e-03	-1.263213e+01
2.416000e-05	-1.046811e-02	-1.258942e+01
2.417000e-05	-1.408162e-02	-1.255483e+01
2.418000e-05	-1.312436e-02	-1.250360e+01
2.419000e-05	-1.350012e-02	-1.241002e+01
2.420000e-05	-1.509644e-02	-1.233631e+01
2.421000e-05	-1.678716e-02	-1.224305e+01
2.422000e-05	-1.506238e-02	-1.220949e+01
2.423000e-05	-1.406409e-02	-1.215728e+01
2.424000e-05	-1.651003e-02	-1.207152e+01
2.425000e-05	-2.006187e-02	-1.197638e+01
2.426000e-05	-2.086325e-02	-1.183317e+01
2.427000e-05	-2.196415e-02	-1.177642e+01
2.428000e-05	-2.374856e-02	-1.164992e+01
2.429000e-05	-2.670357e-02	-1.150176e+01
2.430000e-05	-2.725951e-02	-1.138839e+01
2.431000e-05	-2.815269e-02	-1.123265e+01
2.432000e-05	-2.997424e-02	-1.113429e+01
2.433000e-05	-3.240631e-02	-1.096749e+01
2.434000e-05	-3.307504e-02	-1.087225e+01
2.435000e-05	-3.135608e-02	-1.075694e+01
2.436000e-05	-3.197727e-02	-1.065260e+01
2.437000e-05	-3.279426e-02	-1.051820e+01
2.438000e-05	-3.328583e-02	-1.042796e+01
2.439000e-05	-3.047787e-02	-1.022204e+01
2.440000e-05	-2.960274e-02	-1.007109e+01
2.441000e-05	-2.868698e-02	-9.905776e+00
2.442000e-05	-2.825655e-02	-9.808831e+00
2.443000e-05	-2.395868e-02	-9.669992e+00
2.444000e-05	-2.194880e-02	-9.483723e+00
2.445000e-05	-2.157754e-02	-9.333222e+00
2.446000e-05	-2.152576e-02	-9.158382e+00
2.447000e-05	-1.887173e-02	-8.988911e+00
2.448000e-05	-1.722628e-02	-8.809415e+00
2.449000e-05	-1.649125e-02	-8.620562e+00
2.450000e-05	-1.626856e-02	-8.460062e+00
2.451000e-05	-1.425279e-02	-8.283194e+00
2.452000e-05	-1.249638e-02	-8.062199e+00
2.453000e-05	-1.167897e-02	-7.894197e+00
2.454000e-05	-1.210781e-02	-7.643119e+00
2.455000e-05	-1.043285e-02	-7.440615e+00
2.456000e-05	-1.019046e-02	-7.283614e+00
2.457000e-05	-9.245252e-03	-7.072594e+00
2.458000e-05	-9.782470e-03	-6.822064e+00
2.459000e-05	-9.164602e-03	-6.662587e+00
2.460000e-05	-7.696366e-03	-6.472122e+00
2.461000e-05	-7.803680e-03	-6.272118e+00
2.462000e-05	-8.205769e-03	-6.020013e+00
2.463000e-05	-7.893607e-03	-5.840062e+00
2.464000e-05	-7.208409e-03	-5.620532e+00
2.465000e-05	-7.084742e-03	-5.379858e+00
2.466000e-05	-7.432052e-03	-5.146697e+00
2.467000e-05	-6.261846e-03	-4.881568e+00
2.468000e-05	-5.262640e-03	-4.620959e+00
2.469000e-05	-6.661547e-03	-4.441058e+00
2.470000e-05	-5.867523e-03	-4.201535e+00
2.471000e-05	-5.920308e-03	-4.009459e+00
2.472000e-05	-5.150054e-03	-3.749958e+00
2.473000e-05	-6.111260e-03	-3.587772e+00
2.474000e-05	-6.350283e-03	-3.336825e+00
2.475000e-05	-5.649434e-03	-3.085272e+00
2.476000e-05	-4.453057e-03	-2.842035e+00
2.477000e-05	-5.409150e-03	-2.620632e+00
2.478000e-05	-4.972667e-03	-2.389630e+00
2.479000e-05	-4.370211e-03	-2.135771e+00
2.480000e-05	-3.031332e-03	-1.937318e+00
2.481000e-05	-4.749131e-03	-1.704713e+00
2.482000e-05	-5.863781e-03	-1.443203e+00
2.483000e-05	-5.512415e-03	-1.187368e+00
2.484000e-05	-4.015166e-03	-9.473681e-01
2.485000e-05	-3.930532e-03	-6.977907e-01
2.486000e-05	-4.395296e-03	-4.026053e-01
2.487000e-05	-2.925848e-03	-2.526552e-01
2.488000e-05	1.122093e-03	1.105007e-02
2.489000e-05	5.588961e-03	2.400355e-01
2.490000e-05	-2.838852e-03	4.631570e-01
2.491000e-05	1.185334e-03	6.847394e-01
2.492000e-05	-3.590740e-03	9.032828e-01
2.493000e-05	1.512551e-03	1.156324e+00
2.494000e-05	-1.097678e-03	1.369325e+00
2.495000e-05	2.526366e-03	1.640152e+00
2.496000e-05	2.608238e-02	1.851660e+00
2.497000e-05	6.742314e-02	2.064136e+00
2.498000e-05	-1.294224e-02	2.367847e+00
2.499000e-05	-5.140038e-02	2.630534e+00
2.500000e-05	-4.300866e-02	2.863610e+00
2.501000e-05	-1.346252e-02	3.060633e+00
2.502000e-05	-4.554133e-02	3.199931e+00
2.503000e-05	3.198505e-02	3.368903e+00
2.504000e-05	4.689066e-02	3.632109e+00
2.505000e-05	-7.329354e-02	3.860083e+00
2.506000e-05	1.316228e-01	4.031536e+00
2.507000e-05	-4.808471e-02	4.338797e+00
2.508000e-05	-2.342405e-02	4.526226e+00
2.509000e-05	1.782806e-02	4.785368e+00
2.510000e-05	-5.612463e-02	5.029058e+00
2.511000e-05	5.348775e-02	5.272117e+00
2.512000e-05	-1.707335e-02	5.547775e+00
2.513000e-05	1.135499e-03	5.746801e+00
2.514000e-05	2.275706e-02	5.978879e+00
2.515000e-05	-2.436032e-02	6.196901e+00
2.516000e-05	3.947186e-04	6.347452e+00
2.517000e-05	-1.086518e-02	6.589457e+00
2.518000e-05	1.385728e-02	6.789430e+00
2.519000e-05	4.936397e-03	7.028436e+00
2.520000e-05	-1.250691e-02	7.197980e+00
2.521000e-05	2.988919e-02	7.399485e+00
2.522000e-05	-3.845314e-02	7.670563e+00
2.523000e-05	1.778407e-02	7.869494e+00
2.524000e-05	-6.710639e-03	8.041643e+00
2.525000e-05	3.680149e-03	8.263119e+00
2.526000e-05	1.150196e-02	8.388535e+00
2.527000e-05	-7.318570e-03	8.587879e+00
2.528000e-05	1.060760e-02	8.766375e+00
2.529000e-05	-1.753245e-02	8.861723e+00
2.530000e-05	1.171672e-02	9.114173e+00
2.531000e-05	-1.323996e-02	9.262594e+00
2.532000e-05	6.730762e-03	9.449514e+00
2.533000e-05	2.971691e-03	9.587359e+00
2.534000e-05	3.357276e-03	9.737785e+00
2.535000e-05	4.180295e-03	9.912724e+00
2.536000e-05	-5.180290e-03	1.010212e+01
2.537000e-05	2.746129e-03	1.019891e+01
2.538000e-05	-4.321570e-03	1.036590e+01
2.539000e-05	4.498882e-03	1.049310e+01
2.540000e-05	-4.508845e-03	1.060892e+01
2.541000e-05	4.690831e-03	1.074681e+01
2.542000e-05	2.875633e-03	1.087210e+01
2.543000e-05	3.049460e-03	1.097744e+01
2.544000e-05	-1.361253e-03	1.113422e+01
2.545000e-05	-1.978526e-03	1.123049e+01
2.546000e-05	2.733380e-03	1.135674e+01
2.547000e-05	4.907633e-05	1.148308e+01
2.548000e-05	2.055317e-03	1.160789e+01
2.549000e-05	-4.612375e-04	1.170533e+01
2.550000e-05	4.580813e-03	1.184954e+01
2.551000e-05	3.265445e-04	1.191223e+01
2.552000e-05	-2.469324e-04	1.196842e+01
2.553000e-05	-1.456790e-03	1.204158e+01
2.554000e-05	2.441534e-03	1.214584e+01
2.555000e-05	3.413647e-03	1.219897e+01
2.556000e-05	1.000842e-03	1.226308e+01
2.557000e-05	9.173814e-04	1.233589e+01
2.558000e-05	1.003946e-03	1.244897e+01
2.559000e-05	2.824571e-03	1.249315e+01
2.560000e-05	-6.489973e-04	1.252731e+01
2.561000e-05	-2.765022e-04	1.256791e+01
2.562000e-05	1.109590e-03	1.258897e+01
2.563000e-05	2.813036e-03	1.265952e+01
2.564000e-05	2.927706e-03	1.268058e+01
2.565000e-05	-3.727977e-05	1.270365e+01
2.566000e-05	1.861529e-03	1.272386e+01
2.567000e-05	2.973414e-03	1.274633e+01
2.568000e-05	2.432214e-03	1.274588e+01
2.569000e-05	6.374092e-04	1.275884e+01
2.570000e-05	1.422809e-03	1.277886e+01
2.571000e-05	2.926189e-03	1.279731e+01
2.572000e-05	2.130335e-03	1.276591e+01
2.573000e-05	1.475984e-03	1.276484e+01
2.574000e-05	2.104798e-03	1.274731e+01
2.575000e-05	4.572906e-03	1.272536e+01
2.576000e-05	4.359619e-03	1.270375e+01
2.577000e-05	3.558413e-03	1.269266e+01
2.578000e-05	2.223994e-03	1.267308e+01
2.579000e-05	5.255401e-03	1.260197e+01
2.580000e-05	4.554799e-03	1.259799e+01
2.581000e-05	3.387231e-03	1.253778e+01
2.582000e-05	3.510138e-03	1.250623e+01
2.583000e-05	6.545762e-03	1.246112e+01
2.584000e-05	6.277215e-03	1.241847e+01
2.585000e-05	6.274683e-03	1.233491e+01
2.586000e-05	6.179110e-03	1.226165e+01
2.587000e-05	8.326477e-03	1.219847e+01
2.588000e-05	1.022264e-02	1.215371e+01
2.589000e-05	9.720141e-03	1.202100e+01
2.590000e-05	1.010175e-02	1.191583e+01
2.591000e-05	1.249953e-02	1.185152e+01
2.592000e-05	1.462007e-02	1.175747e+01
2.593000e-05	1.447467e-02	1.167317e+01
2.594000e-05	1.494290e-02	1.153626e+01
2.595000e-05	1.906947e-02	1.139955e+01
2.596000e-05	2.162432e-02	1.131516e+01
2.597000e-05	2.293781e-02	1.116891e+01
2.598000e-05	2.214067e-02	1.105267e+01
2.599000e-05	2.498347e-02	1.093783e+01
2.600000e-05	2.600804e-02	1.086205e+01
2.601000e-05	2.571517e-02	1.071628e+01
2.602000e-05	2.436580e-02	1.059897e+01
2.603000e-05	2.486069e-02	1.042954e+01
2.604000e-05	2.545686e-02	1.027417e+01
2.605000e-05	2.347430e-02	1.017686e+01
2.606000e-05	2.057654e-02	9.979915e+00
2.607000e-05	2.040084e-02	9.841096e+00
2.608000e-05	2.015035e-02	9.671172e+00
2.609000e-05	1.718719e-02	9.534252e+00
2.610000e-05	1.303115e-02	9.377357e+00
2.611000e-05	1.278185e-02	9.200464e+00
2.612000e-05	1.251806e-02	9.041147e+00
2.613000e-05	1.050281e-02	8.881124e+00
2.614000e-05	7.847774e-03	8.694198e+00
2.615000e-05	7.395858e-03	8.515275e+00
2.616000e-05	8.714462e-03	8.376883e+00
2.617000e-05	6.473668e-03	8.178337e+00
2.618000e-05	4.132789e-03	7.958381e+00
2.619000e-05	2.519244e-03	7.768380e+00
2.620000e-05	2.928674e-03	7.629941e+00
2.621000e-05	2.489558e-03	7.367380e+00
2.622000e-05	1.517733e-03	7.207329e+00
2.623000e-05	-4.746235e-04	6.957282e+00
2.624000e-05	8.023987e-04	6.768410e+00
2.625000e-05	1.381673e-03	6.555782e+00
2.626000e-05	-2.377382e-04	6.345351e+00
2.627000e-05	-1.592995e-03	6.176852e+00
2.628000e-05	-8.236311e-04	5.976456e+00
2.629000e-05	-2.528150e-04	5.746752e+00
2.630000e-05	-2.572467e-03	5.535798e+00
2.631000e-05	-3.164610e-03	5.292769e+00
2.632000e-05	-2.508695e-03	5.009992e+00
2.633000e-05	-2.333963e-03	4.766856e+00
2.634000e-05	-1.835390e-03	4.548427e+00
2.635000e-05	-3.383624e-03	4.336878e+00
2.636000e-05	-3.254944e-03	4.074223e+00
2.637000e-05	-2.125142e-03	3.853715e+00
2.638000e-05	-2.850357e-03	3.692664e+00
2.639000e-05	-3.858712e-03	3.473590e+00
2.640000e-05	-4.754980e-03	3.199509e+00
2.641000e-05	-4.401722e-03	2.988901e+00
2.642000e-05	-3.604939e-03	2.779398e+00
2.643000e-05	-4.082738e-03	2.455722e+00
2.644000e-05	-4.750122e-03	2.243597e+00
2.645000e-05	-3.610755e-03	2.013560e+00
2.646000e-05	-3.421674e-03	1.872555e+00
2.647000e-05	-4.247448e-03	1.538426e+00
2.648000e-05	-5.164157e-03	1.326342e+00
2.649000e-05	-4.481864e-03	1.094135e+00
2.650000e-05	-3.507287e-03	8.004461e-01
2.651000e-05	-4.458146e-03	5.684772e-01
2.652000e-05	-4.509230e-03	3.787986e-01
2.653000e-05	-4.162698e-03	1.051629e-01
2.654000e-05	-1.148436e-03	-1.453909e-01
2.655000e-05	4.331217e-03	-3.578161e-01
2.656000e-05	-4.604611e-03	-5.578686e-01
2.657000e-05	-5.226299e-04	-8.199989e-01
2.658000e-05	-4.098087e-03	-1.000051e+00
2.659000e-05	-4.117419e-04	-1.200551e+00
2.660000e-05	-3.817404e-03	-1.481737e+00
2.661000e-05	8.474749e-03	-1.703212e+00
2.662000e-05	6.628467e-02	-1.873158e+00
2.663000e-05	2.315217e-02	-2.147315e+00
2.664000e-05	-6.088068e-02	-2.515290e+00
2.665000e-05	-4.023327e-02	-2.778997e+00
2.666000e-05	-4.497376e-02	-2.990479e+00
2.667000e-05	-4.604056e-02	-3.180530e+00
2.668000e-05	1.078411e-01	-3.315215e+00
2.669000e-05	-3.535325e-02	-3.533766e+00
2.670000e-05	-6.429868e-02	-3.798975e+00
2.671000e-05	1.659126e-01	-3.996472e+00
2.672000e-05	-1.051976e-01	-4.189555e+00
2.673000e-05	4.482925e-02	-4.441031e+00
2.674000e-05	-4.787913e-02	-4.610528e+00
2.675000e-05	-8.976393e-02	-4.914244e+00
2.676000e-05	1.325577e-01	-5.113667e+00
2.677000e-05	-6.507504e-02	-5.355399e+00
2.678000e-05	3.357944e-02	-5.601559e+00
2.679000e-05	1.139436e-03	-5.798433e+00
2.680000e-05	-5.858439e-02	-6.011084e+00
2.681000e-05	8.262883e-02	-6.262067e+00
2.682000e-05	-9.923693e-02	-6.474142e+00
2.683000e-05	3.258905e-02	-6.691192e+00
2.684000e-05	9.358832e-03	-6.862088e+00
2.685000e-05	-4.624491e-03	-7.164854e+00
2.686000e-05	4.780762e-02	-7.324819e+00
2.687000e-05	-1.163787e-01	-7.525244e+00
2.688000e-05	8.170097e-02	-7.756303e+00
2.689000e-05	-4.446735e-02	-7.967899e+00
2.690000e-05	2.280154e-02	-8.126827e+00
2.691000e-05	-1.346269e-02	-8.322218e+00
2.692000e-05	-2.161365e-02	-8.483795e+00
2.693000e-05	5.288749e-02	-8.712696e+00
2.694000e-05	-6.110853e-02	-8.902693e+00
2.695000e-05	2.367226e-02	-9.019987e+00
2.696000e-05	-4.464581e-02	-9.198854e+00
2.697000e-05	3.985530e-02	-9.336480e+00
2.698000e-05	-1.329996e-02	-9.545927e+00
2.699000e-05	-1.438413e-02	-9.705722e+00
2.700000e-05	6.283976e-03	-9.870590e+00
2.701000e-05	-1.394260e-02	-9.988384e+00
2.702000e-05	1.508936e-02	-1.014786e+01
2.703000e-05	-3.835722e-02	-1.032433e+01
2.704000e-05	1.091364e-02	-1.046922e+01
2.705000e-05	-1.103292e-02	-1.059743e+01
2.706000e-05	1.331174e-02	-1.070532e+01
2.707000e-05	-2.034409e-02	-1.081894e+01
2.708000e-05	-4.962214e-03	-1.096586e+01
2.709000e-05	2.961904e-04	-1.112268e+01
2.710000e-05	-4.675678e-03	-1.120107e+01
2.711000e-05	-8.471809e-03	-1.132473e+01
2.712000e-05	-1.667997e-02	-1.145112e+01
2.713000e-05	7.968609e-03	-1.157873e+01
2.714000e-05	-8.276219e-03	-1.174478e+01
2.715000e-05	-2.479416e-03	-1.178742e+01
2.716000e-05	-1.789879e-02	-1.190375e+01
2.717000e-05	3.623889e-03	-1.198852e+01
2.718000e-05	-6.352276e-03	-1.209418e+01
2.719000e-05	-6.648243e-03	-1.217789e+01
2.720000e-05	-1.252435e-02	-1.224954e+01
2.721000e-05	-2.799642e-03	-1.230375e+01
2.722000e-05	-1.363134e-03	-1.238741e+01
2.723000e-05	-1.169136e-02	-1.240950e+01
2.724000e-05	-9.993344e-03	-1.250365e+01
2.725000e-05	-8.357996e-03	-1.258681e+01
2.726000e-05	1.215694e-03	-1.262952e+01
2.727000e-05	-1.040663e-02	-1.268113e+01
2.728000e-05	-9.647882e-03	-1.266270e+01
2.729000e-05	-7.313003e-03	-1.275581e+01
2.730000e-05	-2.104749e-03	-1.279896e+01
2.731000e-05	-8.477092e-03	-1.284004e+01
2.732000e-05	-1.294181e-02	-1.282855e+01
2.733000e-05	-8.298166e-03	-1.286117e+01
2.734000e-05	-3.054625e-03	-1.288320e+01
2.735000e-05	-7.937489e-03	-1.290318e+01
2.736000e-05	-1.210095e-02	-1.289465e+01
2.737000e-05	-1.035816e-02	-1.289375e+01
2.738000e-05	-4.440621e-03	-1.289223e+01
2.739000e-05	-6.810499e-03	-1.289170e+01
2.740000e-05	-1.309511e-02	-1.287153e+01
2.741000e-05	-1.068328e-02	-1.288005e+01
2.742000e-05	-6.602941e-03	-1.285110e+01
2.743000e-05	-8.281492e-03	-1.277476e+01
2.744000e-05	-1.473929e-02	-1.278681e+01
2.745000e-05	-1.276085e-02	-1.270471e+01
2.746000e-05	-7.238671e-03	-1.266223e+01
2.747000e-05	-7.981349e-03	-1.262002e+01
2.748000e-05	-1.436414e-02	-1.257747e+01
2.749000e-05	-1.405846e-02	-1.252478e+01
2.750000e-05	-1.088634e-02	-1.250162e+01
2.751000e-05	-1.080897e-02	-1.240789e+01
2.752000e-05	-1.647500e-02	-1.231373e+01
2.753000e-05	-1.708551e-02	-1.229267e+01
2.754000e-05	-1.345779e-02	-1.215894e+01
2.755000e-05	-1.436030e-02	-1.210370e+01
2.756000e-05	-1.935254e-02	-1.202904e+01
2.757000e-05	-2.196646e-02	-1.189383e+01
2.758000e-05	-1.970013e-02	-1.185063e+01
2.759000e-05	-1.862261e-02	-1.174786e+01
2.760000e-05	-2.443599e-02	-1.156741e+01
2.761000e-05	-2.860960e-02	-1.147165e+01
2.762000e-05	-2.690091e-02	-1.138689e+01
2.763000e-05	-2.723208e-02	-1.121045e+01
2.764000e-05	-3.134240e-02	-1.109222e+01
2.765000e-05	-3.492327e-02	-1.094788e+01
2.766000e-05	-3.254246e-02	-1.088252e+01
2.767000e-05	-2.996822e-02	-1.075733e+01
2.768000e-05	-3.298917e-02	-1.064057e+01
2.769000e-05	-3.359822e-02	-1.048423e+01
2.770000e-05	-3.222738e-02	-1.030630e+01
2.771000e-05	-2.909700e-02	-1.017799e+01
2.772000e-05	-2.938982e-02	-1.005901e+01
2.773000e-05	-3.004977e-02	-9.885250e+00
2.774000e-05	-2.748402e-02	-9.756328e+00
2.775000e-05	-2.333423e-02	-9.620010e+00
2.776000e-05	-2.217809e-02	-9.411544e+00
2.777000e-05	-2.210819e-02	-9.261115e+00
2.778000e-05	-2.048271e-02	-9.094223e+00
2.779000e-05	-1.720973e-02	-8.913807e+00
2.780000e-05	-1.656889e-02	-8.776281e+00
2.781000e-05	-1.713308e-02	-8.516886e+00
2.782000e-05	-1.584526e-02	-8.378958e+00
2.783000e-05	-1.334003e-02	-8.220535e+00
2.784000e-05	-1.175381e-02	-8.040015e+00
2.785000e-05	-1.344130e-02	-7.841090e+00
2.786000e-05	-1.213122e-02	-7.599435e+00
2.787000e-05	-1.065100e-02	-7.419989e+00
2.788000e-05	-8.547424e-03	-7.197487e+00
2.789000e-05	-1.032177e-02	-7.019590e+00
2.790000e-05	-9.130916e-03	-6.788882e+00
2.791000e-05	-8.532079e-03	-6.599489e+00
2.792000e-05	-6.533275e-03	-6.389509e+00
2.793000e-05	-8.800265e-03	-6.258863e+00
2.794000e-05	-8.181921e-03	-5.958378e+00
2.795000e-05	-8.031275e-03	-5.755876e+00
2.796000e-05	-6.633689e-03	-5.536351e+00
2.797000e-05	-5.855408e-03	-5.264776e+00
2.798000e-05	-6.743904e-03	-5.071093e+00
2.799000e-05	-7.301842e-03	-4.827456e+00
2.800000e-05	-6.002432e-03	-4.599398e+00
2.801000e-05	-6.434314e-03	-4.378901e+00
2.802000e-05	-5.437595e-03	-4.165405e+00
2.803000e-05	-5.960289e-03	-3.959452e+00
2.804000e-05	-3.842106e-03	-3.734792e+00
2.805000e-05	-5.484976e-03	-3.493670e+00
2.806000e-05	-5.444830e-03	-3.344638e+00
2.807000e-05	-7.604249e-03	-3.023061e+00
2.808000e-05	-4.195269e-03	-2.769901e+00
2.809000e-05	-5.189072e-03	-2.558024e+00
2.810000e-05	-3.876985e-03	-2.327325e+00
2.811000e-05	-4.335586e-03	-2.074636e+00
2.812000e-05	-3.606088e-03	-1.894134e+00
2.813000e-05	-3.848676e-03	-1.642108e+00
2.814000e-05	-6.161758e-03	-1.390017e+00
2.815000e-05	-6.731037e-03	-1.103312e+00
2.816000e-05	-4.341840e-03	-9.046340e-01
2.817000e-05	-3.494280e-03	-6.516317e-01
2.818000e-05	-3.484412e-03	-3.685259e-01
2.819000e-05	-3.153451e-03	-1.694948e-01
2.820000e-05	3.202798e-03	7.418032e-02
2.821000e-05	5.329841e-03	3.053382e-01
2.822000e-05	-3.043384e-03	5.146634e-01
2.823000e-05	-7.788432e-04	7.468409e-01
2.824000e-05	-3.192653e-03	9.173173e-01
2.825000e-05	8.566110e-04	1.179553e+00
2.826000e-05	-2.667502e-04	1.441155e+00
2.827000e-05	5.447025e-03	1.704237e+00
2.828000e-05	3.462003e-02	1.905141e+00
2.829000e-05	6.506940e-02	2.105893e+00
2.830000e-05	-4.016469e-02	2.401077e+00
2.831000e-05	-4.472264e-02	2.664218e+00
2.832000e-05	-3.754859e-02	2.916394e+00
2.833000e-05	-1.404245e-02	3.094214e+00
2.834000e-05	-4.289749e-02	3.223085e+00
2.835000e-05	6.082456e-02	3.481740e+00
2.836000e-05	-1.905395e-03	3.674642e+00
2.837000e-05	-2.815442e-02	3.872814e+00
2.838000e-05	1.234618e-01	4.145269e+00
2.839000e-05	-7.888568e-02	4.418952e+00
2.840000e-05	9.755794e-03	4.579477e+00
2.841000e-05	-1.460974e-02	4.832535e+00
2.842000e-05	-2.969476e-02	5.093723e+00
2.843000e-05	5.071552e-02	5.315848e+00
2.844000e-05	-2.759475e-02	5.556877e+00
2.845000e-05	1.552988e-02	5.786935e+00
2.846000e-05	1.114658e-02	6.040510e+00
2.847000e-05	-2.403717e-02	6.200938e+00
2.848000e-05	3.886814e-03	6.430561e+00
2.849000e-05	-1.344002e-02	6.651064e+00
2.850000e-05	2.127428e-02	6.851118e+00
2.851000e-05	-7.898566e-03	7.062692e+00
2.852000e-05	7.511898e-03	7.242487e+00
2.853000e-05	1.251696e-02	7.472541e+00
2.854000e-05	-3.616086e-02	7.702671e+00
2.855000e-05	2.350785e-02	7.854672e+00
2.856000e-05	-1.679610e-02	8.144298e+00
2.857000e-05	1.390547e-02	8.294146e+00
2.858000e-05	1.415607e-03	8.464093e+00
2.859000e-05	3.423258e-03	8.620987e+00
2.860000e-05	2.829500e-03	8.788309e+00
2.861000e-05	-1.275972e-02	8.945307e+00
2.862000e-05	7.761597e-03	9.124829e+00
2.863000e-05	-1.139714e-02	9.293772e+00
2.864000e-05	1.058019e-02	9.451719e+00
2.865000e-05	-9.031784e-04	9.600039e+00
2.866000e-05	4.665861e-03	9.759840e+00
2.867000e-05	1.935058e-03	9.945830e+00
2.868000e-05	-4.027102e-03	1.011415e+01
2.869000e-05	1.210843e-03	1.024099e+01
2.870000e-05	-2.709147e-03	1.036686e+01
2.871000e-05	4.657065e-03	1.046518e+01
2.872000e-05	-7.991045e-04	1.065204e+01
2.873000e-05	5.140923e-03	1.078799e+01
2.874000e-05	9.778228e-04	1.091275e+01
2.875000e-05	1.536669e-03	1.102007e+01
2.876000e-05	-1.592789e-03	1.113585e+01
2.877000e-05	-2.121067e-03	1.125160e+01
2.878000e-05	1.389691e-03	1.136837e+01
2.879000e-05	3.164728e-04	1.146173e+01
2.880000e-05	3.316337e-03	1.167152e+01
2.881000e-05	1.084056e-03	1.174578e+01
2.882000e-05	2.636258e-03	1.179999e+01
2.883000e-05	8.471528e-04	1.191478e+01
2.884000e-05	1.510378e-04	1.198891e+01
2.885000e-05	-6.942984e-04	1.210270e+01
2.886000e-05	6.138809e-04	1.215634e+01
2.887000e-05	2.307842e-03	1.224962e+01
2.888000e-05	2.229652e-03	1.231426e+01
2.889000e-05	1.824192e-03	1.234734e+01
2.890000e-05	7.997678e-04	1.245297e+01
2.891000e-05	1.250393e-03	1.249468e+01
2.892000e-05	1.789064e-04	1.254633e+01
2.893000e-05	1.838543e-03	1.260739e+01
2.894000e-05	5.443956e-04	1.259004e+01
2.895000e-05	2.124029e-03	1.266157e+01
2.896000e-05	1.808626e-03	1.271265e+01
2.897000e-05	1.852544e-03	1.271478e+01
2.898000e-05	6.468035e-04	1.270473e+01
2.899000e-05	4.930366e-04	1.272536e+01
2.900000e-05	3.024106e-03	1.274474e+01
2.901000e-05	3.147776e-03	1.275691e+01
2.902000e-05	2.128820e-03	1.277692e+01
2.903000e-05	1.191656e-03	1.274784e+01
2.904000e-05	2.373445e-03	1.277784e+01
2.905000e-05	2.817119e-03	1.275684e+01
2.906000e-05	2.036210e-03	1.271731e+01
2.907000e-05	2.786130e-03	1.271434e+01
2.908000e-05	4.016824e-03	1.270223e+01
2.909000e-05	4.759923e-03	1.266220e+01
2.910000e-05	3.611766e-03	1.268012e+01
2.911000e-05	2.898080e-03	1.266054e+01
2.912000e-05	4.220303e-03	1.256986e+01
2.913000e-05	4.230584e-03	1.253531e+01
2.914000e-05	5.546243e-03	1.251325e+01
2.915000e-05	4.774571e-03	1.244062e+01
2.916000e-05	6.359035e-03	1.240694e+01
2.917000e-05	7.035172e-03	1.231473e+01
2.918000e-05	6.474364e-03	1.226155e+01
2.919000e-05	7.665554e-03	1.218792e+01
2.920000e-05	9.437126e-03	1.214416e+01
2.921000e-05	1.127422e-02	1.199892e+01
2.922000e-05	1.215219e-02	1.192620e+01
2.923000e-05	1.215755e-02	1.184207e+01
2.924000e-05	1.344101e-02	1.174786e+01
2.925000e-05	1.428858e-02	1.162055e+01
2.926000e-05	1.714784e-02	1.151426e+01
2.927000e-05	1.897423e-02	1.141999e+01
2.928000e-05	2.224416e-02	1.128258e+01
2.929000e-05	2.335558e-02	1.112538e+01
2.930000e-05	2.411092e-02	1.103110e+01
2.931000e-05	2.406320e-02	1.093630e+01
2.932000e-05	2.522329e-02	1.080987e+01
2.933000e-05	2.537437e-02	1.066515e+01
2.934000e-05	2.562777e-02	1.056581e+01
2.935000e-05	2.506172e-02	1.039847e+01
2.936000e-05	2.454264e-02	1.024260e+01
2.937000e-05	2.308869e-02	1.011575e+01
2.938000e-05	2.150970e-02	9.957361e+00
2.939000e-05	1.994288e-02	9.801491e+00
2.940000e-05	1.789505e-02	9.651491e+00
2.941000e-05	1.695171e-02	9.492176e+00
2.942000e-05	1.454781e-02	9.336277e+00
2.943000e-05	1.344475e-02	9.208881e+00
2.944000e-05	1.128404e-02	9.021038e+00
2.945000e-05	9.961937e-03	8.809539e+00
2.946000e-05	8.472523e-03	8.651068e+00
2.947000e-05	8.034573e-03	8.464194e+00
2.948000e-05	7.015927e-03	8.337301e+00
2.949000e-05	4.721510e-03	8.106732e+00
2.950000e-05	5.647623e-03	7.945279e+00
2.951000e-05	3.919019e-03	7.747803e+00
2.952000e-05	3.194409e-03	7.527852e+00
2.953000e-05	1.540778e-03	7.314747e+00
2.954000e-05	1.076994e-03	7.095704e+00
2.955000e-05	-4.578340e-04	6.904754e+00
2.956000e-05	7.278872e-04	6.725251e+00
2.957000e-05	-2.459286e-04	6.485148e+00
2.958000e-05	-7.560177e-04	6.314695e+00
2.959000e-05	1.810812e-05	6.082723e+00
2.960000e-05	-1.156658e-03	5.926674e+00
2.961000e-05	-1.172143e-03	5.663116e+00
2.962000e-05	-2.149280e-03	5.443142e+00
2.963000e-05	-1.191168e-03	5.231539e+00
2.964000e-05	-2.744832e-03	4.955805e+00
2.965000e-05	-2.241942e-03	4.686273e+00
2.966000e-05	-3.338493e-03	4.473271e+00
2.967000e-05	-3.028421e-03	4.295699e+00
2.968000e-05	-3.261629e-03	4.040565e+00
2.969000e-05	-3.759351e-03	3.822534e+00
2.970000e-05	-3.338606e-03	3.601534e+00
2.971000e-05	-2.603332e-03	3.388952e+00
2.972000e-05	-3.019663e-03	3.146848e+00
2.973000e-05	-4.131056e-03	2.965298e+00
2.974000e-05	-4.448092e-03	2.737823e+00
2.975000e-05	-3.632855e-03	2.433633e+00
2.976000e-05	-3.883105e-03	2.189983e+00
2.977000e-05	-4.966769e-03	2.000452e+00
2.978000e-05	-5.748097e-03	1.747403e+00
2.979000e-05	-3.714291e-03	1.517218e+00
2.980000e-05	-3.481950e-03	1.284163e+00
2.981000e-05	-4.440563e-03	9.995273e-01
2.982000e-05	-4.726873e-03	7.269232e-01
2.983000e-05	-3.915710e-03	5.342144e-01
2.984000e-05	-3.043277e-03	3.376917e-01
2.985000e-05	-4.165765e-03	3.102988e-02
2.986000e-05	-1.045590e-03	-1.680237e-01
2.987000e-05	2.674214e-03	-3.984974e-01
2.988000e-05	-2.994629e-03	-6.190293e-01
2.989000e-05	-6.714173e-04	-8.521581e-01
2.990000e-05	-4.906997e-03	-1.072734e+00
2.991000e-05	-3.271399e-04	-1.243084e+00
2.992000e-05	-2.504836e-03	-1.565924e+00
2.993000e-05	1.964722e-02	-1.767341e+00
2.994000e-05	7.527043e-02	-1.926213e+00
2.995000e-05	-1.540393e-02	-2.261155e+00
2.996000e-05	-4.913354e-02	-2.597471e+00
2.997000e-05	-4.332239e-02	-2.842005e+00
2.998000e-05	-4.444228e-02	-3.062109e+00
2.999000e-05	-2.815349e-02	-3.230581e+00
3.000000e-05	1.222067e-01	-3.366999e+00
3.001000e-05	-1.027772e-01	-3.597419e+00
3.002000e-05	3.242820e-02	-3.850012e+00
3.003000e-05	1.100208e-01	-4.000054e+00
3.004000e-05	-1.129072e-01	-4.294717e+00
3.005000e-05	7.784185e-02	-4.472185e+00
3.006000e-05	-1.118680e-01	-4.685742e+00
3.007000e-05	-1.183124e-02	-4.978378e+00
3.008000e-05	1.005292e-01	-5.145822e+00
3.009000e-05	-7.799953e-02	-5.429080e+00
3.010000e-05	6.783101e-02	-5.662133e+00
3.011000e-05	-4.584247e-02	-5.801662e+00
3.012000e-05	-1.345265e-02	-6.105245e+00
3.013000e-05	5.581236e-02	-6.274849e+00
3.014000e-05	-1.092630e-01	-6.516843e+00
3.015000e-05	7.368838e-02	-6.704821e+00
3.016000e-05	-3.841921e-02	-6.916277e+00
3.017000e-05	4.841246e-02	-7.137929e+00
3.018000e-05	-1.228155e-02	-7.346325e+00
3.019000e-05	-7.825165e-02	-7.539905e+00
3.020000e-05	8.032643e-02	-7.787455e+00
3.021000e-05	-6.542685e-02	-8.020061e+00
3.022000e-05	5.285739e-02	-8.178901e+00
3.023000e-05	-5.221054e-02	-8.325822e+00
3.024000e-05	2.519344e-02	-8.557330e+00
3.025000e-05	1.436799e-02	-8.736256e+00
3.026000e-05	-4.263761e-02	-8.925773e+00
3.027000e-05	1.357504e-02	-9.030618e+00
3.028000e-05	-4.112309e-02	-9.211491e+00
3.029000e-05	5.194975e-02	-9.430066e+00
3.030000e-05	-3.581685e-02	-9.577356e+00
3.031000e-05	7.513797e-03	-9.735829e+00
3.032000e-05	-1.191450e-02	-9.903145e+00
3.033000e-05	3.646039e-03	-1.001007e+01
3.034000e-05	-2.904376e-03	-1.014788e+01
3.035000e-05	-2.899141e-02	-1.033641e+01
3.036000e-05	1.078289e-02	-1.049312e+01
3.037000e-05	-8.930766e-03	-1.059904e+01
3.038000e-05	1.247842e-02	-1.074528e+01
3.039000e-05	-2.686529e-02	-1.083110e+01
3.040000e-05	3.462637e-03	-1.095754e+01
3.041000e-05	-6.063725e-03	-1.107420e+01
3.042000e-05	1.147801e-03	-1.124120e+01
3.043000e-05	-1.738911e-02	-1.136636e+01
3.044000e-05	-8.002861e-03	-1.148472e+01
3.045000e-05	3.325675e-03	-1.158694e+01
3.046000e-05	-4.838651e-03	-1.174521e+01
3.047000e-05	-7.058600e-03	-1.182047e+01
3.048000e-05	-1.680630e-02	-1.194478e+01
3.049000e-05	4.680017e-03	-1.205854e+01
3.050000e-05	-8.663841e-03	-1.213523e+01
3.051000e-05	-5.373864e-03	-1.222893e+01
3.052000e-05	-1.417716e-02	-1.225262e+01
3.053000e-05	2.659250e-03	-1.230478e+01
3.054000e-05	-4.460601e-03	-1.239789e+01
3.055000e-05	-9.012692e-03	-1.247302e+01
3.056000e-05	-1.326113e-02	-1.253478e+01
3.057000e-05	-6.382353e-03	-1.260637e+01
3.058000e-05	-1.674531e-03	-1.264012e+01
3.059000e-05	-1.047667e-02	-1.266260e+01
3.060000e-05	-8.748423e-03	-1.271468e+01
3.061000e-05	-6.934706e-03	-1.276736e+01
3.062000e-05	-1.810295e-03	-1.279804e+01
3.063000e-05	-1.026904e-02	-1.280894e+01
3.064000e-05	-1.164782e-02	-1.283812e+01
3.065000e-05	-7.201557e-03	-1.286215e+01
3.066000e-05	-2.152796e-03	-1.290365e+01
3.067000e-05	-1.009583e-02	-1.289222e+01
3.068000e-05	-1.138606e-02	-1.287360e+01
3.069000e-05	-1.176065e-02	-1.288326e+01
3.070000e-05	-2.891657e-03	-1.291512e+01
3.071000e-05	-1.009362e-02	-1.288105e+01
3.072000e-05	-1.036471e-02	-1.286210e+01
3.073000e-05	-8.790916e-03	-1.283112e+01
3.074000e-05	-4.894932e-03	-1.285010e+01
3.075000e-05	-1.032947e-02	-1.277797e+01
3.076000e-05	-1.515629e-02	-1.275626e+01
3.077000e-05	-1.603675e-02	-1.268418e+01
3.078000e-05	-9.250072e-03	-1.268265e+01
3.079000e-05	-9.445417e-03	-1.260057e+01
3.080000e-05	-1.137149e-02	-1.259684e+01
3.081000e-05	-1.286532e-02	-1.249426e+01
3.082000e-05	-7.969408e-03	-1.247952e+01
3.083000e-05	-1.184319e-02	-1.236836e+01
3.084000e-05	-1.774565e-02	-1.231325e+01
3.085000e-05	-2.089256e-02	-1.225057e+01
3.086000e-05	-1.572997e-02	-1.217846e+01
3.087000e-05	-1.548378e-02	-1.210362e+01
3.088000e-05	-1.801825e-02	-1.198789e+01
3.089000e-05	-2.024719e-02	-1.188418e+01
3.090000e-05	-1.846601e-02	-1.180007e+01
3.091000e-05	-1.767890e-02	-1.168410e+01
3.092000e-05	-2.607749e-02	-1.156778e+01
3.093000e-05	-2.936273e-02	-1.145010e+01
3.094000e-05	-3.139591e-02	-1.132528e+01
3.095000e-05	-2.862722e-02	-1.120842e+01
3.096000e-05	-3.166369e-02	-1.106297e+01
3.097000e-05	-3.405275e-02	-1.094633e+01
3.098000e-05	-3.148582e-02	-1.080959e+01
3.099000e-05	-2.886112e-02	-1.071575e+01
3.100000e-05	-3.054913e-02	-1.060844e+01
3.101000e-05	-3.531703e-02	-1.048212e+01
3.102000e-05	-3.392758e-02	-1.030223e+01
3.103000e-05	-2.986467e-02	-1.011687e+01
3.104000e-05	-2.954222e-02	-9.977411e+00
3.105000e-05	-2.943971e-02	-9.852119e+00
3.106000e-05	-2.690692e-02	-9.715827e+00
3.107000e-05	-2.095329e-02	-9.557332e+00
3.108000e-05	-2.019141e-02	-9.368841e+00
3.109000e-05	-2.161640e-02	-9.219485e+00
3.110000e-05	-2.159778e-02	-9.032120e+00
3.111000e-05	-1.834373e-02	-8.882699e+00
3.112000e-05	-1.755453e-02	-8.714750e+00
3.113000e-05	-1.740382e-02	-8.525328e+00
3.114000e-05	-1.600984e-02	-8.314827e+00
3.115000e-05	-1.197153e-02	-8.217430e+00
3.116000e-05	-9.841288e-03	-7.948955e+00
3.117000e-05	-1.217868e-02	-7.758842e+00
3.118000e-05	-1.198479e-02	-7.527354e+00
3.119000e-05	-1.186602e-02	-7.336404e+00
3.120000e-05	-9.061651e-03	-7.158382e+00
3.121000e-05	-1.136064e-02	-6.955374e+00
3.122000e-05	-1.009790e-02	-6.737302e+00
3.123000e-05	-7.281774e-03	-6.557351e+00
3.124000e-05	-5.416962e-03	-6.357879e+00
3.125000e-05	-7.184792e-03	-6.136302e+00
3.126000e-05	-9.436230e-03	-5.893624e+00
3.127000e-05	-8.339019e-03	-5.742718e+00
3.128000e-05	-5.362614e-03	-5.524694e+00
3.129000e-05	-5.963954e-03	-5.221015e+00
3.130000e-05	-8.621321e-03	-5.009335e+00
3.131000e-05	-5.487814e-03	-4.726248e+00
3.132000e-05	-4.209303e-03	-4.536394e+00
3.133000e-05	-4.315692e-03	-4.337851e+00
3.134000e-05	-7.552435e-03	-4.095271e+00
3.135000e-05	-5.677938e-03	-3.946222e+00
3.136000e-05	-2.978499e-03	-3.662588e+00
3.137000e-05	-4.325852e-03	-3.472087e+00
3.138000e-05	-7.428446e-03	-3.251558e+00
3.139000e-05	-8.388753e-03	-2.947998e+00
3.140000e-05	-4.613350e-03	-2.735871e+00
3.141000e-05	-4.330927e-03	-2.535817e+00
3.142000e-05	-4.396513e-03	-2.303785e+00
3.143000e-05	-4.984217e-03	-1.990979e+00
3.144000e-05	-2.682193e-03	-1.821580e+00
3.145000e-05	-2.120216e-03	-1.558954e+00
3.146000e-05	-6.576350e-03	-1.265238e+00
3.147000e-05	-7.295950e-03	-1.040632e+00
3.148000e-05	-5.560739e-03	-8.010512e-01
3.149000e-05	-3.827790e-03	-5.567711e-01
3.150000e-05	-3.409052e-03	-3.448395e-01
3.151000e-05	-3.826602e-03	-1.157880e-01
3.152000e-05	5.529887e-03	8.476454e-02
3.153000e-05	4.132585e-03	3.684222e-01
3.154000e-05	-3.240525e-04	5.894486e-01
3.155000e-05	-3.523032e-03	7.679473e-01
3.156000e-05	-1.988484e-03	9.705540e-01
3.157000e-05	-1.437779e-04	1.253184e+00
3.158000e-05	-2.374453e-04	1.475319e+00
3.159000e-05	9.134982e-03	1.809448e+00
3.160000e-05	4.519160e-02	1.968872e+00
3.161000e-05	4.960435e-02	2.210979e+00
3.162000e-05	-5.474805e-02	2.533869e+00
3.163000e-05	-4.179450e-02	2.786352e+00
3.164000e-05	-2.963369e-02	2.977926e+00
3.165000e-05	-2.223723e-02	3.145816e+00
3.166000e-05	-2.622723e-02	3.283791e+00
3.167000e-05	7.606393e-02	3.526347e+00
3.168000e-05	-5.525820e-02	3.746850e+00
3.169000e-05	3.754539e-02	3.906322e+00
3.170000e-05	7.707919e-02	4.177927e+00
3.171000e-05	-8.008880e-02	4.412636e+00
3.172000e-05	3.171659e-02	4.610106e+00
3.173000e-05	-4.479964e-02	4.844548e+00
3.174000e-05	8.458566e-03	5.167904e+00
3.175000e-05	3.087186e-02	5.428930e+00
3.176000e-05	-2.645143e-02	5.602987e+00
3.177000e-05	2.756547e-02	5.870644e+00
3.178000e-05	-2.678365e-03	6.062668e+00
3.179000e-05	-1.862277e-02	6.282638e+00
3.180000e-05	3.784005e-04	6.464066e+00
3.181000e-05	-7.310860e-03	6.704198e+00
3.182000e-05	2.285400e-02	6.893241e+00
3.183000e-05	-1.934128e-02	7.144726e+00
3.184000e-05	2.550048e-02	7.261599e+00
3.185000e-05	-8.984447e-03	7.525299e+00
3.186000e-05	-1.915278e-02	7.755756e+00
3.187000e-05	1.857992e-02	7.937405e+00
3.188000e-05	-1.779550e-02	8.157857e+00
3.189000e-05	1.977973e-02	8.366779e+00
3.190000e-05	-8.043664e-03	8.504695e+00
3.191000e-05	1.075077e-02	8.602066e+00
3.192000e-05	-9.591551e-03	8.850018e+00
3.193000e-05	-7.431741e-04	8.987868e+00
3.194000e-05	2.167927e-03	9.179410e+00
3.195000e-05	-6.983830e-03	9.336785e+00
3.196000e-05	1.211364e-02	9.503673e+00
3.197000e-05	-2.655380e-03	9.651568e+00
3.198000e-05	6.554183e-03	9.788920e+00
3.199000e-05	-3.583450e-03	9.996387e+00
3.200000e-05	-2.411857e-03	1.010625e+01
3.201000e-05	-6.864880e-04	1.025162e+01
3.202000e-05	2.244016e-03	1.042944e+01
3.203000e-05	4.699089e-03	1.051474e+01
3.204000e-05	5.532504e-04	1.065458e+01
3.205000e-05	2.947584e-03	1.083802e+01
3.206000e-05	-5.480816e-04	1.093576e+01
3.207000e-05	-1.246411e-03	1.107202e+01
3.208000e-05	-3.462735e-03	1.115788e+01
3.209000e-05	1.279390e-04	1.129328e+01
3.210000e-05	4.847980e-03	1.142242e+01
3.211000e-05	2.824549e-03	1.146729e+01
3.212000e-05	1.519720e-03	1.167065e+01
3.213000e-05	2.805407e-04	1.176646e+01
3.214000e-05	1.316004e-03	1.187007e+01
3.215000e-05	-1.877615e-03	1.193531e+01
3.216000e-05	-1.329373e-03	1.199889e+01
3.217000e-05	1.741741e-04	1.211516e+01
3.218000e-05	3.531426e-03	1.219945e+01
3.219000e-05	4.048600e-03	1.226110e+01
3.220000e-05	2.321295e-03	1.228426e+01
3.221000e-05	4.029048e-05	1.236739e+01
3.222000e-05	9.390815e-04	1.246112e+01
3.223000e-05	-1.729394e-03	1.252478e+01
3.224000e-05	-1.086969e-03	1.254631e+01
3.225000e-05	6.642142e-04	1.258744e+01
3.226000e-05	3.315634e-03	1.261154e+01
3.227000e-05	3.262412e-03	1.268258e+01
3.228000e-05	2.253753e-03	1.270213e+01
3.229000e-05	-1.658158e-04	1.273516e+01
3.230000e-05	8.475274e-04	1.274471e+01
3.231000e-05	1.170652e-04	1.275629e+01
3.232000e-05	1.850629e-03	1.275689e+01
3.233000e-05	1.903764e-03	1.275687e+01
3.234000e-05	3.610998e-03	1.274734e+01
3.235000e-05	4.616562e-03	1.275788e+01
3.236000e-05	1.536719e-03	1.273739e+01
3.237000e-05	1.239699e-03	1.273731e+01
3.238000e-05	1.294204e-03	1.272583e+01
3.239000e-05	3.062911e-03	1.272578e+01
3.240000e-05	2.870891e-03	1.269265e+01
3.241000e-05	3.108737e-03	1.266262e+01
3.242000e-05	4.011722e-03	1.262157e+01
3.243000e-05	5.170709e-03	1.262049e+01
3.244000e-05	6.130779e-03	1.258739e+01
3.245000e-05	3.312924e-03	1.253681e+01
3.246000e-05	5.670773e-03	1.248368e+01
3.247000e-05	5.380511e-03	1.241045e+01
3.248000e-05	4.874014e-03	1.236726e+01
3.249000e-05	5.110681e-03	1.230460e+01
3.250000e-05	7.658181e-03	1.224110e+01
3.251000e-05	9.668636e-03	1.216531e+01
3.252000e-05	1.000057e-02	1.205315e+01
3.253000e-05	1.032575e-02	1.197847e+01
3.254000e-05	1.144633e-02	1.191213e+01
3.255000e-05	1.288172e-02	1.181944e+01
3.256000e-05	1.532282e-02	1.171581e+01
3.257000e-05	1.383688e-02	1.163032e+01
3.258000e-05	1.667992e-02	1.147316e+01
3.259000e-05	1.819294e-02	1.135692e+01
3.260000e-05	2.251292e-02	1.125094e+01
3.261000e-05	2.296324e-02	1.113578e+01
3.262000e-05	2.522132e-02	1.102849e+01
3.263000e-05	2.472527e-02	1.091328e+01
3.264000e-05	2.643589e-02	1.077939e+01
3.265000e-05	2.386433e-02	1.067245e+01
3.266000e-05	2.531099e-02	1.051256e+01
3.267000e-05	2.486812e-02	1.031738e+01
3.268000e-05	2.490279e-02	1.026999e+01
3.269000e-05	2.255432e-02	1.005223e+01
3.270000e-05	2.085240e-02	9.935231e+00
3.271000e-05	1.936465e-02	9.767816e+00
3.272000e-05	1.727705e-02	9.579438e+00
3.273000e-05	1.606370e-02	9.452522e+00
3.274000e-05	1.345215e-02	9.283652e+00
3.275000e-05	1.308029e-02	9.107306e+00
3.276000e-05	1.132137e-02	8.956312e+00
3.277000e-05	9.359515e-03	8.767886e+00
3.278000e-05	8.201131e-03	8.619493e+00
3.279000e-05	7.669809e-03	8.443614e+00
3.280000e-05	6.183888e-03	8.302074e+00
3.281000e-05	4.683897e-03	8.053597e+00
3.282000e-05	4.346069e-03	7.882097e+00
3.283000e-05	2.748762e-03	7.724173e+00
3.284000e-05	2.677597e-03	7.484150e+00
3.285000e-05	1.769125e-03	7.272192e+00
3.286000e-05	7.373079e-04	7.062144e+00
3.287000e-05	1.246457e-03	6.853170e+00
3.288000e-05	-1.068906e-04	6.683570e+00
3.289000e-05	-6.952997e-04	6.439591e+00
3.290000e-05	-9.318922e-04	6.242065e+00
3.291000e-05	-1.978242e-03	6.062090e+00
3.292000e-05	-1.446729e-03	5.862666e+00
3.293000e-05	-1.841883e-03	5.600436e+00
3.294000e-05	-2.065915e-03	5.438562e+00
3.295000e-05	-1.852656e-03	5.170435e+00
3.296000e-05	-1.892955e-03	4.871693e+00
3.297000e-05	-2.225654e-03	4.672640e+00
3.298000e-05	-2.935433e-03	4.442590e+00
3.299000e-05	-3.364032e-03	4.252089e+00
3.300000e-05	-3.397156e-03	3.968405e+00
3.301000e-05	-3.316600e-03	3.789976e+00
3.302000e-05	-2.694017e-03	3.589902e+00
3.303000e-05	-3.436954e-03	3.305247e+00
3.304000e-05	-3.370757e-03	3.113192e+00
3.305000e-05	-4.385903e-03	2.873088e+00
3.306000e-05	-3.245516e-03	2.663139e+00
3.307000e-05	-3.662456e-03	2.388851e+00
3.308000e-05	-4.678067e-03	2.177826e+00
3.309000e-05	-4.797474e-03	1.948376e+00
3.310000e-05	-4.321753e-03	1.695216e+00
3.311000e-05	-4.440115e-03	1.452088e+00
3.312000e-05	-4.001582e-03	1.220459e+00
3.313000e-05	-4.965913e-03	9.272456e-01
3.314000e-05	-4.021217e-03	6.951368e-01
3.315000e-05	-4.540796e-03	4.535842e-01
3.316000e-05	-2.890888e-03	2.434862e-01
3.317000e-05	-3.469447e-03	-1.109394e-02
3.318000e-05	2.723780e-03	-2.311319e-01
3.319000e-05	-7.190156e-04	-4.506041e-01
3.320000e-05	-2.059208e-03	-6.963384e-01
3.321000e-05	-3.578867e-03	-8.847608e-01
3.322000e-05	-2.971663e-03	-1.094741e+00
3.323000e-05	-2.750201e-03	-1.318372e+00
3.324000e-05	-3.280879e-04	-1.609480e+00
3.325000e-05	3.398110e-02	-1.757472e+00
3.326000e-05	7.506740e-02	-1.989473e+00
3.327000e-05	-4.728866e-02	-2.365894e+00
3.328000e-05	-4.028123e-02	-2.673134e+00
3.329000e-05	-4.625091e-02	-2.853134e+00
3.330000e-05	-4.578230e-02	-3.145845e+00
3.331000e-05	1.251037e-02	-3.272186e+00
3.332000e-05	9.800610e-02	-3.429480e+00
3.333000e-05	-1.398938e-01	-3.662684e+00
3.334000e-05	1.236201e-01	-3.875192e+00
3.335000e-05	2.551446e-02	-4.092686e+00
3.336000e-05	-7.678465e-02	-4.356801e+00
3.337000e-05	7.001973e-02	-4.513816e+00
3.338000e-05	-1.479766e-01	-4.736954e+00
3.339000e-05	6.961784e-02	-5.010579e+00
3.340000e-05	4.237015e-02	-5.186925e+00
3.341000e-05	-5.832247e-02	-5.536896e+00
3.342000e-05	7.173319e-02	-5.714242e+00
3.343000e-05	-7.841913e-02	-5.916775e+00
3.344000e-05	3.658214e-02	-6.136875e+00
3.345000e-05	2.278614e-03	-6.326926e+00
3.346000e-05	-8.152053e-02	-6.606909e+00
3.347000e-05	8.316682e-02	-6.767851e+00
3.348000e-05	-6.103513e-02	-6.990060e+00
3.349000e-05	8.369779e-02	-7.251633e+00
3.350000e-05	-7.608186e-02	-7.399481e+00
3.351000e-05	-1.546340e-02	-7.631068e+00
3.352000e-05	4.692243e-02	-7.850966e+00
3.353000e-05	-5.460932e-02	-8.053617e+00
3.354000e-05	5.361131e-02	-8.198963e+00
3.355000e-05	-6.828397e-02	-8.396887e+00
3.356000e-05	6.154519e-02	-8.599962e+00
3.357000e-05	-2.756574e-02	-8.756936e+00
3.358000e-05	-1.361257e-02	-8.956406e+00
3.359000e-05	-8.668939e-03	-9.124294e+00
3.360000e-05	-1.932613e-02	-9.283644e+00
3.361000e-05	4.228286e-02	-9.470620e+00
3.362000e-05	-4.451906e-02	-9.629013e+00
3.363000e-05	2.087646e-02	-9.758384e+00
3.364000e-05	-2.390839e-02	-9.894276e+00
3.365000e-05	1.806930e-02	-1.006310e+01
3.366000e-05	-2.263451e-02	-1.023004e+01
3.367000e-05	-1.370701e-02	-1.040696e+01
3.368000e-05	4.338910e-03	-1.050428e+01
3.369000e-05	-3.185076e-03	-1.065214e+01
3.370000e-05	5.152967e-03	-1.073790e+01
3.371000e-05	-2.653854e-02	-1.091415e+01
3.372000e-05	8.588652e-03	-1.105999e+01
3.373000e-05	-9.888452e-03	-1.110486e+01
3.374000e-05	2.973587e-03	-1.131373e+01
3.375000e-05	-2.352497e-02	-1.139739e+01
3.376000e-05	1.950285e-03	-1.154426e+01
3.377000e-05	-1.221331e-03	-1.163789e+01
3.378000e-05	-1.368358e-03	-1.176544e+01
3.379000e-05	-1.288221e-02	-1.184250e+01
3.380000e-05	-1.034227e-02	-1.196794e+01
3.381000e-05	2.050536e-03	-1.205305e+01
3.382000e-05	-9.409273e-03	-1.214636e+01
3.383000e-05	-6.678374e-03	-1.222001e+01
3.384000e-05	-1.157211e-02	-1.228462e+01
3.385000e-05	4.985535e-03	-1.234783e+01
3.386000e-05	-8.346967e-03	-1.241955e+01
3.387000e-05	-8.655242e-03	-1.250258e+01
3.388000e-05	-1.319283e-02	-1.250628e+01
3.389000e-05	-2.335292e-03	-1.259895e+01
3.390000e-05	-4.927722e-03	-1.262060e+01
3.391000e-05	-1.071757e-02	-1.271268e+01
3.392000e-05	-8.207380e-03	-1.271528e+01
3.393000e-05	-5.030114e-03	-1.275896e+01
3.394000e-05	-3.937214e-03	-1.283844e+01
3.395000e-05	-1.154099e-02	-1.283042e+01
3.396000e-05	-1.081770e-02	-1.285857e+01
3.397000e-05	-5.163268e-03	-1.286217e+01
3.398000e-05	-4.175426e-03	-1.289327e+01
3.399000e-05	-1.033038e-02	-1.290373e+01
3.400000e-05	-1.184946e-02	-1.291165e+01
3.401000e-05	-8.218633e-03	-1.289480e+01
3.402000e-05	-5.841277e-03	-1.291260e+01
3.403000e-05	-1.092775e-02	-1.285962e+01
3.404000e-05	-1.160609e-02	-1.284265e+01
3.405000e-05	-8.604867e-03	-1.285100e+01
3.406000e-05	-5.578179e-03	-1.284111e+01
3.407000e-05	-1.051858e-02	-1.276836e+01
3.408000e-05	-1.377192e-02	-1.275476e+01
3.409000e-05	-1.080663e-02	-1.267425e+01
3.410000e-05	-9.098303e-03	-1.265365e+01
3.411000e-05	-1.105549e-02	-1.260852e+01
3.412000e-05	-1.440835e-02	-1.254636e+01
3.413000e-05	-1.247569e-02	-1.251308e+01
3.414000e-05	-1.156150e-02	-1.243960e+01
3.415000e-05	-1.234456e-02	-1.236686e+01
3.416000e-05	-1.665026e-02	-1.230165e+01
3.417000e-05	-1.647359e-02	-1.223049e+01
3.418000e-05	-1.430593e-02	-1.215633e+01
3.419000e-05	-1.622041e-02	-1.206258e+01
3.420000e-05	-2.032451e-02	-1.202691e+01
3.421000e-05	-2.118614e-02	-1.186318e+01
3.422000e-05	-2.026305e-02	-1.179792e+01
3.423000e-05	-2.140647e-02	-1.166092e+01
3.424000e-05	-2.560326e-02	-1.152489e+01
3.425000e-05	-2.717942e-02	-1.140952e+01
3.426000e-05	-2.730003e-02	-1.123363e+01
3.427000e-05	-2.832681e-02	-1.122734e+01
3.428000e-05	-3.236726e-02	-1.101941e+01
3.429000e-05	-3.395593e-02	-1.091480e+01
3.430000e-05	-3.273404e-02	-1.079843e+01
3.431000e-05	-3.188107e-02	-1.067317e+01
3.432000e-05	-3.282648e-02	-1.056833e+01
3.433000e-05	-3.373456e-02	-1.044842e+01
3.434000e-05	-3.101135e-02	-1.030320e+01
3.435000e-05	-2.879664e-02	-1.011320e+01
3.436000e-05	-2.884563e-02	-9.935328e+00
3.437000e-05	-2.824533e-02	-9.820036e+00
3.438000e-05	-2.572167e-02	-9.653201e+00
3.439000e-05	-2.269479e-02	-9.515754e+00
3.440000e-05	-2.276711e-02	-9.324257e+00
3.441000e-05	-2.155159e-02	-9.177933e+00
3.442000e-05	-1.981864e-02	-8.989091e+00
3.443000e-05	-1.799479e-02	-8.844116e+00
3.444000e-05	-1.536907e-02	-8.640598e+00
3.445000e-05	-1.665356e-02	-8.501696e+00
3.446000e-05	-1.396942e-02	-8.284300e+00
3.447000e-05	-1.239767e-02	-8.136827e+00
3.448000e-05	-1.208339e-02	-7.946303e+00
3.449000e-05	-1.265983e-02	-7.725254e+00
3.450000e-05	-1.147748e-02	-7.515728e+00
3.451000e-05	-1.032678e-02	-7.325797e+00
3.452000e-05	-9.668089e-03	-7.126748e+00
3.453000e-05	-1.023706e-02	-6.882694e+00
3.454000e-05	-9.030665e-03	-6.703719e+00
3.455000e-05	-7.777590e-03	-6.496222e+00
3.456000e-05	-7.895872e-03	-6.305797e+00
3.457000e-05	-7.746165e-03	-6.083088e+00
3.458000e-05	-8.005794e-03	-5.864186e+00
3.459000e-05	-6.913085e-03	-5.672138e+00
3.460000e-05	-6.879023e-03	-5.451065e+00
3.461000e-05	-7.227324e-03	-5.197904e+00
3.462000e-05	-7.845146e-03	-4.967250e+00
3.463000e-05	-4.906518e-03	-4.651586e+00
3.464000e-05	-6.201393e-03	-4.453659e+00
3.465000e-05	-5.620859e-03	-4.262743e+00
3.466000e-05	-7.132695e-03	-4.081637e+00
3.467000e-05	-4.226301e-03	-3.871064e+00
3.468000e-05	-5.888302e-03	-3.598980e+00
3.469000e-05	-5.657050e-03	-3.389980e+00
3.470000e-05	-7.211168e-03	-3.137902e+00
3.471000e-05	-5.110720e-03	-2.874289e+00
3.472000e-05	-5.792096e-03	-2.683689e+00
3.473000e-05	-4.970544e-03	-2.463683e+00
3.474000e-05	-4.452841e-03	-2.220984e+00
3.475000e-05	-3.626080e-03	-1.968449e+00
3.476000e-05	-3.408632e-03	-1.757448e+00
3.477000e-05	-5.226992e-03	-1.527272e+00
3.478000e-05	-6.080462e-03	-1.230679e+00
3.479000e-05	-4.917474e-03	-9.694761e-01
3.480000e-05	-4.380123e-03	-7.798724e-01
3.481000e-05	-4.955875e-03	-5.133130e-01
3.482000e-05	-3.199769e-03	-2.937103e-01
3.483000e-05	-1.348135e-03	-6.363402e-02
3.484000e-05	5.670829e-03	1.474697e-01
3.485000e-05	-2.011277e-03	4.205063e-01
3.486000e-05	8.357852e-04	5.900515e-01
3.487000e-05	-3.254678e-03	8.000828e-01
3.488000e-05	3.615657e-04	1.073761e+00
3.489000e-05	-1.347593e-03	1.325291e+00
3.490000e-05	-6.919100e-04	1.558429e+00
3.491000e-05	1.803589e-02	1.830531e+00
3.492000e-05	5.880188e-02	2.010604e+00
3.493000e-05	2.067324e-02	2.264261e+00
3.494000e-05	-5.824120e-02	2.537351e+00
3.495000e-05	-4.399152e-02	2.810008e+00
3.496000e-05	-1.956398e-02	3.030533e+00
3.497000e-05	-3.749189e-02	3.197450e+00
3.498000e-05	-2.565658e-04	3.305822e+00
3.499000e-05	7.437197e-02	3.599026e+00
3.500000e-05	-8.377282e-02	3.759979e+00
3.501000e-05	9.902543e-02	3.989029e+00
3.502000e-05	1.074719e-02	4.272638e+00
3.503000e-05	-5.735257e-02	4.462716e+00
3.504000e-05	3.596027e-02	4.693768e+00
3.505000e-05	-6.240013e-02	4.926430e+00
3.506000e-05	3.742627e-02	5.209510e+00
3.507000e-05	4.602098e-03	5.472637e+00
3.508000e-05	-1.524538e-02	5.643742e+00
3.509000e-05	3.028194e-02	5.914222e+00
3.510000e-05	-1.500099e-02	6.114921e+00
3.511000e-05	-7.596373e-03	6.326275e+00
3.512000e-05	-5.544425e-03	6.535249e+00
3.513000e-05	2.737293e-03	6.765852e+00
3.514000e-05	1.546189e-02	6.934282e+00
3.515000e-05	-2.275712e-02	7.176454e+00
3.516000e-05	3.371403e-02	7.336404e+00
3.517000e-05	-2.916392e-02	7.578910e+00
3.518000e-05	2.488566e-03	7.778382e+00
3.519000e-05	6.696787e-03	8.009916e+00
3.520000e-05	-8.867724e-03	8.210059e+00
3.521000e-05	1.908643e-02	8.366410e+00
3.522000e-05	-1.059920e-02	8.506903e+00
3.523000e-05	1.407735e-02	8.696225e+00
3.524000e-05	-1.838528e-02	8.842097e+00
3.525000e-05	7.700476e-03	9.021620e+00
3.526000e-05	-7.586563e-03	9.199465e+00
3.527000e-05	4.645894e-04	9.367958e+00
3.528000e-05	7.563361e-03	9.526754e+00
3.529000e-05	1.037110e-03	9.682625e+00
3.530000e-05	6.757317e-03	9.830697e+00
3.531000e-05	-5.384982e-03	1.000902e+01
3.532000e-05	1.672599e-04	1.015589e+01
3.533000e-05	-6.239718e-03	1.029223e+01
3.534000e-05	2.973452e-03	1.039957e+01
3.535000e-05	-8.295794e-04	1.057636e+01
3.536000e-05	3.593607e-03	1.071488e+01
3.537000e-05	4.272004e-03	1.083207e+01
3.538000e-05	2.190313e-03	1.097839e+01
3.539000e-05	-7.298873e-04	1.110368e+01
3.540000e-05	-3.312855e-03	1.117844e+01
3.541000e-05	-3.920933e-04	1.132618e+01
3.542000e-05	-6.246452e-04	1.143058e+01
3.543000e-05	2.698624e-03	1.156584e+01
3.544000e-05	7.627105e-04	1.167070e+01
3.545000e-05	3.779414e-03	1.175834e+01
3.546000e-05	1.100274e-03	1.188260e+01
3.547000e-05	1.046092e-03	1.195786e+01
3.548000e-05	-1.328019e-03	1.202157e+01
3.549000e-05	-5.278540e-05	1.214681e+01
3.550000e-05	2.496737e-04	1.217997e+01
3.551000e-05	1.725724e-03	1.225060e+01
3.552000e-05	2.296098e-03	1.232531e+01
3.553000e-05	1.074741e-03	1.242004e+01
3.554000e-05	2.014201e-03	1.250160e+01
3.555000e-05	3.137255e-04	1.255431e+01
3.556000e-05	1.030697e-03	1.255681e+01
3.557000e-05	4.959428e-04	1.258904e+01
3.558000e-05	1.317662e-03	1.264052e+01
3.559000e-05	2.692316e-03	1.268363e+01
3.560000e-05	1.684511e-03	1.270220e+01
3.561000e-05	1.546192e-03	1.270523e+01
3.562000e-05	2.135288e-03	1.271431e+01
3.563000e-05	2.256162e-03	1.272633e+01
3.564000e-05	8.092086e-04	1.274691e+01
3.565000e-05	1.095459e-03	1.273736e+01
3.566000e-05	2.935272e-03	1.277636e+01
3.567000e-05	3.434164e-03	1.275836e+01
3.568000e-05	2.623709e-03	1.272739e+01
3.569000e-05	1.339478e-03	1.273579e+01
3.570000e-05	2.745593e-03	1.272578e+01
3.571000e-05	3.444124e-03	1.270476e+01
3.572000e-05	3.806563e-03	1.269420e+01
3.573000e-05	2.331072e-03	1.266250e+01
3.574000e-05	4.950520e-03	1.263950e+01
3.575000e-05	4.223762e-03	1.257041e+01
3.576000e-05	5.671102e-03	1.254689e+01
3.577000e-05	4.145675e-03	1.251518e+01
3.578000e-05	5.495570e-03	1.247262e+01
3.579000e-05	6.314439e-03	1.242040e+01
3.580000e-05	6.006538e-03	1.232780e+01
3.581000e-05	5.664485e-03	1.225525e+01
3.582000e-05	7.051836e-03	1.221842e+01
3.583000e-05	9.126759e-03	1.214576e+01
3.584000e-05	9.007554e-03	1.203055e+01
3.585000e-05	1.000294e-02	1.197784e+01
3.586000e-05	1.209084e-02	1.184212e+01
3.587000e-05	1.446867e-02	1.182839e+01
3.588000e-05	1.657695e-02	1.169267e+01
3.589000e-05	1.479306e-02	1.158737e+01
3.590000e-05	1.830361e-02	1.143153e+01
3.591000e-05	1.945737e-02	1.132469e+01
3.592000e-05	2.282137e-02	1.122989e+01
3.593000e-05	2.126241e-02	1.110365e+01
3.594000e-05	2.509976e-02	1.099841e+01
3.595000e-05	2.462377e-02	1.086315e+01
3.596000e-05	2.677734e-02	1.075628e+01
3.597000e-05	2.446342e-02	1.059997e+01
3.598000e-05	2.558435e-02	1.047053e+01
3.599000e-05	2.498590e-02	1.030573e+01
3.600000e-05	2.424269e-02	1.015932e+01
3.601000e-05	2.280851e-02	1.003097e+01
3.602000e-05	2.014253e-02	9.885148e+00
3.603000e-05	1.957029e-02	9.763733e+00
3.604000e-05	1.670332e-02	9.546309e+00
3.605000e-05	1.594779e-02	9.409864e+00
3.606000e-05	1.256352e-02	9.282144e+00
3.607000e-05	1.244463e-02	9.103249e+00
3.608000e-05	1.103302e-02	8.925257e+00
3.609000e-05	1.079179e-02	8.736775e+00
3.610000e-05	7.852594e-03	8.597806e+00
3.611000e-05	7.353643e-03	8.388909e+00
3.612000e-05	5.748019e-03	8.249515e+00
3.613000e-05	5.127565e-03	8.038439e+00
3.614000e-05	2.682803e-03	7.840564e+00
3.615000e-05	3.253035e-03	7.652971e+00
3.616000e-05	1.828686e-03	7.449070e+00
3.617000e-05	2.863213e-03	7.200911e+00
3.618000e-05	7.886198e-04	7.020487e+00
3.619000e-05	5.783543e-04	6.810988e+00
3.620000e-05	-3.355629e-04	6.599040e+00
3.621000e-05	2.025107e-04	6.397957e+00
3.622000e-05	-1.528031e-03	6.199481e+00
3.623000e-05	-1.618210e-03	6.019984e+00
3.624000e-05	-1.055093e-03	5.839909e+00
3.625000e-05	-1.356539e-03	5.577910e+00
3.626000e-05	-1.802326e-03	5.335777e+00
3.627000e-05	-2.688570e-03	5.104676e+00
3.628000e-05	-2.430353e-03	4.801633e+00
3.629000e-05	-2.144515e-03	4.570455e+00
3.630000e-05	-2.733937e-03	4.409005e+00
3.631000e-05	-3.316449e-03	4.208780e+00
3.632000e-05	-3.406842e-03	3.937848e+00
3.633000e-05	-3.936801e-03	3.694721e+00
3.634000e-05	-3.342711e-03	3.506295e+00
3.635000e-05	-3.902430e-03	3.243059e+00
3.636000e-05	-4.406167e-03	3.031563e+00
3.637000e-05	-3.641053e-03	2.801509e+00
3.638000e-05	-4.147279e-03	2.618928e+00
3.639000e-05	-4.861123e-03	2.326798e+00
3.640000e-05	-4.227496e-03	2.095216e+00
3.641000e-05	-3.951090e-03	1.925739e+00
3.642000e-05	-4.235797e-03	1.630035e+00
3.643000e-05	-4.480965e-03	1.370978e+00
3.644000e-05	-4.912898e-03	1.168816e+00
3.645000e-05	-4.639808e-03	8.425777e-01
3.646000e-05	-4.488010e-03	6.225287e-01
3.647000e-05	-4.181997e-03	4.000523e-01
3.648000e-05	-4.451511e-03	1.574695e-01
3.649000e-05	-3.198376e-03	-6.370821e-02
3.650000e-05	4.461140e-03	-2.952609e-01
3.651000e-05	-2.615284e-03	-4.737616e-01
3.652000e-05	-6.748200e-04	-7.489236e-01
3.653000e-05	-5.665403e-03	-9.569172e-01
3.654000e-05	-4.845450e-04	-1.157474e+00
3.655000e-05	-2.833722e-03	-1.400579e+00
3.656000e-05	3.341032e-03	-1.653105e+00
3.657000e-05	5.071217e-02	-1.822079e+00
3.658000e-05	5.667795e-02	-2.081659e+00
3.659000e-05	-6.121051e-02	-2.442084e+00
3.660000e-05	-3.739080e-02	-2.746290e+00
3.661000e-05	-4.660941e-02	-2.906866e+00
3.662000e-05	-4.957713e-02	-3.157376e+00
3.663000e-05	6.589630e-02	-3.313239e+00
3.664000e-05	3.897479e-02	-3.452063e+00
3.665000e-05	-1.284462e-01	-3.715795e+00
3.666000e-05	1.742391e-01	-3.946241e+00
3.667000e-05	-5.515030e-02	-4.097471e+00
3.668000e-05	-1.501496e-02	-4.387479e+00
3.669000e-05	2.124900e-02	-4.556900e+00
3.670000e-05	-1.410739e-01	-4.862687e+00
3.671000e-05	1.238493e-01	-5.052710e+00
3.672000e-05	-2.243384e-02	-5.243192e+00
3.673000e-05	-1.601039e-02	-5.599900e+00
3.674000e-05	4.563420e-02	-5.736953e+00
3.675000e-05	-8.450871e-02	-5.968957e+00
3.676000e-05	7.549407e-02	-6.208532e+00
3.677000e-05	-5.821375e-02	-6.419056e+00
3.678000e-05	-2.679709e-02	-6.602063e+00
3.679000e-05	5.612475e-02	-6.798985e+00
3.680000e-05	-4.719356e-02	-7.092718e+00
3.681000e-05	8.501088e-02	-7.273688e+00
3.682000e-05	-1.170260e-01	-7.433664e+00
3.683000e-05	4.642593e-02	-7.673224e+00
3.684000e-05	-2.041528e-03	-7.914199e+00
3.685000e-05	-1.938061e-02	-8.105324e+00
3.686000e-05	2.686458e-02	-8.232241e+00
3.687000e-05	-5.812695e-02	-8.430612e+00
3.688000e-05	7.225711e-02	-8.651594e+00
3.689000e-05	-5.524083e-02	-8.821163e+00
3.690000e-05	1.271909e-02	-9.018957e+00
3.691000e-05	-3.327092e-02	-9.115348e+00
3.692000e-05	1.206054e-02	-9.335680e+00
3.693000e-05	1.818507e-02	-9.472727e+00
3.694000e-05	-3.601495e-02	-9.673167e+00
3.695000e-05	1.881586e-02	-9.807410e+00
3.696000e-05	-2.495168e-02	-9.956351e+00
3.697000e-05	2.349147e-02	-1.009562e+01
3.698000e-05	-3.640035e-02	-1.026170e+01
3.699000e-05	2.370793e-03	-1.044952e+01
3.700000e-05	-5.984427e-03	-1.055735e+01
3.701000e-05	8.091589e-03	-1.067375e+01
3.702000e-05	-7.122925e-03	-1.076738e+01
3.703000e-05	-1.862298e-02	-1.091376e+01
3.704000e-05	6.485318e-03	-1.104154e+01
3.705000e-05	-8.692278e-03	-1.119894e+01
3.706000e-05	-3.032230e-04	-1.131323e+01
3.707000e-05	-2.454752e-02	-1.144147e+01
3.708000e-05	7.346693e-03	-1.156638e+01
3.709000e-05	-5.404372e-03	-1.163965e+01
3.710000e-05	-8.359910e-04	-1.177641e+01
3.711000e-05	-1.716287e-02	-1.186267e+01
3.712000e-05	-2.511591e-03	-1.199794e+01
3.713000e-05	-1.331342e-03	-1.206315e+01
3.714000e-05	-7.548766e-03	-1.216786e+01
3.715000e-05	-1.083711e-02	-1.222204e+01
3.716000e-05	-7.954469e-03	-1.230178e+01
3.717000e-05	2.360106e-03	-1.232794e+01
3.718000e-05	-9.852024e-03	-1.241053e+01
3.719000e-05	-8.846250e-03	-1.249358e+01
3.720000e-05	-1.214306e-02	-1.254676e+01
3.721000e-05	-1.229820e-04	-1.261095e+01
3.722000e-05	-7.030789e-03	-1.262102e+01
3.723000e-05	-9.290843e-03	-1.270271e+01
3.724000e-05	-7.824443e-03	-1.272526e+01
3.725000e-05	-3.418311e-03	-1.280741e+01
3.726000e-05	-6.743156e-03	-1.281747e+01
3.727000e-05	-1.234283e-02	-1.281997e+01
3.728000e-05	-9.431001e-03	-1.286060e+01
3.729000e-05	-3.026127e-03	-1.290170e+01
3.730000e-05	-5.882303e-03	-1.287072e+01
3.731000e-05	-1.097400e-02	-1.288318e+01
3.732000e-05	-1.118723e-02	-1.291515e+01
3.733000e-05	-6.625625e-03	-1.285418e+01
3.734000e-05	-7.056816e-03	-1.288218e+01
3.735000e-05	-1.221824e-02	-1.285068e+01
3.736000e-05	-1.040491e-02	-1.282165e+01
3.737000e-05	-7.418604e-03	-1.283907e+01
3.738000e-05	-6.619388e-03	-1.280694e+01
3.739000e-05	-1.243967e-02	-1.277731e+01
3.740000e-05	-1.372693e-02	-1.269376e+01
3.741000e-05	-9.944446e-03	-1.267220e+01
3.742000e-05	-9.066571e-03	-1.265148e+01
3.743000e-05	-1.239382e-02	-1.257894e+01
3.744000e-05	-1.408137e-02	-1.252678e+01
3.745000e-05	-1.123558e-02	-1.250150e+01
3.746000e-05	-1.119128e-02	-1.235842e+01
3.747000e-05	-1.440687e-02	-1.232533e+01
3.748000e-05	-1.781873e-02	-1.227320e+01
3.749000e-05	-1.523442e-02	-1.220947e+01
3.750000e-05	-1.401650e-02	-1.212683e+01
3.751000e-05	-1.680670e-02	-1.205955e+01
3.752000e-05	-2.071072e-02	-1.194731e+01
3.753000e-05	-2.095247e-02	-1.184253e+01
3.754000e-05	-1.949640e-02	-1.175684e+01
3.755000e-05	-2.263671e-02	-1.162944e+01
3.756000e-05	-2.688340e-02	-1.150526e+01
3.757000e-05	-2.773768e-02	-1.141834e+01
3.758000e-05	-2.747921e-02	-1.124125e+01
3.759000e-05	-2.891090e-02	-1.112673e+01
3.760000e-05	-3.274057e-02	-1.097786e+01
3.761000e-05	-3.373150e-02	-1.086313e+01
3.762000e-05	-3.156984e-02	-1.076785e+01
3.763000e-05	-3.202815e-02	-1.067065e+01
3.764000e-05	-3.260756e-02	-1.054678e+01
3.765000e-05	-3.379439e-02	-1.033094e+01
3.766000e-05	-3.003479e-02	-1.021205e+01
3.767000e-05	-2.873257e-02	-1.006110e+01
3.768000e-05	-2.952491e-02	-9.905277e+00
3.769000e-05	-2.794281e-02	-9.787389e+00
3.770000e-05	-2.465566e-02	-9.673043e+00
3.771000e-05	-2.190148e-02	-9.471123e+00
3.772000e-05	-2.191671e-02	-9.294673e+00
3.773000e-05	-2.189058e-02	-9.126328e+00
3.774000e-05	-1.875348e-02	-9.018928e+00
3.775000e-05	-1.629769e-02	-8.819939e+00
3.776000e-05	-1.679401e-02	-8.628969e+00
3.777000e-05	-1.643798e-02	-8.410957e+00
3.778000e-05	-1.373364e-02	-8.262644e+00
3.779000e-05	-1.144808e-02	-8.073695e+00
3.780000e-05	-1.226487e-02	-7.863723e+00
3.781000e-05	-1.224055e-02	-7.674016e+00
3.782000e-05	-1.138907e-02	-7.461565e+00
3.783000e-05	-9.408974e-03	-7.282640e+00
3.784000e-05	-9.479965e-03	-7.072642e+00
3.785000e-05	-1.011552e-02	-6.851513e+00
3.786000e-05	-9.298747e-03	-6.651990e+00
3.787000e-05	-7.013193e-03	-6.443140e+00
3.788000e-05	-7.900214e-03	-6.233588e+00
3.789000e-05	-8.051013e-03	-6.010434e+00
3.790000e-05	-8.113060e-03	-5.820960e+00
3.791000e-05	-6.176558e-03	-5.611034e+00
3.792000e-05	-6.093873e-03	-5.355898e+00
3.793000e-05	-7.363019e-03	-5.106273e+00
3.794000e-05	-7.711066e-03	-4.894090e+00
3.795000e-05	-5.338418e-03	-4.571061e+00
3.796000e-05	-6.306015e-03	-4.422080e+00
3.797000e-05	-5.824994e-03	-4.240111e+00
3.798000e-05	-7.482179e-03	-4.021108e+00
3.799000e-05	-4.162284e-03	-3.798456e+00
3.800000e-05	-5.543249e-03	-3.567850e+00
3.801000e-05	-4.942507e-03	-3.305864e+00
3.802000e-05	-7.817795e-03	-3.084793e+00
3.803000e-05	-4.249845e-03	-2.842611e+00
3.804000e-05	-5.493669e-03	-2.622031e+00
3.805000e-05	-3.649152e-03	-2.400003e+00
3.806000e-05	-6.993230e-03	-2.156794e+00
3.807000e-05	-3.560339e-03	-1.935794e+00
3.808000e-05	-4.434524e-03	-1.702169e+00
3.809000e-05	-4.347346e-03	-1.484213e+00
3.810000e-05	-6.480702e-03	-1.186844e+00
3.811000e-05	-4.956337e-03	-9.658433e-01
3.812000e-05	-3.997854e-03	-6.857892e-01
3.813000e-05	-3.670435e-03	-4.515813e-01
3.814000e-05	-3.608562e-03	-2.009763e-01
3.815000e-05	1.033355e-04	-1.150138e-02
3.816000e-05	6.192701e-03	2.741318e-01
3.817000e-05	-1.981084e-03	4.526330e-01
3.818000e-05	2.508749e-04	6.856905e-01
3.819000e-05	-4.450261e-03	8.946843e-01
3.820000e-05	1.227582e-03	1.136395e+00
3.821000e-05	-4.517118e-05	1.379475e+00
3.822000e-05	1.713143e-03	1.652160e+00
3.823000e-05	2.412448e-02	1.883236e+00
3.824000e-05	6.826015e-02	2.054163e+00
3.825000e-05	-1.193429e-02	2.356350e+00
3.826000e-05	-5.039670e-02	2.622608e+00
3.827000e-05	-4.482465e-02	2.844187e+00
3.828000e-05	-1.285035e-02	3.052059e+00
3.829000e-05	-4.535962e-02	3.229503e+00
3.830000e-05	3.296202e-02	3.361028e+00
3.831000e-05	4.584265e-02	3.641608e+00
3.832000e-05	-7.467652e-02	3.821959e+00
3.833000e-05	1.336514e-01	4.051064e+00
3.834000e-05	-4.651891e-02	4.323824e+00
3.835000e-05	-2.452001e-02	4.514798e+00
3.836000e-05	1.791998e-02	4.767399e+00
3.837000e-05	-5.627177e-02	5.030065e+00
3.838000e-05	5.597860e-02	5.232693e+00
3.839000e-05	-1.775882e-02	5.536745e+00
3.840000e-05	-4.970230e-05	5.735295e+00
3.841000e-05	2.377962e-02	5.968381e+00
3.842000e-05	-2.486506e-02	6.169378e+00
3.843000e-05	2.262268e-04	6.368425e+00
3.844000e-05	-1.275817e-02	6.576385e+00
3.845000e-05	1.441876e-02	6.818509e+00
3.846000e-05	5.429685e-03	6.988988e+00
3.847000e-05	-1.082648e-02	7.170515e+00
3.848000e-05	2.953108e-02	7.359412e+00
3.849000e-05	-3.918686e-02	7.631068e+00
3.850000e-05	1.831648e-02	7.811490e+00
3.851000e-05	-7.408532e-03	8.091095e+00
3.852000e-05	3.108806e-03	8.270668e+00
3.853000e-05	1.136629e-02	8.400508e+00
3.854000e-05	-6.429285e-03	8.558885e+00
3.855000e-05	1.076268e-02	8.756380e+00
3.856000e-05	-1.800980e-02	8.863728e+00
3.857000e-05	1.181307e-02	9.102651e+00
3.858000e-05	-1.218876e-02	9.272044e+00
3.859000e-05	6.398889e-03	9.399539e+00
3.860000e-05	2.613632e-03	9.577383e+00
3.861000e-05	3.290035e-03	9.736262e+00
3.862000e-05	5.572033e-03	9.893247e+00
3.863000e-05	-5.952163e-03	1.006265e+01
3.864000e-05	2.359116e-03	1.014941e+01
3.865000e-05	-5.983754e-03	1.031628e+01
3.866000e-05	5.380250e-03	1.044313e+01
3.867000e-05	-3.140453e-03	1.057957e+01
3.868000e-05	4.712051e-03	1.078489e+01
3.869000e-05	2.077885e-03	1.090265e+01
3.870000e-05	3.426398e-03	1.097899e+01
3.871000e-05	-1.849509e-03	1.110375e+01
3.872000e-05	-1.709971e-03	1.121903e+01
3.873000e-05	7.504746e-04	1.139837e+01
3.874000e-05	1.180584e-04	1.147148e+01
3.875000e-05	1.310591e-03	1.157944e+01
3.876000e-05	-9.158126e-04	1.171373e+01
3.877000e-05	3.434396e-03	1.184954e+01
3.878000e-05	1.067405e-03	1.189475e+01
3.879000e-05	-2.922672e-05	1.194636e+01
3.880000e-05	-9.466295e-04	1.206097e+01
3.881000e-05	1.166092e-03	1.214584e+01
3.882000e-05	3.485538e-03	1.221997e+01
3.883000e-05	6.153840e-04	1.227273e+01
3.884000e-05	6.471798e-04	1.236589e+01
3.885000e-05	-2.757767e-04	1.241910e+01
3.886000e-05	3.518232e-03	1.248365e+01
3.887000e-05	-5.868055e-04	1.252671e+01
3.888000e-05	5.622399e-04	1.253691e+01
3.889000e-05	6.550745e-04	1.260844e+01
3.890000e-05	3.513107e-03	1.266105e+01
3.891000e-05	3.053966e-03	1.266308e+01
3.892000e-05	-9.310905e-04	1.269525e+01
3.893000e-05	1.277855e-03	1.269478e+01
3.894000e-05	3.051850e-03	1.275634e+01
3.895000e-05	3.043108e-03	1.275681e+01
3.896000e-05	4.644634e-04	1.273636e+01
3.897000e-05	8.107383e-04	1.278594e+01
3.898000e-05	2.929039e-03	1.276689e+01
3.899000e-05	2.776238e-03	1.277641e+01
3.900000e-05	9.262041e-04	1.274734e+01
3.901000e-05	1.766237e-03	1.274636e+01
3.902000e-05	4.262113e-03	1.273481e+01
3.903000e-05	5.153514e-03	1.269473e+01
3.904000e-05	3.788340e-03	1.270171e+01
3.905000e-05	2.184951e-03	1.266157e+01
3.906000e-05	4.027813e-03	1.262905e+01
3.907000e-05	3.936267e-03	1.260834e+01
3.908000e-05	3.936211e-03	1.254689e+01
3.909000e-05	4.318263e-03	1.253420e+01
3.910000e-05	6.255485e-03	1.247200e+01
3.911000e-05	6.290285e-03	1.242989e+01
3.912000e-05	6.958471e-03	1.235776e+01
3.913000e-05	6.958050e-03	1.225210e+01
3.914000e-05	7.007011e-03	1.223094e+01
3.915000e-05	9.400073e-03	1.214471e+01
3.916000e-05	1.085204e-02	1.201994e+01
3.917000e-05	1.141930e-02	1.192381e+01
3.918000e-05	1.190751e-02	1.185312e+01
3.919000e-05	1.360961e-02	1.180634e+01
3.920000e-05	1.487539e-02	1.167205e+01
3.921000e-05	1.532892e-02	1.154729e+01
3.922000e-05	1.922232e-02	1.140097e+01
3.923000e-05	1.968721e-02	1.131363e+01
3.924000e-05	2.464155e-02	1.117789e+01
3.925000e-05	2.153768e-02	1.105115e+01
3.926000e-05	2.519199e-02	1.097685e+01
3.927000e-05	2.536145e-02	1.085952e+01
3.928000e-05	2.660046e-02	1.072521e+01
3.929000e-05	2.423635e-02	1.055741e+01
3.930000e-05	2.537801e-02	1.042997e+01
3.931000e-05	2.459353e-02	1.031268e+01
3.932000e-05	2.427571e-02	1.014584e+01
3.933000e-05	2.167414e-02	9.998944e+00
3.934000e-05	1.992778e-02	9.850096e+00
3.935000e-05	1.879000e-02	9.703073e+00
3.936000e-05	1.663819e-02	9.536301e+00
3.937000e-05	1.487939e-02	9.387883e+00
3.938000e-05	1.263199e-02	9.189938e+00
3.939000e-05	1.219697e-02	9.053047e+00
3.940000e-05	1.067241e-02	8.841125e+00
3.941000e-05	9.196119e-03	8.664126e+00
3.942000e-05	7.233219e-03	8.525851e+00
3.943000e-05	7.091975e-03	8.378409e+00
3.944000e-05	5.852919e-03	8.138362e+00
3.945000e-05	5.789668e-03	7.946830e+00
3.946000e-05	3.332905e-03	7.818935e+00
3.947000e-05	3.216504e-03	7.587936e+00
3.948000e-05	1.982918e-03	7.367852e+00
3.949000e-05	2.704921e-03	7.156330e+00
3.950000e-05	3.343664e-04	6.978429e+00
3.951000e-05	9.144458e-04	6.779405e+00
3.952000e-05	4.468940e-04	6.567432e+00
3.953000e-05	4.856425e-04	6.326876e+00
3.954000e-05	-8.613503e-04	6.136878e+00
3.955000e-05	-2.059340e-03	5.959902e+00
3.956000e-05	-5.973464e-04	5.746323e+00
3.957000e-05	-1.796410e-03	5.525769e+00
3.958000e-05	-1.649291e-03	5.285694e+00
3.959000e-05	-2.742535e-03	5.009894e+00
3.960000e-05	-6.603010e-04	4.748380e+00
3.961000e-05	-2.990229e-03	4.547426e+00
3.962000e-05	-1.530197e-03	4.358927e+00
3.963000e-05	-5.357327e-03	4.083218e+00
3.964000e-05	-1.412155e-03	3.892189e+00
3.965000e-05	-4.762893e-03	3.662663e+00
3.966000e-05	-2.215921e-03	3.481137e+00
3.967000e-05	-3.756291e-03	3.199950e+00
3.968000e-05	-1.521276e-03	2.977426e+00
3.969000e-05	-3.830180e-03	2.778430e+00
3.970000e-05	-4.659855e-03	2.513267e+00
3.971000e-05	-5.947044e-03	2.273613e+00
3.972000e-05	-5.682290e-03	2.051559e+00
3.973000e-05	-4.492129e-03	1.851477e+00
3.974000e-05	-3.123218e-03	1.568447e+00
3.975000e-05	-2.232390e-03	1.325794e+00
3.976000e-05	-2.757842e-03	1.073134e+00
3.977000e-05	-3.524978e-03	7.919760e-01
3.978000e-05	-6.105456e-03	5.784659e-01
3.979000e-05	-5.575944e-03	3.483471e-01
3.980000e-05	-5.545685e-03	5.568915e-02
3.981000e-05	-6.823886e-04	-1.763173e-01
3.982000e-05	5.082035e-03	-3.368922e-01
3.983000e-05	-2.375862e-03	-5.383690e-01
3.984000e-05	8.471576e-04	-8.219787e-01
3.985000e-05	-4.235851e-03	-1.049521e+00
3.986000e-05	-1.824154e-03	-1.250003e+00
3.987000e-05	-5.263637e-03	-1.464761e+00
3.988000e-05	7.719704e-03	-1.665212e+00
3.989000e-05	6.606764e-02	-1.854309e+00
3.990000e-05	2.359227e-02	-2.136395e+00
3.991000e-05	-5.933663e-02	-2.535843e+00
3.992000e-05	-3.829706e-02	-2.778000e+00
3.993000e-05	-4.388167e-02	-2.998007e+00
3.994000e-05	-4.693203e-02	-3.189476e+00
3.995000e-05	1.081138e-01	-3.314845e+00
3.996000e-05	-3.655913e-02	-3.506345e+00
3.997000e-05	-6.374791e-02	-3.787375e+00
3.998000e-05	1.666662e-01	-3.977900e+00
3.999000e-05	-1.061950e-01	-4.231558e+00
4.000000e-05	4.646209e-02	-4.411160e+00
4.001000e-05	-4.693024e-02	-4.631560e+00
4.002000e-05	-9.060874e-02	-4.915218e+00
4.003000e-05	1.341403e-01	-5.083692e+00
4.004000e-05	-6.655259e-02	-5.377329e+00
4.005000e-05	3.387498e-02	-5.652485e+00
4.006000e-05	1.094721e-03	-5.789957e+00
4.007000e-05	-6.015702e-02	-6.042035e+00
4.008000e-05	8.360132e-02	-6.281639e+00
4.009000e-05	-1.008192e-01	-6.484217e+00
4.010000e-05	3.486997e-02	-6.693244e+00
4.011000e-05	8.114346e-03	-6.832164e+00
4.012000e-05	-4.408659e-03	-7.125325e+00
4.013000e-05	4.833759e-02	-7.306194e+00
4.014000e-05	-1.167301e-01	-7.534801e+00
4.015000e-05	8.195358e-02	-7.705326e+00
4.016000e-05	-4.624381e-02	-7.966802e+00
4.017000e-05	2.374646e-02	-8.155830e+00
4.018000e-05	-1.231422e-02	-8.293298e+00
4.019000e-05	-2.127600e-02	-8.484146e+00
4.020000e-05	5.223130e-02	-8.692072e+00
4.021000e-05	-6.174254e-02	-8.892245e+00
4.022000e-05	2.488909e-02	-9.009561e+00
4.023000e-05	-4.624122e-02	-9.189385e+00
4.024000e-05	3.938942e-02	-9.358910e+00
4.025000e-05	-1.219296e-02	-9.544255e+00
4.026000e-05	-1.407684e-02	-9.695250e+00
4.027000e-05	6.114430e-03	-9.830068e+00
4.028000e-05	-1.481487e-02	-9.976914e+00
4.029000e-05	1.633780e-02	-1.015530e+01
4.030000e-05	-3.882987e-02	-1.031425e+01
4.031000e-05	1.111615e-02	-1.046159e+01
4.032000e-05	-1.174708e-02	-1.057939e+01
4.033000e-05	1.440315e-02	-1.072425e+01
4.034000e-05	-1.949733e-02	-1.080899e+01
4.035000e-05	-6.052861e-03	-1.095833e+01
4.036000e-05	7.022686e-04	-1.107165e+01
4.037000e-05	-4.330171e-03	-1.124912e+01
4.038000e-05	-8.270130e-03	-1.134428e+01
4.039000e-05	-1.864723e-02	-1.143955e+01
4.040000e-05	7.135305e-03	-1.157694e+01
4.041000e-05	-6.890853e-03	-1.171311e+01
4.042000e-05	-1.750904e-03	-1.180997e+01
4.043000e-05	-1.920916e-02	-1.189223e+01
4.044000e-05	2.736017e-03	-1.204807e+01
4.045000e-05	-5.745633e-03	-1.210420e+01
4.046000e-05	-5.963631e-03	-1.220539e+01
4.047000e-05	-1.315650e-02	-1.225062e+01
4.048000e-05	-3.252504e-03	-1.234475e+01
4.049000e-05	-1.663389e-04	-1.235743e+01
4.050000e-05	-1.035206e-02	-1.244003e+01
4.051000e-05	-1.064876e-02	-1.249413e+01
4.052000e-05	-9.478652e-03	-1.254694e+01
4.053000e-05	9.764055e-05	-1.263100e+01
4.054000e-05	-9.016881e-03	-1.266220e+01
4.055000e-05	-9.464676e-03	-1.267273e+01
4.056000e-05	-7.959025e-03	-1.271479e+01
4.057000e-05	-2.297285e-03	-1.285652e+01
4.058000e-05	-8.901150e-03	-1.280004e+01
4.059000e-05	-1.197733e-02	-1.282152e+01
4.060000e-05	-9.049077e-03	-1.291162e+01
4.061000e-05	-3.324954e-03	-1.289220e+01
4.062000e-05	-7.213908e-03	-1.290263e+01
4.063000e-05	-1.050837e-02	-1.288170e+01
4.064000e-05	-1.096084e-02	-1.291120e+01
4.065000e-05	-5.925660e-03	-1.291425e+01
4.066000e-05	-8.122582e-03	-1.285417e+01
4.067000e-05	-1.189640e-02	-1.283007e+01
4.068000e-05	-1.036743e-02	-1.287007e+01
4.069000e-05	-8.236853e-03	-1.283960e+01
4.070000e-05	-6.457874e-03	-1.278841e+01
4.071000e-05	-1.309882e-02	-1.274626e+01
4.072000e-05	-1.271024e-02	-1.272323e+01
4.073000e-05	-1.070582e-02	-1.264263e+01
4.074000e-05	-8.568835e-03	-1.261252e+01
4.075000e-05	-1.308962e-02	-1.259742e+01
4.076000e-05	-1.432352e-02	-1.252421e+01
4.077000e-05	-1.154792e-02	-1.247171e+01
4.078000e-05	-1.154678e-02	-1.238839e+01
4.079000e-05	-1.505318e-02	-1.233378e+01
4.080000e-05	-1.838256e-02	-1.226057e+01
4.081000e-05	-1.487573e-02	-1.217744e+01
4.082000e-05	-1.358081e-02	-1.211515e+01
4.083000e-05	-1.682525e-02	-1.204147e+01
4.084000e-05	-2.255887e-02	-1.195423e+01
4.085000e-05	-2.149601e-02	-1.183052e+01
4.086000e-05	-1.874786e-02	-1.172676e+01
4.087000e-05	-2.194660e-02	-1.156689e+01
4.088000e-05	-2.771134e-02	-1.146115e+01
4.089000e-05	-2.866665e-02	-1.130532e+01
4.090000e-05	-2.721118e-02	-1.127904e+01
4.091000e-05	-2.948453e-02	-1.108415e+01
4.092000e-05	-3.406258e-02	-1.098639e+01
4.093000e-05	-3.437644e-02	-1.085117e+01
4.094000e-05	-3.012942e-02	-1.071585e+01
4.095000e-05	-3.119466e-02	-1.065194e+01
4.096000e-05	-3.305633e-02	-1.049320e+01
4.097000e-05	-3.338311e-02	-1.031683e+01
4.098000e-05	-2.948466e-02	-1.020899e+01
4.099000e-05	-2.836190e-02	-1.004249e+01
4.100000e-05	-2.964718e-02	-9.883202e+00
4.101000e-05	-2.783679e-02	-9.755858e+00
4.102000e-05	-2.343330e-02	-9.580015e+00
4.103000e-05	-2.159761e-02	-9.419019e+00
4.104000e-05	-2.307278e-02	-9.292641e+00
4.105000e-05	-2.033245e-02	-9.085750e+00
4.106000e-05	-1.725856e-02	-8.926355e+00
4.107000e-05	-1.553007e-02	-8.768306e+00
4.108000e-05	-1.732338e-02	-8.558358e+00
4.109000e-05	-1.664982e-02	-8.358383e+00
4.110000e-05	-1.348212e-02	-8.241538e+00
4.111000e-05	-1.165315e-02	-8.050616e+00
4.112000e-05	-1.268257e-02	-7.821070e+00
4.113000e-05	-1.314994e-02	-7.618511e+00
4.114000e-05	-9.178083e-03	-7.401012e+00
4.115000e-05	-8.449386e-03	-7.221042e+00
4.116000e-05	-9.499044e-03	-6.999456e+00
4.117000e-05	-1.063634e-02	-6.809431e+00
4.118000e-05	-8.215359e-03	-6.608406e+00
4.119000e-05	-6.794596e-03	-6.421384e+00
4.120000e-05	-7.802015e-03	-6.178954e+00
4.121000e-05	-9.462442e-03	-5.986878e+00
4.122000e-05	-8.353433e-03	-5.778352e+00
4.123000e-05	-7.180167e-03	-5.558403e+00
4.124000e-05	-5.916241e-03	-5.305243e+00
4.125000e-05	-7.052694e-03	-5.023187e+00
4.126000e-05	-6.379022e-03	-4.798480e+00
4.127000e-05	-5.081293e-03	-4.558877e+00
4.128000e-05	-5.073545e-03	-4.389476e+00
4.129000e-05	-6.954183e-03	-4.169427e+00
4.130000e-05	-7.058608e-03	-3.978952e+00
4.131000e-05	-6.290991e-03	-3.715744e+00
4.132000e-05	-5.495726e-03	-3.513213e+00
4.133000e-05	-5.317089e-03	-3.264189e+00
4.134000e-05	-7.454386e-03	-3.071962e+00
4.135000e-05	-4.806017e-03	-2.789480e+00
4.136000e-05	-5.132587e-03	-2.568850e+00
4.137000e-05	-3.446320e-03	-2.358876e+00
4.138000e-05	-5.770461e-03	-2.063660e+00
4.139000e-05	-4.583864e-03	-1.862109e+00
4.140000e-05	-5.081312e-03	-1.641509e+00
4.141000e-05	-5.768585e-03	-1.419404e+00
4.142000e-05	-6.227192e-03	-1.115186e+00
4.143000e-05	-4.401051e-03	-8.831891e-01
4.144000e-05	-3.400960e-03	-6.226575e-01
4.145000e-05	-2.397805e-03	-3.894711e-01
4.146000e-05	-2.928233e-03	-1.694457e-01
4.147000e-05	9.990506e-04	1.265282e-02
4.148000e-05	3.752280e-03	3.463171e-01
4.149000e-05	-2.804180e-03	5.257409e-01
4.150000e-05	-2.933390e-04	7.263170e-01
4.151000e-05	-2.053495e-03	8.943163e-01
4.152000e-05	1.657623e-03	1.231028e+00
4.153000e-05	3.806132e-04	1.422585e+00
4.154000e-05	4.782075e-03	1.727239e+00
4.155000e-05	3.346083e-02	1.866767e+00
4.156000e-05	6.360212e-02	2.155895e+00
4.157000e-05	-4.025511e-02	2.421580e+00
4.158000e-05	-4.345213e-02	2.725741e+00
4.159000e-05	-3.711638e-02	2.895216e+00
4.160000e-05	-1.339584e-02	3.085792e+00
4.161000e-05	-4.311037e-02	3.220532e+00
4.162000e-05	6.091430e-02	3.423692e+00
4.163000e-05	-3.273850e-03	3.714168e+00
4.164000e-05	-2.955287e-02	3.893236e+00
4.165000e-05	1.241610e-01	4.104244e+00
4.166000e-05	-7.805799e-02	4.388430e+00
4.167000e-05	1.086848e-02	4.576477e+00
4.168000e-05	-1.416109e-02	4.830959e+00
4.169000e-05	-2.961434e-02	5.094243e+00
4.170000e-05	5.113530e-02	5.306375e+00
4.171000e-05	-2.796653e-02	5.597381e+00
4.172000e-05	1.442751e-02	5.787961e+00
4.173000e-05	1.059855e-02	6.020986e+00
4.174000e-05	-2.355848e-02	6.210609e+00
4.175000e-05	6.479743e-03	6.388980e+00
4.176000e-05	-1.228124e-02	6.632088e+00
4.177000e-05	2.188765e-02	6.861613e+00
4.178000e-05	-8.822514e-03	7.051565e+00
4.179000e-05	7.078259e-03	7.250562e+00
4.180000e-05	1.050589e-02	7.390198e+00
4.181000e-05	-3.623093e-02	7.674673e+00
4.182000e-05	2.432172e-02	7.854699e+00
4.183000e-05	-1.535546e-02	8.143252e+00
4.184000e-05	1.503760e-02	8.284247e+00
4.185000e-05	2.668862e-03	8.481197e+00
4.186000e-05	2.785122e-03	8.589512e+00
4.187000e-05	1.615257e-03	8.767404e+00
4.188000e-05	-1.417164e-02	8.926334e+00
4.189000e-05	7.263500e-03	9.126306e+00
4.190000e-05	-1.232745e-02	9.304723e+00
4.191000e-05	1.119622e-02	9.452543e+00
4.192000e-05	3.867226e-04	9.628468e+00
4.193000e-05	5.967904e-03	9.768917e+00
4.194000e-05	2.275669e-03	9.955352e+00
4.195000e-05	-4.140653e-03	1.010573e+01
4.196000e-05	-5.194267e-05	1.021899e+01
4.197000e-05	-4.461023e-03	1.036646e+01
4.198000e-05	3.970147e-03	1.046563e+01
4.199000e-05	-1.980431e-03	1.064157e+01
4.200000e-05	4.960787e-03	1.082649e+01
4.201000e-05	2.254065e-03	1.092520e+01
4.202000e-05	2.115634e-03	1.101907e+01
4.203000e-05	-1.662850e-03	1.115686e+01
4.204000e-05	-3.144274e-03	1.128413e+01
4.205000e-05	5.061338e-04	1.136284e+01
4.206000e-05	7.954645e-04	1.148418e+01
4.207000e-05	3.013835e-03	1.159912e+01
4.208000e-05	6.744000e-04	1.172623e+01
4.209000e-05	3.349874e-03	1.183149e+01
4.210000e-05	1.977152e-03	1.193470e+01
4.211000e-05	-6.752936e-04	1.197936e+01
4.212000e-05	-1.656035e-03	1.212308e+01
4.213000e-05	-9.260494e-04	1.216834e+01
4.214000e-05	2.537536e-03	1.218202e+01
4.215000e-05	1.979452e-03	1.229318e+01
4.216000e-05	1.725189e-03	1.239737e+01
4.217000e-05	1.651557e-03	1.242052e+01
4.218000e-05	2.821400e-03	1.252468e+01
4.219000e-05	3.709826e-04	1.253536e+01
4.220000e-05	5.495845e-04	1.256789e+01
4.221000e-05	-7.854065e-05	1.262052e+01
4.222000e-05	1.218689e-03	1.263000e+01
4.223000e-05	1.578712e-03	1.268460e+01
4.224000e-05	4.934451e-04	1.270570e+01
4.225000e-05	2.768298e-03	1.272583e+01
4.226000e-05	3.026732e-03	1.275631e+01
4.227000e-05	3.839059e-03	1.275731e+01
4.228000e-05	1.929264e-03	1.275683e+01
4.229000e-05	1.129769e-03	1.280741e+01
4.230000e-05	2.156877e-03	1.275684e+01
4.231000e-05	1.064397e-03	1.278744e+01
4.232000e-05	1.845216e-03	1.275686e+01
4.233000e-05	2.070438e-03	1.271623e+01
4.234000e-05	4.280493e-03	1.271578e+01
4.235000e-05	4.310788e-03	1.270528e+01
4.236000e-05	3.593479e-03	1.267165e+01
4.237000e-05	3.938682e-03	1.266163e+01
4.238000e-05	4.181375e-03	1.263952e+01
4.239000e-05	4.125674e-03	1.260834e+01
4.240000e-05	4.408336e-03	1.253583e+01
4.241000e-05	5.182686e-03	1.249323e+01
4.242000e-05	5.126456e-03	1.248005e+01
4.243000e-05	6.079467e-03	1.240736e+01
4.244000e-05	6.658455e-03	1.233376e+01
4.245000e-05	7.274853e-03	1.222159e+01
4.246000e-05	8.005733e-03	1.218729e+01
4.247000e-05	9.064439e-03	1.211411e+01
4.248000e-05	1.041270e-02	1.203936e+01
4.249000e-05	1.163763e-02	1.191480e+01
4.250000e-05	1.221373e-02	1.187149e+01
4.251000e-05	1.428875e-02	1.177633e+01
4.252000e-05	1.422837e-02	1.163097e+01
4.253000e-05	1.688834e-02	1.149668e+01
4.254000e-05	1.836227e-02	1.139952e+01
4.255000e-05	2.148434e-02	1.126218e+01
4.256000e-05	2.218710e-02	1.114783e+01
4.257000e-05	2.342366e-02	1.104009e+01
4.258000e-05	2.478874e-02	1.092588e+01
4.259000e-05	2.531832e-02	1.087844e+01
4.260000e-05	2.484218e-02	1.069415e+01
4.261000e-05	2.460737e-02	1.056631e+01
4.262000e-05	2.520503e-02	1.037893e+01
4.263000e-05	2.494923e-02	1.025157e+01
4.264000e-05	2.376457e-02	1.010620e+01
4.265000e-05	2.078760e-02	9.986838e+00
4.266000e-05	2.066499e-02	9.798040e+00
4.267000e-05	1.823296e-02	9.611511e+00
4.268000e-05	1.629098e-02	9.492099e+00
4.269000e-05	1.351159e-02	9.335828e+00
4.270000e-05	1.269308e-02	9.187381e+00
4.271000e-05	1.215382e-02	9.017890e+00
4.272000e-05	1.074395e-02	8.838386e+00
4.273000e-05	8.692973e-03	8.671045e+00
4.274000e-05	7.405847e-03	8.454125e+00
4.275000e-05	6.790211e-03	8.323226e+00
4.276000e-05	5.992894e-03	8.146802e+00
4.277000e-05	4.834910e-03	7.923754e+00
4.278000e-05	1.694040e-03	7.738327e+00
4.279000e-05	3.532045e-03	7.564804e+00
4.280000e-05	2.154873e-03	7.334175e+00
4.281000e-05	1.461516e-03	7.114701e+00
4.282000e-05	-4.844628e-04	6.915699e+00
4.283000e-05	1.406032e-03	6.724698e+00
4.284000e-05	8.048942e-04	6.483099e+00
4.285000e-05	-2.261021e-04	6.276194e+00
4.286000e-05	-1.442658e-03	6.115723e+00
4.287000e-05	-1.111347e-03	5.914824e+00
4.288000e-05	-5.019296e-04	5.693536e+00
4.289000e-05	-1.430800e-03	5.473140e+00
4.290000e-05	-2.588256e-03	5.241462e+00
4.291000e-05	-1.895279e-03	4.946753e+00
4.292000e-05	-1.706165e-03	4.725721e+00
4.293000e-05	-2.212342e-03	4.473146e+00
4.294000e-05	-4.036571e-03	4.315721e+00
4.295000e-05	-3.201585e-03	4.031510e+00
4.296000e-05	-1.997632e-03	3.830531e+00
4.297000e-05	-2.119828e-03	3.640985e+00
4.298000e-05	-4.223362e-03	3.367926e+00
4.299000e-05	-4.123814e-03	3.116797e+00
4.300000e-05	-2.917189e-03	2.934342e+00
4.301000e-05	-3.500640e-03	2.727771e+00
4.302000e-05	-5.445077e-03	2.441130e+00
4.303000e-05	-5.203029e-03	2.169980e+00
4.304000e-05	-3.127749e-03	2.000453e+00
4.305000e-05	-3.229181e-03	1.777975e+00
4.306000e-05	-4.701393e-03	1.514744e+00
4.307000e-05	-4.498702e-03	1.274088e+00
4.308000e-05	-3.558118e-03	9.494486e-01
4.309000e-05	-4.181030e-03	7.563446e-01
4.310000e-05	-5.042974e-03	5.246905e-01
4.311000e-05	-4.581583e-03	2.953380e-01
4.312000e-05	-3.295221e-03	1.053697e-03
4.313000e-05	5.683600e-04	-1.885262e-01
4.314000e-05	2.477174e-03	-3.985263e-01
4.315000e-05	-4.538349e-03	-6.526565e-01
4.316000e-05	-4.911646e-04	-8.436329e-01
4.317000e-05	-5.163938e-03	-1.042609e+00
4.318000e-05	-1.097229e-03	-1.283189e+00
4.319000e-05	-4.382412e-03	-1.537420e+00
4.320000e-05	1.975349e-02	-1.745392e+00
4.321000e-05	7.911815e-02	-1.926921e+00
4.322000e-05	-1.612777e-02	-2.222258e+00
4.323000e-05	-4.833039e-02	-2.560002e+00
4.324000e-05	-4.449149e-02	-2.830080e+00
4.325000e-05	-4.352632e-02	-3.013611e+00
4.326000e-05	-3.068563e-02	-3.221633e+00
4.327000e-05	1.215626e-01	-3.347822e+00
4.328000e-05	-1.045885e-01	-3.598431e+00
4.329000e-05	3.389066e-02	-3.871639e+00
4.330000e-05	1.114209e-01	-4.019033e+00
4.331000e-05	-1.140621e-01	-4.283238e+00
4.332000e-05	7.885691e-02	-4.472212e+00
4.333000e-05	-1.118193e-01	-4.714248e+00
4.334000e-05	-1.256894e-02	-4.967876e+00
4.335000e-05	1.017698e-01	-5.106820e+00
4.336000e-05	-7.979410e-02	-5.452189e+00
4.337000e-05	7.000974e-02	-5.692662e+00
4.338000e-05	-4.528820e-02	-5.852167e+00
4.339000e-05	-1.402827e-02	-6.114321e+00
4.340000e-05	5.574526e-02	-6.303747e+00
4.341000e-05	-1.101330e-01	-6.535827e+00
4.342000e-05	7.633566e-02	-6.716320e+00
4.343000e-05	-3.992973e-02	-6.905751e+00
4.344000e-05	4.878944e-02	-7.190034e+00
4.345000e-05	-1.330945e-02	-7.355877e+00
4.346000e-05	-7.821241e-02	-7.556930e+00
4.347000e-05	8.094654e-02	-7.788012e+00
4.348000e-05	-6.587156e-02	-8.030036e+00
4.349000e-05	5.220408e-02	-8.206856e+00
4.350000e-05	-5.119554e-02	-8.346302e+00
4.351000e-05	2.507227e-02	-8.534909e+00
4.352000e-05	1.433721e-02	-8.754328e+00
4.353000e-05	-4.340732e-02	-8.947326e+00
4.354000e-05	1.469699e-02	-9.111623e+00
4.355000e-05	-4.145021e-02	-9.201064e+00
4.356000e-05	5.220806e-02	-9.408993e+00
4.357000e-05	-3.483867e-02	-9.617408e+00
4.358000e-05	7.876671e-03	-9.736800e+00
4.359000e-05	-1.218710e-02	-9.872122e+00
4.360000e-05	2.829674e-03	-1.005949e+01
4.361000e-05	-1.649266e-03	-1.015849e+01
4.362000e-05	-2.890541e-02	-1.035641e+01
4.363000e-05	1.059797e-02	-1.049115e+01
4.364000e-05	-1.042802e-02	-1.063006e+01
4.365000e-05	1.407620e-02	-1.075735e+01
4.366000e-05	-2.768900e-02	-1.087110e+01
4.367000e-05	3.839256e-03	-1.101699e+01
4.368000e-05	-6.202220e-03	-1.104375e+01
4.369000e-05	1.728510e-03	-1.130307e+01
4.370000e-05	-1.737392e-02	-1.134588e+01
4.371000e-05	-7.967883e-03	-1.148220e+01
4.372000e-05	3.499733e-03	-1.158692e+01
4.373000e-05	-4.889992e-03	-1.173328e+01
4.374000e-05	-6.011353e-03	-1.181055e+01
4.375000e-05	-1.586331e-02	-1.194531e+01
4.376000e-05	4.719666e-03	-1.204855e+01
4.377000e-05	-8.485943e-03	-1.211535e+01
4.378000e-05	-5.261391e-03	-1.218841e+01
4.379000e-05	-1.462338e-02	-1.224157e+01
4.380000e-05	2.099766e-03	-1.233580e+01
4.381000e-05	-4.297664e-03	-1.236896e+01
4.382000e-05	-8.864138e-03	-1.244258e+01
4.383000e-05	-1.222080e-02	-1.251624e+01
4.384000e-05	-5.734409e-03	-1.260747e+01
4.385000e-05	-1.905041e-03	-1.263005e+01
4.386000e-05	-1.001854e-02	-1.264215e+01
4.387000e-05	-8.974489e-03	-1.268275e+01
4.388000e-05	-6.284918e-03	-1.275596e+01
4.389000e-05	-2.913734e-03	-1.278951e+01
4.390000e-05	-1.090225e-02	-1.282896e+01
4.391000e-05	-1.231818e-02	-1.285067e+01
4.392000e-05	-7.375654e-03	-1.287212e+01
4.393000e-05	-2.821662e-03	-1.288473e+01
4.394000e-05	-9.312663e-03	-1.289310e+01
4.395000e-05	-1.152921e-02	-1.290420e+01
4.396000e-05	-1.020658e-02	-1.288473e+01
4.397000e-05	-4.368030e-03	-1.291418e+01
4.398000e-05	-8.996871e-03	-1.284122e+01
4.399000e-05	-1.196302e-02	-1.283015e+01
4.400000e-05	-9.217338e-03	-1.285057e+01
4.401000e-05	-6.572561e-03	-1.284957e+01
4.402000e-05	-8.433762e-03	-1.278739e+01
4.403000e-05	-1.568420e-02	-1.274683e+01
4.404000e-05	-1.170205e-02	-1.271473e+01
4.405000e-05	-9.146528e-03	-1.265513e+01
4.406000e-05	-9.580492e-03	-1.260957e+01
4.407000e-05	-1.465824e-02	-1.257589e+01
4.408000e-05	-1.346351e-02	-1.254470e+01
4.409000e-05	-9.631657e-03	-1.244059e+01
4.410000e-05	-1.134400e-02	-1.238789e+01
4.411000e-05	-1.755671e-02	-1.231323e+01
4.412000e-05	-1.739895e-02	-1.225154e+01
4.413000e-05	-1.360550e-02	-1.216734e+01
4.414000e-05	-1.457581e-02	-1.206375e+01
4.415000e-05	-2.035995e-02	-1.200599e+01
4.416000e-05	-2.171929e-02	-1.189518e+01
4.417000e-05	-1.990527e-02	-1.182999e+01
4.418000e-05	-1.877227e-02	-1.172307e+01
4.419000e-05	-2.539640e-02	-1.154731e+01
4.420000e-05	-2.830486e-02	-1.149155e+01
4.421000e-05	-2.728194e-02	-1.132670e+01
4.422000e-05	-2.711953e-02	-1.120841e+01
4.423000e-05	-3.161277e-02	-1.110158e+01
4.424000e-05	-3.391767e-02	-1.094533e+01
4.425000e-05	-3.264225e-02	-1.082147e+01
4.426000e-05	-3.120085e-02	-1.070573e+01
4.427000e-05	-3.269094e-02	-1.059936e+01
4.428000e-05	-3.330512e-02	-1.046315e+01
4.429000e-05	-3.096365e-02	-1.028325e+01
4.430000e-05	-3.001750e-02	-1.013733e+01
4.431000e-05	-2.882760e-02	-9.968909e+00
4.432000e-05	-2.882943e-02	-9.832595e+00
4.433000e-05	-2.574145e-02	-9.735751e+00
4.434000e-05	-2.273930e-02	-9.556854e+00
4.435000e-05	-2.188067e-02	-9.408335e+00
4.436000e-05	-2.165253e-02	-9.229935e+00
4.437000e-05	-1.979152e-02	-9.052094e+00
4.438000e-05	-1.843986e-02	-8.894173e+00
4.439000e-05	-1.707744e-02	-8.715697e+00
4.440000e-05	-1.715423e-02	-8.514700e+00
4.441000e-05	-1.489983e-02	-8.314801e+00
4.442000e-05	-1.297598e-02	-8.187932e+00
4.443000e-05	-1.159067e-02	-8.009364e+00
4.444000e-05	-1.164424e-02	-7.777932e+00
4.445000e-05	-1.122398e-02	-7.557381e+00
4.446000e-05	-9.569806e-03	-7.358855e+00
4.447000e-05	-1.040821e-02	-7.208378e+00
4.448000e-05	-1.043369e-02	-6.985826e+00
4.449000e-05	-1.041022e-02	-6.747775e+00
4.450000e-05	-8.398701e-03	-6.577378e+00
4.451000e-05	-8.127265e-03	-6.387403e+00
4.452000e-05	-6.379399e-03	-6.155772e+00
4.453000e-05	-7.571784e-03	-5.944823e+00
4.454000e-05	-5.982822e-03	-5.683195e+00
4.455000e-05	-7.208371e-03	-5.535719e+00
4.456000e-05	-6.427166e-03	-5.260063e+00
4.457000e-05	-8.362091e-03	-5.020432e+00
4.458000e-05	-6.562506e-03	-4.795823e+00
4.459000e-05	-5.757820e-03	-4.504740e+00
4.460000e-05	-6.239927e-03	-4.366845e+00
4.461000e-05	-5.586726e-03	-4.116292e+00
4.462000e-05	-4.670518e-03	-3.936268e+00
4.463000e-05	-3.572817e-03	-3.664185e+00
4.464000e-05	-6.417032e-03	-3.461536e+00
4.465000e-05	-6.179375e-03	-3.221056e+00
4.466000e-05	-8.550739e-03	-2.956850e+00
4.467000e-05	-4.691121e-03	-2.757318e+00
4.468000e-05	-6.247777e-03	-2.513816e+00
4.469000e-05	-3.012180e-03	-2.285689e+00
4.470000e-05	-3.830138e-03	-2.022004e+00
4.471000e-05	-2.320457e-03	-1.830531e+00
4.472000e-05	-4.638049e-03	-1.560952e+00
4.473000e-05	-5.575838e-03	-1.365187e+00
4.474000e-05	-6.951322e-03	-1.042580e+00
4.475000e-05	-4.775803e-03	-8.215814e-01
4.476000e-05	-5.415669e-03	-5.593958e-01
4.477000e-05	-2.969276e-03	-3.358419e-01
4.478000e-05	-2.521115e-03	-1.362880e-01
4.479000e-05	6.352129e-03	7.621078e-02
4.480000e-05	1.114611e-03	3.778960e-01
4.481000e-05	-6.393457e-04	5.779250e-01
4.482000e-05	-3.446838e-03	7.694736e-01
4.483000e-05	-2.067269e-03	1.001005e+00
4.484000e-05	-4.088893e-04	1.272688e+00
4.485000e-05	-4.146463e-04	1.472212e+00
4.486000e-05	1.154812e-02	1.737945e+00
4.487000e-05	4.484303e-02	1.938447e+00
4.488000e-05	4.973004e-02	2.171582e+00
4.489000e-05	-5.611120e-02	2.465215e+00
4.490000e-05	-4.242285e-02	2.748849e+00
4.491000e-05	-2.912946e-02	2.937424e+00
4.492000e-05	-2.336999e-02	3.136319e+00
4.493000e-05	-2.738153e-02	3.274720e+00
4.494000e-05	7.794714e-02	3.525820e+00
4.495000e-05	-5.401391e-02	3.748323e+00
4.496000e-05	3.766578e-02	3.905798e+00
4.497000e-05	7.730274e-02	4.189429e+00
4.498000e-05	-7.942958e-02	4.471138e+00
4.499000e-05	3.315223e-02	4.621562e+00
4.500000e-05	-4.630455e-02	4.853143e+00
4.501000e-05	5.991408e-03	5.145953e+00
4.502000e-05	3.040186e-02	5.391009e+00
4.503000e-05	-2.488506e-02	5.620486e+00
4.504000e-05	2.809589e-02	5.823142e+00
4.505000e-05	-2.554772e-03	6.063144e+00
4.506000e-05	-1.773470e-02	6.254139e+00
4.507000e-05	1.449563e-03	6.472072e+00
4.508000e-05	-8.849345e-03	6.704722e+00
4.509000e-05	2.193557e-02	6.903722e+00
4.510000e-05	-2.008328e-02	7.123800e+00
4.511000e-05	2.688114e-02	7.273146e+00
4.512000e-05	-8.517641e-03	7.483753e+00
4.513000e-05	-1.918703e-02	7.757281e+00
4.514000e-05	1.738685e-02	7.976304e+00
4.515000e-05	-1.820558e-02	8.148406e+00
4.516000e-05	1.945516e-02	8.316253e+00
4.517000e-05	-7.391461e-03	8.504772e+00
4.518000e-05	1.161712e-02	8.661118e+00
4.519000e-05	-7.770109e-03	8.801013e+00
4.520000e-05	-1.689662e-03	8.969463e+00
4.521000e-05	-6.921370e-05	9.167487e+00
4.522000e-05	-8.293872e-03	9.327330e+00
4.523000e-05	1.078419e-02	9.514197e+00
4.524000e-05	-1.067330e-03	9.682148e+00
4.525000e-05	6.853378e-03	9.792593e+00
4.526000e-05	-2.483401e-03	9.958385e+00
4.527000e-05	-1.022547e-03	1.014625e+01
4.528000e-05	-2.615158e-03	1.025260e+01
4.529000e-05	-4.115763e-04	1.040899e+01
4.530000e-05	1.755562e-03	1.051686e+01
4.531000e-05	1.372694e-03	1.067376e+01
4.532000e-05	4.229511e-03	1.080947e+01
4.533000e-05	2.674030e-03	1.095683e+01
4.534000e-05	-3.515035e-05	1.102014e+01
4.535000e-05	-2.792974e-03	1.115678e+01
4.536000e-05	-1.690711e-03	1.128466e+01
4.537000e-05	1.065408e-03	1.141202e+01
4.538000e-05	7.612987e-04	1.154484e+01
4.539000e-05	1.853480e-03	1.168059e+01
4.540000e-05	2.204467e-03	1.172836e+01
4.541000e-05	1.724754e-03	1.186062e+01
4.542000e-05	-3.474929e-04	1.192623e+01
4.543000e-05	-1.407057e-03	1.202047e+01
4.544000e-05	1.652323e-03	1.211471e+01
4.545000e-05	2.507548e-03	1.217897e+01
4.546000e-05	3.862448e-03	1.221160e+01
4.547000e-05	4.660240e-04	1.229391e+01
4.548000e-05	6.464088e-04	1.237791e+01
4.549000e-05	-4.696554e-04	1.245262e+01
4.550000e-05	8.524128e-04	1.248423e+01
4.551000e-05	-5.851637e-04	1.255728e+01
4.552000e-05	2.929601e-03	1.255694e+01
4.553000e-05	3.581822e-03	1.262009e+01
4.554000e-05	3.083925e-03	1.264312e+01
4.555000e-05	1.216566e-03	1.271370e+01
4.556000e-05	-1.608097e-03	1.272521e+01
4.557000e-05	1.073601e-03	1.270583e+01
4.558000e-05	7.871024e-04	1.273633e+01
4.559000e-05	3.250753e-03	1.273634e+01
4.560000e-05	1.813300e-03	1.272738e+01
4.561000e-05	4.174341e-03	1.277747e+01
4.562000e-05	2.425649e-03	1.271886e+01
4.563000e-05	2.684490e-03	1.275834e+01
4.564000e-05	9.701724e-04	1.274384e+01
4.565000e-05	3.521175e-03	1.270571e+01
4.566000e-05	2.871051e-03	1.274426e+01
4.567000e-05	3.655710e-03	1.266428e+01
4.568000e-05	2.756901e-03	1.268305e+01
4.569000e-05	5.131635e-03	1.261052e+01
4.570000e-05	5.078584e-03	1.260897e+01
4.571000e-05	5.049097e-03	1.254684e+01
4.572000e-05	4.359383e-03	1.251580e+01
4.573000e-05	6.088914e-03	1.248372e+01
4.574000e-05	5.502287e-03	1.246052e+01
4.575000e-05	4.590207e-03	1.234844e+01
4.576000e-05	5.064399e-03	1.228365e+01
4.577000e-05	6.945469e-03	1.225102e+01
4.578000e-05	9.831712e-03	1.217731e+01
4.579000e-05	8.956323e-03	1.207100e+01
4.580000e-05	9.960902e-03	1.196636e+01
4.581000e-05	1.258352e-02	1.188313e+01
4.582000e-05	1.257752e-02	1.183945e+01
4.583000e-05	1.441256e-02	1.172418e+01
4.584000e-05	1.285529e-02	1.160791e+01
4.585000e-05	1.821946e-02	1.147318e+01
4.586000e-05	1.813167e-02	1.137734e+01
4.587000e-05	2.324466e-02	1.121055e+01
4.588000e-05	2.087437e-02	1.109568e+01
4.589000e-05	2.551001e-02	1.102889e+01
4.590000e-05	2.496119e-02	1.090315e+01
4.591000e-05	2.592332e-02	1.078844e+01
4.592000e-05	2.377735e-02	1.062310e+01
4.593000e-05	2.511094e-02	1.051316e+01
4.594000e-05	2.456923e-02	1.035733e+01
4.595000e-05	2.385927e-02	1.021947e+01
4.596000e-05	2.250241e-02	1.008417e+01
4.597000e-05	2.052013e-02	9.925279e+00
4.598000e-05	2.035954e-02	9.756262e+00
4.599000e-05	1.820321e-02	9.586986e+00
4.600000e-05	1.678878e-02	9.450547e+00
4.601000e-05	1.345504e-02	9.294724e+00
4.602000e-05	1.321971e-02	9.135805e+00
4.603000e-05	1.105147e-02	8.966857e+00
4.604000e-05	9.702726e-03	8.736860e+00
4.605000e-05	6.436311e-03	8.590435e+00
4.606000e-05	8.156200e-03	8.421616e+00
4.607000e-05	6.108209e-03	8.273625e+00
4.608000e-05	5.430919e-03	8.052670e+00
4.609000e-05	3.430928e-03	7.863698e+00
4.610000e-05	3.349170e-03	7.714674e+00
4.611000e-05	3.827253e-03	7.463571e+00
4.612000e-05	2.662451e-03	7.264569e+00
4.613000e-05	4.709873e-06	7.054693e+00
4.614000e-05	-1.003991e-04	6.863172e+00
4.615000e-05	6.492397e-04	6.654065e+00
4.616000e-05	1.405936e-03	6.450565e+00
4.617000e-05	-1.734333e-03	6.223018e+00
4.618000e-05	-1.116623e-03	6.042116e+00
4.619000e-05	-6.183310e-04	5.852561e+00
4.620000e-05	-2.802902e-04	5.610432e+00
4.621000e-05	-2.246042e-03	5.419957e+00
4.622000e-05	-2.212580e-03	5.148406e+00
4.623000e-05	-2.100570e-03	4.862666e+00
4.624000e-05	-9.742967e-04	4.652092e+00
4.625000e-05	-2.954744e-03	4.452587e+00
4.626000e-05	-2.930634e-03	4.221408e+00
4.627000e-05	-3.018867e-03	3.988431e+00
4.628000e-05	-2.587538e-03	3.748401e+00
4.629000e-05	-3.139831e-03	3.578425e+00
4.630000e-05	-3.354775e-03	3.344696e+00
4.631000e-05	-3.473344e-03	3.102642e+00
4.632000e-05	-3.122765e-03	2.853110e+00
4.633000e-05	-3.773028e-03	2.621515e+00
4.634000e-05	-4.326333e-03	2.367001e+00
4.635000e-05	-4.536578e-03	2.157347e+00
4.636000e-05	-3.692614e-03	1.948321e+00
4.637000e-05	-4.545306e-03	1.672764e+00
4.638000e-05	-4.422109e-03	1.443084e+00
4.639000e-05	-4.580111e-03	1.170980e+00
4.640000e-05	-3.939263e-03	8.942931e-01
4.641000e-05	-4.427043e-03	6.936117e-01
4.642000e-05	-4.331554e-03	4.231089e-01
4.643000e-05	-4.204015e-03	2.720100e-01
4.644000e-05	-3.307643e-03	-1.155413e-02
4.645000e-05	3.171017e-03	-2.140816e-01
4.646000e-05	4.636182e-04	-4.321805e-01
4.647000e-05	-2.192472e-03	-7.263332e-01
4.648000e-05	-3.613616e-03	-9.151870e-01
4.649000e-05	-2.788168e-03	-1.116838e+00
4.650000e-05	-3.226072e-03	-1.327999e+00
4.651000e-05	-8.329515e-04	-1.588980e+00
4.652000e-05	3.333374e-02	-1.788924e+00
4.653000e-05	7.504266e-02	-2.010001e+00
4.654000e-05	-4.678281e-02	-2.377370e+00
4.655000e-05	-4.014051e-02	-2.664587e+00
4.656000e-05	-4.592126e-02	-2.874191e+00
4.657000e-05	-4.641517e-02	-3.116872e+00
4.658000e-05	1.244783e-02	-3.242160e+00
4.659000e-05	9.826462e-02	-3.389426e+00
4.660000e-05	-1.420131e-01	-3.641611e+00
4.661000e-05	1.242974e-01	-3.893742e+00
4.662000e-05	2.607787e-02	-4.063662e+00
4.663000e-05	-7.635068e-02	-4.346297e+00
4.664000e-05	7.008525e-02	-4.475191e+00
4.665000e-05	-1.482513e-01	-4.786979e+00
4.666000e-05	6.873377e-02	-5.018952e+00
4.667000e-05	4.144017e-02	-5.219904e+00
4.668000e-05	-5.952683e-02	-5.513852e+00
4.669000e-05	7.382339e-02	-5.694771e+00
4.670000e-05	-7.745463e-02	-5.936302e+00
4.671000e-05	3.723191e-02	-6.147356e+00
4.672000e-05	1.069573e-03	-6.377377e+00
4.673000e-05	-8.088467e-02	-6.569459e+00
4.674000e-05	8.380975e-02	-6.736326e+00
4.675000e-05	-6.142838e-02	-7.010563e+00
4.676000e-05	8.276127e-02	-7.230065e+00
4.677000e-05	-7.668572e-02	-7.378483e+00
4.678000e-05	-1.406321e-02	-7.601040e+00
4.679000e-05	4.737371e-02	-7.860519e+00
4.680000e-05	-5.505504e-02	-8.052714e+00
4.681000e-05	5.430927e-02	-8.200558e+00
4.682000e-05	-6.801330e-02	-8.398383e+00
4.683000e-05	6.145926e-02	-8.598988e+00
4.684000e-05	-2.895896e-02	-8.819331e+00
4.685000e-05	-1.389343e-02	-8.956783e+00
4.686000e-05	-8.700821e-03	-9.063774e+00
4.687000e-05	-1.872487e-02	-9.282798e+00
4.688000e-05	4.331971e-02	-9.451147e+00
4.689000e-05	-4.267667e-02	-9.630013e+00
4.690000e-05	2.274050e-02	-9.777357e+00
4.691000e-05	-2.465043e-02	-9.915751e+00
4.692000e-05	1.770934e-02	-1.005162e+01
4.693000e-05	-2.291121e-02	-1.017099e+01
4.694000e-05	-1.383681e-02	-1.038949e+01
4.695000e-05	4.089907e-03	-1.051580e+01
4.696000e-05	-2.715278e-03	-1.067170e+01
4.697000e-05	6.908050e-03	-1.078638e+01
4.698000e-05	-2.607720e-02	-1.091325e+01
4.699000e-05	9.016291e-03	-1.099204e+01
4.700000e-05	-1.105588e-02	-1.111481e+01
4.701000e-05	3.173078e-03	-1.129420e+01
4.702000e-05	-2.354622e-02	-1.138843e+01
4.703000e-05	2.095946e-03	-1.152583e+01
4.704000e-05	-2.060562e-03	-1.158797e+01
4.705000e-05	-2.188816e-03	-1.176639e+01
4.706000e-05	-1.295065e-02	-1.182115e+01
4.707000e-05	-1.026896e-02	-1.198581e+01
4.708000e-05	1.311511e-03	-1.207163e+01
4.709000e-05	-9.189705e-03	-1.212688e+01
4.710000e-05	-7.010930e-03	-1.222999e+01
4.711000e-05	-1.139127e-02	-1.223420e+01
4.712000e-05	4.045487e-03	-1.234588e+01
4.713000e-05	-8.689584e-03	-1.237897e+01
4.714000e-05	-8.663903e-03	-1.250265e+01
4.715000e-05	-1.338663e-02	-1.252576e+01
4.716000e-05	-2.849436e-03	-1.261900e+01
4.717000e-05	-5.457702e-03	-1.258257e+01
4.718000e-05	-1.046717e-02	-1.267267e+01
4.719000e-05	-8.242964e-03	-1.272433e+01
4.720000e-05	-4.712254e-03	-1.275592e+01
4.721000e-05	-4.403024e-03	-1.280894e+01
4.722000e-05	-1.234644e-02	-1.284049e+01
4.723000e-05	-1.060061e-02	-1.283147e+01
4.724000e-05	-5.635723e-03	-1.288262e+01
4.725000e-05	-5.188568e-03	-1.287270e+01
4.726000e-05	-1.019261e-02	-1.288322e+01
4.727000e-05	-1.127269e-02	-1.287463e+01
4.728000e-05	-8.762483e-03	-1.290270e+01
4.729000e-05	-6.034480e-03	-1.288360e+01
4.730000e-05	-1.072410e-02	-1.284217e+01
4.731000e-05	-1.068056e-02	-1.284857e+01
4.732000e-05	-8.605794e-03	-1.286160e+01
4.733000e-05	-6.545647e-03	-1.282900e+01
4.734000e-05	-1.120376e-02	-1.274593e+01
4.735000e-05	-1.374762e-02	-1.276631e+01
4.736000e-05	-1.109962e-02	-1.268215e+01
4.737000e-05	-9.543290e-03	-1.263167e+01
4.738000e-05	-1.131810e-02	-1.258852e+01
4.739000e-05	-1.461898e-02	-1.251576e+01
4.740000e-05	-1.227092e-02	-1.253413e+01
4.741000e-05	-1.162486e-02	-1.244100e+01
4.742000e-05	-1.345178e-02	-1.237733e+01
4.743000e-05	-1.648555e-02	-1.228321e+01
4.744000e-05	-1.539709e-02	-1.224147e+01
4.745000e-05	-1.487269e-02	-1.212683e+01
4.746000e-05	-1.750503e-02	-1.209210e+01
4.747000e-05	-2.007972e-02	-1.198786e+01
4.748000e-05	-2.061353e-02	-1.187212e+01
4.749000e-05	-1.962236e-02	-1.178842e+01
4.750000e-05	-2.237818e-02	-1.166958e+01
4.751000e-05	-2.564753e-02	-1.150478e+01
4.752000e-05	-2.662681e-02	-1.141899e+01
4.753000e-05	-2.709092e-02	-1.129380e+01
4.754000e-05	-2.908033e-02	-1.114619e+01
4.755000e-05	-3.327001e-02	-1.103996e+01
4.756000e-05	-3.312561e-02	-1.089525e+01
4.757000e-05	-3.220871e-02	-1.079996e+01
4.758000e-05	-3.200722e-02	-1.065375e+01
4.759000e-05	-3.262183e-02	-1.056636e+01
4.760000e-05	-3.216228e-02	-1.040002e+01
4.761000e-05	-2.997647e-02	-1.026210e+01
4.762000e-05	-2.970750e-02	-1.009411e+01
4.763000e-05	-2.983319e-02	-9.936879e+00
4.764000e-05	-2.857665e-02	-9.840389e+00
4.765000e-05	-2.548832e-02	-9.663617e+00
4.766000e-05	-2.279079e-02	-9.502175e+00
4.767000e-05	-2.265261e-02	-9.323752e+00
4.768000e-05	-2.134611e-02	-9.166906e+00
4.769000e-05	-1.834529e-02	-9.020045e+00
4.770000e-05	-1.703483e-02	-8.842016e+00
4.771000e-05	-1.669919e-02	-8.640623e+00
4.772000e-05	-1.698712e-02	-8.473119e+00
4.773000e-05	-1.410549e-02	-8.283701e+00
4.774000e-05	-1.205875e-02	-8.136225e+00
4.775000e-05	-1.271510e-02	-7.937802e+00
4.776000e-05	-1.299242e-02	-7.744652e+00
4.777000e-05	-1.158091e-02	-7.483245e+00
4.778000e-05	-9.467407e-03	-7.305324e+00
4.779000e-05	-1.009940e-02	-7.105204e+00
4.780000e-05	-1.023427e-02	-6.902647e+00
4.781000e-05	-8.824816e-03	-6.705273e+00
4.782000e-05	-6.958605e-03	-6.484664e+00
4.783000e-05	-7.517367e-03	-6.315750e+00
4.784000e-05	-9.247319e-03	-6.091690e+00
4.785000e-05	-8.283591e-03	-5.862666e+00
4.786000e-05	-6.196282e-03	-5.671037e+00
4.787000e-05	-7.623999e-03	-5.421611e+00
4.788000e-05	-7.803748e-03	-5.146830e+00
4.789000e-05	-7.707648e-03	-4.937296e+00
4.790000e-05	-4.305404e-03	-4.654589e+00
4.791000e-05	-6.130003e-03	-4.463113e+00
4.792000e-05	-5.614181e-03	-4.325138e+00
4.793000e-05	-7.642617e-03	-4.041617e+00
4.794000e-05	-3.432624e-03	-3.832686e+00
4.795000e-05	-4.981034e-03	-3.610008e+00
4.796000e-05	-6.714768e-03	-3.368975e+00
4.797000e-05	-7.553797e-03	-3.167850e+00
4.798000e-05	-5.232212e-03	-2.923189e+00
4.799000e-05	-4.762336e-03	-2.714562e+00
4.800000e-05	-5.770240e-03	-2.493136e+00
4.801000e-05	-5.294479e-03	-2.210053e+00
4.802000e-05	-2.783403e-03	-1.976397e+00
4.803000e-05	-2.978465e-03	-1.747841e+00
4.804000e-05	-5.575267e-03	-1.536863e+00
4.805000e-05	-6.263895e-03	-1.178503e+00
4.806000e-05	-5.558691e-03	-9.608973e-01
4.807000e-05	-3.908583e-03	-7.704496e-01
4.808000e-05	-4.790771e-03	-5.036856e-01
4.809000e-05	-3.600312e-03	-2.831603e-01
4.810000e-05	-1.169713e-03	-7.357909e-02
4.811000e-05	7.422315e-03	1.689238e-01
4.812000e-05	-9.946959e-04	4.211015e-01
4.813000e-05	9.074472e-04	6.230289e-01
4.814000e-05	-4.203684e-03	8.400751e-01
4.815000e-05	1.015720e-03	1.096762e+00
4.816000e-05	-9.923974e-04	1.315845e+00
4.817000e-05	-7.082337e-04	1.586954e+00
4.818000e-05	1.681049e-02	1.809529e+00
4.819000e-05	5.963528e-02	2.031030e+00
4.820000e-05	2.061093e-02	2.344289e+00
4.821000e-05	-5.701917e-02	2.507376e+00
4.822000e-05	-4.456346e-02	2.830608e+00
4.823000e-05	-1.808898e-02	3.029507e+00
4.824000e-05	-3.707919e-02	3.188900e+00
4.825000e-05	1.047007e-04	3.305824e+00
4.826000e-05	7.481020e-02	3.620055e+00
4.827000e-05	-8.382251e-02	3.777950e+00
4.828000e-05	9.992001e-02	3.967901e+00
4.829000e-05	1.091937e-02	4.253240e+00
4.830000e-05	-5.850005e-02	4.442142e+00
4.831000e-05	3.605272e-02	4.693692e+00
4.832000e-05	-6.262220e-02	4.936458e+00
4.833000e-05	3.997722e-02	5.229434e+00
4.834000e-05	3.584521e-03	5.432563e+00
4.835000e-05	-1.424997e-02	5.662147e+00
4.836000e-05	2.950349e-02	5.914696e+00
4.837000e-05	-1.635506e-02	6.124775e+00
4.838000e-05	-8.763721e-03	6.325847e+00
4.839000e-05	-6.086991e-03	6.495829e+00
4.840000e-05	3.928758e-03	6.736850e+00
4.841000e-05	1.690312e-02	6.926430e+00
4.842000e-05	-2.148178e-02	7.167451e+00
4.843000e-05	3.479654e-02	7.265827e+00
4.844000e-05	-2.870789e-02	7.558488e+00
4.845000e-05	1.542897e-03	7.747909e+00
4.846000e-05	5.718531e-03	7.989020e+00
4.847000e-05	-1.016262e-02	8.219561e+00
4.848000e-05	1.932577e-02	8.369334e+00
4.849000e-05	-1.071775e-02	8.495330e+00
4.850000e-05	1.508703e-02	8.703701e+00
4.851000e-05	-1.754274e-02	8.779548e+00
4.852000e-05	9.370230e-03	9.041645e+00
4.853000e-05	-7.925885e-03	9.239514e+00
4.854000e-05	-4.899321e-04	9.359411e+00
4.855000e-05	6.013566e-03	9.537249e+00
4.856000e-05	7.394126e-05	9.683730e+00
4.857000e-05	7.106591e-03	9.852647e+00
4.858000e-05	-4.335641e-03	1.003006e+01
4.859000e-05	8.116998e-04	1.016733e+01
4.860000e-05	-4.604612e-03	1.030265e+01
4.861000e-05	3.455125e-03	1.042049e+01
4.862000e-05	-1.391473e-03	1.057894e+01
4.863000e-05	2.853199e-03	1.071526e+01
4.864000e-05	3.894098e-03	1.087159e+01
4.865000e-05	3.600090e-03	1.100794e+01
4.866000e-05	-9.139694e-04	1.108310e+01
4.867000e-05	-3.861161e-03	1.118792e+01
4.868000e-05	-2.041057e-04	1.133521e+01
4.869000e-05	2.189826e-04	1.143268e+01
4.870000e-05	2.397968e-03	1.156839e+01
4.871000e-05	-6.118502e-04	1.169418e+01
4.872000e-05	4.112196e-03	1.174889e+01
4.873000e-05	2.133677e-03	1.185310e+01
4.874000e-05	3.337457e-04	1.196831e+01
4.875000e-05	-2.770252e-03	1.203052e+01
4.876000e-05	-1.574091e-04	1.216468e+01
4.877000e-05	2.076103e-03	1.218887e+01
4.878000e-05	2.796922e-03	1.226257e+01
4.879000e-05	1.063560e-03	1.229634e+01
4.880000e-05	3.065549e-04	1.240849e+01
4.881000e-05	2.333360e-03	1.247263e+01
4.882000e-05	2.715141e-04	1.251480e+01
4.883000e-05	3.198542e-04	1.252786e+01
4.884000e-05	4.448412e-04	1.259891e+01
4.885000e-05	2.888196e-03	1.265105e+01
4.886000e-05	2.531700e-03	1.266215e+01
4.887000e-05	7.779500e-04	1.272423e+01
4.888000e-05	9.573259e-05	1.272466e+01
4.889000e-05	1.922798e-03	1.272481e+01
4.890000e-05	3.512361e-03	1.272581e+01
4.891000e-05	1.626157e-03	1.274826e+01
4.892000e-05	1.643514e-03	1.272694e+01
4.893000e-05	2.529113e-03	1.274691e+01
4.894000e-05	3.297859e-03	1.277784e+01
4.895000e-05	1.359777e-03	1.274633e+01
4.896000e-05	1.754918e-03	1.274628e+01
4.897000e-05	2.639988e-03	1.273681e+01
4.898000e-05	5.385768e-03	1.270475e+01
4.899000e-05	3.275316e-03	1.269213e+01
4.900000e-05	1.747446e-03	1.265252e+01
4.901000e-05	3.558383e-03	1.263152e+01
4.902000e-05	4.593782e-03	1.255742e+01
4.903000e-05	3.971517e-03	1.256686e+01
4.904000e-05	4.782691e-03	1.253528e+01
4.905000e-05	4.693238e-03	1.246265e+01
4.906000e-05	8.042039e-03	1.240897e+01
4.907000e-05	6.387439e-03	1.232533e+01
4.908000e-05	7.402128e-03	1.228220e+01
4.909000e-05	5.148768e-03	1.222984e+01
4.910000e-05	8.402222e-03	1.214676e+01
4.911000e-05	7.584015e-03	1.205052e+01
4.912000e-05	9.736751e-03	1.195541e+01
4.913000e-05	1.057934e-02	1.184307e+01
4.914000e-05	1.506310e-02	1.177899e+01
4.915000e-05	1.763928e-02	1.168308e+01
4.916000e-05	1.491065e-02	1.156692e+01
4.917000e-05	1.739607e-02	1.144357e+01
4.918000e-05	1.649941e-02	1.135276e+01
4.919000e-05	2.298684e-02	1.118741e+01
4.920000e-05	1.946055e-02	1.107315e+01
4.921000e-05	2.474580e-02	1.098938e+01
4.922000e-05	2.470915e-02	1.084312e+01
4.923000e-05	2.895600e-02	1.074531e+01
4.924000e-05	2.465560e-02	1.060202e+01
4.925000e-05	2.574721e-02	1.048052e+01
4.926000e-05	2.397847e-02	1.029473e+01
4.927000e-05	2.443019e-02	1.019788e+01
4.928000e-05	2.113493e-02	1.008149e+01
4.929000e-05	1.816843e-02	9.923625e+00
4.930000e-05	1.921732e-02	9.744682e+00
4.931000e-05	1.780413e-02	9.577331e+00
4.932000e-05	1.727899e-02	9.389884e+00
4.933000e-05	1.307129e-02	9.252519e+00
4.934000e-05	1.297973e-02	9.116225e+00
4.935000e-05	1.160563e-02	8.924775e+00
4.936000e-05	1.085104e-02	8.745826e+00
4.937000e-05	6.128177e-03	8.576877e+00
4.938000e-05	6.333708e-03	8.400388e+00
4.939000e-05	5.570172e-03	8.221668e+00
4.940000e-05	5.884439e-03	8.019919e+00
4.941000e-05	3.892400e-03	7.819062e+00
4.942000e-05	3.089680e-03	7.611590e+00
4.943000e-05	2.913490e-03	7.451565e+00
4.944000e-05	2.350739e-03	7.239889e+00
4.945000e-05	2.626256e-04	7.039963e+00
4.946000e-05	-3.810257e-04	6.801486e+00
4.947000e-05	-1.666978e-03	6.600033e+00
4.948000e-05	1.609953e-03	6.357406e+00
4.949000e-05	-2.720587e-03	6.209461e+00
4.950000e-05	5.894278e-05	6.030431e+00
4.951000e-05	-2.326527e-03	5.787356e+00
4.952000e-05	9.473240e-04	5.558851e+00
4.953000e-05	-5.574136e-04	5.357303e+00
4.954000e-05	-1.126793e-03	5.143173e+00
4.955000e-05	-2.602218e-03	4.803515e+00
4.956000e-05	-2.222987e-03	4.650531e+00
4.957000e-05	-4.447672e-03	4.411983e+00
4.958000e-05	-5.521905e-03	4.207329e+00
4.959000e-05	-4.357544e-03	3.995298e+00
4.960000e-05	-2.291344e-03	3.714243e+00
4.961000e-05	-3.324258e-04	3.547371e+00
4.962000e-05	-1.920327e-03	3.242632e+00
4.963000e-05	-2.221799e-03	3.042010e+00
4.964000e-05	-4.368302e-03	2.831508e+00
4.965000e-05	-4.128362e-03	2.577955e+00
4.966000e-05	-7.033603e-03	2.324741e+00
4.967000e-05	-4.937896e-03	2.085716e+00
4.968000e-05	-5.103095e-03	1.895286e+00
4.969000e-05	-3.670425e-03	1.692080e+00
4.970000e-05	-3.234588e-03	1.410003e+00
4.971000e-05	-3.505581e-03	1.137344e+00
4.972000e-05	-3.157034e-03	8.435626e-01
4.973000e-05	-3.586765e-03	6.414825e-01
4.974000e-05	-4.901549e-03	3.804987e-01
4.975000e-05	-6.087878e-03	1.682911e-01
4.976000e-05	-3.324317e-03	-7.576308e-02
4.977000e-05	4.007156e-03	-2.866609e-01
4.978000e-05	-2.120705e-03	-4.922871e-01
4.979000e-05	-5.955501e-04	-7.479236e-01
4.980000e-05	-4.609125e-03	-9.778698e-01
4.981000e-05	-3.316083e-04	-1.168895e+00
4.982000e-05	-3.110939e-03	-1.370082e+00
4.983000e-05	7.473983e-04	-1.651681e+00
4.984000e-05	4.927802e-02	-1.801607e+00
4.985000e-05	5.697318e-02	-2.044064e+00
4.986000e-05	-6.041616e-02	-2.439058e+00
4.987000e-05	-3.724550e-02	-2.725890e+00
4.988000e-05	-4.778700e-02	-2.905768e+00
4.989000e-05	-4.997479e-02	-3.169453e+00
4.990000e-05	6.632909e-02	-3.271764e+00
4.991000e-05	4.064420e-02	-3.403660e+00
4.992000e-05	-1.297102e-01	-3.675893e+00
4.993000e-05	1.731256e-01	-3.965247e+00
4.994000e-05	-5.551849e-02	-4.126875e+00
4.995000e-05	-1.456844e-02	-4.388376e+00
4.996000e-05	2.149866e-02	-4.526926e+00
4.997000e-05	-1.421580e-01	-4.823085e+00
4.998000e-05	1.249153e-01	-5.041159e+00
4.999000e-05	-2.078962e-02	-5.222215e+00
