# 261001_15:26:42.356585
t	CH1	CH2
0.000000e+00	-1.370829e-03	-4.631775e-01
1.000000e-08	-4.606131e-03	-6.841061e-01
2.000000e-08	-4.497982e-03	-8.530763e-01
3.000000e-08	-5.102193e-03	-1.018921e+00
4.000000e-08	-1.800071e-03	-1.210369e+00
5.000000e-08	1.707675e-02	-1.348465e+00
6.000000e-08	7.666776e-02	-1.618939e+00
7.000000e-08	-3.843329e-02	-1.789916e+00
8.000000e-08	-4.008628e-02	-2.041570e+00
9.000000e-08	-7.640589e-02	-2.334724e+00
1.000000e-07	-6.212276e-02	-2.463175e+00
1.100000e-07	1.414877e-01	-2.484816e+00
1.200000e-07	-4.817807e-02	-2.704580e+00
1.300000e-07	-1.104708e-01	-2.863758e+00
1.400000e-07	1.643830e-01	-3.041676e+00
1.500000e-07	-5.090960e-02	-3.220576e+00
1.600000e-07	-2.505603e-02	-3.462645e+00
1.700000e-07	3.043649e-02	-3.549470e+00
1.800000e-07	-1.553280e-01	-3.725838e+00
1.900000e-07	7.862169e-02	-3.968921e+00
2.000000e-07	7.087674e-02	-4.116311e+00
2.100000e-07	-1.039703e-01	-4.337289e+00
2.200000e-07	4.585717e-02	-4.441131e+00
2.300000e-07	-6.259580e-02	-4.590598e+00
2.400000e-07	3.425169e-02	-4.842625e+00
2.500000e-07	9.044356e-03	-4.970497e+00
2.600000e-07	-1.397013e-01	-5.166841e+00
2.700000e-07	1.080820e-01	-5.324292e+00
2.800000e-07	-3.948637e-03	-5.528389e+00
2.900000e-07	-2.497921e-02	-5.715860e+00
3.000000e-07	-4.071086e-02	-5.852154e+00
3.100000e-07	-5.067229e-02	-5.998549e+00
3.200000e-07	9.130216e-02	-6.127412e+00
3.300000e-07	-8.923512e-02	-6.326816e+00
3.400000e-07	-5.194949e-03	-6.494809e+00
3.500000e-07	1.886920e-02	-6.601051e+00
3.600000e-07	-2.322066e-02	-6.747991e+00
3.700000e-07	2.326637e-02	-6.844857e+00
3.800000e-07	-1.036040e-01	-7.083730e+00
3.900000e-07	3.718603e-02	-7.231078e+00
4.000000e-07	-9.188450e-03	-7.307366e+00
4.100000e-07	-2.232501e-02	-7.464210e+00
4.200000e-07	-9.866261e-03	-7.600572e+00
4.300000e-07	-3.635728e-02	-7.768666e+00
4.400000e-07	3.717353e-02	-7.947463e+00
4.500000e-07	-5.709078e-02	-8.042781e+00
4.600000e-07	-1.436257e-02	-8.166992e+00
4.700000e-07	-1.999260e-02	-8.262305e+00
4.800000e-07	-1.162340e-03	-8.349949e+00
4.900000e-07	-5.795927e-03	-8.432180e+00
5.000000e-07	-4.775548e-02	-8.562145e+00
5.100000e-07	4.698314e-03	-8.696466e+00
5.200000e-07	-1.750647e-02	-8.830175e+00
5.300000e-07	-1.311746e-02	-8.895437e+00
5.400000e-07	-3.844733e-02	-9.011572e+00
5.500000e-07	-1.547495e-02	-9.072864e+00
5.600000e-07	-9.943662e-04	-9.137472e+00
5.700000e-07	-2.732099e-02	-9.212154e+00
5.800000e-07	-2.542086e-02	-9.325361e+00
5.900000e-07	-2.302015e-02	-9.380205e+00
6.000000e-07	-3.948667e-03	-9.465921e+00
6.100000e-07	-2.521770e-02	-9.548521e+00
6.200000e-07	-3.142089e-02	-9.620682e+00
6.300000e-07	-1.871460e-02	-9.684890e+00
6.400000e-07	-9.627443e-03	-9.728047e+00
6.500000e-07	-2.244770e-02	-9.840079e+00
6.600000e-07	-3.361218e-02	-9.843280e+00
6.700000e-07	-2.113059e-02	-9.866441e+00
6.800000e-07	-1.354395e-02	-9.927971e+00
6.900000e-07	-2.245427e-02	-9.958450e+00
7.000000e-07	-3.271715e-02	-1.000062e+01
7.100000e-07	-2.261221e-02	-1.001068e+01
7.200000e-07	-1.588395e-02	-1.006379e+01
7.300000e-07	-2.519495e-02	-1.006341e+01
7.400000e-07	-3.460101e-02	-1.007551e+01
7.500000e-07	-2.702379e-02	-1.014825e+01
7.600000e-07	-1.843550e-02	-1.015825e+01
7.700000e-07	-2.443930e-02	-1.021173e+01
7.800000e-07	-3.296673e-02	-1.023023e+01
7.900000e-07	-2.798117e-02	-1.019031e+01
8.000000e-07	-2.190653e-02	-1.020384e+01
8.100000e-07	-2.905539e-02	-1.023226e+01
8.200000e-07	-3.571120e-02	-1.020223e+01
8.300000e-07	-3.113280e-02	-1.019281e+01
8.400000e-07	-2.476179e-02	-1.017180e+01
8.500000e-07	-2.862221e-02	-1.015063e+01
8.600000e-07	-3.803369e-02	-1.011954e+01
8.700000e-07	-3.546421e-02	-1.010560e+01
8.800000e-07	-3.034802e-02	-1.007344e+01
8.900000e-07	-3.296455e-02	-1.004276e+01
9.000000e-07	-4.004154e-02	-1.005018e+01
9.100000e-07	-3.793222e-02	-9.951054e+00
9.200000e-07	-3.130496e-02	-9.958544e+00
9.300000e-07	-3.510964e-02	-9.936969e+00
9.400000e-07	-4.159123e-02	-9.845414e+00
9.500000e-07	-4.162880e-02	-9.812258e+00
9.600000e-07	-3.593660e-02	-9.770130e+00
9.700000e-07	-3.730106e-02	-9.717445e+00
9.800000e-07	-4.430810e-02	-9.634266e+00
9.900000e-07	-4.314108e-02	-9.611179e+00
1.000000e-06	-4.020086e-02	-9.549599e+00
1.010000e-06	-3.998663e-02	-9.476944e+00
1.020000e-06	-4.773838e-02	-9.342208e+00
1.030000e-06	-4.745219e-02	-9.264897e+00
1.040000e-06	-4.206241e-02	-9.172161e+00
1.050000e-06	-4.347717e-02	-9.117477e+00
1.060000e-06	-4.958105e-02	-9.023284e+00
1.070000e-06	-5.126231e-02	-8.957026e+00
1.080000e-06	-4.646281e-02	-8.883391e+00
1.090000e-06	-4.547351e-02	-8.760180e+00
1.100000e-06	-5.071834e-02	-8.666967e+00
1.110000e-06	-5.198761e-02	-8.529104e+00
1.120000e-06	-4.799986e-02	-8.452662e+00
1.130000e-06	-4.705271e-02	-8.357499e+00
1.140000e-06	-5.220783e-02	-8.232312e+00
1.150000e-06	-5.406960e-02	-8.118499e+00
1.160000e-06	-5.007972e-02	-8.030785e+00
1.170000e-06	-4.579251e-02	-7.875919e+00
1.180000e-06	-4.968776e-02	-7.759078e+00
1.190000e-06	-5.115025e-02	-7.591152e+00
1.200000e-06	-4.700371e-02	-7.434312e+00
1.210000e-06	-4.387533e-02	-7.328525e+00
1.220000e-06	-4.601333e-02	-7.192685e+00
1.230000e-06	-4.944678e-02	-7.044392e+00
1.240000e-06	-4.393620e-02	-6.874951e+00
1.250000e-06	-4.188236e-02	-6.759029e+00
1.260000e-06	-4.218525e-02	-6.643165e+00
1.270000e-06	-4.169645e-02	-6.475395e+00
1.280000e-06	-3.955131e-02	-6.359051e+00
1.290000e-06	-3.548788e-02	-6.171683e+00
1.300000e-06	-3.707837e-02	-6.001263e+00
1.310000e-06	-3.727879e-02	-5.864817e+00
1.320000e-06	-3.682030e-02	-5.739050e+00
1.330000e-06	-3.251177e-02	-5.570208e+00
1.340000e-06	-3.157153e-02	-5.351651e+00
1.350000e-06	-2.972020e-02	-5.210133e+00
1.360000e-06	-2.951607e-02	-5.021213e+00
1.370000e-06	-2.658918e-02	-4.784191e+00
1.380000e-06	-2.790656e-02	-4.630237e+00
1.390000e-06	-2.486240e-02	-4.465393e+00
1.400000e-06	-2.707224e-02	-4.299447e+00
1.410000e-06	-2.199398e-02	-4.181633e+00
1.420000e-06	-2.259273e-02	-4.022737e+00
1.430000e-06	-2.011221e-02	-3.874346e+00
1.440000e-06	-2.066133e-02	-3.614767e+00
1.450000e-06	-1.860420e-02	-3.495839e+00
1.460000e-06	-1.625115e-02	-3.325322e+00
1.470000e-06	-1.828289e-02	-3.128977e+00
1.480000e-06	-1.637956e-02	-2.906501e+00
1.490000e-06	-1.698251e-02	-2.737546e+00
1.500000e-06	-1.323378e-02	-2.569575e+00
1.510000e-06	-1.371515e-02	-2.419606e+00
1.520000e-06	-1.169135e-02	-2.201733e+00
1.530000e-06	-1.165785e-02	-2.001133e+00
1.540000e-06	-9.167893e-03	-1.812182e+00
1.550000e-06	-9.226787e-03	-1.653840e+00
1.560000e-06	-9.614572e-03	-1.475268e+00
1.570000e-06	-1.074482e-02	-1.201762e+00
1.580000e-06	-8.923748e-03	-1.011213e+00
1.590000e-06	-6.423755e-03	-8.136880e-01
1.600000e-06	-6.726513e-03	-7.042970e-01
1.610000e-06	-5.945843e-03	-4.327370e-01
1.620000e-06	-4.407726e-03	-2.847895e-01
1.630000e-06	-9.806142e-04	-8.586835e-02
1.640000e-06	8.518083e-04	6.052489e-02
1.650000e-06	-1.794073e-03	2.720774e-01
1.660000e-06	-1.686712e-03	4.311263e-01
1.670000e-06	4.034441e-04	5.994436e-01
1.680000e-06	-3.510527e-04	7.779432e-01
1.690000e-06	-1.465472e-03	9.457380e-01
1.700000e-06	1.832156e-03	1.186863e+00
1.710000e-06	1.121248e-02	1.365764e+00
1.720000e-06	4.736128e-02	1.508262e+00
1.730000e-06	4.132545e-02	1.862622e+00
1.740000e-06	-4.249772e-02	2.050523e+00
1.750000e-06	-4.156644e-02	2.218470e+00
1.760000e-06	-4.579719e-02	2.366886e+00
1.770000e-06	-3.586418e-02	2.453555e+00
1.780000e-06	1.042988e-01	2.620491e+00
1.790000e-06	-2.389787e-02	2.851574e+00
1.800000e-06	-6.713225e-02	2.977417e+00
1.810000e-06	1.345931e-01	3.134805e+00
1.820000e-06	-1.497641e-02	3.379783e+00
1.830000e-06	-1.525523e-02	3.586840e+00
1.840000e-06	1.186977e-02	3.642152e+00
1.850000e-06	-8.093391e-02	3.891555e+00
1.860000e-06	6.637679e-02	4.020047e+00
1.870000e-06	4.980794e-02	4.271545e+00
1.880000e-06	-4.467474e-02	4.431051e+00
1.890000e-06	2.362153e-02	4.627970e+00
1.900000e-06	-1.571330e-02	4.757466e+00
1.910000e-06	3.339197e-02	4.924941e+00
1.920000e-06	1.464115e-03	5.197939e+00
1.930000e-06	-3.589035e-02	5.418866e+00
1.940000e-06	3.620892e-02	5.547242e+00
1.950000e-06	3.580326e-02	5.622129e+00
1.960000e-06	8.817552e-03	5.800526e+00
1.970000e-06	-3.727110e-02	6.009050e+00
1.980000e-06	7.919847e-03	6.165863e+00
1.990000e-06	4.768606e-02	6.284205e+00
2.000000e-06	-1.246635e-02	6.421523e+00
2.010000e-06	8.930597e-03	6.568962e+00
2.020000e-06	1.182063e-02	6.757969e+00
2.030000e-06	1.915789e-02	6.904834e+00
2.040000e-06	1.611290e-02	7.021025e+00
2.050000e-06	-2.168875e-02	7.179015e+00
2.060000e-06	1.620427e-02	7.242608e+00
2.070000e-06	1.508143e-02	7.381154e+00
2.080000e-06	2.256880e-02	7.628550e+00
2.090000e-06	-8.719217e-04	7.718389e+00
2.100000e-06	1.059442e-02	7.853255e+00
2.110000e-06	2.171329e-02	8.001649e+00
2.120000e-06	4.515315e-03	8.064847e+00
2.130000e-06	6.806114e-03	8.292124e+00
2.140000e-06	6.123344e-03	8.337920e+00
2.150000e-06	2.174847e-02	8.451656e+00
2.160000e-06	1.370732e-02	8.517390e+00
2.170000e-06	8.607620e-03	8.591127e+00
2.180000e-06	1.171755e-02	8.705919e+00
2.190000e-06	1.699376e-02	8.799553e+00
2.200000e-06	1.231212e-02	8.904958e+00
2.210000e-06	6.324997e-03	8.969730e+00
2.220000e-06	1.294204e-02	9.116967e+00
2.230000e-06	1.938498e-02	9.220055e+00
2.240000e-06	1.525704e-02	9.263286e+00
2.250000e-06	1.104962e-02	9.317370e+00
2.260000e-06	1.365909e-02	9.419152e+00
2.270000e-06	1.791338e-02	9.504313e+00
2.280000e-06	1.485516e-02	9.526474e+00
2.290000e-06	1.117428e-02	9.579527e+00
2.300000e-06	1.597917e-02	9.674358e+00
2.310000e-06	2.048935e-02	9.707993e+00
2.320000e-06	1.725690e-02	9.789756e+00
2.330000e-06	1.235671e-02	9.854337e+00
2.340000e-06	1.568929e-02	9.897372e+00
2.350000e-06	1.937634e-02	9.958500e+00
2.360000e-06	1.723836e-02	9.979076e+00
2.370000e-06	1.560331e-02	1.003018e+01
2.380000e-06	1.824681e-02	1.006374e+01
2.390000e-06	2.392897e-02	1.009442e+01
2.400000e-06	1.834428e-02	1.008587e+01
2.410000e-06	1.489947e-02	1.009642e+01
2.420000e-06	1.882070e-02	1.013742e+01
2.430000e-06	2.371173e-02	1.014863e+01
2.440000e-06	2.339919e-02	1.016702e+01
2.450000e-06	1.811840e-02	1.015902e+01
2.460000e-06	2.107095e-02	1.019012e+01
2.470000e-06	2.453885e-02	1.016863e+01
2.480000e-06	2.396683e-02	1.017913e+01
2.490000e-06	1.973592e-02	1.012750e+01
2.500000e-06	2.354900e-02	1.011952e+01
2.510000e-06	2.885293e-02	1.013745e+01
2.520000e-06	2.785885e-02	1.011597e+01
2.530000e-06	2.412400e-02	1.012537e+01
2.540000e-06	2.561972e-02	1.004384e+01
2.550000e-06	3.004141e-02	1.003324e+01
2.560000e-06	3.024708e-02	9.991605e+00
2.570000e-06	2.774112e-02	9.969580e+00
2.580000e-06	2.807518e-02	9.908495e+00
2.590000e-06	3.354434e-02	9.906945e+00
2.600000e-06	3.246355e-02	9.795811e+00
2.610000e-06	2.930409e-02	9.770133e+00
2.620000e-06	3.027689e-02	9.705024e+00
2.630000e-06	3.504898e-02	9.642287e+00
2.640000e-06	3.581649e-02	9.580604e+00
2.650000e-06	3.396159e-02	9.496473e+00
2.660000e-06	3.409570e-02	9.464290e+00
2.670000e-06	3.631405e-02	9.368655e+00
2.680000e-06	3.879297e-02	9.335494e+00
2.690000e-06	3.625795e-02	9.243866e+00
2.700000e-06	3.663938e-02	9.210080e+00
2.710000e-06	4.046399e-02	9.076449e+00
2.720000e-06	4.179413e-02	8.972262e+00
2.730000e-06	4.031089e-02	8.885421e+00
2.740000e-06	3.837653e-02	8.820079e+00
2.750000e-06	4.236962e-02	8.684900e+00
2.760000e-06	4.289645e-02	8.631233e+00
2.770000e-06	4.304321e-02	8.497423e+00
2.780000e-06	4.173687e-02	8.431712e+00
2.790000e-06	4.276852e-02	8.327474e+00
2.800000e-06	4.362516e-02	8.183189e+00
2.810000e-06	4.300937e-02	8.082877e+00
2.820000e-06	4.062998e-02	7.978075e+00
2.830000e-06	4.273295e-02	7.851217e+00
2.840000e-06	4.280021e-02	7.735994e+00
2.850000e-06	4.155513e-02	7.550663e+00
2.860000e-06	3.960935e-02	7.443341e+00
2.870000e-06	3.967353e-02	7.294898e+00
2.880000e-06	3.987002e-02	7.147023e+00
2.890000e-06	3.774210e-02	7.002657e+00
2.900000e-06	3.587431e-02	6.894341e+00
2.910000e-06	3.553539e-02	6.739573e+00
2.920000e-06	3.585442e-02	6.611188e+00
2.930000e-06	3.411908e-02	6.411142e+00
2.940000e-06	3.112243e-02	6.255875e+00
2.950000e-06	2.949880e-02	6.129499e+00
2.960000e-06	3.029039e-02	6.041688e+00
2.970000e-06	2.801230e-02	5.855895e+00
2.980000e-06	2.629830e-02	5.645379e+00
2.990000e-06	2.413572e-02	5.517496e+00
3.000000e-06	2.522118e-02	5.389580e+00
3.010000e-06	2.410735e-02	5.191587e+00
3.020000e-06	2.034050e-02	4.959158e+00
3.030000e-06	1.899003e-02	4.771105e+00
3.040000e-06	1.804680e-02	4.611137e+00
3.050000e-06	1.911274e-02	4.461739e+00
3.060000e-06	1.504070e-02	4.316945e+00
3.070000e-06	1.451698e-02	4.137401e+00
3.080000e-06	1.457404e-02	3.937370e+00
3.090000e-06	1.559745e-02	3.777973e+00
3.100000e-06	1.300423e-02	3.621133e+00
3.110000e-06	9.658491e-03	3.402190e+00
3.120000e-06	7.690386e-03	3.212111e+00
3.130000e-06	8.411359e-03	3.043736e+00
3.140000e-06	7.362699e-03	2.895791e+00
3.150000e-06	6.123051e-03	2.747871e+00
3.160000e-06	5.729934e-03	2.477845e+00
3.170000e-06	8.141411e-03	2.306844e+00
3.180000e-06	5.765149e-03	2.100001e+00
3.190000e-06	1.120488e-03	1.980479e+00
3.200000e-06	1.616343e-03	1.791505e+00
3.210000e-06	1.169914e-03	1.590058e+00
3.220000e-06	2.217502e-03	1.391608e+00
3.230000e-06	-7.707365e-04	1.180533e+00
3.240000e-06	-1.018993e-03	9.401268e-01
3.250000e-06	5.940830e-04	7.886540e-01
3.260000e-06	2.971221e-04	5.995292e-01
3.270000e-06	-2.136827e-03	4.416066e-01
3.280000e-06	-3.868603e-03	2.746394e-01
3.290000e-06	-2.274072e-03	1.606526e-03
3.300000e-06	2.611653e-03	-1.572644e-01
3.310000e-06	-2.008720e-04	-2.952304e-01
3.320000e-06	-4.189330e-03	-4.721301e-01
3.330000e-06	-2.872051e-03	-6.831750e-01
3.340000e-06	-2.148660e-03	-8.606488e-01
3.350000e-06	-3.893311e-03	-9.985199e-01
3.360000e-06	-4.398954e-03	-1.177866e+00
3.370000e-06	1.506279e-02	-1.366838e+00
3.380000e-06	7.832632e-02	-1.576341e+00
3.390000e-06	-3.397537e-02	-1.788465e+00
3.400000e-06	-4.340233e-02	-2.041071e+00
3.410000e-06	-7.476866e-02	-2.323704e+00
3.420000e-06	-6.785584e-02	-2.443728e+00
3.430000e-06	1.376384e-01	-2.525843e+00
3.440000e-06	-3.250062e-02	-2.651678e+00
3.450000e-06	-1.249970e-01	-2.882678e+00
3.460000e-06	1.659854e-01	-3.031099e+00
3.470000e-06	-3.689362e-02	-3.231047e+00
3.480000e-06	-3.800990e-02	-3.430579e+00
3.490000e-06	3.640316e-02	-3.549521e+00
3.500000e-06	-1.544671e-01	-3.738416e+00
3.510000e-06	6.293097e-02	-3.959466e+00
3.520000e-06	8.368380e-02	-4.104279e+00
3.530000e-06	-1.050929e-01	-4.326334e+00
3.540000e-06	4.589539e-02	-4.410624e+00
3.550000e-06	-5.268341e-02	-4.617524e+00
3.560000e-06	1.916843e-02	-4.810121e+00
3.570000e-06	1.982005e-02	-4.988444e+00
3.580000e-06	-1.476815e-01	-5.135758e+00
3.590000e-06	1.017452e-01	-5.295364e+00
3.600000e-06	6.037595e-03	-5.496315e+00
3.610000e-06	-2.922610e-02	-5.716838e+00
3.620000e-06	-3.119443e-02	-5.851705e+00
3.630000e-06	-5.819306e-02	-5.978497e+00
3.640000e-06	9.255434e-02	-6.098810e+00
3.650000e-06	-8.320215e-02	-6.345437e+00
3.660000e-06	-1.693883e-02	-6.483835e+00
3.670000e-06	2.638884e-02	-6.550121e+00
3.680000e-06	-2.797674e-02	-6.757971e+00
3.690000e-06	2.754915e-02	-6.883279e+00
3.700000e-06	-1.015752e-01	-7.041331e+00
3.710000e-06	3.185290e-02	-7.210126e+00
3.720000e-06	-6.643735e-04	-7.326868e+00
3.730000e-06	-2.827969e-02	-7.493784e+00
3.740000e-06	-7.110184e-03	-7.549097e+00
3.750000e-06	-3.973311e-02	-7.718042e+00
3.760000e-06	3.858885e-02	-7.896992e+00
3.770000e-06	-5.337515e-02	-8.031780e+00
3.780000e-06	-2.008214e-02	-8.126993e+00
3.790000e-06	-1.657800e-02	-8.272759e+00
3.800000e-06	-3.564936e-03	-8.338470e+00
3.810000e-06	-1.931354e-03	-8.421756e+00
3.820000e-06	-5.084606e-02	-8.528620e+00
3.830000e-06	2.529346e-03	-8.646391e+00
3.840000e-06	-1.522398e-02	-8.800199e+00
3.850000e-06	-1.180734e-02	-8.873788e+00
3.860000e-06	-3.772101e-02	-8.971098e+00
3.870000e-06	-1.874269e-02	-9.082762e+00
3.880000e-06	2.012076e-03	-9.126918e+00
3.890000e-06	-2.490724e-02	-9.190127e+00
3.900000e-06	-2.481759e-02	-9.284887e+00
3.910000e-06	-2.573594e-02	-9.371149e+00
3.920000e-06	-3.716548e-03	-9.437444e+00
3.930000e-06	-2.276634e-02	-9.548551e+00
3.940000e-06	-3.193750e-02	-9.612707e+00
3.950000e-06	-2.099632e-02	-9.665712e+00
3.960000e-06	-8.900164e-03	-9.687496e+00
3.970000e-06	-1.857570e-02	-9.779626e+00
3.980000e-06	-3.449982e-02	-9.822682e+00
3.990000e-06	-2.339381e-02	-9.893392e+00
4.000000e-06	-1.520982e-02	-9.927470e+00
4.010000e-06	-2.028449e-02	-9.958475e+00
4.020000e-06	-3.309762e-02	-9.980501e+00
4.030000e-06	-2.429772e-02	-9.991758e+00
4.040000e-06	-1.553586e-02	-1.005281e+01
4.050000e-06	-2.255135e-02	-1.008485e+01
4.060000e-06	-3.381969e-02	-1.013449e+01
4.070000e-06	-2.948072e-02	-1.013017e+01
4.080000e-06	-1.846928e-02	-1.013925e+01
4.090000e-06	-2.333710e-02	-1.015813e+01
4.100000e-06	-3.186976e-02	-1.017268e+01
4.110000e-06	-3.242147e-02	-1.023129e+01
4.120000e-06	-2.260652e-02	-1.017331e+01
4.130000e-06	-2.664523e-02	-1.018218e+01
4.140000e-06	-3.491044e-02	-1.019241e+01
4.150000e-06	-3.406085e-02	-1.020136e+01
4.160000e-06	-2.694574e-02	-1.016826e+01
4.170000e-06	-2.637518e-02	-1.012162e+01
4.180000e-06	-3.617817e-02	-1.012854e+01
4.190000e-06	-3.762836e-02	-1.011460e+01
4.200000e-06	-3.230188e-02	-1.005442e+01
4.210000e-06	-3.129940e-02	-1.003186e+01
4.220000e-06	-3.823424e-02	-1.002166e+01
4.230000e-06	-4.045775e-02	-9.960051e+00
4.240000e-06	-3.353509e-02	-9.947474e+00
4.250000e-06	-3.414921e-02	-9.897476e+00
4.260000e-06	-3.987589e-02	-9.834238e+00
4.270000e-06	-4.159375e-02	-9.781183e+00
4.280000e-06	-3.699370e-02	-9.740132e+00
4.290000e-06	-3.597340e-02	-9.718297e+00
4.300000e-06	-4.234866e-02	-9.664336e+00
4.310000e-06	-4.421162e-02	-9.601132e+00
4.320000e-06	-4.292402e-02	-9.539006e+00
4.330000e-06	-4.003616e-02	-9.464997e+00
4.340000e-06	-4.433034e-02	-9.361133e+00
4.350000e-06	-4.663115e-02	-9.275443e+00
4.360000e-06	-4.379901e-02	-9.210704e+00
4.370000e-06	-4.333381e-02	-9.096000e+00
4.380000e-06	-4.707740e-02	-9.024212e+00
4.390000e-06	-5.046804e-02	-8.918548e+00
4.400000e-06	-4.901488e-02	-8.833841e+00
4.410000e-06	-4.732722e-02	-8.790634e+00
4.420000e-06	-4.929144e-02	-8.646468e+00
4.430000e-06	-5.027293e-02	-8.530131e+00
4.440000e-06	-4.914064e-02	-8.453836e+00
4.450000e-06	-4.746224e-02	-8.316974e+00
4.460000e-06	-5.109091e-02	-8.224813e+00
4.470000e-06	-5.230250e-02	-8.107547e+00
4.480000e-06	-5.070514e-02	-8.023259e+00
4.490000e-06	-4.838887e-02	-7.889972e+00
4.500000e-06	-4.820734e-02	-7.758579e+00
4.510000e-06	-4.977173e-02	-7.601710e+00
4.520000e-06	-4.696672e-02	-7.474439e+00
4.530000e-06	-4.575412e-02	-7.347475e+00
4.540000e-06	-4.656484e-02	-7.233712e+00
4.550000e-06	-4.731595e-02	-7.076367e+00
4.560000e-06	-4.452249e-02	-6.885419e+00
4.570000e-06	-4.314496e-02	-6.749054e+00
4.580000e-06	-4.174645e-02	-6.644738e+00
4.590000e-06	-4.107632e-02	-6.476872e+00
4.600000e-06	-3.795298e-02	-6.330083e+00
4.610000e-06	-3.785267e-02	-6.162660e+00
4.620000e-06	-3.799568e-02	-5.991259e+00
4.630000e-06	-3.705437e-02	-5.884818e+00
4.640000e-06	-3.534019e-02	-5.747950e+00
4.650000e-06	-3.347521e-02	-5.551659e+00
4.660000e-06	-3.205613e-02	-5.363135e+00
4.670000e-06	-3.034332e-02	-5.211106e+00
4.680000e-06	-2.813347e-02	-5.002662e+00
4.690000e-06	-2.811356e-02	-4.822341e+00
4.700000e-06	-2.845593e-02	-4.663186e+00
4.710000e-06	-2.616889e-02	-4.485864e+00
4.720000e-06	-2.462436e-02	-4.308550e+00
4.730000e-06	-2.374863e-02	-4.200133e+00
4.740000e-06	-2.204814e-02	-4.021660e+00
4.750000e-06	-2.136488e-02	-3.873393e+00
4.760000e-06	-1.974749e-02	-3.643791e+00
4.770000e-06	-1.831312e-02	-3.485862e+00
4.780000e-06	-1.824246e-02	-3.307971e+00
4.790000e-06	-1.823230e-02	-3.157473e+00
4.800000e-06	-1.541965e-02	-2.885474e+00
4.810000e-06	-1.696113e-02	-2.728026e+00
4.820000e-06	-1.460434e-02	-2.601557e+00
4.830000e-06	-1.457367e-02	-2.401533e+00
4.840000e-06	-1.003155e-02	-2.242713e+00
4.850000e-06	-1.083422e-02	-2.010654e+00
4.860000e-06	-1.135272e-02	-1.834209e+00
4.870000e-06	-1.034514e-02	-1.665212e+00
4.880000e-06	-9.287025e-03	-1.466267e+00
4.890000e-06	-9.612455e-03	-1.222637e+00
4.900000e-06	-9.257933e-03	-1.023213e+00
4.910000e-06	-8.575842e-03	-8.432170e-01
4.920000e-06	-5.373563e-03	-7.027923e-01
4.930000e-06	-5.118451e-03	-4.852643e-01
4.940000e-06	-4.792883e-03	-3.048435e-01
4.950000e-06	-3.858951e-03	-1.273959e-01
4.960000e-06	1.170994e-03	8.150520e-02
4.970000e-06	4.281121e-04	3.040525e-01
4.980000e-06	-1.077703e-03	4.320238e-01
4.990000e-06	-1.482069e-03	5.809223e-01
5.000000e-06	-4.280728e-04	7.578144e-01
5.010000e-06	1.720849e-03	9.172592e-01
5.020000e-06	1.974284e-03	1.178815e+00
5.030000e-06	8.512713e-03	1.336388e+00
5.040000e-06	4.422949e-02	1.546767e+00
5.050000e-06	4.696153e-02	1.838919e+00
5.060000e-06	-3.951262e-02	2.041023e+00
5.070000e-06	-4.299709e-02	2.199465e+00
5.080000e-06	-4.642175e-02	2.367823e+00
5.090000e-06	-3.742179e-02	2.401553e+00
5.100000e-06	1.000522e-01	2.598996e+00
5.110000e-06	-1.185105e-02	2.840974e+00
5.120000e-06	-8.000582e-02	2.967846e+00
5.130000e-06	1.358955e-01	3.104729e+00
5.140000e-06	-6.050896e-03	3.405315e+00
5.150000e-06	-2.214542e-02	3.585790e+00
5.160000e-06	1.567281e-02	3.652052e+00
5.170000e-06	-8.072808e-02	3.882276e+00
5.180000e-06	6.067765e-02	4.010424e+00
5.190000e-06	5.602619e-02	4.189544e+00
5.200000e-06	-4.625691e-02	4.389023e+00
5.210000e-06	1.948114e-02	4.596992e+00
5.220000e-06	-1.077791e-02	4.778391e+00
5.230000e-06	2.845702e-02	4.904286e+00
5.240000e-06	6.467722e-03	5.186867e+00
5.250000e-06	-3.891169e-02	5.336841e+00
5.260000e-06	3.583387e-02	5.524812e+00
5.270000e-06	3.622982e-02	5.641156e+00
5.280000e-06	9.351966e-03	5.830124e+00
5.290000e-06	-3.687522e-02	6.001451e+00
5.300000e-06	3.271332e-03	6.136815e+00
5.310000e-06	5.040823e-02	6.253203e+00
5.320000e-06	-1.331361e-02	6.441546e+00
5.330000e-06	7.626077e-03	6.578818e+00
5.340000e-06	1.263209e-02	6.777396e+00
5.350000e-06	1.923076e-02	6.884783e+00
5.360000e-06	1.628084e-02	7.021079e+00
5.370000e-06	-2.169446e-02	7.176891e+00
5.380000e-06	1.431924e-02	7.242185e+00
5.390000e-06	1.805220e-02	7.422179e+00
5.400000e-06	2.192013e-02	7.600051e+00
5.410000e-06	-8.455075e-04	7.705363e+00
5.420000e-06	8.059726e-03	7.883262e+00
5.430000e-06	2.267507e-02	8.018624e+00
5.440000e-06	6.418771e-03	8.116793e+00
5.450000e-06	4.863051e-03	8.272758e+00
5.460000e-06	6.435743e-03	8.327945e+00
5.470000e-06	2.247410e-02	8.411255e+00
5.480000e-06	1.576737e-02	8.516390e+00
5.490000e-06	5.297579e-03	8.590629e+00
5.500000e-06	9.378528e-03	8.705392e+00
5.510000e-06	1.742964e-02	8.769049e+00
5.520000e-06	1.445916e-02	8.854361e+00
5.530000e-06	6.185310e-03	8.979148e+00
5.540000e-06	1.179107e-02	9.085918e+00
5.550000e-06	2.087041e-02	9.220053e+00
5.560000e-06	1.648905e-02	9.283707e+00
5.570000e-06	8.283991e-03	9.317492e+00
5.580000e-06	1.071333e-02	9.401104e+00
5.590000e-06	1.816033e-02	9.474335e+00
5.600000e-06	1.682549e-02	9.578398e+00
5.610000e-06	1.009694e-02	9.589525e+00
5.620000e-06	1.510919e-02	9.603190e+00
5.630000e-06	2.270188e-02	9.727519e+00
5.640000e-06	1.921428e-02	9.801608e+00
5.650000e-06	1.100393e-02	9.812788e+00
5.660000e-06	1.247659e-02	9.937369e+00
5.670000e-06	2.051326e-02	9.937999e+00
5.680000e-06	1.888156e-02	9.969575e+00
5.690000e-06	1.616986e-02	1.002221e+01
5.700000e-06	1.590727e-02	1.008319e+01
5.710000e-06	2.320395e-02	1.007689e+01
5.720000e-06	2.031509e-02	1.010489e+01
5.730000e-06	1.649570e-02	1.010694e+01
5.740000e-06	1.667985e-02	1.013599e+01
5.750000e-06	2.154870e-02	1.015750e+01
5.760000e-06	2.444300e-02	1.012960e+01
5.770000e-06	1.880114e-02	1.014908e+01
5.780000e-06	1.997545e-02	1.017005e+01
5.790000e-06	2.200785e-02	1.018813e+01
5.800000e-06	2.609585e-02	1.013808e+01
5.810000e-06	2.136168e-02	1.014805e+01
5.820000e-06	2.286121e-02	1.013945e+01
5.830000e-06	2.638437e-02	1.012754e+01
5.840000e-06	2.952070e-02	1.011649e+01
5.850000e-06	2.562121e-02	1.008642e+01
5.860000e-06	2.388469e-02	1.008431e+01
5.870000e-06	2.802353e-02	1.003431e+01
5.880000e-06	3.125339e-02	1.002213e+01
5.890000e-06	3.076886e-02	1.000110e+01
5.900000e-06	2.820022e-02	9.957469e+00
5.910000e-06	3.090778e-02	9.886422e+00
5.920000e-06	3.258304e-02	9.823813e+00
5.930000e-06	3.135072e-02	9.759108e+00
5.940000e-06	2.969789e-02	9.727120e+00
5.950000e-06	3.240202e-02	9.642718e+00
5.960000e-06	3.590777e-02	9.580556e+00
5.970000e-06	3.477969e-02	9.516498e+00
5.980000e-06	3.461058e-02	9.454791e+00
5.990000e-06	3.531151e-02	9.400182e+00
6.000000e-06	3.812640e-02	9.306496e+00
6.010000e-06	3.743818e-02	9.274192e+00
6.020000e-06	3.781487e-02	9.180606e+00
6.030000e-06	3.967608e-02	9.106995e+00
6.040000e-06	4.075094e-02	8.970767e+00
6.050000e-06	4.041830e-02	8.904897e+00
6.060000e-06	3.988730e-02	8.809504e+00
6.070000e-06	4.194472e-02	8.706470e+00
6.080000e-06	4.183368e-02	8.602187e+00
6.090000e-06	4.361523e-02	8.537398e+00
6.100000e-06	4.157374e-02	8.442186e+00
6.110000e-06	4.350445e-02	8.348525e+00
6.120000e-06	4.295857e-02	8.203737e+00
6.130000e-06	4.302367e-02	8.082852e+00
6.140000e-06	4.218301e-02	7.928074e+00
6.150000e-06	4.217767e-02	7.842192e+00
6.160000e-06	4.211240e-02	7.746945e+00
6.170000e-06	4.094762e-02	7.622133e+00
6.180000e-06	3.982456e-02	7.457311e+00
6.190000e-06	3.986680e-02	7.275852e+00
6.200000e-06	3.939458e-02	7.139000e+00
6.210000e-06	3.726159e-02	7.023209e+00
6.220000e-06	3.689208e-02	6.876743e+00
6.230000e-06	3.563709e-02	6.778554e+00
6.240000e-06	3.485996e-02	6.601161e+00
6.250000e-06	3.315917e-02	6.442168e+00
6.260000e-06	3.206649e-02	6.296319e+00
6.270000e-06	3.093651e-02	6.150524e+00
6.280000e-06	2.959765e-02	6.051164e+00
6.290000e-06	2.755131e-02	5.864870e+00
6.300000e-06	2.643225e-02	5.716924e+00
6.310000e-06	2.589782e-02	5.516952e+00
6.320000e-06	2.456848e-02	5.360054e+00
6.330000e-06	2.289202e-02	5.231708e+00
6.340000e-06	2.138699e-02	4.959632e+00
6.350000e-06	2.085138e-02	4.790709e+00
6.360000e-06	1.921140e-02	4.633660e+00
6.370000e-06	1.678062e-02	4.455738e+00
6.380000e-06	1.664576e-02	4.337395e+00
6.390000e-06	1.555519e-02	4.087351e+00
6.400000e-06	1.525151e-02	3.927975e+00
6.410000e-06	1.244113e-02	3.778607e+00
6.420000e-06	1.162991e-02	3.620612e+00
6.430000e-06	1.113096e-02	3.405640e+00
6.440000e-06	9.596099e-03	3.201711e+00
6.450000e-06	8.105600e-03	3.054787e+00
6.460000e-06	6.839415e-03	2.874867e+00
6.470000e-06	6.865475e-03	2.757424e+00
6.480000e-06	6.136208e-03	2.526449e+00
6.490000e-06	4.449089e-03	2.306394e+00
6.500000e-06	3.838296e-03	2.150003e+00
6.510000e-06	3.799196e-03	1.990505e+00
6.520000e-06	2.456694e-03	1.781134e+00
6.530000e-06	1.569290e-03	1.570007e+00
6.540000e-06	1.557074e-03	1.430610e+00
6.550000e-06	3.075206e-04	1.200136e+00
6.560000e-06	-4.709135e-04	9.905091e-01
6.570000e-06	-6.606540e-04	7.710002e-01
6.580000e-06	-1.947537e-03	6.109803e-01
6.590000e-06	-1.154875e-03	4.321355e-01
6.600000e-06	-2.204305e-03	2.355919e-01
6.610000e-06	-1.730061e-03	1.153915e-02
6.620000e-06	1.813644e-03	-9.686310e-02
6.630000e-06	9.033078e-04	-3.231816e-01
6.640000e-06	-3.615796e-03	-4.310025e-01
6.650000e-06	-3.035286e-03	-6.822027e-01
6.660000e-06	-5.859407e-03	-8.221014e-01
6.670000e-06	-4.105557e-03	-9.989211e-01
6.680000e-06	-3.670121e-03	-1.158339e+00
6.690000e-06	1.281579e-02	-1.356768e+00
6.700000e-06	7.653207e-02	-1.577364e+00
6.710000e-06	-2.568334e-02	-1.768865e+00
6.720000e-06	-4.413770e-02	-2.020095e+00
6.730000e-06	-7.096897e-02	-2.295679e+00
6.740000e-06	-7.503537e-02	-2.432653e+00
6.750000e-06	1.295787e-01	-2.514838e+00
6.760000e-06	-1.459480e-02	-2.661196e+00
6.770000e-06	-1.383202e-01	-2.873149e+00
6.780000e-06	1.629008e-01	-2.972652e+00
6.790000e-06	-2.480913e-02	-3.188095e+00
6.800000e-06	-4.619638e-02	-3.431096e+00
6.810000e-06	4.378759e-02	-3.558898e+00
6.820000e-06	-1.503174e-01	-3.717340e+00
6.830000e-06	4.463686e-02	-3.966943e+00
6.840000e-06	9.698784e-02	-4.074257e+00
6.850000e-06	-1.071428e-01	-4.335259e+00
6.860000e-06	4.271847e-02	-4.400576e+00
6.870000e-06	-4.670845e-02	-4.610097e+00
6.880000e-06	7.257394e-03	-4.830523e+00
6.890000e-06	3.425794e-02	-4.948472e+00
6.900000e-06	-1.503276e-01	-5.117441e+00
6.910000e-06	9.003113e-02	-5.284862e+00
6.920000e-06	1.739883e-02	-5.515865e+00
6.930000e-06	-3.385478e-02	-5.684860e+00
6.940000e-06	-2.485637e-02	-5.821703e+00
6.950000e-06	-6.647516e-02	-5.977497e+00
6.960000e-06	9.246945e-02	-6.136908e+00
6.970000e-06	-7.329269e-02	-6.325889e+00
6.980000e-06	-2.631597e-02	-6.474182e+00
6.990000e-06	3.151435e-02	-6.611022e+00
7.000000e-06	-3.272113e-02	-6.766941e+00
7.010000e-06	3.136865e-02	-6.854309e+00
7.020000e-06	-9.765156e-02	-7.043262e+00
7.030000e-06	2.250207e-02	-7.178605e+00
7.040000e-06	7.024100e-03	-7.335942e+00
7.050000e-06	-3.345466e-02	-7.473233e+00
7.060000e-06	-2.612708e-03	-7.558601e+00
7.070000e-06	-4.433370e-02	-7.767067e+00
7.080000e-06	3.838689e-02	-7.866971e+00
7.090000e-06	-4.873640e-02	-8.001631e+00
7.100000e-06	-2.315204e-02	-8.149022e+00
7.110000e-06	-1.271227e-02	-8.231630e+00
7.120000e-06	-8.267559e-03	-8.349417e+00
7.130000e-06	2.210441e-03	-8.412156e+00
7.140000e-06	-5.247927e-02	-8.536070e+00
7.150000e-06	2.123662e-03	-8.674966e+00
7.160000e-06	-1.556492e-02	-8.830625e+00
7.170000e-06	-1.227993e-02	-8.873316e+00
7.180000e-06	-3.523072e-02	-8.957576e+00
7.190000e-06	-2.064560e-02	-9.083783e+00
7.200000e-06	2.592252e-03	-9.127872e+00
7.210000e-06	-2.610366e-02	-9.200056e+00
7.220000e-06	-2.489077e-02	-9.276315e+00
7.230000e-06	-2.628791e-02	-9.370123e+00
7.240000e-06	-3.467645e-03	-9.446443e+00
7.250000e-06	-2.234481e-02	-9.528521e+00
7.260000e-06	-3.235079e-02	-9.601679e+00
7.270000e-06	-2.072752e-02	-9.664367e+00
7.280000e-06	-1.012201e-02	-9.717990e+00
7.290000e-06	-1.811976e-02	-9.787599e+00
7.300000e-06	-3.507667e-02	-9.803182e+00
7.310000e-06	-2.281975e-02	-9.873868e+00
7.320000e-06	-1.460236e-02	-9.928472e+00
7.330000e-06	-2.027192e-02	-9.949450e+00
7.340000e-06	-3.382706e-02	-1.003958e+01
7.350000e-06	-2.518998e-02	-1.001060e+01
7.360000e-06	-1.551280e-02	-1.003238e+01
7.370000e-06	-2.163530e-02	-1.013392e+01
7.380000e-06	-3.402183e-02	-1.013649e+01
7.390000e-06	-2.934254e-02	-1.012912e+01
7.400000e-06	-1.852062e-02	-1.011171e+01
7.410000e-06	-2.297613e-02	-1.019926e+01
7.420000e-06	-3.257694e-02	-1.017078e+01
7.430000e-06	-3.141442e-02	-1.024121e+01
7.440000e-06	-2.154853e-02	-1.016241e+01
7.450000e-06	-2.672025e-02	-1.019218e+01
7.460000e-06	-3.584555e-02	-1.016963e+01
7.470000e-06	-3.349986e-02	-1.019231e+01
7.480000e-06	-2.608721e-02	-1.013974e+01
7.490000e-06	-2.612330e-02	-1.012706e+01
7.500000e-06	-3.693514e-02	-1.010754e+01
7.510000e-06	-3.752708e-02	-1.009612e+01
7.520000e-06	-3.186063e-02	-1.008557e+01
7.530000e-06	-3.090893e-02	-1.005333e+01
7.540000e-06	-3.907131e-02	-9.992155e+00
7.550000e-06	-4.023103e-02	-9.988525e+00
7.560000e-06	-3.222159e-02	-9.897578e+00
7.570000e-06	-3.338597e-02	-9.866549e+00
7.580000e-06	-4.151014e-02	-9.904313e+00
7.590000e-06	-4.360479e-02	-9.811734e+00
7.600000e-06	-3.657299e-02	-9.760183e+00
7.610000e-06	-3.490524e-02	-9.676001e+00
7.620000e-06	-4.252865e-02	-9.634240e+00
7.630000e-06	-4.447989e-02	-9.601682e+00
7.640000e-06	-4.104606e-02	-9.529052e+00
7.650000e-06	-4.005356e-02	-9.436921e+00
7.660000e-06	-4.594727e-02	-9.371182e+00
7.670000e-06	-4.878919e-02	-9.315043e+00
7.680000e-06	-4.396054e-02	-9.230684e+00
7.690000e-06	-4.331890e-02	-9.097954e+00
7.700000e-06	-4.731775e-02	-9.024813e+00
7.710000e-06	-5.060764e-02	-8.950074e+00
7.720000e-06	-4.818764e-02	-8.863416e+00
7.730000e-06	-4.590130e-02	-8.789053e+00
7.740000e-06	-4.926597e-02	-8.695944e+00
7.750000e-06	-5.133203e-02	-8.558556e+00
7.760000e-06	-4.949080e-02	-8.452272e+00
7.770000e-06	-4.760197e-02	-8.338478e+00
7.780000e-06	-5.095353e-02	-8.233816e+00
7.790000e-06	-5.248481e-02	-8.097551e+00
7.800000e-06	-5.045893e-02	-8.032868e+00
7.810000e-06	-4.721788e-02	-7.887972e+00
7.820000e-06	-4.853969e-02	-7.800606e+00
7.830000e-06	-5.041600e-02	-7.591656e+00
7.840000e-06	-4.837186e-02	-7.455388e+00
7.850000e-06	-4.550184e-02	-7.368052e+00
7.860000e-06	-4.618192e-02	-7.221163e+00
7.870000e-06	-4.734829e-02	-7.075948e+00
7.880000e-06	-4.532523e-02	-6.897076e+00
7.890000e-06	-4.142511e-02	-6.779553e+00
7.900000e-06	-4.142819e-02	-6.623709e+00
7.910000e-06	-4.207944e-02	-6.496017e+00
7.920000e-06	-4.126714e-02	-6.389583e+00
7.930000e-06	-3.752387e-02	-6.202766e+00
7.940000e-06	-3.659486e-02	-6.022213e+00
7.950000e-06	-3.816516e-02	-5.886392e+00
7.960000e-06	-3.606554e-02	-5.757897e+00
7.970000e-06	-3.310015e-02	-5.611633e+00
7.980000e-06	-3.131920e-02	-5.414659e+00
7.990000e-06	-3.167334e-02	-5.219707e+00
8.000000e-06	-3.149397e-02	-5.033292e+00
8.010000e-06	-2.782051e-02	-4.793717e+00
8.020000e-06	-2.646447e-02	-4.624767e+00
8.030000e-06	-2.581811e-02	-4.494843e+00
8.040000e-06	-2.576887e-02	-4.387052e+00
8.050000e-06	-2.327441e-02	-4.171082e+00
8.060000e-06	-2.185574e-02	-4.003764e+00
8.070000e-06	-2.196831e-02	-3.886291e+00
8.080000e-06	-2.171590e-02	-3.633292e+00
8.090000e-06	-1.883038e-02	-3.496294e+00
8.100000e-06	-1.599632e-02	-3.336971e+00
8.110000e-06	-1.778440e-02	-3.158024e+00
8.120000e-06	-1.664691e-02	-2.969104e+00
8.130000e-06	-1.747174e-02	-2.768100e+00
8.140000e-06	-1.339147e-02	-2.590134e+00
8.150000e-06	-1.512220e-02	-2.433179e+00
8.160000e-06	-1.175951e-02	-2.223167e+00
8.170000e-06	-1.162618e-02	-2.013233e+00
8.180000e-06	-8.737913e-03	-1.852238e+00
8.190000e-06	-9.922747e-03	-1.673742e+00
8.200000e-06	-1.019231e-02	-1.525290e+00
8.210000e-06	-9.783118e-03	-1.241716e+00
8.220000e-06	-8.331332e-03	-1.033288e+00
8.230000e-06	-8.327471e-03	-8.862132e-01
8.240000e-06	-6.853495e-03	-6.842945e-01
8.250000e-06	-5.108027e-03	-4.542644e-01
8.260000e-06	-4.737673e-03	-3.163157e-01
8.270000e-06	-3.462469e-03	-1.148000e-01
8.280000e-06	8.182632e-05	3.099994e-02
8.290000e-06	1.358029e-03	3.016538e-01
8.300000e-06	-1.908938e-03	4.510738e-01
8.310000e-06	-1.242137e-03	5.888698e-01
8.320000e-06	-7.251553e-04	7.582921e-01
8.330000e-06	1.218682e-03	9.242303e-01
8.340000e-06	1.213852e-03	1.144863e+00
8.350000e-06	7.980887e-03	1.314735e+00
8.360000e-06	4.178590e-02	1.525285e+00
8.370000e-06	5.151636e-02	1.839987e+00
8.380000e-06	-3.784209e-02	2.019522e+00
8.390000e-06	-4.348366e-02	2.188420e+00
8.400000e-06	-4.571666e-02	2.357813e+00
8.410000e-06	-4.246382e-02	2.400054e+00
8.420000e-06	9.262643e-02	2.637441e+00
8.430000e-06	3.986669e-03	2.820522e+00
8.440000e-06	-8.851502e-02	2.987366e+00
8.450000e-06	1.341800e-01	3.094734e+00
8.460000e-06	1.091056e-03	3.365887e+00
8.470000e-06	-2.560934e-02	3.577316e+00
8.480000e-06	2.011634e-02	3.692629e+00
8.490000e-06	-8.175255e-02	3.852150e+00
8.500000e-06	5.110834e-02	3.970047e+00
8.510000e-06	6.203283e-02	4.168941e+00
8.520000e-06	-4.391405e-02	4.409974e+00
8.530000e-06	1.862531e-02	4.556918e+00
8.540000e-06	-7.772487e-03	4.796360e+00
8.550000e-06	2.264913e-02	4.896287e+00
8.560000e-06	1.243255e-02	5.136816e+00
8.570000e-06	-4.197370e-02	5.356367e+00
8.580000e-06	3.219180e-02	5.515786e+00
8.590000e-06	3.665582e-02	5.601606e+00
8.600000e-06	1.109064e-02	5.789550e+00
8.610000e-06	-3.368102e-02	5.990023e+00
8.620000e-06	-1.195443e-03	6.136915e+00
8.630000e-06	5.199295e-02	6.262779e+00
8.640000e-06	-1.182333e-02	6.409025e+00
8.650000e-06	6.891347e-03	6.559916e+00
8.660000e-06	1.219079e-02	6.767918e+00
8.670000e-06	1.730041e-02	6.893233e+00
8.680000e-06	1.714305e-02	7.030549e+00
8.690000e-06	-2.070347e-02	7.117496e+00
8.700000e-06	1.342720e-02	7.223732e+00
8.710000e-06	1.672104e-02	7.400125e+00
8.720000e-06	2.166567e-02	7.559549e+00
8.730000e-06	9.470277e-04	7.717414e+00
8.740000e-06	8.449201e-03	7.803256e+00
8.750000e-06	2.287695e-02	8.019653e+00
8.760000e-06	4.766284e-03	8.147363e+00
8.770000e-06	5.163773e-03	8.261653e+00
8.780000e-06	6.479202e-03	8.367472e+00
8.790000e-06	2.045835e-02	8.431181e+00
8.800000e-06	1.574792e-02	8.497392e+00
8.810000e-06	8.300579e-03	8.619632e+00
8.820000e-06	1.139017e-02	8.687892e+00
8.830000e-06	1.786330e-02	8.810051e+00
8.840000e-06	1.244536e-02	8.873716e+00
8.850000e-06	6.312306e-03	8.969200e+00
8.860000e-06	1.124039e-02	9.107443e+00
8.870000e-06	2.097912e-02	9.151027e+00
8.880000e-06	1.540688e-02	9.281811e+00
8.890000e-06	1.006910e-02	9.336895e+00
8.900000e-06	1.297769e-02	9.410128e+00
8.910000e-06	1.876469e-02	9.442840e+00
8.920000e-06	1.722508e-02	9.515917e+00
8.930000e-06	1.020034e-02	9.599123e+00
8.940000e-06	1.636382e-02	9.623361e+00
8.950000e-06	2.152185e-02	9.715618e+00
8.960000e-06	1.792715e-02	9.788727e+00
8.970000e-06	1.137061e-02	9.822384e+00
8.980000e-06	1.365415e-02	9.887371e+00
8.990000e-06	2.124819e-02	9.970601e+00
9.000000e-06	1.755427e-02	1.000005e+01
9.010000e-06	1.567291e-02	1.002060e+01
9.020000e-06	1.759072e-02	1.004023e+01
9.030000e-06	2.432908e-02	1.006531e+01
9.040000e-06	1.928315e-02	1.009644e+01
9.050000e-06	1.555881e-02	1.012542e+01
9.060000e-06	1.785152e-02	1.009699e+01
9.070000e-06	2.364623e-02	1.017752e+01
9.080000e-06	2.283154e-02	1.011957e+01
9.090000e-06	1.832447e-02	1.014850e+01
9.100000e-06	2.130158e-02	1.016905e+01
9.110000e-06	2.462079e-02	1.015853e+01
9.120000e-06	2.447890e-02	1.014008e+01
9.130000e-06	1.947236e-02	1.013803e+01
9.140000e-06	2.375277e-02	1.015857e+01
9.150000e-06	2.742327e-02	1.013745e+01
9.160000e-06	2.928256e-02	1.011794e+01
9.170000e-06	2.445704e-02	1.010534e+01
9.180000e-06	2.498086e-02	1.006379e+01
9.190000e-06	2.917411e-02	1.004384e+01
9.200000e-06	3.107394e-02	1.004161e+01
9.210000e-06	2.815096e-02	9.980075e+00
9.220000e-06	2.788833e-02	9.938501e+00
9.230000e-06	3.169195e-02	9.897496e+00
9.240000e-06	3.334785e-02	9.853370e+00
9.250000e-06	3.029789e-02	9.761682e+00
9.260000e-06	2.980017e-02	9.707570e+00
9.270000e-06	3.243532e-02	9.653315e+00
9.280000e-06	3.522510e-02	9.560184e+00
9.290000e-06	3.428637e-02	9.517502e+00
9.300000e-06	3.461758e-02	9.475265e+00
9.310000e-06	3.710007e-02	9.390608e+00
9.320000e-06	3.835253e-02	9.357474e+00
9.330000e-06	3.733369e-02	9.254816e+00
9.340000e-06	3.691925e-02	9.219606e+00
9.350000e-06	3.868483e-02	9.117474e+00
9.360000e-06	4.076577e-02	8.972239e+00
9.370000e-06	4.054524e-02	8.914977e+00
9.380000e-06	3.984246e-02	8.800084e+00
9.390000e-06	4.148536e-02	8.686895e+00
9.400000e-06	4.265590e-02	8.602188e+00
9.410000e-06	4.361629e-02	8.497426e+00
9.420000e-06	4.196655e-02	8.411735e+00
9.430000e-06	4.257400e-02	8.318475e+00
9.440000e-06	4.308036e-02	8.213663e+00
9.450000e-06	4.290447e-02	8.093928e+00
9.460000e-06	4.120708e-02	7.951078e+00
9.470000e-06	4.149838e-02	7.814263e+00
9.480000e-06	4.320239e-02	7.736549e+00
9.490000e-06	4.196442e-02	7.619160e+00
9.500000e-06	4.004208e-02	7.434391e+00
9.510000e-06	3.856656e-02	7.275869e+00
9.520000e-06	3.890614e-02	7.158529e+00
9.530000e-06	3.892236e-02	7.032237e+00
9.540000e-06	3.803162e-02	6.885341e+00
9.550000e-06	3.462027e-02	6.769603e+00
9.560000e-06	3.477511e-02	6.572192e+00
9.570000e-06	3.424383e-02	6.431788e+00
9.580000e-06	3.321788e-02	6.295917e+00
9.590000e-06	2.973126e-02	6.180528e+00
9.600000e-06	2.942751e-02	6.042664e+00
9.610000e-06	2.843732e-02	5.877893e+00
9.620000e-06	2.760107e-02	5.676501e+00
9.630000e-06	2.435652e-02	5.579471e+00
9.640000e-06	2.443182e-02	5.390550e+00
9.650000e-06	2.375301e-02	5.251186e+00
9.660000e-06	2.204036e-02	5.002159e+00
9.670000e-06	1.924521e-02	4.799582e+00
9.680000e-06	1.891593e-02	4.633667e+00
9.690000e-06	1.852075e-02	4.475766e+00
9.700000e-06	1.574926e-02	4.326998e+00
9.710000e-06	1.414452e-02	4.087924e+00
9.720000e-06	1.400067e-02	3.948949e+00
9.730000e-06	1.446707e-02	3.789082e+00
9.740000e-06	1.313995e-02	3.621130e+00
9.750000e-06	9.809233e-03	3.443690e+00
9.760000e-06	7.929619e-03	3.231691e+00
9.770000e-06	9.270614e-03	3.094241e+00
9.780000e-06	8.363343e-03	2.896366e+00
9.790000e-06	5.863320e-03	2.736472e+00
9.800000e-06	5.273559e-03	2.509080e+00
9.810000e-06	6.190364e-03	2.307921e+00
9.820000e-06	4.568964e-03	2.158399e+00
9.830000e-06	2.911077e-03	2.011080e+00
9.840000e-06	1.889633e-03	1.814057e+00
9.850000e-06	2.404645e-03	1.611632e+00
9.860000e-06	1.959529e-03	1.381713e+00
9.870000e-06	1.273474e-04	1.232187e+00
9.880000e-06	-1.655431e-03	1.001059e+00
9.890000e-06	-6.161771e-04	8.015279e-01
9.900000e-06	-2.605231e-03	5.920582e-01
9.910000e-06	-2.347695e-03	4.126578e-01
9.920000e-06	-1.885508e-03	2.346672e-01
9.930000e-06	-4.274757e-04	3.140594e-03
9.940000e-06	1.439586e-03	-1.462631e-01
9.950000e-06	1.189948e-04	-3.142078e-01
9.960000e-06	-3.740943e-03	-4.315775e-01
9.970000e-06	-2.806020e-03	-6.641223e-01
9.980000e-06	-4.637614e-03	-8.105963e-01
9.990000e-06	-4.622213e-03	-9.869959e-01
1.000000e-05	-3.224724e-03	-1.157365e+00
1.001000e-05	9.722211e-03	-1.327835e+00
1.002000e-05	7.629738e-02	-1.535885e+00
1.003000e-05	-2.017026e-02	-1.755867e+00
1.004000e-05	-4.501304e-02	-2.008948e+00
1.005000e-05	-6.851070e-02	-2.283156e+00
1.006000e-05	-7.930248e-02	-2.423101e+00
1.007000e-05	1.222743e-01	-2.537342e+00
1.008000e-05	4.108874e-03	-2.631103e+00
1.009000e-05	-1.504768e-01	-2.871675e+00
1.010000e-05	1.568672e-01	-2.960499e+00
1.011000e-05	-1.181051e-02	-3.189521e+00
1.012000e-05	-5.541806e-02	-3.440045e+00
1.013000e-05	4.847830e-02	-3.538395e+00
1.014000e-05	-1.461422e-01	-3.664787e+00
1.015000e-05	2.945227e-02	-3.926918e+00
1.016000e-05	1.115784e-01	-4.052231e+00
1.017000e-05	-1.063700e-01	-4.304207e+00
1.018000e-05	3.548971e-02	-4.410578e+00
1.019000e-05	-3.958052e-02	-4.550045e+00
1.020000e-05	-3.957643e-03	-4.790996e+00
1.021000e-05	4.616240e-02	-4.936418e+00
1.022000e-05	-1.524484e-01	-5.115863e+00
1.023000e-05	7.996076e-02	-5.237287e+00
1.024000e-05	3.111185e-02	-5.513337e+00
1.025000e-05	-3.912935e-02	-5.704737e+00
1.026000e-05	-2.027950e-02	-5.780152e+00
1.027000e-05	-7.415232e-02	-5.948520e+00
1.028000e-05	9.138762e-02	-6.154858e+00
1.029000e-05	-6.215901e-02	-6.334362e+00
1.030000e-05	-3.896020e-02	-6.453235e+00
1.031000e-05	3.807415e-02	-6.580074e+00
1.032000e-05	-3.503141e-02	-6.767465e+00
1.033000e-05	3.505206e-02	-6.843182e+00
1.034000e-05	-9.588537e-02	-7.012255e+00
1.035000e-05	1.191780e-02	-7.209550e+00
1.036000e-05	1.518425e-02	-7.306365e+00
1.037000e-05	-3.717862e-02	-7.483253e+00
1.038000e-05	7.554555e-04	-7.568476e+00
1.039000e-05	-4.754685e-02	-7.718039e+00
1.040000e-05	3.936195e-02	-7.897369e+00
1.041000e-05	-4.310627e-02	-7.991654e+00
1.042000e-05	-2.909533e-02	-8.125394e+00
1.043000e-05	-1.115169e-02	-8.232179e+00
1.044000e-05	-1.102779e-02	-8.337921e+00
1.045000e-05	7.231623e-03	-8.411054e+00
1.046000e-05	-5.338951e-02	-8.578994e+00
1.047000e-05	-1.181426e-03	-8.653917e+00
1.048000e-05	-1.388258e-02	-8.790079e+00
1.049000e-05	-1.227346e-02	-8.923862e+00
1.050000e-05	-3.433005e-02	-8.979974e+00
1.051000e-05	-2.527557e-02	-9.065812e+00
1.052000e-05	4.316690e-03	-9.127489e+00
1.053000e-05	-2.361559e-02	-9.199052e+00
1.054000e-05	-2.398914e-02	-9.272736e+00
1.055000e-05	-2.893359e-02	-9.377694e+00
1.056000e-05	-5.520759e-03	-9.435918e+00
1.057000e-05	-1.971717e-02	-9.528574e+00
1.058000e-05	-3.332319e-02	-9.601657e+00
1.059000e-05	-2.167089e-02	-9.705287e+00
1.060000e-05	-1.013443e-02	-9.708446e+00
1.061000e-05	-1.525794e-02	-9.739100e+00
1.062000e-05	-3.447815e-02	-9.801257e+00
1.063000e-05	-2.526372e-02	-9.874863e+00
1.064000e-05	-1.538691e-02	-9.938970e+00
1.065000e-05	-1.927456e-02	-9.959499e+00
1.066000e-05	-3.337873e-02	-9.969076e+00
1.067000e-05	-2.567228e-02	-9.990179e+00
1.068000e-05	-1.577498e-02	-1.001181e+01
1.069000e-05	-2.084022e-02	-1.007184e+01
1.070000e-05	-3.358110e-02	-1.010397e+01
1.071000e-05	-3.036652e-02	-1.012814e+01
1.072000e-05	-1.852232e-02	-1.016828e+01
1.073000e-05	-2.251938e-02	-1.015277e+01
1.074000e-05	-3.088990e-02	-1.017218e+01
1.075000e-05	-3.210355e-02	-1.017326e+01
1.076000e-05	-2.213555e-02	-1.020136e+01
1.077000e-05	-2.669799e-02	-1.017225e+01
1.078000e-05	-3.512444e-02	-1.018231e+01
1.079000e-05	-3.253819e-02	-1.019134e+01
1.080000e-05	-2.641343e-02	-1.017233e+01
1.081000e-05	-2.626956e-02	-1.017063e+01
1.082000e-05	-3.603242e-02	-1.013757e+01
1.083000e-05	-3.766715e-02	-1.010805e+01
1.084000e-05	-3.213089e-02	-1.011229e+01
1.085000e-05	-3.118234e-02	-1.002383e+01
1.086000e-05	-3.632889e-02	-1.002261e+01
1.087000e-05	-3.993535e-02	-9.980605e+00
1.088000e-05	-3.343405e-02	-9.938100e+00
1.089000e-05	-3.433702e-02	-9.918018e+00
1.090000e-05	-3.908916e-02	-9.845887e+00
1.091000e-05	-4.220517e-02	-9.823207e+00
1.092000e-05	-3.821402e-02	-9.759628e+00
1.093000e-05	-3.557902e-02	-9.718548e+00
1.094000e-05	-4.133545e-02	-9.656240e+00
1.095000e-05	-4.463928e-02	-9.620704e+00
1.096000e-05	-4.140204e-02	-9.549628e+00
1.097000e-05	-4.003997e-02	-9.466970e+00
1.098000e-05	-4.513120e-02	-9.361811e+00
1.099000e-05	-4.684130e-02	-9.284443e+00
1.100000e-05	-4.387153e-02	-9.191759e+00
1.101000e-05	-4.328421e-02	-9.148072e+00
1.102000e-05	-4.743328e-02	-9.023762e+00
1.103000e-05	-5.062859e-02	-8.958072e+00
1.104000e-05	-4.728402e-02	-8.854842e+00
1.105000e-05	-4.641755e-02	-8.770634e+00
1.106000e-05	-4.900501e-02	-8.667891e+00
1.107000e-05	-5.130803e-02	-8.570607e+00
1.108000e-05	-4.953099e-02	-8.445393e+00
1.109000e-05	-4.832976e-02	-8.388924e+00
1.110000e-05	-5.182732e-02	-8.233792e+00
1.111000e-05	-5.090791e-02	-8.118046e+00
1.112000e-05	-4.930196e-02	-8.052790e+00
1.113000e-05	-4.755020e-02	-7.928544e+00
1.114000e-05	-5.012552e-02	-7.701980e+00
1.115000e-05	-4.995716e-02	-7.651158e+00
1.116000e-05	-4.825050e-02	-7.514849e+00
1.117000e-05	-4.582605e-02	-7.358625e+00
1.118000e-05	-4.629306e-02	-7.211763e+00
1.119000e-05	-4.673225e-02	-7.105942e+00
1.120000e-05	-4.393497e-02	-6.937022e+00
1.121000e-05	-4.241448e-02	-6.779654e+00
1.122000e-05	-4.294996e-02	-6.675262e+00
1.123000e-05	-4.251513e-02	-6.478845e+00
1.124000e-05	-4.089237e-02	-6.401054e+00
1.125000e-05	-3.731947e-02	-6.203737e+00
1.126000e-05	-3.719099e-02	-6.053262e+00
1.127000e-05	-3.745069e-02	-5.896970e+00
1.128000e-05	-3.626247e-02	-5.726575e+00
1.129000e-05	-3.281864e-02	-5.561684e+00
1.130000e-05	-3.207411e-02	-5.394238e+00
1.131000e-05	-3.009362e-02	-5.202233e+00
1.132000e-05	-2.974365e-02	-5.044741e+00
1.133000e-05	-2.729001e-02	-4.834285e+00
1.134000e-05	-2.788283e-02	-4.684763e+00
1.135000e-05	-2.628763e-02	-4.475368e+00
1.136000e-05	-2.549096e-02	-4.349575e+00
1.137000e-05	-2.321480e-02	-4.210129e+00
1.138000e-05	-2.142286e-02	-4.033214e+00
1.139000e-05	-2.158734e-02	-3.867370e+00
1.140000e-05	-2.207679e-02	-3.655787e+00
1.141000e-05	-1.913588e-02	-3.497892e+00
1.142000e-05	-1.704342e-02	-3.303421e+00
1.143000e-05	-1.768162e-02	-3.171055e+00
1.144000e-05	-1.673602e-02	-2.957604e+00
1.145000e-05	-1.587172e-02	-2.778556e+00
1.146000e-05	-1.287538e-02	-2.589533e+00
1.147000e-05	-1.493082e-02	-2.414086e+00
1.148000e-05	-1.206426e-02	-2.254237e+00
1.149000e-05	-1.068437e-02	-2.011683e+00
1.150000e-05	-9.707966e-03	-1.844288e+00
1.151000e-05	-1.000305e-02	-1.704418e+00
1.152000e-05	-9.604537e-03	-1.456869e+00
1.153000e-05	-9.138721e-03	-1.234686e+00
1.154000e-05	-8.578077e-03	-1.032686e+00
1.155000e-05	-8.080544e-03	-9.061660e-01
1.156000e-05	-7.204743e-03	-6.858699e-01
1.157000e-05	-4.865495e-03	-4.331895e-01
1.158000e-05	-2.769164e-03	-2.982697e-01
1.159000e-05	-3.815402e-03	-1.269224e-01
1.160000e-05	4.732528e-04	3.107612e-02
1.161000e-05	7.536804e-04	2.905461e-01
1.162000e-05	-1.056301e-03	4.199475e-01
1.163000e-05	-9.425288e-04	5.878909e-01
1.164000e-05	-7.535043e-04	7.488917e-01
1.165000e-05	1.100370e-03	8.947319e-01
1.166000e-05	2.175888e-03	1.166739e+00
1.167000e-05	7.938570e-03	1.334214e+00
1.168000e-05	3.775543e-02	1.495357e+00
1.169000e-05	5.495432e-02	1.788921e+00
1.170000e-05	-3.483902e-02	2.009421e+00
1.171000e-05	-4.260233e-02	2.178916e+00
1.172000e-05	-4.466847e-02	2.348861e+00
1.173000e-05	-4.544894e-02	2.430051e+00
1.174000e-05	8.639827e-02	2.558967e+00
1.175000e-05	1.739003e-02	2.819521e+00
1.176000e-05	-9.821912e-02	2.988863e+00
1.177000e-05	1.294279e-01	3.094704e+00
1.178000e-05	9.496106e-03	3.286263e+00
1.179000e-05	-2.932353e-02	3.524287e+00
1.180000e-05	2.399182e-02	3.631154e+00
1.181000e-05	-8.197346e-02	3.821556e+00
1.182000e-05	4.345375e-02	3.998447e+00
1.183000e-05	6.812570e-02	4.157975e+00
1.184000e-05	-4.174955e-02	4.399050e+00
1.185000e-05	1.396104e-02	4.546338e+00
1.186000e-05	-4.605264e-03	4.757316e+00
1.187000e-05	1.815335e-02	4.883706e+00
1.188000e-05	1.853460e-02	5.107792e+00
1.189000e-05	-4.508634e-02	5.356815e+00
1.190000e-05	2.801967e-02	5.486236e+00
1.191000e-05	3.985914e-02	5.621101e+00
1.192000e-05	1.433093e-02	5.818051e+00
1.193000e-05	-3.199422e-02	5.987949e+00
1.194000e-05	-7.627995e-03	6.155390e+00
1.195000e-05	5.442664e-02	6.262132e+00
1.196000e-05	-1.036772e-02	6.409524e+00
1.197000e-05	4.582295e-03	6.537388e+00
1.198000e-05	1.320965e-02	6.757895e+00
1.199000e-05	1.793772e-02	6.893784e+00
1.200000e-05	1.925859e-02	7.010575e+00
1.201000e-05	-2.011695e-02	7.126389e+00
1.202000e-05	9.978330e-03	7.272630e+00
1.203000e-05	1.797185e-02	7.380157e+00
1.204000e-05	2.218656e-02	7.559947e+00
1.205000e-05	1.964064e-03	7.726389e+00
1.206000e-05	5.628890e-03	7.801156e+00
1.207000e-05	2.394163e-02	7.978500e+00
1.208000e-05	7.464097e-03	8.086467e+00
1.209000e-05	3.357137e-03	8.171678e+00
1.210000e-05	5.887301e-03	8.337967e+00
1.211000e-05	2.020287e-02	8.431103e+00
1.212000e-05	1.759464e-02	8.506915e+00
1.213000e-05	5.818212e-03	8.640174e+00
1.214000e-05	1.074280e-02	8.677417e+00
1.215000e-05	1.821053e-02	8.798952e+00
1.216000e-05	1.507704e-02	8.871286e+00
1.217000e-05	6.232151e-03	8.899731e+00
1.218000e-05	9.917285e-03	9.114892e+00
1.219000e-05	2.085234e-02	9.181575e+00
1.220000e-05	1.692409e-02	9.231784e+00
1.221000e-05	1.048239e-02	9.326966e+00
1.222000e-05	1.186965e-02	9.409105e+00
1.223000e-05	1.965078e-02	9.474315e+00
1.224000e-05	1.755060e-02	9.496941e+00
1.225000e-05	9.620635e-03	9.558525e+00
1.226000e-05	1.448258e-02	9.692712e+00
1.227000e-05	2.082010e-02	9.746499e+00
1.228000e-05	2.011653e-02	9.749173e+00
1.229000e-05	1.107685e-02	9.854837e+00
1.230000e-05	1.359888e-02	9.887419e+00
1.231000e-05	2.047862e-02	9.938996e+00
1.232000e-05	1.959651e-02	9.979549e+00
1.233000e-05	1.541102e-02	1.000960e+01
1.234000e-05	1.448092e-02	1.004311e+01
1.235000e-05	2.377201e-02	1.005329e+01
1.236000e-05	2.123151e-02	1.010642e+01
1.237000e-05	1.587089e-02	1.009494e+01
1.238000e-05	1.589299e-02	1.010737e+01
1.239000e-05	2.301091e-02	1.013805e+01
1.240000e-05	2.462927e-02	1.013993e+01
1.241000e-05	1.947327e-02	1.013912e+01
1.242000e-05	1.867330e-02	1.019903e+01
1.243000e-05	2.341367e-02	1.015803e+01
1.244000e-05	2.572244e-02	1.014153e+01
1.245000e-05	2.116470e-02	1.010905e+01
1.246000e-05	2.238889e-02	1.019897e+01
1.247000e-05	2.672943e-02	1.013610e+01
1.248000e-05	3.009693e-02	1.010642e+01
1.249000e-05	2.524022e-02	1.008542e+01
1.250000e-05	2.436909e-02	1.007479e+01
1.251000e-05	2.799674e-02	1.002124e+01
1.252000e-05	3.046175e-02	1.000166e+01
1.253000e-05	2.923415e-02	9.981131e+00
1.254000e-05	2.696991e-02	9.946503e+00
1.255000e-05	3.100950e-02	9.895550e+00
1.256000e-05	3.396200e-02	9.813918e+00
1.257000e-05	3.131212e-02	9.781783e+00
1.258000e-05	2.982852e-02	9.696549e+00
1.259000e-05	3.171429e-02	9.651265e+00
1.260000e-05	3.531990e-02	9.588132e+00
1.261000e-05	3.456501e-02	9.547495e+00
1.262000e-05	3.306220e-02	9.454341e+00
1.263000e-05	3.595204e-02	9.390634e+00
1.264000e-05	3.858941e-02	9.337528e+00
1.265000e-05	3.886339e-02	9.263818e+00
1.266000e-05	3.651535e-02	9.231631e+00
1.267000e-05	3.931077e-02	9.077949e+00
1.268000e-05	4.185305e-02	9.003166e+00
1.269000e-05	4.156025e-02	8.905879e+00
1.270000e-05	3.850667e-02	8.800659e+00
1.271000e-05	4.103046e-02	8.716471e+00
1.272000e-05	4.196550e-02	8.611682e+00
1.273000e-05	4.404028e-02	8.517425e+00
1.274000e-05	4.141068e-02	8.442162e+00
1.275000e-05	4.283497e-02	8.377975e+00
1.276000e-05	4.349616e-02	8.222789e+00
1.277000e-05	4.433094e-02	8.075318e+00
1.278000e-05	4.193666e-02	7.981178e+00
1.279000e-05	4.131515e-02	7.827267e+00
1.280000e-05	4.276993e-02	7.747998e+00
1.281000e-05	4.187120e-02	7.612738e+00
1.282000e-05	3.988626e-02	7.475372e+00
1.283000e-05	3.901751e-02	7.294951e+00
1.284000e-05	4.050564e-02	7.209000e+00
1.285000e-05	3.948289e-02	7.033241e+00
1.286000e-05	3.730187e-02	6.896392e+00
1.287000e-05	3.532303e-02	6.768580e+00
1.288000e-05	3.538039e-02	6.623239e+00
1.289000e-05	3.397818e-02	6.463765e+00
1.290000e-05	3.226222e-02	6.307920e+00
1.291000e-05	3.107057e-02	6.130049e+00
1.292000e-05	3.022192e-02	6.032738e+00
1.293000e-05	2.816359e-02	5.927347e+00
1.294000e-05	2.707061e-02	5.727899e+00
1.295000e-05	2.478613e-02	5.550051e+00
1.296000e-05	2.441819e-02	5.379054e+00
1.297000e-05	2.283869e-02	5.232737e+00
1.298000e-05	2.289100e-02	4.979057e+00
1.299000e-05	2.214794e-02	4.802137e+00
1.300000e-05	2.030615e-02	4.644238e+00
1.301000e-05	1.706257e-02	4.466842e+00
1.302000e-05	1.526794e-02	4.358925e+00
1.303000e-05	1.450919e-02	4.106451e+00
1.304000e-05	1.452055e-02	3.957523e+00
1.305000e-05	1.362246e-02	3.800582e+00
1.306000e-05	1.145415e-02	3.612233e+00
1.307000e-05	1.220500e-02	3.454366e+00
1.308000e-05	1.135039e-02	3.262665e+00
1.309000e-05	8.847030e-03	3.043691e+00
1.310000e-05	7.764995e-03	2.887922e+00
1.311000e-05	6.347216e-03	2.769479e+00
1.312000e-05	4.638270e-03	2.538856e+00
1.313000e-05	4.806373e-03	2.338450e+00
1.314000e-05	3.163673e-03	2.149028e+00
1.315000e-05	3.430878e-03	2.011528e+00
1.316000e-05	3.873950e-03	1.864531e+00
1.317000e-05	2.022285e-03	1.631555e+00
1.318000e-05	5.643151e-04	1.410636e+00
1.319000e-05	6.125073e-04	1.241635e+00
1.320000e-05	1.832078e-05	1.034057e+00
1.321000e-05	-1.574833e-03	8.005602e-01
1.322000e-05	-2.542352e-03	6.416066e-01
1.323000e-05	-7.616419e-04	4.735807e-01
1.324000e-05	-1.540296e-03	2.546644e-01
1.325000e-05	-3.347250e-03	2.266084e-02
1.326000e-05	1.334295e-03	-1.153169e-01
1.327000e-05	1.937832e-03	-3.046815e-01
1.328000e-05	-2.751675e-03	-4.306249e-01
1.329000e-05	-4.339402e-03	-6.225713e-01
1.330000e-05	-6.038557e-03	-8.209950e-01
1.331000e-05	-2.370830e-03	-9.784959e-01
1.332000e-05	-3.401587e-03	-1.146388e+00
1.333000e-05	7.338810e-03	-1.325837e+00
1.334000e-05	7.281004e-02	-1.517789e+00
1.335000e-05	-1.055019e-02	-1.747386e+00
1.336000e-05	-4.500773e-02	-1.978992e+00
1.337000e-05	-6.694577e-02	-2.341675e+00
1.338000e-05	-8.493529e-02	-2.430650e+00
1.339000e-05	1.118747e-01	-2.507883e+00
1.340000e-05	2.168736e-02	-2.631096e+00
1.341000e-05	-1.587539e-01	-2.833501e+00
1.342000e-05	1.486772e-01	-3.011501e+00
1.343000e-05	3.766552e-03	-3.188995e+00
1.344000e-05	-6.245948e-02	-3.407971e+00
1.345000e-05	5.309011e-02	-3.546943e+00
1.346000e-05	-1.408862e-01	-3.694860e+00
1.347000e-05	9.977680e-03	-3.968367e+00
1.348000e-05	1.216160e-01	-4.061705e+00
1.349000e-05	-1.027460e-01	-4.263154e+00
1.350000e-05	2.911356e-02	-4.401053e+00
1.351000e-05	-2.872406e-02	-4.560013e+00
1.352000e-05	-1.602946e-02	-4.789041e+00
1.353000e-05	5.843424e-02	-4.927943e+00
1.354000e-05	-1.537540e-01	-5.125837e+00
1.355000e-05	6.660051e-02	-5.284382e+00
1.356000e-05	4.093375e-02	-5.486383e+00
1.357000e-05	-4.150516e-02	-5.694262e+00
1.358000e-05	-1.376692e-02	-5.801054e+00
1.359000e-05	-7.931820e-02	-5.968021e+00
1.360000e-05	8.701613e-02	-6.077341e+00
1.361000e-05	-4.921511e-02	-6.316413e+00
1.362000e-05	-4.924747e-02	-6.412708e+00
1.363000e-05	4.215692e-02	-6.559546e+00
1.364000e-05	-3.866512e-02	-6.737393e+00
1.365000e-05	3.738559e-02	-6.893782e+00
1.366000e-05	-9.035092e-02	-7.023304e+00
1.367000e-05	2.146414e-03	-7.191026e+00
1.368000e-05	2.209190e-02	-7.275914e+00
1.369000e-05	-4.071121e-02	-7.435256e+00
1.370000e-05	4.861668e-03	-7.548546e+00
1.371000e-05	-5.098905e-02	-7.699039e+00
1.372000e-05	3.620042e-02	-7.866366e+00
1.373000e-05	-3.627190e-02	-8.001175e+00
1.374000e-05	-3.259286e-02	-8.137441e+00
1.375000e-05	-9.061085e-03	-8.212253e+00
1.376000e-05	-1.622330e-02	-8.348467e+00
1.377000e-05	1.137894e-02	-8.412704e+00
1.378000e-05	-5.187295e-02	-8.568149e+00
1.379000e-05	-3.325696e-03	-8.666844e+00
1.380000e-05	-1.348408e-02	-8.779552e+00
1.381000e-05	-1.203406e-02	-8.903813e+00
1.382000e-05	-3.078774e-02	-8.949072e+00
1.383000e-05	-2.973240e-02	-9.033205e+00
1.384000e-05	3.351803e-03	-9.107921e+00
1.385000e-05	-2.271322e-02	-9.200626e+00
1.386000e-05	-2.277661e-02	-9.253307e+00
1.387000e-05	-2.918732e-02	-9.357602e+00
1.388000e-05	-6.103375e-03	-9.454834e+00
1.389000e-05	-1.755560e-02	-9.498494e+00
1.390000e-05	-3.287003e-02	-9.601103e+00
1.391000e-05	-2.424589e-02	-9.674336e+00
1.392000e-05	-1.185050e-02	-9.686069e+00
1.393000e-05	-1.395631e-02	-9.760551e+00
1.394000e-05	-3.340413e-02	-9.841778e+00
1.395000e-05	-2.641928e-02	-9.864891e+00
1.396000e-05	-1.619928e-02	-9.917423e+00
1.397000e-05	-1.796017e-02	-9.948020e+00
1.398000e-05	-3.178380e-02	-9.998520e+00
1.399000e-05	-2.657302e-02	-1.000168e+01
1.400000e-05	-1.581849e-02	-1.002141e+01
1.401000e-05	-1.996053e-02	-1.006434e+01
1.402000e-05	-3.217965e-02	-1.007347e+01
1.403000e-05	-3.232454e-02	-1.012850e+01
1.404000e-05	-1.979744e-02	-1.014873e+01
1.405000e-05	-2.218974e-02	-1.016928e+01
1.406000e-05	-2.959858e-02	-1.016168e+01
1.407000e-05	-3.278908e-02	-1.020168e+01
1.408000e-05	-2.275541e-02	-1.018584e+01
1.409000e-05	-2.520529e-02	-1.016273e+01
1.410000e-05	-3.409932e-02	-1.018081e+01
1.411000e-05	-3.462442e-02	-1.020166e+01
1.412000e-05	-2.710407e-02	-1.013986e+01
1.413000e-05	-2.597878e-02	-1.013773e+01
1.414000e-05	-3.540699e-02	-1.011755e+01
1.415000e-05	-3.753055e-02	-1.009652e+01
1.416000e-05	-3.210444e-02	-1.006449e+01
1.417000e-05	-3.129874e-02	-1.008434e+01
1.418000e-05	-3.621000e-02	-1.000213e+01
1.419000e-05	-4.050068e-02	-9.959176e+00
1.420000e-05	-3.385463e-02	-9.958625e+00
1.421000e-05	-3.373253e-02	-9.938971e+00
1.422000e-05	-3.910295e-02	-9.854341e+00
1.423000e-05	-4.209168e-02	-9.802257e+00
1.424000e-05	-3.842979e-02	-9.780682e+00
1.425000e-05	-3.505796e-02	-9.718497e+00
1.426000e-05	-4.091618e-02	-9.673341e+00
1.427000e-05	-4.373772e-02	-9.602233e+00
1.428000e-05	-4.258660e-02	-9.560078e+00
1.429000e-05	-3.997371e-02	-9.477871e+00
1.430000e-05	-4.421791e-02	-9.393209e+00
1.431000e-05	-4.716650e-02	-9.306049e+00
1.432000e-05	-4.443131e-02	-9.200687e+00
1.433000e-05	-4.277769e-02	-9.127050e+00
1.434000e-05	-4.609287e-02	-9.035390e+00
1.435000e-05	-4.961123e-02	-8.929079e+00
1.436000e-05	-4.773932e-02	-8.904894e+00
1.437000e-05	-4.759104e-02	-8.790131e+00
1.438000e-05	-4.908231e-02	-8.697395e+00
1.439000e-05	-5.224946e-02	-8.571261e+00
1.440000e-05	-5.074958e-02	-8.462897e+00
1.441000e-05	-4.744027e-02	-8.379075e+00
1.442000e-05	-4.904610e-02	-8.243887e+00
1.443000e-05	-5.088927e-02	-8.129023e+00
1.444000e-05	-4.968262e-02	-8.043258e+00
1.445000e-05	-4.791553e-02	-7.908499e+00
1.446000e-05	-5.001591e-02	-7.802229e+00
1.447000e-05	-5.153316e-02	-7.592787e+00
1.448000e-05	-4.957997e-02	-7.466843e+00
1.449000e-05	-4.547013e-02	-7.357051e+00
1.450000e-05	-4.550730e-02	-7.241086e+00
1.451000e-05	-4.603761e-02	-7.054920e+00
1.452000e-05	-4.503287e-02	-6.907530e+00
1.453000e-05	-4.224482e-02	-6.790078e+00
1.454000e-05	-4.222217e-02	-6.684318e+00
1.455000e-05	-4.248715e-02	-6.486925e+00
1.456000e-05	-4.068228e-02	-6.401152e+00
1.457000e-05	-3.886985e-02	-6.224189e+00
1.458000e-05	-3.678591e-02	-6.032837e+00
1.459000e-05	-3.752820e-02	-5.885994e+00
1.460000e-05	-3.584432e-02	-5.728075e+00
1.461000e-05	-3.260694e-02	-5.601685e+00
1.462000e-05	-3.081970e-02	-5.373315e+00
1.463000e-05	-3.126820e-02	-5.241684e+00
1.464000e-05	-3.006975e-02	-5.065214e+00
1.465000e-05	-2.901642e-02	-4.824788e+00
1.466000e-05	-2.651135e-02	-4.655273e+00
1.467000e-05	-2.657112e-02	-4.497372e+00
1.468000e-05	-2.457550e-02	-4.360525e+00
1.469000e-05	-2.486903e-02	-4.193111e+00
1.470000e-05	-2.128545e-02	-4.072663e+00
1.471000e-05	-2.211151e-02	-3.917868e+00
1.472000e-05	-1.965706e-02	-3.675766e+00
1.473000e-05	-1.964120e-02	-3.486370e+00
1.474000e-05	-1.615422e-02	-3.328451e+00
1.475000e-05	-1.757476e-02	-3.180055e+00
1.476000e-05	-1.574602e-02	-2.949031e+00
1.477000e-05	-1.732126e-02	-2.789553e+00
1.478000e-05	-1.256436e-02	-2.603210e+00
1.479000e-05	-1.430068e-02	-2.392159e+00
1.480000e-05	-1.239681e-02	-2.244216e+00
1.481000e-05	-1.124765e-02	-2.010238e+00
1.482000e-05	-8.257028e-03	-1.884813e+00
1.483000e-05	-8.764879e-03	-1.665320e+00
1.484000e-05	-1.142682e-02	-1.545923e+00
1.485000e-05	-1.070740e-02	-1.273264e+00
1.486000e-05	-7.735069e-03	-1.064267e+00
1.487000e-05	-6.221808e-03	-9.062144e-01
1.488000e-05	-7.799153e-03	-7.467973e-01
1.489000e-05	-5.867371e-03	-4.768711e-01
1.490000e-05	-4.180755e-03	-3.557922e-01
1.491000e-05	-2.050611e-03	-1.078962e-01
1.492000e-05	-3.094962e-04	2.950119e-02
1.493000e-05	-2.939581e-05	2.195224e-01
1.494000e-05	-1.918289e-03	4.405238e-01
1.495000e-05	6.677878e-04	5.568933e-01
1.496000e-05	-1.485805e-03	7.477671e-01
1.497000e-05	7.029478e-04	8.847618e-01
1.498000e-05	8.994241e-04	1.136841e+00
1.499000e-05	8.107277e-03	1.333738e+00
1.500000e-05	3.525522e-02	1.482857e+00
1.501000e-05	5.695910e-02	1.788846e+00
1.502000e-05	-3.090357e-02	1.988446e+00
1.503000e-05	-4.145750e-02	2.186393e+00
1.504000e-05	-4.430481e-02	2.345736e+00
1.505000e-05	-4.946604e-02	2.409554e+00
1.506000e-05	7.705021e-02	2.577368e+00
1.507000e-05	3.190492e-02	2.827920e+00
1.508000e-05	-1.040442e-01	2.927313e+00
1.509000e-05	1.227916e-01	3.074157e+00
1.510000e-05	1.883158e-02	3.294783e+00
1.511000e-05	-3.165252e-02	3.515213e+00
1.512000e-05	2.722723e-02	3.621076e+00
1.513000e-05	-8.101804e-02	3.889526e+00
1.514000e-05	3.331078e-02	3.979495e+00
1.515000e-05	7.416658e-02	4.166916e+00
1.516000e-05	-3.907207e-02	4.418926e+00
1.517000e-05	8.404066e-03	4.566413e+00
1.518000e-05	-6.419916e-04	4.747787e+00
1.519000e-05	1.364872e-02	4.881762e+00
1.520000e-05	2.498024e-02	5.137365e+00
1.521000e-05	-4.557022e-02	5.335864e+00
1.522000e-05	2.395294e-02	5.473232e+00
1.523000e-05	4.176292e-02	5.620073e+00
1.524000e-05	1.721926e-02	5.798568e+00
1.525000e-05	-2.951802e-02	5.968897e+00
1.526000e-05	-1.253551e-02	6.104386e+00
1.527000e-05	5.551876e-02	6.262153e+00
1.528000e-05	-8.319232e-03	6.368025e+00
1.529000e-05	2.738123e-03	6.497863e+00
1.530000e-05	1.275371e-02	6.757789e+00
1.531000e-05	1.640603e-02	6.873782e+00
1.532000e-05	2.152866e-02	6.959549e+00
1.533000e-05	-1.809070e-02	7.147865e+00
1.534000e-05	7.310350e-03	7.231681e+00
1.535000e-05	1.913567e-02	7.367522e+00
1.536000e-05	2.171919e-02	7.568571e+00
1.537000e-05	2.833989e-03	7.694817e+00
1.538000e-05	3.980556e-03	7.821130e+00
1.539000e-05	2.232779e-02	7.960544e+00
1.540000e-05	1.007851e-02	8.098766e+00
1.541000e-05	4.030380e-03	8.221209e+00
1.542000e-05	4.871273e-03	8.327369e+00
1.543000e-05	1.846090e-02	8.421104e+00
1.544000e-05	1.929285e-02	8.535891e+00
1.545000e-05	7.515592e-03	8.608024e+00
1.546000e-05	9.351970e-03	8.707363e+00
1.547000e-05	1.862488e-02	8.760628e+00
1.548000e-05	1.435819e-02	8.851759e+00
1.549000e-05	8.000270e-03	8.970076e+00
1.550000e-05	7.352591e-03	9.075988e+00
1.551000e-05	2.029530e-02	9.169100e+00
1.552000e-05	1.682667e-02	9.253261e+00
1.553000e-05	1.316031e-02	9.306417e+00
1.554000e-05	1.218802e-02	9.381174e+00
1.555000e-05	1.800915e-02	9.485812e+00
1.556000e-05	1.885123e-02	9.507448e+00
1.557000e-05	8.978557e-03	9.588527e+00
1.558000e-05	1.421520e-02	9.633383e+00
1.559000e-05	1.859563e-02	9.686942e+00
1.560000e-05	2.170209e-02	9.771229e+00
1.561000e-05	1.309736e-02	9.849763e+00
1.562000e-05	1.549318e-02	9.918443e+00
1.563000e-05	1.868147e-02	9.928474e+00
1.564000e-05	1.901903e-02	1.000960e+01
1.565000e-05	1.583493e-02	1.003065e+01
1.566000e-05	1.523856e-02	1.003213e+01
1.567000e-05	2.226151e-02	1.009329e+01
1.568000e-05	2.043331e-02	1.008539e+01
1.569000e-05	1.823639e-02	1.010647e+01
1.570000e-05	1.787000e-02	1.013692e+01
1.571000e-05	2.294896e-02	1.013700e+01
1.572000e-05	2.354996e-02	1.013755e+01
1.573000e-05	1.944235e-02	1.015910e+01
1.574000e-05	1.985726e-02	1.015807e+01
1.575000e-05	2.192615e-02	1.016958e+01
1.576000e-05	2.485799e-02	1.016907e+01
1.577000e-05	2.130844e-02	1.013858e+01
1.578000e-05	2.326490e-02	1.015907e+01
1.579000e-05	2.615744e-02	1.013897e+01
1.580000e-05	2.964534e-02	1.010650e+01
1.581000e-05	2.583856e-02	1.009639e+01
1.582000e-05	2.565891e-02	1.007337e+01
1.583000e-05	2.728310e-02	1.005374e+01
1.584000e-05	2.951221e-02	1.002223e+01
1.585000e-05	2.864696e-02	9.979580e+00
1.586000e-05	2.866490e-02	9.967571e+00
1.587000e-05	3.052656e-02	9.848446e+00
1.588000e-05	3.285597e-02	9.825410e+00
1.589000e-05	3.091671e-02	9.801208e+00
1.590000e-05	3.025519e-02	9.696473e+00
1.591000e-05	3.186380e-02	9.662367e+00
1.592000e-05	3.493582e-02	9.600108e+00
1.593000e-05	3.435596e-02	9.548473e+00
1.594000e-05	3.483767e-02	9.473816e+00
1.595000e-05	3.527322e-02	9.412158e+00
1.596000e-05	3.811967e-02	9.286973e+00
1.597000e-05	3.736147e-02	9.264840e+00
1.598000e-05	3.782081e-02	9.200606e+00
1.599000e-05	3.911016e-02	9.108002e+00
1.600000e-05	4.114782e-02	9.014287e+00
1.601000e-05	4.043207e-02	8.915454e+00
1.602000e-05	3.892099e-02	8.800114e+00
1.603000e-05	4.129097e-02	8.716995e+00
1.604000e-05	4.270084e-02	8.591738e+00
1.605000e-05	4.363220e-02	8.528974e+00
1.606000e-05	4.233570e-02	8.413212e+00
1.607000e-05	4.287841e-02	8.349470e+00
1.608000e-05	4.313012e-02	8.224338e+00
1.609000e-05	4.282297e-02	8.115347e+00
1.610000e-05	4.147321e-02	7.990128e+00
1.611000e-05	4.204828e-02	7.853818e+00
1.612000e-05	4.357791e-02	7.748523e+00
1.613000e-05	4.166034e-02	7.631310e+00
1.614000e-05	4.110751e-02	7.485841e+00
1.615000e-05	3.955474e-02	7.294954e+00
1.616000e-05	4.101946e-02	7.178524e+00
1.617000e-05	3.776248e-02	7.023263e+00
1.618000e-05	3.701829e-02	6.915471e+00
1.619000e-05	3.544633e-02	6.800055e+00
1.620000e-05	3.671007e-02	6.613183e+00
1.621000e-05	3.407861e-02	6.452817e+00
1.622000e-05	3.304380e-02	6.297996e+00
1.623000e-05	3.148746e-02	6.218578e+00
1.624000e-05	3.063172e-02	6.043214e+00
1.625000e-05	2.768441e-02	5.945972e+00
1.626000e-05	2.582684e-02	5.699426e+00
1.627000e-05	2.493371e-02	5.607996e+00
1.628000e-05	2.557716e-02	5.413580e+00
1.629000e-05	2.334338e-02	5.233687e+00
1.630000e-05	2.242233e-02	5.024216e+00
1.631000e-05	1.938901e-02	4.791205e+00
1.632000e-05	2.028055e-02	4.632714e+00
1.633000e-05	1.860066e-02	4.486343e+00
1.634000e-05	1.612379e-02	4.386898e+00
1.635000e-05	1.520263e-02	4.168949e+00
1.636000e-05	1.552736e-02	3.970001e+00
1.637000e-05	1.403782e-02	3.791554e+00
1.638000e-05	1.164975e-02	3.653158e+00
1.639000e-05	9.438559e-03	3.444736e+00
1.640000e-05	1.003080e-02	3.243841e+00
1.641000e-05	8.461933e-03	3.095368e+00
1.642000e-05	8.638351e-03	2.938423e+00
1.643000e-05	6.626630e-03	2.808954e+00
1.644000e-05	6.220071e-03	2.549606e+00
1.645000e-05	4.711529e-03	2.358999e+00
1.646000e-05	3.333909e-03	2.189403e+00
1.647000e-05	2.942616e-03	2.010985e+00
1.648000e-05	3.136530e-03	1.836088e+00
1.649000e-05	2.217106e-03	1.640586e+00
1.650000e-05	7.344143e-04	1.421632e+00
1.651000e-05	-4.814394e-05	1.242215e+00
1.652000e-05	2.462861e-05	1.050732e+00
1.653000e-05	-1.490293e-03	8.305565e-01
1.654000e-05	-1.916319e-03	6.226594e-01
1.655000e-05	-2.247422e-03	4.636894e-01
1.656000e-05	-1.508649e-03	2.851869e-01
1.657000e-05	-2.328667e-03	4.371047e-02
1.658000e-05	1.358618e-03	-1.137366e-01
1.659000e-05	7.522205e-04	-2.952038e-01
1.660000e-05	-4.385643e-03	-4.215474e-01
1.661000e-05	-2.294145e-03	-6.494763e-01
1.662000e-05	-5.554007e-03	-8.115500e-01
1.663000e-05	-4.162720e-03	-9.584682e-01
1.664000e-05	-4.605908e-03	-1.136784e+00
1.665000e-05	6.882084e-03	-1.293435e+00
1.666000e-05	7.045620e-02	-1.545828e+00
1.667000e-05	-5.402294e-03	-1.706888e+00
1.668000e-05	-4.775546e-02	-1.977967e+00
1.669000e-05	-6.189708e-02	-2.260126e+00
1.670000e-05	-8.660527e-02	-2.421526e+00
1.671000e-05	1.006112e-01	-2.504341e+00
1.672000e-05	3.777282e-02	-2.611596e+00
1.673000e-05	-1.647071e-01	-2.862099e+00
1.674000e-05	1.395065e-01	-2.952026e+00
1.675000e-05	1.843438e-02	-3.167469e+00
1.676000e-05	-7.067848e-02	-3.368972e+00
1.677000e-05	5.525524e-02	-3.526445e+00
1.678000e-05	-1.310954e-01	-3.663329e+00
1.679000e-05	-8.787218e-03	-3.988437e+00
1.680000e-05	1.296946e-01	-4.043205e+00
1.681000e-05	-9.853153e-02	-4.262707e+00
1.682000e-05	2.186642e-02	-4.420575e+00
1.683000e-05	-2.030907e-02	-4.516912e+00
1.684000e-05	-2.721724e-02	-4.757996e+00
1.685000e-05	6.733062e-02	-4.966917e+00
1.686000e-05	-1.512475e-01	-5.096333e+00
1.687000e-05	5.379549e-02	-5.274261e+00
1.688000e-05	5.115617e-02	-5.473760e+00
1.689000e-05	-4.616089e-02	-5.674835e+00
1.690000e-05	-8.764456e-03	-5.831053e+00
1.691000e-05	-8.255198e-02	-5.957445e+00
1.692000e-05	8.268730e-02	-6.085282e+00
1.693000e-05	-3.754324e-02	-6.302384e+00
1.694000e-05	-5.918581e-02	-6.480803e+00
1.695000e-05	4.730373e-02	-6.538522e+00
1.696000e-05	-4.074786e-02	-6.745417e+00
1.697000e-05	3.668310e-02	-6.833182e+00
1.698000e-05	-8.433571e-02	-7.022551e+00
1.699000e-05	-7.569437e-03	-7.170526e+00
1.700000e-05	3.004959e-02	-7.296862e+00
1.701000e-05	-4.485699e-02	-7.451730e+00
1.702000e-05	6.994762e-03	-7.569520e+00
1.703000e-05	-5.056286e-02	-7.747643e+00
1.704000e-05	3.348993e-02	-7.894964e+00
1.705000e-05	-3.268623e-02	-8.010651e+00
1.706000e-05	-3.849412e-02	-8.118918e+00
1.707000e-05	-5.799734e-03	-8.231580e+00
1.708000e-05	-1.765789e-02	-8.326371e+00
1.709000e-05	1.266423e-02	-8.421602e+00
1.710000e-05	-5.343476e-02	-8.525496e+00
1.711000e-05	-4.017793e-03	-8.656915e+00
1.712000e-05	-1.063416e-02	-8.778625e+00
1.713000e-05	-1.309221e-02	-8.863838e+00
1.714000e-05	-3.113081e-02	-8.960073e+00
1.715000e-05	-3.017794e-02	-9.012357e+00
1.716000e-05	6.844044e-03	-9.105922e+00
1.717000e-05	-2.279118e-02	-9.191050e+00
1.718000e-05	-2.566353e-02	-9.282834e+00
1.719000e-05	-2.928901e-02	-9.329100e+00
1.720000e-05	-6.300534e-03	-9.443841e+00
1.721000e-05	-1.617354e-02	-9.508524e+00
1.722000e-05	-3.439577e-02	-9.591129e+00
1.723000e-05	-2.282423e-02	-9.652836e+00
1.724000e-05	-1.071442e-02	-9.698019e+00
1.725000e-05	-1.356502e-02	-9.749051e+00
1.726000e-05	-3.507840e-02	-9.822133e+00
1.727000e-05	-2.614723e-02	-9.853836e+00
1.728000e-05	-1.464703e-02	-9.878446e+00
1.729000e-05	-1.777092e-02	-9.928046e+00
1.730000e-05	-3.296228e-02	-9.949075e+00
1.731000e-05	-2.781058e-02	-9.982130e+00
1.732000e-05	-1.512377e-02	-1.007288e+01
1.733000e-05	-1.923770e-02	-1.008332e+01
1.734000e-05	-3.297868e-02	-1.006447e+01
1.735000e-05	-3.140285e-02	-1.013662e+01
1.736000e-05	-1.794325e-02	-1.015983e+01
1.737000e-05	-2.103063e-02	-1.013963e+01
1.738000e-05	-3.096168e-02	-1.017973e+01
1.739000e-05	-3.379037e-02	-1.018176e+01
1.740000e-05	-2.222721e-02	-1.021238e+01
1.741000e-05	-2.412140e-02	-1.018131e+01
1.742000e-05	-3.421386e-02	-1.015226e+01
1.743000e-05	-3.463090e-02	-1.017181e+01
1.744000e-05	-2.643144e-02	-1.014271e+01
1.745000e-05	-2.424403e-02	-1.012020e+01
1.746000e-05	-3.536238e-02	-1.014763e+01
1.747000e-05	-3.885615e-02	-1.008747e+01
1.748000e-05	-3.174351e-02	-1.006597e+01
1.749000e-05	-3.026189e-02	-1.002289e+01
1.750000e-05	-3.715126e-02	-1.001218e+01
1.751000e-05	-4.157522e-02	-9.959581e+00
1.752000e-05	-3.344337e-02	-9.958604e+00
1.753000e-05	-3.151703e-02	-9.905497e+00
1.754000e-05	-3.817644e-02	-9.864413e+00
1.755000e-05	-4.294874e-02	-9.833338e+00
1.756000e-05	-3.786183e-02	-9.749583e+00
1.757000e-05	-3.491446e-02	-9.728076e+00
1.758000e-05	-4.078384e-02	-9.673341e+00
1.759000e-05	-4.458539e-02	-9.642658e+00
1.760000e-05	-4.193977e-02	-9.549049e+00
1.761000e-05	-3.935818e-02	-9.458020e+00
1.762000e-05	-4.312309e-02	-9.385288e+00
1.763000e-05	-4.814506e-02	-9.295925e+00
1.764000e-05	-4.466066e-02	-9.221159e+00
1.765000e-05	-4.243239e-02	-9.129001e+00
1.766000e-05	-4.613437e-02	-9.063788e+00
1.767000e-05	-5.041044e-02	-8.959054e+00
1.768000e-05	-4.957485e-02	-8.885912e+00
1.769000e-05	-4.602268e-02	-8.821184e+00
1.770000e-05	-4.817289e-02	-8.706919e+00
1.771000e-05	-5.200183e-02	-8.559736e+00
1.772000e-05	-5.093987e-02	-8.463295e+00
1.773000e-05	-4.754788e-02	-8.360633e+00
1.774000e-05	-4.850590e-02	-8.244292e+00
1.775000e-05	-5.254705e-02	-8.139079e+00
1.776000e-05	-5.081755e-02	-8.043290e+00
1.777000e-05	-4.798683e-02	-7.948601e+00
1.778000e-05	-4.779475e-02	-7.750103e+00
1.779000e-05	-5.124859e-02	-7.604784e+00
1.780000e-05	-4.954148e-02	-7.476397e+00
1.781000e-05	-4.570316e-02	-7.368053e+00
1.782000e-05	-4.518933e-02	-7.272186e+00
1.783000e-05	-4.655873e-02	-7.106894e+00
1.784000e-05	-4.585432e-02	-6.917599e+00
1.785000e-05	-4.284514e-02	-6.810659e+00
1.786000e-05	-4.142037e-02	-6.653291e+00
1.787000e-05	-4.272101e-02	-6.497525e+00
1.788000e-05	-4.179547e-02	-6.390607e+00
1.789000e-05	-3.792838e-02	-6.223366e+00
1.790000e-05	-3.675807e-02	-6.062816e+00
1.791000e-05	-3.699017e-02	-5.895867e+00
1.792000e-05	-3.649248e-02	-5.789604e+00
1.793000e-05	-3.338199e-02	-5.631129e+00
1.794000e-05	-3.200329e-02	-5.464265e+00
1.795000e-05	-3.101554e-02	-5.231263e+00
1.796000e-05	-3.079020e-02	-5.063737e+00
1.797000e-05	-2.874174e-02	-4.864862e+00
1.798000e-05	-2.693761e-02	-4.666791e+00
1.799000e-05	-2.628460e-02	-4.506494e+00
1.800000e-05	-2.533663e-02	-4.379500e+00
1.801000e-05	-2.327278e-02	-4.222659e+00
1.802000e-05	-2.165201e-02	-4.073288e+00
1.803000e-05	-2.037480e-02	-3.917345e+00
1.804000e-05	-2.082244e-02	-3.665896e+00
1.805000e-05	-1.966912e-02	-3.496896e+00
1.806000e-05	-1.700055e-02	-3.378875e+00
1.807000e-05	-1.737497e-02	-3.180978e+00
1.808000e-05	-1.634057e-02	-2.958609e+00
1.809000e-05	-1.686137e-02	-2.789029e+00
1.810000e-05	-1.341948e-02	-2.641084e+00
1.811000e-05	-1.435579e-02	-2.421736e+00
1.812000e-05	-1.204617e-02	-2.226267e+00
1.813000e-05	-1.125274e-02	-2.013257e+00
1.814000e-05	-9.206859e-03	-1.844763e+00
1.815000e-05	-8.994581e-03	-1.674768e+00
1.816000e-05	-1.000262e-02	-1.496421e+00
1.817000e-05	-1.000143e-02	-1.235392e+00
1.818000e-05	-8.732650e-03	-1.074763e+00
1.819000e-05	-7.837162e-03	-8.952897e-01
1.820000e-05	-7.205103e-03	-7.079421e-01
1.821000e-05	-4.990694e-03	-4.753448e-01
1.822000e-05	-4.351622e-03	-3.478986e-01
1.823000e-05	-3.445751e-03	-1.369985e-01
1.824000e-05	6.251783e-04	-1.102375e-02
1.825000e-05	1.934629e-03	2.104961e-01
1.826000e-05	-2.100346e-03	4.199988e-01
1.827000e-05	1.601984e-04	5.784446e-01
1.828000e-05	-1.873862e-03	7.553642e-01
1.829000e-05	1.646117e-03	8.728088e-01
1.830000e-05	7.360417e-04	1.145288e+00
1.831000e-05	6.109496e-03	1.325135e+00
1.832000e-05	3.163966e-02	1.493211e+00
1.833000e-05	6.100838e-02	1.766816e+00
1.834000e-05	-2.725080e-02	1.998448e+00
1.835000e-05	-4.258051e-02	2.177792e+00
1.836000e-05	-4.419234e-02	2.285737e+00
1.837000e-05	-4.953412e-02	2.441083e+00
1.838000e-05	6.905419e-02	2.547942e+00
1.839000e-05	4.370620e-02	2.808871e+00
1.840000e-05	-1.106617e-01	2.897338e+00
1.841000e-05	1.159599e-01	3.081730e+00
1.842000e-05	2.937504e-02	3.314636e+00
1.843000e-05	-3.654550e-02	3.535214e+00
1.844000e-05	2.644309e-02	3.631079e+00
1.845000e-05	-7.740812e-02	3.809969e+00
1.846000e-05	2.568994e-02	3.988920e+00
1.847000e-05	7.828864e-02	4.155935e+00
1.848000e-05	-3.689568e-02	4.368999e+00
1.849000e-05	3.952451e-03	4.547362e+00
1.850000e-05	3.909283e-03	4.705767e+00
1.851000e-05	6.863635e-03	4.873309e+00
1.852000e-05	2.935259e-02	5.034790e+00
1.853000e-05	-4.701470e-02	5.295863e+00
1.854000e-05	2.340402e-02	5.474780e+00
1.855000e-05	4.157431e-02	5.609077e+00
1.856000e-05	1.776657e-02	5.828044e+00
1.857000e-05	-2.736231e-02	5.958923e+00
1.858000e-05	-1.595067e-02	6.125814e+00
1.859000e-05	5.328730e-02	6.270633e+00
1.860000e-05	-5.841806e-03	6.370524e+00
1.861000e-05	6.561459e-04	6.492864e+00
1.862000e-05	1.476817e-02	6.717868e+00
1.863000e-05	1.568075e-02	6.863683e+00
1.864000e-05	2.088246e-02	6.988923e+00
1.865000e-05	-1.682805e-02	7.125813e+00
1.866000e-05	5.807406e-03	7.231678e+00
1.867000e-05	2.003368e-02	7.356123e+00
1.868000e-05	1.917241e-02	7.548475e+00
1.869000e-05	5.130533e-03	7.714262e+00
1.870000e-05	3.417776e-03	7.851628e+00
1.871000e-05	2.434393e-02	7.939119e+00
1.872000e-05	8.624562e-03	8.095317e+00
1.873000e-05	2.693071e-03	8.230179e+00
1.874000e-05	7.187122e-03	8.316944e+00
1.875000e-05	1.791430e-02	8.421578e+00
1.876000e-05	1.910678e-02	8.496364e+00
1.877000e-05	6.335803e-03	8.621030e+00
1.878000e-05	1.061452e-02	8.684812e+00
1.879000e-05	1.741153e-02	8.748970e+00
1.880000e-05	1.452735e-02	8.854709e+00
1.881000e-05	7.206945e-03	8.939522e+00
1.882000e-05	8.236160e-03	9.055843e+00
1.883000e-05	2.174360e-02	9.149576e+00
1.884000e-05	1.715993e-02	9.251760e+00
1.885000e-05	1.085443e-02	9.296388e+00
1.886000e-05	1.150989e-02	9.391079e+00
1.887000e-05	1.844276e-02	9.454934e+00
1.888000e-05	1.829213e-02	9.537945e+00
1.889000e-05	9.733471e-03	9.539077e+00
1.890000e-05	1.379403e-02	9.622283e+00
1.891000e-05	2.111292e-02	9.715969e+00
1.892000e-05	2.106534e-02	9.780250e+00
1.893000e-05	1.140135e-02	9.843285e+00
1.894000e-05	1.319818e-02	9.897446e+00
1.895000e-05	2.016809e-02	9.938050e+00
1.896000e-05	2.055078e-02	9.971103e+00
1.897000e-05	1.556791e-02	1.001068e+01
1.898000e-05	1.460036e-02	1.005416e+01
1.899000e-05	2.313585e-02	1.006479e+01
1.900000e-05	2.079359e-02	1.011434e+01
1.901000e-05	1.628901e-02	1.011595e+01
1.902000e-05	1.548867e-02	1.013837e+01
1.903000e-05	2.304971e-02	1.013800e+01
1.904000e-05	2.540583e-02	1.011968e+01
1.905000e-05	1.959252e-02	1.014962e+01
1.906000e-05	1.958966e-02	1.016853e+01
1.907000e-05	2.292656e-02	1.017010e+01
1.908000e-05	2.548843e-02	1.016910e+01
1.909000e-05	2.120058e-02	1.015957e+01
1.910000e-05	2.083471e-02	1.015800e+01
1.911000e-05	2.542036e-02	1.009655e+01
1.912000e-05	2.999112e-02	1.013597e+01
1.913000e-05	2.578025e-02	1.010594e+01
1.914000e-05	2.520701e-02	1.008526e+01
1.915000e-05	2.884906e-02	1.004323e+01
1.916000e-05	3.084837e-02	1.000071e+01
1.917000e-05	2.999829e-02	1.001011e+01
1.918000e-05	2.651176e-02	9.948524e+00
1.919000e-05	3.019850e-02	9.907969e+00
1.920000e-05	3.269666e-02	9.825367e+00
1.921000e-05	3.211250e-02	9.760660e+00
1.922000e-05	2.866266e-02	9.707974e+00
1.923000e-05	3.166140e-02	9.674265e+00
1.924000e-05	3.625963e-02	9.611157e+00
1.925000e-05	3.432847e-02	9.527873e+00
1.926000e-05	3.436405e-02	9.456315e+00
1.927000e-05	3.504649e-02	9.401680e+00
1.928000e-05	3.783684e-02	9.326974e+00
1.929000e-05	3.874754e-02	9.255317e+00
1.930000e-05	3.691181e-02	9.210630e+00
1.931000e-05	3.874185e-02	9.138025e+00
1.932000e-05	4.126459e-02	9.012291e+00
1.933000e-05	4.146018e-02	8.896526e+00
1.934000e-05	3.901874e-02	8.820082e+00
1.935000e-05	4.132313e-02	8.726495e+00
1.936000e-05	4.298386e-02	8.624211e+00
1.937000e-05	4.578783e-02	8.539452e+00
1.938000e-05	4.168740e-02	8.442688e+00
1.939000e-05	4.296248e-02	8.328574e+00
1.940000e-05	4.349792e-02	8.203338e+00
1.941000e-05	4.446887e-02	8.154441e+00
1.942000e-05	4.086400e-02	7.971003e+00
1.943000e-05	4.133554e-02	7.856440e+00
1.944000e-05	4.139092e-02	7.748028e+00
1.945000e-05	4.381997e-02	7.612737e+00
1.946000e-05	4.094549e-02	7.515916e+00
1.947000e-05	3.845133e-02	7.297474e+00
1.948000e-05	3.968560e-02	7.209502e+00
1.949000e-05	4.039218e-02	7.045739e+00
1.950000e-05	3.864850e-02	6.888419e+00
1.951000e-05	3.509273e-02	6.811052e+00
1.952000e-05	3.486171e-02	6.683810e+00
1.953000e-05	3.383599e-02	6.444267e+00
1.954000e-05	3.249687e-02	6.327920e+00
1.955000e-05	2.946204e-02	6.190674e+00
1.956000e-05	2.970248e-02	6.044689e+00
1.957000e-05	2.975388e-02	5.928400e+00
1.958000e-05	2.835339e-02	5.727428e+00
1.959000e-05	2.671132e-02	5.587503e+00
1.960000e-05	2.455503e-02	5.413007e+00
1.961000e-05	2.356649e-02	5.213714e+00
1.962000e-05	2.186672e-02	5.023211e+00
1.963000e-05	1.877159e-02	4.842331e+00
1.964000e-05	1.808662e-02	4.675187e+00
1.965000e-05	1.843505e-02	4.476296e+00
1.966000e-05	1.802345e-02	4.399050e+00
1.967000e-05	1.640438e-02	4.160477e+00
1.968000e-05	1.443168e-02	3.980500e+00
1.969000e-05	1.382618e-02	3.793561e+00
1.970000e-05	1.190005e-02	3.644641e+00
1.971000e-05	9.344735e-03	3.474866e+00
1.972000e-05	7.936968e-03	3.244313e+00
1.973000e-05	8.804026e-03	3.105321e+00
1.974000e-05	9.815112e-03	2.957393e+00
1.975000e-05	7.509220e-03	2.788449e+00
1.976000e-05	5.487163e-03	2.611579e+00
1.977000e-05	5.454171e-03	2.358950e+00
1.978000e-05	4.140507e-03	2.208979e+00
1.979000e-05	2.463648e-03	2.012082e+00
1.980000e-05	1.690087e-03	1.844087e+00
1.981000e-05	1.934289e-03	1.610658e+00
1.982000e-05	1.759607e-03	1.443589e+00
1.983000e-05	1.612248e-03	1.244143e+00
1.984000e-05	-2.435738e-04	1.054164e+00
1.985000e-05	-8.688420e-04	8.111305e-01
1.986000e-05	-2.284954e-03	6.335832e-01
1.987000e-05	-2.111951e-03	4.331870e-01
1.988000e-05	-3.583603e-03	3.057185e-01
1.989000e-05	-3.299736e-03	7.266072e-02
1.990000e-05	1.122739e-03	-1.137603e-01
1.991000e-05	2.386572e-03	-2.426051e-01
1.992000e-05	-3.288007e-03	-4.110499e-01
1.993000e-05	-2.839710e-03	-5.815459e-01
1.994000e-05	-5.609255e-03	-7.990486e-01
1.995000e-05	-3.260276e-03	-9.369220e-01
1.996000e-05	-5.145161e-03	-1.144232e+00
1.997000e-05	4.100426e-03	-1.323758e+00
1.998000e-05	6.750674e-02	-1.513309e+00
1.999000e-05	4.373655e-03	-1.715812e+00
2.000000e-05	-4.832416e-02	-1.978417e+00
2.001000e-05	-5.941989e-02	-2.200649e+00
2.002000e-05	-9.005189e-02	-2.401074e+00
2.003000e-05	8.816565e-02	-2.484216e+00
2.004000e-05	5.392203e-02	-2.599042e+00
2.005000e-05	-1.685472e-01	-2.851074e+00
2.006000e-05	1.263228e-01	-2.997949e+00
2.007000e-05	3.432765e-02	-3.156492e+00
2.008000e-05	-7.709636e-02	-3.407944e+00
2.009000e-05	5.596695e-02	-3.536941e+00
2.010000e-05	-1.227030e-01	-3.693630e+00
2.011000e-05	-2.652541e-02	-3.977289e+00
2.012000e-05	1.380087e-01	-4.073105e+00
2.013000e-05	-9.204152e-02	-4.264204e+00
2.014000e-05	1.215338e-02	-4.389625e+00
2.015000e-05	-1.071695e-02	-4.516966e+00
2.016000e-05	-3.713084e-02	-4.798995e+00
2.017000e-05	7.489979e-02	-4.887914e+00
2.018000e-05	-1.462297e-01	-5.084785e+00
2.019000e-05	3.771772e-02	-5.243284e+00
2.020000e-05	6.230244e-02	-5.472281e+00
2.021000e-05	-4.898095e-02	-5.683831e+00
2.022000e-05	-6.269389e-03	-5.822128e+00
2.023000e-05	-8.623085e-02	-5.948421e+00
2.024000e-05	7.581405e-02	-6.034385e+00
2.025000e-05	-2.404388e-02	-6.252834e+00
2.026000e-05	-6.993159e-02	-6.451703e+00
2.027000e-05	5.017184e-02	-6.558575e+00
2.028000e-05	-4.008991e-02	-6.705489e+00
2.029000e-05	3.620731e-02	-6.841728e+00
2.030000e-05	-7.719791e-02	-7.009753e+00
2.031000e-05	-1.993207e-02	-7.159500e+00
2.032000e-05	3.657280e-02	-7.284911e+00
2.033000e-05	-4.848316e-02	-7.442631e+00
2.034000e-05	7.871166e-03	-7.567000e+00
2.035000e-05	-5.169836e-02	-7.735438e+00
2.036000e-05	3.190279e-02	-7.896864e+00
2.037000e-05	-2.460976e-02	-7.989651e+00
2.038000e-05	-4.311414e-02	-8.136942e+00
2.039000e-05	-4.294776e-03	-8.191154e+00
2.040000e-05	-2.133271e-02	-8.347416e+00
2.041000e-05	1.501856e-02	-8.411281e+00
2.042000e-05	-5.204080e-02	-8.537964e+00
2.043000e-05	-8.164517e-03	-8.683385e+00
2.044000e-05	-8.640846e-03	-8.779553e+00
2.045000e-05	-1.338634e-02	-8.894885e+00
2.046000e-05	-2.841121e-02	-8.929473e+00
2.047000e-05	-3.369957e-02	-9.062280e+00
2.048000e-05	6.210736e-03	-9.056448e+00
2.049000e-05	-2.060172e-02	-9.192101e+00
2.050000e-05	-2.403513e-02	-9.252234e+00
2.051000e-05	-3.033985e-02	-9.337947e+00
2.052000e-05	-7.866264e-03	-9.437336e+00
2.053000e-05	-1.488002e-02	-9.487524e+00
2.054000e-05	-3.365490e-02	-9.610632e+00
2.055000e-05	-2.401545e-02	-9.654863e+00
2.056000e-05	-1.212003e-02	-9.725971e+00
2.057000e-05	-1.252508e-02	-9.767573e+00
2.058000e-05	-3.377979e-02	-9.821129e+00
2.059000e-05	-2.641814e-02	-9.855416e+00
2.060000e-05	-1.570952e-02	-9.916966e+00
2.061000e-05	-1.635983e-02	-9.948996e+00
2.062000e-05	-3.174180e-02	-9.967500e+00
2.063000e-05	-2.833143e-02	-9.991080e+00
2.064000e-05	-1.585804e-02	-1.005126e+01
2.065000e-05	-1.987069e-02	-1.010379e+01
2.066000e-05	-3.152611e-02	-1.010639e+01
2.067000e-05	-3.280972e-02	-1.011710e+01
2.068000e-05	-1.769881e-02	-1.013983e+01
2.069000e-05	-2.182771e-02	-1.012868e+01
2.070000e-05	-2.932704e-02	-1.018172e+01
2.071000e-05	-3.345474e-02	-1.018116e+01
2.072000e-05	-2.349370e-02	-1.016334e+01
2.073000e-05	-2.520631e-02	-1.014331e+01
2.074000e-05	-3.416218e-02	-1.022078e+01
2.075000e-05	-3.389953e-02	-1.022073e+01
2.076000e-05	-2.718488e-02	-1.015931e+01
2.077000e-05	-2.492757e-02	-1.014811e+01
2.078000e-05	-3.526057e-02	-1.013769e+01
2.079000e-05	-3.736638e-02	-1.009607e+01
2.080000e-05	-3.225702e-02	-1.007442e+01
2.081000e-05	-3.081628e-02	-1.007276e+01
2.082000e-05	-3.600299e-02	-1.003168e+01
2.083000e-05	-4.019855e-02	-9.979598e+00
2.084000e-05	-3.380991e-02	-9.959550e+00
2.085000e-05	-3.271355e-02	-9.917972e+00
2.086000e-05	-3.920178e-02	-9.853817e+00
2.087000e-05	-4.219521e-02	-9.832785e+00
2.088000e-05	-3.776128e-02	-9.770628e+00
2.089000e-05	-3.522098e-02	-9.727948e+00
2.090000e-05	-4.110480e-02	-9.672917e+00
2.091000e-05	-4.374060e-02	-9.600631e+00
2.092000e-05	-4.245302e-02	-9.579578e+00
2.093000e-05	-4.014220e-02	-9.477994e+00
2.094000e-05	-4.429883e-02	-9.394211e+00
2.095000e-05	-4.681649e-02	-9.287499e+00
2.096000e-05	-4.402815e-02	-9.231135e+00
2.097000e-05	-4.271444e-02	-9.159122e+00
2.098000e-05	-4.604463e-02	-9.074812e+00
2.099000e-05	-5.057581e-02	-8.950099e+00
2.100000e-05	-4.856130e-02	-8.855317e+00
2.101000e-05	-4.654959e-02	-8.811680e+00
2.102000e-05	-4.872106e-02	-8.738968e+00
2.103000e-05	-5.140857e-02	-8.562629e+00
2.104000e-05	-5.003240e-02	-8.444866e+00
2.105000e-05	-4.754331e-02	-8.360124e+00
2.106000e-05	-4.923427e-02	-8.275363e+00
2.107000e-05	-5.215869e-02	-8.131524e+00
2.108000e-05	-5.122905e-02	-8.043791e+00
2.109000e-05	-4.829347e-02	-7.918028e+00
2.110000e-05	-4.888593e-02	-7.772204e+00
2.111000e-05	-5.048631e-02	-7.632684e+00
2.112000e-05	-4.939828e-02	-7.507397e+00
2.113000e-05	-4.556894e-02	-7.389053e+00
2.114000e-05	-4.628543e-02	-7.211263e+00
2.115000e-05	-4.782109e-02	-7.097471e+00
2.116000e-05	-4.493106e-02	-6.910629e+00
2.117000e-05	-4.213146e-02	-6.801100e+00
2.118000e-05	-4.192096e-02	-6.684816e+00
2.119000e-05	-4.256763e-02	-6.557949e+00
2.120000e-05	-4.169307e-02	-6.400633e+00
2.121000e-05	-3.835721e-02	-6.215261e+00
2.122000e-05	-3.734245e-02	-6.054788e+00
2.123000e-05	-3.734764e-02	-5.957447e+00
2.124000e-05	-3.647687e-02	-5.751078e+00
2.125000e-05	-3.284262e-02	-5.632210e+00
2.126000e-05	-3.178787e-02	-5.425340e+00
2.127000e-05	-3.129592e-02	-5.230811e+00
2.128000e-05	-3.050289e-02	-5.054836e+00
2.129000e-05	-2.780985e-02	-4.877216e+00
2.130000e-05	-2.632392e-02	-4.666339e+00
2.131000e-05	-2.700682e-02	-4.526442e+00
2.132000e-05	-2.551659e-02	-4.377575e+00
2.133000e-05	-2.459397e-02	-4.201136e+00
2.134000e-05	-2.132581e-02	-4.086791e+00
2.135000e-05	-2.249378e-02	-3.917447e+00
2.136000e-05	-2.081684e-02	-3.705895e+00
2.137000e-05	-1.835148e-02	-3.497374e+00
2.138000e-05	-1.659079e-02	-3.389999e+00
2.139000e-05	-1.887811e-02	-3.171655e+00
2.140000e-05	-1.717112e-02	-3.002578e+00
2.141000e-05	-1.494151e-02	-2.790654e+00
2.142000e-05	-1.267977e-02	-2.632634e+00
2.143000e-05	-1.553748e-02	-2.422691e+00
2.144000e-05	-1.335165e-02	-2.274266e+00
2.145000e-05	-1.118425e-02	-2.032204e+00
2.146000e-05	-8.647282e-03	-1.875765e+00
2.147000e-05	-9.619248e-03	-1.727374e+00
2.148000e-05	-1.008645e-02	-1.568369e+00
2.149000e-05	-9.516399e-03	-1.256294e+00
2.150000e-05	-7.565994e-03	-1.145340e+00
2.151000e-05	-7.258226e-03	-8.458673e-01
2.152000e-05	-8.507579e-03	-7.899222e-01
2.153000e-05	-5.274687e-03	-4.968432e-01
2.154000e-05	-3.486552e-03	-3.578424e-01
2.155000e-05	-3.215752e-03	-1.284513e-01
2.156000e-05	-1.043690e-03	-1.995026e-02
2.157000e-05	1.971233e-03	2.193684e-01
2.158000e-05	-2.158056e-03	4.004234e-01
2.159000e-05	5.118528e-04	5.764147e-01
2.160000e-05	-2.565341e-03	7.258104e-01
2.161000e-05	1.379733e-03	8.421343e-01
2.162000e-05	1.522678e-03	1.134759e+00
2.163000e-05	5.640651e-03	1.284260e+00
2.164000e-05	2.835199e-02	1.475133e+00
2.165000e-05	6.238003e-02	1.768314e+00
2.166000e-05	-2.328702e-02	1.997395e+00
2.167000e-05	-4.271040e-02	2.146816e+00
2.168000e-05	-4.510292e-02	2.345761e+00
2.169000e-05	-5.207715e-02	2.390525e+00
2.170000e-05	6.001748e-02	2.535942e+00
2.171000e-05	5.766247e-02	2.758897e+00
2.172000e-05	-1.127862e-01	2.936318e+00
2.173000e-05	1.046976e-01	3.042679e+00
2.174000e-05	3.871217e-02	3.273808e+00
2.175000e-05	-3.795021e-02	3.514208e+00
2.176000e-05	2.885617e-02	3.630026e+00
2.177000e-05	-7.401205e-02	3.790599e+00
2.178000e-05	1.423856e-02	3.958978e+00
2.179000e-05	8.386080e-02	4.116941e+00
2.180000e-05	-3.163028e-02	4.389442e+00
2.181000e-05	-2.021925e-03	4.514916e+00
2.182000e-05	6.705583e-03	4.706313e+00
2.183000e-05	2.977024e-03	4.833582e+00
2.184000e-05	3.653893e-02	5.066288e+00
2.185000e-05	-4.870908e-02	5.305710e+00
2.186000e-05	1.784034e-02	5.444306e+00
2.187000e-05	4.177405e-02	5.590496e+00
2.188000e-05	2.111596e-02	5.808021e+00
2.189000e-05	-2.645653e-02	5.967922e+00
2.190000e-05	-2.092590e-02	6.124315e+00
2.191000e-05	5.476031e-02	6.221202e+00
2.192000e-05	1.867748e-04	6.368424e+00
2.193000e-05	-1.763358e-03	6.484362e+00
2.194000e-05	1.338404e-02	6.715866e+00
2.195000e-05	1.509192e-02	6.873680e+00
2.196000e-05	2.394957e-02	6.968526e+00
2.197000e-05	-1.506203e-02	7.094838e+00
2.198000e-05	1.257996e-03	7.201679e+00
2.199000e-05	2.063000e-02	7.388147e+00
2.200000e-05	2.076675e-02	7.517948e+00
2.201000e-05	7.542870e-03	7.684739e+00
2.202000e-05	2.510020e-04	7.811606e+00
2.203000e-05	2.302301e-02	7.904475e+00
2.204000e-05	1.152079e-02	8.065814e+00
2.205000e-05	2.317396e-03	8.162576e+00
2.206000e-05	6.230309e-03	8.326891e+00
2.207000e-05	1.627175e-02	8.431153e+00
2.208000e-05	2.235087e-02	8.505366e+00
2.209000e-05	7.375236e-03	8.590623e+00
2.210000e-05	8.999579e-03	8.694289e+00
2.211000e-05	1.579014e-02	8.788529e+00
2.212000e-05	1.539711e-02	8.843309e+00
2.213000e-05	8.646804e-03	8.950220e+00
2.214000e-05	6.319658e-03	9.104367e+00
2.215000e-05	2.064235e-02	9.140473e+00
2.216000e-05	1.828502e-02	9.251257e+00
2.217000e-05	1.222909e-02	9.306395e+00
2.218000e-05	9.893708e-03	9.369126e+00
2.219000e-05	1.754285e-02	9.433761e+00
2.220000e-05	1.835335e-02	9.545896e+00
2.221000e-05	1.076722e-02	9.588503e+00
2.222000e-05	1.445006e-02	9.631679e+00
2.223000e-05	1.984758e-02	9.715916e+00
2.224000e-05	2.123139e-02	9.788574e+00
2.225000e-05	1.179706e-02	9.833306e+00
2.226000e-05	1.186934e-02	9.886867e+00
2.227000e-05	1.828898e-02	9.958025e+00
2.228000e-05	1.976225e-02	9.980551e+00
2.229000e-05	1.604778e-02	1.002061e+01
2.230000e-05	1.542336e-02	1.003224e+01
2.231000e-05	2.324509e-02	1.008384e+01
2.232000e-05	2.182181e-02	1.010634e+01
2.233000e-05	1.773156e-02	1.011641e+01
2.234000e-05	1.494838e-02	1.013845e+01
2.235000e-05	2.110581e-02	1.011805e+01
2.236000e-05	2.312949e-02	1.013857e+01
2.237000e-05	2.057041e-02	1.015010e+01
2.238000e-05	1.850394e-02	1.015858e+01
2.239000e-05	2.237723e-02	1.014915e+01
2.240000e-05	2.583680e-02	1.015105e+01
2.241000e-05	2.311208e-02	1.014960e+01
2.242000e-05	2.312622e-02	1.013852e+01
2.243000e-05	2.487184e-02	1.012694e+01
2.244000e-05	2.763432e-02	1.011749e+01
2.245000e-05	2.493533e-02	1.011587e+01
2.246000e-05	2.470521e-02	1.011539e+01
2.247000e-05	2.790906e-02	1.007324e+01
2.248000e-05	2.986124e-02	9.990188e+00
2.249000e-05	3.070098e-02	9.991651e+00
2.250000e-05	2.839168e-02	9.950070e+00
2.251000e-05	3.125119e-02	9.938022e+00
2.252000e-05	3.174482e-02	9.805886e+00
2.253000e-05	3.050911e-02	9.801733e+00
2.254000e-05	2.936903e-02	9.727950e+00
2.255000e-05	3.154143e-02	9.674762e+00
2.256000e-05	3.462502e-02	9.610629e+00
2.257000e-05	3.463239e-02	9.547018e+00
2.258000e-05	3.494335e-02	9.455815e+00
2.259000e-05	3.618679e-02	9.400736e+00
2.260000e-05	3.747417e-02	9.339005e+00
2.261000e-05	3.745814e-02	9.304818e+00
2.262000e-05	3.710689e-02	9.200655e+00
2.263000e-05	4.082346e-02	9.127996e+00
2.264000e-05	3.970084e-02	8.992912e+00
2.265000e-05	3.991320e-02	8.898430e+00
2.266000e-05	4.016504e-02	8.830158e+00
2.267000e-05	4.350599e-02	8.706945e+00
2.268000e-05	4.173891e-02	8.593690e+00
2.269000e-05	4.269598e-02	8.527500e+00
2.270000e-05	4.163159e-02	8.443215e+00
2.271000e-05	4.410218e-02	8.338601e+00
2.272000e-05	4.274741e-02	8.203868e+00
2.273000e-05	4.252025e-02	8.117349e+00
2.274000e-05	4.218041e-02	7.991007e+00
2.275000e-05	4.330219e-02	7.854821e+00
2.276000e-05	4.261815e-02	7.719026e+00
2.277000e-05	4.082494e-02	7.652738e+00
2.278000e-05	4.063936e-02	7.466925e+00
2.279000e-05	3.996880e-02	7.347030e+00
2.280000e-05	4.049961e-02	7.179678e+00
2.281000e-05	3.747326e-02	7.044264e+00
2.282000e-05	3.700093e-02	6.915897e+00
2.283000e-05	3.632099e-02	6.821106e+00
2.284000e-05	3.610485e-02	6.634416e+00
2.285000e-05	3.374687e-02	6.475822e+00
2.286000e-05	3.261629e-02	6.337870e+00
2.287000e-05	3.194558e-02	6.179558e+00
2.288000e-05	3.008413e-02	6.055242e+00
2.289000e-05	2.771701e-02	5.927847e+00
2.290000e-05	2.676907e-02	5.719051e+00
2.291000e-05	2.540545e-02	5.578054e+00
2.292000e-05	2.538873e-02	5.441713e+00
2.293000e-05	2.327698e-02	5.253237e+00
2.294000e-05	2.190481e-02	5.085795e+00
2.295000e-05	2.038092e-02	4.852711e+00
2.296000e-05	1.898091e-02	4.675192e+00
2.297000e-05	1.848700e-02	4.516342e+00
2.298000e-05	1.584434e-02	4.387574e+00
2.299000e-05	1.607419e-02	4.111057e+00
2.300000e-05	1.524224e-02	3.999451e+00
2.301000e-05	1.320277e-02	3.813139e+00
2.302000e-05	1.156954e-02	3.643236e+00
2.303000e-05	1.086972e-02	3.495369e+00
2.304000e-05	9.354582e-03	3.243767e+00
2.305000e-05	8.920532e-03	3.126345e+00
2.306000e-05	7.712956e-03	2.967449e+00
2.307000e-05	6.648708e-03	2.799029e+00
2.308000e-05	5.986461e-03	2.577963e+00
2.309000e-05	5.112563e-03	2.368403e+00
2.310000e-05	3.554659e-03	2.170506e+00
2.311000e-05	3.043159e-03	2.032061e+00
2.312000e-05	2.670471e-03	1.843188e+00
2.313000e-05	3.314523e-03	1.631088e+00
2.314000e-05	9.869773e-04	1.473262e+00
2.315000e-05	-6.216147e-04	1.263139e+00
2.316000e-05	-7.121296e-05	1.072609e+00
2.317000e-05	-2.779892e-04	8.011045e-01
2.318000e-05	-2.603785e-03	6.430855e-01
2.319000e-05	-2.319825e-03	5.131907e-01
2.320000e-05	-1.985913e-03	3.476710e-01
2.321000e-05	-1.719149e-03	4.276834e-02
2.322000e-05	7.487437e-04	-9.413533e-02
2.323000e-05	1.512362e-03	-2.536791e-01
2.324000e-05	-3.911104e-03	-4.000738e-01
2.325000e-05	-1.349042e-03	-5.604710e-01
2.326000e-05	-5.871323e-03	-8.000249e-01
2.327000e-05	-3.067515e-03	-9.489157e-01
2.328000e-05	-4.818400e-03	-1.074863e+00
2.329000e-05	4.225771e-03	-1.307259e+00
2.330000e-05	6.314990e-02	-1.504308e+00
2.331000e-05	1.273354e-02	-1.726834e+00
2.332000e-05	-5.064031e-02	-1.948413e+00
2.333000e-05	-5.612955e-02	-2.210945e+00
2.334000e-05	-9.105365e-02	-2.411150e+00
2.335000e-05	7.449394e-02	-2.513816e+00
2.336000e-05	6.912231e-02	-2.620099e+00
2.337000e-05	-1.696214e-01	-2.800070e+00
2.338000e-05	1.124146e-01	-2.960979e+00
2.339000e-05	5.040933e-02	-3.136019e+00
2.340000e-05	-8.382258e-02	-3.387441e+00
2.341000e-05	5.605751e-02	-3.516891e+00
2.342000e-05	-1.113694e-01	-3.660729e+00
2.343000e-05	-4.229021e-02	-3.907360e+00
2.344000e-05	1.432510e-01	-4.021179e+00
2.345000e-05	-8.282949e-02	-4.251100e+00
2.346000e-05	2.427639e-03	-4.390523e+00
2.347000e-05	-1.330266e-03	-4.505837e+00
2.348000e-05	-4.962231e-02	-4.765962e+00
2.349000e-05	8.029742e-02	-4.936892e+00
2.350000e-05	-1.405655e-01	-5.051781e+00
2.351000e-05	2.310393e-02	-5.263307e+00
2.352000e-05	7.421531e-02	-5.442232e+00
2.353000e-05	-5.075802e-02	-5.634309e+00
2.354000e-05	-2.512524e-03	-5.790547e+00
2.355000e-05	-8.791938e-02	-5.956993e+00
2.356000e-05	6.829003e-02	-6.095737e+00
2.357000e-05	-1.362429e-02	-6.262837e+00
2.358000e-05	-7.949930e-02	-6.442676e+00
2.359000e-05	5.173949e-02	-6.537000e+00
2.360000e-05	-3.870147e-02	-6.725909e+00
2.361000e-05	3.574347e-02	-6.802679e+00
2.362000e-05	-6.834141e-02	-7.011671e+00
2.363000e-05	-2.872544e-02	-7.138471e+00
2.364000e-05	4.217549e-02	-7.252808e+00
2.365000e-05	-5.184647e-02	-7.442158e+00
2.366000e-05	7.474792e-03	-7.539546e+00
2.367000e-05	-5.115903e-02	-7.715413e+00
2.368000e-05	2.668948e-02	-7.892865e+00
2.369000e-05	-1.680140e-02	-8.010655e+00
2.370000e-05	-4.658851e-02	-8.105964e+00
2.371000e-05	-8.998956e-04	-8.201704e+00
2.372000e-05	-2.429111e-02	-8.307419e+00
2.373000e-05	1.525467e-02	-8.401653e+00
2.374000e-05	-5.170814e-02	-8.507067e+00
2.375000e-05	-1.192637e-02	-8.664943e+00
2.376000e-05	-6.042338e-03	-8.738975e+00
2.377000e-05	-1.427313e-02	-8.876788e+00
2.378000e-05	-2.370754e-02	-8.907967e+00
2.379000e-05	-3.546236e-02	-9.022308e+00
2.380000e-05	6.808682e-03	-9.136965e+00
2.381000e-05	-2.221983e-02	-9.160175e+00
2.382000e-05	-2.487759e-02	-9.242407e+00
2.383000e-05	-3.192063e-02	-9.355596e+00
2.384000e-05	-8.064681e-03	-9.455239e+00
2.385000e-05	-1.194532e-02	-9.466946e+00
2.386000e-05	-3.244335e-02	-9.571653e+00
2.387000e-05	-2.415511e-02	-9.653333e+00
2.388000e-05	-1.261876e-02	-9.736995e+00
2.389000e-05	-1.206992e-02	-9.769050e+00
2.390000e-05	-3.430277e-02	-9.819731e+00
2.391000e-05	-2.773503e-02	-9.852387e+00
2.392000e-05	-1.668478e-02	-9.895397e+00
2.393000e-05	-1.586616e-02	-9.918470e+00
2.394000e-05	-3.123498e-02	-9.961598e+00
2.395000e-05	-2.826814e-02	-1.000168e+01
2.396000e-05	-1.615345e-02	-1.002073e+01
2.397000e-05	-1.785355e-02	-1.006331e+01
2.398000e-05	-3.314883e-02	-1.009592e+01
2.399000e-05	-3.185131e-02	-1.011712e+01
2.400000e-05	-2.174462e-02	-1.010866e+01
2.401000e-05	-2.033528e-02	-1.015983e+01
2.402000e-05	-2.815141e-02	-1.014873e+01
2.403000e-05	-3.193956e-02	-1.018276e+01
2.404000e-05	-2.366409e-02	-1.022032e+01
2.405000e-05	-2.525113e-02	-1.016218e+01
2.406000e-05	-3.433421e-02	-1.019173e+01
2.407000e-05	-3.573882e-02	-1.017179e+01
2.408000e-05	-2.941541e-02	-1.016031e+01
2.409000e-05	-2.401327e-02	-1.015968e+01
2.410000e-05	-3.201059e-02	-1.013800e+01
2.411000e-05	-3.571471e-02	-1.012500e+01
2.412000e-05	-3.320389e-02	-1.008594e+01
2.413000e-05	-3.174167e-02	-1.005484e+01
2.414000e-05	-3.567880e-02	-1.004210e+01
2.415000e-05	-4.169854e-02	-1.000960e+01
2.416000e-05	-3.422940e-02	-9.969550e+00
2.417000e-05	-3.224051e-02	-9.928097e+00
2.418000e-05	-3.614510e-02	-9.844388e+00
2.419000e-05	-4.285834e-02	-9.813234e+00
2.420000e-05	-3.870282e-02	-9.771103e+00
2.421000e-05	-3.738751e-02	-9.748548e+00
2.422000e-05	-4.005140e-02	-9.666366e+00
2.423000e-05	-4.599150e-02	-9.641684e+00
2.424000e-05	-4.195792e-02	-9.529553e+00
2.425000e-05	-3.840320e-02	-9.497995e+00
2.426000e-05	-4.182036e-02	-9.392336e+00
2.427000e-05	-4.648186e-02	-9.309048e+00
2.428000e-05	-4.634310e-02	-9.242159e+00
2.429000e-05	-4.431961e-02	-9.159575e+00
2.430000e-05	-4.720014e-02	-9.084867e+00
2.431000e-05	-5.110985e-02	-8.958556e+00
2.432000e-05	-4.935998e-02	-8.854912e+00
2.433000e-05	-4.470320e-02	-8.792634e+00
2.434000e-05	-4.543364e-02	-8.688943e+00
2.435000e-05	-5.095749e-02	-8.572263e+00
2.436000e-05	-5.283736e-02	-8.455394e+00
2.437000e-05	-4.895547e-02	-8.360603e+00
2.438000e-05	-5.001782e-02	-8.255764e+00
2.439000e-05	-5.331207e-02	-8.171051e+00
2.440000e-05	-5.108969e-02	-8.062812e+00
2.441000e-05	-4.818850e-02	-7.959530e+00
2.442000e-05	-4.595327e-02	-7.791111e+00
2.443000e-05	-4.922990e-02	-7.684789e+00
2.444000e-05	-4.891820e-02	-7.556921e+00
2.445000e-05	-4.799811e-02	-7.351152e+00
2.446000e-05	-4.671902e-02	-7.253688e+00
2.447000e-05	-4.895515e-02	-7.117871e+00
2.448000e-05	-4.633619e-02	-6.941099e+00
2.449000e-05	-4.226780e-02	-6.812658e+00
2.450000e-05	-4.042146e-02	-6.666343e+00
2.451000e-05	-4.131708e-02	-6.518071e+00
2.452000e-05	-4.160328e-02	-6.442155e+00
2.453000e-05	-3.870475e-02	-6.265764e+00
2.454000e-05	-3.728916e-02	-6.083763e+00
2.455000e-05	-3.844826e-02	-5.936891e+00
2.456000e-05	-3.697939e-02	-5.780055e+00
2.457000e-05	-3.320514e-02	-5.674187e+00
2.458000e-05	-3.021752e-02	-5.454913e+00
2.459000e-05	-3.070981e-02	-5.296213e+00
2.460000e-05	-3.017803e-02	-5.076818e+00
2.461000e-05	-2.915459e-02	-4.906445e+00
2.462000e-05	-2.736031e-02	-4.676317e+00
2.463000e-05	-2.628412e-02	-4.558419e+00
2.464000e-05	-2.469263e-02	-4.400076e+00
2.465000e-05	-2.454349e-02	-4.253160e+00
2.466000e-05	-2.189879e-02	-4.105241e+00
2.467000e-05	-2.182143e-02	-3.906896e+00
2.468000e-05	-2.003186e-02	-3.707396e+00
2.469000e-05	-2.011385e-02	-3.548447e+00
2.470000e-05	-1.724901e-02	-3.350026e+00
2.471000e-05	-1.718985e-02	-3.203132e+00
2.472000e-05	-1.604143e-02	-2.972082e+00
2.473000e-05	-1.698208e-02	-2.800106e+00
2.474000e-05	-1.400197e-02	-2.644262e+00
2.475000e-05	-1.385291e-02	-2.483686e+00
2.476000e-05	-1.327136e-02	-2.314768e+00
2.477000e-05	-1.187350e-02	-2.054264e+00
2.478000e-05	-9.329196e-03	-1.856242e+00
2.479000e-05	-7.680159e-03	-1.696844e+00
2.480000e-05	-9.631178e-03	-1.547925e+00
2.481000e-05	-1.014673e-02	-1.305320e+00
2.482000e-05	-9.454059e-03	-1.095342e+00
2.483000e-05	-7.321281e-03	-8.873685e-01
2.484000e-05	-7.859180e-03	-7.578474e-01
2.485000e-05	-5.340261e-03	-5.653234e-01
2.486000e-05	-4.736032e-03	-3.679710e-01
2.487000e-05	-2.790247e-03	-2.116290e-01
2.488000e-05	2.909795e-04	1.107644e-02
2.489000e-05	1.723711e-03	1.889435e-01
2.490000e-05	-3.066924e-03	3.994975e-01
2.491000e-05	8.072000e-04	5.268622e-01
2.492000e-05	-1.314376e-03	7.342854e-01
2.493000e-05	6.693214e-04	8.111277e-01
2.494000e-05	-6.017628e-05	1.137215e+00
2.495000e-05	5.864187e-03	1.283178e+00
2.496000e-05	2.624791e-02	1.454208e+00
2.497000e-05	6.301615e-02	1.727737e+00
2.498000e-05	-1.876207e-02	1.978417e+00
2.499000e-05	-4.296610e-02	2.166888e+00
2.500000e-05	-4.349408e-02	2.305788e+00
2.501000e-05	-5.262546e-02	2.409504e+00
2.502000e-05	4.902775e-02	2.544441e+00
2.503000e-05	6.854786e-02	2.788445e+00
2.504000e-05	-1.137157e-01	2.946838e+00
2.505000e-05	9.489663e-02	3.023205e+00
2.506000e-05	4.772491e-02	3.243083e+00
2.507000e-05	-4.017693e-02	3.523841e+00
2.508000e-05	2.877436e-02	3.600000e+00
2.509000e-05	-6.783308e-02	3.819970e+00
2.510000e-05	3.590318e-03	3.998447e+00
2.511000e-05	8.608595e-02	4.115863e+00
2.512000e-05	-2.669683e-02	4.357897e+00
2.513000e-05	-5.385319e-03	4.455861e+00
2.514000e-05	1.060302e-02	4.685362e+00
2.515000e-05	-3.049443e-03	4.891682e+00
2.516000e-05	3.911240e-02	5.073286e+00
2.517000e-05	-4.637694e-02	5.305286e+00
2.518000e-05	1.379006e-02	5.472655e+00
2.519000e-05	4.326534e-02	5.589547e+00
2.520000e-05	2.299523e-02	5.715890e+00
2.521000e-05	-2.207749e-02	5.947496e+00
2.522000e-05	-2.427325e-02	6.074708e+00
2.523000e-05	5.139038e-02	6.242578e+00
2.524000e-05	1.899833e-03	6.347921e+00
2.525000e-05	-2.340504e-03	6.476307e+00
2.526000e-05	1.478898e-02	6.725363e+00
2.527000e-05	1.412583e-02	6.823685e+00
2.528000e-05	2.313017e-02	6.948476e+00
2.529000e-05	-1.237141e-02	7.133812e+00
2.530000e-05	-7.624377e-04	7.211028e+00
2.531000e-05	2.112920e-02	7.357595e+00
2.532000e-05	1.861295e-02	7.555049e+00
2.533000e-05	8.256280e-03	7.703811e+00
2.534000e-05	1.256049e-03	7.790101e+00
2.535000e-05	2.252566e-02	7.949497e+00
2.536000e-05	1.281598e-02	8.102844e+00
2.537000e-05	1.765114e-03	8.220175e+00
2.538000e-05	7.670154e-03	8.296892e+00
2.539000e-05	1.454224e-02	8.410602e+00
2.540000e-05	2.240116e-02	8.484887e+00
2.541000e-05	6.476762e-03	8.589550e+00
2.542000e-05	1.037434e-02	8.714786e+00
2.543000e-05	1.736343e-02	8.738051e+00
2.544000e-05	1.479175e-02	8.842731e+00
2.545000e-05	7.952858e-03	8.938570e+00
2.546000e-05	6.327055e-03	9.086316e+00
2.547000e-05	2.123286e-02	9.149504e+00
2.548000e-05	1.694497e-02	9.252759e+00
2.549000e-05	1.235361e-02	9.297365e+00
2.550000e-05	1.051074e-02	9.399127e+00
2.551000e-05	1.846482e-02	9.432786e+00
2.552000e-05	1.854826e-02	9.486393e+00
2.553000e-05	9.950157e-03	9.559524e+00
2.554000e-05	1.280785e-02	9.602705e+00
2.555000e-05	1.990747e-02	9.685514e+00
2.556000e-05	2.125869e-02	9.759682e+00
2.557000e-05	1.187027e-02	9.814787e+00
2.558000e-05	1.314333e-02	9.845392e+00
2.559000e-05	1.916190e-02	9.958497e+00
2.560000e-05	2.027140e-02	9.930053e+00
2.561000e-05	1.486240e-02	1.002158e+01
2.562000e-05	1.509932e-02	1.008271e+01
2.563000e-05	2.201818e-02	1.006429e+01
2.564000e-05	2.149311e-02	1.008432e+01
2.565000e-05	1.671764e-02	1.012639e+01
2.566000e-05	1.561270e-02	1.012644e+01
2.567000e-05	2.303641e-02	1.010957e+01
2.568000e-05	2.405514e-02	1.016855e+01
2.569000e-05	2.039134e-02	1.013953e+01
2.570000e-05	1.878480e-02	1.019905e+01
2.571000e-05	2.302495e-02	1.015003e+01
2.572000e-05	2.477003e-02	1.015913e+01
2.573000e-05	2.079153e-02	1.014802e+01
2.574000e-05	2.174043e-02	1.014952e+01
2.575000e-05	2.591857e-02	1.008747e+01
2.576000e-05	3.014413e-02	1.012795e+01
2.577000e-05	2.578251e-02	1.012729e+01
2.578000e-05	2.491471e-02	1.008587e+01
2.579000e-05	2.777508e-02	1.005431e+01
2.580000e-05	3.084953e-02	1.003213e+01
2.581000e-05	2.917709e-02	9.989601e+00
2.582000e-05	2.716021e-02	9.949072e+00
2.583000e-05	3.001288e-02	9.967997e+00
2.584000e-05	3.438265e-02	9.854443e+00
2.585000e-05	3.213112e-02	9.800788e+00
2.586000e-05	2.891741e-02	9.696576e+00
2.587000e-05	3.130786e-02	9.634442e+00
2.588000e-05	3.589517e-02	9.631632e+00
2.589000e-05	3.533844e-02	9.527972e+00
2.590000e-05	3.398517e-02	9.485866e+00
2.591000e-05	3.486082e-02	9.402633e+00
2.592000e-05	3.799019e-02	9.369050e+00
2.593000e-05	3.770731e-02	9.286340e+00
2.594000e-05	3.680845e-02	9.201580e+00
2.595000e-05	3.843758e-02	9.117501e+00
2.596000e-05	4.073530e-02	9.033337e+00
2.597000e-05	4.195282e-02	8.929103e+00
2.598000e-05	3.889003e-02	8.842154e+00
2.599000e-05	4.164048e-02	8.727395e+00
2.600000e-05	4.295012e-02	8.634238e+00
2.601000e-05	4.445998e-02	8.518424e+00
2.602000e-05	4.138616e-02	8.465790e+00
2.603000e-05	4.251939e-02	8.367523e+00
2.604000e-05	4.255259e-02	8.275791e+00
2.605000e-05	4.365945e-02	8.138927e+00
2.606000e-05	4.236663e-02	7.989579e+00
2.607000e-05	4.174905e-02	7.887365e+00
2.608000e-05	4.304183e-02	7.739051e+00
2.609000e-05	4.287046e-02	7.652684e+00
2.610000e-05	4.126200e-02	7.515415e+00
2.611000e-05	3.802881e-02	7.348475e+00
2.612000e-05	3.952874e-02	7.189084e+00
2.613000e-05	3.898482e-02	7.074241e+00
2.614000e-05	3.727173e-02	6.947471e+00
2.615000e-05	3.479519e-02	6.832087e+00
2.616000e-05	3.547213e-02	6.633763e+00
2.617000e-05	3.539831e-02	6.504795e+00
2.618000e-05	3.289859e-02	6.347419e+00
2.619000e-05	3.021407e-02	6.191128e+00
2.620000e-05	2.940664e-02	6.065716e+00
2.621000e-05	2.961853e-02	5.958473e+00
2.622000e-05	2.754996e-02	5.751453e+00
2.623000e-05	2.486926e-02	5.599024e+00
2.624000e-05	2.474638e-02	5.423184e+00
2.625000e-05	2.387111e-02	5.263738e+00
2.626000e-05	2.254797e-02	5.083712e+00
2.627000e-05	1.955044e-02	4.831206e+00
2.628000e-05	1.877414e-02	4.674740e+00
2.629000e-05	1.815798e-02	4.535898e+00
2.630000e-05	1.793270e-02	4.390524e+00
2.631000e-05	1.417969e-02	4.243079e+00
2.632000e-05	1.467953e-02	4.000073e+00
2.633000e-05	1.357137e-02	3.852632e+00
2.634000e-05	1.299792e-02	3.685688e+00
2.635000e-05	1.019550e-02	3.517843e+00
2.636000e-05	9.298415e-03	3.275791e+00
2.637000e-05	9.174882e-03	3.095846e+00
2.638000e-05	9.603652e-03	2.959871e+00
2.639000e-05	6.315079e-03	2.800628e+00
2.640000e-05	5.494653e-03	2.601581e+00
2.641000e-05	4.849495e-03	2.420079e+00
2.642000e-05	5.521621e-03	2.210079e+00
2.643000e-05	2.264641e-03	2.033636e+00
2.644000e-05	1.974110e-03	1.874789e+00
2.645000e-05	1.804517e-03	1.652685e+00
2.646000e-05	3.431725e-03	1.474638e+00
2.647000e-05	7.644538e-04	1.256142e+00
2.648000e-05	4.598742e-04	1.085664e+00
2.649000e-05	-2.935480e-03	8.020318e-01
2.650000e-05	-1.009652e-03	6.241344e-01
2.651000e-05	-1.399393e-03	4.852146e-01
2.652000e-05	-1.298702e-03	3.162460e-01
2.653000e-05	-3.673443e-03	3.621579e-02
2.654000e-05	7.493321e-04	-9.420909e-02
2.655000e-05	2.608674e-03	-2.626039e-01
2.656000e-05	-3.520463e-03	-3.905499e-01
2.657000e-05	-2.689804e-03	-5.815474e-01
2.658000e-05	-5.448574e-03	-7.900736e-01
2.659000e-05	-2.648227e-03	-9.658881e-01
2.660000e-05	-5.331122e-03	-1.085859e+00
2.661000e-05	2.261672e-03	-1.275683e+00
2.662000e-05	5.880275e-02	-1.501709e+00
2.663000e-05	2.174343e-02	-1.704710e+00
2.664000e-05	-5.050443e-02	-1.946491e+00
2.665000e-05	-5.393019e-02	-2.169547e+00
2.666000e-05	-9.286428e-02	-2.411101e+00
2.667000e-05	6.243443e-02	-2.525867e+00
2.668000e-05	8.295453e-02	-2.548971e+00
2.669000e-05	-1.681445e-01	-2.830075e+00
2.670000e-05	9.399498e-02	-3.008045e+00
2.671000e-05	6.644345e-02	-3.126468e+00
2.672000e-05	-8.442084e-02	-3.367964e+00
2.673000e-05	5.211511e-02	-3.526418e+00
2.674000e-05	-9.862291e-02	-3.642731e+00
2.675000e-05	-6.102401e-02	-3.895914e+00
2.676000e-05	1.465924e-01	-4.041704e+00
2.677000e-05	-7.593513e-02	-4.231625e+00
2.678000e-05	-1.081350e-02	-4.409599e+00
2.679000e-05	9.706329e-03	-4.485563e+00
2.680000e-05	-5.517424e-02	-4.765490e+00
2.681000e-05	8.780166e-02	-4.936942e+00
2.682000e-05	-1.311739e-01	-5.074784e+00
2.683000e-05	4.902836e-03	-5.262787e+00
2.684000e-05	8.192380e-02	-5.429783e+00
2.685000e-05	-5.416502e-02	-5.612729e+00
2.686000e-05	-3.856955e-03	-5.790649e+00
2.687000e-05	-8.607985e-02	-5.928468e+00
2.688000e-05	6.058288e-02	-6.042311e+00
2.689000e-05	5.106791e-03	-6.221182e+00
2.690000e-05	-8.799430e-02	-6.402753e+00
2.691000e-05	5.280262e-02	-6.526967e+00
2.692000e-05	-3.971930e-02	-6.705889e+00
2.693000e-05	3.140937e-02	-6.852154e+00
2.694000e-05	-6.368024e-02	-6.998170e+00
2.695000e-05	-4.222894e-02	-7.159497e+00
2.696000e-05	4.963743e-02	-7.253262e+00
2.697000e-05	-4.804445e-02	-7.392676e+00
2.698000e-05	9.636401e-03	-7.558496e+00
2.699000e-05	-4.987764e-02	-7.684336e+00
2.700000e-05	2.230531e-02	-7.864407e+00
2.701000e-05	-1.171102e-02	-7.989125e+00
2.702000e-05	-5.359991e-02	-8.115889e+00
2.703000e-05	-1.179451e-03	-8.191180e+00
2.704000e-05	-2.496854e-02	-8.315964e+00
2.705000e-05	1.935131e-02	-8.370178e+00
2.706000e-05	-4.790909e-02	-8.517970e+00
2.707000e-05	-1.579318e-02	-8.624887e+00
2.708000e-05	-5.869402e-03	-8.748126e+00
2.709000e-05	-1.604142e-02	-8.844782e+00
2.710000e-05	-2.258762e-02	-8.938568e+00
2.711000e-05	-3.806012e-02	-9.042734e+00
2.712000e-05	5.534070e-03	-9.107441e+00
2.713000e-05	-1.767353e-02	-9.169599e+00
2.714000e-05	-2.337313e-02	-9.253357e+00
2.715000e-05	-3.145241e-02	-9.356070e+00
2.716000e-05	-1.064422e-02	-9.475383e+00
2.717000e-05	-1.089026e-02	-9.496945e+00
2.718000e-05	-3.251877e-02	-9.609654e+00
2.719000e-05	-2.557391e-02	-9.672736e+00
2.720000e-05	-1.345472e-02	-9.708966e+00
2.721000e-05	-1.046397e-02	-9.758076e+00
2.722000e-05	-3.154651e-02	-9.810758e+00
2.723000e-05	-2.824731e-02	-9.863891e+00
2.724000e-05	-1.835625e-02	-9.907946e+00
2.725000e-05	-1.586865e-02	-9.957920e+00
2.726000e-05	-2.942950e-02	-9.971575e+00
2.727000e-05	-2.872589e-02	-1.000113e+01
2.728000e-05	-1.746043e-02	-1.002181e+01
2.729000e-05	-1.819775e-02	-1.004491e+01
2.730000e-05	-2.908733e-02	-1.009601e+01
2.731000e-05	-3.353708e-02	-1.012067e+01
2.732000e-05	-2.161325e-02	-1.013825e+01
2.733000e-05	-2.086045e-02	-1.015163e+01
2.734000e-05	-2.739136e-02	-1.019223e+01
2.735000e-05	-3.282718e-02	-1.018284e+01
2.736000e-05	-2.467658e-02	-1.018139e+01
2.737000e-05	-2.345863e-02	-1.020181e+01
2.738000e-05	-3.191828e-02	-1.019281e+01
2.739000e-05	-3.437283e-02	-1.017269e+01
2.740000e-05	-2.918797e-02	-1.016076e+01
2.741000e-05	-2.463508e-02	-1.016066e+01
2.742000e-05	-3.321651e-02	-1.010004e+01
2.743000e-05	-3.783837e-02	-1.010642e+01
2.744000e-05	-3.320217e-02	-1.007752e+01
2.745000e-05	-3.054652e-02	-1.007440e+01
2.746000e-05	-3.529708e-02	-1.001113e+01
2.747000e-05	-3.965153e-02	-9.981579e+00
2.748000e-05	-3.511016e-02	-9.970049e+00
2.749000e-05	-3.289189e-02	-9.897994e+00
2.750000e-05	-3.754796e-02	-9.895392e+00
2.751000e-05	-4.178796e-02	-9.794258e+00
2.752000e-05	-3.938770e-02	-9.778656e+00
2.753000e-05	-3.600972e-02	-9.720051e+00
2.754000e-05	-4.003429e-02	-9.688916e+00
2.755000e-05	-4.334354e-02	-9.632206e+00
2.756000e-05	-4.201894e-02	-9.570105e+00
2.757000e-05	-4.061545e-02	-9.466470e+00
2.758000e-05	-4.313640e-02	-9.373282e+00
2.759000e-05	-4.716119e-02	-9.327977e+00
2.760000e-05	-4.516163e-02	-9.220763e+00
2.761000e-05	-4.313829e-02	-9.168595e+00
2.762000e-05	-4.611353e-02	-9.044865e+00
2.763000e-05	-4.965595e-02	-8.961128e+00
2.764000e-05	-4.945394e-02	-8.885943e+00
2.765000e-05	-4.675482e-02	-8.821184e+00
2.766000e-05	-4.878516e-02	-8.738474e+00
2.767000e-05	-5.088666e-02	-8.552707e+00
2.768000e-05	-5.032265e-02	-8.474892e+00
2.769000e-05	-4.826044e-02	-8.349052e+00
2.770000e-05	-4.900825e-02	-8.254791e+00
2.771000e-05	-5.174170e-02	-8.131553e+00
2.772000e-05	-5.044979e-02	-8.073267e+00
2.773000e-05	-4.894685e-02	-7.951042e+00
2.774000e-05	-4.885840e-02	-7.792708e+00
2.775000e-05	-5.055545e-02	-7.655255e+00
2.776000e-05	-4.922784e-02	-7.507497e+00
2.777000e-05	-4.550823e-02	-7.370055e+00
2.778000e-05	-4.576019e-02	-7.273787e+00
2.779000e-05	-4.658440e-02	-7.138999e+00
2.780000e-05	-4.492441e-02	-6.922609e+00
2.781000e-05	-4.331764e-02	-6.833256e+00
2.782000e-05	-4.257741e-02	-6.675343e+00
2.783000e-05	-4.287460e-02	-6.488526e+00
2.784000e-05	-4.016152e-02	-6.431705e+00
2.785000e-05	-3.800724e-02	-6.284913e+00
2.786000e-05	-3.723975e-02	-6.075321e+00
2.787000e-05	-3.834191e-02	-5.945995e+00
2.788000e-05	-3.594965e-02	-5.772584e+00
2.789000e-05	-3.298425e-02	-5.683185e+00
2.790000e-05	-3.112436e-02	-5.486944e+00
2.791000e-05	-3.167147e-02	-5.306846e+00
2.792000e-05	-3.006405e-02	-5.097392e+00
2.793000e-05	-2.810062e-02	-4.898991e+00
2.794000e-05	-2.719523e-02	-4.725941e+00
2.795000e-05	-2.769492e-02	-4.559897e+00
2.796000e-05	-2.551041e-02	-4.391153e+00
2.797000e-05	-2.293021e-02	-4.243688e+00
2.798000e-05	-2.090473e-02	-4.076318e+00
2.799000e-05	-2.288258e-02	-3.927970e+00
2.800000e-05	-2.058180e-02	-3.748349e+00
2.801000e-05	-1.937096e-02	-3.538398e+00
2.802000e-05	-1.617015e-02	-3.390000e+00
2.803000e-05	-1.945747e-02	-3.201132e+00
2.804000e-05	-1.665192e-02	-3.053181e+00
2.805000e-05	-1.620095e-02	-2.811632e+00
2.806000e-05	-1.261745e-02	-2.663711e+00
2.807000e-05	-1.621062e-02	-2.463793e+00
2.808000e-05	-1.345973e-02	-2.324866e+00
2.809000e-05	-1.094595e-02	-2.084764e+00
2.810000e-05	-8.277960e-03	-1.895315e+00
2.811000e-05	-1.002609e-02	-1.747845e+00
2.812000e-05	-1.083788e-02	-1.579446e+00
2.813000e-05	-9.285783e-03	-1.286400e+00
2.814000e-05	-8.507828e-03	-1.086865e+00
2.815000e-05	-8.760156e-03	-9.268195e-01
2.816000e-05	-9.227931e-03	-7.395174e-01
2.817000e-05	-4.992797e-03	-5.464248e-01
2.818000e-05	-3.013858e-03	-3.584201e-01
2.819000e-05	-4.494710e-03	-1.805026e-01
2.820000e-05	-1.991163e-03	-1.003019e-02
2.821000e-05	2.787109e-03	1.785460e-01
2.822000e-05	-2.007975e-03	3.783947e-01
2.823000e-05	5.953716e-04	5.563408e-01
2.824000e-05	-2.888866e-03	7.157358e-01
2.825000e-05	1.778082e-03	8.600778e-01
2.826000e-05	1.111391e-03	1.083257e+00
2.827000e-05	5.114490e-03	1.273104e+00
2.828000e-05	2.289642e-02	1.452632e+00
2.829000e-05	6.391405e-02	1.745292e+00
2.830000e-05	-1.265149e-02	1.976421e+00
2.831000e-05	-4.289121e-02	2.107292e+00
2.832000e-05	-4.417226e-02	2.294762e+00
2.833000e-05	-5.314291e-02	2.411550e+00
2.834000e-05	4.128537e-02	2.484311e+00
2.835000e-05	7.910063e-02	2.788363e+00
2.836000e-05	-1.149135e-01	2.906788e+00
2.837000e-05	8.230040e-02	3.011105e+00
2.838000e-05	5.882389e-02	3.222127e+00
2.839000e-05	-3.968033e-02	3.473759e+00
2.840000e-05	2.666182e-02	3.599050e+00
2.841000e-05	-6.265586e-02	3.769021e+00
2.842000e-05	-5.745463e-03	3.977893e+00
2.843000e-05	8.981088e-02	4.115842e+00
2.844000e-05	-2.186412e-02	4.376391e+00
2.845000e-05	-1.244554e-02	4.505315e+00
2.846000e-05	1.520354e-02	4.722788e+00
2.847000e-05	-5.390529e-03	4.811706e+00
2.848000e-05	4.311509e-02	5.073685e+00
2.849000e-05	-4.625326e-02	5.302732e+00
2.850000e-05	8.688602e-03	5.424179e+00
2.851000e-05	4.443497e-02	5.549523e+00
2.852000e-05	2.416078e-02	5.725892e+00
2.853000e-05	-2.090943e-02	5.956844e+00
2.854000e-05	-2.802067e-02	6.093232e+00
2.855000e-05	5.209533e-02	6.210178e+00
2.856000e-05	6.520209e-03	6.337970e+00
2.857000e-05	-6.182389e-03	6.483862e+00
2.858000e-05	1.473809e-02	6.715286e+00
2.859000e-05	1.500326e-02	6.831632e+00
2.860000e-05	2.344350e-02	6.987992e+00
2.861000e-05	-1.054445e-02	7.114836e+00
2.862000e-05	-4.027833e-03	7.210654e+00
2.863000e-05	2.248762e-02	7.330572e+00
2.864000e-05	1.867965e-02	7.537470e+00
2.865000e-05	1.040858e-02	7.664735e+00
2.866000e-05	-1.274747e-03	7.791549e+00
2.867000e-05	2.310576e-02	7.897966e+00
2.868000e-05	1.421953e-02	8.095819e+00
2.869000e-05	1.331354e-03	8.170076e+00
2.870000e-05	7.044562e-03	8.314391e+00
2.871000e-05	1.367977e-02	8.410131e+00
2.872000e-05	2.321916e-02	8.473286e+00
2.873000e-05	6.675703e-03	8.570003e+00
2.874000e-05	9.918472e-03	8.687842e+00
2.875000e-05	1.543094e-02	8.758473e+00
2.876000e-05	1.517264e-02	8.871188e+00
2.877000e-05	9.460878e-03	8.938021e+00
2.878000e-05	5.689479e-03	9.054338e+00
2.879000e-05	2.059537e-02	9.178049e+00
2.880000e-05	1.773944e-02	9.211757e+00
2.881000e-05	1.340715e-02	9.284865e+00
2.882000e-05	9.530245e-03	9.390553e+00
2.883000e-05	1.772928e-02	9.473262e+00
2.884000e-05	1.891645e-02	9.494470e+00
2.885000e-05	1.121003e-02	9.580424e+00
2.886000e-05	1.230499e-02	9.623282e+00
2.887000e-05	1.907882e-02	9.715441e+00
2.888000e-05	2.190151e-02	9.757658e+00
2.889000e-05	1.265563e-02	9.812659e+00
2.890000e-05	1.285256e-02	9.885944e+00
2.891000e-05	1.866466e-02	9.929925e+00
2.892000e-05	2.056545e-02	9.991030e+00
2.893000e-05	1.660841e-02	1.003060e+01
2.894000e-05	1.429544e-02	1.003363e+01
2.895000e-05	2.122622e-02	1.004328e+01
2.896000e-05	2.109070e-02	1.008642e+01
2.897000e-05	1.774497e-02	1.013489e+01
2.898000e-05	1.535684e-02	1.013790e+01
2.899000e-05	2.148642e-02	1.011802e+01
2.900000e-05	2.406438e-02	1.013908e+01
2.901000e-05	2.159852e-02	1.015807e+01
2.902000e-05	1.859762e-02	1.015845e+01
2.903000e-05	2.234548e-02	1.015955e+01
2.904000e-05	2.496461e-02	1.016057e+01
2.905000e-05	2.224099e-02	1.012953e+01
2.906000e-05	2.097023e-02	1.014952e+01
2.907000e-05	2.493378e-02	1.011802e+01
2.908000e-05	2.852463e-02	1.010790e+01
2.909000e-05	2.661185e-02	1.006582e+01
2.910000e-05	2.580414e-02	1.007481e+01
2.911000e-05	2.746178e-02	1.006429e+01
2.912000e-05	3.051555e-02	1.004274e+01
2.913000e-05	3.048661e-02	1.006116e+01
2.914000e-05	2.770477e-02	9.960054e+00
2.915000e-05	2.997638e-02	9.876976e+00
2.916000e-05	3.222048e-02	9.875390e+00
2.917000e-05	3.212196e-02	9.741583e+00
2.918000e-05	2.988611e-02	9.748998e+00
2.919000e-05	3.259347e-02	9.674917e+00
2.920000e-05	3.482637e-02	9.612685e+00
2.921000e-05	3.591559e-02	9.548000e+00
2.922000e-05	3.512307e-02	9.485841e+00
2.923000e-05	3.509489e-02	9.432761e+00
2.924000e-05	3.691139e-02	9.360004e+00
2.925000e-05	3.764315e-02	9.275291e+00
2.926000e-05	3.742064e-02	9.210132e+00
2.927000e-05	3.925577e-02	9.129046e+00
2.928000e-05	3.993251e-02	9.004839e+00
2.929000e-05	4.083752e-02	8.919478e+00
2.930000e-05	4.028012e-02	8.812736e+00
2.931000e-05	4.228853e-02	8.738425e+00
2.932000e-05	4.246069e-02	8.671741e+00
2.933000e-05	4.368115e-02	8.538053e+00
2.934000e-05	4.208300e-02	8.453262e+00
2.935000e-05	4.284175e-02	8.339056e+00
2.936000e-05	4.258267e-02	8.256340e+00
2.937000e-05	4.336416e-02	8.116926e+00
2.938000e-05	4.270413e-02	7.991582e+00
2.939000e-05	4.331705e-02	7.886421e+00
2.940000e-05	4.227419e-02	7.769024e+00
2.941000e-05	4.151654e-02	7.653263e+00
2.942000e-05	4.041128e-02	7.515923e+00
2.943000e-05	3.982720e-02	7.339502e+00
2.944000e-05	4.027240e-02	7.228560e+00
2.945000e-05	3.742790e-02	7.084218e+00
2.946000e-05	3.725586e-02	6.907945e+00
2.947000e-05	3.628563e-02	6.830082e+00
2.948000e-05	3.596903e-02	6.674742e+00
2.949000e-05	3.332290e-02	6.476821e+00
2.950000e-05	3.391681e-02	6.328523e+00
2.951000e-05	3.051515e-02	6.220053e+00
2.952000e-05	3.000690e-02	6.064192e+00
2.953000e-05	2.872334e-02	5.917475e+00
2.954000e-05	2.841088e-02	5.758083e+00
2.955000e-05	2.556524e-02	5.629526e+00
2.956000e-05	2.402387e-02	5.452088e+00
2.957000e-05	2.318142e-02	5.285210e+00
2.958000e-05	2.347208e-02	5.092289e+00
2.959000e-05	2.089542e-02	4.833158e+00
2.960000e-05	1.956228e-02	4.686242e+00
2.961000e-05	1.797211e-02	4.508872e+00
2.962000e-05	1.806060e-02	4.369505e+00
2.963000e-05	1.517118e-02	4.192004e+00
2.964000e-05	1.362273e-02	4.000512e+00
2.965000e-05	1.255138e-02	3.844133e+00
2.966000e-05	1.306002e-02	3.675216e+00
2.967000e-05	1.066495e-02	3.537842e+00
2.968000e-05	1.029172e-02	3.307295e+00
2.969000e-05	9.365806e-03	3.147872e+00
2.970000e-05	7.821271e-03	2.997851e+00
2.971000e-05	6.389431e-03	2.833053e+00
2.972000e-05	6.746410e-03	2.621009e+00
2.973000e-05	6.435578e-03	2.369000e+00
2.974000e-05	4.006064e-03	2.220583e+00
2.975000e-05	2.728921e-03	2.063134e+00
2.976000e-05	2.520798e-03	1.917267e+00
2.977000e-05	2.916079e-03	1.684267e+00
2.978000e-05	1.326511e-03	1.485716e+00
2.979000e-05	4.438794e-04	1.295740e+00
2.980000e-05	5.229518e-04	1.124192e+00
2.981000e-05	8.532144e-04	8.325830e-01
2.982000e-05	-1.926103e-03	6.746632e-01
2.983000e-05	-1.990817e-03	4.857144e-01
2.984000e-05	-2.090884e-03	3.668724e-01
2.985000e-05	-2.136748e-03	9.573591e-02
2.986000e-05	-3.859022e-04	-6.373415e-02
2.987000e-05	2.132060e-03	-2.617039e-01
2.988000e-05	-3.522233e-03	-4.404987e-01
2.989000e-05	-7.813586e-05	-5.284144e-01
2.990000e-05	-5.673206e-03	-8.089961e-01
2.991000e-05	-2.911611e-03	-9.362895e-01
2.992000e-05	-4.036709e-03	-1.085233e+00
2.993000e-05	1.892476e-03	-1.233634e+00
2.994000e-05	5.461517e-02	-1.442164e+00
2.995000e-05	2.868558e-02	-1.674185e+00
2.996000e-05	-5.263824e-02	-1.904917e+00
2.997000e-05	-5.031629e-02	-2.179040e+00
2.998000e-05	-9.195096e-02	-2.360521e+00
2.999000e-05	4.554838e-02	-2.466310e+00
3.000000e-05	9.551927e-02	-2.539571e+00
3.001000e-05	-1.620868e-01	-2.738520e+00
3.002000e-05	7.875064e-02	-2.988451e+00
3.003000e-05	8.030841e-02	-3.083912e+00
3.004000e-05	-8.970889e-02	-3.348417e+00
3.005000e-05	4.806271e-02	-3.536361e+00
3.006000e-05	-8.593754e-02	-3.641702e+00
3.007000e-05	-7.793527e-02	-3.925738e+00
3.008000e-05	1.475152e-01	-4.031129e+00
3.009000e-05	-6.214841e-02	-4.260100e+00
3.010000e-05	-1.887575e-02	-4.410101e+00
3.011000e-05	1.687274e-02	-4.506384e+00
3.012000e-05	-6.442761e-02	-4.766462e+00
3.013000e-05	8.723395e-02	-4.935467e+00
3.014000e-05	-1.221619e-01	-5.043753e+00
3.015000e-05	-1.206200e-02	-5.223256e+00
3.016000e-05	9.166614e-02	-5.453204e+00
3.017000e-05	-5.247500e-02	-5.642304e+00
3.018000e-05	-5.284256e-04	-5.778125e+00
3.019000e-05	-8.496125e-02	-5.906916e+00
3.020000e-05	4.984263e-02	-6.083235e+00
3.021000e-05	1.529423e-02	-6.244283e+00
3.022000e-05	-9.445776e-02	-6.421724e+00
3.023000e-05	5.268708e-02	-6.516544e+00
3.024000e-05	-3.588981e-02	-6.684364e+00
3.025000e-05	2.717606e-02	-6.830204e+00
3.026000e-05	-5.203196e-02	-6.967543e+00
3.027000e-05	-5.187783e-02	-7.177471e+00
3.028000e-05	5.336323e-02	-7.262859e+00
3.029000e-05	-5.043586e-02	-7.440250e+00
3.030000e-05	9.263919e-03	-7.518520e+00
3.031000e-05	-4.712071e-02	-7.683913e+00
3.032000e-05	1.621306e-02	-7.844889e+00
3.033000e-05	-6.780271e-03	-7.990047e+00
3.034000e-05	-5.609678e-02	-8.113865e+00
3.035000e-05	1.551137e-03	-8.201151e+00
3.036000e-05	-2.647418e-02	-8.305940e+00
3.037000e-05	1.864826e-02	-8.422103e+00
3.038000e-05	-4.623687e-02	-8.505413e+00
3.039000e-05	-1.760219e-02	-8.644281e+00
3.040000e-05	-4.629558e-03	-8.767574e+00
3.041000e-05	-1.662469e-02	-8.823305e+00
3.042000e-05	-2.123933e-02	-8.936443e+00
3.043000e-05	-3.854537e-02	-9.031307e+00
3.044000e-05	5.033135e-03	-9.116464e+00
3.045000e-05	-1.733917e-02	-9.179552e+00
3.046000e-05	-2.448423e-02	-9.251804e+00
3.047000e-05	-3.025486e-02	-9.328176e+00
3.048000e-05	-1.076912e-02	-9.443863e+00
3.049000e-05	-1.048519e-02	-9.548024e+00
3.050000e-05	-3.317867e-02	-9.580126e+00
3.051000e-05	-2.557411e-02	-9.653312e+00
3.052000e-05	-1.276593e-02	-9.686471e+00
3.053000e-05	-9.559688e-03	-9.749575e+00
3.054000e-05	-3.347333e-02	-9.811155e+00
3.055000e-05	-2.846666e-02	-9.864912e+00
3.056000e-05	-1.693095e-02	-9.895967e+00
3.057000e-05	-1.473976e-02	-9.929499e+00
3.058000e-05	-3.034196e-02	-9.979075e+00
3.059000e-05	-2.963156e-02	-1.002066e+01
3.060000e-05	-1.662726e-02	-1.004174e+01
3.061000e-05	-1.734120e-02	-1.006344e+01
3.062000e-05	-3.049579e-02	-1.012347e+01
3.063000e-05	-3.376525e-02	-1.009914e+01
3.064000e-05	-1.985155e-02	-1.015063e+01
3.065000e-05	-1.947851e-02	-1.016123e+01
3.066000e-05	-2.830711e-02	-1.019080e+01
3.067000e-05	-3.421250e-02	-1.021120e+01
3.068000e-05	-2.497985e-02	-1.021129e+01
3.069000e-05	-2.321514e-02	-1.019131e+01
3.070000e-05	-3.257811e-02	-1.019376e+01
3.071000e-05	-3.421322e-02	-1.017924e+01
3.072000e-05	-2.803937e-02	-1.015181e+01
3.073000e-05	-2.421627e-02	-1.019121e+01
3.074000e-05	-3.373710e-02	-1.011658e+01
3.075000e-05	-3.841321e-02	-1.011845e+01
3.076000e-05	-3.331285e-02	-1.011804e+01
3.077000e-05	-3.057051e-02	-1.001294e+01
3.078000e-05	-3.571855e-02	-1.002268e+01
3.079000e-05	-4.009127e-02	-1.000163e+01
3.080000e-05	-3.445559e-02	-9.968576e+00
3.081000e-05	-3.199106e-02	-9.888070e+00
3.082000e-05	-3.791319e-02	-9.906368e+00
3.083000e-05	-4.283220e-02	-9.822709e+00
3.084000e-05	-3.898962e-02	-9.800254e+00
3.085000e-05	-3.583423e-02	-9.737051e+00
3.086000e-05	-3.998868e-02	-9.665913e+00
3.087000e-05	-4.475925e-02	-9.632309e+00
3.088000e-05	-4.229186e-02	-9.579032e+00
3.089000e-05	-3.963202e-02	-9.500024e+00
3.090000e-05	-4.264486e-02	-9.406334e+00
3.091000e-05	-4.775215e-02	-9.298947e+00
3.092000e-05	-4.535312e-02	-9.245335e+00
3.093000e-05	-4.280871e-02	-9.188601e+00
3.094000e-05	-4.518808e-02	-9.066363e+00
3.095000e-05	-5.097219e-02	-8.941149e+00
3.096000e-05	-5.006293e-02	-8.925815e+00
3.097000e-05	-4.627193e-02	-8.821209e+00
3.098000e-05	-4.836514e-02	-8.737998e+00
3.099000e-05	-5.136470e-02	-8.602711e+00
3.100000e-05	-5.077871e-02	-8.505871e+00
3.101000e-05	-4.630466e-02	-8.408602e+00
3.102000e-05	-4.897423e-02	-8.285915e+00
3.103000e-05	-5.193058e-02	-8.151001e+00
3.104000e-05	-5.120458e-02	-8.014790e+00
3.105000e-05	-4.814667e-02	-7.948574e+00
3.106000e-05	-4.792767e-02	-7.825788e+00
3.107000e-05	-5.036927e-02	-7.644885e+00
3.108000e-05	-5.003377e-02	-7.527500e+00
3.109000e-05	-4.607822e-02	-7.360180e+00
3.110000e-05	-4.530456e-02	-7.254737e+00
3.111000e-05	-4.698314e-02	-7.147499e+00
3.112000e-05	-4.599359e-02	-6.962156e+00
3.113000e-05	-4.312780e-02	-6.822230e+00
3.114000e-05	-4.114482e-02	-6.715870e+00
3.115000e-05	-4.233974e-02	-6.547601e+00
3.116000e-05	-4.209199e-02	-6.441684e+00
3.117000e-05	-3.834022e-02	-6.284892e+00
3.118000e-05	-3.640592e-02	-6.086898e+00
3.119000e-05	-3.797615e-02	-5.937995e+00
3.120000e-05	-3.687759e-02	-5.781102e+00
3.121000e-05	-3.304958e-02	-5.644213e+00
3.122000e-05	-2.978957e-02	-5.426968e+00
3.123000e-05	-3.110511e-02	-5.257393e+00
3.124000e-05	-3.045248e-02	-5.095344e+00
3.125000e-05	-2.835782e-02	-4.938867e+00
3.126000e-05	-2.687126e-02	-4.726921e+00
3.127000e-05	-2.630362e-02	-4.587496e+00
3.128000e-05	-2.560667e-02	-4.389633e+00
3.129000e-05	-2.498662e-02	-4.254688e+00
3.130000e-05	-2.100023e-02	-4.087315e+00
3.131000e-05	-2.193132e-02	-3.937525e+00
3.132000e-05	-2.037061e-02	-3.731468e+00
3.133000e-05	-2.070191e-02	-3.548999e+00
3.134000e-05	-1.671877e-02	-3.390580e+00
3.135000e-05	-1.773572e-02	-3.193105e+00
3.136000e-05	-1.707053e-02	-3.072660e+00
3.137000e-05	-1.749799e-02	-2.822183e+00
3.138000e-05	-1.327748e-02	-2.653709e+00
3.139000e-05	-1.414182e-02	-2.454313e+00
3.140000e-05	-1.379602e-02	-2.317946e+00
3.141000e-05	-1.238895e-02	-2.074840e+00
3.142000e-05	-8.947453e-03	-1.926343e+00
3.143000e-05	-8.540202e-03	-1.757444e+00
3.144000e-05	-9.969150e-03	-1.550468e+00
3.145000e-05	-1.042282e-02	-1.286447e+00
3.146000e-05	-8.916875e-03	-1.147369e+00
3.147000e-05	-7.701591e-03	-9.278397e-01
3.148000e-05	-8.070804e-03	-7.384012e-01
3.149000e-05	-6.167352e-03	-5.569461e-01
3.150000e-05	-4.562713e-03	-3.489462e-01
3.151000e-05	-3.046307e-03	-1.904487e-01
3.152000e-05	-3.638268e-04	-4.210539e-02
3.153000e-05	1.536790e-03	1.553934e-01
3.154000e-05	-3.433171e-03	3.598722e-01
3.155000e-05	2.261326e-04	5.163108e-01
3.156000e-05	-2.759900e-03	7.528107e-01
3.157000e-05	1.168857e-03	8.106301e-01
3.158000e-05	1.602900e-04	1.112205e+00
3.159000e-05	5.334375e-03	1.253134e+00
3.160000e-05	2.165813e-02	1.451605e+00
3.161000e-05	6.424532e-02	1.746313e+00
3.162000e-05	-8.404217e-03	1.977344e+00
3.163000e-05	-4.269371e-02	2.135814e+00
3.164000e-05	-4.406509e-02	2.354213e+00
3.165000e-05	-5.280992e-02	2.399000e+00
3.166000e-05	3.048354e-02	2.513817e+00
3.167000e-05	8.794674e-02	2.786893e+00
3.168000e-05	-1.117713e-01	2.935788e+00
3.169000e-05	7.003934e-02	2.993176e+00
3.170000e-05	6.885539e-02	3.251082e+00
3.171000e-05	-4.002401e-02	3.455306e+00
3.172000e-05	2.519149e-02	3.610476e+00
3.173000e-05	-5.557106e-02	3.746943e+00
3.174000e-05	-1.650503e-02	3.938347e+00
3.175000e-05	9.108236e-02	4.064364e+00
3.176000e-05	-1.617883e-02	4.357345e+00
3.177000e-05	-1.671709e-02	4.475363e+00
3.178000e-05	1.857167e-02	4.694284e+00
3.179000e-05	-1.043619e-02	4.811733e+00
3.180000e-05	4.562692e-02	5.072310e+00
3.181000e-05	-4.371986e-02	5.264154e+00
3.182000e-05	4.441951e-03	5.412129e+00
3.183000e-05	4.439038e-02	5.590975e+00
3.184000e-05	2.543598e-02	5.744837e+00
3.185000e-05	-1.699987e-02	5.965895e+00
3.186000e-05	-3.150738e-02	6.093784e+00
3.187000e-05	4.997890e-02	6.200600e+00
3.188000e-05	1.051778e-02	6.358421e+00
3.189000e-05	-6.509155e-03	6.453361e+00
3.190000e-05	1.456133e-02	6.684342e+00
3.191000e-05	1.279452e-02	6.793705e+00
3.192000e-05	2.309710e-02	6.959946e+00
3.193000e-05	-8.000883e-03	7.084261e+00
3.194000e-05	-5.659301e-03	7.210130e+00
3.195000e-05	2.300894e-02	7.318476e+00
3.196000e-05	1.746569e-02	7.517472e+00
3.197000e-05	1.282031e-02	7.663686e+00
3.198000e-05	-2.112767e-03	7.831178e+00
3.199000e-05	2.194567e-02	7.906968e+00
3.200000e-05	1.464785e-02	8.083363e+00
3.201000e-05	1.242095e-03	8.171229e+00
3.202000e-05	7.722540e-03	8.307365e+00
3.203000e-05	1.200880e-02	8.400627e+00
3.204000e-05	2.414980e-02	8.474365e+00
3.205000e-05	6.954281e-03	8.568526e+00
3.206000e-05	1.044429e-02	8.674865e+00
3.207000e-05	1.470749e-02	8.758474e+00
3.208000e-05	1.703192e-02	8.812811e+00
3.209000e-05	8.698105e-03	8.929469e+00
3.210000e-05	4.349149e-03	9.044843e+00
3.211000e-05	1.895790e-02	9.178000e+00
3.212000e-05	1.791643e-02	9.201233e+00
3.213000e-05	1.386514e-02	9.305863e+00
3.214000e-05	9.533173e-03	9.337526e+00
3.215000e-05	1.864689e-02	9.474736e+00
3.216000e-05	1.987950e-02	9.516919e+00
3.217000e-05	1.127898e-02	9.558997e+00
3.218000e-05	1.035468e-02	9.641782e+00
3.219000e-05	1.839001e-02	9.714017e+00
3.220000e-05	2.112165e-02	9.778754e+00
3.221000e-05	1.369758e-02	9.791334e+00
3.222000e-05	1.208872e-02	9.834943e+00
3.223000e-05	2.029506e-02	9.928472e+00
3.224000e-05	2.212231e-02	9.968101e+00
3.225000e-05	1.678018e-02	1.001018e+01
3.226000e-05	1.304603e-02	1.004276e+01
3.227000e-05	2.145477e-02	1.006379e+01
3.228000e-05	2.154334e-02	1.008342e+01
3.229000e-05	1.615616e-02	1.008640e+01
3.230000e-05	1.415733e-02	1.012597e+01
3.231000e-05	2.317507e-02	1.012945e+01
3.232000e-05	2.534969e-02	1.017800e+01
3.233000e-05	2.169562e-02	1.015908e+01
3.234000e-05	1.833448e-02	1.012003e+01
3.235000e-05	2.246281e-02	1.018860e+01
3.236000e-05	2.476881e-02	1.018853e+01
3.237000e-05	2.180888e-02	1.014805e+01
3.238000e-05	2.008212e-02	1.016847e+01
3.239000e-05	2.459058e-02	1.011797e+01
3.240000e-05	3.058008e-02	1.012690e+01
3.241000e-05	2.755617e-02	1.009739e+01
3.242000e-05	2.426929e-02	1.008479e+01
3.243000e-05	2.705909e-02	1.004418e+01
3.244000e-05	3.097671e-02	1.001121e+01
3.245000e-05	2.954122e-02	9.990154e+00
3.246000e-05	2.676097e-02	9.939050e+00
3.247000e-05	2.879498e-02	9.928474e+00
3.248000e-05	3.346024e-02	9.865942e+00
3.249000e-05	3.246129e-02	9.790212e+00
3.250000e-05	3.000942e-02	9.716975e+00
3.251000e-05	3.120795e-02	9.684816e+00
3.252000e-05	3.569534e-02	9.630636e+00
3.253000e-05	3.572425e-02	9.558524e+00
3.254000e-05	3.450298e-02	9.506315e+00
3.255000e-05	3.465730e-02	9.421139e+00
3.256000e-05	3.704559e-02	9.328530e+00
3.257000e-05	3.824342e-02	9.293922e+00
3.258000e-05	3.583220e-02	9.222608e+00
3.259000e-05	3.818480e-02	9.147499e+00
3.260000e-05	4.064882e-02	9.004391e+00
3.261000e-05	4.176230e-02	8.909001e+00
3.262000e-05	3.978185e-02	8.860661e+00
3.263000e-05	4.113855e-02	8.747945e+00
3.264000e-05	4.285543e-02	8.664215e+00
3.265000e-05	4.519833e-02	8.550575e+00
3.266000e-05	4.057025e-02	8.462791e+00
3.267000e-05	4.094177e-02	8.369549e+00
3.268000e-05	4.318114e-02	8.294240e+00
3.269000e-05	4.533331e-02	8.099505e+00
3.270000e-05	4.245453e-02	7.993132e+00
3.271000e-05	4.151172e-02	7.906795e+00
3.272000e-05	4.247511e-02	7.790600e+00
3.273000e-05	4.311305e-02	7.663242e+00
3.274000e-05	4.143577e-02	7.498973e+00
3.275000e-05	3.837623e-02	7.336056e+00
3.276000e-05	3.978215e-02	7.201053e+00
3.277000e-05	3.996643e-02	7.055841e+00
3.278000e-05	3.652881e-02	6.948044e+00
3.279000e-05	3.466488e-02	6.801657e+00
3.280000e-05	3.537530e-02	6.666793e+00
3.281000e-05	3.549339e-02	6.515475e+00
3.282000e-05	3.345237e-02	6.357999e+00
3.283000e-05	3.059375e-02	6.211186e+00
3.284000e-05	2.985125e-02	6.065741e+00
3.285000e-05	2.910965e-02	5.998494e+00
3.286000e-05	2.799212e-02	5.729556e+00
3.287000e-05	2.463370e-02	5.570629e+00
3.288000e-05	2.329009e-02	5.456664e+00
3.289000e-05	2.417261e-02	5.251789e+00
3.290000e-05	2.295342e-02	5.114819e+00
3.291000e-05	1.996174e-02	4.873315e+00
3.292000e-05	1.846278e-02	4.666817e+00
3.293000e-05	1.958014e-02	4.526968e+00
3.294000e-05	1.836950e-02	4.390578e+00
3.295000e-05	1.535122e-02	4.241609e+00
3.296000e-05	1.329407e-02	4.000533e+00
3.297000e-05	1.449258e-02	3.833109e+00
3.298000e-05	1.308489e-02	3.685717e+00
3.299000e-05	1.024160e-02	3.528419e+00
3.300000e-05	9.787021e-03	3.307900e+00
3.301000e-05	9.160399e-03	3.148397e+00
3.302000e-05	1.029024e-02	2.998998e+00
3.303000e-05	6.485645e-03	2.829534e+00
3.304000e-05	4.996709e-03	2.602660e+00
3.305000e-05	5.245442e-03	2.410131e+00
3.306000e-05	5.326296e-03	2.222528e+00
3.307000e-05	3.781059e-03	2.094684e+00
3.308000e-05	1.334980e-03	1.884764e+00
3.309000e-05	2.599239e-03	1.655216e+00
3.310000e-05	2.297270e-03	1.505666e+00
3.311000e-05	1.021967e-03	1.295716e+00
3.312000e-05	-4.563191e-04	1.114741e+00
3.313000e-05	-2.229436e-04	8.525856e-01
3.314000e-05	-5.020940e-04	6.842884e-01
3.315000e-05	-1.603326e-03	5.143182e-01
3.316000e-05	-2.424522e-03	3.783447e-01
3.317000e-05	-3.530015e-03	1.147635e-01
3.318000e-05	6.415852e-04	-5.260401e-02
3.319000e-05	2.348411e-03	-2.015827e-01
3.320000e-05	-4.053267e-03	-3.799749e-01
3.321000e-05	-1.544040e-03	-6.193674e-01
3.322000e-05	-4.845526e-03	-7.785259e-01
3.323000e-05	-2.271240e-03	-9.258169e-01
3.324000e-05	-4.859986e-03	-1.064709e+00
3.325000e-05	5.455844e-04	-1.233712e+00
3.326000e-05	5.037851e-02	-1.421711e+00
3.327000e-05	3.673606e-02	-1.664182e+00
3.328000e-05	-5.373073e-02	-1.904883e+00
3.329000e-05	-4.975808e-02	-2.168543e+00
3.330000e-05	-9.068719e-02	-2.401075e+00
3.331000e-05	3.182303e-02	-2.463287e+00
3.332000e-05	1.074948e-01	-2.579545e+00
3.333000e-05	-1.562064e-01	-2.776969e+00
3.334000e-05	5.771451e-02	-2.899493e+00
3.335000e-05	9.397451e-02	-3.126418e+00
3.336000e-05	-8.964565e-02	-3.355489e+00
3.337000e-05	4.246609e-02	-3.506767e+00
3.338000e-05	-7.291462e-02	-3.650675e+00
3.339000e-05	-9.335407e-02	-3.905785e+00
3.340000e-05	1.482522e-01	-4.001678e+00
3.341000e-05	-4.971669e-02	-4.159551e+00
3.342000e-05	-3.079786e-02	-4.368474e+00
3.343000e-05	2.518192e-02	-4.486784e+00
3.344000e-05	-7.002662e-02	-4.727368e+00
3.345000e-05	8.838856e-02	-4.936416e+00
3.346000e-05	-1.109391e-01	-5.041678e+00
3.347000e-05	-3.038627e-02	-5.202679e+00
3.348000e-05	9.823967e-02	-5.432678e+00
3.349000e-05	-5.116751e-02	-5.653658e+00
3.350000e-05	-1.525668e-04	-5.769125e+00
3.351000e-05	-8.271112e-02	-5.926943e+00
3.352000e-05	3.906903e-02	-6.032285e+00
3.353000e-05	2.779895e-02	-6.213703e+00
3.354000e-05	-1.007751e-01	-6.410051e+00
3.355000e-05	4.980560e-02	-6.505897e+00
3.356000e-05	-3.230670e-02	-6.684835e+00
3.357000e-05	2.345808e-02	-6.813053e+00
3.358000e-05	-4.252598e-02	-6.908074e+00
3.359000e-05	-6.183261e-02	-7.186921e+00
3.360000e-05	5.668870e-02	-7.274384e+00
3.361000e-05	-4.963302e-02	-7.410131e+00
3.362000e-05	8.236863e-03	-7.526918e+00
3.363000e-05	-4.526595e-02	-7.671334e+00
3.364000e-05	1.194942e-02	-7.866812e+00
3.365000e-05	1.324988e-03	-7.970074e+00
3.366000e-05	-5.904732e-02	-8.095864e+00
3.367000e-05	5.378103e-04	-8.149601e+00
3.368000e-05	-2.824165e-02	-8.306417e+00
3.369000e-05	1.902447e-02	-8.390552e+00
3.370000e-05	-4.282518e-02	-8.523439e+00
3.371000e-05	-2.272694e-02	-8.624386e+00
3.372000e-05	-9.439517e-04	-8.749050e+00
3.373000e-05	-1.686192e-02	-8.853232e+00
3.374000e-05	-1.936956e-02	-8.938466e+00
3.375000e-05	-4.017859e-02	-9.022727e+00
3.376000e-05	3.409282e-03	-9.096420e+00
3.377000e-05	-1.584028e-02	-9.159524e+00
3.378000e-05	-2.433828e-02	-9.213388e+00
3.379000e-05	-3.034523e-02	-9.307072e+00
3.380000e-05	-1.282536e-02	-9.424308e+00
3.381000e-05	-8.802060e-03	-9.517969e+00
3.382000e-05	-3.173064e-02	-9.590104e+00
3.383000e-05	-2.656419e-02	-9.662832e+00
3.384000e-05	-1.441615e-02	-9.706446e+00
3.385000e-05	-8.951478e-03	-9.731049e+00
3.386000e-05	-3.112631e-02	-9.780729e+00
3.387000e-05	-2.941990e-02	-9.844811e+00
3.388000e-05	-1.865288e-02	-9.875520e+00
3.389000e-05	-1.480633e-02	-9.970024e+00
3.390000e-05	-2.942617e-02	-9.959600e+00
3.391000e-05	-2.954997e-02	-1.000163e+01
3.392000e-05	-1.863112e-02	-1.005273e+01
3.393000e-05	-1.700837e-02	-1.008399e+01
3.394000e-05	-2.828368e-02	-1.009691e+01
3.395000e-05	-3.402675e-02	-1.012607e+01
3.396000e-05	-2.161917e-02	-1.016963e+01
3.397000e-05	-2.028532e-02	-1.017125e+01
3.398000e-05	-2.691502e-02	-1.019026e+01
3.399000e-05	-3.404486e-02	-1.019278e+01
3.400000e-05	-2.603590e-02	-1.015386e+01
3.401000e-05	-2.341800e-02	-1.019226e+01
3.402000e-05	-3.162170e-02	-1.016131e+01
3.403000e-05	-3.436140e-02	-1.018274e+01
3.404000e-05	-2.961241e-02	-1.016181e+01
3.405000e-05	-2.379709e-02	-1.015165e+01
3.406000e-05	-3.237474e-02	-1.017010e+01
3.407000e-05	-3.776703e-02	-1.010859e+01
3.408000e-05	-3.471386e-02	-1.010549e+01
3.409000e-05	-3.040473e-02	-1.007386e+01
3.410000e-05	-3.410644e-02	-1.000173e+01
3.411000e-05	-4.115909e-02	-9.982075e+00
3.412000e-05	-3.584949e-02	-9.949573e+00
3.413000e-05	-3.279437e-02	-9.958021e+00
3.414000e-05	-3.780784e-02	-9.875867e+00
3.415000e-05	-4.169219e-02	-9.813838e+00
3.416000e-05	-4.022645e-02	-9.791232e+00
3.417000e-05	-3.561977e-02	-9.747975e+00
3.418000e-05	-3.973562e-02	-9.676462e+00
3.419000e-05	-4.381749e-02	-9.612184e+00
3.420000e-05	-4.282709e-02	-9.600629e+00
3.421000e-05	-4.092604e-02	-9.477470e+00
3.422000e-05	-4.241572e-02	-9.404986e+00
3.423000e-05	-4.671022e-02	-9.297972e+00
3.424000e-05	-4.538130e-02	-9.253313e+00
3.425000e-05	-4.362716e-02	-9.178550e+00
3.426000e-05	-4.533518e-02	-9.075867e+00
3.427000e-05	-4.913802e-02	-8.940629e+00
3.428000e-05	-5.011737e-02	-8.897471e+00
3.429000e-05	-4.749659e-02	-8.771680e+00
3.430000e-05	-4.787485e-02	-8.759024e+00
3.431000e-05	-5.008009e-02	-8.574209e+00
3.432000e-05	-5.053631e-02	-8.496994e+00
3.433000e-05	-4.874169e-02	-8.390177e+00
3.434000e-05	-4.860886e-02	-8.306317e+00
3.435000e-05	-5.108017e-02	-8.182126e+00
3.436000e-05	-5.111112e-02	-8.065267e+00
3.437000e-05	-4.927377e-02	-7.949053e+00
3.438000e-05	-4.690882e-02	-7.821313e+00
3.439000e-05	-4.976005e-02	-7.645821e+00
3.440000e-05	-4.962264e-02	-7.528496e+00
3.441000e-05	-4.819923e-02	-7.400055e+00
3.442000e-05	-4.621853e-02	-7.243892e+00
3.443000e-05	-4.534857e-02	-7.129370e+00
3.444000e-05	-4.543376e-02	-6.998637e+00
3.445000e-05	-4.365354e-02	-6.842784e+00
3.446000e-05	-4.205988e-02	-6.696814e+00
3.447000e-05	-4.138301e-02	-6.579549e+00
3.448000e-05	-4.202729e-02	-6.443704e+00
3.449000e-05	-4.062436e-02	-6.275940e+00
3.450000e-05	-3.767617e-02	-6.115893e+00
3.451000e-05	-3.624868e-02	-5.977472e+00
3.452000e-05	-3.575224e-02	-5.801657e+00
3.453000e-05	-3.447568e-02	-5.683691e+00
3.454000e-05	-3.125418e-02	-5.487291e+00
3.455000e-05	-3.022344e-02	-5.264344e+00
3.456000e-05	-3.035674e-02	-5.126422e+00
3.457000e-05	-2.884657e-02	-4.927995e+00
3.458000e-05	-2.861063e-02	-4.707526e+00
3.459000e-05	-2.740366e-02	-4.557899e+00
3.460000e-05	-2.517753e-02	-4.410629e+00
3.461000e-05	-2.555546e-02	-4.243265e+00
3.462000e-05	-2.208453e-02	-4.106872e+00
3.463000e-05	-2.238790e-02	-3.978874e+00
3.464000e-05	-1.963679e-02	-3.770001e+00
3.465000e-05	-2.065139e-02	-3.588948e+00
3.466000e-05	-1.727500e-02	-3.411054e+00
3.467000e-05	-1.814471e-02	-3.222557e+00
3.468000e-05	-1.691259e-02	-3.034737e+00
3.469000e-05	-1.793249e-02	-2.843233e+00
3.470000e-05	-1.510827e-02	-2.665790e+00
3.471000e-05	-1.527554e-02	-2.465791e+00
3.472000e-05	-1.268645e-02	-2.307395e+00
3.473000e-05	-1.199144e-02	-2.125266e+00
3.474000e-05	-9.933258e-03	-1.907371e+00
3.475000e-05	-9.588643e-03	-1.747476e+00
3.476000e-05	-9.154598e-03	-1.578973e+00
3.477000e-05	-9.402800e-03	-1.320847e+00
3.478000e-05	-9.282582e-03	-1.157895e+00
3.479000e-05	-8.564924e-03	-9.379472e-01
3.480000e-05	-7.615318e-03	-7.804276e-01
3.481000e-05	-7.752928e-03	-5.084499e-01
3.482000e-05	-5.020593e-03	-3.899749e-01
3.483000e-05	-4.143298e-03	-1.715278e-01
3.484000e-05	-3.236405e-04	-3.165639e-02
3.485000e-05	5.420306e-03	1.858932e-01
3.486000e-05	-2.090493e-03	3.674199e-01
3.487000e-05	1.693085e-03	4.953081e-01
3.488000e-05	-4.928876e-03	6.737102e-01
3.489000e-05	-1.090488e-03	8.206328e-01
3.490000e-05	-2.558891e-03	1.013075e+00
3.491000e-05	4.118606e-03	1.251207e+00
3.492000e-05	2.056280e-02	1.399103e+00
3.493000e-05	6.640682e-02	1.695732e+00
3.494000e-05	8.666563e-04	1.935317e+00
3.495000e-05	-4.245900e-02	2.084739e+00
3.496000e-05	-4.498831e-02	2.265687e+00
3.497000e-05	-5.497743e-02	2.411450e+00
3.498000e-05	1.950134e-02	2.473782e+00
3.499000e-05	9.526386e-02	2.716338e+00
3.500000e-05	-1.057918e-01	2.915339e+00
3.501000e-05	5.564078e-02	3.002604e+00
3.502000e-05	8.078695e-02	3.238451e+00
3.503000e-05	-3.750111e-02	3.414733e+00
3.504000e-05	2.215863e-02	3.609500e+00
3.505000e-05	-5.062207e-02	3.778417e+00
3.506000e-05	-2.703276e-02	3.946369e+00
3.507000e-05	9.060740e-02	4.083808e+00
3.508000e-05	-8.051811e-03	4.326893e+00
3.509000e-05	-2.162753e-02	4.483362e+00
3.510000e-05	2.291839e-02	4.625632e+00
3.511000e-05	-1.165117e-02	4.839755e+00
3.512000e-05	4.757745e-02	5.022183e+00
3.513000e-05	-4.200495e-02	5.222682e+00
3.514000e-05	-1.940453e-03	5.422133e+00
3.515000e-05	4.384321e-02	5.568026e+00
3.516000e-05	2.645732e-02	5.675466e+00
3.517000e-05	-1.345638e-02	5.924843e+00
3.518000e-05	-3.159072e-02	6.083656e+00
3.519000e-05	4.835750e-02	6.210154e+00
3.520000e-05	1.446720e-02	6.365896e+00
3.521000e-05	-9.814636e-03	6.441334e+00
3.522000e-05	1.276924e-02	6.713416e+00
3.523000e-05	1.274933e-02	6.831128e+00
3.524000e-05	2.305417e-02	6.938972e+00
3.525000e-05	-4.604007e-03	7.035858e+00
3.526000e-05	-7.714209e-03	7.209029e+00
3.527000e-05	2.462702e-02	7.286490e+00
3.528000e-05	1.668858e-02	7.525972e+00
3.529000e-05	1.353797e-02	7.633734e+00
3.530000e-05	-3.823323e-03	7.799129e+00
3.531000e-05	2.061402e-02	7.886919e+00
3.532000e-05	1.462930e-02	8.033263e+00
3.533000e-05	1.759322e-03	8.209126e+00
3.534000e-05	9.249342e-03	8.296392e+00
3.535000e-05	1.163670e-02	8.390529e+00
3.536000e-05	2.355416e-02	8.462814e+00
3.537000e-05	7.941664e-03	8.559053e+00
3.538000e-05	9.836014e-03	8.644783e+00
3.539000e-05	1.451094e-02	8.708448e+00
3.540000e-05	1.454794e-02	8.822734e+00
3.541000e-05	1.044628e-02	8.917545e+00
3.542000e-05	5.037913e-03	9.022838e+00
3.543000e-05	1.973021e-02	9.129051e+00
3.544000e-05	1.779248e-02	9.241257e+00
3.545000e-05	1.597982e-02	9.304361e+00
3.546000e-05	9.413286e-03	9.369502e+00
3.547000e-05	1.624606e-02	9.444710e+00
3.548000e-05	1.767512e-02	9.515366e+00
3.549000e-05	1.217143e-02	9.578475e+00
3.550000e-05	1.123401e-02	9.600707e+00
3.551000e-05	1.712173e-02	9.694463e+00
3.552000e-05	2.231931e-02	9.756529e+00
3.553000e-05	1.370215e-02	9.822288e+00
3.554000e-05	1.316765e-02	9.875870e+00
3.555000e-05	1.678348e-02	9.936975e+00
3.556000e-05	2.032457e-02	9.939125e+00
3.557000e-05	1.707292e-02	9.990705e+00
3.558000e-05	1.383903e-02	1.000063e+01
3.559000e-05	2.027060e-02	1.007324e+01
3.560000e-05	2.270577e-02	1.010534e+01
3.561000e-05	1.694665e-02	1.011642e+01
3.562000e-05	1.560274e-02	1.010690e+01
3.563000e-05	2.101243e-02	1.015847e+01
3.564000e-05	2.444576e-02	1.013903e+01
3.565000e-05	2.184304e-02	1.015805e+01
3.566000e-05	1.907222e-02	1.017958e+01
3.567000e-05	2.223068e-02	1.012907e+01
3.568000e-05	2.473435e-02	1.017910e+01
3.569000e-05	2.214604e-02	1.017005e+01
3.570000e-05	2.158406e-02	1.013047e+01
3.571000e-05	2.434698e-02	1.011809e+01
3.572000e-05	2.996345e-02	1.012640e+01
3.573000e-05	2.685698e-02	1.014594e+01
3.574000e-05	2.585218e-02	1.009379e+01
3.575000e-05	2.690359e-02	1.009429e+01
3.576000e-05	3.022572e-02	1.005221e+01
3.577000e-05	3.008803e-02	9.991633e+00
3.578000e-05	2.781213e-02	1.000900e+01
3.579000e-05	3.007932e-02	9.938474e+00
3.580000e-05	3.196460e-02	9.844896e+00
3.581000e-05	3.327598e-02	9.771635e+00
3.582000e-05	2.927985e-02	9.727102e+00
3.583000e-05	3.043196e-02	9.646295e+00
3.584000e-05	3.399461e-02	9.601187e+00
3.585000e-05	3.523765e-02	9.537848e+00
3.586000e-05	3.601015e-02	9.484891e+00
3.587000e-05	3.502527e-02	9.441756e+00
3.588000e-05	3.660666e-02	9.360028e+00
3.589000e-05	3.815584e-02	9.294792e+00
3.590000e-05	3.706840e-02	9.231684e+00
3.591000e-05	3.862530e-02	9.199522e+00
3.592000e-05	3.920627e-02	9.064267e+00
3.593000e-05	4.140179e-02	8.958030e+00
3.594000e-05	3.941903e-02	8.822711e+00
3.595000e-05	4.261773e-02	8.768024e+00
3.596000e-05	4.223955e-02	8.664293e+00
3.597000e-05	4.359230e-02	8.548027e+00
3.598000e-05	4.163981e-02	8.463263e+00
3.599000e-05	4.324800e-02	8.370551e+00
3.600000e-05	4.166404e-02	8.277289e+00
3.601000e-05	4.354006e-02	8.138001e+00
3.602000e-05	4.176184e-02	8.021605e+00
3.603000e-05	4.293881e-02	7.865847e+00
3.604000e-05	4.093044e-02	7.770605e+00
3.605000e-05	4.214613e-02	7.655188e+00
3.606000e-05	4.096202e-02	7.497474e+00
3.607000e-05	3.990126e-02	7.338583e+00
3.608000e-05	3.949278e-02	7.191610e+00
3.609000e-05	3.799678e-02	7.086315e+00
3.610000e-05	3.720629e-02	6.918022e+00
3.611000e-05	3.564703e-02	6.852634e+00
3.612000e-05	3.549596e-02	6.695320e+00
3.613000e-05	3.443471e-02	6.496393e+00
3.614000e-05	3.235189e-02	6.368449e+00
3.615000e-05	3.167465e-02	6.230634e+00
3.616000e-05	3.056743e-02	6.065818e+00
3.617000e-05	2.804298e-02	5.978001e+00
3.618000e-05	2.620511e-02	5.780982e+00
3.619000e-05	2.574582e-02	5.630081e+00
3.620000e-05	2.596392e-02	5.494213e+00
3.621000e-05	2.297672e-02	5.275817e+00
3.622000e-05	2.137535e-02	5.086416e+00
3.623000e-05	2.122841e-02	4.882739e+00
3.624000e-05	2.117665e-02	4.726293e+00
3.625000e-05	1.897270e-02	4.537921e+00
3.626000e-05	1.576699e-02	4.411033e+00
3.627000e-05	1.593753e-02	4.171612e+00
3.628000e-05	1.577612e-02	3.999056e+00
3.629000e-05	1.462458e-02	3.845136e+00
3.630000e-05	1.049242e-02	3.685843e+00
3.631000e-05	1.129606e-02	3.556870e+00
3.632000e-05	1.034141e-02	3.327372e+00
3.633000e-05	9.884326e-03	3.147919e+00
3.634000e-05	6.626677e-03	2.989478e+00
3.635000e-05	6.871395e-03	2.811033e+00
3.636000e-05	7.024621e-03	2.643158e+00
3.637000e-05	6.089826e-03	2.381079e+00
3.638000e-05	3.199142e-03	2.240559e+00
3.639000e-05	3.130411e-03	2.053684e+00
3.640000e-05	2.624033e-03	1.906792e+00
3.641000e-05	3.379837e-03	1.676318e+00
3.642000e-05	8.491007e-04	1.456770e+00
3.643000e-05	2.144444e-04	1.316317e+00
3.644000e-05	3.807853e-04	1.134790e+00
3.645000e-05	5.665960e-04	8.437630e-01
3.646000e-05	-1.932429e-03	6.947405e-01
3.647000e-05	-2.254694e-03	5.157422e-01
3.648000e-05	-6.755395e-04	3.893961e-01
3.649000e-05	-1.855486e-03	1.268184e-01
3.650000e-05	-1.068419e-03	-6.315652e-02
3.651000e-05	1.613720e-03	-2.310526e-01
3.652000e-05	-2.683075e-03	-3.779924e-01
3.653000e-05	-9.553497e-04	-5.579831e-01
3.654000e-05	-5.729223e-03	-7.690236e-01
3.655000e-05	-3.027129e-03	-9.443655e-01
3.656000e-05	-5.487708e-03	-1.073208e+00
3.657000e-05	1.284804e-03	-1.231182e+00
3.658000e-05	4.476684e-02	-1.454727e+00
3.659000e-05	4.377945e-02	-1.683135e+00
3.660000e-05	-5.429106e-02	-1.885788e+00
3.661000e-05	-4.726811e-02	-2.156991e+00
3.662000e-05	-9.020340e-02	-2.388521e+00
3.663000e-05	1.707108e-02	-2.475262e+00
3.664000e-05	1.168451e-01	-2.539545e+00
3.665000e-05	-1.466440e-01	-2.767993e+00
3.666000e-05	3.754577e-02	-2.988470e+00
3.667000e-05	1.070646e-01	-3.115336e+00
3.668000e-05	-9.001637e-02	-3.335865e+00
3.669000e-05	3.745143e-02	-3.545816e+00
3.670000e-05	-5.906945e-02	-3.622650e+00
3.671000e-05	-1.068760e-01	-3.863809e+00
3.672000e-05	1.445020e-01	-4.001129e+00
3.673000e-05	-3.524816e-02	-4.180124e+00
3.674000e-05	-4.157786e-02	-4.388471e+00
3.675000e-05	3.149018e-02	-4.455912e+00
3.676000e-05	-7.462876e-02	-4.724413e+00
3.677000e-05	8.773229e-02	-4.897237e+00
3.678000e-05	-9.590210e-02	-5.033182e+00
3.679000e-05	-4.743642e-02	-5.250208e+00
3.680000e-05	1.031659e-01	-5.400182e+00
3.681000e-05	-4.887324e-02	-5.621205e+00
3.682000e-05	-6.353485e-04	-5.749549e+00
3.683000e-05	-7.864684e-02	-5.945365e+00
3.684000e-05	2.646624e-02	-6.044280e+00
3.685000e-05	4.023414e-02	-6.191728e+00
3.686000e-05	-1.035925e-01	-6.410129e+00
3.687000e-05	4.704628e-02	-6.526442e+00
3.688000e-05	-2.935067e-02	-6.674863e+00
3.689000e-05	1.965788e-02	-6.810103e+00
3.690000e-05	-3.148370e-02	-6.936093e+00
3.691000e-05	-6.987460e-02	-7.118416e+00
3.692000e-05	5.681479e-02	-7.254832e+00
3.693000e-05	-4.735241e-02	-7.421203e+00
3.694000e-05	6.075917e-03	-7.517470e+00
3.695000e-05	-4.144629e-02	-7.672862e+00
3.696000e-05	4.591783e-03	-7.812259e+00
3.697000e-05	8.060775e-03	-7.948101e+00
3.698000e-05	-6.031945e-02	-8.076864e+00
3.699000e-05	1.810695e-03	-8.200625e+00
3.700000e-05	-2.981994e-02	-8.305892e+00
3.701000e-05	1.747574e-02	-8.370024e+00
3.702000e-05	-3.818394e-02	-8.482965e+00
3.703000e-05	-2.612460e-02	-8.634264e+00
3.704000e-05	-1.537493e-03	-8.718051e+00
3.705000e-05	-1.833869e-02	-8.863284e+00
3.706000e-05	-1.643726e-02	-8.938417e+00
3.707000e-05	-4.075633e-02	-9.030705e+00
3.708000e-05	1.970673e-03	-9.085937e+00
3.709000e-05	-1.492945e-02	-9.188501e+00
3.710000e-05	-2.392311e-02	-9.240886e+00
3.711000e-05	-3.000570e-02	-9.317023e+00
3.712000e-05	-1.482589e-02	-9.424782e+00
3.713000e-05	-8.814487e-03	-9.508022e+00
3.714000e-05	-3.080453e-02	-9.570176e+00
3.715000e-05	-2.627852e-02	-9.652385e+00
3.716000e-05	-1.625286e-02	-9.704967e+00
3.717000e-05	-9.197631e-03	-9.768098e+00
3.718000e-05	-2.905073e-02	-9.790709e+00
3.719000e-05	-2.934569e-02	-9.823384e+00
3.720000e-05	-1.919357e-02	-9.876417e+00
3.721000e-05	-1.456335e-02	-9.947546e+00
3.722000e-05	-2.728016e-02	-9.929599e+00
3.723000e-05	-3.153655e-02	-1.001013e+01
3.724000e-05	-1.936161e-02	-1.003326e+01
3.725000e-05	-1.692576e-02	-1.006389e+01
3.726000e-05	-2.786375e-02	-1.009546e+01
3.727000e-05	-3.468947e-02	-1.012815e+01
3.728000e-05	-2.196497e-02	-1.016863e+01
3.729000e-05	-1.955246e-02	-1.017465e+01
3.730000e-05	-2.731330e-02	-1.017226e+01
3.731000e-05	-3.501014e-02	-1.023284e+01
3.732000e-05	-2.616871e-02	-1.019294e+01
3.733000e-05	-2.281825e-02	-1.019333e+01
3.734000e-05	-3.183984e-02	-1.018166e+01
3.735000e-05	-3.534052e-02	-1.020223e+01
3.736000e-05	-2.949650e-02	-1.016268e+01
3.737000e-05	-2.336622e-02	-1.016065e+01
3.738000e-05	-3.284730e-02	-1.015900e+01
3.739000e-05	-3.817883e-02	-1.011602e+01
3.740000e-05	-3.446284e-02	-1.008702e+01
3.741000e-05	-2.969143e-02	-1.007294e+01
3.742000e-05	-3.388942e-02	-1.002166e+01
3.743000e-05	-4.077729e-02	-1.000210e+01
3.744000e-05	-3.697295e-02	-9.969096e+00
3.745000e-05	-3.153552e-02	-9.939049e+00
3.746000e-05	-3.635695e-02	-9.885343e+00
3.747000e-05	-4.194460e-02	-9.801757e+00
3.748000e-05	-4.123363e-02	-9.780609e+00
3.749000e-05	-3.603944e-02	-9.719099e+00
3.750000e-05	-3.848857e-02	-9.714816e+00
3.751000e-05	-4.437687e-02	-9.642657e+00
3.752000e-05	-4.342458e-02	-9.549629e+00
3.753000e-05	-4.020707e-02	-9.508022e+00
3.754000e-05	-4.256934e-02	-9.433783e+00
3.755000e-05	-4.655134e-02	-9.370926e+00
3.756000e-05	-4.644214e-02	-9.231233e+00
3.757000e-05	-4.366811e-02	-9.159050e+00
3.758000e-05	-4.467162e-02	-9.095891e+00
3.759000e-05	-4.940034e-02	-8.980701e+00
3.760000e-05	-4.911445e-02	-8.916470e+00
3.761000e-05	-4.690886e-02	-8.812160e+00
3.762000e-05	-4.782492e-02	-8.768521e+00
3.763000e-05	-5.142947e-02	-8.624812e+00
3.764000e-05	-5.097691e-02	-8.466370e+00
3.765000e-05	-4.889241e-02	-8.400059e+00
3.766000e-05	-4.842234e-02	-8.306340e+00
3.767000e-05	-5.122927e-02	-8.180628e+00
3.768000e-05	-5.055368e-02	-8.096842e+00
3.769000e-05	-4.928988e-02	-7.961580e+00
3.770000e-05	-4.791914e-02	-7.775187e+00
3.771000e-05	-4.969397e-02	-7.664238e+00
3.772000e-05	-4.909315e-02	-7.527996e+00
3.773000e-05	-4.763825e-02	-7.381635e+00
3.774000e-05	-4.547465e-02	-7.253765e+00
3.775000e-05	-4.543894e-02	-7.158522e+00
3.776000e-05	-4.558948e-02	-6.991057e+00
3.777000e-05	-4.375465e-02	-6.822709e+00
3.778000e-05	-4.158515e-02	-6.707343e+00
3.779000e-05	-4.116869e-02	-6.541501e+00
3.780000e-05	-4.170018e-02	-6.441711e+00
3.781000e-05	-3.978494e-02	-6.266396e+00
3.782000e-05	-3.729908e-02	-6.087450e+00
3.783000e-05	-3.693403e-02	-5.957945e+00
3.784000e-05	-3.688472e-02	-5.802136e+00
3.785000e-05	-3.457990e-02	-5.735241e+00
3.786000e-05	-3.116968e-02	-5.486813e+00
3.787000e-05	-3.084850e-02	-5.275797e+00
3.788000e-05	-3.076211e-02	-5.098871e+00
3.789000e-05	-2.917128e-02	-4.897923e+00
3.790000e-05	-2.802221e-02	-4.700943e+00
3.791000e-05	-2.645392e-02	-4.580547e+00
3.792000e-05	-2.525004e-02	-4.393204e+00
3.793000e-05	-2.587031e-02	-4.264765e+00
3.794000e-05	-2.225431e-02	-4.114395e+00
3.795000e-05	-2.209907e-02	-3.988443e+00
3.796000e-05	-2.063765e-02	-3.759956e+00
3.797000e-05	-2.049457e-02	-3.570053e+00
3.798000e-05	-1.749388e-02	-3.412105e+00
3.799000e-05	-1.788802e-02	-3.222709e+00
3.800000e-05	-1.633965e-02	-3.055288e+00
3.801000e-05	-1.748678e-02	-2.844183e+00
3.802000e-05	-1.543343e-02	-2.686240e+00
3.803000e-05	-1.468086e-02	-2.486841e+00
3.804000e-05	-1.241825e-02	-2.306921e+00
3.805000e-05	-1.212920e-02	-2.127242e+00
3.806000e-05	-1.003675e-02	-1.947318e+00
3.807000e-05	-8.968530e-03	-1.758450e+00
3.808000e-05	-9.885353e-03	-1.571028e+00
3.809000e-05	-1.074872e-02	-1.329901e+00
3.810000e-05	-9.787187e-03	-1.118917e+00
3.811000e-05	-6.479051e-03	-9.774448e-01
3.812000e-05	-7.724115e-03	-7.804739e-01
3.813000e-05	-6.295064e-03	-5.814488e-01
3.814000e-05	-5.703653e-03	-3.599499e-01
3.815000e-05	-4.028768e-03	-2.310315e-01
3.816000e-05	-8.143669e-04	-2.308034e-02
3.817000e-05	2.065552e-03	1.568882e-01
3.818000e-05	-3.367627e-03	3.374421e-01
3.819000e-05	7.993825e-04	5.053119e-01
3.820000e-05	-1.241887e-03	6.652591e-01
3.821000e-05	5.110788e-04	8.005750e-01
3.822000e-05	-1.003766e-03	1.051151e+00
3.823000e-05	3.783302e-03	1.231252e+00
3.824000e-05	1.790494e-02	1.400100e+00
3.825000e-05	6.240724e-02	1.703832e+00
3.826000e-05	3.712202e-03	1.924867e+00
3.827000e-05	-4.291043e-02	2.083808e+00
3.828000e-05	-4.260712e-02	2.274757e+00
3.829000e-05	-5.278155e-02	2.459475e+00
3.830000e-05	1.219148e-02	2.454286e+00
3.831000e-05	1.012695e-01	2.735365e+00
3.832000e-05	-1.000717e-01	2.875758e+00
3.833000e-05	3.835855e-02	3.020079e+00
3.834000e-05	8.717553e-02	3.178679e+00
3.835000e-05	-3.699251e-02	3.432633e+00
3.836000e-05	1.900276e-02	3.598474e+00
3.837000e-05	-4.195688e-02	3.736871e+00
3.838000e-05	-3.444457e-02	3.927868e+00
3.839000e-05	9.173083e-02	4.053832e+00
3.840000e-05	-6.981928e-04	4.356338e+00
3.841000e-05	-2.649045e-02	4.473234e+00
3.842000e-05	2.334494e-02	4.641735e+00
3.843000e-05	-1.644138e-02	4.840652e+00
3.844000e-05	4.890644e-02	5.022127e+00
3.845000e-05	-3.737743e-02	5.231729e+00
3.846000e-05	-4.316904e-03	5.431105e+00
3.847000e-05	4.255209e-02	5.567922e+00
3.848000e-05	2.931863e-02	5.674863e+00
3.849000e-05	-1.121746e-02	5.897317e+00
3.850000e-05	-3.503120e-02	6.063261e+00
3.851000e-05	4.180356e-02	6.179677e+00
3.852000e-05	1.916365e-02	6.346445e+00
3.853000e-05	-1.048074e-02	6.434262e+00
3.854000e-05	1.504074e-02	6.663764e+00
3.855000e-05	1.179669e-02	6.840080e+00
3.856000e-05	2.235272e-02	6.938446e+00
3.857000e-05	-2.436077e-03	7.063182e+00
3.858000e-05	-1.047977e-02	7.180503e+00
3.859000e-05	2.221368e-02	7.316994e+00
3.860000e-05	1.577386e-02	7.505416e+00
3.861000e-05	1.540931e-02	7.653187e+00
3.862000e-05	-2.323345e-03	7.800100e+00
3.863000e-05	1.890499e-02	7.906367e+00
3.864000e-05	1.533843e-02	8.055842e+00
3.865000e-05	1.175119e-03	8.169054e+00
3.866000e-05	8.406004e-03	8.297392e+00
3.867000e-05	9.699991e-03	8.419503e+00
3.868000e-05	2.387903e-02	8.465337e+00
3.869000e-05	9.203766e-03	8.550025e+00
3.870000e-05	1.039319e-02	8.652334e+00
3.871000e-05	1.389660e-02	8.728998e+00
3.872000e-05	1.534829e-02	8.821254e+00
3.873000e-05	1.058108e-02	8.955972e+00
3.874000e-05	4.454949e-03	9.033815e+00
3.875000e-05	1.860513e-02	9.189550e+00
3.876000e-05	1.683534e-02	9.231758e+00
3.877000e-05	1.399843e-02	9.293842e+00
3.878000e-05	9.852995e-03	9.360079e+00
3.879000e-05	1.700149e-02	9.423760e+00
3.880000e-05	1.878574e-02	9.465948e+00
3.881000e-05	1.139154e-02	9.569024e+00
3.882000e-05	1.227906e-02	9.622154e+00
3.883000e-05	1.773298e-02	9.633816e+00
3.884000e-05	2.212310e-02	9.768199e+00
3.885000e-05	1.262619e-02	9.801783e+00
3.886000e-05	1.281080e-02	9.826867e+00
3.887000e-05	1.720873e-02	9.878497e+00
3.888000e-05	2.200921e-02	9.969550e+00
3.889000e-05	1.540731e-02	1.001116e+01
3.890000e-05	1.685468e-02	1.002173e+01
3.891000e-05	2.040822e-02	1.005431e+01
3.892000e-05	2.301592e-02	1.008534e+01
3.893000e-05	1.664240e-02	1.010589e+01
3.894000e-05	1.629099e-02	1.009787e+01
3.895000e-05	2.055248e-02	1.014800e+01
3.896000e-05	2.421284e-02	1.015805e+01
3.897000e-05	2.139743e-02	1.013902e+01
3.898000e-05	1.886499e-02	1.017810e+01
3.899000e-05	2.218578e-02	1.013958e+01
3.900000e-05	2.513531e-02	1.013005e+01
3.901000e-05	2.221532e-02	1.014802e+01
3.902000e-05	2.159877e-02	1.012905e+01
3.903000e-05	2.417622e-02	1.012802e+01
3.904000e-05	2.941594e-02	1.010895e+01
3.905000e-05	2.785855e-02	1.009639e+01
3.906000e-05	2.434733e-02	1.010429e+01
3.907000e-05	2.629263e-02	1.007329e+01
3.908000e-05	3.076299e-02	1.004266e+01
3.909000e-05	3.012684e-02	1.003116e+01
3.910000e-05	2.727086e-02	9.958578e+00
3.911000e-05	3.004321e-02	9.938450e+00
3.912000e-05	3.221682e-02	9.854417e+00
3.913000e-05	3.278402e-02	9.802712e+00
3.914000e-05	2.821558e-02	9.709530e+00
3.915000e-05	3.210711e-02	9.684862e+00
3.916000e-05	3.521874e-02	9.623679e+00
3.917000e-05	3.729357e-02	9.578447e+00
3.918000e-05	3.381650e-02	9.494942e+00
3.919000e-05	3.467607e-02	9.412116e+00
3.920000e-05	3.662610e-02	9.339053e+00
3.921000e-05	3.796270e-02	9.285840e+00
3.922000e-05	3.460149e-02	9.212134e+00
3.923000e-05	3.878672e-02	9.178499e+00
3.924000e-05	4.180022e-02	9.055815e+00
3.925000e-05	4.296623e-02	8.907028e+00
3.926000e-05	3.940385e-02	8.863731e+00
3.927000e-05	3.996828e-02	8.748449e+00
3.928000e-05	4.236792e-02	8.634288e+00
3.929000e-05	4.352306e-02	8.559078e+00
3.930000e-05	4.050247e-02	8.473787e+00
3.931000e-05	4.061233e-02	8.411129e+00
3.932000e-05	4.443343e-02	8.244438e+00
3.933000e-05	4.551693e-02	8.139053e+00
3.934000e-05	4.235308e-02	8.041704e+00
3.935000e-05	4.066651e-02	7.906323e+00
3.936000e-05	4.334525e-02	7.789605e+00
3.937000e-05	4.233114e-02	7.674318e+00
3.938000e-05	4.030358e-02	7.538570e+00
3.939000e-05	3.747548e-02	7.352081e+00
3.940000e-05	4.055488e-02	7.211587e+00
3.941000e-05	4.019878e-02	7.096791e+00
3.942000e-05	3.809908e-02	6.979020e+00
3.943000e-05	3.497047e-02	6.853632e+00
3.944000e-05	3.592435e-02	6.727267e+00
3.945000e-05	3.521775e-02	6.515996e+00
3.946000e-05	3.311469e-02	6.389072e+00
3.947000e-05	2.897855e-02	6.242133e+00
3.948000e-05	3.037134e-02	6.083891e+00
3.949000e-05	2.956961e-02	5.960053e+00
3.950000e-05	2.814729e-02	5.802610e+00
3.951000e-05	2.507644e-02	5.631028e+00
3.952000e-05	2.478705e-02	5.483263e+00
3.953000e-05	2.518894e-02	5.305793e+00
3.954000e-05	2.280686e-02	5.125288e+00
3.955000e-05	2.037147e-02	4.906247e+00
3.956000e-05	1.836170e-02	4.736418e+00
3.957000e-05	1.924331e-02	4.558897e+00
3.958000e-05	1.784261e-02	4.408550e+00
3.959000e-05	1.574661e-02	4.242134e+00
3.960000e-05	1.399574e-02	4.022607e+00
3.961000e-05	1.427069e-02	3.864286e+00
3.962000e-05	1.369606e-02	3.726341e+00
3.963000e-05	1.069458e-02	3.567871e+00
3.964000e-05	9.890418e-03	3.340294e+00
3.965000e-05	9.081291e-03	3.166398e+00
3.966000e-05	8.751486e-03	2.979977e+00
3.967000e-05	7.440313e-03	2.830080e+00
3.968000e-05	5.370665e-03	2.653109e+00
3.969000e-05	5.184535e-03	2.411553e+00
3.970000e-05	5.439887e-03	2.243608e+00
3.971000e-05	3.953599e-03	2.075734e+00
3.972000e-05	2.940275e-03	1.906217e+00
3.973000e-05	2.619719e-03	1.705215e+00
3.974000e-05	2.607871e-03	1.546717e+00
3.975000e-05	4.834710e-04	1.324766e+00
3.976000e-05	-1.286801e-03	1.115691e+00
3.977000e-05	-6.243731e-04	9.041895e-01
3.978000e-05	-8.449946e-04	7.242395e-01
3.979000e-05	-1.248191e-03	4.857420e-01
3.980000e-05	-2.374613e-03	3.573447e-01
3.981000e-05	-1.920584e-03	1.058471e-01
3.982000e-05	3.929773e-04	-5.268028e-02
3.983000e-05	2.506703e-03	-2.110976e-01
3.984000e-05	-3.319650e-03	-3.790435e-01
3.985000e-05	-2.417101e-03	-5.270420e-01
3.986000e-05	-5.061115e-03	-7.874208e-01
3.987000e-05	-3.014568e-03	-9.057884e-01
3.988000e-05	-5.496107e-03	-1.052684e+00
3.989000e-05	-4.606833e-04	-1.211655e+00
3.990000e-05	4.035973e-02	-1.492255e+00
3.991000e-05	5.220649e-02	-1.631650e+00
3.992000e-05	-5.282957e-02	-1.895336e+00
3.993000e-05	-4.571258e-02	-2.156416e+00
3.994000e-05	-8.834873e-02	-2.378974e+00
3.995000e-05	3.760321e-03	-2.484331e+00
3.996000e-05	1.250766e-01	-2.578496e+00
3.997000e-05	-1.354993e-01	-2.766492e+00
3.998000e-05	1.628908e-02	-2.956995e+00
3.999000e-05	1.184088e-01	-3.086242e+00
4.000000e-05	-8.660126e-02	-3.304837e+00
4.001000e-05	2.949317e-02	-3.504291e+00
4.002000e-05	-4.579481e-02	-3.610680e+00
4.003000e-05	-1.177407e-01	-3.881236e+00
4.004000e-05	1.401806e-01	-4.000076e+00
4.005000e-05	-2.053168e-02	-4.178971e+00
4.006000e-05	-5.300474e-02	-4.377974e+00
4.007000e-05	3.602788e-02	-4.483862e+00
4.008000e-05	-7.645481e-02	-4.725414e+00
4.009000e-05	8.326187e-02	-4.885338e+00
4.010000e-05	-8.284002e-02	-5.020678e+00
4.011000e-05	-6.357945e-02	-5.201728e+00
4.012000e-05	1.103285e-01	-5.369576e+00
4.013000e-05	-4.524125e-02	-5.611681e+00
4.014000e-05	-3.506483e-03	-5.768525e+00
4.015000e-05	-7.577462e-02	-5.874889e+00
4.016000e-05	1.758792e-02	-6.044179e+00
4.017000e-05	5.047826e-02	-6.201204e+00
4.018000e-05	-1.074463e-01	-6.380653e+00
4.019000e-05	4.109587e-02	-6.507470e+00
4.020000e-05	-2.112909e-02	-6.683808e+00
4.021000e-05	1.350389e-02	-6.811204e+00
4.022000e-05	-2.366395e-02	-6.928046e+00
4.023000e-05	-7.925397e-02	-7.128447e+00
4.024000e-05	5.959967e-02	-7.253806e+00
4.025000e-05	-4.350919e-02	-7.390153e+00
4.026000e-05	2.128278e-03	-7.528523e+00
4.027000e-05	-3.951850e-02	-7.632808e+00
4.028000e-05	-6.757207e-04	-7.834334e+00
4.029000e-05	1.392800e-02	-7.939599e+00
4.030000e-05	-6.267454e-02	-8.075409e+00
4.031000e-05	-1.270060e-04	-8.159179e+00
4.032000e-05	-2.892393e-02	-8.275886e+00
4.033000e-05	1.789944e-02	-8.360653e+00
4.034000e-05	-3.500243e-02	-8.464489e+00
4.035000e-05	-3.010930e-02	-8.653361e+00
4.036000e-05	2.090610e-04	-8.748525e+00
4.037000e-05	-1.767352e-02	-8.832229e+00
4.038000e-05	-1.574882e-02	-8.877468e+00
4.039000e-05	-4.228202e-02	-9.021206e+00
4.040000e-05	2.362885e-04	-9.066914e+00
4.041000e-05	-1.094230e-02	-9.139574e+00
4.042000e-05	-2.409185e-02	-9.212158e+00
4.043000e-05	-3.026106e-02	-9.305594e+00
4.044000e-05	-1.591288e-02	-9.463361e+00
4.045000e-05	-7.124277e-03	-9.488020e+00
4.046000e-05	-2.922297e-02	-9.581106e+00
4.047000e-05	-2.944818e-02	-9.652757e+00
4.048000e-05	-1.728309e-02	-9.694916e+00
4.049000e-05	-8.581709e-03	-9.709474e+00
4.050000e-05	-2.747307e-02	-9.821605e+00
4.051000e-05	-3.083462e-02	-9.853862e+00
4.052000e-05	-1.998055e-02	-9.867445e+00
4.053000e-05	-1.465057e-02	-9.918049e+00
4.054000e-05	-2.727449e-02	-9.969546e+00
4.055000e-05	-3.203910e-02	-1.002108e+01
4.056000e-05	-1.980440e-02	-1.004079e+01
4.057000e-05	-1.689973e-02	-1.007446e+01
4.058000e-05	-2.692288e-02	-1.011551e+01
4.059000e-05	-3.413877e-02	-1.013770e+01
4.060000e-05	-2.341764e-02	-1.011773e+01
4.061000e-05	-1.970602e-02	-1.015918e+01
4.062000e-05	-2.612955e-02	-1.017023e+01
4.063000e-05	-3.359889e-02	-1.017136e+01
4.064000e-05	-2.793278e-02	-1.020334e+01
4.065000e-05	-2.253785e-02	-1.021334e+01
4.066000e-05	-3.100523e-02	-1.016278e+01
4.067000e-05	-3.496878e-02	-1.018178e+01
4.068000e-05	-3.129760e-02	-1.016126e+01
4.069000e-05	-2.433096e-02	-1.014076e+01
4.070000e-05	-3.078907e-02	-1.011857e+01
4.071000e-05	-3.658144e-02	-1.011847e+01
4.072000e-05	-3.606501e-02	-1.011645e+01
4.073000e-05	-3.031543e-02	-1.008389e+01
4.074000e-05	-3.432670e-02	-1.006371e+01
4.075000e-05	-3.858284e-02	-9.981100e+00
4.076000e-05	-3.763877e-02	-9.959599e+00
4.077000e-05	-3.276038e-02	-9.917472e+00
4.078000e-05	-3.697343e-02	-9.885843e+00
4.079000e-05	-4.031196e-02	-9.825311e+00
4.080000e-05	-4.114119e-02	-9.801630e+00
4.081000e-05	-3.625552e-02	-9.749653e+00
4.082000e-05	-3.752417e-02	-9.704862e+00
4.083000e-05	-4.287288e-02	-9.662761e+00
4.084000e-05	-4.301265e-02	-9.549078e+00
4.085000e-05	-4.094519e-02	-9.528599e+00
4.086000e-05	-4.187532e-02	-9.423836e+00
4.087000e-05	-4.633309e-02	-9.317526e+00
4.088000e-05	-4.687251e-02	-9.242237e+00
4.089000e-05	-4.389290e-02	-9.180624e+00
4.090000e-05	-4.494997e-02	-9.095441e+00
4.091000e-05	-4.804829e-02	-9.010630e+00
4.092000e-05	-4.942570e-02	-8.918398e+00
4.093000e-05	-4.731717e-02	-8.853714e+00
4.094000e-05	-4.783149e-02	-8.737994e+00
4.095000e-05	-4.956567e-02	-8.603215e+00
4.096000e-05	-5.110132e-02	-8.494965e+00
4.097000e-05	-4.922231e-02	-8.430657e+00
4.098000e-05	-4.876339e-02	-8.296842e+00
4.099000e-05	-5.133558e-02	-8.181656e+00
4.100000e-05	-5.135967e-02	-8.095394e+00
4.101000e-05	-4.950314e-02	-7.980102e+00
4.102000e-05	-4.785874e-02	-7.783689e+00
4.103000e-05	-4.864443e-02	-7.676891e+00
4.104000e-05	-4.921942e-02	-7.548004e+00
4.105000e-05	-4.666862e-02	-7.411183e+00
4.106000e-05	-4.642139e-02	-7.285816e+00
4.107000e-05	-4.657119e-02	-7.170046e+00
4.108000e-05	-4.592559e-02	-6.972727e+00
4.109000e-05	-4.357831e-02	-6.823188e+00
4.110000e-05	-4.300211e-02	-6.707317e+00
4.111000e-05	-4.196302e-02	-6.570605e+00
4.112000e-05	-4.155018e-02	-6.444261e+00
4.113000e-05	-3.864553e-02	-6.299292e+00
4.114000e-05	-3.790727e-02	-6.157322e+00
4.115000e-05	-3.759903e-02	-5.959446e+00
4.116000e-05	-3.653727e-02	-5.842658e+00
4.117000e-05	-3.362987e-02	-5.675218e+00
4.118000e-05	-3.255846e-02	-5.518497e+00
4.119000e-05	-3.167333e-02	-5.338925e+00
4.120000e-05	-3.113809e-02	-5.146396e+00
4.121000e-05	-2.800133e-02	-4.938997e+00
4.122000e-05	-2.869582e-02	-4.728949e+00
4.123000e-05	-2.666905e-02	-4.638999e+00
4.124000e-05	-2.584660e-02	-4.411679e+00
4.125000e-05	-2.331896e-02	-4.274788e+00
4.126000e-05	-2.220519e-02	-4.146867e+00
4.127000e-05	-2.171182e-02	-3.999075e+00
4.128000e-05	-2.220251e-02	-3.752574e+00
4.129000e-05	-2.040579e-02	-3.580523e+00
4.130000e-05	-1.865654e-02	-3.443133e+00
4.131000e-05	-1.895519e-02	-3.243608e+00
4.132000e-05	-1.716646e-02	-3.035839e+00
4.133000e-05	-1.381792e-02	-2.841711e+00
4.134000e-05	-1.319552e-02	-2.666239e+00
4.135000e-05	-1.448189e-02	-2.507292e+00
4.136000e-05	-1.326068e-02	-2.368819e+00
4.137000e-05	-1.326784e-02	-2.095845e+00
4.138000e-05	-9.464615e-03	-1.927370e+00
4.139000e-05	-1.166326e-02	-1.799448e+00
4.140000e-05	-1.012685e-02	-1.612579e+00
4.141000e-05	-9.936434e-03	-1.330001e+00
4.142000e-05	-6.768092e-03	-1.148320e+00
4.143000e-05	-7.536731e-03	-1.008526e+00
4.144000e-05	-8.444954e-03	-8.205251e-01
4.145000e-05	-6.656202e-03	-5.995700e-01
4.146000e-05	-4.289142e-03	-3.889726e-01
4.147000e-05	-4.435582e-03	-2.025539e-01
4.148000e-05	-2.798598e-03	-7.220552e-02
4.149000e-05	2.390224e-03	1.358444e-01
4.150000e-05	-1.077159e-03	3.678681e-01
4.151000e-05	1.694067e-03	4.943382e-01
4.152000e-05	-2.580719e-03	6.527078e-01
4.153000e-05	9.389521e-04	8.205039e-01
4.154000e-05	1.081543e-03	1.032000e+00
4.155000e-05	4.056960e-03	1.231051e+00
4.156000e-05	1.444246e-02	1.388603e+00
4.157000e-05	6.053481e-02	1.691183e+00
4.158000e-05	1.072938e-02	1.914791e+00
4.159000e-05	-4.324384e-02	2.123686e+00
4.160000e-05	-4.448778e-02	2.314780e+00
4.161000e-05	-5.270292e-02	2.389525e+00
4.162000e-05	6.084954e-03	2.453760e+00
4.163000e-05	1.069513e-01	2.735259e+00
4.164000e-05	-9.353566e-02	2.876262e+00
4.165000e-05	2.149092e-02	3.022126e+00
4.166000e-05	9.859111e-02	3.228051e+00
4.167000e-05	-3.408661e-02	3.429654e+00
4.168000e-05	1.457229e-02	3.588546e+00
4.169000e-05	-3.630049e-02	3.716941e+00
4.170000e-05	-4.181476e-02	3.926339e+00
4.171000e-05	9.090362e-02	4.044232e+00
4.172000e-05	5.603912e-03	4.323787e+00
4.173000e-05	-3.212640e-02	4.434256e+00
4.174000e-05	2.690336e-02	4.670707e+00
4.175000e-05	-1.632753e-02	4.808649e+00
4.176000e-05	4.830678e-02	4.978634e+00
4.177000e-05	-3.491515e-02	5.252731e+00
4.178000e-05	-9.297286e-03	5.391575e+00
4.179000e-05	4.404720e-02	5.577973e+00
4.180000e-05	3.005666e-02	5.683941e+00
4.181000e-05	-9.706282e-03	5.874888e+00
4.182000e-05	-3.637970e-02	6.053233e+00
4.183000e-05	3.959225e-02	6.178601e+00
4.184000e-05	2.350939e-02	6.336422e+00
4.185000e-05	-1.256616e-02	6.443761e+00
4.186000e-05	1.421978e-02	6.653883e+00
4.187000e-05	1.224679e-02	6.811603e+00
4.188000e-05	2.204726e-02	6.916424e+00
4.189000e-05	-3.503440e-04	7.043783e+00
4.190000e-05	-1.316885e-02	7.178150e+00
4.191000e-05	2.313281e-02	7.276551e+00
4.192000e-05	1.592549e-02	7.495415e+00
4.193000e-05	1.601904e-02	7.652757e+00
4.194000e-05	-3.880060e-03	7.739048e+00
4.195000e-05	1.960858e-02	7.937992e+00
4.196000e-05	1.761005e-02	8.014817e+00
4.197000e-05	7.123268e-04	8.159027e+00
4.198000e-05	7.763771e-03	8.334889e+00
4.199000e-05	9.987113e-03	8.359604e+00
4.200000e-05	2.436585e-02	8.454785e+00
4.201000e-05	8.000787e-03	8.536548e+00
4.202000e-05	8.188348e-03	8.674684e+00
4.203000e-05	1.477775e-02	8.736974e+00
4.204000e-05	1.707231e-02	8.811230e+00
4.205000e-05	1.141408e-02	8.885496e+00
4.206000e-05	3.820099e-03	9.061835e+00
4.207000e-05	1.914420e-02	9.139524e+00
4.208000e-05	1.756659e-02	9.210683e+00
4.209000e-05	1.473953e-02	9.284841e+00
4.210000e-05	7.879657e-03	9.358577e+00
4.211000e-05	1.692400e-02	9.442288e+00
4.212000e-05	1.924632e-02	9.535843e+00
4.213000e-05	1.317831e-02	9.549473e+00
4.214000e-05	1.124826e-02	9.602181e+00
4.215000e-05	1.729441e-02	9.665449e+00
4.216000e-05	2.231499e-02	9.727653e+00
4.217000e-05	1.432901e-02	9.801755e+00
4.218000e-05	1.117847e-02	9.857890e+00
4.219000e-05	1.739548e-02	9.956974e+00
4.220000e-05	2.175883e-02	9.969529e+00
4.221000e-05	1.680208e-02	1.001058e+01
4.222000e-05	1.439308e-02	1.003216e+01
4.223000e-05	1.944750e-02	1.008334e+01
4.224000e-05	2.363447e-02	1.010539e+01
4.225000e-05	1.814693e-02	1.009440e+01
4.226000e-05	1.530881e-02	1.010789e+01
4.227000e-05	2.050397e-02	1.013745e+01
4.228000e-05	2.445376e-02	1.015650e+01
4.229000e-05	2.301104e-02	1.017003e+01
4.230000e-05	1.817494e-02	1.017018e+01
4.231000e-05	2.081911e-02	1.017017e+01
4.232000e-05	2.480646e-02	1.013910e+01
4.233000e-05	2.364888e-02	1.017005e+01
4.234000e-05	2.199917e-02	1.017855e+01
4.235000e-05	2.411023e-02	1.012747e+01
4.236000e-05	3.001603e-02	1.009544e+01
4.237000e-05	2.761151e-02	1.011695e+01
4.238000e-05	2.484600e-02	1.007486e+01
4.239000e-05	2.600548e-02	1.004329e+01
4.240000e-05	3.048999e-02	1.001268e+01
4.241000e-05	3.035153e-02	1.002055e+01
4.242000e-05	2.809681e-02	9.980001e+00
4.243000e-05	2.948330e-02	9.936975e+00
4.244000e-05	3.254222e-02	9.873496e+00
4.245000e-05	3.301572e-02	9.831333e+00
4.246000e-05	2.936645e-02	9.739603e+00
4.247000e-05	3.081596e-02	9.666316e+00
4.248000e-05	3.448343e-02	9.610211e+00
4.249000e-05	3.559022e-02	9.569549e+00
4.250000e-05	3.459771e-02	9.484394e+00
4.251000e-05	3.444360e-02	9.422159e+00
4.252000e-05	3.627502e-02	9.369079e+00
4.253000e-05	3.921078e-02	9.274846e+00
4.254000e-05	3.643441e-02	9.231630e+00
4.255000e-05	3.951609e-02	9.131077e+00
4.256000e-05	3.959024e-02	9.035441e+00
4.257000e-05	4.165784e-02	8.979481e+00
4.258000e-05	3.975703e-02	8.832289e+00
4.259000e-05	4.051949e-02	8.748948e+00
4.260000e-05	4.139428e-02	8.665289e+00
4.261000e-05	4.271303e-02	8.559075e+00
4.262000e-05	4.182286e-02	8.505866e+00
4.263000e-05	4.357040e-02	8.390632e+00
4.264000e-05	4.321775e-02	8.304840e+00
4.265000e-05	4.361568e-02	8.149982e+00
4.266000e-05	4.208979e-02	8.062259e+00
4.267000e-05	4.273658e-02	7.888323e+00
4.268000e-05	4.198419e-02	7.781179e+00
4.269000e-05	4.114637e-02	7.664217e+00
4.270000e-05	4.015366e-02	7.529001e+00
4.271000e-05	4.048100e-02	7.339080e+00
4.272000e-05	4.033224e-02	7.232707e+00
4.273000e-05	3.894308e-02	7.095267e+00
4.274000e-05	3.787374e-02	6.968451e+00
4.275000e-05	3.691276e-02	6.842159e+00
4.276000e-05	3.549276e-02	6.696890e+00
4.277000e-05	3.378492e-02	6.507847e+00
4.278000e-05	3.224388e-02	6.389023e+00
4.279000e-05	3.165998e-02	6.213586e+00
4.280000e-05	3.033716e-02	6.116370e+00
4.281000e-05	2.966611e-02	5.988975e+00
4.282000e-05	2.699772e-02	5.800608e+00
4.283000e-05	2.691094e-02	5.660627e+00
4.284000e-05	2.546708e-02	5.484737e+00
4.285000e-05	2.459106e-02	5.285842e+00
4.286000e-05	2.160254e-02	5.146848e+00
4.287000e-05	2.042665e-02	4.895697e+00
4.288000e-05	1.970642e-02	4.736343e+00
4.289000e-05	1.899629e-02	4.547897e+00
4.290000e-05	1.678254e-02	4.399083e+00
4.291000e-05	1.605641e-02	4.243109e+00
4.292000e-05	1.683185e-02	4.061082e+00
4.293000e-05	1.435863e-02	3.894791e+00
4.294000e-05	1.247014e-02	3.686267e+00
4.295000e-05	1.093060e-02	3.547349e+00
4.296000e-05	1.074859e-02	3.349370e+00
4.297000e-05	8.920701e-03	3.168321e+00
4.298000e-05	8.010500e-03	2.969950e+00
4.299000e-05	7.392457e-03	2.831112e+00
4.300000e-05	7.573561e-03	2.673608e+00
4.301000e-05	6.355336e-03	2.422081e+00
4.302000e-05	4.463949e-03	2.251587e+00
4.303000e-05	4.650393e-03	2.075185e+00
4.304000e-05	2.834160e-03	1.936695e+00
4.305000e-05	1.490700e-03	1.726796e+00
4.306000e-05	6.793695e-04	1.496192e+00
4.307000e-05	1.792475e-04	1.357218e+00
4.308000e-05	1.993432e-03	1.127744e+00
4.309000e-05	1.792710e-04	8.842120e-01
4.310000e-05	-7.317782e-04	6.971858e-01
4.311000e-05	-2.210030e-03	5.272910e-01
4.312000e-05	-1.828952e-03	3.683174e-01
4.313000e-05	-3.112171e-03	1.568196e-01
4.314000e-05	-2.393800e-03	-4.275408e-02
4.315000e-05	2.391609e-03	-2.105286e-01
4.316000e-05	-2.280682e-03	-3.690197e-01
4.317000e-05	-9.046643e-04	-5.354146e-01
4.318000e-05	-5.044009e-03	-7.274197e-01
4.319000e-05	-3.405521e-03	-8.952394e-01
4.320000e-05	-4.346808e-03	-1.012634e+00
4.321000e-05	-1.561113e-03	-1.231655e+00
4.322000e-05	3.662609e-02	-1.462123e+00
4.323000e-05	5.647311e-02	-1.621651e+00
4.324000e-05	-5.253029e-02	-1.863835e+00
4.325000e-05	-4.514780e-02	-2.095487e+00
4.326000e-05	-8.710919e-02	-2.388521e+00
4.327000e-05	-1.013198e-02	-2.473763e+00
4.328000e-05	1.312707e-01	-2.576492e+00
4.329000e-05	-1.220252e-01	-2.766992e+00
4.330000e-05	-3.869307e-03	-2.938944e+00
4.331000e-05	1.280336e-01	-3.056434e+00
4.332000e-05	-8.403480e-02	-3.294812e+00
4.333000e-05	2.127882e-02	-3.496315e+00
4.334000e-05	-3.156648e-02	-3.598629e+00
4.335000e-05	-1.280564e-01	-3.840735e+00
4.336000e-05	1.340294e-01	-3.990629e+00
4.337000e-05	-6.934841e-03	-4.149048e+00
4.338000e-05	-6.301173e-02	-4.328945e+00
4.339000e-05	4.071294e-02	-4.431784e+00
4.340000e-05	-7.847683e-02	-4.665407e+00
4.341000e-05	7.876005e-02	-4.885839e+00
4.342000e-05	-6.586003e-02	-5.030654e+00
4.343000e-05	-7.821855e-02	-5.181550e+00
4.344000e-05	1.111951e-01	-5.371697e+00
4.345000e-05	-4.031606e-02	-5.600652e+00
4.346000e-05	-5.816748e-03	-5.748001e+00
4.347000e-05	-7.106677e-02	-5.905911e+00
4.348000e-05	4.644915e-03	-6.021733e+00
4.349000e-05	6.137624e-02	-6.210228e+00
4.350000e-05	-1.062535e-01	-6.380125e+00
4.351000e-05	3.702057e-02	-6.507447e+00
4.352000e-05	-1.739549e-02	-6.643784e+00
4.353000e-05	6.057893e-03	-6.790153e+00
4.354000e-05	-1.490346e-02	-6.930091e+00
4.355000e-05	-8.415120e-02	-7.065969e+00
4.356000e-05	5.796247e-02	-7.243833e+00
4.357000e-05	-3.799164e-02	-7.350602e+00
4.358000e-05	1.598765e-03	-7.474918e+00
4.359000e-05	-3.358785e-02	-7.601338e+00
4.360000e-05	-1.001886e-02	-7.803738e+00
4.361000e-05	1.614820e-02	-7.948524e+00
4.362000e-05	-6.337126e-02	-8.085864e+00
4.363000e-05	-8.547976e-04	-8.169678e+00
4.364000e-05	-2.629621e-02	-8.314862e+00
4.365000e-05	1.586204e-02	-8.379124e+00
4.366000e-05	-2.677584e-02	-8.452890e+00
4.367000e-05	-3.337740e-02	-8.631338e+00
4.368000e-05	1.375773e-03	-8.707999e+00
4.369000e-05	-2.211109e-02	-8.831235e+00
4.370000e-05	-1.537121e-02	-8.905922e+00
4.371000e-05	-4.319621e-02	-9.012151e+00
4.372000e-05	-2.100394e-03	-9.086415e+00
4.373000e-05	-9.272500e-03	-9.129001e+00
4.374000e-05	-2.231183e-02	-9.251283e+00
4.375000e-05	-2.734873e-02	-9.306466e+00
4.376000e-05	-1.803131e-02	-9.382360e+00
4.377000e-05	-7.926228e-03	-9.488496e+00
4.378000e-05	-3.189775e-02	-9.549598e+00
4.379000e-05	-2.926187e-02	-9.641713e+00
4.380000e-05	-1.700022e-02	-9.695467e+00
4.381000e-05	-7.947613e-03	-9.747550e+00
4.382000e-05	-2.704071e-02	-9.780150e+00
4.383000e-05	-2.962518e-02	-9.852788e+00
4.384000e-05	-2.040360e-02	-9.876970e+00
4.385000e-05	-1.532305e-02	-9.929444e+00
4.386000e-05	-2.842197e-02	-9.978998e+00
4.387000e-05	-3.149748e-02	-1.000065e+01
4.388000e-05	-1.940718e-02	-1.005226e+01
4.389000e-05	-1.595376e-02	-1.004489e+01
4.390000e-05	-2.670294e-02	-1.007596e+01
4.391000e-05	-3.410481e-02	-1.010505e+01
4.392000e-05	-2.327408e-02	-1.013025e+01
4.393000e-05	-2.082390e-02	-1.017726e+01
4.394000e-05	-2.716089e-02	-1.018278e+01
4.395000e-05	-3.346168e-02	-1.020985e+01
4.396000e-05	-2.696375e-02	-1.017076e+01
4.397000e-05	-2.288338e-02	-1.021534e+01
4.398000e-05	-3.164967e-02	-1.022328e+01
4.399000e-05	-3.439451e-02	-1.017228e+01
4.400000e-05	-2.971920e-02	-1.016979e+01
4.401000e-05	-2.507074e-02	-1.015068e+01
4.402000e-05	-3.228738e-02	-1.013850e+01
4.403000e-05	-3.849936e-02	-1.012800e+01
4.404000e-05	-3.472029e-02	-1.008537e+01
4.405000e-05	-2.976452e-02	-1.004437e+01
4.406000e-05	-3.419069e-02	-1.006166e+01
4.407000e-05	-3.866497e-02	-1.000053e+01
4.408000e-05	-3.639705e-02	-9.978546e+00
4.409000e-05	-3.121887e-02	-9.947549e+00
4.410000e-05	-3.666645e-02	-9.907342e+00
4.411000e-05	-4.254788e-02	-9.843337e+00
4.412000e-05	-4.214466e-02	-9.811129e+00
4.413000e-05	-3.477120e-02	-9.748075e+00
4.414000e-05	-3.754835e-02	-9.696893e+00
4.415000e-05	-4.305317e-02	-9.644288e+00
4.416000e-05	-4.298454e-02	-9.620152e+00
4.417000e-05	-4.025012e-02	-9.538097e+00
4.418000e-05	-4.141463e-02	-9.442815e+00
4.419000e-05	-4.726456e-02	-9.349530e+00
4.420000e-05	-4.656384e-02	-9.232237e+00
4.421000e-05	-4.166812e-02	-9.160155e+00
4.422000e-05	-4.485316e-02	-9.115892e+00
4.423000e-05	-4.887874e-02	-8.962629e+00
4.424000e-05	-5.039500e-02	-8.905926e+00
4.425000e-05	-4.621745e-02	-8.832188e+00
4.426000e-05	-4.654927e-02	-8.768999e+00
4.427000e-05	-5.152635e-02	-8.622287e+00
4.428000e-05	-5.130062e-02	-8.517350e+00
4.429000e-05	-4.755463e-02	-8.410654e+00
4.430000e-05	-4.802839e-02	-8.297343e+00
4.431000e-05	-5.230714e-02	-8.192130e+00
4.432000e-05	-5.213489e-02	-8.104844e+00
4.433000e-05	-4.879241e-02	-8.011080e+00
4.434000e-05	-4.665324e-02	-7.824341e+00
4.435000e-05	-5.050471e-02	-7.686941e+00
4.436000e-05	-5.070063e-02	-7.569553e+00
4.437000e-05	-4.724390e-02	-7.453159e+00
4.438000e-05	-4.486277e-02	-7.306342e+00
4.439000e-05	-4.712936e-02	-7.178527e+00
4.440000e-05	-4.764061e-02	-6.983157e+00
4.441000e-05	-4.355917e-02	-6.864136e+00
4.442000e-05	-4.051213e-02	-6.736392e+00
4.443000e-05	-4.218429e-02	-6.581075e+00
4.444000e-05	-4.216366e-02	-6.444688e+00
4.445000e-05	-3.955064e-02	-6.295894e+00
4.446000e-05	-3.601424e-02	-6.149501e+00
4.447000e-05	-3.768012e-02	-5.958546e+00
4.448000e-05	-3.795413e-02	-5.853182e+00
4.449000e-05	-3.574524e-02	-5.695789e+00
4.450000e-05	-3.021215e-02	-5.507344e+00
4.451000e-05	-3.184873e-02	-5.328976e+00
4.452000e-05	-3.149936e-02	-5.128896e+00
4.453000e-05	-3.017379e-02	-4.957948e+00
4.454000e-05	-2.561739e-02	-4.706930e+00
4.455000e-05	-2.727932e-02	-4.609596e+00
4.456000e-05	-2.606913e-02	-4.442683e+00
4.457000e-05	-2.577558e-02	-4.284688e+00
4.458000e-05	-2.106950e-02	-4.137416e+00
4.459000e-05	-2.138623e-02	-3.991007e+00
4.460000e-05	-2.154839e-02	-3.781528e+00
4.461000e-05	-2.159079e-02	-3.619975e+00
4.462000e-05	-1.629107e-02	-3.372630e+00
4.463000e-05	-1.747171e-02	-3.283712e+00
4.464000e-05	-1.776180e-02	-3.075136e+00
4.465000e-05	-1.716183e-02	-2.874738e+00
4.466000e-05	-1.369350e-02	-2.716317e+00
4.467000e-05	-1.411578e-02	-2.496842e+00
4.468000e-05	-1.354657e-02	-2.348899e+00
4.469000e-05	-1.186004e-02	-2.116924e+00
4.470000e-05	-9.862156e-03	-1.967471e+00
4.471000e-05	-8.921343e-03	-1.778950e+00
4.472000e-05	-9.888797e-03	-1.603054e+00
4.473000e-05	-1.084619e-02	-1.379956e+00
4.474000e-05	-9.926294e-03	-1.178397e+00
4.475000e-05	-6.971052e-03	-9.888711e-01
4.476000e-05	-7.585804e-03	-8.010526e-01
4.477000e-05	-5.638586e-03	-5.999276e-01
4.478000e-05	-4.572259e-03	-3.999778e-01
4.479000e-05	-3.519716e-03	-2.130538e-01
4.480000e-05	-2.085370e-03	-5.468545e-02
4.481000e-05	2.363678e-03	1.258872e-01
4.482000e-05	-2.501786e-03	3.288622e-01
4.483000e-05	9.832466e-04	5.033118e-01
4.484000e-05	-1.835795e-03	6.632791e-01
4.485000e-05	7.815353e-04	8.000488e-01
4.486000e-05	-9.923369e-04	1.051101e+00
4.487000e-05	4.135176e-03	1.209528e+00
4.488000e-05	1.424618e-02	1.390050e+00
4.489000e-05	5.983283e-02	1.682109e+00
4.490000e-05	1.514547e-02	1.904838e+00
4.491000e-05	-4.323300e-02	2.063763e+00
4.492000e-05	-4.373930e-02	2.252133e+00
4.493000e-05	-5.144653e-02	2.388946e+00
4.494000e-05	-3.832003e-03	2.455334e+00
4.495000e-05	1.095966e-01	2.683809e+00
4.496000e-05	-8.343896e-02	2.895232e+00
4.497000e-05	7.004415e-03	3.001001e+00
4.498000e-05	1.035596e-01	3.179550e+00
4.499000e-05	-3.070477e-02	3.461631e+00
4.500000e-05	1.001281e-02	3.569524e+00
4.501000e-05	-2.854730e-02	3.745871e+00
4.502000e-05	-5.187806e-02	3.934865e+00
4.503000e-05	9.025892e-02	4.012233e+00
4.504000e-05	1.301325e-02	4.333812e+00
4.505000e-05	-3.321418e-02	4.461758e+00
4.506000e-05	2.550296e-02	4.653207e+00
4.507000e-05	-1.726106e-02	4.810078e+00
4.508000e-05	4.509807e-02	4.991653e+00
4.509000e-05	-2.947143e-02	5.252134e+00
4.510000e-05	-1.564512e-02	5.390176e+00
4.511000e-05	4.336464e-02	5.516972e+00
4.512000e-05	3.346042e-02	5.693364e+00
4.513000e-05	-5.165359e-03	5.924912e+00
4.514000e-05	-3.709444e-02	6.022682e+00
4.515000e-05	3.333552e-02	6.210053e+00
4.516000e-05	2.647101e-02	6.316867e+00
4.517000e-05	-1.411399e-02	6.442729e+00
4.518000e-05	1.373049e-02	6.643759e+00
4.519000e-05	1.108427e-02	6.821077e+00
4.520000e-05	2.340445e-02	6.927468e+00
4.521000e-05	4.118170e-03	7.021838e+00
4.522000e-05	-1.402399e-02	7.170099e+00
4.523000e-05	2.092010e-02	7.304967e+00
4.524000e-05	1.563647e-02	7.504866e+00
4.525000e-05	1.724926e-02	7.623236e+00
4.526000e-05	-4.099352e-03	7.759051e+00
4.527000e-05	1.638047e-02	7.894846e+00
4.528000e-05	1.948913e-02	8.052263e+00
4.529000e-05	1.482703e-03	8.150552e+00
4.530000e-05	9.005314e-03	8.293413e+00
4.531000e-05	7.555132e-03	8.388528e+00
4.532000e-05	2.550550e-02	8.473257e+00
4.533000e-05	9.558428e-03	8.537448e+00
4.534000e-05	8.632826e-03	8.644235e+00
4.535000e-05	1.190625e-02	8.746971e+00
4.536000e-05	1.655973e-02	8.853186e+00
4.537000e-05	1.160752e-02	8.897571e+00
4.538000e-05	5.492248e-03	9.054830e+00
4.539000e-05	1.785482e-02	9.139051e+00
4.540000e-05	1.891858e-02	9.200229e+00
4.541000e-05	1.552957e-02	9.285390e+00
4.542000e-05	8.281749e-03	9.360001e+00
4.543000e-05	1.536612e-02	9.411312e+00
4.544000e-05	1.882199e-02	9.494891e+00
4.545000e-05	1.311157e-02	9.539474e+00
4.546000e-05	1.125184e-02	9.591329e+00
4.547000e-05	1.772015e-02	9.675969e+00
4.548000e-05	2.281422e-02	9.757127e+00
4.549000e-05	1.501819e-02	9.781286e+00
4.550000e-05	1.341692e-02	9.855369e+00
4.551000e-05	1.603793e-02	9.928500e+00
4.552000e-05	2.098455e-02	9.959577e+00
4.553000e-05	1.612229e-02	1.001011e+01
4.554000e-05	1.521760e-02	1.003318e+01
4.555000e-05	2.013843e-02	1.007331e+01
4.556000e-05	2.270844e-02	1.008386e+01
4.557000e-05	1.849868e-02	1.010642e+01
4.558000e-05	1.577698e-02	1.011699e+01
4.559000e-05	2.025328e-02	1.012797e+01
4.560000e-05	2.410407e-02	1.014860e+01
4.561000e-05	2.255262e-02	1.014900e+01
4.562000e-05	1.802746e-02	1.017860e+01
4.563000e-05	2.231463e-02	1.019005e+01
4.564000e-05	2.506653e-02	1.019910e+01
4.565000e-05	2.306830e-02	1.011947e+01
4.566000e-05	2.010712e-02	1.018960e+01
4.567000e-05	2.383414e-02	1.011902e+01
4.568000e-05	2.889637e-02	1.009905e+01
4.569000e-05	2.729182e-02	1.014590e+01
4.570000e-05	2.462865e-02	1.010687e+01
4.571000e-05	2.593277e-02	1.008281e+01
4.572000e-05	3.025129e-02	1.005219e+01
4.573000e-05	2.911238e-02	1.006116e+01
4.574000e-05	2.794530e-02	9.960079e+00
4.575000e-05	2.899331e-02	9.908021e+00
4.576000e-05	3.262019e-02	9.865443e+00
4.577000e-05	3.242773e-02	9.782163e+00
4.578000e-05	2.968157e-02	9.729029e+00
4.579000e-05	3.098069e-02	9.683965e+00
4.580000e-05	3.483985e-02	9.662635e+00
4.581000e-05	3.531358e-02	9.578577e+00
4.582000e-05	3.368631e-02	9.495921e+00
4.583000e-05	3.453614e-02	9.404261e+00
4.584000e-05	3.762206e-02	9.370106e+00
4.585000e-05	3.796755e-02	9.306768e+00
4.586000e-05	3.678018e-02	9.252160e+00
4.587000e-05	3.815147e-02	9.140551e+00
4.588000e-05	4.034904e-02	9.064917e+00
4.589000e-05	4.174872e-02	8.930605e+00
4.590000e-05	3.987567e-02	8.833286e+00
4.591000e-05	4.160142e-02	8.738048e+00
4.592000e-05	4.239408e-02	8.686845e+00
4.593000e-05	4.294688e-02	8.561078e+00
4.594000e-05	4.094763e-02	8.504844e+00
4.595000e-05	4.085435e-02	8.400106e+00
4.596000e-05	4.263688e-02	8.235371e+00
4.597000e-05	4.447958e-02	8.179506e+00
4.598000e-05	4.452116e-02	8.073687e+00
4.599000e-05	4.263035e-02	7.928396e+00
4.600000e-05	4.440488e-02	7.800603e+00
4.601000e-05	4.113756e-02	7.654888e+00
4.602000e-05	3.954737e-02	7.558992e+00
4.603000e-05	3.686952e-02	7.401059e+00
4.604000e-05	3.833758e-02	7.223083e+00
4.605000e-05	3.882206e-02	7.137944e+00
4.606000e-05	3.960854e-02	6.978998e+00
4.607000e-05	3.848828e-02	6.822688e+00
4.608000e-05	3.837262e-02	6.696867e+00
4.609000e-05	3.560104e-02	6.529023e+00
4.610000e-05	3.259540e-02	6.400027e+00
4.611000e-05	2.974937e-02	6.243159e+00
4.612000e-05	2.845222e-02	6.117295e+00
4.613000e-05	2.824391e-02	6.018975e+00
4.614000e-05	2.742843e-02	5.842605e+00
4.615000e-05	2.745845e-02	5.653082e+00
4.616000e-05	2.792123e-02	5.504714e+00
4.617000e-05	2.702413e-02	5.346392e+00
4.618000e-05	2.308945e-02	5.158819e+00
4.619000e-05	1.902918e-02	4.936318e+00
4.620000e-05	1.743607e-02	4.776421e+00
4.621000e-05	1.792680e-02	4.578946e+00
4.622000e-05	1.681998e-02	4.429603e+00
4.623000e-05	1.529293e-02	4.264137e+00
4.624000e-05	1.668444e-02	4.041657e+00
4.625000e-05	1.682688e-02	3.884691e+00
4.626000e-05	1.408855e-02	3.726792e+00
4.627000e-05	1.067878e-02	3.578422e+00
4.628000e-05	8.348561e-03	3.350349e+00
4.629000e-05	8.961276e-03	3.169949e+00
4.630000e-05	7.465936e-03	3.031450e+00
4.631000e-05	6.428293e-03	2.852682e+00
4.632000e-05	6.558775e-03	2.682634e+00
4.633000e-05	6.561476e-03	2.432158e+00
4.634000e-05	5.417388e-03	2.282659e+00
4.635000e-05	3.213457e-03	2.093642e+00
4.636000e-05	1.763778e-03	1.937320e+00
4.637000e-05	2.554385e-03	1.676193e+00
4.638000e-05	1.118695e-03	1.496813e+00
4.639000e-05	3.346463e-04	1.328293e+00
4.640000e-05	-1.699318e-03	1.166316e+00
4.641000e-05	-1.828247e-04	9.062908e-01
4.642000e-05	-6.919946e-05	7.067896e-01
4.643000e-05	-1.669843e-03	5.278159e-01
4.644000e-05	-2.761399e-03	3.878760e-01
4.645000e-05	-2.644243e-03	1.499009e-01
4.646000e-05	-1.738913e-03	-3.063033e-02
4.647000e-05	2.229209e-03	-1.685476e-01
4.648000e-05	-2.868161e-03	-3.568673e-01
4.649000e-05	-1.558330e-03	-5.254409e-01
4.650000e-05	-4.834058e-03	-7.664208e-01
4.651000e-05	-1.549401e-03	-8.737842e-01
4.652000e-05	-5.957180e-03	-1.023610e+00
4.653000e-05	-1.417090e-03	-1.201178e+00
4.654000e-05	3.168797e-02	-1.412630e+00
4.655000e-05	6.307391e-02	-1.631181e+00
4.656000e-05	-5.076881e-02	-1.832784e+00
4.657000e-05	-4.479384e-02	-2.083916e+00
4.658000e-05	-8.505362e-02	-2.377922e+00
4.659000e-05	-2.136768e-02	-2.470737e+00
4.660000e-05	1.347718e-01	-2.538471e+00
4.661000e-05	-1.089633e-01	-2.746441e+00
4.662000e-05	-2.428106e-02	-2.917845e+00
4.663000e-05	1.373411e-01	-3.072938e+00
4.664000e-05	-7.804125e-02	-3.244837e+00
4.665000e-05	1.104223e-02	-3.505314e+00
4.666000e-05	-1.929536e-02	-3.630551e+00
4.667000e-05	-1.353027e-01	-3.840733e+00
4.668000e-05	1.257672e-01	-3.992099e+00
4.669000e-05	8.689604e-03	-4.179025e+00
4.670000e-05	-7.126649e-02	-4.358421e+00
4.671000e-05	4.414504e-02	-4.442337e+00
4.672000e-05	-7.651495e-02	-4.693440e+00
4.673000e-05	7.094764e-02	-4.892862e+00
4.674000e-05	-5.273709e-02	-4.990103e+00
4.675000e-05	-9.298560e-02	-5.179173e+00
4.676000e-05	1.134747e-01	-5.328626e+00
4.677000e-05	-3.380178e-02	-5.588676e+00
4.678000e-05	-9.010125e-03	-5.779021e+00
4.679000e-05	-6.415505e-02	-5.905334e+00
4.680000e-05	-4.816025e-03	-6.021279e+00
4.681000e-05	6.841345e-02	-6.140202e+00
4.682000e-05	-1.071525e-01	-6.380124e+00
4.683000e-05	2.925787e-02	-6.497516e+00
4.684000e-05	-9.410435e-03	-6.633712e+00
4.685000e-05	1.549542e-03	-6.810203e+00
4.686000e-05	-5.818721e-03	-6.896460e+00
4.687000e-05	-8.951710e-02	-7.135446e+00
4.688000e-05	5.705156e-02	-7.223254e+00
4.689000e-05	-3.370667e-02	-7.388553e+00
4.690000e-05	-4.360478e-03	-7.506541e+00
4.691000e-05	-2.929915e-02	-7.644409e+00
4.692000e-05	-1.334937e-02	-7.802283e+00
4.693000e-05	2.321232e-02	-7.928599e+00
4.694000e-05	-6.409527e-02	-8.064292e+00
4.695000e-05	-2.334348e-03	-8.159627e+00
4.696000e-05	-2.728968e-02	-8.274368e+00
4.697000e-05	1.204174e-02	-8.400099e+00
4.698000e-05	-2.512991e-02	-8.475365e+00
4.699000e-05	-3.663169e-02	-8.643838e+00
4.700000e-05	2.495122e-03	-8.739475e+00
4.701000e-05	-1.935332e-02	-8.843784e+00
4.702000e-05	-1.351833e-02	-8.905893e+00
4.703000e-05	-4.285034e-02	-9.000706e+00
4.704000e-05	-4.490646e-03	-9.075389e+00
4.705000e-05	-7.595980e-03	-9.158126e+00
4.706000e-05	-2.524660e-02	-9.212310e+00
4.707000e-05	-2.918630e-02	-9.306564e+00
4.708000e-05	-1.861809e-02	-9.390789e+00
4.709000e-05	-5.439751e-03	-9.476974e+00
4.710000e-05	-2.860281e-02	-9.560553e+00
4.711000e-05	-2.968460e-02	-9.622810e+00
4.712000e-05	-1.786585e-02	-9.675917e+00
4.713000e-05	-7.808965e-03	-9.779075e+00
4.714000e-05	-2.574445e-02	-9.780625e+00
4.715000e-05	-3.238840e-02	-9.832863e+00
4.716000e-05	-2.093127e-02	-9.894918e+00
4.717000e-05	-1.348844e-02	-9.916972e+00
4.718000e-05	-2.514562e-02	-9.990000e+00
4.719000e-05	-3.336001e-02	-9.970054e+00
4.720000e-05	-2.114698e-02	-1.000174e+01
4.721000e-05	-1.573002e-02	-1.006389e+01
4.722000e-05	-2.512295e-02	-1.010637e+01
4.723000e-05	-3.602707e-02	-1.011567e+01
4.724000e-05	-2.458158e-02	-1.008865e+01
4.725000e-05	-1.948777e-02	-1.013191e+01
4.726000e-05	-2.523369e-02	-1.017273e+01
4.727000e-05	-3.451805e-02	-1.019136e+01
4.728000e-05	-2.841112e-02	-1.015236e+01
4.729000e-05	-2.207076e-02	-1.022176e+01
4.730000e-05	-2.845900e-02	-1.019281e+01
4.731000e-05	-3.549443e-02	-1.017381e+01
4.732000e-05	-3.170090e-02	-1.015121e+01
4.733000e-05	-2.465765e-02	-1.014978e+01
4.734000e-05	-2.904346e-02	-1.017715e+01
4.735000e-05	-3.832634e-02	-1.010792e+01
4.736000e-05	-3.506046e-02	-1.010454e+01
4.737000e-05	-3.019977e-02	-1.006644e+01
4.738000e-05	-3.293026e-02	-1.006271e+01
4.739000e-05	-3.985773e-02	-1.004060e+01
4.740000e-05	-3.695107e-02	-9.959075e+00
4.741000e-05	-3.266136e-02	-9.968549e+00
4.742000e-05	-3.520241e-02	-9.895915e+00
4.743000e-05	-4.115689e-02	-9.833237e+00
4.744000e-05	-4.127618e-02	-9.801184e+00
4.745000e-05	-3.618805e-02	-9.759099e+00
4.746000e-05	-3.703128e-02	-9.675867e+00
4.747000e-05	-4.236217e-02	-9.643184e+00
4.748000e-05	-4.364241e-02	-9.560102e+00
4.749000e-05	-4.101416e-02	-9.498049e+00
4.750000e-05	-4.047916e-02	-9.455439e+00
4.751000e-05	-4.584085e-02	-9.338624e+00
4.752000e-05	-4.675262e-02	-9.260813e+00
4.753000e-05	-4.442585e-02	-9.169129e+00
4.754000e-05	-4.424353e-02	-9.127971e+00
4.755000e-05	-4.745834e-02	-9.012634e+00
4.756000e-05	-4.978382e-02	-8.947996e+00
4.757000e-05	-4.780842e-02	-8.862341e+00
4.758000e-05	-4.723880e-02	-8.768999e+00
4.759000e-05	-4.940610e-02	-8.624832e+00
4.760000e-05	-5.142887e-02	-8.478376e+00
4.761000e-05	-4.978038e-02	-8.440679e+00
4.762000e-05	-4.782306e-02	-8.345891e+00
4.763000e-05	-5.053149e-02	-8.201655e+00
4.764000e-05	-5.169997e-02	-8.126390e+00
4.765000e-05	-5.053863e-02	-8.032108e+00
4.766000e-05	-4.693389e-02	-7.874838e+00
4.767000e-05	-4.935400e-02	-7.696897e+00
4.768000e-05	-5.059307e-02	-7.589546e+00
4.769000e-05	-4.724625e-02	-7.412213e+00
4.770000e-05	-4.577345e-02	-7.305894e+00
4.771000e-05	-4.543140e-02	-7.179075e+00
4.772000e-05	-4.641020e-02	-7.014234e+00
4.773000e-05	-4.483892e-02	-6.853312e+00
4.774000e-05	-4.234563e-02	-6.727845e+00
4.775000e-05	-4.159724e-02	-6.570529e+00
4.776000e-05	-4.220078e-02	-6.453662e+00
4.777000e-05	-3.990705e-02	-6.308419e+00
4.778000e-05	-3.681428e-02	-6.147949e+00
4.779000e-05	-3.710170e-02	-6.010029e+00
4.780000e-05	-3.658062e-02	-5.842758e+00
4.781000e-05	-3.479960e-02	-5.705837e+00
4.782000e-05	-3.196310e-02	-5.538943e+00
4.783000e-05	-3.085272e-02	-5.307949e+00
4.784000e-05	-3.055938e-02	-5.139495e+00
4.785000e-05	-3.010709e-02	-4.970495e+00
4.786000e-05	-2.726485e-02	-4.741127e+00
4.787000e-05	-2.756678e-02	-4.601045e+00
4.788000e-05	-2.471673e-02	-4.421684e+00
4.789000e-05	-2.585906e-02	-4.306266e+00
4.790000e-05	-2.231768e-02	-4.147493e+00
4.791000e-05	-2.292151e-02	-4.000503e+00
4.792000e-05	-2.027932e-02	-3.811054e+00
4.793000e-05	-1.985583e-02	-3.610577e+00
4.794000e-05	-1.754859e-02	-3.432607e+00
4.795000e-05	-1.878433e-02	-3.224162e+00
4.796000e-05	-1.614575e-02	-3.105243e+00
4.797000e-05	-1.648955e-02	-2.894686e+00
4.798000e-05	-1.510389e-02	-2.726316e+00
4.799000e-05	-1.544345e-02	-2.546942e+00
4.800000e-05	-1.221913e-02	-2.368394e+00
4.801000e-05	-1.136503e-02	-2.160347e+00
4.802000e-05	-9.880375e-03	-1.977395e+00
4.803000e-05	-9.858251e-03	-1.830001e+00
4.804000e-05	-9.259911e-03	-1.612579e+00
4.805000e-05	-1.006685e-02	-1.420048e+00
4.806000e-05	-9.510661e-03	-1.159422e+00
4.807000e-05	-8.421772e-03	-9.808976e-01
4.808000e-05	-7.966791e-03	-8.205025e-01
4.809000e-05	-6.084024e-03	-6.330802e-01
4.810000e-05	-4.407663e-03	-4.309749e-01
4.811000e-05	-4.011299e-03	-2.616042e-01
4.812000e-05	-2.013056e-03	-4.411058e-02
4.813000e-05	2.570976e-03	9.431291e-02
4.814000e-05	-1.245399e-03	3.548446e-01
4.815000e-05	-3.630491e-04	4.627867e-01
4.816000e-05	-1.751477e-03	6.742290e-01
4.817000e-05	1.374379e-03	8.000499e-01
4.818000e-05	1.284239e-03	1.029599e+00
4.819000e-05	3.066129e-03	1.200001e+00
4.820000e-05	1.226139e-02	1.419004e+00
4.821000e-05	5.822171e-02	1.629528e+00
4.822000e-05	2.244205e-02	1.894789e+00
4.823000e-05	-4.405042e-02	2.092760e+00
4.824000e-05	-4.379543e-02	2.231105e+00
4.825000e-05	-5.047309e-02	2.389549e+00
4.826000e-05	-8.656669e-03	2.452736e+00
4.827000e-05	1.095582e-01	2.682264e+00
4.828000e-05	-7.382012e-02	2.873212e+00
4.829000e-05	-8.129922e-03	3.001026e+00
4.830000e-05	1.109809e-01	3.188022e+00
4.831000e-05	-2.796764e-02	3.358656e+00
4.832000e-05	5.818015e-03	3.568499e+00
4.833000e-05	-2.153539e-02	3.694864e+00
4.834000e-05	-5.681792e-02	3.927892e+00
4.835000e-05	8.547789e-02	4.002257e+00
4.836000e-05	2.006282e-02	4.284791e+00
4.837000e-05	-3.830015e-02	4.452707e+00
4.838000e-05	2.788069e-02	4.642656e+00
4.839000e-05	-1.852709e-02	4.799553e+00
4.840000e-05	4.518003e-02	4.981046e+00
4.841000e-05	-2.472224e-02	5.221202e+00
4.842000e-05	-1.884048e-02	5.411051e+00
4.843000e-05	4.246970e-02	5.547472e+00
4.844000e-05	3.261615e-02	5.653387e+00
4.845000e-05	-3.575270e-03	5.884390e+00
4.846000e-05	-3.813779e-02	6.003157e+00
4.847000e-05	3.025368e-02	6.189577e+00
4.848000e-05	3.130244e-02	6.305395e+00
4.849000e-05	-1.343075e-02	6.422680e+00
4.850000e-05	1.321384e-02	6.681208e+00
4.851000e-05	1.184829e-02	6.781178e+00
4.852000e-05	2.233845e-02	6.916896e+00
4.853000e-05	4.918450e-03	7.022807e+00
4.854000e-05	-1.695888e-02	7.159076e+00
4.855000e-05	2.084509e-02	7.284889e+00
4.856000e-05	1.464658e-02	7.466318e+00
4.857000e-05	1.881525e-02	7.662203e+00
4.858000e-05	-3.282597e-03	7.779499e+00
4.859000e-05	1.637899e-02	7.875288e+00
4.860000e-05	2.024882e-02	8.052214e+00
4.861000e-05	1.681987e-03	8.170100e+00
4.862000e-05	7.263848e-03	8.323840e+00
4.863000e-05	6.988680e-03	8.370128e+00
4.864000e-05	2.477080e-02	8.453761e+00
4.865000e-05	1.037142e-02	8.547048e+00
4.866000e-05	8.761861e-03	8.663735e+00
4.867000e-05	1.287727e-02	8.727946e+00
4.868000e-05	1.790459e-02	8.800134e+00
4.869000e-05	1.217983e-02	8.944938e+00
4.870000e-05	4.003197e-03	9.022783e+00
4.871000e-05	1.666829e-02	9.128447e+00
4.872000e-05	1.923487e-02	9.211183e+00
4.873000e-05	1.589013e-02	9.282316e+00
4.874000e-05	9.177630e-03	9.347477e+00
4.875000e-05	1.524090e-02	9.441809e+00
4.876000e-05	1.937671e-02	9.475415e+00
4.877000e-05	1.417593e-02	9.548998e+00
4.878000e-05	1.060641e-02	9.591083e+00
4.879000e-05	1.690989e-02	9.663841e+00
4.880000e-05	2.260894e-02	9.759679e+00
4.881000e-05	1.579223e-02	9.801233e+00
4.882000e-05	1.223789e-02	9.875868e+00
4.883000e-05	1.501669e-02	9.937465e+00
4.884000e-05	2.243419e-02	9.969549e+00
4.885000e-05	1.776348e-02	1.002005e+01
4.886000e-05	1.463915e-02	1.001118e+01
4.887000e-05	1.887871e-02	1.007383e+01
4.888000e-05	2.340416e-02	1.006339e+01
4.889000e-05	1.912537e-02	1.010697e+01
4.890000e-05	1.508249e-02	1.013747e+01
4.891000e-05	1.950026e-02	1.009887e+01
4.892000e-05	2.368630e-02	1.014902e+01
4.893000e-05	2.367637e-02	1.014798e+01
4.894000e-05	1.806412e-02	1.014915e+01
4.895000e-05	2.107461e-02	1.016863e+01
4.896000e-05	2.338522e-02	1.013908e+01
4.897000e-05	2.427733e-02	1.016860e+01
4.898000e-05	2.085439e-02	1.015047e+01
4.899000e-05	2.283291e-02	1.012795e+01
4.900000e-05	2.822930e-02	1.014700e+01
4.901000e-05	2.801064e-02	1.012537e+01
4.902000e-05	2.502432e-02	1.009481e+01
4.903000e-05	2.520341e-02	1.006476e+01
4.904000e-05	2.966421e-02	1.005321e+01
4.905000e-05	3.108911e-02	1.003008e+01
4.906000e-05	2.814302e-02	9.989579e+00
4.907000e-05	2.777758e-02	9.938524e+00
4.908000e-05	3.214068e-02	9.895494e+00
4.909000e-05	3.343205e-02	9.822736e+00
4.910000e-05	3.012624e-02	9.720555e+00
4.911000e-05	3.004750e-02	9.653792e+00
4.912000e-05	3.381212e-02	9.642707e+00
4.913000e-05	3.614981e-02	9.569578e+00
4.914000e-05	3.461080e-02	9.496348e+00
4.915000e-05	3.390292e-02	9.443265e+00
4.916000e-05	3.708835e-02	9.378554e+00
4.917000e-05	3.963967e-02	9.285943e+00
4.918000e-05	3.636134e-02	9.232138e+00
4.919000e-05	3.726851e-02	9.159048e+00
4.920000e-05	3.874573e-02	9.054843e+00
4.921000e-05	4.157089e-02	8.970032e+00
4.922000e-05	4.080945e-02	8.842739e+00
4.923000e-05	4.112801e-02	8.769076e+00
4.924000e-05	4.244202e-02	8.664815e+00
4.925000e-05	4.343150e-02	8.589107e+00
4.926000e-05	4.283554e-02	8.515817e+00
4.927000e-05	4.188181e-02	8.409631e+00
4.928000e-05	4.184891e-02	8.275467e+00
4.929000e-05	4.372290e-02	8.170004e+00
4.930000e-05	4.351733e-02	8.052759e+00
4.931000e-05	4.270255e-02	7.917894e+00
4.932000e-05	4.188376e-02	7.829156e+00
4.933000e-05	4.271895e-02	7.685313e+00
4.934000e-05	4.194608e-02	7.558447e+00
4.935000e-05	3.997420e-02	7.393133e+00
4.936000e-05	3.886937e-02	7.272187e+00
4.937000e-05	3.897819e-02	7.107367e+00
4.938000e-05	3.916309e-02	6.980028e+00
4.939000e-05	3.701926e-02	6.832682e+00
4.940000e-05	3.491206e-02	6.737441e+00
4.941000e-05	3.407714e-02	6.536497e+00
4.942000e-05	3.384110e-02	6.400029e+00
4.943000e-05	3.274244e-02	6.263211e+00
4.944000e-05	2.955251e-02	6.107898e+00
4.945000e-05	2.899036e-02	5.989528e+00
4.946000e-05	2.804552e-02	5.824085e+00
4.947000e-05	2.712293e-02	5.652659e+00
4.948000e-05	2.479029e-02	5.516743e+00
4.949000e-05	2.417714e-02	5.337367e+00
4.950000e-05	2.378456e-02	5.138374e+00
4.951000e-05	2.155071e-02	4.916891e+00
4.952000e-05	1.901929e-02	4.746893e+00
4.953000e-05	1.849236e-02	4.589001e+00
4.954000e-05	1.795218e-02	4.431133e+00
4.955000e-05	1.596689e-02	4.304166e+00
4.956000e-05	1.525074e-02	4.053138e+00
4.957000e-05	1.337980e-02	3.905189e+00
4.958000e-05	1.352699e-02	3.728868e+00
4.959000e-05	1.171019e-02	3.609469e+00
4.960000e-05	9.525733e-03	3.370428e+00
4.961000e-05	9.404660e-03	3.188922e+00
4.962000e-05	9.119765e-03	3.021057e+00
4.963000e-05	8.115234e-03	2.883135e+00
4.964000e-05	5.072708e-03	2.696163e+00
4.965000e-05	5.033575e-03	2.451559e+00
4.966000e-05	4.968159e-03	2.235712e+00
4.967000e-05	4.375929e-03	2.084738e+00
4.968000e-05	2.541528e-03	1.936893e+00
4.969000e-05	1.944111e-03	1.736295e+00
4.970000e-05	1.398257e-03	1.567291e+00
4.971000e-05	1.588632e-03	1.359369e+00
4.972000e-05	4.542374e-05	1.178318e+00
4.973000e-05	-1.283503e-03	9.266911e-01
4.974000e-05	-1.495366e-03	7.372171e-01
4.975000e-05	-8.554507e-04	5.668171e-01
4.976000e-05	-2.323695e-03	4.103702e-01
4.977000e-05	-3.239335e-03	1.613199e-01
4.978000e-05	-1.563802e-03	-1.628888e-03
4.979000e-05	3.012976e-03	-1.674974e-01
4.980000e-05	-1.263414e-03	-3.364459e-01
4.981000e-05	-2.533388e-03	-4.643357e-01
4.982000e-05	-5.388948e-03	-7.283407e-01
4.983000e-05	-2.840720e-03	-8.933105e-01
4.984000e-05	-5.374090e-03	-9.916776e-01
4.985000e-05	-2.027783e-03	-1.191654e+00
4.986000e-05	2.735750e-02	-1.389575e+00
4.987000e-05	6.794578e-02	-1.600625e+00
4.988000e-05	-4.743929e-02	-1.832783e+00
4.989000e-05	-4.297872e-02	-2.075836e+00
4.990000e-05	-8.490437e-02	-2.346969e+00
4.991000e-05	-3.355486e-02	-2.454683e+00
4.992000e-05	1.379313e-01	-2.518899e+00
4.993000e-05	-9.321662e-02	-2.694466e+00
4.994000e-05	-4.484415e-02	-2.914941e+00
4.995000e-05	1.442589e-01	-3.093388e+00
4.996000e-05	-7.118013e-02	-3.254836e+00
4.997000e-05	4.048406e-03	-3.474261e+00
4.998000e-05	-7.449710e-03	-3.579102e+00
4.999000e-05	-1.427436e-01	-3.779726e+00
