# 261001_13:14:34.249663
t	CH1	CH2
0.000000e+00	-4.329131e-03	4.300091e-01
1.000000e-08	-3.720694e-03	8.422040e-02
2.000000e-08	2.278181e-03	-1.604922e-01
3.000000e-08	4.853056e-03	-3.910475e-01
4.000000e-08	-3.768660e-03	-6.867056e-01
5.000000e-08	-2.383988e-03	-9.699385e-01
6.000000e-08	-2.997028e-03	-1.182475e+00
7.000000e-08	-1.355278e-03	-1.569366e+00
8.000000e-08	2.469589e-04	-1.788417e+00
9.000000e-08	2.378136e-02	-1.979995e+00
1.000000e-07	9.858925e-02	-2.307128e+00
1.100000e-07	-4.346640e-02	-2.683523e+00
1.200000e-07	-4.535385e-02	-3.083519e+00
1.300000e-07	-4.610573e-02	-3.378312e+00
1.400000e-07	-9.974154e-03	-3.568793e+00
1.500000e-07	-6.753367e-02	-3.872921e+00
1.600000e-07	5.986603e-02	-4.032530e+00
1.700000e-07	4.651973e-02	-4.241446e+00
1.800000e-07	-9.438962e-02	-4.548206e+00
1.900000e-07	1.740110e-01	-4.779744e+00
2.000000e-07	-1.347255e-01	-5.106073e+00
2.100000e-07	3.945969e-02	-5.414345e+00
2.200000e-07	-2.972402e-02	-5.681103e+00
2.300000e-07	-5.247307e-02	-5.969666e+00
2.400000e-07	1.104469e-01	-6.208741e+00
2.500000e-07	-1.094439e-01	-6.495054e+00
2.600000e-07	9.603107e-02	-6.767192e+00
2.700000e-07	-3.583621e-02	-7.031395e+00
2.800000e-07	-2.000797e-02	-7.346633e+00
2.900000e-07	2.222718e-02	-7.590191e+00
3.000000e-07	-7.648113e-02	-7.896401e+00
3.100000e-07	9.764542e-02	-8.107554e+00
3.200000e-07	-8.346259e-02	-8.379082e+00
3.300000e-07	5.467716e-02	-8.650791e+00
3.400000e-07	-2.630750e-02	-8.881750e+00
3.500000e-07	-1.862108e-02	-9.096005e+00
3.600000e-07	2.943403e-02	-9.273357e+00
3.700000e-07	-5.871227e-02	-9.578042e+00
3.800000e-07	5.996700e-02	-9.807616e+00
3.900000e-07	-5.627042e-02	-9.990140e+00
4.000000e-07	5.408798e-02	-1.024162e+01
4.100000e-07	-5.182484e-02	-1.047082e+01
4.200000e-07	1.604582e-02	-1.069580e+01
4.300000e-07	-1.931597e-02	-1.087273e+01
4.400000e-07	-3.676655e-03	-1.111521e+01
4.500000e-07	8.285051e-03	-1.128580e+01
4.600000e-07	-1.890470e-02	-1.151628e+01
4.700000e-07	2.152688e-02	-1.172320e+01
4.800000e-07	-2.598490e-02	-1.196578e+01
4.900000e-07	1.510533e-02	-1.212494e+01
5.000000e-07	-3.524371e-02	-1.230380e+01
5.100000e-07	1.551939e-02	-1.248165e+01
5.200000e-07	-2.048309e-02	-1.265065e+01
5.300000e-07	1.078235e-02	-1.285914e+01
5.400000e-07	-1.417406e-02	-1.297699e+01
5.500000e-07	4.814584e-03	-1.314583e+01
5.600000e-07	-5.848960e-03	-1.324265e+01
5.700000e-07	-9.638095e-03	-1.347157e+01
5.800000e-07	-4.088358e-03	-1.355744e+01
5.900000e-07	-1.373202e-02	-1.373678e+01
6.000000e-07	4.308867e-03	-1.387262e+01
6.100000e-07	-1.306395e-02	-1.399944e+01
6.200000e-07	2.730240e-03	-1.415568e+01
6.300000e-07	-1.060660e-02	-1.431252e+01
6.400000e-07	8.328891e-04	-1.439837e+01
6.500000e-07	-1.093495e-02	-1.447263e+01
6.600000e-07	-5.508320e-03	-1.461154e+01
6.700000e-07	-7.530934e-03	-1.471215e+01
6.800000e-07	-4.562670e-03	-1.479841e+01
6.900000e-07	-5.375121e-03	-1.485163e+01
7.000000e-07	-7.262590e-03	-1.496529e+01
7.100000e-07	-5.517111e-03	-1.505092e+01
7.200000e-07	-5.838155e-03	-1.509366e+01
7.300000e-07	-6.746219e-03	-1.515626e+01
7.400000e-07	-6.795352e-03	-1.525992e+01
7.500000e-07	-5.799879e-03	-1.528063e+01
7.600000e-07	-4.914266e-03	-1.534468e+01
7.700000e-07	-6.683523e-03	-1.537732e+01
7.800000e-07	-8.462814e-03	-1.541892e+01
7.900000e-07	-6.221468e-03	-1.544050e+01
8.000000e-07	-7.034781e-03	-1.548158e+01
8.100000e-07	-4.309505e-03	-1.552313e+01
8.200000e-07	-7.168342e-03	-1.552366e+01
8.300000e-07	-5.096026e-03	-1.555371e+01
8.400000e-07	-7.278138e-03	-1.556474e+01
8.500000e-07	-7.776442e-03	-1.552471e+01
8.600000e-07	-8.152500e-03	-1.552318e+01
8.700000e-07	-6.986161e-03	-1.555326e+01
8.800000e-07	-5.313858e-03	-1.554211e+01
8.900000e-07	-6.734935e-03	-1.545200e+01
9.000000e-07	-6.354740e-03	-1.547003e+01
9.100000e-07	-6.917557e-03	-1.540840e+01
9.200000e-07	-6.242514e-03	-1.535524e+01
9.300000e-07	-6.928440e-03	-1.529263e+01
9.400000e-07	-6.923549e-03	-1.526155e+01
9.500000e-07	-6.371940e-03	-1.520790e+01
9.600000e-07	-6.963191e-03	-1.516529e+01
9.700000e-07	-7.117095e-03	-1.506210e+01
9.800000e-07	-7.611305e-03	-1.505881e+01
9.900000e-07	-7.589004e-03	-1.491321e+01
1.000000e-06	-5.852364e-03	-1.487155e+01
1.010000e-06	-5.872539e-03	-1.476537e+01
1.020000e-06	-6.675823e-03	-1.467971e+01
1.030000e-06	-6.481119e-03	-1.456637e+01
1.040000e-06	-6.098683e-03	-1.449956e+01
1.050000e-06	-6.797456e-03	-1.436684e+01
1.060000e-06	-8.837301e-03	-1.427941e+01
1.070000e-06	-6.231731e-03	-1.408316e+01
1.080000e-06	-5.883757e-03	-1.398627e+01
1.090000e-06	-6.163776e-03	-1.382910e+01
1.100000e-06	-6.631464e-03	-1.370376e+01
1.110000e-06	-7.017433e-03	-1.358284e+01
1.120000e-06	-6.113570e-03	-1.341790e+01
1.130000e-06	-7.089205e-03	-1.330208e+01
1.140000e-06	-6.975799e-03	-1.315284e+01
1.150000e-06	-6.289916e-03	-1.297845e+01
1.160000e-06	-5.408157e-03	-1.280805e+01
1.170000e-06	-6.178919e-03	-1.266113e+01
1.180000e-06	-7.263038e-03	-1.250073e+01
1.190000e-06	-6.990532e-03	-1.230226e+01
1.200000e-06	-6.162145e-03	-1.213427e+01
1.210000e-06	-6.092660e-03	-1.194419e+01
1.220000e-06	-5.741286e-03	-1.173369e+01
1.230000e-06	-6.584951e-03	-1.152119e+01
1.240000e-06	-5.140308e-03	-1.128011e+01
1.250000e-06	-4.862694e-03	-1.106178e+01
1.260000e-06	-6.538782e-03	-1.087218e+01
1.270000e-06	-7.019475e-03	-1.066176e+01
1.280000e-06	-5.639479e-03	-1.052174e+01
1.290000e-06	-4.993092e-03	-1.023966e+01
1.300000e-06	-6.095872e-03	-1.000913e+01
1.310000e-06	-6.154972e-03	-9.807674e+00
1.320000e-06	-5.941081e-03	-9.577554e+00
1.330000e-06	-5.436445e-03	-9.385522e+00
1.340000e-06	-5.815469e-03	-9.085013e+00
1.350000e-06	-6.959021e-03	-8.880866e+00
1.360000e-06	-6.029426e-03	-8.659738e+00
1.370000e-06	-5.055802e-03	-8.418200e+00
1.380000e-06	-6.441112e-03	-8.196124e+00
1.390000e-06	-5.644211e-03	-7.903441e+00
1.400000e-06	-6.247752e-03	-7.638807e+00
1.410000e-06	-5.000150e-03	-7.378103e+00
1.420000e-06	-5.125475e-03	-7.113466e+00
1.430000e-06	-6.756060e-03	-6.839810e+00
1.440000e-06	-5.769155e-03	-6.628225e+00
1.450000e-06	-5.977594e-03	-6.345525e+00
1.460000e-06	-4.425490e-03	-6.070462e+00
1.470000e-06	-7.601487e-03	-5.829204e+00
1.480000e-06	-6.172761e-03	-5.513117e+00
1.490000e-06	-5.505234e-03	-5.219330e+00
1.500000e-06	-4.728250e-03	-4.894571e+00
1.510000e-06	-5.957612e-03	-4.588831e+00
1.520000e-06	-4.589491e-03	-4.378775e+00
1.530000e-06	-4.283957e-03	-4.143620e+00
1.540000e-06	-5.415343e-03	-3.850462e+00
1.550000e-06	-7.143313e-03	-3.596223e+00
1.560000e-06	-7.521380e-03	-3.303146e+00
1.570000e-06	-6.113619e-03	-2.977306e+00
1.580000e-06	-4.533912e-03	-2.685664e+00
1.590000e-06	-4.849291e-03	-2.430559e+00
1.600000e-06	-3.960114e-03	-2.124096e+00
1.610000e-06	-3.545959e-03	-1.871560e+00
1.620000e-06	-4.593260e-03	-1.619380e+00
1.630000e-06	-6.711236e-03	-1.249562e+00
1.640000e-06	-6.454248e-03	-9.357760e-01
1.650000e-06	-4.466776e-03	-6.510630e-01
1.660000e-06	-3.379063e-03	-3.868974e-01
1.670000e-06	-2.238102e-03	-8.226703e-02
1.680000e-06	5.952923e-03	1.813884e-01
1.690000e-06	5.843880e-04	4.552252e-01
1.700000e-06	1.734787e-03	7.167318e-01
1.710000e-06	-2.852260e-03	9.998750e-01
1.720000e-06	4.299468e-04	1.285207e+00
1.730000e-06	2.888029e-05	1.573519e+00
1.740000e-06	4.290545e-03	1.853126e+00
1.750000e-06	1.560728e-02	2.064183e+00
1.760000e-06	7.162006e-02	2.380261e+00
1.770000e-06	1.311495e-02	2.758803e+00
1.780000e-06	-5.661772e-02	3.062473e+00
1.790000e-06	-4.364126e-02	3.294033e+00
1.800000e-06	-1.185371e-02	3.600443e+00
1.810000e-06	-1.098552e-02	3.823897e+00
1.820000e-06	-5.448238e-02	3.971420e+00
1.830000e-06	4.143432e-02	4.293975e+00
1.840000e-06	4.105940e-02	4.579791e+00
1.850000e-06	-1.858667e-02	4.821325e+00
1.860000e-06	9.304395e-02	5.149586e+00
1.870000e-06	-9.788777e-02	5.475024e+00
1.880000e-06	2.065193e-02	5.747578e+00
1.890000e-06	8.790258e-03	6.011368e+00
1.900000e-06	-8.884510e-03	6.281998e+00
1.910000e-06	1.782910e-02	6.506981e+00
1.920000e-06	-4.789001e-02	6.810819e+00
1.930000e-06	7.449325e-02	7.064870e+00
1.940000e-06	-1.980869e-02	7.336561e+00
1.950000e-06	-1.360609e-02	7.622819e+00
1.960000e-06	-3.126043e-02	7.916524e+00
1.970000e-06	2.854320e-02	8.179687e+00
1.980000e-06	3.655731e-02	8.399790e+00
1.990000e-06	-4.452258e-02	8.669792e+00
2.000000e-06	1.414598e-02	8.862796e+00
2.010000e-06	-3.745741e-03	9.124382e+00
2.020000e-06	1.809519e-02	9.344979e+00
2.030000e-06	-1.508734e-02	9.586561e+00
2.040000e-06	-1.081842e-02	9.800139e+00
2.050000e-06	1.530710e-02	1.005071e+01
2.060000e-06	1.327919e-02	1.026175e+01
2.070000e-06	6.617022e-03	1.048270e+01
2.080000e-06	-2.894471e-02	1.067428e+01
2.090000e-06	1.053361e-02	1.087478e+01
2.100000e-06	6.450167e-03	1.111285e+01
2.110000e-06	4.713478e-03	1.130425e+01
2.120000e-06	-1.452764e-02	1.151430e+01
2.130000e-06	7.306907e-03	1.173642e+01
2.140000e-06	1.210090e-02	1.192491e+01
2.150000e-06	2.493625e-03	1.211533e+01
2.160000e-06	-1.262694e-02	1.228328e+01
2.170000e-06	-5.315843e-03	1.248178e+01
2.180000e-06	1.201624e-02	1.266012e+01
2.190000e-06	2.583706e-03	1.281602e+01
2.200000e-06	-4.400970e-03	1.297839e+01
2.210000e-06	-3.874499e-03	1.309630e+01
2.220000e-06	1.360324e-02	1.329418e+01
2.230000e-06	9.919035e-04	1.350057e+01
2.240000e-06	-6.276898e-03	1.355836e+01
2.250000e-06	-7.423826e-03	1.370625e+01
2.260000e-06	8.740825e-03	1.389305e+01
2.270000e-06	4.126713e-03	1.399881e+01
2.280000e-06	-4.632030e-03	1.409561e+01
2.290000e-06	-2.836246e-03	1.430202e+01
2.300000e-06	5.436472e-03	1.440739e+01
2.310000e-06	5.934607e-03	1.451408e+01
2.320000e-06	-5.702060e-03	1.458794e+01
2.330000e-06	-1.865554e-03	1.470313e+01
2.340000e-06	2.791410e-03	1.477854e+01
2.350000e-06	6.851893e-03	1.487007e+01
2.360000e-06	-4.066171e-03	1.492573e+01
2.370000e-06	-4.142286e-03	1.501154e+01
2.380000e-06	1.336469e-03	1.510268e+01
2.390000e-06	4.542823e-03	1.516471e+01
2.400000e-06	-2.048014e-03	1.516889e+01
2.410000e-06	-4.054801e-03	1.530255e+01
2.420000e-06	3.368410e-03	1.533368e+01
2.430000e-06	3.490983e-03	1.535471e+01
2.440000e-06	3.764355e-05	1.540725e+01
2.450000e-06	-4.953417e-03	1.541827e+01
2.460000e-06	2.220367e-03	1.547352e+01
2.470000e-06	3.253859e-03	1.550103e+01
2.480000e-06	5.359265e-04	1.549295e+01
2.490000e-06	-4.380826e-03	1.545205e+01
2.500000e-06	-1.886899e-04	1.553553e+01
2.510000e-06	4.004268e-03	1.554308e+01
2.520000e-06	-4.676952e-04	1.549345e+01
2.530000e-06	-2.625344e-03	1.547990e+01
2.540000e-06	-6.570240e-04	1.548300e+01
2.550000e-06	4.739882e-03	1.546994e+01
2.560000e-06	5.033754e-04	1.542634e+01
2.570000e-06	-3.372938e-03	1.537417e+01
2.580000e-06	-1.323666e-03	1.535368e+01
2.590000e-06	2.152630e-03	1.526100e+01
2.600000e-06	1.497656e-03	1.523840e+01
2.610000e-06	-3.726974e-03	1.517634e+01
2.620000e-06	-1.177663e-03	1.512323e+01
2.630000e-06	1.445920e-03	1.505002e+01
2.640000e-06	1.806740e-03	1.497429e+01
2.650000e-06	-9.121995e-04	1.487323e+01
2.660000e-06	-1.153563e-03	1.485950e+01
2.670000e-06	3.394129e-03	1.473517e+01
2.680000e-06	1.391500e-04	1.464790e+01
2.690000e-06	-1.846976e-03	1.451479e+01
2.700000e-06	-4.443098e-03	1.440948e+01
2.710000e-06	8.692203e-04	1.437261e+01
2.720000e-06	6.756593e-04	1.418787e+01
2.730000e-06	-1.621698e-03	1.410043e+01
2.740000e-06	4.271151e-04	1.394319e+01
2.750000e-06	1.427516e-03	1.381739e+01
2.760000e-06	2.033279e-03	1.367098e+01
2.770000e-06	-3.442295e-03	1.348123e+01
2.780000e-06	-4.414794e-03	1.336537e+01
2.790000e-06	-2.259592e-03	1.325845e+01
2.800000e-06	3.279706e-04	1.308160e+01
2.810000e-06	-2.505150e-03	1.292311e+01
2.820000e-06	-1.769151e-04	1.273339e+01
2.830000e-06	2.031349e-04	1.257687e+01
2.840000e-06	2.485457e-03	1.241003e+01
2.850000e-06	-2.894949e-03	1.220910e+01
2.860000e-06	-4.092809e-03	1.204805e+01
2.870000e-06	-2.319149e-03	1.184166e+01
2.880000e-06	-1.822966e-03	1.166060e+01
2.890000e-06	-2.697976e-03	1.143806e+01
2.900000e-06	-3.889007e-03	1.119718e+01
2.910000e-06	8.128157e-04	1.101963e+01
2.920000e-06	-5.176488e-04	1.082971e+01
2.930000e-06	-1.083173e-03	1.058803e+01
2.940000e-06	-4.460899e-03	1.041547e+01
2.950000e-06	-1.575590e-03	1.018712e+01
2.960000e-06	-2.240887e-03	9.964897e+00
2.970000e-06	-2.835251e-03	9.722316e+00
2.980000e-06	-5.596866e-03	9.512359e+00
2.990000e-06	-3.331587e-03	9.271885e+00
3.000000e-06	-1.419786e-03	9.060183e+00
3.010000e-06	-1.936077e-03	8.818100e+00
3.020000e-06	-4.497859e-03	8.567122e+00
3.030000e-06	-3.478356e-03	8.373946e+00
3.040000e-06	-9.064614e-04	8.100370e+00
3.050000e-06	-2.807412e-03	7.830208e+00
3.060000e-06	-4.942890e-03	7.574451e+00
3.070000e-06	-4.525461e-03	7.320888e+00
3.080000e-06	-2.024228e-03	7.030732e+00
3.090000e-06	-3.232690e-03	6.809103e+00
3.100000e-06	-3.735977e-03	6.533468e+00
3.110000e-06	-4.733243e-03	6.231837e+00
3.120000e-06	-1.611705e-03	6.019679e+00
3.130000e-06	-2.703252e-03	5.733518e+00
3.140000e-06	-4.736249e-03	5.422413e+00
3.150000e-06	-5.070026e-03	5.134001e+00
3.160000e-06	-2.455773e-03	4.831233e+00
3.170000e-06	-2.989254e-03	4.523599e+00
3.180000e-06	-5.248300e-03	4.312937e+00
3.190000e-06	-4.999049e-03	4.008326e+00
3.200000e-06	-4.012738e-03	3.743119e+00
3.210000e-06	-2.830571e-03	3.430362e+00
3.220000e-06	-5.548069e-03	3.195773e+00
3.230000e-06	-4.505494e-03	2.903063e+00
3.240000e-06	-4.535782e-03	2.596380e+00
3.250000e-06	-3.207113e-03	2.312617e+00
3.260000e-06	-4.655955e-03	2.040537e+00
3.270000e-06	-6.026107e-03	1.755651e+00
3.280000e-06	-4.369838e-03	1.411060e+00
3.290000e-06	-4.013829e-03	1.165155e+00
3.300000e-06	-4.852168e-03	8.504049e-01
3.310000e-06	-5.406274e-03	5.547974e-01
3.320000e-06	-3.434748e-03	2.622406e-01
3.330000e-06	-1.165526e-03	-6.159752e-02
3.340000e-06	7.080682e-03	-3.067818e-01
3.350000e-06	-4.062364e-03	-5.899408e-01
3.360000e-06	3.052213e-04	-8.320952e-01
3.370000e-06	-4.270105e-03	-1.095731e+00
3.380000e-06	-1.970015e-04	-1.421965e+00
3.390000e-06	-4.761090e-03	-1.704152e+00
3.400000e-06	1.137968e-02	-1.915283e+00
3.410000e-06	6.154370e-02	-2.125737e+00
3.420000e-06	4.826395e-02	-2.444652e+00
3.430000e-06	-7.188499e-02	-2.783495e+00
3.440000e-06	-3.221146e-02	-3.180921e+00
3.450000e-06	-3.196107e-02	-3.482574e+00
3.460000e-06	-2.189746e-02	-3.685602e+00
3.470000e-06	-5.776097e-02	-3.987767e+00
3.480000e-06	1.343130e-01	-4.116686e+00
3.490000e-06	-1.127061e-01	-4.359842e+00
3.500000e-06	9.700687e-02	-4.706072e+00
3.510000e-06	4.136157e-02	-4.907177e+00
3.520000e-06	-1.193968e-01	-5.296425e+00
3.530000e-06	9.147756e-02	-5.528188e+00
3.540000e-06	-1.381250e-01	-5.841370e+00
3.550000e-06	1.031865e-01	-6.093032e+00
3.560000e-06	-2.768774e-02	-6.304534e+00
3.570000e-06	-2.729841e-02	-6.623374e+00
3.580000e-06	8.867031e-02	-6.885382e+00
3.590000e-06	-9.824466e-02	-7.232117e+00
3.600000e-06	5.838166e-02	-7.433379e+00
3.610000e-06	-8.167766e-02	-7.737454e+00
3.620000e-06	3.998105e-02	-8.021722e+00
3.630000e-06	2.067338e-02	-8.251896e+00
3.640000e-06	-5.100827e-02	-8.545455e+00
3.650000e-06	7.120327e-02	-8.756510e+00
3.660000e-06	-8.730439e-02	-9.010741e+00
3.670000e-06	6.237791e-02	-9.229820e+00
3.680000e-06	-6.493048e-02	-9.470744e+00
3.690000e-06	3.187971e-02	-9.704476e+00
3.700000e-06	-9.238731e-03	-9.902828e+00
3.710000e-06	-3.548875e-03	-1.017595e+01
3.720000e-06	1.959256e-02	-1.035491e+01
3.730000e-06	-4.810447e-02	-1.061752e+01
3.740000e-06	3.497783e-02	-1.077754e+01
3.750000e-06	-4.707541e-02	-1.099801e+01
3.760000e-06	3.490181e-02	-1.120754e+01
3.770000e-06	-3.794072e-02	-1.140004e+01
3.780000e-06	2.648182e-02	-1.160997e+01
3.790000e-06	-1.972284e-02	-1.180999e+01
3.800000e-06	6.037905e-03	-1.202962e+01
3.810000e-06	-1.755249e-02	-1.224159e+01
3.820000e-06	-8.933527e-03	-1.239904e+01
3.830000e-06	5.704362e-03	-1.255643e+01
3.840000e-06	-1.400214e-02	-1.275635e+01
3.850000e-06	7.195186e-03	-1.288465e+01
3.860000e-06	-1.961331e-02	-1.304210e+01
3.870000e-06	1.521556e-02	-1.321949e+01
3.880000e-06	-2.137353e-02	-1.336634e+01
3.890000e-06	3.636110e-03	-1.354381e+01
3.900000e-06	-1.933984e-02	-1.367099e+01
3.910000e-06	5.953305e-03	-1.383942e+01
3.920000e-06	-8.632585e-03	-1.393676e+01
3.930000e-06	-4.149472e-03	-1.415208e+01
3.940000e-06	-5.982289e-03	-1.415744e+01
3.950000e-06	-5.707152e-03	-1.437523e+01
3.960000e-06	-2.478456e-03	-1.446102e+01
3.970000e-06	-1.271730e-02	-1.455644e+01
3.980000e-06	-3.280140e-03	-1.463315e+01
3.990000e-06	-7.326461e-03	-1.474479e+01
4.000000e-06	-6.181723e-04	-1.486799e+01
4.010000e-06	-9.576052e-03	-1.491421e+01
4.020000e-06	-6.641843e-03	-1.500784e+01
4.030000e-06	-6.397146e-03	-1.507103e+01
4.040000e-06	-4.899483e-03	-1.519576e+01
4.050000e-06	-7.707138e-03	-1.524832e+01
4.060000e-06	-7.476029e-03	-1.526145e+01
4.070000e-06	-5.674311e-03	-1.533318e+01
4.080000e-06	-3.715219e-03	-1.535636e+01
4.090000e-06	-7.678406e-03	-1.538887e+01
4.100000e-06	-9.434803e-03	-1.544997e+01
4.110000e-06	-6.163688e-03	-1.546107e+01
4.120000e-06	-5.021815e-03	-1.551371e+01
4.130000e-06	-4.598881e-03	-1.555359e+01
4.140000e-06	-8.785080e-03	-1.554266e+01
4.150000e-06	-6.187671e-03	-1.555376e+01
4.160000e-06	-6.708167e-03	-1.553421e+01
4.170000e-06	-6.876877e-03	-1.552528e+01
4.180000e-06	-8.845050e-03	-1.554368e+01
4.190000e-06	-7.356626e-03	-1.553366e+01
4.200000e-06	-4.382129e-03	-1.551210e+01
4.210000e-06	-5.421800e-03	-1.547108e+01
4.220000e-06	-7.372887e-03	-1.539937e+01
4.230000e-06	-8.356927e-03	-1.537839e+01
4.240000e-06	-5.478500e-03	-1.533417e+01
4.250000e-06	-7.158835e-03	-1.530165e+01
4.260000e-06	-7.919913e-03	-1.524745e+01
4.270000e-06	-7.154872e-03	-1.516686e+01
4.280000e-06	-6.586284e-03	-1.516218e+01
4.290000e-06	-6.843069e-03	-1.505003e+01
4.300000e-06	-8.139994e-03	-1.499524e+01
4.310000e-06	-6.966478e-03	-1.488371e+01
4.320000e-06	-5.924782e-03	-1.479792e+01
4.330000e-06	-5.886769e-03	-1.475416e+01
4.340000e-06	-6.704080e-03	-1.461100e+01
4.350000e-06	-8.111364e-03	-1.450369e+01
4.360000e-06	-6.590846e-03	-1.442697e+01
4.370000e-06	-7.060584e-03	-1.434353e+01
4.380000e-06	-7.406111e-03	-1.417729e+01
4.390000e-06	-6.797768e-03	-1.404956e+01
4.400000e-06	-5.579332e-03	-1.397214e+01
4.410000e-06	-5.311760e-03	-1.380745e+01
4.420000e-06	-6.958727e-03	-1.362848e+01
4.430000e-06	-7.481919e-03	-1.348403e+01
4.440000e-06	-7.155588e-03	-1.337579e+01
4.450000e-06	-7.302765e-03	-1.320747e+01
4.460000e-06	-7.165782e-03	-1.304120e+01
4.470000e-06	-6.562158e-03	-1.292271e+01
4.480000e-06	-4.879872e-03	-1.273477e+01
4.490000e-06	-4.456301e-03	-1.256592e+01
4.500000e-06	-6.109773e-03	-1.242690e+01
4.510000e-06	-7.434399e-03	-1.217848e+01
4.520000e-06	-6.154844e-03	-1.208993e+01
4.530000e-06	-7.366225e-03	-1.183903e+01
4.540000e-06	-7.358071e-03	-1.161915e+01
4.550000e-06	-6.926621e-03	-1.137792e+01
4.560000e-06	-5.183598e-03	-1.117592e+01
4.570000e-06	-5.378663e-03	-1.097552e+01
4.580000e-06	-5.947295e-03	-1.076807e+01
4.590000e-06	-6.500113e-03	-1.056763e+01
4.600000e-06	-5.839684e-03	-1.037530e+01
4.610000e-06	-6.558435e-03	-1.010334e+01
4.620000e-06	-7.109327e-03	-9.922340e+00
4.630000e-06	-6.902032e-03	-9.703839e+00
4.640000e-06	-5.722198e-03	-9.508312e+00
4.650000e-06	-5.275535e-03	-9.260760e+00
4.660000e-06	-5.435764e-03	-9.019679e+00
4.670000e-06	-5.718649e-03	-8.806547e+00
4.680000e-06	-6.340882e-03	-8.564442e+00
4.690000e-06	-5.532736e-03	-8.292815e+00
4.700000e-06	-5.920436e-03	-8.071357e+00
4.710000e-06	-6.366939e-03	-7.786576e+00
4.720000e-06	-6.200195e-03	-7.523443e+00
4.730000e-06	-4.906885e-03	-7.270385e+00
4.740000e-06	-5.038730e-03	-6.996181e+00
4.750000e-06	-6.401768e-03	-6.714521e+00
4.760000e-06	-6.373498e-03	-6.532987e+00
4.770000e-06	-4.737010e-03	-6.168280e+00
4.780000e-06	-5.278925e-03	-5.946096e+00
4.790000e-06	-7.052338e-03	-5.700419e+00
4.800000e-06	-6.049204e-03	-5.366705e+00
4.810000e-06	-6.862888e-03	-5.082994e+00
4.820000e-06	-5.547947e-03	-4.753651e+00
4.830000e-06	-5.699137e-03	-4.444543e+00
4.840000e-06	-4.599504e-03	-4.231484e+00
4.850000e-06	-4.807558e-03	-3.987828e+00
4.860000e-06	-4.986051e-03	-3.702638e+00
4.870000e-06	-7.464845e-03	-3.408935e+00
4.880000e-06	-5.544599e-03	-3.116222e+00
4.890000e-06	-6.541249e-03	-2.850035e+00
4.900000e-06	-5.519468e-03	-2.585329e+00
4.910000e-06	-4.952391e-03	-2.323117e+00
4.920000e-06	-3.146050e-03	-2.038881e+00
4.930000e-06	-4.044995e-03	-1.735220e+00
4.940000e-06	-5.262275e-03	-1.409463e+00
4.950000e-06	-6.084976e-03	-1.122218e+00
4.960000e-06	-4.965485e-03	-8.190062e-01
4.970000e-06	-4.477530e-03	-4.932958e-01
4.980000e-06	-4.306147e-03	-2.410367e-01
4.990000e-06	8.282096e-04	2.109639e-02
5.000000e-06	8.271143e-03	3.588557e-01
5.010000e-06	-1.244827e-03	5.919923e-01
5.020000e-06	1.114658e-03	8.220251e-01
5.030000e-06	-2.485323e-03	1.148858e+00
5.040000e-06	2.195863e-03	1.401520e+00
5.050000e-06	-1.688926e-03	1.738882e+00
5.060000e-06	9.812329e-03	1.980265e+00
5.070000e-06	3.471004e-02	2.211966e+00
5.080000e-06	7.426216e-02	2.536286e+00
5.090000e-06	-5.113028e-02	2.906080e+00
5.100000e-06	-4.829365e-02	3.176737e+00
5.110000e-06	-3.601381e-02	3.432048e+00
5.120000e-06	6.441362e-03	3.696205e+00
5.130000e-06	-4.606495e-02	3.946656e+00
5.140000e-06	-2.915411e-02	4.127159e+00
5.150000e-06	9.229866e-02	4.420894e+00
5.160000e-06	-4.624964e-02	4.707134e+00
5.170000e-06	8.886129e-02	4.978687e+00
5.180000e-06	-2.174271e-02	5.336607e+00
5.190000e-06	-5.860400e-02	5.570338e+00
5.200000e-06	4.890812e-02	5.874347e+00
5.210000e-06	-3.134985e-02	6.147107e+00
5.220000e-06	3.254466e-02	6.369238e+00
5.230000e-06	-4.243114e-02	6.705572e+00
5.240000e-06	2.028343e-02	6.957660e+00
5.250000e-06	4.164170e-02	7.260694e+00
5.260000e-06	-3.478365e-02	7.515905e+00
5.270000e-06	-1.372830e-02	7.780161e+00
5.280000e-06	-1.942144e-02	8.052296e+00
5.290000e-06	5.555316e-02	8.326481e+00
5.300000e-06	-1.130539e-02	8.515480e+00
5.310000e-06	-2.638554e-02	8.775981e+00
5.320000e-06	2.133004e-02	9.029034e+00
5.330000e-06	-7.645234e-03	9.241191e+00
5.340000e-06	1.932517e-02	9.441799e+00
5.350000e-06	-3.566225e-02	9.693273e+00
5.360000e-06	1.514485e-02	9.936904e+00
5.370000e-06	1.043712e-02	1.015753e+01
5.380000e-06	1.672263e-02	1.033839e+01
5.390000e-06	-1.398757e-02	1.061704e+01
5.400000e-06	-1.979075e-02	1.077804e+01
5.410000e-06	2.092955e-02	1.100909e+01
5.420000e-06	-5.462655e-03	1.116909e+01
5.430000e-06	2.535263e-03	1.142101e+01
5.440000e-06	-1.596241e-02	1.163002e+01
5.450000e-06	2.291345e-02	1.190022e+01
5.460000e-06	3.007706e-03	1.205057e+01
5.470000e-06	-2.847026e-03	1.223862e+01
5.480000e-06	-1.436633e-02	1.237786e+01
5.490000e-06	3.683021e-03	1.256794e+01
5.500000e-06	1.130515e-02	1.272531e+01
5.510000e-06	-6.000046e-03	1.292270e+01
5.520000e-06	-2.844042e-03	1.303157e+01
5.530000e-06	1.853341e-03	1.321899e+01
5.540000e-06	1.400925e-02	1.337586e+01
5.550000e-06	-7.197014e-03	1.350273e+01
5.560000e-06	-7.484160e-03	1.372260e+01
5.570000e-06	4.706324e-04	1.377836e+01
5.580000e-06	8.809536e-03	1.392676e+01
5.590000e-06	1.126430e-05	1.407197e+01
5.600000e-06	-6.914586e-03	1.420827e+01
5.610000e-06	3.810657e-03	1.432428e+01
5.620000e-06	5.104271e-03	1.444950e+01
5.630000e-06	2.111314e-04	1.457573e+01
5.640000e-06	-8.016588e-03	1.465105e+01
5.650000e-06	1.657856e-03	1.476544e+01
5.660000e-06	6.464553e-03	1.483952e+01
5.670000e-06	9.817338e-04	1.488318e+01
5.680000e-06	-4.138367e-03	1.497734e+01
5.690000e-06	-2.323558e-03	1.508407e+01
5.700000e-06	6.639535e-03	1.514266e+01
5.710000e-06	-2.624262e-04	1.520626e+01
5.720000e-06	-4.214320e-03	1.524040e+01
5.730000e-06	-2.471825e-03	1.527250e+01
5.740000e-06	5.900613e-03	1.533526e+01
5.750000e-06	2.198991e-03	1.542526e+01
5.760000e-06	-4.335753e-03	1.542787e+01
5.770000e-06	-1.357317e-03	1.546994e+01
5.780000e-06	3.984240e-03	1.550210e+01
5.790000e-06	3.916041e-03	1.546295e+01
5.800000e-06	-4.064244e-03	1.549308e+01
5.810000e-06	-2.373645e-03	1.551258e+01
5.820000e-06	2.148067e-03	1.555314e+01
5.830000e-06	3.566433e-03	1.550205e+01
5.840000e-06	-3.604102e-03	1.548300e+01
5.850000e-06	-3.630520e-03	1.548295e+01
5.860000e-06	2.967163e-03	1.547248e+01
5.870000e-06	3.741717e-03	1.542879e+01
5.880000e-06	-1.102657e-03	1.540624e+01
5.890000e-06	-4.533628e-03	1.534521e+01
5.900000e-06	1.050956e-03	1.531616e+01
5.910000e-06	2.515521e-03	1.525800e+01
5.920000e-06	-1.078652e-03	1.521739e+01
5.930000e-06	-5.420870e-03	1.514566e+01
5.940000e-06	8.391091e-04	1.513168e+01
5.950000e-06	2.821934e-03	1.504637e+01
5.960000e-06	-2.112489e-04	1.495371e+01
5.970000e-06	-4.473468e-03	1.484003e+01
5.980000e-06	-2.206227e-03	1.477684e+01
5.990000e-06	3.580893e-03	1.470110e+01
6.000000e-06	-1.299068e-03	1.457732e+01
6.010000e-06	-2.812042e-03	1.447253e+01
6.020000e-06	-2.761880e-03	1.438836e+01
6.030000e-06	2.067932e-03	1.431051e+01
6.040000e-06	-6.866214e-04	1.410301e+01
6.050000e-06	-3.472670e-03	1.401632e+01
6.060000e-06	-2.099422e-03	1.382961e+01
6.070000e-06	1.582374e-03	1.373264e+01
6.080000e-06	7.074101e-04	1.360439e+01
6.090000e-06	-3.614177e-03	1.344002e+01
6.100000e-06	-3.047528e-03	1.327118e+01
6.110000e-06	4.361906e-04	1.314569e+01
6.120000e-06	1.214189e-05	1.299537e+01
6.130000e-06	-2.855887e-03	1.279953e+01
6.140000e-06	-3.283343e-03	1.264960e+01
6.150000e-06	4.058041e-04	1.252119e+01
6.160000e-06	3.644272e-04	1.231319e+01
6.170000e-06	-3.043495e-03	1.215532e+01
6.180000e-06	-4.950492e-03	1.193384e+01
6.190000e-06	-6.471582e-04	1.174497e+01
6.200000e-06	-4.080091e-05	1.156532e+01
6.210000e-06	-3.475490e-03	1.134427e+01
6.220000e-06	-4.154351e-03	1.112134e+01
6.230000e-06	-2.108795e-03	1.092387e+01
6.240000e-06	4.508315e-04	1.072329e+01
6.250000e-06	-2.888665e-03	1.047179e+01
6.260000e-06	-4.373060e-03	1.032126e+01
6.270000e-06	-2.953112e-03	1.005221e+01
6.280000e-06	9.748144e-05	9.858256e+00
6.290000e-06	-2.668048e-03	9.617601e+00
6.300000e-06	-3.378718e-03	9.387497e+00
6.310000e-06	-3.704770e-03	9.185997e+00
6.320000e-06	-1.477281e-03	8.933417e+00
6.330000e-06	-3.208293e-03	8.671888e+00
6.340000e-06	-4.091583e-03	8.461362e+00
6.350000e-06	-4.015724e-03	8.240181e+00
6.360000e-06	-9.643910e-04	7.976577e+00
6.370000e-06	-1.053225e-03	7.723417e+00
6.380000e-06	-4.016338e-03	7.440130e+00
6.390000e-06	-4.064365e-03	7.147072e+00
6.400000e-06	-3.396580e-03	6.922046e+00
6.410000e-06	-2.003819e-03	6.609764e+00
6.420000e-06	-4.710551e-03	6.428152e+00
6.430000e-06	-4.577150e-03	6.134120e+00
6.440000e-06	-3.223010e-03	5.850864e+00
6.450000e-06	-9.989508e-04	5.657177e+00
6.460000e-06	-4.162024e-03	5.303941e+00
6.470000e-06	-4.858246e-03	4.965654e+00
6.480000e-06	-3.458360e-03	4.680959e+00
6.490000e-06	-1.977533e-03	4.430479e+00
6.500000e-06	-4.261036e-03	4.134172e+00
6.510000e-06	-4.757607e-03	3.829909e+00
6.520000e-06	-4.679274e-03	3.588226e+00
6.530000e-06	-3.182269e-03	3.244517e+00
6.540000e-06	-4.687189e-03	3.029909e+00
6.550000e-06	-5.197350e-03	2.759201e+00
6.560000e-06	-3.825342e-03	2.479488e+00
6.570000e-06	-3.599308e-03	2.186801e+00
6.580000e-06	-4.672804e-03	1.863144e+00
6.590000e-06	-4.298364e-03	1.608906e+00
6.600000e-06	-4.506137e-03	1.294242e+00
6.610000e-06	-3.277203e-03	9.542286e-01
6.620000e-06	-4.458399e-03	6.731880e-01
6.630000e-06	-5.187989e-03	4.100102e-01
6.640000e-06	-3.274485e-03	8.426790e-02
6.650000e-06	1.576901e-03	-1.498624e-01
6.660000e-06	5.330667e-03	-3.921751e-01
6.670000e-06	-4.222109e-03	-7.162833e-01
6.680000e-06	-1.357712e-03	-9.699648e-01
6.690000e-06	-3.346655e-03	-1.232475e+00
6.700000e-06	-1.313339e-03	-1.549384e+00
6.710000e-06	-9.454085e-05	-1.800892e+00
6.720000e-06	2.419271e-02	-1.980395e+00
6.730000e-06	9.822702e-02	-2.314077e+00
6.740000e-06	-4.483842e-02	-2.632516e+00
6.750000e-06	-4.542005e-02	-3.053044e+00
6.760000e-06	-4.669828e-02	-3.358283e+00
6.770000e-06	-9.063788e-03	-3.579366e+00
6.780000e-06	-6.797361e-02	-3.832995e+00
6.790000e-06	5.878761e-02	-4.031002e+00
6.800000e-06	4.749098e-02	-4.229925e+00
6.810000e-06	-9.508424e-02	-4.545733e+00
6.820000e-06	1.751538e-01	-4.829770e+00
6.830000e-06	-1.359678e-01	-5.084999e+00
6.840000e-06	3.868947e-02	-5.471919e+00
6.850000e-06	-2.900803e-02	-5.693506e+00
6.860000e-06	-5.306242e-02	-5.969242e+00
6.870000e-06	1.095733e-01	-6.139740e+00
6.880000e-06	-1.104164e-01	-6.516079e+00
6.890000e-06	9.782739e-02	-6.787188e+00
6.900000e-06	-3.464659e-02	-7.030841e+00
6.910000e-06	-2.033885e-02	-7.356606e+00
6.920000e-06	2.016020e-02	-7.577639e+00
6.930000e-06	-7.620257e-02	-7.844845e+00
6.940000e-06	9.799294e-02	-8.124561e+00
6.950000e-06	-8.185935e-02	-8.368136e+00
6.960000e-06	5.289950e-02	-8.669250e+00
6.970000e-06	-2.370218e-02	-8.842776e+00
6.980000e-06	-1.768374e-02	-9.125476e+00
6.990000e-06	2.861952e-02	-9.344956e+00
7.000000e-06	-6.186659e-02	-9.577081e+00
7.010000e-06	5.958645e-02	-9.799671e+00
7.020000e-06	-5.591304e-02	-1.001059e+01
7.030000e-06	5.497182e-02	-1.023014e+01
7.040000e-06	-5.168706e-02	-1.047385e+01
7.050000e-06	1.824826e-02	-1.069335e+01
7.060000e-06	-1.748327e-02	-1.086227e+01
7.070000e-06	-4.872240e-03	-1.112277e+01
7.080000e-06	6.164351e-03	-1.129275e+01
7.090000e-06	-2.146131e-02	-1.152488e+01
7.100000e-06	2.453890e-02	-1.171528e+01
7.110000e-06	-2.610391e-02	-1.193428e+01
7.120000e-06	1.635786e-02	-1.213388e+01
7.130000e-06	-3.648116e-02	-1.228526e+01
7.140000e-06	1.817818e-02	-1.250075e+01
7.150000e-06	-2.075907e-02	-1.268162e+01
7.160000e-06	9.179574e-03	-1.284044e+01
7.170000e-06	-1.633293e-02	-1.303844e+01
7.180000e-06	4.783831e-03	-1.311636e+01
7.190000e-06	-3.122846e-03	-1.327320e+01
7.200000e-06	-1.051043e-02	-1.345957e+01
7.210000e-06	-4.112475e-03	-1.361834e+01
7.220000e-06	-1.372496e-02	-1.369486e+01
7.230000e-06	6.214528e-03	-1.387318e+01
7.240000e-06	-1.498760e-02	-1.400786e+01
7.250000e-06	2.136681e-03	-1.416623e+01
7.260000e-06	-1.164895e-02	-1.427355e+01
7.270000e-06	2.261850e-03	-1.444629e+01
7.280000e-06	-1.079776e-02	-1.451323e+01
7.290000e-06	-6.223858e-03	-1.461000e+01
7.300000e-06	-6.960281e-03	-1.469263e+01
7.310000e-06	-3.494281e-03	-1.477636e+01
7.320000e-06	-4.403998e-03	-1.489255e+01
7.330000e-06	-9.351204e-03	-1.493573e+01
7.340000e-06	-6.094702e-03	-1.503752e+01
7.350000e-06	-5.792025e-03	-1.510418e+01
7.360000e-06	-6.274229e-03	-1.519426e+01
7.370000e-06	-8.029759e-03	-1.522882e+01
7.380000e-06	-6.173740e-03	-1.527013e+01
7.390000e-06	-4.443244e-03	-1.533571e+01
7.400000e-06	-4.838829e-03	-1.538584e+01
7.410000e-06	-9.381098e-03	-1.542955e+01
7.420000e-06	-6.497656e-03	-1.544958e+01
7.430000e-06	-8.337650e-03	-1.549210e+01
7.440000e-06	-3.544911e-03	-1.552466e+01
7.450000e-06	-1.094400e-02	-1.554571e+01
7.460000e-06	-5.931181e-03	-1.557471e+01
7.470000e-06	-7.027825e-03	-1.552421e+01
7.480000e-06	-5.795919e-03	-1.557676e+01
7.490000e-06	-5.881380e-03	-1.552181e+01
7.500000e-06	-7.328808e-03	-1.553271e+01
7.510000e-06	-4.562453e-03	-1.552211e+01
7.520000e-06	-7.303957e-03	-1.547153e+01
7.530000e-06	-9.067204e-03	-1.539840e+01
7.540000e-06	-8.987198e-03	-1.544950e+01
7.550000e-06	-7.407711e-03	-1.539676e+01
7.560000e-06	-3.604087e-03	-1.529266e+01
7.570000e-06	-5.779396e-03	-1.529117e+01
7.580000e-06	-6.366595e-03	-1.520640e+01
7.590000e-06	-5.901826e-03	-1.518679e+01
7.600000e-06	-8.709363e-03	-1.511103e+01
7.610000e-06	-8.659706e-03	-1.499740e+01
7.620000e-06	-9.392522e-03	-1.496379e+01
7.630000e-06	-6.227567e-03	-1.487058e+01
7.640000e-06	-4.694560e-03	-1.477786e+01
7.650000e-06	-5.679990e-03	-1.468008e+01
7.660000e-06	-6.175546e-03	-1.456687e+01
7.670000e-06	-6.638018e-03	-1.448015e+01
7.680000e-06	-7.568573e-03	-1.436477e+01
7.690000e-06	-8.352785e-03	-1.426847e+01
7.700000e-06	-7.149883e-03	-1.413316e+01
7.710000e-06	-6.859391e-03	-1.400637e+01
7.720000e-06	-4.688136e-03	-1.387003e+01
7.730000e-06	-6.472175e-03	-1.371276e+01
7.740000e-06	-6.545075e-03	-1.359644e+01
7.750000e-06	-7.848940e-03	-1.344998e+01
7.760000e-06	-7.599313e-03	-1.329316e+01
7.770000e-06	-6.628897e-03	-1.318379e+01
7.780000e-06	-7.149028e-03	-1.299589e+01
7.790000e-06	-5.537774e-03	-1.278795e+01
7.800000e-06	-6.050788e-03	-1.269008e+01
7.810000e-06	-5.591002e-03	-1.248218e+01
7.820000e-06	-6.950323e-03	-1.235169e+01
7.830000e-06	-6.681084e-03	-1.211374e+01
7.840000e-06	-7.180540e-03	-1.193478e+01
7.850000e-06	-6.599581e-03	-1.174267e+01
7.860000e-06	-6.446186e-03	-1.151174e+01
7.870000e-06	-6.345943e-03	-1.129026e+01
7.880000e-06	-5.483259e-03	-1.108071e+01
7.890000e-06	-5.770038e-03	-1.088926e+01
7.900000e-06	-6.150246e-03	-1.066321e+01
7.910000e-06	-5.554328e-03	-1.048374e+01
7.920000e-06	-6.524370e-03	-1.023016e+01
7.930000e-06	-6.324440e-03	-1.005668e+01
7.940000e-06	-6.815468e-03	-9.819207e+00
7.950000e-06	-5.852941e-03	-9.576625e+00
7.960000e-06	-5.749247e-03	-9.335445e+00
7.970000e-06	-6.368327e-03	-9.113992e+00
7.980000e-06	-6.301567e-03	-8.893868e+00
7.990000e-06	-5.102465e-03	-8.669806e+00
8.000000e-06	-5.480077e-03	-8.418150e+00
8.010000e-06	-6.032836e-03	-8.204675e+00
8.020000e-06	-6.880569e-03	-7.944472e+00
8.030000e-06	-5.828701e-03	-7.638263e+00
8.040000e-06	-6.410940e-03	-7.397150e+00
8.050000e-06	-5.897223e-03	-7.145918e+00
8.060000e-06	-7.413793e-03	-6.880313e+00
8.070000e-06	-4.878436e-03	-6.598229e+00
8.080000e-06	-5.494961e-03	-6.334997e+00
8.090000e-06	-4.642115e-03	-6.070340e+00
8.100000e-06	-7.255752e-03	-5.809304e+00
8.110000e-06	-5.575348e-03	-5.554469e+00
8.120000e-06	-5.557485e-03	-5.250834e+00
8.130000e-06	-5.253849e-03	-4.893499e+00
8.140000e-06	-6.279392e-03	-4.618778e+00
8.150000e-06	-4.857088e-03	-4.367275e+00
8.160000e-06	-4.372857e-03	-4.104647e+00
8.170000e-06	-5.353096e-03	-3.840964e+00
8.180000e-06	-6.285409e-03	-3.535751e+00
8.190000e-06	-7.683324e-03	-3.311668e+00
8.200000e-06	-5.024306e-03	-2.987335e+00
8.210000e-06	-5.373133e-03	-2.703643e+00
8.220000e-06	-5.400213e-03	-2.429530e+00
8.230000e-06	-4.812166e-03	-2.124246e+00
8.240000e-06	-3.590477e-03	-1.861014e+00
8.250000e-06	-5.394956e-03	-1.598405e+00
8.260000e-06	-6.358573e-03	-1.221040e+00
8.270000e-06	-6.276960e-03	-9.872999e-01
8.280000e-06	-3.664877e-03	-6.506657e-01
8.290000e-06	-3.058930e-03	-3.569012e-01
8.300000e-06	-2.529689e-03	-9.179315e-02
8.310000e-06	5.966984e-03	2.008885e-01
8.320000e-06	6.678721e-04	4.832028e-01
8.330000e-06	3.042153e-03	7.258119e-01
8.340000e-06	-2.882408e-03	1.000468e+00
8.350000e-06	3.334712e-05	1.275777e+00
8.360000e-06	-1.164698e-03	1.581415e+00
8.370000e-06	4.487564e-03	1.864149e+00
8.380000e-06	1.494914e-02	2.066130e+00
8.390000e-06	7.235545e-02	2.377837e+00
8.400000e-06	1.297062e-02	2.698204e+00
8.410000e-06	-5.513688e-02	3.052449e+00
8.420000e-06	-4.368127e-02	3.295078e+00
8.430000e-06	-1.190096e-02	3.611345e+00
8.440000e-06	-1.226939e-02	3.800475e+00
8.450000e-06	-5.489245e-02	4.032868e+00
8.460000e-06	4.055394e-02	4.294448e+00
8.470000e-06	4.185639e-02	4.600761e+00
8.480000e-06	-1.948067e-02	4.820451e+00
8.490000e-06	9.557310e-02	5.128111e+00
8.500000e-06	-9.748542e-02	5.505524e+00
8.510000e-06	2.301080e-02	5.695578e+00
8.520000e-06	8.938005e-03	6.010768e+00
8.530000e-06	-9.998773e-03	6.242374e+00
8.540000e-06	1.729831e-02	6.526082e+00
8.550000e-06	-4.910239e-02	6.851797e+00
8.560000e-06	7.406052e-02	7.084974e+00
8.570000e-06	-2.010277e-02	7.335932e+00
8.580000e-06	-1.318930e-02	7.641191e+00
8.590000e-06	-3.022615e-02	7.902906e+00
8.600000e-06	2.997383e-02	8.188516e+00
8.610000e-06	3.760146e-02	8.380141e+00
8.620000e-06	-4.427700e-02	8.630743e+00
8.630000e-06	1.352881e-02	8.883799e+00
8.640000e-06	-3.993630e-03	9.105854e+00
8.650000e-06	1.735603e-02	9.317483e+00
8.660000e-06	-1.527278e-02	9.558932e+00
8.670000e-06	-1.107483e-02	9.799591e+00
8.680000e-06	1.473381e-02	1.004124e+01
8.690000e-06	1.374868e-02	1.026025e+01
8.700000e-06	7.045866e-03	1.046280e+01
8.710000e-06	-2.849198e-02	1.067231e+01
8.720000e-06	1.010262e-02	1.091433e+01
8.730000e-06	5.924504e-03	1.108433e+01
8.740000e-06	4.614154e-03	1.132325e+01
8.750000e-06	-1.520006e-02	1.152475e+01
8.760000e-06	6.855761e-03	1.172825e+01
8.770000e-06	1.206523e-02	1.192638e+01
8.780000e-06	2.662030e-03	1.211675e+01
8.790000e-06	-1.244176e-02	1.229230e+01
8.800000e-06	-6.162521e-03	1.248110e+01
8.810000e-06	1.170003e-02	1.263217e+01
8.820000e-06	2.444543e-03	1.280997e+01
8.830000e-06	-3.533939e-03	1.296844e+01
8.840000e-06	-4.902564e-03	1.312471e+01
8.850000e-06	1.329414e-02	1.325460e+01
8.860000e-06	1.330348e-03	1.345002e+01
8.870000e-06	-5.272219e-03	1.354744e+01
8.880000e-06	-8.603867e-03	1.371616e+01
8.890000e-06	7.946886e-03	1.388150e+01
8.900000e-06	4.570899e-03	1.397781e+01
8.910000e-06	-2.808181e-03	1.410463e+01
8.920000e-06	-3.182968e-03	1.428150e+01
8.930000e-06	5.305062e-03	1.441844e+01
8.940000e-06	5.158571e-03	1.452310e+01
8.950000e-06	-6.375900e-03	1.461834e+01
8.960000e-06	-2.485951e-03	1.469625e+01
8.970000e-06	2.565449e-03	1.480847e+01
8.980000e-06	6.552438e-03	1.486212e+01
8.990000e-06	-2.444098e-03	1.495584e+01
9.000000e-06	-2.901269e-03	1.499147e+01
9.010000e-06	1.593993e-03	1.507060e+01
9.020000e-06	4.427254e-03	1.516571e+01
9.030000e-06	-2.876289e-03	1.519931e+01
9.040000e-06	-4.276943e-03	1.527098e+01
9.050000e-06	2.841860e-03	1.534566e+01
9.060000e-06	3.810631e-03	1.538679e+01
9.070000e-06	2.257863e-04	1.540887e+01
9.080000e-06	-4.898676e-03	1.543889e+01
9.090000e-06	1.364325e-03	1.549298e+01
9.100000e-06	3.298521e-03	1.550160e+01
9.110000e-06	4.271479e-04	1.550093e+01
9.120000e-06	-3.690681e-03	1.549208e+01
9.130000e-06	-7.453992e-04	1.551465e+01
9.140000e-06	3.974864e-03	1.550313e+01
9.150000e-06	-1.876059e-03	1.549305e+01
9.160000e-06	-3.378586e-03	1.546143e+01
9.170000e-06	-1.452868e-03	1.548256e+01
9.180000e-06	4.935792e-03	1.542938e+01
9.190000e-06	5.873286e-04	1.538832e+01
9.200000e-06	-2.811865e-03	1.537526e+01
9.210000e-06	-1.359468e-03	1.534176e+01
9.220000e-06	2.971149e-03	1.530116e+01
9.230000e-06	1.252982e-03	1.524045e+01
9.240000e-06	-2.591839e-03	1.520626e+01
9.250000e-06	-1.353246e-03	1.512264e+01
9.260000e-06	2.304465e-03	1.507110e+01
9.270000e-06	6.843346e-04	1.496539e+01
9.280000e-06	-3.141949e-03	1.489218e+01
9.290000e-06	-1.662847e-03	1.482945e+01
9.300000e-06	1.146564e-03	1.471467e+01
9.310000e-06	1.415559e-03	1.464852e+01
9.320000e-06	-2.786522e-03	1.454614e+01
9.330000e-06	-2.598614e-03	1.442797e+01
9.340000e-06	-5.106782e-06	1.434364e+01
9.350000e-06	1.011262e-03	1.418727e+01
9.360000e-06	-2.059345e-03	1.408095e+01
9.370000e-06	-3.013640e-03	1.395366e+01
9.380000e-06	-2.727898e-05	1.376637e+01
9.390000e-06	1.018662e-03	1.362005e+01
9.400000e-06	-2.673383e-03	1.346216e+01
9.410000e-06	-2.490695e-03	1.336792e+01
9.420000e-06	-1.356687e-03	1.321895e+01
9.430000e-06	2.289458e-04	1.304056e+01
9.440000e-06	-2.158550e-03	1.292276e+01
9.450000e-06	-2.158613e-03	1.275182e+01
9.460000e-06	-1.867504e-03	1.258550e+01
9.470000e-06	-4.956362e-04	1.242000e+01
9.480000e-06	-2.348115e-03	1.222803e+01
9.490000e-06	-4.124369e-03	1.207013e+01
9.500000e-06	-2.419824e-03	1.184061e+01
9.510000e-06	-9.172487e-04	1.162105e+01
9.520000e-06	-6.247222e-04	1.146853e+01
9.530000e-06	-4.321257e-03	1.124805e+01
9.540000e-06	-1.572896e-03	1.099863e+01
9.550000e-06	-9.911073e-04	1.081006e+01
9.560000e-06	-1.544417e-03	1.059855e+01
9.570000e-06	-5.061749e-03	1.040755e+01
9.580000e-06	-3.469515e-03	1.019757e+01
9.590000e-06	-2.137826e-03	9.967372e+00
9.600000e-06	-6.910076e-04	9.743342e+00
9.610000e-06	-2.831482e-03	9.461760e+00
9.620000e-06	-2.747982e-03	9.253367e+00
9.630000e-06	-1.520134e-03	9.040258e+00
9.640000e-06	-2.593386e-03	8.808674e+00
9.650000e-06	-4.226775e-03	8.567099e+00
9.660000e-06	-4.767635e-03	8.323020e+00
9.670000e-06	-2.036460e-03	8.093816e+00
9.680000e-06	-2.386711e-03	7.819755e+00
9.690000e-06	-3.118177e-03	7.555998e+00
9.700000e-06	-4.194296e-03	7.292866e+00
9.710000e-06	-2.921574e-03	7.030283e+00
9.720000e-06	-3.075386e-03	6.798152e+00
9.730000e-06	-4.594527e-03	6.494517e+00
9.740000e-06	-3.784658e-03	6.249860e+00
9.750000e-06	-2.992682e-03	6.020883e+00
9.760000e-06	-3.058790e-03	5.773097e+00
9.770000e-06	-4.269526e-03	5.472388e+00
9.780000e-06	-4.840641e-03	5.194047e+00
9.790000e-06	-3.888255e-03	4.829253e+00
9.800000e-06	-3.113302e-03	4.533725e+00
9.810000e-06	-4.315730e-03	4.263469e+00
9.820000e-06	-4.019699e-03	4.018677e+00
9.830000e-06	-3.575078e-03	3.733667e+00
9.840000e-06	-3.927132e-03	3.478509e+00
9.850000e-06	-5.011713e-03	3.177776e+00
9.860000e-06	-5.492209e-03	2.893065e+00
9.870000e-06	-4.609724e-03	2.615829e+00
9.880000e-06	-3.947259e-03	2.302219e+00
9.890000e-06	-4.640644e-03	2.041534e+00
9.900000e-06	-4.680989e-03	1.746325e+00
9.910000e-06	-4.620509e-03	1.450088e+00
9.920000e-06	-3.839387e-03	1.156249e+00
9.930000e-06	-5.044426e-03	8.175839e-01
9.940000e-06	-4.845560e-03	5.248996e-01
9.950000e-06	-3.973703e-03	2.420882e-01
9.960000e-06	-3.413086e-03	-3.264777e-02
9.970000e-06	6.559262e-03	-2.757517e-01
9.980000e-06	-3.615642e-03	-5.589420e-01
9.990000e-06	1.602038e-04	-8.516763e-01
1.000000e-05	-5.317670e-03	-1.136307e+00
1.001000e-05	-1.045732e-04	-1.431970e+00
1.002000e-05	-4.519378e-03	-1.673133e+00
1.003000e-05	1.103744e-02	-1.917182e+00
1.004000e-05	6.109293e-02	-2.107112e+00
1.005000e-05	4.827818e-02	-2.463123e+00
1.006000e-05	-7.240109e-02	-2.801945e+00
1.007000e-05	-3.277923e-02	-3.200491e+00
1.008000e-05	-3.229283e-02	-3.483552e+00
1.009000e-05	-2.256565e-02	-3.676133e+00
1.010000e-05	-5.841755e-02	-3.979796e+00
1.011000e-05	1.351409e-01	-4.096658e+00
1.012000e-05	-1.121953e-01	-4.380263e+00
1.013000e-05	9.590125e-02	-4.684058e+00
1.014000e-05	4.228522e-02	-4.926156e+00
1.015000e-05	-1.216589e-01	-5.315000e+00
1.016000e-05	9.246081e-02	-5.567712e+00
1.017000e-05	-1.403644e-01	-5.811815e+00
1.018000e-05	1.028647e-01	-6.056003e+00
1.019000e-05	-2.740902e-02	-6.368084e+00
1.020000e-05	-2.726528e-02	-6.682348e+00
1.021000e-05	8.935651e-02	-6.855379e+00
1.022000e-05	-9.778689e-02	-7.210267e+00
1.023000e-05	5.879498e-02	-7.503328e+00
1.024000e-05	-8.200792e-02	-7.694954e+00
1.025000e-05	3.907371e-02	-8.021244e+00
1.026000e-05	2.161758e-02	-8.231299e+00
1.027000e-05	-5.145518e-02	-8.535931e+00
1.028000e-05	7.278650e-02	-8.745979e+00
1.029000e-05	-8.735773e-02	-8.959192e+00
1.030000e-05	6.226113e-02	-9.210721e+00
1.031000e-05	-6.387904e-02	-9.462145e+00
1.032000e-05	3.152227e-02	-9.675927e+00
1.033000e-05	-7.352508e-03	-9.893878e+00
1.034000e-05	-4.520550e-03	-1.015543e+01
1.035000e-05	2.019204e-02	-1.037744e+01
1.036000e-05	-4.791772e-02	-1.060811e+01
1.037000e-05	3.520464e-02	-1.080701e+01
1.038000e-05	-4.802835e-02	-1.096051e+01
1.039000e-05	3.542539e-02	-1.119791e+01
1.040000e-05	-3.693531e-02	-1.140954e+01
1.041000e-05	2.690770e-02	-1.165004e+01
1.042000e-05	-1.911795e-02	-1.184857e+01
1.043000e-05	6.180497e-03	-1.205164e+01
1.044000e-05	-1.645681e-02	-1.222015e+01
1.045000e-05	-8.738385e-03	-1.240895e+01
1.046000e-05	5.177320e-03	-1.256686e+01
1.047000e-05	-1.582746e-02	-1.277731e+01
1.048000e-05	8.577884e-03	-1.290571e+01
1.049000e-05	-2.023089e-02	-1.303312e+01
1.050000e-05	1.493525e-02	-1.324052e+01
1.051000e-05	-2.160022e-02	-1.338733e+01
1.052000e-05	6.470546e-03	-1.352623e+01
1.053000e-05	-1.906435e-02	-1.366160e+01
1.054000e-05	6.348163e-03	-1.381957e+01
1.055000e-05	-1.067787e-02	-1.394578e+01
1.056000e-05	-3.968003e-03	-1.411268e+01
1.057000e-05	-7.171130e-03	-1.420879e+01
1.058000e-05	-5.723555e-03	-1.438523e+01
1.059000e-05	-2.630167e-03	-1.447992e+01
1.060000e-05	-1.205218e-02	-1.457531e+01
1.061000e-05	-2.044032e-03	-1.467205e+01
1.062000e-05	-7.709713e-03	-1.477581e+01
1.063000e-05	-1.868754e-04	-1.482950e+01
1.064000e-05	-9.912966e-03	-1.493373e+01
1.065000e-05	-5.726939e-03	-1.501694e+01
1.066000e-05	-7.532825e-03	-1.508048e+01
1.067000e-05	-4.640810e-03	-1.518616e+01
1.068000e-05	-8.891907e-03	-1.523689e+01
1.069000e-05	-6.505492e-03	-1.525097e+01
1.070000e-05	-5.658331e-03	-1.528258e+01
1.071000e-05	-4.120399e-03	-1.536534e+01
1.072000e-05	-7.480786e-03	-1.539989e+01
1.073000e-05	-7.695571e-03	-1.545041e+01
1.074000e-05	-5.880523e-03	-1.543148e+01
1.075000e-05	-6.219931e-03	-1.551218e+01
1.076000e-05	-5.834136e-03	-1.550263e+01
1.077000e-05	-9.317595e-03	-1.553368e+01
1.078000e-05	-4.937921e-03	-1.555661e+01
1.079000e-05	-7.527842e-03	-1.552524e+01
1.080000e-05	-7.060173e-03	-1.557369e+01
1.081000e-05	-8.736680e-03	-1.548371e+01
1.082000e-05	-5.641187e-03	-1.552261e+01
1.083000e-05	-4.333718e-03	-1.548208e+01
1.084000e-05	-7.282552e-03	-1.550053e+01
1.085000e-05	-7.998983e-03	-1.543737e+01
1.086000e-05	-7.654964e-03	-1.539682e+01
1.087000e-05	-5.088857e-03	-1.537521e+01
1.088000e-05	-7.698005e-03	-1.529311e+01
1.089000e-05	-7.207858e-03	-1.529800e+01
1.090000e-05	-5.899098e-03	-1.519577e+01
1.091000e-05	-4.583027e-03	-1.513371e+01
1.092000e-05	-7.170984e-03	-1.503950e+01
1.093000e-05	-8.505265e-03	-1.499587e+01
1.094000e-05	-6.957439e-03	-1.490413e+01
1.095000e-05	-6.834652e-03	-1.481940e+01
1.096000e-05	-6.770019e-03	-1.475419e+01
1.097000e-05	-7.318125e-03	-1.464945e+01
1.098000e-05	-4.445060e-03	-1.451229e+01
1.099000e-05	-5.859538e-03	-1.444042e+01
1.100000e-05	-5.311382e-03	-1.432211e+01
1.101000e-05	-8.833310e-03	-1.422680e+01
1.102000e-05	-7.925573e-03	-1.408006e+01
1.103000e-05	-7.146497e-03	-1.394366e+01
1.104000e-05	-7.161545e-03	-1.374788e+01
1.105000e-05	-6.159211e-03	-1.366958e+01
1.106000e-05	-5.535595e-03	-1.349216e+01
1.107000e-05	-3.497284e-03	-1.335439e+01
1.108000e-05	-6.964991e-03	-1.322742e+01
1.109000e-05	-7.016431e-03	-1.309118e+01
1.110000e-05	-8.642292e-03	-1.290319e+01
1.111000e-05	-6.171758e-03	-1.274414e+01
1.112000e-05	-6.685238e-03	-1.257692e+01
1.113000e-05	-6.391320e-03	-1.243747e+01
1.114000e-05	-5.504250e-03	-1.227003e+01
1.115000e-05	-4.306888e-03	-1.203953e+01
1.116000e-05	-6.789569e-03	-1.180888e+01
1.117000e-05	-6.963302e-03	-1.161955e+01
1.118000e-05	-8.075283e-03	-1.140650e+01
1.119000e-05	-5.722019e-03	-1.116737e+01
1.120000e-05	-7.124959e-03	-1.095392e+01
1.121000e-05	-6.177477e-03	-1.077612e+01
1.122000e-05	-5.678083e-03	-1.058650e+01
1.123000e-05	-4.855344e-03	-1.039587e+01
1.124000e-05	-6.199120e-03	-1.014284e+01
1.125000e-05	-6.864273e-03	-9.913417e+00
1.126000e-05	-7.105086e-03	-9.681883e+00
1.127000e-05	-6.057963e-03	-9.470732e+00
1.128000e-05	-5.609096e-03	-9.269707e+00
1.129000e-05	-7.373100e-03	-8.987678e+00
1.130000e-05	-5.949190e-03	-8.778076e+00
1.131000e-05	-5.462959e-03	-8.543996e+00
1.132000e-05	-4.275558e-03	-8.279367e+00
1.133000e-05	-7.462884e-03	-8.031288e+00
1.134000e-05	-7.131689e-03	-7.817529e+00
1.135000e-05	-5.938941e-03	-7.503443e+00
1.136000e-05	-4.999554e-03	-7.249861e+00
1.137000e-05	-7.359589e-03	-7.027152e+00
1.138000e-05	-7.806577e-03	-6.734491e+00
1.139000e-05	-5.346337e-03	-6.482038e+00
1.140000e-05	-4.298420e-03	-6.187809e+00
1.141000e-05	-5.431706e-03	-5.984597e+00
1.142000e-05	-7.641890e-03	-5.701989e+00
1.143000e-05	-5.300278e-03	-5.356028e+00
1.144000e-05	-5.243979e-03	-5.103544e+00
1.145000e-05	-5.987080e-03	-4.786223e+00
1.146000e-05	-6.873374e-03	-4.511568e+00
1.147000e-05	-4.632052e-03	-4.261487e+00
1.148000e-05	-5.205296e-03	-4.018306e+00
1.149000e-05	-5.926663e-03	-3.692066e+00
1.150000e-05	-7.551855e-03	-3.449987e+00
1.151000e-05	-5.384716e-03	-3.145275e+00
1.152000e-05	-5.865925e-03	-2.861462e+00
1.153000e-05	-4.410422e-03	-2.574329e+00
1.154000e-05	-5.137428e-03	-2.314145e+00
1.155000e-05	-3.427004e-03	-2.048931e+00
1.156000e-05	-3.861194e-03	-1.725246e+00
1.157000e-05	-5.032319e-03	-1.447462e+00
1.158000e-05	-6.037750e-03	-1.083222e+00
1.159000e-05	-6.155621e-03	-8.395102e-01
1.160000e-05	-3.421244e-03	-5.037695e-01
1.161000e-05	-3.605558e-03	-2.396378e-01
1.162000e-05	7.213127e-04	2.144388e-02
1.163000e-05	7.390423e-03	3.277845e-01
1.164000e-05	-5.495799e-04	6.004662e-01
1.165000e-05	2.167668e-03	8.330727e-01
1.166000e-05	-2.548609e-03	1.109357e+00
1.167000e-05	1.373740e-03	1.402023e+00
1.168000e-05	-1.695535e-03	1.747386e+00
1.169000e-05	1.025244e-02	1.969890e+00
1.170000e-05	3.463673e-02	2.192488e+00
1.171000e-05	7.298614e-02	2.548236e+00
1.172000e-05	-5.070269e-02	2.865079e+00
1.173000e-05	-4.695595e-02	3.167362e+00
1.174000e-05	-3.511357e-02	3.443996e+00
1.175000e-05	5.891372e-03	3.686707e+00
1.176000e-05	-4.713878e-02	3.905609e+00
1.177000e-05	-2.926433e-02	4.117685e+00
1.178000e-05	9.288013e-02	4.422394e+00
1.179000e-05	-4.863147e-02	4.719058e+00
1.180000e-05	8.781497e-02	4.989611e+00
1.181000e-05	-2.079819e-02	5.336558e+00
1.182000e-05	-5.811255e-02	5.620793e+00
1.183000e-05	4.950784e-02	5.853452e+00
1.184000e-05	-3.244964e-02	6.146107e+00
1.185000e-05	3.381589e-02	6.380240e+00
1.186000e-05	-4.054389e-02	6.663425e+00
1.187000e-05	1.968989e-02	6.948157e+00
1.188000e-05	4.026113e-02	7.212688e+00
1.189000e-05	-3.506055e-02	7.486928e+00
1.190000e-05	-1.323330e-02	7.778639e+00
1.191000e-05	-1.974606e-02	8.071746e+00
1.192000e-05	5.475467e-02	8.294480e+00
1.193000e-05	-1.034985e-02	8.525482e+00
1.194000e-05	-2.573394e-02	8.706034e+00
1.195000e-05	2.201583e-02	8.958161e+00
1.196000e-05	-9.478331e-03	9.219192e+00
1.197000e-05	1.900477e-02	9.462248e+00
1.198000e-05	-3.524419e-02	9.685272e+00
1.199000e-05	1.506986e-02	9.907853e+00
1.200000e-05	8.542999e-03	1.012751e+01
1.201000e-05	1.597657e-02	1.035786e+01
1.202000e-05	-1.337531e-02	1.059946e+01
1.203000e-05	-1.804253e-02	1.075851e+01
1.204000e-05	2.000966e-02	1.099906e+01
1.205000e-05	-5.797441e-03	1.118856e+01
1.206000e-05	3.861338e-03	1.140094e+01
1.207000e-05	-1.608396e-02	1.163956e+01
1.208000e-05	2.140307e-02	1.183207e+01
1.209000e-05	9.384797e-04	1.203912e+01
1.210000e-05	-2.124755e-03	1.226039e+01
1.211000e-05	-1.277412e-02	1.235651e+01
1.212000e-05	4.418588e-03	1.254684e+01
1.213000e-05	1.126666e-02	1.272633e+01
1.214000e-05	-5.346817e-03	1.288468e+01
1.215000e-05	-1.696319e-03	1.304155e+01
1.216000e-05	1.667577e-03	1.323843e+01
1.217000e-05	1.310419e-02	1.338633e+01
1.218000e-05	-6.492809e-03	1.351523e+01
1.219000e-05	-6.741518e-03	1.367205e+01
1.220000e-05	-1.033282e-04	1.383041e+01
1.221000e-05	8.052274e-03	1.395418e+01
1.222000e-05	2.127530e-04	1.407095e+01
1.223000e-05	-5.532847e-03	1.421929e+01
1.224000e-05	3.775994e-03	1.436523e+01
1.225000e-05	4.374591e-03	1.450152e+01
1.226000e-05	1.145444e-03	1.451578e+01
1.227000e-05	-7.395393e-03	1.465967e+01
1.228000e-05	1.796117e-03	1.475591e+01
1.229000e-05	5.208334e-03	1.483042e+01
1.230000e-05	1.836209e-03	1.489375e+01
1.231000e-05	-3.613882e-03	1.499692e+01
1.232000e-05	-1.625597e-03	1.503203e+01
1.233000e-05	7.326545e-03	1.517313e+01
1.234000e-05	-8.468519e-04	1.516774e+01
1.235000e-05	-3.201868e-03	1.526244e+01
1.236000e-05	-1.804201e-03	1.527313e+01
1.237000e-05	4.887262e-03	1.533574e+01
1.238000e-05	5.953704e-04	1.537679e+01
1.239000e-05	-4.144964e-03	1.543784e+01
1.240000e-05	-8.954834e-04	1.549152e+01
1.241000e-05	4.856413e-03	1.549200e+01
1.242000e-05	3.083139e-03	1.550053e+01
1.243000e-05	-5.278676e-03	1.551153e+01
1.244000e-05	-2.065209e-03	1.553268e+01
1.245000e-05	1.222162e-03	1.556361e+01
1.246000e-05	3.772430e-03	1.547105e+01
1.247000e-05	-2.369334e-03	1.549200e+01
1.248000e-05	2.327760e-04	1.549095e+01
1.249000e-05	1.898512e-03	1.547155e+01
1.250000e-05	2.987952e-03	1.542788e+01
1.251000e-05	-5.137890e-03	1.540929e+01
1.252000e-05	-5.473879e-03	1.537419e+01
1.253000e-05	3.889539e-04	1.531406e+01
1.254000e-05	3.431597e-03	1.524050e+01
1.255000e-05	2.121643e-03	1.522637e+01
1.256000e-05	-1.490481e-03	1.513524e+01
1.257000e-05	3.282109e-03	1.508108e+01
1.258000e-05	-5.147332e-04	1.499842e+01
1.259000e-05	-4.313066e-03	1.492526e+01
1.260000e-05	-7.673920e-03	1.485955e+01
1.261000e-05	-1.986861e-03	1.476739e+01
1.262000e-05	1.789741e-03	1.467006e+01
1.263000e-05	1.139282e-03	1.455629e+01
1.264000e-05	9.689258e-05	1.451103e+01
1.265000e-05	1.320145e-03	1.438832e+01
1.266000e-05	-2.004112e-04	1.423948e+01
1.267000e-05	-3.484160e-03	1.412459e+01
1.268000e-05	-6.128078e-03	1.401635e+01
1.269000e-05	-1.661812e-03	1.385046e+01
1.270000e-05	-2.230039e-05	1.372423e+01
1.271000e-05	-3.477174e-04	1.359582e+01
1.272000e-05	-1.599920e-03	1.341118e+01
1.273000e-05	-1.001848e-04	1.329266e+01
1.274000e-05	1.349501e-03	1.314482e+01
1.275000e-05	-1.540546e-03	1.297634e+01
1.276000e-05	-3.873450e-03	1.282847e+01
1.277000e-05	-3.360562e-03	1.265065e+01
1.278000e-05	-3.491247e-04	1.250271e+01
1.279000e-05	-2.490474e-03	1.231272e+01
1.280000e-05	-3.250288e-03	1.214477e+01
1.281000e-05	-1.594741e-03	1.199530e+01
1.282000e-05	1.503188e-03	1.177584e+01
1.283000e-05	-7.088274e-04	1.154582e+01
1.284000e-05	-4.330131e-03	1.131629e+01
1.285000e-05	-3.899940e-03	1.113276e+01
1.286000e-05	-1.226743e-03	1.093547e+01
1.287000e-05	-1.875368e-03	1.072382e+01
1.288000e-05	-4.055240e-03	1.053277e+01
1.289000e-05	-2.297279e-03	1.027029e+01
1.290000e-05	-9.098749e-04	1.012279e+01
1.291000e-05	-5.424913e-04	9.829556e+00
1.292000e-05	-4.575285e-03	9.608024e+00
1.293000e-05	-4.635931e-03	9.367624e+00
1.294000e-05	-2.194978e-03	9.145527e+00
1.295000e-05	-1.875219e-03	8.914969e+00
1.296000e-05	-3.077230e-03	8.671313e+00
1.297000e-05	-3.619730e-03	8.449284e+00
1.298000e-05	-1.434734e-03	8.207755e+00
1.299000e-05	-3.134290e-03	7.987598e+00
1.300000e-05	-3.738591e-03	7.712914e+00
1.301000e-05	-4.986156e-03	7.439679e+00
1.302000e-05	-2.653330e-03	7.186622e+00
1.303000e-05	-2.910865e-03	6.904493e+00
1.304000e-05	-3.703777e-03	6.710334e+00
1.305000e-05	-3.723912e-03	6.365123e+00
1.306000e-05	-2.300849e-03	6.175145e+00
1.307000e-05	-1.861681e-03	5.841913e+00
1.308000e-05	-4.799914e-03	5.627827e+00
1.309000e-05	-5.188451e-03	5.305496e+00
1.310000e-05	-4.437491e-03	4.966227e+00
1.311000e-05	-2.621384e-03	4.652514e+00
1.312000e-05	-4.229452e-03	4.430382e+00
1.313000e-05	-3.604646e-03	4.125252e+00
1.314000e-05	-3.963238e-03	3.791508e+00
1.315000e-05	-3.083463e-03	3.589851e+00
1.316000e-05	-4.336743e-03	3.284116e+00
1.317000e-05	-5.628767e-03	3.019333e+00
1.318000e-05	-5.543855e-03	2.758652e+00
1.319000e-05	-4.187931e-03	2.472013e+00
1.320000e-05	-4.778719e-03	2.136224e+00
1.321000e-05	-4.112565e-03	1.894645e+00
1.322000e-05	-4.722562e-03	1.659001e+00
1.323000e-05	-4.015796e-03	1.284668e+00
1.324000e-05	-4.696606e-03	9.453774e-01
1.325000e-05	-5.566440e-03	6.416168e-01
1.326000e-05	-5.208427e-03	4.300064e-01
1.327000e-05	-3.371438e-03	9.427183e-02
1.328000e-05	8.798401e-04	-1.799398e-01
1.329000e-05	4.446586e-03	-4.304726e-01
1.330000e-05	-4.564636e-03	-6.961584e-01
1.331000e-05	-8.865565e-04	-9.983659e-01
1.332000e-05	-3.196493e-03	-1.233048e+00
1.333000e-05	-2.069402e-03	-1.558886e+00
1.334000e-05	-8.009953e-04	-1.770941e+00
1.335000e-05	2.452429e-02	-1.992046e+00
1.336000e-05	9.943572e-02	-2.266602e+00
1.337000e-05	-4.519756e-02	-2.643970e+00
1.338000e-05	-4.604538e-02	-3.005019e+00
1.339000e-05	-4.655355e-02	-3.366736e+00
1.340000e-05	-9.336816e-03	-3.598820e+00
1.341000e-05	-6.878489e-02	-3.841998e+00
1.342000e-05	5.809119e-02	-4.052477e+00
1.343000e-05	4.904520e-02	-4.241398e+00
1.344000e-05	-9.499020e-02	-4.556536e+00
1.345000e-05	1.763149e-01	-4.821149e+00
1.346000e-05	-1.370818e-01	-5.104549e+00
1.347000e-05	3.863522e-02	-5.432269e+00
1.348000e-05	-2.702145e-02	-5.692975e+00
1.349000e-05	-5.450470e-02	-5.979290e+00
1.350000e-05	1.104282e-01	-6.200719e+00
1.351000e-05	-1.128378e-01	-6.524531e+00
1.352000e-05	9.822840e-02	-6.789140e+00
1.353000e-05	-3.313093e-02	-7.029368e+00
1.354000e-05	-2.112941e-02	-7.327086e+00
1.355000e-05	2.210235e-02	-7.578119e+00
1.356000e-05	-7.496627e-02	-7.934875e+00
1.357000e-05	9.902518e-02	-8.136113e+00
1.358000e-05	-8.181562e-02	-8.359692e+00
1.359000e-05	5.132091e-02	-8.680723e+00
1.360000e-05	-2.369380e-02	-8.892795e+00
1.361000e-05	-1.960438e-02	-9.146957e+00
1.362000e-05	2.988118e-02	-9.314908e+00
1.363000e-05	-6.198949e-02	-9.598008e+00
1.364000e-05	6.215637e-02	-9.778667e+00
1.365000e-05	-5.505960e-02	-1.002114e+01
1.366000e-05	5.498711e-02	-1.026069e+01
1.367000e-05	-5.267068e-02	-1.046220e+01
1.368000e-05	1.763926e-02	-1.071233e+01
1.369000e-05	-1.807081e-02	-1.085128e+01
1.370000e-05	-4.815338e-03	-1.109475e+01
1.371000e-05	6.638445e-03	-1.130475e+01
1.372000e-05	-2.046479e-02	-1.153477e+01
1.373000e-05	2.501913e-02	-1.172525e+01
1.374000e-05	-2.714607e-02	-1.192633e+01
1.375000e-05	1.669566e-02	-1.211533e+01
1.376000e-05	-3.680887e-02	-1.231480e+01
1.377000e-05	1.888304e-02	-1.250270e+01
1.378000e-05	-2.087586e-02	-1.265260e+01
1.379000e-05	9.632839e-03	-1.282855e+01
1.380000e-05	-1.591153e-02	-1.298647e+01
1.381000e-05	4.898085e-03	-1.312688e+01
1.382000e-05	-4.815390e-03	-1.332263e+01
1.383000e-05	-1.094329e-02	-1.348157e+01
1.384000e-05	-4.943261e-03	-1.360784e+01
1.385000e-05	-1.321793e-02	-1.373521e+01
1.386000e-05	6.307126e-03	-1.388267e+01
1.387000e-05	-1.493653e-02	-1.399744e+01
1.388000e-05	1.967869e-03	-1.416419e+01
1.389000e-05	-1.159021e-02	-1.428060e+01
1.390000e-05	2.838820e-03	-1.439889e+01
1.391000e-05	-1.233920e-02	-1.452311e+01
1.392000e-05	-7.069860e-03	-1.463945e+01
1.393000e-05	-7.924594e-03	-1.470273e+01
1.394000e-05	-2.838235e-03	-1.478834e+01
1.395000e-05	-3.933877e-03	-1.486210e+01
1.396000e-05	-8.850677e-03	-1.496578e+01
1.397000e-05	-5.680605e-03	-1.503945e+01
1.398000e-05	-5.220316e-03	-1.513211e+01
1.399000e-05	-6.639453e-03	-1.514578e+01
1.400000e-05	-9.746214e-03	-1.524839e+01
1.401000e-05	-7.149722e-03	-1.528160e+01
1.402000e-05	-4.612097e-03	-1.534476e+01
1.403000e-05	-3.872219e-03	-1.540842e+01
1.404000e-05	-1.005928e-02	-1.543788e+01
1.405000e-05	-6.213209e-03	-1.547150e+01
1.406000e-05	-6.558358e-03	-1.548353e+01
1.407000e-05	-4.496362e-03	-1.553266e+01
1.408000e-05	-8.687090e-03	-1.553313e+01
1.409000e-05	-7.490154e-03	-1.554271e+01
1.410000e-05	-6.210650e-03	-1.558521e+01
1.411000e-05	-7.627267e-03	-1.550576e+01
1.412000e-05	-9.142749e-03	-1.555374e+01
1.413000e-05	-8.416002e-03	-1.552274e+01
1.414000e-05	-3.138125e-03	-1.552163e+01
1.415000e-05	-5.333113e-03	-1.548060e+01
1.416000e-05	-6.425229e-03	-1.546050e+01
1.417000e-05	-9.099558e-03	-1.540887e+01
1.418000e-05	-5.684542e-03	-1.537527e+01
1.419000e-05	-6.927230e-03	-1.531418e+01
1.420000e-05	-7.924389e-03	-1.524905e+01
1.421000e-05	-7.863023e-03	-1.521742e+01
1.422000e-05	-5.785650e-03	-1.514429e+01
1.423000e-05	-5.025364e-03	-1.508204e+01
1.424000e-05	-7.213141e-03	-1.503698e+01
1.425000e-05	-9.112098e-03	-1.488421e+01
1.426000e-05	-7.520818e-03	-1.490108e+01
1.427000e-05	-5.214175e-03	-1.477584e+01
1.428000e-05	-5.776105e-03	-1.469206e+01
1.429000e-05	-7.396596e-03	-1.457742e+01
1.430000e-05	-7.760660e-03	-1.447058e+01
1.431000e-05	-5.962614e-03	-1.438474e+01
1.432000e-05	-5.991736e-03	-1.426983e+01
1.433000e-05	-6.983371e-03	-1.410271e+01
1.434000e-05	-7.254831e-03	-1.397535e+01
1.435000e-05	-5.393337e-03	-1.384261e+01
1.436000e-05	-5.004568e-03	-1.371374e+01
1.437000e-05	-8.514474e-03	-1.357587e+01
1.438000e-05	-8.126442e-03	-1.344755e+01
1.439000e-05	-6.906609e-03	-1.327213e+01
1.440000e-05	-5.116778e-03	-1.315384e+01
1.441000e-05	-7.007446e-03	-1.297652e+01
1.442000e-05	-7.331036e-03	-1.282853e+01
1.443000e-05	-5.964748e-03	-1.265963e+01
1.444000e-05	-5.251978e-03	-1.249271e+01
1.445000e-05	-6.534867e-03	-1.231279e+01
1.446000e-05	-8.030927e-03	-1.214282e+01
1.447000e-05	-6.475402e-03	-1.192432e+01
1.448000e-05	-5.207790e-03	-1.173377e+01
1.449000e-05	-6.222982e-03	-1.147119e+01
1.450000e-05	-7.859320e-03	-1.129216e+01
1.451000e-05	-7.369191e-03	-1.106073e+01
1.452000e-05	-4.606083e-03	-1.090126e+01
1.453000e-05	-5.911645e-03	-1.071078e+01
1.454000e-05	-7.241198e-03	-1.049124e+01
1.455000e-05	-7.015090e-03	-1.028065e+01
1.456000e-05	-4.071957e-03	-1.001965e+01
1.457000e-05	-6.010762e-03	-9.816150e+00
1.458000e-05	-7.810359e-03	-9.607106e+00
1.459000e-05	-6.982539e-03	-9.376949e+00
1.460000e-05	-4.951749e-03	-9.135017e+00
1.461000e-05	-6.017177e-03	-8.923868e+00
1.462000e-05	-7.583158e-03	-8.670230e+00
1.463000e-05	-7.318542e-03	-8.407652e+00
1.464000e-05	-5.005455e-03	-8.186624e+00
1.465000e-05	-4.676167e-03	-7.942920e+00
1.466000e-05	-6.318777e-03	-7.698840e+00
1.467000e-05	-7.460279e-03	-7.366652e+00
1.468000e-05	-5.733208e-03	-7.144593e+00
1.469000e-05	-5.396937e-03	-6.880414e+00
1.470000e-05	-6.267175e-03	-6.607680e+00
1.471000e-05	-8.038592e-03	-6.347124e+00
1.472000e-05	-4.553169e-03	-6.081041e+00
1.473000e-05	-5.487280e-03	-5.797731e+00
1.474000e-05	-5.884976e-03	-5.555048e+00
1.475000e-05	-6.489336e-03	-5.249784e+00
1.476000e-05	-4.495913e-03	-4.924451e+00
1.477000e-05	-3.760499e-03	-4.617304e+00
1.478000e-05	-4.867460e-03	-4.386881e+00
1.479000e-05	-5.890666e-03	-4.114021e+00
1.480000e-05	-6.141164e-03	-3.850914e+00
1.481000e-05	-4.582555e-03	-3.586230e+00
1.482000e-05	-6.516011e-03	-3.282646e+00
1.483000e-05	-6.992469e-03	-2.996808e+00
1.484000e-05	-5.103562e-03	-2.693147e+00
1.485000e-05	-3.072921e-03	-2.469437e+00
1.486000e-05	-3.650291e-03	-2.113672e+00
1.487000e-05	-5.814563e-03	-1.861611e+00
1.488000e-05	-4.339316e-03	-1.599383e+00
1.489000e-05	-4.235295e-03	-1.269541e+00
1.490000e-05	-4.709137e-03	-9.573023e-01
1.491000e-05	-5.769602e-03	-6.915872e-01
1.492000e-05	-4.291563e-03	-3.869297e-01
1.493000e-05	-1.316224e-03	-1.032721e-01
1.494000e-05	7.906955e-03	1.609893e-01
1.495000e-05	1.364074e-04	4.736515e-01
1.496000e-05	1.757164e-03	7.371566e-01
1.497000e-05	-5.469461e-04	9.805409e-01
1.498000e-05	2.194212e-03	1.304707e+00
1.499000e-05	-1.324734e-03	1.600464e+00
1.500000e-05	2.928216e-03	1.853629e+00
1.501000e-05	1.552128e-02	2.084627e+00
1.502000e-05	7.361508e-02	2.367285e+00
1.503000e-05	1.315004e-02	2.727655e+00
1.504000e-05	-5.831595e-02	3.042992e+00
1.505000e-05	-4.275712e-02	3.286154e+00
1.506000e-05	-9.542808e-03	3.589341e+00
1.507000e-05	-9.965310e-03	3.824872e+00
1.508000e-05	-5.648808e-02	4.020851e+00
1.509000e-05	4.147427e-02	4.285422e+00
1.510000e-05	4.405368e-02	4.600766e+00
1.511000e-05	-2.042089e-02	4.822895e+00
1.512000e-05	9.287108e-02	5.137703e+00
1.513000e-05	-1.001536e-01	5.454026e+00
1.514000e-05	2.286701e-02	5.697058e+00
1.515000e-05	1.008058e-02	6.001320e+00
1.516000e-05	-1.063725e-02	6.254375e+00
1.517000e-05	1.692908e-02	6.558077e+00
1.518000e-05	-4.729550e-02	6.820725e+00
1.519000e-05	7.519009e-02	7.104424e+00
1.520000e-05	-2.149531e-02	7.326978e+00
1.521000e-05	-1.471325e-02	7.651195e+00
1.522000e-05	-3.092933e-02	7.903828e+00
1.523000e-05	3.044269e-02	8.189113e+00
1.524000e-05	3.653591e-02	8.389741e+00
1.525000e-05	-4.583595e-02	8.672220e+00
1.526000e-05	1.409244e-02	8.851300e+00
1.527000e-05	-2.748073e-03	9.084399e+00
1.528000e-05	1.725649e-02	9.316979e+00
1.529000e-05	-1.681005e-02	9.557909e+00
1.530000e-05	-1.149429e-02	9.810541e+00
1.531000e-05	1.713110e-02	1.003267e+01
1.532000e-05	1.300115e-02	1.023172e+01
1.533000e-05	5.521367e-03	1.044427e+01
1.534000e-05	-2.926113e-02	1.070518e+01
1.535000e-05	1.069788e-02	1.089480e+01
1.536000e-05	7.584075e-03	1.108528e+01
1.537000e-05	3.095060e-03	1.127525e+01
1.538000e-05	-1.556217e-02	1.149583e+01
1.539000e-05	8.217216e-03	1.171633e+01
1.540000e-05	1.295891e-02	1.196683e+01
1.541000e-05	1.852413e-03	1.209523e+01
1.542000e-05	-1.358760e-02	1.231428e+01
1.543000e-05	-4.758177e-03	1.247367e+01
1.544000e-05	1.337782e-02	1.269065e+01
1.545000e-05	1.838686e-03	1.280649e+01
1.546000e-05	-4.313899e-03	1.298935e+01
1.547000e-05	-4.768757e-03	1.314418e+01
1.548000e-05	1.561393e-02	1.327525e+01
1.549000e-05	1.410795e-03	1.345007e+01
1.550000e-05	-6.922963e-03	1.362841e+01
1.551000e-05	-8.075543e-03	1.371363e+01
1.552000e-05	8.771042e-03	1.388167e+01
1.553000e-05	4.863382e-03	1.401679e+01
1.554000e-05	-3.835952e-03	1.409478e+01
1.555000e-05	-3.598039e-03	1.426157e+01
1.556000e-05	7.095556e-03	1.438836e+01
1.557000e-05	7.043296e-03	1.451463e+01
1.558000e-05	-6.131497e-03	1.464894e+01
1.559000e-05	-3.174631e-03	1.467276e+01
1.560000e-05	2.898822e-03	1.485999e+01
1.561000e-05	7.072955e-03	1.489005e+01
1.562000e-05	-4.182287e-03	1.491536e+01
1.563000e-05	-4.009710e-03	1.503094e+01
1.564000e-05	2.050191e-03	1.508520e+01
1.565000e-05	6.003231e-03	1.516521e+01
1.566000e-05	-2.012609e-03	1.520784e+01
1.567000e-05	-5.301757e-03	1.525000e+01
1.568000e-05	3.642200e-03	1.531366e+01
1.569000e-05	3.944037e-03	1.535571e+01
1.570000e-05	-1.914475e-04	1.540834e+01
1.571000e-05	-6.209783e-03	1.543884e+01
1.572000e-05	1.468713e-03	1.548308e+01
1.573000e-05	3.858434e-03	1.551203e+01
1.574000e-05	5.714975e-04	1.547353e+01
1.575000e-05	-5.054380e-03	1.550095e+01
1.576000e-05	2.662195e-04	1.553421e+01
1.577000e-05	6.091779e-03	1.551301e+01
1.578000e-05	-1.964373e-04	1.552303e+01
1.579000e-05	-4.643150e-03	1.548192e+01
1.580000e-05	-2.446672e-03	1.550150e+01
1.581000e-05	4.065667e-03	1.548802e+01
1.582000e-05	8.541999e-04	1.540737e+01
1.583000e-05	-4.191458e-03	1.536621e+01
1.584000e-05	-2.295265e-03	1.533566e+01
1.585000e-05	3.563096e-03	1.532308e+01
1.586000e-05	1.931197e-03	1.523937e+01
1.587000e-05	-3.890471e-03	1.518672e+01
1.588000e-05	-2.360654e-03	1.514471e+01
1.589000e-05	1.761830e-03	1.509105e+01
1.590000e-05	1.321464e-03	1.498682e+01
1.591000e-05	-2.951429e-03	1.487166e+01
1.592000e-05	-2.321418e-03	1.482902e+01
1.593000e-05	1.218990e-03	1.473519e+01
1.594000e-05	1.016634e-03	1.465642e+01
1.595000e-05	-3.363070e-03	1.451429e+01
1.596000e-05	-2.525421e-03	1.445693e+01
1.597000e-05	1.146960e-03	1.428311e+01
1.598000e-05	1.597756e-03	1.418742e+01
1.599000e-05	-3.301041e-03	1.410853e+01
1.600000e-05	-2.650952e-03	1.393519e+01
1.601000e-05	-5.820264e-04	1.384682e+01
1.602000e-05	3.890042e-04	1.362008e+01
1.603000e-05	-2.874921e-03	1.351225e+01
1.604000e-05	-3.456479e-03	1.334477e+01
1.605000e-05	-1.574321e-03	1.319940e+01
1.606000e-05	8.064413e-04	1.306100e+01
1.607000e-05	-2.184131e-03	1.292176e+01
1.608000e-05	-2.941959e-03	1.274584e+01
1.609000e-05	-1.923755e-03	1.255645e+01
1.610000e-05	8.665331e-04	1.237705e+01
1.611000e-05	-2.077383e-03	1.220948e+01
1.612000e-05	-3.683697e-03	1.201915e+01
1.613000e-05	-2.670812e-03	1.188008e+01
1.614000e-05	-8.010439e-04	1.166956e+01
1.615000e-05	-1.323018e-03	1.145961e+01
1.616000e-05	-3.348913e-03	1.122963e+01
1.617000e-05	-1.565870e-03	1.100860e+01
1.618000e-05	-5.763453e-04	1.083008e+01
1.619000e-05	-1.638547e-03	1.060765e+01
1.620000e-05	-3.041977e-03	1.035650e+01
1.621000e-05	-2.866252e-03	1.017652e+01
1.622000e-05	-2.037415e-03	9.995922e+00
1.623000e-05	-2.249363e-03	9.712367e+00
1.624000e-05	-2.813400e-03	9.501289e+00
1.625000e-05	-2.829204e-03	9.283364e+00
1.626000e-05	-1.789956e-03	9.052356e+00
1.627000e-05	-2.619851e-03	8.819127e+00
1.628000e-05	-3.756931e-03	8.577075e+00
1.629000e-05	-3.169095e-03	8.273520e+00
1.630000e-05	-3.150995e-03	8.082814e+00
1.631000e-05	-2.806020e-03	7.830230e+00
1.632000e-05	-3.924892e-03	7.566553e+00
1.633000e-05	-4.025991e-03	7.323414e+00
1.634000e-05	-3.368157e-03	7.030333e+00
1.635000e-05	-2.534704e-03	6.777631e+00
1.636000e-05	-3.023364e-03	6.543918e+00
1.637000e-05	-4.330061e-03	6.250907e+00
1.638000e-05	-3.169124e-03	6.039300e+00
1.639000e-05	-3.321770e-03	5.694571e+00
1.640000e-05	-4.171669e-03	5.421887e+00
1.641000e-05	-4.770594e-03	5.176125e+00
1.642000e-05	-4.264177e-03	4.839834e+00
1.643000e-05	-3.971399e-03	4.544647e+00
1.644000e-05	-4.049608e-03	4.303466e+00
1.645000e-05	-4.051317e-03	3.968801e+00
1.646000e-05	-4.506783e-03	3.723644e+00
1.647000e-05	-4.009458e-03	3.431008e+00
1.648000e-05	-4.346164e-03	3.137200e+00
1.649000e-05	-4.800995e-03	2.882589e+00
1.650000e-05	-4.512868e-03	2.617309e+00
1.651000e-05	-5.855630e-03	2.283144e+00
1.652000e-05	-3.110107e-03	2.050455e+00
1.653000e-05	-7.902232e-03	1.735204e+00
1.654000e-05	-3.824470e-03	1.471488e+00
1.655000e-05	-6.281102e-03	1.147800e+00
1.656000e-05	-2.009487e-03	8.299076e-01
1.657000e-05	-4.515087e-03	5.048484e-01
1.658000e-05	-1.722777e-03	2.627442e-01
1.659000e-05	-3.090019e-03	-1.314644e-02
1.660000e-05	6.100369e-03	-2.967579e-01
1.661000e-05	-5.143559e-03	-5.199380e-01
1.662000e-05	-1.658442e-03	-8.520728e-01
1.663000e-05	-6.666806e-03	-1.095229e+00
1.664000e-05	4.428083e-04	-1.452519e+00
1.665000e-05	-1.841509e-03	-1.632651e+00
1.666000e-05	1.235203e-02	-1.915133e+00
1.667000e-05	6.278524e-02	-2.116709e+00
1.668000e-05	4.617554e-02	-2.473049e+00
1.669000e-05	-7.144885e-02	-2.822494e+00
1.670000e-05	-3.453275e-02	-3.202995e+00
1.671000e-05	-3.198585e-02	-3.453931e+00
1.672000e-05	-2.462779e-02	-3.706604e+00
1.673000e-05	-5.773436e-02	-3.969208e+00
1.674000e-05	1.377924e-01	-4.146183e+00
1.675000e-05	-1.119439e-01	-4.390364e+00
1.676000e-05	9.494668e-02	-4.683974e+00
1.677000e-05	4.374449e-02	-4.906528e+00
1.678000e-05	-1.213319e-01	-5.282424e+00
1.679000e-05	9.290645e-02	-5.568137e+00
1.680000e-05	-1.414809e-01	-5.831944e+00
1.681000e-05	1.023842e-01	-6.104906e+00
1.682000e-05	-2.518389e-02	-6.325556e+00
1.683000e-05	-2.750443e-02	-6.652299e+00
1.684000e-05	9.064762e-02	-6.864452e+00
1.685000e-05	-9.853441e-02	-7.211637e+00
1.686000e-05	6.077726e-02	-7.471350e+00
1.687000e-05	-8.115997e-02	-7.735953e+00
1.688000e-05	3.634609e-02	-8.030267e+00
1.689000e-05	2.148477e-02	-8.249370e+00
1.690000e-05	-5.108646e-02	-8.504430e+00
1.691000e-05	7.491808e-02	-8.766508e+00
1.692000e-05	-8.824670e-02	-9.018741e+00
1.693000e-05	6.405413e-02	-9.210670e+00
1.694000e-05	-6.367688e-02	-9.452192e+00
1.695000e-05	3.149029e-02	-9.706374e+00
1.696000e-05	-9.654393e-03	-9.893325e+00
1.697000e-05	-5.702700e-03	-1.009541e+01
1.698000e-05	2.220858e-02	-1.036631e+01
1.699000e-05	-4.686142e-02	-1.058704e+01
1.700000e-05	3.561445e-02	-1.073756e+01
1.701000e-05	-4.849831e-02	-1.100796e+01
1.702000e-05	3.678579e-02	-1.122898e+01
1.703000e-05	-3.607302e-02	-1.141854e+01
1.704000e-05	2.534809e-02	-1.165049e+01
1.705000e-05	-2.077400e-02	-1.184894e+01
1.706000e-05	6.494039e-03	-1.204997e+01
1.707000e-05	-1.447904e-02	-1.221901e+01
1.708000e-05	-9.010924e-03	-1.240899e+01
1.709000e-05	5.096021e-03	-1.259749e+01
1.710000e-05	-1.443758e-02	-1.275738e+01
1.711000e-05	8.652163e-03	-1.291228e+01
1.712000e-05	-2.011611e-02	-1.309272e+01
1.713000e-05	1.386377e-02	-1.319944e+01
1.714000e-05	-2.178423e-02	-1.333784e+01
1.715000e-05	4.971687e-03	-1.354623e+01
1.716000e-05	-2.025149e-02	-1.364952e+01
1.717000e-05	4.821539e-03	-1.379950e+01
1.718000e-05	-9.541979e-03	-1.394473e+01
1.719000e-05	-3.635670e-03	-1.411257e+01
1.720000e-05	-6.154545e-03	-1.420689e+01
1.721000e-05	-6.609218e-03	-1.438566e+01
1.722000e-05	-2.061639e-03	-1.443043e+01
1.723000e-05	-1.201091e-02	-1.457465e+01
1.724000e-05	-2.400093e-03	-1.463957e+01
1.725000e-05	-8.732006e-03	-1.474481e+01
1.726000e-05	-4.938269e-04	-1.482900e+01
1.727000e-05	-8.554917e-03	-1.494513e+01
1.728000e-05	-5.612203e-03	-1.500791e+01
1.729000e-05	-7.259374e-03	-1.507210e+01
1.730000e-05	-5.752985e-03	-1.514568e+01
1.731000e-05	-8.321182e-03	-1.522781e+01
1.732000e-05	-6.630228e-03	-1.526095e+01
1.733000e-05	-6.104972e-03	-1.529416e+01
1.734000e-05	-5.013042e-03	-1.534782e+01
1.735000e-05	-7.857821e-03	-1.539947e+01
1.736000e-05	-7.403029e-03	-1.542800e+01
1.737000e-05	-6.296837e-03	-1.545255e+01
1.738000e-05	-6.037286e-03	-1.551068e+01
1.739000e-05	-5.291831e-03	-1.554273e+01
1.740000e-05	-7.799940e-03	-1.551363e+01
1.741000e-05	-5.775222e-03	-1.554416e+01
1.742000e-05	-7.608155e-03	-1.555413e+01
1.743000e-05	-7.624745e-03	-1.551431e+01
1.744000e-05	-8.092901e-03	-1.553313e+01
1.745000e-05	-6.602317e-03	-1.556416e+01
1.746000e-05	-4.781176e-03	-1.550000e+01
1.747000e-05	-6.455111e-03	-1.549200e+01
1.748000e-05	-5.601651e-03	-1.542790e+01
1.749000e-05	-6.703643e-03	-1.535787e+01
1.750000e-05	-5.158527e-03	-1.533619e+01
1.751000e-05	-7.868050e-03	-1.530006e+01
1.752000e-05	-7.216717e-03	-1.526943e+01
1.753000e-05	-7.337152e-03	-1.520672e+01
1.754000e-05	-6.704915e-03	-1.512516e+01
1.755000e-05	-6.390202e-03	-1.507053e+01
1.756000e-05	-7.524841e-03	-1.500632e+01
1.757000e-05	-6.061951e-03	-1.490366e+01
1.758000e-05	-5.115965e-03	-1.485847e+01
1.759000e-05	-5.822852e-03	-1.472421e+01
1.760000e-05	-5.808575e-03	-1.462855e+01
1.761000e-05	-7.272908e-03	-1.452516e+01
1.762000e-05	-6.841242e-03	-1.440787e+01
1.763000e-05	-8.321218e-03	-1.431311e+01
1.764000e-05	-7.651834e-03	-1.420677e+01
1.765000e-05	-7.062295e-03	-1.404956e+01
1.766000e-05	-5.089227e-03	-1.395224e+01
1.767000e-05	-5.223976e-03	-1.376690e+01
1.768000e-05	-6.895896e-03	-1.366953e+01
1.769000e-05	-6.864010e-03	-1.349366e+01
1.770000e-05	-6.062367e-03	-1.334624e+01
1.771000e-05	-6.706765e-03	-1.321900e+01
1.772000e-05	-7.272299e-03	-1.305013e+01
1.773000e-05	-7.106284e-03	-1.290227e+01
1.774000e-05	-5.780828e-03	-1.273379e+01
1.775000e-05	-6.279250e-03	-1.255530e+01
1.776000e-05	-7.450156e-03	-1.242558e+01
1.777000e-05	-6.197520e-03	-1.220013e+01
1.778000e-05	-6.734666e-03	-1.203748e+01
1.779000e-05	-6.272376e-03	-1.187903e+01
1.780000e-05	-7.396106e-03	-1.164795e+01
1.781000e-05	-6.545358e-03	-1.137702e+01
1.782000e-05	-5.991958e-03	-1.121742e+01
1.783000e-05	-7.114513e-03	-1.096600e+01
1.784000e-05	-7.230706e-03	-1.079752e+01
1.785000e-05	-6.775669e-03	-1.059455e+01
1.786000e-05	-5.965018e-03	-1.039642e+01
1.787000e-05	-6.200345e-03	-1.011239e+01
1.788000e-05	-6.535037e-03	-9.923944e+00
1.789000e-05	-7.012340e-03	-9.723418e+00
1.790000e-05	-5.705367e-03	-9.480761e+00
1.791000e-05	-5.765613e-03	-9.268778e+00
1.792000e-05	-7.163299e-03	-9.019205e+00
1.793000e-05	-6.876092e-03	-8.806548e+00
1.794000e-05	-5.950752e-03	-8.513474e+00
1.795000e-05	-5.955582e-03	-8.263866e+00
1.796000e-05	-6.169911e-03	-8.051265e+00
1.797000e-05	-6.820964e-03	-7.777030e+00
1.798000e-05	-5.659497e-03	-7.522917e+00
1.799000e-05	-5.380108e-03	-7.251236e+00
1.800000e-05	-6.058743e-03	-6.995059e+00
1.801000e-05	-6.529917e-03	-6.746645e+00
1.802000e-05	-6.169763e-03	-6.462937e+00
1.803000e-05	-4.955527e-03	-6.218760e+00
1.804000e-05	-6.429840e-03	-5.926620e+00
1.805000e-05	-7.965935e-03	-5.711963e+00
1.806000e-05	-5.384618e-03	-5.376179e+00
1.807000e-05	-6.652775e-03	-5.091517e+00
1.808000e-05	-4.729088e-03	-4.733153e+00
1.809000e-05	-6.775035e-03	-4.492066e+00
1.810000e-05	-4.241392e-03	-4.231511e+00
1.811000e-05	-5.149021e-03	-3.975855e+00
1.812000e-05	-5.767619e-03	-3.692120e+00
1.813000e-05	-8.356815e-03	-3.438460e+00
1.814000e-05	-5.896000e-03	-3.175852e+00
1.815000e-05	-4.995453e-03	-2.858987e+00
1.816000e-05	-3.655922e-03	-2.555854e+00
1.817000e-05	-4.850337e-03	-2.305170e+00
1.818000e-05	-3.341196e-03	-2.027935e+00
1.819000e-05	-3.881952e-03	-1.683700e+00
1.820000e-05	-4.232630e-03	-1.347484e+00
1.821000e-05	-6.030281e-03	-1.112771e+00
1.822000e-05	-5.863511e-03	-8.404591e-01
1.823000e-05	-3.410265e-03	-4.932457e-01
1.824000e-05	-3.452500e-03	-2.515867e-01
1.825000e-05	1.293601e-03	2.116989e-02
1.826000e-05	7.941940e-03	3.488308e-01
1.827000e-05	-1.084324e-03	5.804410e-01
1.828000e-05	1.682701e-03	8.350226e-01
1.829000e-05	-2.840967e-03	1.158335e+00
1.830000e-05	1.067344e-03	1.403022e+00
1.831000e-05	-2.024969e-03	1.747735e+00
1.832000e-05	1.080660e-02	1.959864e+00
1.833000e-05	3.440443e-02	2.201471e+00
1.834000e-05	7.469843e-02	2.517779e+00
1.835000e-05	-5.103233e-02	2.885104e+00
1.836000e-05	-4.674759e-02	3.138292e+00
1.837000e-05	-3.528550e-02	3.454596e+00
1.838000e-05	6.369431e-03	3.695629e+00
1.839000e-05	-4.649604e-02	3.947734e+00
1.840000e-05	-2.880600e-02	4.146138e+00
1.841000e-05	9.355948e-02	4.432416e+00
1.842000e-05	-4.825870e-02	4.707631e+00
1.843000e-05	8.802846e-02	5.007735e+00
1.844000e-05	-2.173583e-02	5.327131e+00
1.845000e-05	-5.930386e-02	5.621266e+00
1.846000e-05	5.039213e-02	5.872872e+00
1.847000e-05	-3.252449e-02	6.157129e+00
1.848000e-05	3.380071e-02	6.358692e+00
1.849000e-05	-4.159648e-02	6.666423e+00
1.850000e-05	2.059028e-02	6.926562e+00
1.851000e-05	4.171232e-02	7.191715e+00
1.852000e-05	-3.614495e-02	7.526351e+00
1.853000e-05	-1.335389e-02	7.788610e+00
1.854000e-05	-2.069939e-02	8.052772e+00
1.855000e-05	5.603592e-02	8.254500e+00
1.856000e-05	-1.122629e-02	8.495005e+00
1.857000e-05	-2.587155e-02	8.689061e+00
1.858000e-05	2.293017e-02	9.009508e+00
1.859000e-05	-8.653902e-03	9.200621e+00
1.860000e-05	1.951585e-02	9.451170e+00
1.861000e-05	-3.565900e-02	9.663827e+00
1.862000e-05	1.504363e-02	9.898429e+00
1.863000e-05	9.121472e-03	1.015796e+01
1.864000e-05	1.540741e-02	1.034644e+01
1.865000e-05	-1.368400e-02	1.058803e+01
1.866000e-05	-1.916038e-02	1.079698e+01
1.867000e-05	2.145901e-02	1.100957e+01
1.868000e-05	-4.868099e-03	1.117749e+01
1.869000e-05	3.630540e-03	1.144044e+01
1.870000e-05	-1.636461e-02	1.162949e+01
1.871000e-05	2.272759e-02	1.183062e+01
1.872000e-05	2.587110e-03	1.202057e+01
1.873000e-05	-2.873205e-03	1.220749e+01
1.874000e-05	-1.399555e-02	1.237939e+01
1.875000e-05	4.107109e-03	1.254544e+01
1.876000e-05	1.210226e-02	1.274535e+01
1.877000e-05	-5.329794e-03	1.287513e+01
1.878000e-05	-2.322864e-03	1.306202e+01
1.879000e-05	2.165033e-03	1.321829e+01
1.880000e-05	1.520270e-02	1.333731e+01
1.881000e-05	-6.271108e-03	1.351368e+01
1.882000e-05	-5.723974e-03	1.365102e+01
1.883000e-05	1.385146e-04	1.376641e+01
1.884000e-05	8.572336e-03	1.395513e+01
1.885000e-05	2.234725e-04	1.407255e+01
1.886000e-05	-6.038661e-03	1.421779e+01
1.887000e-05	4.108629e-03	1.437526e+01
1.888000e-05	5.218873e-03	1.446202e+01
1.889000e-05	2.303493e-03	1.456673e+01
1.890000e-05	-7.155949e-03	1.466253e+01
1.891000e-05	2.652729e-03	1.475591e+01
1.892000e-05	6.335351e-03	1.480957e+01
1.893000e-05	1.162384e-03	1.490460e+01
1.894000e-05	-3.736588e-03	1.495939e+01
1.895000e-05	-2.790270e-03	1.507160e+01
1.896000e-05	6.044081e-03	1.516466e+01
1.897000e-05	-4.287303e-04	1.519676e+01
1.898000e-05	-2.872365e-03	1.527945e+01
1.899000e-05	-1.766078e-03	1.531305e+01
1.900000e-05	5.407922e-03	1.534666e+01
1.901000e-05	2.714376e-03	1.539621e+01
1.902000e-05	-4.148851e-03	1.539837e+01
1.903000e-05	-1.745121e-03	1.544000e+01
1.904000e-05	3.000419e-03	1.548205e+01
1.905000e-05	4.420302e-03	1.551095e+01
1.906000e-05	-3.691339e-03	1.552105e+01
1.907000e-05	-1.159291e-03	1.551353e+01
1.908000e-05	1.643019e-03	1.555313e+01
1.909000e-05	2.950400e-03	1.550098e+01
1.910000e-05	-3.306915e-03	1.549300e+01
1.911000e-05	-2.833070e-03	1.546253e+01
1.912000e-05	2.570892e-03	1.548198e+01
1.913000e-05	2.481463e-03	1.538782e+01
1.914000e-05	-1.473013e-03	1.533775e+01
1.915000e-05	-4.078296e-03	1.534421e+01
1.916000e-05	1.743213e-03	1.534358e+01
1.917000e-05	2.783717e-03	1.526153e+01
1.918000e-05	-1.950855e-03	1.516734e+01
1.919000e-05	-3.782266e-03	1.516469e+01
1.920000e-05	1.070751e-03	1.507361e+01
1.921000e-05	2.245395e-03	1.503845e+01
1.922000e-05	-1.899788e-03	1.495471e+01
1.923000e-05	-3.697732e-03	1.486055e+01
1.924000e-05	-3.078628e-04	1.479684e+01
1.925000e-05	2.680593e-03	1.469208e+01
1.926000e-05	-2.199789e-03	1.456534e+01
1.927000e-05	-2.395509e-03	1.449263e+01
1.928000e-05	-6.888416e-04	1.441737e+01
1.929000e-05	1.922062e-03	1.423056e+01
1.930000e-05	-1.366784e-03	1.412514e+01
1.931000e-05	-3.427070e-03	1.399782e+01
1.932000e-05	-1.010927e-03	1.383061e+01
1.933000e-05	7.622847e-04	1.371214e+01
1.934000e-05	-8.480629e-04	1.358584e+01
1.935000e-05	-4.614868e-03	1.342960e+01
1.936000e-05	-1.751586e-03	1.329118e+01
1.937000e-05	5.110249e-05	1.317429e+01
1.938000e-05	-7.041385e-04	1.297589e+01
1.939000e-05	-3.286535e-03	1.282997e+01
1.940000e-05	-1.785681e-03	1.266165e+01
1.941000e-05	6.582332e-04	1.250174e+01
1.942000e-05	-7.811107e-04	1.232177e+01
1.943000e-05	-3.370285e-03	1.215381e+01
1.944000e-05	-3.744512e-03	1.195382e+01
1.945000e-05	-5.382353e-04	1.173637e+01
1.946000e-05	-1.063377e-03	1.155479e+01
1.947000e-05	-3.035150e-03	1.129577e+01
1.948000e-05	-2.738381e-03	1.114339e+01
1.949000e-05	-6.882253e-05	1.095447e+01
1.950000e-05	-5.580746e-04	1.074592e+01
1.951000e-05	-3.560693e-03	1.055331e+01
1.952000e-05	-2.783958e-03	1.028181e+01
1.953000e-05	-1.651058e-03	1.008179e+01
1.954000e-05	-1.758937e-03	9.830704e+00
1.955000e-05	-3.724935e-03	9.607602e+00
1.956000e-05	-4.614139e-03	9.376549e+00
1.957000e-05	-2.012099e-03	9.186024e+00
1.958000e-05	-1.810127e-03	8.913967e+00
1.959000e-05	-3.746759e-03	8.651341e+00
1.960000e-05	-4.447896e-03	8.481287e+00
1.961000e-05	-2.115955e-03	8.218256e+00
1.962000e-05	-1.430162e-03	7.956120e+00
1.963000e-05	-3.732060e-03	7.683564e+00
1.964000e-05	-4.683492e-03	7.429829e+00
1.965000e-05	-2.564336e-03	7.167176e+00
1.966000e-05	-2.708342e-03	6.923544e+00
1.967000e-05	-3.954032e-03	6.650309e+00
1.968000e-05	-5.608939e-03	6.358146e+00
1.969000e-05	-3.879195e-03	6.133596e+00
1.970000e-05	-2.301676e-03	5.891384e+00
1.971000e-05	-3.554924e-03	5.579277e+00
1.972000e-05	-3.940818e-03	5.303518e+00
1.973000e-05	-3.276418e-03	4.966279e+00
1.974000e-05	-2.563261e-03	4.651466e+00
1.975000e-05	-4.869574e-03	4.439880e+00
1.976000e-05	-5.964680e-03	4.094095e+00
1.977000e-05	-5.446649e-03	3.879512e+00
1.978000e-05	-3.784934e-03	3.609880e+00
1.979000e-05	-4.919745e-03	3.282016e+00
1.980000e-05	-5.034521e-03	3.029484e+00
1.981000e-05	-3.992695e-03	2.767300e+00
1.982000e-05	-3.330691e-03	2.440464e+00
1.983000e-05	-4.486605e-03	2.185850e+00
1.984000e-05	-6.016200e-03	1.893691e+00
1.985000e-05	-5.337393e-03	1.598954e+00
1.986000e-05	-4.659618e-03	1.291197e+00
1.987000e-05	-5.186701e-03	1.005280e+00
1.988000e-05	-6.217258e-03	6.516618e-01
1.989000e-05	-4.973593e-03	4.284313e-01
1.990000e-05	-2.969981e-03	9.319690e-02
1.991000e-05	9.846397e-04	-1.799112e-01
1.992000e-05	4.489408e-03	-3.810415e-01
1.993000e-05	-4.170642e-03	-7.257833e-01
1.994000e-05	-4.367499e-04	-1.008865e+00
1.995000e-05	-4.393912e-03	-1.232024e+00
1.996000e-05	-2.617793e-03	-1.548815e+00
1.997000e-05	-7.462675e-04	-1.789437e+00
1.998000e-05	2.389179e-02	-1.990845e+00
1.999000e-05	9.907533e-02	-2.305072e+00
2.000000e-05	-4.562948e-02	-2.623000e+00
2.001000e-05	-4.506448e-02	-3.023022e+00
2.002000e-05	-4.513738e-02	-3.330236e+00
2.003000e-05	-7.881181e-03	-3.579865e+00
2.004000e-05	-6.911255e-02	-3.874474e+00
2.005000e-05	5.689913e-02	-4.052404e+00
2.006000e-05	4.976883e-02	-4.231970e+00
2.007000e-05	-9.862339e-02	-4.547708e+00
2.008000e-05	1.775824e-01	-4.819270e+00
2.009000e-05	-1.376225e-01	-5.115549e+00
2.010000e-05	3.957186e-02	-5.451861e+00
2.011000e-05	-2.642454e-02	-5.672527e+00
2.012000e-05	-5.598470e-02	-5.979210e+00
2.013000e-05	1.130414e-01	-6.229715e+00
2.014000e-05	-1.124716e-01	-6.494553e+00
2.015000e-05	9.843899e-02	-6.779667e+00
2.016000e-05	-3.377327e-02	-7.040218e+00
2.017000e-05	-2.265591e-02	-7.377086e+00
2.018000e-05	2.349472e-02	-7.570666e+00
2.019000e-05	-7.754142e-02	-7.915296e+00
2.020000e-05	9.953893e-02	-8.166987e+00
2.021000e-05	-8.253566e-02	-8.348632e+00
2.022000e-05	5.404711e-02	-8.612693e+00
2.023000e-05	-2.326260e-02	-8.883850e+00
2.024000e-05	-2.012646e-02	-9.125479e+00
2.025000e-05	3.001426e-02	-9.325857e+00
2.026000e-05	-6.405144e-02	-9.568608e+00
2.027000e-05	6.282797e-02	-9.799566e+00
2.028000e-05	-5.643377e-02	-1.002114e+01
2.029000e-05	5.601195e-02	-1.024112e+01
2.030000e-05	-5.184799e-02	-1.050468e+01
2.031000e-05	1.875799e-02	-1.069483e+01
2.032000e-05	-1.665538e-02	-1.088370e+01
2.033000e-05	-5.280387e-03	-1.107527e+01
2.034000e-05	6.594491e-03	-1.130370e+01
2.035000e-05	-2.209340e-02	-1.152426e+01
2.036000e-05	2.476060e-02	-1.172530e+01
2.037000e-05	-2.717971e-02	-1.195573e+01
2.038000e-05	1.633003e-02	-1.211736e+01
2.039000e-05	-3.523430e-02	-1.229478e+01
2.040000e-05	1.888200e-02	-1.245373e+01
2.041000e-05	-2.020702e-02	-1.265105e+01
2.042000e-05	8.583164e-03	-1.285049e+01
2.043000e-05	-1.662544e-02	-1.301794e+01
2.044000e-05	3.596828e-03	-1.312588e+01
2.045000e-05	-4.810771e-03	-1.328463e+01
2.046000e-05	-1.187554e-02	-1.345104e+01
2.047000e-05	-4.384504e-03	-1.360839e+01
2.048000e-05	-1.245976e-02	-1.370376e+01
2.049000e-05	7.461085e-03	-1.390268e+01
2.050000e-05	-1.466404e-02	-1.404049e+01
2.051000e-05	1.309428e-03	-1.416521e+01
2.052000e-05	-1.150657e-02	-1.426105e+01
2.053000e-05	2.098071e-03	-1.438729e+01
2.054000e-05	-1.207293e-02	-1.451251e+01
2.055000e-05	-6.608439e-03	-1.462999e+01
2.056000e-05	-6.910568e-03	-1.472276e+01
2.057000e-05	-3.347968e-03	-1.480789e+01
2.058000e-05	-4.751013e-03	-1.487253e+01
2.059000e-05	-9.063658e-03	-1.497574e+01
2.060000e-05	-4.689014e-03	-1.505045e+01
2.061000e-05	-4.133523e-03	-1.513363e+01
2.062000e-05	-5.895172e-03	-1.520521e+01
2.063000e-05	-9.381499e-03	-1.523832e+01
2.064000e-05	-6.998031e-03	-1.529198e+01
2.065000e-05	-3.417717e-03	-1.531573e+01
2.066000e-05	-4.745518e-03	-1.535674e+01
2.067000e-05	-1.101250e-02	-1.540848e+01
2.068000e-05	-6.954812e-03	-1.544948e+01
2.069000e-05	-5.017335e-03	-1.554361e+01
2.070000e-05	-3.694502e-03	-1.555221e+01
2.071000e-05	-8.815046e-03	-1.552469e+01
2.072000e-05	-7.482099e-03	-1.553616e+01
2.073000e-05	-4.320950e-03	-1.555471e+01
2.074000e-05	-4.936760e-03	-1.552366e+01
2.075000e-05	-7.904988e-03	-1.556366e+01
2.076000e-05	-9.935954e-03	-1.552466e+01
2.077000e-05	-4.556423e-03	-1.551458e+01
2.078000e-05	-4.714256e-03	-1.548151e+01
2.079000e-05	-6.843355e-03	-1.544995e+01
2.080000e-05	-8.275928e-03	-1.538843e+01
2.081000e-05	-5.791515e-03	-1.539529e+01
2.082000e-05	-4.715271e-03	-1.531463e+01
2.083000e-05	-7.464916e-03	-1.527108e+01
2.084000e-05	-8.187906e-03	-1.522845e+01
2.085000e-05	-6.129666e-03	-1.516769e+01
2.086000e-05	-4.803637e-03	-1.510308e+01
2.087000e-05	-7.553212e-03	-1.500742e+01
2.088000e-05	-8.641499e-03	-1.492629e+01
2.089000e-05	-7.446306e-03	-1.493050e+01
2.090000e-05	-5.115512e-03	-1.480632e+01
2.091000e-05	-5.810019e-03	-1.471156e+01
2.092000e-05	-8.183480e-03	-1.455745e+01
2.093000e-05	-7.201093e-03	-1.447216e+01
2.094000e-05	-4.589426e-03	-1.434669e+01
2.095000e-05	-6.722115e-03	-1.423950e+01
2.096000e-05	-8.361602e-03	-1.415374e+01
2.097000e-05	-8.071081e-03	-1.400534e+01
2.098000e-05	-4.534915e-03	-1.383156e+01
2.099000e-05	-6.501529e-03	-1.370176e+01
2.100000e-05	-8.085437e-03	-1.356582e+01
2.101000e-05	-6.998927e-03	-1.343893e+01
2.102000e-05	-5.481052e-03	-1.327121e+01
2.103000e-05	-5.066234e-03	-1.310429e+01
2.104000e-05	-7.609813e-03	-1.297797e+01
2.105000e-05	-7.052394e-03	-1.282050e+01
2.106000e-05	-5.739165e-03	-1.271211e+01
2.107000e-05	-5.695573e-03	-1.249223e+01
2.108000e-05	-8.205499e-03	-1.229281e+01
2.109000e-05	-8.323202e-03	-1.212377e+01
2.110000e-05	-5.786435e-03	-1.198329e+01
2.111000e-05	-5.801016e-03	-1.173174e+01
2.112000e-05	-6.595304e-03	-1.153221e+01
2.113000e-05	-7.211629e-03	-1.132169e+01
2.114000e-05	-5.849073e-03	-1.107069e+01
2.115000e-05	-5.378830e-03	-1.086178e+01
2.116000e-05	-6.255311e-03	-1.068074e+01
2.117000e-05	-7.227032e-03	-1.043031e+01
2.118000e-05	-5.746687e-03	-1.024061e+01
2.119000e-05	-5.729760e-03	-9.990104e+00
2.120000e-05	-6.794629e-03	-9.806601e+00
2.121000e-05	-7.781863e-03	-9.597000e+00
2.122000e-05	-6.452269e-03	-9.345446e+00
2.123000e-05	-5.374307e-03	-9.094470e+00
2.124000e-05	-6.329931e-03	-8.923467e+00
2.125000e-05	-7.812269e-03	-8.670263e+00
2.126000e-05	-6.059987e-03	-8.417654e+00
2.127000e-05	-5.788886e-03	-8.196575e+00
2.128000e-05	-5.654529e-03	-7.933947e+00
2.129000e-05	-6.271721e-03	-7.669285e+00
2.130000e-05	-6.702684e-03	-7.407679e+00
2.131000e-05	-4.783881e-03	-7.143967e+00
2.132000e-05	-5.764330e-03	-6.850337e+00
2.133000e-05	-5.749046e-03	-6.608731e+00
2.134000e-05	-6.896962e-03	-6.365175e+00
2.135000e-05	-5.027329e-03	-6.061917e+00
2.136000e-05	-6.384518e-03	-5.807281e+00
2.137000e-05	-5.520811e-03	-5.553551e+00
2.138000e-05	-5.481123e-03	-5.240384e+00
2.139000e-05	-4.534978e-03	-4.943548e+00
2.140000e-05	-4.282899e-03	-4.608831e+00
2.141000e-05	-5.098566e-03	-4.408826e+00
2.142000e-05	-5.194042e-03	-4.124151e+00
2.143000e-05	-5.306175e-03	-3.820909e+00
2.144000e-05	-4.688861e-03	-3.558325e+00
2.145000e-05	-7.887186e-03	-3.303590e+00
2.146000e-05	-6.284387e-03	-3.007835e+00
2.147000e-05	-6.192403e-03	-2.715667e+00
2.148000e-05	-3.148724e-03	-2.451538e+00
2.149000e-05	-3.491875e-03	-2.132724e+00
2.150000e-05	-3.043699e-03	-1.851114e+00
2.151000e-05	-3.767524e-03	-1.596909e+00
2.152000e-05	-5.032622e-03	-1.261067e+00
2.153000e-05	-7.434253e-03	-9.468024e-01
2.154000e-05	-6.627805e-03	-6.831408e-01
2.155000e-05	-4.439434e-03	-3.983762e-01
2.156000e-05	-1.818350e-03	-5.377089e-02
2.157000e-05	7.184554e-03	1.925148e-01
2.158000e-05	1.436306e-03	4.337027e-01
2.159000e-05	3.097277e-03	7.057331e-01
2.160000e-05	-1.562392e-03	9.819159e-01
2.161000e-05	3.100449e-04	1.296283e+00
2.162000e-05	-8.321460e-04	1.569093e+00
2.163000e-05	3.270848e-03	1.863102e+00
2.164000e-05	1.554825e-02	2.063605e+00
2.165000e-05	7.321906e-02	2.327787e+00
2.166000e-05	1.413352e-02	2.727754e+00
2.167000e-05	-5.815005e-02	2.981444e+00
2.168000e-05	-4.381332e-02	3.277083e+00
2.169000e-05	-1.018356e-02	3.611263e+00
2.170000e-05	-1.216374e-02	3.832316e+00
2.171000e-05	-5.631999e-02	3.989822e+00
2.172000e-05	4.100089e-02	4.313500e+00
2.173000e-05	4.484640e-02	4.560286e+00
2.174000e-05	-2.049085e-02	4.862918e+00
2.175000e-05	9.589641e-02	5.120656e+00
2.176000e-05	-1.005425e-01	5.473998e+00
2.177000e-05	2.281437e-02	5.747035e+00
2.178000e-05	8.930784e-03	6.042794e+00
2.179000e-05	-1.144347e-02	6.231823e+00
2.180000e-05	1.700457e-02	6.526029e+00
2.181000e-05	-4.816447e-02	6.810820e+00
2.182000e-05	7.645252e-02	7.062348e+00
2.183000e-05	-2.041015e-02	7.367057e+00
2.184000e-05	-1.351617e-02	7.661766e+00
2.185000e-05	-3.169228e-02	7.904483e+00
2.186000e-05	2.919671e-02	8.189664e+00
2.187000e-05	3.522764e-02	8.399216e+00
2.188000e-05	-4.639047e-02	8.649793e+00
2.189000e-05	1.405464e-02	8.863750e+00
2.190000e-05	-1.485836e-03	9.064853e+00
2.191000e-05	1.758706e-02	9.315985e+00
2.192000e-05	-1.544955e-02	9.580032e+00
2.193000e-05	-1.196833e-02	9.809636e+00
2.194000e-05	1.578117e-02	1.004154e+01
2.195000e-05	1.309595e-02	1.026172e+01
2.196000e-05	5.068973e-03	1.047215e+01
2.197000e-05	-2.979079e-02	1.071478e+01
2.198000e-05	1.197501e-02	1.087533e+01
2.199000e-05	7.559890e-03	1.109378e+01
2.200000e-05	3.312782e-03	1.130522e+01
2.201000e-05	-1.662158e-02	1.152430e+01
2.202000e-05	8.134416e-03	1.171678e+01
2.203000e-05	1.367406e-02	1.195333e+01
2.204000e-05	2.397309e-03	1.212423e+01
2.205000e-05	-1.237123e-02	1.234270e+01
2.206000e-05	-3.511735e-03	1.244318e+01
2.207000e-05	1.328079e-02	1.270105e+01
2.208000e-05	1.358734e-03	1.277699e+01
2.209000e-05	-5.662936e-03	1.296881e+01
2.210000e-05	-3.770138e-03	1.311481e+01
2.211000e-05	1.548602e-02	1.328410e+01
2.212000e-05	8.741774e-04	1.342062e+01
2.213000e-05	-6.254214e-03	1.354694e+01
2.214000e-05	-6.718379e-03	1.370381e+01
2.215000e-05	1.058410e-02	1.385154e+01
2.216000e-05	4.306212e-03	1.398636e+01
2.217000e-05	-4.746855e-03	1.413256e+01
2.218000e-05	-1.964193e-03	1.426208e+01
2.219000e-05	7.770027e-03	1.440836e+01
2.220000e-05	5.833328e-03	1.452220e+01
2.221000e-05	-7.609163e-03	1.463899e+01
2.222000e-05	-3.348582e-03	1.469621e+01
2.223000e-05	3.872228e-03	1.478797e+01
2.224000e-05	7.724390e-03	1.487120e+01
2.225000e-05	-3.673608e-03	1.493631e+01
2.226000e-05	-3.522498e-03	1.501007e+01
2.227000e-05	3.100484e-03	1.509320e+01
2.228000e-05	5.052205e-03	1.512573e+01
2.229000e-05	-4.183137e-03	1.518887e+01
2.230000e-05	-5.453603e-03	1.524197e+01
2.231000e-05	3.975200e-03	1.533513e+01
2.232000e-05	4.925529e-03	1.535617e+01
2.233000e-05	-9.799102e-05	1.542782e+01
2.234000e-05	-6.326582e-03	1.542890e+01
2.235000e-05	2.652494e-03	1.551247e+01
2.236000e-05	4.246200e-03	1.549098e+01
2.237000e-05	6.531003e-05	1.552256e+01
2.238000e-05	-5.630531e-03	1.548253e+01
2.239000e-05	3.028966e-04	1.558563e+01
2.240000e-05	5.340307e-03	1.553451e+01
2.241000e-05	-1.283963e-03	1.550156e+01
2.242000e-05	-3.706425e-03	1.550148e+01
2.243000e-05	-1.399847e-03	1.548108e+01
2.244000e-05	5.361963e-03	1.546040e+01
2.245000e-05	4.201422e-04	1.540839e+01
2.246000e-05	-4.754309e-03	1.536669e+01
2.247000e-05	-2.126112e-03	1.533366e+01
2.248000e-05	2.962377e-03	1.529505e+01
2.249000e-05	1.681289e-03	1.521988e+01
2.250000e-05	-4.770579e-03	1.519677e+01
2.251000e-05	-2.077446e-03	1.511421e+01
2.252000e-05	2.681771e-03	1.504961e+01
2.253000e-05	2.008040e-03	1.495747e+01
2.254000e-05	-4.163211e-03	1.487313e+01
2.255000e-05	-3.623151e-03	1.483853e+01
2.256000e-05	1.059262e-03	1.472473e+01
2.257000e-05	2.346604e-03	1.463890e+01
2.258000e-05	-3.723323e-03	1.452361e+01
2.259000e-05	-2.985060e-03	1.442897e+01
2.260000e-05	1.110664e-03	1.434274e+01
2.261000e-05	3.147803e-03	1.418744e+01
2.262000e-05	-2.543941e-03	1.405003e+01
2.263000e-05	-2.550903e-03	1.397364e+01
2.264000e-05	-1.963421e-04	1.381537e+01
2.265000e-05	1.895135e-03	1.366846e+01
2.266000e-05	-3.724850e-03	1.350226e+01
2.267000e-05	-4.055524e-03	1.336537e+01
2.268000e-05	-1.662516e-03	1.322845e+01
2.269000e-05	1.975621e-03	1.307003e+01
2.270000e-05	-3.220734e-03	1.284221e+01
2.271000e-05	-2.929750e-03	1.277476e+01
2.272000e-05	-9.485756e-04	1.255650e+01
2.273000e-05	1.604320e-03	1.242950e+01
2.274000e-05	-8.044378e-04	1.224850e+01
2.275000e-05	-4.500998e-03	1.202965e+01
2.276000e-05	-2.174498e-03	1.183063e+01
2.277000e-05	-5.087181e-04	1.164206e+01
2.278000e-05	-1.515534e-03	1.145798e+01
2.279000e-05	-4.189344e-03	1.121861e+01
2.280000e-05	-3.321732e-03	1.102918e+01
2.281000e-05	-4.692919e-04	1.082768e+01
2.282000e-05	-9.245919e-04	1.066898e+01
2.283000e-05	-4.025802e-03	1.036703e+01
2.284000e-05	-2.510865e-03	1.018652e+01
2.285000e-05	-9.594451e-04	9.995422e+00
2.286000e-05	-7.910143e-04	9.724819e+00
2.287000e-05	-4.358798e-03	9.480813e+00
2.288000e-05	-3.436433e-03	9.292862e+00
2.289000e-05	-1.996209e-03	9.050233e+00
2.290000e-05	-1.350917e-03	8.799179e+00
2.291000e-05	-3.984798e-03	8.576100e+00
2.292000e-05	-4.369722e-03	8.355422e+00
2.293000e-05	-2.308921e-03	8.113795e+00
2.294000e-05	-6.318074e-04	7.900733e+00
2.295000e-05	-3.338642e-03	7.516050e+00
2.296000e-05	-4.513239e-03	7.311891e+00
2.297000e-05	-3.723671e-03	7.061288e+00
2.298000e-05	-1.921522e-03	6.789181e+00
2.299000e-05	-3.627292e-03	6.542992e+00
2.300000e-05	-5.214125e-03	6.240910e+00
2.301000e-05	-3.786893e-03	6.010754e+00
2.302000e-05	-2.706577e-03	5.765072e+00
2.303000e-05	-3.221466e-03	5.472858e+00
2.304000e-05	-5.505893e-03	5.155977e+00
2.305000e-05	-4.632687e-03	4.828804e+00
2.306000e-05	-3.129232e-03	4.524700e+00
2.307000e-05	-3.577280e-03	4.300995e+00
2.308000e-05	-5.372669e-03	3.967230e+00
2.309000e-05	-5.299062e-03	3.704619e+00
2.310000e-05	-3.509674e-03	3.449939e+00
2.311000e-05	-4.021965e-03	3.187345e+00
2.312000e-05	-5.873367e-03	2.882617e+00
2.313000e-05	-5.501015e-03	2.588382e+00
2.314000e-05	-4.130320e-03	2.282693e+00
2.315000e-05	-4.383496e-03	2.030037e+00
2.316000e-05	-5.607059e-03	1.737802e+00
2.317000e-05	-5.666920e-03	1.451138e+00
2.318000e-05	-3.925604e-03	1.177824e+00
2.319000e-05	-4.168781e-03	8.494074e-01
2.320000e-05	-5.277646e-03	5.363234e-01
2.321000e-05	-5.738611e-03	2.741156e-01
2.322000e-05	-2.945643e-03	-1.302639e-02
2.323000e-05	7.849063e-03	-3.262592e-01
2.324000e-05	-2.776404e-03	-5.908871e-01
2.325000e-05	1.142935e-04	-8.231727e-01
2.326000e-05	-5.321666e-03	-1.094177e+00
2.327000e-05	1.168577e-04	-1.404069e+00
2.328000e-05	-5.334264e-03	-1.654128e+00
2.329000e-05	8.633075e-03	-1.876707e+00
2.330000e-05	5.989985e-02	-2.116132e+00
2.331000e-05	5.034844e-02	-2.442948e+00
2.332000e-05	-7.127593e-02	-2.803019e+00
2.333000e-05	-3.158665e-02	-3.212514e+00
2.334000e-05	-3.166393e-02	-3.463554e+00
2.335000e-05	-2.041487e-02	-3.686559e+00
2.336000e-05	-5.909566e-02	-3.947640e+00
2.337000e-05	1.352978e-01	-4.114084e+00
2.338000e-05	-1.147024e-01	-4.399787e+00
2.339000e-05	9.485591e-02	-4.664477e+00
2.340000e-05	4.586532e-02	-4.937081e+00
2.341000e-05	-1.228811e-01	-5.294524e+00
2.342000e-05	9.628933e-02	-5.568063e+00
2.343000e-05	-1.403139e-01	-5.811344e+00
2.344000e-05	1.052658e-01	-6.137479e+00
2.345000e-05	-2.732186e-02	-6.366057e+00
2.346000e-05	-3.157766e-02	-6.662848e+00
2.347000e-05	8.972620e-02	-6.904454e+00
2.348000e-05	-9.886283e-02	-7.211185e+00
2.349000e-05	6.124912e-02	-7.453350e+00
2.350000e-05	-8.199409e-02	-7.764931e+00
2.351000e-05	3.992690e-02	-8.032117e+00
2.352000e-05	2.469472e-02	-8.243270e+00
2.353000e-05	-5.248259e-02	-8.495903e+00
2.354000e-05	7.322266e-02	-8.736356e+00
2.355000e-05	-9.009432e-02	-9.009713e+00
2.356000e-05	6.408724e-02	-9.199220e+00
2.357000e-05	-6.362272e-02	-9.454245e+00
2.358000e-05	3.010030e-02	-9.693327e+00
2.359000e-05	-7.425810e-03	-9.904277e+00
2.360000e-05	-4.077946e-03	-1.013485e+01
2.361000e-05	2.321142e-02	-1.038638e+01
2.362000e-05	-5.018029e-02	-1.059851e+01
2.363000e-05	3.516665e-02	-1.078699e+01
2.364000e-05	-4.833482e-02	-1.099854e+01
2.365000e-05	3.684647e-02	-1.119899e+01
2.366000e-05	-3.747802e-02	-1.140902e+01
2.367000e-05	2.601724e-02	-1.164004e+01
2.368000e-05	-1.911211e-02	-1.181999e+01
2.369000e-05	5.908846e-03	-1.205312e+01
2.370000e-05	-1.658653e-02	-1.223909e+01
2.371000e-05	-1.065056e-02	-1.238992e+01
2.372000e-05	4.188994e-03	-1.257587e+01
2.373000e-05	-1.400902e-02	-1.276631e+01
2.374000e-05	8.406108e-03	-1.292336e+01
2.375000e-05	-1.929965e-02	-1.304112e+01
2.376000e-05	1.521377e-02	-1.320946e+01
2.377000e-05	-2.170068e-02	-1.336839e+01
2.378000e-05	4.788744e-03	-1.352325e+01
2.379000e-05	-2.054303e-02	-1.362204e+01
2.380000e-05	3.931454e-03	-1.382040e+01
2.381000e-05	-9.304366e-03	-1.394466e+01
2.382000e-05	-3.887823e-03	-1.412258e+01
2.383000e-05	-5.562555e-03	-1.423674e+01
2.384000e-05	-5.707965e-03	-1.434568e+01
2.385000e-05	-1.974194e-03	-1.445955e+01
2.386000e-05	-1.172758e-02	-1.452637e+01
2.387000e-05	-3.141834e-03	-1.468160e+01
2.388000e-05	-9.132744e-03	-1.473481e+01
2.389000e-05	-1.710662e-03	-1.485192e+01
2.390000e-05	-9.845417e-03	-1.491366e+01
2.391000e-05	-4.997189e-03	-1.499887e+01
2.392000e-05	-6.314848e-03	-1.507005e+01
2.393000e-05	-4.636932e-03	-1.519716e+01
2.394000e-05	-7.473646e-03	-1.521884e+01
2.395000e-05	-6.571382e-03	-1.528100e+01
2.396000e-05	-6.017625e-03	-1.531166e+01
2.397000e-05	-4.763684e-03	-1.535469e+01
2.398000e-05	-7.389667e-03	-1.541987e+01
2.399000e-05	-7.783085e-03	-1.545050e+01
2.400000e-05	-5.784668e-03	-1.549101e+01
2.401000e-05	-6.304029e-03	-1.550270e+01
2.402000e-05	-4.428280e-03	-1.550373e+01
2.403000e-05	-8.972600e-03	-1.553563e+01
2.404000e-05	-5.509659e-03	-1.557416e+01
2.405000e-05	-7.550490e-03	-1.555381e+01
2.406000e-05	-5.874006e-03	-1.556371e+01
2.407000e-05	-8.280627e-03	-1.553461e+01
2.408000e-05	-6.675412e-03	-1.552313e+01
2.409000e-05	-5.042404e-03	-1.549110e+01
2.410000e-05	-6.633696e-03	-1.546100e+01
2.411000e-05	-6.636523e-03	-1.542897e+01
2.412000e-05	-8.744399e-03	-1.536780e+01
2.413000e-05	-5.802212e-03	-1.531571e+01
2.414000e-05	-6.464718e-03	-1.530311e+01
2.415000e-05	-6.344413e-03	-1.525048e+01
2.416000e-05	-6.605635e-03	-1.518634e+01
2.417000e-05	-5.883023e-03	-1.514369e+01
2.418000e-05	-6.396289e-03	-1.505098e+01
2.419000e-05	-7.937079e-03	-1.495582e+01
2.420000e-05	-7.562455e-03	-1.486308e+01
2.421000e-05	-6.217247e-03	-1.481947e+01
2.422000e-05	-5.848966e-03	-1.472426e+01
2.423000e-05	-6.482279e-03	-1.462700e+01
2.424000e-05	-6.807655e-03	-1.450469e+01
2.425000e-05	-6.235029e-03	-1.442948e+01
2.426000e-05	-7.091031e-03	-1.428253e+01
2.427000e-05	-6.279664e-03	-1.416529e+01
2.428000e-05	-7.350726e-03	-1.405153e+01
2.429000e-05	-6.784872e-03	-1.391521e+01
2.430000e-05	-6.002303e-03	-1.375687e+01
2.431000e-05	-6.377672e-03	-1.364013e+01
2.432000e-05	-6.752734e-03	-1.349311e+01
2.433000e-05	-6.716306e-03	-1.337679e+01
2.434000e-05	-6.589981e-03	-1.316857e+01
2.435000e-05	-6.428769e-03	-1.304965e+01
2.436000e-05	-6.806424e-03	-1.288376e+01
2.437000e-05	-6.226502e-03	-1.272284e+01
2.438000e-05	-6.232589e-03	-1.258635e+01
2.439000e-05	-6.850839e-03	-1.239860e+01
2.440000e-05	-7.153442e-03	-1.223910e+01
2.441000e-05	-6.855817e-03	-1.203000e+01
2.442000e-05	-6.755255e-03	-1.181896e+01
2.443000e-05	-6.460769e-03	-1.162063e+01
2.444000e-05	-6.202640e-03	-1.141692e+01
2.445000e-05	-6.506377e-03	-1.117645e+01
2.446000e-05	-6.057286e-03	-1.097497e+01
2.447000e-05	-7.331318e-03	-1.077607e+01
2.448000e-05	-7.337104e-03	-1.057958e+01
2.449000e-05	-7.814762e-03	-1.038590e+01
2.450000e-05	-6.300050e-03	-1.014449e+01
2.451000e-05	-4.409226e-03	-9.892938e+00
2.452000e-05	-5.431605e-03	-9.691916e+00
2.453000e-05	-3.711968e-03	-9.482284e+00
2.454000e-05	-7.282028e-03	-9.249655e+00
2.455000e-05	-6.542236e-03	-9.029706e+00
2.456000e-05	-9.831761e-03	-8.788104e+00
2.457000e-05	-6.041366e-03	-8.513996e+00
2.458000e-05	-6.668163e-03	-8.272414e+00
2.459000e-05	-3.618944e-03	-8.041262e+00
2.460000e-05	-3.984847e-03	-7.788054e+00
2.461000e-05	-4.695459e-03	-7.502017e+00
2.462000e-05	-6.140526e-03	-7.259862e+00
2.463000e-05	-8.235338e-03	-6.967679e+00
2.464000e-05	-6.835606e-03	-6.725066e+00
2.465000e-05	-6.689945e-03	-6.501966e+00
2.466000e-05	-4.601350e-03	-6.238261e+00
2.467000e-05	-4.656562e-03	-5.895621e+00
2.468000e-05	-4.265364e-03	-5.681518e+00
2.469000e-05	-5.417652e-03	-5.386709e+00
2.470000e-05	-5.849928e-03	-5.090468e+00
2.471000e-05	-6.452314e-03	-4.755226e+00
2.472000e-05	-5.944192e-03	-4.481092e+00
2.473000e-05	-5.902613e-03	-4.282463e+00
2.474000e-05	-5.467700e-03	-4.007906e+00
2.475000e-05	-5.653831e-03	-3.702597e+00
2.476000e-05	-6.147292e-03	-3.420439e+00
2.477000e-05	-3.038909e-03	-3.156102e+00
2.478000e-05	-5.014726e-03	-2.861485e+00
2.479000e-05	-4.695280e-03	-2.547281e+00
2.480000e-05	-5.768432e-03	-2.261169e+00
2.481000e-05	-4.599736e-03	-1.998883e+00
2.482000e-05	-5.563741e-03	-1.745248e+00
2.483000e-05	-5.161843e-03	-1.399033e+00
2.484000e-05	-5.189909e-03	-1.093768e+00
2.485000e-05	-3.882346e-03	-8.205303e-01
2.486000e-05	-3.074474e-03	-5.127482e-01
2.487000e-05	-2.998756e-03	-2.726606e-01
2.488000e-05	1.657738e-03	4.305402e-02
2.489000e-05	7.690830e-03	3.094044e-01
2.490000e-05	-2.127746e-03	5.899173e-01
2.491000e-05	-9.053051e-05	8.135965e-01
2.492000e-05	-2.405508e-03	1.179861e+00
2.493000e-05	1.076962e-03	1.410918e+00
2.494000e-05	-1.882763e-03	1.758811e+00
2.495000e-05	1.086021e-02	1.988888e+00
2.496000e-05	3.546173e-02	2.212415e+00
2.497000e-05	7.616937e-02	2.557683e+00
2.498000e-05	-5.267753e-02	2.906157e+00
2.499000e-05	-4.852253e-02	3.179840e+00
2.500000e-05	-3.640546e-02	3.454023e+00
2.501000e-05	6.098343e-03	3.705158e+00
2.502000e-05	-4.758972e-02	3.916678e+00
2.503000e-05	-3.028522e-02	4.106133e+00
2.504000e-05	9.443371e-02	4.453321e+00
2.505000e-05	-4.663403e-02	4.705627e+00
2.506000e-05	8.857031e-02	4.969686e+00
2.507000e-05	-2.182655e-02	5.349057e+00
2.508000e-05	-6.026970e-02	5.659792e+00
2.509000e-05	4.983425e-02	5.865371e+00
2.510000e-05	-3.314125e-02	6.127657e+00
2.511000e-05	3.230447e-02	6.389290e+00
2.512000e-05	-4.176124e-02	6.713898e+00
2.513000e-05	2.009695e-02	6.967085e+00
2.514000e-05	4.315140e-02	7.161737e+00
2.515000e-05	-3.605930e-02	7.475954e+00
2.516000e-05	-1.363131e-02	7.747638e+00
2.517000e-05	-2.030641e-02	8.073219e+00
2.518000e-05	5.643248e-02	8.325454e+00
2.519000e-05	-1.140857e-02	8.546480e+00
2.520000e-05	-2.774284e-02	8.737958e+00
2.521000e-05	2.380741e-02	9.018963e+00
2.522000e-05	-7.946026e-03	9.240669e+00
2.523000e-05	2.012495e-02	9.430743e+00
2.524000e-05	-3.780113e-02	9.704776e+00
2.525000e-05	1.507723e-02	9.916328e+00
2.526000e-05	9.129136e-03	1.015746e+01
2.527000e-05	1.613379e-02	1.036691e+01
2.528000e-05	-1.439557e-02	1.058841e+01
2.529000e-05	-1.839200e-02	1.077896e+01
2.530000e-05	2.175176e-02	1.100959e+01
2.531000e-05	-4.768472e-03	1.117899e+01
2.532000e-05	4.166163e-03	1.142951e+01
2.533000e-05	-1.654233e-02	1.161051e+01
2.534000e-05	2.261893e-02	1.187310e+01
2.535000e-05	1.676720e-03	1.204964e+01
2.536000e-05	-2.584853e-03	1.219054e+01
2.537000e-05	-1.357163e-02	1.236844e+01
2.538000e-05	4.733575e-03	1.255001e+01
2.539000e-05	1.188111e-02	1.272631e+01
2.540000e-05	-5.962784e-03	1.287268e+01
2.541000e-05	-2.712003e-03	1.304055e+01
2.542000e-05	2.095381e-03	1.319839e+01
2.543000e-05	1.393025e-02	1.336686e+01
2.544000e-05	-6.889920e-03	1.350223e+01
2.545000e-05	-6.663281e-03	1.362204e+01
2.546000e-05	6.777137e-05	1.381976e+01
2.547000e-05	9.643882e-03	1.391363e+01
2.548000e-05	8.069129e-04	1.407089e+01
2.549000e-05	-7.978212e-03	1.418834e+01
2.550000e-05	3.203569e-03	1.435521e+01
2.551000e-05	5.814975e-03	1.446050e+01
2.552000e-05	1.299494e-03	1.459619e+01
2.553000e-05	-7.213242e-03	1.465105e+01
2.554000e-05	1.747543e-03	1.477631e+01
2.555000e-05	6.563414e-03	1.482957e+01
2.556000e-05	1.843877e-03	1.489418e+01
2.557000e-05	-3.812218e-03	1.495841e+01
2.558000e-05	-3.489037e-03	1.508210e+01
2.559000e-05	6.567292e-03	1.515466e+01
2.560000e-05	-8.813673e-04	1.516726e+01
2.561000e-05	-4.064818e-03	1.522039e+01
2.562000e-05	-2.557371e-03	1.529448e+01
2.563000e-05	5.713910e-03	1.535571e+01
2.564000e-05	2.076080e-03	1.536877e+01
2.565000e-05	-3.156847e-03	1.541880e+01
2.566000e-05	-1.955705e-03	1.545095e+01
2.567000e-05	3.293526e-03	1.550350e+01
2.568000e-05	3.368391e-03	1.550005e+01
2.569000e-05	-3.411920e-03	1.547302e+01
2.570000e-05	-2.126673e-03	1.553503e+01
2.571000e-05	6.762043e-04	1.552408e+01
2.572000e-05	2.243476e-03	1.547355e+01
2.573000e-05	-2.901048e-03	1.549250e+01
2.574000e-05	-2.431245e-03	1.548188e+01
2.575000e-05	1.781843e-03	1.545110e+01
2.576000e-05	3.125800e-03	1.544785e+01
2.577000e-05	-1.693366e-03	1.541827e+01
2.578000e-05	-3.421747e-03	1.537416e+01
2.579000e-05	1.279326e-03	1.531413e+01
2.580000e-05	1.245501e-03	1.528150e+01
2.581000e-05	-9.374061e-04	1.519837e+01
2.582000e-05	-3.481866e-03	1.516476e+01
2.583000e-05	1.074649e-04	1.507311e+01
2.584000e-05	2.211143e-03	1.499785e+01
2.585000e-05	-2.130301e-03	1.493377e+01
2.586000e-05	-3.666396e-03	1.483940e+01
2.587000e-05	-2.848669e-03	1.478787e+01
2.588000e-05	2.794890e-03	1.466208e+01
2.589000e-05	-9.470138e-04	1.457635e+01
2.590000e-05	-2.405095e-03	1.448266e+01
2.591000e-05	-2.192257e-03	1.439732e+01
2.592000e-05	1.644616e-03	1.425953e+01
2.593000e-05	-1.261609e-03	1.414319e+01
2.594000e-05	-3.074976e-03	1.398582e+01
2.595000e-05	-1.813732e-03	1.390243e+01
2.596000e-05	9.210419e-04	1.373519e+01
2.597000e-05	9.629161e-04	1.360640e+01
2.598000e-05	-2.720003e-03	1.345950e+01
2.599000e-05	-2.242545e-03	1.327216e+01
2.600000e-05	-6.121842e-05	1.318382e+01
2.601000e-05	-8.852712e-05	1.297595e+01
2.602000e-05	-2.671122e-03	1.281853e+01
2.603000e-05	-1.904271e-03	1.262068e+01
2.604000e-05	-5.024468e-05	1.250416e+01
2.605000e-05	-1.657236e-04	1.229424e+01
2.606000e-05	-2.371038e-03	1.212576e+01
2.607000e-05	-3.620953e-03	1.195539e+01
2.608000e-05	-7.027991e-04	1.172742e+01
2.609000e-05	-9.564632e-04	1.156589e+01
2.610000e-05	-1.994162e-03	1.131531e+01
2.611000e-05	-3.481547e-03	1.111332e+01
2.612000e-05	-4.479151e-04	1.095497e+01
2.613000e-05	-1.755149e-03	1.076431e+01
2.614000e-05	-2.558040e-03	1.049281e+01
2.615000e-05	-3.430109e-03	1.027124e+01
2.616000e-05	-1.965414e-03	1.005429e+01
2.617000e-05	-1.572577e-03	9.809155e+00
2.618000e-05	-2.582579e-03	9.617601e+00
2.619000e-05	-4.004443e-03	9.408150e+00
2.620000e-05	-2.159023e-03	9.168420e+00
2.621000e-05	-2.552931e-03	8.933422e+00
2.622000e-05	-3.141857e-03	8.672913e+00
2.623000e-05	-4.181470e-03	8.452287e+00
2.624000e-05	-2.332362e-03	8.218804e+00
2.625000e-05	-2.499732e-03	7.955048e+00
2.626000e-05	-3.582670e-03	7.672492e+00
2.627000e-05	-4.376241e-03	7.410255e+00
2.628000e-05	-3.697791e-03	7.206147e+00
2.629000e-05	-3.294771e-03	6.903521e+00
2.630000e-05	-3.698538e-03	6.671335e+00
2.631000e-05	-4.426448e-03	6.398180e+00
2.632000e-05	-2.992463e-03	6.134620e+00
2.633000e-05	-3.627670e-03	5.921914e+00
2.634000e-05	-3.979626e-03	5.547300e+00
2.635000e-05	-4.259306e-03	5.334096e+00
2.636000e-05	-4.414932e-03	4.947202e+00
2.637000e-05	-4.228539e-03	4.731989e+00
2.638000e-05	-4.343452e-03	4.459884e+00
2.639000e-05	-4.697476e-03	4.134047e+00
2.640000e-05	-4.327121e-03	3.841435e+00
2.641000e-05	-5.168752e-03	3.618880e+00
2.642000e-05	-4.913969e-03	3.302018e+00
2.643000e-05	-4.839295e-03	3.028858e+00
2.644000e-05	-5.108939e-03	2.788275e+00
2.645000e-05	-5.160960e-03	2.471964e+00
2.646000e-05	-4.383779e-03	2.126824e+00
2.647000e-05	-4.949814e-03	1.913592e+00
2.648000e-05	-4.347864e-03	1.599435e+00
2.649000e-05	-5.520619e-03	1.283595e+00
2.650000e-05	-4.216053e-03	1.008383e+00
2.651000e-05	-4.847792e-03	6.510881e-01
2.652000e-05	-4.583048e-03	3.995088e-01
2.653000e-05	-3.572540e-03	7.227453e-02
2.654000e-05	1.002645e-03	-1.699873e-01
2.655000e-05	5.359813e-03	-4.121452e-01
2.656000e-05	-3.447349e-03	-6.677769e-01
2.657000e-05	-1.436562e-03	-9.793872e-01
2.658000e-05	-3.851938e-03	-1.232045e+00
2.659000e-05	-1.914794e-03	-1.548361e+00
2.660000e-05	1.877661e-04	-1.779942e+00
2.661000e-05	2.416681e-02	-1.970997e+00
2.662000e-05	9.812028e-02	-2.325521e+00
2.663000e-05	-4.469171e-02	-2.642522e+00
2.664000e-05	-4.431040e-02	-3.043987e+00
2.665000e-05	-4.541210e-02	-3.339233e+00
2.666000e-05	-8.458021e-03	-3.598813e+00
2.667000e-05	-6.884513e-02	-3.852046e+00
2.668000e-05	5.881575e-02	-4.062552e+00
2.669000e-05	5.140375e-02	-4.231422e+00
2.670000e-05	-1.002870e-01	-4.546608e+00
2.671000e-05	1.795111e-01	-4.800190e+00
2.672000e-05	-1.369600e-01	-5.105021e+00
2.673000e-05	3.908426e-02	-5.471795e+00
2.674000e-05	-2.599652e-02	-5.675524e+00
2.675000e-05	-5.813925e-02	-5.969707e+00
2.676000e-05	1.146942e-01	-6.231217e+00
2.677000e-05	-1.122198e-01	-6.516479e+00
2.678000e-05	9.906435e-02	-6.748586e+00
2.679000e-05	-3.335892e-02	-7.062244e+00
2.680000e-05	-2.198729e-02	-7.399010e+00
2.681000e-05	2.388884e-02	-7.590686e+00
2.682000e-05	-7.932220e-02	-7.933373e+00
2.683000e-05	1.000382e-01	-8.137140e+00
2.684000e-05	-8.312226e-02	-8.380186e+00
2.685000e-05	5.414124e-02	-8.663694e+00
2.686000e-05	-2.224140e-02	-8.893319e+00
2.687000e-05	-1.998058e-02	-9.135427e+00
2.688000e-05	3.066635e-02	-9.335404e+00
2.689000e-05	-6.420897e-02	-9.549011e+00
2.690000e-05	6.323886e-02	-9.808142e+00
2.691000e-05	-5.805040e-02	-1.002154e+01
2.692000e-05	5.625006e-02	-1.023117e+01
2.693000e-05	-5.228442e-02	-1.049315e+01
2.694000e-05	1.871971e-02	-1.071283e+01
2.695000e-05	-1.756773e-02	-1.086322e+01
2.696000e-05	-6.582265e-03	-1.113470e+01
2.697000e-05	7.765270e-03	-1.130325e+01
2.698000e-05	-2.195027e-02	-1.153581e+01
2.699000e-05	2.532366e-02	-1.173528e+01
2.700000e-05	-2.818823e-02	-1.194630e+01
2.701000e-05	1.691969e-02	-1.213631e+01
2.702000e-05	-3.586754e-02	-1.231425e+01
2.703000e-05	1.761863e-02	-1.250425e+01
2.704000e-05	-2.108096e-02	-1.266112e+01
2.705000e-05	8.568809e-03	-1.285899e+01
2.706000e-05	-1.531214e-02	-1.298844e+01
2.707000e-05	4.032662e-03	-1.313633e+01
2.708000e-05	-3.939834e-03	-1.331272e+01
2.709000e-05	-1.183068e-02	-1.347005e+01
2.710000e-05	-4.048793e-03	-1.359794e+01
2.711000e-05	-1.329179e-02	-1.373483e+01
2.712000e-05	5.939698e-03	-1.387265e+01
2.713000e-05	-1.507199e-02	-1.398936e+01
2.714000e-05	2.242580e-03	-1.414526e+01
2.715000e-05	-1.134506e-02	-1.421903e+01
2.716000e-05	1.835011e-03	-1.443679e+01
2.717000e-05	-1.333437e-02	-1.448263e+01
2.718000e-05	-6.230335e-03	-1.459959e+01
2.719000e-05	-6.991241e-03	-1.470320e+01
2.720000e-05	-3.290032e-03	-1.479694e+01
2.721000e-05	-4.815631e-03	-1.485155e+01
2.722000e-05	-7.525315e-03	-1.495626e+01
2.723000e-05	-4.828138e-03	-1.504042e+01
2.724000e-05	-5.898499e-03	-1.513363e+01
2.725000e-05	-6.981250e-03	-1.518569e+01
2.726000e-05	-8.367495e-03	-1.523939e+01
2.727000e-05	-5.424654e-03	-1.525253e+01
2.728000e-05	-4.145003e-03	-1.534371e+01
2.729000e-05	-4.801181e-03	-1.538739e+01
2.730000e-05	-9.218154e-03	-1.542842e+01
2.731000e-05	-5.527502e-03	-1.543103e+01
2.732000e-05	-6.826070e-03	-1.544216e+01
2.733000e-05	-4.410078e-03	-1.553266e+01
2.734000e-05	-7.364837e-03	-1.552321e+01
2.735000e-05	-6.251522e-03	-1.556619e+01
2.736000e-05	-6.495007e-03	-1.554619e+01
2.737000e-05	-6.560063e-03	-1.551419e+01
2.738000e-05	-7.914608e-03	-1.553469e+01
2.739000e-05	-8.326064e-03	-1.551366e+01
2.740000e-05	-4.630010e-03	-1.548303e+01
2.741000e-05	-6.136955e-03	-1.549258e+01
2.742000e-05	-6.558987e-03	-1.543056e+01
2.743000e-05	-6.997261e-03	-1.537950e+01
2.744000e-05	-6.708542e-03	-1.534724e+01
2.745000e-05	-5.841291e-03	-1.531424e+01
2.746000e-05	-7.721181e-03	-1.526950e+01
2.747000e-05	-5.711038e-03	-1.522835e+01
2.748000e-05	-6.295729e-03	-1.514477e+01
2.749000e-05	-5.648327e-03	-1.510303e+01
2.750000e-05	-8.023748e-03	-1.504042e+01
2.751000e-05	-7.754222e-03	-1.492377e+01
2.752000e-05	-6.887514e-03	-1.488146e+01
2.753000e-05	-5.735276e-03	-1.477389e+01
2.754000e-05	-6.721781e-03	-1.470206e+01
2.755000e-05	-6.856024e-03	-1.457790e+01
2.756000e-05	-6.926536e-03	-1.448056e+01
2.757000e-05	-5.724775e-03	-1.436666e+01
2.758000e-05	-7.251894e-03	-1.426945e+01
2.759000e-05	-7.010663e-03	-1.411318e+01
2.760000e-05	-7.372150e-03	-1.401638e+01
2.761000e-05	-5.875031e-03	-1.387961e+01
2.762000e-05	-7.085778e-03	-1.372266e+01
2.763000e-05	-7.640364e-03	-1.360692e+01
2.764000e-05	-7.270363e-03	-1.342850e+01
2.765000e-05	-6.335848e-03	-1.328221e+01
2.766000e-05	-5.917606e-03	-1.316336e+01
2.767000e-05	-6.671842e-03	-1.299790e+01
2.768000e-05	-5.871916e-03	-1.284850e+01
2.769000e-05	-6.126071e-03	-1.265109e+01
2.770000e-05	-6.575559e-03	-1.250129e+01
2.771000e-05	-7.437811e-03	-1.233131e+01
2.772000e-05	-7.871807e-03	-1.212477e+01
2.773000e-05	-6.831370e-03	-1.197392e+01
2.774000e-05	-7.210326e-03	-1.171530e+01
2.775000e-05	-6.221519e-03	-1.153022e+01
2.776000e-05	-6.181215e-03	-1.131279e+01
2.777000e-05	-5.145737e-03	-1.108073e+01
2.778000e-05	-5.975327e-03	-1.087229e+01
2.779000e-05	-5.737643e-03	-1.070181e+01
2.780000e-05	-7.096315e-03	-1.052082e+01
2.781000e-05	-6.440502e-03	-1.027011e+01
2.782000e-05	-6.855062e-03	-1.000773e+01
2.783000e-05	-7.621016e-03	-9.837730e+00
2.784000e-05	-7.328788e-03	-9.607079e+00
2.785000e-05	-6.075411e-03	-9.356524e+00
2.786000e-05	-5.506435e-03	-9.144946e+00
2.787000e-05	-4.986509e-03	-8.903494e+00
2.788000e-05	-4.526114e-03	-8.632788e+00
2.789000e-05	-4.474838e-03	-8.408153e+00
2.790000e-05	-5.523742e-03	-8.186601e+00
2.791000e-05	-7.110513e-03	-7.913997e+00
2.792000e-05	-7.775198e-03	-7.688785e+00
2.793000e-05	-7.452062e-03	-7.377676e+00
2.794000e-05	-6.505186e-03	-7.135550e+00
2.795000e-05	-4.995440e-03	-6.890836e+00
2.796000e-05	-3.593933e-03	-6.609784e+00
2.797000e-05	-3.874233e-03	-6.375126e+00
2.798000e-05	-3.515706e-03	-6.080913e+00
2.799000e-05	-6.095216e-03	-5.807354e+00
2.800000e-05	-7.671086e-03	-5.525651e+00
2.801000e-05	-7.481707e-03	-5.228340e+00
2.802000e-05	-8.099239e-03	-4.944921e+00
2.803000e-05	-5.474136e-03	-4.639903e+00
2.804000e-05	-3.738692e-03	-4.388354e+00
2.805000e-05	-2.051778e-03	-4.105174e+00
2.806000e-05	-2.982597e-03	-3.868987e+00
2.807000e-05	-4.658672e-03	-3.536200e+00
2.808000e-05	-8.392100e-03	-3.263168e+00
2.809000e-05	-7.703945e-03	-2.976905e+00
2.810000e-05	-7.402536e-03	-2.723596e+00
2.811000e-05	-5.192489e-03	-2.441534e+00
2.812000e-05	-3.690544e-03	-2.163226e+00
2.813000e-05	-1.624206e-03	-1.820615e+00
2.814000e-05	-2.397081e-03	-1.608960e+00
2.815000e-05	-3.873376e-03	-1.260645e+00
2.816000e-05	-7.320160e-03	-9.667774e-01
2.817000e-05	-6.452620e-03	-6.716882e-01
2.818000e-05	-5.804270e-03	-3.669311e-01
2.819000e-05	-3.301709e-03	-1.037494e-01
2.820000e-05	6.871594e-03	2.113907e-01
2.821000e-05	1.636529e-03	4.441016e-01
2.822000e-05	3.943361e-03	7.251817e-01
2.823000e-05	-4.974690e-04	9.908896e-01
2.824000e-05	-6.844033e-05	1.276104e+00
2.825000e-05	-2.275164e-03	1.602441e+00
2.826000e-05	2.572607e-03	1.872599e+00
2.827000e-05	1.411130e-02	2.064679e+00
2.828000e-05	7.124626e-02	2.357266e+00
2.829000e-05	1.463639e-02	2.718699e+00
2.830000e-05	-5.787867e-02	3.023521e+00
2.831000e-05	-4.251744e-02	3.304602e+00
2.832000e-05	-1.079369e-02	3.590292e+00
2.833000e-05	-1.079961e-02	3.819395e+00
2.834000e-05	-5.651321e-02	4.002401e+00
2.835000e-05	4.025193e-02	4.284575e+00
2.836000e-05	4.423766e-02	4.570713e+00
2.837000e-05	-2.301643e-02	4.822849e+00
2.838000e-05	9.737652e-02	5.180056e+00
2.839000e-05	-1.006352e-01	5.464496e+00
2.840000e-05	2.280971e-02	5.716631e+00
2.841000e-05	1.045735e-02	5.980744e+00
2.842000e-05	-1.189563e-02	6.273872e+00
2.843000e-05	1.877832e-02	6.507054e+00
2.844000e-05	-4.954372e-02	6.820766e+00
2.845000e-05	7.610718e-02	7.064323e+00
2.846000e-05	-2.111102e-02	7.377103e+00
2.847000e-05	-1.362943e-02	7.679690e+00
2.848000e-05	-3.094295e-02	7.914899e+00
2.849000e-05	2.999372e-02	8.220637e+00
2.850000e-05	3.743518e-02	8.380719e+00
2.851000e-05	-4.615001e-02	8.611719e+00
2.852000e-05	1.393028e-02	8.882271e+00
2.853000e-05	-2.282665e-03	9.105352e+00
2.854000e-05	1.683845e-02	9.347507e+00
2.855000e-05	-1.603262e-02	9.507485e+00
2.856000e-05	-1.216393e-02	9.848645e+00
2.857000e-05	1.762102e-02	1.001066e+01
2.858000e-05	1.267477e-02	1.026119e+01
2.859000e-05	8.109779e-03	1.049277e+01
2.860000e-05	-3.107790e-02	1.070380e+01
2.861000e-05	1.239442e-02	1.087530e+01
2.862000e-05	5.584267e-03	1.110223e+01
2.863000e-05	4.844791e-03	1.130370e+01
2.864000e-05	-1.585518e-02	1.152518e+01
2.865000e-05	9.844268e-03	1.169675e+01
2.866000e-05	1.295211e-02	1.191691e+01
2.867000e-05	2.315480e-03	1.212420e+01
2.868000e-05	-1.419616e-02	1.230366e+01
2.869000e-05	-5.482640e-03	1.246313e+01
2.870000e-05	1.169317e-02	1.262115e+01
2.871000e-05	4.020238e-03	1.276994e+01
2.872000e-05	-4.327775e-03	1.297783e+01
2.873000e-05	-2.804538e-03	1.315528e+01
2.874000e-05	1.559688e-02	1.329267e+01
2.875000e-05	-6.031836e-04	1.343107e+01
2.876000e-05	-6.822906e-03	1.353636e+01
2.877000e-05	-8.949265e-03	1.373416e+01
2.878000e-05	1.073404e-02	1.388307e+01
2.879000e-05	3.732812e-03	1.402874e+01
2.880000e-05	-2.405399e-03	1.412466e+01
2.881000e-05	-2.315899e-03	1.428300e+01
2.882000e-05	7.616716e-03	1.440939e+01
2.883000e-05	5.002096e-03	1.454461e+01
2.884000e-05	-7.960052e-03	1.463784e+01
2.885000e-05	-2.215221e-03	1.472568e+01
2.886000e-05	3.466489e-03	1.476834e+01
2.887000e-05	6.922699e-03	1.490312e+01
2.888000e-05	-4.078168e-03	1.490568e+01
2.889000e-05	-3.027894e-03	1.504047e+01
2.890000e-05	2.826052e-03	1.511258e+01
2.891000e-05	5.296035e-03	1.513521e+01
2.892000e-05	-3.401243e-03	1.519826e+01
2.893000e-05	-5.020008e-03	1.525295e+01
2.894000e-05	3.429756e-03	1.531458e+01
2.895000e-05	3.075810e-03	1.533466e+01
2.896000e-05	-1.036077e-03	1.541876e+01
2.897000e-05	-6.390830e-03	1.541889e+01
2.898000e-05	3.382007e-03	1.549150e+01
2.899000e-05	4.308624e-03	1.549348e+01
2.900000e-05	4.339251e-04	1.551198e+01
2.901000e-05	-3.823083e-03	1.554155e+01
2.902000e-05	5.022224e-05	1.552413e+01
2.903000e-05	4.160390e-03	1.551303e+01
2.904000e-05	-3.092304e-03	1.549095e+01
2.905000e-05	-4.572741e-03	1.547198e+01
2.906000e-05	-1.234244e-03	1.554200e+01
2.907000e-05	5.067688e-03	1.546835e+01
2.908000e-05	-6.109319e-04	1.540784e+01
2.909000e-05	-2.901531e-03	1.537665e+01
2.910000e-05	-5.343470e-04	1.531513e+01
2.911000e-05	3.172016e-03	1.528201e+01
2.912000e-05	1.421939e-04	1.524895e+01
2.913000e-05	-4.008311e-03	1.518729e+01
2.914000e-05	-1.020471e-03	1.516263e+01
2.915000e-05	2.518023e-03	1.504150e+01
2.916000e-05	1.180014e-03	1.495624e+01
2.917000e-05	-4.096343e-03	1.489223e+01
2.918000e-05	-1.425386e-03	1.480837e+01
2.919000e-05	1.130049e-03	1.474514e+01
2.920000e-05	1.887982e-03	1.463940e+01
2.921000e-05	-3.338826e-03	1.448316e+01
2.922000e-05	-1.175846e-03	1.443095e+01
2.923000e-05	1.142905e-03	1.428421e+01
2.924000e-05	1.468288e-03	1.418725e+01
2.925000e-05	-3.843179e-03	1.403206e+01
2.926000e-05	-2.526525e-03	1.394464e+01
2.927000e-05	8.260718e-04	1.379782e+01
2.928000e-05	2.470874e-03	1.364005e+01
2.929000e-05	-3.238174e-03	1.350221e+01
2.930000e-05	-2.870447e-03	1.334642e+01
2.931000e-05	-1.770854e-03	1.319797e+01
2.932000e-05	1.268621e-03	1.309010e+01
2.933000e-05	-2.813561e-03	1.289269e+01
2.934000e-05	-2.539824e-03	1.275529e+01
2.935000e-05	1.767310e-05	1.256802e+01
2.936000e-05	1.016827e-03	1.239848e+01
2.937000e-05	-3.146490e-03	1.227905e+01
2.938000e-05	-3.184865e-03	1.205011e+01
2.939000e-05	-3.010038e-03	1.188013e+01
2.940000e-05	5.596513e-04	1.164011e+01
2.941000e-05	-2.127973e-03	1.146903e+01
2.942000e-05	-2.442352e-03	1.120853e+01
2.943000e-05	-5.689472e-04	1.098973e+01
2.944000e-05	6.029901e-04	1.083103e+01
2.945000e-05	-2.666358e-03	1.064853e+01
2.946000e-05	-5.057255e-03	1.038858e+01
2.947000e-05	-4.655931e-03	1.019753e+01
2.948000e-05	-1.679656e-03	9.986495e+00
2.949000e-05	-3.005480e-03	9.713800e+00
2.950000e-05	-2.059702e-03	9.461365e+00
2.951000e-05	-2.553950e-03	9.262911e+00
2.952000e-05	-3.078950e-04	9.059783e+00
2.953000e-05	-2.207343e-03	8.779651e+00
2.954000e-05	-6.543978e-03	8.618595e+00
2.955000e-05	-5.374259e-03	8.365021e+00
2.956000e-05	-3.262428e-03	8.082335e+00
2.957000e-05	-1.471306e-03	7.829808e+00
2.958000e-05	-4.300429e-03	7.536497e+00
2.959000e-05	-3.175953e-03	7.302359e+00
2.960000e-05	-1.951612e-03	7.030837e+00
2.961000e-05	-2.417314e-03	6.748204e+00
2.962000e-05	-5.861779e-03	6.481543e+00
2.963000e-05	-5.193391e-03	6.240333e+00
2.964000e-05	-4.121940e-03	6.009336e+00
2.965000e-05	-3.772280e-03	5.734618e+00
2.966000e-05	-4.676564e-03	5.471410e+00
2.967000e-05	-5.467880e-03	5.196622e+00
2.968000e-05	-2.798391e-03	4.811381e+00
2.969000e-05	-2.752428e-03	4.575197e+00
2.970000e-05	-4.619996e-03	4.263594e+00
2.971000e-05	-6.264455e-03	3.966276e+00
2.972000e-05	-4.021423e-03	3.664642e+00
2.973000e-05	-3.857948e-03	3.432959e+00
2.974000e-05	-4.886086e-03	3.137800e+00
2.975000e-05	-6.569107e-03	2.893566e+00
2.976000e-05	-4.342900e-03	2.596261e+00
2.977000e-05	-3.112735e-03	2.293115e+00
2.978000e-05	-4.961017e-03	2.030559e+00
2.979000e-05	-6.173409e-03	1.736825e+00
2.980000e-05	-5.108938e-03	1.452038e+00
2.981000e-05	-3.256475e-03	1.157305e+00
2.982000e-05	-5.026316e-03	8.104363e-01
2.983000e-05	-5.877608e-03	5.057709e-01
2.984000e-05	-4.321458e-03	2.636393e-01
2.985000e-05	-1.625307e-03	-4.157251e-02
2.986000e-05	6.691740e-03	-3.467592e-01
2.987000e-05	-4.657918e-03	-5.773647e-01
2.988000e-05	2.984980e-04	-8.801776e-01
2.989000e-05	-4.948233e-03	-1.104231e+00
2.990000e-05	1.033564e-04	-1.400440e+00
2.991000e-05	-4.391302e-03	-1.674682e+00
2.992000e-05	1.078622e-02	-1.935703e+00
2.993000e-05	6.200094e-02	-2.086710e+00
2.994000e-05	5.040534e-02	-2.446025e+00
2.995000e-05	-7.440063e-02	-2.843491e+00
2.996000e-05	-3.230471e-02	-3.222894e+00
2.997000e-05	-3.307609e-02	-3.444524e+00
2.998000e-05	-2.032111e-02	-3.695107e+00
2.999000e-05	-6.050154e-02	-3.970211e+00
3.000000e-05	1.389718e-01	-4.137708e+00
3.001000e-05	-1.123756e-01	-4.389288e+00
3.002000e-05	9.441454e-02	-4.675476e+00
3.003000e-05	4.680552e-02	-4.896108e+00
3.004000e-05	-1.250005e-01	-5.275027e+00
3.005000e-05	9.585116e-02	-5.548162e+00
3.006000e-05	-1.423435e-01	-5.842391e+00
3.007000e-05	1.029972e-01	-6.095030e+00
3.008000e-05	-2.601523e-02	-6.353083e+00
3.009000e-05	-3.022997e-02	-6.662350e+00
3.010000e-05	9.376648e-02	-6.903981e+00
3.011000e-05	-9.932872e-02	-7.190117e+00
3.012000e-05	6.107770e-02	-7.462379e+00
3.013000e-05	-8.183826e-02	-7.697982e+00
3.014000e-05	3.820236e-02	-8.030166e+00
3.015000e-05	2.230318e-02	-8.242298e+00
3.016000e-05	-5.533266e-02	-8.494403e+00
3.017000e-05	7.427004e-02	-8.748004e+00
3.018000e-05	-8.855850e-02	-9.029065e+00
3.019000e-05	6.494178e-02	-9.192621e+00
3.020000e-05	-6.421825e-02	-9.452215e+00
3.021000e-05	2.998547e-02	-9.714351e+00
3.022000e-05	-6.251513e-03	-9.884357e+00
3.023000e-05	-5.980236e-03	-1.009743e+01
3.024000e-05	2.122722e-02	-1.034588e+01
3.025000e-05	-5.131155e-02	-1.059806e+01
3.026000e-05	3.710800e-02	-1.077854e+01
3.027000e-05	-4.875488e-02	-1.099749e+01
3.028000e-05	3.699165e-02	-1.119849e+01
3.029000e-05	-3.810255e-02	-1.139851e+01
3.030000e-05	2.661298e-02	-1.163909e+01
3.031000e-05	-1.891883e-02	-1.179004e+01
3.032000e-05	6.211189e-03	-1.199954e+01
3.033000e-05	-1.605336e-02	-1.220052e+01
3.034000e-05	-1.060041e-02	-1.240897e+01
3.035000e-05	6.821779e-03	-1.255691e+01
3.036000e-05	-1.548629e-02	-1.276586e+01
3.037000e-05	7.451953e-03	-1.288483e+01
3.038000e-05	-2.014557e-02	-1.309263e+01
3.039000e-05	1.612434e-02	-1.320054e+01
3.040000e-05	-2.167837e-02	-1.339784e+01
3.041000e-05	4.519862e-03	-1.353578e+01
3.042000e-05	-1.879787e-02	-1.366202e+01
3.043000e-05	6.001546e-03	-1.380997e+01
3.044000e-05	-9.021938e-03	-1.390579e+01
3.045000e-05	-5.614590e-03	-1.408258e+01
3.046000e-05	-5.556926e-03	-1.419835e+01
3.047000e-05	-5.071653e-03	-1.432516e+01
3.048000e-05	-1.123302e-03	-1.446100e+01
3.049000e-05	-1.289108e-02	-1.456634e+01
3.050000e-05	-1.653252e-03	-1.465208e+01
3.051000e-05	-7.872899e-03	-1.472381e+01
3.052000e-05	2.093087e-04	-1.484997e+01
3.053000e-05	-1.071808e-02	-1.489265e+01
3.054000e-05	-5.933865e-03	-1.499747e+01
3.055000e-05	-7.170404e-03	-1.507155e+01
3.056000e-05	-3.360591e-03	-1.515568e+01
3.057000e-05	-8.334986e-03	-1.520684e+01
3.058000e-05	-7.089742e-03	-1.526945e+01
3.059000e-05	-5.356054e-03	-1.529468e+01
3.060000e-05	-2.819977e-03	-1.535881e+01
3.061000e-05	-7.154018e-03	-1.540740e+01
3.062000e-05	-8.901189e-03	-1.543047e+01
3.063000e-05	-5.746514e-03	-1.545106e+01
3.064000e-05	-4.151157e-03	-1.545256e+01
3.065000e-05	-4.576647e-03	-1.551269e+01
3.066000e-05	-1.003937e-02	-1.552409e+01
3.067000e-05	-5.693470e-03	-1.553474e+01
3.068000e-05	-6.277086e-03	-1.556521e+01
3.069000e-05	-5.226769e-03	-1.553429e+01
3.070000e-05	-8.571320e-03	-1.553316e+01
3.071000e-05	-6.491201e-03	-1.550264e+01
3.072000e-05	-3.858572e-03	-1.551311e+01
3.073000e-05	-5.176597e-03	-1.548148e+01
3.074000e-05	-8.071551e-03	-1.541850e+01
3.075000e-05	-9.593773e-03	-1.536740e+01
3.076000e-05	-4.741440e-03	-1.532624e+01
3.077000e-05	-6.095287e-03	-1.530411e+01
3.078000e-05	-6.877507e-03	-1.523900e+01
3.079000e-05	-7.784572e-03	-1.519622e+01
3.080000e-05	-5.635235e-03	-1.517414e+01
3.081000e-05	-5.290460e-03	-1.506898e+01
3.082000e-05	-8.264128e-03	-1.496689e+01
3.083000e-05	-8.783957e-03	-1.489358e+01
3.084000e-05	-6.361770e-03	-1.481792e+01
3.085000e-05	-5.181807e-03	-1.476366e+01
3.086000e-05	-6.851803e-03	-1.465000e+01
3.087000e-05	-8.378233e-03	-1.450474e+01
3.088000e-05	-7.200651e-03	-1.444795e+01
3.089000e-05	-5.233707e-03	-1.428306e+01
3.090000e-05	-6.832893e-03	-1.418627e+01
3.091000e-05	-7.836435e-03	-1.407903e+01
3.092000e-05	-6.987682e-03	-1.391324e+01
3.093000e-05	-4.960385e-03	-1.374637e+01
3.094000e-05	-6.961867e-03	-1.357058e+01
3.095000e-05	-8.221333e-03	-1.350311e+01
3.096000e-05	-7.496414e-03	-1.338584e+01
3.097000e-05	-5.500791e-03	-1.320852e+01
3.098000e-05	-6.781015e-03	-1.303013e+01
3.099000e-05	-7.951326e-03	-1.289339e+01
3.100000e-05	-6.581763e-03	-1.273584e+01
3.101000e-05	-4.716655e-03	-1.258680e+01
3.102000e-05	-6.500571e-03	-1.237957e+01
3.103000e-05	-8.152345e-03	-1.221962e+01
3.104000e-05	-7.246568e-03	-1.205003e+01
3.105000e-05	-6.028818e-03	-1.181950e+01
3.106000e-05	-6.270304e-03	-1.161902e+01
3.107000e-05	-8.071061e-03	-1.137595e+01
3.108000e-05	-7.570315e-03	-1.116747e+01
3.109000e-05	-4.822766e-03	-1.097552e+01
3.110000e-05	-5.739601e-03	-1.077817e+01
3.111000e-05	-7.285977e-03	-1.056665e+01
3.112000e-05	-7.661391e-03	-1.037597e+01
3.113000e-05	-5.718555e-03	-1.015439e+01
3.114000e-05	-5.236329e-03	-9.943914e+00
3.115000e-05	-6.713847e-03	-9.682918e+00
3.116000e-05	-6.381246e-03	-9.501291e+00
3.117000e-05	-5.795036e-03	-9.249655e+00
3.118000e-05	-5.365274e-03	-9.040180e+00
3.119000e-05	-6.434746e-03	-8.778050e+00
3.120000e-05	-6.841177e-03	-8.546497e+00
3.121000e-05	-5.814195e-03	-8.293865e+00
3.122000e-05	-4.956844e-03	-8.051384e+00
3.123000e-05	-5.903600e-03	-7.795697e+00
3.124000e-05	-6.313107e-03	-7.483993e+00
3.125000e-05	-6.194730e-03	-7.281914e+00
3.126000e-05	-5.580138e-03	-7.007680e+00
3.127000e-05	-6.431477e-03	-6.715620e+00
3.128000e-05	-6.000923e-03	-6.490987e+00
3.129000e-05	-6.189737e-03	-6.227834e+00
3.130000e-05	-5.377834e-03	-5.956124e+00
3.131000e-05	-6.789794e-03	-5.692467e+00
3.132000e-05	-5.844665e-03	-5.387183e+00
3.133000e-05	-5.921386e-03	-5.093468e+00
3.134000e-05	-4.282131e-03	-4.715205e+00
3.135000e-05	-5.517484e-03	-4.493619e+00
3.136000e-05	-5.000809e-03	-4.251488e+00
3.137000e-05	-6.330184e-03	-3.977325e+00
3.138000e-05	-4.865880e-03	-3.672571e+00
3.139000e-05	-7.201707e-03	-3.441487e+00
3.140000e-05	-5.747948e-03	-3.176777e+00
3.141000e-05	-6.422514e-03	-2.851563e+00
3.142000e-05	-4.476569e-03	-2.566255e+00
3.143000e-05	-4.631683e-03	-2.323648e+00
3.144000e-05	-4.368797e-03	-1.989929e+00
3.145000e-05	-4.419375e-03	-1.735250e+00
3.146000e-05	-5.243419e-03	-1.379485e+00
3.147000e-05	-5.503155e-03	-1.113168e+00
3.148000e-05	-6.382162e-03	-8.399350e-01
3.149000e-05	-3.991286e-03	-5.441510e-01
3.150000e-05	-4.312862e-03	-2.405880e-01
3.151000e-05	1.494603e-03	2.454858e-02
3.152000e-05	6.284016e-03	3.398371e-01
3.153000e-05	-1.231654e-03	5.898898e-01
3.154000e-05	1.308936e-03	8.225215e-01
3.155000e-05	-2.094584e-03	1.150280e+00
3.156000e-05	-3.020400e-04	1.411970e+00
3.157000e-05	-2.394148e-03	1.777833e+00
3.158000e-05	9.978567e-03	1.969337e+00
3.159000e-05	3.467160e-02	2.181866e+00
3.160000e-05	7.410422e-02	2.518683e+00
3.161000e-05	-5.234855e-02	2.865153e+00
3.162000e-05	-4.789194e-02	3.138811e+00
3.163000e-05	-3.534774e-02	3.453471e+00
3.164000e-05	5.568572e-03	3.716153e+00
3.165000e-05	-4.698072e-02	3.975107e+00
3.166000e-05	-3.110733e-02	4.106634e+00
3.167000e-05	9.421793e-02	4.441817e+00
3.168000e-05	-4.874652e-02	4.687034e+00
3.169000e-05	8.757585e-02	4.959212e+00
3.170000e-05	-1.948745e-02	5.325527e+00
3.171000e-05	-6.134305e-02	5.580761e+00
3.172000e-05	5.104094e-02	5.873347e+00
3.173000e-05	-3.279699e-02	6.167535e+00
3.174000e-05	3.262363e-02	6.400185e+00
3.175000e-05	-4.180759e-02	6.662922e+00
3.176000e-05	1.948779e-02	6.979161e+00
3.177000e-05	4.275513e-02	7.219744e+00
3.178000e-05	-3.603360e-02	7.514872e+00
3.179000e-05	-1.329375e-02	7.739060e+00
3.180000e-05	-2.024163e-02	8.042195e+00
3.181000e-05	5.781087e-02	8.342979e+00
3.182000e-05	-1.170739e-02	8.517480e+00
3.183000e-05	-2.793678e-02	8.745956e+00
3.184000e-05	2.423045e-02	8.939062e+00
3.185000e-05	-8.066754e-03	9.231117e+00
3.186000e-05	1.975181e-02	9.441669e+00
3.187000e-05	-3.659314e-02	9.694304e+00
3.188000e-05	1.556680e-02	9.923880e+00
3.189000e-05	9.758144e-03	1.012796e+01
3.190000e-05	1.667671e-02	1.034749e+01
3.191000e-05	-1.429285e-02	1.053846e+01
3.192000e-05	-1.957726e-02	1.082004e+01
3.193000e-05	2.283667e-02	1.098909e+01
3.194000e-05	-4.247851e-03	1.115796e+01
3.195000e-05	3.235880e-03	1.145241e+01
3.196000e-05	-1.674575e-02	1.162097e+01
3.197000e-05	2.293136e-02	1.185167e+01
3.198000e-05	3.177760e-03	1.200852e+01
3.199000e-05	-3.572856e-03	1.217946e+01
3.200000e-05	-1.418841e-02	1.238839e+01
3.201000e-05	5.240769e-03	1.252536e+01
3.202000e-05	1.318284e-02	1.272478e+01
3.203000e-05	-5.504650e-03	1.287215e+01
3.204000e-05	-2.738755e-03	1.304057e+01
3.205000e-05	1.950471e-03	1.322938e+01
3.206000e-05	1.500930e-02	1.332781e+01
3.207000e-05	-8.196141e-03	1.348421e+01
3.208000e-05	-8.059190e-03	1.365205e+01
3.209000e-05	-4.894663e-04	1.381834e+01
3.210000e-05	1.033836e-02	1.394623e+01
3.211000e-05	2.890906e-04	1.407092e+01
3.212000e-05	-7.133038e-03	1.420974e+01
3.213000e-05	4.264807e-03	1.435673e+01
3.214000e-05	5.893616e-03	1.446300e+01
3.215000e-05	1.123790e-03	1.456724e+01
3.216000e-05	-9.042465e-03	1.466147e+01
3.217000e-05	1.480031e-03	1.476684e+01
3.218000e-05	7.020367e-03	1.484058e+01
3.219000e-05	1.360569e-03	1.490358e+01
3.220000e-05	-5.216553e-03	1.497831e+01
3.221000e-05	-2.884745e-03	1.506158e+01
3.222000e-05	6.805579e-03	1.509373e+01
3.223000e-05	5.080106e-05	1.516779e+01
3.224000e-05	-4.403784e-03	1.524897e+01
3.225000e-05	-3.055712e-03	1.526300e+01
3.226000e-05	6.060121e-03	1.533616e+01
3.227000e-05	2.415673e-03	1.538976e+01
3.228000e-05	-3.851460e-03	1.540027e+01
3.229000e-05	-1.744575e-03	1.547102e+01
3.230000e-05	4.018116e-03	1.547503e+01
3.231000e-05	4.478563e-03	1.549203e+01
3.232000e-05	-4.548015e-03	1.552305e+01
3.233000e-05	-2.878363e-03	1.551416e+01
3.234000e-05	7.743109e-04	1.551568e+01
3.235000e-05	5.476269e-03	1.550053e+01
3.236000e-05	-5.618742e-03	1.548298e+01
3.237000e-05	-2.360090e-03	1.549153e+01
3.238000e-05	1.764020e-03	1.549240e+01
3.239000e-05	6.244520e-03	1.542827e+01
3.240000e-05	-2.988636e-04	1.541779e+01
3.241000e-05	-4.831831e-03	1.536516e+01
3.242000e-05	1.071074e-03	1.530511e+01
3.243000e-05	2.539035e-03	1.526195e+01
3.244000e-05	-3.467982e-03	1.519835e+01
3.245000e-05	-5.527475e-03	1.518521e+01
3.246000e-05	3.506508e-04	1.506158e+01
3.247000e-05	6.551032e-03	1.501790e+01
3.248000e-05	5.125096e-04	1.491466e+01
3.249000e-05	-3.348310e-03	1.483103e+01
3.250000e-05	-1.384906e-03	1.473587e+01
3.251000e-05	2.095707e-04	1.468506e+01
3.252000e-05	-2.510681e-03	1.457729e+01
3.253000e-05	-5.334273e-03	1.449250e+01
3.254000e-05	-1.254409e-03	1.440685e+01
3.255000e-05	4.103616e-03	1.424105e+01
3.256000e-05	2.568306e-03	1.411464e+01
3.257000e-05	-2.133108e-03	1.400782e+01
3.258000e-05	-1.531299e-03	1.386995e+01
3.259000e-05	-6.019346e-04	1.374421e+01
3.260000e-05	-3.088494e-04	1.360684e+01
3.261000e-05	-5.038390e-03	1.343858e+01
3.262000e-05	-2.486986e-03	1.327221e+01
3.263000e-05	1.057074e-03	1.314524e+01
3.264000e-05	2.275075e-03	1.297837e+01
3.265000e-05	-1.257281e-03	1.282898e+01
3.266000e-05	-3.494448e-03	1.263065e+01
3.267000e-05	-3.282825e-04	1.248408e+01
3.268000e-05	-2.551619e-04	1.232274e+01
3.269000e-05	-2.875483e-03	1.213432e+01
3.270000e-05	-4.636662e-03	1.194587e+01
3.271000e-05	1.281619e-04	1.173739e+01
3.272000e-05	-4.619224e-04	1.156526e+01
3.273000e-05	-1.299503e-03	1.132382e+01
3.274000e-05	-4.662599e-03	1.110434e+01
3.275000e-05	-1.167886e-03	1.090647e+01
3.276000e-05	-7.119190e-04	1.076639e+01
3.277000e-05	-3.041616e-03	1.052576e+01
3.278000e-05	-4.452614e-03	1.026173e+01
3.279000e-05	-1.773472e-03	1.006339e+01
3.280000e-05	-1.035492e-03	9.869155e+00
3.281000e-05	-3.549649e-03	9.568159e+00
3.282000e-05	-4.279172e-03	9.387125e+00
3.283000e-05	-3.286829e-03	9.188547e+00
3.284000e-05	-1.858784e-03	8.914418e+00
3.285000e-05	-2.942573e-03	8.682308e+00
3.286000e-05	-4.433691e-03	8.450833e+00
3.287000e-05	-1.250849e-03	8.210238e+00
3.288000e-05	-2.450523e-03	7.959596e+00
3.289000e-05	-2.031019e-03	7.734991e+00
3.290000e-05	-6.330157e-03	7.390279e+00
3.291000e-05	-5.500595e-03	7.145524e+00
3.292000e-05	-5.517802e-03	6.936017e+00
3.293000e-05	-2.483546e-03	6.651788e+00
3.294000e-05	-3.826543e-03	6.347725e+00
3.295000e-05	-2.199193e-03	6.134616e+00
3.296000e-05	-2.479913e-03	5.863412e+00
3.297000e-05	-2.762520e-03	5.607703e+00
3.298000e-05	-5.515295e-03	5.355022e+00
3.299000e-05	-6.841717e-03	4.986630e+00
3.300000e-05	-6.850869e-03	4.651941e+00
3.301000e-05	-3.951384e-03	4.451383e+00
3.302000e-05	-2.545617e-03	4.144673e+00
3.303000e-05	-3.902385e-03	3.830987e+00
3.304000e-05	-3.598549e-03	3.630831e+00
3.305000e-05	-4.073261e-03	3.283721e+00
3.306000e-05	-3.876211e-03	3.019960e+00
3.307000e-05	-6.890545e-03	2.757275e+00
3.308000e-05	-4.877112e-03	2.482463e+00
3.309000e-05	-5.671660e-03	2.148347e+00
3.310000e-05	-4.737859e-03	1.914194e+00
3.311000e-05	-5.183415e-03	1.617404e+00
3.312000e-05	-3.716601e-03	1.283693e+00
3.313000e-05	-3.715690e-03	9.454537e-01
3.314000e-05	-3.515422e-03	6.731432e-01
3.315000e-05	-6.194944e-03	4.300328e-01
3.316000e-05	-4.408371e-03	7.419453e-02
3.317000e-05	1.071713e-03	-1.598911e-01
3.318000e-05	4.988813e-03	-4.004950e-01
3.319000e-05	-4.247064e-03	-7.257607e-01
3.320000e-05	-1.868452e-03	-9.779185e-01
3.321000e-05	-2.216120e-03	-1.252093e+00
3.322000e-05	-1.132552e-03	-1.508313e+00
3.323000e-05	-2.735909e-04	-1.799940e+00
3.324000e-05	2.307951e-02	-2.000470e+00
3.325000e-05	9.906741e-02	-2.257077e+00
3.326000e-05	-4.406435e-02	-2.632544e+00
3.327000e-05	-4.621026e-02	-3.023916e+00
3.328000e-05	-4.539298e-02	-3.346310e+00
3.329000e-05	-8.537880e-03	-3.577812e+00
3.330000e-05	-6.887082e-02	-3.850594e+00
3.331000e-05	5.692626e-02	-4.054525e+00
3.332000e-05	5.204284e-02	-4.231922e+00
3.333000e-05	-1.016673e-01	-4.546686e+00
3.334000e-05	1.807652e-01	-4.789767e+00
3.335000e-05	-1.374515e-01	-5.104497e+00
3.336000e-05	3.755869e-02	-5.471890e+00
3.337000e-05	-2.527231e-02	-5.704974e+00
3.338000e-05	-5.950110e-02	-6.020236e+00
3.339000e-05	1.163400e-01	-6.250221e+00
3.340000e-05	-1.143577e-01	-6.485976e+00
3.341000e-05	9.821263e-02	-6.780167e+00
3.342000e-05	-3.323151e-02	-7.041744e+00
3.343000e-05	-2.252738e-02	-7.366110e+00
3.344000e-05	2.375175e-02	-7.569063e+00
3.345000e-05	-7.986059e-02	-7.895899e+00
3.346000e-05	1.009359e-01	-8.127561e+00
3.347000e-05	-8.177354e-02	-8.368187e+00
3.348000e-05	5.239458e-02	-8.632245e+00
3.349000e-05	-2.214221e-02	-8.902295e+00
3.350000e-05	-2.302482e-02	-9.126452e+00
3.351000e-05	3.254556e-02	-9.334826e+00
3.352000e-05	-6.620915e-02	-9.568539e+00
3.353000e-05	6.293242e-02	-9.799115e+00
3.354000e-05	-5.856438e-02	-9.990067e+00
3.355000e-05	5.627076e-02	-1.024220e+01
3.356000e-05	-4.986239e-02	-1.048420e+01
3.357000e-05	1.680715e-02	-1.068433e+01
3.358000e-05	-1.610873e-02	-1.086269e+01
3.359000e-05	-7.752268e-03	-1.112472e+01
3.360000e-05	7.490883e-03	-1.127423e+01
3.361000e-05	-2.578053e-02	-1.150273e+01
3.362000e-05	2.452506e-02	-1.171272e+01
3.363000e-05	-2.757952e-02	-1.192578e+01
3.364000e-05	2.066232e-02	-1.211793e+01
3.365000e-05	-3.457390e-02	-1.230418e+01
3.366000e-05	1.783057e-02	-1.246472e+01
3.367000e-05	-2.192652e-02	-1.266112e+01
3.368000e-05	8.033996e-03	-1.284997e+01
3.369000e-05	-1.659078e-02	-1.299942e+01
3.370000e-05	2.147687e-03	-1.313831e+01
3.371000e-05	-3.106847e-03	-1.329363e+01
3.372000e-05	-9.917903e-03	-1.344047e+01
3.373000e-05	-1.438224e-03	-1.362774e+01
3.374000e-05	-1.534878e-02	-1.371369e+01
3.375000e-05	6.858372e-03	-1.386263e+01
3.376000e-05	-1.626493e-02	-1.399834e+01
3.377000e-05	2.419371e-03	-1.416574e+01
3.378000e-05	-1.299973e-02	-1.429010e+01
3.379000e-05	2.225563e-03	-1.441734e+01
3.380000e-05	-1.075802e-02	-1.447323e+01
3.381000e-05	-4.510509e-03	-1.461992e+01
3.382000e-05	-6.456121e-03	-1.472365e+01
3.383000e-05	-3.979076e-03	-1.476939e+01
3.384000e-05	-4.324432e-03	-1.488257e+01
3.385000e-05	-9.165628e-03	-1.496732e+01
3.386000e-05	-6.058344e-03	-1.500095e+01
3.387000e-05	-7.626257e-03	-1.512408e+01
3.388000e-05	-4.914980e-03	-1.520626e+01
3.389000e-05	-7.745230e-03	-1.524087e+01
3.390000e-05	-4.997500e-03	-1.527201e+01
3.391000e-05	-5.579783e-03	-1.533323e+01
3.392000e-05	-4.276787e-03	-1.539747e+01
3.393000e-05	-8.737482e-03	-1.540947e+01
3.394000e-05	-7.123852e-03	-1.545045e+01
3.395000e-05	-7.144314e-03	-1.549253e+01
3.396000e-05	-4.142535e-03	-1.548510e+01
3.397000e-05	-6.603965e-03	-1.551466e+01
3.398000e-05	-5.810071e-03	-1.552561e+01
3.399000e-05	-5.602136e-03	-1.552374e+01
3.400000e-05	-7.261746e-03	-1.555469e+01
3.401000e-05	-7.486963e-03	-1.553371e+01
3.402000e-05	-8.242805e-03	-1.554411e+01
3.403000e-05	-4.606672e-03	-1.547313e+01
3.404000e-05	-5.877173e-03	-1.549253e+01
3.405000e-05	-5.550294e-03	-1.543048e+01
3.406000e-05	-7.318127e-03	-1.541983e+01
3.407000e-05	-6.701152e-03	-1.535684e+01
3.408000e-05	-6.826739e-03	-1.530319e+01
3.409000e-05	-7.022325e-03	-1.526058e+01
3.410000e-05	-7.060773e-03	-1.521687e+01
3.411000e-05	-6.039477e-03	-1.514519e+01
3.412000e-05	-6.750849e-03	-1.507405e+01
3.413000e-05	-7.706651e-03	-1.503987e+01
3.414000e-05	-7.085329e-03	-1.493471e+01
3.415000e-05	-6.020982e-03	-1.485205e+01
3.416000e-05	-5.672491e-03	-1.478627e+01
3.417000e-05	-6.846566e-03	-1.467216e+01
3.418000e-05	-6.526423e-03	-1.457737e+01
3.419000e-05	-6.352379e-03	-1.450013e+01
3.420000e-05	-7.525184e-03	-1.437477e+01
3.421000e-05	-7.467260e-03	-1.421848e+01
3.422000e-05	-6.785581e-03	-1.417316e+01
3.423000e-05	-6.462934e-03	-1.399477e+01
3.424000e-05	-5.807104e-03	-1.384908e+01
3.425000e-05	-6.683542e-03	-1.370274e+01
3.426000e-05	-7.347288e-03	-1.358789e+01
3.427000e-05	-5.847394e-03	-1.344048e+01
3.428000e-05	-6.942277e-03	-1.329116e+01
3.429000e-05	-7.304949e-03	-1.312589e+01
3.430000e-05	-7.585627e-03	-1.295847e+01
3.431000e-05	-6.017345e-03	-1.282900e+01
3.432000e-05	-4.942226e-03	-1.268116e+01
3.433000e-05	-6.296802e-03	-1.248276e+01
3.434000e-05	-6.583319e-03	-1.231184e+01
3.435000e-05	-6.536696e-03	-1.209677e+01
3.436000e-05	-5.532774e-03	-1.196232e+01
3.437000e-05	-7.225553e-03	-1.175539e+01
3.438000e-05	-6.481842e-03	-1.150416e+01
3.439000e-05	-6.116072e-03	-1.130174e+01
3.440000e-05	-5.730009e-03	-1.105171e+01
3.441000e-05	-6.030261e-03	-1.087126e+01
3.442000e-05	-6.560463e-03	-1.066173e+01
3.443000e-05	-6.339608e-03	-1.045126e+01
3.444000e-05	-6.036342e-03	-1.024916e+01
3.445000e-05	-6.881433e-03	-1.000860e+01
3.446000e-05	-6.434319e-03	-9.809103e+00
3.447000e-05	-5.192807e-03	-9.596474e+00
3.448000e-05	-5.508478e-03	-9.355450e+00
3.449000e-05	-6.719880e-03	-9.124345e+00
3.450000e-05	-5.939861e-03	-8.903891e+00
3.451000e-05	-5.519583e-03	-8.689208e+00
3.452000e-05	-5.338226e-03	-8.397730e+00
3.453000e-05	-6.494609e-03	-8.198152e+00
3.454000e-05	-5.737495e-03	-7.954520e+00
3.455000e-05	-5.880535e-03	-7.710733e+00
3.456000e-05	-5.414620e-03	-7.377046e+00
3.457000e-05	-5.759481e-03	-7.134570e+00
3.458000e-05	-6.213675e-03	-6.889882e+00
3.459000e-05	-5.275982e-03	-6.607752e+00
3.460000e-05	-5.426422e-03	-6.375680e+00
3.461000e-05	-5.168848e-03	-6.061442e+00
3.462000e-05	-7.020853e-03	-5.808254e+00
3.463000e-05	-5.780605e-03	-5.526180e+00
3.464000e-05	-5.408589e-03	-5.211437e+00
3.465000e-05	-5.868903e-03	-4.924051e+00
3.466000e-05	-5.519191e-03	-4.658331e+00
3.467000e-05	-5.417423e-03	-4.367249e+00
3.468000e-05	-4.421298e-03	-4.093146e+00
3.469000e-05	-5.884132e-03	-3.822885e+00
3.470000e-05	-5.776189e-03	-3.598302e+00
3.471000e-05	-6.881638e-03	-3.313617e+00
3.472000e-05	-5.126935e-03	-2.956927e+00
3.473000e-05	-4.785357e-03	-2.715217e+00
3.474000e-05	-4.623081e-03	-2.420035e+00
3.475000e-05	-4.921166e-03	-2.095799e+00
3.476000e-05	-3.800992e-03	-1.860612e+00
3.477000e-05	-4.240253e-03	-1.609485e+00
3.478000e-05	-5.531206e-03	-1.259613e+00
3.479000e-05	-7.101683e-03	-9.564010e-01
3.480000e-05	-4.909906e-03	-7.120172e-01
3.481000e-05	-3.383319e-03	-3.474536e-01
3.482000e-05	-2.594174e-03	-1.043195e-01
3.483000e-05	5.823748e-03	1.904871e-01
3.484000e-05	7.950068e-04	4.850553e-01
3.485000e-05	2.197631e-03	6.982057e-01
3.486000e-05	-1.933625e-03	1.000342e+00
3.487000e-05	-4.778972e-04	1.285177e+00
3.488000e-05	-1.326736e-03	1.643391e+00
3.489000e-05	4.292952e-03	1.874051e+00
3.490000e-05	1.557279e-02	2.095104e+00
3.491000e-05	7.162261e-02	2.348236e+00
3.492000e-05	1.456854e-02	2.710133e+00
3.493000e-05	-5.813669e-02	3.053997e+00
3.494000e-05	-4.342035e-02	3.275532e+00
3.495000e-05	-1.192348e-02	3.601389e+00
3.496000e-05	-1.134924e-02	3.840395e+00
3.497000e-05	-5.569379e-02	4.031374e+00
3.498000e-05	4.069775e-02	4.272950e+00
3.499000e-05	4.550899e-02	4.619764e+00
3.500000e-05	-2.454613e-02	4.784899e+00
3.501000e-05	9.815035e-02	5.148631e+00
3.502000e-05	-1.011254e-01	5.464475e+00
3.503000e-05	2.126137e-02	5.706958e+00
3.504000e-05	1.016322e-02	6.041219e+00
3.505000e-05	-1.122612e-02	6.274299e+00
3.506000e-05	2.129714e-02	6.516457e+00
3.507000e-05	-5.028949e-02	6.812219e+00
3.508000e-05	7.582540e-02	7.051349e+00
3.509000e-05	-2.174815e-02	7.357156e+00
3.510000e-05	-1.289200e-02	7.640744e+00
3.511000e-05	-3.208802e-02	7.915452e+00
3.512000e-05	2.883687e-02	8.188588e+00
3.513000e-05	3.782398e-02	8.379194e+00
3.514000e-05	-4.500137e-02	8.600696e+00
3.515000e-05	1.398276e-02	8.864271e+00
3.516000e-05	-1.860303e-03	9.106323e+00
3.517000e-05	1.671671e-02	9.337957e+00
3.518000e-05	-1.511404e-02	9.547434e+00
3.519000e-05	-1.307462e-02	9.789106e+00
3.520000e-05	1.633360e-02	1.000117e+01
3.521000e-05	1.415504e-02	1.024317e+01
3.522000e-05	6.899529e-03	1.048217e+01
3.523000e-05	-2.950823e-02	1.072323e+01
3.524000e-05	1.094820e-02	1.090420e+01
3.525000e-05	7.367738e-03	1.109373e+01
3.526000e-05	3.867229e-03	1.128370e+01
3.527000e-05	-1.564673e-02	1.155433e+01
3.528000e-05	7.243457e-03	1.169718e+01
3.529000e-05	1.371519e-02	1.192639e+01
3.530000e-05	2.618793e-03	1.207583e+01
3.531000e-05	-1.237032e-02	1.228410e+01
3.532000e-05	-5.386253e-03	1.246415e+01
3.533000e-05	1.196561e-02	1.261312e+01
3.534000e-05	1.772979e-03	1.278937e+01
3.535000e-05	-5.291277e-03	1.294878e+01
3.536000e-05	-3.945281e-03	1.315573e+01
3.537000e-05	1.408327e-02	1.326358e+01
3.538000e-05	1.023895e-03	1.346055e+01
3.539000e-05	-6.108217e-03	1.358884e+01
3.540000e-05	-8.148106e-03	1.372578e+01
3.541000e-05	8.523036e-03	1.384195e+01
3.542000e-05	4.079507e-03	1.399884e+01
3.543000e-05	-3.859213e-03	1.411611e+01
3.544000e-05	-3.442874e-03	1.425105e+01
3.545000e-05	6.047122e-03	1.439034e+01
3.546000e-05	5.599956e-03	1.451408e+01
3.547000e-05	-6.370298e-03	1.463942e+01
3.548000e-05	-3.036009e-03	1.469668e+01
3.549000e-05	3.389593e-03	1.478942e+01
3.550000e-05	7.922935e-03	1.485973e+01
3.551000e-05	-3.330610e-03	1.493536e+01
3.552000e-05	-4.148521e-03	1.500142e+01
3.553000e-05	7.818439e-04	1.510210e+01
3.554000e-05	3.993348e-03	1.512515e+01
3.555000e-05	-2.821160e-03	1.520687e+01
3.556000e-05	-4.891599e-03	1.523240e+01
3.557000e-05	2.941468e-03	1.534466e+01
3.558000e-05	4.047918e-03	1.541522e+01
3.559000e-05	2.922512e-04	1.541977e+01
3.560000e-05	-5.917953e-03	1.544127e+01
3.561000e-05	7.545101e-04	1.549200e+01
3.562000e-05	3.577665e-03	1.552145e+01
3.563000e-05	1.308806e-03	1.549450e+01
3.564000e-05	-4.335111e-03	1.548498e+01
3.565000e-05	-7.579126e-04	1.553411e+01
3.566000e-05	3.921652e-03	1.552503e+01
3.567000e-05	-3.718353e-04	1.548253e+01
3.568000e-05	-4.066431e-03	1.549350e+01
3.569000e-05	-2.214535e-03	1.549453e+01
3.570000e-05	4.269670e-03	1.545042e+01
3.571000e-05	8.057866e-04	1.543732e+01
3.572000e-05	-2.700351e-03	1.538564e+01
3.573000e-05	-2.159298e-03	1.533416e+01
3.574000e-05	2.554076e-03	1.528351e+01
3.575000e-05	1.654061e-03	1.525992e+01
3.576000e-05	-3.537393e-03	1.516682e+01
3.577000e-05	-1.210891e-03	1.510261e+01
3.578000e-05	1.322188e-03	1.505203e+01
3.579000e-05	1.895800e-03	1.497679e+01
3.580000e-05	-2.278032e-03	1.491376e+01
3.581000e-05	-2.106059e-03	1.484987e+01
3.582000e-05	6.680149e-04	1.474519e+01
3.583000e-05	2.066607e-03	1.462785e+01
3.584000e-05	-1.928495e-03	1.452568e+01
3.585000e-05	-2.211257e-03	1.446040e+01
3.586000e-05	3.471196e-05	1.432301e+01
3.587000e-05	2.058045e-03	1.417640e+01
3.588000e-05	-1.889856e-03	1.407098e+01
3.589000e-05	-2.808351e-03	1.392664e+01
3.590000e-05	-1.364045e-03	1.382744e+01
3.591000e-05	1.405426e-03	1.364000e+01
3.592000e-05	-1.880242e-03	1.351213e+01
3.593000e-05	-1.516498e-03	1.334632e+01
3.594000e-05	-2.017683e-03	1.322045e+01
3.595000e-05	6.665694e-04	1.307250e+01
3.596000e-05	-1.522788e-03	1.290126e+01
3.597000e-05	-1.907637e-03	1.274429e+01
3.598000e-05	-2.057043e-03	1.256602e+01
3.599000e-05	7.948784e-04	1.239750e+01
3.600000e-05	-9.772506e-04	1.219958e+01
3.601000e-05	-3.673640e-03	1.203010e+01
3.602000e-05	-2.099664e-03	1.184223e+01
3.603000e-05	-1.562706e-03	1.163161e+01
3.604000e-05	-5.528659e-04	1.148051e+01
3.605000e-05	-3.926668e-03	1.121903e+01
3.606000e-05	-1.782393e-03	1.100965e+01
3.607000e-05	-1.545545e-03	1.084163e+01
3.608000e-05	-9.588373e-04	1.064965e+01
3.609000e-05	-3.917883e-03	1.040810e+01
3.610000e-05	-2.998406e-03	1.016744e+01
3.611000e-05	-2.496856e-03	9.968396e+00
3.612000e-05	-2.495244e-03	9.724423e+00
3.613000e-05	-3.625681e-03	9.463317e+00
3.614000e-05	-3.370540e-03	9.232312e+00
3.615000e-05	-2.670999e-03	9.031209e+00
3.616000e-05	-2.182300e-03	8.818155e+00
3.617000e-05	-3.624582e-03	8.575597e+00
3.618000e-05	-4.783333e-03	8.363019e+00
3.619000e-05	-2.755713e-03	8.100789e+00
3.620000e-05	-2.072893e-03	7.831284e+00
3.621000e-05	-3.399104e-03	7.578077e+00
3.622000e-05	-4.747815e-03	7.301864e+00
3.623000e-05	-4.180095e-03	7.050831e+00
3.624000e-05	-2.676973e-03	6.798630e+00
3.625000e-05	-3.301187e-03	6.523048e+00
3.626000e-05	-4.225101e-03	6.251408e+00
3.627000e-05	-4.213437e-03	6.038254e+00
3.628000e-05	-2.780212e-03	5.722124e+00
3.629000e-05	-3.388930e-03	5.452385e+00
3.630000e-05	-5.045068e-03	5.156130e+00
3.631000e-05	-5.516386e-03	4.840360e+00
3.632000e-05	-3.742194e-03	4.535697e+00
3.633000e-05	-3.540453e-03	4.272518e+00
3.634000e-05	-4.484831e-03	3.988254e+00
3.635000e-05	-4.955284e-03	3.724194e+00
3.636000e-05	-4.500996e-03	3.411016e+00
3.637000e-05	-4.019825e-03	3.166754e+00
3.638000e-05	-4.978413e-03	2.893171e+00
3.639000e-05	-4.876917e-03	2.638310e+00
3.640000e-05	-4.759538e-03	2.303671e+00
3.641000e-05	-3.884292e-03	2.021535e+00
3.642000e-05	-4.397525e-03	1.775277e+00
3.643000e-05	-5.484930e-03	1.442562e+00
3.644000e-05	-4.799598e-03	1.146350e+00
3.645000e-05	-5.550106e-03	8.704840e-01
3.646000e-05	-4.117585e-03	4.843246e-01
3.647000e-05	-3.630890e-03	2.421131e-01
3.648000e-05	-2.865623e-03	-1.312365e-02
3.649000e-05	7.107545e-03	-3.257067e-01
3.650000e-05	-2.821935e-03	-5.784619e-01
3.651000e-05	1.997004e-04	-8.436526e-01
3.652000e-05	-5.785641e-03	-1.095207e+00
3.653000e-05	2.229156e-05	-1.401920e+00
3.654000e-05	-3.976301e-03	-1.674180e+00
3.655000e-05	1.105440e-02	-1.905708e+00
3.656000e-05	6.029713e-02	-2.116681e+00
3.657000e-05	5.098608e-02	-2.453450e+00
3.658000e-05	-7.387866e-02	-2.822991e+00
3.659000e-05	-3.058557e-02	-3.229945e+00
3.660000e-05	-3.310100e-02	-3.453525e+00
3.661000e-05	-2.079767e-02	-3.666503e+00
3.662000e-05	-6.066679e-02	-3.957714e+00
3.663000e-05	1.391136e-01	-4.106136e+00
3.664000e-05	-1.133244e-01	-4.379712e+00
3.665000e-05	9.164111e-02	-4.714877e+00
3.666000e-05	4.942691e-02	-4.936578e+00
3.667000e-05	-1.279026e-01	-5.274923e+00
3.668000e-05	9.799682e-02	-5.547087e+00
3.669000e-05	-1.434356e-01	-5.813421e+00
3.670000e-05	1.037595e-01	-6.063003e+00
3.671000e-05	-2.488841e-02	-6.376508e+00
3.672000e-05	-3.178225e-02	-6.672822e+00
3.673000e-05	9.303025e-02	-6.884478e+00
3.674000e-05	-1.007473e-01	-7.211717e+00
3.675000e-05	6.091145e-02	-7.471902e+00
3.676000e-05	-8.151107e-02	-7.715881e+00
3.677000e-05	3.614062e-02	-8.010769e+00
3.678000e-05	2.420929e-02	-8.253294e+00
3.679000e-05	-5.622136e-02	-8.496379e+00
3.680000e-05	7.571790e-02	-8.747328e+00
3.681000e-05	-8.954190e-02	-9.009587e+00
3.682000e-05	6.365250e-02	-9.220647e+00
3.683000e-05	-6.446276e-02	-9.470593e+00
3.684000e-05	2.934409e-02	-9.664854e+00
3.685000e-05	-6.002274e-03	-9.892325e+00
3.686000e-05	-7.077352e-03	-1.012738e+01
3.687000e-05	2.309271e-02	-1.032588e+01
3.688000e-05	-5.072229e-02	-1.059811e+01
3.689000e-05	3.785467e-02	-1.078599e+01
3.690000e-05	-4.924782e-02	-1.100799e+01
3.691000e-05	3.584695e-02	-1.119841e+01
3.692000e-05	-3.794907e-02	-1.140052e+01
3.693000e-05	2.638829e-02	-1.162097e+01
3.694000e-05	-1.924383e-02	-1.181952e+01
3.695000e-05	5.654104e-03	-1.205747e+01
3.696000e-05	-1.552298e-02	-1.219852e+01
3.697000e-05	-9.854882e-03	-1.240954e+01
3.698000e-05	6.904260e-03	-1.255644e+01
3.699000e-05	-1.688380e-02	-1.270378e+01
3.700000e-05	7.838522e-03	-1.292575e+01
3.701000e-05	-2.098585e-02	-1.306017e+01
3.702000e-05	1.544213e-02	-1.322002e+01
3.703000e-05	-2.202893e-02	-1.336579e+01
3.704000e-05	5.293650e-03	-1.352468e+01
3.705000e-05	-1.896568e-02	-1.365052e+01
3.706000e-05	5.878360e-03	-1.387012e+01
3.707000e-05	-1.019017e-02	-1.390423e+01
3.708000e-05	-4.450415e-03	-1.409257e+01
3.709000e-05	-5.386320e-03	-1.416879e+01
3.710000e-05	-5.454551e-03	-1.435523e+01
3.711000e-05	-1.493558e-03	-1.443002e+01
3.712000e-05	-1.290603e-02	-1.455681e+01
3.713000e-05	-1.643758e-03	-1.465110e+01
3.714000e-05	-8.218447e-03	-1.473479e+01
3.715000e-05	-1.137233e-03	-1.485042e+01
3.716000e-05	-1.041826e-02	-1.490368e+01
3.717000e-05	-5.419985e-03	-1.498784e+01
3.718000e-05	-5.904998e-03	-1.510358e+01
3.719000e-05	-5.093240e-03	-1.514569e+01
3.720000e-05	-9.676073e-03	-1.519774e+01
3.721000e-05	-5.736263e-03	-1.526100e+01
3.722000e-05	-4.784424e-03	-1.531506e+01
3.723000e-05	-4.549407e-03	-1.536524e+01
3.724000e-05	-8.012418e-03	-1.536742e+01
3.725000e-05	-7.876078e-03	-1.542995e+01
3.726000e-05	-5.314606e-03	-1.547255e+01
3.727000e-05	-5.921962e-03	-1.550468e+01
3.728000e-05	-5.418291e-03	-1.550311e+01
3.729000e-05	-9.543723e-03	-1.550418e+01
3.730000e-05	-5.301901e-03	-1.558371e+01
3.731000e-05	-6.322971e-03	-1.555474e+01
3.732000e-05	-6.046070e-03	-1.552366e+01
3.733000e-05	-7.970844e-03	-1.549416e+01
3.734000e-05	-7.139623e-03	-1.552365e+01
3.735000e-05	-4.377677e-03	-1.546358e+01
3.736000e-05	-7.545954e-03	-1.546103e+01
3.737000e-05	-8.193280e-03	-1.544902e+01
3.738000e-05	-8.958404e-03	-1.536637e+01
3.739000e-05	-5.165790e-03	-1.534474e+01
3.740000e-05	-6.500946e-03	-1.529201e+01
3.741000e-05	-6.880725e-03	-1.527948e+01
3.742000e-05	-6.508019e-03	-1.519777e+01
3.743000e-05	-5.554258e-03	-1.516516e+01
3.744000e-05	-7.314766e-03	-1.505953e+01
3.745000e-05	-9.324762e-03	-1.498727e+01
3.746000e-05	-9.313719e-03	-1.493209e+01
3.747000e-05	-6.300364e-03	-1.480833e+01
3.748000e-05	-5.025274e-03	-1.476671e+01
3.749000e-05	-6.319027e-03	-1.463998e+01
3.750000e-05	-7.623983e-03	-1.451377e+01
3.751000e-05	-5.221785e-03	-1.444940e+01
3.752000e-05	-6.465755e-03	-1.430254e+01
3.753000e-05	-8.542423e-03	-1.418632e+01
3.754000e-05	-7.901093e-03	-1.406953e+01
3.755000e-05	-6.231658e-03	-1.393369e+01
3.756000e-05	-6.138546e-03	-1.374687e+01
3.757000e-05	-7.128897e-03	-1.363803e+01
3.758000e-05	-7.255597e-03	-1.348269e+01
3.759000e-05	-5.802902e-03	-1.339482e+01
3.760000e-05	-5.720566e-03	-1.319953e+01
3.761000e-05	-7.915561e-03	-1.303965e+01
3.762000e-05	-8.049307e-03	-1.290274e+01
3.763000e-05	-6.709678e-03	-1.277529e+01
3.764000e-05	-5.404974e-03	-1.256535e+01
3.765000e-05	-6.271237e-03	-1.239908e+01
3.766000e-05	-6.313334e-03	-1.222968e+01
3.767000e-05	-6.198700e-03	-1.200813e+01
3.768000e-05	-5.579807e-03	-1.184848e+01
3.769000e-05	-6.723444e-03	-1.159908e+01
3.770000e-05	-8.318588e-03	-1.141790e+01
3.771000e-05	-7.503029e-03	-1.120697e+01
3.772000e-05	-4.980931e-03	-1.099745e+01
3.773000e-05	-4.538238e-03	-1.077650e+01
3.774000e-05	-5.767837e-03	-1.057808e+01
3.775000e-05	-7.253141e-03	-1.038402e+01
3.776000e-05	-4.641967e-03	-1.013492e+01
3.777000e-05	-8.594941e-03	-9.902893e+00
3.778000e-05	-6.735530e-03	-9.722416e+00
3.779000e-05	-8.533742e-03	-9.511187e+00
3.780000e-05	-2.988677e-03	-9.240231e+00
3.781000e-05	-5.565896e-03	-9.029729e+00
3.782000e-05	-3.715752e-03	-8.787026e+00
3.783000e-05	-8.427879e-03	-8.504545e+00
3.784000e-05	-5.397954e-03	-8.272986e+00
3.785000e-05	-8.389650e-03	-8.061262e+00
3.786000e-05	-6.729965e-03	-7.807127e+00
3.787000e-05	-7.719766e-03	-7.512943e+00
3.788000e-05	-3.307228e-03	-7.231831e+00
3.789000e-05	-3.284640e-03	-6.997251e+00
3.790000e-05	-4.606461e-03	-6.736047e+00
3.791000e-05	-5.379487e-03	-6.471863e+00
3.792000e-05	-8.707466e-03	-6.220756e+00
3.793000e-05	-5.621443e-03	-5.935075e+00
3.794000e-05	-9.411413e-03	-5.692589e+00
3.795000e-05	-4.746229e-03	-5.397710e+00
3.796000e-05	-6.895450e-03	-5.082591e+00
3.797000e-05	-1.551819e-03	-4.746280e+00
3.798000e-05	-4.224140e-03	-4.502139e+00
3.799000e-05	-3.325576e-03	-4.281966e+00
3.800000e-05	-6.728460e-03	-3.998351e+00
3.801000e-05	-6.757472e-03	-3.713616e+00
3.802000e-05	-8.432768e-03	-3.442032e+00
3.803000e-05	-7.432076e-03	-3.189302e+00
3.804000e-05	-6.550691e-03	-2.872013e+00
3.805000e-05	-4.093779e-03	-2.568454e+00
3.806000e-05	-3.382183e-03	-2.295145e+00
3.807000e-05	-3.494025e-03	-1.979481e+00
3.808000e-05	-4.267638e-03	-1.726221e+00
3.809000e-05	-5.462917e-03	-1.371463e+00
3.810000e-05	-6.495365e-03	-1.084145e+00
3.811000e-05	-7.173537e-03	-8.400590e-01
3.812000e-05	-5.080233e-03	-4.847422e-01
3.813000e-05	-4.229142e-03	-2.606368e-01
3.814000e-05	1.525227e-03	1.052270e-02
3.815000e-05	8.702478e-03	3.288047e-01
3.816000e-05	-9.293935e-04	5.814671e-01
3.817000e-05	2.061828e-03	8.410239e-01
3.818000e-05	-3.041644e-03	1.159358e+00
3.819000e-05	3.805508e-04	1.421947e+00
3.820000e-05	-2.883545e-03	1.718807e+00
3.821000e-05	9.876592e-03	1.970341e+00
3.822000e-05	3.468442e-02	2.222465e+00
3.823000e-05	7.603146e-02	2.517660e+00
3.824000e-05	-5.008304e-02	2.863600e+00
3.825000e-05	-4.864530e-02	3.179783e+00
3.826000e-05	-3.554328e-02	3.451970e+00
3.827000e-05	6.157300e-03	3.666084e+00
3.828000e-05	-4.619073e-02	3.954655e+00
3.829000e-05	-3.101300e-02	4.116585e+00
3.830000e-05	9.435705e-02	4.431395e+00
3.831000e-05	-4.642781e-02	4.687129e+00
3.832000e-05	8.808975e-02	4.978136e+00
3.833000e-05	-1.899482e-02	5.316027e+00
3.834000e-05	-6.302258e-02	5.608713e+00
3.835000e-05	5.192774e-02	5.882369e+00
3.836000e-05	-3.172887e-02	6.135633e+00
3.837000e-05	3.278440e-02	6.369641e+00
3.838000e-05	-4.191302e-02	6.653942e+00
3.839000e-05	1.948728e-02	6.957107e+00
3.840000e-05	4.441537e-02	7.221190e+00
3.841000e-05	-3.672132e-02	7.473848e+00
3.842000e-05	-1.345313e-02	7.759036e+00
3.843000e-05	-2.003828e-02	8.042800e+00
3.844000e-05	5.761239e-02	8.304349e+00
3.845000e-05	-1.128358e-02	8.516454e+00
3.846000e-05	-2.816112e-02	8.728436e+00
3.847000e-05	2.355781e-02	9.030116e+00
3.848000e-05	-8.737452e-03	9.220693e+00
3.849000e-05	2.053131e-02	9.422244e+00
3.850000e-05	-3.669664e-02	9.664277e+00
3.851000e-05	1.597378e-02	9.933829e+00
3.852000e-05	1.063511e-02	1.012801e+01
3.853000e-05	1.635368e-02	1.034646e+01
3.854000e-05	-1.409262e-02	1.053993e+01
3.855000e-05	-1.981197e-02	1.078949e+01
3.856000e-05	2.241551e-02	1.101952e+01
3.857000e-05	-4.675485e-03	1.116891e+01
3.858000e-05	2.755835e-03	1.139984e+01
3.859000e-05	-1.634670e-02	1.166042e+01
3.860000e-05	2.296173e-02	1.184154e+01
3.861000e-05	3.765453e-03	1.200999e+01
3.862000e-05	-3.358882e-03	1.220144e+01
3.863000e-05	-1.455507e-02	1.236793e+01
3.864000e-05	4.132527e-03	1.255736e+01
3.865000e-05	1.310538e-02	1.270531e+01
3.866000e-05	-6.523668e-03	1.287412e+01
3.867000e-05	-2.490208e-03	1.306154e+01
3.868000e-05	1.431905e-03	1.320988e+01
3.869000e-05	1.516569e-02	1.336834e+01
3.870000e-05	-7.986276e-03	1.349370e+01
3.871000e-05	-7.322947e-03	1.366150e+01
3.872000e-05	-2.871992e-04	1.376931e+01
3.873000e-05	9.272982e-03	1.395561e+01
3.874000e-05	9.631793e-04	1.404204e+01
3.875000e-05	-7.760966e-03	1.422979e+01
3.876000e-05	4.059284e-03	1.432466e+01
3.877000e-05	5.365282e-03	1.448293e+01
3.878000e-05	1.712205e-03	1.452581e+01
3.879000e-05	-9.120549e-03	1.465247e+01
3.880000e-05	1.385519e-03	1.475742e+01
3.881000e-05	6.203126e-03	1.481047e+01
3.882000e-05	2.354889e-03	1.493310e+01
3.883000e-05	-3.837644e-03	1.500739e+01
3.884000e-05	-3.543838e-03	1.505107e+01
3.885000e-05	6.764757e-03	1.513421e+01
3.886000e-05	4.193118e-04	1.517671e+01
3.887000e-05	-3.476798e-03	1.521989e+01
3.888000e-05	-3.360890e-03	1.528356e+01
3.889000e-05	5.428974e-03	1.535568e+01
3.890000e-05	2.754417e-03	1.540726e+01
3.891000e-05	-3.770297e-03	1.542032e+01
3.892000e-05	-2.366223e-03	1.542145e+01
3.893000e-05	3.553968e-03	1.549205e+01
3.894000e-05	3.764690e-03	1.549143e+01
3.895000e-05	-3.336444e-03	1.550305e+01
3.896000e-05	-1.907151e-03	1.551353e+01
3.897000e-05	2.240142e-03	1.553404e+01
3.898000e-05	3.857392e-03	1.551253e+01
3.899000e-05	-3.163563e-03	1.548150e+01
3.900000e-05	-2.647429e-03	1.548150e+01
3.901000e-05	1.893941e-03	1.545143e+01
3.902000e-05	3.312263e-03	1.546084e+01
3.903000e-05	-1.772533e-03	1.536974e+01
3.904000e-05	-3.516734e-03	1.535366e+01
3.905000e-05	1.254920e-03	1.531461e+01
3.906000e-05	2.734850e-03	1.528098e+01
3.907000e-05	-1.038038e-03	1.519779e+01
3.908000e-05	-3.368302e-03	1.515276e+01
3.909000e-05	4.075750e-04	1.511211e+01
3.910000e-05	2.444395e-03	1.501892e+01
3.911000e-05	-1.599401e-03	1.489271e+01
3.912000e-05	-3.182089e-03	1.483303e+01
3.913000e-05	-1.870313e-03	1.474635e+01
3.914000e-05	2.421665e-03	1.469210e+01
3.915000e-05	-1.400836e-03	1.456629e+01
3.916000e-05	-1.630242e-03	1.450163e+01
3.917000e-05	-2.008972e-03	1.436634e+01
3.918000e-05	1.827216e-03	1.431055e+01
3.919000e-05	-1.103256e-03	1.413461e+01
3.920000e-05	-2.656423e-03	1.399679e+01
3.921000e-05	-1.051231e-03	1.384103e+01
3.922000e-05	8.277618e-04	1.370469e+01
3.923000e-05	-5.791327e-04	1.357682e+01
3.924000e-05	-3.984889e-03	1.342998e+01
3.925000e-05	-2.179194e-03	1.326321e+01
3.926000e-05	-6.599135e-04	1.313476e+01
3.927000e-05	-6.035623e-04	1.296597e+01
3.928000e-05	-2.356854e-03	1.279890e+01
3.929000e-05	-1.748967e-03	1.264915e+01
3.930000e-05	-5.447344e-04	1.250284e+01
3.931000e-05	-1.916426e-03	1.232269e+01
3.932000e-05	-2.542878e-03	1.213429e+01
3.933000e-05	-3.439490e-03	1.194439e+01
3.934000e-05	-1.081695e-03	1.173777e+01
3.935000e-05	-2.126541e-03	1.153629e+01
3.936000e-05	-2.413183e-03	1.133431e+01
3.937000e-05	-2.666141e-03	1.111539e+01
3.938000e-05	-2.372216e-03	1.094542e+01
3.939000e-05	-2.300399e-03	1.074537e+01
3.940000e-05	-2.941902e-03	1.051531e+01
3.941000e-05	-3.073963e-03	1.026276e+01
3.942000e-05	-2.873865e-03	1.004377e+01
3.943000e-05	-2.209132e-03	9.831581e+00
3.944000e-05	-2.917465e-03	9.647602e+00
3.945000e-05	-3.961527e-03	9.367621e+00
3.946000e-05	-2.424261e-03	9.177002e+00
3.947000e-05	-2.869772e-03	8.945873e+00
3.948000e-05	-3.535518e-03	8.672861e+00
3.949000e-05	-3.734303e-03	8.492283e+00
3.950000e-05	-3.076639e-03	8.219130e+00
3.951000e-05	-2.869194e-03	7.974072e+00
3.952000e-05	-3.343935e-03	7.712967e+00
3.953000e-05	-4.019086e-03	7.418729e+00
3.954000e-05	-4.562561e-03	7.156122e+00
3.955000e-05	-3.267717e-03	6.924095e+00
3.956000e-05	-3.347169e-03	6.649860e+00
3.957000e-05	-4.570289e-03	6.376201e+00
3.958000e-05	-4.922207e-03	6.124616e+00
3.959000e-05	-3.266752e-03	5.843488e+00
3.960000e-05	-3.558558e-03	5.587754e+00
3.961000e-05	-4.943992e-03	5.314547e+00
3.962000e-05	-4.045253e-03	4.996702e+00
3.963000e-05	-4.940954e-03	4.651493e+00
3.964000e-05	-3.145474e-03	4.419359e+00
3.965000e-05	-5.510789e-03	4.124095e+00
3.966000e-05	-4.293842e-03	3.831534e+00
3.967000e-05	-2.202194e-03	3.589277e+00
3.968000e-05	-4.130420e-03	3.292568e+00
3.969000e-05	-2.778276e-03	3.021334e+00
3.970000e-05	-7.012204e-03	2.787355e+00
3.971000e-05	-4.626265e-03	2.441489e+00
3.972000e-05	-7.121298e-03	2.106328e+00
3.973000e-05	-5.599484e-03	1.935168e+00
3.974000e-05	-5.051441e-03	1.618404e+00
3.975000e-05	-3.217332e-03	1.283720e+00
3.976000e-05	-2.500557e-03	9.779037e-01
3.977000e-05	-3.522764e-03	6.831905e-01
3.978000e-05	-4.550343e-03	4.099813e-01
3.979000e-05	-3.662797e-03	7.432835e-02
3.980000e-05	-1.827353e-03	-1.693621e-01
3.981000e-05	4.404224e-03	-3.815688e-01
3.982000e-05	-5.458448e-03	-7.182092e-01
3.983000e-05	-8.913590e-04	-9.779158e-01
3.984000e-05	-2.334954e-03	-1.243020e+00
3.985000e-05	-9.302649e-04	-1.557781e+00
3.986000e-05	1.722234e-03	-1.770412e+00
3.987000e-05	2.222718e-02	-1.991967e+00
3.988000e-05	9.886747e-02	-2.316075e+00
3.989000e-05	-4.589662e-02	-2.652521e+00
3.990000e-05	-4.586817e-02	-3.072465e+00
3.991000e-05	-4.657427e-02	-3.337736e+00
3.992000e-05	-8.550757e-03	-3.579315e+00
3.993000e-05	-6.848435e-02	-3.823895e+00
3.994000e-05	5.618905e-02	-4.031553e+00
3.995000e-05	5.445625e-02	-4.240970e+00
3.996000e-05	-1.046887e-01	-4.557108e+00
3.997000e-05	1.814112e-01	-4.781293e+00
3.998000e-05	-1.378694e-01	-5.076047e+00
3.999000e-05	3.627159e-02	-5.462195e+00
4.000000e-05	-2.329264e-02	-5.664478e+00
4.001000e-05	-6.113612e-02	-5.970211e+00
4.002000e-05	1.162722e-01	-6.180772e+00
4.003000e-05	-1.143779e-01	-6.515999e+00
4.004000e-05	9.849550e-02	-6.778667e+00
4.005000e-05	-3.172333e-02	-7.041720e+00
4.006000e-05	-2.521355e-02	-7.358057e+00
4.007000e-05	2.548879e-02	-7.547614e+00
4.008000e-05	-8.109788e-02	-7.905373e+00
4.009000e-05	1.011073e-01	-8.096486e+00
4.010000e-05	-8.316792e-02	-8.369083e+00
4.011000e-05	5.294174e-02	-8.662274e+00
4.012000e-05	-2.102027e-02	-8.862673e+00
4.013000e-05	-2.277800e-02	-9.118454e+00
4.014000e-05	3.241684e-02	-9.335383e+00
4.015000e-05	-6.573426e-02	-9.576532e+00
4.016000e-05	6.401895e-02	-9.788116e+00
4.017000e-05	-5.810576e-02	-1.002959e+01
4.018000e-05	5.627547e-02	-1.026262e+01
4.019000e-05	-5.130004e-02	-1.048213e+01
4.020000e-05	1.777032e-02	-1.069280e+01
4.021000e-05	-1.643709e-02	-1.087275e+01
4.022000e-05	-7.406772e-03	-1.110320e+01
4.023000e-05	7.673628e-03	-1.127375e+01
4.024000e-05	-2.262295e-02	-1.151526e+01
4.025000e-05	2.592437e-02	-1.174523e+01
4.026000e-05	-2.928320e-02	-1.196528e+01
4.027000e-05	1.814299e-02	-1.213588e+01
4.028000e-05	-3.597730e-02	-1.229475e+01
4.029000e-05	1.868079e-02	-1.249365e+01
4.030000e-05	-2.092632e-02	-1.265065e+01
4.031000e-05	8.306880e-03	-1.284944e+01
4.032000e-05	-1.474619e-02	-1.297802e+01
4.033000e-05	4.096042e-03	-1.314634e+01
4.034000e-05	-3.261326e-03	-1.332275e+01
4.035000e-05	-1.165857e-02	-1.348200e+01
4.036000e-05	-2.723593e-03	-1.357731e+01
4.037000e-05	-1.346187e-02	-1.373518e+01
4.038000e-05	6.194508e-03	-1.388165e+01
4.039000e-05	-1.568311e-02	-1.399939e+01
4.040000e-05	2.441571e-03	-1.416618e+01
4.041000e-05	-1.146248e-02	-1.427199e+01
4.042000e-05	1.701932e-03	-1.440684e+01
4.043000e-05	-1.144619e-02	-1.445363e+01
4.044000e-05	-4.948265e-03	-1.461955e+01
4.045000e-05	-5.734929e-03	-1.468308e+01
4.046000e-05	-3.432299e-03	-1.478752e+01
4.047000e-05	-5.772595e-03	-1.483255e+01
4.048000e-05	-8.265248e-03	-1.498579e+01
4.049000e-05	-5.502289e-03	-1.503899e+01
4.050000e-05	-5.543066e-03	-1.510368e+01
4.051000e-05	-6.182875e-03	-1.522724e+01
4.052000e-05	-7.408118e-03	-1.520834e+01
4.053000e-05	-5.369663e-03	-1.525305e+01
4.054000e-05	-4.655576e-03	-1.533418e+01
4.055000e-05	-5.304704e-03	-1.538682e+01
4.056000e-05	-9.797902e-03	-1.539050e+01
4.057000e-05	-5.964907e-03	-1.544053e+01
4.058000e-05	-5.727900e-03	-1.548203e+01
4.059000e-05	-4.039006e-03	-1.549413e+01
4.060000e-05	-8.333124e-03	-1.549364e+01
4.061000e-05	-7.207464e-03	-1.557368e+01
4.062000e-05	-6.030755e-03	-1.554468e+01
4.063000e-05	-7.169091e-03	-1.556416e+01
4.064000e-05	-7.638248e-03	-1.557516e+01
4.065000e-05	-8.382191e-03	-1.556361e+01
4.066000e-05	-3.923210e-03	-1.553210e+01
4.067000e-05	-5.529842e-03	-1.549211e+01
4.068000e-05	-6.813269e-03	-1.542951e+01
4.069000e-05	-8.199327e-03	-1.538690e+01
4.070000e-05	-6.146468e-03	-1.536679e+01
4.071000e-05	-5.775115e-03	-1.530274e+01
4.072000e-05	-7.693516e-03	-1.528200e+01
4.073000e-05	-6.948505e-03	-1.522687e+01
4.074000e-05	-6.789149e-03	-1.513476e+01
4.075000e-05	-5.278768e-03	-1.506308e+01
4.076000e-05	-8.262137e-03	-1.505795e+01
4.077000e-05	-8.244340e-03	-1.491276e+01
4.078000e-05	-6.058659e-03	-1.488106e+01
4.079000e-05	-4.804640e-03	-1.480586e+01
4.080000e-05	-6.079809e-03	-1.466203e+01
4.081000e-05	-7.354651e-03	-1.453685e+01
4.082000e-05	-6.955451e-03	-1.448063e+01
4.083000e-05	-5.750913e-03	-1.439632e+01
4.084000e-05	-7.637615e-03	-1.422950e+01
4.085000e-05	-7.645904e-03	-1.410418e+01
4.086000e-05	-6.826388e-03	-1.399844e+01
4.087000e-05	-5.674532e-03	-1.385915e+01
4.088000e-05	-4.850795e-03	-1.372224e+01
4.089000e-05	-6.268466e-03	-1.358787e+01
4.090000e-05	-6.467921e-03	-1.342798e+01
4.091000e-05	-6.571838e-03	-1.327271e+01
4.092000e-05	-7.048956e-03	-1.312386e+01
4.093000e-05	-7.971614e-03	-1.295700e+01
4.094000e-05	-6.782270e-03	-1.280857e+01
4.095000e-05	-5.490436e-03	-1.266161e+01
4.096000e-05	-5.218552e-03	-1.250171e+01
4.097000e-05	-6.127633e-03	-1.234229e+01
4.098000e-05	-6.175542e-03	-1.215582e+01
4.099000e-05	-6.447255e-03	-1.194322e+01
4.100000e-05	-7.371015e-03	-1.171527e+01
4.101000e-05	-7.969585e-03	-1.150234e+01
4.102000e-05	-7.475834e-03	-1.130174e+01
4.103000e-05	-5.984926e-03	-1.106071e+01
4.104000e-05	-4.514706e-03	-1.086181e+01
4.105000e-05	-5.730422e-03	-1.066182e+01
4.106000e-05	-6.098641e-03	-1.045979e+01
4.107000e-05	-6.893816e-03	-1.023166e+01
4.108000e-05	-6.729785e-03	-9.998680e+00
4.109000e-05	-7.418507e-03	-9.788729e+00
4.110000e-05	-6.680153e-03	-9.605628e+00
4.111000e-05	-5.706001e-03	-9.376997e+00
4.112000e-05	-5.034952e-03	-9.124472e+00
4.113000e-05	-6.327943e-03	-8.903419e+00
4.114000e-05	-6.126044e-03	-8.680761e+00
4.115000e-05	-6.401262e-03	-8.426754e+00
4.116000e-05	-7.497450e-03	-8.206126e+00
4.117000e-05	-7.194255e-03	-7.924396e+00
4.118000e-05	-5.907814e-03	-7.639335e+00
4.119000e-05	-6.221288e-03	-7.387702e+00
4.120000e-05	-4.873961e-03	-7.133071e+00
4.121000e-05	-5.834779e-03	-6.891788e+00
4.122000e-05	-5.489704e-03	-6.608331e+00
4.123000e-05	-6.306022e-03	-6.326625e+00
4.124000e-05	-5.749972e-03	-6.081313e+00
4.125000e-05	-7.190903e-03	-5.798830e+00
4.126000e-05	-6.568591e-03	-5.535072e+00
4.127000e-05	-5.774998e-03	-5.218959e+00
4.128000e-05	-5.785001e-03	-4.896131e+00
4.129000e-05	-6.291761e-03	-4.657880e+00
4.130000e-05	-5.160224e-03	-4.398301e+00
4.131000e-05	-4.737102e-03	-4.125126e+00
4.132000e-05	-5.800087e-03	-3.852017e+00
4.133000e-05	-5.769313e-03	-3.586830e+00
4.134000e-05	-7.582163e-03	-3.303691e+00
4.135000e-05	-5.979743e-03	-2.977460e+00
4.136000e-05	-5.676223e-03	-2.732646e+00
4.137000e-05	-4.400963e-03	-2.421038e+00
4.138000e-05	-4.385080e-03	-2.125352e+00
4.139000e-05	-4.588347e-03	-1.831138e+00
4.140000e-05	-4.872413e-03	-1.610006e+00
4.141000e-05	-5.298632e-03	-1.242118e+00
4.142000e-05	-6.594173e-03	-9.463022e-01
4.143000e-05	-5.214103e-03	-7.021458e-01
4.144000e-05	-4.367746e-03	-3.774523e-01
4.145000e-05	-1.792231e-03	-8.474596e-02
4.146000e-05	6.751815e-03	2.104646e-01
4.147000e-05	-1.381269e-04	4.936264e-01
4.148000e-05	1.907180e-03	7.157829e-01
4.149000e-05	-1.759210e-03	1.002486e+00
4.150000e-05	-4.856069e-04	1.284728e+00
4.151000e-05	-7.665074e-04	1.599457e+00
4.152000e-05	3.628036e-03	1.823075e+00
4.153000e-05	1.555224e-02	2.084576e+00
4.154000e-05	7.125788e-02	2.329710e+00
4.155000e-05	1.461436e-02	2.718148e+00
4.156000e-05	-5.969159e-02	3.022417e+00
4.157000e-05	-4.284319e-02	3.315080e+00
4.158000e-05	-1.089674e-02	3.610395e+00
4.159000e-05	-9.879987e-03	3.810316e+00
4.160000e-05	-5.746407e-02	4.021722e+00
4.161000e-05	4.070681e-02	4.295974e+00
4.162000e-05	4.447384e-02	4.581185e+00
4.163000e-05	-2.436758e-02	4.832274e+00
4.164000e-05	9.794695e-02	5.179029e+00
4.165000e-05	-9.977280e-02	5.464399e+00
4.166000e-05	2.176868e-02	5.735605e+00
4.167000e-05	1.401842e-02	6.050792e+00
4.168000e-05	-1.394866e-02	6.244375e+00
4.169000e-05	1.999192e-02	6.497432e+00
4.170000e-05	-5.390771e-02	6.803219e+00
4.171000e-05	7.605166e-02	7.073300e+00
4.172000e-05	-2.284131e-02	7.367458e+00
4.173000e-05	-1.223415e-02	7.643742e+00
4.174000e-05	-2.945024e-02	7.894852e+00
4.175000e-05	3.125903e-02	8.158035e+00
4.176000e-05	3.914573e-02	8.369691e+00
4.177000e-05	-4.834679e-02	8.630771e+00
4.178000e-05	1.329669e-02	8.831722e+00
4.179000e-05	-2.208240e-03	9.094353e+00
4.180000e-05	1.687034e-02	9.335459e+00
4.181000e-05	-1.609086e-02	9.556983e+00
4.182000e-05	-1.191530e-02	9.820562e+00
4.183000e-05	1.883243e-02	1.002014e+01
4.184000e-05	1.394802e-02	1.025125e+01
4.185000e-05	5.397827e-03	1.049370e+01
4.186000e-05	-3.015995e-02	1.072428e+01
4.187000e-05	1.087765e-02	1.089378e+01
4.188000e-05	6.490084e-03	1.110427e+01
4.189000e-05	1.713804e-03	1.129470e+01
4.190000e-05	-1.603098e-02	1.150323e+01
4.191000e-05	9.045012e-03	1.175576e+01
4.192000e-05	1.419557e-02	1.191583e+01
4.193000e-05	2.586260e-03	1.207627e+01
4.194000e-05	-1.405176e-02	1.228270e+01
4.195000e-05	-4.547723e-03	1.248305e+01
4.196000e-05	1.198524e-02	1.265207e+01
4.197000e-05	3.893737e-04	1.277946e+01
4.198000e-05	-6.539894e-03	1.297726e+01
4.199000e-05	-2.494989e-03	1.313521e+01
4.200000e-05	1.527323e-02	1.329362e+01
4.201000e-05	1.377588e-03	1.344957e+01
4.202000e-05	-6.234077e-03	1.351844e+01
4.203000e-05	-7.274574e-03	1.372673e+01
4.204000e-05	8.564915e-03	1.382247e+01
4.205000e-05	3.546441e-03	1.400881e+01
4.206000e-05	-5.179173e-03	1.413508e+01
4.207000e-05	-2.791665e-03	1.427350e+01
4.208000e-05	6.746993e-03	1.442981e+01
4.209000e-05	5.578732e-03	1.452413e+01
4.210000e-05	-6.400115e-03	1.459787e+01
4.211000e-05	-1.537523e-03	1.468468e+01
4.212000e-05	4.220417e-03	1.478934e+01
4.213000e-05	6.985687e-03	1.486360e+01
4.214000e-05	-4.886399e-03	1.492621e+01
4.215000e-05	-3.823241e-03	1.501102e+01
4.216000e-05	1.270289e-03	1.509258e+01
4.217000e-05	5.223570e-03	1.516521e+01
4.218000e-05	-3.422797e-03	1.517939e+01
4.219000e-05	-3.739535e-03	1.528100e+01
4.220000e-05	4.298732e-03	1.534458e+01
4.221000e-05	2.805712e-03	1.537566e+01
4.222000e-05	1.624882e-04	1.538982e+01
4.223000e-05	-5.120149e-03	1.542987e+01
4.224000e-05	3.350855e-03	1.547192e+01
4.225000e-05	2.853750e-03	1.551103e+01
4.226000e-05	4.260150e-04	1.552348e+01
4.227000e-05	-2.890242e-03	1.550203e+01
4.228000e-05	1.173234e-03	1.553461e+01
4.229000e-05	3.055948e-03	1.551153e+01
4.230000e-05	-2.317158e-03	1.549200e+01
4.231000e-05	-2.390375e-03	1.548293e+01
4.232000e-05	-9.388078e-04	1.549155e+01
4.233000e-05	4.060344e-03	1.548090e+01
4.234000e-05	-6.030445e-04	1.536889e+01
4.235000e-05	-2.644277e-03	1.536664e+01
4.236000e-05	-1.389762e-04	1.532456e+01
4.237000e-05	3.608632e-03	1.530258e+01
4.238000e-05	1.137358e-03	1.521993e+01
4.239000e-05	-3.578342e-03	1.519876e+01
4.240000e-05	-1.487723e-03	1.511618e+01
4.241000e-05	1.091316e-03	1.509105e+01
4.242000e-05	9.984503e-04	1.494684e+01
4.243000e-05	-2.000134e-03	1.488208e+01
4.244000e-05	-3.342587e-04	1.480850e+01
4.245000e-05	2.006625e-03	1.474614e+01
4.246000e-05	2.845073e-03	1.461990e+01
4.247000e-05	-3.303090e-03	1.453281e+01
4.248000e-05	-2.508411e-03	1.445050e+01
4.249000e-05	-3.333297e-04	1.436566e+01
4.250000e-05	8.692732e-04	1.418830e+01
4.251000e-05	-2.143064e-03	1.408953e+01
4.252000e-05	-6.493466e-04	1.393507e+01
4.253000e-05	-1.150090e-03	1.382795e+01
4.254000e-05	1.439161e-03	1.362003e+01
4.255000e-05	-1.515406e-03	1.351221e+01
4.256000e-05	-2.147632e-03	1.336682e+01
4.257000e-05	-3.782506e-03	1.322697e+01
4.258000e-05	4.709512e-05	1.308108e+01
4.259000e-05	-1.788659e-03	1.287366e+01
4.260000e-05	-1.530060e-03	1.273382e+01
4.261000e-05	-1.927109e-03	1.256690e+01
4.262000e-05	-2.577435e-04	1.245897e+01
4.263000e-05	-1.388963e-03	1.223900e+01
4.264000e-05	-3.473692e-03	1.204113e+01
4.265000e-05	-3.104606e-03	1.182065e+01
4.266000e-05	-3.272791e-03	1.164169e+01
4.267000e-05	-2.094348e-04	1.142905e+01
4.268000e-05	-3.109423e-03	1.120953e+01
4.269000e-05	-1.002197e-03	1.102015e+01
4.270000e-05	-1.247835e-03	1.079065e+01
4.271000e-05	-1.462423e-03	1.061858e+01
4.272000e-05	-4.994548e-03	1.039760e+01
4.273000e-05	-3.250720e-03	1.018600e+01
4.274000e-05	-1.506169e-03	9.956498e+00
4.275000e-05	-1.479020e-03	9.733293e+00
4.276000e-05	-3.144946e-03	9.481817e+00
4.277000e-05	-3.029099e-03	9.252838e+00
4.278000e-05	-2.497673e-03	9.071210e+00
4.279000e-05	-2.299246e-03	8.778128e+00
4.280000e-05	-3.668744e-03	8.596046e+00
4.281000e-05	-3.887598e-03	8.324470e+00
4.282000e-05	-2.349071e-03	8.084390e+00
4.283000e-05	-2.760658e-03	7.830735e+00
4.284000e-05	-3.375460e-03	7.555551e+00
4.285000e-05	-4.411739e-03	7.261917e+00
4.286000e-05	-3.269247e-03	7.030332e+00
4.287000e-05	-2.417837e-03	6.807756e+00
4.288000e-05	-3.865426e-03	6.491913e+00
4.289000e-05	-3.694577e-03	6.250833e+00
4.290000e-05	-3.376156e-03	5.990256e+00
4.291000e-05	-2.961257e-03	5.694098e+00
4.292000e-05	-4.105562e-03	5.431937e+00
4.293000e-05	-4.546817e-03	5.156549e+00
4.294000e-05	-3.656140e-03	4.850358e+00
4.295000e-05	-4.095103e-03	4.556147e+00
4.296000e-05	-4.168799e-03	4.276013e+00
4.297000e-05	-4.838056e-03	3.989729e+00
4.298000e-05	-4.717942e-03	3.714669e+00
4.299000e-05	-3.581479e-03	3.451938e+00
4.300000e-05	-4.494265e-03	3.156751e+00
4.301000e-05	-4.594726e-03	2.871617e+00
4.302000e-05	-4.885304e-03	2.559412e+00
4.303000e-05	-3.739947e-03	2.285689e+00
4.304000e-05	-4.515250e-03	2.041559e+00
4.305000e-05	-5.449860e-03	1.747348e+00
4.306000e-05	-5.359780e-03	1.462088e+00
4.307000e-05	-4.821541e-03	1.174331e+00
4.308000e-05	-4.806013e-03	8.194575e-01
4.309000e-05	-4.628400e-03	5.762997e-01
4.310000e-05	-4.446887e-03	2.621406e-01
4.311000e-05	-2.351385e-03	-4.210145e-02
4.312000e-05	6.845171e-03	-3.153066e-01
4.313000e-05	-3.002568e-03	-5.599359e-01
4.314000e-05	4.039671e-04	-8.730752e-01
4.315000e-05	-5.602311e-03	-1.094255e+00
4.316000e-05	-7.585023e-04	-1.451916e+00
4.317000e-05	-4.098770e-03	-1.684153e+00
4.318000e-05	9.942344e-03	-1.924205e+00
4.319000e-05	5.965708e-02	-2.135187e+00
4.320000e-05	5.129786e-02	-2.455571e+00
4.321000e-05	-7.486051e-02	-2.834943e+00
4.322000e-05	-3.144407e-02	-3.242840e+00
4.323000e-05	-3.407709e-02	-3.463027e+00
4.324000e-05	-2.084561e-02	-3.695550e+00
4.325000e-05	-6.231322e-02	-4.007738e+00
4.326000e-05	1.386080e-01	-4.125561e+00
4.327000e-05	-1.132594e-01	-4.401291e+00
4.328000e-05	9.126571e-02	-4.674375e+00
4.329000e-05	5.047065e-02	-4.966132e+00
4.330000e-05	-1.297645e-01	-5.284424e+00
4.331000e-05	9.813291e-02	-5.569112e+00
4.332000e-05	-1.431066e-01	-5.830339e+00
4.333000e-05	1.022783e-01	-6.126033e+00
4.334000e-05	-2.411108e-02	-6.348104e+00
4.335000e-05	-3.264013e-02	-6.653821e+00
4.336000e-05	9.395515e-02	-6.895352e+00
4.337000e-05	-1.016663e-01	-7.191188e+00
4.338000e-05	6.013516e-02	-7.452820e+00
4.339000e-05	-8.317300e-02	-7.726979e+00
4.340000e-05	3.606734e-02	-8.019745e+00
4.341000e-05	2.526060e-02	-8.229696e+00
4.342000e-05	-5.461865e-02	-8.534377e+00
4.343000e-05	7.521395e-02	-8.726434e+00
4.344000e-05	-8.681528e-02	-9.008741e+00
4.345000e-05	6.131692e-02	-9.220196e+00
4.346000e-05	-6.376662e-02	-9.460723e+00
4.347000e-05	2.479457e-02	-9.683876e+00
4.348000e-05	-4.648561e-03	-9.904378e+00
4.349000e-05	-8.408467e-03	-1.015586e+01
4.350000e-05	2.591749e-02	-1.038686e+01
4.351000e-05	-4.915805e-02	-1.058894e+01
4.352000e-05	3.861542e-02	-1.081599e+01
4.353000e-05	-4.842197e-02	-1.098896e+01
4.354000e-05	3.423253e-02	-1.118744e+01
4.355000e-05	-3.905365e-02	-1.138901e+01
4.356000e-05	2.432518e-02	-1.165102e+01
4.357000e-05	-1.923000e-02	-1.182099e+01
4.358000e-05	5.791806e-03	-1.202957e+01
4.359000e-05	-1.369566e-02	-1.224909e+01
4.360000e-05	-8.923810e-03	-1.240004e+01
4.361000e-05	8.440636e-03	-1.253736e+01
4.362000e-05	-1.733178e-02	-1.276573e+01
4.363000e-05	7.947676e-03	-1.289526e+01
4.364000e-05	-2.227279e-02	-1.309117e+01
4.365000e-05	1.480624e-02	-1.321949e+01
4.366000e-05	-2.255717e-02	-1.335686e+01
4.367000e-05	6.346680e-03	-1.353529e+01
4.368000e-05	-1.810489e-02	-1.368155e+01
4.369000e-05	6.166701e-03	-1.382907e+01
4.370000e-05	-9.309324e-03	-1.394473e+01
4.371000e-05	-4.916081e-03	-1.413303e+01
4.372000e-05	-5.243992e-03	-1.422794e+01
4.373000e-05	-6.709588e-03	-1.435415e+01
4.374000e-05	-2.330936e-03	-1.445099e+01
4.375000e-05	-1.308985e-02	-1.455784e+01
4.376000e-05	-5.789515e-04	-1.465053e+01
4.377000e-05	-7.607978e-03	-1.473433e+01
4.378000e-05	-4.947194e-04	-1.484092e+01
4.379000e-05	-1.069391e-02	-1.490410e+01
4.380000e-05	-5.402777e-03	-1.501832e+01
4.381000e-05	-7.106203e-03	-1.504108e+01
4.382000e-05	-5.074556e-03	-1.519471e+01
4.383000e-05	-8.741324e-03	-1.523589e+01
4.384000e-05	-5.675037e-03	-1.528293e+01
4.385000e-05	-5.099568e-03	-1.531356e+01
4.386000e-05	-4.716281e-03	-1.538524e+01
4.387000e-05	-8.030855e-03	-1.536847e+01
4.388000e-05	-8.876059e-03	-1.546998e+01
4.389000e-05	-5.430294e-03	-1.549108e+01
4.390000e-05	-5.564645e-03	-1.550258e+01
4.391000e-05	-4.722021e-03	-1.554308e+01
4.392000e-05	-8.704870e-03	-1.551524e+01
4.393000e-05	-5.606792e-03	-1.551371e+01
4.394000e-05	-6.948470e-03	-1.554379e+01
4.395000e-05	-6.620013e-03	-1.554466e+01
4.396000e-05	-9.057229e-03	-1.550473e+01
4.397000e-05	-6.533420e-03	-1.553306e+01
4.398000e-05	-4.632141e-03	-1.548055e+01
4.399000e-05	-6.390884e-03	-1.547050e+01
4.400000e-05	-6.467189e-03	-1.545898e+01
4.401000e-05	-7.886217e-03	-1.538629e+01
4.402000e-05	-5.008627e-03	-1.535475e+01
4.403000e-05	-6.747304e-03	-1.527463e+01
4.404000e-05	-6.169621e-03	-1.526003e+01
4.405000e-05	-7.480101e-03	-1.520682e+01
4.406000e-05	-6.193772e-03	-1.516411e+01
4.407000e-05	-7.016222e-03	-1.507053e+01
4.408000e-05	-8.380567e-03	-1.497534e+01
4.409000e-05	-7.876236e-03	-1.488221e+01
4.410000e-05	-6.279374e-03	-1.481842e+01
4.411000e-05	-5.021136e-03	-1.472281e+01
4.412000e-05	-6.147834e-03	-1.463703e+01
4.413000e-05	-6.656466e-03	-1.452579e+01
4.414000e-05	-6.284550e-03	-1.443943e+01
4.415000e-05	-6.954037e-03	-1.432366e+01
4.416000e-05	-7.183735e-03	-1.421377e+01
4.417000e-05	-7.634858e-03	-1.410001e+01
4.418000e-05	-6.106674e-03	-1.392421e+01
4.419000e-05	-5.209569e-03	-1.378692e+01
4.420000e-05	-6.194210e-03	-1.365906e+01
4.421000e-05	-5.950768e-03	-1.350371e+01
4.422000e-05	-6.965021e-03	-1.334584e+01
4.423000e-05	-5.728297e-03	-1.319852e+01
4.424000e-05	-7.082839e-03	-1.303916e+01
4.425000e-05	-6.524618e-03	-1.292274e+01
4.426000e-05	-6.043495e-03	-1.276484e+01
4.427000e-05	-5.714540e-03	-1.256385e+01
4.428000e-05	-6.672550e-03	-1.240747e+01
4.429000e-05	-6.281812e-03	-1.218910e+01
4.430000e-05	-6.471522e-03	-1.204908e+01
4.431000e-05	-6.657061e-03	-1.183851e+01
4.432000e-05	-7.426315e-03	-1.161708e+01
4.433000e-05	-6.128170e-03	-1.140685e+01
4.434000e-05	-5.294743e-03	-1.118695e+01
4.435000e-05	-5.387061e-03	-1.094550e+01
4.436000e-05	-6.037971e-03	-1.078657e+01
4.437000e-05	-6.258556e-03	-1.058760e+01
4.438000e-05	-6.241356e-03	-1.041597e+01
4.439000e-05	-5.839242e-03	-1.011497e+01
4.440000e-05	-5.943989e-03	-9.884517e+00
4.441000e-05	-6.093296e-03	-9.673921e+00
4.442000e-05	-5.586021e-03	-9.460817e+00
4.443000e-05	-5.981461e-03	-9.279758e+00
4.444000e-05	-5.682584e-03	-9.038677e+00
4.445000e-05	-7.064731e-03	-8.806555e+00
4.446000e-05	-6.923331e-03	-8.534000e+00
4.447000e-05	-5.726962e-03	-8.322868e+00
4.448000e-05	-5.808991e-03	-8.051311e+00
4.449000e-05	-5.759736e-03	-7.786179e+00
4.450000e-05	-6.542682e-03	-7.522918e+00
4.451000e-05	-5.660937e-03	-7.280335e+00
4.452000e-05	-6.002018e-03	-6.996727e+00
4.453000e-05	-6.124085e-03	-6.714046e+00
4.454000e-05	-6.511410e-03	-6.493064e+00
4.455000e-05	-5.929539e-03	-6.207231e+00
4.456000e-05	-4.873392e-03	-5.966152e+00
4.457000e-05	-6.550624e-03	-5.703018e+00
4.458000e-05	-5.620346e-03	-5.377762e+00
4.459000e-05	-6.898305e-03	-5.084018e+00
4.460000e-05	-4.690129e-03	-4.764804e+00
4.461000e-05	-5.498070e-03	-4.503567e+00
4.462000e-05	-4.307562e-03	-4.252087e+00
4.463000e-05	-6.740154e-03	-3.999854e+00
4.464000e-05	-5.404924e-03	-3.702570e+00
4.465000e-05	-6.869044e-03	-3.452437e+00
4.466000e-05	-6.084547e-03	-3.158850e+00
4.467000e-05	-7.190423e-03	-2.861115e+00
4.468000e-05	-4.645132e-03	-2.577857e+00
4.469000e-05	-4.912122e-03	-2.270718e+00
4.470000e-05	-3.845264e-03	-2.017955e+00
4.471000e-05	-4.838049e-03	-1.754279e+00
4.472000e-05	-4.987591e-03	-1.412062e+00
4.473000e-05	-4.788247e-03	-1.084691e+00
4.474000e-05	-6.604258e-03	-8.200888e-01
4.475000e-05	-4.390659e-03	-4.927959e-01
4.476000e-05	-4.723415e-03	-2.611880e-01
4.477000e-05	1.934676e-03	2.922582e-03
4.478000e-05	7.820435e-03	3.477357e-01
4.479000e-05	-2.031290e-03	5.893410e-01
4.480000e-05	2.012323e-03	8.239738e-01
4.481000e-05	-2.419098e-03	1.129831e+00
4.482000e-05	1.146614e-03	1.391919e+00
4.483000e-05	-2.184948e-03	1.749661e+00
4.484000e-05	9.828406e-03	1.969315e+00
4.485000e-05	3.471614e-02	2.241390e+00
4.486000e-05	7.618933e-02	2.525583e+00
4.487000e-05	-5.259493e-02	2.874103e+00
4.488000e-05	-4.823888e-02	3.159285e+00
4.489000e-05	-3.544005e-02	3.442443e+00
4.490000e-05	6.481786e-03	3.733504e+00
4.491000e-05	-4.703830e-02	3.935632e+00
4.492000e-05	-3.071447e-02	4.146083e+00
4.493000e-05	9.560760e-02	4.433391e+00
4.494000e-05	-4.641888e-02	4.696579e+00
4.495000e-05	8.577258e-02	4.937139e+00
4.496000e-05	-1.873324e-02	5.298053e+00
4.497000e-05	-6.327071e-02	5.571262e+00
4.498000e-05	5.277375e-02	5.872324e+00
4.499000e-05	-3.332348e-02	6.137081e+00
4.500000e-05	3.190528e-02	6.379137e+00
4.501000e-05	-3.982470e-02	6.683845e+00
4.502000e-05	1.879965e-02	6.947107e+00
4.503000e-05	4.508260e-02	7.241167e+00
4.504000e-05	-3.773225e-02	7.523877e+00
4.505000e-05	-1.295654e-02	7.728037e+00
4.506000e-05	-2.025412e-02	8.051695e+00
4.507000e-05	5.708241e-02	8.313950e+00
4.508000e-05	-1.160051e-02	8.546930e+00
4.509000e-05	-2.843872e-02	8.776480e+00
4.510000e-05	2.424291e-02	8.969437e+00
4.511000e-05	-9.412309e-03	9.212094e+00
4.512000e-05	2.065191e-02	9.441169e+00
4.513000e-05	-3.660962e-02	9.684753e+00
4.514000e-05	1.630735e-02	9.934853e+00
4.515000e-05	9.305117e-03	1.012786e+01
4.516000e-05	1.557293e-02	1.034691e+01
4.517000e-05	-1.539062e-02	1.056841e+01
4.518000e-05	-1.984998e-02	1.078844e+01
4.519000e-05	2.181394e-02	1.096951e+01
4.520000e-05	-5.470574e-03	1.118743e+01
4.521000e-05	2.908596e-03	1.142899e+01
4.522000e-05	-1.644705e-02	1.163041e+01
4.523000e-05	2.313195e-02	1.184157e+01
4.524000e-05	1.933637e-03	1.200999e+01
4.525000e-05	-3.042363e-03	1.221894e+01
4.526000e-05	-1.450110e-02	1.238881e+01
4.527000e-05	4.460053e-03	1.253631e+01
4.528000e-05	1.255364e-02	1.272528e+01
4.529000e-05	-6.220245e-03	1.290512e+01
4.530000e-05	-3.123519e-03	1.306110e+01
4.531000e-05	1.569317e-03	1.320991e+01
4.532000e-05	1.438142e-02	1.335929e+01
4.533000e-05	-7.860176e-03	1.350370e+01
4.534000e-05	-6.895730e-03	1.363008e+01
4.535000e-05	-2.036524e-04	1.379979e+01
4.536000e-05	9.657205e-03	1.391563e+01
4.537000e-05	-3.606856e-05	1.404145e+01
4.538000e-05	-7.900937e-03	1.416985e+01
4.539000e-05	3.848107e-03	1.436611e+01
4.540000e-05	5.463971e-03	1.443103e+01
4.541000e-05	1.677579e-03	1.458671e+01
4.542000e-05	-8.868422e-03	1.467193e+01
4.543000e-05	2.394419e-03	1.477679e+01
4.544000e-05	6.380227e-03	1.483844e+01
4.545000e-05	1.817214e-03	1.491523e+01
4.546000e-05	-5.461645e-03	1.497836e+01
4.547000e-05	-3.577244e-03	1.506153e+01
4.548000e-05	7.270940e-03	1.509318e+01
4.549000e-05	4.618089e-04	1.517726e+01
4.550000e-05	-3.125456e-03	1.522142e+01
4.551000e-05	-2.675165e-03	1.529250e+01
4.552000e-05	5.949772e-03	1.532566e+01
4.553000e-05	2.475955e-03	1.537671e+01
4.554000e-05	-4.169765e-03	1.541830e+01
4.555000e-05	-2.254202e-03	1.542038e+01
4.556000e-05	3.368657e-03	1.548305e+01
4.557000e-05	3.799121e-03	1.548235e+01
4.558000e-05	-3.798116e-03	1.549300e+01
4.559000e-05	-2.780438e-03	1.551363e+01
4.560000e-05	2.221341e-03	1.553411e+01
4.561000e-05	3.516987e-03	1.549351e+01
4.562000e-05	-3.193387e-03	1.550253e+01
4.563000e-05	-2.792968e-03	1.548098e+01
4.564000e-05	2.030792e-03	1.547193e+01
4.565000e-05	3.553801e-03	1.543787e+01
4.566000e-05	-1.579222e-03	1.539677e+01
4.567000e-05	-4.378385e-03	1.532463e+01
4.568000e-05	1.323912e-03	1.532411e+01
4.569000e-05	2.831324e-03	1.526098e+01
4.570000e-05	-3.027064e-04	1.518787e+01
4.571000e-05	-4.065215e-03	1.513521e+01
4.572000e-05	6.471222e-04	1.510308e+01
4.573000e-05	3.126840e-03	1.498942e+01
4.574000e-05	-1.337132e-03	1.488816e+01
4.575000e-05	-3.315734e-03	1.483048e+01
4.576000e-05	-1.199301e-03	1.476695e+01
4.577000e-05	3.275733e-03	1.468105e+01
4.578000e-05	-1.355269e-03	1.457739e+01
4.579000e-05	-2.102322e-03	1.446153e+01
4.580000e-05	-2.717519e-03	1.440831e+01
4.581000e-05	2.620036e-03	1.425008e+01
4.582000e-05	-9.306162e-04	1.414461e+01
4.583000e-05	-3.658333e-03	1.398934e+01
4.584000e-05	-1.061013e-03	1.384988e+01
4.585000e-05	9.869932e-04	1.373524e+01
4.586000e-05	2.734548e-04	1.357687e+01
4.587000e-05	-4.301077e-03	1.340950e+01
4.588000e-05	-2.689623e-03	1.332216e+01
4.589000e-05	-2.865299e-04	1.311574e+01
4.590000e-05	2.663894e-04	1.295692e+01
4.591000e-05	-3.889789e-03	1.282898e+01
4.592000e-05	-1.710693e-03	1.264018e+01
4.593000e-05	-9.403295e-05	1.250378e+01
4.594000e-05	-4.494863e-04	1.232274e+01
4.595000e-05	-3.061092e-03	1.212432e+01
4.596000e-05	-3.943971e-03	1.195584e+01
4.597000e-05	-1.065636e-03	1.175597e+01
4.598000e-05	-5.126199e-04	1.152479e+01
4.599000e-05	-2.641500e-03	1.134282e+01
4.600000e-05	-3.443947e-03	1.112336e+01
4.601000e-05	-1.532339e-03	1.095342e+01
4.602000e-05	-4.664147e-04	1.072579e+01
4.603000e-05	-2.464977e-03	1.049436e+01
4.604000e-05	-4.289097e-03	1.027228e+01
4.605000e-05	-1.870358e-03	1.007071e+01
4.606000e-05	-9.743769e-04	9.861683e+00
4.607000e-05	-2.350963e-03	9.637153e+00
4.608000e-05	-4.500646e-03	9.419103e+00
4.609000e-05	-3.032890e-03	9.176149e+00
4.610000e-05	-2.187862e-03	8.914471e+00
4.611000e-05	-1.851057e-03	8.681865e+00
4.612000e-05	-4.185799e-03	8.462312e+00
4.613000e-05	-3.009006e-03	8.228705e+00
4.614000e-05	-1.821429e-03	7.985146e+00
4.615000e-05	-2.676346e-03	7.742995e+00
4.616000e-05	-3.816513e-03	7.419258e+00
4.617000e-05	-3.883505e-03	7.147120e+00
4.618000e-05	-2.331009e-03	6.913996e+00
4.619000e-05	-2.782546e-03	6.640309e+00
4.620000e-05	-3.607249e-03	6.376124e+00
4.621000e-05	-3.573465e-03	6.123595e+00
4.622000e-05	-2.936113e-03	5.903414e+00
4.623000e-05	-3.618669e-03	5.575179e+00
4.624000e-05	-3.941892e-03	5.364691e+00
4.625000e-05	-5.149828e-03	4.987175e+00
4.626000e-05	-3.397227e-03	4.663991e+00
4.627000e-05	-4.690620e-03	4.431408e+00
4.628000e-05	-4.417285e-03	4.133123e+00
4.629000e-05	-4.886253e-03	3.851865e+00
4.630000e-05	-3.721932e-03	3.599834e+00
4.631000e-05	-3.109924e-03	3.292043e+00
4.632000e-05	-3.961884e-03	3.000383e+00
4.633000e-05	-4.968094e-03	2.786826e+00
4.634000e-05	-3.934541e-03	2.471087e+00
4.635000e-05	-4.941258e-03	2.156377e+00
4.636000e-05	-5.461596e-03	1.885218e+00
4.637000e-05	-5.241140e-03	1.606905e+00
4.638000e-05	-5.150270e-03	1.303772e+00
4.639000e-05	-3.516769e-03	9.364038e-01
4.640000e-05	-3.626787e-03	6.622393e-01
4.641000e-05	-4.796421e-03	4.100063e-01
4.642000e-05	-3.224597e-03	8.427572e-02
4.643000e-05	4.010731e-04	-1.683660e-01
4.644000e-05	4.765841e-03	-3.914986e-01
4.645000e-05	-5.203107e-03	-6.872294e-01
4.646000e-05	-1.940720e-03	-9.788633e-01
4.647000e-05	-3.855404e-03	-1.233996e+00
4.648000e-05	-7.035339e-04	-1.560312e+00
4.649000e-05	5.561554e-05	-1.799365e+00
4.650000e-05	2.340399e-02	-1.998945e+00
4.651000e-05	9.901515e-02	-2.295578e+00
4.652000e-05	-4.505015e-02	-2.652019e+00
4.653000e-05	-4.617079e-02	-3.051470e+00
4.654000e-05	-4.667146e-02	-3.316657e+00
4.655000e-05	-9.045064e-03	-3.570791e+00
4.656000e-05	-6.729762e-02	-3.853395e+00
4.657000e-05	5.527001e-02	-4.031975e+00
4.658000e-05	5.585671e-02	-4.232870e+00
4.659000e-05	-1.056581e-01	-4.586658e+00
4.660000e-05	1.820747e-01	-4.810770e+00
4.661000e-05	-1.380978e-01	-5.074415e+00
4.662000e-05	3.549988e-02	-5.472194e+00
4.663000e-05	-2.183242e-02	-5.694927e+00
4.664000e-05	-6.297342e-02	-5.999692e+00
4.665000e-05	1.189552e-01	-6.220217e+00
4.666000e-05	-1.144907e-01	-6.525504e+00
4.667000e-05	9.740130e-02	-6.778638e+00
4.668000e-05	-3.167868e-02	-7.051213e+00
4.669000e-05	-2.625066e-02	-7.346557e+00
4.670000e-05	2.654030e-02	-7.590090e+00
4.671000e-05	-8.056274e-02	-7.934378e+00
4.672000e-05	1.007333e-01	-8.136487e+00
4.673000e-05	-8.120206e-02	-8.356534e+00
4.674000e-05	5.038254e-02	-8.660720e+00
4.675000e-05	-1.899966e-02	-8.872625e+00
4.676000e-05	-2.405263e-02	-9.137380e+00
4.677000e-05	3.393505e-02	-9.315407e+00
4.678000e-05	-6.627825e-02	-9.577932e+00
4.679000e-05	6.479094e-02	-9.780167e+00
4.680000e-05	-5.762536e-02	-1.001007e+01
4.681000e-05	5.572398e-02	-1.024062e+01
4.682000e-05	-5.099809e-02	-1.048357e+01
4.683000e-05	1.754343e-02	-1.069470e+01
4.684000e-05	-1.514732e-02	-1.085222e+01
4.685000e-05	-7.539725e-03	-1.106380e+01
4.686000e-05	8.455643e-03	-1.127327e+01
4.687000e-05	-2.428276e-02	-1.149623e+01
4.688000e-05	2.679325e-02	-1.170374e+01
4.689000e-05	-2.861068e-02	-1.197673e+01
4.690000e-05	1.845302e-02	-1.212476e+01
4.691000e-05	-3.720525e-02	-1.226326e+01
4.692000e-05	2.016573e-02	-1.248422e+01
4.693000e-05	-2.134089e-02	-1.267364e+01
4.694000e-05	8.781496e-03	-1.285099e+01
4.695000e-05	-1.553354e-02	-1.298899e+01
4.696000e-05	3.583529e-03	-1.312581e+01
4.697000e-05	-3.401867e-03	-1.330463e+01
4.698000e-05	-1.024464e-02	-1.345297e+01
4.699000e-05	-2.582069e-03	-1.357626e+01
4.700000e-05	-1.478453e-02	-1.373516e+01
4.701000e-05	5.830318e-03	-1.386218e+01
4.702000e-05	-1.591061e-02	-1.400037e+01
4.703000e-05	2.983745e-03	-1.416471e+01
4.704000e-05	-1.190740e-02	-1.429155e+01
4.705000e-05	1.809619e-03	-1.438682e+01
4.706000e-05	-1.189416e-02	-1.449511e+01
4.707000e-05	-4.260597e-03	-1.464792e+01
4.708000e-05	-7.410762e-03	-1.467413e+01
4.709000e-05	-4.417651e-03	-1.481689e+01
4.710000e-05	-5.580066e-03	-1.489100e+01
4.711000e-05	-8.819441e-03	-1.499521e+01
4.712000e-05	-4.851436e-03	-1.503000e+01
4.713000e-05	-6.776137e-03	-1.515316e+01
4.714000e-05	-6.197078e-03	-1.518521e+01
4.715000e-05	-7.076452e-03	-1.522737e+01
4.716000e-05	-5.072119e-03	-1.527208e+01
4.717000e-05	-5.493939e-03	-1.532524e+01
4.718000e-05	-4.955576e-03	-1.536827e+01
4.719000e-05	-9.700912e-03	-1.540840e+01
4.720000e-05	-6.294459e-03	-1.547050e+01
4.721000e-05	-7.483294e-03	-1.549208e+01
4.722000e-05	-3.991979e-03	-1.548415e+01
4.723000e-05	-7.820710e-03	-1.553266e+01
4.724000e-05	-6.310191e-03	-1.553471e+01
4.725000e-05	-7.434551e-03	-1.554461e+01
4.726000e-05	-7.457271e-03	-1.552619e+01
4.727000e-05	-7.465144e-03	-1.553323e+01
4.728000e-05	-7.820673e-03	-1.551311e+01
4.729000e-05	-2.820965e-03	-1.550208e+01
4.730000e-05	-6.402265e-03	-1.547250e+01
4.731000e-05	-5.229869e-03	-1.539945e+01
4.732000e-05	-9.378358e-03	-1.541737e+01
4.733000e-05	-7.701669e-03	-1.536539e+01
4.734000e-05	-7.553925e-03	-1.532363e+01
4.735000e-05	-7.501097e-03	-1.523108e+01
4.736000e-05	-7.349766e-03	-1.522800e+01
4.737000e-05	-4.749063e-03	-1.518529e+01
4.738000e-05	-3.359178e-03	-1.509108e+01
4.739000e-05	-6.266332e-03	-1.503890e+01
4.740000e-05	-9.745361e-03	-1.492524e+01
4.741000e-05	-8.308715e-03	-1.487256e+01
4.742000e-05	-6.899396e-03	-1.477544e+01
4.743000e-05	-7.214748e-03	-1.469211e+01
4.744000e-05	-6.815566e-03	-1.456582e+01
4.745000e-05	-6.509121e-03	-1.448158e+01
4.746000e-05	-3.857653e-03	-1.437420e+01
4.747000e-05	-6.053931e-03	-1.425098e+01
4.748000e-05	-7.145353e-03	-1.413261e+01
4.749000e-05	-9.050267e-03	-1.398490e+01
4.750000e-05	-5.936780e-03	-1.385056e+01
4.751000e-05	-7.207507e-03	-1.370531e+01
4.752000e-05	-6.729144e-03	-1.357542e+01
4.753000e-05	-7.831621e-03	-1.340893e+01
4.754000e-05	-5.364507e-03	-1.325918e+01
4.755000e-05	-5.171154e-03	-1.314434e+01
4.756000e-05	-6.077146e-03	-1.295845e+01
4.757000e-05	-6.564464e-03	-1.281903e+01
4.758000e-05	-6.398100e-03	-1.267061e+01
4.759000e-05	-5.677932e-03	-1.246018e+01
4.760000e-05	-7.530573e-03	-1.232326e+01
4.761000e-05	-7.248209e-03	-1.211529e+01
4.762000e-05	-7.699063e-03	-1.193575e+01
4.763000e-05	-4.682246e-03	-1.172331e+01
4.764000e-05	-5.971633e-03	-1.151117e+01
4.765000e-05	-6.463927e-03	-1.132166e+01
4.766000e-05	-5.853814e-03	-1.107973e+01
4.767000e-05	-6.037781e-03	-1.088188e+01
4.768000e-05	-6.428330e-03	-1.066274e+01
4.769000e-05	-8.520344e-03	-1.045071e+01
4.770000e-05	-7.024989e-03	-1.023971e+01
4.771000e-05	-4.761408e-03	-1.005821e+01
4.772000e-05	-6.281605e-03	-9.809155e+00
4.773000e-05	-6.619025e-03	-9.615653e+00
4.774000e-05	-6.121070e-03	-9.356551e+00
4.775000e-05	-5.098809e-03	-9.133491e+00
4.776000e-05	-4.799033e-03	-8.903988e+00
4.777000e-05	-7.185916e-03	-8.699782e+00
4.778000e-05	-7.021560e-03	-8.419783e+00
4.779000e-05	-5.633402e-03	-8.197651e+00
4.780000e-05	-6.070592e-03	-7.943016e+00
4.781000e-05	-6.515114e-03	-7.680261e+00
4.782000e-05	-7.387024e-03	-7.416701e+00
4.783000e-05	-4.590403e-03	-7.146047e+00
4.784000e-05	-5.259419e-03	-6.851361e+00
4.785000e-05	-5.651261e-03	-6.619255e+00
4.786000e-05	-6.776400e-03	-6.366730e+00
4.787000e-05	-5.062148e-03	-6.091016e+00
4.788000e-05	-6.663116e-03	-5.819283e+00
4.789000e-05	-5.219310e-03	-5.536073e+00
4.790000e-05	-7.395967e-03	-5.211413e+00
4.791000e-05	-6.902693e-03	-4.916526e+00
4.792000e-05	-4.218613e-03	-4.608384e+00
4.793000e-05	-5.566164e-03	-4.358276e+00
4.794000e-05	-3.463674e-03	-4.134150e+00
4.795000e-05	-3.989041e-03	-3.828538e+00
4.796000e-05	-4.783942e-03	-3.587250e+00
4.797000e-05	-5.783854e-03	-3.303696e+00
4.798000e-05	-8.507634e-03	-2.987936e+00
4.799000e-05	-5.706287e-03	-2.733200e+00
4.800000e-05	-6.347328e-03	-2.460487e+00
4.801000e-05	-4.052989e-03	-2.154331e+00
4.802000e-05	-3.772473e-03	-1.851615e+00
4.803000e-05	-4.511171e-03	-1.608908e+00
4.804000e-05	-2.292176e-03	-1.219693e+00
4.805000e-05	-6.007469e-03	-9.449286e-01
4.806000e-05	-3.738387e-03	-6.526722e-01
4.807000e-05	-5.427249e-03	-3.769299e-01
4.808000e-05	-2.433444e-03	-1.037721e-01
4.809000e-05	5.485775e-03	1.494644e-01
4.810000e-05	2.397346e-04	4.625738e-01
4.811000e-05	2.107984e-03	7.247043e-01
4.812000e-05	-1.274662e-04	9.704634e-01
4.813000e-05	2.048114e-03	1.284079e+00
4.814000e-05	-2.141067e-04	1.611287e+00
4.815000e-05	2.864738e-03	1.863101e+00
4.816000e-05	1.462945e-02	2.074003e+00
4.817000e-05	7.017618e-02	2.368656e+00
4.818000e-05	1.561836e-02	2.737700e+00
4.819000e-05	-6.029599e-02	3.041972e+00
4.820000e-05	-4.201461e-02	3.286553e+00
4.821000e-05	-1.044955e-02	3.599715e+00
4.822000e-05	-8.487321e-03	3.801920e+00
4.823000e-05	-5.670011e-02	4.000845e+00
4.824000e-05	3.823351e-02	4.296450e+00
4.825000e-05	4.703138e-02	4.609213e+00
4.826000e-05	-2.723847e-02	4.831799e+00
4.827000e-05	1.005491e-01	5.157583e+00
4.828000e-05	-1.023442e-01	5.483949e+00
4.829000e-05	2.326342e-02	5.725405e+00
4.830000e-05	1.218025e-02	6.021290e+00
4.831000e-05	-1.209328e-02	6.251321e+00
4.832000e-05	2.037279e-02	6.548481e+00
4.833000e-05	-5.237066e-02	6.841743e+00
4.834000e-05	7.573951e-02	7.053396e+00
4.835000e-05	-2.115463e-02	7.379486e+00
4.836000e-05	-1.355565e-02	7.651737e+00
4.837000e-05	-3.142451e-02	7.915953e+00
4.838000e-05	2.927610e-02	8.159062e+00
4.839000e-05	3.855501e-02	8.410718e+00
4.840000e-05	-4.570779e-02	8.640841e+00
4.841000e-05	1.177043e-02	8.883223e+00
4.842000e-05	-1.685972e-03	9.093276e+00
4.843000e-05	1.556481e-02	9.337508e+00
4.844000e-05	-1.423231e-02	9.557936e+00
4.845000e-05	-1.399642e-02	9.798989e+00
4.846000e-05	1.701704e-02	1.004165e+01
4.847000e-05	1.326567e-02	1.027274e+01
4.848000e-05	6.994068e-03	1.049217e+01
4.849000e-05	-2.948271e-02	1.070473e+01
4.850000e-05	9.864518e-03	1.089523e+01
4.851000e-05	7.033636e-03	1.108325e+01
4.852000e-05	3.327793e-03	1.132220e+01
4.853000e-05	-1.506753e-02	1.150468e+01
4.854000e-05	6.122623e-03	1.172628e+01
4.855000e-05	1.452586e-02	1.191676e+01
4.856000e-05	3.072583e-03	1.211420e+01
4.857000e-05	-1.240965e-02	1.230375e+01
4.858000e-05	-6.232939e-03	1.245157e+01
4.859000e-05	1.191447e-02	1.267212e+01
4.860000e-05	2.616745e-03	1.276897e+01
4.861000e-05	-5.792273e-03	1.297594e+01
4.862000e-05	-4.556070e-03	1.314468e+01
4.863000e-05	1.462001e-02	1.329355e+01
4.864000e-05	2.597475e-03	1.341109e+01
4.865000e-05	-5.969735e-03	1.358886e+01
4.866000e-05	-8.091289e-03	1.373378e+01
4.867000e-05	8.207997e-03	1.385400e+01
4.868000e-05	4.248297e-03	1.401729e+01
4.869000e-05	-4.508722e-03	1.412466e+01
4.870000e-05	-3.646663e-03	1.425293e+01
4.871000e-05	6.314711e-03	1.443932e+01
4.872000e-05	6.517111e-03	1.446416e+01
4.873000e-05	-5.864078e-03	1.458691e+01
4.874000e-05	-3.229695e-03	1.468375e+01
4.875000e-05	3.519077e-03	1.480642e+01
4.876000e-05	7.157966e-03	1.484410e+01
4.877000e-05	-3.125074e-03	1.493571e+01
4.878000e-05	-4.137300e-03	1.504149e+01
4.879000e-05	2.093916e-03	1.514410e+01
4.880000e-05	4.766652e-03	1.516521e+01
4.881000e-05	-2.608378e-03	1.523982e+01
4.882000e-05	-4.886303e-03	1.524200e+01
4.883000e-05	2.937807e-03	1.531608e+01
4.884000e-05	4.198467e-03	1.536516e+01
4.885000e-05	1.177264e-03	1.540877e+01
4.886000e-05	-5.957637e-03	1.541994e+01
4.887000e-05	1.796516e-03	1.549238e+01
4.888000e-05	3.874385e-03	1.549203e+01
4.889000e-05	1.222742e-03	1.548202e+01
4.890000e-05	-3.860499e-03	1.551303e+01
4.891000e-05	-4.178024e-05	1.555461e+01
4.892000e-05	4.417357e-03	1.554359e+01
4.893000e-05	-1.404316e-03	1.551253e+01
4.894000e-05	-2.383071e-03	1.548196e+01
4.895000e-05	-2.114071e-03	1.549248e+01
4.896000e-05	5.240677e-03	1.546035e+01
4.897000e-05	1.498879e-03	1.544782e+01
4.898000e-05	-2.782573e-03	1.538674e+01
4.899000e-05	-2.032977e-03	1.532271e+01
4.900000e-05	2.476356e-03	1.529311e+01
4.901000e-05	9.304568e-04	1.521940e+01
4.902000e-05	-3.301961e-03	1.519481e+01
4.903000e-05	-1.426973e-03	1.513619e+01
4.904000e-05	1.436358e-03	1.503100e+01
4.905000e-05	2.449606e-03	1.493477e+01
4.906000e-05	-2.416643e-03	1.491213e+01
4.907000e-05	-2.332936e-03	1.485105e+01
4.908000e-05	-2.754268e-05	1.472359e+01
4.909000e-05	1.382488e-03	1.466847e+01
4.910000e-05	-1.802975e-03	1.449366e+01
4.911000e-05	-3.475421e-03	1.444945e+01
4.912000e-05	-3.802050e-04	1.435274e+01
4.913000e-05	1.070193e-03	1.416782e+01
4.914000e-05	-2.326804e-03	1.403103e+01
4.915000e-05	-2.882896e-03	1.392414e+01
4.916000e-05	-9.468684e-04	1.378737e+01
4.917000e-05	9.479038e-04	1.364158e+01
4.918000e-05	-1.726570e-03	1.352221e+01
4.919000e-05	-3.761529e-03	1.333686e+01
4.920000e-05	-1.832190e-03	1.318893e+01
4.921000e-05	6.089205e-05	1.304158e+01
4.922000e-05	-9.790096e-04	1.292371e+01
4.923000e-05	-3.012650e-03	1.274434e+01
4.924000e-05	-1.697288e-03	1.256795e+01
4.925000e-05	-1.692225e-05	1.243948e+01
4.926000e-05	-1.823636e-03	1.222955e+01
4.927000e-05	-3.523712e-03	1.202163e+01
4.928000e-05	-2.451835e-03	1.182071e+01
4.929000e-05	-1.208306e-03	1.163058e+01
4.930000e-05	-7.135407e-04	1.145863e+01
4.931000e-05	-3.870949e-03	1.121918e+01
4.932000e-05	-2.205882e-03	1.101860e+01
4.933000e-05	-2.173919e-03	1.082973e+01
4.934000e-05	-9.389449e-04	1.059961e+01
4.935000e-05	-3.415509e-03	1.038753e+01
4.936000e-05	-3.064302e-03	1.017957e+01
4.937000e-05	-2.293885e-03	9.954445e+00
4.938000e-05	-1.395105e-03	9.724370e+00
4.939000e-05	-3.571266e-03	9.480342e+00
4.940000e-05	-3.665014e-03	9.302888e+00
4.941000e-05	-2.401307e-03	9.050757e+00
4.942000e-05	-1.797674e-03	8.828731e+00
4.943000e-05	-3.270625e-03	8.527099e+00
4.944000e-05	-4.333177e-03	8.365028e+00
4.945000e-05	-2.894126e-03	8.093389e+00
4.946000e-05	-2.440625e-03	7.850284e+00
4.947000e-05	-2.507926e-03	7.555179e+00
4.948000e-05	-3.897437e-03	7.291963e+00
4.949000e-05	-3.485091e-03	7.021459e+00
4.950000e-05	-2.568312e-03	6.757633e+00
4.951000e-05	-3.708985e-03	6.534069e+00
4.952000e-05	-4.676401e-03	6.260860e+00
4.953000e-05	-3.927507e-03	6.009682e+00
4.954000e-05	-3.255732e-03	5.715572e+00
4.955000e-05	-3.517445e-03	5.462487e+00
4.956000e-05	-5.289269e-03	5.126725e+00
4.957000e-05	-3.387473e-03	4.840385e+00
4.958000e-05	-3.025118e-03	4.576222e+00
4.959000e-05	-3.731130e-03	4.303018e+00
4.960000e-05	-5.433290e-03	3.977757e+00
4.961000e-05	-3.741859e-03	3.735167e+00
4.962000e-05	-3.735712e-03	3.442963e+00
4.963000e-05	-4.519443e-03	3.167751e+00
4.964000e-05	-5.739691e-03	2.893589e+00
4.965000e-05	-5.091053e-03	2.608962e+00
4.966000e-05	-4.403638e-03	2.282167e+00
4.967000e-05	-4.826705e-03	2.032058e+00
4.968000e-05	-5.354976e-03	1.796879e+00
4.969000e-05	-4.863756e-03	1.461111e+00
4.970000e-05	-4.157676e-03	1.125903e+00
4.971000e-05	-5.266768e-03	8.295076e-01
4.972000e-05	-5.749768e-03	4.949010e-01
4.973000e-05	-4.980089e-03	2.531906e-01
4.974000e-05	-2.029585e-03	8.452233e-03
4.975000e-05	6.684299e-03	-2.957306e-01
4.976000e-05	-3.272357e-03	-5.179094e-01
4.977000e-05	3.562498e-04	-8.335988e-01
4.978000e-05	-5.416458e-03	-1.104154e+00
4.979000e-05	-7.155886e-04	-1.401495e+00
4.980000e-05	-4.822255e-03	-1.664103e+00
4.981000e-05	1.028513e-02	-1.925704e+00
4.982000e-05	5.922937e-02	-2.137256e+00
4.983000e-05	5.271525e-02	-2.464025e+00
4.984000e-05	-7.555535e-02	-2.852445e+00
4.985000e-05	-3.061571e-02	-3.192317e+00
4.986000e-05	-3.352237e-02	-3.472428e+00
4.987000e-05	-1.984602e-02	-3.675534e+00
4.988000e-05	-6.364142e-02	-3.980191e+00
4.989000e-05	1.388026e-01	-4.145583e+00
4.990000e-05	-1.117744e-01	-4.376763e+00
4.991000e-05	8.937929e-02	-4.674504e+00
4.992000e-05	5.215322e-02	-4.904028e+00
4.993000e-05	-1.319917e-01	-5.324802e+00
4.994000e-05	1.003730e-01	-5.519038e+00
4.995000e-05	-1.432027e-01	-5.831816e+00
4.996000e-05	1.032198e-01	-6.073954e+00
4.997000e-05	-2.358580e-02	-6.346557e+00
4.998000e-05	-3.347687e-02	-6.642921e+00
4.999000e-05	9.720288e-02	-6.895328e+00
