# 261001_14:09:25.861534
t	CH1	CH2
0.000000e+00	-4.685562e-03	5.273171e-01
1.000000e-08	-4.134541e-03	3.048118e-01
2.000000e-08	-1.815974e-03	-3.945369e-02
3.000000e-08	5.104002e-03	-2.936367e-01
4.000000e-08	-1.044278e-03	-5.763372e-01
5.000000e-08	-4.173461e-03	-8.711014e-01
6.000000e-08	-4.708311e-03	-1.144184e+00
7.000000e-08	-1.500689e-03	-1.408424e+00
8.000000e-08	-2.034145e-03	-1.681060e+00
9.000000e-08	9.648382e-03	-1.903720e+00
1.000000e-07	5.842677e-02	-2.114662e+00
1.100000e-07	5.992291e-02	-2.530582e+00
1.200000e-07	-7.757038e-02	-2.870983e+00
1.300000e-07	-3.001449e-02	-3.238396e+00
1.400000e-07	-4.074131e-02	-3.522559e+00
1.500000e-07	-2.470936e-02	-3.753191e+00
1.600000e-07	-5.490857e-02	-3.998847e+00
1.700000e-07	1.248530e-01	-4.143717e+00
1.800000e-07	-6.763517e-02	-4.397301e+00
1.900000e-07	3.448505e-02	-4.734135e+00
2.000000e-07	7.959156e-02	-4.934292e+00
2.100000e-07	-1.440571e-01	-5.322161e+00
2.200000e-07	8.867228e-02	-5.626771e+00
2.300000e-07	-1.118926e-01	-5.878958e+00
2.400000e-07	6.641945e-02	-6.146261e+00
2.500000e-07	8.482241e-03	-6.416820e+00
2.600000e-07	-5.154924e-02	-6.732083e+00
2.700000e-07	1.045968e-01	-6.954192e+00
2.800000e-07	-9.822119e-02	-7.240406e+00
2.900000e-07	3.388238e-02	-7.573057e+00
3.000000e-07	-4.850109e-02	-7.753669e+00
3.100000e-07	1.167907e-02	-8.132554e+00
3.200000e-07	4.180321e-02	-8.300507e+00
3.300000e-07	-6.890049e-02	-8.563241e+00
3.400000e-07	7.500917e-02	-8.845348e+00
3.500000e-07	-7.281612e-02	-9.068401e+00
3.600000e-07	3.398683e-02	-9.311480e+00
3.700000e-07	-4.123059e-02	-9.530555e+00
3.800000e-07	6.716944e-03	-9.774136e+00
3.900000e-07	1.733938e-02	-9.952209e+00
4.000000e-07	-2.368660e-02	-1.019577e+01
4.100000e-07	2.425753e-02	-1.044725e+01
4.200000e-07	-4.932936e-02	-1.065937e+01
4.300000e-07	3.017357e-02	-1.088841e+01
4.400000e-07	-4.451190e-02	-1.107695e+01
4.500000e-07	2.059399e-02	-1.129948e+01
4.600000e-07	-2.515222e-02	-1.147892e+01
4.700000e-07	1.739083e-02	-1.171211e+01
4.800000e-07	-1.616581e-02	-1.194053e+01
4.900000e-07	-5.215327e-03	-1.212061e+01
5.000000e-07	-1.191935e-02	-1.231906e+01
5.100000e-07	-1.275854e-02	-1.252901e+01
5.200000e-07	3.209112e-03	-1.268683e+01
5.300000e-07	-1.925985e-02	-1.285624e+01
5.400000e-07	6.869265e-03	-1.301477e+01
5.500000e-07	-1.797395e-02	-1.317209e+01
5.600000e-07	7.014569e-03	-1.336101e+01
5.700000e-07	-2.444142e-02	-1.350843e+01
5.800000e-07	-4.916084e-04	-1.364727e+01
5.900000e-07	-1.668771e-02	-1.379317e+01
6.000000e-07	-1.275790e-03	-1.394998e+01
6.100000e-07	-1.341528e-02	-1.402687e+01
6.200000e-07	-7.477381e-03	-1.420327e+01
6.300000e-07	-7.553042e-03	-1.426801e+01
6.400000e-07	-1.011360e-02	-1.444775e+01
6.500000e-07	-1.045742e-02	-1.456214e+01
6.600000e-07	-1.337217e-02	-1.464740e+01
6.700000e-07	-6.561381e-03	-1.478209e+01
6.800000e-07	-1.081388e-02	-1.486587e+01
6.900000e-07	-8.397571e-03	-1.495306e+01
7.000000e-07	-1.375620e-02	-1.502577e+01
7.100000e-07	-8.651259e-03	-1.514056e+01
7.200000e-07	-1.308745e-02	-1.519269e+01
7.300000e-07	-1.058592e-02	-1.527640e+01
7.400000e-07	-1.467428e-02	-1.532001e+01
7.500000e-07	-9.484692e-03	-1.535359e+01
7.600000e-07	-1.270912e-02	-1.545480e+01
7.700000e-07	-1.159819e-02	-1.550740e+01
7.800000e-07	-1.454848e-02	-1.556003e+01
7.900000e-07	-1.407626e-02	-1.555064e+01
8.000000e-07	-1.249367e-02	-1.560314e+01
8.100000e-07	-1.376307e-02	-1.561322e+01
8.200000e-07	-1.262626e-02	-1.563438e+01
8.300000e-07	-1.492174e-02	-1.563632e+01
8.400000e-07	-1.318808e-02	-1.562782e+01
8.500000e-07	-1.682293e-02	-1.566630e+01
8.600000e-07	-1.569849e-02	-1.567677e+01
8.700000e-07	-1.546450e-02	-1.564627e+01
8.800000e-07	-1.411044e-02	-1.562482e+01
8.900000e-07	-1.496554e-02	-1.561377e+01
9.000000e-07	-1.714485e-02	-1.558271e+01
9.100000e-07	-1.570105e-02	-1.554114e+01
9.200000e-07	-1.557967e-02	-1.552998e+01
9.300000e-07	-1.750311e-02	-1.545745e+01
9.400000e-07	-1.815323e-02	-1.544382e+01
9.500000e-07	-1.709286e-02	-1.535419e+01
9.600000e-07	-1.531099e-02	-1.531906e+01
9.700000e-07	-1.743138e-02	-1.521837e+01
9.800000e-07	-1.814057e-02	-1.516219e+01
9.900000e-07	-1.881339e-02	-1.511053e+01
1.000000e-06	-1.732175e-02	-1.505480e+01
1.010000e-06	-1.836206e-02	-1.492966e+01
1.020000e-06	-1.936585e-02	-1.483680e+01
1.030000e-06	-1.827686e-02	-1.477271e+01
1.040000e-06	-1.783940e-02	-1.465790e+01
1.050000e-06	-1.925069e-02	-1.454374e+01
1.060000e-06	-2.150227e-02	-1.443577e+01
1.070000e-06	-2.011056e-02	-1.432158e+01
1.080000e-06	-1.945414e-02	-1.418172e+01
1.090000e-06	-1.962133e-02	-1.404782e+01
1.100000e-06	-2.010096e-02	-1.392053e+01
1.110000e-06	-2.042184e-02	-1.374177e+01
1.120000e-06	-1.931074e-02	-1.362527e+01
1.130000e-06	-1.999142e-02	-1.346995e+01
1.140000e-06	-1.987007e-02	-1.333153e+01
1.150000e-06	-1.890873e-02	-1.316324e+01
1.160000e-06	-1.727141e-02	-1.300734e+01
1.170000e-06	-1.683721e-02	-1.284845e+01
1.180000e-06	-1.696659e-02	-1.265008e+01
1.190000e-06	-1.687769e-02	-1.248051e+01
1.200000e-06	-1.574727e-02	-1.231066e+01
1.210000e-06	-1.535150e-02	-1.214476e+01
1.220000e-06	-1.590355e-02	-1.193061e+01
1.230000e-06	-1.482191e-02	-1.177219e+01
1.240000e-06	-1.306628e-02	-1.149303e+01
1.250000e-06	-1.300229e-02	-1.129005e+01
1.260000e-06	-1.379823e-02	-1.105945e+01
1.270000e-06	-1.298313e-02	-1.086998e+01
1.280000e-06	-1.162687e-02	-1.066208e+01
1.290000e-06	-1.122087e-02	-1.047095e+01
1.300000e-06	-1.234998e-02	-1.024835e+01
1.310000e-06	-1.107691e-02	-9.986865e+00
1.320000e-06	-1.064586e-02	-9.766292e+00
1.330000e-06	-9.593139e-03	-9.546337e+00
1.340000e-06	-1.098447e-02	-9.343215e+00
1.350000e-06	-1.022440e-02	-9.092634e+00
1.360000e-06	-8.982619e-03	-8.890100e+00
1.370000e-06	-8.250465e-03	-8.617323e+00
1.380000e-06	-9.400439e-03	-8.346341e+00
1.390000e-06	-9.477648e-03	-8.115784e+00
1.400000e-06	-8.457695e-03	-7.880630e+00
1.410000e-06	-7.052428e-03	-7.577840e+00
1.420000e-06	-8.925794e-03	-7.326236e+00
1.430000e-06	-8.078190e-03	-7.062000e+00
1.440000e-06	-7.786904e-03	-6.778867e+00
1.450000e-06	-6.492766e-03	-6.544812e+00
1.460000e-06	-8.507973e-03	-6.263208e+00
1.470000e-06	-7.575092e-03	-6.018520e+00
1.480000e-06	-7.933231e-03	-5.745266e+00
1.490000e-06	-5.399326e-03	-5.401550e+00
1.500000e-06	-6.894559e-03	-5.138312e+00
1.510000e-06	-6.714205e-03	-4.848073e+00
1.520000e-06	-6.572161e-03	-4.516365e+00
1.530000e-06	-4.347159e-03	-4.305240e+00
1.540000e-06	-6.713377e-03	-4.051129e+00
1.550000e-06	-7.696538e-03	-3.736889e+00
1.560000e-06	-7.620820e-03	-3.462657e+00
1.570000e-06	-6.871155e-03	-3.199022e+00
1.580000e-06	-5.550440e-03	-2.885159e+00
1.590000e-06	-6.562856e-03	-2.580073e+00
1.600000e-06	-4.783425e-03	-2.307362e+00
1.610000e-06	-4.045064e-03	-2.001104e+00
1.620000e-06	-4.252146e-03	-1.728995e+00
1.630000e-06	-5.948908e-03	-1.475778e+00
1.640000e-06	-6.184338e-03	-1.116860e+00
1.650000e-06	-6.123512e-03	-8.310752e-01
1.660000e-06	-3.610379e-03	-5.168646e-01
1.670000e-06	-4.481305e-03	-2.446541e-01
1.680000e-06	1.075890e-03	2.947877e-02
1.690000e-06	6.633680e-03	3.147394e-01
1.700000e-06	-1.483780e-03	6.268223e-01
1.710000e-06	2.010014e-03	8.714840e-01
1.720000e-06	-2.691196e-03	1.124792e+00
1.730000e-06	1.824439e-03	1.469504e+00
1.740000e-06	-1.115865e-03	1.764770e+00
1.750000e-06	1.029229e-02	1.987296e+00
1.760000e-06	3.710504e-02	2.217476e+00
1.770000e-06	6.961423e-02	2.532767e+00
1.780000e-06	-4.378816e-02	2.922560e+00
1.790000e-06	-4.796800e-02	3.176350e+00
1.800000e-06	-3.343242e-02	3.450083e+00
1.810000e-06	3.621767e-04	3.724215e+00
1.820000e-06	-4.398216e-02	3.964190e+00
1.830000e-06	-2.584912e-02	4.204748e+00
1.840000e-06	8.823045e-02	4.419529e+00
1.850000e-06	-1.814900e-02	4.734317e+00
1.860000e-06	4.896082e-02	5.005217e+00
1.870000e-06	8.383109e-03	5.342667e+00
1.880000e-06	-7.720421e-02	5.629747e+00
1.890000e-06	5.286098e-02	5.901087e+00
1.900000e-06	-2.764466e-02	6.194747e+00
1.910000e-06	2.067726e-02	6.448851e+00
1.920000e-06	-2.112328e-02	6.712663e+00
1.930000e-06	1.232105e-02	6.995301e+00
1.940000e-06	5.155512e-02	7.267933e+00
1.950000e-06	-5.098176e-02	7.522616e+00
1.960000e-06	-5.710767e-03	7.796804e+00
1.970000e-06	-1.169066e-02	8.120580e+00
1.980000e-06	5.383267e-02	8.342138e+00
1.990000e-06	-1.486329e-02	8.563692e+00
2.000000e-06	-2.549971e-02	8.814371e+00
2.010000e-06	3.177255e-02	9.016875e+00
2.020000e-06	-1.221098e-02	9.288534e+00
2.030000e-06	9.962020e-03	9.480535e+00
2.040000e-06	-2.723822e-02	9.743345e+00
2.050000e-06	2.461514e-02	9.995217e+00
2.060000e-06	9.670503e-03	1.019477e+01
2.070000e-06	6.339131e-03	1.041583e+01
2.080000e-06	-9.978001e-03	1.065695e+01
2.090000e-06	-8.376440e-03	1.085745e+01
2.100000e-06	2.049217e-02	1.106843e+01
2.110000e-06	-1.055031e-02	1.128832e+01
2.120000e-06	4.858513e-03	1.147650e+01
2.130000e-06	-2.536052e-03	1.170897e+01
2.140000e-06	2.128038e-02	1.189101e+01
2.150000e-06	-4.853522e-03	1.211011e+01
2.160000e-06	-1.409513e-03	1.228991e+01
2.170000e-06	-2.346547e-03	1.247748e+01
2.180000e-06	9.708661e-03	1.262627e+01
2.190000e-06	4.894486e-03	1.281425e+01
2.200000e-06	-3.975361e-03	1.296319e+01
2.210000e-06	7.746645e-03	1.312159e+01
2.220000e-06	4.979233e-03	1.329801e+01
2.230000e-06	8.278995e-03	1.347487e+01
2.240000e-06	-7.219509e-03	1.357317e+01
2.250000e-06	6.372378e-03	1.378066e+01
2.260000e-06	6.028646e-03	1.387745e+01
2.270000e-06	7.024126e-03	1.403524e+01
2.280000e-06	-1.759131e-03	1.418214e+01
2.290000e-06	4.353024e-03	1.433856e+01
2.300000e-06	9.516202e-03	1.443532e+01
2.310000e-06	1.911297e-03	1.457103e+01
2.320000e-06	6.636648e-04	1.464538e+01
2.330000e-06	2.930548e-03	1.475471e+01
2.340000e-06	1.150190e-02	1.482687e+01
2.350000e-06	4.636211e-03	1.490953e+01
2.360000e-06	2.234709e-03	1.499272e+01
2.370000e-06	4.771123e-03	1.507681e+01
2.380000e-06	8.265322e-03	1.518161e+01
2.390000e-06	4.756481e-03	1.519267e+01
2.400000e-06	8.308683e-04	1.529748e+01
2.410000e-06	6.697626e-03	1.531946e+01
2.420000e-06	8.780381e-03	1.542324e+01
2.430000e-06	8.127941e-03	1.546580e+01
2.440000e-06	2.714841e-03	1.547792e+01
2.450000e-06	7.420871e-03	1.553061e+01
2.460000e-06	8.156191e-03	1.556109e+01
2.470000e-06	8.440433e-03	1.558264e+01
2.480000e-06	4.963228e-03	1.559216e+01
2.490000e-06	7.018904e-03	1.561477e+01
2.500000e-06	9.775385e-03	1.562581e+01
2.510000e-06	8.197747e-03	1.562272e+01
2.520000e-06	5.240929e-03	1.561377e+01
2.530000e-06	7.059651e-03	1.558474e+01
2.540000e-06	1.103162e-02	1.557367e+01
2.550000e-06	1.085608e-02	1.555116e+01
2.560000e-06	7.715135e-03	1.553111e+01
2.570000e-06	8.528298e-03	1.554951e+01
2.580000e-06	1.039003e-02	1.548640e+01
2.590000e-06	1.037256e-02	1.541482e+01
2.600000e-06	7.032670e-03	1.537167e+01
2.610000e-06	9.259666e-03	1.526998e+01
2.620000e-06	1.060158e-02	1.521480e+01
2.630000e-06	1.241798e-02	1.516169e+01
2.640000e-06	7.736285e-03	1.509043e+01
2.650000e-06	9.074591e-03	1.499582e+01
2.660000e-06	1.125009e-02	1.494358e+01
2.670000e-06	1.134691e-02	1.487792e+01
2.680000e-06	9.923828e-03	1.473377e+01
2.690000e-06	9.860162e-03	1.464788e+01
2.700000e-06	1.275699e-02	1.455179e+01
2.710000e-06	1.126106e-02	1.444633e+01
2.720000e-06	1.179868e-02	1.433219e+01
2.730000e-06	1.109223e-02	1.417580e+01
2.740000e-06	1.396158e-02	1.409898e+01
2.750000e-06	1.307230e-02	1.396314e+01
2.760000e-06	1.108819e-02	1.378584e+01
2.770000e-06	1.038091e-02	1.364837e+01
2.780000e-06	1.136453e-02	1.351103e+01
2.790000e-06	1.076818e-02	1.335371e+01
2.800000e-06	8.783672e-03	1.319685e+01
2.810000e-06	9.386595e-03	1.305850e+01
2.820000e-06	1.158767e-02	1.290106e+01
2.830000e-06	1.034182e-02	1.271211e+01
2.840000e-06	7.929565e-03	1.255374e+01
2.850000e-06	6.752094e-03	1.235574e+01
2.860000e-06	7.606259e-03	1.218632e+01
2.870000e-06	5.814602e-03	1.200727e+01
2.880000e-06	4.894951e-03	1.175582e+01
2.890000e-06	4.494553e-03	1.158780e+01
2.900000e-06	5.640630e-03	1.138837e+01
2.910000e-06	4.723890e-03	1.117576e+01
2.920000e-06	3.621527e-03	1.094632e+01
2.930000e-06	3.678357e-03	1.077481e+01
2.940000e-06	3.645853e-03	1.058529e+01
2.950000e-06	3.068179e-03	1.034474e+01
2.960000e-06	1.142264e-03	1.010321e+01
2.970000e-06	1.332810e-03	9.883180e+00
2.980000e-06	1.466621e-03	9.639978e+00
2.990000e-06	1.758766e-03	9.399000e+00
3.000000e-06	1.682980e-04	9.198447e+00
3.010000e-06	-1.905603e-04	8.967893e+00
3.020000e-06	5.981859e-05	8.734737e+00
3.030000e-06	1.316598e-03	8.512763e+00
3.040000e-06	-2.988783e-04	8.280556e+00
3.050000e-06	-6.268324e-04	7.979450e+00
3.060000e-06	-1.079884e-03	7.725290e+00
3.070000e-06	-7.520452e-04	7.454185e+00
3.080000e-06	-2.203980e-03	7.160023e+00
3.090000e-06	-1.595948e-03	6.926417e+00
3.100000e-06	-2.647175e-03	6.684209e+00
3.110000e-06	-2.527439e-03	6.398025e+00
3.120000e-06	-2.588098e-03	6.127917e+00
3.130000e-06	-2.026618e-03	5.883287e+00
3.140000e-06	-2.211610e-03	5.619999e+00
3.150000e-06	-3.717145e-03	5.306415e+00
3.160000e-06	-2.912292e-03	4.966980e+00
3.170000e-06	-4.323739e-03	4.682711e+00
3.180000e-06	-1.319229e-03	4.461103e+00
3.190000e-06	-3.908253e-03	4.167893e+00
3.200000e-06	-2.758859e-03	3.863632e+00
3.210000e-06	-4.820085e-03	3.561046e+00
3.220000e-06	-6.360168e-03	3.296287e+00
3.230000e-06	-3.119533e-03	3.061075e+00
3.240000e-06	-5.596836e-03	2.797994e+00
3.250000e-06	-4.301353e-04	2.433128e+00
3.260000e-06	-4.466813e-03	2.128971e+00
3.270000e-06	-2.902035e-03	1.894813e+00
3.280000e-06	-6.907580e-03	1.542050e+00
3.290000e-06	-5.828694e-03	1.285262e+00
3.300000e-06	-8.162594e-03	9.789428e-01
3.310000e-06	-4.291569e-03	6.937329e-01
3.320000e-06	-1.920054e-03	3.705253e-01
3.330000e-06	-1.443242e-03	1.062905e-01
3.340000e-06	2.440759e-03	-2.098722e-01
3.350000e-06	3.830885e-03	-4.504751e-01
3.360000e-06	-4.481260e-03	-7.557142e-01
3.370000e-06	-2.782997e-03	-9.989220e-01
3.380000e-06	-5.810609e-03	-1.302561e+00
3.390000e-06	-2.859434e-03	-1.637921e+00
3.400000e-06	2.011583e-03	-1.819475e+00
3.410000e-06	3.363828e-02	-2.068978e+00
3.420000e-06	8.468636e-02	-2.364114e+00
3.430000e-06	-3.802809e-02	-2.722009e+00
3.440000e-06	-4.815536e-02	-3.104084e+00
3.450000e-06	-3.787786e-02	-3.417322e+00
3.460000e-06	-2.056406e-02	-3.617947e+00
3.470000e-06	-6.494254e-02	-3.962635e+00
3.480000e-06	5.052007e-02	-4.111585e+00
3.490000e-06	5.787691e-02	-4.321608e+00
3.500000e-06	-9.359278e-02	-4.616302e+00
3.510000e-06	1.661018e-01	-4.868975e+00
3.520000e-06	-1.244736e-01	-5.152690e+00
3.530000e-06	1.460465e-02	-5.562562e+00
3.540000e-06	-1.680827e-02	-5.743663e+00
3.550000e-06	-6.372598e-02	-5.997901e+00
3.560000e-06	1.123052e-01	-6.318978e+00
3.570000e-06	-1.012139e-01	-6.584663e+00
3.580000e-06	9.060514e-02	-6.867850e+00
3.590000e-06	-2.507675e-02	-7.153434e+00
3.600000e-06	-4.424620e-02	-7.426873e+00
3.610000e-06	2.483586e-02	-7.668979e+00
3.620000e-06	-6.905445e-02	-7.975744e+00
3.630000e-06	8.948848e-02	-8.215848e+00
3.640000e-06	-6.892705e-02	-8.477400e+00
3.650000e-06	4.162645e-02	-8.712159e+00
3.660000e-06	-9.569877e-03	-8.954639e+00
3.670000e-06	-3.571625e-02	-9.205767e+00
3.680000e-06	2.528793e-02	-9.405245e+00
3.690000e-06	-5.781431e-02	-9.679405e+00
3.700000e-06	6.038638e-02	-9.860976e+00
3.710000e-06	-4.678023e-02	-1.011898e+01
3.720000e-06	3.641060e-02	-1.036259e+01
3.730000e-06	-4.297458e-02	-1.057309e+01
3.740000e-06	1.063070e-02	-1.076372e+01
3.750000e-06	-1.640430e-02	-1.097224e+01
3.760000e-06	-1.111141e-02	-1.122572e+01
3.770000e-06	6.016233e-03	-1.143327e+01
3.780000e-06	-1.441104e-02	-1.163528e+01
3.790000e-06	1.723456e-02	-1.187727e+01
3.800000e-06	-3.111264e-02	-1.204835e+01
3.810000e-06	8.137042e-03	-1.221584e+01
3.820000e-06	-3.127201e-02	-1.240419e+01
3.830000e-06	1.506544e-02	-1.260417e+01
3.840000e-06	-2.297283e-02	-1.277206e+01
3.850000e-06	5.794931e-03	-1.293114e+01
3.860000e-06	-1.446611e-02	-1.306748e+01
3.870000e-06	1.721944e-03	-1.328738e+01
3.880000e-06	-1.327205e-02	-1.340576e+01
3.890000e-06	-1.425509e-02	-1.360204e+01
3.900000e-06	-6.686512e-03	-1.372948e+01
3.910000e-06	-1.169251e-02	-1.389740e+01
3.920000e-06	-2.814167e-03	-1.399364e+01
3.930000e-06	-1.616896e-02	-1.414911e+01
3.940000e-06	-8.556467e-04	-1.426692e+01
3.950000e-06	-1.202784e-02	-1.439219e+01
3.960000e-06	-5.798548e-03	-1.454948e+01
3.970000e-06	-1.740940e-02	-1.461329e+01
3.980000e-06	-6.609562e-03	-1.473953e+01
3.990000e-06	-1.112354e-02	-1.486269e+01
4.000000e-06	-8.215374e-03	-1.492848e+01
4.010000e-06	-1.288488e-02	-1.500427e+01
4.020000e-06	-8.761720e-03	-1.506895e+01
4.030000e-06	-1.112631e-02	-1.515111e+01
4.040000e-06	-1.204655e-02	-1.524674e+01
4.050000e-06	-1.344405e-02	-1.528998e+01
4.060000e-06	-1.199562e-02	-1.536051e+01
4.070000e-06	-1.022147e-02	-1.541429e+01
4.080000e-06	-1.329035e-02	-1.547792e+01
4.090000e-06	-1.295168e-02	-1.552946e+01
4.100000e-06	-1.537682e-02	-1.557213e+01
4.110000e-06	-1.114440e-02	-1.560274e+01
4.120000e-06	-1.412210e-02	-1.558319e+01
4.130000e-06	-1.188964e-02	-1.562419e+01
4.140000e-06	-1.408674e-02	-1.565732e+01
4.150000e-06	-1.306234e-02	-1.562635e+01
4.160000e-06	-1.489886e-02	-1.567792e+01
4.170000e-06	-1.657539e-02	-1.564635e+01
4.180000e-06	-1.601225e-02	-1.562724e+01
4.190000e-06	-1.503956e-02	-1.563679e+01
4.200000e-06	-1.440111e-02	-1.564309e+01
4.210000e-06	-1.572844e-02	-1.558424e+01
4.220000e-06	-1.628615e-02	-1.556214e+01
4.230000e-06	-1.632887e-02	-1.554051e+01
4.240000e-06	-1.613296e-02	-1.549898e+01
4.250000e-06	-1.725996e-02	-1.545642e+01
4.260000e-06	-1.722422e-02	-1.540472e+01
4.270000e-06	-1.661759e-02	-1.532206e+01
4.280000e-06	-1.713118e-02	-1.528843e+01
4.290000e-06	-1.820656e-02	-1.522322e+01
4.300000e-06	-1.820848e-02	-1.515263e+01
4.310000e-06	-1.844997e-02	-1.505745e+01
4.320000e-06	-1.810522e-02	-1.501317e+01
4.330000e-06	-1.842597e-02	-1.489895e+01
4.340000e-06	-1.862149e-02	-1.479462e+01
4.350000e-06	-1.849577e-02	-1.473046e+01
4.360000e-06	-1.954647e-02	-1.461476e+01
4.370000e-06	-1.944531e-02	-1.446793e+01
4.380000e-06	-2.091879e-02	-1.433364e+01
4.390000e-06	-2.006230e-02	-1.428684e+01
4.400000e-06	-2.115564e-02	-1.414098e+01
4.410000e-06	-1.959971e-02	-1.397464e+01
4.420000e-06	-1.975740e-02	-1.382735e+01
4.430000e-06	-1.974517e-02	-1.372146e+01
4.440000e-06	-1.943594e-02	-1.351106e+01
4.450000e-06	-1.960431e-02	-1.340182e+01
4.460000e-06	-1.804538e-02	-1.322637e+01
4.470000e-06	-1.843371e-02	-1.305850e+01
4.480000e-06	-1.763735e-02	-1.294213e+01
4.490000e-06	-1.722546e-02	-1.273269e+01
4.500000e-06	-1.754012e-02	-1.258422e+01
4.510000e-06	-1.691972e-02	-1.238621e+01
4.520000e-06	-1.603614e-02	-1.222700e+01
4.530000e-06	-1.494616e-02	-1.203844e+01
4.540000e-06	-1.372218e-02	-1.180592e+01
4.550000e-06	-1.387621e-02	-1.160477e+01
4.560000e-06	-1.394795e-02	-1.134579e+01
4.570000e-06	-1.250887e-02	-1.116322e+01
4.580000e-06	-1.241171e-02	-1.098421e+01
4.590000e-06	-1.303090e-02	-1.073531e+01
4.600000e-06	-1.265246e-02	-1.054376e+01
4.610000e-06	-1.148845e-02	-1.026416e+01
4.620000e-06	-9.889727e-03	-1.011263e+01
4.630000e-06	-1.122465e-02	-9.851555e+00
4.640000e-06	-1.133008e-02	-9.660025e+00
4.650000e-06	-1.005088e-02	-9.389372e+00
4.660000e-06	-9.263887e-03	-9.187342e+00
4.670000e-06	-9.340883e-03	-8.946390e+00
4.680000e-06	-1.055964e-02	-8.705260e+00
4.690000e-06	-8.861145e-03	-8.421024e+00
4.700000e-06	-8.498404e-03	-8.237900e+00
4.710000e-06	-9.008388e-03	-8.017895e+00
4.720000e-06	-9.683033e-03	-7.702588e+00
4.730000e-06	-8.400069e-03	-7.398496e+00
4.740000e-06	-7.032293e-03	-7.156818e+00
4.750000e-06	-7.723065e-03	-6.893632e+00
4.760000e-06	-8.704886e-03	-6.621004e+00
4.770000e-06	-7.332298e-03	-6.427944e+00
4.780000e-06	-6.421859e-03	-6.135757e+00
4.790000e-06	-7.290172e-03	-5.851025e+00
4.800000e-06	-8.854472e-03	-5.557941e+00
4.810000e-06	-7.174131e-03	-5.242628e+00
4.820000e-06	-6.537623e-03	-4.967840e+00
4.830000e-06	-5.843190e-03	-4.660106e+00
4.840000e-06	-6.576077e-03	-4.388524e+00
4.850000e-06	-5.661976e-03	-4.137337e+00
4.860000e-06	-6.702885e-03	-3.862078e+00
4.870000e-06	-6.112419e-03	-3.549971e+00
4.880000e-06	-7.818236e-03	-3.286309e+00
4.890000e-06	-5.817472e-03	-2.988502e+00
4.900000e-06	-6.164027e-03	-2.716313e+00
4.910000e-06	-5.567342e-03	-2.453153e+00
4.920000e-06	-5.374576e-03	-2.156936e+00
4.930000e-06	-4.930514e-03	-1.864177e+00
4.940000e-06	-4.703123e-03	-1.570474e+00
4.950000e-06	-5.757096e-03	-1.203656e+00
4.960000e-06	-6.159141e-03	-9.389648e-01
4.970000e-06	-5.350845e-03	-6.531304e-01
4.980000e-06	-3.701979e-03	-3.590200e-01
4.990000e-06	-2.006241e-03	-1.058119e-01
5.000000e-06	6.431659e-03	1.784049e-01
5.010000e-06	9.222603e-04	4.521102e-01
5.020000e-06	9.457769e-04	7.241909e-01
5.030000e-06	-1.902026e-03	1.038423e+00
5.040000e-06	2.375339e-06	1.314664e+00
5.050000e-06	-1.724058e-03	1.618400e+00
5.060000e-06	4.035553e-03	1.871112e+00
5.070000e-06	2.170091e-02	2.093639e+00
5.080000e-06	6.917229e-02	2.386472e+00
5.090000e-06	1.033525e-02	2.764296e+00
5.100000e-06	-6.630176e-02	3.052006e+00
5.110000e-06	-3.826684e-02	3.324217e+00
5.120000e-06	-1.210002e-02	3.608496e+00
5.130000e-06	-1.718032e-02	3.890053e+00
5.140000e-06	-5.663495e-02	4.052054e+00
5.150000e-06	4.837040e-02	4.321687e+00
5.160000e-06	5.301027e-02	4.597424e+00
5.170000e-06	-2.728239e-02	4.900587e+00
5.180000e-06	8.956485e-02	5.204874e+00
5.190000e-06	-1.007013e-01	5.523185e+00
5.200000e-06	2.477623e-02	5.765322e+00
5.210000e-06	1.046706e-02	6.027954e+00
5.220000e-06	-1.616404e-02	6.311159e+00
5.230000e-06	2.085544e-02	6.617273e+00
5.240000e-06	-3.766489e-02	6.869581e+00
5.250000e-06	7.308558e-02	7.132664e+00
5.260000e-06	-2.940548e-02	7.406344e+00
5.270000e-06	-1.998845e-02	7.700563e+00
5.280000e-06	-1.608020e-02	7.975214e+00
5.290000e-06	3.113171e-02	8.258478e+00
5.300000e-06	2.597744e-02	8.479458e+00
5.310000e-06	-4.179383e-02	8.699506e+00
5.320000e-06	2.241111e-02	8.931217e+00
5.330000e-06	4.184440e-03	9.144768e+00
5.340000e-06	1.379524e-03	9.404297e+00
5.350000e-06	-1.479125e-02	9.616325e+00
5.360000e-06	-9.629658e-04	9.918431e+00
5.370000e-06	2.476981e-02	1.013019e+01
5.380000e-06	4.913293e-03	1.033114e+01
5.390000e-06	-3.501859e-04	1.057314e+01
5.400000e-06	-1.711521e-02	1.078269e+01
5.410000e-06	1.315827e-02	1.095319e+01
5.420000e-06	1.992131e-03	1.115364e+01
5.430000e-06	-3.591658e-03	1.139477e+01
5.440000e-06	9.624758e-05	1.160519e+01
5.450000e-06	1.350416e-02	1.180682e+01
5.460000e-06	9.251549e-03	1.199282e+01
5.470000e-06	-5.441534e-03	1.216724e+01
5.480000e-06	-2.882516e-03	1.238517e+01
5.490000e-06	3.899123e-03	1.256217e+01
5.500000e-06	7.987843e-03	1.273108e+01
5.510000e-06	-1.415415e-03	1.288948e+01
5.520000e-06	2.752805e-03	1.306838e+01
5.530000e-06	7.186897e-03	1.321585e+01
5.540000e-06	9.723917e-03	1.336367e+01
5.550000e-06	-2.632917e-03	1.353103e+01
5.560000e-06	1.385005e-04	1.369638e+01
5.570000e-06	3.464087e-03	1.380479e+01
5.580000e-06	1.026289e-02	1.397202e+01
5.590000e-06	-2.763800e-03	1.408991e+01
5.600000e-06	3.185291e-03	1.428543e+01
5.610000e-06	6.284790e-03	1.440324e+01
5.620000e-06	8.371582e-03	1.451848e+01
5.630000e-06	9.759994e-04	1.461574e+01
5.640000e-06	1.022707e-03	1.469001e+01
5.650000e-06	8.845315e-03	1.481522e+01
5.660000e-06	5.139534e-03	1.486738e+01
5.670000e-06	2.848410e-03	1.495014e+01
5.680000e-06	3.999041e-04	1.505740e+01
5.690000e-06	7.655126e-03	1.511009e+01
5.700000e-06	8.821258e-03	1.518319e+01
5.710000e-06	5.158159e-03	1.522633e+01
5.720000e-06	3.210584e-03	1.526853e+01
5.730000e-06	8.080289e-03	1.538222e+01
5.740000e-06	5.479037e-03	1.541482e+01
5.750000e-06	3.833546e-03	1.545637e+01
5.760000e-06	3.200683e-03	1.548803e+01
5.770000e-06	7.924451e-03	1.555114e+01
5.780000e-06	1.156600e-02	1.556261e+01
5.790000e-06	6.548501e-03	1.559319e+01
5.800000e-06	7.588686e-03	1.559577e+01
5.810000e-06	7.748939e-03	1.558475e+01
5.820000e-06	8.349201e-03	1.561482e+01
5.830000e-06	4.922835e-03	1.559575e+01
5.840000e-06	5.037210e-03	1.563319e+01
5.850000e-06	9.667288e-03	1.561177e+01
5.860000e-06	1.189122e-02	1.554261e+01
5.870000e-06	1.081453e-02	1.555106e+01
5.880000e-06	8.907302e-03	1.549908e+01
5.890000e-06	9.293759e-03	1.546798e+01
5.900000e-06	1.013074e-02	1.543587e+01
5.910000e-06	8.185879e-03	1.542282e+01
5.920000e-06	8.499009e-03	1.529911e+01
5.930000e-06	1.012129e-02	1.522893e+01
5.940000e-06	1.219503e-02	1.518432e+01
5.950000e-06	9.802569e-03	1.515003e+01
5.960000e-06	9.487248e-03	1.506737e+01
5.970000e-06	1.045768e-02	1.497324e+01
5.980000e-06	1.158476e-02	1.488898e+01
5.990000e-06	9.648545e-03	1.477427e+01
6.000000e-06	1.076543e-02	1.469106e+01
6.010000e-06	1.143635e-02	1.459592e+01
6.020000e-06	1.208544e-02	1.446008e+01
6.030000e-06	1.108554e-02	1.440324e+01
6.040000e-06	1.075859e-02	1.425848e+01
6.050000e-06	1.182501e-02	1.414213e+01
6.060000e-06	1.346759e-02	1.399477e+01
6.070000e-06	1.162489e-02	1.382795e+01
6.080000e-06	1.139268e-02	1.370109e+01
6.090000e-06	1.094942e-02	1.354369e+01
6.100000e-06	1.107585e-02	1.342535e+01
6.110000e-06	9.289197e-03	1.323900e+01
6.120000e-06	9.836173e-03	1.310158e+01
6.130000e-06	1.038430e-02	1.295321e+01
6.140000e-06	1.045412e-02	1.275477e+01
6.150000e-06	8.711202e-03	1.259540e+01
6.160000e-06	8.093134e-03	1.245808e+01
6.170000e-06	6.005842e-03	1.227006e+01
6.180000e-06	6.404664e-03	1.205798e+01
6.190000e-06	5.319384e-03	1.187369e+01
6.200000e-06	4.761802e-03	1.167956e+01
6.210000e-06	5.944471e-03	1.144850e+01
6.220000e-06	4.960995e-03	1.123798e+01
6.230000e-06	3.966519e-03	1.107048e+01
6.240000e-06	1.760139e-03	1.082850e+01
6.250000e-06	3.024209e-03	1.066008e+01
6.260000e-06	1.903404e-03	1.042888e+01
6.270000e-06	3.279244e-03	1.018745e+01
6.280000e-06	1.201455e-03	1.000690e+01
6.290000e-06	2.436537e-03	9.753842e+00
6.300000e-06	1.773088e-03	9.503665e+00
6.310000e-06	1.342368e-03	9.303657e+00
6.320000e-06	-1.756156e-04	9.050784e+00
6.330000e-06	1.732776e-04	8.849474e+00
6.340000e-06	-3.605954e-04	8.597346e+00
6.350000e-06	-1.277549e-03	8.344417e+00
6.360000e-06	-5.539231e-04	8.114184e+00
6.370000e-06	3.885543e-04	7.842078e+00
6.380000e-06	-1.660812e-04	7.597420e+00
6.390000e-06	-2.318521e-03	7.293815e+00
6.400000e-06	-2.090705e-03	7.032157e+00
6.410000e-06	-2.065951e-03	6.768496e+00
6.420000e-06	-2.651422e-03	6.526241e+00
6.430000e-06	-3.278984e-03	6.250127e+00
6.440000e-06	-3.282785e-03	5.999523e+00
6.450000e-06	-2.591332e-03	5.736890e+00
6.460000e-06	-2.152111e-03	5.432108e+00
6.470000e-06	-2.912714e-03	5.129441e+00
6.480000e-06	-2.535978e-03	4.760100e+00
6.490000e-06	-2.064696e-03	4.506768e+00
6.500000e-06	-3.153071e-03	4.272657e+00
6.510000e-06	-3.547980e-03	3.928050e+00
6.520000e-06	-5.228429e-03	3.694736e+00
6.530000e-06	-4.782042e-03	3.421100e+00
6.540000e-06	-4.262179e-03	3.106916e+00
6.550000e-06	-3.586833e-03	2.874282e+00
6.560000e-06	-5.193784e-03	2.590398e+00
6.570000e-06	-1.776091e-03	2.285682e+00
6.580000e-06	-7.265531e-03	1.981078e+00
6.590000e-06	-2.911295e-03	1.675865e+00
6.600000e-06	-5.492953e-03	1.361628e+00
6.610000e-06	-4.367938e-03	1.106440e+00
6.620000e-06	-4.020404e-03	7.589461e-01
6.630000e-06	-3.779314e-03	4.753144e-01
6.640000e-06	-3.514951e-03	1.916777e-01
6.650000e-06	-2.825661e-03	-7.263395e-02
6.660000e-06	5.325512e-03	-3.352919e-01
6.670000e-06	-3.704176e-03	-6.105035e-01
6.680000e-06	-1.201710e-03	-9.106093e-01
6.690000e-06	-4.737390e-03	-1.166745e+00
6.700000e-06	-1.595844e-04	-1.501559e+00
6.710000e-06	-1.171360e-03	-1.755186e+00
6.720000e-06	1.537931e-02	-1.956767e+00
6.730000e-06	6.741904e-02	-2.155843e+00
6.740000e-06	3.511930e-02	-2.533263e+00
6.750000e-06	-7.920281e-02	-2.934138e+00
6.760000e-06	-2.821168e-02	-3.281583e+00
6.770000e-06	-3.601766e-02	-3.543667e+00
6.780000e-06	-3.399138e-02	-3.745270e+00
6.790000e-06	-3.442293e-02	-4.038925e+00
6.800000e-06	1.307826e-01	-4.195321e+00
6.810000e-06	-9.931892e-02	-4.500504e+00
6.820000e-06	9.823524e-02	-4.774285e+00
6.830000e-06	1.812959e-02	-4.997400e+00
6.840000e-06	-1.123791e-01	-5.416297e+00
6.850000e-06	8.027768e-02	-5.648001e+00
6.860000e-06	-1.226957e-01	-5.942584e+00
6.870000e-06	1.061733e-01	-6.186749e+00
6.880000e-06	-3.676470e-02	-6.428925e+00
6.890000e-06	-7.993989e-03	-6.764266e+00
6.900000e-06	7.732591e-02	-7.024793e+00
6.910000e-06	-1.012493e-01	-7.302614e+00
6.920000e-06	4.776333e-02	-7.613215e+00
6.930000e-06	-6.923779e-02	-7.857324e+00
6.940000e-06	4.578444e-02	-8.112189e+00
6.950000e-06	6.665386e-03	-8.373610e+00
6.960000e-06	-4.363726e-02	-8.604798e+00
6.970000e-06	6.289306e-02	-8.846955e+00
6.980000e-06	-7.779284e-02	-9.091430e+00
6.990000e-06	4.704617e-02	-9.330113e+00
7.000000e-06	-5.891897e-02	-9.581113e+00
7.010000e-06	3.277717e-02	-9.827272e+00
7.020000e-06	-8.453733e-03	-1.001227e+01
7.030000e-06	-4.131856e-03	-1.022888e+01
7.040000e-06	5.758763e-03	-1.044793e+01
7.050000e-06	-3.520304e-02	-1.066893e+01
7.060000e-06	2.374843e-02	-1.090939e+01
7.070000e-06	-4.240315e-02	-1.112150e+01
7.080000e-06	2.514343e-02	-1.132053e+01
7.090000e-06	-3.015755e-02	-1.151048e+01
7.100000e-06	2.540686e-02	-1.174167e+01
7.110000e-06	-2.650241e-02	-1.194066e+01
7.120000e-06	3.511372e-03	-1.216314e+01
7.130000e-06	-2.106426e-02	-1.236958e+01
7.140000e-06	-2.292729e-03	-1.255061e+01
7.150000e-06	-5.352008e-03	-1.268995e+01
7.160000e-06	-1.318711e-02	-1.287793e+01
7.170000e-06	1.499365e-03	-1.304675e+01
7.180000e-06	-1.359405e-02	-1.324317e+01
7.190000e-06	4.749003e-03	-1.334019e+01
7.200000e-06	-2.474773e-02	-1.346793e+01
7.210000e-06	1.918455e-03	-1.367782e+01
7.220000e-06	-1.758509e-02	-1.379320e+01
7.230000e-06	8.581568e-04	-1.393166e+01
7.240000e-06	-1.807093e-02	-1.405730e+01
7.250000e-06	-4.741818e-03	-1.423379e+01
7.260000e-06	-9.341404e-03	-1.434053e+01
7.270000e-06	-7.929078e-03	-1.448733e+01
7.280000e-06	-1.111550e-02	-1.460411e+01
7.290000e-06	-1.040966e-02	-1.468888e+01
7.300000e-06	-5.592833e-03	-1.478354e+01
7.310000e-06	-1.118963e-02	-1.487438e+01
7.320000e-06	-1.202486e-02	-1.493106e+01
7.330000e-06	-1.536314e-02	-1.506390e+01
7.340000e-06	-8.024408e-03	-1.512853e+01
7.350000e-06	-1.406301e-02	-1.521474e+01
7.360000e-06	-8.796988e-03	-1.528630e+01
7.370000e-06	-1.153417e-02	-1.528956e+01
7.380000e-06	-7.405970e-03	-1.540517e+01
7.390000e-06	-1.293527e-02	-1.545680e+01
7.400000e-06	-1.466471e-02	-1.550738e+01
7.410000e-06	-1.514929e-02	-1.555113e+01
7.420000e-06	-1.300792e-02	-1.557259e+01
7.430000e-06	-1.131969e-02	-1.557307e+01
7.440000e-06	-1.429453e-02	-1.560522e+01
7.450000e-06	-1.101732e-02	-1.565683e+01
7.460000e-06	-1.379306e-02	-1.564675e+01
7.470000e-06	-1.356343e-02	-1.564587e+01
7.480000e-06	-1.816361e-02	-1.566690e+01
7.490000e-06	-1.590004e-02	-1.567685e+01
7.500000e-06	-1.537465e-02	-1.565729e+01
7.510000e-06	-1.400604e-02	-1.561480e+01
7.520000e-06	-1.517658e-02	-1.560377e+01
7.530000e-06	-1.625452e-02	-1.556316e+01
7.540000e-06	-1.591019e-02	-1.557213e+01
7.550000e-06	-1.734819e-02	-1.552851e+01
7.560000e-06	-1.838038e-02	-1.546832e+01
7.570000e-06	-1.799176e-02	-1.544629e+01
7.580000e-06	-1.611946e-02	-1.538271e+01
7.590000e-06	-1.604501e-02	-1.528895e+01
7.600000e-06	-1.766077e-02	-1.523730e+01
7.610000e-06	-1.791127e-02	-1.517319e+01
7.620000e-06	-1.761576e-02	-1.509900e+01
7.630000e-06	-1.751611e-02	-1.499387e+01
7.640000e-06	-1.884294e-02	-1.494104e+01
7.650000e-06	-1.923052e-02	-1.480434e+01
7.660000e-06	-1.885747e-02	-1.474164e+01
7.670000e-06	-1.915558e-02	-1.464892e+01
7.680000e-06	-1.976989e-02	-1.454164e+01
7.690000e-06	-2.000134e-02	-1.442634e+01
7.700000e-06	-1.891840e-02	-1.431905e+01
7.710000e-06	-1.918986e-02	-1.417262e+01
7.720000e-06	-2.055055e-02	-1.399579e+01
7.730000e-06	-1.997514e-02	-1.389050e+01
7.740000e-06	-2.011975e-02	-1.374219e+01
7.750000e-06	-1.925404e-02	-1.356279e+01
7.760000e-06	-2.019224e-02	-1.346597e+01
7.770000e-06	-1.884786e-02	-1.329041e+01
7.780000e-06	-1.796011e-02	-1.311311e+01
7.790000e-06	-1.799816e-02	-1.296582e+01
7.800000e-06	-1.514281e-02	-1.281732e+01
7.810000e-06	-1.927186e-02	-1.264888e+01
7.820000e-06	-1.565728e-02	-1.241998e+01
7.830000e-06	-1.778669e-02	-1.235056e+01
7.840000e-06	-1.495920e-02	-1.210316e+01
7.850000e-06	-1.493349e-02	-1.191310e+01
7.860000e-06	-1.246615e-02	-1.166008e+01
7.870000e-06	-1.366169e-02	-1.148798e+01
7.880000e-06	-1.294689e-02	-1.124897e+01
7.890000e-06	-1.367510e-02	-1.103842e+01
7.900000e-06	-1.325517e-02	-1.080747e+01
7.910000e-06	-1.437978e-02	-1.061747e+01
7.920000e-06	-1.066210e-02	-1.039050e+01
7.930000e-06	-1.044691e-02	-1.021685e+01
7.940000e-06	-8.250313e-03	-9.955305e+00
7.950000e-06	-9.950921e-03	-9.755691e+00
7.960000e-06	-1.055946e-02	-9.543206e+00
7.970000e-06	-1.019180e-02	-9.290582e+00
7.980000e-06	-1.186567e-02	-9.020478e+00
7.990000e-06	-9.555942e-03	-8.829448e+00
8.000000e-06	-9.957736e-03	-8.545894e+00
8.010000e-06	-8.540455e-03	-8.305715e+00
8.020000e-06	-6.944184e-03	-8.072209e+00
8.030000e-06	-7.521777e-03	-7.850454e+00
8.040000e-06	-7.936251e-03	-7.565783e+00
8.050000e-06	-8.911939e-03	-7.273159e+00
8.060000e-06	-8.813760e-03	-7.038975e+00
8.070000e-06	-8.078293e-03	-6.755763e+00
8.080000e-06	-7.748797e-03	-6.514236e+00
8.090000e-06	-8.389759e-03	-6.240498e+00
8.100000e-06	-6.076218e-03	-5.948367e+00
8.110000e-06	-7.206091e-03	-5.673158e+00
8.120000e-06	-6.000588e-03	-5.386344e+00
8.130000e-06	-7.501647e-03	-5.084704e+00
8.140000e-06	-6.176230e-03	-4.758443e+00
8.150000e-06	-6.276874e-03	-4.484178e+00
8.160000e-06	-6.286647e-03	-4.262681e+00
8.170000e-06	-7.972102e-03	-3.999974e+00
8.180000e-06	-6.704386e-03	-3.684734e+00
8.190000e-06	-6.393074e-03	-3.420551e+00
8.200000e-06	-6.714953e-03	-3.127367e+00
8.210000e-06	-6.067763e-03	-2.823101e+00
8.220000e-06	-4.671585e-03	-2.558941e+00
8.230000e-06	-4.296939e-03	-2.304183e+00
8.240000e-06	-4.894077e-03	-1.948974e+00
8.250000e-06	-6.477895e-03	-1.675684e+00
8.260000e-06	-6.294724e-03	-1.389896e+00
8.270000e-06	-6.073014e-03	-1.044159e+00
8.280000e-06	-5.703860e-03	-7.811500e-01
8.290000e-06	-4.930281e-03	-4.747343e-01
8.300000e-06	-2.726413e-03	-2.015513e-01
8.310000e-06	3.661431e-03	1.010290e-01
8.320000e-06	6.468743e-03	3.868986e-01
8.330000e-06	-2.353912e-03	6.199574e-01
8.340000e-06	5.653976e-04	8.921067e-01
8.350000e-06	-2.410135e-03	1.217428e+00
8.360000e-06	1.226444e-03	1.451058e+00
8.370000e-06	-9.620500e-04	1.778346e+00
8.380000e-06	1.297502e-02	1.998875e+00
8.390000e-06	4.608735e-02	2.301060e+00
8.400000e-06	6.032926e-02	2.598920e+00
8.410000e-06	-5.881609e-02	2.974668e+00
8.420000e-06	-4.254546e-02	3.199401e+00
8.430000e-06	-2.914025e-02	3.504112e+00
8.440000e-06	-4.400340e-04	3.745267e+00
8.450000e-06	-5.396103e-02	3.997221e+00
8.460000e-06	-7.715324e-03	4.196952e+00
8.470000e-06	9.007226e-02	4.520060e+00
8.480000e-06	-3.680426e-02	4.788321e+00
8.490000e-06	7.683435e-02	5.058954e+00
8.500000e-06	-3.201702e-02	5.427325e+00
8.510000e-06	-4.921576e-02	5.678979e+00
8.520000e-06	4.888305e-02	5.932614e+00
8.530000e-06	-3.142570e-02	6.227821e+00
8.540000e-06	2.981269e-02	6.458478e+00
8.550000e-06	-3.387480e-02	6.784290e+00
8.560000e-06	3.564084e-02	7.036799e+00
8.570000e-06	2.745220e-02	7.301092e+00
8.580000e-06	-4.697909e-02	7.583898e+00
8.590000e-06	-7.898060e-03	7.848855e+00
8.600000e-06	-1.965390e-03	8.122111e+00
8.610000e-06	5.343995e-02	8.363246e+00
8.620000e-06	-2.817364e-02	8.605295e+00
8.630000e-06	-1.144248e-02	8.845824e+00
8.640000e-06	2.733238e-02	9.048958e+00
8.650000e-06	-1.162549e-02	9.300162e+00
8.660000e-06	6.637734e-03	9.531641e+00
8.670000e-06	-2.590179e-02	9.766771e+00
8.680000e-06	2.974283e-02	1.000522e+01
8.690000e-06	5.488201e-03	1.023630e+01
8.700000e-06	6.231217e-03	1.044738e+01
8.710000e-06	-1.355962e-02	1.065743e+01
8.720000e-06	-1.804489e-03	1.090946e+01
8.730000e-06	1.845322e-02	1.108898e+01
8.740000e-06	-1.088947e-02	1.126958e+01
8.750000e-06	4.397442e-03	1.152998e+01
8.760000e-06	-1.160585e-03	1.173016e+01
8.770000e-06	2.042558e-02	1.194064e+01
8.780000e-06	-7.463397e-03	1.213014e+01
8.790000e-06	-7.828331e-04	1.232906e+01
8.800000e-06	-4.490645e-04	1.248993e+01
8.810000e-06	1.045751e-02	1.267940e+01
8.820000e-06	3.871735e-03	1.284635e+01
8.830000e-06	-3.032651e-03	1.297475e+01
8.840000e-06	7.786782e-03	1.318206e+01
8.850000e-06	6.006065e-03	1.329956e+01
8.860000e-06	5.107281e-03	1.344788e+01
8.870000e-06	-7.261909e-03	1.362469e+01
8.880000e-06	6.285808e-03	1.379169e+01
8.890000e-06	7.144467e-03	1.390796e+01
8.900000e-06	5.043928e-03	1.406624e+01
8.910000e-06	-4.924519e-04	1.418310e+01
8.920000e-06	4.811440e-03	1.435159e+01
8.930000e-06	1.043655e-02	1.445537e+01
8.940000e-06	2.109713e-03	1.456161e+01
8.950000e-06	1.908166e-04	1.465888e+01
8.960000e-06	3.680468e-03	1.477414e+01
8.970000e-06	1.071122e-02	1.484692e+01
8.980000e-06	3.926571e-03	1.492008e+01
8.990000e-06	1.408297e-03	1.499422e+01
9.000000e-06	5.669170e-03	1.510893e+01
9.010000e-06	8.547939e-03	1.519067e+01
9.020000e-06	5.808984e-03	1.520530e+01
9.030000e-06	3.089869e-04	1.530795e+01
9.040000e-06	6.443633e-03	1.534309e+01
9.050000e-06	8.622825e-03	1.541332e+01
9.060000e-06	6.800743e-03	1.540585e+01
9.070000e-06	3.878529e-03	1.548738e+01
9.080000e-06	6.346455e-03	1.555958e+01
9.090000e-06	1.111213e-02	1.555061e+01
9.100000e-06	8.046890e-03	1.558379e+01
9.110000e-06	6.262227e-03	1.559179e+01
9.120000e-06	5.365745e-03	1.561369e+01
9.130000e-06	1.137343e-02	1.561372e+01
9.140000e-06	7.282415e-03	1.563422e+01
9.150000e-06	5.455723e-03	1.560417e+01
9.160000e-06	6.779873e-03	1.557222e+01
9.170000e-06	1.110542e-02	1.557314e+01
9.180000e-06	1.048733e-02	1.555219e+01
9.190000e-06	8.247680e-03	1.553966e+01
9.200000e-06	8.807230e-03	1.546793e+01
9.210000e-06	1.061221e-02	1.546682e+01
9.220000e-06	1.124939e-02	1.540429e+01
9.230000e-06	8.083466e-03	1.537261e+01
9.240000e-06	9.482133e-03	1.525843e+01
9.250000e-06	1.096813e-02	1.520437e+01
9.260000e-06	1.142800e-02	1.517274e+01
9.270000e-06	9.298515e-03	1.508860e+01
9.280000e-06	9.392934e-03	1.498527e+01
9.290000e-06	1.150115e-02	1.493958e+01
9.300000e-06	1.138259e-02	1.481783e+01
9.310000e-06	1.187370e-02	1.473319e+01
9.320000e-06	1.071274e-02	1.463840e+01
9.330000e-06	1.305635e-02	1.451164e+01
9.340000e-06	1.141637e-02	1.442535e+01
9.350000e-06	1.243211e-02	1.429156e+01
9.360000e-06	9.589706e-03	1.419427e+01
9.370000e-06	1.308058e-02	1.406040e+01
9.380000e-06	1.145234e-02	1.391109e+01
9.390000e-06	1.264431e-02	1.378327e+01
9.400000e-06	1.109323e-02	1.361582e+01
9.410000e-06	1.084316e-02	1.349958e+01
9.420000e-06	1.065203e-02	1.333268e+01
9.430000e-06	1.078780e-02	1.315671e+01
9.440000e-06	1.015016e-02	1.300645e+01
9.450000e-06	9.969687e-03	1.286845e+01
9.460000e-06	8.812715e-03	1.272250e+01
9.470000e-06	8.876201e-03	1.250326e+01
9.480000e-06	6.819511e-03	1.234416e+01
9.490000e-06	6.928401e-03	1.217327e+01
9.500000e-06	5.880168e-03	1.195632e+01
9.510000e-06	5.911226e-03	1.177727e+01
9.520000e-06	5.278142e-03	1.158532e+01
9.530000e-06	4.848167e-03	1.136639e+01
9.540000e-06	4.511270e-03	1.113422e+01
9.550000e-06	2.847240e-03	1.092574e+01
9.560000e-06	3.118430e-03	1.072386e+01
9.570000e-06	2.612930e-03	1.050472e+01
9.580000e-06	2.278905e-03	1.029166e+01
9.590000e-06	1.530347e-03	1.006363e+01
9.600000e-06	2.152958e-03	9.841977e+00
9.610000e-06	9.290757e-04	9.616972e+00
9.620000e-06	1.097895e-03	9.377295e+00
9.630000e-06	8.506248e-04	9.166915e+00
9.640000e-06	1.099384e-04	8.935316e+00
9.650000e-06	-6.267124e-04	8.692158e+00
9.660000e-06	1.291771e-04	8.442133e+00
9.670000e-06	3.244593e-04	8.169446e+00
9.680000e-06	-9.373963e-04	7.946842e+00
9.690000e-06	-9.557635e-04	7.684258e+00
9.700000e-06	-1.650611e-03	7.410503e+00
9.710000e-06	-2.034654e-03	7.145869e+00
9.720000e-06	-1.685417e-03	6.894839e+00
9.730000e-06	-1.535117e-03	6.591679e+00
9.740000e-06	-2.282836e-03	6.347844e+00
9.750000e-06	-2.462456e-03	6.115738e+00
9.760000e-06	-1.598651e-03	5.853229e+00
9.770000e-06	-3.246226e-03	5.567416e+00
9.780000e-06	-3.071470e-03	5.294261e+00
9.790000e-06	-3.187394e-03	4.886469e+00
9.800000e-06	-2.113841e-03	4.641153e+00
9.810000e-06	-3.798094e-03	4.378948e+00
9.820000e-06	-3.067295e-03	4.084688e+00
9.830000e-06	-3.748700e-03	3.809547e+00
9.840000e-06	-3.453145e-03	3.548418e+00
9.850000e-06	-4.110051e-03	3.203078e+00
9.860000e-06	-4.119555e-03	2.978572e+00
9.870000e-06	-4.676119e-03	2.667067e+00
9.880000e-06	-3.848961e-03	2.429499e+00
9.890000e-06	-4.011579e-03	2.085764e+00
9.900000e-06	-4.489190e-03	1.844181e+00
9.910000e-06	-4.806349e-03	1.537899e+00
9.920000e-06	-4.624681e-03	1.242577e+00
9.930000e-06	-3.906828e-03	9.078359e-01
9.940000e-06	-4.471629e-03	6.204990e-01
9.950000e-06	-4.400647e-03	3.004696e-01
9.960000e-06	-3.305629e-03	-4.343306e-03
9.970000e-06	2.068393e-03	-2.600278e-01
9.980000e-06	3.456593e-03	-5.126316e-01
9.990000e-06	-4.054424e-03	-7.964173e-01
1.000000e-05	-1.996974e-03	-1.059502e+00
1.001000e-05	-3.605062e-03	-1.382747e+00
1.002000e-05	-2.212948e-03	-1.650951e+00
1.003000e-05	3.663707e-03	-1.851630e+00
1.004000e-05	4.178650e-02	-2.101104e+00
1.005000e-05	7.908099e-02	-2.375350e+00
1.006000e-05	-6.046540e-02	-2.783168e+00
1.007000e-05	-3.829891e-02	-3.164694e+00
1.008000e-05	-3.933625e-02	-3.440028e+00
1.009000e-05	-1.793589e-02	-3.671458e+00
1.010000e-05	-6.665727e-02	-3.974162e+00
1.011000e-05	8.655402e-02	-4.083163e+00
1.012000e-05	7.352672e-03	-4.363662e+00
1.013000e-05	-5.435843e-02	-4.680004e+00
1.014000e-05	1.472782e-01	-4.910985e+00
1.015000e-05	-1.498943e-01	-5.206375e+00
1.016000e-05	5.748397e-02	-5.575665e+00
1.017000e-05	-6.249717e-02	-5.806292e+00
1.018000e-05	-1.509752e-02	-6.102559e+00
1.019000e-05	7.923880e-02	-6.361088e+00
1.020000e-05	-9.476618e-02	-6.647851e+00
1.021000e-05	1.097928e-01	-6.910479e+00
1.022000e-05	-6.308740e-02	-7.202596e+00
1.023000e-05	-8.993942e-03	-7.460504e+00
1.024000e-05	-2.794315e-03	-7.721055e+00
1.025000e-05	-4.524578e-02	-8.037400e+00
1.026000e-05	7.979814e-02	-8.249901e+00
1.027000e-05	-8.011173e-02	-8.530064e+00
1.028000e-05	6.463209e-02	-8.794642e+00
1.029000e-05	-4.026824e-02	-8.994244e+00
1.030000e-05	-6.515331e-03	-9.257402e+00
1.031000e-05	5.488239e-04	-9.477422e+00
1.032000e-05	-3.751181e-02	-9.691060e+00
1.033000e-05	4.922419e-02	-9.879006e+00
1.034000e-05	-4.492047e-02	-1.017214e+01
1.035000e-05	3.978535e-02	-1.041259e+01
1.036000e-05	-5.178104e-02	-1.061269e+01
1.037000e-05	2.384049e-02	-1.083482e+01
1.038000e-05	-3.143015e-02	-1.099530e+01
1.039000e-05	3.761865e-03	-1.121685e+01
1.040000e-05	-7.227326e-03	-1.144682e+01
1.041000e-05	-7.258570e-04	-1.168588e+01
1.042000e-05	5.798507e-03	-1.187690e+01
1.043000e-05	-2.158917e-02	-1.209743e+01
1.044000e-05	2.888098e-03	-1.224737e+01
1.045000e-05	-2.625807e-02	-1.247540e+01
1.046000e-05	1.237061e-02	-1.264475e+01
1.047000e-05	-2.530711e-02	-1.282427e+01
1.048000e-05	9.437174e-03	-1.296471e+01
1.049000e-05	-1.814374e-02	-1.311998e+01
1.050000e-05	6.682720e-03	-1.331898e+01
1.051000e-05	-1.828217e-02	-1.342435e+01
1.052000e-05	-7.488434e-03	-1.361371e+01
1.053000e-05	-9.838444e-03	-1.373004e+01
1.054000e-05	-6.794776e-03	-1.392998e+01
1.055000e-05	-6.308576e-03	-1.405324e+01
1.056000e-05	-1.415769e-02	-1.417206e+01
1.057000e-05	-3.480558e-03	-1.431748e+01
1.058000e-05	-1.258267e-02	-1.441419e+01
1.059000e-05	-8.046318e-03	-1.452105e+01
1.060000e-05	-1.601380e-02	-1.464725e+01
1.061000e-05	-5.181468e-03	-1.476056e+01
1.062000e-05	-1.058868e-02	-1.482480e+01
1.063000e-05	-7.610836e-03	-1.492908e+01
1.064000e-05	-1.445368e-02	-1.503379e+01
1.065000e-05	-8.277538e-03	-1.513895e+01
1.066000e-05	-1.323635e-02	-1.515866e+01
1.067000e-05	-1.113580e-02	-1.521625e+01
1.068000e-05	-1.512839e-02	-1.530806e+01
1.069000e-05	-1.014362e-02	-1.531166e+01
1.070000e-05	-1.157643e-02	-1.545479e+01
1.071000e-05	-1.206665e-02	-1.549741e+01
1.072000e-05	-1.241036e-02	-1.554053e+01
1.073000e-05	-1.390212e-02	-1.556204e+01
1.074000e-05	-1.212867e-02	-1.561421e+01
1.075000e-05	-1.613017e-02	-1.560470e+01
1.076000e-05	-1.272551e-02	-1.564482e+01
1.077000e-05	-1.452345e-02	-1.561578e+01
1.078000e-05	-1.444432e-02	-1.564785e+01
1.079000e-05	-1.536540e-02	-1.563890e+01
1.080000e-05	-1.596948e-02	-1.564833e+01
1.081000e-05	-1.523665e-02	-1.562480e+01
1.082000e-05	-1.467066e-02	-1.559570e+01
1.083000e-05	-1.433914e-02	-1.561522e+01
1.084000e-05	-1.689049e-02	-1.561419e+01
1.085000e-05	-1.629624e-02	-1.557209e+01
1.086000e-05	-1.720519e-02	-1.555006e+01
1.087000e-05	-1.754788e-02	-1.550743e+01
1.088000e-05	-1.826040e-02	-1.541582e+01
1.089000e-05	-1.701970e-02	-1.537369e+01
1.090000e-05	-1.663360e-02	-1.531956e+01
1.091000e-05	-1.642114e-02	-1.526883e+01
1.092000e-05	-1.767275e-02	-1.517379e+01
1.093000e-05	-1.889862e-02	-1.513153e+01
1.094000e-05	-1.844307e-02	-1.505695e+01
1.095000e-05	-1.867006e-02	-1.499216e+01
1.096000e-05	-1.879431e-02	-1.484783e+01
1.097000e-05	-1.887364e-02	-1.479472e+01
1.098000e-05	-1.856849e-02	-1.466050e+01
1.099000e-05	-1.959213e-02	-1.456426e+01
1.100000e-05	-2.016123e-02	-1.447793e+01
1.101000e-05	-2.040424e-02	-1.434316e+01
1.102000e-05	-1.916077e-02	-1.425432e+01
1.103000e-05	-1.935424e-02	-1.403833e+01
1.104000e-05	-1.988777e-02	-1.393206e+01
1.105000e-05	-1.911902e-02	-1.377582e+01
1.106000e-05	-2.008987e-02	-1.366885e+01
1.107000e-05	-2.020943e-02	-1.349011e+01
1.108000e-05	-2.010653e-02	-1.337419e+01
1.109000e-05	-1.787713e-02	-1.319627e+01
1.110000e-05	-1.727258e-02	-1.307998e+01
1.111000e-05	-1.680056e-02	-1.286158e+01
1.112000e-05	-1.657398e-02	-1.270308e+01
1.113000e-05	-1.638644e-02	-1.255469e+01
1.114000e-05	-1.587930e-02	-1.238474e+01
1.115000e-05	-1.664506e-02	-1.220629e+01
1.116000e-05	-1.567679e-02	-1.200577e+01
1.117000e-05	-1.460892e-02	-1.182532e+01
1.118000e-05	-1.350733e-02	-1.156421e+01
1.119000e-05	-1.300689e-02	-1.131321e+01
1.120000e-05	-1.275530e-02	-1.113366e+01
1.121000e-05	-1.268781e-02	-1.092361e+01
1.122000e-05	-1.206291e-02	-1.071371e+01
1.123000e-05	-1.180443e-02	-1.053316e+01
1.124000e-05	-1.171609e-02	-1.026963e+01
1.125000e-05	-1.021981e-02	-1.005003e+01
1.126000e-05	-1.049135e-02	-9.838919e+00
1.127000e-05	-1.032601e-02	-9.627999e+00
1.128000e-05	-1.098347e-02	-9.345746e+00
1.129000e-05	-9.211760e-03	-9.134763e+00
1.130000e-05	-9.409650e-03	-8.914791e+00
1.131000e-05	-8.507128e-03	-8.682206e+00
1.132000e-05	-8.818808e-03	-8.399493e+00
1.133000e-05	-8.012197e-03	-8.166944e+00
1.134000e-05	-7.637673e-03	-7.935361e+00
1.135000e-05	-8.803489e-03	-7.640503e+00
1.136000e-05	-9.098302e-03	-7.418369e+00
1.137000e-05	-8.862127e-03	-7.126207e+00
1.138000e-05	-7.936141e-03	-6.871075e+00
1.139000e-05	-7.327284e-03	-6.589921e+00
1.140000e-05	-7.730687e-03	-6.357365e+00
1.141000e-05	-6.515394e-03	-6.050578e+00
1.142000e-05	-7.360715e-03	-5.779495e+00
1.143000e-05	-6.680172e-03	-5.514865e+00
1.144000e-05	-7.808541e-03	-5.230026e+00
1.145000e-05	-7.089107e-03	-4.885339e+00
1.146000e-05	-6.792806e-03	-4.578999e+00
1.147000e-05	-6.038963e-03	-4.358420e+00
1.148000e-05	-6.031038e-03	-4.093736e+00
1.149000e-05	-7.362013e-03	-3.831603e+00
1.150000e-05	-7.023075e-03	-3.506941e+00
1.151000e-05	-7.445497e-03	-3.253207e+00
1.152000e-05	-4.918653e-03	-2.988940e+00
1.153000e-05	-5.867820e-03	-2.654708e+00
1.154000e-05	-5.388978e-03	-2.410998e+00
1.155000e-05	-4.936871e-03	-2.094207e+00
1.156000e-05	-4.386689e-03	-1.801152e+00
1.157000e-05	-5.865494e-03	-1.527770e+00
1.158000e-05	-7.018073e-03	-1.160524e+00
1.159000e-05	-6.516673e-03	-9.048384e-01
1.160000e-05	-4.081837e-03	-6.211476e-01
1.161000e-05	-3.924861e-03	-3.373370e-01
1.162000e-05	-1.081958e-03	-6.420427e-02
1.163000e-05	6.659657e-03	2.511063e-01
1.164000e-05	1.257881e-04	4.947644e-01
1.165000e-05	1.593260e-03	7.273422e-01
1.166000e-05	-3.486242e-03	1.041565e+00
1.167000e-05	4.844849e-04	1.356247e+00
1.168000e-05	-1.181268e-03	1.652060e+00
1.169000e-05	6.005868e-03	1.884693e+00
1.170000e-05	2.503075e-02	2.154717e+00
1.171000e-05	7.356817e-02	2.479483e+00
1.172000e-05	-1.113248e-02	2.837880e+00
1.173000e-05	-5.887007e-02	3.071608e+00
1.174000e-05	-3.818736e-02	3.435820e+00
1.175000e-05	-6.188515e-03	3.661532e+00
1.176000e-05	-2.626806e-02	3.901659e+00
1.177000e-05	-4.762401e-02	4.102139e+00
1.178000e-05	6.737474e-02	4.385268e+00
1.179000e-05	2.524183e-02	4.660584e+00
1.180000e-05	-9.911804e-04	4.923643e+00
1.181000e-05	6.659373e-02	5.289980e+00
1.182000e-05	-1.018758e-01	5.563191e+00
1.183000e-05	4.262954e-02	5.817325e+00
1.184000e-05	-6.143052e-03	6.112607e+00
1.185000e-05	-1.106559e-03	6.362689e+00
1.186000e-05	5.994624e-03	6.607980e+00
1.187000e-05	-2.419041e-02	6.903112e+00
1.188000e-05	7.105698e-02	7.194693e+00
1.189000e-05	-4.254443e-02	7.479330e+00
1.190000e-05	-1.159593e-02	7.743244e+00
1.191000e-05	-1.633230e-02	8.035351e+00
1.192000e-05	4.383699e-02	8.251034e+00
1.193000e-05	1.007705e-02	8.490558e+00
1.194000e-05	-3.858514e-02	8.772688e+00
1.195000e-05	2.946154e-02	8.992342e+00
1.196000e-05	-5.137439e-03	9.257301e+00
1.197000e-05	6.024807e-03	9.417324e+00
1.198000e-05	-2.232275e-02	9.688985e+00
1.199000e-05	1.014618e-02	9.909554e+00
1.200000e-05	1.774392e-02	1.014211e+01
1.201000e-05	5.534424e-03	1.036314e+01
1.202000e-05	-3.069302e-03	1.061375e+01
1.203000e-05	-1.436864e-02	1.080472e+01
1.204000e-05	1.820146e-02	1.102674e+01
1.205000e-05	-3.651134e-03	1.119430e+01
1.206000e-05	1.016085e-03	1.143427e+01
1.207000e-05	-2.339203e-03	1.163628e+01
1.208000e-05	1.799587e-02	1.184950e+01
1.209000e-05	2.318746e-03	1.203830e+01
1.210000e-05	-2.477916e-03	1.224485e+01
1.211000e-05	-3.281849e-03	1.244440e+01
1.212000e-05	6.509144e-03	1.257372e+01
1.213000e-05	6.977766e-03	1.277209e+01
1.214000e-05	-2.156979e-03	1.288956e+01
1.215000e-05	4.871371e-03	1.311646e+01
1.216000e-05	5.849707e-03	1.324586e+01
1.217000e-05	9.419414e-03	1.336474e+01
1.218000e-05	-5.344583e-03	1.356157e+01
1.219000e-05	2.115389e-03	1.374754e+01
1.220000e-05	4.452517e-03	1.383680e+01
1.221000e-05	7.416392e-03	1.399164e+01
1.222000e-05	-8.264604e-04	1.413109e+01
1.223000e-05	3.162531e-03	1.430740e+01
1.224000e-05	9.269392e-03	1.444427e+01
1.225000e-05	5.299662e-03	1.448003e+01
1.226000e-05	4.369418e-04	1.464417e+01
1.227000e-05	3.690500e-03	1.469901e+01
1.228000e-05	8.629673e-03	1.480522e+01
1.229000e-05	5.609235e-03	1.488986e+01
1.230000e-05	1.872621e-03	1.499164e+01
1.231000e-05	2.846643e-03	1.506592e+01
1.232000e-05	6.568976e-03	1.514206e+01
1.233000e-05	5.404461e-03	1.519422e+01
1.234000e-05	3.955405e-03	1.524530e+01
1.235000e-05	5.313814e-03	1.529851e+01
1.236000e-05	1.004682e-02	1.540369e+01
1.237000e-05	7.622195e-03	1.541733e+01
1.238000e-05	3.586507e-03	1.550548e+01
1.239000e-05	3.637584e-03	1.548843e+01
1.240000e-05	6.295430e-03	1.556124e+01
1.241000e-05	9.435048e-03	1.556204e+01
1.242000e-05	5.786609e-03	1.561259e+01
1.243000e-05	7.686136e-03	1.562479e+01
1.244000e-05	1.110530e-02	1.562424e+01
1.245000e-05	8.553894e-03	1.564377e+01
1.246000e-05	8.059155e-03	1.559317e+01
1.247000e-05	4.079621e-03	1.561319e+01
1.248000e-05	9.979910e-03	1.560322e+01
1.249000e-05	9.269977e-03	1.556159e+01
1.250000e-05	9.251532e-03	1.552011e+01
1.251000e-05	7.418372e-03	1.552898e+01
1.252000e-05	1.069167e-02	1.546748e+01
1.253000e-05	1.218367e-02	1.544627e+01
1.254000e-05	9.709462e-03	1.541264e+01
1.255000e-05	7.877129e-03	1.530109e+01
1.256000e-05	9.393417e-03	1.526638e+01
1.257000e-05	1.195550e-02	1.514369e+01
1.258000e-05	8.892184e-03	1.515061e+01
1.259000e-05	8.203701e-03	1.506588e+01
1.260000e-05	9.554859e-03	1.495214e+01
1.261000e-05	1.281569e-02	1.486745e+01
1.262000e-05	1.101460e-02	1.477429e+01
1.263000e-05	1.057234e-02	1.466953e+01
1.264000e-05	1.142983e-02	1.456427e+01
1.265000e-05	1.259253e-02	1.450956e+01
1.266000e-05	1.075778e-02	1.434427e+01
1.267000e-05	9.966104e-03	1.422788e+01
1.268000e-05	1.280064e-02	1.412106e+01
1.269000e-05	1.335779e-02	1.394624e+01
1.270000e-05	1.286922e-02	1.385648e+01
1.271000e-05	1.016487e-02	1.370943e+01
1.272000e-05	1.110309e-02	1.353261e+01
1.273000e-05	1.224343e-02	1.339387e+01
1.274000e-05	1.015665e-02	1.324790e+01
1.275000e-05	8.677173e-03	1.308003e+01
1.276000e-05	9.320498e-03	1.291119e+01
1.277000e-05	1.141485e-02	1.275477e+01
1.278000e-05	8.557029e-03	1.256630e+01
1.279000e-05	6.915335e-03	1.243785e+01
1.280000e-05	6.693854e-03	1.225755e+01
1.281000e-05	7.291400e-03	1.207946e+01
1.282000e-05	5.156460e-03	1.186958e+01
1.283000e-05	4.786082e-03	1.165958e+01
1.284000e-05	4.828286e-03	1.145042e+01
1.285000e-05	6.117668e-03	1.122832e+01
1.286000e-05	4.177081e-03	1.102637e+01
1.287000e-05	2.274906e-03	1.084748e+01
1.288000e-05	2.538421e-03	1.061642e+01
1.289000e-05	3.051068e-03	1.039577e+01
1.290000e-05	1.160162e-03	1.013679e+01
1.291000e-05	2.890454e-03	9.964763e+00
1.292000e-05	-7.658439e-04	9.701714e+00
1.293000e-05	3.590983e-03	9.499104e+00
1.294000e-05	1.982929e-04	9.281606e+00
1.295000e-05	1.164556e-03	8.988979e+00
1.296000e-05	2.784604e-04	8.787417e+00
1.297000e-05	1.685191e-03	8.526819e+00
1.298000e-05	-8.766408e-04	8.306283e+00
1.299000e-05	-9.871921e-04	8.033127e+00
1.300000e-05	-4.213307e-03	7.817498e+00
1.301000e-05	-2.068481e-03	7.516315e+00
1.302000e-05	-8.308340e-04	7.261581e+00
1.303000e-05	4.568499e-04	6.989421e+00
1.304000e-05	-7.371593e-04	6.727443e+00
1.305000e-05	-2.277249e-04	6.463658e+00
1.306000e-05	-4.941800e-04	6.218558e+00
1.307000e-05	-6.190142e-03	5.957396e+00
1.308000e-05	-4.063365e-03	5.684136e+00
1.309000e-05	-6.410995e-03	5.420999e+00
1.310000e-05	-1.952157e-03	5.074686e+00
1.311000e-05	-1.126333e-03	4.737892e+00
1.312000e-05	-1.354313e-03	4.484258e+00
1.313000e-05	-1.350163e-03	4.230577e+00
1.314000e-05	-3.036985e-03	3.915316e+00
1.315000e-05	-3.412185e-03	3.653156e+00
1.316000e-05	-6.427072e-03	3.367468e+00
1.317000e-05	-5.744642e-03	3.064734e+00
1.318000e-05	-5.177121e-03	2.823128e+00
1.319000e-05	-3.774753e-03	2.568815e+00
1.320000e-05	-4.421803e-03	2.212629e+00
1.321000e-05	-2.855260e-03	1.919545e+00
1.322000e-05	-3.991508e-03	1.655178e+00
1.323000e-05	-3.449882e-03	1.349969e+00
1.324000e-05	-5.177534e-03	1.031229e+00
1.325000e-05	-5.994735e-03	7.183961e-01
1.326000e-05	-4.461387e-03	4.622307e-01
1.327000e-05	-3.885773e-03	1.399936e-01
1.328000e-05	-2.269248e-03	-1.356894e-01
1.329000e-05	6.012753e-03	-4.078686e-01
1.330000e-05	-3.298820e-03	-6.605603e-01
1.331000e-05	1.682104e-03	-9.652172e-01
1.332000e-05	-5.399220e-03	-1.248449e+00
1.333000e-05	-1.586752e-03	-1.535736e+00
1.334000e-05	-2.762770e-03	-1.786869e+00
1.335000e-05	2.117225e-02	-1.976845e+00
1.336000e-05	7.647691e-02	-2.218481e+00
1.337000e-05	6.377261e-03	-2.595297e+00
1.338000e-05	-6.849783e-02	-2.986295e+00
1.339000e-05	-2.961805e-02	-3.364688e+00
1.340000e-05	-2.935925e-02	-3.575741e+00
1.341000e-05	-4.937082e-02	-3.857999e+00
1.342000e-05	-7.532615e-03	-4.110983e+00
1.343000e-05	1.151166e-01	-4.227446e+00
1.344000e-05	-1.136742e-01	-4.522608e+00
1.345000e-05	1.481880e-01	-4.827725e+00
1.346000e-05	-4.371259e-02	-5.077508e+00
1.347000e-05	-6.687429e-02	-5.448899e+00
1.348000e-05	5.134077e-02	-5.641057e+00
1.349000e-05	-1.133326e-01	-5.984241e+00
1.350000e-05	1.243175e-01	-6.187872e+00
1.351000e-05	-7.203891e-02	-6.491031e+00
1.352000e-05	3.520820e-02	-6.794716e+00
1.353000e-05	3.913398e-02	-7.048924e+00
1.354000e-05	-8.983754e-02	-7.373619e+00
1.355000e-05	4.870756e-02	-7.635276e+00
1.356000e-05	-7.834858e-02	-7.860558e+00
1.357000e-05	7.462898e-02	-8.175217e+00
1.358000e-05	-2.770881e-02	-8.393737e+00
1.359000e-05	-1.124157e-02	-8.686900e+00
1.360000e-05	3.926080e-02	-8.890034e+00
1.361000e-05	-7.251045e-02	-9.181666e+00
1.362000e-05	4.719521e-02	-9.362716e+00
1.363000e-05	-6.766420e-02	-9.604619e+00
1.364000e-05	5.501232e-02	-9.876349e+00
1.365000e-05	-2.875433e-02	-1.004832e+01
1.366000e-05	1.605316e-02	-1.032948e+01
1.367000e-05	-1.531338e-02	-1.051956e+01
1.368000e-05	-1.880404e-02	-1.072106e+01
1.369000e-05	9.319955e-03	-1.095946e+01
1.370000e-05	-3.490272e-02	-1.116256e+01
1.371000e-05	2.148950e-02	-1.135314e+01
1.372000e-05	-2.687422e-02	-1.158267e+01
1.373000e-05	2.695531e-02	-1.181467e+01
1.374000e-05	-3.116364e-02	-1.198411e+01
1.375000e-05	9.891238e-03	-1.218469e+01
1.376000e-05	-2.752269e-02	-1.237214e+01
1.377000e-05	6.502295e-03	-1.256261e+01
1.378000e-05	-1.549557e-02	-1.272906e+01
1.379000e-05	-5.073985e-03	-1.290893e+01
1.380000e-05	-4.617698e-03	-1.306637e+01
1.381000e-05	-7.757617e-03	-1.320577e+01
1.382000e-05	-4.000505e-04	-1.336969e+01
1.383000e-05	-2.064153e-02	-1.349799e+01
1.384000e-05	1.300756e-03	-1.365740e+01
1.385000e-05	-1.605020e-02	-1.385422e+01
1.386000e-05	5.672700e-04	-1.396216e+01
1.387000e-05	-1.883599e-02	-1.412685e+01
1.388000e-05	-3.080361e-03	-1.424485e+01
1.389000e-05	-1.113068e-02	-1.435106e+01
1.390000e-05	-6.978366e-03	-1.450048e+01
1.391000e-05	-1.448435e-02	-1.461316e+01
1.392000e-05	-8.505531e-03	-1.467906e+01
1.393000e-05	-6.901714e-03	-1.480266e+01
1.394000e-05	-9.380817e-03	-1.489735e+01
1.395000e-05	-1.171403e-02	-1.499264e+01
1.396000e-05	-1.262468e-02	-1.511638e+01
1.397000e-05	-9.890163e-03	-1.511961e+01
1.398000e-05	-1.387588e-02	-1.523329e+01
1.399000e-05	-1.205011e-02	-1.530788e+01
1.400000e-05	-1.401217e-02	-1.534206e+01
1.401000e-05	-7.932593e-03	-1.540419e+01
1.402000e-05	-1.250039e-02	-1.547632e+01
1.403000e-05	-1.212074e-02	-1.550893e+01
1.404000e-05	-1.573924e-02	-1.555111e+01
1.405000e-05	-1.117386e-02	-1.557167e+01
1.406000e-05	-1.387230e-02	-1.560469e+01
1.407000e-05	-1.404145e-02	-1.562532e+01
1.408000e-05	-1.413934e-02	-1.565475e+01
1.409000e-05	-1.427329e-02	-1.566683e+01
1.410000e-05	-1.414408e-02	-1.563777e+01
1.411000e-05	-1.765889e-02	-1.566530e+01
1.412000e-05	-1.644382e-02	-1.568385e+01
1.413000e-05	-1.506833e-02	-1.563582e+01
1.414000e-05	-1.435530e-02	-1.558577e+01
1.415000e-05	-1.477200e-02	-1.561369e+01
1.416000e-05	-1.720302e-02	-1.556409e+01
1.417000e-05	-1.651968e-02	-1.555157e+01
1.418000e-05	-1.684155e-02	-1.552853e+01
1.419000e-05	-1.817276e-02	-1.549697e+01
1.420000e-05	-1.863728e-02	-1.541524e+01
1.421000e-05	-1.737307e-02	-1.535168e+01
1.422000e-05	-1.555993e-02	-1.530998e+01
1.423000e-05	-1.741202e-02	-1.524527e+01
1.424000e-05	-1.785701e-02	-1.515263e+01
1.425000e-05	-1.860419e-02	-1.513798e+01
1.426000e-05	-1.745610e-02	-1.504481e+01
1.427000e-05	-1.940457e-02	-1.495946e+01
1.428000e-05	-1.977611e-02	-1.481527e+01
1.429000e-05	-1.926500e-02	-1.474166e+01
1.430000e-05	-1.864378e-02	-1.461580e+01
1.431000e-05	-1.952272e-02	-1.450250e+01
1.432000e-05	-2.019326e-02	-1.438419e+01
1.433000e-05	-1.929759e-02	-1.428900e+01
1.434000e-05	-1.895813e-02	-1.417121e+01
1.435000e-05	-1.931317e-02	-1.398466e+01
1.436000e-05	-2.069983e-02	-1.385595e+01
1.437000e-05	-2.004049e-02	-1.372119e+01
1.438000e-05	-1.976911e-02	-1.356319e+01
1.439000e-05	-1.955889e-02	-1.345640e+01
1.440000e-05	-1.935499e-02	-1.324845e+01
1.441000e-05	-1.833565e-02	-1.314114e+01
1.442000e-05	-1.693263e-02	-1.295417e+01
1.443000e-05	-1.604211e-02	-1.280428e+01
1.444000e-05	-1.617782e-02	-1.263637e+01
1.445000e-05	-1.593012e-02	-1.242738e+01
1.446000e-05	-1.598392e-02	-1.227053e+01
1.447000e-05	-1.493376e-02	-1.207061e+01
1.448000e-05	-1.506997e-02	-1.187213e+01
1.449000e-05	-1.440357e-02	-1.162753e+01
1.450000e-05	-1.364914e-02	-1.146732e+01
1.451000e-05	-1.243864e-02	-1.122585e+01
1.452000e-05	-1.236053e-02	-1.101529e+01
1.453000e-05	-1.179360e-02	-1.076834e+01
1.454000e-05	-1.199377e-02	-1.060832e+01
1.455000e-05	-1.066965e-02	-1.035529e+01
1.456000e-05	-1.139502e-02	-1.014524e+01
1.457000e-05	-1.065610e-02	-9.923186e+00
1.458000e-05	-1.165950e-02	-9.714287e+00
1.459000e-05	-1.115653e-02	-9.482178e+00
1.460000e-05	-1.062335e-02	-9.238946e+00
1.461000e-05	-9.189001e-03	-8.989474e+00
1.462000e-05	-9.883257e-03	-8.817266e+00
1.463000e-05	-8.137701e-03	-8.514237e+00
1.464000e-05	-7.578697e-03	-8.272133e+00
1.465000e-05	-8.063337e-03	-8.071128e+00
1.466000e-05	-9.309586e-03	-7.765393e+00
1.467000e-05	-8.460509e-03	-7.513160e+00
1.468000e-05	-8.091880e-03	-7.230953e+00
1.469000e-05	-7.616963e-03	-6.974916e+00
1.470000e-05	-8.417155e-03	-6.694787e+00
1.471000e-05	-7.541006e-03	-6.451650e+00
1.472000e-05	-7.524713e-03	-6.167919e+00
1.473000e-05	-6.685748e-03	-5.916786e+00
1.474000e-05	-8.751531e-03	-5.662075e+00
1.475000e-05	-6.858311e-03	-5.355291e+00
1.476000e-05	-7.709904e-03	-5.042575e+00
1.477000e-05	-5.595440e-03	-4.704733e+00
1.478000e-05	-7.534915e-03	-4.431052e+00
1.479000e-05	-6.343832e-03	-4.250077e+00
1.480000e-05	-7.669387e-03	-3.938313e+00
1.481000e-05	-5.786866e-03	-3.632654e+00
1.482000e-05	-8.152417e-03	-3.359895e+00
1.483000e-05	-5.983239e-03	-3.085812e+00
1.484000e-05	-6.427186e-03	-2.800446e+00
1.485000e-05	-3.620873e-03	-2.475393e+00
1.486000e-05	-5.661781e-03	-2.201550e+00
1.487000e-05	-4.775625e-03	-1.926388e+00
1.488000e-05	-5.724599e-03	-1.632659e+00
1.489000e-05	-6.001450e-03	-1.329292e+00
1.490000e-05	-7.165687e-03	-9.916241e-01
1.491000e-05	-6.507194e-03	-7.494137e-01
1.492000e-05	-4.640295e-03	-4.107053e-01
1.493000e-05	-3.079739e-03	-1.699699e-01
1.494000e-05	6.584548e-03	9.363808e-02
1.495000e-05	4.223256e-03	4.379250e-01
1.496000e-05	-1.007897e-03	6.605353e-01
1.497000e-05	4.449993e-05	9.730669e-01
1.498000e-05	-9.962075e-04	1.239978e+00
1.499000e-05	-5.183159e-04	1.565187e+00
1.500000e-05	-3.737109e-05	1.810399e+00
1.501000e-05	1.543160e-02	2.040027e+00
1.502000e-05	5.616883e-02	2.333588e+00
1.503000e-05	4.371197e-02	2.640911e+00
1.504000e-05	-6.564805e-02	2.995846e+00
1.505000e-05	-3.886228e-02	3.281034e+00
1.506000e-05	-2.248701e-02	3.544691e+00
1.507000e-05	-4.895322e-03	3.786323e+00
1.508000e-05	-5.978658e-02	4.017348e+00
1.509000e-05	1.340751e-02	4.237479e+00
1.510000e-05	8.222785e-02	4.543219e+00
1.511000e-05	-4.357750e-02	4.827475e+00
1.512000e-05	9.374023e-02	5.150063e+00
1.513000e-05	-6.668783e-02	5.428982e+00
1.514000e-05	-1.706021e-02	5.750584e+00
1.515000e-05	3.742056e-02	6.006797e+00
1.516000e-05	-3.009358e-02	6.258431e+00
1.517000e-05	3.214379e-02	6.502184e+00
1.518000e-05	-4.177203e-02	6.817304e+00
1.519000e-05	5.612243e-02	7.077954e+00
1.520000e-05	2.972897e-03	7.383290e+00
1.521000e-05	-3.684400e-02	7.636379e+00
1.522000e-05	-1.143159e-02	7.940638e+00
1.523000e-05	9.596155e-03	8.174222e+00
1.524000e-05	4.610823e-02	8.437721e+00
1.525000e-05	-3.653386e-02	8.656325e+00
1.526000e-05	4.106989e-03	8.898482e+00
1.527000e-05	1.939592e-02	9.121088e+00
1.528000e-05	-8.404191e-03	9.393138e+00
1.529000e-05	-2.725181e-04	9.564170e+00
1.530000e-05	-1.803830e-02	9.847301e+00
1.531000e-05	3.018997e-02	1.005793e+01
1.532000e-05	3.792242e-03	1.024895e+01
1.533000e-05	4.979538e-03	1.051098e+01
1.534000e-05	-1.563472e-02	1.074959e+01
1.535000e-05	4.845069e-03	1.096164e+01
1.536000e-05	1.211693e-02	1.112004e+01
1.537000e-05	-9.623534e-03	1.135161e+01
1.538000e-05	3.502708e-03	1.156067e+01
1.539000e-05	4.239445e-03	1.176312e+01
1.540000e-05	1.666065e-02	1.199267e+01
1.541000e-05	-8.350732e-03	1.217112e+01
1.542000e-05	-2.172047e-03	1.232101e+01
1.543000e-05	1.048146e-03	1.251051e+01
1.544000e-05	9.713032e-03	1.271901e+01
1.545000e-05	1.704873e-03	1.283743e+01
1.546000e-05	-9.402899e-04	1.302479e+01
1.547000e-05	9.289125e-03	1.321219e+01
1.548000e-05	6.975681e-03	1.336261e+01
1.549000e-05	1.750464e-03	1.345943e+01
1.550000e-05	-5.733760e-03	1.363480e+01
1.551000e-05	5.140853e-03	1.380429e+01
1.552000e-05	7.530079e-03	1.396961e+01
1.553000e-05	2.971744e-03	1.407490e+01
1.554000e-05	1.141298e-03	1.421420e+01
1.555000e-05	6.952556e-03	1.434166e+01
1.556000e-05	9.532028e-03	1.446590e+01
1.557000e-05	6.814722e-04	1.460177e+01
1.558000e-05	5.346788e-04	1.468938e+01
1.559000e-05	6.447194e-03	1.476321e+01
1.560000e-05	8.946196e-03	1.485935e+01
1.561000e-05	3.707165e-03	1.493166e+01
1.562000e-05	7.570682e-04	1.503422e+01
1.563000e-05	8.008954e-03	1.513998e+01
1.564000e-05	7.142491e-03	1.516359e+01
1.565000e-05	5.494099e-03	1.522330e+01
1.566000e-05	1.534464e-03	1.529698e+01
1.567000e-05	8.632508e-03	1.540306e+01
1.568000e-05	8.937733e-03	1.547379e+01
1.569000e-05	5.021829e-03	1.546535e+01
1.570000e-05	3.304972e-03	1.548756e+01
1.571000e-05	6.530749e-03	1.556014e+01
1.572000e-05	1.036502e-02	1.555164e+01
1.573000e-05	7.211152e-03	1.558117e+01
1.574000e-05	6.927146e-03	1.559477e+01
1.575000e-05	8.071170e-03	1.558427e+01
1.576000e-05	1.129181e-02	1.563475e+01
1.577000e-05	5.838181e-03	1.560479e+01
1.578000e-05	6.093419e-03	1.563420e+01
1.579000e-05	8.144303e-03	1.558371e+01
1.580000e-05	1.066629e-02	1.560362e+01
1.581000e-05	9.605398e-03	1.554009e+01
1.582000e-05	7.431531e-03	1.551061e+01
1.583000e-05	9.881383e-03	1.550698e+01
1.584000e-05	1.113559e-02	1.542742e+01
1.585000e-05	1.020999e-02	1.544372e+01
1.586000e-05	8.216644e-03	1.535257e+01
1.587000e-05	1.033260e-02	1.527591e+01
1.588000e-05	1.099767e-02	1.523572e+01
1.589000e-05	1.058236e-02	1.513157e+01
1.590000e-05	8.736513e-03	1.506893e+01
1.591000e-05	9.055561e-03	1.498534e+01
1.592000e-05	1.121318e-02	1.490003e+01
1.593000e-05	1.087000e-02	1.479680e+01
1.594000e-05	1.111480e-02	1.475019e+01
1.595000e-05	1.159093e-02	1.466782e+01
1.596000e-05	1.351730e-02	1.451964e+01
1.597000e-05	1.094396e-02	1.438575e+01
1.598000e-05	1.042674e-02	1.427808e+01
1.599000e-05	1.096678e-02	1.415324e+01
1.600000e-05	1.218577e-02	1.405790e+01
1.601000e-05	1.154130e-02	1.391763e+01
1.602000e-05	1.029623e-02	1.376266e+01
1.603000e-05	1.176204e-02	1.359522e+01
1.604000e-05	1.086803e-02	1.348800e+01
1.605000e-05	1.093201e-02	1.330264e+01
1.606000e-05	9.877529e-03	1.316224e+01
1.607000e-05	1.008340e-02	1.304637e+01
1.608000e-05	9.371816e-03	1.280740e+01
1.609000e-05	9.069407e-03	1.267153e+01
1.610000e-05	7.419612e-03	1.250116e+01
1.611000e-05	6.792320e-03	1.232308e+01
1.612000e-05	5.677839e-03	1.215324e+01
1.613000e-05	6.577211e-03	1.194411e+01
1.614000e-05	6.048951e-03	1.175529e+01
1.615000e-05	6.022085e-03	1.150219e+01
1.616000e-05	5.265624e-03	1.129422e+01
1.617000e-05	5.274369e-03	1.111363e+01
1.618000e-05	3.088645e-03	1.091421e+01
1.619000e-05	3.148760e-03	1.069221e+01
1.620000e-05	1.328327e-03	1.048069e+01
1.621000e-05	2.160566e-03	1.029060e+01
1.622000e-05	9.057568e-04	1.007908e+01
1.623000e-05	2.387814e-03	9.815453e+00
1.624000e-05	1.373258e-03	9.566367e+00
1.625000e-05	1.581223e-03	9.337294e+00
1.626000e-05	4.237820e-04	9.124738e+00
1.627000e-05	7.013391e-04	8.882108e+00
1.628000e-05	-3.514443e-04	8.671104e+00
1.629000e-05	-1.453639e-03	8.416978e+00
1.630000e-05	-7.449737e-05	8.126451e+00
1.631000e-05	-7.407777e-04	7.893187e+00
1.632000e-05	-1.930731e-03	7.649659e+00
1.633000e-05	-4.687853e-04	7.355871e+00
1.634000e-05	-2.182470e-03	7.104189e+00
1.635000e-05	-1.240962e-03	6.852159e+00
1.636000e-05	-2.385048e-03	6.588898e+00
1.637000e-05	5.616973e-05	6.284737e+00
1.638000e-05	-1.343305e-03	6.072160e+00
1.639000e-05	-3.092191e-04	5.787374e+00
1.640000e-05	-5.632547e-03	5.515741e+00
1.641000e-05	-5.049928e-03	5.232454e+00
1.642000e-05	-5.662752e-03	4.853787e+00
1.643000e-05	-2.747886e-03	4.640499e+00
1.644000e-05	-3.796614e-03	4.347918e+00
1.645000e-05	-6.417300e-04	3.991034e+00
1.646000e-05	-8.311003e-04	3.748396e+00
1.647000e-05	-2.880966e-03	3.504838e+00
1.648000e-05	-4.529589e-03	3.180078e+00
1.649000e-05	-7.815662e-03	2.928368e+00
1.650000e-05	-4.984817e-03	2.674231e+00
1.651000e-05	-6.710311e-03	2.349944e+00
1.652000e-05	-2.750867e-03	2.073682e+00
1.653000e-05	-3.859640e-03	1.760526e+00
1.654000e-05	-2.418890e-03	1.454835e+00
1.655000e-05	-4.924090e-03	1.150521e+00
1.656000e-05	-3.521842e-03	8.232065e-01
1.657000e-05	-5.225067e-03	5.389476e-01
1.658000e-05	-5.107043e-03	2.878408e-01
1.659000e-05	-4.105238e-03	1.010143e-02
1.660000e-05	4.481012e-03	-2.821066e-01
1.661000e-05	2.302361e-03	-5.257117e-01
1.662000e-05	-3.259429e-03	-8.399774e-01
1.663000e-05	-3.366031e-03	-1.092105e+00
1.664000e-05	-2.600770e-03	-1.397223e+00
1.665000e-05	-2.198759e-03	-1.663058e+00
1.666000e-05	6.854526e-03	-1.883662e+00
1.667000e-05	5.250594e-02	-2.122716e+00
1.668000e-05	6.803621e-02	-2.450456e+00
1.669000e-05	-7.334080e-02	-2.838425e+00
1.670000e-05	-3.218923e-02	-3.216898e+00
1.671000e-05	-4.106381e-02	-3.461080e+00
1.672000e-05	-2.126554e-02	-3.723187e+00
1.673000e-05	-6.150513e-02	-3.968197e+00
1.674000e-05	1.138326e-01	-4.153712e+00
1.675000e-05	-4.206296e-02	-4.385766e+00
1.676000e-05	-2.219217e-03	-4.728058e+00
1.677000e-05	1.087640e-01	-4.944086e+00
1.678000e-05	-1.497353e-01	-5.318984e+00
1.679000e-05	8.347655e-02	-5.608340e+00
1.680000e-05	-9.810459e-02	-5.817951e+00
1.681000e-05	3.739043e-02	-6.163188e+00
1.682000e-05	3.577928e-02	-6.382118e+00
1.683000e-05	-7.156170e-02	-6.669954e+00
1.684000e-05	1.091721e-01	-6.971685e+00
1.685000e-05	-8.866334e-02	-7.246771e+00
1.686000e-05	2.158887e-02	-7.521034e+00
1.687000e-05	-3.125087e-02	-7.842740e+00
1.688000e-05	-1.147719e-02	-8.080031e+00
1.689000e-05	5.801915e-02	-8.299527e+00
1.690000e-05	-7.699876e-02	-8.513592e+00
1.691000e-05	7.424211e-02	-8.775669e+00
1.692000e-05	-6.376784e-02	-9.066893e+00
1.693000e-05	2.027816e-02	-9.320008e+00
1.694000e-05	-2.662975e-02	-9.518929e+00
1.695000e-05	-9.042493e-03	-9.784091e+00
1.696000e-05	2.964012e-02	-9.972113e+00
1.697000e-05	-3.300629e-02	-1.021470e+01
1.698000e-05	3.312463e-02	-1.040327e+01
1.699000e-05	-5.116186e-02	-1.064679e+01
1.700000e-05	2.925695e-02	-1.087680e+01
1.701000e-05	-4.141522e-02	-1.103735e+01
1.702000e-05	1.625075e-02	-1.131998e+01
1.703000e-05	-1.931102e-02	-1.147788e+01
1.704000e-05	1.128706e-02	-1.172891e+01
1.705000e-05	-7.365803e-03	-1.191901e+01
1.706000e-05	-1.173672e-02	-1.212108e+01
1.707000e-05	-5.206698e-03	-1.230943e+01
1.708000e-05	-1.754486e-02	-1.248790e+01
1.709000e-05	6.874305e-03	-1.264535e+01
1.710000e-05	-2.180226e-02	-1.284582e+01
1.711000e-05	7.366805e-03	-1.297372e+01
1.712000e-05	-1.905436e-02	-1.316108e+01
1.713000e-05	7.461799e-03	-1.338043e+01
1.714000e-05	-2.278378e-02	-1.347533e+01
1.715000e-05	-1.496590e-03	-1.362574e+01
1.716000e-05	-1.308168e-02	-1.378156e+01
1.717000e-05	-2.244530e-03	-1.396051e+01
1.718000e-05	-1.152122e-02	-1.403577e+01
1.719000e-05	-1.054380e-02	-1.421264e+01
1.720000e-05	-6.228412e-03	-1.431703e+01
1.721000e-05	-1.014869e-02	-1.446585e+01
1.722000e-05	-9.810313e-03	-1.455161e+01
1.723000e-05	-1.470809e-02	-1.465837e+01
1.724000e-05	-4.864743e-03	-1.476261e+01
1.725000e-05	-1.115915e-02	-1.486332e+01
1.726000e-05	-7.790536e-03	-1.494961e+01
1.727000e-05	-1.393878e-02	-1.503420e+01
1.728000e-05	-7.163411e-03	-1.511905e+01
1.729000e-05	-1.431602e-02	-1.521367e+01
1.730000e-05	-1.060756e-02	-1.527682e+01
1.731000e-05	-1.580444e-02	-1.528998e+01
1.732000e-05	-8.358011e-03	-1.537224e+01
1.733000e-05	-1.327796e-02	-1.544637e+01
1.734000e-05	-1.247924e-02	-1.550793e+01
1.735000e-05	-1.443784e-02	-1.553109e+01
1.736000e-05	-1.253304e-02	-1.560261e+01
1.737000e-05	-1.158305e-02	-1.559269e+01
1.738000e-05	-1.483339e-02	-1.561524e+01
1.739000e-05	-1.305325e-02	-1.564485e+01
1.740000e-05	-1.471084e-02	-1.563477e+01
1.741000e-05	-1.355503e-02	-1.562530e+01
1.742000e-05	-1.711022e-02	-1.566632e+01
1.743000e-05	-1.715587e-02	-1.567890e+01
1.744000e-05	-1.473508e-02	-1.565534e+01
1.745000e-05	-1.383394e-02	-1.562472e+01
1.746000e-05	-1.556769e-02	-1.559474e+01
1.747000e-05	-1.637673e-02	-1.559617e+01
1.748000e-05	-1.718161e-02	-1.555216e+01
1.749000e-05	-1.596914e-02	-1.553001e+01
1.750000e-05	-1.761132e-02	-1.547787e+01
1.751000e-05	-1.772055e-02	-1.544532e+01
1.752000e-05	-1.747668e-02	-1.538424e+01
1.753000e-05	-1.647699e-02	-1.532953e+01
1.754000e-05	-1.744913e-02	-1.523732e+01
1.755000e-05	-1.823714e-02	-1.519316e+01
1.756000e-05	-1.873786e-02	-1.512063e+01
1.757000e-05	-1.659997e-02	-1.504837e+01
1.758000e-05	-1.777872e-02	-1.492109e+01
1.759000e-05	-1.882531e-02	-1.486732e+01
1.760000e-05	-1.839534e-02	-1.478366e+01
1.761000e-05	-1.870152e-02	-1.467840e+01
1.762000e-05	-1.971841e-02	-1.455366e+01
1.763000e-05	-2.077579e-02	-1.446489e+01
1.764000e-05	-1.987664e-02	-1.435113e+01
1.765000e-05	-1.809912e-02	-1.417277e+01
1.766000e-05	-1.897265e-02	-1.402887e+01
1.767000e-05	-2.008161e-02	-1.395056e+01
1.768000e-05	-2.015663e-02	-1.377477e+01
1.769000e-05	-1.962992e-02	-1.362534e+01
1.770000e-05	-1.910435e-02	-1.351958e+01
1.771000e-05	-2.056525e-02	-1.332114e+01
1.772000e-05	-1.897415e-02	-1.319429e+01
1.773000e-05	-1.703065e-02	-1.303645e+01
1.774000e-05	-1.674727e-02	-1.287945e+01
1.775000e-05	-1.733396e-02	-1.270103e+01
1.776000e-05	-1.690480e-02	-1.254256e+01
1.777000e-05	-1.525842e-02	-1.235464e+01
1.778000e-05	-1.486550e-02	-1.212577e+01
1.779000e-05	-1.512303e-02	-1.196521e+01
1.780000e-05	-1.457466e-02	-1.178229e+01
1.781000e-05	-1.379050e-02	-1.153416e+01
1.782000e-05	-1.306216e-02	-1.134206e+01
1.783000e-05	-1.298143e-02	-1.105103e+01
1.784000e-05	-1.300192e-02	-1.091116e+01
1.785000e-05	-1.115921e-02	-1.067108e+01
1.786000e-05	-1.070734e-02	-1.050058e+01
1.787000e-05	-1.084762e-02	-1.023895e+01
1.788000e-05	-1.101866e-02	-9.988897e+00
1.789000e-05	-1.047776e-02	-9.797396e+00
1.790000e-05	-1.041991e-02	-9.606815e+00
1.791000e-05	-1.014597e-02	-9.353215e+00
1.792000e-05	-1.103532e-02	-9.082158e+00
1.793000e-05	-9.502183e-03	-8.882636e+00
1.794000e-05	-9.921056e-03	-8.659947e+00
1.795000e-05	-9.024745e-03	-8.356394e+00
1.796000e-05	-9.639682e-03	-8.146292e+00
1.797000e-05	-8.163579e-03	-7.922707e+00
1.798000e-05	-8.053677e-03	-7.567971e+00
1.799000e-05	-8.185915e-03	-7.366291e+00
1.800000e-05	-8.658832e-03	-7.082680e+00
1.801000e-05	-8.107213e-03	-6.810073e+00
1.802000e-05	-8.304999e-03	-6.557319e+00
1.803000e-05	-7.962026e-03	-6.314810e+00
1.804000e-05	-6.821669e-03	-6.020973e+00
1.805000e-05	-7.316310e-03	-5.746892e+00
1.806000e-05	-6.380482e-03	-5.493683e+00
1.807000e-05	-6.659026e-03	-5.157419e+00
1.808000e-05	-6.317080e-03	-4.852024e+00
1.809000e-05	-7.662366e-03	-4.537345e+00
1.810000e-05	-5.809851e-03	-4.304312e+00
1.811000e-05	-6.969315e-03	-4.063008e+00
1.812000e-05	-6.874791e-03	-3.788414e+00
1.813000e-05	-7.466674e-03	-3.495263e+00
1.814000e-05	-7.481704e-03	-3.212053e+00
1.815000e-05	-5.947430e-03	-2.933761e+00
1.816000e-05	-5.031525e-03	-2.653076e+00
1.817000e-05	-5.027680e-03	-2.338420e+00
1.818000e-05	-3.577598e-03	-2.022129e+00
1.819000e-05	-5.967343e-03	-1.779420e+00
1.820000e-05	-5.787233e-03	-1.474307e+00
1.821000e-05	-6.333397e-03	-1.119915e+00
1.822000e-05	-6.460243e-03	-8.651305e-01
1.823000e-05	-4.482572e-03	-5.804449e-01
1.824000e-05	-3.429587e-03	-2.857345e-01
1.825000e-05	8.510780e-05	9.397247e-03
1.826000e-05	6.154300e-03	3.536878e-01
1.827000e-05	-1.010815e-03	5.453709e-01
1.828000e-05	3.850228e-03	8.483999e-01
1.829000e-05	-1.940092e-03	1.103191e+00
1.830000e-05	8.774175e-04	1.376497e+00
1.831000e-05	-1.892123e-03	1.715661e+00
1.832000e-05	1.036957e-02	1.964892e+00
1.833000e-05	3.191989e-02	2.197897e+00
1.834000e-05	7.232566e-02	2.551634e+00
1.835000e-05	-3.373223e-02	2.880534e+00
1.836000e-05	-4.883346e-02	3.144317e+00
1.837000e-05	-3.752589e-02	3.429528e+00
1.838000e-05	-8.173259e-04	3.712562e+00
1.839000e-05	-3.820210e-02	3.933636e+00
1.840000e-05	-3.268878e-02	4.142146e+00
1.841000e-05	8.296317e-02	4.408875e+00
1.842000e-05	-3.283505e-03	4.712166e+00
1.843000e-05	3.059716e-02	4.933245e+00
1.844000e-05	3.088372e-02	5.323184e+00
1.845000e-05	-9.179025e-02	5.624826e+00
1.846000e-05	5.034037e-02	5.879901e+00
1.847000e-05	-1.999707e-02	6.173714e+00
1.848000e-05	1.597792e-02	6.394293e+00
1.849000e-05	-9.643329e-03	6.680483e+00
1.850000e-05	-7.240775e-04	6.954197e+00
1.851000e-05	5.897905e-02	7.186904e+00
1.852000e-05	-5.105674e-02	7.498037e+00
1.853000e-05	-8.559411e-03	7.824341e+00
1.854000e-05	-1.615672e-02	8.057985e+00
1.855000e-05	5.176954e-02	8.323637e+00
1.856000e-05	-5.434628e-03	8.552663e+00
1.857000e-05	-2.929732e-02	8.763718e+00
1.858000e-05	3.323464e-02	8.983796e+00
1.859000e-05	-9.966416e-03	9.257956e+00
1.860000e-05	8.397529e-03	9.488955e+00
1.861000e-05	-2.782568e-02	9.723088e+00
1.862000e-05	1.881400e-02	9.981197e+00
1.863000e-05	1.218280e-02	1.018526e+01
1.864000e-05	6.024435e-03	1.040427e+01
1.865000e-05	-7.752442e-03	1.068437e+01
1.866000e-05	-1.079044e-02	1.082728e+01
1.867000e-05	2.005349e-02	1.103587e+01
1.868000e-05	-8.700950e-03	1.125490e+01
1.869000e-05	2.843654e-03	1.147788e+01
1.870000e-05	-4.219568e-03	1.168841e+01
1.871000e-05	2.171749e-02	1.187946e+01
1.872000e-05	-3.453083e-03	1.208843e+01
1.873000e-05	-1.976272e-03	1.228840e+01
1.874000e-05	-3.871928e-03	1.242733e+01
1.875000e-05	8.101915e-03	1.260577e+01
1.876000e-05	4.439871e-03	1.277317e+01
1.877000e-05	-2.910739e-03	1.294059e+01
1.878000e-05	6.862763e-03	1.314953e+01
1.879000e-05	7.412873e-03	1.326703e+01
1.880000e-05	7.992586e-03	1.340534e+01
1.881000e-05	-7.637518e-03	1.359167e+01
1.882000e-05	3.748944e-03	1.372001e+01
1.883000e-05	4.356878e-03	1.384751e+01
1.884000e-05	7.422711e-03	1.400324e+01
1.885000e-05	-1.648424e-03	1.417166e+01
1.886000e-05	4.418022e-03	1.429903e+01
1.887000e-05	9.029355e-03	1.441427e+01
1.888000e-05	4.740891e-03	1.452946e+01
1.889000e-05	7.313297e-04	1.464633e+01
1.890000e-05	1.237571e-03	1.473109e+01
1.891000e-05	1.288654e-02	1.481527e+01
1.892000e-05	2.273269e-03	1.489001e+01
1.893000e-05	2.542290e-03	1.496319e+01
1.894000e-05	1.870357e-03	1.508735e+01
1.895000e-05	9.363247e-03	1.515209e+01
1.896000e-05	7.648120e-03	1.520367e+01
1.897000e-05	2.904756e-03	1.521735e+01
1.898000e-05	6.744199e-03	1.534904e+01
1.899000e-05	9.034643e-03	1.542329e+01
1.900000e-05	6.721732e-03	1.542435e+01
1.901000e-05	1.477301e-03	1.546640e+01
1.902000e-05	4.126770e-03	1.549906e+01
1.903000e-05	1.085088e-02	1.553161e+01
1.904000e-05	9.584828e-03	1.558114e+01
1.905000e-05	7.240963e-03	1.559467e+01
1.906000e-05	8.077687e-03	1.561372e+01
1.907000e-05	1.018140e-02	1.563532e+01
1.908000e-05	8.588775e-03	1.564415e+01
1.909000e-05	3.574420e-03	1.560477e+01
1.910000e-05	6.004380e-03	1.560424e+01
1.911000e-05	1.138021e-02	1.557119e+01
1.912000e-05	1.082779e-02	1.555271e+01
1.913000e-05	9.521325e-03	1.551963e+01
1.914000e-05	8.271264e-03	1.548758e+01
1.915000e-05	1.133016e-02	1.548748e+01
1.916000e-05	9.972223e-03	1.544629e+01
1.917000e-05	7.405826e-03	1.536314e+01
1.918000e-05	8.206349e-03	1.529901e+01
1.919000e-05	1.190214e-02	1.522590e+01
1.920000e-05	1.282769e-02	1.517267e+01
1.921000e-05	9.301868e-03	1.513099e+01
1.922000e-05	8.255669e-03	1.498684e+01
1.923000e-05	1.060882e-02	1.494411e+01
1.924000e-05	1.153496e-02	1.486638e+01
1.925000e-05	9.954994e-03	1.477279e+01
1.926000e-05	9.371470e-03	1.467893e+01
1.927000e-05	1.273179e-02	1.454529e+01
1.928000e-05	1.217639e-02	1.447843e+01
1.929000e-05	1.165082e-02	1.434269e+01
1.930000e-05	1.020696e-02	1.422435e+01
1.931000e-05	1.113374e-02	1.411998e+01
1.932000e-05	1.415195e-02	1.393322e+01
1.933000e-05	8.465372e-03	1.381732e+01
1.934000e-05	1.168425e-02	1.363796e+01
1.935000e-05	9.879126e-03	1.355164e+01
1.936000e-05	1.290471e-02	1.337389e+01
1.937000e-05	1.101539e-02	1.319885e+01
1.938000e-05	1.048693e-02	1.306853e+01
1.939000e-05	1.016402e-02	1.291106e+01
1.940000e-05	9.691393e-03	1.271361e+01
1.941000e-05	7.231434e-03	1.257476e+01
1.942000e-05	4.192317e-03	1.244544e+01
1.943000e-05	5.701125e-03	1.223645e+01
1.944000e-05	7.302340e-03	1.201735e+01
1.945000e-05	7.120670e-03	1.185693e+01
1.946000e-05	6.626602e-03	1.162745e+01
1.947000e-05	6.879110e-03	1.144685e+01
1.948000e-05	3.460703e-03	1.117635e+01
1.949000e-05	4.051259e-03	1.095894e+01
1.950000e-05	-1.516408e-04	1.078637e+01
1.951000e-05	2.971853e-03	1.056590e+01
1.952000e-05	2.635131e-03	1.036677e+01
1.953000e-05	4.281090e-03	1.011471e+01
1.954000e-05	4.215704e-03	9.894136e+00
1.955000e-05	1.732693e-03	9.659028e+00
1.956000e-05	2.272228e-03	9.409977e+00
1.957000e-05	-2.387241e-04	9.207981e+00
1.958000e-05	-8.780834e-04	8.975375e+00
1.959000e-05	-1.409253e-03	8.695265e+00
1.960000e-05	6.140006e-04	8.525190e+00
1.961000e-05	1.187967e-03	8.292607e+00
1.962000e-05	1.330252e-03	8.018449e+00
1.963000e-05	7.028272e-04	7.745866e+00
1.964000e-05	-1.254580e-04	7.505683e+00
1.965000e-05	-9.947450e-04	7.230525e+00
1.966000e-05	-2.848891e-03	6.956367e+00
1.967000e-05	-3.644376e-03	6.725212e+00
1.968000e-05	-3.211384e-03	6.400158e+00
1.969000e-05	-1.310981e-03	6.127395e+00
1.970000e-05	-1.386480e-03	5.895865e+00
1.971000e-05	-5.869810e-04	5.621101e+00
1.972000e-05	-2.713767e-03	5.357517e+00
1.973000e-05	-3.173351e-03	5.030004e+00
1.974000e-05	-3.497289e-03	4.684267e+00
1.975000e-05	-4.022094e-03	4.432604e+00
1.976000e-05	-4.458204e-03	4.168371e+00
1.977000e-05	-3.504654e-03	3.843737e+00
1.978000e-05	-3.064424e-03	3.572050e+00
1.979000e-05	-2.841452e-03	3.305810e+00
1.980000e-05	-3.345853e-03	3.041653e+00
1.981000e-05	-4.248534e-03	2.718996e+00
1.982000e-05	-4.077379e-03	2.513686e+00
1.983000e-05	-4.896372e-03	2.158022e+00
1.984000e-05	-5.334178e-03	1.907417e+00
1.985000e-05	-5.664632e-03	1.583029e+00
1.986000e-05	-4.426847e-03	1.304867e+00
1.987000e-05	-4.605448e-03	9.910503e-01
1.988000e-05	-5.235617e-03	7.062370e-01
1.989000e-05	-4.608345e-03	3.810764e-01
1.990000e-05	-2.670616e-03	1.463609e-01
1.991000e-05	9.421884e-04	-1.673683e-01
1.992000e-05	4.628030e-03	-4.495012e-01
1.993000e-05	-5.131695e-03	-7.636144e-01
1.994000e-05	-5.260310e-04	-9.873710e-01
1.995000e-05	-6.192109e-03	-1.239550e+00
1.996000e-05	-1.455876e-03	-1.556896e+00
1.997000e-05	-1.055035e-03	-1.829872e+00
1.998000e-05	2.830361e-02	-2.048948e+00
1.999000e-05	8.262681e-02	-2.310684e+00
2.000000e-05	-2.210778e-02	-2.649955e+00
2.001000e-05	-5.750804e-02	-3.089930e+00
2.002000e-05	-3.413395e-02	-3.396869e+00
2.003000e-05	-2.244454e-02	-3.636396e+00
2.004000e-05	-5.985747e-02	-3.891029e+00
2.005000e-05	2.656078e-02	-4.072983e+00
2.006000e-05	8.165195e-02	-4.277979e+00
2.007000e-05	-1.045228e-01	-4.585743e+00
2.008000e-05	1.658492e-01	-4.858400e+00
2.009000e-05	-1.001306e-01	-5.111135e+00
2.010000e-05	-1.312089e-02	-5.539475e+00
2.011000e-05	9.776996e-03	-5.733133e+00
2.012000e-05	-8.586402e-02	-6.015751e+00
2.013000e-05	1.199823e-01	-6.299380e+00
2.014000e-05	-9.578013e-02	-6.532162e+00
2.015000e-05	7.285270e-02	-6.856375e+00
2.016000e-05	-9.341112e-04	-7.077928e+00
2.017000e-05	-6.426099e-02	-7.406843e+00
2.018000e-05	3.607508e-02	-7.657376e+00
2.019000e-05	-7.476722e-02	-7.923140e+00
2.020000e-05	8.912413e-02	-8.214842e+00
2.021000e-05	-5.823820e-02	-8.446293e+00
2.022000e-05	2.276835e-02	-8.709526e+00
2.023000e-05	8.596276e-03	-8.930612e+00
2.024000e-05	-4.917245e-02	-9.184622e+00
2.025000e-05	3.513609e-02	-9.394246e+00
2.026000e-05	-6.455112e-02	-9.667351e+00
2.027000e-05	6.129582e-02	-9.888372e+00
2.028000e-05	-4.159664e-02	-1.012895e+01
2.029000e-05	3.028705e-02	-1.032958e+01
2.030000e-05	-3.412805e-02	-1.053307e+01
2.031000e-05	1.536162e-03	-1.077366e+01
2.032000e-05	-5.536439e-03	-1.096264e+01
2.033000e-05	-1.955772e-02	-1.118267e+01
2.034000e-05	1.242022e-02	-1.140266e+01
2.035000e-05	-1.926280e-02	-1.163427e+01
2.036000e-05	2.058962e-02	-1.182633e+01
2.037000e-05	-3.332918e-02	-1.203582e+01
2.038000e-05	1.057944e-02	-1.224529e+01
2.039000e-05	-2.916593e-02	-1.239374e+01
2.040000e-05	1.371867e-02	-1.257362e+01
2.041000e-05	-2.007228e-02	-1.275066e+01
2.042000e-05	2.112074e-03	-1.292758e+01
2.043000e-05	-1.098342e-02	-1.305788e+01
2.044000e-05	-1.914874e-03	-1.325635e+01
2.045000e-05	-8.730268e-03	-1.336264e+01
2.046000e-05	-1.658899e-02	-1.358258e+01
2.047000e-05	-2.783943e-03	-1.371943e+01
2.048000e-05	-1.244189e-02	-1.384580e+01
2.049000e-05	-1.201846e-03	-1.401214e+01
2.050000e-05	-1.774033e-02	-1.413696e+01
2.051000e-05	-1.165381e-03	-1.428532e+01
2.052000e-05	-1.254489e-02	-1.443164e+01
2.053000e-05	-5.832135e-03	-1.451858e+01
2.054000e-05	-1.668153e-02	-1.460376e+01
2.055000e-05	-7.256938e-03	-1.474056e+01
2.056000e-05	-9.569631e-03	-1.483367e+01
2.057000e-05	-8.146224e-03	-1.491848e+01
2.058000e-05	-1.356522e-02	-1.496069e+01
2.059000e-05	-1.030317e-02	-1.512646e+01
2.060000e-05	-9.626712e-03	-1.518111e+01
2.061000e-05	-1.193844e-02	-1.520377e+01
2.062000e-05	-1.326299e-02	-1.528845e+01
2.063000e-05	-1.356828e-02	-1.535298e+01
2.064000e-05	-9.232772e-03	-1.537427e+01
2.065000e-05	-1.365819e-02	-1.546782e+01
2.066000e-05	-1.287838e-02	-1.552995e+01
2.067000e-05	-1.636540e-02	-1.553156e+01
2.068000e-05	-1.027328e-02	-1.560312e+01
2.069000e-05	-1.421362e-02	-1.559324e+01
2.070000e-05	-1.294678e-02	-1.563424e+01
2.071000e-05	-1.514661e-02	-1.563682e+01
2.072000e-05	-1.334086e-02	-1.565690e+01
2.073000e-05	-1.525746e-02	-1.561685e+01
2.074000e-05	-1.733757e-02	-1.567640e+01
2.075000e-05	-1.659207e-02	-1.562432e+01
2.076000e-05	-1.483766e-02	-1.563280e+01
2.077000e-05	-1.371122e-02	-1.562222e+01
2.078000e-05	-1.749412e-02	-1.559314e+01
2.079000e-05	-1.743710e-02	-1.558161e+01
2.080000e-05	-1.473973e-02	-1.554106e+01
2.081000e-05	-1.661698e-02	-1.553051e+01
2.082000e-05	-1.812841e-02	-1.548595e+01
2.083000e-05	-1.724003e-02	-1.536379e+01
2.084000e-05	-1.651133e-02	-1.535363e+01
2.085000e-05	-1.598440e-02	-1.525797e+01
2.086000e-05	-1.848524e-02	-1.522374e+01
2.087000e-05	-1.856151e-02	-1.513055e+01
2.088000e-05	-1.820408e-02	-1.506703e+01
2.089000e-05	-1.745053e-02	-1.497374e+01
2.090000e-05	-1.876257e-02	-1.486891e+01
2.091000e-05	-1.791420e-02	-1.483430e+01
2.092000e-05	-1.836903e-02	-1.470003e+01
2.093000e-05	-1.814398e-02	-1.460434e+01
2.094000e-05	-2.003240e-02	-1.450901e+01
2.095000e-05	-2.028560e-02	-1.437369e+01
2.096000e-05	-1.973108e-02	-1.426645e+01
2.097000e-05	-1.966116e-02	-1.413800e+01
2.098000e-05	-2.007980e-02	-1.398311e+01
2.099000e-05	-2.018452e-02	-1.381547e+01
2.100000e-05	-1.940250e-02	-1.369048e+01
2.101000e-05	-1.848425e-02	-1.351261e+01
2.102000e-05	-1.949171e-02	-1.340534e+01
2.103000e-05	-1.845512e-02	-1.324680e+01
2.104000e-05	-1.826954e-02	-1.308098e+01
2.105000e-05	-1.743678e-02	-1.293314e+01
2.106000e-05	-1.780377e-02	-1.276471e+01
2.107000e-05	-1.738938e-02	-1.256434e+01
2.108000e-05	-1.617580e-02	-1.239684e+01
2.109000e-05	-1.573017e-02	-1.226692e+01
2.110000e-05	-1.486006e-02	-1.204754e+01
2.111000e-05	-1.405547e-02	-1.185795e+01
2.112000e-05	-1.306528e-02	-1.162689e+01
2.113000e-05	-1.334301e-02	-1.136374e+01
2.114000e-05	-1.292657e-02	-1.117534e+01
2.115000e-05	-1.229068e-02	-1.097479e+01
2.116000e-05	-1.229050e-02	-1.076679e+01
2.117000e-05	-1.196905e-02	-1.055482e+01
2.118000e-05	-1.167748e-02	-1.033526e+01
2.119000e-05	-1.106484e-02	-1.008356e+01
2.120000e-05	-1.003056e-02	-9.881505e+00
2.121000e-05	-9.943376e-03	-9.641556e+00
2.122000e-05	-1.052985e-02	-9.461551e+00
2.123000e-05	-9.725029e-03	-9.188869e+00
2.124000e-05	-9.678645e-03	-8.976320e+00
2.125000e-05	-9.847822e-03	-8.743307e+00
2.126000e-05	-1.049170e-02	-8.512058e+00
2.127000e-05	-8.540094e-03	-8.251499e+00
2.128000e-05	-8.072465e-03	-8.049967e+00
2.129000e-05	-9.144603e-03	-7.713186e+00
2.130000e-05	-8.287824e-03	-7.450578e+00
2.131000e-05	-7.633501e-03	-7.198444e+00
2.132000e-05	-7.950927e-03	-6.904762e+00
2.133000e-05	-7.807459e-03	-6.682605e+00
2.134000e-05	-8.266623e-03	-6.421103e+00
2.135000e-05	-7.738572e-03	-6.146810e+00
2.136000e-05	-7.268958e-03	-5.862153e+00
2.137000e-05	-8.412375e-03	-5.619994e+00
2.138000e-05	-6.976719e-03	-5.287206e+00
2.139000e-05	-7.685627e-03	-5.000072e+00
2.140000e-05	-5.568539e-03	-4.651127e+00
2.141000e-05	-6.394285e-03	-4.370596e+00
2.142000e-05	-4.213048e-03	-4.167391e+00
2.143000e-05	-7.275429e-03	-3.885290e+00
2.144000e-05	-5.643767e-03	-3.568476e+00
2.145000e-05	-8.448913e-03	-3.347991e+00
2.146000e-05	-5.981045e-03	-3.052604e+00
2.147000e-05	-6.824757e-03	-2.737842e+00
2.148000e-05	-4.817821e-03	-2.463781e+00
2.149000e-05	-5.666130e-03	-2.201490e+00
2.150000e-05	-3.748678e-03	-1.854282e+00
2.151000e-05	-5.019183e-03	-1.582596e+00
2.152000e-05	-5.928540e-03	-1.275236e+00
2.153000e-05	-6.582726e-03	-9.600186e-01
2.154000e-05	-4.836197e-03	-6.972896e-01
2.155000e-05	-3.374750e-03	-3.705489e-01
2.156000e-05	-3.318088e-03	-1.168671e-01
2.157000e-05	5.693222e-03	1.653484e-01
2.158000e-05	3.340876e-03	4.609829e-01
2.159000e-05	5.728498e-04	6.942370e-01
2.160000e-05	-1.471632e-03	9.859996e-01
2.161000e-05	-9.652569e-04	1.272611e+00
2.162000e-05	-3.963619e-04	1.564426e+00
2.163000e-05	3.342533e-03	1.871156e+00
2.164000e-05	1.879413e-02	2.081637e+00
2.165000e-05	6.421033e-02	2.395775e+00
2.166000e-05	2.327381e-02	2.772637e+00
2.167000e-05	-6.705524e-02	3.050456e+00
2.168000e-05	-3.869139e-02	3.335113e+00
2.169000e-05	-1.622654e-02	3.597952e+00
2.170000e-05	-1.119614e-02	3.858532e+00
2.171000e-05	-5.810698e-02	4.031026e+00
2.172000e-05	3.569605e-02	4.343060e+00
2.173000e-05	6.480484e-02	4.598375e+00
2.174000e-05	-3.640757e-02	4.810028e+00
2.175000e-05	9.573902e-02	5.136270e+00
2.176000e-05	-9.229394e-02	5.492109e+00
2.177000e-05	9.566348e-03	5.742188e+00
2.178000e-05	2.101117e-02	6.049452e+00
2.179000e-05	-2.099435e-02	6.289555e+00
2.180000e-05	2.628303e-02	6.562318e+00
2.181000e-05	-4.191357e-02	6.859434e+00
2.182000e-05	6.894744e-02	7.119559e+00
2.183000e-05	-1.854485e-02	7.393298e+00
2.184000e-05	-2.685774e-02	7.669083e+00
2.185000e-05	-1.507552e-02	7.962142e+00
2.186000e-05	2.366254e-02	8.236323e+00
2.187000e-05	3.401193e-02	8.456329e+00
2.188000e-05	-4.230730e-02	8.679457e+00
2.189000e-05	1.563385e-02	8.920513e+00
2.190000e-05	9.795077e-03	9.122662e+00
2.191000e-05	-2.280828e-03	9.414291e+00
2.192000e-05	-1.036433e-02	9.606772e+00
2.193000e-05	-7.826272e-03	9.868904e+00
2.194000e-05	2.771407e-02	1.007001e+01
2.195000e-05	4.454687e-03	1.031056e+01
2.196000e-05	-1.623617e-04	1.051857e+01
2.197000e-05	-1.687156e-02	1.076164e+01
2.198000e-05	1.048415e-02	1.094364e+01
2.199000e-05	6.600309e-03	1.116169e+01
2.200000e-05	-7.592380e-03	1.140172e+01
2.201000e-05	1.637041e-03	1.160474e+01
2.202000e-05	1.052519e-02	1.177482e+01
2.203000e-05	1.272379e-02	1.204465e+01
2.204000e-05	-7.505917e-03	1.216175e+01
2.205000e-05	-2.485519e-03	1.238317e+01
2.206000e-05	2.894382e-03	1.254364e+01
2.207000e-05	8.126906e-03	1.270954e+01
2.208000e-05	-1.057590e-03	1.289998e+01
2.209000e-05	1.220224e-03	1.304592e+01
2.210000e-05	9.263984e-03	1.324327e+01
2.211000e-05	9.021971e-03	1.337214e+01
2.212000e-05	-1.126695e-03	1.353258e+01
2.213000e-05	-1.814167e-03	1.365688e+01
2.214000e-05	4.827775e-03	1.383435e+01
2.215000e-05	8.616776e-03	1.392256e+01
2.216000e-05	1.876294e-04	1.408838e+01
2.217000e-05	1.593336e-03	1.418588e+01
2.218000e-05	7.101792e-03	1.437367e+01
2.219000e-05	9.198243e-03	1.447758e+01
2.220000e-05	1.097276e-03	1.458312e+01
2.221000e-05	7.242604e-04	1.470953e+01
2.222000e-05	6.855192e-03	1.478429e+01
2.223000e-05	9.974603e-03	1.488740e+01
2.224000e-05	1.986656e-03	1.494214e+01
2.225000e-05	2.026459e-03	1.505485e+01
2.226000e-05	7.790381e-03	1.512003e+01
2.227000e-05	6.164515e-03	1.519264e+01
2.228000e-05	6.026054e-03	1.523535e+01
2.229000e-05	1.839218e-03	1.530748e+01
2.230000e-05	1.079544e-02	1.542162e+01
2.231000e-05	8.557225e-03	1.540417e+01
2.232000e-05	5.140855e-03	1.544680e+01
2.233000e-05	2.915376e-03	1.548701e+01
2.234000e-05	5.537140e-03	1.556961e+01
2.235000e-05	1.199667e-02	1.558109e+01
2.236000e-05	6.511987e-03	1.560217e+01
2.237000e-05	8.365219e-03	1.558475e+01
2.238000e-05	8.286632e-03	1.561375e+01
2.239000e-05	1.025773e-02	1.560274e+01
2.240000e-05	6.342596e-03	1.562427e+01
2.241000e-05	2.828609e-03	1.558324e+01
2.242000e-05	8.652097e-03	1.559319e+01
2.243000e-05	1.172751e-02	1.556219e+01
2.244000e-05	1.172072e-02	1.558016e+01
2.245000e-05	8.551957e-03	1.551858e+01
2.246000e-05	9.733125e-03	1.548802e+01
2.247000e-05	1.115458e-02	1.545785e+01
2.248000e-05	9.035556e-03	1.538382e+01
2.249000e-05	7.750520e-03	1.537111e+01
2.250000e-05	7.882975e-03	1.524746e+01
2.251000e-05	1.177730e-02	1.522522e+01
2.252000e-05	1.097414e-02	1.515112e+01
2.253000e-05	9.194031e-03	1.508900e+01
2.254000e-05	1.062808e-02	1.498374e+01
2.255000e-05	1.222260e-02	1.489104e+01
2.256000e-05	1.083603e-02	1.476519e+01
2.257000e-05	1.045624e-02	1.474068e+01
2.258000e-05	1.004322e-02	1.462578e+01
2.259000e-05	1.151054e-02	1.451109e+01
2.260000e-05	1.112082e-02	1.436527e+01
2.261000e-05	1.057856e-02	1.429795e+01
2.262000e-05	1.158447e-02	1.413216e+01
2.263000e-05	1.287338e-02	1.402592e+01
2.264000e-05	1.298168e-02	1.388745e+01
2.265000e-05	1.195707e-02	1.373162e+01
2.266000e-05	1.058470e-02	1.357474e+01
2.267000e-05	1.081491e-02	1.339747e+01
2.268000e-05	9.883499e-03	1.324861e+01
2.269000e-05	1.043695e-02	1.313259e+01
2.270000e-05	9.335773e-03	1.299277e+01
2.271000e-05	9.058061e-03	1.282679e+01
2.272000e-05	8.318272e-03	1.263895e+01
2.273000e-05	8.457878e-03	1.245053e+01
2.274000e-05	6.943145e-03	1.227906e+01
2.275000e-05	6.493138e-03	1.211167e+01
2.276000e-05	5.333845e-03	1.193306e+01
2.277000e-05	5.883108e-03	1.170274e+01
2.278000e-05	4.796479e-03	1.148266e+01
2.279000e-05	4.786014e-03	1.133003e+01
2.280000e-05	3.902150e-03	1.108056e+01
2.281000e-05	3.687626e-03	1.085263e+01
2.282000e-05	3.322735e-03	1.065155e+01
2.283000e-05	2.316544e-03	1.043996e+01
2.284000e-05	2.352081e-03	1.019755e+01
2.285000e-05	2.378292e-03	1.001692e+01
2.286000e-05	2.328522e-03	9.766822e+00
2.287000e-05	2.373580e-03	9.524736e+00
2.288000e-05	7.630735e-04	9.315190e+00
2.289000e-05	-8.474445e-05	9.102233e+00
2.290000e-05	9.318194e-06	8.829527e+00
2.291000e-05	3.002533e-04	8.588423e+00
2.292000e-05	-1.115043e-04	8.396424e+00
2.293000e-05	1.698091e-04	8.083762e+00
2.294000e-05	-1.448911e-04	7.914581e+00
2.295000e-05	5.487204e-04	7.598500e+00
2.296000e-05	-2.144118e-03	7.326245e+00
2.297000e-05	-1.260721e-03	7.080207e+00
2.298000e-05	-2.606869e-03	6.808975e+00
2.299000e-05	-1.079691e-03	6.536320e+00
2.300000e-05	-1.889282e-03	6.274186e+00
2.301000e-05	-2.946138e-03	6.051127e+00
2.302000e-05	-2.251398e-03	5.758394e+00
2.303000e-05	-2.503628e-03	5.483208e+00
2.304000e-05	-2.603371e-03	5.139498e+00
2.305000e-05	-3.037707e-03	4.822155e+00
2.306000e-05	-2.970548e-03	4.569395e+00
2.307000e-05	-3.649138e-03	4.295283e+00
2.308000e-05	-3.217359e-03	3.959649e+00
2.309000e-05	-4.009489e-03	3.716365e+00
2.310000e-05	-4.809692e-03	3.442259e+00
2.311000e-05	-4.029319e-03	3.177346e+00
2.312000e-05	-3.590716e-03	2.875335e+00
2.313000e-05	-3.911774e-03	2.630550e+00
2.314000e-05	-4.261618e-03	2.275733e+00
2.315000e-05	-3.926594e-03	2.012128e+00
2.316000e-05	-4.212150e-03	1.758586e+00
2.317000e-05	-5.322643e-03	1.402653e+00
2.318000e-05	-5.910818e-03	1.109467e+00
2.319000e-05	-4.466426e-03	7.625000e-01
2.320000e-05	-4.291340e-03	4.894407e-01
2.321000e-05	-3.920706e-03	2.342279e-01
2.322000e-05	-2.117446e-03	-9.053132e-02
2.323000e-05	5.332935e-03	-3.046405e-01
2.324000e-05	-3.417538e-04	-6.083233e-01
2.325000e-05	-1.055298e-03	-8.805815e-01
2.326000e-05	-5.636071e-03	-1.134194e+00
2.327000e-05	-1.715668e-03	-1.450980e+00
2.328000e-05	-3.888283e-03	-1.702609e+00
2.329000e-05	1.178088e-02	-1.944742e+00
2.330000e-05	6.193533e-02	-2.175291e+00
2.331000e-05	4.862549e-02	-2.542058e+00
2.332000e-05	-7.731962e-02	-2.911108e+00
2.333000e-05	-2.886533e-02	-3.280554e+00
2.334000e-05	-3.944668e-02	-3.494188e+00
2.335000e-05	-2.987949e-02	-3.783612e+00
2.336000e-05	-4.662709e-02	-4.026371e+00
2.337000e-05	1.287301e-01	-4.175766e+00
2.338000e-05	-8.229334e-02	-4.449421e+00
2.339000e-05	6.212592e-02	-4.764266e+00
2.340000e-05	5.296881e-02	-4.993870e+00
2.341000e-05	-1.316788e-01	-5.365163e+00
2.342000e-05	8.598044e-02	-5.666795e+00
2.343000e-05	-1.169448e-01	-5.910006e+00
2.344000e-05	8.330675e-02	-6.215316e+00
2.345000e-05	-9.979517e-03	-6.425849e+00
2.346000e-05	-3.189592e-02	-6.732537e+00
2.347000e-05	9.200524e-02	-6.984189e+00
2.348000e-05	-1.007019e-01	-7.279032e+00
2.349000e-05	4.078382e-02	-7.542137e+00
2.350000e-05	-5.641798e-02	-7.835795e+00
2.351000e-05	2.618221e-02	-8.110032e+00
2.352000e-05	2.556677e-02	-8.321037e+00
2.353000e-05	-5.805682e-02	-8.636193e+00
2.354000e-05	7.051005e-02	-8.866296e+00
2.355000e-05	-7.451475e-02	-9.089349e+00
2.356000e-05	3.985380e-02	-9.309538e+00
2.357000e-05	-4.873459e-02	-9.571533e+00
2.358000e-05	1.964729e-02	-9.825291e+00
2.359000e-05	5.368491e-03	-9.994688e+00
2.360000e-05	-1.570259e-02	-1.025632e+01
2.361000e-05	1.617949e-02	-1.046738e+01
2.362000e-05	-4.234901e-02	-1.067995e+01
2.363000e-05	2.796018e-02	-1.090790e+01
2.364000e-05	-4.298836e-02	-1.112743e+01
2.365000e-05	2.411783e-02	-1.132953e+01
2.366000e-05	-2.722176e-02	-1.151953e+01
2.367000e-05	2.136154e-02	-1.176016e+01
2.368000e-05	-2.154080e-02	-1.194851e+01
2.369000e-05	-1.420435e-03	-1.212166e+01
2.370000e-05	-1.604288e-02	-1.233005e+01
2.371000e-05	-7.450407e-03	-1.250953e+01
2.372000e-05	-7.155593e-04	-1.266692e+01
2.373000e-05	-1.523084e-02	-1.287733e+01
2.374000e-05	4.255346e-03	-1.301629e+01
2.375000e-05	-1.558754e-02	-1.319117e+01
2.376000e-05	5.821091e-03	-1.333011e+01
2.377000e-05	-2.457888e-02	-1.345645e+01
2.378000e-05	1.200109e-03	-1.365432e+01
2.379000e-05	-1.642492e-02	-1.383057e+01
2.380000e-05	4.388032e-04	-1.394201e+01
2.381000e-05	-1.724783e-02	-1.407582e+01
2.382000e-05	-5.747098e-03	-1.421232e+01
2.383000e-05	-8.270327e-03	-1.433993e+01
2.384000e-05	-8.598274e-03	-1.447737e+01
2.385000e-05	-1.311548e-02	-1.454209e+01
2.386000e-05	-1.087752e-02	-1.470997e+01
2.387000e-05	-6.265333e-03	-1.476316e+01
2.388000e-05	-1.079495e-02	-1.488738e+01
2.389000e-05	-1.045298e-02	-1.496064e+01
2.390000e-05	-1.333646e-02	-1.507530e+01
2.391000e-05	-8.727691e-03	-1.510911e+01
2.392000e-05	-1.474138e-02	-1.519369e+01
2.393000e-05	-1.141816e-02	-1.524527e+01
2.394000e-05	-1.445140e-02	-1.532998e+01
2.395000e-05	-7.479440e-03	-1.537629e+01
2.396000e-05	-1.378894e-02	-1.544380e+01
2.397000e-05	-1.185987e-02	-1.551737e+01
2.398000e-05	-1.518816e-02	-1.552054e+01
2.399000e-05	-1.190625e-02	-1.559169e+01
2.400000e-05	-1.376473e-02	-1.559264e+01
2.401000e-05	-1.505180e-02	-1.559479e+01
2.402000e-05	-1.253010e-02	-1.562522e+01
2.403000e-05	-1.364225e-02	-1.566577e+01
2.404000e-05	-1.451450e-02	-1.568587e+01
2.405000e-05	-1.728218e-02	-1.566683e+01
2.406000e-05	-1.703664e-02	-1.567580e+01
2.407000e-05	-1.307070e-02	-1.564637e+01
2.408000e-05	-1.730918e-02	-1.562574e+01
2.409000e-05	-1.462821e-02	-1.560475e+01
2.410000e-05	-1.743593e-02	-1.559324e+01
2.411000e-05	-1.450399e-02	-1.559161e+01
2.412000e-05	-1.576170e-02	-1.551803e+01
2.413000e-05	-1.724103e-02	-1.547640e+01
2.414000e-05	-1.702988e-02	-1.540672e+01
2.415000e-05	-1.687160e-02	-1.538324e+01
2.416000e-05	-1.716866e-02	-1.532948e+01
2.417000e-05	-1.964330e-02	-1.523489e+01
2.418000e-05	-1.957602e-02	-1.519273e+01
2.419000e-05	-1.650213e-02	-1.510908e+01
2.420000e-05	-1.694849e-02	-1.501532e+01
2.421000e-05	-1.674929e-02	-1.493056e+01
2.422000e-05	-1.792702e-02	-1.482525e+01
2.423000e-05	-1.931487e-02	-1.474216e+01
2.424000e-05	-1.896141e-02	-1.459748e+01
2.425000e-05	-2.203183e-02	-1.454271e+01
2.426000e-05	-1.990813e-02	-1.441632e+01
2.427000e-05	-1.979853e-02	-1.427853e+01
2.428000e-05	-1.753424e-02	-1.414514e+01
2.429000e-05	-1.857870e-02	-1.402387e+01
2.430000e-05	-1.978434e-02	-1.388058e+01
2.431000e-05	-1.980551e-02	-1.375324e+01
2.432000e-05	-2.018363e-02	-1.355684e+01
2.433000e-05	-2.044575e-02	-1.345848e+01
2.434000e-05	-2.028344e-02	-1.326051e+01
2.435000e-05	-1.807185e-02	-1.319413e+01
2.436000e-05	-1.698606e-02	-1.298627e+01
2.437000e-05	-1.537699e-02	-1.281740e+01
2.438000e-05	-1.696333e-02	-1.269795e+01
2.439000e-05	-1.635238e-02	-1.248048e+01
2.440000e-05	-1.559494e-02	-1.231213e+01
2.441000e-05	-1.519282e-02	-1.212319e+01
2.442000e-05	-1.637798e-02	-1.193158e+01
2.443000e-05	-1.536774e-02	-1.173073e+01
2.444000e-05	-1.288006e-02	-1.149150e+01
2.445000e-05	-1.222456e-02	-1.128000e+01
2.446000e-05	-1.339832e-02	-1.105738e+01
2.447000e-05	-1.304632e-02	-1.081947e+01
2.448000e-05	-1.095829e-02	-1.064050e+01
2.449000e-05	-1.081446e-02	-1.047958e+01
2.450000e-05	-1.159218e-02	-1.013790e+01
2.451000e-05	-1.180294e-02	-9.964392e+00
2.452000e-05	-1.102109e-02	-9.745790e+00
2.453000e-05	-1.044521e-02	-9.523282e+00
2.454000e-05	-1.032426e-02	-9.283678e+00
2.455000e-05	-1.058976e-02	-9.102555e+00
2.456000e-05	-9.429758e-03	-8.880078e+00
2.457000e-05	-7.564111e-03	-8.616796e+00
2.458000e-05	-9.092863e-03	-8.324789e+00
2.459000e-05	-9.327305e-03	-8.094186e+00
2.460000e-05	-9.152402e-03	-7.890050e+00
2.461000e-05	-7.684269e-03	-7.536867e+00
2.462000e-05	-9.250971e-03	-7.313759e+00
2.463000e-05	-9.043472e-03	-7.040128e+00
2.464000e-05	-7.735758e-03	-6.758872e+00
2.465000e-05	-7.186709e-03	-6.502737e+00
2.466000e-05	-7.572979e-03	-6.269053e+00
2.467000e-05	-7.233652e-03	-5.978394e+00
2.468000e-05	-7.587921e-03	-5.712762e+00
2.469000e-05	-5.414504e-03	-5.431048e+00
2.470000e-05	-7.181895e-03	-5.095787e+00
2.471000e-05	-7.535052e-03	-4.840494e+00
2.472000e-05	-7.218207e-03	-4.515287e+00
2.473000e-05	-6.495033e-03	-4.293759e+00
2.474000e-05	-6.857014e-03	-3.999599e+00
2.475000e-05	-6.809114e-03	-3.686336e+00
2.476000e-05	-5.784992e-03	-3.463129e+00
2.477000e-05	-6.382083e-03	-3.179499e+00
2.478000e-05	-4.611524e-03	-2.831607e+00
2.479000e-05	-5.393373e-03	-2.559499e+00
2.480000e-05	-5.868279e-03	-2.305308e+00
2.481000e-05	-4.647880e-03	-1.981098e+00
2.482000e-05	-5.285903e-03	-1.746410e+00
2.483000e-05	-6.119528e-03	-1.444649e+00
2.484000e-05	-6.584282e-03	-1.126263e+00
2.485000e-05	-5.216986e-03	-8.021028e-01
2.486000e-05	-3.044792e-03	-5.047621e-01
2.487000e-05	-3.299739e-03	-2.827280e-01
2.488000e-05	3.374274e-03	1.025879e-01
2.489000e-05	6.858459e-03	3.758157e-01
2.490000e-05	-1.459011e-03	6.189236e-01
2.491000e-05	3.343363e-04	8.414800e-01
2.492000e-05	-3.013804e-03	1.177867e+00
2.493000e-05	1.235910e-03	1.429433e+00
2.494000e-05	-7.652914e-04	1.757343e+00
2.495000e-05	1.130596e-02	1.986422e+00
2.496000e-05	4.267879e-02	2.230505e+00
2.497000e-05	6.640778e-02	2.545246e+00
2.498000e-05	-4.956958e-02	2.913087e+00
2.499000e-05	-4.623124e-02	3.218350e+00
2.500000e-05	-3.163402e-02	3.480562e+00
2.501000e-05	-9.293958e-04	3.703764e+00
2.502000e-05	-4.794304e-02	3.946717e+00
2.503000e-05	-1.747496e-02	4.184722e+00
2.504000e-05	8.928130e-02	4.490032e+00
2.505000e-05	-2.585752e-02	4.724293e+00
2.506000e-05	6.173454e-02	5.026824e+00
2.507000e-05	-8.931808e-03	5.395800e+00
2.508000e-05	-6.607082e-02	5.669951e+00
2.509000e-05	5.220212e-02	5.931559e+00
2.510000e-05	-2.852079e-02	6.195318e+00
2.511000e-05	2.463840e-02	6.448356e+00
2.512000e-05	-2.749307e-02	6.773618e+00
2.513000e-05	2.244224e-02	7.025775e+00
2.514000e-05	4.114885e-02	7.257356e+00
2.515000e-05	-4.908360e-02	7.583589e+00
2.516000e-05	-6.365403e-03	7.827874e+00
2.517000e-05	-6.222876e-03	8.161035e+00
2.518000e-05	5.387091e-02	8.322215e+00
2.519000e-05	-2.116157e-02	8.594742e+00
2.520000e-05	-1.942515e-02	8.856819e+00
2.521000e-05	2.942996e-02	9.017854e+00
2.522000e-05	-1.193850e-02	9.311558e+00
2.523000e-05	7.320043e-03	9.522557e+00
2.524000e-05	-2.677885e-02	9.753216e+00
2.525000e-05	2.698960e-02	1.003524e+01
2.526000e-05	8.958207e-03	1.023630e+01
2.527000e-05	6.920664e-03	1.043785e+01
2.528000e-05	-1.266309e-02	1.069740e+01
2.529000e-05	-6.733732e-03	1.091953e+01
2.530000e-05	1.922123e-02	1.107938e+01
2.531000e-05	-1.107657e-02	1.130943e+01
2.532000e-05	4.208494e-03	1.157001e+01
2.533000e-05	-3.788442e-03	1.171856e+01
2.534000e-05	2.278505e-02	1.193098e+01
2.535000e-05	-5.061276e-03	1.214948e+01
2.536000e-05	-9.335068e-04	1.226056e+01
2.537000e-05	-2.507006e-03	1.250943e+01
2.538000e-05	9.768704e-03	1.267475e+01
2.539000e-05	4.248625e-03	1.280620e+01
2.540000e-05	-2.698944e-03	1.296332e+01
2.541000e-05	5.874942e-03	1.313007e+01
2.542000e-05	6.971333e-03	1.329803e+01
2.543000e-05	6.995816e-03	1.343535e+01
2.544000e-05	-6.644808e-03	1.360280e+01
2.545000e-05	4.194001e-03	1.379207e+01
2.546000e-05	6.973649e-03	1.386906e+01
2.547000e-05	5.931128e-03	1.401628e+01
2.548000e-05	-5.091664e-04	1.416369e+01
2.549000e-05	4.434216e-03	1.435114e+01
2.550000e-05	1.052008e-02	1.442488e+01
2.551000e-05	2.830589e-03	1.454956e+01
2.552000e-05	3.474820e-05	1.465880e+01
2.553000e-05	3.296382e-03	1.475166e+01
2.554000e-05	1.084981e-02	1.483785e+01
2.555000e-05	5.009316e-03	1.495003e+01
2.556000e-05	2.658816e-03	1.498324e+01
2.557000e-05	5.047343e-03	1.507798e+01
2.558000e-05	8.790211e-03	1.517209e+01
2.559000e-05	6.259033e-03	1.518422e+01
2.560000e-05	6.891595e-04	1.526643e+01
2.561000e-05	6.200575e-03	1.533801e+01
2.562000e-05	8.940910e-03	1.542521e+01
2.563000e-05	8.292544e-03	1.545635e+01
2.564000e-05	2.781854e-03	1.548640e+01
2.565000e-05	6.416585e-03	1.550964e+01
2.566000e-05	1.012272e-02	1.558314e+01
2.567000e-05	8.449717e-03	1.561269e+01
2.568000e-05	5.931065e-03	1.558319e+01
2.569000e-05	6.407985e-03	1.562477e+01
2.570000e-05	1.136994e-02	1.562672e+01
2.571000e-05	8.127556e-03	1.562424e+01
2.572000e-05	6.015401e-03	1.562422e+01
2.573000e-05	6.027537e-03	1.558369e+01
2.574000e-05	1.128619e-02	1.555271e+01
2.575000e-05	1.014109e-02	1.556061e+01
2.576000e-05	7.673521e-03	1.551006e+01
2.577000e-05	8.550925e-03	1.547761e+01
2.578000e-05	1.104720e-02	1.546843e+01
2.579000e-05	1.114760e-02	1.539432e+01
2.580000e-05	7.100130e-03	1.541219e+01
2.581000e-05	8.952916e-03	1.529941e+01
2.582000e-05	1.092453e-02	1.523485e+01
2.583000e-05	1.156974e-02	1.518163e+01
2.584000e-05	7.316897e-03	1.506843e+01
2.585000e-05	8.003248e-03	1.503480e+01
2.586000e-05	1.154460e-02	1.492158e+01
2.587000e-05	1.099087e-02	1.483688e+01
2.588000e-05	9.856942e-03	1.475324e+01
2.589000e-05	9.808294e-03	1.468933e+01
2.590000e-05	1.336596e-02	1.456361e+01
2.591000e-05	1.217356e-02	1.444733e+01
2.592000e-05	1.082017e-02	1.431164e+01
2.593000e-05	1.009509e-02	1.422632e+01
2.594000e-05	1.311258e-02	1.406003e+01
2.595000e-05	1.289015e-02	1.392208e+01
2.596000e-05	1.096472e-02	1.375782e+01
2.597000e-05	1.058745e-02	1.360742e+01
2.598000e-05	1.108811e-02	1.350051e+01
2.599000e-05	1.224218e-02	1.333224e+01
2.600000e-05	9.364484e-03	1.320637e+01
2.601000e-05	9.275136e-03	1.304740e+01
2.602000e-05	9.859721e-03	1.285001e+01
2.603000e-05	1.001295e-02	1.271158e+01
2.604000e-05	7.611109e-03	1.254477e+01
2.605000e-05	6.164174e-03	1.235419e+01
2.606000e-05	6.758101e-03	1.220677e+01
2.607000e-05	6.975566e-03	1.198482e+01
2.608000e-05	5.474081e-03	1.180737e+01
2.609000e-05	4.811649e-03	1.160629e+01
2.610000e-05	5.433566e-03	1.138684e+01
2.611000e-05	5.199162e-03	1.115472e+01
2.612000e-05	3.094883e-03	1.095629e+01
2.613000e-05	3.058663e-03	1.075437e+01
2.614000e-05	2.823031e-03	1.051434e+01
2.615000e-05	3.347102e-03	1.035321e+01
2.616000e-05	1.826053e-03	1.010421e+01
2.617000e-05	2.155777e-03	9.871034e+00
2.618000e-05	2.140141e-03	9.617450e+00
2.619000e-05	2.411922e-03	9.417424e+00
2.620000e-05	7.178691e-04	9.166894e+00
2.621000e-05	8.460863e-04	8.973767e+00
2.622000e-05	4.544856e-04	8.694232e+00
2.623000e-05	6.522986e-04	8.492133e+00
2.624000e-05	-7.110883e-04	8.290104e+00
2.625000e-05	-5.433010e-04	8.005996e+00
2.626000e-05	-6.303696e-04	7.744291e+00
2.627000e-05	-6.269542e-04	7.411029e+00
2.628000e-05	-1.366077e-03	7.187447e+00
2.629000e-05	-1.872447e-03	6.915315e+00
2.630000e-05	-1.457786e-03	6.691183e+00
2.631000e-05	-1.571756e-03	6.396870e+00
2.632000e-05	-2.582093e-03	6.105266e+00
2.633000e-05	-3.489095e-03	5.851139e+00
2.634000e-05	-2.709794e-03	5.559471e+00
2.635000e-05	-2.506581e-03	5.285843e+00
2.636000e-05	-3.174269e-03	4.958341e+00
2.637000e-05	-3.511995e-03	4.641634e+00
2.638000e-05	-2.282747e-03	4.430549e+00
2.639000e-05	-2.184062e-03	4.136311e+00
2.640000e-05	-3.819818e-03	3.802079e+00
2.641000e-05	-4.301192e-03	3.577972e+00
2.642000e-05	-4.259825e-03	3.263733e+00
2.643000e-05	-4.042340e-03	2.961025e+00
2.644000e-05	-5.673968e-03	2.715842e+00
2.645000e-05	-4.886286e-03	2.401653e+00
2.646000e-05	-4.309267e-03	2.136364e+00
2.647000e-05	-3.676745e-03	1.865161e+00
2.648000e-05	-4.835577e-03	1.559020e+00
2.649000e-05	-5.047546e-03	1.254708e+00
2.650000e-05	-5.364355e-03	9.159947e-01
2.651000e-05	-4.970666e-03	6.031280e-01
2.652000e-05	-4.702952e-03	3.694751e-01
2.653000e-05	-3.939171e-03	3.275821e-02
2.654000e-05	1.969173e-03	-2.484759e-01
2.655000e-05	3.420835e-03	-4.825051e-01
2.656000e-05	-4.777663e-03	-7.862447e-01
2.657000e-05	-1.356463e-03	-1.029973e+00
2.658000e-05	-4.864929e-03	-1.325659e+00
2.659000e-05	-1.729051e-03	-1.627969e+00
2.660000e-05	2.624801e-03	-1.841003e+00
2.661000e-05	3.689048e-02	-2.071604e+00
2.662000e-05	8.071124e-02	-2.385816e+00
2.663000e-05	-4.855283e-02	-2.733633e+00
2.664000e-05	-4.474745e-02	-3.122111e+00
2.665000e-05	-3.789624e-02	-3.427947e+00
2.666000e-05	-1.878668e-02	-3.639526e+00
2.667000e-05	-6.458598e-02	-3.933116e+00
2.668000e-05	6.620226e-02	-4.102710e+00
2.669000e-05	3.546454e-02	-4.332082e+00
2.670000e-05	-7.602399e-02	-4.649400e+00
2.671000e-05	1.575263e-01	-4.920031e+00
2.672000e-05	-1.375493e-01	-5.215269e+00
2.673000e-05	3.411844e-02	-5.522034e+00
2.674000e-05	-3.620962e-02	-5.765167e+00
2.675000e-05	-4.217081e-02	-6.088606e+00
2.676000e-05	9.795107e-02	-6.309533e+00
2.677000e-05	-9.877283e-02	-6.595772e+00
2.678000e-05	9.883890e-02	-6.878529e+00
2.679000e-05	-4.166538e-02	-7.152116e+00
2.680000e-05	-2.972471e-02	-7.437899e+00
2.681000e-05	1.439136e-02	-7.700057e+00
2.682000e-05	-5.999315e-02	-8.026720e+00
2.683000e-05	8.693076e-02	-8.238349e+00
2.684000e-05	-7.440018e-02	-8.477010e+00
2.685000e-05	5.190268e-02	-8.803033e+00
2.686000e-05	-2.178752e-02	-9.014793e+00
2.687000e-05	-2.276803e-02	-9.215872e+00
2.688000e-05	1.489245e-02	-9.437274e+00
2.689000e-05	-4.833237e-02	-9.659428e+00
2.690000e-05	5.492682e-02	-9.918506e+00
2.691000e-05	-4.638539e-02	-1.014154e+01
2.692000e-05	3.691480e-02	-1.040261e+01
2.693000e-05	-4.664762e-02	-1.059417e+01
2.694000e-05	1.715096e-02	-1.082272e+01
2.695000e-05	-2.170826e-02	-1.097269e+01
2.696000e-05	-3.125140e-03	-1.124517e+01
2.697000e-05	-1.676367e-03	-1.141475e+01
2.698000e-05	-6.891288e-03	-1.166537e+01
2.699000e-05	9.233444e-03	-1.183840e+01
2.700000e-05	-2.604006e-02	-1.206595e+01
2.701000e-05	5.609855e-03	-1.224737e+01
2.702000e-05	-2.766462e-02	-1.246370e+01
2.703000e-05	1.438983e-02	-1.263279e+01
2.704000e-05	-2.429373e-02	-1.279168e+01
2.705000e-05	6.836388e-03	-1.294261e+01
2.706000e-05	-1.749204e-02	-1.311848e+01
2.707000e-05	3.689255e-03	-1.328640e+01
2.708000e-05	-1.608247e-02	-1.343469e+01
2.709000e-05	-1.037209e-02	-1.358216e+01
2.710000e-05	-7.654040e-03	-1.371853e+01
2.711000e-05	-8.636373e-03	-1.389745e+01
2.712000e-05	-5.682683e-03	-1.402429e+01
2.713000e-05	-1.406158e-02	-1.412956e+01
2.714000e-05	-4.074478e-03	-1.429688e+01
2.715000e-05	-1.158329e-02	-1.444265e+01
2.716000e-05	-7.945122e-03	-1.451014e+01
2.717000e-05	-1.627597e-02	-1.465629e+01
2.718000e-05	-4.946305e-03	-1.472056e+01
2.719000e-05	-1.202524e-02	-1.479424e+01
2.720000e-05	-7.241242e-03	-1.493056e+01
2.721000e-05	-1.444599e-02	-1.502329e+01
2.722000e-05	-8.401848e-03	-1.510785e+01
2.723000e-05	-1.298445e-02	-1.520961e+01
2.724000e-05	-1.125194e-02	-1.526427e+01
2.725000e-05	-1.410750e-02	-1.530690e+01
2.726000e-05	-1.132450e-02	-1.538269e+01
2.727000e-05	-1.105454e-02	-1.543429e+01
2.728000e-05	-1.201530e-02	-1.546732e+01
2.729000e-05	-1.278483e-02	-1.550993e+01
2.730000e-05	-1.540872e-02	-1.554161e+01
2.731000e-05	-1.112522e-02	-1.559266e+01
2.732000e-05	-1.469614e-02	-1.561516e+01
2.733000e-05	-1.274910e-02	-1.562384e+01
2.734000e-05	-1.531368e-02	-1.562482e+01
2.735000e-05	-1.363158e-02	-1.565637e+01
2.736000e-05	-1.550988e-02	-1.564680e+01
2.737000e-05	-1.571846e-02	-1.567687e+01
2.738000e-05	-1.649036e-02	-1.567730e+01
2.739000e-05	-1.538632e-02	-1.565580e+01
2.740000e-05	-1.331384e-02	-1.560417e+01
2.741000e-05	-1.633089e-02	-1.559462e+01
2.742000e-05	-1.611959e-02	-1.556161e+01
2.743000e-05	-1.812180e-02	-1.553909e+01
2.744000e-05	-1.654606e-02	-1.551890e+01
2.745000e-05	-1.621580e-02	-1.545685e+01
2.746000e-05	-1.694452e-02	-1.541432e+01
2.747000e-05	-1.729377e-02	-1.536263e+01
2.748000e-05	-1.729990e-02	-1.525840e+01
2.749000e-05	-1.743182e-02	-1.520569e+01
2.750000e-05	-1.810548e-02	-1.514056e+01
2.751000e-05	-1.816854e-02	-1.506690e+01
2.752000e-05	-1.873736e-02	-1.499319e+01
2.753000e-05	-1.762015e-02	-1.487895e+01
2.754000e-05	-1.859767e-02	-1.476479e+01
2.755000e-05	-1.967903e-02	-1.468855e+01
2.756000e-05	-1.983321e-02	-1.460471e+01
2.757000e-05	-1.930658e-02	-1.445843e+01
2.758000e-05	-1.904021e-02	-1.435221e+01
2.759000e-05	-2.009468e-02	-1.422525e+01
2.760000e-05	-1.903599e-02	-1.411900e+01
2.761000e-05	-1.897883e-02	-1.396108e+01
2.762000e-05	-2.010717e-02	-1.380590e+01
2.763000e-05	-2.044466e-02	-1.367748e+01
2.764000e-05	-2.002401e-02	-1.355051e+01
2.765000e-05	-1.903276e-02	-1.336427e+01
2.766000e-05	-1.905031e-02	-1.321579e+01
2.767000e-05	-1.889524e-02	-1.302945e+01
2.768000e-05	-1.717396e-02	-1.291055e+01
2.769000e-05	-1.641044e-02	-1.272161e+01
2.770000e-05	-1.545865e-02	-1.258227e+01
2.771000e-05	-1.601519e-02	-1.235634e+01
2.772000e-05	-1.608022e-02	-1.216695e+01
2.773000e-05	-1.528595e-02	-1.205542e+01
2.774000e-05	-1.571422e-02	-1.177587e+01
2.775000e-05	-1.410529e-02	-1.161479e+01
2.776000e-05	-1.412271e-02	-1.138469e+01
2.777000e-05	-1.223374e-02	-1.115266e+01
2.778000e-05	-1.227909e-02	-1.090369e+01
2.779000e-05	-1.189996e-02	-1.073329e+01
2.780000e-05	-1.239621e-02	-1.055266e+01
2.781000e-05	-1.092792e-02	-1.032365e+01
2.782000e-05	-1.166523e-02	-1.004052e+01
2.783000e-05	-1.069455e-02	-9.879554e+00
2.784000e-05	-1.030557e-02	-9.629549e+00
2.785000e-05	-1.026354e-02	-9.425446e+00
2.786000e-05	-1.034226e-02	-9.145842e+00
2.787000e-05	-1.009539e-02	-8.915314e+00
2.788000e-05	-1.046817e-02	-8.722180e+00
2.789000e-05	-8.836728e-03	-8.470529e+00
2.790000e-05	-7.963170e-03	-8.218419e+00
2.791000e-05	-8.310529e-03	-7.958438e+00
2.792000e-05	-8.751916e-03	-7.702002e+00
2.793000e-05	-8.981120e-03	-7.377896e+00
2.794000e-05	-8.023567e-03	-7.135865e+00
2.795000e-05	-9.000228e-03	-6.862633e+00
2.796000e-05	-8.204362e-03	-6.620523e+00
2.797000e-05	-7.710361e-03	-6.387343e+00
2.798000e-05	-6.407782e-03	-6.084206e+00
2.799000e-05	-7.129963e-03	-5.831524e+00
2.800000e-05	-7.814623e-03	-5.607868e+00
2.801000e-05	-7.156394e-03	-5.251100e+00
2.802000e-05	-7.193448e-03	-4.966361e+00
2.803000e-05	-6.292369e-03	-4.618449e+00
2.804000e-05	-5.941931e-03	-4.379446e+00
2.805000e-05	-5.903989e-03	-4.116215e+00
2.806000e-05	-6.866682e-03	-3.853675e+00
2.807000e-05	-6.633167e-03	-3.548817e+00
2.808000e-05	-7.529911e-03	-3.305733e+00
2.809000e-05	-5.808550e-03	-2.988474e+00
2.810000e-05	-5.505499e-03	-2.706287e+00
2.811000e-05	-4.151894e-03	-2.361579e+00
2.812000e-05	-4.909031e-03	-2.156228e+00
2.813000e-05	-4.996868e-03	-1.802631e+00
2.814000e-05	-6.575698e-03	-1.571471e+00
2.815000e-05	-5.708565e-03	-1.231199e+00
2.816000e-05	-6.293833e-03	-8.773647e-01
2.817000e-05	-4.789646e-03	-6.731766e-01
2.818000e-05	-3.714776e-03	-3.274673e-01
2.819000e-05	-1.512695e-03	-8.463303e-02
2.820000e-05	7.400808e-03	2.184526e-01
2.821000e-05	8.793272e-04	4.736869e-01
2.822000e-05	1.728218e-03	7.362682e-01
2.823000e-05	-2.590840e-03	1.009558e+00
2.824000e-05	8.483666e-04	1.314138e+00
2.825000e-05	-1.968276e-03	1.630027e+00
2.826000e-05	4.437897e-03	1.902660e+00
2.827000e-05	2.313988e-02	2.103192e+00
2.828000e-05	7.088269e-02	2.426878e+00
2.829000e-05	8.392716e-04	2.796321e+00
2.830000e-05	-6.277232e-02	3.102609e+00
2.831000e-05	-3.712856e-02	3.334720e+00
2.832000e-05	-8.390436e-03	3.670048e+00
2.833000e-05	-2.074714e-02	3.862558e+00
2.834000e-05	-5.285710e-02	4.042509e+00
2.835000e-05	5.700406e-02	4.352115e+00
2.836000e-05	4.033601e-02	4.638977e+00
2.837000e-05	-1.625145e-02	4.921138e+00
2.838000e-05	7.901190e-02	5.229825e+00
2.839000e-05	-1.015588e-01	5.523663e+00
2.840000e-05	3.344872e-02	5.784798e+00
2.841000e-05	3.174344e-03	6.070985e+00
2.842000e-05	-1.054658e-02	6.292087e+00
2.843000e-05	1.385314e-02	6.647821e+00
2.844000e-05	-3.097946e-02	6.891110e+00
2.845000e-05	7.190032e-02	7.182214e+00
2.846000e-05	-3.797407e-02	7.387324e+00
2.847000e-05	-1.615968e-02	7.723135e+00
2.848000e-05	-1.575301e-02	7.995769e+00
2.849000e-05	3.727307e-02	8.238481e+00
2.850000e-05	1.777635e-02	8.499560e+00
2.851000e-05	-4.095210e-02	8.680085e+00
2.852000e-05	2.582681e-02	8.932167e+00
2.853000e-05	-7.851392e-05	9.205246e+00
2.854000e-05	2.647558e-03	9.447849e+00
2.855000e-05	-1.839926e-02	9.698354e+00
2.856000e-05	3.904639e-03	9.900108e+00
2.857000e-05	2.153734e-02	1.012256e+01
2.858000e-05	4.252595e-03	1.033011e+01
2.859000e-05	-2.965963e-03	1.056485e+01
2.860000e-05	-1.543478e-02	1.081372e+01
2.861000e-05	1.585573e-02	1.098374e+01
2.862000e-05	-1.027802e-04	1.117369e+01
2.863000e-05	-2.117719e-03	1.143580e+01
2.864000e-05	-7.576751e-04	1.167774e+01
2.865000e-05	1.493392e-02	1.186578e+01
2.866000e-05	5.042464e-03	1.200637e+01
2.867000e-05	-6.114356e-03	1.226585e+01
2.868000e-05	-3.288514e-03	1.240422e+01
2.869000e-05	6.269881e-03	1.258169e+01
2.870000e-05	7.742042e-03	1.277161e+01
2.871000e-05	-1.615814e-03	1.293058e+01
2.872000e-05	3.837380e-03	1.307840e+01
2.873000e-05	7.413895e-03	1.327435e+01
2.874000e-05	9.102167e-03	1.338470e+01
2.875000e-05	-4.663181e-03	1.355051e+01
2.876000e-05	8.624010e-04	1.369853e+01
2.877000e-05	4.671871e-03	1.380430e+01
2.878000e-05	8.396112e-03	1.401214e+01
2.879000e-05	-4.342845e-04	1.413051e+01
2.880000e-05	2.794471e-03	1.429685e+01
2.881000e-05	8.066578e-03	1.439417e+01
2.882000e-05	7.859990e-03	1.450706e+01
2.883000e-05	1.365466e-03	1.462379e+01
2.884000e-05	2.933070e-04	1.472109e+01
2.885000e-05	1.096062e-02	1.482332e+01
2.886000e-05	3.176389e-03	1.486903e+01
2.887000e-05	5.247019e-03	1.494159e+01
2.888000e-05	-5.877687e-05	1.501690e+01
2.889000e-05	8.950095e-03	1.515911e+01
2.890000e-05	8.998760e-03	1.521470e+01
2.891000e-05	5.490481e-03	1.526535e+01
2.892000e-05	4.272760e-03	1.530951e+01
2.893000e-05	7.633532e-03	1.539219e+01
2.894000e-05	7.505413e-03	1.541535e+01
2.895000e-05	1.338608e-03	1.548740e+01
2.896000e-05	4.515971e-03	1.550904e+01
2.897000e-05	8.141378e-03	1.555214e+01
2.898000e-05	1.187891e-02	1.556211e+01
2.899000e-05	8.412832e-03	1.558222e+01
2.900000e-05	7.640038e-03	1.561224e+01
2.901000e-05	7.095966e-03	1.560427e+01
2.902000e-05	9.209261e-03	1.560374e+01
2.903000e-05	4.142643e-03	1.560379e+01
2.904000e-05	5.172690e-03	1.559477e+01
2.905000e-05	8.689552e-03	1.561219e+01
2.906000e-05	1.141492e-02	1.554014e+01
2.907000e-05	9.697310e-03	1.554114e+01
2.908000e-05	7.540869e-03	1.550101e+01
2.909000e-05	1.077885e-02	1.546853e+01
2.910000e-05	1.010308e-02	1.544637e+01
2.911000e-05	8.861509e-03	1.538274e+01
2.912000e-05	6.625603e-03	1.530961e+01
2.913000e-05	9.670208e-03	1.525590e+01
2.914000e-05	1.178301e-02	1.519522e+01
2.915000e-05	9.666306e-03	1.512156e+01
2.916000e-05	9.319763e-03	1.504750e+01
2.917000e-05	1.129157e-02	1.497419e+01
2.918000e-05	1.257451e-02	1.485000e+01
2.919000e-05	1.016885e-02	1.479274e+01
2.920000e-05	9.388369e-03	1.473061e+01
2.921000e-05	1.084710e-02	1.461679e+01
2.922000e-05	1.204323e-02	1.450895e+01
2.923000e-05	1.154212e-02	1.437426e+01
2.924000e-05	1.052333e-02	1.421845e+01
2.925000e-05	1.131157e-02	1.411109e+01
2.926000e-05	1.306240e-02	1.397477e+01
2.927000e-05	1.254765e-02	1.387640e+01
2.928000e-05	1.044169e-02	1.369991e+01
2.929000e-05	1.037045e-02	1.356416e+01
2.930000e-05	1.186727e-02	1.341427e+01
2.931000e-05	1.028700e-02	1.327895e+01
2.932000e-05	8.771657e-03	1.310309e+01
2.933000e-05	1.003077e-02	1.292116e+01
2.934000e-05	1.127832e-02	1.277567e+01
2.935000e-05	9.418470e-03	1.257742e+01
2.936000e-05	6.704373e-03	1.238905e+01
2.937000e-05	5.564947e-03	1.227051e+01
2.938000e-05	6.319178e-03	1.206746e+01
2.939000e-05	6.790732e-03	1.189158e+01
2.940000e-05	4.528229e-03	1.168218e+01
2.941000e-05	4.922961e-03	1.149003e+01
2.942000e-05	5.656278e-03	1.128102e+01
2.943000e-05	6.167898e-03	1.101853e+01
2.944000e-05	3.469785e-03	1.086855e+01
2.945000e-05	1.830819e-03	1.066701e+01
2.946000e-05	2.544901e-03	1.038750e+01
2.947000e-05	3.144210e-03	1.016740e+01
2.948000e-05	1.406321e-03	9.955916e+00
2.949000e-05	1.723315e-03	9.694194e+00
2.950000e-05	1.598760e-03	9.481161e+00
2.951000e-05	2.345841e-03	9.302212e+00
2.952000e-05	3.278822e-04	9.043075e+00
2.953000e-05	-6.424840e-04	8.808419e+00
2.954000e-05	8.679730e-04	8.536423e+00
2.955000e-05	2.514178e-04	8.335317e+00
2.956000e-05	-5.843588e-04	8.043637e+00
2.957000e-05	-2.583344e-03	7.839528e+00
2.958000e-05	-3.335306e-05	7.525876e+00
2.959000e-05	-8.246150e-04	7.294658e+00
2.960000e-05	-1.934335e-03	7.029026e+00
2.961000e-05	-1.769604e-03	6.777395e+00
2.962000e-05	-1.475982e-03	6.545690e+00
2.963000e-05	-7.889294e-04	6.241052e+00
2.964000e-05	-2.869493e-03	5.990549e+00
2.965000e-05	-3.772332e-03	5.693213e+00
2.966000e-05	-3.034915e-03	5.431082e+00
2.967000e-05	-3.417629e-03	5.088214e+00
2.968000e-05	-3.257450e-03	4.757402e+00
2.969000e-05	-4.962875e-03	4.515287e+00
2.970000e-05	-2.846773e-03	4.220682e+00
2.971000e-05	-2.351613e-03	3.926897e+00
2.972000e-05	-2.876937e-03	3.674684e+00
2.973000e-05	-4.771141e-03	3.401073e+00
2.974000e-05	-4.897496e-03	3.075320e+00
2.975000e-05	-4.117993e-03	2.822628e+00
2.976000e-05	-4.670183e-03	2.526869e+00
2.977000e-05	-5.179885e-03	2.253208e+00
2.978000e-05	-4.730634e-03	1.980550e+00
2.979000e-05	-3.809512e-03	1.677337e+00
2.980000e-05	-4.486923e-03	1.400050e+00
2.981000e-05	-5.540861e-03	1.024263e+00
2.982000e-05	-4.860063e-03	7.499986e-01
2.983000e-05	-3.614180e-03	4.447831e-01
2.984000e-05	-4.325866e-03	1.900517e-01
2.985000e-05	-1.810315e-03	-1.041605e-01
2.986000e-05	5.260917e-03	-3.278171e-01
2.987000e-05	-3.057810e-03	-6.294800e-01
2.988000e-05	-1.211175e-03	-9.037605e-01
2.989000e-05	-6.937056e-03	-1.215347e+00
2.990000e-05	-8.714629e-04	-1.504062e+00
2.991000e-05	-1.962007e-03	-1.734686e+00
2.992000e-05	1.655515e-02	-1.986217e+00
2.993000e-05	7.142572e-02	-2.217846e+00
2.994000e-05	2.282798e-02	-2.594691e+00
2.995000e-05	-7.277992e-02	-2.984269e+00
2.996000e-05	-3.002338e-02	-3.323661e+00
2.997000e-05	-3.374400e-02	-3.555665e+00
2.998000e-05	-4.255432e-02	-3.775897e+00
2.999000e-05	-2.295244e-02	-4.051403e+00
3.000000e-05	1.221390e-01	-4.216871e+00
3.001000e-05	-1.060477e-01	-4.501009e+00
3.002000e-05	1.231307e-01	-4.856417e+00
3.003000e-05	-7.339186e-03	-5.017898e+00
3.004000e-05	-9.252461e-02	-5.467771e+00
3.005000e-05	6.568991e-02	-5.688378e+00
3.006000e-05	-1.184111e-01	-5.993610e+00
3.007000e-05	1.138908e-01	-6.215375e+00
3.008000e-05	-5.215257e-02	-6.500530e+00
3.009000e-05	9.786438e-03	-6.733689e+00
3.010000e-05	6.129783e-02	-6.995720e+00
3.011000e-05	-9.480164e-02	-7.309587e+00
3.012000e-05	4.908659e-02	-7.604267e+00
3.013000e-05	-7.363462e-02	-7.817906e+00
3.014000e-05	5.866172e-02	-8.162664e+00
3.015000e-05	-8.522952e-03	-8.403641e+00
3.016000e-05	-2.987332e-02	-8.638300e+00
3.017000e-05	5.175035e-02	-8.907404e+00
3.018000e-05	-7.500578e-02	-9.111084e+00
3.019000e-05	4.840155e-02	-9.352712e+00
3.020000e-05	-6.313901e-02	-9.633258e+00
3.021000e-05	4.281226e-02	-9.824796e+00
3.022000e-05	-1.777312e-02	-1.001372e+01
3.023000e-05	5.747683e-03	-1.031885e+01
3.024000e-05	-3.603270e-03	-1.050895e+01
3.025000e-05	-2.707175e-02	-1.073003e+01
3.026000e-05	1.716457e-02	-1.088956e+01
3.027000e-05	-3.827332e-02	-1.110856e+01
3.028000e-05	2.296856e-02	-1.133009e+01
3.029000e-05	-2.845672e-02	-1.157104e+01
3.030000e-05	2.513610e-02	-1.178269e+01
3.031000e-05	-2.904494e-02	-1.200519e+01
3.032000e-05	7.621374e-03	-1.217319e+01
3.033000e-05	-2.422152e-02	-1.237203e+01
3.034000e-05	2.380665e-03	-1.258162e+01
3.035000e-05	-1.090311e-02	-1.275005e+01
3.036000e-05	-8.012564e-03	-1.290805e+01
3.037000e-05	-2.187481e-03	-1.299782e+01
3.038000e-05	-1.241647e-02	-1.322270e+01
3.039000e-05	1.876229e-03	-1.336261e+01
3.040000e-05	-2.268389e-02	-1.348795e+01
3.041000e-05	1.152342e-03	-1.364638e+01
3.042000e-05	-1.764923e-02	-1.381267e+01
3.043000e-05	7.807389e-04	-1.398064e+01
3.044000e-05	-1.754871e-02	-1.407628e+01
3.045000e-05	-3.163483e-03	-1.424427e+01
3.046000e-05	-1.159834e-02	-1.435906e+01
3.047000e-05	-7.173273e-03	-1.451890e+01
3.048000e-05	-1.409602e-02	-1.458262e+01
3.049000e-05	-9.900222e-03	-1.470850e+01
3.050000e-05	-8.236099e-03	-1.480361e+01
3.051000e-05	-9.956822e-03	-1.489695e+01
3.052000e-05	-9.947119e-03	-1.499119e+01
3.053000e-05	-1.255494e-02	-1.509785e+01
3.054000e-05	-9.359239e-03	-1.518051e+01
3.055000e-05	-1.318694e-02	-1.523424e+01
3.056000e-05	-1.252523e-02	-1.527735e+01
3.057000e-05	-1.512075e-02	-1.531110e+01
3.058000e-05	-8.672047e-03	-1.538519e+01
3.059000e-05	-1.326247e-02	-1.544579e+01
3.060000e-05	-1.184760e-02	-1.547788e+01
3.061000e-05	-1.476102e-02	-1.555053e+01
3.062000e-05	-1.154110e-02	-1.560214e+01
3.063000e-05	-1.366166e-02	-1.565322e+01
3.064000e-05	-1.396432e-02	-1.562527e+01
3.065000e-05	-1.433326e-02	-1.561585e+01
3.066000e-05	-1.426925e-02	-1.565535e+01
3.067000e-05	-1.454280e-02	-1.567732e+01
3.068000e-05	-1.718969e-02	-1.567585e+01
3.069000e-05	-1.598157e-02	-1.564530e+01
3.070000e-05	-1.462377e-02	-1.561530e+01
3.071000e-05	-1.409221e-02	-1.562519e+01
3.072000e-05	-1.522838e-02	-1.560174e+01
3.073000e-05	-1.591947e-02	-1.557369e+01
3.074000e-05	-1.633794e-02	-1.556361e+01
3.075000e-05	-1.684766e-02	-1.549058e+01
3.076000e-05	-1.847834e-02	-1.548740e+01
3.077000e-05	-1.805163e-02	-1.543582e+01
3.078000e-05	-1.659635e-02	-1.538263e+01
3.079000e-05	-1.642513e-02	-1.527101e+01
3.080000e-05	-1.742814e-02	-1.524627e+01
3.081000e-05	-1.875374e-02	-1.516161e+01
3.082000e-05	-1.768089e-02	-1.509905e+01
3.083000e-05	-1.728119e-02	-1.501439e+01
3.084000e-05	-1.859025e-02	-1.490948e+01
3.085000e-05	-1.896137e-02	-1.479535e+01
3.086000e-05	-1.893873e-02	-1.477316e+01
3.087000e-05	-1.835208e-02	-1.459587e+01
3.088000e-05	-1.924758e-02	-1.450106e+01
3.089000e-05	-2.035770e-02	-1.441619e+01
3.090000e-05	-1.987223e-02	-1.430002e+01
3.091000e-05	-1.903888e-02	-1.410211e+01
3.092000e-05	-1.978878e-02	-1.399585e+01
3.093000e-05	-1.991433e-02	-1.385850e+01
3.094000e-05	-2.002398e-02	-1.374213e+01
3.095000e-05	-1.863111e-02	-1.359466e+01
3.096000e-05	-2.064285e-02	-1.342742e+01
3.097000e-05	-1.939957e-02	-1.328948e+01
3.098000e-05	-1.843451e-02	-1.313218e+01
3.099000e-05	-1.726555e-02	-1.296476e+01
3.100000e-05	-1.813098e-02	-1.282589e+01
3.101000e-05	-1.699032e-02	-1.266783e+01
3.102000e-05	-1.549620e-02	-1.241850e+01
3.103000e-05	-1.529096e-02	-1.230255e+01
3.104000e-05	-1.575573e-02	-1.210011e+01
3.105000e-05	-1.642180e-02	-1.186161e+01
3.106000e-05	-1.389553e-02	-1.166947e+01
3.107000e-05	-1.295275e-02	-1.146050e+01
3.108000e-05	-1.301243e-02	-1.125747e+01
3.109000e-05	-1.318504e-02	-1.100740e+01
3.110000e-05	-1.171433e-02	-1.080742e+01
3.111000e-05	-1.196798e-02	-1.061940e+01
3.112000e-05	-1.215434e-02	-1.037547e+01
3.113000e-05	-1.221984e-02	-1.016479e+01
3.114000e-05	-1.066323e-02	-9.936236e+00
3.115000e-05	-1.008157e-02	-9.734788e+00
3.116000e-05	-1.045891e-02	-9.473206e+00
3.117000e-05	-1.160525e-02	-9.240507e+00
3.118000e-05	-1.002893e-02	-9.031001e+00
3.119000e-05	-9.182710e-03	-8.808449e+00
3.120000e-05	-9.128309e-03	-8.513720e+00
3.121000e-05	-1.031807e-02	-8.284708e+00
3.122000e-05	-8.577423e-03	-8.093676e+00
3.123000e-05	-7.805088e-03	-7.787947e+00
3.124000e-05	-7.481910e-03	-7.515109e+00
3.125000e-05	-9.202056e-03	-7.222048e+00
3.126000e-05	-8.716954e-03	-6.997847e+00
3.127000e-05	-7.599489e-03	-6.726311e+00
3.128000e-05	-7.834349e-03	-6.473135e+00
3.129000e-05	-8.839678e-03	-6.199024e+00
3.130000e-05	-7.032097e-03	-5.927291e+00
3.131000e-05	-6.840010e-03	-5.642055e+00
3.132000e-05	-5.998362e-03	-5.408942e+00
3.133000e-05	-7.975436e-03	-5.103658e+00
3.134000e-05	-6.006645e-03	-4.728867e+00
3.135000e-05	-5.833558e-03	-4.473655e+00
3.136000e-05	-5.908738e-03	-4.241629e+00
3.137000e-05	-8.133202e-03	-3.948970e+00
3.138000e-05	-5.874953e-03	-3.663533e+00
3.139000e-05	-7.007813e-03	-3.391049e+00
3.140000e-05	-5.682807e-03	-3.087338e+00
3.141000e-05	-7.243136e-03	-2.810650e+00
3.142000e-05	-4.492306e-03	-2.518389e+00
3.143000e-05	-4.373868e-03	-2.245727e+00
3.144000e-05	-3.915581e-03	-1.928395e+00
3.145000e-05	-5.775165e-03	-1.684759e+00
3.146000e-05	-6.165474e-03	-1.371147e+00
3.147000e-05	-5.817307e-03	-1.044606e+00
3.148000e-05	-5.672567e-03	-7.509696e-01
3.149000e-05	-4.341013e-03	-4.346817e-01
3.150000e-05	-3.375471e-03	-1.809977e-01
3.151000e-05	4.781499e-03	1.021355e-01
3.152000e-05	5.898383e-03	3.983721e-01
3.153000e-05	-1.663369e-03	6.590290e-01
3.154000e-05	8.865534e-04	9.016642e-01
3.155000e-05	-1.586231e-03	1.238901e+00
3.156000e-05	6.122285e-04	1.492086e+00
3.157000e-05	3.425773e-04	1.828972e+00
3.158000e-05	1.449136e-02	2.038476e+00
3.159000e-05	5.129097e-02	2.302059e+00
3.160000e-05	5.281307e-02	2.627854e+00
3.161000e-05	-6.222833e-02	2.986773e+00
3.162000e-05	-4.142545e-02	3.250555e+00
3.163000e-05	-2.573089e-02	3.524189e+00
3.164000e-05	-2.602054e-03	3.774795e+00
3.165000e-05	-5.579351e-02	3.968349e+00
3.166000e-05	2.011376e-03	4.246901e+00
3.167000e-05	8.652673e-02	4.484165e+00
3.168000e-05	-4.014839e-02	4.835848e+00
3.169000e-05	8.429871e-02	5.110503e+00
3.170000e-05	-4.822205e-02	5.416850e+00
3.171000e-05	-3.476600e-02	5.670060e+00
3.172000e-05	4.296212e-02	5.966718e+00
3.173000e-05	-3.100362e-02	6.207928e+00
3.174000e-05	3.036274e-02	6.460510e+00
3.175000e-05	-3.713320e-02	6.754222e+00
3.176000e-05	4.548648e-02	7.046926e+00
3.177000e-05	1.704812e-02	7.340613e+00
3.178000e-05	-4.295287e-02	7.585726e+00
3.179000e-05	-8.907450e-03	7.907435e+00
3.180000e-05	3.205353e-03	8.122168e+00
3.181000e-05	4.949381e-02	8.395345e+00
3.182000e-05	-3.238603e-02	8.616852e+00
3.183000e-05	-4.249873e-03	8.837355e+00
3.184000e-05	2.334502e-02	9.119958e+00
3.185000e-05	-9.889660e-03	9.352588e+00
3.186000e-05	2.517836e-03	9.562139e+00
3.187000e-05	-2.207782e-02	9.795246e+00
3.188000e-05	3.004909e-02	1.006695e+01
3.189000e-05	4.851359e-03	1.022785e+01
3.190000e-05	5.580146e-03	1.047846e+01
3.191000e-05	-1.484628e-02	1.066848e+01
3.192000e-05	4.608980e-04	1.091061e+01
3.193000e-05	1.600644e-02	1.110898e+01
3.194000e-05	-1.112815e-02	1.133009e+01
3.195000e-05	5.419557e-03	1.154107e+01
3.196000e-05	2.117392e-03	1.173216e+01
3.197000e-05	1.970560e-02	1.198064e+01
3.198000e-05	-9.158937e-03	1.215214e+01
3.199000e-05	-1.319721e-03	1.234049e+01
3.200000e-05	-4.472107e-04	1.251051e+01
3.201000e-05	9.773155e-03	1.267898e+01
3.202000e-05	2.895282e-03	1.282630e+01
3.203000e-05	-8.621010e-04	1.302675e+01
3.204000e-05	8.823158e-03	1.318264e+01
3.205000e-05	7.076739e-03	1.333214e+01
3.206000e-05	3.880842e-03	1.347693e+01
3.207000e-05	-5.687753e-03	1.362478e+01
3.208000e-05	5.611091e-03	1.382227e+01
3.209000e-05	6.551499e-03	1.390749e+01
3.210000e-05	3.594335e-03	1.405635e+01
3.211000e-05	2.049178e-04	1.419522e+01
3.212000e-05	6.422644e-03	1.434849e+01
3.213000e-05	9.882556e-03	1.444695e+01
3.214000e-05	1.544708e-03	1.457209e+01
3.215000e-05	1.306440e-03	1.468695e+01
3.216000e-05	5.508421e-03	1.478272e+01
3.217000e-05	9.544410e-03	1.484790e+01
3.218000e-05	3.614088e-03	1.491906e+01
3.219000e-05	1.957489e-03	1.498624e+01
3.220000e-05	6.475340e-03	1.514003e+01
3.221000e-05	7.806833e-03	1.517207e+01
3.222000e-05	5.505603e-03	1.523480e+01
3.223000e-05	1.893493e-03	1.529735e+01
3.224000e-05	8.566470e-03	1.539072e+01
3.225000e-05	8.685431e-03	1.543567e+01
3.226000e-05	6.833498e-03	1.545643e+01
3.227000e-05	2.460190e-03	1.546748e+01
3.228000e-05	6.203422e-03	1.553816e+01
3.229000e-05	1.048403e-02	1.557111e+01
3.230000e-05	6.991366e-03	1.556219e+01
3.231000e-05	6.470441e-03	1.559367e+01
3.232000e-05	6.260287e-03	1.558329e+01
3.233000e-05	1.122211e-02	1.561429e+01
3.234000e-05	7.009572e-03	1.561527e+01
3.235000e-05	6.271482e-03	1.560327e+01
3.236000e-05	6.112969e-03	1.559317e+01
3.237000e-05	1.112132e-02	1.555022e+01
3.238000e-05	9.593688e-03	1.556109e+01
3.239000e-05	7.118316e-03	1.549958e+01
3.240000e-05	8.833001e-03	1.549848e+01
3.241000e-05	1.004446e-02	1.546790e+01
3.242000e-05	1.124819e-02	1.536377e+01
3.243000e-05	7.909801e-03	1.535066e+01
3.244000e-05	9.449807e-03	1.528994e+01
3.245000e-05	1.155537e-02	1.520477e+01
3.246000e-05	1.059511e-02	1.516162e+01
3.247000e-05	7.926112e-03	1.509143e+01
3.248000e-05	8.167610e-03	1.498527e+01
3.249000e-05	1.105865e-02	1.493104e+01
3.250000e-05	9.878429e-03	1.482490e+01
3.251000e-05	1.143255e-02	1.473256e+01
3.252000e-05	1.015696e-02	1.465598e+01
3.253000e-05	1.390665e-02	1.452219e+01
3.254000e-05	1.144537e-02	1.442648e+01
3.255000e-05	1.155763e-02	1.429098e+01
3.256000e-05	1.063837e-02	1.421479e+01
3.257000e-05	1.283983e-02	1.405637e+01
3.258000e-05	1.163872e-02	1.390256e+01
3.259000e-05	1.150287e-02	1.374322e+01
3.260000e-05	1.024777e-02	1.360580e+01
3.261000e-05	1.186721e-02	1.344903e+01
3.262000e-05	1.076144e-02	1.333169e+01
3.263000e-05	1.034330e-02	1.316464e+01
3.264000e-05	1.015803e-02	1.302740e+01
3.265000e-05	1.169459e-02	1.286690e+01
3.266000e-05	9.217375e-03	1.270048e+01
3.267000e-05	7.673708e-03	1.252369e+01
3.268000e-05	6.212187e-03	1.234269e+01
3.269000e-05	6.071880e-03	1.217480e+01
3.270000e-05	6.466989e-03	1.196474e+01
3.271000e-05	5.304544e-03	1.174637e+01
3.272000e-05	5.128211e-03	1.157526e+01
3.273000e-05	6.542935e-03	1.131219e+01
3.274000e-05	5.220404e-03	1.113269e+01
3.275000e-05	4.479135e-03	1.091472e+01
3.276000e-05	3.078543e-03	1.070429e+01
3.277000e-05	2.866920e-03	1.049262e+01
3.278000e-05	3.471107e-03	1.028208e+01
3.279000e-05	1.151713e-03	1.010011e+01
3.280000e-05	1.421359e-03	9.838402e+00
3.281000e-05	3.911962e-04	9.567344e+00
3.282000e-05	2.087972e-03	9.327342e+00
3.283000e-05	7.725014e-04	9.134787e+00
3.284000e-05	5.358461e-04	8.910686e+00
3.285000e-05	1.741502e-03	8.651210e+00
3.286000e-05	1.312813e-03	8.410605e+00
3.287000e-05	7.288046e-04	8.167449e+00
3.288000e-05	-1.587822e-03	7.925712e+00
3.289000e-05	-2.195102e-03	7.702682e+00
3.290000e-05	-2.467149e-03	7.408503e+00
3.291000e-05	-2.852434e-03	7.114346e+00
3.292000e-05	-2.482568e-03	6.882663e+00
3.293000e-05	-3.069664e-04	6.601953e+00
3.294000e-05	1.059111e-03	6.346316e+00
3.295000e-05	-1.022083e-03	6.044237e+00
3.296000e-05	-2.717369e-03	5.791628e+00
3.297000e-05	-3.980582e-03	5.506367e+00
3.298000e-05	-4.565542e-03	5.283109e+00
3.299000e-05	-5.872876e-03	4.893736e+00
3.300000e-05	-3.912622e-03	4.632104e+00
3.301000e-05	-2.172739e-03	4.359420e+00
3.302000e-05	-1.272959e-03	4.084208e+00
3.303000e-05	-2.190884e-03	3.799552e+00
3.304000e-05	-3.940223e-03	3.518391e+00
3.305000e-05	-4.713185e-03	3.210680e+00
3.306000e-05	-4.800175e-03	2.937871e+00
3.307000e-05	-6.840816e-03	2.665318e+00
3.308000e-05	-5.458841e-03	2.348998e+00
3.309000e-05	-4.420867e-03	2.083815e+00
3.310000e-05	-2.946329e-03	1.832155e+00
3.311000e-05	-4.116290e-03	1.485815e+00
3.312000e-05	-4.532679e-03	1.202602e+00
3.313000e-05	-4.330565e-03	8.557606e-01
3.314000e-05	-4.639768e-03	5.800791e-01
3.315000e-05	-5.937109e-03	2.869461e-01
3.316000e-05	-4.365709e-03	-2.732342e-02
3.317000e-05	2.172704e-03	-2.519813e-01
3.318000e-05	2.771402e-03	-5.221377e-01
3.319000e-05	-3.043418e-03	-8.384222e-01
3.320000e-05	-1.758633e-03	-1.070981e+00
3.321000e-05	-2.626826e-03	-1.355789e+00
3.322000e-05	-2.127609e-03	-1.659450e+00
3.323000e-05	5.359543e-03	-1.871631e+00
3.324000e-05	4.736658e-02	-2.123634e+00
3.325000e-05	7.349365e-02	-2.456399e+00
3.326000e-05	-6.653764e-02	-2.825393e+00
3.327000e-05	-3.539804e-02	-3.196371e+00
3.328000e-05	-3.996049e-02	-3.480006e+00
3.329000e-05	-1.903654e-02	-3.731506e+00
3.330000e-05	-6.386970e-02	-3.996218e+00
3.331000e-05	9.921387e-02	-4.113711e+00
3.332000e-05	-1.471901e-02	-4.373164e+00
3.333000e-05	-3.308326e-02	-4.721526e+00
3.334000e-05	1.305258e-01	-4.932508e+00
3.335000e-05	-1.492986e-01	-5.247928e+00
3.336000e-05	7.086195e-02	-5.595291e+00
3.337000e-05	-7.804029e-02	-5.805345e+00
3.338000e-05	9.877594e-03	-6.102089e+00
3.339000e-05	5.879961e-02	-6.382115e+00
3.340000e-05	-8.379534e-02	-6.687402e+00
3.341000e-05	1.081770e-01	-6.920510e+00
3.342000e-05	-7.389098e-02	-7.232775e+00
3.343000e-05	5.786764e-03	-7.500508e+00
3.344000e-05	-1.409619e-02	-7.740564e+00
3.345000e-05	-2.826100e-02	-8.058447e+00
3.346000e-05	6.951225e-02	-8.258954e+00
3.347000e-05	-7.811973e-02	-8.510038e+00
3.348000e-05	6.861767e-02	-8.783271e+00
3.349000e-05	-5.135065e-02	-9.036243e+00
3.350000e-05	5.204344e-03	-9.287976e+00
3.351000e-05	-1.144729e-02	-9.508450e+00
3.352000e-05	-2.369701e-02	-9.721057e+00
3.353000e-05	4.124460e-02	-9.930004e+00
3.354000e-05	-3.817082e-02	-1.021271e+01
3.355000e-05	3.613948e-02	-1.040429e+01
3.356000e-05	-5.057315e-02	-1.060322e+01
3.357000e-05	2.540035e-02	-1.081680e+01
3.358000e-05	-3.675696e-02	-1.098529e+01
3.359000e-05	9.244053e-03	-1.126640e+01
3.360000e-05	-1.264891e-02	-1.145682e+01
3.361000e-05	4.330158e-03	-1.171893e+01
3.362000e-05	-9.601818e-04	-1.188940e+01
3.363000e-05	-1.680341e-02	-1.211906e+01
3.364000e-05	-2.279621e-04	-1.226933e+01
3.365000e-05	-2.221446e-02	-1.248630e+01
3.366000e-05	1.003953e-02	-1.262584e+01
3.367000e-05	-2.311830e-02	-1.285480e+01
3.368000e-05	8.443475e-03	-1.297162e+01
3.369000e-05	-1.893409e-02	-1.314256e+01
3.370000e-05	6.346920e-03	-1.329948e+01
3.371000e-05	-2.068898e-02	-1.348482e+01
3.372000e-05	-4.836168e-03	-1.358524e+01
3.373000e-05	-1.078107e-02	-1.373153e+01
3.374000e-05	-5.063157e-03	-1.390890e+01
3.375000e-05	-9.521589e-03	-1.403425e+01
3.376000e-05	-1.100908e-02	-1.413219e+01
3.377000e-05	-5.107518e-03	-1.426945e+01
3.378000e-05	-1.182426e-02	-1.444624e+01
3.379000e-05	-9.205500e-03	-1.455056e+01
3.380000e-05	-1.508972e-02	-1.462587e+01
3.381000e-05	-5.550287e-03	-1.475206e+01
3.382000e-05	-1.125226e-02	-1.483532e+01
3.383000e-05	-7.326162e-03	-1.492151e+01
3.384000e-05	-1.368689e-02	-1.500424e+01
3.385000e-05	-7.530692e-03	-1.511943e+01
3.386000e-05	-1.446703e-02	-1.520169e+01
3.387000e-05	-1.101408e-02	-1.524692e+01
3.388000e-05	-1.530557e-02	-1.531851e+01
3.389000e-05	-9.678158e-03	-1.540264e+01
3.390000e-05	-1.205369e-02	-1.545421e+01
3.391000e-05	-1.284123e-02	-1.547690e+01
3.392000e-05	-1.407130e-02	-1.549951e+01
3.393000e-05	-1.396668e-02	-1.557054e+01
3.394000e-05	-1.076401e-02	-1.559466e+01
3.395000e-05	-1.409750e-02	-1.559375e+01
3.396000e-05	-1.241731e-02	-1.563477e+01
3.397000e-05	-1.471029e-02	-1.562642e+01
3.398000e-05	-1.273403e-02	-1.569637e+01
3.399000e-05	-1.678283e-02	-1.563533e+01
3.400000e-05	-1.706010e-02	-1.563688e+01
3.401000e-05	-1.650683e-02	-1.562527e+01
3.402000e-05	-1.320474e-02	-1.564574e+01
3.403000e-05	-1.397944e-02	-1.563427e+01
3.404000e-05	-1.667558e-02	-1.558322e+01
3.405000e-05	-1.635477e-02	-1.555119e+01
3.406000e-05	-1.626943e-02	-1.554058e+01
3.407000e-05	-1.729349e-02	-1.548895e+01
3.408000e-05	-1.917078e-02	-1.543537e+01
3.409000e-05	-1.665832e-02	-1.539369e+01
3.410000e-05	-1.534909e-02	-1.533140e+01
3.411000e-05	-1.699064e-02	-1.524583e+01
3.412000e-05	-1.888923e-02	-1.519372e+01
3.413000e-05	-1.849805e-02	-1.511005e+01
3.414000e-05	-1.695757e-02	-1.505692e+01
3.415000e-05	-1.724395e-02	-1.492261e+01
3.416000e-05	-1.879793e-02	-1.482545e+01
3.417000e-05	-1.861576e-02	-1.478474e+01
3.418000e-05	-1.806864e-02	-1.466895e+01
3.419000e-05	-1.976237e-02	-1.457276e+01
3.420000e-05	-2.112598e-02	-1.442787e+01
3.421000e-05	-2.040028e-02	-1.435053e+01
3.422000e-05	-1.868439e-02	-1.422529e+01
3.423000e-05	-1.929893e-02	-1.404578e+01
3.424000e-05	-1.934031e-02	-1.395063e+01
3.425000e-05	-1.919573e-02	-1.378577e+01
3.426000e-05	-1.955460e-02	-1.364837e+01
3.427000e-05	-2.038189e-02	-1.353008e+01
3.428000e-05	-2.038929e-02	-1.332271e+01
3.429000e-05	-1.887667e-02	-1.318534e+01
3.430000e-05	-1.777249e-02	-1.303697e+01
3.431000e-05	-1.818384e-02	-1.289900e+01
3.432000e-05	-1.644074e-02	-1.271116e+01
3.433000e-05	-1.692716e-02	-1.255209e+01
3.434000e-05	-1.519493e-02	-1.238523e+01
3.435000e-05	-1.609986e-02	-1.218484e+01
3.436000e-05	-1.452893e-02	-1.197584e+01
3.437000e-05	-1.521562e-02	-1.178427e+01
3.438000e-05	-1.361842e-02	-1.155418e+01
3.439000e-05	-1.428212e-02	-1.133216e+01
3.440000e-05	-1.272388e-02	-1.107206e+01
3.441000e-05	-1.353595e-02	-1.092218e+01
3.442000e-05	-1.176856e-02	-1.070319e+01
3.443000e-05	-1.065695e-02	-1.048370e+01
3.444000e-05	-1.154866e-02	-1.024998e+01
3.445000e-05	-1.085669e-02	-1.000895e+01
3.446000e-05	-1.047006e-02	-9.799372e+00
3.447000e-05	-1.014248e-02	-9.638395e+00
3.448000e-05	-9.833527e-03	-9.384319e+00
3.449000e-05	-1.112530e-02	-9.133184e+00
3.450000e-05	-1.066678e-02	-8.892714e+00
3.451000e-05	-8.939910e-03	-8.630553e+00
3.452000e-05	-8.643061e-03	-8.387894e+00
3.453000e-05	-9.235984e-03	-8.187890e+00
3.454000e-05	-8.045522e-03	-7.954836e+00
3.455000e-05	-7.920657e-03	-7.609921e+00
3.456000e-05	-7.957146e-03	-7.367392e+00
3.457000e-05	-7.865037e-03	-7.133257e+00
3.458000e-05	-8.563911e-03	-6.839000e+00
3.459000e-05	-7.682132e-03	-6.607420e+00
3.460000e-05	-7.776147e-03	-6.266837e+00
3.461000e-05	-6.769099e-03	-6.062076e+00
3.462000e-05	-8.381929e-03	-5.758495e+00
3.463000e-05	-6.110346e-03	-5.506838e+00
3.464000e-05	-6.763833e-03	-5.198046e+00
3.465000e-05	-6.315707e-03	-4.895708e+00
3.466000e-05	-6.301033e-03	-4.498397e+00
3.467000e-05	-4.754157e-03	-4.326368e+00
3.468000e-05	-6.056890e-03	-4.072712e+00
3.469000e-05	-6.755556e-03	-3.809894e+00
3.470000e-05	-7.748220e-03	-3.517341e+00
3.471000e-05	-7.663494e-03	-3.242130e+00
3.472000e-05	-5.606598e-03	-2.917290e+00
3.473000e-05	-5.473741e-03	-2.643702e+00
3.474000e-05	-4.800235e-03	-2.370099e+00
3.475000e-05	-3.895028e-03	-2.092733e+00
3.476000e-05	-4.308098e-03	-1.801574e+00
3.477000e-05	-5.741659e-03	-1.486841e+00
3.478000e-05	-6.826027e-03	-1.160446e+00
3.479000e-05	-6.005547e-03	-8.647329e-01
3.480000e-05	-4.422660e-03	-6.109449e-01
3.481000e-05	-4.211058e-03	-3.163382e-01
3.482000e-05	-4.368982e-04	-6.270915e-02
3.483000e-05	7.324964e-03	2.831616e-01
3.484000e-05	-2.657972e-04	5.252920e-01
3.485000e-05	1.920051e-03	7.969010e-01
3.486000e-05	-2.014021e-03	1.072189e+00
3.487000e-05	1.697730e-03	1.356322e+00
3.488000e-05	-1.010319e-03	1.663035e+00
3.489000e-05	7.177793e-03	1.935720e+00
3.490000e-05	2.806783e-02	2.194822e+00
3.491000e-05	7.255615e-02	2.559605e+00
3.492000e-05	-2.130156e-02	2.829379e+00
3.493000e-05	-5.540874e-02	3.164718e+00
3.494000e-05	-3.568403e-02	3.367429e+00
3.495000e-05	-3.388452e-03	3.690981e+00
3.496000e-05	-3.098779e-02	3.903163e+00
3.497000e-05	-4.104986e-02	4.102664e+00
3.498000e-05	7.476334e-02	4.396325e+00
3.499000e-05	1.176630e-02	4.712582e+00
3.500000e-05	1.299443e-02	4.953240e+00
3.501000e-05	5.059115e-02	5.290933e+00
3.502000e-05	-9.740988e-02	5.585323e+00
3.503000e-05	4.750513e-02	5.848426e+00
3.504000e-05	-1.262490e-02	6.123613e+00
3.505000e-05	5.661331e-03	6.342270e+00
3.506000e-05	-1.977174e-03	6.677930e+00
3.507000e-05	-1.294632e-02	6.923613e+00
3.508000e-05	6.601893e-02	7.184296e+00
3.509000e-05	-4.725309e-02	7.540084e+00
3.510000e-05	-9.959644e-03	7.764166e+00
3.511000e-05	-1.530405e-02	8.046857e+00
3.512000e-05	4.702585e-02	8.272582e+00
3.513000e-05	1.957417e-03	8.512065e+00
3.514000e-05	-3.525571e-02	8.794691e+00
3.515000e-05	3.196951e-02	9.024248e+00
3.516000e-05	-6.669687e-03	9.216358e+00
3.517000e-05	7.421016e-03	9.448329e+00
3.518000e-05	-2.488435e-02	9.710464e+00
3.519000e-05	1.427948e-02	9.949663e+00
3.520000e-05	1.463633e-02	1.015322e+01
3.521000e-05	5.237733e-03	1.038222e+01
3.522000e-05	-6.383526e-03	1.060480e+01
3.523000e-05	-1.172650e-02	1.082377e+01
3.524000e-05	2.001018e-02	1.101480e+01
3.525000e-05	-4.493770e-03	1.119627e+01
3.526000e-05	2.246525e-03	1.147678e+01
3.527000e-05	-2.070255e-03	1.168740e+01
3.528000e-05	1.935843e-02	1.185838e+01
3.529000e-05	-1.034588e-03	1.207788e+01
3.530000e-05	-3.763938e-03	1.224740e+01
3.531000e-05	-3.549642e-03	1.247778e+01
3.532000e-05	7.555338e-03	1.256569e+01
3.533000e-05	6.161410e-03	1.277264e+01
3.534000e-05	-8.878730e-04	1.294114e+01
3.535000e-05	7.589966e-03	1.310893e+01
3.536000e-05	7.025187e-03	1.326947e+01
3.537000e-05	8.154827e-03	1.342525e+01
3.538000e-05	-6.816138e-03	1.359117e+01
3.539000e-05	3.392078e-03	1.375002e+01
3.540000e-05	3.422621e-03	1.383795e+01
3.541000e-05	7.256755e-03	1.402467e+01
3.542000e-05	-1.634104e-03	1.418059e+01
3.543000e-05	5.752071e-03	1.427726e+01
3.544000e-05	9.411620e-03	1.443530e+01
3.545000e-05	5.879901e-03	1.453999e+01
3.546000e-05	1.050237e-03	1.463477e+01
3.547000e-05	2.082581e-03	1.473271e+01
3.548000e-05	9.364399e-03	1.479529e+01
3.549000e-05	4.268963e-03	1.490893e+01
3.550000e-05	2.667475e-03	1.495317e+01
3.551000e-05	3.296573e-03	1.504688e+01
3.552000e-05	9.201501e-03	1.514316e+01
3.553000e-05	6.601382e-03	1.523362e+01
3.554000e-05	3.343485e-03	1.523793e+01
3.555000e-05	3.979069e-03	1.530151e+01
3.556000e-05	8.827485e-03	1.541527e+01
3.557000e-05	7.442776e-03	1.544628e+01
3.558000e-05	3.732420e-03	1.546587e+01
3.559000e-05	5.472562e-03	1.550903e+01
3.560000e-05	8.629093e-03	1.554159e+01
3.561000e-05	9.143890e-03	1.554066e+01
3.562000e-05	5.316251e-03	1.559419e+01
3.563000e-05	5.188964e-03	1.561372e+01
3.564000e-05	9.584480e-03	1.559522e+01
3.565000e-05	8.558469e-03	1.563529e+01
3.566000e-05	8.170890e-03	1.564282e+01
3.567000e-05	6.188456e-03	1.558322e+01
3.568000e-05	1.188927e-02	1.555317e+01
3.569000e-05	1.014433e-02	1.556059e+01
3.570000e-05	8.233207e-03	1.554961e+01
3.571000e-05	6.202294e-03	1.546858e+01
3.572000e-05	8.669175e-03	1.546898e+01
3.573000e-05	9.836862e-03	1.542480e+01
3.574000e-05	8.981411e-03	1.538427e+01
3.575000e-05	1.021591e-02	1.527953e+01
3.576000e-05	1.114459e-02	1.524588e+01
3.577000e-05	1.221937e-02	1.517417e+01
3.578000e-05	8.788770e-03	1.512111e+01
3.579000e-05	7.690623e-03	1.499690e+01
3.580000e-05	1.017930e-02	1.497214e+01
3.581000e-05	1.067889e-02	1.486896e+01
3.582000e-05	1.047558e-02	1.475374e+01
3.583000e-05	8.929345e-03	1.468005e+01
3.584000e-05	1.408964e-02	1.460272e+01
3.585000e-05	1.225404e-02	1.443888e+01
3.586000e-05	1.239710e-02	1.438314e+01
3.587000e-05	9.663601e-03	1.423730e+01
3.588000e-05	1.229972e-02	1.411306e+01
3.589000e-05	1.272568e-02	1.397369e+01
3.590000e-05	1.105323e-02	1.383632e+01
3.591000e-05	9.893004e-03	1.361746e+01
3.592000e-05	1.212801e-02	1.357309e+01
3.593000e-05	1.118352e-02	1.338579e+01
3.594000e-05	9.719072e-03	1.326835e+01
3.595000e-05	1.085286e-02	1.312105e+01
3.596000e-05	1.091962e-02	1.291169e+01
3.597000e-05	9.208123e-03	1.276469e+01
3.598000e-05	6.621777e-03	1.257474e+01
3.599000e-05	7.974314e-03	1.239680e+01
3.600000e-05	9.232721e-03	1.222948e+01
3.601000e-05	6.693603e-03	1.204840e+01
3.602000e-05	4.321897e-03	1.181853e+01
3.603000e-05	5.132792e-03	1.166753e+01
3.604000e-05	5.910885e-03	1.143808e+01
3.605000e-05	4.765616e-03	1.121735e+01
3.606000e-05	2.660117e-03	1.098740e+01
3.607000e-05	3.974380e-03	1.081594e+01
3.608000e-05	5.173773e-03	1.058790e+01
3.609000e-05	3.525858e-03	1.034632e+01
3.610000e-05	3.338540e-04	1.015577e+01
3.611000e-05	1.280982e-03	9.914664e+00
3.612000e-05	2.806737e-03	9.671092e+00
3.613000e-05	1.789047e-03	9.461507e+00
3.614000e-05	2.668533e-04	9.260132e+00
3.615000e-05	1.034710e-03	8.968473e+00
3.616000e-05	1.836874e-03	8.786415e+00
3.617000e-05	2.538318e-04	8.513767e+00
3.618000e-05	-9.391264e-04	8.282786e+00
3.619000e-05	-4.140500e-04	8.031056e+00
3.620000e-05	2.498073e-04	7.767921e+00
3.621000e-05	-1.832668e-03	7.536162e+00
3.622000e-05	-2.889049e-03	7.220030e+00
3.623000e-05	-1.912055e-03	6.938470e+00
3.624000e-05	-6.774058e-04	6.715864e+00
3.625000e-05	-1.905686e-03	6.432559e+00
3.626000e-05	-2.005427e-03	6.168424e+00
3.627000e-05	-2.304927e-03	5.937388e+00
3.628000e-05	-1.815819e-03	5.673107e+00
3.629000e-05	-3.762412e-03	5.369546e+00
3.630000e-05	-4.589281e-03	5.012084e+00
3.631000e-05	-3.387497e-03	4.707316e+00
3.632000e-05	-2.948499e-03	4.443179e+00
3.633000e-05	-3.576463e-03	4.180450e+00
3.634000e-05	-3.701899e-03	3.894837e+00
3.635000e-05	-3.290663e-03	3.652107e+00
3.636000e-05	-3.688016e-03	3.358889e+00
3.637000e-05	-3.874127e-03	3.034236e+00
3.638000e-05	-5.642052e-03	2.762151e+00
3.639000e-05	-5.217636e-03	2.505237e+00
3.640000e-05	-4.605505e-03	2.201052e+00
3.641000e-05	-4.396117e-03	1.888471e+00
3.642000e-05	-5.259594e-03	1.583708e+00
3.643000e-05	-4.758352e-03	1.307493e+00
3.644000e-05	-3.935360e-03	1.012654e+00
3.645000e-05	-3.820919e-03	7.169896e-01
3.646000e-05	-5.140542e-03	3.825555e-01
3.647000e-05	-3.897020e-03	1.275164e-01
3.648000e-05	-7.028543e-04	-1.857868e-01
3.649000e-05	6.429770e-03	-4.579721e-01
3.650000e-05	-4.476245e-03	-7.130602e-01
3.651000e-05	5.285803e-05	-9.952445e-01
3.652000e-05	-5.632458e-03	-1.237399e+00
3.653000e-05	-7.846394e-05	-1.544239e+00
3.654000e-05	-1.236641e-03	-1.806797e+00
3.655000e-05	2.297605e-02	-1.996476e+00
3.656000e-05	7.892849e-02	-2.311503e+00
3.657000e-05	-5.691017e-03	-2.626900e+00
3.658000e-05	-6.131199e-02	-3.047398e+00
3.659000e-05	-3.166656e-02	-3.394768e+00
3.660000e-05	-2.659292e-02	-3.585818e+00
3.661000e-05	-5.405050e-02	-3.837952e+00
3.662000e-05	8.640703e-03	-4.080981e+00
3.663000e-05	9.770743e-02	-4.228527e+00
3.664000e-05	-1.106842e-01	-4.572684e+00
3.665000e-05	1.587308e-01	-4.849321e+00
3.666000e-05	-6.854322e-02	-5.119533e+00
3.667000e-05	-4.107549e-02	-5.500450e+00
3.668000e-05	3.157984e-02	-5.722103e+00
3.669000e-05	-9.995707e-02	-5.994816e+00
3.670000e-05	1.231852e-01	-6.257499e+00
3.671000e-05	-8.318441e-02	-6.511136e+00
3.672000e-05	5.219750e-02	-6.807788e+00
3.673000e-05	1.958341e-02	-7.056429e+00
3.674000e-05	-7.549819e-02	-7.416220e+00
3.675000e-05	4.372101e-02	-7.614845e+00
3.676000e-05	-7.699018e-02	-7.940505e+00
3.677000e-05	7.982013e-02	-8.186765e+00
3.678000e-05	-4.058615e-02	-8.383793e+00
3.679000e-05	6.317638e-03	-8.658925e+00
3.680000e-05	2.419211e-02	-8.919034e+00
3.681000e-05	-6.153459e-02	-9.164639e+00
3.682000e-05	4.168701e-02	-9.374243e+00
3.683000e-05	-6.558211e-02	-9.626347e+00
3.684000e-05	5.598758e-02	-9.866322e+00
3.685000e-05	-3.563606e-02	-1.010788e+01
3.686000e-05	2.363179e-02	-1.030098e+01
3.687000e-05	-2.249643e-02	-1.053201e+01
3.688000e-05	-8.444929e-03	-1.073106e+01
3.689000e-05	1.379804e-03	-1.095118e+01
3.690000e-05	-2.684761e-02	-1.115351e+01
3.691000e-05	1.664542e-02	-1.138169e+01
3.692000e-05	-2.434306e-02	-1.159416e+01
3.693000e-05	2.374972e-02	-1.184414e+01
3.694000e-05	-3.229682e-02	-1.203427e+01
3.695000e-05	1.052929e-02	-1.224519e+01
3.696000e-05	-2.948849e-02	-1.239214e+01
3.697000e-05	7.983716e-03	-1.257264e+01
3.698000e-05	-1.788598e-02	-1.274905e+01
3.699000e-05	-9.128825e-05	-1.289003e+01
3.700000e-05	-7.585044e-03	-1.310635e+01
3.701000e-05	-5.847817e-03	-1.324382e+01
3.702000e-05	-4.101953e-03	-1.341469e+01
3.703000e-05	-1.869553e-02	-1.353961e+01
3.704000e-05	-1.772224e-03	-1.370890e+01
3.705000e-05	-1.703461e-02	-1.386519e+01
3.706000e-05	-1.219609e-04	-1.400314e+01
3.707000e-05	-1.741540e-02	-1.414996e+01
3.708000e-05	-1.449136e-03	-1.425487e+01
3.709000e-05	-1.251236e-02	-1.439161e+01
3.710000e-05	-5.320593e-03	-1.449688e+01
3.711000e-05	-1.468454e-02	-1.456374e+01
3.712000e-05	-7.697304e-03	-1.471901e+01
3.713000e-05	-1.073130e-02	-1.483469e+01
3.714000e-05	-9.677579e-03	-1.489748e+01
3.715000e-05	-1.233272e-02	-1.500369e+01
3.716000e-05	-1.034630e-02	-1.507540e+01
3.717000e-05	-9.872007e-03	-1.514213e+01
3.718000e-05	-1.183637e-02	-1.520627e+01
3.719000e-05	-1.146887e-02	-1.529741e+01
3.720000e-05	-1.311190e-02	-1.531956e+01
3.721000e-05	-1.013755e-02	-1.543522e+01
3.722000e-05	-1.469873e-02	-1.544627e+01
3.723000e-05	-1.245928e-02	-1.552841e+01
3.724000e-05	-1.545603e-02	-1.557110e+01
3.725000e-05	-1.089414e-02	-1.559211e+01
3.726000e-05	-1.325607e-02	-1.558425e+01
3.727000e-05	-1.234014e-02	-1.564326e+01
3.728000e-05	-1.333315e-02	-1.564574e+01
3.729000e-05	-1.353914e-02	-1.565482e+01
3.730000e-05	-1.623596e-02	-1.565635e+01
3.731000e-05	-1.742726e-02	-1.563790e+01
3.732000e-05	-1.668965e-02	-1.562782e+01
3.733000e-05	-1.474120e-02	-1.565529e+01
3.734000e-05	-1.382378e-02	-1.563427e+01
3.735000e-05	-1.489676e-02	-1.561377e+01
3.736000e-05	-1.613316e-02	-1.560266e+01
3.737000e-05	-1.504539e-02	-1.554153e+01
3.738000e-05	-1.600831e-02	-1.550000e+01
3.739000e-05	-1.834571e-02	-1.545635e+01
3.740000e-05	-1.836917e-02	-1.542575e+01
3.741000e-05	-1.602429e-02	-1.534306e+01
3.742000e-05	-1.481449e-02	-1.529698e+01
3.743000e-05	-1.801902e-02	-1.523427e+01
3.744000e-05	-1.838255e-02	-1.512166e+01
3.745000e-05	-1.742165e-02	-1.510900e+01
3.746000e-05	-1.780948e-02	-1.500332e+01
3.747000e-05	-1.892183e-02	-1.488756e+01
3.748000e-05	-2.038504e-02	-1.481579e+01
3.749000e-05	-1.739923e-02	-1.472208e+01
3.750000e-05	-1.844440e-02	-1.461582e+01
3.751000e-05	-1.976762e-02	-1.450053e+01
3.752000e-05	-2.100958e-02	-1.437481e+01
3.753000e-05	-1.909873e-02	-1.427693e+01
3.754000e-05	-1.779202e-02	-1.411051e+01
3.755000e-05	-2.083879e-02	-1.400419e+01
3.756000e-05	-2.071395e-02	-1.386797e+01
3.757000e-05	-2.019380e-02	-1.372093e+01
3.758000e-05	-1.820195e-02	-1.356426e+01
3.759000e-05	-2.041463e-02	-1.341787e+01
3.760000e-05	-1.911913e-02	-1.326848e+01
3.761000e-05	-1.756552e-02	-1.308156e+01
3.762000e-05	-1.584305e-02	-1.296466e+01
3.763000e-05	-1.785560e-02	-1.277421e+01
3.764000e-05	-1.820831e-02	-1.260742e+01
3.765000e-05	-1.799802e-02	-1.241797e+01
3.766000e-05	-1.580885e-02	-1.228000e+01
3.767000e-05	-1.554811e-02	-1.208253e+01
3.768000e-05	-1.512273e-02	-1.185855e+01
3.769000e-05	-1.367662e-02	-1.159738e+01
3.770000e-05	-1.207866e-02	-1.142787e+01
3.771000e-05	-1.205266e-02	-1.118524e+01
3.772000e-05	-1.298270e-02	-1.100479e+01
3.773000e-05	-1.317376e-02	-1.078632e+01
3.774000e-05	-1.232748e-02	-1.056685e+01
3.775000e-05	-1.170478e-02	-1.036329e+01
3.776000e-05	-1.158095e-02	-1.011364e+01
3.777000e-05	-1.132949e-02	-9.903757e+00
3.778000e-05	-9.676417e-03	-9.651633e+00
3.779000e-05	-9.834317e-03	-9.459603e+00
3.780000e-05	-1.051637e-02	-9.228973e+00
3.781000e-05	-1.010087e-02	-8.977922e+00
3.782000e-05	-9.487985e-03	-8.765333e+00
3.783000e-05	-9.141606e-03	-8.493211e+00
3.784000e-05	-9.043549e-03	-8.271576e+00
3.785000e-05	-9.009026e-03	-8.031504e+00
3.786000e-05	-7.413102e-03	-7.734342e+00
3.787000e-05	-6.993358e-03	-7.512656e+00
3.788000e-05	-7.997302e-03	-7.208972e+00
3.789000e-05	-7.682700e-03	-6.937764e+00
3.790000e-05	-8.053734e-03	-6.694153e+00
3.791000e-05	-6.738187e-03	-6.451499e+00
3.792000e-05	-8.276396e-03	-6.127820e+00
3.793000e-05	-6.392769e-03	-5.854663e+00
3.794000e-05	-9.047451e-03	-5.619976e+00
3.795000e-05	-7.397116e-03	-5.354316e+00
3.796000e-05	-6.849639e-03	-5.031554e+00
3.797000e-05	-6.719324e-03	-4.685232e+00
3.798000e-05	-6.182481e-03	-4.441603e+00
3.799000e-05	-5.125471e-03	-4.180074e+00
3.800000e-05	-6.433275e-03	-3.916813e+00
3.801000e-05	-6.294016e-03	-3.592024e+00
3.802000e-05	-8.110238e-03	-3.339444e+00
3.803000e-05	-5.995453e-03	-3.054181e+00
3.804000e-05	-6.323221e-03	-2.739417e+00
3.805000e-05	-4.645628e-03	-2.506211e+00
3.806000e-05	-4.918434e-03	-2.192021e+00
3.807000e-05	-3.669468e-03	-1.925836e+00
3.808000e-05	-5.188686e-03	-1.663604e+00
3.809000e-05	-5.579759e-03	-1.357212e+00
3.810000e-05	-6.492527e-03	-9.895988e-01
3.811000e-05	-5.947852e-03	-6.878859e-01
3.812000e-05	-3.718861e-03	-4.031001e-01
3.813000e-05	-2.417907e-03	-1.594136e-01
3.814000e-05	4.586376e-03	1.252169e-01
3.815000e-05	3.022083e-03	4.414800e-01
3.816000e-05	-8.501292e-04	6.825592e-01
3.817000e-05	-3.067011e-04	9.857471e-01
3.818000e-05	-1.168205e-03	1.241533e+00
3.819000e-05	-5.064764e-04	1.534245e+00
3.820000e-05	2.336697e-03	1.830079e+00
3.821000e-05	1.865347e-02	2.050034e+00
3.822000e-05	5.895318e-02	2.334237e+00
3.823000e-05	3.192501e-02	2.711085e+00
3.824000e-05	-6.757746e-02	2.986832e+00
3.825000e-05	-3.915762e-02	3.311604e+00
3.826000e-05	-1.920106e-02	3.606370e+00
3.827000e-05	-8.766618e-03	3.806877e+00
3.828000e-05	-5.913739e-02	4.016925e+00
3.829000e-05	2.588277e-02	4.259558e+00
3.830000e-05	7.423054e-02	4.574747e+00
3.831000e-05	-4.017801e-02	4.839002e+00
3.832000e-05	9.307373e-02	5.160118e+00
3.833000e-05	-7.835751e-02	5.460455e+00
3.834000e-05	-5.199990e-03	5.682690e+00
3.835000e-05	2.868193e-02	6.014797e+00
3.836000e-05	-2.645211e-02	6.267430e+00
3.837000e-05	2.970920e-02	6.531663e+00
3.838000e-05	-4.136407e-02	6.807452e+00
3.839000e-05	6.204624e-02	7.099558e+00
3.840000e-05	-7.166931e-03	7.374095e+00
3.841000e-05	-3.115985e-02	7.657407e+00
3.842000e-05	-1.185832e-02	7.942142e+00
3.843000e-05	1.481614e-02	8.214344e+00
3.844000e-05	3.842483e-02	8.467899e+00
3.845000e-05	-3.949016e-02	8.648904e+00
3.846000e-05	1.077185e-02	8.879556e+00
3.847000e-05	1.499210e-02	9.092637e+00
3.848000e-05	-4.711538e-03	9.344717e+00
3.849000e-05	-4.210161e-03	9.603722e+00
3.850000e-05	-1.180395e-02	9.827801e+00
3.851000e-05	2.821547e-02	1.004846e+01
3.852000e-05	2.983643e-03	1.024953e+01
3.853000e-05	2.671739e-03	1.053856e+01
3.854000e-05	-1.624909e-02	1.072353e+01
3.855000e-05	6.926333e-03	1.093311e+01
3.856000e-05	8.222011e-03	1.112151e+01
3.857000e-05	-7.395499e-03	1.135969e+01
3.858000e-05	4.271247e-03	1.159269e+01
3.859000e-05	7.105864e-03	1.177469e+01
3.860000e-05	1.401539e-02	1.199372e+01
3.861000e-05	-6.571810e-03	1.216172e+01
3.862000e-05	-1.212569e-03	1.235326e+01
3.863000e-05	1.837694e-03	1.253958e+01
3.864000e-05	8.045513e-03	1.267853e+01
3.865000e-05	6.415308e-04	1.285637e+01
3.866000e-05	2.924859e-04	1.305680e+01
3.867000e-05	9.188635e-03	1.323265e+01
3.868000e-05	7.178457e-03	1.334167e+01
3.869000e-05	1.560736e-03	1.348801e+01
3.870000e-05	-3.026542e-03	1.369835e+01
3.871000e-05	4.970179e-03	1.381175e+01
3.872000e-05	7.103644e-03	1.389911e+01
3.873000e-05	2.081808e-03	1.407746e+01
3.874000e-05	1.448325e-03	1.422375e+01
3.875000e-05	6.584322e-03	1.440211e+01
3.876000e-05	8.439353e-03	1.447701e+01
3.877000e-05	1.088744e-03	1.461166e+01
3.878000e-05	1.219343e-03	1.469950e+01
3.879000e-05	8.117151e-03	1.478222e+01
3.880000e-05	9.046769e-03	1.487693e+01
3.881000e-05	4.307563e-03	1.497164e+01
3.882000e-05	8.080112e-04	1.501530e+01
3.883000e-05	7.700050e-03	1.513948e+01
3.884000e-05	6.223721e-03	1.518216e+01
3.885000e-05	4.189305e-03	1.524382e+01
3.886000e-05	1.811644e-03	1.530798e+01
3.887000e-05	9.630721e-03	1.541164e+01
3.888000e-05	9.141239e-03	1.541429e+01
3.889000e-05	4.169664e-03	1.544432e+01
3.890000e-05	3.024745e-03	1.549651e+01
3.891000e-05	8.300193e-03	1.556209e+01
3.892000e-05	1.105662e-02	1.552064e+01
3.893000e-05	5.729849e-03	1.560211e+01
3.894000e-05	5.441295e-03	1.563269e+01
3.895000e-05	9.039403e-03	1.560321e+01
3.896000e-05	1.032062e-02	1.561529e+01
3.897000e-05	5.932882e-03	1.563327e+01
3.898000e-05	4.668919e-03	1.559427e+01
3.899000e-05	9.720069e-03	1.559372e+01
3.900000e-05	1.142551e-02	1.557217e+01
3.901000e-05	1.025899e-02	1.555066e+01
3.902000e-05	5.602397e-03	1.546900e+01
3.903000e-05	9.853331e-03	1.546848e+01
3.904000e-05	1.090599e-02	1.543584e+01
3.905000e-05	8.699164e-03	1.537217e+01
3.906000e-05	6.626317e-03	1.536111e+01
3.907000e-05	1.135417e-02	1.527551e+01
3.908000e-05	1.327216e-02	1.519527e+01
3.909000e-05	1.000426e-02	1.513157e+01
3.910000e-05	7.470021e-03	1.503890e+01
3.911000e-05	9.863279e-03	1.498374e+01
3.912000e-05	1.224320e-02	1.489148e+01
3.913000e-05	9.575985e-03	1.483637e+01
3.914000e-05	9.495111e-03	1.474059e+01
3.915000e-05	1.184797e-02	1.461592e+01
3.916000e-05	1.391026e-02	1.448958e+01
3.917000e-05	1.067044e-02	1.440582e+01
3.918000e-05	9.643314e-03	1.428898e+01
3.919000e-05	1.224688e-02	1.414271e+01
3.920000e-05	1.451707e-02	1.401580e+01
3.921000e-05	1.204887e-02	1.386960e+01
3.922000e-05	1.073989e-02	1.372174e+01
3.923000e-05	1.092235e-02	1.357429e+01
3.924000e-05	1.119419e-02	1.344745e+01
3.925000e-05	9.905789e-03	1.329211e+01
3.926000e-05	9.557548e-03	1.316266e+01
3.927000e-05	9.966011e-03	1.298437e+01
3.928000e-05	1.230106e-02	1.282480e+01
3.929000e-05	9.676679e-03	1.264900e+01
3.930000e-05	8.213903e-03	1.249113e+01
3.931000e-05	6.351315e-03	1.228203e+01
3.932000e-05	6.702048e-03	1.210269e+01
3.933000e-05	5.516251e-03	1.191368e+01
3.934000e-05	5.775919e-03	1.171372e+01
3.935000e-05	5.146617e-03	1.152013e+01
3.936000e-05	5.449130e-03	1.128063e+01
3.937000e-05	4.546641e-03	1.109111e+01
3.938000e-05	3.557822e-03	1.091119e+01
3.939000e-05	3.276422e-03	1.066011e+01
3.940000e-05	3.068277e-03	1.045901e+01
3.941000e-05	2.686688e-03	1.023953e+01
3.942000e-05	1.900915e-03	9.996577e+00
3.943000e-05	1.214983e-03	9.805799e+00
3.944000e-05	2.080786e-03	9.555795e+00
3.945000e-05	6.502116e-05	9.314791e+00
3.946000e-05	3.764714e-04	9.092658e+00
3.947000e-05	-1.105659e-04	8.839658e+00
3.948000e-05	1.132014e-03	8.658480e+00
3.949000e-05	6.950243e-04	8.397478e+00
3.950000e-05	8.938843e-04	8.155841e+00
3.951000e-05	-1.841462e-03	7.893112e+00
3.952000e-05	-1.802043e-03	7.632148e+00
3.953000e-05	-1.736589e-03	7.365441e+00
3.954000e-05	-2.153738e-03	7.072236e+00
3.955000e-05	-2.928081e-03	6.850155e+00
3.956000e-05	-2.114928e-03	6.558394e+00
3.957000e-05	-1.301603e-03	6.303762e+00
3.958000e-05	-2.236927e-03	6.032132e+00
3.959000e-05	-2.606727e-03	5.786446e+00
3.960000e-05	-3.168756e-03	5.514714e+00
3.961000e-05	-2.490848e-03	5.188024e+00
3.962000e-05	-3.663484e-03	4.821630e+00
3.963000e-05	-3.936956e-03	4.568922e+00
3.964000e-05	-4.293872e-03	4.314338e+00
3.965000e-05	-3.934726e-03	3.971078e+00
3.966000e-05	-4.345760e-03	3.737396e+00
3.967000e-05	-4.399942e-03	3.434359e+00
3.968000e-05	-4.095403e-03	3.149470e+00
3.969000e-05	-3.820128e-03	2.903765e+00
3.970000e-05	-4.406691e-03	2.632158e+00
3.971000e-05	-4.905936e-03	2.286413e+00
3.972000e-05	-4.607270e-03	2.042658e+00
3.973000e-05	-3.932030e-03	1.757946e+00
3.974000e-05	-4.326199e-03	1.455286e+00
3.975000e-05	-5.071978e-03	1.118448e+00
3.976000e-05	-5.461620e-03	8.117054e-01
3.977000e-05	-4.141846e-03	5.273926e-01
3.978000e-05	-4.006109e-03	2.863092e-01
3.979000e-05	-2.438090e-03	-4.895626e-02
3.980000e-05	4.444949e-03	-2.841644e-01
3.981000e-05	8.801890e-04	-5.957394e-01
3.982000e-05	-1.195240e-03	-8.515288e-01
3.983000e-05	-4.491178e-03	-1.123638e+00
3.984000e-05	-1.805395e-03	-1.467952e+00
3.985000e-05	-3.669357e-03	-1.692008e+00
3.986000e-05	9.480071e-03	-1.923161e+00
3.987000e-05	5.818866e-02	-2.184217e+00
3.988000e-05	5.891244e-02	-2.501532e+00
3.989000e-05	-7.556513e-02	-2.858930e+00
3.990000e-05	-2.988199e-02	-3.260950e+00
3.991000e-05	-3.914166e-02	-3.491087e+00
3.992000e-05	-2.537995e-02	-3.752192e+00
3.993000e-05	-5.444542e-02	-4.039346e+00
3.994000e-05	1.203035e-01	-4.164787e+00
3.995000e-05	-6.033867e-02	-4.426376e+00
3.996000e-05	2.827866e-02	-4.742663e+00
3.997000e-05	8.060400e-02	-4.974812e+00
3.998000e-05	-1.408348e-01	-5.361660e+00
3.999000e-05	8.510636e-02	-5.614895e+00
4.000000e-05	-1.052463e-01	-5.870480e+00
4.001000e-05	5.947804e-02	-6.183639e+00
4.002000e-05	1.336370e-02	-6.404714e+00
4.003000e-05	-5.186545e-02	-6.711007e+00
4.004000e-05	1.014377e-01	-6.943713e+00
4.005000e-05	-9.496185e-02	-7.256400e+00
4.006000e-05	3.100083e-02	-7.552110e+00
4.007000e-05	-4.336044e-02	-7.804196e+00
4.008000e-05	8.585608e-03	-8.080528e+00
4.009000e-05	4.180499e-02	-8.290057e+00
4.010000e-05	-6.721806e-02	-8.595170e+00
4.011000e-05	7.141988e-02	-8.846771e+00
4.012000e-05	-6.854837e-02	-9.077425e+00
4.013000e-05	2.857223e-02	-9.321033e+00
4.014000e-05	-3.756525e-02	-9.508880e+00
4.015000e-05	4.012788e-03	-9.794663e+00
4.016000e-05	1.833157e-02	-9.963187e+00
4.017000e-05	-2.345410e-02	-1.018630e+01
4.018000e-05	2.406774e-02	-1.042425e+01
4.019000e-05	-4.610829e-02	-1.065835e+01
4.020000e-05	2.792235e-02	-1.086790e+01
4.021000e-05	-4.185705e-02	-1.110743e+01
4.022000e-05	1.878025e-02	-1.127750e+01
4.023000e-05	-2.206050e-02	-1.151798e+01
4.024000e-05	1.607145e-02	-1.173846e+01
4.025000e-05	-1.488305e-02	-1.196145e+01
4.026000e-05	-7.244110e-03	-1.212156e+01
4.027000e-05	-1.111352e-02	-1.229950e+01
4.028000e-05	-1.245312e-02	-1.250885e+01
4.029000e-05	3.129989e-03	-1.268740e+01
4.030000e-05	-1.954648e-02	-1.282727e+01
4.031000e-05	6.517676e-03	-1.298522e+01
4.032000e-05	-1.638934e-02	-1.316108e+01
4.033000e-05	7.209547e-03	-1.331843e+01
4.034000e-05	-2.504832e-02	-1.350785e+01
4.035000e-05	-2.599319e-03	-1.365679e+01
4.036000e-05	-1.447033e-02	-1.379161e+01
4.037000e-05	-5.599141e-04	-1.395054e+01
4.038000e-05	-1.293627e-02	-1.410637e+01
4.039000e-05	-7.895721e-03	-1.424324e+01
4.040000e-05	-7.230009e-03	-1.433005e+01
4.041000e-05	-8.975966e-03	-1.447485e+01
4.042000e-05	-1.191138e-02	-1.456016e+01
4.043000e-05	-1.422541e-02	-1.462940e+01
4.044000e-05	-5.529253e-03	-1.479221e+01
4.045000e-05	-9.935733e-03	-1.486682e+01
4.046000e-05	-9.012769e-03	-1.493101e+01
4.047000e-05	-1.455347e-02	-1.502387e+01
4.048000e-05	-8.119941e-03	-1.514905e+01
4.049000e-05	-1.249736e-02	-1.523421e+01
4.050000e-05	-1.060408e-02	-1.525735e+01
4.051000e-05	-1.523192e-02	-1.531948e+01
4.052000e-05	-8.517068e-03	-1.537216e+01
4.053000e-05	-1.197559e-02	-1.541572e+01
4.054000e-05	-1.197577e-02	-1.548838e+01
4.055000e-05	-1.577476e-02	-1.554111e+01
4.056000e-05	-1.325367e-02	-1.556111e+01
4.057000e-05	-1.151448e-02	-1.559414e+01
4.058000e-05	-1.398848e-02	-1.563374e+01
4.059000e-05	-1.323331e-02	-1.562432e+01
4.060000e-05	-1.391601e-02	-1.565525e+01
4.061000e-05	-1.306308e-02	-1.567637e+01
4.062000e-05	-1.626600e-02	-1.568527e+01
4.063000e-05	-1.703632e-02	-1.564687e+01
4.064000e-05	-1.538329e-02	-1.562637e+01
4.065000e-05	-1.326676e-02	-1.564472e+01
4.066000e-05	-1.476802e-02	-1.558372e+01
4.067000e-05	-1.662034e-02	-1.559266e+01
4.068000e-05	-1.730945e-02	-1.556166e+01
4.069000e-05	-1.601822e-02	-1.553903e+01
4.070000e-05	-1.753296e-02	-1.546838e+01
4.071000e-05	-1.779744e-02	-1.541532e+01
4.072000e-05	-1.716608e-02	-1.535369e+01
4.073000e-05	-1.528437e-02	-1.529106e+01
4.074000e-05	-1.696900e-02	-1.525734e+01
4.075000e-05	-1.937457e-02	-1.517268e+01
4.076000e-05	-1.951105e-02	-1.509058e+01
4.077000e-05	-1.873405e-02	-1.505524e+01
4.078000e-05	-1.720181e-02	-1.494206e+01
4.079000e-05	-1.934784e-02	-1.482640e+01
4.080000e-05	-1.829872e-02	-1.475213e+01
4.081000e-05	-1.863290e-02	-1.466890e+01
4.082000e-05	-1.931516e-02	-1.453216e+01
4.083000e-05	-1.998980e-02	-1.441627e+01
4.084000e-05	-2.071070e-02	-1.432963e+01
4.085000e-05	-2.040720e-02	-1.421421e+01
4.086000e-05	-2.029613e-02	-1.402735e+01
4.087000e-05	-1.947771e-02	-1.391056e+01
4.088000e-05	-2.041697e-02	-1.376374e+01
4.089000e-05	-1.988201e-02	-1.366632e+01
4.090000e-05	-2.020645e-02	-1.345805e+01
4.091000e-05	-1.945460e-02	-1.330159e+01
4.092000e-05	-1.981408e-02	-1.317471e+01
4.093000e-05	-1.686945e-02	-1.302884e+01
4.094000e-05	-1.778588e-02	-1.283790e+01
4.095000e-05	-1.688644e-02	-1.268203e+01
4.096000e-05	-1.761794e-02	-1.250106e+01
4.097000e-05	-1.547284e-02	-1.234368e+01
4.098000e-05	-1.521514e-02	-1.213476e+01
4.099000e-05	-1.520678e-02	-1.199276e+01
4.100000e-05	-1.459953e-02	-1.171159e+01
4.101000e-05	-1.372771e-02	-1.150263e+01
4.102000e-05	-1.296621e-02	-1.130103e+01
4.103000e-05	-1.278613e-02	-1.104005e+01
4.104000e-05	-1.271689e-02	-1.086103e+01
4.105000e-05	-1.288535e-02	-1.065113e+01
4.106000e-05	-1.206451e-02	-1.051056e+01
4.107000e-05	-1.064816e-02	-1.021797e+01
4.108000e-05	-1.063158e-02	-1.000694e+01
4.109000e-05	-1.113112e-02	-9.757847e+00
4.110000e-05	-1.059506e-02	-9.554762e+00
4.111000e-05	-9.221818e-03	-9.342215e+00
4.112000e-05	-9.042764e-03	-9.044108e+00
4.113000e-05	-1.003554e-02	-8.902078e+00
4.114000e-05	-9.558984e-03	-8.648950e+00
4.115000e-05	-8.816872e-03	-8.365367e+00
4.116000e-05	-8.235437e-03	-8.125242e+00
4.117000e-05	-8.807104e-03	-7.863126e+00
4.118000e-05	-8.860874e-03	-7.596867e+00
4.119000e-05	-7.713545e-03	-7.314261e+00
4.120000e-05	-6.713044e-03	-7.051054e+00
4.121000e-05	-7.996885e-03	-6.759016e+00
4.122000e-05	-7.748118e-03	-6.535790e+00
4.123000e-05	-7.615615e-03	-6.291080e+00
4.124000e-05	-6.071121e-03	-5.979926e+00
4.125000e-05	-8.546216e-03	-5.725861e+00
4.126000e-05	-6.401088e-03	-5.493054e+00
4.127000e-05	-7.358096e-03	-5.107937e+00
4.128000e-05	-6.149446e-03	-4.829123e+00
4.129000e-05	-6.892979e-03	-4.536362e+00
4.130000e-05	-5.840311e-03	-4.314836e+00
4.131000e-05	-6.725622e-03	-4.032154e+00
4.132000e-05	-5.571144e-03	-3.759413e+00
4.133000e-05	-7.539722e-03	-3.494684e+00
4.134000e-05	-6.927666e-03	-3.210999e+00
4.135000e-05	-6.655355e-03	-2.863708e+00
4.136000e-05	-4.355545e-03	-2.620077e+00
4.137000e-05	-5.487147e-03	-2.318392e+00
4.138000e-05	-4.497038e-03	-2.002554e+00
4.139000e-05	-5.421508e-03	-1.728390e+00
4.140000e-05	-4.447589e-03	-1.485257e+00
4.141000e-05	-5.734153e-03	-1.137213e+00
4.142000e-05	-6.118812e-03	-8.436541e-01
4.143000e-05	-4.132540e-03	-5.074136e-01
4.144000e-05	-4.310897e-03	-2.536816e-01
4.145000e-05	7.940991e-04	4.840106e-02
4.146000e-05	6.255555e-03	3.146870e-01
4.147000e-05	-1.748822e-03	5.878222e-01
4.148000e-05	2.030063e-03	8.094526e-01
4.149000e-05	-2.601748e-03	1.156241e+00
4.150000e-05	1.469058e-03	1.407876e+00
4.151000e-05	-6.250088e-04	1.773719e+00
4.152000e-05	1.025432e-02	1.995343e+00
4.153000e-05	3.746971e-02	2.216900e+00
4.154000e-05	6.851622e-02	2.533640e+00
4.155000e-05	-4.137822e-02	2.941511e+00
4.156000e-05	-4.886484e-02	3.196271e+00
4.157000e-05	-3.352583e-02	3.459003e+00
4.158000e-05	2.148715e-04	3.723666e+00
4.159000e-05	-4.297551e-02	3.955217e+00
4.160000e-05	-2.521786e-02	4.183766e+00
4.161000e-05	8.511344e-02	4.440879e+00
4.162000e-05	-1.287712e-02	4.743091e+00
4.163000e-05	4.356385e-02	5.024322e+00
4.164000e-05	1.172986e-02	5.373166e+00
4.165000e-05	-7.819792e-02	5.608350e+00
4.166000e-05	5.256280e-02	5.919008e+00
4.167000e-05	-2.442631e-02	6.186268e+00
4.168000e-05	1.727364e-02	6.445796e+00
4.169000e-05	-1.884670e-02	6.740010e+00
4.170000e-05	1.123934e-02	6.994248e+00
4.171000e-05	5.024896e-02	7.238851e+00
4.172000e-05	-5.032650e-02	7.570112e+00
4.173000e-05	-7.159867e-03	7.816345e+00
4.174000e-05	-9.056252e-03	8.108008e+00
4.175000e-05	5.202240e-02	8.332615e+00
4.176000e-05	-1.437215e-02	8.523688e+00
4.177000e-05	-2.534704e-02	8.786715e+00
4.178000e-05	3.246684e-02	9.026349e+00
4.179000e-05	-9.819006e-03	9.257933e+00
4.180000e-05	7.753920e-03	9.519958e+00
4.181000e-05	-2.726049e-02	9.750664e+00
4.182000e-05	2.370015e-02	9.981167e+00
4.183000e-05	1.059541e-02	1.020527e+01
4.184000e-05	6.749782e-03	1.043522e+01
4.185000e-05	-1.068711e-02	1.062630e+01
4.186000e-05	-7.295182e-03	1.087833e+01
4.187000e-05	2.011670e-02	1.105747e+01
4.188000e-05	-8.979174e-03	1.126588e+01
4.189000e-05	3.255108e-03	1.153796e+01
4.190000e-05	-1.930591e-03	1.168853e+01
4.191000e-05	2.211048e-02	1.192853e+01
4.192000e-05	-4.856905e-03	1.209998e+01
4.193000e-05	-2.496193e-03	1.225841e+01
4.194000e-05	-2.282433e-03	1.247835e+01
4.195000e-05	9.783280e-03	1.263480e+01
4.196000e-05	5.400917e-03	1.281320e+01
4.197000e-05	-3.853914e-03	1.298111e+01
4.198000e-05	7.458306e-03	1.314161e+01
4.199000e-05	8.983479e-03	1.330899e+01
4.200000e-05	8.710381e-03	1.345680e+01
4.201000e-05	-8.340686e-03	1.360319e+01
4.202000e-05	2.878970e-03	1.377061e+01
4.203000e-05	5.946413e-03	1.390750e+01
4.204000e-05	6.908449e-03	1.405227e+01
4.205000e-05	-1.759143e-03	1.418062e+01
4.206000e-05	4.412615e-03	1.428896e+01
4.207000e-05	1.111441e-02	1.442484e+01
4.208000e-05	3.887986e-03	1.453008e+01
4.209000e-05	2.973449e-04	1.467585e+01
4.210000e-05	1.737975e-03	1.474114e+01
4.211000e-05	1.017109e-02	1.483530e+01
4.212000e-05	4.322292e-03	1.491208e+01
4.213000e-05	2.431154e-03	1.498317e+01
4.214000e-05	5.038833e-03	1.506638e+01
4.215000e-05	1.002982e-02	1.515164e+01
4.216000e-05	5.951152e-03	1.520325e+01
4.217000e-05	2.482958e-04	1.528735e+01
4.218000e-05	4.964310e-03	1.536148e+01
4.219000e-05	8.551801e-03	1.543112e+01
4.220000e-05	7.982565e-03	1.540580e+01
4.221000e-05	3.076795e-03	1.548643e+01
4.222000e-05	6.577161e-03	1.552848e+01
4.223000e-05	9.740733e-03	1.554061e+01
4.224000e-05	9.051673e-03	1.560161e+01
4.225000e-05	4.860933e-03	1.559269e+01
4.226000e-05	4.270127e-03	1.562522e+01
4.227000e-05	9.016675e-03	1.561324e+01
4.228000e-05	8.020732e-03	1.564469e+01
4.229000e-05	8.074355e-03	1.561374e+01
4.230000e-05	7.019879e-03	1.562274e+01
4.231000e-05	1.156149e-02	1.554222e+01
4.232000e-05	1.084995e-02	1.554114e+01
4.233000e-05	7.733329e-03	1.547948e+01
4.234000e-05	5.783909e-03	1.549858e+01
4.235000e-05	9.543960e-03	1.546690e+01
4.236000e-05	1.119503e-02	1.539374e+01
4.237000e-05	8.643739e-03	1.537164e+01
4.238000e-05	9.917544e-03	1.529896e+01
4.239000e-05	9.895079e-03	1.522480e+01
4.240000e-05	1.172436e-02	1.517269e+01
4.241000e-05	8.232659e-03	1.510051e+01
4.242000e-05	9.655589e-03	1.499632e+01
4.243000e-05	1.043331e-02	1.490159e+01
4.244000e-05	1.111575e-02	1.485685e+01
4.245000e-05	1.158485e-02	1.476221e+01
4.246000e-05	1.007259e-02	1.469897e+01
4.247000e-05	1.307995e-02	1.456426e+01
4.248000e-05	1.073800e-02	1.441735e+01
4.249000e-05	1.186896e-02	1.432158e+01
4.250000e-05	1.057597e-02	1.419634e+01
4.251000e-05	1.292962e-02	1.407845e+01
4.252000e-05	1.161482e-02	1.393171e+01
4.253000e-05	1.149795e-02	1.380632e+01
4.254000e-05	1.135598e-02	1.362695e+01
4.255000e-05	1.100621e-02	1.350206e+01
4.256000e-05	1.152324e-02	1.335272e+01
4.257000e-05	1.077835e-02	1.321535e+01
4.258000e-05	9.560901e-03	1.306755e+01
4.259000e-05	9.755854e-03	1.286101e+01
4.260000e-05	9.881898e-03	1.275363e+01
4.261000e-05	7.751574e-03	1.255382e+01
4.262000e-05	6.911257e-03	1.239677e+01
4.263000e-05	6.155150e-03	1.221738e+01
4.264000e-05	7.095668e-03	1.202638e+01
4.265000e-05	6.253152e-03	1.178537e+01
4.266000e-05	5.630877e-03	1.163792e+01
4.267000e-05	4.888990e-03	1.139587e+01
4.268000e-05	4.922583e-03	1.118732e+01
4.269000e-05	3.620948e-03	1.094542e+01
4.270000e-05	2.297531e-03	1.079689e+01
4.271000e-05	2.644151e-03	1.050437e+01
4.272000e-05	2.948965e-03	1.035519e+01
4.273000e-05	3.073496e-03	1.012421e+01
4.274000e-05	2.199068e-03	9.872107e+00
4.275000e-05	1.929802e-03	9.630053e+00
4.276000e-05	1.986604e-03	9.417983e+00
4.277000e-05	-6.579860e-04	9.226001e+00
4.278000e-05	-2.491470e-04	8.925299e+00
4.279000e-05	-6.589950e-04	8.735712e+00
4.280000e-05	4.671688e-04	8.513164e+00
4.281000e-05	3.605419e-04	8.262654e+00
4.282000e-05	-3.087676e-04	7.988397e+00
4.283000e-05	-5.820251e-04	7.706266e+00
4.284000e-05	-7.419186e-04	7.462131e+00
4.285000e-05	-7.296905e-04	7.199347e+00
4.286000e-05	-2.791164e-03	6.917838e+00
4.287000e-05	-2.229879e-03	6.742207e+00
4.288000e-05	-2.718975e-03	6.428923e+00
4.289000e-05	-1.798492e-03	6.147365e+00
4.290000e-05	-2.967263e-03	5.864758e+00
4.291000e-05	-2.417321e-03	5.610025e+00
4.292000e-05	-2.971137e-03	5.337892e+00
4.293000e-05	-2.368604e-03	4.947920e+00
4.294000e-05	-3.450062e-03	4.706211e+00
4.295000e-05	-4.354818e-03	4.431030e+00
4.296000e-05	-4.421414e-03	4.116339e+00
4.297000e-05	-3.885393e-03	3.852656e+00
4.298000e-05	-4.011683e-03	3.561525e+00
4.299000e-05	-3.510308e-03	3.334166e+00
4.300000e-05	-3.237693e-03	3.030078e+00
4.301000e-05	-3.830453e-03	2.718969e+00
4.302000e-05	-4.538238e-03	2.421652e+00
4.303000e-05	-5.046404e-03	2.128517e+00
4.304000e-05	-4.651238e-03	1.874364e+00
4.305000e-05	-5.525215e-03	1.621079e+00
4.306000e-05	-5.374605e-03	1.306338e+00
4.307000e-05	-5.022202e-03	9.599449e-01
4.308000e-05	-3.399338e-03	6.542630e-01
4.309000e-05	-3.561270e-03	3.511038e-01
4.310000e-05	-3.100123e-03	6.686185e-02
4.311000e-05	1.093269e-03	-2.077934e-01
4.312000e-05	5.000826e-03	-4.705250e-01
4.313000e-05	-4.566322e-03	-7.277933e-01
4.314000e-05	-1.693010e-04	-1.017872e+00
4.315000e-05	-5.740439e-03	-1.281056e+00
4.316000e-05	-1.412993e-03	-1.568773e+00
4.317000e-05	1.031714e-03	-1.829499e+00
4.318000e-05	3.219593e-02	-2.039531e+00
4.319000e-05	8.172515e-02	-2.314185e+00
4.320000e-05	-3.418467e-02	-2.710533e+00
4.321000e-05	-4.985788e-02	-3.141510e+00
4.322000e-05	-3.554488e-02	-3.397371e+00
4.323000e-05	-2.149842e-02	-3.628922e+00
4.324000e-05	-6.233220e-02	-3.883034e+00
4.325000e-05	4.609621e-02	-4.112107e+00
4.326000e-05	5.811140e-02	-4.281605e+00
4.327000e-05	-9.121611e-02	-4.626273e+00
4.328000e-05	1.611118e-01	-4.849930e+00
4.329000e-05	-1.170702e-01	-5.182685e+00
4.330000e-05	9.394877e-03	-5.513157e+00
4.331000e-05	-1.205437e-02	-5.722634e+00
4.332000e-05	-6.352117e-02	-6.058979e+00
4.333000e-05	1.094034e-01	-6.298555e+00
4.334000e-05	-9.665369e-02	-6.574691e+00
4.335000e-05	8.508654e-02	-6.858477e+00
4.336000e-05	-2.195420e-02	-7.131655e+00
4.337000e-05	-4.672319e-02	-7.457420e+00
4.338000e-05	2.481561e-02	-7.678949e+00
4.339000e-05	-6.625828e-02	-7.983217e+00
4.340000e-05	8.709462e-02	-8.226242e+00
4.341000e-05	-6.467815e-02	-8.447422e+00
4.342000e-05	3.749416e-02	-8.772056e+00
4.343000e-05	-7.543110e-03	-8.952114e+00
4.344000e-05	-3.792144e-02	-9.207745e+00
4.345000e-05	2.468083e-02	-9.413795e+00
4.346000e-05	-5.545025e-02	-9.669456e+00
4.347000e-05	5.767166e-02	-9.857903e+00
4.348000e-05	-4.454046e-02	-1.013790e+01
4.349000e-05	3.329415e-02	-1.038108e+01
4.350000e-05	-3.929705e-02	-1.057161e+01
4.351000e-05	8.143642e-03	-1.076222e+01
4.352000e-05	-1.547654e-02	-1.098119e+01
4.353000e-05	-1.204166e-02	-1.120429e+01
4.354000e-05	7.521040e-03	-1.139319e+01
4.355000e-05	-1.386847e-02	-1.163428e+01
4.356000e-05	1.521610e-02	-1.186577e+01
4.357000e-05	-2.954345e-02	-1.208623e+01
4.358000e-05	8.508477e-03	-1.224737e+01
4.359000e-05	-2.993687e-02	-1.243422e+01
4.360000e-05	1.173466e-02	-1.260272e+01
4.361000e-05	-2.238622e-02	-1.277206e+01
4.362000e-05	5.390897e-03	-1.297311e+01
4.363000e-05	-1.237070e-02	-1.310898e+01
4.364000e-05	4.313815e-04	-1.325585e+01
4.365000e-05	-1.160578e-02	-1.339424e+01
4.366000e-05	-1.411485e-02	-1.357111e+01
4.367000e-05	-4.944090e-03	-1.370948e+01
4.368000e-05	-1.257497e-02	-1.387675e+01
4.369000e-05	-2.673249e-03	-1.398216e+01
4.370000e-05	-1.568336e-02	-1.415098e+01
4.371000e-05	-1.244902e-03	-1.427795e+01
4.372000e-05	-1.275158e-02	-1.440269e+01
4.373000e-05	-6.842706e-03	-1.452156e+01
4.374000e-05	-1.567385e-02	-1.463477e+01
4.375000e-05	-6.350978e-03	-1.472903e+01
4.376000e-05	-1.005240e-02	-1.481472e+01
4.377000e-05	-8.275098e-03	-1.488801e+01
4.378000e-05	-1.338085e-02	-1.502422e+01
4.379000e-05	-9.135314e-03	-1.509748e+01
4.380000e-05	-1.093119e-02	-1.517169e+01
4.381000e-05	-1.108569e-02	-1.526479e+01
4.382000e-05	-1.461824e-02	-1.529950e+01
4.383000e-05	-1.054823e-02	-1.537211e+01
4.384000e-05	-9.727958e-03	-1.542522e+01
4.385000e-05	-1.327576e-02	-1.544545e+01
4.386000e-05	-1.443884e-02	-1.552950e+01
4.387000e-05	-1.504066e-02	-1.558263e+01
4.388000e-05	-1.051938e-02	-1.556414e+01
4.389000e-05	-1.473681e-02	-1.559279e+01
4.390000e-05	-1.339725e-02	-1.562427e+01
4.391000e-05	-1.373841e-02	-1.565479e+01
4.392000e-05	-1.164887e-02	-1.564685e+01
4.393000e-05	-1.563579e-02	-1.566687e+01
4.394000e-05	-1.753852e-02	-1.566638e+01
4.395000e-05	-1.647478e-02	-1.562427e+01
4.396000e-05	-1.371551e-02	-1.563432e+01
4.397000e-05	-1.481752e-02	-1.563427e+01
4.398000e-05	-1.628488e-02	-1.558421e+01
4.399000e-05	-1.643659e-02	-1.559364e+01
4.400000e-05	-1.587130e-02	-1.557064e+01
4.401000e-05	-1.742103e-02	-1.552903e+01
4.402000e-05	-1.794603e-02	-1.546738e+01
4.403000e-05	-1.737617e-02	-1.537470e+01
4.404000e-05	-1.656121e-02	-1.531156e+01
4.405000e-05	-1.746147e-02	-1.527743e+01
4.406000e-05	-1.931656e-02	-1.520422e+01
4.407000e-05	-1.851380e-02	-1.514211e+01
4.408000e-05	-1.737364e-02	-1.507693e+01
4.409000e-05	-1.806228e-02	-1.493214e+01
4.410000e-05	-1.917000e-02	-1.487801e+01
4.411000e-05	-1.873887e-02	-1.478417e+01
4.412000e-05	-1.858325e-02	-1.468955e+01
4.413000e-05	-1.998760e-02	-1.459524e+01
4.414000e-05	-2.053042e-02	-1.444895e+01
4.415000e-05	-2.041173e-02	-1.435218e+01
4.416000e-05	-1.896721e-02	-1.423645e+01
4.417000e-05	-1.951222e-02	-1.409993e+01
4.418000e-05	-2.099412e-02	-1.396261e+01
4.419000e-05	-2.094384e-02	-1.380684e+01
4.420000e-05	-1.985701e-02	-1.367951e+01
4.421000e-05	-1.798323e-02	-1.352318e+01
4.422000e-05	-2.008521e-02	-1.339324e+01
4.423000e-05	-1.927466e-02	-1.322635e+01
4.424000e-05	-1.796081e-02	-1.306995e+01
4.425000e-05	-1.567691e-02	-1.291216e+01
4.426000e-05	-1.747685e-02	-1.273518e+01
4.427000e-05	-1.726957e-02	-1.257437e+01
4.428000e-05	-1.679144e-02	-1.236630e+01
4.429000e-05	-1.521878e-02	-1.222790e+01
4.430000e-05	-1.601162e-02	-1.204642e+01
4.431000e-05	-1.521955e-02	-1.181839e+01
4.432000e-05	-1.138820e-02	-1.161737e+01
4.433000e-05	-1.423203e-02	-1.137681e+01
4.434000e-05	-1.263327e-02	-1.116469e+01
4.435000e-05	-1.413831e-02	-1.092521e+01
4.436000e-05	-1.037015e-02	-1.077474e+01
4.437000e-05	-1.145552e-02	-1.058571e+01
4.438000e-05	-9.503651e-03	-1.032318e+01
4.439000e-05	-1.219012e-02	-1.007108e+01
4.440000e-05	-9.736136e-03	-9.881053e+00
4.441000e-05	-1.229578e-02	-9.690104e+00
4.442000e-05	-1.179413e-02	-9.439398e+00
4.443000e-05	-1.233564e-02	-9.187341e+00
4.444000e-05	-7.869616e-03	-8.917916e+00
4.445000e-05	-6.732279e-03	-8.733735e+00
4.446000e-05	-6.584069e-03	-8.491535e+00
4.447000e-05	-7.892836e-03	-8.210524e+00
4.448000e-05	-1.122369e-02	-7.987947e+00
4.449000e-05	-9.221679e-03	-7.694688e+00
4.450000e-05	-1.084238e-02	-7.419499e+00
4.451000e-05	-8.210386e-03	-7.158437e+00
4.452000e-05	-8.235227e-03	-6.905156e+00
4.453000e-05	-4.921127e-03	-6.661130e+00
4.454000e-05	-5.439546e-03	-6.409421e+00
4.455000e-05	-6.182115e-03	-6.125762e+00
4.456000e-05	-8.974462e-03	-5.853100e+00
4.457000e-05	-8.928665e-03	-5.547867e+00
4.458000e-05	-7.752414e-03	-5.232630e+00
4.459000e-05	-7.062620e-03	-4.970544e+00
4.460000e-05	-6.126579e-03	-4.630078e+00
4.461000e-05	-5.793466e-03	-4.370498e+00
4.462000e-05	-4.753724e-03	-4.137967e+00
4.463000e-05	-6.216082e-03	-3.883683e+00
4.464000e-05	-6.736783e-03	-3.580100e+00
4.465000e-05	-8.062790e-03	-3.295263e+00
4.466000e-05	-6.058714e-03	-3.001478e+00
4.467000e-05	-6.217277e-03	-2.716341e+00
4.468000e-05	-5.103402e-03	-2.464107e+00
4.469000e-05	-5.555866e-03	-2.147392e+00
4.470000e-05	-4.395165e-03	-1.884707e+00
4.471000e-05	-6.153980e-03	-1.582101e+00
4.472000e-05	-6.094674e-03	-1.233683e+00
4.473000e-05	-5.730572e-03	-9.690161e-01
4.474000e-05	-4.620640e-03	-6.853582e-01
4.475000e-05	-3.910163e-03	-3.689951e-01
4.476000e-05	-2.868731e-03	-7.630822e-02
4.477000e-05	5.552832e-03	1.469034e-01
4.478000e-05	2.081079e-03	4.716841e-01
4.479000e-05	1.162535e-03	7.031669e-01
4.480000e-05	-1.737269e-03	9.999036e-01
4.481000e-05	-2.984038e-04	1.303163e+00
4.482000e-05	-2.301704e-04	1.575374e+00
4.483000e-05	4.071405e-03	1.862678e+00
4.484000e-05	2.041110e-02	2.103137e+00
4.485000e-05	6.695035e-02	2.365795e+00
4.486000e-05	1.169941e-02	2.763217e+00
4.487000e-05	-6.408784e-02	3.080578e+00
4.488000e-05	-3.786576e-02	3.354190e+00
4.489000e-05	-1.301343e-02	3.609375e+00
4.490000e-05	-1.807811e-02	3.831005e+00
4.491000e-05	-5.623661e-02	4.070981e+00
4.492000e-05	4.716979e-02	4.303239e+00
4.493000e-05	5.464870e-02	4.585875e+00
4.494000e-05	-2.757066e-02	4.910513e+00
4.495000e-05	8.827092e-02	5.214843e+00
4.496000e-05	-9.756125e-02	5.522087e+00
4.497000e-05	2.261382e-02	5.763269e+00
4.498000e-05	8.762264e-03	6.058504e+00
4.499000e-05	-1.571556e-02	6.312084e+00
4.500000e-05	2.282428e-02	6.603318e+00
4.501000e-05	-3.436612e-02	6.908981e+00
4.502000e-05	7.094638e-02	7.121058e+00
4.503000e-05	-2.873013e-02	7.443771e+00
4.504000e-05	-2.114161e-02	7.668531e+00
4.505000e-05	-1.660358e-02	7.943241e+00
4.506000e-05	2.892484e-02	8.256925e+00
4.507000e-05	2.603837e-02	8.437977e+00
4.508000e-05	-3.913580e-02	8.689535e+00
4.509000e-05	2.261432e-02	8.962113e+00
4.510000e-05	5.932050e-03	9.182720e+00
4.511000e-05	-1.651077e-03	9.415250e+00
4.512000e-05	-1.349936e-02	9.635800e+00
4.513000e-05	-2.644836e-03	9.918451e+00
4.514000e-05	2.471163e-02	1.010099e+01
4.515000e-05	4.203079e-03	1.031209e+01
4.516000e-05	5.827903e-04	1.055159e+01
4.517000e-05	-1.466208e-02	1.078419e+01
4.518000e-05	1.264690e-02	1.097266e+01
4.519000e-05	2.625645e-03	1.117364e+01
4.520000e-05	-5.687928e-03	1.137259e+01
4.521000e-05	1.698682e-03	1.161282e+01
4.522000e-05	1.217519e-02	1.179627e+01
4.523000e-05	9.929665e-03	1.200427e+01
4.524000e-05	-5.507177e-03	1.219375e+01
4.525000e-05	-1.965795e-03	1.239374e+01
4.526000e-05	4.170825e-03	1.256314e+01
4.527000e-05	7.379556e-03	1.275058e+01
4.528000e-05	-1.780898e-03	1.284791e+01
4.529000e-05	1.850774e-03	1.310588e+01
4.530000e-05	8.152458e-03	1.321543e+01
4.531000e-05	8.972993e-03	1.337169e+01
4.532000e-05	-2.079885e-03	1.354943e+01
4.533000e-05	-1.725120e-03	1.369746e+01
4.534000e-05	5.107822e-03	1.383482e+01
4.535000e-05	7.771166e-03	1.396011e+01
4.536000e-05	2.533967e-04	1.410646e+01
4.537000e-05	3.028271e-03	1.421728e+01
4.538000e-05	6.671179e-03	1.441269e+01
4.539000e-05	6.861530e-03	1.447741e+01
4.540000e-05	2.039284e-04	1.462479e+01
4.541000e-05	2.259107e-03	1.469099e+01
4.542000e-05	8.994127e-03	1.478464e+01
4.543000e-05	7.134591e-03	1.486845e+01
4.544000e-05	3.379275e-03	1.497119e+01
4.545000e-05	1.891607e-03	1.502627e+01
4.546000e-05	7.904906e-03	1.513048e+01
4.547000e-05	5.416639e-03	1.517309e+01
4.548000e-05	3.842667e-03	1.523585e+01
4.549000e-05	3.171685e-03	1.530953e+01
4.550000e-05	8.744878e-03	1.538314e+01
4.551000e-05	9.168764e-03	1.541477e+01
4.552000e-05	2.471226e-03	1.544535e+01
4.553000e-05	3.758364e-03	1.549851e+01
4.554000e-05	7.514047e-03	1.554966e+01
4.555000e-05	1.185241e-02	1.557117e+01
4.556000e-05	5.835079e-03	1.558322e+01
4.557000e-05	5.955973e-03	1.560276e+01
4.558000e-05	7.731239e-03	1.560567e+01
4.559000e-05	1.043754e-02	1.561425e+01
4.560000e-05	6.090933e-03	1.562479e+01
4.561000e-05	4.976338e-03	1.561429e+01
4.562000e-05	9.669695e-03	1.556374e+01
4.563000e-05	1.153567e-02	1.561161e+01
4.564000e-05	9.358951e-03	1.553969e+01
4.565000e-05	6.519554e-03	1.552008e+01
4.566000e-05	9.962551e-03	1.545856e+01
4.567000e-05	1.162727e-02	1.544585e+01
4.568000e-05	9.362593e-03	1.534382e+01
4.569000e-05	7.436222e-03	1.531103e+01
4.570000e-05	1.046015e-02	1.525733e+01
4.571000e-05	1.254417e-02	1.519467e+01
4.572000e-05	9.326445e-03	1.515161e+01
4.573000e-05	8.044323e-03	1.503690e+01
4.574000e-05	9.939539e-03	1.497116e+01
4.575000e-05	1.297645e-02	1.486045e+01
4.576000e-05	1.150093e-02	1.478420e+01
4.577000e-05	1.066129e-02	1.471053e+01
4.578000e-05	1.070335e-02	1.460532e+01
4.579000e-05	1.238109e-02	1.450894e+01
4.580000e-05	1.167557e-02	1.441534e+01
4.581000e-05	1.054721e-02	1.425843e+01
4.582000e-05	1.146923e-02	1.415211e+01
4.583000e-05	1.394845e-02	1.404482e+01
4.584000e-05	1.233272e-02	1.387893e+01
4.585000e-05	1.107674e-02	1.367063e+01
4.586000e-05	1.082682e-02	1.355416e+01
4.587000e-05	1.158243e-02	1.344745e+01
4.588000e-05	1.089601e-02	1.327895e+01
4.589000e-05	8.700477e-03	1.309063e+01
4.590000e-05	9.718168e-03	1.297466e+01
4.591000e-05	1.076394e-02	1.278480e+01
4.592000e-05	9.153969e-03	1.257690e+01
4.593000e-05	8.126771e-03	1.243945e+01
4.594000e-05	6.813595e-03	1.227008e+01
4.595000e-05	6.438603e-03	1.205863e+01
4.596000e-05	5.819677e-03	1.190265e+01
4.597000e-05	4.320580e-03	1.169316e+01
4.598000e-05	5.228089e-03	1.149801e+01
4.599000e-05	5.003309e-03	1.124108e+01
4.600000e-05	4.621084e-03	1.101853e+01
4.601000e-05	3.106446e-03	1.086111e+01
4.602000e-05	2.882099e-03	1.059858e+01
4.603000e-05	3.181554e-03	1.043946e+01
4.604000e-05	2.639409e-03	1.018845e+01
4.605000e-05	1.295629e-03	9.975472e+00
4.606000e-05	1.291009e-03	9.734217e+00
4.607000e-05	1.144915e-03	9.494213e+00
4.608000e-05	1.458911e-03	9.314164e+00
4.609000e-05	6.534784e-04	9.062208e+00
4.610000e-05	5.234422e-04	8.809428e+00
4.611000e-05	9.355654e-04	8.558345e+00
4.612000e-05	-1.095624e-04	8.335412e+00
4.613000e-05	-5.134794e-04	8.123291e+00
4.614000e-05	-9.320355e-04	7.851054e+00
4.615000e-05	-2.070805e-03	7.588445e+00
4.616000e-05	-2.235127e-03	7.313163e+00
4.617000e-05	-2.627487e-03	7.010102e+00
4.618000e-05	-1.488302e-03	6.797975e+00
4.619000e-05	-2.032425e-03	6.526242e+00
4.620000e-05	-1.845253e-03	6.242603e+00
4.621000e-05	-2.324124e-03	5.999978e+00
4.622000e-05	-2.792414e-03	5.725861e+00
4.623000e-05	-3.590583e-03	5.452707e+00
4.624000e-05	-4.348335e-03	5.128420e+00
4.625000e-05	-3.650124e-03	4.779000e+00
4.626000e-05	-3.273976e-03	4.496791e+00
4.627000e-05	-3.165834e-03	4.274213e+00
4.628000e-05	-3.290165e-03	3.947995e+00
4.629000e-05	-3.578259e-03	3.685758e+00
4.630000e-05	-2.706863e-03	3.412129e+00
4.631000e-05	-4.617035e-03	3.116341e+00
4.632000e-05	-4.917257e-03	2.892679e+00
4.633000e-05	-5.128341e-03	2.569899e+00
4.634000e-05	-4.547356e-03	2.254207e+00
4.635000e-05	-4.223766e-03	1.971077e+00
4.636000e-05	-3.118529e-03	1.717210e+00
4.637000e-05	-4.269607e-03	1.371154e+00
4.638000e-05	-3.833169e-03	1.087416e+00
4.639000e-05	-5.313881e-03	7.394964e-01
4.640000e-05	-5.598043e-03	4.852869e-01
4.641000e-05	-5.293003e-03	2.132253e-01
4.642000e-05	-9.771784e-04	-9.213389e-02
4.643000e-05	5.689741e-03	-3.552419e-01
4.644000e-05	-1.126383e-03	-6.274511e-01
4.645000e-05	3.108093e-04	-8.920578e-01
4.646000e-05	-4.097798e-03	-1.195716e+00
4.647000e-05	-9.848531e-04	-1.482659e+00
4.648000e-05	-3.790432e-03	-1.723114e+00
4.649000e-05	1.258160e-02	-1.955341e+00
4.650000e-05	6.717659e-02	-2.215773e+00
4.651000e-05	3.676044e-02	-2.553209e+00
4.652000e-05	-7.445880e-02	-2.941588e+00
4.653000e-05	-2.886806e-02	-3.302580e+00
4.654000e-05	-3.484543e-02	-3.524114e+00
4.655000e-05	-3.626391e-02	-3.774821e+00
4.656000e-05	-3.603660e-02	-3.998349e+00
4.657000e-05	1.244220e-01	-4.204871e+00
4.658000e-05	-9.238508e-02	-4.441352e+00
4.659000e-05	9.236403e-02	-4.795767e+00
4.660000e-05	2.251437e-02	-5.046296e+00
4.661000e-05	-1.130474e-01	-5.423766e+00
4.662000e-05	7.661010e-02	-5.669500e+00
4.663000e-05	-1.164677e-01	-5.901530e+00
4.664000e-05	9.780679e-02	-6.195293e+00
4.665000e-05	-3.123059e-02	-6.458349e+00
4.666000e-05	-1.181246e-02	-6.773137e+00
4.667000e-05	7.726394e-02	-7.035268e+00
4.668000e-05	-9.738638e-02	-7.321083e+00
4.669000e-05	4.386950e-02	-7.613266e+00
4.670000e-05	-6.412814e-02	-7.847400e+00
4.671000e-05	4.227779e-02	-8.142160e+00
4.672000e-05	8.466411e-03	-8.332111e+00
4.673000e-05	-4.420872e-02	-8.623346e+00
4.674000e-05	6.043561e-02	-8.898405e+00
4.675000e-05	-7.395603e-02	-9.090004e+00
4.676000e-05	4.324121e-02	-9.362613e+00
4.677000e-05	-5.511620e-02	-9.591661e+00
4.678000e-05	2.955258e-02	-9.805745e+00
4.679000e-05	-5.617237e-03	-9.974263e+00
4.680000e-05	-5.202015e-03	-1.027743e+01
4.681000e-05	5.793108e-03	-1.046795e+01
4.682000e-05	-3.398975e-02	-1.069905e+01
4.683000e-05	2.239157e-02	-1.091846e+01
4.684000e-05	-4.065866e-02	-1.111903e+01
4.685000e-05	2.228422e-02	-1.133253e+01
4.686000e-05	-2.721017e-02	-1.152051e+01
4.687000e-05	2.241370e-02	-1.173259e+01
4.688000e-05	-2.472682e-02	-1.197156e+01
4.689000e-05	2.021667e-03	-1.218317e+01
4.690000e-05	-1.846052e-02	-1.235053e+01
4.691000e-05	-3.043292e-03	-1.252006e+01
4.692000e-05	-5.455143e-03	-1.271685e+01
4.693000e-05	-1.239674e-02	-1.287595e+01
4.694000e-05	5.625078e-04	-1.304629e+01
4.695000e-05	-1.351499e-02	-1.319477e+01
4.696000e-05	3.999635e-03	-1.337208e+01
4.697000e-05	-2.310334e-02	-1.350993e+01
4.698000e-05	9.979547e-04	-1.366680e+01
4.699000e-05	-1.638624e-02	-1.377467e+01
4.700000e-05	8.854401e-04	-1.396154e+01
4.701000e-05	-1.702548e-02	-1.409797e+01
4.702000e-05	-4.954713e-03	-1.419374e+01
4.703000e-05	-9.660583e-03	-1.431058e+01
4.704000e-05	-7.286951e-03	-1.447782e+01
4.705000e-05	-1.274350e-02	-1.457369e+01
4.706000e-05	-1.126270e-02	-1.470943e+01
4.707000e-05	-6.318557e-03	-1.480116e+01
4.708000e-05	-9.635579e-03	-1.486735e+01
4.709000e-05	-9.930001e-03	-1.499156e+01
4.710000e-05	-1.235559e-02	-1.505530e+01
4.711000e-05	-8.777564e-03	-1.511858e+01
4.712000e-05	-1.378846e-02	-1.521369e+01
4.713000e-05	-1.135286e-02	-1.528790e+01
4.714000e-05	-1.468262e-02	-1.528106e+01
4.715000e-05	-8.599634e-03	-1.536367e+01
4.716000e-05	-1.235176e-02	-1.543635e+01
4.717000e-05	-1.116468e-02	-1.550850e+01
4.718000e-05	-1.563470e-02	-1.554103e+01
4.719000e-05	-1.266293e-02	-1.554166e+01
4.720000e-05	-1.269217e-02	-1.561372e+01
4.721000e-05	-1.397099e-02	-1.558514e+01
4.722000e-05	-1.364405e-02	-1.565484e+01
4.723000e-05	-1.510257e-02	-1.562630e+01
4.724000e-05	-1.264433e-02	-1.565735e+01
4.725000e-05	-1.626889e-02	-1.567533e+01
4.726000e-05	-1.612220e-02	-1.567577e+01
4.727000e-05	-1.645979e-02	-1.565432e+01
4.728000e-05	-1.391188e-02	-1.564421e+01
4.729000e-05	-1.587934e-02	-1.561425e+01
4.730000e-05	-1.684221e-02	-1.559324e+01
4.731000e-05	-1.770456e-02	-1.554964e+01
4.732000e-05	-1.601187e-02	-1.553800e+01
4.733000e-05	-1.771283e-02	-1.548595e+01
4.734000e-05	-1.841411e-02	-1.540834e+01
4.735000e-05	-1.827237e-02	-1.536259e+01
4.736000e-05	-1.451605e-02	-1.528150e+01
4.737000e-05	-1.959864e-02	-1.525537e+01
4.738000e-05	-1.828556e-02	-1.516217e+01
4.739000e-05	-1.978691e-02	-1.509900e+01
4.740000e-05	-1.617861e-02	-1.503540e+01
4.741000e-05	-1.701449e-02	-1.490158e+01
4.742000e-05	-1.904930e-02	-1.483434e+01
4.743000e-05	-1.891546e-02	-1.474116e+01
4.744000e-05	-1.937211e-02	-1.463782e+01
4.745000e-05	-2.058855e-02	-1.451320e+01
4.746000e-05	-2.212344e-02	-1.441337e+01
4.747000e-05	-2.036869e-02	-1.428953e+01
4.748000e-05	-1.727523e-02	-1.411167e+01
4.749000e-05	-1.781429e-02	-1.398574e+01
4.750000e-05	-1.896927e-02	-1.387848e+01
4.751000e-05	-2.018711e-02	-1.372168e+01
4.752000e-05	-2.209189e-02	-1.359629e+01
4.753000e-05	-1.982503e-02	-1.345842e+01
4.754000e-05	-2.217249e-02	-1.326051e+01
4.755000e-05	-1.730949e-02	-1.314171e+01
4.756000e-05	-1.709632e-02	-1.297534e+01
4.757000e-05	-1.468150e-02	-1.283537e+01
4.758000e-05	-1.681785e-02	-1.266740e+01
4.759000e-05	-1.600315e-02	-1.247898e+01
4.760000e-05	-1.665787e-02	-1.230156e+01
4.761000e-05	-1.609064e-02	-1.214161e+01
4.762000e-05	-1.626837e-02	-1.193318e+01
4.763000e-05	-1.466549e-02	-1.168051e+01
4.764000e-05	-1.275452e-02	-1.148955e+01
4.765000e-05	-1.238804e-02	-1.122800e+01
4.766000e-05	-1.203034e-02	-1.102795e+01
4.767000e-05	-1.262531e-02	-1.084792e+01
4.768000e-05	-1.172069e-02	-1.065953e+01
4.769000e-05	-1.068872e-02	-1.045802e+01
4.770000e-05	-1.242870e-02	-1.018577e+01
4.771000e-05	-1.131912e-02	-9.955791e+00
4.772000e-05	-1.102355e-02	-9.735340e+00
4.773000e-05	-9.740287e-03	-9.513159e+00
4.774000e-05	-1.068748e-02	-9.261557e+00
4.775000e-05	-9.311263e-03	-9.051530e+00
4.776000e-05	-9.008585e-03	-8.879972e+00
4.777000e-05	-8.808474e-03	-8.567269e+00
4.778000e-05	-9.271441e-03	-8.324786e+00
4.779000e-05	-9.152278e-03	-8.084179e+00
4.780000e-05	-8.247525e-03	-7.819124e+00
4.781000e-05	-9.195964e-03	-7.546318e+00
4.782000e-05	-8.775446e-03	-7.284686e+00
4.783000e-05	-6.850451e-03	-7.021049e+00
4.784000e-05	-7.520240e-03	-6.716315e+00
4.785000e-05	-7.179396e-03	-6.503736e+00
4.786000e-05	-7.771390e-03	-6.210028e+00
4.787000e-05	-6.435058e-03	-5.977918e+00
4.788000e-05	-8.946758e-03	-5.684738e+00
4.789000e-05	-6.306140e-03	-5.430020e+00
4.790000e-05	-8.149852e-03	-5.103736e+00
4.791000e-05	-5.768786e-03	-4.788373e+00
4.792000e-05	-7.633818e-03	-4.494212e+00
4.793000e-05	-5.343246e-03	-4.263682e+00
4.794000e-05	-6.914147e-03	-4.021023e+00
4.795000e-05	-5.438057e-03	-3.704735e+00
4.796000e-05	-7.843973e-03	-3.472155e+00
4.797000e-05	-6.750318e-03	-3.130491e+00
4.798000e-05	-6.822921e-03	-2.822081e+00
4.799000e-05	-5.051325e-03	-2.549442e+00
4.800000e-05	-5.168145e-03	-2.305783e+00
4.801000e-05	-4.201725e-03	-1.969521e+00
4.802000e-05	-5.228182e-03	-1.685261e+00
4.803000e-05	-5.082451e-03	-1.403073e+00
4.804000e-05	-6.244299e-03	-1.063781e+00
4.805000e-05	-6.490498e-03	-7.816264e-01
4.806000e-05	-4.426180e-03	-4.947094e-01
4.807000e-05	-3.439666e-03	-2.016503e-01
4.808000e-05	3.731809e-03	9.208383e-02
4.809000e-05	5.917137e-03	3.563211e-01
4.810000e-05	-2.235719e-03	6.194749e-01
4.811000e-05	1.712086e-03	8.800840e-01
4.812000e-05	-1.259466e-03	1.187295e+00
4.813000e-05	5.725937e-04	1.478528e+00
4.814000e-05	-6.387202e-04	1.777842e+00
4.815000e-05	1.355600e-02	1.998351e+00
4.816000e-05	4.742957e-02	2.250576e+00
4.817000e-05	5.819052e-02	2.595300e+00
4.818000e-05	-5.610501e-02	2.963114e+00
4.819000e-05	-4.328755e-02	3.208452e+00
4.820000e-05	-2.785845e-02	3.471084e+00
4.821000e-05	-2.443309e-03	3.753771e+00
4.822000e-05	-5.246657e-02	3.976692e+00
4.823000e-05	-5.353350e-03	4.224875e+00
4.824000e-05	8.734600e-02	4.513089e+00
4.825000e-05	-3.212636e-02	4.764267e+00
4.826000e-05	7.069130e-02	5.056878e+00
4.827000e-05	-2.565558e-02	5.417697e+00
4.828000e-05	-5.014349e-02	5.700056e+00
4.829000e-05	4.755868e-02	5.932111e+00
4.830000e-05	-2.985354e-02	6.236321e+00
4.831000e-05	2.771961e-02	6.478404e+00
4.832000e-05	-3.110828e-02	6.773168e+00
4.833000e-05	3.249343e-02	7.015348e+00
4.834000e-05	2.900161e-02	7.299533e+00
4.835000e-05	-4.588516e-02	7.585196e+00
4.836000e-05	-6.894412e-03	7.868431e+00
4.837000e-05	-1.656430e-03	8.121035e+00
4.838000e-05	5.099435e-02	8.354313e+00
4.839000e-05	-2.666588e-02	8.604267e+00
4.840000e-05	-1.178686e-02	8.815895e+00
4.841000e-05	2.642938e-02	9.067380e+00
4.842000e-05	-1.106744e-02	9.300110e+00
4.843000e-05	6.003877e-03	9.521609e+00
4.844000e-05	-2.282721e-02	9.753716e+00
4.845000e-05	2.873647e-02	1.001568e+01
4.846000e-05	5.094503e-03	1.022480e+01
4.847000e-05	5.775040e-03	1.048543e+01
4.848000e-05	-1.297269e-02	1.066736e+01
4.849000e-05	-1.929470e-03	1.089006e+01
4.850000e-05	1.666687e-02	1.112801e+01
4.851000e-05	-1.057620e-02	1.133843e+01
4.852000e-05	5.803859e-03	1.155908e+01
4.853000e-05	2.512594e-04	1.174869e+01
4.854000e-05	1.919283e-02	1.195104e+01
4.855000e-05	-8.333751e-03	1.211111e+01
4.856000e-05	-9.927701e-04	1.232901e+01
4.857000e-05	-9.468985e-04	1.249853e+01
4.858000e-05	8.993350e-03	1.265742e+01
4.859000e-05	3.605971e-03	1.281522e+01
4.860000e-05	-2.064994e-03	1.299474e+01
4.861000e-05	8.755815e-03	1.314269e+01
4.862000e-05	6.686234e-03	1.331001e+01
4.863000e-05	5.694312e-03	1.344737e+01
4.864000e-05	-6.935806e-03	1.361475e+01
4.865000e-05	5.127722e-03	1.375224e+01
4.866000e-05	5.633947e-03	1.391653e+01
4.867000e-05	4.159673e-03	1.405377e+01
4.868000e-05	-9.718795e-04	1.415217e+01
4.869000e-05	6.268183e-03	1.438944e+01
4.870000e-05	1.098901e-02	1.447595e+01
4.871000e-05	3.253883e-03	1.453162e+01
4.872000e-05	-2.311252e-04	1.464793e+01
4.873000e-05	3.988789e-03	1.478161e+01
4.874000e-05	9.220314e-03	1.485688e+01
4.875000e-05	3.415146e-03	1.492158e+01
4.876000e-05	7.519393e-05	1.499425e+01
4.877000e-05	5.876712e-03	1.504891e+01
4.878000e-05	9.182790e-03	1.517219e+01
4.879000e-05	6.178717e-03	1.520372e+01
4.880000e-05	-7.784739e-05	1.524701e+01
4.881000e-05	7.045593e-03	1.537104e+01
4.882000e-05	9.996616e-03	1.542229e+01
4.883000e-05	7.548578e-03	1.542427e+01
4.884000e-05	7.299883e-04	1.548693e+01
4.885000e-05	6.518412e-03	1.554061e+01
4.886000e-05	1.148371e-02	1.555166e+01
4.887000e-05	8.901395e-03	1.557116e+01
4.888000e-05	4.119012e-03	1.562222e+01
4.889000e-05	6.604340e-03	1.565624e+01
4.890000e-05	1.239408e-02	1.559272e+01
4.891000e-05	7.590723e-03	1.563224e+01
4.892000e-05	5.199931e-03	1.559430e+01
4.893000e-05	6.785756e-03	1.560222e+01
4.894000e-05	1.244323e-02	1.554222e+01
4.895000e-05	1.030464e-02	1.556066e+01
4.896000e-05	6.808671e-03	1.553104e+01
4.897000e-05	8.175293e-03	1.549846e+01
4.898000e-05	1.143879e-02	1.547650e+01
4.899000e-05	1.085484e-02	1.544422e+01
4.900000e-05	6.355169e-03	1.536009e+01
4.901000e-05	9.673047e-03	1.530796e+01
4.902000e-05	1.222611e-02	1.524530e+01
4.903000e-05	1.193064e-02	1.515019e+01
4.904000e-05	7.855355e-03	1.512893e+01
4.905000e-05	8.636048e-03	1.500532e+01
4.906000e-05	1.183538e-02	1.491069e+01
4.907000e-05	1.100631e-02	1.481640e+01
4.908000e-05	1.046184e-02	1.472211e+01
4.909000e-05	9.339677e-03	1.462898e+01
4.910000e-05	1.339988e-02	1.455324e+01
4.911000e-05	1.249844e-02	1.440587e+01
4.912000e-05	1.244436e-02	1.429211e+01
4.913000e-05	9.540418e-03	1.416384e+01
4.914000e-05	1.347228e-02	1.403645e+01
4.915000e-05	1.327572e-02	1.394166e+01
4.916000e-05	1.159724e-02	1.376369e+01
4.917000e-05	8.909075e-03	1.359538e+01
4.918000e-05	9.083425e-03	1.350103e+01
4.919000e-05	1.174289e-02	1.330221e+01
4.920000e-05	1.126683e-02	1.317377e+01
4.921000e-05	9.967081e-03	1.302790e+01
4.922000e-05	9.938790e-03	1.285800e+01
4.923000e-05	1.129744e-02	1.269253e+01
4.924000e-05	8.070052e-03	1.252271e+01
4.925000e-05	5.356745e-03	1.230371e+01
4.926000e-05	5.366315e-03	1.216532e+01
4.927000e-05	5.288615e-03	1.198727e+01
4.928000e-05	5.704807e-03	1.178434e+01
4.929000e-05	4.614848e-03	1.158379e+01
4.930000e-05	6.403473e-03	1.139424e+01
4.931000e-05	6.320614e-03	1.113521e+01
4.932000e-05	3.854737e-03	1.093424e+01
4.933000e-05	1.361123e-03	1.076332e+01
4.934000e-05	1.162899e-03	1.052270e+01
4.935000e-05	1.729999e-03	1.027313e+01
4.936000e-05	1.961561e-03	1.010164e+01
4.937000e-05	1.425474e-03	9.832004e+00
4.938000e-05	1.700449e-03	9.598950e+00
4.939000e-05	2.923972e-03	9.387370e+00
4.940000e-05	2.387789e-03	9.136317e+00
4.941000e-05	6.220201e-04	8.923668e+00
4.942000e-05	-1.317483e-03	8.711660e+00
4.943000e-05	-1.165491e-03	8.421608e+00
4.944000e-05	-1.806932e-04	8.219553e+00
4.945000e-05	-1.440911e-03	7.925868e+00
4.946000e-05	-9.231090e-04	7.673736e+00
4.947000e-05	-1.148101e-03	7.411628e+00
4.948000e-05	2.962132e-04	7.165794e+00
4.949000e-05	-1.630239e-03	6.924264e+00
4.950000e-05	-2.314513e-03	6.610634e+00
4.951000e-05	-3.166204e-03	6.356919e+00
4.952000e-05	-2.381488e-03	6.084765e+00
4.953000e-05	-2.522614e-03	5.832679e+00
4.954000e-05	-3.822112e-03	5.519421e+00
4.955000e-05	-3.154739e-03	5.304292e+00
4.956000e-05	-1.497637e-03	4.906795e+00
4.957000e-05	-2.058172e-03	4.661054e+00
4.958000e-05	-3.852527e-03	4.400576e+00
4.959000e-05	-4.319613e-03	4.096211e+00
4.960000e-05	-2.389885e-03	3.780575e+00
4.961000e-05	-2.994716e-03	3.528897e+00
4.962000e-05	-4.506046e-03	3.273707e+00
4.963000e-05	-4.981572e-03	2.949424e+00
4.964000e-05	-4.116839e-03	2.706895e+00
4.965000e-05	-3.506529e-03	2.391024e+00
4.966000e-05	-4.590644e-03	2.066343e+00
4.967000e-05	-5.197400e-03	1.853733e+00
4.968000e-05	-4.022120e-03	1.537369e+00
4.969000e-05	-3.777387e-03	1.223208e+00
4.970000e-05	-4.051424e-03	9.364120e-01
4.971000e-05	-5.681842e-03	6.140729e-01
4.972000e-05	-4.217348e-03	2.999475e-01
4.973000e-05	-2.463038e-03	1.418051e-02
4.974000e-05	2.684181e-03	-2.384989e-01
4.975000e-05	2.414334e-03	-5.211077e-01
4.976000e-05	-3.364352e-03	-8.173659e-01
4.977000e-05	-1.698399e-03	-1.030954e+00
4.978000e-05	-3.602521e-03	-1.363613e+00
4.979000e-05	-2.228214e-03	-1.628499e+00
4.980000e-05	2.881593e-03	-1.850080e+00
4.981000e-05	4.258444e-02	-2.051580e+00
4.982000e-05	7.783539e-02	-2.395320e+00
4.983000e-05	-5.682120e-02	-2.783263e+00
4.984000e-05	-4.044139e-02	-3.133713e+00
4.985000e-05	-3.887243e-02	-3.438923e+00
4.986000e-05	-1.886147e-02	-3.669480e+00
4.987000e-05	-6.435896e-02	-3.963738e+00
4.988000e-05	8.087802e-02	-4.103134e+00
4.989000e-05	1.044439e-02	-4.313209e+00
4.990000e-05	-5.429800e-02	-4.670448e+00
4.991000e-05	1.430602e-01	-4.901002e+00
4.992000e-05	-1.437174e-01	-5.224920e+00
4.993000e-05	5.159835e-02	-5.554736e+00
4.994000e-05	-5.551592e-02	-5.774222e+00
4.995000e-05	-1.723481e-02	-6.090504e+00
4.996000e-05	7.691419e-02	-6.321183e+00
4.997000e-05	-9.061123e-02	-6.616773e+00
4.998000e-05	1.041661e-01	-6.878003e+00
4.999000e-05	-5.790200e-02	-7.193620e+00
